game_date,pitcher,pa,strikeouts,walks,xwoba_num,xwoba_denom,bbe,barrels
2025-03-18,518489,6,1,1,2.762497,5.0,3,0
2025-03-18,595014,4,2,0,1.084289,4.0,1,0
2025-03-18,607455,3,1,0,0.123,3.0,2,0
2025-03-18,656945,3,1,0,0.7959999999999999,3.0,2,0
2025-03-18,669212,5,1,0,1.046,5.0,4,0
2025-03-18,676508,3,1,0,1.0000384615384614,3.0,2,0
2025-03-18,676962,15,5,3,4.917491,15.0,7,0
2025-03-18,684007,16,2,4,4.764488,15.0,9,0
2025-03-18,808967,19,4,1,4.325497,19.0,14,0
2025-03-19,472610,6,2,1,2.266497,6.0,3,0
2025-03-19,489446,4,2,0,0.54,4.0,2,0
2025-03-19,519151,5,0,3,2.370491,5.0,2,0
2025-03-19,573204,3,1,0,0.362,3.0,2,0
2025-03-19,657006,17,5,1,7.987609557077627,17.0,11,3
2025-03-19,657240,5,0,2,2.613497,4.0,3,0
2025-03-19,663878,4,2,0,1.6228749999999998,4.0,2,1
2025-03-19,676263,5,1,0,1.2008,5.0,4,0
2025-03-19,681911,5,1,1,1.7371456486486485,5.0,3,1
2025-03-19,687863,4,1,1,1.052497,4.0,2,0
2025-03-19,689017,7,3,0,0.812,7.0,4,0
2025-03-19,808963,14,3,5,4.494485,14.0,6,0
2025-03-27,455119,5,2,0,1.118,5.0,3,0
2025-03-27,519008,2,0,0,0.164,2.0,2,0
2025-03-27,519151,5,0,0,2.18625,5.0,5,0
2025-03-27,519242,22,7,1,5.427097,21.0,14,1
2025-03-27,542888,2,1,0,0.915,2.0,1,0
2025-03-27,543135,21,9,0,6.35908611111111,21.0,12,2
2025-03-27,543243,20,6,2,5.670994,20.0,12,1
2025-03-27,547973,4,1,0,1.48503125,4.0,3,1
2025-03-27,554430,20,8,2,6.344559656565656,20.0,10,1
2025-03-27,573204,3,0,0,0.919,3.0,3,0
2025-03-27,579328,23,5,0,7.559881512605042,23.0,18,3
2025-03-27,592094,3,1,0,0.487,3.0,2,0
2025-03-27,592155,4,3,0,1.870888888888889,4.0,1,1
2025-03-27,592426,4,1,1,2.249622,4.0,2,1
2025-03-27,593576,3,0,0,1.8268125,3.0,3,1
2025-03-27,593974,1,0,0,0.128,1.0,1,0
2025-03-27,594580,1,1,0,0.0,1.0,0,0
2025-03-27,594902,19,3,0,4.117772727272728,19.0,16,1
2025-03-27,595014,5,2,1,1.205497,5.0,2,0
2025-03-27,596133,4,2,1,0.7354970000000001,4.0,1,0
2025-03-27,600917,4,1,1,3.956023881720429,4.0,2,2
2025-03-27,605130,3,2,0,0.009,3.0,1,0
2025-03-27,605154,3,2,0,0.358,3.0,1,0
2025-03-27,605182,2,1,1,0.691497,2.0,0,0
2025-03-27,605280,23,4,4,9.57472380851064,23.0,14,1
2025-03-27,605447,6,1,1,2.472786,6.0,3,0
2025-03-27,605483,24,2,4,9.726561908730158,23.0,17,1
2025-03-27,606303,1,0,0,0.778,1.0,1,0
2025-03-27,606930,5,0,1,2.073497,5.0,4,0
2025-03-27,607074,22,7,2,5.695337589743589,21.0,12,1
2025-03-27,607481,5,0,1,0.413,4.0,4,0
2025-03-27,608032,3,1,0,0.3999999999999999,3.0,2,0
2025-03-27,608371,3,1,0,2.371178571428572,3.0,2,1
2025-03-27,621053,4,0,2,1.575994,4.0,2,0
2025-03-27,621107,21,2,1,5.6118904615384615,21.0,18,2
2025-03-27,621237,3,2,0,0.034,3.0,1,0
2025-03-27,621244,24,5,2,10.975669675675675,24.0,17,4
2025-03-27,621363,5,1,2,2.2879940000000003,5.0,2,1
2025-03-27,621366,1,1,0,0.0,1.0,0,0
2025-03-27,621381,3,1,0,0.698,3.0,2,0
2025-03-27,622554,5,0,2,2.361994,5.0,3,0
2025-03-27,622663,25,6,4,8.613943666666668,24.0,14,1
2025-03-27,622786,5,1,1,1.228497,5.0,3,0
2025-03-27,623149,3,1,0,0.9169354838709676,3.0,2,1
2025-03-27,623211,9,2,1,1.494497,9.0,6,0
2025-03-27,623352,6,2,1,1.986497,6.0,3,0
2025-03-27,623437,2,0,1,0.707497,2.0,1,0
2025-03-27,640448,6,1,2,1.859994,6.0,3,0
2025-03-27,640451,3,1,0,0.386,3.0,2,0
2025-03-27,641154,22,3,0,7.479085106382978,22.0,19,1
2025-03-27,641302,4,1,0,0.634,3.0,2,0
2025-03-27,641329,3,1,0,1.256,3.0,2,0
2025-03-27,641941,3,2,0,0.4559090909090909,3.0,1,0
2025-03-27,642207,6,2,1,3.749578260364842,6.0,3,2
2025-03-27,642547,20,8,1,5.367332057896033,20.0,11,3
2025-03-27,642701,3,1,2,1.382994,3.0,0,0
2025-03-27,643338,2,1,0,1.2652127659574466,2.0,1,1
2025-03-27,643377,4,1,1,1.5493094999999997,4.0,2,1
2025-03-27,643410,3,2,0,0.215,3.0,1,0
2025-03-27,643511,4,0,1,1.539497,4.0,3,0
2025-03-27,645261,20,7,4,4.952988,20.0,9,0
2025-03-27,650556,6,1,3,2.574491,6.0,2,0
2025-03-27,650633,16,3,4,6.944217872881357,16.0,9,2
2025-03-27,656222,5,1,0,0.264,5.0,4,0
2025-03-27,656550,3,2,0,0.273,3.0,1,0
2025-03-27,656945,4,1,0,1.7673333333333332,4.0,3,0
2025-03-27,657006,22,2,1,9.794786,22.0,18,2
2025-03-27,657277,22,5,3,8.0845153697479,22.0,14,2
2025-03-27,657571,4,1,0,0.929289,4.0,2,0
2025-03-27,657612,3,0,0,0.4509999999999999,3.0,3,0
2025-03-27,657649,5,0,1,1.377497,5.0,4,0
2025-03-27,661403,6,1,0,1.411,6.0,5,0
2025-03-27,662253,3,1,1,0.780497,3.0,1,0
2025-03-27,663158,5,2,1,1.011497,5.0,2,0
2025-03-27,663423,4,1,0,2.5055,4.0,3,1
2025-03-27,663485,3,1,0,0.052,3.0,2,0
2025-03-27,663542,5,1,2,1.893994,5.0,2,0
2025-03-27,663574,3,2,0,0.5574285714285714,3.0,1,1
2025-03-27,663878,6,0,2,2.672283,6.0,3,0
2025-03-27,663992,4,1,1,1.422786,4.0,1,0
2025-03-27,664139,6,2,1,2.444761150943396,6.0,3,1
2025-03-27,664208,4,1,0,1.200657894736842,4.0,3,1
2025-03-27,664285,27,4,2,8.104598789473684,26.0,19,1
2025-03-27,664849,4,1,0,0.634,3.0,3,0
2025-03-27,664854,4,3,0,0.467,4.0,1,0
2025-03-27,666142,22,3,2,4.607994,21.0,17,0
2025-03-27,666277,9,1,2,2.657283,9.0,5,0
2025-03-27,667463,2,0,0,0.7050000000000001,2.0,2,0
2025-03-27,668674,2,0,0,0.143,2.0,2,0
2025-03-27,668678,21,4,4,8.747847420289855,21.0,13,2
2025-03-27,668881,19,8,1,3.3296197272727275,19.0,10,1
2025-03-27,669022,18,13,0,1.791,18.0,5,0
2025-03-27,669062,3,1,0,0.048,3.0,2,0
2025-03-27,669093,5,1,1,0.783497,5.0,3,0
2025-03-27,669194,12,3,1,4.226497,12.0,8,0
2025-03-27,669199,6,2,0,1.9261047894736845,6.0,3,1
2025-03-27,669211,4,0,2,1.438994,4.0,2,0
2025-03-27,669276,3,0,0,0.1109999999999999,3.0,3,0
2025-03-27,669302,23,8,0,5.745,23.0,15,1
2025-03-27,669373,22,2,1,9.598496404761905,22.0,19,3
2025-03-27,669674,6,0,1,1.587,5.0,5,0
2025-03-27,669724,4,1,0,2.1475588235294123,4.0,3,1
2025-03-27,670032,2,0,1,0.715497,2.0,1,0
2025-03-27,670059,7,1,2,3.386994,7.0,4,0
2025-03-27,670280,3,0,1,1.6320569105691054,2.0,2,1
2025-03-27,671922,3,2,0,0.011,3.0,1,0
2025-03-27,672582,6,0,0,2.2891875,6.0,6,1
2025-03-27,673513,5,2,0,1.4145423728813562,5.0,3,1
2025-03-27,673929,4,0,1,1.328497,4.0,3,0
2025-03-27,674285,3,0,1,1.53415325,3.0,2,1
2025-03-27,676254,5,0,0,1.777289,5.0,4,0
2025-03-27,676395,4,0,2,2.022994,4.0,2,0
2025-03-27,676477,7,1,0,1.368,7.0,6,0
2025-03-27,676508,5,1,1,1.676497,5.0,3,0
2025-03-27,676979,21,4,2,5.732480111111111,20.0,14,1
2025-03-27,678495,4,2,0,0.603,4.0,2,0
2025-03-27,678606,8,3,1,3.3700720000000004,8.0,4,1
2025-03-27,680704,3,0,0,0.9220000000000002,3.0,3,0
2025-03-27,680732,22,3,0,8.634494042953332,22.0,18,3
2025-03-27,681517,4,0,1,2.0187601578947367,4.0,3,0
2025-03-27,681911,4,3,0,1.851048780487806,4.0,1,1
2025-03-27,682120,3,2,0,0.431,3.0,1,0
2025-03-27,682171,3,3,0,0.0,3.0,0,0
2025-03-27,683769,4,1,1,0.924497,3.0,2,0
2025-03-27,684320,7,1,1,4.448543808510639,7.0,5,2
2025-03-27,686580,3,1,0,0.23,3.0,2,0
2025-03-27,686826,9,2,1,2.648497,9.0,6,0
2025-03-27,686973,4,0,0,1.8495714285714289,4.0,4,1
2025-03-27,687863,4,2,0,0.591,4.0,2,0
2025-03-27,688297,3,1,0,1.0970666666666666,3.0,2,1
2025-03-27,689147,5,1,0,0.589,5.0,4,0
2025-03-27,689225,3,1,0,0.253,3.0,2,0
2025-03-27,689690,6,1,0,2.1783181818181814,6.0,5,1
2025-03-27,694973,20,7,2,4.367065428571428,20.0,11,1
2025-03-27,696270,10,1,1,4.725294222222223,10.0,8,2
2025-03-28,450203,18,3,1,8.622201761904762,18.0,14,2
2025-03-28,472610,5,0,1,0.7090000000000001,3.0,3,0
2025-03-28,489446,3,2,0,0.053,3.0,1,0
2025-03-28,518876,23,1,4,7.748154666666666,23.0,18,1
2025-03-28,519008,1,1,0,0.0,1.0,0,0
2025-03-28,542888,4,2,0,0.429,4.0,2,0
2025-03-28,544150,11,2,0,3.1496666666666666,11.0,9,0
2025-03-28,554340,3,1,0,0.022,3.0,2,0
2025-03-28,571946,7,3,0,0.7453333333333334,7.0,4,0
2025-03-28,571948,3,1,0,0.76,3.0,2,0
2025-03-28,572955,3,1,0,0.258,3.0,2,0
2025-03-28,573009,3,1,0,0.244,3.0,2,0
2025-03-28,592094,4,3,1,0.691497,4.0,0,0
2025-03-28,592332,22,4,1,7.603187096153846,22.0,17,3
2025-03-28,592426,3,0,0,1.3302,3.0,3,1
2025-03-28,592454,3,2,0,0.556,3.0,1,0
2025-03-28,592773,4,0,1,1.602497,4.0,3,0
2025-03-28,592791,22,1,0,9.407727272727271,21.0,21,3
2025-03-28,595345,3,2,0,0.212,3.0,1,0
2025-03-28,605463,4,0,0,1.8752402195121949,4.0,3,1
2025-03-28,605488,21,9,1,5.125497,21.0,11,0
2025-03-28,607455,3,2,0,0.468,3.0,1,0
2025-03-28,607536,20,7,0,2.882,20.0,13,0
2025-03-28,621242,3,1,0,0.8350000000000001,3.0,2,0
2025-03-28,621345,4,1,1,1.049497,4.0,2,0
2025-03-28,621366,3,1,0,0.652,3.0,2,0
2025-03-28,622491,21,4,2,6.645110030033369,21.0,14,3
2025-03-28,625643,26,1,2,11.633827333333333,25.0,22,1
2025-03-28,641745,11,3,0,3.382289,11.0,7,0
2025-03-28,641755,5,0,1,3.3528303333333334,5.0,4,0
2025-03-28,642048,8,0,1,5.006657000000001,8.0,7,1
2025-03-28,642397,4,3,0,0.722289,4.0,0,0
2025-03-28,656302,19,7,2,6.014556500000001,19.0,10,3
2025-03-28,656427,22,5,2,8.398511070175438,22.0,14,1
2025-03-28,656557,24,2,3,10.32257111828213,24.0,19,3
2025-03-28,656605,23,4,1,7.525497,23.0,18,0
2025-03-28,656731,19,6,1,5.610963666666667,19.0,12,1
2025-03-28,656945,5,0,0,2.876,5.0,5,0
2025-03-28,657044,2,0,0,0.223,2.0,2,0
2025-03-28,657097,3,0,0,0.11,3.0,3,0
2025-03-28,657514,4,0,0,1.1651428571428573,4.0,4,1
2025-03-28,657571,4,1,1,0.8604970000000001,3.0,2,0
2025-03-28,657585,4,2,1,1.094997,4.0,1,0
2025-03-28,660825,4,1,1,0.794497,4.0,2,0
2025-03-28,663158,3,1,0,0.752,3.0,2,0
2025-03-28,663893,2,2,0,0.0,2.0,0,0
2025-03-28,663947,4,1,0,0.7779090909090909,4.0,3,0
2025-03-28,663969,11,1,1,3.758436393939393,11.0,9,1
2025-03-28,664126,4,2,2,1.382994,4.0,0,0
2025-03-28,664351,3,2,0,0.0,3.0,1,0
2025-03-28,666619,4,0,1,1.437497,4.0,3,0
2025-03-28,669093,4,1,0,0.932,4.0,3,0
2025-03-28,669212,6,3,0,1.4230227272727272,6.0,3,1
2025-03-28,669276,4,0,0,1.5921794871794874,4.0,4,1
2025-03-28,669711,4,1,0,1.385,4.0,3,0
2025-03-28,670280,5,1,1,2.061065965517241,5.0,3,1
2025-03-28,670970,6,1,1,1.602497,6.0,4,0
2025-03-28,672335,7,1,2,1.599994,7.0,4,0
2025-03-28,672841,7,0,0,2.4639565217391306,7.0,7,1
2025-03-28,676684,4,2,0,0.99725,4.0,2,0
2025-03-28,678226,3,1,0,0.482,3.0,2,0
2025-03-28,680704,7,2,3,2.429491,7.0,2,0
2025-03-28,680767,4,1,0,2.085183333333333,4.0,3,1
2025-03-28,681911,6,2,2,2.062994,6.0,2,0
2025-03-28,682254,4,1,0,1.8865781250000009,4.0,3,1
2025-03-28,683004,20,4,1,5.596910793103448,20.0,15,1
2025-03-28,683409,3,1,0,1.024,3.0,2,0
2025-03-28,685107,4,1,0,1.1486666666666667,4.0,3,0
2025-03-28,685801,3,1,0,0.407,3.0,2,0
2025-03-28,686613,23,7,3,9.342909261562998,23.0,13,2
2025-03-28,686752,26,8,1,6.173722170212766,26.0,16,1
2025-03-28,686993,4,1,2,1.451994,4.0,1,0
2025-03-28,687362,24,4,4,7.376988,24.0,16,1
2025-03-28,687765,8,2,0,0.977,8.0,6,0
2025-03-28,687847,3,0,1,1.055497,3.0,2,0
2025-03-28,687911,1,0,0,0.436,1.0,1,0
2025-03-28,689225,5,0,0,1.2576666666666667,5.0,5,0
2025-03-28,808967,22,10,2,6.743853717868339,22.0,10,1
2025-03-29,434378,22,5,1,7.334920076923076,22.0,16,1
2025-03-29,445276,4,2,1,0.928497,4.0,1,0
2025-03-29,453286,11,1,0,5.461770833333333,11.0,10,2
2025-03-29,455119,3,2,0,0.4167777777777778,3.0,1,0
2025-03-29,458677,1,0,0,0.033,1.0,1,0
2025-03-29,471911,11,2,0,4.222998701298701,11.0,9,2
2025-03-29,472610,7,2,0,1.6116315789473683,7.0,5,1
2025-03-29,489446,3,3,0,0.0,3.0,0,0
2025-03-29,518397,3,0,0,2.2369215686274515,3.0,3,1
2025-03-29,519151,7,1,1,2.7332697272727278,7.0,5,1
2025-03-29,543056,5,0,1,2.108938471571906,5.0,4,0
2025-03-29,554340,4,1,0,0.71,4.0,3,0
2025-03-29,571948,6,1,1,1.957497,6.0,4,0
2025-03-29,593974,4,1,0,0.213,4.0,3,0
2025-03-29,595014,4,2,0,0.579,4.0,2,0
2025-03-29,596001,4,1,0,1.056,4.0,3,0
2025-03-29,605182,5,0,1,1.197497,5.0,4,0
2025-03-29,605452,5,1,1,1.499497,5.0,3,0
2025-03-29,606930,8,2,0,2.9369512195121947,8.0,6,1
2025-03-29,607200,20,2,0,5.189,20.0,18,0
2025-03-29,607455,3,2,0,0.099,3.0,1,0
2025-03-29,607481,4,2,1,0.489,3.0,1,0
2025-03-29,607625,22,4,3,7.821913222222222,20.0,13,1
2025-03-29,608032,4,1,1,1.296497,4.0,2,0
2025-03-29,608331,29,4,2,9.189572,27.0,19,0
2025-03-29,608371,3,0,1,1.681977,3.0,2,0
2025-03-29,614179,5,0,0,1.3416923076923075,5.0,5,0
2025-03-29,621053,3,2,0,0.007,3.0,1,0
2025-03-29,621111,22,3,0,6.364041204585537,21.0,16,2
2025-03-29,621363,4,1,2,2.1549940000000003,4.0,1,0
2025-03-29,621383,4,2,0,0.7330000000000001,4.0,2,0
2025-03-29,622554,2,1,0,0.121,2.0,1,0
2025-03-29,622608,21,0,2,12.184414909398242,21.0,19,3
2025-03-29,623149,4,1,0,2.2497027027027032,4.0,3,1
2025-03-29,623352,4,0,1,1.5484970000000002,4.0,3,0
2025-03-29,623437,2,1,0,0.9032857142857144,2.0,1,1
2025-03-29,623474,4,0,1,0.971497,4.0,3,0
2025-03-29,628317,9,3,1,3.1693779523809527,9.0,5,1
2025-03-29,641343,5,0,1,3.205666,5.0,3,1
2025-03-29,641482,17,2,5,10.486976452991453,17.0,10,3
2025-03-29,641793,22,7,0,3.368,22.0,15,0
2025-03-29,641816,11,3,4,5.141664923076923,11.0,4,1
2025-03-29,641835,2,0,0,0.6986315789473686,2.0,2,1
2025-03-29,641941,3,0,0,0.8474999999999999,3.0,3,0
2025-03-29,642100,3,1,0,0.288,3.0,2,0
2025-03-29,642152,3,1,0,0.37,3.0,2,0
2025-03-29,642397,3,1,2,1.382994,3.0,0,0
2025-03-29,642520,8,2,0,1.724,8.0,6,0
2025-03-29,642585,5,3,1,2.0842684285714284,5.0,1,1
2025-03-29,642701,3,2,0,0.225,3.0,1,0
2025-03-29,643338,6,2,0,1.5896,6.0,4,1
2025-03-29,650556,4,2,1,0.953497,4.0,1,0
2025-03-29,655889,3,1,0,0.362,3.0,2,0
2025-03-29,656222,4,1,0,0.9226315789473684,4.0,3,1
2025-03-29,656288,21,4,2,6.425327333333334,21.0,15,2
2025-03-29,656546,4,1,0,0.981,4.0,3,1
2025-03-29,657097,7,2,0,3.4956666666666667,7.0,5,1
2025-03-29,657746,21,5,0,6.341290765957447,21.0,14,1
2025-03-29,660825,6,1,0,1.562909090909091,6.0,5,0
2025-03-29,660853,4,1,0,0.481,4.0,3,0
2025-03-29,660896,3,0,1,1.392497,3.0,2,0
2025-03-29,661395,4,1,2,1.610994,4.0,1,0
2025-03-29,663559,25,4,0,7.22319090909091,24.0,21,1
2025-03-29,663574,3,0,0,0.773,3.0,3,0
2025-03-29,663623,22,2,2,9.721329253456222,22.0,18,3
2025-03-29,663687,3,1,1,1.180497,3.0,1,0
2025-03-29,663738,6,0,0,1.255,6.0,6,0
2025-03-29,663992,8,2,1,3.371415909090909,8.0,3,1
2025-03-29,664076,5,1,0,1.755,5.0,4,0
2025-03-29,664208,3,1,0,1.3999555555555558,3.0,2,1
2025-03-29,664875,5,2,0,1.774,5.0,3,0
2025-03-29,665152,23,6,2,6.255635975308643,23.0,15,1
2025-03-29,665625,9,0,0,2.9654230769230767,9.0,9,1
2025-03-29,666157,23,1,0,6.733146142857143,23.0,21,1
2025-03-29,666200,22,11,2,5.198297194103194,22.0,9,2
2025-03-29,666214,10,1,2,2.168,8.0,7,0
2025-03-29,666277,4,1,0,1.378,4.0,3,0
2025-03-29,666974,4,2,0,0.881,4.0,2,0
2025-03-29,667755,23,5,2,4.803994,23.0,16,0
2025-03-29,668674,3,0,0,0.756,3.0,3,0
2025-03-29,668716,6,2,1,1.5317636666666667,6.0,3,0
2025-03-29,668820,2,0,0,0.413,2.0,2,0
2025-03-29,668909,19,2,1,5.002497,18.0,15,0
2025-03-29,668933,4,0,0,1.484,4.0,4,0
2025-03-29,668941,4,0,0,1.04828,4.0,4,1
2025-03-29,669060,4,1,0,0.508,4.0,3,0
2025-03-29,669199,8,1,3,1.492497,6.0,4,0
2025-03-29,669211,3,1,0,0.247,3.0,2,0
2025-03-29,669622,3,0,0,1.481909090909091,3.0,3,1
2025-03-29,669711,5,1,1,1.635786,5.0,2,0
2025-03-29,670059,5,0,1,1.891497,5.0,4,0
2025-03-29,670970,4,1,1,0.8624970000000001,4.0,2,0
2025-03-29,671162,14,2,1,9.200495134615384,14.0,10,3
2025-03-29,671922,5,0,0,1.731,5.0,5,0
2025-03-29,672578,7,1,1,3.439108111111111,7.0,5,1
2025-03-29,672782,5,1,0,1.4875409836065576,4.0,3,1
2025-03-29,673929,3,1,0,0.17,3.0,2,0
2025-03-29,674285,7,0,0,3.1069565217391304,7.0,7,1
2025-03-29,674370,22,4,4,8.910627728395061,22.0,12,1
2025-03-29,676092,5,1,0,0.333,5.0,4,0
2025-03-29,676130,8,2,2,2.557994,8.0,4,0
2025-03-29,676263,4,1,0,0.241,4.0,3,0
2025-03-29,676395,5,1,1,1.564497,5.0,3,0
2025-03-29,676428,5,1,0,2.200155172413793,5.0,4,1
2025-03-29,676508,3,1,0,0.1689999999999999,3.0,2,0
2025-03-29,676534,4,2,1,1.058497,4.0,1,0
2025-03-29,677161,7,1,0,2.089060606060606,7.0,6,1
2025-03-29,678020,4,1,0,0.26,4.0,3,0
2025-03-29,678226,2,0,0,0.217,2.0,2,0
2025-03-29,678368,18,4,2,6.654661832167832,18.0,12,2
2025-03-29,678495,3,2,0,0.005,3.0,1,0
2025-03-29,678692,10,1,1,3.528830333333333,10.0,8,0
2025-03-29,678821,3,1,1,0.7244970000000001,3.0,1,0
2025-03-29,679885,4,0,0,0.584,4.0,4,0
2025-03-29,680885,20,4,1,4.779786,20.0,14,0
2025-03-29,681190,23,3,4,6.759435368421053,23.0,16,1
2025-03-29,681293,21,5,2,5.478025007751938,21.0,14,1
2025-03-29,681676,3,0,0,1.1245454545454543,3.0,3,1
2025-03-29,681857,20,5,2,5.872997,19.0,13,1
2025-03-29,682171,4,0,0,1.014,4.0,4,0
2025-03-29,682243,24,4,2,8.409794,24.0,18,0
2025-03-29,683409,5,1,1,1.837497,5.0,3,0
2025-03-29,683769,3,0,1,1.158,2.0,2,0
2025-03-29,684007,26,4,2,5.937257157894737,26.0,20,0
2025-03-29,685107,3,1,1,0.931497,3.0,1,0
2025-03-29,686563,20,5,3,5.696991000000001,20.0,12,1
2025-03-29,686826,4,3,0,0.218,4.0,1,0
2025-03-29,686973,5,3,1,1.591497,5.0,1,0
2025-03-29,687330,3,0,0,0.8009999999999999,3.0,3,0
2025-03-29,687377,11,2,3,4.976749064516129,11.0,6,1
2025-03-29,687396,3,2,0,0.028,3.0,1,0
2025-03-29,687863,5,2,0,1.235,5.0,3,0
2025-03-29,687911,3,2,0,0.005,3.0,1,0
2025-03-29,689690,3,0,0,1.168,3.0,3,0
2025-03-29,690829,4,0,1,1.447497,4.0,3,0
2025-03-29,694297,25,5,1,8.877998355013549,25.0,19,2
2025-03-29,694477,6,1,1,3.480377,6.0,4,1
2025-03-29,695243,4,3,0,0.566,4.0,1,0
2025-03-29,702352,5,1,0,1.653676923076923,5.0,4,1
2025-03-29,808963,12,2,4,4.295988,12.0,6,0
2025-03-30,445276,4,0,1,1.672497,4.0,3,0
2025-03-30,455119,5,2,1,1.395,4.0,2,0
2025-03-30,458677,3,1,0,0.424,3.0,2,0
2025-03-30,518585,4,1,1,0.7334970000000001,4.0,2,0
2025-03-30,542888,6,1,1,1.747497,6.0,4,0
2025-03-30,571510,22,5,3,6.134491,21.0,13,1
2025-03-30,571760,20,2,1,6.828812789473684,20.0,17,1
2025-03-30,571927,13,2,0,2.482228571428572,13.0,11,1
2025-03-30,573009,4,0,0,1.5305,4.0,4,0
2025-03-30,573124,4,0,0,0.542,3.0,4,0
2025-03-30,573186,20,3,1,8.37637264102564,20.0,16,2
2025-03-30,573204,5,1,3,2.139491,5.0,1,0
2025-03-30,592094,3,1,1,0.824497,3.0,1,0
2025-03-30,592155,5,2,0,2.193,5.0,3,1
2025-03-30,592426,5,1,1,1.456497,5.0,3,0
2025-03-30,592662,20,4,1,7.341188692789967,20.0,15,3
2025-03-30,593576,5,1,1,1.166497,4.0,2,0
2025-03-30,593958,21,5,3,7.337538368421052,21.0,13,2
2025-03-30,594798,20,6,2,3.691283,20.0,11,0
2025-03-30,601713,21,4,0,5.692358672936259,20.0,16,3
2025-03-30,605130,3,0,1,1.735497,3.0,2,0
2025-03-30,605135,27,7,2,8.670224769230769,27.0,18,2
2025-03-30,605347,3,0,0,1.4347714285714284,3.0,3,1
2025-03-30,605400,23,8,0,7.385617436657682,22.0,14,3
2025-03-30,606303,7,1,1,4.855345484848486,7.0,5,2
2025-03-30,607067,2,0,0,1.449641975308642,2.0,2,1
2025-03-30,607259,23,5,1,5.962066577000118,23.0,17,2
2025-03-30,608372,18,1,2,7.00265025,18.0,15,1
2025-03-30,608379,18,2,4,5.923988,18.0,12,0
2025-03-30,608717,10,0,2,4.580042780487806,10.0,8,1
2025-03-30,608718,4,1,0,0.327,3.0,2,0
2025-03-30,614179,3,2,0,0.7,3.0,1,0
2025-03-30,621199,6,1,0,1.506,6.0,5,0
2025-03-30,621381,4,1,0,0.7010000000000001,4.0,3,0
2025-03-30,621383,3,0,0,1.261,3.0,3,1
2025-03-30,640448,3,1,0,0.7080000000000001,3.0,2,0
2025-03-30,640451,3,1,0,0.21,3.0,2,0
2025-03-30,640462,5,2,1,1.697497,5.0,2,0
2025-03-30,641302,9,2,2,3.851027898305084,9.0,5,1
2025-03-30,641329,6,4,0,1.7549090909090908,6.0,2,1
2025-03-30,641343,6,0,0,2.471289,6.0,5,0
2025-03-30,641755,6,0,1,2.153497,6.0,5,0
2025-03-30,641927,19,3,3,8.92938272209904,19.0,13,2
2025-03-30,642152,3,0,0,0.7983333333333333,3.0,3,0
2025-03-30,642232,4,1,0,0.971,4.0,3,0
2025-03-30,643410,3,2,0,0.017,3.0,1,0
2025-03-30,643511,4,0,1,1.112497,4.0,3,0
2025-03-30,650644,14,2,1,7.10275426267281,13.0,11,3
2025-03-30,656234,9,2,1,1.7344970000000002,8.0,5,0
2025-03-30,656271,4,1,0,0.659,3.0,2,0
2025-03-30,656546,3,2,0,0.057,3.0,1,0
2025-03-30,656730,1,0,0,0.035,1.0,1,0
2025-03-30,657044,5,1,0,0.182,5.0,4,0
2025-03-30,657571,5,0,1,2.7361285789473686,5.0,4,1
2025-03-30,657612,4,3,0,0.766,4.0,1,0
2025-03-30,657649,2,1,0,0.191,2.0,1,0
2025-03-30,660761,11,4,2,2.617702333333334,11.0,5,1
2025-03-30,661403,4,1,0,1.026289,4.0,2,0
2025-03-30,662253,4,2,0,0.972,4.0,2,0
2025-03-30,663372,20,5,1,5.777915439716312,20.0,14,2
2025-03-30,663423,4,1,1,1.339997,4.0,2,0
2025-03-30,663436,23,2,2,8.866132888888888,23.0,19,2
2025-03-30,663878,9,0,2,4.28640025,9.0,7,1
2025-03-30,663893,3,0,0,0.762,3.0,3,0
2025-03-30,664126,5,2,0,1.5630000000000002,5.0,3,0
2025-03-30,664139,3,1,0,0.102,3.0,2,0
2025-03-30,664875,3,1,0,0.8132889999999999,3.0,1,0
2025-03-30,666171,2,1,0,0.5066153846153847,2.0,1,0
2025-03-30,666619,3,0,0,0.202,3.0,3,0
2025-03-30,666808,3,1,0,0.363,3.0,2,0
2025-03-30,669060,3,1,0,1.7995428571428569,3.0,2,1
2025-03-30,669062,2,0,0,1.147,2.0,2,0
2025-03-30,669093,3,3,0,0.0,3.0,0,0
2025-03-30,669212,8,0,1,4.211577272727273,7.0,7,2
2025-03-30,669467,21,3,2,6.6466110212765965,21.0,16,2
2025-03-30,669622,4,1,1,1.345760157894737,3.0,1,0
2025-03-30,669674,5,1,0,2.033542372881356,5.0,4,1
2025-03-30,670059,4,2,0,2.0120338983050843,4.0,2,1
2025-03-30,670167,6,2,0,2.4297096774193543,6.0,4,1
2025-03-30,670280,2,0,0,0.273,1.0,1,0
2025-03-30,670955,3,1,0,0.331,3.0,2,0
2025-03-30,671737,23,7,0,7.632728024390244,23.0,15,1
2025-03-30,672335,4,0,0,1.5488809523809524,4.0,4,1
2025-03-30,675540,5,1,1,1.099497,5.0,3,0
2025-03-30,676282,8,1,1,2.915497,8.0,6,0
2025-03-30,676395,3,1,0,1.7006952380952385,3.0,2,2
2025-03-30,676440,20,2,2,3.830105111111111,20.0,16,1
2025-03-30,676534,5,0,2,1.625994,4.0,2,0
2025-03-30,676664,25,7,0,7.389574500768049,25.0,18,3
2025-03-30,676974,23,7,1,4.952997,23.0,15,1
2025-03-30,677976,19,1,2,6.920536372881356,19.0,16,1
2025-03-30,678606,2,0,0,0.761289,2.0,1,0
2025-03-30,678821,3,0,0,1.220289,3.0,2,0
2025-03-30,679885,4,2,0,1.051,4.0,2,0
2025-03-30,680730,27,5,2,8.627915428571429,27.0,20,1
2025-03-30,682120,2,0,0,0.735289,2.0,1,0
2025-03-30,683769,4,2,1,0.871497,4.0,1,0
2025-03-30,684320,4,2,0,1.072,4.0,2,0
2025-03-30,686580,3,0,0,0.118,3.0,3,0
2025-03-30,686642,3,1,0,0.955289,3.0,1,0
2025-03-30,686799,21,4,0,7.024179865424431,21.0,17,3
2025-03-30,686993,4,2,0,0.7182666666666666,3.0,1,0
2025-03-30,687330,5,0,0,3.7982315656565655,5.0,5,2
2025-03-30,690829,3,0,1,0.7484970000000001,3.0,2,0
2025-03-30,690916,24,4,0,7.304227941176471,24.0,20,2
2025-03-30,693433,23,5,2,6.800828821428572,22.0,16,2
2025-03-30,695418,3,0,2,1.804994,3.0,1,0
2025-03-30,700363,21,4,3,8.477714776223777,21.0,14,2
2025-03-31,445926,10,1,2,4.11388537737962,10.0,7,2
2025-03-31,472610,4,2,0,0.608,4.0,2,0
2025-03-31,518397,4,0,1,1.831497,4.0,3,0
2025-03-31,519008,5,0,1,2.370354142857143,5.0,4,1
2025-03-31,527048,22,9,3,5.29008,22.0,9,0
2025-03-31,542881,22,4,2,8.221234396341464,22.0,16,4
2025-03-31,554340,3,2,0,0.156,3.0,1,0
2025-03-31,571945,20,3,2,6.417994,20.0,15,0
2025-03-31,593974,3,0,0,0.752,3.0,3,0
2025-03-31,594580,6,0,2,2.242994,6.0,4,0
2025-03-31,596001,5,1,0,1.751,5.0,4,0
2025-03-31,600917,8,1,1,2.4538127894736843,8.0,6,1
2025-03-31,605447,4,2,0,0.876,4.0,2,0
2025-03-31,605452,4,1,0,0.4479999999999999,4.0,3,0
2025-03-31,606160,6,1,1,2.807497,6.0,4,0
2025-03-31,606996,19,4,1,5.742616883040935,19.0,14,1
2025-03-31,607067,12,1,0,5.3037777777777775,12.0,11,1
2025-03-31,607192,20,8,3,5.447218272727273,20.0,9,1
2025-03-31,608371,3,0,0,1.979117571428572,3.0,2,1
2025-03-31,608566,22,4,0,5.1917,22.0,18,0
2025-03-31,608718,6,1,0,3.380750000000001,6.0,5,1
2025-03-31,615698,21,2,1,8.607811595238095,21.0,17,3
2025-03-31,621199,3,1,0,0.278,3.0,2,0
2025-03-31,621237,4,3,1,0.691497,4.0,0,0
2025-03-31,621363,3,0,2,1.382994,3.0,1,0
2025-03-31,621366,6,3,1,0.917497,6.0,2,0
2025-03-31,622554,3,1,0,0.577,3.0,2,0
2025-03-31,623211,8,2,0,2.802289,8.0,5,0
2025-03-31,623437,4,1,1,0.971497,4.0,2,0
2025-03-31,628452,3,1,0,0.856,3.0,2,0
2025-03-31,640902,5,1,0,2.8883636363636365,5.0,4,1
2025-03-31,641835,8,2,1,2.295812315315315,8.0,5,1
2025-03-31,642048,7,1,2,2.489279714285714,7.0,4,0
2025-03-31,642520,17,3,0,8.273514170212765,17.0,12,2
2025-03-31,642585,7,0,2,3.1709940000000003,7.0,5,0
2025-03-31,647336,21,3,1,6.74099496037296,21.0,17,0
2025-03-31,650489,4,0,0,0.8260000000000001,4.0,4,0
2025-03-31,650911,22,7,2,7.334575395348837,22.0,13,1
2025-03-31,655889,3,2,0,0.184,3.0,1,0
2025-03-31,656271,5,1,1,0.281,3.0,3,0
2025-03-31,656550,19,3,4,9.68660046612466,19.0,12,3
2025-03-31,656794,18,4,2,5.286596150537634,18.0,12,1
2025-03-31,656849,25,9,3,8.618799668076111,24.0,13,2
2025-03-31,656876,17,4,0,2.844,17.0,13,0
2025-03-31,656945,4,2,0,1.91216,4.0,2,1
2025-03-31,657240,3,0,0,0.0849999999999999,3.0,3,0
2025-03-31,660730,19,3,1,6.793283274509804,19.0,15,2
2025-03-31,660825,8,1,0,3.188,8.0,7,0
2025-03-31,660853,6,2,0,2.726,6.0,4,0
2025-03-31,663460,24,8,2,4.722283,24.0,13,0
2025-03-31,663474,8,1,1,2.7111636666666667,8.0,6,1
2025-03-31,663542,6,2,2,2.110283,6.0,1,0
2025-03-31,663738,7,2,1,2.051497,7.0,4,0
2025-03-31,663855,21,6,2,4.109994,21.0,13,0
2025-03-31,663893,5,1,0,1.261,5.0,4,0
2025-03-31,663903,24,8,2,4.749289454545455,24.0,14,1
2025-03-31,663947,5,1,2,1.6759940000000002,5.0,2,0
2025-03-31,663978,20,2,4,9.478691878519797,20.0,14,3
2025-03-31,664208,3,3,0,0.0,3.0,0,0
2025-03-31,664351,6,2,1,1.712497,6.0,3,0
2025-03-31,664849,7,1,1,2.556497,7.0,5,0
2025-03-31,664854,4,2,0,0.8350000000000001,4.0,2,0
2025-03-31,665625,10,0,1,6.011386000000001,10.0,8,1
2025-03-31,666171,1,0,0,0.002,1.0,1,0
2025-03-31,666214,5,1,1,2.0741123846153844,5.0,3,0
2025-03-31,666277,11,1,2,6.442396557174533,11.0,7,3
2025-03-31,666808,3,0,0,0.8190000000000001,3.0,3,0
2025-03-31,666974,3,1,0,0.3209999999999999,3.0,2,0
2025-03-31,668716,11,1,3,5.803999393939393,11.0,6,2
2025-03-31,668941,5,0,2,0.887497,3.0,3,0
2025-03-31,669062,1,1,0,0.0,1.0,0,0
2025-03-31,669211,3,2,0,0.119,3.0,1,0
2025-03-31,669387,19,4,2,6.864293999999999,19.0,13,0
2025-03-31,669438,5,2,0,1.618,5.0,3,0
2025-03-31,669711,4,1,0,1.126,4.0,3,0
2025-03-31,669724,4,2,0,0.4717,4.0,2,0
2025-03-31,669854,21,6,3,5.638945545454545,21.0,12,0
2025-03-31,670102,23,4,3,8.924028608225107,23.0,16,3
2025-03-31,670766,10,2,0,1.662,10.0,8,0
2025-03-31,670970,4,1,0,1.375,4.0,3,1
2025-03-31,672282,8,3,2,2.346994,8.0,3,0
2025-03-31,672582,5,1,0,1.842,5.0,4,0
2025-03-31,672841,15,2,0,3.265,15.0,13,0
2025-03-31,673513,3,3,0,0.0,3.0,0,0
2025-03-31,674285,6,0,0,2.264,6.0,6,0
2025-03-31,676092,7,1,1,3.690453060606061,7.0,5,2
2025-03-31,676106,9,0,1,6.057583507936508,9.0,8,2
2025-03-31,676254,4,2,1,0.7334970000000001,4.0,1,0
2025-03-31,676263,4,1,1,0.825497,4.0,2,0
2025-03-31,676428,12,2,0,4.2092857142857145,12.0,10,1
2025-03-31,676477,7,2,0,0.9026875,7.0,5,1
2025-03-31,676684,1,1,0,0.0,1.0,0,0
2025-03-31,676962,23,5,2,7.517360228070175,23.0,16,2
2025-03-31,677649,3,0,0,1.28,3.0,3,0
2025-03-31,677958,18,3,2,9.44377912880562,18.0,13,2
2025-03-31,678024,9,1,0,2.051,8.0,7,0
2025-03-31,678215,9,1,0,1.575375,9.0,8,0
2025-03-31,680704,4,2,0,0.956,4.0,2,0
2025-03-31,680729,5,0,0,2.439,5.0,5,0
2025-03-31,680767,3,0,0,2.911,3.0,3,1
2025-03-31,681676,5,1,1,1.440497,5.0,3,0
2025-03-31,681867,5,0,0,2.03,5.0,5,0
2025-03-31,681911,3,1,0,0.242,3.0,2,0
2025-03-31,681982,13,2,1,5.723497,13.0,10,0
2025-03-31,682847,26,2,4,12.112840107279691,25.0,19,2
2025-03-31,683155,24,2,4,10.363576386335795,24.0,18,3
2025-03-31,685126,4,3,1,0.691497,4.0,0,0
2025-03-31,685801,6,2,0,1.076,6.0,4,0
2025-03-31,686580,4,0,1,1.752497,4.0,3,0
2025-03-31,687134,5,1,0,2.4861711229946515,5.0,4,2
2025-03-31,687473,8,1,0,2.86348,8.0,7,0
2025-03-31,687765,7,2,1,2.165497,7.0,4,0
2025-03-31,687847,6,2,2,2.099625578947369,6.0,2,1
2025-03-31,688297,2,1,0,0.05,2.0,1,0
2025-03-31,689147,3,0,1,0.8714970000000001,3.0,2,0
2025-03-31,689690,6,0,0,2.209289,6.0,5,0
2025-03-31,695418,3,0,0,1.637,3.0,3,0
2025-03-31,695549,19,3,4,8.051680980168806,19.0,12,3
2025-03-31,696270,4,1,0,0.685,4.0,3,0
2025-03-31,700249,20,8,2,6.088657793103448,20.0,10,1
2025-03-31,702352,5,1,0,1.719289,5.0,3,0
2025-04-01,445276,3,1,0,0.178,3.0,2,0
2025-04-01,493603,3,1,1,0.7394970000000001,3.0,1,0
2025-04-01,518585,6,4,0,0.4907,6.0,2,0
2025-04-01,519008,3,0,0,1.423,3.0,3,0
2025-04-01,519151,3,0,0,0.5790000000000001,3.0,3,0
2025-04-01,519242,21,5,0,4.739828,21.0,14,1
2025-04-01,543056,3,0,0,0.912,3.0,3,0
2025-04-01,543135,30,8,0,5.862,30.0,22,0
2025-04-01,543294,24,4,0,8.147260256410256,24.0,20,2
2025-04-01,547179,24,7,3,7.393616000000001,24.0,14,1
2025-04-01,571946,3,0,0,0.61,3.0,3,0
2025-04-01,572955,4,2,0,0.473,4.0,2,0
2025-04-01,573124,3,0,1,2.033039372881356,3.0,2,1
2025-04-01,592094,5,2,0,0.989289,5.0,2,0
2025-04-01,592454,4,0,0,1.228289,4.0,3,0
2025-04-01,592866,23,3,0,6.149,23.0,20,0
2025-04-01,595014,4,1,0,0.746,4.0,3,0
2025-04-01,595345,6,2,0,2.053552380952381,6.0,4,2
2025-04-01,605130,5,0,1,1.874497,5.0,4,0
2025-04-01,605347,5,2,1,1.780786,5.0,1,0
2025-04-01,605463,6,2,1,1.859497,6.0,3,0
2025-04-01,606303,4,1,0,1.407,4.0,3,0
2025-04-01,607455,5,1,1,2.245836285714285,5.0,3,1
2025-04-01,608371,1,0,0,0.153,1.0,1,0
2025-04-01,621053,5,1,0,0.5860000000000001,5.0,4,0
2025-04-01,621244,22,8,3,6.148491,22.0,11,0
2025-04-01,622663,28,6,3,10.99534049122807,27.0,19,2
2025-04-01,623149,3,1,0,1.0197999999999998,3.0,2,0
2025-04-01,640462,4,2,0,2.172600000000001,4.0,2,1
2025-04-01,642100,3,2,0,0.225,3.0,1,0
2025-04-01,642701,4,0,0,1.578,4.0,4,0
2025-04-01,643338,1,1,0,0.0,1.0,0,0
2025-04-01,643377,5,2,0,1.413,5.0,3,0
2025-04-01,643410,4,1,2,3.027763230769231,4.0,1,1
2025-04-01,643511,5,1,0,2.03384375,5.0,4,1
2025-04-01,645261,18,4,0,4.049183333333334,18.0,14,1
2025-04-01,646242,5,1,0,1.316,5.0,4,0
2025-04-01,650633,19,11,1,2.995786,19.0,6,0
2025-04-01,656222,5,1,0,0.779,5.0,4,0
2025-04-01,656546,3,1,0,0.519,3.0,2,0
2025-04-01,656730,3,2,0,0.26,3.0,1,0
2025-04-01,656945,3,0,0,0.812,3.0,3,0
2025-04-01,657006,28,6,1,8.690832164835165,28.0,21,1
2025-04-01,657240,1,0,0,0.077,1.0,1,0
2025-04-01,657277,23,6,0,4.708228571428572,23.0,17,1
2025-04-01,657571,5,0,1,1.748497,5.0,4,0
2025-04-01,657612,3,0,0,1.085,3.0,3,1
2025-04-01,657649,5,0,1,2.4297214838709675,5.0,3,1
2025-04-01,660896,3,3,0,0.0,3.0,0,0
2025-04-01,663423,3,0,0,1.6291875,3.0,3,1
2025-04-01,663485,4,1,0,1.668842105263158,4.0,3,0
2025-04-01,663554,20,6,3,4.206491,20.0,11,0
2025-04-01,664139,5,1,0,0.28,5.0,4,0
2025-04-01,664854,3,1,0,0.3,3.0,2,0
2025-04-01,664875,4,2,1,2.047297,4.0,1,1
2025-04-01,666120,3,2,0,0.459,3.0,1,0
2025-04-01,666171,2,1,0,0.034,2.0,1,0
2025-04-01,666214,3,0,0,0.239,3.0,3,0
2025-04-01,666619,4,0,0,0.683,4.0,4,0
2025-04-01,668820,9,1,0,2.5511000000000004,9.0,8,1
2025-04-01,669060,3,0,1,1.644497,3.0,2,0
2025-04-01,669093,3,0,0,0.062,3.0,3,0
2025-04-01,669160,18,6,3,5.325991,18.0,9,0
2025-04-01,669199,3,0,0,0.362,3.0,3,0
2025-04-01,669203,21,8,3,7.917096282465151,21.0,10,3
2025-04-01,669276,3,0,0,1.02,3.0,3,0
2025-04-01,669302,21,10,1,4.594497,21.0,10,0
2025-04-01,669358,23,10,0,5.44,23.0,13,0
2025-04-01,669438,7,2,0,1.114,7.0,5,0
2025-04-01,669461,22,4,0,6.49783658008658,22.0,18,1
2025-04-01,669622,2,0,0,0.099,2.0,2,0
2025-04-01,669674,5,1,0,0.846,5.0,4,0
2025-04-01,669713,21,6,3,6.581996802168021,21.0,11,1
2025-04-01,670167,4,0,0,1.8466037735849057,4.0,4,1
2025-04-01,671106,24,1,5,10.774377271662765,23.0,18,2
2025-04-01,673513,4,2,2,1.382994,4.0,0,0
2025-04-01,673540,21,8,1,4.329446152542372,20.0,11,1
2025-04-01,673929,5,2,0,1.4771458333333332,5.0,3,1
2025-04-01,676254,3,0,0,0.638,3.0,3,0
2025-04-01,676282,11,1,2,3.132994,11.0,8,0
2025-04-01,676684,3,0,0,0.73,3.0,3,0
2025-04-01,678226,3,0,0,0.486,3.0,3,0
2025-04-01,678316,3,1,0,0.442,3.0,2,0
2025-04-01,678606,9,2,1,1.592997,7.0,6,0
2025-04-01,678692,7,2,0,1.5376976744186048,7.0,5,1
2025-04-01,679885,3,3,0,0.0,3.0,0,0
2025-04-01,680573,17,5,1,5.7473459655172405,17.0,11,2
2025-04-01,680729,4,1,2,2.051744,4.0,1,1
2025-04-01,681343,22,3,4,7.126654666666667,21.0,14,1
2025-04-01,681517,6,1,0,0.418,6.0,5,0
2025-04-01,681676,5,0,1,1.701497,5.0,4,0
2025-04-01,681911,3,2,0,0.005,3.0,1,0
2025-04-01,682171,5,0,0,3.113289,5.0,4,0
2025-04-01,682254,4,3,0,0.545,4.0,1,0
2025-04-01,682842,4,1,0,0.614,3.0,2,0
2025-04-01,684320,5,1,1,1.7853499411764706,5.0,3,1
2025-04-01,685107,3,0,1,1.3354970000000002,3.0,2,0
2025-04-01,685126,3,1,0,0.099,3.0,2,0
2025-04-01,686642,4,1,1,0.879497,4.0,2,0
2025-04-01,686730,23,5,2,7.930568483870968,23.0,15,2
2025-04-01,686973,4,2,0,1.735769230769231,4.0,2,1
2025-04-01,686993,4,1,0,0.419,4.0,3,0
2025-04-01,687396,3,1,0,0.678,3.0,2,0
2025-04-01,687863,3,0,1,1.085497,3.0,2,0
2025-04-01,687911,4,3,0,0.235,4.0,1,0
2025-04-01,688297,6,0,1,1.4209999999999998,5.0,5,0
2025-04-01,689225,5,1,1,1.814497,5.0,3,0
2025-04-01,689254,4,1,0,1.108,4.0,3,0
2025-04-01,690829,5,0,0,1.266,5.0,5,0
2025-04-01,694477,20,5,3,5.450994,19.0,12,0
2025-04-01,696270,6,0,1,1.6880000000000002,5.0,5,0
2025-04-01,701542,19,4,4,6.448591773584906,19.0,11,1
2025-04-01,802419,23,2,4,9.569784650717704,22.0,16,1
2025-04-02,455119,3,1,0,0.643,3.0,2,0
2025-04-02,489446,4,2,0,0.29,4.0,2,0
2025-04-02,543056,5,1,0,0.792,5.0,4,0
2025-04-02,543243,25,9,0,8.470393949587136,25.0,14,3
2025-04-02,547973,4,1,1,1.205497,4.0,2,0
2025-04-02,554340,3,1,0,0.702,3.0,2,0
2025-04-02,554430,24,10,0,4.711253285714285,24.0,13,2
2025-04-02,572955,3,1,1,1.196497,3.0,1,0
2025-04-02,573009,3,1,0,0.48,3.0,2,0
2025-04-02,579328,26,6,5,8.121574743589743,26.0,15,2
2025-04-02,592155,6,1,0,1.303,6.0,5,0
2025-04-02,592426,4,1,0,1.1760000000000002,4.0,3,0
2025-04-02,592773,3,1,1,1.177497,3.0,1,0
2025-04-02,592791,25,7,3,7.776433307692307,25.0,15,1
2025-04-02,593974,3,1,0,0.748,3.0,2,0
2025-04-02,594902,21,4,2,8.299762888888889,21.0,15,2
2025-04-02,596001,4,0,0,1.053,4.0,4,0
2025-04-02,600917,4,0,1,1.2164970000000002,4.0,3,0
2025-04-02,605154,3,0,0,0.5591666666666667,3.0,3,0
2025-04-02,605182,3,1,0,0.124,3.0,2,0
2025-04-02,605280,23,6,2,5.801042780487805,23.0,15,1
2025-04-02,605483,22,2,4,9.107993302226935,22.0,16,3
2025-04-02,605488,19,3,4,8.717416571428572,19.0,12,1
2025-04-02,606160,3,1,0,0.542,3.0,2,0
2025-04-02,607074,24,5,4,8.580268172413794,23.0,14,2
2025-04-02,607536,29,3,0,9.575771428571429,28.0,26,1
2025-04-02,608032,6,1,2,1.482,4.0,3,0
2025-04-02,621053,4,1,0,1.137,4.0,3,0
2025-04-02,621107,24,5,0,6.811654545454545,24.0,19,2
2025-04-02,621237,4,2,0,0.7902272727272728,4.0,2,1
2025-04-02,621242,4,1,0,0.255,3.0,2,0
2025-04-02,621345,4,1,0,0.9937083333333334,4.0,3,1
2025-04-02,621366,1,1,0,0.0,1.0,0,0
2025-04-02,621381,5,2,2,1.387994,5.0,1,0
2025-04-02,622491,28,5,2,9.844232095238096,28.0,21,3
2025-04-02,622780,7,1,1,4.120328857142857,7.0,4,1
2025-04-02,623211,2,1,0,0.047,2.0,1,0
2025-04-02,628452,6,2,1,2.408754575757576,5.0,2,1
2025-04-02,640451,3,2,0,0.203,3.0,1,0
2025-04-02,640462,4,1,0,0.118,4.0,3,0
2025-04-02,641154,26,5,1,7.158197564971751,26.0,20,1
2025-04-02,641329,3,1,0,0.439,3.0,2,0
2025-04-02,641745,4,0,1,1.316497,4.0,3,0
2025-04-02,641941,3,0,0,0.4399999999999999,3.0,3,0
2025-04-02,642100,3,1,0,0.1399999999999999,3.0,2,0
2025-04-02,642397,5,3,0,1.139,5.0,2,0
2025-04-02,642547,26,8,0,3.964285714285714,26.0,18,0
2025-04-02,642701,4,0,1,1.191497,4.0,3,0
2025-04-02,643338,2,0,0,0.351,2.0,2,0
2025-04-02,643511,3,2,0,0.413,3.0,1,0
2025-04-02,655889,5,0,0,0.961,4.0,4,0
2025-04-02,656271,6,1,2,3.773494,6.0,3,1
2025-04-02,656302,24,7,1,5.234019727272727,24.0,16,1
2025-04-02,656546,6,1,0,1.902,5.0,4,0
2025-04-02,656730,4,3,0,0.453,4.0,1,0
2025-04-02,657044,3,1,0,1.219,3.0,2,0
2025-04-02,657097,4,0,0,1.2746153846153847,4.0,4,0
2025-04-02,657585,6,0,0,1.6723333333333334,6.0,6,0
2025-04-02,657649,4,1,1,0.8494970000000001,3.0,2,0
2025-04-02,660853,4,1,0,1.660289,4.0,2,0
2025-04-02,661395,4,1,0,1.075,4.0,3,0
2025-04-02,661403,4,0,0,0.599,4.0,4,0
2025-04-02,662253,6,2,2,2.023994,6.0,2,0
2025-04-02,663158,3,1,0,0.6128,3.0,2,0
2025-04-02,663574,4,1,1,0.820497,4.0,2,0
2025-04-02,663738,3,1,0,0.246,3.0,2,0
2025-04-02,663878,3,1,0,0.137,3.0,2,0
2025-04-02,663893,5,2,0,1.94488,5.0,3,1
2025-04-02,663969,7,1,0,1.168,7.0,6,0
2025-04-02,664076,4,2,0,1.134289,4.0,1,0
2025-04-02,664208,4,1,0,0.67,4.0,3,0
2025-04-02,664285,23,9,4,7.507069260364842,23.0,10,2
2025-04-02,664351,4,2,1,1.192497,4.0,1,0
2025-04-02,664849,3,1,1,1.063497,3.0,1,0
2025-04-02,666120,10,1,1,3.292,9.0,8,0
2025-04-02,666142,22,10,2,4.753713298245614,22.0,10,1
2025-04-02,666808,3,0,0,0.993,3.0,3,0
2025-04-02,668674,2,1,0,0.32,2.0,1,0
2025-04-02,668678,24,13,0,4.407222222222223,24.0,11,1
2025-04-02,668881,25,8,1,5.276586824561404,25.0,16,1
2025-04-02,668941,4,1,0,1.282,4.0,3,0
2025-04-02,669022,26,5,2,11.390254825396829,26.0,18,4
2025-04-02,669199,3,1,1,0.908497,3.0,1,0
2025-04-02,669212,4,0,1,1.119497,4.0,3,0
2025-04-02,669276,4,1,0,0.947,4.0,3,0
2025-04-02,669373,25,8,3,7.193074193277312,25.0,14,2
2025-04-02,669674,3,0,1,1.3514970000000002,3.0,2,0
2025-04-02,669724,4,1,0,0.819,4.0,3,0
2025-04-02,670059,4,1,1,1.450497,4.0,2,0
2025-04-02,670167,4,2,1,0.889497,4.0,1,0
2025-04-02,670955,5,0,0,2.819400111111111,4.0,3,1
2025-04-02,670970,5,0,0,1.812,5.0,5,0
2025-04-02,671922,3,0,0,0.307,3.0,3,0
2025-04-02,672282,1,1,0,0.0,1.0,0,0
2025-04-02,672335,5,0,3,2.388491,5.0,2,0
2025-04-02,672582,3,0,1,1.4582053333333334,3.0,2,1
2025-04-02,672782,12,1,3,4.930074333333334,12.0,8,1
2025-04-02,675540,6,0,2,2.341994,6.0,4,0
2025-04-02,676130,6,0,0,1.8434473684210528,5.0,6,1
2025-04-02,676263,6,1,0,0.776,6.0,5,0
2025-04-02,676395,3,2,0,0.044,3.0,1,0
2025-04-02,676508,9,3,1,2.6764970000000003,9.0,5,0
2025-04-02,676534,6,0,0,4.147428571428572,6.0,6,1
2025-04-02,676979,27,8,1,6.1977114522144525,27.0,18,2
2025-04-02,678020,4,1,1,1.4314970000000002,4.0,2,0
2025-04-02,678024,6,1,0,3.1515781250000003,6.0,5,1
2025-04-02,678226,3,0,0,0.674,3.0,3,0
2025-04-02,678495,4,2,0,0.526,4.0,2,0
2025-04-02,680732,21,1,0,10.42576171887272,21.0,19,4
2025-04-02,681517,3,0,1,1.654497,3.0,2,0
2025-04-02,682120,4,1,0,0.5409090909090909,4.0,3,0
2025-04-02,682842,3,2,0,0.542,3.0,1,0
2025-04-02,683004,16,6,0,2.463060606060606,16.0,10,1
2025-04-02,683409,5,0,1,1.718,4.0,4,0
2025-04-02,685107,3,1,0,0.8615714285714287,3.0,2,1
2025-04-02,686752,23,3,3,9.72957610638298,23.0,17,1
2025-04-02,687330,3,0,0,1.658936170212766,2.0,2,1
2025-04-02,687362,19,6,0,5.333516666666667,19.0,13,3
2025-04-02,687377,6,1,0,0.51,6.0,5,0
2025-04-02,687473,8,4,0,1.7635,8.0,4,0
2025-04-02,687765,10,2,1,3.4009087647058824,10.0,7,1
2025-04-02,687922,18,3,2,3.979994,18.0,13,0
2025-04-02,693821,17,3,2,7.144849676328503,17.0,12,2
2025-04-02,694738,20,8,4,4.131988,20.0,8,0
2025-04-02,694973,24,6,0,3.1967916666666665,24.0,18,0
2025-04-02,695243,3,2,0,0.144,3.0,1,0
2025-04-02,695418,5,0,0,1.128,5.0,5,0
2025-04-02,806185,9,2,1,2.8661636666666666,9.0,6,0
2025-04-03,450203,23,10,2,6.569349899419729,23.0,11,2
2025-04-03,458677,4,1,0,0.481,4.0,3,0
2025-04-03,471911,22,5,2,7.203094,22.0,15,1
2025-04-03,493603,3,1,1,1.104497,3.0,1,0
2025-04-03,518876,23,2,3,14.026183835169965,23.0,18,6
2025-04-03,571946,4,2,1,1.129497,4.0,1,0
2025-04-03,592836,22,4,1,6.580087221804511,22.0,16,2
2025-04-03,596133,4,1,0,0.218,4.0,3,0
2025-04-03,605130,1,0,0,0.243,1.0,1,0
2025-04-03,605447,4,1,0,1.127,4.0,3,0
2025-04-03,606303,3,1,0,0.341,3.0,2,0
2025-04-03,621199,8,0,0,1.875,8.0,8,0
2025-04-03,621237,7,3,1,2.299497,7.0,3,0
2025-04-03,622608,25,3,0,5.573,25.0,22,0
2025-04-03,623352,3,1,0,0.01,3.0,2,0
2025-04-03,641329,4,1,0,1.348,4.0,3,0
2025-04-03,641482,21,6,2,5.607279897435897,21.0,13,1
2025-04-03,641755,6,2,3,2.226491,6.0,1,0
2025-04-03,642232,6,0,2,2.491994,6.0,4,0
2025-04-03,643410,4,2,0,0.872,4.0,2,0
2025-04-03,650556,4,2,0,0.347,4.0,2,0
2025-04-03,656222,6,1,1,1.606,5.0,4,0
2025-04-03,656557,19,6,2,5.8564663333333336,19.0,10,1
2025-04-03,657746,21,6,0,6.1487967134502926,21.0,13,2
2025-04-03,660896,3,1,0,0.409,3.0,2,0
2025-04-03,663542,4,1,0,0.694,4.0,3,0
2025-04-03,665625,5,1,1,0.910497,5.0,3,0
2025-04-03,666157,25,4,0,4.5285,24.0,21,0
2025-04-03,668933,4,0,1,1.491497,4.0,3,0
2025-04-03,669194,8,2,0,1.666,8.0,6,1
2025-04-03,669211,5,0,0,2.8237872023809527,5.0,5,2
2025-04-03,670766,8,4,0,1.952,8.0,4,1
2025-04-03,676477,8,3,1,2.086587909090909,8.0,4,0
2025-04-03,677161,2,0,0,0.195,2.0,2,0
2025-04-03,678821,6,2,1,2.691497,5.0,2,1
2025-04-03,680767,1,0,0,0.196,1.0,1,0
2025-04-03,686580,4,1,0,1.132,4.0,3,0
2025-04-03,686613,22,8,0,4.703171428571428,22.0,14,1
2025-04-03,686973,5,1,0,1.081,5.0,4,1
2025-04-03,687911,3,0,0,0.38,3.0,3,0
2025-04-03,689147,4,2,0,0.508,4.0,2,0
2025-04-04,434378,14,2,2,7.654489588998444,14.0,10,2
2025-04-04,455119,3,1,0,1.0659999999999998,3.0,2,0
2025-04-04,472610,5,1,1,1.057,4.0,3,0
2025-04-04,489446,5,1,1,1.737497,5.0,3,0
2025-04-04,518397,3,1,0,0.059,3.0,2,0
2025-04-04,518585,5,2,0,1.487285714285714,5.0,3,0
2025-04-04,519151,5,1,1,1.337497,5.0,3,0
2025-04-04,542888,7,2,0,2.835,7.0,5,0
2025-04-04,547973,2,0,1,0.889497,2.0,1,0
2025-04-04,571927,14,1,1,4.397961285714287,14.0,12,2
2025-04-04,571946,3,0,0,0.352,3.0,3,0
2025-04-04,573124,3,1,1,0.7304970000000001,3.0,1,0
2025-04-04,592332,19,0,2,6.271238289044289,19.0,17,2
2025-04-04,592426,3,2,0,0.134,3.0,1,0
2025-04-04,593974,4,1,1,1.378497,4.0,2,0
2025-04-04,596001,3,2,0,0.054,3.0,1,0
2025-04-04,600917,5,2,0,1.316,5.0,3,0
2025-04-04,605447,5,2,2,2.480536857142857,5.0,1,1
2025-04-04,606303,3,0,0,1.2468333333333337,3.0,3,0
2025-04-04,606930,5,1,0,1.37225,5.0,4,1
2025-04-04,607200,17,1,4,8.128538056561085,17.0,12,3
2025-04-04,607259,21,2,2,7.6226696756756755,21.0,17,1
2025-04-04,607481,5,2,0,2.165,5.0,3,0
2025-04-04,607625,23,2,1,7.715747,23.0,20,0
2025-04-04,608331,23,6,1,7.133670076923077,23.0,16,2
2025-04-04,608371,3,0,0,0.91575,3.0,3,0
2025-04-04,608717,4,1,1,1.011497,4.0,2,0
2025-04-04,608718,3,1,0,0.534,3.0,2,0
2025-04-04,614179,1,0,0,0.0,0.0,0,0
2025-04-04,621053,4,0,0,1.004,4.0,4,0
2025-04-04,621111,22,4,1,8.163137866873067,22.0,17,2
2025-04-04,621345,4,3,0,0.904,4.0,1,0
2025-04-04,621363,3,0,1,1.139497,3.0,2,0
2025-04-04,621381,4,1,0,0.995,4.0,3,0
2025-04-04,622379,18,2,2,6.260357636363636,17.0,14,0
2025-04-04,622554,4,2,1,0.7364970000000001,4.0,1,0
2025-04-04,623149,5,1,0,1.17528,5.0,4,1
2025-04-04,623474,3,0,0,0.379,3.0,3,0
2025-04-04,628317,8,1,1,3.963497,8.0,6,0
2025-04-04,640451,3,2,0,0.057,3.0,1,0
2025-04-04,640462,4,1,0,0.694,4.0,3,0
2025-04-04,641302,21,6,3,4.924427186147186,21.0,11,1
2025-04-04,641793,27,3,2,9.051661796765474,27.0,22,2
2025-04-04,641816,18,5,2,5.152155290322581,18.0,11,1
2025-04-04,641835,9,2,0,3.5304,9.0,7,1
2025-04-04,642048,3,1,0,0.8260000000000001,3.0,2,0
2025-04-04,642100,3,2,0,0.138,3.0,1,0
2025-04-04,642152,7,1,2,4.183678210526316,7.0,4,1
2025-04-04,642207,4,1,1,0.805497,4.0,2,0
2025-04-04,642397,5,1,0,0.6920000000000001,5.0,4,0
2025-04-04,643511,4,0,0,1.103,4.0,4,0
2025-04-04,656234,1,0,0,0.071,1.0,1,0
2025-04-04,656427,22,7,2,4.599339454545454,22.0,13,1
2025-04-04,656605,25,4,4,10.667399333333334,25.0,15,0
2025-04-04,656730,4,1,0,2.252183333333333,4.0,3,1
2025-04-04,656731,21,4,3,4.802491,21.0,14,0
2025-04-04,657514,3,3,0,0.0,3.0,0,0
2025-04-04,657585,2,2,0,0.0,2.0,0,0
2025-04-04,660825,7,2,0,2.4383194444444443,7.0,5,2
2025-04-04,661403,6,0,0,2.5301111111111108,6.0,6,1
2025-04-04,662253,4,2,1,0.05,3.0,1,0
2025-04-04,663372,24,4,1,7.137244228602817,23.0,18,1
2025-04-04,663423,4,1,0,0.823,4.0,3,0
2025-04-04,663542,3,0,0,0.5800000000000001,3.0,3,0
2025-04-04,663574,4,1,1,0.7244970000000001,4.0,2,0
2025-04-04,663623,22,3,1,11.07483490491118,22.0,18,4
2025-04-04,663947,4,2,0,0.14,4.0,2,0
2025-04-04,664875,3,2,1,0.691497,3.0,0,0
2025-04-04,665152,22,1,0,6.687010416666666,22.0,21,2
2025-04-04,666171,2,0,1,0.715497,2.0,1,0
2025-04-04,666200,24,8,2,6.220535666666667,24.0,14,1
2025-04-04,666214,10,3,1,4.611225393939394,10.0,5,2
2025-04-04,666277,5,0,0,2.9177142857142857,5.0,5,2
2025-04-04,666619,5,0,1,1.5045428571428567,4.0,4,1
2025-04-04,666808,7,1,0,1.732,7.0,6,0
2025-04-04,667463,7,1,1,3.7649087647058823,7.0,5,1
2025-04-04,667755,23,9,3,7.047654442940039,23.0,11,3
2025-04-04,668674,3,0,0,0.307,3.0,3,0
2025-04-04,668716,8,3,2,0.7968,6.0,3,0
2025-04-04,668820,7,1,0,1.803,7.0,6,0
2025-04-04,668909,18,5,3,6.592317086956522,18.0,10,1
2025-04-04,668933,1,0,0,0.043,1.0,1,0
2025-04-04,669060,13,5,2,5.246494,13.0,6,1
2025-04-04,669062,6,0,1,2.4404468085106377,4.0,5,1
2025-04-04,669711,4,1,0,1.218,4.0,3,0
2025-04-04,671922,3,2,0,0.07,3.0,1,0
2025-04-04,672282,3,0,1,0.804497,2.0,1,0
2025-04-04,672335,9,1,1,2.407289,7.0,6,0
2025-04-04,672841,4,1,1,1.768497,4.0,2,0
2025-04-04,673513,4,1,0,0.918,4.0,3,0
2025-04-04,674285,3,2,0,0.246,3.0,1,0
2025-04-04,674370,22,5,2,5.827994,22.0,15,0
2025-04-04,676092,8,1,1,1.915497,7.0,5,0
2025-04-04,676254,4,1,0,1.291,4.0,3,0
2025-04-04,676395,3,1,0,0.917,3.0,2,0
2025-04-04,676684,4,1,1,0.8414969999999999,4.0,2,0
2025-04-04,676974,29,8,2,10.707590446939026,29.0,18,1
2025-04-04,677161,5,1,0,1.8642454545454543,5.0,4,1
2025-04-04,678020,6,2,0,1.008,6.0,4,0
2025-04-04,678215,7,1,1,4.436497,7.0,5,1
2025-04-04,678495,5,2,0,0.864,5.0,3,0
2025-04-04,678606,6,1,0,3.448702702702703,6.0,5,1
2025-04-04,679885,4,1,0,0.321,4.0,3,0
2025-04-04,680767,3,0,1,1.2664970000000002,3.0,2,0
2025-04-04,680885,26,10,0,5.309,26.0,16,0
2025-04-04,681190,21,2,5,9.003640172413794,21.0,14,1
2025-04-04,681676,5,0,1,2.536497,5.0,4,0
2025-04-04,681867,6,0,0,2.022,6.0,6,0
2025-04-04,682120,6,2,1,2.261786,6.0,2,0
2025-04-04,682842,6,0,0,1.68,6.0,6,0
2025-04-04,683409,5,0,1,2.782497,5.0,4,0
2025-04-04,683769,4,2,0,1.1195,4.0,2,0
2025-04-04,684007,26,4,0,6.527268176222239,24.0,21,3
2025-04-04,684320,4,0,1,0.957497,4.0,3,0
2025-04-04,685126,9,1,0,4.450151923076922,9.0,8,2
2025-04-04,685801,4,1,0,1.3349043846153843,4.0,2,0
2025-04-04,686563,19,3,3,6.948258393939393,19.0,11,1
2025-04-04,686993,5,3,1,0.987497,5.0,1,0
2025-04-04,687377,2,0,0,0.066,2.0,2,0
2025-04-04,687396,6,2,1,1.896432483870968,6.0,3,1
2025-04-04,687863,3,1,0,0.5820000000000001,3.0,2,0
2025-04-04,688297,3,0,1,2.780680333333333,3.0,2,1
2025-04-04,689254,3,0,1,0.918,2.0,2,0
2025-04-04,689690,7,1,1,2.990149636363636,7.0,4,0
2025-04-04,691594,3,0,0,0.5950000000000001,3.0,3,0
2025-04-04,694297,23,4,0,10.25376071993345,23.0,19,4
2025-04-04,695243,3,1,1,0.8574970000000001,3.0,1,0
2025-04-04,702352,9,1,2,2.595994,9.0,6,0
2025-04-04,702674,14,2,1,5.771849941176471,14.0,11,1
2025-04-04,808967,22,5,3,5.9365819090909095,22.0,14,0
2025-04-05,455119,3,1,0,0.206,3.0,2,0
2025-04-05,518397,5,0,1,5.28579676427489,5.0,4,3
2025-04-05,518585,3,2,0,0.082,3.0,1,0
2025-04-05,534910,8,1,1,2.119497,8.0,6,0
2025-04-05,554340,3,0,1,1.741497,3.0,2,0
2025-04-05,571510,23,5,1,6.177786,23.0,16,0
2025-04-05,573009,4,2,0,0.355,4.0,2,0
2025-04-05,573124,3,1,0,0.32,3.0,2,0
2025-04-05,573186,18,3,3,4.982771,17.0,11,1
2025-04-05,573204,3,1,0,0.196,3.0,2,0
2025-04-05,592155,4,1,1,0.717497,4.0,2,0
2025-04-05,592426,4,0,0,0.508,4.0,4,0
2025-04-05,592662,24,2,5,9.93483735856098,24.0,17,4
2025-04-05,593958,20,12,1,5.367592890410959,20.0,7,1
2025-04-05,593974,4,0,0,0.626,4.0,4,0
2025-04-05,594798,24,3,0,8.888520158102766,23.0,20,3
2025-04-05,595345,3,3,0,0.0,3.0,0,0
2025-04-05,601713,19,4,3,8.744833466307005,19.0,12,2
2025-04-05,605130,5,0,2,2.340994,5.0,3,0
2025-04-05,605135,24,9,0,5.137403361344538,24.0,15,2
2025-04-05,605154,6,2,0,0.773,6.0,4,0
2025-04-05,605347,5,0,1,2.616497,5.0,4,0
2025-04-05,605400,25,2,1,9.726553650246306,25.0,22,3
2025-04-05,605452,6,1,0,1.9015,6.0,5,1
2025-04-05,605463,3,0,0,0.876,3.0,3,0
2025-04-05,607455,2,0,0,0.5780000000000001,2.0,2,0
2025-04-05,608372,23,4,1,7.246414968253968,23.0,17,2
2025-04-05,608379,23,5,1,8.067873500857633,23.0,17,2
2025-04-05,608566,23,3,6,7.776982,23.0,14,0
2025-04-05,608717,10,1,1,4.655282622593069,10.0,8,1
2025-04-05,615698,18,4,0,4.604321428571429,17.0,13,0
2025-04-05,621053,6,0,1,3.0506188568665378,6.0,5,1
2025-04-05,621199,3,0,0,0.3993333333333333,3.0,3,0
2025-04-05,621242,5,3,0,1.01,5.0,2,0
2025-04-05,621366,5,0,0,1.1809999999999998,5.0,5,0
2025-04-05,621383,4,0,1,2.4598920617283957,4.0,3,1
2025-04-05,623211,7,1,0,1.733,7.0,6,0
2025-04-05,623437,4,2,0,0.862,4.0,2,0
2025-04-05,623474,4,2,0,1.022,4.0,2,0
2025-04-05,640448,5,0,1,1.020497,4.0,3,0
2025-04-05,641329,1,0,0,0.062,1.0,1,0
2025-04-05,641745,3,1,0,0.8703157894736844,3.0,2,1
2025-04-05,641927,17,5,2,4.359933393939394,17.0,10,1
2025-04-05,641941,5,1,1,1.766497,5.0,3,0
2025-04-05,642232,7,5,1,0.819497,7.0,1,0
2025-04-05,642701,5,0,0,2.774416071428572,5.0,5,1
2025-04-05,643410,2,0,0,0.179,2.0,2,0
2025-04-05,656234,1,0,0,0.056,1.0,1,0
2025-04-05,656288,19,6,3,5.332015475524475,19.0,10,0
2025-04-05,656546,1,0,0,0.253,1.0,1,0
2025-04-05,656945,3,0,0,1.2779354838709676,3.0,3,1
2025-04-05,657097,4,1,0,1.073,4.0,3,0
2025-04-05,657571,4,0,0,1.79425,4.0,4,0
2025-04-05,657612,4,0,1,1.6934970000000005,4.0,3,0
2025-04-05,660730,23,2,1,12.364421375179663,23.0,19,5
2025-04-05,660761,13,1,2,5.476380698808849,12.0,10,2
2025-04-05,660853,4,3,0,0.123,4.0,1,0
2025-04-05,660896,6,1,0,1.8925667777777777,6.0,4,1
2025-04-05,661395,4,1,0,1.908,4.0,3,0
2025-04-05,663423,3,0,0,0.898,3.0,3,0
2025-04-05,663436,26,2,2,12.441976216783218,26.0,21,3
2025-04-05,663474,11,3,4,4.7989880000000005,11.0,4,0
2025-04-05,663485,3,2,0,0.261,3.0,1,0
2025-04-05,663559,20,5,1,5.863650548494984,20.0,13,1
2025-04-05,663574,5,3,0,0.327,5.0,2,0
2025-04-05,663738,4,0,2,2.753781878787879,4.0,2,1
2025-04-05,663878,6,0,0,1.422,6.0,6,0
2025-04-05,663893,5,1,1,2.5993202323232323,5.0,3,2
2025-04-05,663903,25,7,1,6.773497,25.0,17,0
2025-04-05,664875,4,0,1,1.7171456486486485,4.0,3,1
2025-04-05,665625,2,1,0,0.144,2.0,1,0
2025-04-05,666120,9,1,1,3.043497,9.0,7,0
2025-04-05,669211,8,2,2,1.671994,8.0,4,0
2025-04-05,669622,4,1,1,1.107497,4.0,2,0
2025-04-05,669674,5,1,1,1.755497,5.0,3,0
2025-04-05,670059,5,2,0,1.9416047894736843,5.0,2,1
2025-04-05,670955,5,1,1,0.976289,4.0,2,0
2025-04-05,671162,17,3,1,5.705497,17.0,13,0
2025-04-05,671737,21,7,4,6.339386720682303,21.0,10,2
2025-04-05,673929,5,3,1,1.389497,5.0,1,0
2025-04-05,674285,3,0,0,0.595,3.0,3,0
2025-04-05,676130,9,1,1,2.969497,9.0,7,0
2025-04-05,676254,4,1,0,0.688,4.0,3,0
2025-04-05,676282,7,2,0,1.719,7.0,5,0
2025-04-05,676395,1,0,0,0.235,1.0,1,0
2025-04-05,676440,23,4,1,10.672117395348838,23.0,17,4
2025-04-05,676508,6,1,0,0.6699999999999999,6.0,5,0
2025-04-05,676534,2,1,0,0.59,2.0,1,0
2025-04-05,676664,26,2,2,7.559160666666667,26.0,22,1
2025-04-05,678316,15,4,3,4.9134910000000005,15.0,8,0
2025-04-05,678606,1,0,0,0.01,1.0,1,0
2025-04-05,678692,7,3,1,1.276497,7.0,3,0
2025-04-05,680704,4,1,1,1.666497,4.0,2,0
2025-04-05,680729,6,2,0,1.802,6.0,4,0
2025-04-05,680730,23,2,4,7.672468,23.0,17,0
2025-04-05,681293,18,3,3,6.6315925,18.0,11,1
2025-04-05,681857,26,5,3,8.254491,25.0,17,0
2025-04-05,681911,4,3,0,0.722289,4.0,0,0
2025-04-05,682243,24,4,3,8.117139648648648,24.0,17,1
2025-04-05,682254,5,3,0,2.686833333333333,5.0,2,1
2025-04-05,685107,4,2,0,1.548787878787879,4.0,2,1
2025-04-05,686642,3,2,0,0.5216666666666666,3.0,1,0
2025-04-05,686799,22,4,3,7.343850423763535,21.0,15,2
2025-04-05,686826,7,2,1,1.638747,6.0,3,0
2025-04-05,686973,5,2,0,2.172071428571429,5.0,3,1
2025-04-05,686993,2,1,0,0.029,2.0,1,0
2025-04-05,687134,8,1,0,2.499,8.0,7,0
2025-04-05,687330,4,1,1,1.6909087647058825,4.0,2,1
2025-04-05,687473,11,4,1,2.740497,11.0,6,1
2025-04-05,689225,4,0,0,1.278,4.0,4,0
2025-04-05,689690,6,0,2,2.078344,6.0,4,0
2025-04-05,695243,4,2,0,0.309,4.0,2,0
2025-04-05,700363,23,6,3,9.666614579545454,23.0,14,2
2025-04-05,806185,8,2,1,2.548497,8.0,5,0
2025-04-05,808963,17,4,2,4.395994,16.0,10,0
2025-04-06,445276,3,1,0,0.015,3.0,2,0
2025-04-06,458677,6,1,0,1.98,6.0,5,0
2025-04-06,472610,5,0,3,2.768491,5.0,2,0
2025-04-06,489446,2,1,0,0.061,2.0,1,0
2025-04-06,519008,7,1,1,3.282786,7.0,4,0
2025-04-06,519151,5,0,1,1.723497,5.0,4,0
2025-04-06,527048,24,4,2,8.731688444444444,24.0,18,0
2025-04-06,542881,21,5,4,6.848675061728395,20.0,11,1
2025-04-06,543056,1,0,0,0.286,1.0,1,0
2025-04-06,547973,4,2,1,0.781497,4.0,1,0
2025-04-06,571760,27,10,1,5.365908764705883,27.0,16,1
2025-04-06,571945,20,1,1,6.950690548387096,20.0,18,2
2025-04-06,571948,6,2,0,0.363,6.0,4,0
2025-04-06,573009,5,0,0,1.144,5.0,5,0
2025-04-06,573204,5,1,2,1.849994,5.0,2,0
2025-04-06,592094,5,1,1,0.817497,4.0,3,0
2025-04-06,592155,1,1,0,0.0,1.0,0,0
2025-04-06,592454,3,0,0,0.5880000000000001,3.0,3,0
2025-04-06,592866,22,6,2,5.270494,21.0,14,0
2025-04-06,594580,5,0,1,2.171997,4.0,4,0
2025-04-06,595014,6,0,1,2.541497,6.0,5,0
2025-04-06,596001,1,1,0,0.0,1.0,0,0
2025-04-06,596133,8,2,2,1.280497,7.0,4,0
2025-04-06,605154,4,0,0,1.060289,4.0,3,0
2025-04-06,605182,3,0,2,1.460994,3.0,1,0
2025-04-06,605347,5,1,0,1.874,5.0,4,0
2025-04-06,605447,3,0,1,1.3314970000000002,3.0,2,0
2025-04-06,606160,7,3,1,1.281497,7.0,3,0
2025-04-06,606996,8,0,4,4.189988,8.0,4,0
2025-04-06,607192,13,2,5,5.432485,13.0,6,0
2025-04-06,608032,3,1,0,0.5950000000000001,3.0,2,0
2025-04-06,608371,5,2,1,1.244497,5.0,2,0
2025-04-06,608718,7,0,1,2.762497,7.0,6,0
2025-04-06,614179,1,0,0,0.018,1.0,1,0
2025-04-06,621237,3,0,0,0.8220000000000001,3.0,3,0
2025-04-06,621242,5,1,0,2.138578,5.0,2,0
2025-04-06,621345,4,2,0,1.07,4.0,2,0
2025-04-06,621366,6,1,1,2.256497,6.0,4,0
2025-04-06,621381,3,1,0,0.106,3.0,2,0
2025-04-06,622554,4,2,1,0.8474970000000001,4.0,1,0
2025-04-06,623149,4,1,0,1.9136065573770489,4.0,3,1
2025-04-06,623352,6,3,0,0.492,6.0,3,0
2025-04-06,623437,4,1,0,0.955289,4.0,2,0
2025-04-06,640448,4,1,0,0.92,4.0,3,0
2025-04-06,640451,1,1,0,0.0,1.0,0,0
2025-04-06,641745,4,2,0,0.154,4.0,2,0
2025-04-06,642207,2,0,0,1.0873809523809526,2.0,2,1
2025-04-06,642701,3,0,0,1.532826086956522,3.0,3,1
2025-04-06,643338,7,1,1,2.6691965073891626,7.0,5,1
2025-04-06,643377,6,3,0,3.900576209859792,6.0,3,2
2025-04-06,643511,3,0,0,0.591,3.0,3,0
2025-04-06,650556,5,1,0,1.1230000000000002,5.0,4,0
2025-04-06,650911,25,9,1,5.895304461538461,25.0,14,0
2025-04-06,655889,6,3,0,1.064,6.0,3,0
2025-04-06,656222,7,4,1,0.933497,7.0,2,0
2025-04-06,656234,6,5,0,0.125,6.0,1,0
2025-04-06,656271,3,0,0,0.3379999999999999,3.0,3,0
2025-04-06,656794,23,5,3,6.692488333333333,23.0,14,1
2025-04-06,656849,22,3,5,8.029840666666667,22.0,13,1
2025-04-06,656876,18,4,1,4.647497,18.0,13,0
2025-04-06,657097,4,2,1,0.702497,4.0,1,0
2025-04-06,657240,6,2,0,1.916,6.0,4,0
2025-04-06,657514,3,1,0,0.3989999999999999,3.0,2,0
2025-04-06,657571,4,0,1,0.958,3.0,3,0
2025-04-06,657585,3,1,0,0.4489999999999999,3.0,2,0
2025-04-06,657649,2,2,0,0.0,2.0,0,0
2025-04-06,660825,4,1,1,0.7974970000000001,4.0,2,0
2025-04-06,661395,3,1,0,0.2259999999999999,3.0,2,0
2025-04-06,663158,3,2,0,0.007,3.0,1,0
2025-04-06,663460,25,8,1,6.691476487179488,25.0,16,1
2025-04-06,663485,3,1,0,1.208,3.0,2,0
2025-04-06,663767,1,0,0,0.046,1.0,1,0
2025-04-06,663855,25,5,1,9.038362693872362,25.0,17,3
2025-04-06,663893,3,2,0,0.039,3.0,1,0
2025-04-06,663978,21,2,2,6.694111647058824,21.0,17,0
2025-04-06,664076,4,2,1,2.515381615384616,4.0,1,1
2025-04-06,664126,3,1,0,0.255,2.0,1,0
2025-04-06,664139,4,1,0,2.028183333333333,4.0,3,1
2025-04-06,664208,2,0,0,0.401,2.0,2,0
2025-04-06,664351,12,1,1,5.010680169178205,12.0,10,1
2025-04-06,664854,8,2,4,3.717988,8.0,2,0
2025-04-06,666171,4,3,0,0.111,4.0,1,0
2025-04-06,666214,4,2,0,0.8000384615384615,4.0,2,0
2025-04-06,666619,4,0,1,1.189497,4.0,3,0
2025-04-06,666808,7,0,2,2.132497,6.0,5,0
2025-04-06,666974,3,1,0,0.617,3.0,2,0
2025-04-06,667463,6,0,2,2.094994,6.0,4,0
2025-04-06,668674,3,2,0,0.023,3.0,1,0
2025-04-06,668820,4,1,0,0.307,4.0,3,0
2025-04-06,668933,3,1,0,0.436,3.0,2,0
2025-04-06,668941,5,1,0,1.475,4.0,3,0
2025-04-06,669062,4,0,0,0.8939999999999999,4.0,4,0
2025-04-06,669093,4,2,1,0.721497,4.0,1,0
2025-04-06,669203,26,3,4,8.619566,25.0,17,0
2025-04-06,669467,20,6,3,6.970171851063831,20.0,11,1
2025-04-06,669711,1,1,0,0.0,1.0,0,0
2025-04-06,669724,6,0,0,1.398,5.0,5,0
2025-04-06,669854,13,3,3,7.401215999999999,13.0,7,1
2025-04-06,670102,23,6,2,7.353616333333333,23.0,14,0
2025-04-06,670766,5,0,1,2.265497,5.0,4,0
2025-04-06,670810,16,1,2,6.724926950191572,16.0,13,1
2025-04-06,670955,4,0,0,1.254,4.0,4,0
2025-04-06,670970,4,2,0,0.188,4.0,2,0
2025-04-06,671922,6,0,1,2.459289,5.0,4,0
2025-04-06,672782,7,1,1,2.208997,7.0,5,0
2025-04-06,672841,4,2,0,0.732,4.0,2,0
2025-04-06,673929,2,0,1,1.217497,2.0,1,0
2025-04-06,676263,9,4,2,2.151032461538461,9.0,3,0
2025-04-06,676477,10,2,2,3.7151044285714288,10.0,5,1
2025-04-06,676962,24,5,4,9.98439103508772,23.0,13,1
2025-04-06,677958,20,1,0,5.3797,20.0,19,0
2025-04-06,678495,3,1,0,0.582,3.0,2,0
2025-04-06,678606,3,1,0,0.187,3.0,2,0
2025-04-06,678821,1,0,0,0.545,1.0,1,0
2025-04-06,680767,9,2,2,2.584994,9.0,5,0
2025-04-06,681517,5,4,0,0.199,5.0,1,0
2025-04-06,681676,3,0,1,0.6154736842105264,2.0,2,1
2025-04-06,681867,16,0,1,5.167497,15.0,14,1
2025-04-06,681911,5,0,0,2.057826086956522,5.0,5,1
2025-04-06,681982,9,3,0,2.044,9.0,6,0
2025-04-06,682171,4,0,1,0.760497,3.0,2,0
2025-04-06,682842,3,2,0,0.038,3.0,1,0
2025-04-06,682847,25,3,0,7.60585,25.0,22,2
2025-04-06,683155,18,3,2,7.55648925,18.0,12,2
2025-04-06,686580,3,1,0,0.046,3.0,2,0
2025-04-06,686642,5,0,2,2.3849940000000003,5.0,3,0
2025-04-06,686730,16,3,1,6.5088127894736845,15.0,12,1
2025-04-06,686973,4,1,1,1.243497,3.0,2,0
2025-04-06,687396,7,4,1,0.720497,7.0,2,0
2025-04-06,687765,17,7,0,3.750289075630252,17.0,10,1
2025-04-06,687847,5,1,1,1.5733499411764704,5.0,3,1
2025-04-06,687863,5,0,1,2.023497,5.0,4,0
2025-04-06,687911,3,1,0,0.688,3.0,2,0
2025-04-06,688297,5,2,0,0.506,5.0,3,0
2025-04-06,689147,4,0,0,1.2388529411764706,4.0,4,1
2025-04-06,690829,4,1,0,0.195,4.0,3,0
2025-04-06,690928,24,5,2,7.419283,24.0,16,0
2025-04-06,693433,24,6,1,6.4898520600343055,24.0,17,1
2025-04-06,694477,21,4,3,4.653602111111111,20.0,13,1
2025-04-06,695549,21,4,3,5.279491,20.0,14,0
2025-04-06,700249,28,4,0,11.483748355263158,28.0,24,2
2025-04-06,700669,19,2,1,10.782144734415176,19.0,16,3
2025-04-06,701542,19,5,1,6.654377,19.0,13,1
2025-04-06,801403,22,6,1,7.175354954545455,22.0,15,3
2025-04-07,476594,9,0,1,3.572497,9.0,8,0
2025-04-07,493603,3,1,2,1.382994,3.0,0,0
2025-04-07,543135,22,4,2,9.29817494117647,21.0,14,2
2025-04-07,547179,23,3,0,6.056193548387097,22.0,19,1
2025-04-07,554340,6,1,1,1.938725571428572,6.0,4,1
2025-04-07,592094,3,1,0,1.118,3.0,2,0
2025-04-07,592454,3,2,0,0.008,3.0,1,0
2025-04-07,592773,3,1,0,1.707916666666667,3.0,2,2
2025-04-07,605463,3,0,2,1.382994,2.0,1,0
2025-04-07,607067,6,1,0,1.001,6.0,5,0
2025-04-07,607074,25,8,3,6.551424333333333,24.0,14,1
2025-04-07,607455,4,0,0,2.560142857142857,4.0,4,1
2025-04-07,608032,6,1,1,2.694786,6.0,3,0
2025-04-07,608371,4,1,1,2.086497,4.0,2,0
2025-04-07,621107,23,1,0,8.543973684684685,23.0,21,1
2025-04-07,621244,26,2,3,7.745913119815668,26.0,21,2
2025-04-07,622663,29,3,0,10.021466666666669,29.0,26,2
2025-04-07,622780,3,0,1,1.244497,3.0,2,0
2025-04-07,640448,8,2,1,3.4555928904109594,8.0,5,1
2025-04-07,640451,4,0,0,1.09,4.0,4,0
2025-04-07,642152,4,2,0,0.0209999999999999,4.0,2,0
2025-04-07,642397,4,0,0,1.148,4.0,4,0
2025-04-07,642520,16,3,1,5.207497,16.0,12,0
2025-04-07,642585,3,0,0,0.158,3.0,3,0
2025-04-07,650556,3,1,0,0.955,3.0,2,0
2025-04-07,650633,27,2,2,9.003371777777778,27.0,23,1
2025-04-07,656240,8,2,0,2.764,8.0,6,0
2025-04-07,656546,3,1,0,0.14,3.0,2,0
2025-04-07,657006,25,8,2,5.044851142857143,25.0,15,0
2025-04-07,657044,5,2,1,1.065497,5.0,2,0
2025-04-07,657277,24,10,0,4.6450000000000005,23.0,14,1
2025-04-07,657612,6,1,0,1.299,6.0,5,0
2025-04-07,662253,3,1,0,0.543,3.0,2,0
2025-04-07,663158,3,1,0,0.027,3.0,2,0
2025-04-07,663423,4,2,0,0.927,4.0,2,0
2025-04-07,663554,24,6,3,5.700491,24.0,15,0
2025-04-07,663574,1,0,0,0.93,1.0,1,0
2025-04-07,663947,3,0,0,2.2681111111111107,3.0,3,1
2025-04-07,663969,5,0,1,1.577497,5.0,4,0
2025-04-07,664849,4,1,0,0.598,4.0,3,0
2025-04-07,666277,5,1,1,1.779497,5.0,3,0
2025-04-07,666619,7,0,2,2.773497,5.0,5,0
2025-04-07,666808,3,0,1,1.413786,2.0,1,0
2025-04-07,666974,3,2,0,0.002,3.0,1,0
2025-04-07,667463,3,0,0,1.566,3.0,3,0
2025-04-07,668674,3,1,1,1.192497,3.0,1,0
2025-04-07,668678,24,2,4,10.398887145299144,24.0,18,2
2025-04-07,668716,4,2,0,1.1760000000000002,4.0,2,0
2025-04-07,668881,31,7,1,8.694079485875706,31.0,23,2
2025-04-07,669022,23,7,1,6.936080126550868,23.0,15,2
2025-04-07,669062,4,1,2,1.348497,3.0,1,0
2025-04-07,669093,4,1,0,1.1746842105263156,4.0,3,1
2025-04-07,669160,25,1,3,7.386191,24.0,20,0
2025-04-07,669194,9,2,0,1.886,9.0,7,0
2025-04-07,669199,6,2,1,1.121497,5.0,2,0
2025-04-07,669302,21,7,2,4.87267485106383,21.0,12,1
2025-04-07,669387,22,6,2,7.192539454545455,22.0,14,0
2025-04-07,669422,6,0,0,2.208,6.0,6,0
2025-04-07,669461,28,7,0,7.211228070175438,27.0,20,1
2025-04-07,669711,7,1,0,2.148,7.0,6,0
2025-04-07,669713,24,5,0,4.2103214285714285,24.0,19,0
2025-04-07,670970,1,1,0,0.0,1.0,0,0
2025-04-07,673540,19,4,2,5.804716222222222,19.0,13,0
2025-04-07,674285,3,1,0,0.4409999999999999,3.0,2,0
2025-04-07,676130,7,2,1,1.559497,7.0,4,0
2025-04-07,678368,17,2,2,6.144045219512195,16.0,12,2
2025-04-07,680573,28,6,4,10.196770962866635,28.0,18,5
2025-04-07,685107,3,0,0,2.233888888888889,3.0,3,1
2025-04-07,688297,6,0,2,4.169922443649374,6.0,4,2
2025-04-07,689225,6,0,0,1.366,6.0,6,0
2025-04-07,690916,28,4,4,11.852245807639669,28.0,19,3
2025-04-07,802419,16,5,1,4.16084289041096,16.0,10,1
2025-04-08,445276,5,2,0,0.833,5.0,3,0
2025-04-08,450203,25,4,5,9.946313408866995,25.0,15,3
2025-04-08,455119,6,2,1,1.9072641509433963,5.0,3,1
2025-04-08,471911,19,3,1,8.08660774266181,19.0,15,5
2025-04-08,472610,4,0,0,0.675,4.0,4,0
2025-04-08,518585,3,1,0,0.017,3.0,2,0
2025-04-08,518876,24,4,2,7.573493526315789,24.0,17,1
2025-04-08,519151,4,0,0,2.05,4.0,4,0
2025-04-08,519242,23,5,0,9.966076561774807,23.0,18,3
2025-04-08,534910,9,2,3,0.785,5.0,4,0
2025-04-08,542888,4,1,1,1.866786,4.0,1,0
2025-04-08,543056,3,2,0,0.169,3.0,1,0
2025-04-08,543243,17,4,0,7.029428070175438,17.0,13,2
2025-04-08,543294,17,4,2,4.107258150943396,17.0,11,1
2025-04-08,554430,27,7,3,7.666589003629764,27.0,17,2
2025-04-08,571578,19,0,2,9.254844574712644,19.0,17,1
2025-04-08,571927,5,1,0,2.429198090909091,5.0,3,1
2025-04-08,571946,3,0,0,2.295289,3.0,2,0
2025-04-08,571948,1,0,0,0.838,1.0,1,0
2025-04-08,592791,24,6,1,8.071563312997348,24.0,17,2
2025-04-08,593974,3,1,0,0.302,3.0,2,0
2025-04-08,594902,17,4,3,5.98714725,17.0,10,1
2025-04-08,595345,3,2,0,0.171,3.0,1,0
2025-04-08,600917,5,1,0,1.858,5.0,4,0
2025-04-08,605182,5,0,3,2.356491,5.0,2,0
2025-04-08,605280,23,10,3,6.261227842105264,23.0,10,0
2025-04-08,605463,4,2,0,1.328,4.0,2,0
2025-04-08,605488,28,4,2,9.097910666666667,28.0,22,1
2025-04-08,606303,4,2,0,0.555,4.0,2,0
2025-04-08,606930,4,1,0,1.6760000000000002,4.0,3,0
2025-04-08,607536,27,5,0,9.41953265079365,27.0,21,2
2025-04-08,621053,4,3,0,0.587,4.0,1,0
2025-04-08,621345,2,1,0,1.5301,2.0,1,1
2025-04-08,621363,3,3,0,0.0,3.0,0,0
2025-04-08,621381,2,1,0,0.007,2.0,1,0
2025-04-08,621383,6,0,1,2.971747,5.0,5,0
2025-04-08,622491,21,6,2,6.104357636363637,21.0,13,1
2025-04-08,622554,4,1,2,2.019994,4.0,1,0
2025-04-08,623149,3,1,0,0.022,3.0,2,0
2025-04-08,623211,5,1,0,2.5622580645161293,5.0,4,1
2025-04-08,623352,6,4,0,0.4009999999999999,6.0,2,0
2025-04-08,623474,4,0,0,1.7247222222222225,4.0,4,0
2025-04-08,628452,4,0,1,1.134497,4.0,3,0
2025-04-08,640462,4,1,0,0.906,4.0,3,0
2025-04-08,641154,19,6,1,4.043497,19.0,12,0
2025-04-08,641329,1,0,0,0.231,1.0,1,0
2025-04-08,641656,4,2,0,0.978,4.0,2,0
2025-04-08,641755,3,1,0,0.77,3.0,2,0
2025-04-08,641835,3,2,0,0.005,3.0,1,0
2025-04-08,641941,3,0,0,0.952,3.0,3,0
2025-04-08,642100,3,0,0,1.667697674418605,3.0,3,1
2025-04-08,642232,7,3,0,2.1412666666666667,7.0,4,0
2025-04-08,642547,21,6,3,7.054031983606557,21.0,12,1
2025-04-08,643338,3,1,0,0.602,3.0,2,0
2025-04-08,643377,4,0,0,0.357,4.0,4,0
2025-04-08,656271,5,2,0,0.915289,5.0,2,0
2025-04-08,656302,23,4,3,9.130902764705883,23.0,16,1
2025-04-08,656457,6,3,1,1.050197,6.0,2,0
2025-04-08,657097,7,1,0,3.2187,7.0,6,0
2025-04-08,657240,5,1,0,1.312,5.0,4,0
2025-04-08,657585,3,1,0,0.288,3.0,2,0
2025-04-08,660825,2,1,0,0.115,2.0,1,0
2025-04-08,660853,5,2,1,0.8484970000000001,5.0,2,0
2025-04-08,660896,3,0,1,0.785497,3.0,2,0
2025-04-08,661403,4,2,0,0.5630000000000001,4.0,2,0
2025-04-08,662253,4,1,0,0.906,4.0,3,0
2025-04-08,663485,2,0,1,1.219747,2.0,1,0
2025-04-08,663542,3,2,0,0.171,3.0,1,0
2025-04-08,663738,1,0,0,0.072,1.0,1,0
2025-04-08,663767,8,1,1,1.781497,8.0,6,0
2025-04-08,663893,1,1,0,0.0,1.0,0,0
2025-04-08,664126,5,1,0,1.544,5.0,4,0
2025-04-08,664208,3,1,0,0.878,3.0,2,0
2025-04-08,664285,22,8,1,5.184066,22.0,12,2
2025-04-08,664849,3,1,0,0.202,3.0,2,0
2025-04-08,666142,23,11,0,4.804140428571428,23.0,11,2
2025-04-08,666157,23,3,1,6.6480087647058825,22.0,19,2
2025-04-08,666171,3,2,0,0.042,3.0,1,0
2025-04-08,668933,6,2,0,1.279,6.0,4,0
2025-04-08,668941,3,0,0,1.585641975308642,3.0,3,1
2025-04-08,669211,4,0,0,1.711955555555556,4.0,4,1
2025-04-08,669276,3,0,1,0.841497,3.0,2,0
2025-04-08,669358,28,6,4,8.045926095238096,28.0,18,3
2025-04-08,669373,22,6,0,3.3360000000000003,21.0,15,0
2025-04-08,670167,6,1,0,2.19,6.0,5,0
2025-04-08,670174,6,1,0,1.913289,6.0,4,0
2025-04-08,670955,6,0,2,1.6174970000000002,5.0,4,0
2025-04-08,671131,11,5,2,4.808597773584905,11.0,4,1
2025-04-08,671922,5,1,2,1.448994,5.0,2,0
2025-04-08,672582,4,0,0,0.209,4.0,4,0
2025-04-08,672841,3,1,0,0.079,3.0,2,0
2025-04-08,673513,5,1,0,0.46,5.0,4,0
2025-04-08,675540,5,0,0,1.6492121212121211,5.0,5,1
2025-04-08,676092,5,1,0,0.83,5.0,4,0
2025-04-08,676428,11,3,1,2.412497,11.0,7,0
2025-04-08,676508,8,2,0,2.028,8.0,6,0
2025-04-08,676534,6,0,1,2.3061636666666665,6.0,5,0
2025-04-08,676979,27,5,4,10.481600124562371,27.0,18,2
2025-04-08,677161,10,2,1,4.053497,10.0,7,0
2025-04-08,678215,10,1,0,4.174,10.0,9,0
2025-04-08,678226,4,2,0,0.62,4.0,2,0
2025-04-08,678692,6,1,2,2.678786,5.0,2,1
2025-04-08,679885,3,1,0,1.004289,3.0,1,0
2025-04-08,680729,4,1,2,1.443994,4.0,1,0
2025-04-08,680736,26,4,3,11.206691,26.0,19,2
2025-04-08,681343,22,6,1,5.812786,22.0,14,0
2025-04-08,681517,5,3,0,0.706,5.0,2,0
2025-04-08,682842,5,2,1,1.005497,5.0,2,0
2025-04-08,683232,3,2,0,0.045,3.0,1,0
2025-04-08,683409,3,1,0,0.876,3.0,2,0
2025-04-08,683769,3,1,0,0.214,3.0,2,0
2025-04-08,684320,4,0,0,1.327,4.0,4,0
2025-04-08,686993,4,1,0,0.686,4.0,3,0
2025-04-08,687362,17,2,1,5.905421242424243,17.0,14,2
2025-04-08,687377,14,3,1,5.40334391229891,14.0,10,2
2025-04-08,687473,3,0,1,1.039497,3.0,2,0
2025-04-08,687847,6,1,2,3.804392028022833,6.0,3,2
2025-04-08,687863,6,3,0,0.1669999999999999,6.0,3,0
2025-04-08,687911,6,3,1,1.7144970000000002,6.0,2,0
2025-04-08,687922,20,8,1,4.286112384615385,20.0,11,0
2025-04-08,689147,6,0,2,2.160994,6.0,4,0
2025-04-08,689254,3,1,0,0.611,3.0,2,0
2025-04-08,689690,8,1,0,1.884,8.0,7,0
2025-04-08,690829,5,0,0,4.205060263653484,5.0,5,2
2025-04-08,694738,24,4,0,5.9190000000000005,23.0,19,0
2025-04-08,694973,26,7,1,6.428406090909091,26.0,18,0
2025-04-08,695418,13,4,2,2.515994,13.0,7,0
2025-04-08,806185,11,2,1,3.469428174089069,11.0,8,1
2025-04-09,434378,26,9,3,4.679291,26.0,14,0
2025-04-09,458677,1,0,0,0.054,1.0,1,0
2025-04-09,489446,3,2,0,0.298,3.0,1,0
2025-04-09,519008,1,0,0,0.216,1.0,1,0
2025-04-09,547973,4,2,0,0.7799999999999999,4.0,2,0
2025-04-09,571927,4,1,0,1.046,4.0,3,0
2025-04-09,572955,4,0,0,1.8608529411764705,4.0,4,1
2025-04-09,573124,3,0,0,1.231647058823529,3.0,3,0
2025-04-09,579328,25,5,3,8.180122578947369,25.0,17,2
2025-04-09,592094,4,2,1,0.806497,4.0,1,0
2025-04-09,592332,27,10,0,4.84553431372549,27.0,17,1
2025-04-09,592426,3,0,0,0.967,3.0,3,0
2025-04-09,592773,3,2,0,0.783,3.0,1,0
2025-04-09,592836,22,5,3,7.31578,22.0,13,0
2025-04-09,595014,5,0,1,1.428497,5.0,4,0
2025-04-09,595345,4,1,0,1.646105263157895,4.0,3,1
2025-04-09,596001,3,1,1,1.245497,3.0,1,0
2025-04-09,596133,4,1,0,1.4605,4.0,3,0
2025-04-09,596271,14,0,1,8.296575181818183,14.0,13,3
2025-04-09,605130,3,0,0,2.065,3.0,3,0
2025-04-09,605154,7,1,1,3.222075,7.0,3,0
2025-04-09,605347,4,1,0,2.178111111111111,4.0,3,1
2025-04-09,605452,7,0,0,3.216771324863884,7.0,7,1
2025-04-09,607200,20,2,4,6.440745326007327,20.0,14,1
2025-04-09,607259,25,8,1,9.138663666666666,25.0,16,1
2025-04-09,607455,3,0,0,1.0174545454545454,3.0,3,0
2025-04-09,607481,4,2,0,0.528,4.0,2,0
2025-04-09,607625,23,6,3,5.894283,22.0,13,0
2025-04-09,608331,26,11,0,4.341,26.0,15,0
2025-04-09,608371,5,1,0,1.087289,5.0,3,0
2025-04-09,608717,6,2,0,2.1252280701754387,6.0,4,1
2025-04-09,614179,7,0,2,3.221766727272727,7.0,5,1
2025-04-09,621199,4,1,0,0.567,4.0,3,0
2025-04-09,621237,6,2,0,1.087,6.0,4,0
2025-04-09,621242,6,0,2,3.7851224722222234,6.0,4,1
2025-04-09,621366,4,0,1,0.8780909090909091,3.0,3,0
2025-04-09,622379,23,3,5,9.368085,23.0,15,1
2025-04-09,622608,22,3,1,7.4235608632296755,22.0,18,3
2025-04-09,622780,4,1,0,0.479,4.0,3,0
2025-04-09,623149,4,3,1,0.691497,4.0,0,0
2025-04-09,623211,4,1,0,0.685,3.0,2,0
2025-04-09,628452,4,3,0,0.9708809523809524,4.0,1,1
2025-04-09,641302,19,3,2,9.210185489361702,19.0,14,1
2025-04-09,641755,3,0,0,0.669,3.0,3,0
2025-04-09,641816,24,4,1,5.639468428571429,24.0,19,1
2025-04-09,641941,2,0,0,1.5391551724137935,2.0,2,1
2025-04-09,642152,2,1,1,0.691497,2.0,0,0
2025-04-09,642207,6,2,2,2.774994,6.0,2,0
2025-04-09,642701,6,1,0,1.793842105263158,6.0,5,0
2025-04-09,643377,4,0,0,1.49,4.0,4,0
2025-04-09,643410,1,0,0,0.207,1.0,1,0
2025-04-09,643511,3,3,0,0.0,3.0,0,0
2025-04-09,650556,8,0,2,4.585994,8.0,6,0
2025-04-09,655889,3,1,0,0.205,3.0,2,0
2025-04-09,656222,6,0,0,1.193,6.0,6,0
2025-04-09,656427,22,9,3,7.127674333333333,22.0,10,1
2025-04-09,656546,7,3,1,0.698,6.0,3,0
2025-04-09,656550,19,6,4,5.528988,19.0,9,0
2025-04-09,656557,24,2,2,8.355882888888889,24.0,20,0
2025-04-09,656605,27,6,1,9.838453773080245,27.0,20,3
2025-04-09,656731,22,7,3,6.784491,22.0,12,0
2025-04-09,656945,3,2,0,0.32,3.0,1,0
2025-04-09,656986,3,1,2,1.382994,3.0,0,0
2025-04-09,657571,3,1,0,0.133,3.0,2,0
2025-04-09,657649,4,1,1,1.175497,4.0,2,0
2025-04-09,657746,22,4,0,5.472,22.0,18,1
2025-04-09,660825,5,1,1,1.205497,5.0,3,0
2025-04-09,661395,4,0,1,1.021497,4.0,3,0
2025-04-09,661403,6,2,1,2.287497,6.0,3,0
2025-04-09,663158,3,0,1,1.122497,3.0,2,0
2025-04-09,663574,6,0,0,2.690668450787987,6.0,6,2
2025-04-09,663623,25,7,3,8.190062196283392,25.0,15,2
2025-04-09,663878,9,2,0,3.056339285714285,9.0,7,1
2025-04-09,663947,8,2,0,3.413085106382979,8.0,6,1
2025-04-09,664126,4,1,1,1.292497,4.0,2,0
2025-04-09,664139,3,0,0,0.854,3.0,3,0
2025-04-09,664208,5,2,0,1.924289,5.0,2,0
2025-04-09,664351,5,1,2,2.282994,5.0,2,0
2025-04-09,664849,1,0,0,0.456,1.0,1,0
2025-04-09,664854,4,1,1,0.94,3.0,2,0
2025-04-09,664875,7,2,1,0.496,6.0,4,0
2025-04-09,665152,24,4,1,10.13742973389768,24.0,18,3
2025-04-09,665625,6,1,2,1.695994,6.0,3,0
2025-04-09,668716,7,1,1,1.7184970000000002,7.0,5,0
2025-04-09,668820,7,2,0,1.428,7.0,5,0
2025-04-09,668941,4,0,1,0.105,3.0,3,0
2025-04-09,669062,3,1,0,0.7540384615384614,3.0,2,0
2025-04-09,669093,3,1,0,1.2016545454545455,3.0,2,1
2025-04-09,669199,3,1,0,2.407649732620321,3.0,2,1
2025-04-09,669212,3,0,0,0.527,3.0,3,0
2025-04-09,669276,5,2,0,2.290369565217392,5.0,3,1
2025-04-09,669622,5,0,0,0.781,5.0,5,0
2025-04-09,669674,6,2,0,1.709090909090909,6.0,4,1
2025-04-09,669711,3,0,0,0.2569999999999999,3.0,3,0
2025-04-09,670174,3,0,0,0.663,3.0,3,0
2025-04-09,670970,4,0,0,1.116,4.0,4,0
2025-04-09,671106,21,4,2,5.261702333333334,21.0,15,1
2025-04-09,672282,7,2,0,0.934,7.0,5,0
2025-04-09,672335,7,1,2,3.0379940000000003,7.0,4,0
2025-04-09,674285,6,1,1,2.8816398571428574,6.0,4,1
2025-04-09,674370,24,5,0,6.71725,24.0,19,0
2025-04-09,676092,3,1,0,0.527,3.0,2,0
2025-04-09,676254,3,1,0,0.276,3.0,2,0
2025-04-09,676263,6,2,1,1.6469969999999998,6.0,3,0
2025-04-09,676395,5,1,0,1.259,5.0,4,0
2025-04-09,676684,4,1,1,1.215497,4.0,2,0
2025-04-09,676974,22,4,2,6.665149172413793,22.0,16,1
2025-04-09,678020,7,1,3,4.752491,7.0,3,1
2025-04-09,678024,12,1,2,3.833783,12.0,8,1
2025-04-09,678226,4,1,1,0.806497,4.0,2,0
2025-04-09,678495,4,1,0,0.415,4.0,3,0
2025-04-09,678821,7,0,1,2.1749087647058825,7.0,6,1
2025-04-09,680704,3,1,0,0.066,3.0,2,0
2025-04-09,680732,16,4,4,6.553402102564102,16.0,8,2
2025-04-09,680767,4,2,0,1.457,4.0,2,0
2025-04-09,681190,18,1,3,7.632687428571428,18.0,14,2
2025-04-09,681517,4,2,1,1.265497,4.0,1,0
2025-04-09,681676,4,2,0,0.908,4.0,2,0
2025-04-09,681799,3,1,0,0.414,3.0,2,0
2025-04-09,681882,6,2,0,3.438707650273225,6.0,4,2
2025-04-09,681911,3,1,1,1.5619200769230768,3.0,1,1
2025-04-09,681982,8,3,0,1.696,8.0,5,0
2025-04-09,682120,2,0,1,0.800497,2.0,1,0
2025-04-09,682171,3,1,0,1.7321999999999995,3.0,2,1
2025-04-09,682254,4,0,0,1.451727272727273,4.0,4,1
2025-04-09,683232,3,1,0,0.15,3.0,2,0
2025-04-09,683409,3,0,0,0.701,3.0,3,0
2025-04-09,683769,4,2,0,0.77,4.0,2,0
2025-04-09,684007,23,4,1,10.823750326286538,23.0,18,4
2025-04-09,686580,3,0,0,1.249,3.0,3,0
2025-04-09,686613,20,3,0,4.351,20.0,17,0
2025-04-09,686642,3,2,1,0.691497,3.0,0,0
2025-04-09,686752,24,5,3,8.303790356460533,24.0,16,3
2025-04-09,686826,3,0,0,0.956,3.0,3,0
2025-04-09,686993,4,2,1,0.810497,4.0,1,0
2025-04-09,687330,4,1,1,1.816497,4.0,2,0
2025-04-09,688297,4,0,2,3.075660666666667,4.0,2,1
2025-04-09,689017,15,2,4,7.28655696551724,15.0,9,1
2025-04-09,694297,21,3,2,5.639244,21.0,16,0
2025-04-10,458677,5,0,1,1.767,4.0,4,0
2025-04-10,518397,2,1,0,0.235,2.0,1,0
2025-04-10,543056,1,0,0,0.086,1.0,1,0
2025-04-10,547973,4,2,0,0.8268529411764707,4.0,2,1
2025-04-10,554340,7,2,1,1.639,6.0,4,0
2025-04-10,596001,6,1,0,1.965542372881356,6.0,5,1
2025-04-10,605135,22,5,1,7.177497,22.0,16,0
2025-04-10,605182,4,0,0,0.817,4.0,4,0
2025-04-10,605447,3,0,0,0.076,3.0,3,0
2025-04-10,605452,2,0,0,3.119581550802139,2.0,2,2
2025-04-10,606160,4,2,1,0.39,3.0,1,0
2025-04-10,606303,7,1,2,5.07966159435626,6.0,4,3
2025-04-10,607481,5,1,2,1.694994,5.0,2,0
2025-04-10,608032,5,1,0,1.64994525,5.0,3,1
2025-04-10,608379,22,4,3,7.6840382139427055,21.0,14,2
2025-04-10,621111,24,7,1,6.814176243902439,24.0,15,1
2025-04-10,621381,3,2,0,0.143,3.0,1,0
2025-04-10,621383,3,0,0,0.278,2.0,3,0
2025-04-10,628452,3,1,0,0.8195454545454544,3.0,2,1
2025-04-10,641793,21,4,1,10.54009365288394,21.0,16,4
2025-04-10,641927,24,4,1,8.648360157894738,24.0,19,1
2025-04-10,643338,4,2,1,0.705497,4.0,1,0
2025-04-10,656234,7,1,3,2.449491,7.0,3,0
2025-04-10,657514,3,0,0,0.3309999999999999,3.0,3,0
2025-04-10,660730,2,1,0,0.151,2.0,1,0
2025-04-10,660761,6,0,3,2.195686307692308,5.0,3,0
2025-04-10,660853,3,1,0,0.987657894736842,3.0,2,1
2025-04-10,663372,24,7,2,6.069994,24.0,15,0
2025-04-10,663485,5,1,0,3.151198090909091,5.0,3,1
2025-04-10,663542,4,1,0,0.585,4.0,3,0
2025-04-10,663738,3,2,1,0.691497,3.0,0,0
2025-04-10,663893,3,1,1,0.770497,3.0,1,0
2025-04-10,664076,3,0,0,0.569,3.0,3,0
2025-04-10,666200,23,6,1,6.639432483870968,23.0,16,1
2025-04-10,667755,28,4,3,8.821035090056284,27.0,20,2
2025-04-10,668674,3,0,0,0.3309999999999999,3.0,3,0
2025-04-10,668909,19,7,2,4.867994,19.0,10,0
2025-04-10,669060,7,0,0,1.21,6.0,6,0
2025-04-10,669438,14,1,0,7.085342105263158,14.0,12,1
2025-04-10,670167,5,1,1,1.528497,5.0,3,0
2025-04-10,672578,5,2,1,1.469497,5.0,2,0
2025-04-10,676282,9,4,1,2.103497,9.0,4,0
2025-04-10,676477,5,2,1,2.3499719999999997,5.0,2,1
2025-04-10,678020,4,1,1,1.256497,4.0,2,0
2025-04-10,680704,5,0,0,2.947578,5.0,3,0
2025-04-10,680885,25,5,2,8.568839105263159,24.0,18,1
2025-04-10,682842,5,0,1,1.432497,4.0,4,0
2025-04-10,682990,21,4,2,7.568298898648648,21.0,15,2
2025-04-10,685801,4,0,0,2.4879423076923075,4.0,4,1
2025-04-10,686563,27,6,3,8.642386503952569,27.0,18,2
2025-04-10,686973,4,1,1,0.766497,4.0,2,0
2025-04-10,696270,4,1,0,1.082,4.0,3,0
2025-04-11,455119,6,1,0,3.273,6.0,5,1
2025-04-11,489446,3,2,0,0.034,3.0,1,0
2025-04-11,500779,22,2,0,7.677193548387096,22.0,20,1
2025-04-11,543056,1,1,0,0.0,1.0,0,0
2025-04-11,571510,26,7,3,8.77086510638298,26.0,15,1
2025-04-11,571948,5,2,0,0.755,5.0,3,0
2025-04-11,572955,4,1,0,1.093,4.0,3,0
2025-04-11,573009,10,1,1,3.109786,10.0,7,0
2025-04-11,573124,3,1,0,0.275,3.0,2,0
2025-04-11,573186,9,1,3,4.70052225,9.0,5,1
2025-04-11,592155,5,0,1,2.310199793103448,5.0,3,1
2025-04-11,592454,6,1,0,1.38,6.0,5,0
2025-04-11,592662,18,7,4,4.950588,18.0,7,1
2025-04-11,592773,3,1,0,0.335,3.0,2,0
2025-04-11,593958,27,3,2,6.735994,26.0,22,0
2025-04-11,594798,19,4,4,7.079542928315412,19.0,11,2
2025-04-11,595014,3,0,0,0.8399999999999999,3.0,3,0
2025-04-11,600917,7,1,0,1.72768085106383,7.0,6,1
2025-04-11,601713,25,10,1,3.353497,25.0,14,0
2025-04-11,605400,24,7,4,5.720988,24.0,13,0
2025-04-11,605463,6,2,1,1.875497,6.0,3,0
2025-04-11,605507,5,1,1,1.141497,5.0,3,0
2025-04-11,608371,5,0,2,2.6756391612903228,5.0,3,1
2025-04-11,608566,23,3,1,6.868112384615385,21.0,17,1
2025-04-11,608717,9,0,1,3.712497,9.0,8,0
2025-04-11,614179,4,1,0,0.192,4.0,3,0
2025-04-11,621242,6,1,2,2.796994,6.0,3,0
2025-04-11,621345,3,1,0,0.198,3.0,2,0
2025-04-11,621383,4,1,0,1.755,4.0,3,0
2025-04-11,622780,2,0,1,0.810497,2.0,1,0
2025-04-11,623437,8,0,0,2.3,8.0,8,0
2025-04-11,640448,4,1,0,0.934,4.0,3,0
2025-04-11,641656,4,1,2,1.553994,4.0,1,0
2025-04-11,641941,3,2,0,0.013,3.0,1,0
2025-04-11,642100,4,2,0,1.1023157894736844,4.0,2,1
2025-04-11,642232,10,3,1,2.373497,10.0,6,0
2025-04-11,656240,11,3,0,2.533289,11.0,7,0
2025-04-11,656288,25,3,3,11.262271117180116,25.0,19,2
2025-04-11,656730,4,2,1,1.6566684285714286,4.0,1,1
2025-04-11,656794,22,6,2,7.368994,22.0,13,0
2025-04-11,656945,3,0,0,1.216,3.0,3,0
2025-04-11,657044,4,0,0,0.4479999999999999,4.0,4,0
2025-04-11,657514,6,2,0,1.897,6.0,3,0
2025-04-11,657585,5,1,2,2.163994,5.0,2,1
2025-04-11,657612,4,0,1,1.861497,4.0,3,0
2025-04-11,657649,4,1,0,0.5794444444444444,4.0,3,0
2025-04-11,660896,4,0,2,2.507994,4.0,2,0
2025-04-11,662253,3,1,0,0.5369999999999999,3.0,2,0
2025-04-11,663423,6,0,0,3.644973210526316,6.0,5,1
2025-04-11,663436,25,6,1,8.420952666666667,24.0,16,1
2025-04-11,663460,27,5,2,9.749678252837978,27.0,19,2
2025-04-11,663474,4,0,1,1.261497,4.0,3,0
2025-04-11,663559,21,4,5,8.340486262626262,21.0,12,2
2025-04-11,663767,6,1,1,3.0030424545454544,6.0,4,1
2025-04-11,663903,19,3,3,6.705036454545454,19.0,13,1
2025-04-11,664126,4,0,0,1.075,4.0,4,0
2025-04-11,664208,3,0,0,0.331,3.0,3,0
2025-04-11,664351,4,0,0,0.353,4.0,4,0
2025-04-11,664854,4,0,0,0.714,4.0,4,0
2025-04-11,665795,24,5,3,8.842723142857142,24.0,16,2
2025-04-11,666120,12,2,1,5.27317192260062,12.0,9,2
2025-04-11,666214,5,2,0,0.551,5.0,3,0
2025-04-11,668933,8,2,1,2.186497,8.0,5,0
2025-04-11,669199,4,0,1,1.7311532500000002,4.0,3,1
2025-04-11,669212,3,0,0,0.618,3.0,3,0
2025-04-11,669467,25,4,2,6.648994,25.0,19,0
2025-04-11,669622,6,1,1,2.718997,6.0,4,0
2025-04-11,669724,4,0,1,1.290497,4.0,3,0
2025-04-11,669854,19,7,1,4.354663666666667,19.0,11,1
2025-04-11,669920,4,2,0,0.493,4.0,2,0
2025-04-11,670174,15,1,2,6.615565428571428,14.0,11,2
2025-04-11,670955,5,1,0,3.146565052231719,5.0,4,2
2025-04-11,671737,24,7,2,5.870994,24.0,15,0
2025-04-11,671922,3,2,0,0.102,3.0,1,0
2025-04-11,672578,5,1,1,1.4904117647058823,4.0,3,1
2025-04-11,672782,6,2,4,2.765988,6.0,0,0
2025-04-11,672841,4,0,0,1.4748611111111112,4.0,4,1
2025-04-11,673513,3,3,0,0.0,3.0,0,0
2025-04-11,674444,4,1,1,1.269497,4.0,2,0
2025-04-11,676440,21,4,4,6.489830105263158,20.0,12,0
2025-04-11,676664,21,7,1,6.644843474440453,21.0,12,1
2025-04-11,676684,5,2,0,1.017,5.0,3,0
2025-04-11,678215,6,1,1,3.060848351351352,6.0,4,1
2025-04-11,678606,5,1,0,1.311574714285714,5.0,3,0
2025-04-11,678821,3,1,0,0.772,3.0,2,0
2025-04-11,680729,4,0,1,2.1971515454545454,4.0,3,1
2025-04-11,680730,27,3,2,5.897283,24.0,19,0
2025-04-11,681799,5,2,0,1.242,5.0,3,0
2025-04-11,681857,22,3,3,8.50978,22.0,15,0
2025-04-11,682120,4,0,0,1.69925,4.0,4,0
2025-04-11,682171,4,3,0,0.365,4.0,1,0
2025-04-11,682243,20,5,3,4.185824333333334,20.0,12,0
2025-04-11,682254,4,1,0,0.062,4.0,3,0
2025-04-11,683409,11,2,1,4.808663666666668,11.0,8,2
2025-04-11,683769,3,1,0,0.7050000000000001,3.0,2,0
2025-04-11,685107,3,0,1,1.148497,3.0,2,0
2025-04-11,685126,3,2,0,0.257,3.0,1,0
2025-04-11,686799,23,1,3,7.672991000000001,23.0,19,0
2025-04-11,687765,10,2,3,3.699831909090909,10.0,5,1
2025-04-11,687847,3,1,0,1.057,3.0,2,0
2025-04-11,689225,7,1,1,2.257163666666667,7.0,5,1
2025-04-11,689690,3,2,0,0.015,3.0,1,0
2025-04-11,690382,9,0,3,6.657606041208791,9.0,6,3
2025-04-11,693821,26,4,0,8.378192307692307,26.0,22,1
2025-04-11,701121,7,1,0,2.5822890000000003,7.0,5,0
2025-04-11,701581,19,4,1,5.173433058823529,19.0,13,0
2025-04-11,702352,4,2,1,0.705497,4.0,1,0
2025-04-11,808967,20,9,1,2.7883499411764703,20.0,10,1
2025-04-12,445276,4,1,0,0.955,4.0,3,0
2025-04-12,458677,1,0,0,0.09,1.0,1,0
2025-04-12,472610,5,0,1,3.4591226410256413,5.0,4,1
2025-04-12,500743,14,0,0,7.780617320802005,14.0,13,2
2025-04-12,518585,6,1,1,1.777497,6.0,4,0
2025-04-12,527048,21,5,4,8.008303789473684,21.0,12,2
2025-04-12,542881,22,6,4,4.9079880000000005,22.0,12,0
2025-04-12,542888,4,2,0,0.894,4.0,2,0
2025-04-12,547179,25,4,1,9.505913873179429,25.0,20,3
2025-04-12,547973,3,1,1,1.525497,3.0,1,0
2025-04-12,571760,23,6,2,6.616238666666667,23.0,13,1
2025-04-12,571927,13,1,1,5.0237886666666665,12.0,11,0
2025-04-12,571945,20,6,2,6.111345652727997,20.0,12,2
2025-04-12,573204,3,1,0,0.161,3.0,2,0
2025-04-12,592094,4,2,0,0.484,4.0,2,0
2025-04-12,592866,23,2,1,9.125854142857143,23.0,20,3
2025-04-12,595345,7,1,0,1.2948,7.0,6,0
2025-04-12,596133,6,2,1,1.595497,6.0,3,0
2025-04-12,605130,4,1,1,1.707497,4.0,2,0
2025-04-12,605154,4,2,0,0.908,4.0,2,0
2025-04-12,605347,3,1,0,0.417,3.0,2,0
2025-04-12,605447,3,0,0,0.639,3.0,3,0
2025-04-12,606160,6,1,2,1.7889940000000002,6.0,3,0
2025-04-12,606303,3,0,1,2.573597,3.0,2,1
2025-04-12,606996,19,4,0,5.34110294117647,19.0,15,2
2025-04-12,608372,21,0,2,8.609555507936507,21.0,19,2
2025-04-12,621053,4,2,1,1.217497,4.0,1,0
2025-04-12,621237,3,1,0,0.312,3.0,2,0
2025-04-12,621363,6,1,1,1.9193499411764707,6.0,4,1
2025-04-12,622786,4,0,1,1.749497,4.0,3,0
2025-04-12,623149,3,1,0,0.019,3.0,2,0
2025-04-12,623474,5,0,1,1.6362747777777775,4.0,3,0
2025-04-12,628452,4,0,0,3.316611111111111,4.0,4,1
2025-04-12,641329,4,1,1,1.009497,4.0,2,0
2025-04-12,641755,3,1,0,0.4429999999999999,3.0,2,0
2025-04-12,641835,6,1,0,1.515289,6.0,4,0
2025-04-12,641941,3,0,0,0.255,3.0,3,0
2025-04-12,642121,7,0,1,3.17334075,7.0,6,1
2025-04-12,642152,9,3,1,2.917897,9.0,5,1
2025-04-12,642207,5,2,1,1.450497,5.0,2,0
2025-04-12,642397,3,1,0,0.382,3.0,2,0
2025-04-12,642585,5,1,2,1.686994,5.0,2,0
2025-04-12,643338,2,0,0,0.6886874999999999,2.0,2,1
2025-04-12,643410,5,1,1,1.532786,5.0,2,0
2025-04-12,645261,25,1,4,10.800346035714286,25.0,20,3
2025-04-12,650911,26,3,2,8.129994,26.0,21,0
2025-04-12,655889,6,2,0,3.0116451612903226,6.0,4,1
2025-04-12,656271,3,0,0,1.1524117647058825,3.0,3,1
2025-04-12,656457,1,0,0,0.269,1.0,1,0
2025-04-12,656730,6,0,3,4.2554940000000006,5.0,3,1
2025-04-12,656849,25,5,0,7.29275,24.0,18,0
2025-04-12,656876,19,7,1,4.843097,19.0,11,1
2025-04-12,656986,4,1,0,0.908,4.0,3,0
2025-04-12,657240,3,1,0,0.343,3.0,2,0
2025-04-12,657649,4,2,0,0.166,4.0,2,0
2025-04-12,660825,4,0,0,0.557,4.0,4,0
2025-04-12,660896,3,1,0,0.086,3.0,2,0
2025-04-12,661395,3,0,0,0.141,3.0,3,0
2025-04-12,661403,7,1,0,2.91,7.0,6,0
2025-04-12,663158,5,2,0,1.8759565217391303,5.0,3,1
2025-04-12,663542,4,0,1,1.494497,4.0,3,0
2025-04-12,663574,4,1,0,2.0595,4.0,3,1
2025-04-12,663855,23,3,3,9.151521,23.0,17,1
2025-04-12,663878,4,0,0,0.629,4.0,4,0
2025-04-12,663947,4,1,0,1.319,4.0,3,0
2025-04-12,663978,19,5,2,4.963874952380952,19.0,12,1
2025-04-12,664076,3,1,1,1.6094970000000002,3.0,1,0
2025-04-12,664139,4,2,0,0.36,4.0,2,0
2025-04-12,666171,4,2,0,1.002,4.0,2,0
2025-04-12,666619,4,0,0,1.91,4.0,4,0
2025-04-12,666808,3,0,0,1.3732285714285717,3.0,3,1
2025-04-12,666974,3,0,0,1.153,3.0,3,0
2025-04-12,667463,3,1,0,0.525,3.0,2,0
2025-04-12,669093,3,1,1,0.8604970000000001,3.0,1,0
2025-04-12,669194,11,3,0,4.032,11.0,8,0
2025-04-12,669203,22,3,2,8.85564105882353,22.0,17,1
2025-04-12,669211,1,0,0,1.097,1.0,1,1
2025-04-12,669276,5,0,1,3.396181210526316,5.0,4,1
2025-04-12,669372,23,6,2,7.045136857142857,23.0,15,1
2025-04-12,669674,7,1,2,2.8961368571428565,7.0,4,1
2025-04-12,669724,4,0,0,0.868289,4.0,3,0
2025-04-12,670102,23,5,2,9.17081502425876,23.0,16,3
2025-04-12,670955,1,1,0,0.0,1.0,0,0
2025-04-12,671096,19,5,2,6.196140953405018,19.0,12,2
2025-04-12,671131,3,0,0,0.952,3.0,3,0
2025-04-12,671922,3,2,0,0.293,3.0,1,0
2025-04-12,672582,3,1,1,0.802497,3.0,1,0
2025-04-12,673929,6,2,0,0.424,6.0,4,0
2025-04-12,674285,2,0,1,1.108497,2.0,1,0
2025-04-12,674444,2,1,0,0.013,2.0,1,0
2025-04-12,676130,8,2,0,2.8565727272727277,8.0,6,2
2025-04-12,676508,13,1,1,7.092165154761905,13.0,11,2
2025-04-12,676534,3,1,0,0.359,3.0,2,0
2025-04-12,676961,16,3,2,6.119593999999999,16.0,11,1
2025-04-12,676962,22,5,0,4.91,22.0,17,0
2025-04-12,677161,7,3,1,2.6429443684210527,7.0,3,1
2025-04-12,677958,17,2,2,7.641000171717172,17.0,12,3
2025-04-12,678024,9,3,2,3.015597,8.0,4,1
2025-04-12,678226,5,1,0,1.272,5.0,4,1
2025-04-12,678495,4,2,0,1.37325,4.0,2,0
2025-04-12,678692,3,2,0,0.007,3.0,1,0
2025-04-12,681892,11,3,1,5.056964571428571,11.0,6,1
2025-04-12,682120,2,1,0,0.564,2.0,1,0
2025-04-12,682171,1,1,0,0.0,1.0,0,0
2025-04-12,682610,2,2,0,0.0,2.0,0,0
2025-04-12,682842,3,1,1,1.001497,3.0,1,0
2025-04-12,682847,20,10,2,4.563670923076924,20.0,8,1
2025-04-12,683232,3,1,0,0.331,3.0,2,0
2025-04-12,684320,3,0,0,0.880289,3.0,2,0
2025-04-12,685107,3,0,0,1.224,3.0,3,0
2025-04-12,685801,6,0,1,5.2211573722659335,6.0,5,3
2025-04-12,686580,3,0,0,0.519,3.0,3,0
2025-04-12,686993,5,1,0,0.091,5.0,4,0
2025-04-12,687473,17,6,1,4.272193674057649,17.0,10,2
2025-04-12,687911,4,2,1,0.944497,4.0,1,0
2025-04-12,689147,2,1,0,0.84803125,2.0,1,1
2025-04-12,689254,3,1,0,0.8560000000000001,3.0,2,0
2025-04-12,690916,18,5,1,3.003497,17.0,11,0
2025-04-12,693312,4,0,1,1.439497,4.0,3,0
2025-04-12,693433,27,7,1,6.635997,27.0,19,1
2025-04-12,694477,18,3,2,5.471094000000001,18.0,13,1
2025-04-12,695243,4,1,0,0.605,4.0,3,0
2025-04-12,695549,20,2,1,6.550796120234605,20.0,17,1
2025-04-12,696270,1,1,0,0.0,1.0,0,0
2025-04-12,700363,21,7,2,7.368704821382007,21.0,12,2
2025-04-12,701121,5,0,0,1.6294666666666666,5.0,5,1
2025-04-12,701542,19,6,2,6.805078732587065,19.0,11,3
2025-04-12,801403,22,7,2,8.760795247771835,22.0,13,3
2025-04-12,808963,21,3,2,8.57586412987013,21.0,16,2
2025-04-13,519008,1,0,0,1.2720958904109596,1.0,1,1
2025-04-13,519151,3,1,0,0.744,3.0,2,0
2025-04-13,519242,22,7,3,8.198002222222222,22.0,11,1
2025-04-13,543135,22,3,0,8.58223425,22.0,17,1
2025-04-13,543294,18,1,3,5.844935444444444,18.0,14,0
2025-04-13,547973,4,2,0,0.696,4.0,2,0
2025-04-13,554340,3,2,0,1.2764390243902437,3.0,1,1
2025-04-13,554430,25,3,1,6.153497,25.0,21,0
2025-04-13,571948,3,2,0,0.235,3.0,1,0
2025-04-13,572955,6,3,1,1.129497,6.0,2,0
2025-04-13,573204,3,0,0,1.552,3.0,3,0
2025-04-13,592155,3,2,0,0.286,3.0,1,0
2025-04-13,594902,24,5,2,8.02254555482815,24.0,17,1
2025-04-13,595014,5,3,0,2.4644473684210526,5.0,2,1
2025-04-13,596001,5,0,0,1.9690909090909088,5.0,5,0
2025-04-13,600917,4,0,0,1.7877999999999998,4.0,4,0
2025-04-13,605182,3,1,0,0.379,3.0,2,0
2025-04-13,605347,7,0,1,3.679971999999999,7.0,6,1
2025-04-13,607067,16,5,1,4.160497,16.0,10,0
2025-04-13,607074,23,8,3,5.246586061728395,23.0,12,1
2025-04-13,607192,23,7,1,6.061661,23.0,14,1
2025-04-13,607536,24,2,2,7.651994,24.0,20,0
2025-04-13,608032,4,3,0,0.781,4.0,1,0
2025-04-13,608371,5,0,3,3.446848142857143,5.0,2,1
2025-04-13,615698,23,2,5,10.615800789473685,21.0,14,1
2025-04-13,621199,5,0,0,2.018,5.0,5,0
2025-04-13,621244,23,6,1,7.729690253968253,23.0,16,3
2025-04-13,621345,4,1,0,0.81,4.0,3,0
2025-04-13,621366,3,1,0,0.297,3.0,2,0
2025-04-13,621381,5,3,0,0.452,4.0,2,0
2025-04-13,622554,4,1,0,0.687,4.0,3,0
2025-04-13,622663,24,6,3,7.752491,24.0,15,0
2025-04-13,622786,5,1,1,1.124497,5.0,3,0
2025-04-13,623352,5,1,0,1.782,5.0,4,0
2025-04-13,628317,3,0,1,0.7684970000000001,3.0,2,0
2025-04-13,640462,5,3,1,1.413786,5.0,0,0
2025-04-13,641329,1,1,0,0.0,1.0,0,0
2025-04-13,641656,5,2,2,1.385994,5.0,1,0
2025-04-13,641745,6,1,1,1.118497,6.0,4,0
2025-04-13,642100,3,0,0,0.351,3.0,3,0
2025-04-13,642397,5,0,0,2.025,4.0,5,0
2025-04-13,642547,25,6,4,6.318277,24.0,14,1
2025-04-13,643377,3,3,0,0.0,3.0,0,0
2025-04-13,643410,4,1,0,0.668,4.0,3,0
2025-04-13,643511,4,0,0,0.936,4.0,4,0
2025-04-13,650556,5,3,0,0.5349999999999999,5.0,2,0
2025-04-13,650633,29,8,1,5.346421242424243,29.0,20,0
2025-04-13,656222,4,1,0,0.496,4.0,3,0
2025-04-13,656234,10,1,3,4.778491,10.0,6,0
2025-04-13,656546,7,4,0,1.1150000000000002,7.0,3,0
2025-04-13,656848,6,1,0,0.6910000000000001,6.0,5,0
2025-04-13,657097,3,1,0,0.7378260869565216,3.0,2,0
2025-04-13,657240,4,1,1,1.3249255714285717,4.0,2,1
2025-04-13,657277,24,5,4,9.789854883116885,23.0,14,1
2025-04-13,657571,3,0,0,0.332,3.0,3,0
2025-04-13,657612,5,3,0,0.2269999999999999,5.0,2,0
2025-04-13,660853,3,1,0,2.0530958904109595,3.0,2,2
2025-04-13,661395,3,1,0,0.401,3.0,2,0
2025-04-13,662253,4,2,0,1.13,4.0,2,0
2025-04-13,663423,3,1,0,0.172,3.0,2,0
2025-04-13,663485,4,0,1,1.315497,4.0,3,0
2025-04-13,663542,4,0,1,1.019,2.0,3,0
2025-04-13,663554,24,3,0,5.676973684210527,24.0,21,2
2025-04-13,663574,3,1,0,0.736,3.0,2,0
2025-04-13,663893,2,0,0,0.7382999999999998,2.0,2,0
2025-04-13,663969,5,2,1,1.584497,5.0,2,0
2025-04-13,664076,3,3,0,0.0,3.0,0,0
2025-04-13,664139,3,0,0,0.4629999999999999,3.0,3,0
2025-04-13,664208,3,1,0,0.2789999999999999,3.0,2,0
2025-04-13,664875,3,2,0,0.154,3.0,1,0
2025-04-13,666142,26,10,0,5.212201127819549,26.0,16,1
2025-04-13,666214,4,0,1,1.276497,4.0,3,0
2025-04-13,666974,5,0,0,2.134,5.0,5,0
2025-04-13,668674,1,1,0,0.0,1.0,0,0
2025-04-13,668678,26,5,3,8.013007272727274,26.0,17,1
2025-04-13,668716,7,1,3,3.262283,6.0,2,0
2025-04-13,668820,3,1,0,0.634,3.0,2,0
2025-04-13,668881,24,8,1,7.475559330623306,24.0,15,2
2025-04-13,668941,3,1,0,0.183,3.0,2,0
2025-04-13,669022,28,7,3,6.473729095238095,27.0,18,1
2025-04-13,669060,7,1,0,2.6262222222222222,7.0,6,1
2025-04-13,669211,5,1,1,2.134497,5.0,3,0
2025-04-13,669302,19,7,1,4.701639857142857,19.0,11,1
2025-04-13,669371,4,2,0,0.455,4.0,2,0
2025-04-13,669387,20,4,2,6.115994,20.0,14,0
2025-04-13,669438,7,2,0,2.811787878787879,7.0,5,1
2025-04-13,669461,22,7,1,6.558836783281734,22.0,14,2
2025-04-13,669622,5,0,1,1.999497,5.0,4,0
2025-04-13,669713,23,10,0,9.652569607843136,23.0,13,4
2025-04-13,669920,10,0,1,4.81928487878788,9.0,8,2
2025-04-13,671212,18,7,2,5.210825372881356,18.0,8,1
2025-04-13,672282,7,0,1,2.670497,7.0,6,0
2025-04-13,672578,5,0,0,5.109763472563473,5.0,5,3
2025-04-13,672841,3,1,0,0.0569999999999999,3.0,2,0
2025-04-13,673540,26,4,2,7.360660666666667,26.0,20,1
2025-04-13,676254,3,1,0,0.5568000000000001,3.0,2,0
2025-04-13,676263,4,2,0,0.183,4.0,2,0
2025-04-13,676282,6,4,0,0.7114285714285714,6.0,2,1
2025-04-13,676395,4,1,0,0.8540000000000001,4.0,3,0
2025-04-13,676428,7,0,0,1.751,7.0,7,0
2025-04-13,676477,4,1,0,1.089,4.0,3,0
2025-04-13,676979,24,11,1,3.385497,24.0,12,0
2025-04-13,678692,3,0,0,0.544,3.0,3,0
2025-04-13,679885,3,2,0,0.049,3.0,1,0
2025-04-13,680573,21,5,0,8.105477013136289,21.0,15,3
2025-04-13,680704,4,0,0,1.468,4.0,4,0
2025-04-13,680729,5,1,0,0.958289,5.0,3,0
2025-04-13,680767,3,0,1,0.826497,3.0,2,0
2025-04-13,681343,24,3,2,8.006093067599068,24.0,19,1
2025-04-13,681517,3,0,0,0.391,3.0,3,0
2025-04-13,681799,2,0,0,0.76,2.0,2,0
2025-04-13,681911,5,1,1,1.519497,5.0,3,0
2025-04-13,681982,9,1,2,2.499497,8.0,6,0
2025-04-13,682254,6,1,0,2.457761904761905,6.0,5,1
2025-04-13,683232,2,0,0,0.77,2.0,2,0
2025-04-13,683409,1,0,0,0.128,1.0,1,0
2025-04-13,686973,3,3,0,0.0,3.0,0,0
2025-04-13,687863,3,2,0,0.0,3.0,1,0
2025-04-13,687911,4,2,0,1.645289,4.0,1,0
2025-04-13,689254,4,1,1,0.7404970000000001,4.0,2,0
2025-04-13,690382,4,1,1,1.437497,4.0,2,0
2025-04-13,700249,21,2,1,7.092908764705882,21.0,18,1
2025-04-13,806185,7,3,0,1.7426047894736842,7.0,3,1
2025-04-14,471911,18,4,2,4.196855111111112,17.0,11,1
2025-04-14,489446,5,0,1,2.508786,5.0,3,0
2025-04-14,518585,4,3,0,0.6096470588235294,4.0,1,0
2025-04-14,543243,24,4,1,5.357497,23.0,18,0
2025-04-14,592094,5,1,0,1.595,5.0,4,0
2025-04-14,592773,4,2,0,0.876,4.0,2,0
2025-04-14,592791,21,4,1,6.2856803333333335,21.0,16,1
2025-04-14,592836,22,5,1,6.204733802413273,22.0,16,1
2025-04-14,593974,5,1,1,1.438497,5.0,3,0
2025-04-14,596133,4,0,1,1.190497,4.0,3,0
2025-04-14,605242,13,2,2,6.417249048076924,13.0,9,2
2025-04-14,605280,20,8,2,4.815604428571429,20.0,9,0
2025-04-14,605452,4,1,0,0.328,4.0,3,0
2025-04-14,606930,6,0,0,0.982,6.0,6,0
2025-04-14,607455,5,1,1,2.762755064516129,5.0,3,1
2025-04-14,607481,7,2,0,1.953,7.0,5,0
2025-04-14,607625,28,4,2,9.61875413584117,28.0,22,4
2025-04-14,614179,6,1,0,2.722435897435897,6.0,5,1
2025-04-14,621363,4,0,1,1.205497,4.0,3,0
2025-04-14,621383,9,4,1,2.0308493809523807,9.0,4,1
2025-04-14,622608,22,1,1,12.760451545010069,22.0,19,4
2025-04-14,623211,6,1,1,1.912497,6.0,4,0
2025-04-14,623437,6,1,0,1.441,6.0,5,0
2025-04-14,628317,9,2,1,3.35363894117647,9.0,5,1
2025-04-14,641302,23,2,3,8.243148894736843,22.0,18,1
2025-04-14,641745,6,2,1,1.476497,6.0,3,0
2025-04-14,641755,6,2,1,1.016497,6.0,3,0
2025-04-14,642207,5,0,1,2.085497,5.0,4,0
2025-04-14,642701,4,0,0,1.557,4.0,4,0
2025-04-14,643511,3,1,0,0.533,3.0,2,0
2025-04-14,656302,25,6,1,7.473012620034632,24.0,18,3
2025-04-14,656550,26,4,2,7.594988983277592,26.0,20,2
2025-04-14,656557,20,1,2,10.39607910638298,20.0,17,2
2025-04-14,656945,5,1,0,1.258,5.0,4,0
2025-04-14,656986,7,3,0,2.122161290322581,7.0,4,1
2025-04-14,657514,4,1,0,0.714,4.0,3,0
2025-04-14,657571,5,0,0,1.586,5.0,5,0
2025-04-14,657585,3,2,0,0.013,3.0,1,0
2025-04-14,657612,2,1,0,0.071,2.0,1,0
2025-04-14,657746,20,8,2,4.399678210526316,20.0,10,1
2025-04-14,660730,18,7,0,4.955065789473686,18.0,11,2
2025-04-14,660896,5,0,1,2.727372,5.0,4,1
2025-04-14,663738,4,1,0,0.663,4.0,3,0
2025-04-14,663878,6,0,3,2.459994,5.0,3,0
2025-04-14,664285,23,3,1,9.265545780487804,23.0,19,1
2025-04-14,664351,9,2,1,3.331663666666667,9.0,6,1
2025-04-14,664875,3,1,0,0.346,3.0,2,0
2025-04-14,666808,3,2,0,0.041,3.0,1,0
2025-04-14,669062,5,1,1,1.616497,5.0,3,0
2025-04-14,669160,22,7,0,2.841,22.0,15,0
2025-04-14,669212,6,0,1,3.079961285714286,6.0,5,1
2025-04-14,669358,20,11,0,2.111310344827586,20.0,9,1
2025-04-14,669373,25,9,0,4.175,25.0,16,0
2025-04-14,669711,4,2,0,0.5636153846153847,4.0,2,0
2025-04-14,670167,2,1,0,0.449,2.0,1,0
2025-04-14,670174,3,3,0,0.0,3.0,0,0
2025-04-14,670970,4,1,1,0.8624970000000001,4.0,2,0
2025-04-14,671131,8,3,1,1.695497,8.0,4,0
2025-04-14,674285,8,2,0,2.443,8.0,6,0
2025-04-14,678495,4,1,0,0.752,4.0,3,0
2025-04-14,678821,8,0,3,2.808491,8.0,5,0
2025-04-14,679358,8,1,0,3.843888888888889,8.0,7,1
2025-04-14,680767,3,0,0,1.2725,3.0,3,1
2025-04-14,681676,5,0,0,1.6216875,5.0,5,1
2025-04-14,681799,4,0,1,1.174497,4.0,3,0
2025-04-14,681892,6,2,0,0.704,6.0,4,0
2025-04-14,682610,6,1,1,3.3584461525423728,6.0,4,1
2025-04-14,684320,7,1,0,1.942289,7.0,5,0
2025-04-14,685801,4,2,0,1.031,4.0,2,0
2025-04-14,687922,23,3,4,12.01140127751196,23.0,16,3
2025-04-14,689690,2,0,0,0.471,2.0,2,0
2025-04-14,694738,24,8,3,6.958304725490197,24.0,13,1
2025-04-14,694973,23,6,0,4.459289,23.0,16,0
2025-04-14,695418,18,1,3,9.418319571428572,17.0,14,1
2025-04-15,434378,26,1,3,10.559440152542372,26.0,22,1
2025-04-15,450203,24,2,3,7.545283857142857,24.0,19,1
2025-04-15,455119,1,0,0,0.7258437499999998,1.0,1,1
2025-04-15,458677,5,2,1,1.185497,5.0,2,0
2025-04-15,472610,3,1,0,0.708,3.0,2,0
2025-04-15,489446,5,3,1,0.8944970000000001,5.0,1,0
2025-04-15,518397,4,1,0,1.142289,4.0,2,0
2025-04-15,518876,22,9,1,5.766224272727273,22.0,12,1
2025-04-15,519151,3,1,0,0.265,3.0,2,0
2025-04-15,547973,1,1,0,0.0,1.0,0,0
2025-04-15,571946,3,1,0,0.451,3.0,2,0
2025-04-15,573009,8,1,1,2.6401285789473685,8.0,6,1
2025-04-15,573204,4,1,1,0.211,3.0,2,0
2025-04-15,579328,22,6,2,6.016792780487805,22.0,14,1
2025-04-15,592094,4,1,1,1.3794970000000002,4.0,2,0
2025-04-15,592332,23,6,0,8.433256674937965,23.0,17,3
2025-04-15,592426,4,1,0,1.5767714285714285,4.0,3,1
2025-04-15,596133,4,1,0,0.75,4.0,3,0
2025-04-15,605130,3,1,1,1.596497,3.0,1,0
2025-04-15,605154,5,0,2,1.469994,5.0,3,0
2025-04-15,605182,6,0,1,3.512875787878788,6.0,5,2
2025-04-15,605447,3,1,0,0.8509565217391302,3.0,2,0
2025-04-15,605488,21,4,3,5.388872048387097,21.0,14,1
2025-04-15,605507,7,2,0,0.917,7.0,5,0
2025-04-15,606160,4,0,1,1.418497,4.0,3,0
2025-04-15,607200,26,5,3,9.694247556776556,26.0,18,1
2025-04-15,608331,27,7,2,9.801271755842825,27.0,18,4
2025-04-15,608379,24,4,2,7.536052064516129,24.0,17,2
2025-04-15,621111,21,3,3,8.158984333333335,21.0,15,2
2025-04-15,621199,3,0,0,0.111,3.0,3,0
2025-04-15,621237,6,1,0,1.8810666666666664,6.0,5,1
2025-04-15,621366,3,0,0,0.626,3.0,3,0
2025-04-15,621381,3,1,0,0.047,3.0,2,0
2025-04-15,622491,24,3,4,7.495149290322581,24.0,17,1
2025-04-15,623149,1,1,0,0.0,1.0,0,0
2025-04-15,623352,3,1,0,1.046,3.0,2,0
2025-04-15,623474,5,0,0,2.416527095238095,5.0,4,1
2025-04-15,640448,3,2,0,0.011,3.0,1,0
2025-04-15,641816,22,9,2,4.407994,22.0,11,0
2025-04-15,641835,5,0,0,0.7010000000000001,5.0,5,0
2025-04-15,641927,25,5,0,8.691935825396826,25.0,19,2
2025-04-15,641941,3,2,0,1.4806,3.0,1,1
2025-04-15,642207,3,1,0,0.364,3.0,2,0
2025-04-15,643338,5,0,0,2.611415770609319,5.0,5,2
2025-04-15,643377,4,1,0,0.701,4.0,3,0
2025-04-15,650556,4,0,0,1.41,4.0,4,0
2025-04-15,655889,4,0,0,1.368,4.0,4,0
2025-04-15,656234,9,3,1,2.113497,8.0,4,0
2025-04-15,656240,6,2,0,1.061,6.0,4,0
2025-04-15,656427,21,4,2,8.853494000000001,21.0,15,2
2025-04-15,656605,27,3,2,9.991454428571428,27.0,21,2
2025-04-15,656731,24,3,0,7.6334001111111105,24.0,20,2
2025-04-15,657097,3,1,0,0.8082889999999999,3.0,1,0
2025-04-15,657240,3,1,0,0.328,3.0,2,0
2025-04-15,657649,4,2,0,0.064,4.0,2,0
2025-04-15,660825,2,1,0,0.314,2.0,1,0
2025-04-15,661395,5,1,0,0.353,5.0,4,0
2025-04-15,661403,4,1,0,0.9877083333333336,4.0,3,1
2025-04-15,663158,4,1,0,0.69,4.0,3,0
2025-04-15,663372,18,1,6,7.849773666666667,18.0,11,0
2025-04-15,663485,3,0,1,0.887497,3.0,2,0
2025-04-15,663574,3,1,0,0.34,3.0,2,0
2025-04-15,663623,25,6,1,5.749497,24.0,17,0
2025-04-15,663893,4,2,1,0.8474970000000001,4.0,1,0
2025-04-15,663947,4,1,0,0.793,4.0,3,0
2025-04-15,664747,4,1,2,1.728994,4.0,1,0
2025-04-15,664849,5,1,0,1.949289,5.0,3,0
2025-04-15,666157,21,6,1,8.390497214919163,21.0,13,3
2025-04-15,666200,22,4,2,7.172994,22.0,16,1
2025-04-15,666277,12,4,0,4.271,12.0,8,1
2025-04-15,666619,5,0,3,3.1862624285714283,5.0,2,1
2025-04-15,668820,8,1,0,4.329542372881356,8.0,7,1
2025-04-15,668933,5,1,1,1.038497,5.0,3,0
2025-04-15,668984,4,1,0,0.7956153846153846,4.0,3,0
2025-04-15,669060,6,0,0,0.268,6.0,6,0
2025-04-15,669093,4,2,0,1.02,4.0,2,0
2025-04-15,669199,4,0,0,0.8717368421052631,4.0,4,0
2025-04-15,669438,5,2,1,1.925497,5.0,2,0
2025-04-15,669724,9,0,1,3.095497,9.0,8,0
2025-04-15,670970,5,0,0,1.208,3.0,5,0
2025-04-15,671106,22,6,2,4.155766727272727,22.0,14,1
2025-04-15,671922,7,3,0,2.856615384615385,7.0,4,0
2025-04-15,672282,5,0,0,2.1497714285714284,5.0,5,1
2025-04-15,672335,7,0,0,1.245,6.0,7,0
2025-04-15,672582,4,1,1,2.082497,4.0,2,0
2025-04-15,673513,4,2,0,0.922,4.0,2,0
2025-04-15,674444,4,1,2,1.3899940000000002,4.0,1,0
2025-04-15,676092,5,1,0,0.8934545454545454,5.0,4,0
2025-04-15,676263,6,4,1,0.898497,6.0,1,0
2025-04-15,676282,4,1,0,1.7484545454545453,4.0,3,0
2025-04-15,676395,3,0,0,1.202,3.0,3,0
2025-04-15,677161,11,4,0,1.8583333333333332,11.0,7,0
2025-04-15,678020,7,0,1,1.900497,7.0,6,0
2025-04-15,678495,1,0,0,0.5664545454545454,1.0,1,0
2025-04-15,678606,4,2,0,0.749,4.0,2,0
2025-04-15,680704,1,1,0,0.0,1.0,0,0
2025-04-15,680732,18,2,2,8.25520927078763,18.0,14,3
2025-04-15,680885,23,3,2,8.224771882205513,23.0,18,3
2025-04-15,681190,24,2,2,7.691681227866473,24.0,20,2
2025-04-15,681517,8,2,0,2.117728024390244,7.0,4,1
2025-04-15,681895,5,3,1,0.947497,5.0,1,0
2025-04-15,681911,3,0,1,1.211497,3.0,2,0
2025-04-15,681982,3,1,0,1.2862,3.0,2,1
2025-04-15,682171,7,0,0,4.5008888888888885,7.0,7,1
2025-04-15,682610,3,1,0,1.8957727272727276,3.0,2,1
2025-04-15,682842,2,1,0,0.065,2.0,1,0
2025-04-15,682990,19,4,3,6.956075415584416,19.0,12,2
2025-04-15,683232,3,2,0,0.151,3.0,1,0
2025-04-15,684007,22,7,3,5.380524898305085,22.0,12,1
2025-04-15,685126,6,2,0,1.5379999999999998,6.0,4,1
2025-04-15,685801,4,1,0,1.427166666666667,4.0,3,1
2025-04-15,686613,22,4,2,5.589994,22.0,16,1
2025-04-15,686752,29,8,2,10.261567376623375,28.0,18,2
2025-04-15,686826,5,0,0,3.028893333333334,5.0,5,2
2025-04-15,686993,5,2,1,1.544497,5.0,2,0
2025-04-15,687362,25,6,2,8.42665852991453,25.0,17,1
2025-04-15,687765,11,2,0,3.4236419753086422,11.0,9,1
2025-04-15,687863,3,1,0,0.5750000000000001,3.0,2,0
2025-04-15,687911,4,0,0,1.651,4.0,4,0
2025-04-15,689017,19,2,2,7.163994,19.0,15,0
2025-04-15,689147,2,1,0,0.052,2.0,1,0
2025-04-15,689254,3,0,1,0.784497,3.0,2,0
2025-04-15,693312,5,1,1,1.713497,5.0,3,0
2025-04-15,694037,3,0,0,1.311,3.0,3,0
2025-04-15,696270,6,2,0,1.2178529411764707,6.0,4,1
2025-04-15,702352,3,1,0,1.134,3.0,2,0
2025-04-15,806185,6,0,1,2.725430333333333,6.0,5,1
2025-04-16,500779,24,4,3,7.688193702702703,23.0,17,1
2025-04-16,518397,3,0,0,0.394,3.0,3,0
2025-04-16,518585,7,2,1,2.541497,7.0,4,0
2025-04-16,519008,2,0,0,1.066,2.0,2,0
2025-04-16,542888,6,2,0,1.890289,6.0,3,0
2025-04-16,543056,4,1,0,0.395,4.0,3,0
2025-04-16,554340,4,4,0,0.0,4.0,0,0
2025-04-16,571510,24,3,2,6.622258150943397,24.0,19,1
2025-04-16,571578,20,6,1,5.378747,20.0,13,1
2025-04-16,571927,17,5,0,3.4677916666666664,17.0,12,0
2025-04-16,571946,4,2,1,0.836497,4.0,1,0
2025-04-16,572955,4,0,2,2.154994,4.0,2,0
2025-04-16,573124,5,2,0,1.8529285714285717,5.0,3,2
2025-04-16,592426,3,0,0,0.52,3.0,3,0
2025-04-16,592662,23,8,5,6.428958684210526,23.0,10,1
2025-04-16,592773,5,1,1,1.241497,5.0,3,0
2025-04-16,593974,5,1,0,2.0796428571428573,5.0,4,2
2025-04-16,595345,5,1,0,1.395289,5.0,3,0
2025-04-16,600917,5,1,2,2.543994,5.0,2,0
2025-04-16,601713,22,6,1,4.370497,21.0,14,0
2025-04-16,605130,4,1,0,0.648,4.0,3,0
2025-04-16,605135,20,10,2,4.659994,20.0,8,0
2025-04-16,605347,5,0,0,1.705289,5.0,4,0
2025-04-16,605400,28,8,4,8.439988,28.0,16,0
2025-04-16,605452,8,1,1,3.1274060909090906,8.0,6,0
2025-04-16,605463,4,0,1,1.8098046923076925,4.0,3,0
2025-04-16,607259,24,4,3,9.932191026581606,24.0,17,3
2025-04-16,607455,3,1,0,0.3849999999999999,3.0,2,0
2025-04-16,608566,10,1,1,7.732392557377048,10.0,7,2
2025-04-16,608718,4,0,0,1.623676923076923,4.0,4,1
2025-04-16,614179,3,0,1,0.8664970000000001,3.0,2,0
2025-04-16,621053,5,1,1,0.800497,5.0,3,0
2025-04-16,621242,3,2,1,0.691497,3.0,0,0
2025-04-16,621345,3,2,0,0.116,3.0,1,0
2025-04-16,623211,4,1,1,0.771497,4.0,2,0
2025-04-16,640462,5,1,0,1.404,5.0,4,0
2025-04-16,641329,6,1,0,0.759,6.0,5,0
2025-04-16,641755,4,1,0,0.188,4.0,3,0
2025-04-16,641793,25,5,3,9.85931354156954,24.0,17,4
2025-04-16,642100,3,1,0,0.438,3.0,2,0
2025-04-16,642152,8,2,0,1.86175,8.0,6,0
2025-04-16,642397,3,1,0,1.506,3.0,2,0
2025-04-16,643377,7,1,0,4.159,7.0,6,0
2025-04-16,643410,4,2,0,0.105,3.0,1,0
2025-04-16,656222,1,1,0,0.0,1.0,0,0
2025-04-16,656271,5,3,0,2.015769230769231,5.0,2,1
2025-04-16,656457,5,0,0,1.71,5.0,5,0
2025-04-16,656546,4,1,0,1.1163333333333334,4.0,3,0
2025-04-16,656730,3,0,0,1.3130000000000002,3.0,3,0
2025-04-16,656794,19,4,2,6.12379427173913,18.0,12,2
2025-04-16,656945,4,3,0,0.918,4.0,1,0
2025-04-16,656986,1,0,0,0.1,1.0,1,0
2025-04-16,657097,4,1,0,1.6920416666666664,4.0,3,0
2025-04-16,657376,23,2,2,7.586206121212121,23.0,19,1
2025-04-16,657571,3,1,0,0.202,3.0,2,0
2025-04-16,657585,1,0,0,0.791,1.0,1,0
2025-04-16,657649,3,1,0,0.358,3.0,2,0
2025-04-16,661395,4,2,1,0.7374970000000001,4.0,1,0
2025-04-16,662253,3,0,0,0.347,3.0,3,0
2025-04-16,663158,3,0,0,1.16,3.0,3,1
2025-04-16,663423,4,2,0,0.7260000000000001,4.0,2,0
2025-04-16,663460,27,6,4,9.55729378055278,26.0,17,3
2025-04-16,663474,7,0,1,5.593286454806313,7.0,6,3
2025-04-16,663485,3,0,1,1.253497,3.0,2,0
2025-04-16,663559,21,2,1,3.8845636666666663,21.0,18,1
2025-04-16,663738,3,1,0,0.782289,3.0,1,0
2025-04-16,663767,5,0,1,2.499497,5.0,4,0
2025-04-16,663795,13,4,0,2.764,13.0,9,0
2025-04-16,663893,4,3,1,0.691497,4.0,0,0
2025-04-16,663969,9,1,1,4.628807623953279,9.0,7,3
2025-04-16,664076,3,2,0,0.09,3.0,1,0
2025-04-16,664139,4,1,1,1.079497,4.0,2,0
2025-04-16,664208,3,1,0,0.41,3.0,2,0
2025-04-16,664854,4,0,1,1.514497,4.0,3,0
2025-04-16,665152,21,2,1,6.765830333333334,21.0,18,1
2025-04-16,666808,3,1,0,0.5973333333333333,3.0,2,0
2025-04-16,666974,3,1,1,0.930497,3.0,1,0
2025-04-16,667755,28,2,2,11.515748166666668,28.0,24,3
2025-04-16,668909,27,4,4,12.976942938348486,27.0,19,4
2025-04-16,669093,3,2,0,0.185,3.0,1,0
2025-04-16,669211,3,2,0,0.046,3.0,1,0
2025-04-16,669276,4,2,1,0.7534970000000001,4.0,1,0
2025-04-16,669371,4,0,0,0.5860000000000001,4.0,4,0
2025-04-16,669438,3,0,0,0.7648529411764706,3.0,3,1
2025-04-16,669711,4,3,0,0.286,4.0,1,0
2025-04-16,669854,23,1,3,9.200961931698622,23.0,19,3
2025-04-16,670167,3,0,0,1.893769230769231,3.0,3,1
2025-04-16,672456,24,8,1,8.382021405506883,23.0,15,3
2025-04-16,672578,9,1,3,5.265748575757575,9.0,5,2
2025-04-16,672582,3,2,0,0.391,3.0,1,0
2025-04-16,672841,4,1,0,0.686,3.0,2,0
2025-04-16,673929,4,0,1,1.261497,4.0,3,0
2025-04-16,674285,3,0,1,1.96359289041096,2.0,1,1
2025-04-16,674370,22,0,1,8.614754550837322,22.0,21,3
2025-04-16,675911,21,5,1,7.507636,21.0,14,1
2025-04-16,676130,10,2,1,3.272497,10.0,7,0
2025-04-16,676272,18,7,1,6.517611359974009,18.0,10,2
2025-04-16,676282,1,1,0,0.0,1.0,0,0
2025-04-16,676428,8,1,1,1.3148,6.0,6,0
2025-04-16,676477,7,4,0,1.318,7.0,3,0
2025-04-16,676508,11,3,0,1.92,11.0,8,0
2025-04-16,676684,3,2,0,0.016,3.0,1,0
2025-04-16,676974,24,8,2,8.645230111111111,24.0,14,2
2025-04-16,678024,10,0,0,2.517,10.0,10,0
2025-04-16,678226,4,0,0,0.502,4.0,4,0
2025-04-16,678821,7,1,0,3.1305454545454543,7.0,6,0
2025-04-16,679358,3,0,0,2.078568965517241,3.0,3,1
2025-04-16,679885,3,0,0,0.777,3.0,3,0
2025-04-16,680704,3,1,0,0.7010000000000001,3.0,2,0
2025-04-16,680730,24,6,1,8.607014070175438,24.0,16,1
2025-04-16,680767,5,3,2,1.382994,5.0,0,0
2025-04-16,681432,6,0,4,2.765988,5.0,2,0
2025-04-16,681517,4,1,0,1.5568611111111113,4.0,3,1
2025-04-16,681676,4,1,0,0.9961538461538462,4.0,3,0
2025-04-16,681799,1,0,0,0.05,1.0,1,0
2025-04-16,681911,3,2,0,0.052,3.0,1,0
2025-04-16,681982,5,3,1,1.566497,5.0,1,0
2025-04-16,682243,18,8,2,4.632994,18.0,8,0
2025-04-16,682842,2,1,0,0.351,2.0,1,0
2025-04-16,683409,9,4,1,1.364497,9.0,4,0
2025-04-16,685107,6,0,1,1.433497,6.0,5,0
2025-04-16,686563,18,4,2,5.205425643625192,18.0,12,2
2025-04-16,686580,3,2,0,1.6490338983050843,3.0,1,1
2025-04-16,686973,4,1,0,1.225,4.0,3,0
2025-04-16,690382,3,0,0,1.163,3.0,3,0
2025-04-16,694037,7,1,1,2.7454970000000003,7.0,5,0
2025-04-16,694297,24,6,2,7.47485196551724,24.0,15,1
2025-04-16,695243,3,3,0,0.0,3.0,0,0
2025-04-16,700187,3,0,0,1.637,3.0,3,0
2025-04-16,701121,4,0,0,1.645,4.0,4,0
2025-04-16,701581,19,6,1,7.878186921658986,19.0,11,2
2025-04-16,702352,7,2,1,2.129122,7.0,4,1
2025-04-17,455119,3,2,0,0.715,3.0,1,0
2025-04-17,519008,1,0,0,0.067,1.0,1,0
2025-04-17,547179,24,3,3,8.527670487179488,24.0,18,1
2025-04-17,571760,28,4,2,9.16890309090909,27.0,22,1
2025-04-17,573124,2,0,0,0.8073157894736844,2.0,2,1
2025-04-17,592454,5,0,0,0.5529999999999999,5.0,5,0
2025-04-17,592866,21,5,3,6.664191000000001,21.0,13,2
2025-04-17,593958,28,9,0,6.119321428571428,28.0,19,0
2025-04-17,596001,3,0,0,1.4428,3.0,3,0
2025-04-17,608371,4,2,0,0.952,4.0,2,0
2025-04-17,608372,25,3,0,10.28478008257776,25.0,22,4
2025-04-17,608717,10,1,1,2.709497,10.0,8,0
2025-04-17,608718,1,0,0,0.054,1.0,1,0
2025-04-17,621051,2,1,0,0.002,2.0,1,0
2025-04-17,621237,5,0,0,1.6344666666666667,5.0,5,2
2025-04-17,621242,4,2,1,0.8784970000000001,4.0,1,0
2025-04-17,621345,3,0,0,1.8871818181818183,3.0,3,1
2025-04-17,621366,3,0,0,0.642,3.0,3,0
2025-04-17,622554,1,1,0,0.0,1.0,0,0
2025-04-17,640462,4,1,0,0.848,4.0,3,0
2025-04-17,641656,6,3,0,1.335,6.0,3,0
2025-04-17,641941,5,2,0,3.464983333333333,5.0,3,2
2025-04-17,642100,3,0,1,1.514497,3.0,2,0
2025-04-17,642207,3,0,0,0.654,3.0,3,0
2025-04-17,642232,14,1,1,6.113199702702703,14.0,12,1
2025-04-17,642585,5,2,1,1.130497,5.0,2,0
2025-04-17,642701,2,1,0,0.574,2.0,1,0
2025-04-17,643511,1,1,0,0.0,1.0,0,0
2025-04-17,650911,28,12,1,5.581933605083089,28.0,14,2
2025-04-17,655889,3,0,0,1.457,3.0,3,0
2025-04-17,656222,4,3,1,0.691497,4.0,0,0
2025-04-17,656288,23,8,2,4.337994,23.0,13,0
2025-04-17,657044,8,2,2,4.361222070175439,8.0,4,1
2025-04-17,657585,4,1,1,0.7834970000000001,4.0,2,0
2025-04-17,657612,7,2,0,0.694,7.0,5,0
2025-04-17,660825,8,0,2,4.105016727272727,8.0,6,1
2025-04-17,662253,3,1,0,0.634,3.0,2,0
2025-04-17,663423,1,1,0,0.0,1.0,0,0
2025-04-17,663436,25,3,1,8.199304965860598,25.0,21,2
2025-04-17,663574,5,0,1,2.151497,5.0,4,0
2025-04-17,663855,29,5,4,9.437134142857143,29.0,19,1
2025-04-17,663903,22,6,3,8.608439691548691,22.0,13,3
2025-04-17,663947,5,1,1,1.563497,5.0,3,0
2025-04-17,664126,3,0,0,0.755,3.0,3,0
2025-04-17,664139,4,0,1,2.0636845,4.0,3,1
2025-04-17,664747,4,0,1,1.408497,4.0,3,0
2025-04-17,665795,21,6,3,5.765437894736842,21.0,11,1
2025-04-17,666120,3,0,0,0.091,3.0,3,0
2025-04-17,666171,4,3,0,1.949611111111111,4.0,1,1
2025-04-17,667463,4,0,1,1.099497,4.0,3,0
2025-04-17,668716,8,2,1,1.545497,7.0,4,0
2025-04-17,668933,8,1,1,1.490497,7.0,6,0
2025-04-17,668984,3,1,0,0.8313157894736843,3.0,2,1
2025-04-17,669060,6,0,0,4.602178571428572,6.0,6,1
2025-04-17,669062,4,1,2,1.448994,4.0,1,0
2025-04-17,669199,9,5,2,1.402994,9.0,2,0
2025-04-17,669211,3,1,0,0.777,3.0,2,0
2025-04-17,669467,23,2,0,7.2975,23.0,21,0
2025-04-17,669920,3,2,0,0.041,3.0,1,0
2025-04-17,671737,27,3,4,9.744673064935066,27.0,20,0
2025-04-17,672841,6,0,3,2.958491,6.0,3,0
2025-04-17,674444,1,0,0,0.037,1.0,1,0
2025-04-17,676092,2,0,0,0.51,2.0,2,0
2025-04-17,676106,19,4,0,4.492166666666667,18.0,14,1
2025-04-17,676395,3,1,0,0.409,3.0,2,0
2025-04-17,676440,24,5,4,9.149973470051725,24.0,15,4
2025-04-17,676534,3,2,0,0.134,3.0,1,0
2025-04-17,676664,24,2,2,7.248373909090909,24.0,19,0
2025-04-17,677958,27,8,0,6.613573886639676,27.0,19,2
2025-04-17,678606,7,2,1,1.287497,7.0,4,0
2025-04-17,678692,10,3,4,4.758388,10.0,3,1
2025-04-17,679358,3,1,0,0.402,3.0,2,0
2025-04-17,679885,2,1,1,0.691497,2.0,0,0
2025-04-17,681857,22,5,2,6.403927554093567,22.0,14,2
2025-04-17,681895,6,2,1,1.129497,6.0,3,0
2025-04-17,682120,3,1,0,0.433,3.0,2,0
2025-04-17,682254,4,1,0,1.154,4.0,3,0
2025-04-17,683769,2,1,0,0.083,2.0,1,0
2025-04-17,685126,8,3,0,1.8146935483870963,8.0,5,1
2025-04-17,686799,23,1,1,8.588554725288832,22.0,20,2
2025-04-17,689147,3,2,0,0.109,3.0,1,0
2025-04-17,689225,6,1,1,2.046497,6.0,4,0
2025-04-17,694335,4,0,0,2.327423076923077,4.0,4,1
2025-04-17,696270,5,1,0,1.22,5.0,4,0
2025-04-17,701542,10,1,2,4.3549940000000005,10.0,7,0
2025-04-18,445276,3,0,0,0.5182857142857142,3.0,3,0
2025-04-18,489446,3,2,0,0.227,3.0,1,0
2025-04-18,518585,3,2,0,0.055,3.0,1,0
2025-04-18,519151,4,0,0,1.19,4.0,4,1
2025-04-18,527048,16,0,2,10.985542296800627,16.0,14,6
2025-04-18,542881,23,6,2,5.522994,23.0,15,0
2025-04-18,542888,4,0,1,1.676497,4.0,3,0
2025-04-18,543056,4,0,0,1.7464545454545457,4.0,4,0
2025-04-18,554340,3,0,0,2.0144318571428568,3.0,2,1
2025-04-18,554430,26,13,0,5.484581395348838,26.0,13,1
2025-04-18,571945,21,1,2,7.934307725490196,21.0,18,1
2025-04-18,571948,6,1,1,1.967702702702703,5.0,4,1
2025-04-18,573009,8,1,0,6.168568965517241,8.0,7,2
2025-04-18,573204,2,0,1,0.7224970000000001,2.0,1,0
2025-04-18,592454,3,1,1,0.933497,3.0,1,0
2025-04-18,592773,3,1,0,0.067,3.0,2,0
2025-04-18,594798,24,7,1,5.233093211365902,24.0,16,1
2025-04-18,595345,4,2,0,0.841,4.0,2,0
2025-04-18,596001,6,1,0,3.0719749999999992,6.0,5,2
2025-04-18,596133,3,2,0,0.021,3.0,1,0
2025-04-18,596271,3,0,0,0.912,3.0,3,0
2025-04-18,600917,3,0,0,1.087,3.0,3,0
2025-04-18,605130,8,3,0,3.11888326585695,8.0,5,2
2025-04-18,605154,6,2,2,2.7336709230769234,6.0,2,1
2025-04-18,606996,25,2,0,8.018369565217391,25.0,23,1
2025-04-18,607067,20,5,0,4.381,20.0,15,0
2025-04-18,607074,23,9,4,6.636788,23.0,10,0
2025-04-18,607481,4,1,0,0.371,4.0,3,0
2025-04-18,608717,5,1,0,1.286,5.0,4,0
2025-04-18,614179,4,2,1,0.784497,4.0,1,0
2025-04-18,621199,5,0,1,2.092151545454546,5.0,4,1
2025-04-18,621383,4,1,1,0.915497,4.0,2,0
2025-04-18,622786,4,0,0,0.658,4.0,4,0
2025-04-18,623149,5,0,1,2.508497,5.0,4,0
2025-04-18,623211,4,3,0,1.454474999999999,4.0,1,1
2025-04-18,623352,3,1,0,0.101,3.0,2,0
2025-04-18,628317,5,0,1,1.923497,5.0,3,0
2025-04-18,628452,3,0,0,0.432,3.0,3,0
2025-04-18,641745,3,2,0,0.014,3.0,1,0
2025-04-18,641835,7,1,0,1.596,7.0,6,0
2025-04-18,642152,3,0,0,0.617,3.0,3,0
2025-04-18,642547,22,5,1,5.587497,22.0,16,0
2025-04-18,643338,1,0,0,0.045,1.0,1,0
2025-04-18,643377,5,1,2,2.152994,5.0,2,0
2025-04-18,643410,3,2,0,1.7911914893617022,3.0,1,1
2025-04-18,645261,12,1,2,5.471594,12.0,9,1
2025-04-18,650556,4,2,0,1.401,4.0,2,0
2025-04-18,656240,13,4,1,1.7124970000000002,13.0,8,0
2025-04-18,656271,4,0,0,1.162,4.0,4,0
2025-04-18,656457,7,2,2,2.7954057647058828,7.0,3,1
2025-04-18,656546,3,2,0,0.005,3.0,1,0
2025-04-18,656730,2,0,0,0.306,2.0,2,0
2025-04-18,656849,23,9,0,5.009,23.0,14,0
2025-04-18,656876,22,7,3,7.453342428571428,22.0,12,2
2025-04-18,656945,4,0,0,1.968,4.0,4,0
2025-04-18,657240,4,1,0,0.653,4.0,3,0
2025-04-18,657277,23,12,0,3.8184545454545455,23.0,11,0
2025-04-18,657514,3,0,0,0.483,3.0,3,0
2025-04-18,660853,5,0,0,2.1641451612903224,5.0,5,1
2025-04-18,661403,2,1,1,0.691497,2.0,0,0
2025-04-18,663485,4,1,0,1.359,4.0,3,0
2025-04-18,663542,4,0,2,2.449994,4.0,2,0
2025-04-18,663947,1,0,0,0.128,1.0,1,0
2025-04-18,663969,5,1,2,1.6559940000000002,5.0,2,0
2025-04-18,663978,20,6,1,5.523663666666667,20.0,13,1
2025-04-18,664076,4,2,0,0.629,4.0,2,0
2025-04-18,664208,6,1,0,1.555,6.0,5,0
2025-04-18,664747,3,1,0,0.1629999999999999,3.0,2,0
2025-04-18,664875,3,2,0,0.007,3.0,1,0
2025-04-18,666142,21,8,3,7.494184548387096,21.0,10,1
2025-04-18,666171,4,2,1,1.132497,4.0,1,0
2025-04-18,666214,7,2,0,1.118,7.0,5,0
2025-04-18,666277,5,2,0,0.8,5.0,3,0
2025-04-18,667463,1,0,0,0.492,1.0,1,0
2025-04-18,668674,3,0,0,0.678,3.0,3,0
2025-04-18,668820,5,2,0,0.421,5.0,3,0
2025-04-18,668941,3,0,2,1.420994,3.0,1,0
2025-04-18,669060,5,0,0,3.0862894736842104,5.0,5,1
2025-04-18,669194,8,2,1,3.201292454545454,8.0,5,0
2025-04-18,669203,23,3,0,6.433492319945386,23.0,20,1
2025-04-18,669372,20,7,2,4.746351142857143,20.0,11,1
2025-04-18,669387,21,0,2,9.02245064160401,21.0,19,2
2025-04-18,669724,4,1,0,1.49925,4.0,3,1
2025-04-18,670102,22,5,1,9.472092912442395,22.0,15,3
2025-04-18,670167,3,0,0,0.613,3.0,3,0
2025-04-18,670174,10,0,1,4.91102534259562,9.0,8,2
2025-04-18,670955,4,0,0,3.71393339587242,3.0,3,2
2025-04-18,671096,21,11,1,2.190774777777778,21.0,9,1
2025-04-18,671922,4,1,0,0.816,4.0,3,0
2025-04-18,672335,6,3,0,0.6475,6.0,3,0
2025-04-18,672582,3,1,0,0.774,3.0,2,0
2025-04-18,673513,5,1,1,1.396497,5.0,3,0
2025-04-18,673929,2,2,0,0.0,2.0,0,0
2025-04-18,674444,3,1,0,0.3339999999999999,3.0,2,0
2025-04-18,676684,3,0,0,0.29,3.0,3,0
2025-04-18,678495,3,0,0,0.7234285714285714,2.0,2,1
2025-04-18,681517,5,0,0,2.3835141509433964,5.0,5,2
2025-04-18,681676,1,0,0,1.796,1.0,1,1
2025-04-18,681799,2,0,0,1.4850958904109597,2.0,2,1
2025-04-18,681982,3,0,0,0.2329999999999999,3.0,3,0
2025-04-18,682052,8,1,0,1.204,7.0,7,0
2025-04-18,682120,3,2,0,1.2652127659574466,3.0,1,1
2025-04-18,682171,9,2,0,3.134440886699508,9.0,7,1
2025-04-18,682842,4,1,0,1.534,4.0,3,0
2025-04-18,682847,22,8,3,6.287093941176471,22.0,11,1
2025-04-18,683232,5,0,1,1.739497,5.0,4,0
2025-04-18,685107,11,2,0,4.297,11.0,9,1
2025-04-18,685801,5,1,1,1.529497,5.0,3,0
2025-04-18,686826,5,2,1,1.814536,5.0,1,0
2025-04-18,686973,4,1,1,1.4692053333333337,4.0,2,1
2025-04-18,686993,5,0,1,2.045497,5.0,4,0
2025-04-18,687473,23,2,0,8.732702702702703,22.0,20,2
2025-04-18,687863,8,1,2,5.222994,8.0,5,1
2025-04-18,687911,5,0,1,1.770497,5.0,4,0
2025-04-18,689254,3,0,1,1.434497,3.0,2,0
2025-04-18,689690,6,1,0,1.501,6.0,5,0
2025-04-18,690928,23,6,0,4.442260683760684,22.0,16,1
2025-04-18,693312,6,1,2,3.076994,6.0,3,0
2025-04-18,693433,30,4,2,10.012309315315315,30.0,24,2
2025-04-18,693821,24,3,3,7.924788916666666,24.0,18,2
2025-04-18,695549,22,5,2,6.350771777777778,22.0,15,0
2025-04-18,696136,3,0,0,1.7970000000000002,3.0,3,0
2025-04-18,700249,20,4,5,10.00792156494576,20.0,11,3
2025-04-18,808967,25,10,0,5.243571428571428,25.0,15,1
2025-04-19,471911,20,1,2,7.646744,20.0,17,0
2025-04-19,489446,2,0,0,2.186033898305084,2.0,2,1
2025-04-19,519242,22,8,3,6.084645761904762,22.0,11,1
2025-04-19,543135,23,7,0,6.461618434343435,23.0,16,3
2025-04-19,543294,20,1,2,6.520078529505582,20.0,17,0
2025-04-19,547973,4,1,0,0.385,4.0,3,0
2025-04-19,572955,2,0,0,1.5741714285714286,2.0,2,1
2025-04-19,573124,3,0,1,0.995497,3.0,2,0
2025-04-19,573204,6,1,0,0.5190000000000001,6.0,5,0
2025-04-19,592155,4,1,1,0.7484970000000001,3.0,1,0
2025-04-19,592779,3,1,0,1.333,3.0,2,0
2025-04-19,592836,17,2,3,5.957400090909092,17.0,12,1
2025-04-19,594902,21,3,1,7.69790325,21.0,17,2
2025-04-19,596133,3,2,0,0.07,3.0,1,0
2025-04-19,596271,3,0,0,0.216,3.0,3,0
2025-04-19,605447,8,0,0,4.289970149253731,8.0,8,2
2025-04-19,605452,9,0,0,2.855,9.0,9,0
2025-04-19,605463,6,1,0,1.018,6.0,5,0
2025-04-19,606160,5,2,1,0.8704970000000001,5.0,2,0
2025-04-19,606303,4,0,0,2.487606557377049,4.0,4,1
2025-04-19,606930,8,1,2,4.536336105263159,8.0,5,1
2025-04-19,607625,27,5,2,9.31079638095238,27.0,20,1
2025-04-19,608032,4,0,1,0.707497,3.0,3,0
2025-04-19,608371,5,1,1,2.992075,5.0,1,0
2025-04-19,615698,21,0,3,8.549734145743146,21.0,18,3
2025-04-19,621051,4,1,1,1.682497,4.0,2,0
2025-04-19,621199,3,0,1,3.169795780487806,3.0,2,2
2025-04-19,621237,1,0,0,0.324,1.0,1,0
2025-04-19,621242,3,2,0,0.441,3.0,1,0
2025-04-19,621244,26,3,4,8.492061041941463,25.0,19,2
2025-04-19,621345,6,0,3,2.449491,6.0,3,0
2025-04-19,621363,3,0,1,1.499497,3.0,2,0
2025-04-19,621381,4,0,0,2.217,4.0,4,0
2025-04-19,622554,3,1,0,0.7060000000000001,3.0,2,0
2025-04-19,622663,27,1,0,5.618648648648648,27.0,26,2
2025-04-19,623352,4,0,0,0.941,4.0,4,0
2025-04-19,623437,6,1,0,2.13025,6.0,5,0
2025-04-19,623465,3,2,0,0.355,3.0,1,0
2025-04-19,623474,5,1,1,2.3624535217391305,5.0,3,1
2025-04-19,628452,3,1,0,0.59,3.0,2,0
2025-04-19,640448,5,3,1,1.599497,5.0,1,0
2025-04-19,641329,5,1,2,2.242994,5.0,2,0
2025-04-19,641656,7,0,1,2.5659706842105265,7.0,6,1
2025-04-19,641745,3,1,0,1.1075897435897435,3.0,2,1
2025-04-19,641755,3,2,0,0.298,3.0,1,0
2025-04-19,642207,7,0,1,2.365497,7.0,6,0
2025-04-19,642397,4,0,2,1.543994,4.0,2,0
2025-04-19,642585,3,1,0,0.5850000000000001,3.0,2,0
2025-04-19,643338,5,1,0,0.6342857142857142,4.0,3,0
2025-04-19,643410,3,1,0,0.6666153846153845,3.0,2,0
2025-04-19,643511,3,1,0,0.387,3.0,2,0
2025-04-19,650556,4,1,1,0.762497,4.0,2,0
2025-04-19,650633,23,7,2,7.154762028719248,23.0,14,2
2025-04-19,655889,4,1,0,1.686289,4.0,2,0
2025-04-19,656234,6,2,0,0.4599999999999999,6.0,4,0
2025-04-19,656420,4,1,0,0.999,4.0,3,0
2025-04-19,657097,6,1,0,1.214,6.0,5,0
2025-04-19,657571,6,2,2,2.009994,6.0,2,0
2025-04-19,657585,4,0,0,0.884,4.0,4,0
2025-04-19,657649,3,2,0,0.071,3.0,1,0
2025-04-19,660825,3,0,0,0.074,3.0,3,0
2025-04-19,660896,8,1,1,2.222497,8.0,6,1
2025-04-19,661403,3,0,0,1.066,3.0,3,0
2025-04-19,662253,4,1,1,0.208,2.0,2,0
2025-04-19,663554,27,3,1,6.96650785106383,27.0,23,3
2025-04-19,663738,1,0,0,0.013,1.0,1,0
2025-04-19,663893,4,2,0,0.7160000000000001,4.0,2,0
2025-04-19,664126,6,1,2,2.289994,6.0,3,0
2025-04-19,666661,4,2,1,0.807497,4.0,1,0
2025-04-19,666974,4,1,0,0.965,4.0,3,0
2025-04-19,667463,6,1,0,3.065,6.0,5,1
2025-04-19,668678,27,5,2,8.9537578761538,27.0,20,4
2025-04-19,668881,19,4,2,9.059123406926409,19.0,11,3
2025-04-19,668984,3,1,1,0.7464970000000001,3.0,1,0
2025-04-19,669022,24,13,2,6.463222070175439,24.0,9,1
2025-04-19,669093,7,0,1,4.223760157894737,7.0,6,0
2025-04-19,669211,4,0,1,1.394497,4.0,3,0
2025-04-19,669276,3,2,0,0.02,3.0,1,0
2025-04-19,669302,24,9,2,7.181283,24.0,12,0
2025-04-19,669358,18,3,4,7.3568852251082255,18.0,10,2
2025-04-19,669438,6,2,0,0.611,6.0,4,0
2025-04-19,669461,27,6,1,7.004497000000001,27.0,20,0
2025-04-19,669622,5,3,0,1.524289,5.0,1,0
2025-04-19,669711,6,0,1,2.522892061728395,6.0,5,1
2025-04-19,669713,22,4,1,8.289581905282551,22.0,17,3
2025-04-19,669724,4,0,0,1.80848,4.0,4,0
2025-04-19,670280,5,2,0,1.048,5.0,3,0
2025-04-19,670955,5,3,0,0.949,5.0,2,0
2025-04-19,670970,4,0,0,0.5660000000000001,4.0,4,0
2025-04-19,671922,4,1,1,1.147497,4.0,2,0
2025-04-19,672282,10,2,1,3.3209136666666668,10.0,7,1
2025-04-19,672578,7,0,0,3.012289,7.0,6,1
2025-04-19,672782,1,0,0,1.161310344827586,1.0,1,1
2025-04-19,672841,9,0,0,1.592,8.0,8,0
2025-04-19,673540,22,4,2,5.463283,22.0,15,0
2025-04-19,673929,5,1,1,0.9058214285714288,4.0,3,1
2025-04-19,676092,6,1,0,1.24,5.0,5,0
2025-04-19,676254,4,0,0,1.890936170212766,4.0,4,1
2025-04-19,676263,3,0,0,0.034,2.0,2,0
2025-04-19,676395,4,2,1,1.5731456486486484,4.0,1,1
2025-04-19,676477,4,2,1,1.4293184285714289,4.0,1,1
2025-04-19,676684,5,0,1,1.088497,5.0,4,0
2025-04-19,676962,21,6,4,7.657165888888889,21.0,10,1
2025-04-19,676979,24,7,2,6.441344,24.0,15,0
2025-04-19,678024,4,0,2,0.776497,3.0,2,0
2025-04-19,678226,3,0,0,0.8898421052631578,3.0,3,0
2025-04-19,678606,7,0,1,2.046497,7.0,6,0
2025-04-19,678821,7,0,2,3.928994,6.0,4,0
2025-04-19,680573,21,3,1,10.096219641975308,21.0,16,3
2025-04-19,680704,3,2,0,0.23,3.0,1,0
2025-04-19,681343,22,3,1,8.124714050276522,22.0,15,2
2025-04-19,681911,1,1,0,0.0,1.0,0,0
2025-04-19,681982,4,0,1,1.251497,4.0,3,0
2025-04-19,682120,3,2,0,0.27,3.0,1,0
2025-04-19,682254,4,0,1,1.846497,4.0,3,0
2025-04-19,683769,2,1,0,0.102,2.0,1,0
2025-04-19,684320,7,2,2,1.119497,6.0,3,0
2025-04-19,685801,3,2,0,0.202,3.0,1,0
2025-04-19,686580,3,2,0,0.034,3.0,1,0
2025-04-19,686730,21,3,4,9.438667487179488,21.0,14,2
2025-04-19,687064,19,3,3,7.709669571428572,19.0,13,1
2025-04-19,687287,20,4,1,6.477432483870968,20.0,15,1
2025-04-19,694037,8,2,1,3.431497,8.0,5,1
2025-04-19,694363,5,1,1,0.957497,5.0,3,0
2025-04-19,694477,23,7,0,7.211603773584906,23.0,16,1
2025-04-19,694738,26,9,1,8.124839105263158,26.0,16,2
2025-04-19,694973,25,4,1,9.179786393939391,25.0,20,2
2025-04-19,695243,3,2,0,0.136,3.0,1,0
2025-04-19,696270,4,0,0,0.373,4.0,4,0
2025-04-19,801403,24,5,2,11.194448667217246,23.0,17,4
2025-04-19,808963,22,4,3,8.266261404571617,22.0,15,3
2025-04-20,434378,22,6,2,5.401635025641026,22.0,14,1
2025-04-20,450203,18,2,4,7.742672210526316,18.0,12,1
2025-04-20,455119,5,0,1,1.775497,5.0,4,0
2025-04-20,458677,3,0,0,0.382,2.0,3,0
2025-04-20,472610,3,1,1,1.601284878787879,3.0,1,1
2025-04-20,518397,4,0,1,1.700497,4.0,3,0
2025-04-20,518585,6,1,3,2.450491,6.0,2,0
2025-04-20,518876,20,5,1,5.420709121212121,20.0,14,1
2025-04-20,519008,5,0,0,1.161,5.0,5,0
2025-04-20,519151,3,1,0,1.1142641509433964,3.0,2,1
2025-04-20,521230,6,1,0,3.031045454545455,5.0,4,1
2025-04-20,543056,3,0,0,0.37,3.0,3,0
2025-04-20,543243,26,6,1,8.046182314685314,26.0,18,1
2025-04-20,547001,16,1,2,5.72367485106383,16.0,13,1
2025-04-20,571946,7,2,0,1.3638529411764704,7.0,5,1
2025-04-20,571948,3,1,0,1.9055833333333336,3.0,2,1
2025-04-20,572955,6,2,0,0.491,6.0,4,0
2025-04-20,573124,3,1,0,0.052,3.0,2,0
2025-04-20,579328,25,6,4,6.895988,25.0,15,0
2025-04-20,592094,6,2,0,0.3209999999999999,6.0,4,0
2025-04-20,592155,3,0,0,0.248,3.0,3,0
2025-04-20,592454,5,1,0,1.6962580645161291,5.0,4,1
2025-04-20,592773,5,1,0,1.623,5.0,4,0
2025-04-20,592791,20,6,2,5.761279714285714,20.0,12,1
2025-04-20,595345,4,1,0,2.730888888888889,4.0,3,1
2025-04-20,596001,3,1,0,0.297,3.0,2,0
2025-04-20,596142,7,0,1,4.493964571428572,7.0,5,1
2025-04-20,605130,3,1,0,0.4419999999999999,3.0,2,0
2025-04-20,605280,24,6,2,5.503763230769231,24.0,16,0
2025-04-20,605347,2,0,0,0.565,2.0,2,0
2025-04-20,605463,3,0,0,2.9032986270022887,3.0,3,2
2025-04-20,605488,15,3,4,5.8543037894736845,15.0,8,2
2025-04-20,607192,16,6,1,6.9504693986659465,16.0,9,4
2025-04-20,607455,3,1,0,0.916,3.0,2,0
2025-04-20,607536,10,2,1,2.191747,10.0,7,0
2025-04-20,608032,7,1,1,0.364,6.0,5,0
2025-04-20,608331,27,2,2,8.418783,27.0,22,0
2025-04-20,608379,24,5,0,6.107,24.0,19,0
2025-04-20,608718,13,1,0,3.7473157894736846,13.0,12,1
2025-04-20,621051,5,1,1,2.350163666666667,5.0,3,1
2025-04-20,621237,3,1,0,0.588,3.0,2,0
2025-04-20,621363,3,2,0,0.544,3.0,1,0
2025-04-20,621381,5,0,0,0.5800000000000001,5.0,5,0
2025-04-20,622253,8,3,0,3.012829983606557,8.0,4,1
2025-04-20,622491,27,5,2,8.881635975308642,26.0,19,2
2025-04-20,622608,24,2,1,5.023068428571428,20.0,18,1
2025-04-20,622761,11,0,2,7.440388263157895,11.0,8,1
2025-04-20,622786,3,0,0,0.054,3.0,3,0
2025-04-20,623149,1,1,0,0.0,1.0,0,0
2025-04-20,623465,1,1,0,0.0,1.0,0,0
2025-04-20,623474,6,1,0,1.4329999999999998,6.0,5,0
2025-04-20,640448,4,1,1,0.853497,4.0,2,0
2025-04-20,641302,10,5,0,0.687,10.0,5,0
2025-04-20,641755,4,3,0,0.852,4.0,1,0
2025-04-20,641816,26,4,3,6.293718272727273,26.0,19,1
2025-04-20,642100,5,2,1,1.639786,5.0,1,0
2025-04-20,642701,3,0,0,0.591,3.0,3,0
2025-04-20,643511,4,1,0,1.304,4.0,3,0
2025-04-20,656222,5,1,0,0.871,5.0,4,0
2025-04-20,656234,4,3,1,0.691497,4.0,0,0
2025-04-20,656271,4,1,1,2.539452555555556,4.0,2,1
2025-04-20,656302,22,6,1,4.976614647058824,22.0,15,0
2025-04-20,656550,26,7,4,7.99130825,26.0,14,1
2025-04-20,656557,23,7,2,3.943716222222222,23.0,14,0
2025-04-20,656605,22,3,2,8.290703323308271,22.0,17,2
2025-04-20,656945,4,0,0,0.8832272727272727,3.0,3,1
2025-04-20,657044,4,2,1,0.928497,4.0,1,0
2025-04-20,657240,5,1,0,1.995,5.0,4,0
2025-04-20,657514,7,0,1,2.5425747142857142,6.0,5,1
2025-04-20,657746,25,5,1,10.357884329156224,25.0,18,4
2025-04-20,660853,6,1,0,3.116,6.0,5,1
2025-04-20,661395,3,1,0,1.214,3.0,2,0
2025-04-20,661403,7,0,1,2.487448219512195,7.0,6,1
2025-04-20,663158,3,2,0,0.449,3.0,1,0
2025-04-20,663423,4,0,1,1.985497,4.0,3,0
2025-04-20,663623,23,9,0,5.413431857142857,23.0,13,2
2025-04-20,663738,6,0,0,1.251,5.0,5,0
2025-04-20,663767,6,2,0,0.61,6.0,4,0
2025-04-20,663947,6,3,0,0.556,6.0,3,0
2025-04-20,664076,4,1,0,1.2394736842105265,4.0,3,1
2025-04-20,664139,5,2,1,1.025497,5.0,2,0
2025-04-20,664208,3,2,0,0.268,3.0,1,0
2025-04-20,664285,25,2,3,8.175491000000001,24.0,20,0
2025-04-20,664849,4,2,1,1.389497,4.0,1,0
2025-04-20,664875,5,0,0,2.849505170212766,5.0,4,2
2025-04-20,666120,7,1,3,2.3304910000000003,7.0,3,0
2025-04-20,666200,29,7,0,6.981189090909091,29.0,22,1
2025-04-20,666214,5,1,0,2.451161290322581,5.0,4,1
2025-04-20,666808,3,1,1,0.940497,3.0,1,0
2025-04-20,668716,9,0,2,4.573994,9.0,7,0
2025-04-20,668941,3,1,1,0.937497,3.0,1,0
2025-04-20,668984,3,0,0,0.135,3.0,3,0
2025-04-20,669373,23,4,1,7.542747,22.0,17,0
2025-04-20,669622,5,1,1,1.658786,5.0,2,0
2025-04-20,670167,5,2,1,0.8684970000000001,5.0,2,0
2025-04-20,671106,23,5,1,7.098594878472879,23.0,17,4
2025-04-20,671131,9,3,2,2.383994,9.0,4,0
2025-04-20,672335,12,3,2,4.880344,12.0,7,0
2025-04-20,674285,3,0,0,1.125289,2.0,2,0
2025-04-20,676092,3,0,0,0.09,3.0,3,0
2025-04-20,676130,5,2,0,0.837,5.0,3,0
2025-04-20,676254,6,1,1,3.599786,6.0,3,0
2025-04-20,676263,3,1,1,1.264497,3.0,1,0
2025-04-20,676282,3,0,1,1.401497,3.0,2,0
2025-04-20,676428,6,3,0,0.914,6.0,3,0
2025-04-20,676508,5,1,0,0.7161538461538461,5.0,4,0
2025-04-20,676534,5,0,1,1.919497,5.0,4,0
2025-04-20,677161,3,0,0,2.218578,3.0,1,0
2025-04-20,678020,5,2,0,0.649,5.0,3,0
2025-04-20,678606,5,2,0,0.974,5.0,3,0
2025-04-20,679358,7,2,0,1.913,7.0,5,1
2025-04-20,680732,25,5,3,10.134651794871797,25.0,16,1
2025-04-20,681676,7,1,1,2.414497,7.0,5,0
2025-04-20,681799,3,1,0,0.365,3.0,2,0
2025-04-20,682052,5,0,0,1.386,5.0,5,0
2025-04-20,683409,12,0,2,3.289994,11.0,9,0
2025-04-20,683769,5,2,0,1.8485,5.0,3,0
2025-04-20,685126,6,1,0,2.06,6.0,5,0
2025-04-20,686752,25,7,1,8.170113317016316,25.0,17,3
2025-04-20,686753,2,0,0,1.134,2.0,2,0
2025-04-20,686973,3,0,0,0.271,3.0,3,0
2025-04-20,687362,24,3,1,7.780607428571429,23.0,18,1
2025-04-20,687606,16,8,0,2.958466666666667,16.0,8,1
2025-04-20,687765,12,0,1,4.367786,12.0,10,0
2025-04-20,687863,3,0,0,0.6809999999999999,3.0,3,0
2025-04-20,687911,4,1,0,0.862,4.0,3,0
2025-04-20,687922,14,5,2,7.761604516934046,14.0,7,3
2025-04-20,688642,4,0,0,0.9543157894736845,3.0,3,1
2025-04-20,689147,7,1,1,3.700262480895916,7.0,5,1
2025-04-20,689254,4,2,0,0.984,4.0,2,0
2025-04-20,689690,5,1,0,1.6760000000000002,5.0,4,0
2025-04-20,690382,6,1,0,1.285,6.0,5,0
2025-04-20,691094,13,3,1,4.307516669551534,13.0,9,2
2025-04-20,695418,20,5,2,8.174283,20.0,12,0
2025-04-20,696136,9,2,0,2.237,8.0,7,0
2025-04-20,701121,2,0,1,0.976497,2.0,1,0
2025-04-20,701656,21,9,1,5.346012119708103,21.0,11,2
2025-04-20,806188,8,2,0,1.5684999999999998,8.0,6,0
2025-04-21,547973,5,1,0,2.519428571428572,5.0,4,1
2025-04-21,592332,25,6,3,7.414741386759582,24.0,16,2
2025-04-21,592662,22,4,3,7.785067086956522,22.0,15,0
2025-04-21,593974,4,0,1,2.670597,4.0,3,1
2025-04-21,605400,26,6,2,10.79534694117647,26.0,18,2
2025-04-21,606303,1,0,0,1.3737027027027031,1.0,1,1
2025-04-21,607200,24,3,3,8.551080743589743,24.0,18,2
2025-04-21,614179,3,0,0,1.8996,3.0,3,1
2025-04-21,621111,27,9,3,6.666491,27.0,15,0
2025-04-21,621242,4,2,0,1.4635689655172408,4.0,2,1
2025-04-21,621383,3,3,0,0.0,3.0,0,0
2025-04-21,622786,3,0,0,0.06,3.0,3,0
2025-04-21,623149,6,1,0,2.852085106382979,6.0,5,1
2025-04-21,628452,7,1,1,3.466163666666666,6.0,4,1
2025-04-21,641941,3,0,0,0.808,3.0,3,0
2025-04-21,642232,4,0,0,1.361289,4.0,3,0
2025-04-21,656457,5,3,0,0.87,5.0,2,0
2025-04-21,656731,22,10,4,4.374277,22.0,7,0
2025-04-21,657376,22,7,3,5.561145545454545,22.0,12,1
2025-04-21,657585,3,1,0,0.956,3.0,2,0
2025-04-21,657649,4,0,0,1.568,4.0,4,0
2025-04-21,663969,6,0,1,2.421131146341464,6.0,5,1
2025-04-21,664208,5,1,2,1.731994,5.0,2,0
2025-04-21,664747,9,0,1,4.258996084033614,8.0,6,2
2025-04-21,666157,26,4,2,8.769924975308642,26.0,19,1
2025-04-21,666215,7,2,0,0.968,7.0,5,0
2025-04-21,666808,3,1,0,0.446,3.0,2,0
2025-04-21,668820,10,0,0,4.2465,10.0,10,0
2025-04-21,668909,26,8,2,9.477054606060609,26.0,16,2
2025-04-21,668941,3,1,0,2.2345,3.0,2,1
2025-04-21,669724,7,2,0,1.9197878787878797,7.0,5,1
2025-04-21,670810,14,3,2,5.603283,14.0,8,0
2025-04-21,671922,4,2,0,0.489,4.0,2,0
2025-04-21,672456,22,3,4,7.108277,21.0,13,0
2025-04-21,672782,13,0,1,4.22315325,13.0,12,2
2025-04-21,673513,8,1,1,3.1364666666666667,7.0,6,1
2025-04-21,676282,2,1,1,0.691497,2.0,0,0
2025-04-21,676428,5,1,0,1.01,5.0,4,0
2025-04-21,676684,3,1,0,0.4369999999999999,3.0,2,0
2025-04-21,676974,23,14,0,3.994,23.0,9,0
2025-04-21,677020,12,3,1,4.569535999999999,12.0,7,2
2025-04-21,678226,3,0,1,1.385497,3.0,2,0
2025-04-21,678692,4,0,0,0.9128571428571428,4.0,4,0
2025-04-21,680885,30,5,0,11.482942857142858,29.0,25,2
2025-04-21,681190,15,1,3,6.61578,15.0,10,0
2025-04-21,681517,3,1,0,0.356,3.0,2,0
2025-04-21,681982,4,2,0,1.251727272727273,4.0,2,1
2025-04-21,682171,4,1,1,0.955497,4.0,2,0
2025-04-21,682990,19,3,4,7.106988,19.0,12,0
2025-04-21,683232,3,0,0,1.12,3.0,3,0
2025-04-21,684974,4,1,1,0.926497,4.0,2,0
2025-04-21,686563,27,4,4,9.258927393939391,27.0,19,1
2025-04-21,686580,3,1,0,0.0569999999999999,3.0,2,0
2025-04-21,686613,23,9,1,3.642497,23.0,13,0
2025-04-21,806185,11,4,2,2.905994,11.0,5,0
2025-04-22,458677,5,0,2,2.510994,5.0,3,0
2025-04-22,472610,4,3,0,0.712,4.0,1,0
2025-04-22,489446,2,1,1,0.691497,2.0,0,0
2025-04-22,500779,24,3,2,7.988571862112587,24.0,19,2
2025-04-22,519008,3,0,0,1.8343333333333334,3.0,3,0
2025-04-22,521230,3,0,0,0.6547000000000001,3.0,3,0
2025-04-22,542888,3,1,1,1.080497,3.0,1,0
2025-04-22,571578,24,4,2,7.603036452830189,24.0,18,1
2025-04-22,571927,10,2,1,2.293189307692308,10.0,7,0
2025-04-22,571948,6,1,1,2.007497,6.0,4,0
2025-04-22,592094,4,0,0,0.767,4.0,4,0
2025-04-22,592426,3,0,0,0.295,3.0,3,0
2025-04-22,592773,4,0,2,2.5204057647058824,4.0,2,1
2025-04-22,596133,3,0,0,0.059,3.0,3,0
2025-04-22,600917,1,1,0,0.0,1.0,0,0
2025-04-22,601713,25,6,2,7.044320541274816,25.0,17,2
2025-04-22,605130,3,0,1,0.11399999999999999,2.0,2,0
2025-04-22,605135,26,3,1,6.473075,26.0,20,0
2025-04-22,605447,4,1,1,0.936497,4.0,2,0
2025-04-22,605452,11,3,0,4.028824714285714,11.0,7,1
2025-04-22,606160,5,0,2,2.128994,5.0,3,0
2025-04-22,606303,5,0,0,1.3840000000000001,5.0,5,0
2025-04-22,607259,23,4,2,5.030994,22.0,16,0
2025-04-22,607455,4,0,0,1.819,4.0,4,1
2025-04-22,607481,7,3,0,1.8691699523809522,7.0,3,1
2025-04-22,608032,7,0,3,4.1436785,7.0,4,0
2025-04-22,621053,3,0,0,0.24600000000000002,3.0,3,0
2025-04-22,621199,7,2,0,1.8399999999999999,7.0,5,0
2025-04-22,621345,3,1,0,0.7152857142857142,3.0,2,0
2025-04-22,621363,3,0,2,1.539994,3.0,1,0
2025-04-22,621366,3,1,0,0.6243333333333334,3.0,2,0
2025-04-22,621383,3,0,0,0.832,3.0,3,0
2025-04-22,623211,4,1,1,1.451497,4.0,2,0
2025-04-22,623352,3,2,0,0.017,3.0,1,0
2025-04-22,641745,6,0,2,2.7479940000000003,6.0,4,0
2025-04-22,641755,6,1,2,0.996,4.0,3,0
2025-04-22,641793,24,2,1,8.916127701754386,24.0,21,2
2025-04-22,641927,25,6,1,7.687812789473685,25.0,18,2
2025-04-22,642152,7,0,1,6.002570632034633,7.0,5,2
2025-04-22,642701,1,1,0,0.0,1.0,0,0
2025-04-22,643377,4,2,0,0.63,4.0,2,0
2025-04-22,643410,6,1,1,1.763497,6.0,4,0
2025-04-22,650556,3,2,0,0.839,3.0,1,0
2025-04-22,650911,11,2,2,4.701994,11.0,7,0
2025-04-22,656222,4,0,0,1.9060000000000001,4.0,4,0
2025-04-22,656240,15,1,2,4.516407793103449,15.0,12,1
2025-04-22,656271,4,1,1,1.616497,4.0,2,0
2025-04-22,656288,23,5,1,6.270535461538461,23.0,17,0
2025-04-22,656427,24,9,0,4.841,24.0,15,0
2025-04-22,656945,4,1,0,1.2876029411764705,4.0,3,1
2025-04-22,657044,4,0,1,0.894497,4.0,3,0
2025-04-22,657097,5,0,0,2.0245998681608435,5.0,5,2
2025-04-22,657612,4,0,0,1.0145,4.0,4,0
2025-04-22,660825,7,1,2,2.913994,7.0,4,0
2025-04-22,660853,7,1,2,2.188497,6.0,4,0
2025-04-22,661395,6,1,2,2.51702525,6.0,3,1
2025-04-22,663158,3,1,0,0.024,3.0,2,0
2025-04-22,663372,24,4,1,5.104086743589744,24.0,19,1
2025-04-22,663423,4,1,1,2.7720783953488373,4.0,2,1
2025-04-22,663436,22,3,3,8.50363294117647,22.0,15,1
2025-04-22,663460,24,6,0,5.565186274509804,24.0,18,1
2025-04-22,663542,5,1,1,2.110786,5.0,2,0
2025-04-22,663559,17,5,0,5.190878787878788,17.0,12,2
2025-04-22,663562,1,0,0,0.541,1.0,1,0
2025-04-22,663574,4,0,1,2.169747,4.0,3,0
2025-04-22,663738,4,1,1,0.715497,4.0,2,0
2025-04-22,663767,6,3,0,0.872,6.0,3,0
2025-04-22,663855,26,5,3,7.124491,26.0,18,0
2025-04-22,663893,3,1,1,0.7454970000000001,3.0,1,0
2025-04-22,664854,5,1,2,2.016994,5.0,2,0
2025-04-22,664875,4,1,2,1.423994,4.0,1,0
2025-04-22,665152,26,4,0,11.437984688346884,26.0,22,4
2025-04-22,665795,22,7,2,6.443994,22.0,13,1
2025-04-22,666120,7,1,1,3.3615970000000006,7.0,5,1
2025-04-22,666659,8,3,0,1.2771000000000001,8.0,5,1
2025-04-22,666661,3,1,1,0.800497,3.0,1,0
2025-04-22,667755,21,2,4,7.9281492903225805,21.0,15,1
2025-04-22,668674,3,0,0,1.3278529411764706,3.0,3,1
2025-04-22,668933,7,2,1,2.2129706842105263,6.0,3,1
2025-04-22,668970,6,2,0,2.9534545454545453,6.0,4,1
2025-04-22,669160,27,5,3,11.996306428041793,27.0,19,3
2025-04-22,669199,4,2,0,1.3794999999999997,4.0,2,0
2025-04-22,669211,4,1,0,0.514,4.0,3,0
2025-04-22,669276,6,2,1,0.96125,5.0,3,0
2025-04-22,669371,2,2,0,0.0,2.0,0,0
2025-04-22,669438,9,1,2,3.367283,9.0,5,0
2025-04-22,669467,23,1,3,9.932977202450031,23.0,19,4
2025-04-22,669622,4,0,0,1.910787878787879,4.0,4,1
2025-04-22,669711,2,0,1,0.718497,2.0,1,0
2025-04-22,669854,24,3,2,4.369716222222222,24.0,19,0
2025-04-22,670167,4,0,2,1.742994,3.0,2,0
2025-04-22,670280,3,1,0,0.619,3.0,2,0
2025-04-22,671922,3,0,0,0.447,3.0,3,0
2025-04-22,672578,5,1,1,1.825497,5.0,3,0
2025-04-22,674370,27,2,3,11.114732615174947,27.0,22,4
2025-04-22,676130,3,1,0,0.14400000000000002,3.0,2,0
2025-04-22,676395,1,0,0,1.1067714285714283,1.0,1,1
2025-04-22,676440,24,5,3,6.611094773584906,24.0,16,1
2025-04-22,676477,7,2,0,1.041,7.0,5,0
2025-04-22,676534,3,1,0,0.5880000000000001,3.0,2,0
2025-04-22,677955,6,0,0,1.6964545454545454,6.0,6,0
2025-04-22,678020,4,0,0,1.547,4.0,4,0
2025-04-22,678024,14,4,2,5.341204568627451,14.0,7,2
2025-04-22,678394,23,3,3,8.870469,22.0,14,1
2025-04-22,680729,8,0,1,1.488497,8.0,7,0
2025-04-22,680730,27,4,2,5.877101900943396,27.0,21,2
2025-04-22,681517,3,1,0,0.8280000000000001,3.0,2,0
2025-04-22,681799,4,1,0,1.1509354838709678,4.0,3,1
2025-04-22,681911,4,2,0,1.3537192982456143,4.0,2,1
2025-04-22,681982,5,0,1,1.9124970000000001,5.0,4,0
2025-04-22,682052,9,4,3,2.206491,9.0,2,0
2025-04-22,682120,4,2,0,0.474,4.0,2,0
2025-04-22,682243,23,4,4,8.494181548387097,23.0,15,1
2025-04-22,683766,4,0,0,0.8660000000000001,4.0,4,0
2025-04-22,683769,5,2,1,1.345497,5.0,2,0
2025-04-22,684007,25,6,2,10.148216238466537,25.0,17,3
2025-04-22,684320,5,1,0,3.0777238288811466,5.0,4,3
2025-04-22,685107,4,1,1,0.8864970000000001,4.0,2,0
2025-04-22,686249,7,1,0,2.968,7.0,6,0
2025-04-22,686973,3,0,0,0.977,3.0,3,0
2025-04-22,687863,3,1,0,0.097,3.0,2,0
2025-04-22,687911,1,0,0,0.725,1.0,1,0
2025-04-22,689147,5,0,2,2.711497,4.0,3,1
2025-04-22,689254,3,3,0,0.0,3.0,0,0
2025-04-22,690382,9,2,0,1.349,9.0,7,0
2025-04-22,690544,5,2,0,1.047,5.0,3,0
2025-04-22,694297,22,5,0,7.958765467477526,22.0,16,2
2025-04-22,695445,7,1,2,3.140283,7.0,3,0
2025-04-22,701542,20,5,1,5.3974969999999995,20.0,14,0
2025-04-22,702352,8,1,0,1.96,8.0,7,0
2025-04-23,472610,4,1,1,1.500497,4.0,2,0
2025-04-23,489446,3,2,0,0.444,3.0,1,0
2025-04-23,518585,3,2,0,0.059,3.0,1,0
2025-04-23,543056,3,1,0,1.05048,3.0,2,0
2025-04-23,554340,5,1,0,1.613,5.0,4,0
2025-04-23,554430,25,9,2,5.944494000000001,25.0,14,1
2025-04-23,571510,28,4,1,9.672750172456833,28.0,23,0
2025-04-23,571760,20,9,0,3.644791666666667,20.0,11,1
2025-04-23,571945,25,2,2,9.241974555555556,25.0,21,2
2025-04-23,571946,3,1,1,1.3674970000000002,3.0,1,0
2025-04-23,572955,3,0,0,0.668,3.0,3,0
2025-04-23,592155,5,1,1,3.210786,5.0,2,1
2025-04-23,592454,2,0,0,0.565,2.0,2,0
2025-04-23,592779,4,2,1,0.704497,4.0,1,0
2025-04-23,592866,22,5,1,8.105860636363637,22.0,16,0
2025-04-23,593958,27,5,1,7.358858111111111,27.0,21,1
2025-04-23,596133,4,0,0,3.434697674418605,4.0,4,2
2025-04-23,605218,5,1,1,1.167497,5.0,3,0
2025-04-23,605347,6,1,0,2.0035,6.0,5,0
2025-04-23,605447,5,1,1,1.229,4.0,3,0
2025-04-23,606160,4,1,1,2.168497,4.0,2,0
2025-04-23,606996,19,6,1,6.527297000000002,19.0,12,2
2025-04-23,607074,27,8,2,5.413994,27.0,17,0
2025-04-23,607455,4,0,1,0.9144970000000001,4.0,3,0
2025-04-23,608372,26,1,0,9.309131578947369,26.0,25,2
2025-04-23,621051,3,2,0,0.116,3.0,1,0
2025-04-23,621053,3,2,0,0.016,3.0,1,0
2025-04-23,621237,8,2,0,2.834933333333333,8.0,6,1
2025-04-23,621242,5,2,0,0.261,5.0,3,0
2025-04-23,621381,4,2,0,0.6759999999999999,4.0,2,0
2025-04-23,623211,3,0,0,1.0068529411764708,3.0,3,1
2025-04-23,623352,5,2,1,1.5774970000000001,5.0,2,0
2025-04-23,623437,3,0,0,0.904,3.0,3,0
2025-04-23,623465,4,0,1,1.347497,4.0,3,0
2025-04-23,640448,5,1,0,1.283,5.0,4,0
2025-04-23,641941,3,0,0,0.402,3.0,3,0
2025-04-23,642100,3,1,0,0.486,3.0,2,0
2025-04-23,642397,5,0,1,1.564497,5.0,4,0
2025-04-23,642547,22,3,2,6.421994,22.0,17,0
2025-04-23,642701,4,1,0,0.8700000000000001,4.0,3,0
2025-04-23,643338,6,1,0,1.602,6.0,5,0
2025-04-23,643377,3,2,0,0.106,3.0,1,0
2025-04-23,643511,3,0,0,0.718,3.0,3,0
2025-04-23,645261,25,4,2,8.917572125000001,25.0,19,2
2025-04-23,650556,4,1,0,1.242,4.0,3,0
2025-04-23,656546,4,2,0,0.142,4.0,2,0
2025-04-23,656641,17,2,3,4.412491,17.0,12,0
2025-04-23,656794,24,8,2,7.578180170212766,24.0,14,1
2025-04-23,656849,25,2,1,10.710395026315789,25.0,22,2
2025-04-23,657044,7,2,0,2.162,7.0,5,1
2025-04-23,657240,3,2,0,0.064,3.0,1,0
2025-04-23,657277,27,6,3,8.286491,27.0,18,0
2025-04-23,657514,6,0,1,2.3389706842105262,6.0,5,1
2025-04-23,657571,3,0,0,0.326,2.0,2,0
2025-04-23,662253,3,1,0,1.052,3.0,2,0
2025-04-23,663485,6,1,1,1.074497,6.0,4,0
2025-04-23,663542,3,1,0,0.3782857142857142,3.0,2,0
2025-04-23,663562,5,1,1,3.0521220000000002,5.0,3,1
2025-04-23,663574,4,0,0,2.1505,4.0,4,0
2025-04-23,663903,22,8,0,4.762416666666667,22.0,14,1
2025-04-23,664076,4,0,0,0.536,4.0,4,0
2025-04-23,664126,2,0,0,0.027999999999999997,2.0,2,0
2025-04-23,664139,4,1,0,1.302,4.0,3,0
2025-04-23,664849,2,2,0,0.0,2.0,0,0
2025-04-23,666277,7,3,2,1.160497,6.0,2,0
2025-04-23,666661,2,1,0,0.271,2.0,1,0
2025-04-23,666808,2,1,0,0.086,2.0,1,0
2025-04-23,667463,3,1,0,0.6100000000000001,3.0,2,0
2025-04-23,668820,4,0,1,1.704497,4.0,3,0
2025-04-23,668941,3,0,0,1.2229999999999999,3.0,3,0
2025-04-23,668984,6,2,1,3.0482894528301885,6.0,3,1
2025-04-23,669060,16,2,3,8.42328,16.0,9,1
2025-04-23,669062,2,0,0,0.43400000000000005,2.0,2,0
2025-04-23,670102,22,2,1,8.096151545454546,22.0,19,1
2025-04-23,670174,15,4,2,4.927136857142857,15.0,9,1
2025-04-23,670280,3,2,0,0.009,3.0,1,0
2025-04-23,670955,6,0,2,3.033994,6.0,4,0
2025-04-23,670970,6,0,0,1.638,6.0,6,0
2025-04-23,671131,5,1,1,2.2236193333333336,5.0,2,0
2025-04-23,671737,25,3,2,7.651673584599798,25.0,20,2
2025-04-23,672282,8,4,0,1.7089999999999999,8.0,4,0
2025-04-23,673513,5,2,0,2.675645061728395,5.0,3,1
2025-04-23,673929,5,0,1,1.421497,5.0,4,0
2025-04-23,676106,25,7,2,7.490314158102767,25.0,16,1
2025-04-23,676130,5,1,2,2.091994,5.0,2,0
2025-04-23,676254,5,1,0,2.574527095238095,5.0,3,1
2025-04-23,676263,8,0,3,3.164491,8.0,5,0
2025-04-23,676282,7,2,1,2.568497,7.0,4,1
2025-04-23,676508,9,4,0,1.9013409090909092,9.0,5,1
2025-04-23,676664,21,5,1,6.9094363939393935,20.0,14,2
2025-04-23,676684,3,2,0,0.076,3.0,1,0
2025-04-23,676961,7,3,0,1.1957083333333336,7.0,4,1
2025-04-23,677958,13,2,1,6.446999222222223,13.0,10,2
2025-04-23,678226,5,2,0,0.5,5.0,3,0
2025-04-23,678606,4,0,1,2.585786,4.0,2,0
2025-04-23,678692,4,2,0,0.231,4.0,2,0
2025-04-23,679358,5,0,2,1.824994,5.0,3,0
2025-04-23,679885,3,1,0,0.556,3.0,2,0
2025-04-23,681517,2,1,0,0.018,2.0,1,0
2025-04-23,681676,3,2,0,2.0,3.0,1,1
2025-04-23,681857,26,7,1,6.493105974358974,23.0,16,1
2025-04-23,682171,4,0,1,1.7914970000000001,4.0,3,0
2025-04-23,682254,5,2,1,2.696497,5.0,2,1
2025-04-23,682847,24,8,5,9.870238548387096,24.0,11,3
2025-04-23,683232,6,2,0,0.7070000000000001,6.0,4,0
2025-04-23,684974,4,1,1,1.1254970000000002,4.0,2,0
2025-04-23,685107,4,0,1,2.331497,4.0,3,0
2025-04-23,685126,6,1,0,1.353,6.0,5,0
2025-04-23,686753,6,0,1,2.424497,6.0,5,0
2025-04-23,686799,25,3,1,10.505979548387097,25.0,20,2
2025-04-23,686993,3,0,0,0.432,3.0,3,0
2025-04-23,687473,21,6,1,5.045815181818181,21.0,14,1
2025-04-23,687765,4,1,0,0.23500000000000001,4.0,3,0
2025-04-23,687849,14,4,2,3.2623273333333334,14.0,8,0
2025-04-23,687863,3,1,0,0.807,3.0,2,0
2025-04-23,687911,4,0,0,0.7969999999999999,4.0,4,0
2025-04-23,689690,6,2,0,1.3442889999999998,6.0,3,0
2025-04-23,693821,25,2,3,7.576278878787879,25.0,20,1
2025-04-23,694037,4,1,0,1.755,4.0,3,0
2025-04-23,694363,4,1,0,0.12200000000000001,4.0,3,0
2025-04-23,695243,4,3,0,0.6848333333333332,4.0,1,1
2025-04-23,701581,18,5,3,7.240674333333334,18.0,10,1
2025-04-24,445276,4,1,0,1.4509999999999998,4.0,3,1
2025-04-24,455119,4,1,0,0.325,3.0,2,0
2025-04-24,521230,6,1,3,2.828491,6.0,2,0
2025-04-24,542881,24,1,0,9.115267106279662,24.0,23,3
2025-04-24,547179,26,7,4,6.558577743589743,26.0,15,1
2025-04-24,571946,1,1,0,0.0,1.0,0,0
2025-04-24,571948,3,2,1,0.691497,3.0,0,0
2025-04-24,592426,6,1,1,2.630497,6.0,4,0
2025-04-24,594798,22,6,0,5.2456875,22.0,16,1
2025-04-24,608032,3,0,0,0.224,3.0,3,0
2025-04-24,608566,23,3,3,9.01478,23.0,16,0
2025-04-24,623474,10,1,1,2.793497,10.0,8,1
2025-04-24,641302,4,0,1,1.342497,4.0,3,0
2025-04-24,642100,3,1,0,0.9384444444444444,3.0,2,1
2025-04-24,642397,3,0,0,0.171,3.0,3,0
2025-04-24,642585,4,1,0,0.414,4.0,3,0
2025-04-24,643511,4,3,0,0.383,4.0,1,0
2025-04-24,655889,3,1,0,0.108,3.0,2,0
2025-04-24,656222,4,1,0,1.016,4.0,3,0
2025-04-24,656234,9,2,0,2.406289,9.0,6,0
2025-04-24,656420,5,1,0,1.8242475000000002,5.0,4,2
2025-04-24,656730,3,1,0,0.386,3.0,2,0
2025-04-24,656876,21,5,1,7.638722170212766,21.0,14,1
2025-04-24,657649,4,0,0,0.373,4.0,4,0
2025-04-24,660896,10,3,1,3.6628499411764706,10.0,6,1
2025-04-24,662253,4,2,1,1.8806398571428569,4.0,1,1
2025-04-24,663423,1,0,0,0.273,1.0,1,0
2025-04-24,663687,8,4,1,1.349497,8.0,3,0
2025-04-24,663738,10,0,0,5.10735,10.0,10,2
2025-04-24,663767,4,0,0,2.4082575757575757,4.0,4,1
2025-04-24,663978,24,5,4,6.885930307692307,24.0,15,1
2025-04-24,664126,4,1,1,1.145497,4.0,2,0
2025-04-24,666142,14,4,2,5.037847846153846,14.0,8,1
2025-04-24,666171,4,2,0,0.806,4.0,2,0
2025-04-24,666808,5,0,1,1.5454970000000001,5.0,4,0
2025-04-24,666974,1,0,0,0.065,1.0,1,0
2025-04-24,668674,3,1,0,0.332,3.0,2,0
2025-04-24,668716,4,0,0,0.883,4.0,4,0
2025-04-24,668964,20,2,4,5.988988,20.0,14,0
2025-04-24,669022,23,8,1,6.942330333333333,23.0,14,1
2025-04-24,669062,4,1,0,0.514,4.0,3,0
2025-04-24,669194,12,5,0,3.0426153846153845,12.0,7,0
2025-04-24,669203,22,8,3,8.226417311728394,22.0,11,3
2025-04-24,669371,8,4,1,0.865289,7.0,2,0
2025-04-24,669372,20,2,2,9.226759298984033,20.0,15,3
2025-04-24,669387,22,4,1,7.101718198156681,22.0,17,3
2025-04-24,669711,5,2,0,1.324,5.0,3,0
2025-04-24,670167,3,2,0,0.659,3.0,1,0
2025-04-24,670955,3,0,0,1.883,3.0,3,0
2025-04-24,672582,7,1,1,1.794497,7.0,5,0
2025-04-24,673929,5,2,1,1.236497,5.0,2,0
2025-04-24,674444,6,1,0,0.5880000000000001,6.0,5,0
2025-04-24,675848,4,1,0,0.7829999999999999,4.0,3,0
2025-04-24,676092,3,1,0,0.254,3.0,2,0
2025-04-24,676395,3,0,0,2.08403125,3.0,3,1
2025-04-24,676979,25,9,5,8.381909731182796,25.0,11,2
2025-04-24,677955,6,4,2,1.382994,6.0,0,0
2025-04-24,678606,3,1,0,0.241,3.0,2,0
2025-04-24,680880,6,0,0,0.733,6.0,6,0
2025-04-24,681343,19,7,1,4.065597,19.0,11,1
2025-04-24,682842,6,0,2,2.9560898904109596,6.0,4,1
2025-04-24,683232,3,1,0,0.7653214285714286,3.0,2,0
2025-04-24,685126,4,1,0,1.1048529411764705,4.0,3,1
2025-04-24,685801,7,0,1,2.343497,7.0,6,0
2025-04-24,688642,4,0,0,1.188,4.0,4,0
2025-04-24,692285,7,1,0,3.163732522796352,7.0,6,2
2025-04-24,693312,6,3,0,0.18,6.0,3,0
2025-04-24,693433,23,8,1,5.422695090909091,23.0,13,1
2025-04-24,694738,20,2,3,6.681491,19.0,15,0
2025-04-24,696270,5,1,1,1.762497,5.0,3,0
2025-04-24,700249,25,5,1,5.99334994117647,25.0,19,1
2025-04-24,702352,8,1,2,2.649994,7.0,4,0
2025-04-24,801403,22,3,2,7.267089238095238,22.0,17,2
2025-04-25,434378,23,5,1,6.219756722222223,23.0,17,4
2025-04-25,445926,6,2,1,1.834497,6.0,3,0
2025-04-25,455119,5,2,0,0.8130000000000001,5.0,3,0
2025-04-25,471911,19,2,2,6.534054606060606,19.0,15,1
2025-04-25,472610,3,0,0,1.9482641509433964,3.0,3,1
2025-04-25,518397,3,0,2,1.435994,3.0,1,0
2025-04-25,518585,4,0,0,1.155,4.0,4,0
2025-04-25,519141,5,2,1,2.162066,5.0,1,1
2025-04-25,519242,22,4,2,4.933994,22.0,16,1
2025-04-25,543056,4,1,0,1.0710000000000002,4.0,3,0
2025-04-25,543135,22,7,1,6.377484614080834,22.0,14,1
2025-04-25,543294,19,3,5,10.181063,19.0,9,2
2025-04-25,554340,3,0,1,0.760497,3.0,2,0
2025-04-25,573124,3,0,0,0.5983749999999999,3.0,3,0
2025-04-25,573204,4,1,0,0.9002777777777777,4.0,3,1
2025-04-25,592426,2,1,0,0.067,2.0,1,0
2025-04-25,592773,3,0,0,1.0891000000000002,3.0,3,1
2025-04-25,592836,17,4,2,5.972334909090909,17.0,11,1
2025-04-25,593974,3,2,0,0.31,3.0,1,0
2025-04-25,595345,3,0,0,0.587,2.0,3,0
2025-04-25,596271,25,4,0,10.012415100154083,25.0,21,4
2025-04-25,605218,8,1,0,3.068464285714286,8.0,7,1
2025-04-25,605347,3,0,0,0.795,3.0,3,0
2025-04-25,605463,3,2,0,0.064,3.0,1,0
2025-04-25,607067,20,7,2,4.536994,20.0,11,0
2025-04-25,607481,3,1,0,0.337,3.0,2,0
2025-04-25,607536,25,4,1,8.388043717171717,25.0,20,2
2025-04-25,607625,27,8,1,8.354356119496856,26.0,18,2
2025-04-25,614179,9,3,2,2.677994,9.0,4,0
2025-04-25,615698,22,5,0,6.96210331920904,22.0,17,3
2025-04-25,621244,23,4,2,6.933494,23.0,17,0
2025-04-25,621345,2,0,0,0.293,2.0,2,0
2025-04-25,621366,2,0,0,0.08499999999999999,2.0,2,0
2025-04-25,621383,5,1,0,2.3339999999999996,5.0,4,0
2025-04-25,622663,25,7,2,7.377994,25.0,16,0
2025-04-25,622786,5,0,0,0.8550909090909091,4.0,4,0
2025-04-25,623211,6,1,0,1.81,5.0,5,0
2025-04-25,623437,3,1,0,0.048,3.0,2,0
2025-04-25,640448,2,0,0,0.318,2.0,2,0
2025-04-25,641154,22,6,2,5.853994,22.0,14,1
2025-04-25,641302,5,0,0,2.4923214285714286,5.0,5,0
2025-04-25,641656,1,0,0,0.044,1.0,1,0
2025-04-25,641745,5,1,1,1.4114970000000002,5.0,3,0
2025-04-25,641941,3,2,0,0.119,3.0,1,0
2025-04-25,642207,3,0,0,2.025289,3.0,2,0
2025-04-25,642701,4,0,0,1.075,4.0,4,0
2025-04-25,643410,4,0,0,1.264,4.0,4,0
2025-04-25,650633,21,9,1,4.097497,21.0,11,1
2025-04-25,655889,4,1,0,0.973,4.0,3,0
2025-04-25,656457,4,2,0,0.9450000000000001,4.0,2,0
2025-04-25,656546,4,1,0,0.402,4.0,3,0
2025-04-25,656986,3,0,0,0.808,3.0,3,0
2025-04-25,657585,3,1,0,0.7040000000000001,3.0,2,0
2025-04-25,657612,6,0,0,1.4422272727272727,5.0,5,1
2025-04-25,660825,3,1,0,0.498,3.0,2,0
2025-04-25,660853,4,0,1,0.9674969999999999,4.0,3,0
2025-04-25,663485,4,0,0,2.2763954248366014,4.0,4,1
2025-04-25,663562,7,2,1,1.602786,7.0,3,0
2025-04-25,663574,5,0,0,3.52,5.0,5,1
2025-04-25,663623,27,4,1,8.355683813186813,27.0,22,2
2025-04-25,663893,6,1,0,2.284411764705882,5.0,4,1
2025-04-25,664076,3,2,0,0.507,3.0,1,0
2025-04-25,664139,6,0,0,3.4940146678170843,6.0,6,2
2025-04-25,664208,5,1,0,1.823,5.0,4,0
2025-04-25,664854,3,0,0,0.578,3.0,3,0
2025-04-25,666661,7,1,0,1.468,7.0,6,0
2025-04-25,668674,3,1,0,0.042,3.0,2,0
2025-04-25,668678,21,6,2,4.720794,21.0,13,0
2025-04-25,668933,5,1,2,1.701994,5.0,2,0
2025-04-25,669093,4,2,0,0.6749999999999999,4.0,2,0
2025-04-25,669276,4,1,1,0.701497,4.0,2,0
2025-04-25,669302,9,3,0,1.0130000000000001,9.0,6,0
2025-04-25,669358,25,6,1,5.675494333333334,25.0,17,1
2025-04-25,669461,23,4,0,6.178,23.0,19,1
2025-04-25,669713,23,1,0,7.106,21.0,21,0
2025-04-25,670280,4,2,1,0.7294970000000001,4.0,1,0
2025-04-25,670970,3,2,0,0.461,3.0,1,0
2025-04-25,671096,21,4,5,7.443592547624789,21.0,12,2
2025-04-25,672578,6,1,0,1.433,5.0,5,1
2025-04-25,673540,25,5,2,7.462812460066954,23.0,16,2
2025-04-25,676254,3,2,0,0.235,3.0,1,0
2025-04-25,676395,3,3,0,0.0,3.0,0,0
2025-04-25,676534,5,0,1,2.6974970000000003,5.0,4,0
2025-04-25,678020,3,1,0,0.107,3.0,2,0
2025-04-25,678495,7,3,0,1.795,7.0,4,0
2025-04-25,678606,4,0,1,1.686497,4.0,3,0
2025-04-25,678692,4,1,1,0.9854970000000001,4.0,2,0
2025-04-25,680732,23,5,2,7.696846941176471,23.0,16,1
2025-04-25,681517,5,0,1,2.3499706842105264,5.0,4,1
2025-04-25,681911,3,0,0,1.1440000000000001,3.0,3,0
2025-04-25,681982,3,1,0,1.176,3.0,2,0
2025-04-25,682171,3,1,0,0.421,3.0,2,0
2025-04-25,682989,13,2,3,3.473776714285714,13.0,8,0
2025-04-25,683409,10,3,1,3.7525574285714285,10.0,5,1
2025-04-25,684974,6,1,0,1.881,6.0,5,0
2025-04-25,686973,6,2,0,2.985175,6.0,4,1
2025-04-25,686993,5,1,1,0.691497,5.0,3,0
2025-04-25,687765,3,1,0,0.9830909090909092,3.0,2,0
2025-04-25,688642,4,0,0,1.427,4.0,4,0
2025-04-25,689147,3,1,0,1.377,3.0,2,0
2025-04-25,689254,5,0,1,1.817786,5.0,3,0
2025-04-25,689690,4,2,0,0.528,4.0,2,0
2025-04-25,694037,3,1,0,0.661,3.0,2,0
2025-04-25,694363,7,1,0,3.213,7.0,6,0
2025-04-25,694477,18,2,2,6.581836105263158,18.0,14,0
2025-04-25,694973,24,9,0,4.855857142857142,24.0,15,0
2025-04-25,695243,5,1,0,2.9469405162738496,5.0,4,1
2025-04-25,700270,15,1,3,7.48757252173913,15.0,11,1
2025-04-25,808967,24,5,4,8.002988,24.0,15,1
2025-04-26,450203,18,3,5,6.933060000000001,18.0,10,1
2025-04-26,458677,3,1,0,0.276,3.0,2,0
2025-04-26,489446,5,1,1,1.659497,5.0,3,0
2025-04-26,518876,23,4,1,7.3738719999999995,23.0,18,1
2025-04-26,519141,4,0,0,0.7576923076923078,4.0,4,0
2025-04-26,542888,6,2,0,1.2160000000000002,6.0,4,0
2025-04-26,543243,27,4,3,9.444828662337663,27.0,20,1
2025-04-26,547973,3,2,0,0.022,3.0,1,0
2025-04-26,571927,3,1,0,0.933,3.0,2,0
2025-04-26,571948,3,1,0,0.098,3.0,2,0
2025-04-26,579328,19,0,4,10.259613,19.0,15,1
2025-04-26,592094,7,1,2,2.067994,7.0,4,0
2025-04-26,592454,4,1,1,1.007497,4.0,2,0
2025-04-26,592662,27,8,1,6.316392384615384,25.0,17,1
2025-04-26,592779,2,1,0,0.262,2.0,1,0
2025-04-26,593974,4,1,0,0.633,4.0,3,0
2025-04-26,594902,24,4,3,9.959522707031708,24.0,17,3
2025-04-26,605130,3,1,0,0.091,3.0,2,0
2025-04-26,605280,18,2,0,3.521,18.0,16,0
2025-04-26,605452,7,2,0,0.6679999999999999,7.0,5,0
2025-04-26,605488,28,4,2,9.781562014705882,28.0,22,3
2025-04-26,606303,6,2,0,0.634,6.0,4,0
2025-04-26,608032,3,1,0,1.417230769230769,3.0,2,1
2025-04-26,608371,3,1,0,0.192,3.0,2,0
2025-04-26,608379,24,6,2,5.796994,24.0,16,0
2025-04-26,621111,25,3,1,8.08884595104895,25.0,21,2
2025-04-26,621199,6,1,0,1.997,6.0,5,0
2025-04-26,621242,4,3,1,0.691497,4.0,0,0
2025-04-26,621345,1,1,0,0.0,1.0,0,0
2025-04-26,621381,5,0,2,2.764994,5.0,3,0
2025-04-26,622491,21,5,2,6.351731266553481,21.0,14,1
2025-04-26,622554,7,1,1,3.073497,7.0,5,0
2025-04-26,622608,23,4,0,11.048403683094861,23.0,19,3
2025-04-26,623465,2,1,0,0.255,2.0,1,0
2025-04-26,628452,4,0,0,2.437568965517241,4.0,4,1
2025-04-26,641329,4,1,1,1.837497,4.0,2,0
2025-04-26,641745,3,2,0,0.012,3.0,1,0
2025-04-26,641755,7,0,2,1.984497,6.0,5,0
2025-04-26,641816,22,1,1,8.831436393939393,21.0,19,1
2025-04-26,641941,5,3,1,1.184497,5.0,1,0
2025-04-26,642048,4,1,0,2.2740958904109596,4.0,3,1
2025-04-26,643377,4,3,0,0.58,4.0,1,0
2025-04-26,643511,4,0,0,1.9292857142857143,4.0,4,1
2025-04-26,656222,7,1,2,3.1485654285714286,7.0,4,1
2025-04-26,656234,9,4,1,2.418497,9.0,4,0
2025-04-26,656240,4,3,0,0.065,4.0,1,0
2025-04-26,656302,23,6,4,9.027527114770972,23.0,13,2
2025-04-26,656457,3,1,1,0.943497,3.0,1,0
2025-04-26,656550,24,4,3,10.328241582750582,24.0,17,3
2025-04-26,656557,24,6,1,8.76143305882353,24.0,16,0
2025-04-26,656605,25,6,1,7.50121197584541,25.0,18,1
2025-04-26,656641,1,0,0,0.201,1.0,1,0
2025-04-26,656730,2,0,0,1.7829701492537313,2.0,2,1
2025-04-26,656945,3,2,0,0.007,3.0,1,0
2025-04-26,657044,5,0,0,3.2251785714285717,5.0,5,1
2025-04-26,657097,5,0,2,2.355994,4.0,3,0
2025-04-26,657514,5,1,0,1.059289,4.0,3,0
2025-04-26,657571,5,0,1,2.214497,5.0,4,1
2025-04-26,657585,5,0,0,2.126,5.0,5,0
2025-04-26,661395,3,0,0,1.2930000000000001,3.0,3,0
2025-04-26,661403,3,2,0,0.064,3.0,1,0
2025-04-26,663465,23,0,0,7.009787878787879,23.0,23,1
2025-04-26,663554,24,5,0,6.2222580645161285,23.0,18,1
2025-04-26,663767,1,0,0,0.365,1.0,1,0
2025-04-26,663947,7,2,1,2.2293303333333334,7.0,4,0
2025-04-26,663969,6,1,0,1.777,6.0,5,0
2025-04-26,664126,4,1,0,1.1752105263157895,4.0,3,1
2025-04-26,664208,4,1,0,0.826289,4.0,2,0
2025-04-26,664285,29,5,2,9.55884399262863,29.0,22,2
2025-04-26,664747,4,1,0,1.2679565217391306,4.0,3,1
2025-04-26,664849,4,3,0,0.81,4.0,1,0
2025-04-26,664854,5,0,0,2.947822916666667,5.0,5,2
2025-04-26,664991,3,0,1,1.503497,3.0,2,0
2025-04-26,666200,25,5,3,7.700491,25.0,17,0
2025-04-26,666214,6,0,2,3.3154077931034482,6.0,4,1
2025-04-26,666277,8,2,2,3.5424170769230767,8.0,4,1
2025-04-26,668716,13,3,3,4.974031983606558,12.0,6,1
2025-04-26,668820,3,1,1,0.705497,3.0,1,0
2025-04-26,668881,25,8,0,4.803,25.0,17,1
2025-04-26,668984,5,1,0,1.2229999999999999,5.0,4,0
2025-04-26,669199,2,1,0,0.051,2.0,1,0
2025-04-26,669211,6,1,1,2.464739753623188,6.0,4,1
2025-04-26,669276,3,0,0,0.72,3.0,3,0
2025-04-26,669371,6,1,1,1.703497,6.0,4,0
2025-04-26,669711,4,2,0,0.636,4.0,2,0
2025-04-26,669724,4,1,0,0.496,4.0,3,0
2025-04-26,670059,3,0,1,3.096545780487806,3.0,2,1
2025-04-26,670167,5,1,0,0.86,5.0,4,0
2025-04-26,670810,1,0,0,0.03,1.0,1,0
2025-04-26,670955,3,1,0,1.6702280701754384,3.0,2,1
2025-04-26,671131,2,1,0,0.141,2.0,1,0
2025-04-26,671922,5,1,1,2.2539414444444446,5.0,3,2
2025-04-26,672282,8,2,0,3.1560344827586206,8.0,6,1
2025-04-26,672335,5,3,0,1.2315689655172408,5.0,2,1
2025-04-26,672456,18,2,2,7.352915975308642,18.0,14,2
2025-04-26,672578,4,1,0,0.359,4.0,3,0
2025-04-26,673513,4,1,0,0.343,4.0,3,0
2025-04-26,674285,7,3,0,1.112,6.0,3,0
2025-04-26,674444,3,0,0,0.8594545454545455,3.0,3,0
2025-04-26,674944,3,1,0,0.835,3.0,2,0
2025-04-26,676254,5,2,0,1.5470000000000002,5.0,3,0
2025-04-26,676263,5,1,1,2.088497,5.0,3,0
2025-04-26,676428,10,0,2,3.4862830000000002,10.0,7,0
2025-04-26,676617,1,0,0,0.0,1.0,1,0
2025-04-26,676684,5,2,1,1.457297,5.0,2,0
2025-04-26,676962,21,5,1,8.239054237082067,21.0,14,2
2025-04-26,677955,1,1,0,0.0,1.0,0,0
2025-04-26,678020,3,0,0,0.6930000000000001,3.0,3,0
2025-04-26,678226,4,1,2,1.4549940000000001,4.0,1,0
2025-04-26,679885,4,0,1,1.2774969999999999,4.0,3,0
2025-04-26,680573,20,7,0,4.6462,20.0,13,1
2025-04-26,680729,3,0,0,1.530153846153846,3.0,3,1
2025-04-26,680880,3,1,0,0.741,3.0,2,0
2025-04-26,680951,20,3,6,9.648564051282051,20.0,11,2
2025-04-26,681799,11,1,1,5.598689073286052,11.0,8,2
2025-04-26,681882,3,2,0,0.105,3.0,1,0
2025-04-26,682120,5,1,1,1.423786,5.0,2,0
2025-04-26,682171,1,0,0,0.223,1.0,1,0
2025-04-26,682842,6,2,1,2.538497,6.0,3,0
2025-04-26,682990,26,2,3,7.309291,26.0,21,1
2025-04-26,683769,3,2,0,0.01,3.0,1,0
2025-04-26,685107,4,0,0,1.202289,4.0,3,0
2025-04-26,685801,5,1,1,1.4184970000000001,5.0,3,0
2025-04-26,686563,31,5,2,8.908964394736842,31.0,24,3
2025-04-26,686580,4,1,1,1.140497,4.0,2,0
2025-04-26,686701,4,1,0,1.1513333333333333,4.0,3,0
2025-04-26,686752,20,3,2,6.1750324615384615,20.0,15,0
2025-04-26,686753,5,0,2,2.548994,5.0,3,0
2025-04-26,686973,3,2,0,0.40075,3.0,1,0
2025-04-26,687064,23,6,5,7.3712122727272735,23.0,12,1
2025-04-26,687362,15,2,3,8.726693339181287,15.0,10,3
2025-04-26,691594,11,0,2,4.765494,11.0,9,0
2025-04-26,692285,3,2,0,0.186,3.0,1,0
2025-04-26,694037,4,1,1,0.764497,4.0,2,0
2025-04-26,695418,16,3,0,4.40284375,16.0,13,1
2025-04-26,695445,2,1,0,0.108,2.0,1,0
2025-04-26,696270,8,4,0,1.359,8.0,4,0
2025-04-26,700187,3,0,0,0.9890000000000001,3.0,3,0
2025-04-26,808963,24,4,2,8.717714746031746,24.0,17,2
2025-04-26,820862,4,2,1,0.696497,4.0,1,0
2025-04-27,455119,2,1,0,0.1,2.0,1,0
2025-04-27,472610,2,1,0,0.176,2.0,1,0
2025-04-27,500779,23,6,3,7.361184548387096,23.0,14,1
2025-04-27,518397,5,0,0,1.3659999999999999,5.0,5,0
2025-04-27,518585,4,2,0,1.083,4.0,2,0
2025-04-27,519008,3,0,0,1.3896486486486483,3.0,3,1
2025-04-27,519151,4,0,1,1.7018303333333336,4.0,3,0
2025-04-27,521230,4,2,1,0.704497,4.0,1,0
2025-04-27,554431,6,1,1,2.766837909090909,6.0,4,2
2025-04-27,571946,5,2,1,1.255497,5.0,2,0
2025-04-27,573204,1,1,0,0.0,1.0,0,0
2025-04-27,592094,3,2,0,0.088,3.0,1,0
2025-04-27,592155,3,1,0,0.633,3.0,2,0
2025-04-27,592332,16,2,5,6.832698333333333,16.0,9,2
2025-04-27,592426,1,0,0,0.27,1.0,1,0
2025-04-27,592773,5,0,1,1.5074969999999999,5.0,4,0
2025-04-27,592791,25,2,0,7.037645161290323,25.0,23,2
2025-04-27,595345,3,0,0,0.871,3.0,3,0
2025-04-27,595978,6,1,1,3.026497,6.0,4,0
2025-04-27,596001,4,0,0,1.827657894736842,4.0,4,1
2025-04-27,596133,3,1,0,0.14200000000000002,3.0,2,0
2025-04-27,605135,25,5,1,8.250707789766407,25.0,19,2
2025-04-27,605347,1,0,0,0.519,1.0,1,0
2025-04-27,605400,24,6,1,7.139692096760166,24.0,17,2
2025-04-27,605447,3,1,0,0.434,3.0,2,0
2025-04-27,605463,5,0,0,1.603,5.0,5,0
2025-04-27,606160,1,0,0,0.009,1.0,1,0
2025-04-27,607192,5,0,1,3.6006766331435807,5.0,4,2
2025-04-27,607200,29,4,2,9.276140142857143,29.0,22,1
2025-04-27,607481,5,0,1,1.474497,5.0,4,0
2025-04-27,608331,25,3,2,7.485672571428572,25.0,20,2
2025-04-27,608371,6,2,0,1.609578,6.0,2,0
2025-04-27,608717,6,1,0,2.3705,6.0,5,0
2025-04-27,608718,3,0,0,0.381,3.0,3,0
2025-04-27,621051,4,1,1,0.7274970000000001,4.0,2,0
2025-04-27,621053,3,0,1,1.497497,3.0,2,0
2025-04-27,621199,4,1,0,1.433,4.0,3,0
2025-04-27,621237,3,1,0,0.17600000000000002,3.0,2,0
2025-04-27,621363,2,1,0,0.238,2.0,1,0
2025-04-27,622253,7,2,0,1.4220000000000002,7.0,5,0
2025-04-27,623149,4,1,0,1.8912121212121211,4.0,3,1
2025-04-27,623211,6,1,1,2.574786,5.0,2,0
2025-04-27,623437,7,2,1,1.4564970000000002,7.0,4,0
2025-04-27,623474,11,4,2,3.720994,11.0,5,0
2025-04-27,628317,5,1,1,1.6907860000000001,5.0,2,0
2025-04-27,641793,20,1,1,6.909552603991088,20.0,18,2
2025-04-27,642100,4,2,0,1.227,4.0,2,0
2025-04-27,643338,4,1,0,2.5673529411764706,4.0,3,1
2025-04-27,643410,3,3,0,0.0,3.0,0,0
2025-04-27,655889,3,0,1,1.339497,3.0,2,0
2025-04-27,656271,4,0,0,0.844,4.0,4,0
2025-04-27,656641,5,0,0,2.4194722222222222,5.0,5,1
2025-04-27,656731,23,9,1,5.896561285714285,23.0,13,1
2025-04-27,656794,4,3,0,0.785,4.0,1,0
2025-04-27,657044,3,1,0,0.044,3.0,2,0
2025-04-27,657240,6,0,3,3.555749064516129,6.0,3,1
2025-04-27,657376,20,6,4,6.233143172413794,20.0,10,1
2025-04-27,657612,3,0,0,0.9730000000000001,3.0,3,0
2025-04-27,657649,3,0,1,0.9894970000000001,3.0,2,0
2025-04-27,657746,25,11,1,6.069720747633823,25.0,13,3
2025-04-27,660787,9,1,0,3.08,9.0,8,0
2025-04-27,662253,3,1,0,0.14600000000000002,3.0,2,0
2025-04-27,663158,5,1,0,2.3339354838709676,5.0,4,1
2025-04-27,663423,6,1,0,3.048606060606061,6.0,5,1
2025-04-27,663436,20,5,2,6.718820086956522,20.0,13,0
2025-04-27,663460,23,4,3,9.822936161290322,23.0,16,2
2025-04-27,663559,23,2,2,9.462594000000001,23.0,19,2
2025-04-27,663767,4,0,0,0.461,4.0,4,0
2025-04-27,663855,20,3,0,6.7780000000000005,20.0,17,0
2025-04-27,663893,3,0,1,1.644497,3.0,2,0
2025-04-27,663969,4,0,0,1.243,4.0,4,0
2025-04-27,664126,3,0,0,0.847,3.0,3,0
2025-04-27,664991,6,1,1,2.768709121212121,6.0,4,1
2025-04-27,665152,24,3,4,9.200445602339181,24.0,17,3
2025-04-27,666157,25,9,1,3.772786,24.0,13,0
2025-04-27,666171,5,2,0,1.701,5.0,3,0
2025-04-27,666808,3,2,0,0.075,3.0,1,0
2025-04-27,667463,4,1,0,0.709,4.0,3,0
2025-04-27,667755,22,4,1,5.370690548387096,22.0,17,1
2025-04-27,668941,3,1,1,0.691497,2.0,0,0
2025-04-27,669093,4,0,0,0.71,4.0,4,0
2025-04-27,669373,23,11,0,5.186289,23.0,11,0
2025-04-27,669721,4,1,0,1.169289,4.0,2,0
2025-04-27,670059,4,0,0,0.862,4.0,4,0
2025-04-27,670955,4,2,0,1.0544062500000002,4.0,2,1
2025-04-27,670970,5,1,0,1.311,5.0,4,0
2025-04-27,671106,25,2,3,10.7854962393427,24.0,19,2
2025-04-27,671109,4,1,0,1.0301176470588236,4.0,3,0
2025-04-27,671131,7,1,0,1.613289,7.0,5,0
2025-04-27,672335,2,0,0,0.517,2.0,2,0
2025-04-27,672582,4,1,0,2.122474999999999,4.0,3,1
2025-04-27,672782,12,4,0,3.6048437499999997,12.0,8,1
2025-04-27,673929,2,1,0,1.7411250000000005,2.0,1,1
2025-04-27,674370,23,1,2,7.080574555555556,23.0,20,2
2025-04-27,674944,6,3,0,1.0530000000000002,6.0,3,0
2025-04-27,676092,6,0,0,4.40828947368421,6.0,6,1
2025-04-27,676130,5,1,0,3.2401428571428568,5.0,4,1
2025-04-27,676282,9,3,1,3.078354142857142,9.0,5,1
2025-04-27,676395,3,0,0,1.1680000000000001,3.0,3,0
2025-04-27,676477,4,0,0,1.1894444444444445,4.0,4,1
2025-04-27,676508,13,5,0,1.998,13.0,8,0
2025-04-27,676961,6,0,0,1.6042889999999999,6.0,5,0
2025-04-27,676974,21,6,4,7.829351636363636,21.0,11,0
2025-04-27,677020,8,3,1,2.325318428571429,8.0,4,1
2025-04-27,678215,9,2,1,2.722075,9.0,4,0
2025-04-27,678394,26,4,3,10.533431839160839,25.0,19,2
2025-04-27,678692,6,3,0,2.7941599999999998,6.0,3,1
2025-04-27,679885,6,0,2,3.172283,6.0,3,0
2025-04-27,680689,5,0,1,3.305974678571429,5.0,4,2
2025-04-27,680730,26,0,5,9.450985000000001,26.0,21,0
2025-04-27,680742,6,1,0,0.489,6.0,5,0
2025-04-27,680880,4,0,0,1.3900000000000001,4.0,4,0
2025-04-27,680885,26,6,1,7.344481848484848,26.0,19,1
2025-04-27,681190,21,1,2,7.208467210526315,21.0,17,1
2025-04-27,681911,3,2,0,0.522,3.0,1,0
2025-04-27,681982,6,1,1,2.070406090909091,6.0,4,0
2025-04-27,682254,3,1,1,0.691497,2.0,1,0
2025-04-27,683004,16,3,4,5.7989880000000005,16.0,9,0
2025-04-27,683232,7,2,1,1.733497,6.0,3,0
2025-04-27,684320,4,1,0,0.23199999999999998,4.0,3,0
2025-04-27,685126,5,0,0,0.777,5.0,5,0
2025-04-27,686613,24,9,1,8.463622,24.0,14,1
2025-04-27,686993,5,1,1,1.8637860000000002,5.0,2,0
2025-04-27,687134,20,1,2,5.971438444444445,20.0,17,0
2025-04-27,687606,13,3,2,5.846217223945186,13.0,8,2
2025-04-27,687863,3,0,1,1.426497,3.0,2,0
2025-04-27,687911,5,1,0,2.576,5.0,4,0
2025-04-27,688138,20,3,3,4.955427170212766,19.0,14,1
2025-04-27,688642,7,1,0,2.01,6.0,5,0
2025-04-27,689147,3,0,0,1.9966569105691057,3.0,3,1
2025-04-27,693312,11,1,3,5.742646172413794,11.0,7,1
2025-04-27,694297,27,6,1,8.397068428571428,27.0,20,1
2025-04-27,694335,5,1,0,0.43100000000000005,5.0,4,0
2025-04-27,695243,3,3,0,0.0,3.0,0,0
2025-04-27,806185,12,5,0,2.2216153846153848,12.0,7,0
2025-04-28,489446,4,0,0,1.357,4.0,4,0
2025-04-28,542888,7,1,2,2.293994,7.0,4,0
2025-04-28,570632,17,3,1,7.9851007735849056,17.0,13,2
2025-04-28,571578,21,5,1,6.310497,20.0,15,0
2025-04-28,571948,5,0,1,1.866497,5.0,4,0
2025-04-28,572955,3,1,0,0.13999999999999999,3.0,2,0
2025-04-28,592866,23,5,2,6.083635344956415,22.0,15,1
2025-04-28,595345,3,1,0,0.544,3.0,2,0
2025-04-28,596001,7,1,0,2.024,7.0,6,0
2025-04-28,607259,22,3,2,6.973744,22.0,17,1
2025-04-28,607455,7,0,1,3.219012151515152,7.0,6,2
2025-04-28,608372,22,8,1,6.5370020243407705,22.0,12,1
2025-04-28,621053,3,0,0,0.24200000000000002,3.0,3,0
2025-04-28,621363,4,1,0,1.9382580645161291,4.0,3,1
2025-04-28,622786,4,2,0,1.592,4.0,2,0
2025-04-28,623149,2,1,0,0.207,2.0,1,0
2025-04-28,623352,4,2,0,0.8679354838709676,4.0,2,1
2025-04-28,623465,3,0,0,0.588,3.0,3,0
2025-04-28,628452,4,1,0,1.4286341463414636,4.0,3,1
2025-04-28,641927,31,2,0,5.755,31.0,29,0
2025-04-28,641941,3,0,0,1.1154736842105264,3.0,3,1
2025-04-28,642207,3,1,0,0.048999999999999995,3.0,2,0
2025-04-28,642232,13,3,1,3.6942969999999997,13.0,9,0
2025-04-28,642397,7,2,0,2.675,7.0,5,0
2025-04-28,642585,3,2,0,0.002,3.0,1,0
2025-04-28,642708,10,0,2,5.589739454545454,10.0,8,1
2025-04-28,650556,1,1,0,0.0,1.0,0,0
2025-04-28,656234,5,1,0,1.5070000000000001,5.0,4,0
2025-04-28,656288,21,5,3,7.625278878787879,21.0,13,1
2025-04-28,656427,21,4,2,7.186518926686217,21.0,15,2
2025-04-28,656945,3,1,0,0.991,3.0,2,0
2025-04-28,657097,4,2,0,0.08900000000000001,4.0,2,0
2025-04-28,660896,5,1,1,0.907497,5.0,3,0
2025-04-28,663372,25,4,1,6.088497,25.0,20,0
2025-04-28,663574,3,1,0,0.036,3.0,2,0
2025-04-28,663947,4,0,0,1.334,4.0,4,0
2025-04-28,665795,23,2,3,9.79356296969697,23.0,18,1
2025-04-28,666974,3,0,0,0.6140000000000001,3.0,3,0
2025-04-28,667463,5,0,1,1.470497,5.0,4,0
2025-04-28,668820,4,1,0,0.288,4.0,3,0
2025-04-28,668909,14,2,2,6.7663654285714285,14.0,10,2
2025-04-28,668933,3,3,0,0.0,3.0,0,0
2025-04-28,669160,22,3,3,9.133491,22.0,16,1
2025-04-28,669199,4,1,0,0.235,4.0,3,0
2025-04-28,669211,4,3,0,0.19,4.0,1,0
2025-04-28,669371,11,1,1,6.284675,11.0,7,1
2025-04-28,669467,25,4,2,8.102389061728395,25.0,19,1
2025-04-28,669622,4,0,1,1.8643499411764703,4.0,3,1
2025-04-28,669717,8,0,0,4.7296359502359495,8.0,8,3
2025-04-28,669724,7,1,0,2.842,7.0,6,0
2025-04-28,669854,20,6,2,5.278814804195804,20.0,12,3
2025-04-28,672391,5,1,1,2.785062656565656,5.0,3,1
2025-04-28,674285,8,2,1,3.096497,8.0,5,0
2025-04-28,675848,3,2,0,0.475,3.0,1,0
2025-04-28,675989,10,1,0,3.8223409090909093,10.0,9,1
2025-04-28,676534,4,3,1,0.691497,4.0,0,0
2025-04-28,676617,4,0,1,2.699497,4.0,3,0
2025-04-28,676664,22,7,0,3.9556341463414637,22.0,15,1
2025-04-28,678226,5,1,1,1.947497,5.0,3,0
2025-04-28,678692,3,0,1,1.5574970000000001,2.0,2,0
2025-04-28,682120,5,0,1,2.679497,5.0,4,0
2025-04-28,683409,9,0,1,2.417497,9.0,8,0
2025-04-28,685107,3,0,1,0.908497,3.0,2,0
2025-04-28,687765,6,0,1,1.927497,6.0,5,0
2025-04-28,687911,3,1,1,1.028497,3.0,1,0
2025-04-28,693821,25,4,2,8.313977193277312,25.0,19,1
2025-04-28,695243,4,1,1,0.9954970000000001,4.0,2,0
2025-04-28,695445,3,0,0,0.893,3.0,3,0
2025-04-28,701542,18,5,2,6.416071739563567,18.0,11,3
2025-04-29,450203,12,2,1,4.567830333333333,12.0,9,0
2025-04-29,472610,4,0,1,1.276497,4.0,3,0
2025-04-29,502043,24,2,2,11.90949911988012,24.0,20,3
2025-04-29,518397,4,1,0,0.22,4.0,3,0
2025-04-29,519008,5,1,0,1.2634444444444446,5.0,4,1
2025-04-29,547179,24,4,2,7.209236063492064,24.0,18,1
2025-04-29,554430,27,7,1,8.054125285714285,26.0,17,2
2025-04-29,554431,6,1,2,2.464994,6.0,3,0
2025-04-29,571760,21,0,3,9.75656081101336,21.0,18,4
2025-04-29,571771,5,0,0,0.737,5.0,5,0
2025-04-29,573204,3,0,0,0.8281176470588235,3.0,3,0
2025-04-29,592094,3,2,0,0.014,3.0,1,0
2025-04-29,592779,4,1,1,0.719497,4.0,2,0
2025-04-29,593958,22,1,1,11.041053521739132,22.0,20,3
2025-04-29,594798,20,7,0,4.38525,20.0,13,0
2025-04-29,596271,15,1,0,5.630289,15.0,13,0
2025-04-29,601713,22,9,1,7.45793432895457,22.0,12,4
2025-04-29,605347,3,2,0,0.255,3.0,1,0
2025-04-29,605463,3,2,0,1.2795423728813562,3.0,1,1
2025-04-29,606160,3,1,0,0.247,3.0,2,0
2025-04-29,606303,3,1,0,0.039,3.0,2,0
2025-04-29,607074,21,7,1,5.873986736070381,21.0,13,1
2025-04-29,608032,4,1,0,0.9052500000000001,4.0,3,0
2025-04-29,608371,2,1,0,0.009,2.0,1,0
2025-04-29,608566,27,1,1,7.641374192982456,27.0,25,1
2025-04-29,621199,8,2,1,3.180786,8.0,4,0
2025-04-29,621237,6,3,0,2.138,6.0,3,0
2025-04-29,621381,2,1,0,0.901,2.0,1,0
2025-04-29,622253,7,1,3,4.071428106918239,7.0,3,1
2025-04-29,623352,5,1,0,1.838676923076923,5.0,4,1
2025-04-29,623474,7,0,1,1.983497,7.0,6,1
2025-04-29,628317,4,1,0,1.194289,4.0,2,0
2025-04-29,640448,5,0,1,2.7200867435897433,4.0,3,1
2025-04-29,640902,7,1,1,2.9701636666666666,7.0,5,0
2025-04-29,641329,4,1,0,1.4229512195121952,4.0,3,1
2025-04-29,641540,14,3,2,4.634930170212766,14.0,9,1
2025-04-29,641656,6,3,0,0.784,6.0,3,0
2025-04-29,642100,3,1,0,0.898,3.0,2,0
2025-04-29,642152,3,0,0,0.7010000000000001,3.0,3,0
2025-04-29,642547,24,5,3,8.756716675675676,23.0,16,3
2025-04-29,643361,10,1,0,2.99975,10.0,9,0
2025-04-29,643377,4,2,0,0.9507083333333335,4.0,2,1
2025-04-29,645261,20,2,5,11.779331808510637,20.0,13,2
2025-04-29,650556,5,1,1,1.8471548947368421,5.0,3,1
2025-04-29,655889,4,2,0,1.215,4.0,2,0
2025-04-29,656240,4,0,1,1.236497,4.0,3,0
2025-04-29,656457,8,3,1,2.254224272727273,8.0,4,1
2025-04-29,656849,20,2,0,6.452076086956522,18.0,16,0
2025-04-29,656986,6,3,0,1.189,6.0,3,0
2025-04-29,657277,24,6,1,6.507497,24.0,17,0
2025-04-29,657514,3,2,0,0.011,3.0,1,0
2025-04-29,660853,6,1,0,0.935,6.0,5,0
2025-04-29,661395,3,2,0,0.268,3.0,1,0
2025-04-29,661403,3,0,0,1.3050000000000002,3.0,3,0
2025-04-29,662253,3,1,0,0.851,3.0,2,0
2025-04-29,663158,3,0,0,1.7781833333333332,3.0,3,1
2025-04-29,663687,12,2,1,4.056497,12.0,9,0
2025-04-29,663969,8,1,1,2.065497,8.0,6,0
2025-04-29,663978,19,2,1,6.6375233157894735,19.0,16,1
2025-04-29,666214,3,0,0,1.3039999999999998,3.0,3,0
2025-04-29,666277,13,2,2,7.439534983606558,13.0,8,2
2025-04-29,668674,5,1,0,1.698,5.0,4,0
2025-04-29,668716,7,0,3,4.7246624285714285,7.0,4,1
2025-04-29,668984,3,1,0,0.46900000000000003,3.0,2,0
2025-04-29,669022,23,6,0,7.324560444874274,23.0,17,2
2025-04-29,669060,14,1,3,4.100491,13.0,9,0
2025-04-29,669062,4,2,0,0.881,4.0,2,0
2025-04-29,669093,4,1,0,0.9590000000000001,4.0,3,0
2025-04-29,669194,13,3,2,3.948994,13.0,8,0
2025-04-29,669422,19,4,0,5.4270000000000005,19.0,15,0
2025-04-29,670059,4,0,0,1.5147083333333335,4.0,4,1
2025-04-29,670102,17,1,0,9.874664550679205,17.0,16,4
2025-04-29,670280,4,0,0,1.7611944444444445,4.0,4,1
2025-04-29,670970,3,2,0,0.243,3.0,1,0
2025-04-29,671737,27,2,3,8.301491,27.0,22,0
2025-04-29,671922,5,2,1,1.189497,5.0,2,0
2025-04-29,672335,6,2,0,1.284289,6.0,3,0
2025-04-29,672582,4,2,0,1.022,4.0,2,0
2025-04-29,672841,4,1,0,1.4931111111111108,4.0,3,1
2025-04-29,676092,3,1,0,0.8457,3.0,2,0
2025-04-29,676130,7,4,1,1.5514970000000001,7.0,2,0
2025-04-29,676263,8,3,0,1.8,8.0,5,0
2025-04-29,676440,25,5,0,7.114575,24.0,19,1
2025-04-29,676680,8,2,1,1.556497,8.0,5,0
2025-04-29,676684,8,0,1,3.6964535217391306,8.0,7,1
2025-04-29,676702,5,0,1,3.8181219999999993,5.0,4,1
2025-04-29,676979,27,6,3,10.002232457124437,27.0,18,2
2025-04-29,678020,5,0,0,2.320904761904762,5.0,5,1
2025-04-29,678024,6,2,2,2.2479940000000003,6.0,2,0
2025-04-29,678495,6,0,0,2.7400604285714283,6.0,5,1
2025-04-29,678606,4,0,0,1.4060000000000001,4.0,4,0
2025-04-29,679358,5,0,0,1.28,5.0,5,0
2025-04-29,680729,4,0,1,1.2874970000000001,4.0,3,0
2025-04-29,681857,23,7,3,5.646636161290322,23.0,13,1
2025-04-29,682052,18,4,4,7.956277,18.0,9,0
2025-04-29,682171,5,1,2,2.404945219512195,5.0,2,1
2025-04-29,682243,20,6,5,6.037485,20.0,9,1
2025-04-29,682842,4,2,0,0.12,4.0,2,0
2025-04-29,684007,21,3,1,8.169914108629188,21.0,17,3
2025-04-29,684974,4,1,0,1.185289,4.0,2,0
2025-04-29,685126,5,1,1,1.099289,3.0,1,0
2025-04-29,686799,26,6,4,8.821713,26.0,16,2
2025-04-29,686973,1,0,0,0.7642380952380952,1.0,1,1
2025-04-29,687473,20,6,2,7.219460674418605,20.0,11,1
2025-04-29,689147,7,2,0,2.4364999999999997,6.0,4,0
2025-04-29,689254,5,2,0,1.6955409836065578,5.0,3,1
2025-04-29,691594,9,0,0,3.9304358974358973,9.0,9,1
2025-04-29,692285,3,0,0,1.2891875000000002,3.0,3,0
2025-04-29,693312,5,0,1,1.244497,5.0,4,0
2025-04-29,694037,4,1,1,1.363497,4.0,2,0
2025-04-29,694363,8,1,1,1.807289,7.0,5,0
2025-04-29,695445,3,0,1,1.192497,3.0,2,0
2025-04-29,700363,21,5,1,7.156862384615385,20.0,15,2
2025-04-29,820862,5,0,1,3.4398665652173914,5.0,4,1
2025-04-30,455119,4,0,0,1.053,4.0,4,0
2025-04-30,471911,18,5,0,7.186308225108225,18.0,13,3
2025-04-30,518585,5,4,0,0.034,5.0,1,0
2025-04-30,519141,3,1,0,0.073,3.0,2,0
2025-04-30,519242,25,10,0,6.1488708333333335,25.0,15,2
2025-04-30,542881,25,5,2,6.951394,25.0,18,1
2025-04-30,542888,3,1,0,1.883342105263158,3.0,2,1
2025-04-30,543056,3,3,0,0.0,3.0,0,0
2025-04-30,543135,23,8,0,4.9670000000000005,23.0,15,0
2025-04-30,547973,3,1,0,0.9382857142857144,3.0,2,1
2025-04-30,554340,3,1,0,0.479,3.0,2,0
2025-04-30,571510,22,6,3,6.668491,22.0,13,1
2025-04-30,571927,17,6,0,3.865,17.0,11,0
2025-04-30,571945,21,4,0,5.1151684642857145,21.0,16,2
2025-04-30,571946,4,1,0,0.9918333333333333,4.0,3,0
2025-04-30,572955,3,2,0,0.8408124999999997,3.0,1,1
2025-04-30,573124,5,1,2,2.757994,5.0,2,0
2025-04-30,573204,3,1,0,0.633,3.0,2,0
2025-04-30,592094,5,1,1,1.5159087647058826,5.0,3,1
2025-04-30,592155,5,0,2,2.453187548387097,5.0,3,1
2025-04-30,592426,5,1,2,3.388744000000001,5.0,2,1
2025-04-30,592454,5,2,1,0.808497,5.0,2,0
2025-04-30,592773,5,0,0,2.21,5.0,5,0
2025-04-30,592779,4,1,1,2.457597,4.0,2,1
2025-04-30,595345,3,1,0,1.2652127659574466,3.0,2,1
2025-04-30,605130,3,0,1,0.912497,3.0,2,0
2025-04-30,606965,9,2,1,2.4874970000000003,9.0,6,1
2025-04-30,607455,3,0,0,0.642,3.0,3,0
2025-04-30,608032,5,1,0,1.141,5.0,4,0
2025-04-30,608337,25,7,2,8.564542470237573,25.0,16,3
2025-04-30,608718,13,2,0,3.5454736842105263,13.0,11,1
2025-04-30,614179,4,2,0,0.889,4.0,2,0
2025-04-30,615698,18,3,1,7.976910793103449,18.0,14,2
2025-04-30,621051,5,2,0,1.165,5.0,3,0
2025-04-30,621053,3,1,0,0.436,3.0,2,0
2025-04-30,621363,3,0,0,0.6581538461538462,3.0,3,0
2025-04-30,621366,4,2,0,0.636,4.0,2,0
2025-04-30,621383,5,4,0,0.499,5.0,1,0
2025-04-30,622554,1,0,0,0.401,1.0,1,0
2025-04-30,622663,24,4,1,8.298497,23.0,19,0
2025-04-30,622786,5,1,1,4.55670679020979,5.0,3,1
2025-04-30,623211,7,3,1,1.9249200769230768,7.0,3,1
2025-04-30,641154,23,6,0,5.354055555555556,23.0,17,2
2025-04-30,641302,10,1,0,2.7025244755244753,10.0,8,0
2025-04-30,641329,4,2,1,0.910497,4.0,1,0
2025-04-30,641745,5,1,0,0.9790000000000001,5.0,4,0
2025-04-30,641778,17,4,2,5.7741795517241385,17.0,10,2
2025-04-30,642207,3,1,1,1.252497,3.0,1,0
2025-04-30,642397,1,0,0,0.005,1.0,1,0
2025-04-30,642585,3,1,0,0.055999999999999994,3.0,2,0
2025-04-30,643338,5,0,1,3.136545780487806,5.0,4,1
2025-04-30,643410,5,2,0,1.244,5.0,3,0
2025-04-30,643511,3,1,1,0.7484970000000001,3.0,1,0
2025-04-30,650633,21,6,1,5.222331454545454,21.0,13,0
2025-04-30,650911,23,6,3,6.76378,23.0,13,0
2025-04-30,656222,3,0,0,0.9239999999999999,3.0,3,0
2025-04-30,656234,4,2,0,0.643,4.0,2,0
2025-04-30,656464,2,1,1,0.691497,2.0,0,0
2025-04-30,656546,6,3,0,0.7549999999999999,6.0,3,0
2025-04-30,656730,5,2,1,1.001497,5.0,2,0
2025-04-30,656876,22,3,1,7.340247000000001,21.0,17,1
2025-04-30,657044,5,1,1,0.7992889999999999,4.0,2,0
2025-04-30,657571,4,0,0,0.377,4.0,4,0
2025-04-30,657612,6,0,2,1.654994,6.0,4,0
2025-04-30,657649,5,0,0,1.015,4.0,4,0
2025-04-30,660825,3,0,0,0.665,3.0,3,0
2025-04-30,661403,5,3,0,1.107,5.0,2,0
2025-04-30,663158,4,2,1,0.694497,4.0,1,0
2025-04-30,663399,16,4,0,4.413935483870968,16.0,12,1
2025-04-30,663623,29,2,3,11.197847846769582,29.0,24,3
2025-04-30,663767,6,1,0,0.9085,6.0,5,0
2025-04-30,663893,4,2,0,0.5329999999999999,4.0,2,0
2025-04-30,663903,23,4,3,9.483673650793651,22.0,14,3
2025-04-30,663947,9,1,1,4.701764008985879,9.0,7,2
2025-04-30,664062,24,9,0,5.871085106382979,24.0,15,1
2025-04-30,664747,9,0,1,6.42404353968254,9.0,7,3
2025-04-30,666808,3,0,0,0.877,3.0,3,1
2025-04-30,666974,3,0,0,0.946,3.0,3,0
2025-04-30,668674,5,0,0,2.57113275,5.0,4,1
2025-04-30,668941,3,1,0,0.448,3.0,2,0
2025-04-30,668964,11,3,3,4.737557777777778,11.0,4,0
2025-04-30,668984,5,0,1,1.449497,5.0,4,0
2025-04-30,669093,3,2,0,1.6211785714285711,3.0,1,1
2025-04-30,669199,4,0,0,1.735,4.0,4,0
2025-04-30,669203,26,3,5,9.9705475,26.0,18,2
2025-04-30,669211,6,3,1,2.195497,6.0,2,0
2025-04-30,669387,18,4,1,7.026145648648648,18.0,13,1
2025-04-30,669438,13,4,0,4.15,13.0,9,0
2025-04-30,669622,6,0,1,2.122497,6.0,5,0
2025-04-30,669724,9,3,1,1.775497,9.0,5,0
2025-04-30,670167,2,0,0,0.30800000000000005,2.0,2,0
2025-04-30,670280,4,1,0,1.137,4.0,3,0
2025-04-30,670970,2,1,0,0.052,2.0,1,0
2025-04-30,671109,2,0,0,0.34,2.0,2,0
2025-04-30,671922,2,2,0,0.0,2.0,0,0
2025-04-30,672282,5,0,0,1.7679354838709678,5.0,5,1
2025-04-30,672391,4,0,0,1.0299999999999998,4.0,3,0
2025-04-30,672578,3,0,0,0.7115,3.0,3,0
2025-04-30,672782,8,1,2,4.199927333333333,8.0,5,1
2025-04-30,673929,3,1,0,0.457,3.0,2,0
2025-04-30,674285,5,0,0,2.5929512195121953,5.0,5,1
2025-04-30,676106,29,4,2,9.854374952380953,28.0,22,1
2025-04-30,676395,3,0,0,0.8380000000000001,3.0,3,0
2025-04-30,676477,10,0,0,5.3216769230769225,10.0,10,3
2025-04-30,678020,3,2,0,0.087,3.0,1,0
2025-04-30,678215,9,3,2,4.058481218045113,9.0,4,2
2025-04-30,679885,3,0,2,2.677389061728395,3.0,1,1
2025-04-30,680689,9,2,0,2.019,9.0,7,0
2025-04-30,680880,8,2,1,2.308497,8.0,5,0
2025-04-30,681343,24,4,3,8.55858,24.0,16,0
2025-04-30,681517,5,0,1,1.8463541428571428,5.0,4,0
2025-04-30,681911,3,2,0,0.057,3.0,1,0
2025-04-30,681982,3,0,1,1.551497,3.0,2,0
2025-04-30,682842,5,2,0,1.809,5.0,3,0
2025-04-30,682847,23,5,2,5.706933393939393,23.0,16,1
2025-04-30,683232,2,0,0,0.8180000000000001,2.0,2,0
2025-04-30,683769,4,3,0,1.0625,4.0,1,1
2025-04-30,684320,6,1,2,3.6322220219780217,6.0,3,1
2025-04-30,685107,3,0,0,0.025,3.0,3,0
2025-04-30,685801,3,0,0,1.104,3.0,3,0
2025-04-30,686580,4,0,2,1.74,2.0,2,0
2025-04-30,686642,3,2,0,0.8455,3.0,1,0
2025-04-30,686993,4,2,1,0.707497,4.0,1,0
2025-04-30,687863,2,1,1,0.691497,2.0,0,0
2025-04-30,687911,5,0,0,1.3788421052631576,5.0,5,0
2025-04-30,688642,4,0,0,0.589,4.0,4,0
2025-04-30,694335,4,1,1,1.5717255714285716,4.0,2,1
2025-04-30,694738,22,4,3,6.72228844816587,22.0,15,1
2025-04-30,695534,16,3,2,7.723794,16.0,11,2
2025-04-30,695549,20,4,4,4.979590150537635,20.0,12,1
2025-04-30,696270,7,1,1,2.189497,7.0,5,0
2025-04-30,700187,3,0,0,0.353,3.0,3,0
2025-04-30,700249,20,2,3,9.796534952380952,19.0,15,3
2025-04-30,700669,17,5,0,2.8465714285714285,17.0,12,1
2025-04-30,701121,8,0,0,2.224,8.0,8,0
2025-04-30,702070,25,3,5,8.621638846153846,25.0,17,0
2025-04-30,702352,8,1,0,1.391,8.0,7,0
2025-04-30,801403,22,4,3,6.6904235396825396,22.0,15,2
2025-04-30,805123,19,6,1,6.267604007575757,19.0,12,2
2025-05-01,434378,25,4,1,6.776078395348837,24.0,19,1
2025-05-01,518397,2,0,0,0.596,2.0,2,0
2025-05-01,519008,1,1,0,0.0,1.0,0,0
2025-05-01,519151,3,0,0,0.9301000000000001,3.0,3,1
2025-05-01,542888,6,0,2,1.817994,6.0,4,0
2025-05-01,554340,3,2,0,0.061,3.0,1,0
2025-05-01,571946,3,0,0,0.516,3.0,3,0
2025-05-01,571948,3,1,0,0.628,3.0,2,0
2025-05-01,573124,3,1,0,0.36,3.0,2,0
2025-05-01,579328,22,5,1,9.35807745021645,22.0,15,3
2025-05-01,592454,3,2,0,0.309,3.0,1,0
2025-05-01,592836,25,2,3,7.8044910000000005,25.0,20,0
2025-05-01,594902,22,2,0,4.922002197802197,22.0,20,2
2025-05-01,596001,5,0,0,2.3868,5.0,5,0
2025-05-01,605347,4,0,1,1.615497,4.0,3,0
2025-05-01,605452,9,1,1,2.458786,9.0,6,0
2025-05-01,605488,21,1,1,3.6734970000000002,21.0,19,0
2025-05-01,606303,1,0,0,0.073,1.0,1,0
2025-05-01,607067,23,2,2,8.17068182051282,23.0,19,2
2025-05-01,607536,26,5,2,11.540301527501791,26.0,19,3
2025-05-01,607625,23,5,0,6.341792452830188,23.0,18,1
2025-05-01,608717,4,2,0,0.91,4.0,2,0
2025-05-01,621244,27,8,1,8.936083764705883,27.0,18,2
2025-05-01,623437,4,0,1,1.036,3.0,3,0
2025-05-01,640448,4,0,0,0.673,4.0,4,0
2025-05-01,641343,3,0,0,0.127,3.0,3,0
2025-05-01,641816,24,6,1,6.965497,24.0,17,0
2025-05-01,643377,3,2,0,0.7724137931034483,3.0,1,1
2025-05-01,643511,6,0,0,2.355,6.0,6,0
2025-05-01,650893,3,0,1,1.9522242727272732,3.0,2,1
2025-05-01,656271,3,1,0,0.517,3.0,2,0
2025-05-01,656464,6,3,1,3.2083175128205124,6.0,2,1
2025-05-01,656557,25,6,0,6.433806361111111,25.0,18,2
2025-05-01,656641,4,2,1,0.832497,4.0,1,0
2025-05-01,657044,4,2,0,1.0070000000000001,4.0,2,0
2025-05-01,657097,3,0,1,1.381497,3.0,2,0
2025-05-01,657240,3,0,0,0.387,3.0,3,0
2025-05-01,657585,6,3,0,1.165826086956522,6.0,3,1
2025-05-01,661395,6,3,1,1.016,5.0,2,0
2025-05-01,663465,4,0,0,0.597,3.0,3,0
2025-05-01,663485,5,1,1,0.955497,4.0,3,0
2025-05-01,663554,28,4,2,10.035999031644097,28.0,22,4
2025-05-01,663738,3,0,0,0.39,3.0,3,0
2025-05-01,666171,4,1,0,1.343,4.0,3,0
2025-05-01,666214,6,0,0,2.1909545454545456,6.0,6,0
2025-05-01,666808,2,0,0,0.133,2.0,2,0
2025-05-01,667463,9,1,0,3.293,9.0,8,0
2025-05-01,668678,23,8,3,5.801524898305084,23.0,12,1
2025-05-01,668820,9,2,0,2.632478632478632,9.0,7,2
2025-05-01,668933,9,4,0,1.4671875,9.0,5,0
2025-05-01,669358,28,1,3,11.253195723145625,28.0,24,3
2025-05-01,669461,12,2,1,2.7549970000000004,12.0,9,2
2025-05-01,671096,18,3,4,6.754988,17.0,10,0
2025-05-01,672282,5,0,1,3.1041812105263156,5.0,4,1
2025-05-01,672578,4,0,0,0.6990000000000001,4.0,4,0
2025-05-01,672582,5,0,0,2.7319999999999998,5.0,5,0
2025-05-01,673540,19,6,3,7.139006151515152,19.0,10,1
2025-05-01,676282,4,1,1,1.082497,4.0,2,0
2025-05-01,676617,8,2,1,3.1019654871794877,8.0,4,1
2025-05-01,676702,7,0,0,3.939761904761905,7.0,7,1
2025-05-01,678024,3,1,1,0.774497,3.0,1,0
2025-05-01,678495,4,2,1,1.4639107931034483,4.0,1,1
2025-05-01,678606,7,3,0,1.187,7.0,4,0
2025-05-01,679358,8,1,0,2.428289,8.0,6,0
2025-05-01,680573,20,4,5,7.725485,20.0,11,1
2025-05-01,680729,7,1,1,3.3476398571428567,7.0,5,1
2025-05-01,680732,22,5,3,8.260386238095238,22.0,14,2
2025-05-01,682120,5,0,1,1.384497,5.0,4,0
2025-05-01,682254,6,2,1,1.2994970000000001,6.0,3,0
2025-05-01,682825,3,1,0,0.030000000000000002,3.0,2,0
2025-05-01,683409,5,0,0,1.776542372881356,5.0,5,1
2025-05-01,683769,5,1,1,3.0114970000000003,5.0,3,0
2025-05-01,684974,10,0,4,4.732416571428572,10.0,6,1
2025-05-01,685126,3,2,0,0.334,3.0,1,0
2025-05-01,685801,6,1,1,2.626997,6.0,4,0
2025-05-01,686580,7,0,1,3.905105604845447,7.0,6,3
2025-05-01,686654,4,0,1,1.836497,4.0,2,0
2025-05-01,686973,3,1,0,0.10400000000000001,3.0,2,0
2025-05-01,686993,3,1,0,0.42900000000000005,3.0,2,0
2025-05-01,687074,4,0,0,1.483,4.0,4,0
2025-05-01,687765,4,0,1,1.5354970000000001,4.0,3,0
2025-05-01,687863,6,0,1,2.796497,6.0,5,0
2025-05-01,688642,3,0,0,0.179,3.0,3,0
2025-05-01,689147,1,1,0,0.0,1.0,0,0
2025-05-01,689254,4,0,0,0.7733157894736844,4.0,4,1
2025-05-01,693312,5,0,0,2.031909090909091,5.0,5,1
2025-05-01,694335,10,2,2,2.373994,10.0,6,0
2025-05-01,694363,4,1,0,0.21399999999999997,4.0,3,0
2025-05-01,694477,23,4,0,6.5045,23.0,19,1
2025-05-01,694973,23,2,4,10.647421455433456,23.0,17,3
2025-05-01,695243,3,1,0,1.407166666666667,3.0,2,1
2025-05-01,695418,21,4,1,7.615046206349206,21.0,16,1
2025-05-01,820862,3,2,0,0.719,3.0,1,0
2025-05-02,445276,8,1,0,5.850004154447703,8.0,7,3
2025-05-02,458677,1,0,0,0.0,0.0,0,0
2025-05-02,489446,4,1,0,1.6673612903225807,4.0,3,1
2025-05-02,518876,18,2,0,5.478897058823529,18.0,16,0
2025-05-02,521230,3,1,0,0.425,3.0,2,0
2025-05-02,543056,4,1,0,0.859,4.0,3,0
2025-05-02,543243,23,6,3,11.365099242303874,23.0,14,3
2025-05-02,571466,11,0,0,4.379365023391813,11.0,10,2
2025-05-02,592155,4,0,1,1.620497,4.0,3,0
2025-05-02,592662,24,8,2,4.388994,24.0,14,1
2025-05-02,592773,3,1,0,0.9356486486486484,3.0,2,1
2025-05-02,593974,4,1,1,1.096497,4.0,2,0
2025-05-02,596001,5,0,1,2.164497,5.0,4,0
2025-05-02,596133,3,2,0,0.213,3.0,1,0
2025-05-02,605130,4,1,1,1.1094970000000002,4.0,2,0
2025-05-02,605135,23,4,0,6.165828125000001,23.0,19,1
2025-05-02,605280,25,3,0,6.810996335797945,25.0,22,2
2025-05-02,605447,3,0,0,1.3081428571428573,3.0,3,1
2025-05-02,605463,8,2,3,3.123741,7.0,3,0
2025-05-02,606160,3,1,0,0.906153846153846,3.0,2,1
2025-05-02,606303,4,1,0,2.71482722007722,4.0,3,2
2025-05-02,608331,24,6,2,5.282283,24.0,15,0
2025-05-02,608371,3,1,0,0.013000000000000001,3.0,2,0
2025-05-02,608379,25,3,1,7.972848101634684,25.0,21,2
2025-05-02,620454,5,0,0,2.2265232323232325,5.0,5,1
2025-05-02,621051,3,0,0,1.06,3.0,3,0
2025-05-02,621237,3,1,0,1.5911714285714287,3.0,2,1
2025-05-02,621366,5,2,0,1.722761904761905,5.0,3,1
2025-05-02,621381,2,0,0,0.22100000000000003,2.0,2,0
2025-05-02,621383,3,1,0,0.132,3.0,2,0
2025-05-02,622608,23,4,2,7.637315428571429,23.0,17,2
2025-05-02,623167,12,4,2,3.691187548387097,12.0,6,1
2025-05-02,623465,4,2,1,0.769497,4.0,1,0
2025-05-02,623474,3,1,0,0.688,3.0,2,0
2025-05-02,641302,5,1,0,2.519,5.0,4,0
2025-05-02,641343,5,0,0,1.7469393939393936,5.0,5,1
2025-05-02,641755,3,0,0,0.5071538461538462,3.0,3,0
2025-05-02,641941,4,3,1,0.691497,4.0,0,0
2025-05-02,642207,3,1,0,0.388,3.0,2,0
2025-05-02,642585,3,1,0,0.6050000000000001,3.0,2,0
2025-05-02,643338,4,0,0,1.6280806666666665,4.0,3,0
2025-05-02,655889,3,1,0,0.21,3.0,2,0
2025-05-02,656222,4,1,1,1.165497,4.0,2,0
2025-05-02,656302,18,3,3,7.761070043290044,18.0,11,1
2025-05-02,656546,5,1,1,1.204497,5.0,3,0
2025-05-02,656550,23,9,2,5.573583743589744,23.0,12,1
2025-05-02,656605,24,3,1,8.198946,24.0,19,1
2025-05-02,656641,10,0,1,5.873284878787879,10.0,9,2
2025-05-02,656945,3,1,0,0.263,3.0,2,0
2025-05-02,656986,3,0,0,1.343390243902439,3.0,3,1
2025-05-02,657571,5,1,0,1.634,5.0,4,0
2025-05-02,657746,24,8,1,5.469299231237323,24.0,15,1
2025-05-02,660896,7,1,0,2.069,7.0,6,0
2025-05-02,663423,5,0,0,1.4517714285714283,5.0,5,1
2025-05-02,663574,4,1,0,1.087,4.0,3,0
2025-05-02,663687,7,1,1,2.390497,7.0,5,0
2025-05-02,663767,4,1,0,0.579,4.0,3,0
2025-05-02,663893,6,1,0,0.869,6.0,5,0
2025-05-02,663947,3,1,0,0.301,3.0,2,0
2025-05-02,663969,11,2,0,1.77,11.0,9,0
2025-05-02,664076,3,0,0,0.358,3.0,3,0
2025-05-02,664199,3,1,0,0.196,3.0,2,0
2025-05-02,664285,23,6,2,8.775351376283847,23.0,15,2
2025-05-02,664854,5,0,0,2.7842890000000002,5.0,4,0
2025-05-02,665152,25,2,1,7.379463666666667,25.0,22,0
2025-05-02,666171,3,1,0,0.217,3.0,2,0
2025-05-02,666200,25,6,1,7.640652172413794,25.0,18,1
2025-05-02,666661,3,1,0,0.373,3.0,2,0
2025-05-02,666974,4,1,0,1.553,4.0,3,0
2025-05-02,667463,4,0,0,2.404888888888889,4.0,4,1
2025-05-02,667755,23,5,1,6.817690548387096,23.0,17,1
2025-05-02,668716,4,2,0,0.5630000000000001,4.0,2,0
2025-05-02,668881,22,12,2,3.5136391612903224,22.0,8,1
2025-05-02,668964,3,1,0,0.123,3.0,2,0
2025-05-02,669093,3,3,0,0.0,3.0,0,0
2025-05-02,669276,2,1,0,0.259,2.0,1,0
2025-05-02,669371,4,0,1,1.314497,4.0,3,0
2025-05-02,669373,21,8,0,5.7556909090909105,20.0,13,1
2025-05-02,669711,4,3,0,0.884,4.0,1,0
2025-05-02,670036,5,1,0,0.602,5.0,4,0
2025-05-02,670059,7,1,2,3.4195496666666667,6.0,3,0
2025-05-02,670970,4,0,0,1.089,4.0,4,0
2025-05-02,671106,25,4,2,8.175694626959249,25.0,18,2
2025-05-02,671109,3,0,1,1.908663666666667,3.0,2,1
2025-05-02,671131,4,3,0,0.151,4.0,1,0
2025-05-02,672391,3,2,0,0.203,3.0,1,0
2025-05-02,673513,3,0,1,1.075497,3.0,2,0
2025-05-02,673929,4,1,0,1.667641975308642,4.0,3,1
2025-05-02,674285,6,0,1,1.7104970000000002,6.0,5,0
2025-05-02,674444,3,0,0,1.623,3.0,3,0
2025-05-02,675848,3,0,0,0.194,3.0,3,0
2025-05-02,676130,7,1,1,2.5787769999999997,7.0,5,1
2025-05-02,676282,1,0,0,0.245,1.0,1,0
2025-05-02,676961,4,1,0,0.657,4.0,3,0
2025-05-02,676962,21,4,0,4.9487192982456145,21.0,17,1
2025-05-02,678226,4,0,1,2.1892684285714283,4.0,3,1
2025-05-02,678368,23,1,4,6.49923352173913,23.0,17,0
2025-05-02,678394,25,5,1,6.624672,25.0,19,2
2025-05-02,678692,8,2,0,2.280289,8.0,5,0
2025-05-02,679358,5,1,2,1.7189940000000001,5.0,2,0
2025-05-02,680684,22,7,0,4.852955555555556,22.0,15,1
2025-05-02,680730,21,1,4,7.608996298245614,21.0,15,1
2025-05-02,681982,3,1,0,0.595,3.0,2,0
2025-05-02,682254,3,1,0,0.10300000000000001,3.0,2,0
2025-05-02,682610,10,2,1,5.136860636363636,10.0,7,0
2025-05-02,682990,23,4,4,9.21911419047619,23.0,15,2
2025-05-02,683004,23,2,2,9.921216222222222,23.0,19,2
2025-05-02,686563,27,5,0,8.257623668188737,27.0,22,2
2025-05-02,686701,4,0,0,0.8602889999999999,4.0,3,0
2025-05-02,686752,20,1,2,6.888726783882785,20.0,17,2
2025-05-02,686973,3,0,0,0.6950000000000001,2.0,3,0
2025-05-02,687074,3,1,0,0.479,3.0,2,0
2025-05-02,688297,4,0,0,1.371,4.0,4,0
2025-05-02,689690,5,1,0,2.427240219512195,5.0,3,1
2025-05-02,693433,20,8,0,3.073692307692308,20.0,12,0
2025-05-02,695445,3,2,0,0.253,3.0,1,0
2025-05-02,696270,4,1,0,1.278951219512195,4.0,3,1
2025-05-02,700187,5,2,0,2.5582280701754385,5.0,3,1
2025-05-02,806185,6,1,0,0.9119999999999999,6.0,5,0
2025-05-02,808967,21,6,2,5.296327333333333,21.0,13,0
2025-05-03,445276,2,0,0,1.0050000000000001,2.0,2,0
2025-05-03,455119,5,0,0,1.9900000000000002,5.0,5,1
2025-05-03,458677,4,2,0,1.197,4.0,2,0
2025-05-03,472610,6,3,1,2.071497,6.0,2,0
2025-05-03,489446,3,1,0,1.6953157894736843,3.0,2,1
2025-05-03,500779,23,6,1,6.782985122605363,23.0,16,3
2025-05-03,518585,7,1,0,2.9565689655172407,7.0,6,1
2025-05-03,519008,1,0,0,0.066,1.0,1,0
2025-05-03,543294,26,3,0,7.356876009209733,26.0,23,3
2025-05-03,543518,8,0,1,4.113517202020202,8.0,7,2
2025-05-03,554340,6,2,2,4.091127333333333,6.0,2,1
2025-05-03,571578,23,2,2,7.379357636363636,22.0,19,2
2025-05-03,571948,4,1,0,1.5564736842105265,4.0,3,1
2025-05-03,592094,3,0,0,0.24300000000000002,3.0,3,0
2025-05-03,592332,20,9,1,5.111392161290323,20.0,10,1
2025-05-03,592779,4,1,0,1.970289,4.0,2,0
2025-05-03,592791,22,5,1,5.048430333333333,22.0,16,1
2025-05-03,592866,26,4,2,7.805827333333333,26.0,20,0
2025-05-03,605177,2,2,0,0.0,2.0,0,0
2025-05-03,605400,23,8,1,6.161786,23.0,13,0
2025-05-03,605452,4,2,0,1.2510000000000001,4.0,2,0
2025-05-03,607455,4,1,0,0.882,4.0,3,0
2025-05-03,607481,9,2,0,1.578,9.0,7,0
2025-05-03,608372,23,4,2,7.561445428571428,23.0,17,2
2025-05-03,608718,9,1,1,3.230786,9.0,6,0
2025-05-03,620454,5,0,0,1.588,5.0,5,0
2025-05-03,621053,4,1,2,1.4099940000000002,4.0,1,0
2025-05-03,621383,3,1,0,0.31,3.0,2,0
2025-05-03,622491,23,2,2,6.099929483870968,23.0,19,1
2025-05-03,622554,5,0,0,4.168156521739131,5.0,5,2
2025-05-03,623474,4,0,1,2.073120188405797,4.0,3,0
2025-05-03,628452,3,2,0,0.025,3.0,1,0
2025-05-03,641329,3,1,0,0.053,3.0,2,0
2025-05-03,641656,5,3,1,1.243497,5.0,1,0
2025-05-03,641745,6,1,0,1.065,6.0,5,0
2025-05-03,641793,24,3,0,7.351568833464257,24.0,21,4
2025-05-03,641927,25,6,1,5.262497,25.0,18,1
2025-05-03,642100,4,0,1,2.1261285789473687,4.0,3,2
2025-05-03,642232,16,2,3,4.596491,16.0,11,0
2025-05-03,643338,4,3,0,1.2407272727272731,4.0,1,1
2025-05-03,643377,2,0,0,0.39899999999999997,2.0,2,0
2025-05-03,643410,5,1,1,2.122497,5.0,3,0
2025-05-03,650556,4,2,1,0.714497,4.0,1,0
2025-05-03,656234,10,3,3,5.278771701754386,10.0,4,2
2025-05-03,656240,6,2,2,3.2073576363636365,6.0,2,1
2025-05-03,656271,4,0,0,3.087480377545951,4.0,4,2
2025-05-03,656427,26,8,1,8.00615573015873,26.0,17,2
2025-05-03,657240,3,1,0,0.07100000000000001,3.0,2,0
2025-05-03,657514,3,0,0,0.7899999999999999,3.0,3,0
2025-05-03,657612,6,1,1,1.9994969999999999,6.0,4,0
2025-05-03,660730,4,2,1,0.698497,4.0,1,0
2025-05-03,660853,5,2,1,1.3234970000000001,5.0,2,0
2025-05-03,661395,5,1,1,1.227,4.0,3,0
2025-05-03,661403,3,0,0,0.373,3.0,3,0
2025-05-03,662253,4,1,1,0.929497,4.0,2,0
2025-05-03,663158,3,0,1,1.816497,3.0,2,0
2025-05-03,663436,22,5,0,7.920323540280857,22.0,17,2
2025-05-03,663460,19,3,1,4.867658290322581,19.0,15,1
2025-05-03,663465,13,3,0,4.611623076923077,13.0,10,3
2025-05-03,663485,4,1,0,0.956,4.0,3,0
2025-05-03,663559,24,6,2,6.596422571428572,24.0,16,1
2025-05-03,663738,8,1,1,2.423497,8.0,6,0
2025-05-03,663767,3,2,0,0.05,3.0,1,0
2025-05-03,663855,21,7,2,4.185994,21.0,12,0
2025-05-03,664076,4,1,0,0.804,4.0,3,0
2025-05-03,664126,3,0,0,0.931,3.0,3,0
2025-05-03,666157,31,4,2,14.274810963090248,30.0,22,3
2025-05-03,666374,3,1,0,0.511,3.0,2,0
2025-05-03,666808,3,0,0,0.619,3.0,3,0
2025-05-03,668674,4,2,0,0.43,4.0,2,0
2025-05-03,668909,23,9,5,8.487214249011858,23.0,9,1
2025-05-03,669062,4,0,1,1.238497,4.0,3,0
2025-05-03,669199,9,4,2,2.316994,9.0,3,0
2025-05-03,669622,3,1,0,0.5469999999999999,3.0,2,0
2025-05-03,669711,6,0,0,2.2952127659574466,6.0,6,1
2025-05-03,670167,3,1,0,0.672,3.0,2,0
2025-05-03,670280,4,1,0,0.53,4.0,3,0
2025-05-03,670955,1,0,0,0.378,1.0,1,0
2025-05-03,671131,5,2,1,1.422497,5.0,2,0
2025-05-03,672335,6,1,1,2.017497,6.0,4,0
2025-05-03,672578,5,2,0,1.9277454545454544,5.0,3,1
2025-05-03,673513,3,0,1,1.321747,3.0,2,0
2025-05-03,674285,5,0,1,2.151497,5.0,4,1
2025-05-03,674370,20,4,2,6.7636330977443615,20.0,14,3
2025-05-03,674944,3,0,0,1.8137727272727273,3.0,3,1
2025-05-03,676254,3,1,0,0.37,3.0,2,0
2025-05-03,676395,5,0,0,0.931,5.0,5,0
2025-05-03,676428,3,2,0,0.193,3.0,1,0
2025-05-03,676974,25,0,2,13.570132980610033,25.0,23,5
2025-05-03,678495,5,1,0,1.3239999999999998,5.0,4,0
2025-05-03,678606,3,2,0,0.061,3.0,1,0
2025-05-03,680880,3,1,0,0.109,3.0,2,0
2025-05-03,680885,21,4,1,8.62812935839599,21.0,15,2
2025-05-03,681190,26,3,5,10.652589895104896,26.0,18,3
2025-05-03,681911,4,0,0,1.1944444444444444,4.0,4,0
2025-05-03,681982,4,2,1,0.7224970000000001,4.0,1,0
2025-05-03,682171,6,0,0,3.1351551724137936,6.0,6,1
2025-05-03,682825,6,3,1,1.623497,6.0,2,0
2025-05-03,682842,3,1,0,0.381,3.0,2,0
2025-05-03,683232,3,0,0,2.283,3.0,3,0
2025-05-03,684320,1,1,0,0.0,1.0,0,0
2025-05-03,685107,3,2,0,0.067,3.0,1,0
2025-05-03,686613,24,9,3,7.6125868904109595,24.0,12,1
2025-05-03,686642,4,2,2,1.382994,4.0,0,0
2025-05-03,686993,3,1,0,0.063,3.0,2,0
2025-05-03,687134,19,4,2,5.166379964912281,19.0,13,1
2025-05-03,687911,3,1,0,0.882,3.0,2,0
2025-05-03,689225,2,0,0,1.08,2.0,2,0
2025-05-03,689254,3,1,0,0.925,3.0,2,0
2025-05-03,689690,3,0,1,1.240497,3.0,2,0
2025-05-03,690928,27,2,2,9.660443,27.0,22,1
2025-05-03,691172,5,0,1,3.2297361774891775,4.0,4,2
2025-05-03,694297,27,6,1,10.01484322107978,26.0,18,1
2025-05-03,694363,9,2,0,2.9620575396825397,9.0,7,2
2025-05-03,695243,7,2,2,4.49396385106383,7.0,2,1
2025-05-03,701121,5,1,0,1.471,5.0,4,0
2025-05-03,808963,24,4,2,8.873527791666667,24.0,17,1
2025-05-04,450203,6,0,0,2.8630338983050843,6.0,6,1
2025-05-04,471911,15,3,1,3.135497,15.0,11,0
2025-05-04,472610,3,0,0,1.0550000000000002,3.0,3,0
2025-05-04,502043,18,3,1,5.962837460526316,18.0,14,2
2025-05-04,519141,3,1,1,0.7434970000000001,3.0,1,0
2025-05-04,521230,3,1,0,0.434,3.0,2,0
2025-05-04,547179,22,5,1,9.703757072991328,22.0,16,4
2025-05-04,554431,9,1,1,3.7143094999999997,9.0,7,1
2025-05-04,571760,23,3,4,9.13184094117647,23.0,16,2
2025-05-04,571946,7,2,0,3.5826037735849057,7.0,5,1
2025-05-04,571948,3,0,1,1.475497,3.0,2,0
2025-05-04,572955,4,2,0,0.5950000000000001,4.0,2,0
2025-05-04,573124,2,0,0,0.705,2.0,2,0
2025-05-04,592094,5,2,0,1.49,5.0,3,0
2025-05-04,592426,3,2,0,0.134,3.0,1,0
2025-05-04,592773,5,1,0,0.224,5.0,4,0
2025-05-04,592779,4,1,0,1.300039,4.0,2,0
2025-05-04,593958,25,10,4,5.531923483870967,25.0,11,1
2025-05-04,593974,3,1,0,0.516,3.0,2,0
2025-05-04,594798,20,3,2,4.2139940000000005,19.0,14,0
2025-05-04,595345,6,1,1,2.427497,6.0,4,0
2025-05-04,605130,6,1,1,2.253786,6.0,3,0
2025-05-04,605347,6,2,0,0.88,6.0,4,0
2025-05-04,605447,4,1,0,0.674,4.0,3,0
2025-05-04,605452,3,1,0,0.471,3.0,2,0
2025-05-04,605463,1,0,0,0.142,1.0,1,0
2025-05-04,607200,26,4,5,11.417319005286775,26.0,17,3
2025-05-04,607259,22,6,0,6.035419393939393,22.0,16,1
2025-05-04,607455,4,0,0,0.7080000000000001,4.0,4,0
2025-05-04,608566,19,3,0,7.874306627854903,19.0,16,3
2025-05-04,621053,3,1,0,0.213,3.0,2,0
2025-05-04,621121,18,4,3,6.807840606060607,18.0,10,1
2025-05-04,621199,5,1,0,1.739466666666667,5.0,4,1
2025-05-04,621237,8,0,1,3.086497,8.0,7,0
2025-05-04,621242,5,1,0,1.8210000000000002,5.0,4,0
2025-05-04,621381,3,0,0,0.897,3.0,3,0
2025-05-04,622253,7,0,3,3.118491,7.0,4,0
2025-05-04,622786,3,1,0,0.951,3.0,2,0
2025-05-04,623211,2,1,0,0.722289,2.0,0,0
2025-05-04,624133,20,6,2,6.036994,20.0,12,0
2025-05-04,628452,4,3,0,0.353,4.0,1,0
2025-05-04,640448,3,2,0,0.551,3.0,1,0
2025-05-04,641329,5,0,0,3.4004395380434786,5.0,5,3
2025-05-04,641755,7,1,1,3.545786,7.0,4,0
2025-05-04,642152,5,1,0,1.698,5.0,4,0
2025-05-04,642547,21,7,1,4.896497,21.0,13,0
2025-05-04,642701,3,1,0,0.677,3.0,2,0
2025-05-04,643377,4,1,0,2.402166666666667,4.0,3,1
2025-05-04,650893,8,0,0,2.205,8.0,8,0
2025-05-04,655889,5,0,2,1.513994,5.0,3,0
2025-05-04,656222,5,0,0,2.5478,5.0,5,0
2025-05-04,656464,5,1,1,1.8904969999999999,5.0,3,0
2025-05-04,656730,5,2,1,2.3409087647058824,5.0,2,1
2025-05-04,656731,23,6,3,7.512383773584905,23.0,13,1
2025-05-04,657044,3,0,0,0.9359999999999999,3.0,3,0
2025-05-04,657053,11,3,1,3.2013303333333334,11.0,7,1
2025-05-04,657097,7,0,0,2.2013636363636366,7.0,7,0
2025-05-04,657240,4,0,1,2.007,3.0,3,0
2025-05-04,657277,28,6,2,7.0868469411764705,28.0,20,2
2025-05-04,657585,4,1,1,0.7964970000000001,4.0,2,0
2025-05-04,657649,3,1,0,0.479,3.0,2,0
2025-05-04,660825,8,2,1,2.134297,8.0,5,0
2025-05-04,661395,4,1,0,0.694,4.0,3,0
2025-05-04,661403,5,1,0,1.3900000000000001,5.0,4,0
2025-05-04,663432,3,2,0,0.582,3.0,1,0
2025-05-04,663568,20,4,2,4.589994,20.0,14,0
2025-05-04,663893,6,1,3,2.199491,6.0,2,0
2025-05-04,663978,22,2,2,9.324175694803046,21.0,18,4
2025-05-04,664126,3,3,0,0.0,3.0,0,0
2025-05-04,664199,4,1,0,1.0050000000000001,4.0,3,0
2025-05-04,664208,5,0,1,1.818497,5.0,4,0
2025-05-04,664854,4,1,0,1.229,4.0,3,0
2025-05-04,665795,23,4,1,7.102274777777778,22.0,17,1
2025-05-04,666214,3,0,1,1.247497,3.0,2,0
2025-05-04,666661,3,1,0,2.030606557377049,3.0,2,1
2025-05-04,666974,6,1,0,3.5992719298245617,6.0,5,2
2025-05-04,668674,3,0,0,0.7726153846153845,3.0,3,0
2025-05-04,668820,5,1,0,2.032277777777778,5.0,4,1
2025-05-04,668933,5,0,0,2.8051111111111107,5.0,5,1
2025-05-04,668941,3,1,1,0.789497,3.0,1,0
2025-05-04,668984,5,0,1,2.072786,5.0,3,0
2025-05-04,669022,22,9,4,5.024645894736842,22.0,9,1
2025-05-04,669060,24,4,2,9.142577333333334,24.0,18,1
2025-05-04,669093,3,2,0,0.726,3.0,1,0
2025-05-04,669160,25,6,2,10.265169806596703,25.0,16,2
2025-05-04,669211,4,1,0,0.5690000000000001,4.0,3,0
2025-05-04,669276,3,1,0,1.33825,3.0,2,0
2025-05-04,669438,3,0,1,2.275497,3.0,2,1
2025-05-04,669467,21,1,4,10.578663675675676,21.0,16,1
2025-05-04,669622,5,2,0,0.998,5.0,3,0
2025-05-04,669724,6,0,1,1.554497,6.0,5,0
2025-05-04,670059,8,1,0,1.958,8.0,7,0
2025-05-04,670102,19,2,1,6.194830333333334,19.0,16,0
2025-05-04,670955,5,0,1,2.653497,5.0,4,0
2025-05-04,670970,4,2,0,0.8541000000000002,4.0,2,1
2025-05-04,671737,22,1,3,6.7854252105263155,22.0,18,1
2025-05-04,671922,3,1,0,0.252,3.0,2,0
2025-05-04,672391,1,0,0,0.005,1.0,1,0
2025-05-04,672578,5,1,1,2.293786,5.0,2,0
2025-05-04,672582,8,0,0,3.7481699523809526,8.0,7,1
2025-05-04,674444,3,0,1,0.840497,3.0,2,0
2025-05-04,675848,4,2,0,1.025,4.0,2,0
2025-05-04,676263,2,1,0,0.207,2.0,1,0
2025-05-04,676440,23,3,2,8.436696793103447,23.0,17,1
2025-05-04,676477,9,3,1,2.053497,9.0,5,0
2025-05-04,676534,4,0,1,1.568497,4.0,3,0
2025-05-04,676664,23,2,0,5.93975,23.0,21,0
2025-05-04,676684,4,2,0,0.357,4.0,2,0
2025-05-04,676979,22,6,2,4.741994,21.0,13,0
2025-05-04,677020,5,2,0,0.897,5.0,3,0
2025-05-04,678020,2,0,0,0.934,2.0,2,0
2025-05-04,678024,8,0,1,3.373786,8.0,6,0
2025-05-04,678226,4,0,0,1.075,4.0,4,0
2025-05-04,678606,4,0,0,0.763,4.0,4,0
2025-05-04,681517,6,1,1,1.043497,6.0,4,0
2025-05-04,681810,4,1,1,1.239497,4.0,2,0
2025-05-04,681857,24,8,3,6.830411578947369,24.0,12,1
2025-05-04,682120,4,0,0,1.228289,4.0,3,0
2025-05-04,682254,1,0,0,0.545,1.0,1,0
2025-05-04,682842,3,1,0,0.349,3.0,2,0
2025-05-04,683409,6,1,0,2.4786769230769234,6.0,5,1
2025-05-04,683769,5,0,1,1.146497,4.0,4,0
2025-05-04,684007,22,4,1,5.8734470000000005,22.0,17,0
2025-05-04,684320,5,1,1,1.293497,5.0,3,0
2025-05-04,685107,1,1,0,0.0,1.0,0,0
2025-05-04,686580,6,0,0,2.025333333333333,6.0,6,0
2025-05-04,686799,23,1,2,7.840561679653678,23.0,19,2
2025-05-04,686973,3,1,0,0.722,3.0,2,0
2025-05-04,687473,7,0,2,2.496994,7.0,5,0
2025-05-04,687765,6,1,0,1.171,6.0,5,0
2025-05-04,688138,26,5,2,9.954994,26.0,19,0
2025-05-04,689147,5,0,2,1.670994,5.0,3,0
2025-05-04,689225,3,2,0,0.309,3.0,1,0
2025-05-04,690382,7,2,0,4.808895557377049,7.0,4,2
2025-05-04,691172,3,1,0,0.789,3.0,2,0
2025-05-04,693821,21,6,2,6.478744,21.0,13,1
2025-05-04,694037,3,2,0,0.271,3.0,1,0
2025-05-04,694918,23,2,3,9.465722307692307,23.0,17,1
2025-05-04,700241,20,5,1,5.560440545454545,20.0,13,1
2025-05-04,701542,26,8,3,8.453184548387096,26.0,14,1
2025-05-04,702352,5,1,0,3.8625202020202023,5.0,4,2
2025-05-04,820862,7,2,1,2.5670717142857145,7.0,3,1
2025-05-05,489446,3,2,0,0.029,3.0,1,0
2025-05-05,518585,1,0,0,0.0,0.0,0,0
2025-05-05,571510,23,7,0,6.445245521739131,23.0,15,1
2025-05-05,571945,21,1,3,9.193904817136886,21.0,16,2
2025-05-05,573204,4,2,0,0.937,4.0,2,0
2025-05-05,592155,4,1,0,0.645,4.0,3,0
2025-05-05,596133,4,0,1,2.626497,4.0,3,1
2025-05-05,601713,22,5,4,7.215154666666667,22.0,13,1
2025-05-05,605130,4,0,1,0.867497,4.0,3,0
2025-05-05,606303,4,2,0,0.264,4.0,2,0
2025-05-05,607074,24,5,1,5.308917512820512,24.0,18,1
2025-05-05,608032,4,0,0,1.267,4.0,4,1
2025-05-05,620454,1,0,0,0.065,1.0,1,0
2025-05-05,621053,3,1,0,0.4779090909090909,3.0,2,0
2025-05-05,621242,3,1,0,0.065,3.0,2,0
2025-05-05,621366,3,0,1,1.2224970000000002,3.0,2,0
2025-05-05,622663,26,5,4,7.873988,26.0,17,0
2025-05-05,623211,5,1,0,1.1114444444444445,5.0,4,1
2025-05-05,623465,5,0,0,1.818,5.0,5,0
2025-05-05,642207,5,2,2,2.0459940000000003,5.0,1,0
2025-05-05,645261,22,4,1,7.932420076923077,22.0,17,2
2025-05-05,656288,21,6,1,6.964358111111111,21.0,14,1
2025-05-05,656945,3,1,1,0.899497,3.0,1,0
2025-05-05,656986,7,2,1,1.882497,6.0,3,0
2025-05-05,657044,5,1,0,4.647024822695035,5.0,4,2
2025-05-05,657571,1,0,0,0.005,1.0,1,0
2025-05-05,657585,5,2,0,2.4429215686274515,5.0,3,1
2025-05-05,657612,3,0,0,0.12,3.0,3,0
2025-05-05,657649,3,1,0,1.259,3.0,2,0
2025-05-05,660853,4,1,1,1.056497,4.0,2,0
2025-05-05,662253,6,3,1,1.602497,6.0,1,0
2025-05-05,663158,3,2,0,0.8960666666666666,3.0,1,1
2025-05-05,663423,9,0,1,3.1284970000000003,9.0,8,0
2025-05-05,663687,3,1,0,0.633,3.0,2,0
2025-05-05,663738,3,0,0,1.3639999999999999,3.0,3,0
2025-05-05,663767,6,0,1,4.363510157894737,6.0,5,1
2025-05-05,663903,27,2,2,8.011474186480187,27.0,23,1
2025-05-05,663969,11,2,0,4.314615384615385,11.0,9,0
2025-05-05,664208,4,1,0,0.906,4.0,3,0
2025-05-05,664854,5,2,0,1.476,5.0,3,0
2025-05-05,666142,20,11,2,3.7699940000000005,20.0,7,1
2025-05-05,666214,9,3,1,1.438497,9.0,5,0
2025-05-05,666277,7,2,0,2.184413793103448,7.0,5,1
2025-05-05,666661,4,0,1,0.831497,4.0,3,0
2025-05-05,668964,23,2,0,7.75990909090909,23.0,21,1
2025-05-05,668970,7,1,0,1.215,7.0,6,0
2025-05-05,668984,4,0,2,0.381,1.0,2,0
2025-05-05,669093,4,1,0,1.971258064516129,4.0,3,1
2025-05-05,669194,19,2,4,8.436277,19.0,12,2
2025-05-05,669387,18,2,0,7.227648247135843,18.0,15,3
2025-05-05,669854,26,6,2,7.544597773584906,26.0,18,1
2025-05-05,670167,3,2,0,0.007,3.0,1,0
2025-05-05,672391,3,0,0,0.063,3.0,3,0
2025-05-05,672782,5,1,0,3.355055555555556,5.0,4,1
2025-05-05,672841,8,1,1,2.6071845,8.0,6,1
2025-05-05,673380,3,0,3,2.074491,3.0,0,0
2025-05-05,673513,3,0,0,0.264,3.0,3,0
2025-05-05,673965,5,1,1,2.259349941176471,5.0,3,1
2025-05-05,674072,9,1,0,2.750289,8.0,7,1
2025-05-05,674444,4,1,0,1.065,4.0,3,0
2025-05-05,676092,5,0,0,2.8812889999999998,5.0,4,0
2025-05-05,676263,4,0,0,0.868,4.0,4,0
2025-05-05,676508,19,5,2,7.04431146031746,19.0,12,1
2025-05-05,680880,8,1,1,2.8734970000000004,8.0,6,0
2025-05-05,681343,23,5,3,6.805491,23.0,15,0
2025-05-05,681517,5,1,1,1.6951123846153848,5.0,3,0
2025-05-05,681911,2,1,0,0.896,2.0,1,0
2025-05-05,681982,4,0,0,1.198,4.0,4,0
2025-05-05,682243,20,1,0,9.304289,20.0,18,1
2025-05-05,682825,3,2,0,0.246,3.0,1,0
2025-05-05,683232,2,1,0,0.263,2.0,1,0
2025-05-05,685126,3,0,1,1.175497,3.0,2,0
2025-05-05,686701,3,1,0,0.29800000000000004,3.0,2,0
2025-05-05,687765,1,0,0,0.009,1.0,1,0
2025-05-05,694738,22,4,0,6.917598395721925,22.0,18,2
2025-05-05,695243,5,1,2,1.422994,5.0,2,0
2025-05-05,700363,28,5,4,7.524210222222223,28.0,19,1
2025-05-05,700669,3,0,0,0.378,3.0,3,0
2025-05-05,702352,10,1,1,2.6640214755244758,10.0,8,0
2025-05-05,806185,7,0,2,3.5569824169884177,7.0,5,1
2025-05-06,434378,21,3,2,10.140598604198669,21.0,15,3
2025-05-06,455119,4,2,0,0.85,4.0,2,0
2025-05-06,472610,6,1,0,2.7357454545454547,5.0,4,1
2025-05-06,518585,4,1,1,1.768497,4.0,2,0
2025-05-06,519008,3,0,1,1.3594970000000002,3.0,2,0
2025-05-06,519141,4,0,0,1.970501121212121,4.0,3,1
2025-05-06,519151,8,0,1,5.278786,7.0,6,0
2025-05-06,519242,28,10,2,6.834378890410959,28.0,15,1
2025-05-06,542881,27,7,1,7.019857142857142,26.0,19,1
2025-05-06,542888,4,1,0,0.843,4.0,3,0
2025-05-06,543056,3,2,0,0.072,3.0,1,0
2025-05-06,543135,23,7,1,6.073497,23.0,15,0
2025-05-06,554340,4,1,1,0.915497,3.0,2,0
2025-05-06,554430,24,9,0,4.742787878787879,24.0,15,1
2025-05-06,554431,3,1,0,0.16899999999999998,3.0,2,0
2025-05-06,570632,18,2,1,8.745098905487804,18.0,15,3
2025-05-06,571927,4,1,0,1.056,4.0,3,0
2025-05-06,571946,5,1,1,1.6784970000000001,5.0,3,0
2025-05-06,572955,1,1,0,0.0,1.0,0,0
2025-05-06,573204,4,2,0,0.885,4.0,2,1
2025-05-06,592155,6,0,1,1.9097636666666666,6.0,5,0
2025-05-06,593576,2,2,0,0.0,2.0,0,0
2025-05-06,593974,8,0,2,4.681866565217391,7.0,6,1
2025-05-06,594902,19,3,2,6.513825395348837,18.0,13,1
2025-05-06,595345,7,3,1,0.7534970000000001,7.0,3,0
2025-05-06,596001,7,2,0,1.579,7.0,5,0
2025-05-06,605177,3,1,0,0.635,3.0,2,0
2025-05-06,605347,7,0,0,1.577,7.0,7,0
2025-05-06,605463,3,0,1,1.564497,3.0,2,0
2025-05-06,605488,22,4,2,8.253690395967293,22.0,16,2
2025-05-06,606160,4,1,1,1.095497,4.0,2,0
2025-05-06,607067,24,4,2,8.075199611672279,23.0,18,2
2025-05-06,607455,5,1,1,1.628497,5.0,3,0
2025-05-06,607625,29,3,3,10.066648757496742,29.0,23,1
2025-05-06,608337,21,2,1,7.400848351351351,20.0,17,1
2025-05-06,608371,4,0,1,1.708497,4.0,3,0
2025-05-06,615698,18,6,1,3.745977,18.0,11,0
2025-05-06,621051,6,1,1,2.184837909090909,6.0,4,1
2025-05-06,621053,6,1,1,3.149786,6.0,3,0
2025-05-06,621199,5,1,0,2.591634146341464,5.0,4,1
2025-05-06,621381,5,2,1,1.213497,5.0,2,0
2025-05-06,622253,1,1,0,0.0,1.0,0,0
2025-05-06,622786,6,2,1,0.664,5.0,3,0
2025-05-06,623167,4,1,0,0.615,4.0,3,0
2025-05-06,628452,3,2,0,0.142,3.0,1,0
2025-05-06,640448,5,0,0,2.314166666666667,5.0,5,1
2025-05-06,641154,18,11,1,3.2979414444444446,18.0,6,0
2025-05-06,641745,3,0,0,1.349,3.0,3,0
2025-05-06,641778,1,0,0,0.002,1.0,1,0
2025-05-06,641941,5,1,1,1.4674969999999998,5.0,3,0
2025-05-06,642100,3,1,0,1.115,3.0,2,0
2025-05-06,642121,6,0,0,2.745,6.0,6,0
2025-05-06,642397,4,1,0,1.002,4.0,3,0
2025-05-06,642701,4,1,0,1.205,3.0,2,0
2025-05-06,643338,5,1,1,1.608497,5.0,3,0
2025-05-06,643511,3,0,0,0.38,3.0,3,0
2025-05-06,650556,3,3,0,0.0,3.0,0,0
2025-05-06,650633,22,2,2,7.030492295454546,22.0,18,3
2025-05-06,656420,3,0,1,0.9810000000000001,2.0,2,0
2025-05-06,656464,3,1,0,0.261,3.0,2,0
2025-05-06,656546,4,0,0,4.5181172413793105,4.0,4,2
2025-05-06,656730,3,1,0,1.0386578947368421,3.0,2,1
2025-05-06,656794,17,3,1,4.691497,17.0,13,0
2025-05-06,656849,28,6,4,8.955452,27.0,17,1
2025-05-06,656876,20,2,2,7.710035328159645,20.0,15,2
2025-05-06,656945,3,1,0,0.8231935483870967,3.0,2,1
2025-05-06,657376,23,4,1,5.416497,23.0,18,0
2025-05-06,657514,6,4,0,1.1680000000000001,6.0,2,0
2025-05-06,657612,3,0,0,1.205,3.0,3,0
2025-05-06,660787,4,0,0,0.651,4.0,4,0
2025-05-06,660896,5,1,2,1.608994,5.0,2,0
2025-05-06,663485,4,1,0,0.6639999999999999,4.0,3,0
2025-05-06,663574,8,2,1,2.547247,8.0,5,0
2025-05-06,663623,23,0,3,9.883253710852365,23.0,20,3
2025-05-06,663687,1,1,0,0.0,1.0,0,0
2025-05-06,664062,20,8,2,5.568552823529412,19.0,10,1
2025-05-06,664199,4,0,0,0.455,4.0,4,0
2025-05-06,666374,5,0,1,1.944786,5.0,3,0
2025-05-06,666808,3,1,0,0.657,3.0,2,0
2025-05-06,668678,25,6,3,6.3751576666666665,25.0,16,0
2025-05-06,668716,4,2,0,0.249,4.0,2,0
2025-05-06,668933,5,1,1,1.544497,5.0,3,0
2025-05-06,669062,6,2,1,2.069497,6.0,3,0
2025-05-06,669199,3,0,1,0.9884970000000001,3.0,2,0
2025-05-06,669438,8,2,0,4.239308441558442,8.0,6,2
2025-05-06,669461,27,8,3,6.336771,27.0,16,1
2025-05-06,669622,4,1,1,1.207497,4.0,2,0
2025-05-06,669713,19,3,2,5.525854962566845,18.0,14,2
2025-05-06,670036,3,0,0,0.998,3.0,3,0
2025-05-06,670280,3,1,0,0.534,3.0,2,0
2025-05-06,670970,5,0,1,2.132,4.0,4,0
2025-05-06,671096,19,8,0,2.546,19.0,11,0
2025-05-06,671131,3,0,0,0.902,3.0,3,0
2025-05-06,671922,6,2,1,2.238497,6.0,3,0
2025-05-06,672335,3,1,1,0.7284970000000001,3.0,1,0
2025-05-06,672582,6,2,0,1.9016923076923078,6.0,4,0
2025-05-06,672841,5,2,0,1.469,5.0,3,0
2025-05-06,673929,1,0,0,0.714,1.0,1,0
2025-05-06,674285,5,0,1,2.929860636363636,5.0,4,1
2025-05-06,676092,5,2,1,1.7961844999999999,5.0,2,1
2025-05-06,676106,22,2,2,4.776994,22.0,18,0
2025-05-06,676130,9,0,1,4.037709121212121,9.0,8,1
2025-05-06,676254,5,2,2,1.589994,5.0,1,0
2025-05-06,676282,3,1,0,0.5752857142857142,3.0,2,0
2025-05-06,676395,2,2,0,0.0,2.0,0,0
2025-05-06,676534,3,1,0,0.9003571428571429,3.0,2,1
2025-05-06,678226,5,3,0,1.2770000000000001,5.0,2,0
2025-05-06,678495,5,2,1,1.517747,5.0,2,0
2025-05-06,678606,6,0,1,2.7564970000000004,6.0,5,0
2025-05-06,679358,7,1,2,1.8779940000000002,7.0,4,0
2025-05-06,680689,2,0,1,0.794,1.0,1,0
2025-05-06,680732,25,2,3,7.955125709489484,24.0,19,1
2025-05-06,681911,4,3,1,0.691497,4.0,0,0
2025-05-06,682120,3,1,1,1.288497,3.0,1,0
2025-05-06,682254,1,0,0,0.417,1.0,1,0
2025-05-06,682842,5,1,2,2.337994,5.0,2,0
2025-05-06,682847,25,4,3,11.303837770186336,25.0,18,4
2025-05-06,683232,1,0,0,0.431,1.0,1,0
2025-05-06,683769,3,1,1,1.606497,3.0,1,0
2025-05-06,685107,6,1,1,4.925187952380954,6.0,4,3
2025-05-06,686701,3,0,0,1.8160545454545456,3.0,3,1
2025-05-06,686973,3,2,0,0.098,3.0,1,0
2025-05-06,686993,7,3,0,1.689289,7.0,3,0
2025-05-06,687849,3,1,0,0.9890000000000001,3.0,2,0
2025-05-06,687863,4,0,1,1.052497,4.0,3,0
2025-05-06,687911,2,1,0,0.074,2.0,1,0
2025-05-06,689147,5,1,1,1.726497,5.0,3,0
2025-05-06,689254,3,1,0,0.041999999999999996,3.0,2,0
2025-05-06,690986,3,2,0,0.138,3.0,1,0
2025-05-06,694037,3,0,0,0.243,3.0,3,0
2025-05-06,694350,5,1,1,1.9214970000000002,5.0,3,0
2025-05-06,694477,26,6,1,7.449385105937922,25.0,18,1
2025-05-06,694973,25,6,4,5.248988,25.0,15,0
2025-05-06,695418,23,4,1,8.0822147054409,23.0,17,2
2025-05-06,696270,5,2,0,1.12195652173913,5.0,3,0
2025-05-06,700249,24,4,0,9.2614743697479,23.0,19,3
2025-05-06,700669,3,0,0,0.8740000000000001,3.0,3,1
2025-05-06,820862,3,0,0,1.2805714285714287,3.0,3,1
2025-05-07,450203,17,2,1,6.568959913043479,17.0,13,1
2025-05-07,458677,5,2,0,0.9540000000000001,5.0,3,0
2025-05-07,518397,3,1,1,1.205497,3.0,1,0
2025-05-07,518876,26,6,0,9.55855,26.0,20,3
2025-05-07,519008,3,0,0,0.617,3.0,3,0
2025-05-07,519141,1,1,0,0.0,1.0,0,0
2025-05-07,543056,4,2,0,0.5700000000000001,4.0,2,0
2025-05-07,543243,25,8,1,4.756497,25.0,15,1
2025-05-07,547973,5,1,1,2.399497,5.0,3,1
2025-05-07,571948,3,0,0,1.5985409836065576,3.0,3,1
2025-05-07,573124,3,0,0,0.837,3.0,3,0
2025-05-07,579328,23,6,1,6.423634146341463,21.0,15,1
2025-05-07,592094,6,1,1,2.2087827142857144,6.0,4,1
2025-05-07,592454,6,1,2,3.0338749523809527,6.0,3,1
2025-05-07,592662,23,5,2,5.909115212121212,23.0,16,0
2025-05-07,592773,3,0,0,0.511,3.0,3,0
2025-05-07,592779,4,1,0,0.7809999999999999,4.0,3,0
2025-05-07,592836,10,7,0,1.494,10.0,3,0
2025-05-07,596133,6,0,0,1.418,6.0,6,0
2025-05-07,605130,3,0,1,1.507497,3.0,2,0
2025-05-07,605177,6,0,2,2.308994,5.0,4,0
2025-05-07,605347,3,0,1,1.788497,3.0,2,0
2025-05-07,607481,6,2,1,1.136,5.0,3,0
2025-05-07,608032,6,2,0,2.197,6.0,4,0
2025-05-07,608331,27,8,0,8.028447440036423,27.0,19,3
2025-05-07,608379,25,5,1,6.957145648648648,25.0,19,1
2025-05-07,608718,7,3,0,1.2129361702127661,7.0,4,1
2025-05-07,620454,8,1,3,3.1277541578947368,8.0,4,0
2025-05-07,621199,4,1,0,1.024,4.0,3,0
2025-05-07,621244,28,9,5,10.141868054393516,26.0,12,3
2025-05-07,621366,3,0,0,1.1366341463414635,3.0,3,1
2025-05-07,622554,5,1,1,1.232497,4.0,2,0
2025-05-07,623167,4,0,0,1.183,4.0,4,0
2025-05-07,623211,2,1,0,0.012,2.0,1,0
2025-05-07,623352,6,2,1,2.3224346486486485,6.0,2,1
2025-05-07,641302,2,0,0,0.6494800000000001,2.0,2,0
2025-05-07,641329,4,1,0,1.8503571428571428,4.0,3,1
2025-05-07,641401,4,0,0,1.694,4.0,4,0
2025-05-07,641656,3,0,2,1.431994,3.0,1,0
2025-05-07,641745,3,1,0,0.068,3.0,2,0
2025-05-07,641816,20,0,1,8.089736629773212,20.0,19,2
2025-05-07,641941,4,2,0,0.613,4.0,2,0
2025-05-07,642100,2,0,0,0.257,2.0,2,0
2025-05-07,642121,5,1,0,1.2005000000000001,5.0,4,0
2025-05-07,642207,5,3,1,1.413786,5.0,0,0
2025-05-07,643377,4,0,0,1.701,4.0,4,0
2025-05-07,643511,3,0,0,0.376,3.0,3,0
2025-05-07,647336,23,8,2,5.905283,22.0,11,0
2025-05-07,650556,3,0,0,0.663,3.0,3,0
2025-05-07,650911,22,5,3,4.799491,22.0,14,0
2025-05-07,655889,5,0,0,1.995,5.0,5,0
2025-05-07,656222,5,1,0,1.9787924528301886,5.0,4,1
2025-05-07,656234,11,3,0,1.958,10.0,7,0
2025-05-07,656271,4,0,1,1.1744970000000001,4.0,3,0
2025-05-07,656302,24,9,2,6.379340853146854,24.0,12,1
2025-05-07,656457,4,1,0,1.2971794871794873,4.0,3,1
2025-05-07,656546,5,1,1,2.554497,5.0,3,0
2025-05-07,656550,23,5,1,7.154846276974416,23.0,17,2
2025-05-07,656557,24,2,2,10.366586617571059,24.0,19,2
2025-05-07,656605,26,6,3,8.784926897435898,26.0,17,1
2025-05-07,657097,4,0,0,0.9329999999999999,3.0,3,0
2025-05-07,657240,4,0,1,0.969497,4.0,3,0
2025-05-07,657514,3,0,0,0.6829999999999999,3.0,3,0
2025-05-07,657571,4,2,0,0.33899999999999997,4.0,2,0
2025-05-07,660730,18,2,4,8.61832352369574,18.0,12,2
2025-05-07,660825,4,1,0,1.1869999999999998,4.0,3,0
2025-05-07,660853,3,2,0,0.664,3.0,1,0
2025-05-07,661395,3,3,0,0.0,3.0,0,0
2025-05-07,661403,4,1,0,1.6420000000000001,4.0,3,0
2025-05-07,662253,4,2,0,0.429,4.0,2,0
2025-05-07,663158,4,0,0,0.63,4.0,4,0
2025-05-07,663465,3,0,0,0.55,3.0,3,0
2025-05-07,663574,3,1,0,0.03,3.0,2,0
2025-05-07,663893,3,2,0,0.722289,3.0,0,0
2025-05-07,663969,6,1,0,3.164142857142857,6.0,5,1
2025-05-07,664076,3,2,0,0.0,3.0,1,0
2025-05-07,664126,4,0,0,0.927,4.0,4,0
2025-05-07,664285,25,7,2,7.539994,25.0,16,1
2025-05-07,666171,5,2,0,1.216,5.0,3,0
2025-05-07,666808,4,2,1,0.960497,4.0,1,0
2025-05-07,668674,3,3,0,0.0,3.0,0,0
2025-05-07,668716,6,2,1,1.691497,6.0,3,0
2025-05-07,668820,8,1,0,3.9281250000000005,8.0,7,1
2025-05-07,668881,11,6,0,1.655,11.0,5,0
2025-05-07,668970,5,0,2,2.448994,5.0,3,0
2025-05-07,669093,2,0,0,0.085,1.0,2,0
2025-05-07,669199,8,1,3,3.160994,7.0,4,0
2025-05-07,669211,4,1,0,1.7677027027027032,4.0,3,1
2025-05-07,669276,3,0,1,0.776497,3.0,2,0
2025-05-07,669358,21,3,2,7.2721773333333335,20.0,16,1
2025-05-07,669371,11,2,0,2.004,11.0,9,0
2025-05-07,669422,14,4,1,2.5849200769230767,14.0,9,1
2025-05-07,669711,3,0,0,0.272,3.0,3,0
2025-05-07,669724,4,1,0,1.435,4.0,3,0
2025-05-07,670036,5,0,0,3.290289,5.0,4,0
2025-05-07,670059,2,1,0,0.316,2.0,1,0
2025-05-07,670955,4,3,0,0.488,4.0,1,0
2025-05-07,671106,23,3,4,9.136999222222222,23.0,15,1
2025-05-07,671922,4,0,1,1.9544970000000002,4.0,3,0
2025-05-07,672282,3,0,0,1.3318333333333332,3.0,3,1
2025-05-07,673540,22,4,5,7.0011725,22.0,13,1
2025-05-07,673965,3,1,0,0.344,2.0,2,0
2025-05-07,676254,3,0,0,0.379,3.0,3,0
2025-05-07,676282,4,1,1,1.984497,4.0,2,0
2025-05-07,676395,4,0,0,1.341,4.0,4,0
2025-05-07,676428,7,2,0,2.39228,7.0,5,1
2025-05-07,676684,8,2,2,2.658406090909091,7.0,4,1
2025-05-07,676961,4,1,0,1.9795813953488373,4.0,3,1
2025-05-07,676962,22,9,2,6.527147846153846,22.0,11,0
2025-05-07,678020,6,3,1,1.158497,6.0,2,0
2025-05-07,678368,18,7,2,3.687660666666667,18.0,9,1
2025-05-07,678692,6,2,0,3.1313709884467267,6.0,4,1
2025-05-07,680573,19,1,1,5.680259032085562,18.0,16,2
2025-05-07,680684,22,3,1,6.372497,22.0,18,0
2025-05-07,680880,5,0,0,1.414,5.0,5,0
2025-05-07,681517,5,1,0,1.7600000000000002,5.0,4,0
2025-05-07,682120,4,1,1,1.584497,4.0,2,0
2025-05-07,682825,3,1,0,0.188,3.0,2,0
2025-05-07,682990,23,3,3,6.164491,22.0,16,0
2025-05-07,683769,1,0,0,0.014,1.0,1,0
2025-05-07,684320,5,2,0,1.512,5.0,3,0
2025-05-07,686563,26,1,0,10.7318940613566,25.0,24,2
2025-05-07,686973,2,0,0,0.481,2.0,2,0
2025-05-07,686993,1,1,0,0.0,1.0,0,0
2025-05-07,687765,4,1,1,2.3441007735849055,4.0,2,1
2025-05-07,688297,3,1,0,0.121,3.0,2,0
2025-05-07,688642,8,2,0,1.611,8.0,6,0
2025-05-07,689017,20,5,1,5.900997,20.0,14,2
2025-05-07,693433,27,6,1,9.063156420289854,27.0,20,1
2025-05-07,695549,20,2,1,8.770365055555557,20.0,17,2
2025-05-07,801403,18,0,3,7.6435514285714286,18.0,14,1
2025-05-07,806188,5,0,1,2.384497,5.0,4,0
2025-05-08,518397,2,0,0,0.7200000000000001,2.0,2,0
2025-05-08,521230,7,0,0,3.1573741063829788,7.0,6,1
2025-05-08,572955,3,1,0,0.47100000000000003,3.0,2,0
2025-05-08,573124,4,1,1,0.466,3.0,2,0
2025-05-08,605135,29,6,1,9.4769422991453,29.0,22,2
2025-05-08,605447,5,1,0,1.9100000000000001,5.0,4,0
2025-05-08,606160,4,0,2,2.256994,4.0,2,0
2025-05-08,607536,21,2,1,8.979997000000001,21.0,18,1
2025-05-08,608717,3,2,0,0.008,3.0,1,0
2025-05-08,621237,3,1,0,0.788,3.0,2,0
2025-05-08,621381,5,2,0,1.7182999999999997,5.0,3,0
2025-05-08,621383,6,1,0,1.5544358974358974,6.0,5,1
2025-05-08,623437,3,1,0,0.605,3.0,2,0
2025-05-08,628452,6,1,0,2.745750000000001,6.0,5,1
2025-05-08,641401,7,2,0,3.9685568264342774,7.0,5,3
2025-05-08,641755,8,1,1,5.710339105263158,8.0,6,1
2025-05-08,641927,25,6,1,7.829494333333334,25.0,17,1
2025-05-08,642397,5,2,1,2.605138975308642,5.0,2,1
2025-05-08,643338,3,2,0,0.9757727272727272,3.0,1,1
2025-05-08,643377,3,2,0,0.11,3.0,1,0
2025-05-08,655889,5,1,0,1.2080000000000002,4.0,4,0
2025-05-08,656222,2,2,0,0.0,2.0,0,0
2025-05-08,656240,6,1,0,0.7817999999999999,5.0,4,0
2025-05-08,656271,7,1,2,2.6504969999999997,6.0,4,0
2025-05-08,656464,4,0,0,2.9224,4.0,4,1
2025-05-08,656641,11,4,0,2.8877454545454544,11.0,7,1
2025-05-08,661395,3,1,0,0.728,3.0,2,0
2025-05-08,663436,21,2,1,8.595864398648649,21.0,18,3
2025-05-08,663460,25,7,1,5.316497,25.0,17,0
2025-05-08,663485,4,1,0,1.458,4.0,3,0
2025-05-08,663554,21,8,0,3.7115600000000004,21.0,13,1
2025-05-08,664076,3,0,0,0.6074999999999999,3.0,3,0
2025-05-08,664126,5,1,1,2.178497,5.0,3,0
2025-05-08,665152,25,8,2,5.79842653968254,25.0,15,1
2025-05-08,666157,23,7,0,4.594,23.0,16,1
2025-05-08,666200,23,4,2,8.838285666666668,22.0,16,1
2025-05-08,666661,6,1,0,2.7976666666666663,6.0,5,0
2025-05-08,666974,3,1,2,1.382994,3.0,0,0
2025-05-08,667755,26,6,4,9.93121876923077,26.0,16,1
2025-05-08,668933,6,1,1,1.592497,5.0,4,0
2025-05-08,669276,3,2,0,0.822,3.0,1,0
2025-05-08,670955,6,0,0,3.8247912578055305,6.0,6,1
2025-05-08,672456,29,2,3,9.727552727272727,27.0,21,1
2025-05-08,672578,2,2,0,0.0,2.0,0,0
2025-05-08,674444,3,1,0,1.016,3.0,2,0
2025-05-08,674944,4,1,1,0.693497,3.0,1,0
2025-05-08,675848,9,5,1,1.643497,9.0,3,0
2025-05-08,676070,3,0,0,0.204,3.0,3,0
2025-05-08,676263,12,1,1,4.08939751552795,11.0,10,1
2025-05-08,676477,5,2,1,1.158497,5.0,2,0
2025-05-08,676701,3,0,0,0.997,3.0,3,0
2025-05-08,678024,8,1,0,3.5743080116230805,8.0,7,2
2025-05-08,678394,21,1,5,7.867485,21.0,15,0
2025-05-08,680689,8,2,0,1.973,8.0,6,0
2025-05-08,680885,23,6,2,7.081994,23.0,15,0
2025-05-08,682254,1,0,0,0.276,1.0,1,0
2025-05-08,682825,4,1,1,1.032497,4.0,2,0
2025-05-08,683004,24,3,4,8.949948375921377,24.0,16,2
2025-05-08,683409,13,3,0,2.418,13.0,10,0
2025-05-08,684320,7,5,0,1.0024117647058826,7.0,2,1
2025-05-08,685299,28,4,1,9.316400846153845,27.0,22,2
2025-05-08,686580,4,0,0,0.366,4.0,4,0
2025-05-08,686752,20,3,2,6.012528798534799,20.0,15,1
2025-05-08,689225,4,2,1,1.101497,4.0,1,0
2025-05-08,694297,26,6,3,10.115304067150635,26.0,17,2
2025-05-08,694363,10,1,0,5.290540983606558,10.0,9,1
2025-05-08,695445,7,2,0,1.934474999999999,7.0,5,1
2025-05-08,696270,3,0,1,2.128497,3.0,2,0
2025-05-08,808967,22,4,1,7.1597104618395315,22.0,16,2
2025-05-08,820862,3,2,0,0.249,3.0,1,0
2025-05-09,445276,3,0,0,2.334486111111111,3.0,3,1
2025-05-09,458677,4,2,1,0.275,3.0,1,0
2025-05-09,472610,6,1,1,1.020497,6.0,4,0
2025-05-09,500779,22,3,2,7.889751575757576,22.0,17,1
2025-05-09,519151,5,1,1,1.319497,5.0,3,0
2025-05-09,543056,3,2,0,0.006,3.0,1,0
2025-05-09,543294,24,5,3,7.287045865424431,24.0,16,2
2025-05-09,547179,25,7,0,6.191829983606557,25.0,17,1
2025-05-09,547973,3,2,0,0.009,3.0,1,0
2025-05-09,554340,6,2,2,2.596994,6.0,2,0
2025-05-09,571578,27,3,4,8.623465272727273,27.0,20,1
2025-05-09,571946,4,1,0,1.327,4.0,3,0
2025-05-09,592155,3,1,0,1.399,3.0,2,0
2025-05-09,592332,23,3,0,8.425515151515151,23.0,20,1
2025-05-09,592454,4,0,0,1.014,4.0,4,0
2025-05-09,592773,3,1,0,0.165,3.0,2,0
2025-05-09,592791,22,4,1,10.761694501884794,22.0,17,6
2025-05-09,593576,3,1,0,0.5940909090909091,3.0,2,0
2025-05-09,593958,21,3,3,13.707386454545455,21.0,15,4
2025-05-09,593974,5,0,0,2.45,5.0,5,0
2025-05-09,605177,6,1,2,1.555994,6.0,3,0
2025-05-09,605280,23,5,3,6.4795052314990516,22.0,14,2
2025-05-09,605400,23,5,2,8.016450464114833,23.0,15,2
2025-05-09,605452,5,1,0,2.4166341463414636,5.0,4,1
2025-05-09,606303,1,1,0,0.0,1.0,0,0
2025-05-09,607200,31,8,0,8.374444444444444,31.0,23,1
2025-05-09,607259,26,5,0,6.012542857142857,25.0,21,1
2025-05-09,607455,11,2,3,4.682837454790823,10.0,6,1
2025-05-09,607481,3,2,0,0.829,3.0,1,0
2025-05-09,608032,3,1,0,0.82,3.0,2,0
2025-05-09,608371,8,0,4,4.270277,8.0,3,0
2025-05-09,608372,25,5,0,5.7377012195121955,25.0,20,1
2025-05-09,608718,10,2,1,2.437497,10.0,7,0
2025-05-09,621051,5,0,2,2.7298749523809525,5.0,3,1
2025-05-09,621383,3,1,0,0.135,3.0,2,0
2025-05-09,622491,24,3,2,7.077674952380953,24.0,19,2
2025-05-09,622608,25,2,2,10.398765428571428,25.0,21,1
2025-05-09,623352,4,3,0,0.41,4.0,1,0
2025-05-09,623474,10,1,1,5.107497,10.0,8,1
2025-05-09,641312,7,3,1,1.966977,7.0,3,0
2025-05-09,641793,25,5,1,7.232497,25.0,18,1
2025-05-09,642121,6,1,2,2.486994,6.0,3,0
2025-05-09,642585,3,2,0,0.101,3.0,1,0
2025-05-09,642701,6,0,0,2.5395714285714286,6.0,6,1
2025-05-09,643410,3,1,0,1.159,3.0,2,0
2025-05-09,650556,5,2,1,2.0498379090909093,5.0,2,1
2025-05-09,656222,2,1,0,0.009,2.0,1,0
2025-05-09,656234,4,1,1,0.920497,4.0,2,0
2025-05-09,656464,6,1,0,2.376289,6.0,4,0
2025-05-09,656546,4,3,0,0.303,4.0,1,0
2025-05-09,656794,2,0,0,0.883,1.0,2,0
2025-05-09,656945,3,2,0,0.005,3.0,1,0
2025-05-09,657044,3,0,0,2.39275,3.0,3,1
2025-05-09,657097,4,2,1,0.693497,4.0,1,0
2025-05-09,657514,1,0,0,0.073,1.0,1,0
2025-05-09,657571,1,1,0,0.0,1.0,0,0
2025-05-09,657585,1,0,0,0.7534117647058826,1.0,1,1
2025-05-09,657649,6,2,2,2.3039940000000003,6.0,2,0
2025-05-09,660787,5,0,0,2.4593296703296703,5.0,5,1
2025-05-09,660853,3,2,0,0.287,3.0,1,0
2025-05-09,663158,1,0,0,0.223,1.0,1,0
2025-05-09,663559,22,3,2,5.034405764705883,22.0,17,1
2025-05-09,663687,13,2,2,5.653997,12.0,9,1
2025-05-09,663738,5,0,0,1.103,5.0,5,0
2025-05-09,663767,3,1,1,1.237497,3.0,1,0
2025-05-09,663855,24,6,0,7.3182283939393935,24.0,17,1
2025-05-09,663893,6,3,0,1.1600000000000001,6.0,3,0
2025-05-09,663978,25,6,0,5.845048780487806,25.0,19,1
2025-05-09,665660,10,2,2,3.99993925,10.0,5,1
2025-05-09,666974,3,1,1,1.6174970000000002,3.0,1,0
2025-05-09,668674,5,0,0,1.6957499999999999,5.0,5,0
2025-05-09,668909,21,8,4,5.177988,21.0,9,0
2025-05-09,668970,4,2,0,0.47000000000000003,4.0,2,0
2025-05-09,668984,6,3,0,0.21800000000000003,6.0,3,0
2025-05-09,669060,20,1,2,7.923647126244524,20.0,17,2
2025-05-09,669211,1,0,0,0.034,1.0,1,0
2025-05-09,669308,6,1,0,4.513655172413793,6.0,5,1
2025-05-09,669373,24,12,0,3.409289,24.0,11,0
2025-05-09,669711,4,0,2,1.876994,4.0,2,0
2025-05-09,670036,7,2,0,2.984475279106858,7.0,5,1
2025-05-09,670167,3,1,0,0.846,3.0,2,0
2025-05-09,670280,5,3,0,1.495,5.0,2,0
2025-05-09,671131,12,3,0,3.768333333333333,12.0,9,0
2025-05-09,672282,3,1,0,0.62,3.0,2,0
2025-05-09,672391,1,0,0,0.274,1.0,1,0
2025-05-09,673380,4,2,2,1.382994,4.0,0,0
2025-05-09,673513,3,0,0,0.176,3.0,3,0
2025-05-09,673929,4,2,0,0.9219999999999999,4.0,2,1
2025-05-09,673965,3,0,0,1.6597727272727272,3.0,3,1
2025-05-09,674370,26,6,2,8.580785187739464,26.0,18,3
2025-05-09,674444,2,1,0,0.024,2.0,1,0
2025-05-09,676092,4,2,0,1.442,4.0,2,1
2025-05-09,676130,5,3,0,2.3475833333333336,5.0,2,1
2025-05-09,676477,4,2,1,0.9934970000000001,4.0,1,0
2025-05-09,676680,8,1,0,1.482,8.0,7,0
2025-05-09,676684,3,1,0,1.5926249999999995,3.0,2,1
2025-05-09,676974,28,5,3,10.40347947924416,28.0,19,3
2025-05-09,678020,3,2,0,0.142,3.0,1,0
2025-05-09,678692,3,2,1,0.691497,3.0,0,0
2025-05-09,679358,4,1,0,0.77,4.0,3,0
2025-05-09,680730,21,5,2,6.671244,21.0,14,0
2025-05-09,681190,25,5,1,8.721719241379311,25.0,19,3
2025-05-09,681911,5,1,0,4.355,5.0,4,2
2025-05-09,681982,5,0,1,1.738497,5.0,4,0
2025-05-09,682120,3,0,1,1.208497,3.0,2,0
2025-05-09,682254,3,2,0,0.361,3.0,1,0
2025-05-09,683232,2,1,0,0.0,1.0,0,0
2025-05-09,683769,5,0,1,1.878497,5.0,4,0
2025-05-09,685126,5,1,1,1.491786,5.0,2,0
2025-05-09,686580,4,0,0,1.4727045454545455,4.0,4,0
2025-05-09,686613,23,9,4,4.764988,23.0,10,0
2025-05-09,686973,2,0,0,0.21000000000000002,2.0,2,0
2025-05-09,687911,3,1,0,0.067,3.0,2,0
2025-05-09,688642,5,1,0,2.498,5.0,4,0
2025-05-09,689147,4,1,0,0.742,4.0,3,0
2025-05-09,689690,4,0,1,1.775497,4.0,3,0
2025-05-09,690928,22,6,0,3.98168085106383,22.0,16,1
2025-05-09,690986,9,3,3,2.759994,8.0,3,0
2025-05-09,691441,12,5,1,1.828497,12.0,6,0
2025-05-09,693821,22,8,0,7.0924010586569155,22.0,14,4
2025-05-09,700187,6,0,1,3.14752825,5.0,5,1
2025-05-09,701542,27,7,1,8.373385888888889,27.0,19,2
2025-05-09,806188,5,1,0,1.8730000000000002,5.0,4,0
2025-05-09,808963,20,0,2,9.336951474907446,20.0,17,3
2025-05-10,450203,6,2,0,1.086,6.0,4,0
2025-05-10,489446,5,2,0,1.254,5.0,3,1
2025-05-10,502043,22,4,3,9.889164579109062,22.0,15,3
2025-05-10,518397,6,1,0,1.876,6.0,5,0
2025-05-10,518585,5,2,0,2.0611746031746034,5.0,3,1
2025-05-10,519141,4,1,0,1.854,4.0,3,0
2025-05-10,521230,5,1,0,1.9633333333333334,5.0,4,0
2025-05-10,542888,5,0,0,2.128,5.0,5,0
2025-05-10,554431,3,1,0,0.934,3.0,2,1
2025-05-10,571760,25,2,3,10.427168111888111,24.0,18,2
2025-05-10,571948,5,2,0,0.718,5.0,3,0
2025-05-10,572955,3,0,0,1.2384166666666663,3.0,3,1
2025-05-10,592426,4,1,2,1.440994,4.0,1,0
2025-05-10,592866,26,4,1,9.486307551724138,26.0,20,2
2025-05-10,593576,1,1,0,0.0,1.0,0,0
2025-05-10,594798,20,10,1,6.499095214285714,20.0,9,2
2025-05-10,595345,8,3,1,1.641497,8.0,4,0
2025-05-10,596001,3,1,0,0.935,3.0,2,0
2025-05-10,605130,4,0,1,1.518497,4.0,3,0
2025-05-10,605154,9,2,1,1.394497,9.0,6,0
2025-05-10,605452,5,0,1,2.491690548387097,5.0,4,1
2025-05-10,605463,10,2,3,3.489491,10.0,5,0
2025-05-10,606160,3,0,0,0.51,3.0,3,0
2025-05-10,607074,27,10,0,6.8870857240437156,27.0,17,2
2025-05-10,607732,8,1,0,2.621238095238095,8.0,7,1
2025-05-10,608717,10,4,1,3.32052825,10.0,5,1
2025-05-10,621051,4,1,0,1.937342105263158,4.0,3,1
2025-05-10,621053,3,0,1,1.3089515454545455,3.0,2,0
2025-05-10,621121,8,0,3,5.6807154838709675,8.0,4,1
2025-05-10,621242,3,1,0,0.041,3.0,2,0
2025-05-10,622786,3,0,0,0.853,3.0,3,0
2025-05-10,623211,5,2,0,0.509,5.0,3,0
2025-05-10,624133,24,5,1,5.969497,23.0,17,0
2025-05-10,641302,4,1,1,2.000039372881356,4.0,2,1
2025-05-10,641656,5,1,2,2.011994,5.0,2,0
2025-05-10,641745,3,2,0,0.84803125,3.0,1,1
2025-05-10,641755,4,1,1,0.8494970000000001,4.0,2,0
2025-05-10,641941,5,1,1,2.202747,5.0,3,0
2025-05-10,642100,4,2,0,0.374,4.0,2,0
2025-05-10,642701,3,1,0,0.11699999999999999,3.0,2,0
2025-05-10,643377,3,1,0,0.132,3.0,2,0
2025-05-10,650893,2,0,0,1.0411794871794873,2.0,2,1
2025-05-10,655889,3,1,0,0.321,3.0,2,0
2025-05-10,656240,7,1,0,0.731,5.0,6,0
2025-05-10,656271,4,0,0,1.4809354838709679,4.0,4,1
2025-05-10,656427,15,4,2,9.423347869047621,15.0,9,4
2025-05-10,656457,4,0,2,1.8239940000000001,4.0,2,0
2025-05-10,656546,3,3,0,0.0,3.0,0,0
2025-05-10,656730,1,0,0,0.381,1.0,1,0
2025-05-10,656731,22,7,2,8.199915568627452,22.0,13,1
2025-05-10,656986,6,3,0,0.796,6.0,3,0
2025-05-10,657240,5,2,0,2.933606557377049,5.0,3,1
2025-05-10,657277,27,9,1,7.373242454545455,27.0,17,1
2025-05-10,657514,3,1,0,0.081,3.0,2,0
2025-05-10,657571,4,0,1,0.921289,3.0,2,0
2025-05-10,657612,1,0,0,0.221,1.0,1,0
2025-05-10,657649,3,1,0,0.361,3.0,2,0
2025-05-10,657746,20,7,0,4.664999999999998,20.0,13,2
2025-05-10,660825,5,2,0,1.319,5.0,3,0
2025-05-10,661395,3,1,0,0.41100000000000003,3.0,2,0
2025-05-10,663432,4,1,0,0.833,3.0,3,0
2025-05-10,663485,3,0,0,2.197296428571428,3.0,3,2
2025-05-10,663568,32,7,2,7.865609384615385,31.0,22,0
2025-05-10,663574,4,2,1,0.711497,4.0,1,0
2025-05-10,663767,5,0,2,1.168497,4.0,3,0
2025-05-10,663903,16,1,1,7.627047043777361,16.0,14,2
2025-05-10,663947,5,1,0,2.402891975308642,5.0,4,1
2025-05-10,664126,6,1,1,1.284497,6.0,4,0
2025-05-10,664199,4,0,0,1.2570000000000001,4.0,4,0
2025-05-10,664854,6,1,2,1.8499940000000001,6.0,3,0
2025-05-10,665795,18,2,1,6.381277303030303,18.0,15,1
2025-05-10,666142,23,8,2,6.023244,23.0,13,0
2025-05-10,666171,3,0,0,1.3125428571428568,3.0,3,1
2025-05-10,666374,4,2,1,0.767497,4.0,1,0
2025-05-10,668820,7,0,2,2.597994,6.0,4,0
2025-05-10,668933,7,4,1,1.5354970000000001,7.0,2,0
2025-05-10,668941,4,0,1,1.0004970000000002,3.0,2,0
2025-05-10,668964,18,3,3,5.050491,18.0,12,0
2025-05-10,669160,27,5,1,7.969879113821138,27.0,21,2
2025-05-10,669194,6,1,0,0.523,6.0,5,0
2025-05-10,669199,4,0,1,0.7274970000000001,4.0,3,0
2025-05-10,669203,27,5,2,5.542497,25.0,20,0
2025-05-10,669276,2,2,0,0.0,2.0,0,0
2025-05-10,669371,6,1,1,1.940786,6.0,3,0
2025-05-10,669467,27,7,0,6.998422281323877,27.0,20,2
2025-05-10,669622,3,2,0,0.262,3.0,1,0
2025-05-10,670102,27,5,1,7.8143614393241165,27.0,21,2
2025-05-10,670280,4,2,0,1.252230769230769,4.0,2,1
2025-05-10,670955,3,0,0,0.722,3.0,3,0
2025-05-10,671737,22,5,1,4.759358111111111,22.0,16,1
2025-05-10,672335,3,1,2,1.382994,3.0,0,0
2025-05-10,672391,3,0,0,1.1520000000000001,3.0,3,0
2025-05-10,672578,4,1,1,1.370847,4.0,2,0
2025-05-10,672582,8,0,1,3.7741532499999995,7.0,6,2
2025-05-10,672841,7,1,2,2.910994,7.0,4,0
2025-05-10,673929,3,2,0,0.811,3.0,1,0
2025-05-10,673965,1,0,0,0.026,1.0,1,0
2025-05-10,674944,7,0,2,2.3070849090909094,7.0,5,0
2025-05-10,675848,12,0,2,4.842357636363636,10.0,8,0
2025-05-10,676282,12,3,1,6.650497,12.0,8,2
2025-05-10,676440,26,3,0,5.739228997289973,26.0,23,2
2025-05-10,676534,4,2,0,0.9199999999999999,4.0,2,0
2025-05-10,676664,20,4,1,6.133162590909091,20.0,14,2
2025-05-10,676979,30,9,1,9.084812972222222,29.0,19,2
2025-05-10,678226,8,0,4,2.650491,7.0,4,0
2025-05-10,678495,3,3,0,0.0,3.0,0,0
2025-05-10,678606,4,0,1,0.9934970000000001,3.0,3,0
2025-05-10,680689,8,1,2,3.102244,8.0,5,0
2025-05-10,680880,5,1,0,0.744,5.0,4,0
2025-05-10,681343,21,7,0,2.818,21.0,14,0
2025-05-10,681882,6,1,1,1.139497,6.0,4,0
2025-05-10,681911,1,1,0,0.0,1.0,0,0
2025-05-10,681982,3,0,1,0.926497,3.0,2,0
2025-05-10,682825,3,1,0,0.408,3.0,2,0
2025-05-10,682842,3,2,0,0.151,3.0,1,0
2025-05-10,683232,3,1,0,0.122,3.0,2,0
2025-05-10,685126,3,0,1,1.497497,3.0,2,0
2025-05-10,686799,23,4,4,5.935988,23.0,15,0
2025-05-10,686993,7,0,2,5.1463749523809525,7.0,5,2
2025-05-10,687134,26,1,2,13.156790666666666,26.0,23,5
2025-05-10,687863,3,0,1,1.047497,3.0,2,0
2025-05-10,688138,22,3,2,7.967428586466165,22.0,17,2
2025-05-10,689254,4,2,0,0.211,4.0,2,0
2025-05-10,690990,18,5,0,5.360700764705882,18.0,11,1
2025-05-10,694037,5,2,1,1.8074970000000001,5.0,2,0
2025-05-10,694350,2,0,0,0.032,2.0,2,0
2025-05-10,695243,6,4,0,1.5921111111111108,6.0,2,1
2025-05-10,695445,7,2,1,1.6124969999999998,7.0,4,0
2025-05-10,700363,24,7,2,8.557494,24.0,15,0
2025-05-10,701121,12,3,2,4.861460666666667,12.0,7,1
2025-05-10,820862,4,2,0,0.588,4.0,2,0
2025-05-11,455119,3,2,0,0.095,3.0,1,0
2025-05-11,458677,4,2,0,0.633,4.0,2,0
2025-05-11,519008,1,0,0,0.037,1.0,1,0
2025-05-11,519242,27,8,2,8.282924975308642,27.0,16,1
2025-05-11,542881,22,5,2,4.347112384615384,21.0,15,0
2025-05-11,543056,4,2,0,1.459,4.0,2,0
2025-05-11,543135,24,7,1,4.532530898305084,24.0,16,1
2025-05-11,547973,5,0,0,1.593,5.0,5,0
2025-05-11,554430,25,8,2,6.085319274725275,25.0,15,1
2025-05-11,554431,4,1,0,1.19,4.0,3,0
2025-05-11,570632,9,0,1,3.368947861195542,9.0,8,2
2025-05-11,571510,24,8,0,7.443579508295626,24.0,14,2
2025-05-11,571927,5,1,0,0.9128,5.0,4,0
2025-05-11,571945,20,5,1,5.085154894736842,19.0,14,2
2025-05-11,573009,5,0,0,2.249542372881356,5.0,5,2
2025-05-11,573124,8,3,0,1.6720000000000002,8.0,5,0
2025-05-11,592155,3,0,0,0.472,3.0,3,0
2025-05-11,592773,3,2,0,0.013,3.0,1,0
2025-05-11,593974,7,0,1,3.608497,7.0,6,1
2025-05-11,601713,22,5,2,10.522310125506072,22.0,14,3
2025-05-11,605130,6,1,1,1.514497,6.0,4,0
2025-05-11,605177,2,1,0,0.527,2.0,1,0
2025-05-11,605447,3,2,0,0.034,3.0,1,0
2025-05-11,606303,3,0,0,0.666,3.0,3,0
2025-05-11,607481,4,0,1,0.8474970000000001,4.0,3,0
2025-05-11,607625,22,5,0,9.959792452830188,22.0,17,3
2025-05-11,608337,23,5,1,4.780830333333333,22.0,17,0
2025-05-11,608566,25,2,1,7.076786,25.0,21,0
2025-05-11,608718,3,1,0,0.14800000000000002,3.0,2,0
2025-05-11,620454,12,2,0,3.5539051233396584,12.0,10,1
2025-05-11,621107,21,5,2,5.271204526315789,21.0,14,1
2025-05-11,621237,3,1,0,0.147,3.0,2,0
2025-05-11,621242,3,0,0,0.267,3.0,3,0
2025-05-11,621366,6,2,0,1.459,6.0,4,0
2025-05-11,622554,3,1,0,0.046,3.0,2,0
2025-05-11,622663,24,2,2,10.858898384615385,24.0,19,1
2025-05-11,628452,5,0,1,1.0419999999999998,4.0,4,0
2025-05-11,641154,25,6,2,8.785747052287581,25.0,16,2
2025-05-11,641302,5,0,0,1.4003333333333332,5.0,5,0
2025-05-11,641312,13,3,1,4.148455333333334,13.0,9,1
2025-05-11,641329,3,1,0,0.554,3.0,2,0
2025-05-11,641401,6,1,2,2.716147846153846,5.0,3,1
2025-05-11,641745,3,1,0,0.611,3.0,2,0
2025-05-11,641778,15,5,1,2.643497,14.0,8,0
2025-05-11,642121,3,1,0,0.346,3.0,2,0
2025-05-11,642232,21,2,1,6.203323086956522,21.0,18,1
2025-05-11,642585,4,1,0,2.3610344827586207,4.0,3,1
2025-05-11,642701,3,1,0,0.9912222222222224,3.0,2,1
2025-05-11,643377,7,1,1,2.330774777777778,7.0,5,1
2025-05-11,643511,3,3,0,0.0,3.0,0,0
2025-05-11,645261,26,8,3,7.1451752105263155,26.0,15,1
2025-05-11,655889,1,0,0,0.349,1.0,1,0
2025-05-11,656288,21,5,1,3.510497,20.0,14,1
2025-05-11,656457,3,0,0,1.4957559808612437,3.0,3,1
2025-05-11,656641,4,1,1,2.148497,4.0,2,0
2025-05-11,656730,3,1,0,0.77,3.0,2,0
2025-05-11,656876,20,3,1,7.130843697154472,20.0,16,2
2025-05-11,656945,3,0,0,0.24400000000000002,3.0,3,0
2025-05-11,657585,5,0,1,2.000497,5.0,4,0
2025-05-11,660787,10,1,2,2.459994,10.0,7,0
2025-05-11,660844,6,0,1,3.260497,6.0,5,0
2025-05-11,660853,4,1,0,0.177,4.0,3,0
2025-05-11,661395,4,1,1,0.964497,4.0,2,0
2025-05-11,661403,4,1,1,1.362497,4.0,2,0
2025-05-11,663432,3,0,1,1.898497,3.0,2,1
2025-05-11,663687,7,2,2,1.563994,7.0,3,0
2025-05-11,663738,4,1,1,0.49,2.0,2,0
2025-05-11,663969,3,2,0,0.867,3.0,1,0
2025-05-11,664062,20,4,2,3.914994,19.0,13,0
2025-05-11,664076,4,0,1,1.4804970000000002,4.0,3,0
2025-05-11,664199,4,1,0,0.914,4.0,3,0
2025-05-11,664208,4,1,1,1.425497,4.0,2,0
2025-05-11,665660,6,2,0,2.001629909090909,6.0,3,1
2025-05-11,666214,2,0,0,1.44275,2.0,2,1
2025-05-11,666808,3,1,0,0.154,3.0,2,0
2025-05-11,666974,3,2,0,0.067,3.0,1,0
2025-05-11,667463,3,1,0,0.5860000000000001,3.0,2,0
2025-05-11,668678,27,5,2,8.069771777777778,27.0,20,0
2025-05-11,668970,4,0,0,1.6618809523809523,4.0,4,1
2025-05-11,669022,27,7,3,10.249457787439614,26.0,16,2
2025-05-11,669062,4,0,1,2.828497,4.0,3,0
2025-05-11,669308,4,2,0,1.8051914893617023,4.0,2,1
2025-05-11,669387,22,2,1,6.550448219512195,22.0,19,1
2025-05-11,669422,3,0,0,0.613,3.0,3,0
2025-05-11,669711,1,0,0,0.008,1.0,1,0
2025-05-11,669724,3,0,0,1.7252495309568483,3.0,3,1
2025-05-11,669854,27,11,1,3.009497,26.0,15,0
2025-05-11,670036,1,0,0,0.005,1.0,1,0
2025-05-11,670167,1,1,0,0.0,1.0,0,0
2025-05-11,671922,4,2,0,0.9319999999999999,4.0,2,0
2025-05-11,673513,3,2,0,0.189,3.0,1,0
2025-05-11,674444,3,0,0,0.245,3.0,3,0
2025-05-11,676092,10,1,0,4.587071507760532,9.0,9,2
2025-05-11,676254,5,0,1,1.607,4.0,4,0
2025-05-11,676263,3,2,0,0.461,3.0,1,0
2025-05-11,676395,2,0,0,0.6719999999999999,2.0,2,0
2025-05-11,676428,6,2,1,2.217297,6.0,3,0
2025-05-11,676508,6,1,0,1.843,6.0,5,0
2025-05-11,678020,3,1,0,0.262,2.0,1,0
2025-05-11,678024,12,1,1,2.570497,12.0,10,0
2025-05-11,678692,1,1,0,0.0,1.0,0,0
2025-05-11,679358,5,1,0,1.047,5.0,4,0
2025-05-11,680689,5,1,0,1.7415779999999998,5.0,2,0
2025-05-11,680732,20,2,5,5.747485,19.0,12,0
2025-05-11,680755,3,0,0,1.348,3.0,3,0
2025-05-11,681857,21,5,1,8.958878666684331,21.0,14,3
2025-05-11,681869,4,1,1,0.816497,4.0,2,0
2025-05-11,682120,4,1,1,3.0637024655870446,4.0,2,1
2025-05-11,682243,25,3,2,9.819494,24.0,19,2
2025-05-11,682254,4,2,1,0.912497,4.0,1,0
2025-05-11,682842,3,0,0,0.98,3.0,3,0
2025-05-11,682847,23,9,2,8.154613883040936,22.0,11,3
2025-05-11,683409,6,1,0,1.724,6.0,5,0
2025-05-11,684320,4,2,0,0.24000000000000002,4.0,2,0
2025-05-11,685107,3,1,0,0.853,3.0,2,0
2025-05-11,686973,3,0,0,0.366,3.0,3,0
2025-05-11,687765,12,4,1,6.339534717948717,12.0,6,1
2025-05-11,687863,4,0,0,2.2811428571428567,4.0,4,1
2025-05-11,689225,9,0,0,2.9279423076923075,9.0,9,1
2025-05-11,689690,4,0,0,1.3315000000000001,3.0,3,0
2025-05-11,694350,4,0,1,1.833497,4.0,3,0
2025-05-11,694477,21,4,2,6.8069939999999995,21.0,15,0
2025-05-11,694738,21,3,0,6.059136591478697,21.0,18,3
2025-05-11,695418,7,2,1,2.0276146470588237,7.0,4,0
2025-05-11,695445,3,1,0,0.504,3.0,2,0
2025-05-11,695534,20,4,6,9.45658806060606,20.0,10,1
2025-05-11,700187,3,0,0,1.044,3.0,3,0
2025-05-11,806185,8,3,0,1.628111111111111,8.0,5,1
2025-05-12,434378,27,5,1,10.399335383838384,27.0,21,4
2025-05-12,445276,3,2,0,0.6465714285714286,3.0,1,0
2025-05-12,455119,3,1,0,0.616,3.0,2,0
2025-05-12,518876,27,8,0,5.948626893939394,27.0,19,2
2025-05-12,519141,4,2,0,0.48800000000000004,4.0,2,0
2025-05-12,571946,3,1,0,0.29300000000000004,3.0,2,0
2025-05-12,579328,26,4,2,9.38154261111111,26.0,20,2
2025-05-12,592094,4,2,1,0.869497,4.0,1,0
2025-05-12,592426,1,0,0,0.631,1.0,1,0
2025-05-12,594902,12,1,2,3.5072162222222225,12.0,9,1
2025-05-12,595345,7,0,0,1.0819999999999999,7.0,7,0
2025-05-12,596001,6,0,1,2.793837909090909,6.0,5,1
2025-05-12,605154,6,1,0,2.019911764705882,6.0,5,1
2025-05-12,605177,1,0,0,0.333,1.0,1,0
2025-05-12,605347,1,1,0,0.0,1.0,0,0
2025-05-12,605463,6,1,0,1.774,6.0,5,0
2025-05-12,607067,25,4,2,7.697206765957446,25.0,19,2
2025-05-12,608032,4,1,0,0.6880000000000001,4.0,3,0
2025-05-12,608379,28,3,2,7.770994,28.0,23,0
2025-05-12,615698,19,1,2,8.459039454545454,18.0,15,2
2025-05-12,621381,4,1,0,1.2973333333333334,4.0,3,0
2025-05-12,621383,3,0,0,0.518,3.0,3,0
2025-05-12,623211,5,0,0,0.908,4.0,5,0
2025-05-12,628452,7,1,1,3.029497,7.0,5,0
2025-05-12,641656,3,2,0,0.371,3.0,1,0
2025-05-12,641755,3,1,0,1.034,3.0,2,0
2025-05-12,641816,23,5,1,3.756497,23.0,17,0
2025-05-12,642207,2,0,0,0.6900000000000001,2.0,2,0
2025-05-12,642547,23,4,3,7.111191,23.0,16,0
2025-05-12,643410,4,1,0,1.059,4.0,3,0
2025-05-12,643511,3,1,0,0.887,3.0,2,0
2025-05-12,650633,23,8,2,8.510729813025444,23.0,13,4
2025-05-12,650911,26,8,3,8.819470656565656,26.0,14,2
2025-05-12,656222,4,1,1,1.9012470000000001,4.0,2,1
2025-05-12,656234,4,0,0,1.599,4.0,4,0
2025-05-12,656271,4,0,0,1.076,4.0,4,0
2025-05-12,656550,23,4,1,8.829708666752413,23.0,18,4
2025-05-12,656557,20,0,3,11.913464210526316,20.0,16,2
2025-05-12,656794,27,4,0,8.782738636363636,26.0,22,0
2025-05-12,656849,26,7,3,8.236562507760532,26.0,16,2
2025-05-12,656986,7,1,0,2.1470000000000002,7.0,6,0
2025-05-12,657097,4,0,1,1.722497,4.0,3,0
2025-05-12,657376,23,6,2,5.929642648648649,22.0,15,2
2025-05-12,657571,4,1,0,0.9422889999999999,4.0,2,0
2025-05-12,657612,4,1,1,2.3077250701754384,3.0,1,1
2025-05-12,660825,10,3,1,3.203497,10.0,6,0
2025-05-12,663158,6,1,4,2.983988,6.0,1,0
2025-05-12,663465,13,3,2,3.637994,13.0,8,0
2025-05-12,663542,9,4,3,2.518994,8.0,2,0
2025-05-12,663623,27,1,2,11.056943860303557,26.0,23,4
2025-05-12,664854,3,2,0,0.17,3.0,1,0
2025-05-12,665625,4,2,0,0.46799999999999997,4.0,2,0
2025-05-12,668674,2,0,0,0.074,2.0,2,0
2025-05-12,668941,1,0,0,0.013,1.0,1,0
2025-05-12,668984,3,1,1,0.9724970000000001,3.0,1,0
2025-05-12,669062,2,0,0,0.403,2.0,2,0
2025-05-12,669093,5,3,0,0.973289,5.0,1,0
2025-05-12,669276,2,2,0,0.0,2.0,0,0
2025-05-12,669461,24,4,1,7.630620749999999,24.0,19,3
2025-05-12,670059,6,0,1,1.9040684285714287,6.0,5,0
2025-05-12,670167,3,2,1,0.691497,3.0,0,0
2025-05-12,670280,4,1,0,0.782,4.0,3,0
2025-05-12,670970,1,0,0,0.852,1.0,1,0
2025-05-12,671131,5,1,0,0.988,4.0,4,0
2025-05-12,671922,4,2,0,1.266,4.0,2,0
2025-05-12,672391,4,0,0,0.587,4.0,4,0
2025-05-12,673380,3,0,0,0.7990384615384614,3.0,3,0
2025-05-12,674444,4,1,0,1.714289,4.0,2,0
2025-05-12,674944,6,1,0,2.4621060606060605,6.0,5,1
2025-05-12,676106,27,5,4,15.03668887609512,27.0,18,5
2025-05-12,676130,4,1,1,1.144497,4.0,2,0
2025-05-12,676395,3,1,1,0.698497,3.0,1,0
2025-05-12,678226,4,1,0,1.6567435454545454,4.0,2,0
2025-05-12,678495,3,2,0,0.023,3.0,1,0
2025-05-12,678606,3,1,0,1.334,3.0,2,0
2025-05-12,681517,9,2,0,3.708787878787879,9.0,7,1
2025-05-12,683769,3,2,0,0.07,3.0,1,0
2025-05-12,685107,4,2,0,2.135152380952381,4.0,2,2
2025-05-12,687473,18,2,3,8.55188124390244,18.0,13,2
2025-05-12,689147,3,1,0,0.405,3.0,2,0
2025-05-12,689690,3,2,0,0.162,3.0,1,0
2025-05-12,694037,5,2,1,0.830497,5.0,2,0
2025-05-12,694973,25,6,3,7.7008812439024386,25.0,16,1
2025-05-12,695549,26,7,5,9.558942531468531,26.0,13,2
2025-05-12,700187,8,0,0,4.789467571428572,8.0,7,1
2025-05-12,801403,22,7,3,7.884500019034325,22.0,12,3
2025-05-12,806188,12,1,1,3.8944970000000003,12.0,10,0
2025-05-12,820862,4,0,0,0.958,4.0,4,0
2025-05-13,445276,2,0,1,2.595657,2.0,1,1
2025-05-13,455119,1,0,0,0.597,1.0,1,0
2025-05-13,458677,1,0,0,0.039,1.0,1,0
2025-05-13,472610,3,0,0,1.629,3.0,3,0
2025-05-13,500743,5,0,0,2.7268989898989897,5.0,5,2
2025-05-13,518585,3,3,0,0.0,3.0,0,0
2025-05-13,519151,1,1,0,0.0,1.0,0,0
2025-05-13,542888,3,3,0,0.0,3.0,0,0
2025-05-13,547973,3,1,0,0.213,3.0,2,0
2025-05-13,571948,8,0,0,3.173657894736842,8.0,8,1
2025-05-13,572955,4,1,0,1.503,4.0,3,0
2025-05-13,573009,8,1,1,2.6057351778656126,7.0,6,0
2025-05-13,573204,2,1,0,0.5664999999999999,2.0,1,0
2025-05-13,592094,3,0,0,1.2109393939393935,3.0,3,1
2025-05-13,592155,3,2,0,0.007,3.0,1,0
2025-05-13,592454,4,1,1,3.0544185686274514,4.0,2,1
2025-05-13,592662,28,9,3,6.925491,28.0,16,1
2025-05-13,592773,4,2,0,0.973,4.0,2,0
2025-05-13,593576,2,1,1,0.691497,2.0,0,0
2025-05-13,596133,6,3,0,0.9259090909090909,6.0,3,0
2025-05-13,605347,5,1,0,2.2821104285714284,5.0,3,1
2025-05-13,605488,28,4,2,9.252681423103214,28.0,22,3
2025-05-13,606303,6,1,1,2.248497,6.0,4,0
2025-05-13,607455,5,1,0,1.6353890000000002,5.0,3,1
2025-05-13,607536,25,5,1,8.80585502930622,25.0,19,3
2025-05-13,608331,20,5,2,7.256103542148053,20.0,13,2
2025-05-13,608665,4,0,1,0.8804970000000001,3.0,2,0
2025-05-13,621051,4,2,0,2.058,4.0,2,1
2025-05-13,621242,5,1,1,1.167497,5.0,3,0
2025-05-13,621244,25,4,3,9.50778,25.0,17,1
2025-05-13,621366,4,0,1,1.816497,4.0,3,0
2025-05-13,622786,5,0,1,2.651497,5.0,4,0
2025-05-13,623167,8,1,1,1.9948303333333335,8.0,6,0
2025-05-13,623474,4,0,0,0.8052889999999999,4.0,3,0
2025-05-13,641302,3,1,0,1.419,3.0,2,0
2025-05-13,641941,9,1,1,3.193039857142857,9.0,7,1
2025-05-13,642100,3,2,1,0.691497,3.0,0,0
2025-05-13,642207,3,0,0,0.244,2.0,3,0
2025-05-13,643338,4,1,0,0.9588260869565217,4.0,3,0
2025-05-13,643410,3,2,0,0.036,3.0,1,0
2025-05-13,647336,17,4,1,4.946392833333333,16.0,11,1
2025-05-13,650556,3,1,0,0.365,3.0,2,0
2025-05-13,655889,4,2,0,0.9822799999999998,4.0,2,1
2025-05-13,656302,25,10,1,5.436702574912893,25.0,14,1
2025-05-13,656420,11,2,0,5.243606060606061,11.0,9,1
2025-05-13,656464,4,0,0,1.117,4.0,4,0
2025-05-13,656546,6,1,1,3.8610969999999996,6.0,4,1
2025-05-13,656605,27,8,1,6.980580172147001,27.0,18,2
2025-05-13,657240,7,0,2,4.975691674418605,7.0,5,1
2025-05-13,657514,5,1,1,1.267,4.0,3,0
2025-05-13,657585,3,0,2,1.618994,3.0,1,0
2025-05-13,657612,2,0,0,1.26,2.0,2,0
2025-05-13,657649,1,0,0,0.018,1.0,1,0
2025-05-13,661403,3,2,0,0.086,3.0,1,0
2025-05-13,662253,5,1,0,1.4092889999999998,5.0,3,0
2025-05-13,663460,26,9,1,5.602230333333333,25.0,15,1
2025-05-13,663574,3,1,0,0.5756666666666667,3.0,2,0
2025-05-13,663947,6,2,0,0.351,6.0,4,0
2025-05-13,664076,4,1,0,1.0044444444444445,4.0,3,0
2025-05-13,664126,6,1,1,2.226497,6.0,4,0
2025-05-13,664285,29,7,1,8.390831681063123,29.0,20,2
2025-05-13,666171,6,1,3,2.398491,6.0,2,0
2025-05-13,666374,4,2,0,1.0270000000000001,4.0,2,0
2025-05-13,666661,7,2,1,2.1316684285714285,7.0,4,1
2025-05-13,666808,5,0,1,2.247497,5.0,4,0
2025-05-13,667755,27,5,3,8.636895761904762,26.0,19,3
2025-05-13,668674,4,1,0,0.524,4.0,3,0
2025-05-13,668820,3,1,0,0.341,3.0,2,0
2025-05-13,668933,4,1,0,1.3359999999999999,4.0,3,0
2025-05-13,668984,4,0,1,1.0594970000000001,4.0,3,0
2025-05-13,669020,2,0,1,1.072497,2.0,1,0
2025-05-13,669093,3,1,0,1.3956486486486483,3.0,2,1
2025-05-13,669276,3,1,0,1.128625,3.0,2,1
2025-05-13,669358,19,6,2,6.2556648074534165,19.0,11,2
2025-05-13,669371,3,2,0,0.003,3.0,1,0
2025-05-13,669622,3,1,0,0.10600000000000001,3.0,2,0
2025-05-13,669711,6,1,0,1.6544117647058825,6.0,5,1
2025-05-13,669724,5,1,0,1.112,5.0,4,0
2025-05-13,670036,3,2,0,0.186,3.0,1,0
2025-05-13,670167,1,0,0,0.7471000000000002,1.0,1,1
2025-05-13,670955,7,1,2,4.529994,7.0,4,1
2025-05-13,671096,22,7,0,3.6249565217391306,22.0,15,1
2025-05-13,671106,22,6,1,4.9694970000000005,22.0,15,0
2025-05-13,672456,16,3,1,4.9929087647058825,16.0,12,1
2025-05-13,672841,4,2,1,0.003,3.0,1,0
2025-05-13,673513,3,0,0,1.032,3.0,3,0
2025-05-13,673540,25,7,2,7.398328682860999,25.0,16,1
2025-05-13,673929,4,1,1,1.8323230869565217,4.0,2,0
2025-05-13,676428,7,3,0,2.387289,7.0,3,0
2025-05-13,676477,6,3,1,2.744125285714285,6.0,1,1
2025-05-13,676534,3,0,0,0.652,3.0,3,0
2025-05-13,676684,8,3,0,1.97,8.0,5,0
2025-05-13,676962,22,6,0,6.670146464646465,22.0,16,2
2025-05-13,678368,18,2,1,7.193786,18.0,14,1
2025-05-13,678394,21,4,2,6.369846941176471,21.0,15,1
2025-05-13,678692,7,2,1,1.192497,7.0,4,0
2025-05-13,680755,2,1,0,0.253,2.0,1,0
2025-05-13,680880,4,0,0,1.3777,4.0,4,0
2025-05-13,680885,27,3,2,8.794089890410959,27.0,22,1
2025-05-13,682254,1,0,0,0.002,1.0,1,0
2025-05-13,682825,2,0,1,0.821497,2.0,1,0
2025-05-13,682842,5,2,1,2.136075,5.0,0,0
2025-05-13,682990,17,3,2,4.350257157894736,17.0,12,0
2025-05-13,683004,22,5,3,7.396197551724138,22.0,14,2
2025-05-13,683232,2,0,0,0.07,2.0,2,0
2025-05-13,683769,3,0,0,0.253,3.0,3,0
2025-05-13,685126,3,1,0,0.455,3.0,2,0
2025-05-13,686563,22,6,0,4.359378244851259,22.0,15,0
2025-05-13,686580,3,3,0,0.0,3.0,0,0
2025-05-13,686993,4,1,0,1.324,4.0,3,0
2025-05-13,688642,5,1,1,2.4241279523809522,5.0,3,1
2025-05-13,689017,21,8,1,7.510469350230415,21.0,12,3
2025-05-13,689225,4,2,0,0.5293636363636364,4.0,2,0
2025-05-13,689254,5,1,0,1.8810338983050843,4.0,3,1
2025-05-13,690986,4,0,0,1.8871914893617023,4.0,4,1
2025-05-13,693433,23,6,0,6.395282896093482,23.0,17,3
2025-05-13,694297,21,3,3,8.327652452361454,21.0,15,3
2025-05-13,694350,1,1,0,0.0,1.0,0,0
2025-05-13,695418,11,4,1,3.698497,11.0,6,0
2025-05-13,702352,5,0,0,3.1501924482758623,5.0,4,1
2025-05-14,450203,12,4,1,3.138418568627452,12.0,7,1
2025-05-14,458677,3,0,0,0.516,3.0,3,0
2025-05-14,489446,4,1,0,0.89,4.0,3,0
2025-05-14,518397,5,0,1,2.142497,5.0,4,0
2025-05-14,518585,4,0,0,1.8956299090909092,4.0,3,1
2025-05-14,519141,3,1,0,1.289951219512195,3.0,2,1
2025-05-14,521230,3,1,0,1.5827142857142857,3.0,2,1
2025-05-14,543056,2,0,1,0.711497,2.0,1,0
2025-05-14,543243,20,4,1,9.08755480885781,20.0,15,3
2025-05-14,543294,24,4,1,7.250383363636364,24.0,19,2
2025-05-14,547179,27,5,1,8.36684994117647,27.0,21,1
2025-05-14,547973,4,1,1,1.506497,4.0,2,0
2025-05-14,554340,3,1,0,0.447,3.0,2,0
2025-05-14,554431,4,1,1,1.094497,4.0,2,0
2025-05-14,571578,23,9,1,6.007720987593052,23.0,12,2
2025-05-14,571927,8,1,0,2.463,8.0,7,0
2025-05-14,571946,7,1,2,2.9993349090909094,7.0,4,1
2025-05-14,592454,4,2,0,0.631,4.0,2,0
2025-05-14,592779,4,3,1,0.691497,4.0,0,0
2025-05-14,592791,22,7,0,6.843859487179487,22.0,15,3
2025-05-14,592836,14,2,1,4.801747,14.0,11,0
2025-05-14,593958,20,4,3,6.481491,20.0,13,0
2025-05-14,596001,6,1,0,2.743289,6.0,4,0
2025-05-14,596133,3,3,0,0.0,3.0,0,0
2025-05-14,605130,6,3,0,1.6654861111111112,6.0,3,1
2025-05-14,605135,25,6,2,7.185853119496855,24.0,16,2
2025-05-14,605280,25,4,1,10.161947004492667,25.0,20,4
2025-05-14,605400,24,2,1,11.647382714285715,24.0,21,2
2025-05-14,605447,3,3,0,0.0,3.0,0,0
2025-05-14,606160,7,3,0,1.8896341463414636,7.0,4,1
2025-05-14,607200,23,3,4,7.922988,23.0,16,1
2025-05-14,607481,5,0,0,1.549,5.0,5,0
2025-05-14,608032,4,1,1,1.640497,4.0,2,0
2025-05-14,608718,5,0,1,2.1902242727272734,4.0,4,1
2025-05-14,621051,1,0,0,0.021,1.0,1,0
2025-05-14,621053,8,1,2,3.7202176477732793,6.0,5,1
2025-05-14,621237,3,0,1,1.158497,3.0,2,0
2025-05-14,621383,4,1,0,0.9139999999999999,4.0,3,0
2025-05-14,622491,25,6,2,9.886955597542244,25.0,17,2
2025-05-14,622608,25,3,4,11.724815292110874,25.0,18,2
2025-05-14,622786,3,1,0,0.075,3.0,2,0
2025-05-14,623352,4,1,1,0.8534970000000001,4.0,2,0
2025-05-14,623437,3,0,0,1.8078380952380952,3.0,3,1
2025-05-14,640448,4,1,0,0.692,4.0,3,0
2025-05-14,641329,4,2,0,0.495,4.0,2,0
2025-05-14,641656,4,2,0,1.2747272727272732,4.0,2,1
2025-05-14,641745,4,1,0,0.8340000000000001,4.0,3,0
2025-05-14,641755,2,0,0,0.265,2.0,2,0
2025-05-14,641927,20,3,3,7.724169571428572,20.0,14,1
2025-05-14,642016,1,1,0,0.0,1.0,0,0
2025-05-14,642100,4,2,0,1.817606557377049,4.0,2,1
2025-05-14,642397,3,0,0,1.187,3.0,3,0
2025-05-14,642701,4,0,0,3.5935635439360936,4.0,4,2
2025-05-14,643377,5,2,1,1.336497,5.0,2,0
2025-05-14,650893,9,4,1,1.822497,9.0,4,0
2025-05-14,656271,2,0,1,0.875497,2.0,1,0
2025-05-14,656730,4,0,1,1.599497,4.0,3,1
2025-05-14,657044,4,2,0,0.501,4.0,2,0
2025-05-14,657649,4,0,1,2.336971999999999,4.0,3,1
2025-05-14,660853,4,0,1,1.9783303333333333,4.0,3,1
2025-05-14,660896,7,3,0,0.464,7.0,4,0
2025-05-14,661395,4,1,0,0.158,4.0,3,0
2025-05-14,663158,3,2,0,0.009,3.0,1,0
2025-05-14,663432,4,1,0,1.076,4.0,3,0
2025-05-14,663436,26,5,0,8.811594805310522,26.0,21,3
2025-05-14,663485,3,0,0,1.391909090909091,3.0,3,1
2025-05-14,663559,17,3,5,6.126800789473685,17.0,9,1
2025-05-14,663687,3,0,0,1.155,3.0,3,0
2025-05-14,663767,7,0,0,1.856,7.0,7,0
2025-05-14,663855,13,1,1,5.257433170212766,13.0,11,1
2025-05-14,663893,5,1,0,0.6669999999999999,5.0,4,0
2025-05-14,663947,3,0,1,2.117497,3.0,2,0
2025-05-14,664208,4,2,0,0.585,4.0,2,0
2025-05-14,665152,26,4,2,8.039425643625192,26.0,20,2
2025-05-14,666157,24,4,2,10.587252064516129,24.0,18,1
2025-05-14,666200,27,6,2,7.333283,27.0,18,0
2025-05-14,666974,6,2,1,1.9432697272727273,6.0,3,1
2025-05-14,667463,4,0,1,0.903497,4.0,3,0
2025-05-14,668909,20,6,1,6.329446438678047,20.0,13,3
2025-05-14,668941,4,1,0,1.229,4.0,3,0
2025-05-14,669062,3,0,0,0.259,3.0,3,0
2025-05-14,669194,14,5,2,4.554964149253731,13.0,6,1
2025-05-14,669199,3,1,0,0.5850000000000001,3.0,2,0
2025-05-14,669211,10,2,2,3.6389940000000003,10.0,6,0
2025-05-14,669371,3,1,1,1.056497,3.0,1,0
2025-05-14,669373,27,11,1,8.50384994117647,27.0,15,1
2025-05-14,669622,3,0,0,1.174,3.0,3,0
2025-05-14,670280,3,2,0,0.086,3.0,1,0
2025-05-14,670970,3,0,0,0.614,3.0,3,0
2025-05-14,671131,7,0,0,1.978,7.0,7,0
2025-05-14,671305,6,1,1,1.638497,6.0,4,0
2025-05-14,672282,5,2,1,0.779,4.0,2,0
2025-05-14,672335,4,0,1,1.647497,4.0,3,0
2025-05-14,672391,3,2,0,0.043,3.0,1,0
2025-05-14,672578,6,0,1,2.9604969999999997,6.0,5,0
2025-05-14,672841,4,2,0,2.154,4.0,2,1
2025-05-14,673380,3,1,0,0.11399999999999999,3.0,2,0
2025-05-14,673929,1,1,0,0.0,1.0,0,0
2025-05-14,676092,4,2,0,0.895,4.0,2,0
2025-05-14,676254,4,0,2,1.6839940000000002,4.0,2,0
2025-05-14,676282,8,0,1,3.1797250701754383,8.0,7,1
2025-05-14,676395,2,1,0,0.395,2.0,1,0
2025-05-14,676467,22,3,2,6.867789335115864,21.0,17,3
2025-05-14,676508,3,0,0,0.111,3.0,3,0
2025-05-14,676534,6,2,1,1.201497,6.0,3,0
2025-05-14,676684,5,1,0,1.591,5.0,4,0
2025-05-14,676961,11,4,1,4.167497,11.0,6,0
2025-05-14,677960,18,5,1,6.23934734965035,18.0,12,2
2025-05-14,678024,4,0,1,0.873497,4.0,3,0
2025-05-14,678606,5,1,0,1.962289,5.0,3,0
2025-05-14,679358,8,0,0,2.423,7.0,7,0
2025-05-14,680573,21,4,2,9.572715212121212,21.0,15,2
2025-05-14,680684,25,5,3,12.829759391229366,25.0,17,4
2025-05-14,680689,4,0,0,1.4509354838709676,4.0,4,1
2025-05-14,680730,20,6,2,6.729160666666666,20.0,12,1
2025-05-14,681190,23,5,1,6.403080743842365,23.0,17,2
2025-05-14,681869,6,3,0,0.72,6.0,3,0
2025-05-14,681892,5,0,0,1.284,5.0,5,0
2025-05-14,681911,3,1,0,0.015,3.0,2,0
2025-05-14,681982,5,2,0,1.5470000000000002,5.0,3,0
2025-05-14,682120,3,1,1,1.2579515454545454,3.0,1,0
2025-05-14,682842,1,0,0,0.059,1.0,1,0
2025-05-14,683232,3,0,0,0.6822499999999999,2.0,2,0
2025-05-14,683409,6,1,2,3.1092654285714287,6.0,3,1
2025-05-14,683627,3,1,0,0.313,3.0,2,0
2025-05-14,684320,3,1,0,0.656,3.0,2,0
2025-05-14,685126,4,0,0,1.2539090909090909,4.0,4,0
2025-05-14,686580,3,1,0,0.242,3.0,2,0
2025-05-14,686752,25,7,1,7.88517614979757,25.0,17,1
2025-05-14,686973,5,1,0,1.0850000000000002,5.0,4,0
2025-05-14,687849,6,1,1,2.288497,6.0,4,0
2025-05-14,687863,5,2,1,1.8416081111111111,5.0,2,1
2025-05-14,687911,4,1,1,0.696497,4.0,2,0
2025-05-14,688297,5,1,1,1.358497,5.0,3,0
2025-05-14,689147,2,1,0,0.005,2.0,1,0
2025-05-14,689690,3,0,1,0.9324970000000001,3.0,2,0
2025-05-14,690928,23,4,0,9.311530753968254,22.0,18,4
2025-05-14,693821,21,3,1,8.283014571428572,21.0,16,1
2025-05-14,694335,3,3,0,0.0,3.0,0,0
2025-05-14,694646,16,5,3,6.897386060606061,16.0,7,1
2025-05-14,700669,2,1,0,0.67435,2.0,1,0
2025-05-14,701542,21,9,1,6.117183177419355,21.0,10,2
2025-05-14,701656,19,7,1,5.173727769230769,19.0,11,1
2025-05-14,702352,9,2,1,2.345497,9.0,6,0
2025-05-14,806185,16,3,2,8.231337545454545,15.0,10,2
2025-05-14,808967,24,6,2,7.62868266995074,24.0,16,2
2025-05-14,820862,6,2,2,2.170994,6.0,2,0
2025-05-15,542888,4,0,1,0.770497,4.0,3,0
2025-05-15,570632,5,0,1,4.128839105263158,5.0,4,1
2025-05-15,572955,4,0,1,0.917497,4.0,3,0
2025-05-15,573124,6,1,1,2.3156905483870966,6.0,4,1
2025-05-15,592332,26,6,0,11.69545473816062,26.0,20,3
2025-05-15,592866,20,4,0,4.660289,20.0,15,0
2025-05-15,594798,30,7,1,8.351663075859625,30.0,22,2
2025-05-15,605177,3,0,1,1.397497,3.0,2,0
2025-05-15,605347,5,1,0,1.857,5.0,4,0
2025-05-15,607259,23,3,0,4.50025,23.0,20,0
2025-05-15,607455,3,1,1,0.802497,3.0,1,0
2025-05-15,608372,25,3,1,6.101424901472651,25.0,21,3
2025-05-15,622554,5,3,1,1.539497,5.0,1,0
2025-05-15,628452,3,0,0,0.297,3.0,3,0
2025-05-15,640902,8,1,1,2.892497,8.0,6,0
2025-05-15,641793,28,2,1,10.154485790213748,28.0,25,5
2025-05-15,642121,3,1,0,0.288,3.0,2,0
2025-05-15,655889,3,0,1,1.1444969999999999,3.0,2,0
2025-05-15,661395,5,1,0,1.496,5.0,4,0
2025-05-15,663978,23,3,1,6.355939846153846,23.0,18,0
2025-05-15,669060,27,3,1,14.457144155667649,27.0,23,4
2025-05-15,669276,5,0,0,2.5493636363636365,5.0,5,0
2025-05-15,669422,16,2,2,4.940669675675675,16.0,12,1
2025-05-15,669920,18,1,4,9.669710278669648,18.0,13,3
2025-05-15,672335,6,1,1,1.3594970000000002,6.0,4,0
2025-05-15,672782,3,1,1,0.9794970000000001,3.0,1,0
2025-05-15,674370,12,2,2,5.967605111111111,12.0,8,1
2025-05-15,680736,12,4,0,2.142,12.0,8,0
2025-05-15,680755,6,4,0,0.905,6.0,2,0
2025-05-15,682825,3,2,0,0.8055454545454543,3.0,1,1
2025-05-15,686613,27,9,0,6.07045276065398,27.0,18,1
2025-05-15,686973,5,2,0,1.448289,5.0,2,0
2025-05-15,687765,12,2,1,3.310697,12.0,9,1
2025-05-15,689254,3,0,0,1.319,3.0,3,0
2025-05-15,694350,2,1,0,0.475,2.0,1,0
2025-05-15,694363,7,1,1,2.449497,7.0,5,0
2025-05-15,695418,6,1,0,1.604,6.0,5,0
2025-05-15,700363,23,6,2,6.66893005882353,22.0,13,0
2025-05-16,445276,4,1,0,0.08,4.0,3,0
2025-05-16,472610,4,2,0,0.62,4.0,2,0
2025-05-16,518397,2,0,0,0.331,2.0,2,0
2025-05-16,519151,4,1,0,0.5750909090909092,4.0,3,0
2025-05-16,519242,26,8,2,8.001084830249768,25.0,15,3
2025-05-16,521230,4,1,2,1.449994,4.0,1,0
2025-05-16,542888,4,0,2,2.980943152542373,4.0,2,1
2025-05-16,543135,22,5,3,5.966713222222222,22.0,14,1
2025-05-16,543518,3,2,0,0.013,3.0,1,0
2025-05-16,571760,22,2,3,9.35984394117647,22.0,17,1
2025-05-16,571948,5,0,0,3.671822801788376,5.0,5,3
2025-05-16,573124,3,0,0,0.384,3.0,3,0
2025-05-16,573204,4,0,0,0.931,4.0,4,0
2025-05-16,592454,4,2,0,1.5959999999999999,4.0,2,1
2025-05-16,592779,5,3,0,1.7389999999999999,5.0,2,0
2025-05-16,593576,1,1,0,0.0,1.0,0,0
2025-05-16,593974,6,1,0,1.1099999999999999,6.0,5,0
2025-05-16,595897,1,0,0,0.307,1.0,1,0
2025-05-16,596133,1,0,0,0.002,1.0,1,0
2025-05-16,605177,4,1,1,1.631497,4.0,2,0
2025-05-16,605347,5,1,0,1.318,5.0,4,0
2025-05-16,605447,3,0,1,0.937497,3.0,2,0
2025-05-16,606303,4,1,0,0.325,4.0,3,0
2025-05-16,607074,21,5,4,6.539988,21.0,12,1
2025-05-16,608665,3,0,0,0.6223333333333333,3.0,3,0
2025-05-16,608717,10,1,1,3.164497,10.0,8,0
2025-05-16,612434,7,2,1,2.493497,7.0,4,0
2025-05-16,621121,19,2,1,7.178659035566584,19.0,15,2
2025-05-16,621237,2,1,0,0.168,2.0,1,0
2025-05-16,621366,3,0,2,2.105283,3.0,0,0
2025-05-16,623352,4,1,0,0.69835,4.0,3,0
2025-05-16,623474,10,1,1,2.351786,10.0,7,0
2025-05-16,624133,28,6,1,6.471433170212766,28.0,21,1
2025-05-16,628452,5,1,0,1.189289,5.0,3,0
2025-05-16,640448,3,1,0,0.833,3.0,2,0
2025-05-16,640454,7,2,0,1.9630384615384613,7.0,5,0
2025-05-16,641302,6,2,0,0.168,6.0,4,0
2025-05-16,641329,2,2,0,0.0,2.0,0,0
2025-05-16,641941,3,1,0,0.51675,3.0,2,0
2025-05-16,642016,5,1,3,2.505491,5.0,1,0
2025-05-16,642207,3,3,0,0.0,3.0,0,0
2025-05-16,642397,4,1,1,0.802497,4.0,2,0
2025-05-16,642528,4,0,0,0.803,4.0,4,0
2025-05-16,642585,5,0,2,2.240084909090909,5.0,3,0
2025-05-16,643338,4,1,0,1.7661785714285712,4.0,3,1
2025-05-16,643377,4,2,0,1.536,4.0,2,0
2025-05-16,643410,4,1,0,1.279,4.0,3,0
2025-05-16,650556,3,0,0,1.3115423728813562,3.0,3,1
2025-05-16,656427,21,6,1,6.642054954545454,21.0,14,2
2025-05-16,656457,2,1,0,0.619,2.0,1,0
2025-05-16,656464,4,2,1,0.802497,4.0,1,0
2025-05-16,656731,17,4,5,6.352485,16.0,7,0
2025-05-16,657240,3,1,0,0.856,3.0,2,0
2025-05-16,657277,30,4,2,7.944609384615385,30.0,24,0
2025-05-16,657514,3,0,3,2.074491,3.0,0,0
2025-05-16,657746,22,9,1,5.4086063463203455,22.0,11,2
2025-05-16,657756,13,1,1,4.092497,13.0,11,1
2025-05-16,660787,5,2,2,1.5029940000000002,5.0,1,0
2025-05-16,663432,3,0,1,1.510497,3.0,2,0
2025-05-16,663485,3,2,0,0.032,3.0,1,0
2025-05-16,663568,23,4,1,9.561762062388592,23.0,18,3
2025-05-16,663574,4,0,0,1.3676666666666668,4.0,4,1
2025-05-16,663738,2,0,0,0.066,2.0,2,0
2025-05-16,663893,4,2,1,0.781497,4.0,1,0
2025-05-16,663903,20,4,3,6.048301,20.0,13,2
2025-05-16,663969,6,0,0,1.525,6.0,6,0
2025-05-16,666142,20,7,0,4.270446808510638,20.0,13,1
2025-05-16,666171,4,0,1,3.434497,4.0,3,1
2025-05-16,666214,7,1,1,2.031497,7.0,5,0
2025-05-16,666808,3,3,0,0.0,3.0,0,0
2025-05-16,668390,10,1,0,2.34,10.0,9,0
2025-05-16,668820,10,1,0,2.179,10.0,9,0
2025-05-16,668933,4,0,0,0.478,3.0,4,0
2025-05-16,668984,3,2,0,0.007,3.0,1,0
2025-05-16,669020,4,1,0,0.742,4.0,3,0
2025-05-16,669022,23,9,2,8.771496298850574,23.0,12,2
2025-05-16,669160,24,8,2,8.354238666666667,24.0,12,1
2025-05-16,669199,5,1,0,2.035,5.0,4,0
2025-05-16,669203,23,10,3,5.482871952380953,23.0,10,1
2025-05-16,669211,5,1,0,2.984689,5.0,3,1
2025-05-16,669308,9,4,2,2.6023097894736846,9.0,3,1
2025-05-16,669371,1,1,0,0.0,1.0,0,0
2025-05-16,669467,28,4,0,7.6398214285714285,27.0,23,2
2025-05-16,669711,3,0,0,0.868,3.0,3,0
2025-05-16,669724,6,1,0,2.1570714285714288,6.0,5,1
2025-05-16,670036,8,3,1,1.984497,8.0,4,0
2025-05-16,670059,6,1,1,2.092497,6.0,4,0
2025-05-16,670102,25,6,2,8.66336341958042,25.0,16,2
2025-05-16,670167,5,0,0,2.8997714285714284,5.0,5,1
2025-05-16,671131,6,0,1,2.789808727272727,6.0,4,1
2025-05-16,671305,4,1,1,1.871284878787879,4.0,2,1
2025-05-16,671737,22,6,3,7.994922857142857,22.0,12,1
2025-05-16,672391,3,1,0,0.067,3.0,2,0
2025-05-16,672582,4,0,0,1.082,4.0,4,0
2025-05-16,672782,7,0,0,3.493146142857143,7.0,6,1
2025-05-16,672841,3,1,0,0.41000000000000003,3.0,2,0
2025-05-16,673380,5,0,1,2.320497,5.0,4,0
2025-05-16,676092,5,3,0,1.149289,5.0,1,0
2025-05-16,676130,7,1,1,2.343247,7.0,5,1
2025-05-16,676263,6,4,0,0.032,6.0,2,0
2025-05-16,676440,28,4,1,8.714341150943397,28.0,23,2
2025-05-16,676664,21,2,3,8.39006242857143,21.0,16,1
2025-05-16,676974,21,7,0,5.488,21.0,14,0
2025-05-16,676979,26,8,0,5.530166666666667,26.0,18,2
2025-05-16,678020,4,0,1,2.268497,4.0,3,0
2025-05-16,678226,4,1,1,1.204497,4.0,2,0
2025-05-16,678606,3,2,0,0.305,3.0,1,0
2025-05-16,678692,3,1,0,0.546,3.0,2,0
2025-05-16,679358,5,1,1,1.6211440588235295,5.0,3,0
2025-05-16,680880,4,1,1,1.5494970000000001,4.0,2,1
2025-05-16,681343,25,5,1,7.995121999999999,25.0,19,2
2025-05-16,681869,3,2,0,0.002,3.0,1,0
2025-05-16,682254,4,1,2,1.670994,4.0,1,0
2025-05-16,684320,4,0,1,1.7778606363636364,4.0,3,0
2025-05-16,685126,4,0,0,1.806289,4.0,3,0
2025-05-16,686799,25,5,4,7.315738,25.0,16,1
2025-05-16,687223,19,0,1,6.690325571428572,19.0,18,1
2025-05-16,687424,6,2,0,1.7378437499999997,6.0,4,1
2025-05-16,687911,3,1,0,0.203,3.0,2,0
2025-05-16,688138,25,3,1,8.733871269005848,25.0,21,1
2025-05-16,689225,5,0,0,1.9793571428571428,5.0,5,1
2025-05-16,689254,4,1,0,0.873,4.0,3,0
2025-05-16,690990,21,2,0,6.044804160688665,21.0,19,2
2025-05-16,694037,4,0,0,1.11,4.0,4,0
2025-05-16,694477,27,2,1,10.183852666666667,27.0,23,2
2025-05-16,700249,22,9,2,6.4082745194805195,21.0,10,2
2025-05-16,700669,8,2,0,2.5523902439024386,8.0,6,1
2025-05-16,702795,7,1,1,2.837497,7.0,5,0
2025-05-17,445276,5,0,0,1.516,5.0,5,0
2025-05-17,450203,16,6,1,3.8094970000000004,16.0,9,0
2025-05-17,455119,3,0,0,0.357,3.0,3,0
2025-05-17,472610,3,0,1,1.111497,3.0,2,0
2025-05-17,477132,20,2,3,9.979233307692308,20.0,15,1
2025-05-17,489446,5,0,1,2.6643095,5.0,4,1
2025-05-17,502043,9,1,1,4.403497,9.0,7,0
2025-05-17,518585,7,1,1,2.593786,7.0,4,0
2025-05-17,542881,23,4,0,8.166710568627451,23.0,18,2
2025-05-17,547973,5,3,1,1.596497,5.0,1,0
2025-05-17,554340,3,0,0,1.332,3.0,3,0
2025-05-17,554430,21,6,1,2.3544970000000003,21.0,14,0
2025-05-17,571510,22,8,0,5.713435282705099,22.0,14,2
2025-05-17,571945,22,4,2,7.288482416988417,22.0,16,1
2025-05-17,572955,3,0,0,2.2185689655172407,2.0,2,1
2025-05-17,592094,3,0,0,1.5061666666666669,3.0,3,1
2025-05-17,592155,1,1,0,0.0,1.0,0,0
2025-05-17,593576,3,0,2,2.4867082857142857,3.0,1,1
2025-05-17,595897,9,1,1,3.787497,9.0,7,0
2025-05-17,596001,4,1,0,2.715888888888889,4.0,3,1
2025-05-17,601713,21,7,1,4.622725070175438,21.0,13,1
2025-05-17,606160,4,1,0,2.6767192982456143,4.0,3,1
2025-05-17,606303,4,0,0,1.1746153846153846,4.0,4,0
2025-05-17,607481,3,0,0,1.331,3.0,3,0
2025-05-17,608337,22,3,2,10.822126575757576,22.0,17,3
2025-05-17,608566,22,1,3,7.02578,22.0,17,0
2025-05-17,608665,5,0,0,3.970085714285714,5.0,5,2
2025-05-17,608718,12,1,0,3.55,11.0,10,0
2025-05-17,621053,3,2,0,0.046,3.0,1,0
2025-05-17,621242,3,2,0,0.276,3.0,1,0
2025-05-17,621381,3,2,0,0.005,3.0,1,0
2025-05-17,621383,5,2,1,2.573103557377049,5.0,2,1
2025-05-17,622554,5,1,1,1.824159090909091,4.0,3,0
2025-05-17,622663,23,5,1,3.708497,23.0,17,0
2025-05-17,623211,5,1,0,0.863,5.0,4,0
2025-05-17,623437,6,1,1,2.535786,6.0,3,0
2025-05-17,641154,22,6,2,4.643994,22.0,14,0
2025-05-17,641302,6,1,0,2.012,6.0,5,0
2025-05-17,641745,4,1,1,0.827497,4.0,2,0
2025-05-17,641755,5,1,0,2.424,5.0,4,0
2025-05-17,641778,12,5,0,3.4763478639930256,12.0,7,2
2025-05-17,641816,24,3,2,10.343650642512078,24.0,19,4
2025-05-17,641941,3,1,0,0.594,3.0,2,0
2025-05-17,642100,5,2,0,1.061,5.0,3,0
2025-05-17,642239,8,3,0,1.279,8.0,5,0
2025-05-17,643338,4,0,1,2.0698606363636363,4.0,3,0
2025-05-17,643410,3,0,0,1.3446470588235295,3.0,3,0
2025-05-17,643511,3,0,0,0.739,3.0,3,0
2025-05-17,645261,23,3,2,7.352216333333333,23.0,17,1
2025-05-17,656222,7,0,3,3.348491,7.0,4,0
2025-05-17,656234,8,2,0,2.4643513513513517,8.0,6,1
2025-05-17,656288,24,4,1,9.057592365418895,24.0,19,3
2025-05-17,656464,1,0,0,0.061,1.0,1,0
2025-05-17,656546,3,0,1,0.774497,3.0,2,0
2025-05-17,656550,26,5,4,8.679204356382979,26.0,17,3
2025-05-17,656876,22,5,0,4.73225,22.0,17,0
2025-05-17,656945,3,2,0,0.251,3.0,1,0
2025-05-17,656986,5,1,1,2.709582106382979,5.0,3,1
2025-05-17,657044,7,1,0,2.687193548387097,7.0,6,1
2025-05-17,657097,5,2,2,1.404994,5.0,1,0
2025-05-17,657376,25,5,5,8.813485,25.0,15,1
2025-05-17,657514,3,1,0,0.29200000000000004,3.0,2,0
2025-05-17,657571,3,1,0,0.34500000000000003,3.0,2,0
2025-05-17,657585,6,0,3,4.197491,6.0,3,0
2025-05-17,657612,3,0,0,0.8852272727272728,3.0,3,1
2025-05-17,660853,3,0,0,0.8240000000000001,3.0,3,0
2025-05-17,660896,3,2,0,0.202,3.0,1,0
2025-05-17,661403,4,2,1,0.798497,4.0,1,0
2025-05-17,662253,4,1,0,0.228,3.0,2,0
2025-05-17,663432,3,1,0,0.718,3.0,2,0
2025-05-17,663574,4,0,0,0.9500000000000001,4.0,4,0
2025-05-17,663623,26,6,1,9.013902691056911,26.0,19,3
2025-05-17,663767,5,1,2,1.539994,5.0,2,0
2025-05-17,663893,3,2,0,0.129,3.0,1,0
2025-05-17,663947,3,0,1,0.813497,2.0,2,0
2025-05-17,664076,4,1,0,1.306,4.0,3,0
2025-05-17,664126,3,0,0,0.313,3.0,3,0
2025-05-17,664854,3,0,0,0.52,3.0,3,0
2025-05-17,666171,6,1,1,3.050497,6.0,4,0
2025-05-17,666214,9,2,1,3.7983184285714287,9.0,6,1
2025-05-17,666374,3,1,0,0.32,2.0,1,0
2025-05-17,666661,4,1,0,0.21,4.0,3,0
2025-05-17,666808,4,2,1,1.209497,4.0,1,0
2025-05-17,666974,3,0,0,1.3002889999999998,2.0,2,0
2025-05-17,668678,25,5,2,11.324530871840619,24.0,17,6
2025-05-17,668933,3,2,0,0.058,3.0,1,0
2025-05-17,668964,21,4,0,8.998754408793618,21.0,17,2
2025-05-17,668984,3,1,0,0.93,3.0,2,0
2025-05-17,669093,2,2,0,0.0,2.0,0,0
2025-05-17,669199,4,1,0,1.238,4.0,3,0
2025-05-17,669387,18,2,1,6.658892061728395,18.0,15,1
2025-05-17,669724,5,0,1,1.701,4.0,4,0
2025-05-17,669854,26,5,3,8.434129157894738,26.0,18,2
2025-05-17,670955,4,0,0,0.988,4.0,4,0
2025-05-17,670970,3,1,0,1.9365,3.0,2,1
2025-05-17,671922,4,3,0,0.365,4.0,1,0
2025-05-17,672282,10,2,2,3.082994,10.0,6,0
2025-05-17,672335,8,3,0,0.689,8.0,5,0
2025-05-17,672578,3,1,0,0.8280000000000001,3.0,2,0
2025-05-17,672582,3,0,0,0.9490000000000001,3.0,3,0
2025-05-17,673513,2,0,0,0.612,2.0,2,0
2025-05-17,674444,5,1,0,0.442,5.0,4,0
2025-05-17,676106,21,3,1,8.265247,21.0,17,1
2025-05-17,676254,3,0,0,0.5363636363636364,2.0,2,0
2025-05-17,676282,1,1,0,0.0,1.0,0,0
2025-05-17,676395,3,0,0,0.22,3.0,3,0
2025-05-17,676477,4,0,1,1.6449107931034483,4.0,3,1
2025-05-17,676508,10,2,0,4.472771428571429,10.0,8,1
2025-05-17,676684,3,1,0,0.779,3.0,2,0
2025-05-17,677944,20,8,0,5.7068522796352585,20.0,12,2
2025-05-17,678020,4,0,1,0.846497,4.0,3,0
2025-05-17,678024,13,2,5,4.409988,12.0,6,0
2025-05-17,678495,3,1,0,0.08800000000000001,3.0,2,0
2025-05-17,678606,6,0,0,1.661,6.0,6,0
2025-05-17,680689,8,1,0,2.0493333333333332,8.0,7,0
2025-05-17,680732,27,4,5,10.181485,26.0,17,1
2025-05-17,681517,7,0,0,2.750038461538461,7.0,7,0
2025-05-17,681857,19,6,1,2.563497,19.0,12,0
2025-05-17,681892,3,1,0,0.444,3.0,2,0
2025-05-17,681911,4,0,0,1.534826086956522,4.0,4,1
2025-05-17,681982,6,2,1,2.071519727272727,6.0,3,1
2025-05-17,682825,3,1,0,0.269,3.0,2,0
2025-05-17,683409,7,1,0,3.585477732793522,7.0,6,2
2025-05-17,684320,6,0,0,1.1119999999999999,6.0,6,0
2025-05-17,686993,7,2,1,1.644497,7.0,4,0
2025-05-17,687473,6,1,2,1.8299940000000001,6.0,3,0
2025-05-17,687863,4,1,0,0.507,4.0,3,0
2025-05-17,688642,3,2,0,0.045,3.0,1,0
2025-05-17,689225,3,0,2,1.561994,3.0,1,0
2025-05-17,689690,5,1,2,2.258994,5.0,2,0
2025-05-17,694037,4,2,0,0.694,4.0,2,0
2025-05-17,694350,7,1,0,4.079951219512195,7.0,6,1
2025-05-17,694363,4,0,1,0.7470000000000001,3.0,3,0
2025-05-17,694738,25,5,2,7.046751575757575,25.0,18,2
2025-05-17,695243,5,1,3,1.382994,3.0,1,0
2025-05-17,702070,21,3,0,4.518517241379311,21.0,18,1
2025-05-17,806188,12,2,0,3.636,12.0,10,0
2025-05-18,434378,20,1,5,9.398857180451127,20.0,14,2
2025-05-18,472610,4,1,0,2.21,4.0,3,0
2025-05-18,518876,24,11,3,5.291866,24.0,10,1
2025-05-18,519141,3,1,0,0.5,3.0,2,0
2025-05-18,519151,3,0,0,0.888,3.0,3,0
2025-05-18,554340,4,0,1,1.5274969999999999,4.0,3,0
2025-05-18,571946,6,1,1,2.1,5.0,4,0
2025-05-18,573124,1,1,0,0.0,1.0,0,0
2025-05-18,579328,24,7,4,7.4666799642857145,24.0,13,1
2025-05-18,592426,4,1,1,0.789497,4.0,2,0
2025-05-18,592454,4,1,0,0.40099999999999997,4.0,3,0
2025-05-18,592773,5,1,1,2.177497,5.0,3,0
2025-05-18,592779,3,1,0,0.020999999999999998,3.0,2,0
2025-05-18,593974,5,2,1,1.000497,5.0,2,0
2025-05-18,605130,4,0,0,1.5750000000000002,4.0,4,0
2025-05-18,605154,4,2,2,1.382994,4.0,0,0
2025-05-18,605177,2,1,1,0.691497,2.0,0,0
2025-05-18,605347,4,1,0,0.8199090909090909,4.0,3,0
2025-05-18,605447,3,3,0,0.0,3.0,0,0
2025-05-18,605488,22,5,0,6.369125,22.0,17,2
2025-05-18,607067,20,3,2,8.17469161904762,20.0,15,3
2025-05-18,607455,8,2,0,2.5365750000000005,8.0,6,1
2025-05-18,608032,4,0,0,2.617843454790823,4.0,4,1
2025-05-18,608331,23,8,2,5.171994,22.0,13,1
2025-05-18,608379,23,6,0,7.894856557377049,22.0,17,2
2025-05-18,612434,7,0,1,1.774497,7.0,6,0
2025-05-18,615698,19,6,2,5.114994,19.0,11,0
2025-05-18,621051,4,1,0,0.393,4.0,3,0
2025-05-18,621053,5,0,1,1.9871123846153846,4.0,4,0
2025-05-18,621107,27,4,0,8.32788887765179,26.0,21,3
2025-05-18,621244,27,4,1,11.031855903400647,27.0,21,3
2025-05-18,621381,3,2,0,0.0,3.0,1,0
2025-05-18,622786,3,1,0,0.993,3.0,2,0
2025-05-18,623211,6,1,2,2.365994,6.0,3,0
2025-05-18,623352,3,2,0,0.071,3.0,1,0
2025-05-18,623437,3,0,0,0.7263333333333333,3.0,3,0
2025-05-18,641312,9,3,0,1.9558285714285717,9.0,6,1
2025-05-18,641329,4,3,0,2.0,4.0,1,1
2025-05-18,641745,4,1,0,1.065289,4.0,2,0
2025-05-18,641755,4,1,2,1.818994,4.0,1,0
2025-05-18,641941,5,2,0,0.98,5.0,3,0
2025-05-18,642121,7,2,0,0.422,7.0,5,0
2025-05-18,642152,7,2,1,1.397497,7.0,4,0
2025-05-18,642207,3,1,0,0.9570000000000001,3.0,2,0
2025-05-18,642528,5,2,1,0.9724970000000001,5.0,2,0
2025-05-18,642547,23,5,2,7.847056848484849,23.0,14,2
2025-05-18,647336,25,8,0,7.068401844532279,25.0,17,1
2025-05-18,650556,5,0,1,3.582448219512195,5.0,4,2
2025-05-18,650633,24,8,1,5.666226639715123,24.0,15,3
2025-05-18,650893,4,1,1,1.6895636666666665,4.0,2,1
2025-05-18,656240,4,1,0,1.1949999999999998,4.0,3,0
2025-05-18,656271,4,1,0,1.495289,4.0,2,0
2025-05-18,656464,3,2,0,0.204,3.0,1,0
2025-05-18,656730,3,2,0,0.042,3.0,1,0
2025-05-18,656794,20,4,2,10.24070034920635,20.0,14,3
2025-05-18,656849,26,4,4,5.366491,25.0,18,0
2025-05-18,657240,5,1,0,2.2655454545454545,5.0,4,1
2025-05-18,657612,3,0,0,1.058,3.0,3,0
2025-05-18,657649,5,0,0,1.6640000000000001,5.0,5,0
2025-05-18,660825,5,0,2,1.903994,5.0,3,0
2025-05-18,660896,4,0,1,1.119497,4.0,3,0
2025-05-18,663465,7,0,0,1.585,7.0,7,0
2025-05-18,663485,6,1,0,1.031,6.0,5,0
2025-05-18,663574,4,0,0,0.355,4.0,4,0
2025-05-18,663738,4,0,0,1.858289,4.0,3,0
2025-05-18,664062,21,3,5,9.893988395585739,21.0,13,2
2025-05-18,664285,28,8,1,7.575145829431438,27.0,18,0
2025-05-18,668674,7,1,1,2.738786,7.0,4,0
2025-05-18,668941,5,1,1,0.969,4.0,3,0
2025-05-18,669020,8,0,0,1.868,8.0,8,0
2025-05-18,669062,4,2,0,0.7050000000000001,4.0,2,0
2025-05-18,669211,5,2,0,0.602,5.0,3,0
2025-05-18,669276,4,1,0,0.6749999999999999,4.0,3,0
2025-05-18,669308,5,2,0,1.4025409836065577,5.0,3,1
2025-05-18,669358,28,2,3,12.637955920898765,28.0,22,3
2025-05-18,669371,3,0,0,0.884289,3.0,2,0
2025-05-18,669461,26,5,1,7.108786,26.0,19,0
2025-05-18,669622,3,0,0,0.22299999999999998,3.0,3,0
2025-05-18,669704,5,1,0,1.2384545454545455,5.0,4,0
2025-05-18,670167,3,0,0,0.587,3.0,3,0
2025-05-18,671096,22,5,3,4.97478,22.0,13,0
2025-05-18,672841,4,0,0,2.037,4.0,4,0
2025-05-18,673513,3,0,3,2.074491,3.0,0,0
2025-05-18,676254,3,1,0,0.778,3.0,2,0
2025-05-18,676395,5,0,1,1.8061636666666667,5.0,4,0
2025-05-18,676428,1,1,0,0.0,1.0,0,0
2025-05-18,676534,3,2,0,0.206,3.0,1,0
2025-05-18,676684,4,1,0,0.46900000000000003,4.0,3,0
2025-05-18,678394,27,3,5,11.470485,27.0,19,0
2025-05-18,678495,3,0,0,0.34099999999999997,3.0,3,0
2025-05-18,678692,4,1,0,0.889,4.0,3,0
2025-05-18,680755,5,1,0,2.3129999999999997,5.0,4,0
2025-05-18,680880,1,0,0,0.005,1.0,1,0
2025-05-18,680885,28,3,1,8.860354142857142,27.0,23,2
2025-05-18,682825,4,0,1,1.995497,4.0,3,0
2025-05-18,682842,3,2,0,0.251,3.0,1,0
2025-05-18,682847,23,7,2,8.047094,23.0,14,1
2025-05-18,683004,25,4,2,7.541136857142857,25.0,19,1
2025-05-18,683232,4,0,0,2.1718809523809526,4.0,4,1
2025-05-18,683769,4,2,0,1.1662580645161291,4.0,2,1
2025-05-18,685126,5,2,0,1.726,5.0,3,0
2025-05-18,686563,20,3,0,7.09209090909091,20.0,17,3
2025-05-18,686993,2,0,1,0.782497,2.0,1,0
2025-05-18,688297,5,0,0,2.3414545454545452,4.0,4,0
2025-05-18,689147,4,0,1,1.502497,4.0,3,0
2025-05-18,689254,4,1,1,0.9804970000000001,4.0,2,0
2025-05-18,689690,4,0,0,1.6066562500000001,4.0,4,1
2025-05-18,690953,22,9,0,5.26125,22.0,13,0
2025-05-18,693433,25,5,0,7.030304659498207,25.0,20,2
2025-05-18,694973,28,9,1,5.227497,27.0,17,0
2025-05-18,695418,4,0,0,1.979393939393939,4.0,4,1
2025-05-18,695549,25,5,2,7.866620262626262,25.0,18,2
2025-05-18,702352,6,1,0,1.089,6.0,5,0
2025-05-18,801403,20,6,2,5.960982300699301,20.0,11,2
2025-05-18,805673,17,5,3,6.0224910000000005,16.0,9,0
2025-05-19,445276,4,1,0,0.766,4.0,3,0
2025-05-19,458677,4,1,1,2.1404671492537313,4.0,2,1
2025-05-19,518397,8,0,0,6.247446808510638,8.0,8,2
2025-05-19,519141,4,1,0,3.1591309523809534,4.0,3,2
2025-05-19,519151,4,1,0,1.022,4.0,3,0
2025-05-19,543243,21,10,1,4.270258904761905,21.0,10,1
2025-05-19,543518,3,1,0,0.8547,3.0,2,0
2025-05-19,547973,3,1,0,0.773,3.0,2,0
2025-05-19,571946,1,0,0,0.057,1.0,1,0
2025-05-19,573204,3,1,0,0.183,3.0,2,0
2025-05-19,592155,4,1,1,1.6212338421052632,4.0,2,0
2025-05-19,592662,26,7,1,5.832747,25.0,17,0
2025-05-19,593576,3,1,0,0.71975,3.0,2,0
2025-05-19,596001,9,0,2,4.8019940000000005,9.0,7,0
2025-05-19,605130,3,1,0,0.273,3.0,2,0
2025-05-19,605154,6,0,0,3.306114971050455,6.0,6,2
2025-05-19,605452,4,0,0,0.857,3.0,4,0
2025-05-19,607536,24,6,2,6.690279714285714,24.0,16,0
2025-05-19,608032,4,1,0,0.915,4.0,3,0
2025-05-19,608718,3,0,0,0.368,3.0,3,0
2025-05-19,620454,5,0,1,2.026497,5.0,4,0
2025-05-19,621383,3,1,0,1.2186250000000003,3.0,2,1
2025-05-19,621512,6,0,0,1.129289,6.0,5,0
2025-05-19,622491,24,5,0,7.0356118279569895,24.0,19,3
2025-05-19,622554,4,1,2,1.509994,4.0,1,0
2025-05-19,622786,5,0,1,2.467497,5.0,4,0
2025-05-19,623352,4,0,0,1.087,4.0,3,0
2025-05-19,640454,1,0,0,0.018,1.0,1,0
2025-05-19,641927,12,3,0,3.181351351351352,12.0,9,1
2025-05-19,642239,3,2,0,0.367,3.0,1,0
2025-05-19,642397,4,0,0,0.378,4.0,4,0
2025-05-19,643511,5,0,0,1.770787878787879,5.0,5,1
2025-05-19,650556,5,0,0,1.087,5.0,5,0
2025-05-19,650911,24,7,0,7.1292,24.0,17,2
2025-05-19,655889,6,0,0,1.059,6.0,6,0
2025-05-19,656234,6,0,0,1.431,6.0,6,0
2025-05-19,656605,24,5,1,5.697872,24.0,18,0
2025-05-19,656730,4,0,1,1.6809515454545454,4.0,3,0
2025-05-19,657044,6,0,1,2.467497,6.0,5,0
2025-05-19,657571,3,2,0,0.057,3.0,1,0
2025-05-19,657649,1,1,0,0.0,1.0,0,0
2025-05-19,657746,19,4,2,6.138695298701299,19.0,13,3
2025-05-19,661395,5,1,0,2.4644390243902436,5.0,4,1
2025-05-19,662253,1,1,0,0.0,1.0,0,0
2025-05-19,663436,27,3,1,4.970497,27.0,23,0
2025-05-19,663460,25,5,3,5.898491,24.0,16,0
2025-05-19,663465,7,1,1,1.486,5.0,5,0
2025-05-19,663738,3,0,0,1.824,3.0,3,1
2025-05-19,663855,5,0,1,3.1764970000000003,4.0,4,0
2025-05-19,665152,26,6,2,8.68174151552795,26.0,18,2
2025-05-19,665795,21,7,1,6.277997,21.0,13,2
2025-05-19,666157,24,7,1,6.953030791666667,24.0,15,2
2025-05-19,666171,4,0,1,1.7817859999999999,4.0,2,0
2025-05-19,666661,4,1,0,0.887289,4.0,2,0
2025-05-19,666974,5,0,1,1.523497,5.0,4,0
2025-05-19,667463,6,1,0,2.095,6.0,5,0
2025-05-19,667755,29,4,4,8.516110333333334,28.0,18,1
2025-05-19,668941,3,1,0,0.506,3.0,2,0
2025-05-19,669372,18,7,0,8.292057947132394,18.0,10,3
2025-05-19,669422,8,1,0,2.89925,8.0,7,1
2025-05-19,669711,5,2,1,1.315497,5.0,2,0
2025-05-19,670059,9,1,2,4.244994,9.0,6,0
2025-05-19,670167,3,1,0,0.861,3.0,2,0
2025-05-19,670280,5,2,0,2.0110958904109593,5.0,3,1
2025-05-19,671106,13,3,1,4.104497,13.0,9,0
2025-05-19,671305,6,3,0,0.685,6.0,3,0
2025-05-19,671922,5,0,0,1.971289,5.0,4,0
2025-05-19,672456,27,3,2,8.209717362658846,27.0,22,2
2025-05-19,672578,3,1,0,0.11,3.0,2,0
2025-05-19,672782,7,1,1,3.3113230869565218,7.0,5,1
2025-05-19,673540,27,5,3,6.850491,27.0,19,0
2025-05-19,674944,3,0,0,1.8719999999999999,3.0,3,0
2025-05-19,676092,3,2,0,0.007,3.0,1,0
2025-05-19,676130,4,0,0,2.0631739130434785,4.0,4,1
2025-05-19,676263,10,1,1,2.596497,10.0,8,0
2025-05-19,676282,9,4,2,1.477994,9.0,3,0
2025-05-19,676467,21,7,0,3.8701935483870966,21.0,14,1
2025-05-19,676962,21,8,0,8.032915018315018,21.0,13,4
2025-05-19,678020,7,1,0,3.6045423728813564,7.0,6,1
2025-05-19,678368,12,1,1,4.11815325,12.0,10,1
2025-05-19,678692,4,1,1,1.181,3.0,2,1
2025-05-19,679358,3,1,0,0.087,3.0,2,0
2025-05-19,680689,3,0,0,0.806,3.0,3,0
2025-05-19,682254,3,0,0,1.177289,3.0,2,0
2025-05-19,682842,5,3,1,1.619497,5.0,1,0
2025-05-19,682990,21,2,1,8.10951521386604,21.0,18,2
2025-05-19,683232,3,1,1,2.363247000000001,3.0,1,1
2025-05-19,686580,4,1,0,0.357,4.0,3,0
2025-05-19,686752,25,2,1,10.738216786096256,24.0,21,2
2025-05-19,687765,10,3,0,2.35540625,10.0,7,1
2025-05-19,687911,6,2,1,0.7424970000000001,5.0,2,0
2025-05-19,689017,23,3,2,8.954618226348364,23.0,18,3
2025-05-19,690928,18,2,1,6.050160533834586,18.0,15,1
2025-05-19,694037,5,1,1,1.929497,5.0,3,0
2025-05-19,694297,22,0,1,11.64740421643123,22.0,21,6
2025-05-19,700187,6,0,2,2.580994,6.0,4,0
2025-05-19,700669,6,0,1,1.3704969999999999,6.0,5,0
2025-05-20,445276,5,2,0,1.832,5.0,3,0
2025-05-20,458677,3,2,1,0.691497,3.0,0,0
2025-05-20,519326,3,0,0,0.6426666666666666,3.0,3,0
2025-05-20,543294,26,3,0,10.192010103896104,26.0,22,3
2025-05-20,547179,23,5,1,7.784166952380953,23.0,16,2
2025-05-20,547973,3,0,0,0.5720000000000001,3.0,3,0
2025-05-20,571578,21,3,2,8.257347174603176,20.0,15,3
2025-05-20,571927,8,2,0,1.7519354838709678,8.0,6,1
2025-05-20,571946,6,0,2,2.051289,4.0,3,0
2025-05-20,592155,3,1,1,0.791497,3.0,1,0
2025-05-20,592454,3,1,0,0.074,3.0,2,0
2025-05-20,592791,27,2,3,6.963461149253732,27.0,22,1
2025-05-20,593974,4,1,1,0.839497,4.0,2,0
2025-05-20,595345,4,0,0,2.239289,4.0,3,0
2025-05-20,596133,1,0,0,0.014,1.0,1,0
2025-05-20,596271,20,2,0,8.645100694444444,20.0,18,2
2025-05-20,605135,23,6,1,6.877042454545455,23.0,16,2
2025-05-20,605280,25,5,3,8.123251326164874,24.0,16,1
2025-05-20,605288,21,2,3,6.329491,21.0,16,0
2025-05-20,605347,2,0,0,0.42900000000000005,2.0,2,0
2025-05-20,606160,4,1,1,1.114497,4.0,2,0
2025-05-20,606303,3,0,0,1.822166666666667,3.0,3,1
2025-05-20,607200,20,2,0,8.483119488742965,20.0,18,4
2025-05-20,607259,22,3,2,6.676283,21.0,15,0
2025-05-20,607455,1,0,0,0.044,1.0,1,0
2025-05-20,607481,6,0,1,1.192497,6.0,5,0
2025-05-20,608665,4,2,0,0.8820000000000001,4.0,2,0
2025-05-20,614179,5,0,0,1.327,5.0,5,0
2025-05-20,621051,3,0,0,1.1102889999999999,3.0,2,0
2025-05-20,621111,10,4,1,3.2232464285714286,10.0,3,1
2025-05-20,622608,29,3,1,8.197330333333333,28.0,24,2
2025-05-20,623167,7,0,0,3.352,7.0,7,0
2025-05-20,623474,13,2,0,5.467676923076923,13.0,11,1
2025-05-20,640448,3,0,0,0.455,3.0,3,0
2025-05-20,641302,7,2,0,2.232,7.0,5,0
2025-05-20,641329,4,1,0,0.612,4.0,3,0
2025-05-20,641656,5,0,1,1.949497,5.0,4,0
2025-05-20,641793,23,6,0,8.003021362082363,23.0,16,3
2025-05-20,642100,3,3,0,0.0,3.0,0,0
2025-05-20,642207,4,2,0,0.557,4.0,2,0
2025-05-20,642585,5,1,1,2.50252825,5.0,3,1
2025-05-20,642701,3,0,0,0.889,3.0,3,0
2025-05-20,643410,4,2,0,1.0809565217391306,4.0,2,1
2025-05-20,655889,4,1,0,0.592,4.0,3,0
2025-05-20,656222,4,0,0,0.978,4.0,4,0
2025-05-20,656271,1,0,0,0.461,1.0,1,0
2025-05-20,656302,24,6,1,6.4802464929006085,23.0,17,2
2025-05-20,656464,5,2,2,1.391994,5.0,1,0
2025-05-20,656546,3,1,0,0.7070000000000001,3.0,2,0
2025-05-20,656945,9,2,0,3.1403833333333333,9.0,7,1
2025-05-20,657097,4,1,0,0.338,4.0,3,0
2025-05-20,657514,7,0,1,3.2710851006864994,7.0,6,2
2025-05-20,657649,4,1,0,0.32399999999999995,4.0,3,0
2025-05-20,663559,24,5,0,4.3537083333333335,24.0,19,1
2025-05-20,663687,4,1,0,2.4116416666666667,4.0,3,2
2025-05-20,663893,3,1,0,0.439,3.0,2,0
2025-05-20,663947,4,0,0,1.1179999999999999,4.0,4,0
2025-05-20,664076,4,2,1,0.691497,3.0,0,0
2025-05-20,664126,4,2,0,0.483,4.0,2,0
2025-05-20,666200,23,10,3,5.801491,23.0,10,0
2025-05-20,666661,4,1,0,0.806,4.0,3,0
2025-05-20,666808,2,1,0,0.231,2.0,1,0
2025-05-20,668820,7,2,0,2.602222222222222,7.0,5,1
2025-05-20,668984,5,1,1,1.280497,5.0,3,0
2025-05-20,669020,4,0,1,2.5338499411764706,4.0,3,1
2025-05-20,669194,18,2,1,7.461485095238095,18.0,15,3
2025-05-20,669199,6,2,0,3.1489590643274856,6.0,4,1
2025-05-20,669211,4,2,1,1.072497,4.0,1,0
2025-05-20,669276,6,0,1,2.182497,6.0,5,0
2025-05-20,669371,3,0,0,0.736,3.0,3,0
2025-05-20,669373,23,8,1,6.924459250813816,23.0,14,4
2025-05-20,669711,3,0,0,1.033,3.0,3,0
2025-05-20,669724,3,0,0,0.98,3.0,3,0
2025-05-20,670280,3,0,0,0.751,3.0,3,0
2025-05-20,670955,3,2,0,0.076,3.0,1,0
2025-05-20,672282,4,1,0,1.6380000000000001,4.0,3,0
2025-05-20,672335,2,0,0,0.42000000000000004,2.0,2,0
2025-05-20,672391,5,0,1,1.550497,5.0,4,0
2025-05-20,672582,1,0,0,0.046,1.0,1,0
2025-05-20,672841,3,2,0,0.23,3.0,1,0
2025-05-20,673929,4,2,0,0.792,4.0,2,0
2025-05-20,674444,3,0,0,1.5110000000000001,3.0,3,0
2025-05-20,675911,19,3,1,8.028075,19.0,13,1
2025-05-20,676254,3,0,0,0.121,3.0,3,0
2025-05-20,676477,4,1,0,1.5179999999999998,4.0,3,0
2025-05-20,676508,1,1,0,0.0,1.0,0,0
2025-05-20,676534,6,0,1,2.958497,6.0,5,0
2025-05-20,676661,9,1,0,3.828227272727273,9.0,8,1
2025-05-20,676684,5,1,2,2.341994,5.0,2,0
2025-05-20,676961,10,2,1,4.446080333333333,10.0,7,1
2025-05-20,677960,19,4,0,4.371955555555556,18.0,14,1
2025-05-20,678495,4,3,1,0.691497,4.0,0,0
2025-05-20,678606,3,0,0,0.657,3.0,3,0
2025-05-20,680684,22,5,2,9.87264992137592,22.0,15,5
2025-05-20,680689,6,0,1,0.988,5.0,5,0
2025-05-20,680730,22,4,1,7.029652701754387,22.0,17,2
2025-05-20,680742,5,1,1,1.207497,5.0,3,0
2025-05-20,680880,3,1,0,0.224,3.0,2,0
2025-05-20,681517,6,1,0,2.2809984051036682,6.0,5,2
2025-05-20,681869,8,0,2,1.8209940000000002,8.0,6,0
2025-05-20,681895,3,2,1,0.691497,3.0,0,0
2025-05-20,681911,5,1,1,0.8039999999999999,4.0,3,0
2025-05-20,682825,6,1,1,1.919786,6.0,3,0
2025-05-20,682842,3,3,0,0.0,3.0,0,0
2025-05-20,684320,3,0,0,1.3674062500000002,3.0,3,1
2025-05-20,685126,3,1,0,0.23700000000000002,3.0,2,0
2025-05-20,686580,4,0,0,0.862,4.0,4,0
2025-05-20,686993,6,1,0,1.976289,6.0,4,0
2025-05-20,687424,7,1,1,2.8460487804878047,6.0,5,1
2025-05-20,687888,18,5,1,3.9594970000000003,18.0,12,0
2025-05-20,690986,5,2,0,1.149,5.0,3,0
2025-05-20,691594,9,0,0,5.549492452830188,9.0,9,1
2025-05-20,694646,23,2,5,9.536325384615385,22.0,16,3
2025-05-20,701542,23,10,1,3.6218303333333335,23.0,12,0
2025-05-20,701656,19,7,2,4.670994,19.0,10,0
2025-05-20,806185,19,4,0,4.707,19.0,15,0
2025-05-20,806188,9,1,1,3.358497,9.0,7,0
2025-05-20,808967,24,9,2,3.262744,23.0,12,1
2025-05-21,518397,4,0,0,0.8160000000000001,4.0,4,0
2025-05-21,521230,5,2,0,1.651,5.0,3,0
2025-05-21,552640,3,1,0,0.8200000000000001,3.0,2,0
2025-05-21,570632,9,1,0,2.094666666666667,9.0,8,0
2025-05-21,571760,20,4,2,5.335994,20.0,14,0
2025-05-21,573124,4,3,0,0.045,4.0,1,0
2025-05-21,573204,4,0,1,1.764497,4.0,3,0
2025-05-21,592332,24,9,0,3.7516666666666665,24.0,15,0
2025-05-21,592426,3,0,0,3.128,3.0,3,1
2025-05-21,592836,23,2,2,6.8586815,21.0,18,1
2025-05-21,593576,3,0,0,0.38,3.0,3,0
2025-05-21,594798,25,9,1,6.746880948928409,25.0,15,2
2025-05-21,595345,1,0,0,0.094,1.0,1,0
2025-05-21,596133,2,0,0,0.937,2.0,2,1
2025-05-21,605452,8,3,0,1.992,8.0,5,0
2025-05-21,606303,3,1,1,1.562497,3.0,1,0
2025-05-21,608372,24,3,1,6.742774298850574,24.0,20,2
2025-05-21,612434,4,0,1,1.733786,4.0,2,0
2025-05-21,621051,4,0,1,1.284497,4.0,3,0
2025-05-21,621053,6,1,0,0.75,6.0,5,0
2025-05-21,621242,4,1,1,0.840497,4.0,2,0
2025-05-21,621383,3,1,0,1.1397083333333335,3.0,2,1
2025-05-21,622554,3,1,0,0.221,3.0,2,0
2025-05-21,623211,7,4,0,0.65,7.0,3,0
2025-05-21,640454,7,1,1,2.5533184285714285,6.0,5,1
2025-05-21,641302,6,0,0,3.080351351351352,6.0,6,1
2025-05-21,641312,7,0,1,2.6750720000000006,7.0,6,1
2025-05-21,641329,3,1,0,1.3119999999999998,3.0,2,0
2025-05-21,641401,3,0,0,1.287736842105263,3.0,3,0
2025-05-21,641656,3,1,0,2.739191489361702,3.0,2,1
2025-05-21,641745,4,0,0,0.9450000000000001,4.0,4,0
2025-05-21,642152,4,1,0,0.473,4.0,3,0
2025-05-21,642180,6,0,1,2.545497,6.0,5,0
2025-05-21,642232,18,8,0,4.733153846153846,18.0,10,1
2025-05-21,642239,4,1,0,1.281,4.0,3,0
2025-05-21,642397,3,1,0,0.276,3.0,2,0
2025-05-21,642528,5,0,1,2.377786,5.0,3,0
2025-05-21,642585,6,1,2,2.389994,6.0,3,0
2025-05-21,642701,3,2,0,0.108,3.0,1,0
2025-05-21,643377,3,3,0,0.0,3.0,0,0
2025-05-21,656222,4,1,0,0.7630000000000001,4.0,3,0
2025-05-21,656271,3,1,0,0.252,3.0,2,0
2025-05-21,656730,5,0,0,1.9909999999999999,5.0,5,0
2025-05-21,656731,20,10,1,7.696198345966055,20.0,8,2
2025-05-21,656794,9,0,2,3.4816758181818184,8.0,6,1
2025-05-21,656945,3,2,0,0.452,3.0,1,0
2025-05-21,656986,8,3,0,1.587,8.0,5,0
2025-05-21,657277,23,5,0,8.546000000000001,23.0,18,1
2025-05-21,657514,5,0,1,2.7097192222222226,5.0,4,1
2025-05-21,657571,4,1,0,0.12,3.0,2,0
2025-05-21,657585,4,1,0,1.23,4.0,3,0
2025-05-21,657612,4,1,0,1.5037714285714283,4.0,3,1
2025-05-21,660787,7,1,1,2.744497,7.0,5,0
2025-05-21,661403,4,0,0,0.8220000000000001,4.0,4,0
2025-05-21,662253,4,0,0,0.9950000000000001,4.0,4,0
2025-05-21,663432,3,0,0,0.844289,3.0,2,0
2025-05-21,663485,4,1,0,2.32888,4.0,3,1
2025-05-21,663738,9,2,3,2.952491,9.0,4,0
2025-05-21,663767,4,1,1,1.974497,4.0,2,0
2025-05-21,663855,3,0,0,0.093,3.0,3,0
2025-05-21,663903,23,3,4,12.319834828609986,23.0,16,4
2025-05-21,663947,3,1,0,0.229,3.0,2,0
2025-05-21,663969,4,0,0,2.196395061728395,4.0,4,1
2025-05-21,663978,24,2,2,7.937506361466325,24.0,20,1
2025-05-21,664076,3,1,0,0.269,3.0,2,0
2025-05-21,664126,4,2,0,0.9600000000000001,4.0,2,0
2025-05-21,664139,4,0,0,1.317,4.0,4,0
2025-05-21,664199,6,1,0,2.7915392574558733,6.0,5,2
2025-05-21,664208,5,2,1,1.796786,5.0,1,0
2025-05-21,666171,4,1,0,0.626,4.0,3,0
2025-05-21,666215,7,1,4,5.271988,7.0,2,1
2025-05-21,667463,6,1,0,1.146,6.0,5,0
2025-05-21,668674,6,1,1,3.358991623655914,6.0,4,1
2025-05-21,668834,3,1,0,0.30700000000000005,3.0,2,0
2025-05-21,668909,22,6,2,5.690851142857143,22.0,14,1
2025-05-21,668933,4,1,0,1.992,4.0,3,0
2025-05-21,668941,2,1,0,0.722289,2.0,0,0
2025-05-21,668984,6,2,1,1.027497,6.0,3,0
2025-05-21,669062,5,0,0,1.853289,5.0,4,1
2025-05-21,669093,5,2,1,1.633497,5.0,2,0
2025-05-21,669160,24,8,1,8.12588938680927,24.0,14,2
2025-05-21,669203,26,8,1,6.6080852352941175,26.0,17,1
2025-05-21,669467,24,3,4,8.39370959090909,24.0,17,1
2025-05-21,669622,5,2,1,1.193497,5.0,2,0
2025-05-21,669724,4,1,0,0.572,4.0,3,0
2025-05-21,670955,5,2,0,1.58112865497076,5.0,3,1
2025-05-21,670970,5,0,0,1.385,4.0,5,0
2025-05-21,671305,4,0,2,2.8531051111111108,4.0,2,1
2025-05-21,671737,23,7,2,6.129784976284585,23.0,13,0
2025-05-21,672578,6,1,1,2.8483407499999998,6.0,4,1
2025-05-21,672582,4,1,0,1.0490000000000002,4.0,3,0
2025-05-21,672841,3,1,0,0.36400000000000005,3.0,2,0
2025-05-21,673929,3,0,1,0.8954970000000001,3.0,2,0
2025-05-21,674444,10,1,2,4.7449641492537316,10.0,7,1
2025-05-21,674944,3,1,0,1.3539999999999999,3.0,2,0
2025-05-21,676263,4,0,0,1.548,4.0,4,0
2025-05-21,676395,4,1,2,1.472994,4.0,1,0
2025-05-21,676428,11,2,1,2.493497,11.0,8,0
2025-05-21,676664,23,4,0,11.640499776532472,23.0,19,4
2025-05-21,676974,23,4,1,6.0591515454545455,23.0,18,1
2025-05-21,676979,21,5,1,7.055170703654836,21.0,15,1
2025-05-21,678024,6,0,0,3.1059393939393933,6.0,6,1
2025-05-21,678692,3,2,0,0.192,3.0,1,0
2025-05-21,680742,6,1,0,2.317105263157895,6.0,5,1
2025-05-21,681190,19,4,0,6.763607431568432,19.0,14,2
2025-05-21,681343,21,6,2,7.178452636814798,21.0,12,1
2025-05-21,681892,6,0,0,1.865,6.0,6,0
2025-05-21,681982,2,0,0,0.255,2.0,2,0
2025-05-21,682120,3,0,1,0.7724970000000001,3.0,2,0
2025-05-21,683232,7,0,0,2.245,7.0,7,0
2025-05-21,683409,11,1,1,4.953103557377049,11.0,9,1
2025-05-21,683769,4,1,0,1.094289,4.0,2,0
2025-05-21,685126,4,2,0,1.7104137931034482,4.0,2,1
2025-05-21,686613,24,4,2,8.357666043010752,24.0,18,3
2025-05-21,686799,25,6,5,10.45628473474801,25.0,14,3
2025-05-21,686973,3,0,1,0.813497,3.0,2,0
2025-05-21,687223,26,2,4,11.074055239635996,26.0,20,3
2025-05-21,687424,2,2,0,0.0,2.0,0,0
2025-05-21,688138,24,7,1,8.802349631578947,24.0,16,2
2025-05-21,688297,3,0,1,1.485497,3.0,2,0
2025-05-21,688642,3,0,0,0.542,3.0,3,0
2025-05-21,689225,6,2,0,0.7190000000000001,6.0,4,0
2025-05-21,689690,11,1,1,6.942190528478058,11.0,8,3
2025-05-21,690990,24,3,3,7.3594465555555555,24.0,18,1
2025-05-21,694037,3,0,0,1.07125,3.0,3,0
2025-05-21,694477,20,7,1,5.367969333333334,20.0,11,1
2025-05-21,695445,6,2,0,1.246289,6.0,3,0
2025-05-21,702352,13,0,0,2.321,12.0,13,0
2025-05-22,519326,6,0,2,2.976994,6.0,4,0
2025-05-22,534910,8,0,1,5.065331454545454,8.0,6,1
2025-05-22,542881,26,0,6,11.613982,26.0,20,1
2025-05-22,542888,3,1,0,0.7367083333333335,3.0,2,1
2025-05-22,543135,25,6,1,7.855013110629846,25.0,17,3
2025-05-22,554340,4,0,0,1.489,4.0,4,0
2025-05-22,571948,3,0,0,0.18,3.0,3,0
2025-05-22,572955,6,1,0,2.025289,6.0,4,0
2025-05-22,592094,5,0,2,2.8473890617283955,5.0,3,1
2025-05-22,592866,18,3,3,6.8697872356792145,18.0,12,1
2025-05-22,595345,3,3,0,0.0,3.0,0,0
2025-05-22,596133,3,1,0,0.215,3.0,2,0
2025-05-22,605154,5,1,0,1.305,5.0,4,0
2025-05-22,605347,3,0,0,2.1479491525423726,3.0,3,1
2025-05-22,605447,3,2,0,0.094,3.0,1,0
2025-05-22,607074,22,8,2,5.823690741854637,22.0,12,2
2025-05-22,607481,6,2,1,1.572497,6.0,3,0
2025-05-22,608566,26,5,2,7.709438444444444,26.0,19,1
2025-05-22,621121,22,8,3,7.560674333333333,22.0,11,1
2025-05-22,621366,4,0,0,1.411,3.0,4,0
2025-05-22,621381,4,0,0,1.2546153846153847,4.0,4,0
2025-05-22,622663,25,5,0,7.292757487394958,25.0,19,1
2025-05-22,624133,29,6,3,6.495491,29.0,20,0
2025-05-22,628452,3,0,0,1.2472777777777777,3.0,3,1
2025-05-22,640448,5,0,0,1.9298333333333333,5.0,5,1
2025-05-22,641401,3,2,0,0.152,3.0,1,0
2025-05-22,641755,4,1,1,0.924497,4.0,2,0
2025-05-22,642100,4,0,0,1.355,4.0,4,0
2025-05-22,642207,3,1,0,0.8720000000000001,3.0,2,0
2025-05-22,642239,3,0,1,1.141497,3.0,2,0
2025-05-22,643338,3,0,0,1.12,2.0,2,0
2025-05-22,643410,5,2,0,0.8109999999999999,5.0,3,0
2025-05-22,650644,18,3,2,5.5724381724137935,18.0,12,1
2025-05-22,656234,3,2,0,0.119,3.0,1,0
2025-05-22,656427,26,8,3,5.4243697878787875,26.0,15,0
2025-05-22,656546,5,2,1,2.592519727272727,5.0,2,1
2025-05-22,656730,3,1,0,0.718,3.0,2,0
2025-05-22,660825,7,1,0,2.9199423076923074,7.0,6,1
2025-05-22,660853,5,1,0,1.2653181818181811,5.0,4,1
2025-05-22,663158,5,1,0,0.999,5.0,4,0
2025-05-22,663568,29,6,3,9.06378,29.0,19,0
2025-05-22,663687,3,1,0,0.597,3.0,2,0
2025-05-22,663767,7,0,1,1.8256666666666668,6.0,6,0
2025-05-22,663893,7,1,0,3.5823157894736846,7.0,6,1
2025-05-22,666171,4,1,1,1.756497,4.0,2,0
2025-05-22,666214,3,0,0,0.8049999999999999,3.0,3,0
2025-05-22,669093,4,0,1,0.452,3.0,3,0
2025-05-22,669276,2,0,0,0.612,1.0,2,0
2025-05-22,669308,4,0,1,1.151497,4.0,3,0
2025-05-22,669371,3,1,0,0.47500000000000003,3.0,2,0
2025-05-22,669923,19,4,1,7.362690384615385,19.0,12,0
2025-05-22,670036,3,1,0,0.065,3.0,2,0
2025-05-22,670102,17,4,3,5.431343941176471,17.0,10,1
2025-05-22,671131,3,0,0,0.256,3.0,3,0
2025-05-22,671922,3,3,0,0.0,3.0,0,0
2025-05-22,672282,4,1,1,1.212497,4.0,2,0
2025-05-22,672391,9,3,1,2.574497,9.0,5,0
2025-05-22,673513,4,0,0,1.0956666666666666,4.0,4,0
2025-05-22,674944,8,1,2,2.979994,8.0,5,0
2025-05-22,676092,3,1,0,0.057,3.0,2,0
2025-05-22,676440,25,8,1,5.6074969999999995,24.0,15,0
2025-05-22,676755,4,2,0,2.5678333333333327,4.0,2,1
2025-05-22,678226,4,1,1,0.820497,4.0,2,0
2025-05-22,678606,5,1,0,1.1159999999999999,5.0,4,0
2025-05-22,679922,5,0,3,2.702491,5.0,2,0
2025-05-22,680755,1,0,0,0.012,1.0,1,0
2025-05-22,680880,7,2,1,4.003646511213341,7.0,4,2
2025-05-22,681347,20,3,2,5.850639161290323,20.0,15,1
2025-05-22,681869,3,1,0,0.9510000000000001,3.0,2,0
2025-05-22,682120,3,0,1,0.794497,3.0,2,0
2025-05-22,684320,4,3,0,0.082,4.0,1,0
2025-05-22,687765,5,2,0,1.5422889999999998,5.0,2,0
2025-05-22,687911,4,0,0,1.878,4.0,4,0
2025-05-22,689147,1,0,0,0.006,1.0,1,0
2025-05-22,689254,3,1,0,0.33,3.0,2,0
2025-05-22,692230,18,2,4,6.2969903041474655,18.0,12,2
2025-05-22,695418,6,3,1,1.673497,6.0,2,0
2025-05-22,700363,19,1,2,10.317052711294364,19.0,16,4
2025-05-23,445276,5,1,2,1.622994,5.0,2,0
2025-05-23,458677,4,0,1,2.658497,4.0,3,0
2025-05-23,472610,8,0,2,0.902,5.0,6,0
2025-05-23,477132,6,1,1,1.1664970000000001,6.0,4,0
2025-05-23,519141,4,1,1,0.7814970000000001,4.0,2,0
2025-05-23,519151,4,1,0,0.9249999999999999,4.0,3,0
2025-05-23,519242,26,6,1,6.971580333333334,24.0,18,1
2025-05-23,519326,1,0,0,0.094,1.0,1,0
2025-05-23,543518,3,0,0,2.153568965517241,3.0,3,1
2025-05-23,554430,25,8,2,6.339994,25.0,15,0
2025-05-23,570632,4,0,0,1.114,4.0,4,0
2025-05-23,571510,22,3,2,7.577160666666667,21.0,16,1
2025-05-23,571945,23,4,1,7.163048219512195,23.0,18,3
2025-05-23,573124,3,0,0,1.8647714285714285,3.0,3,1
2025-05-23,579328,26,4,4,8.085988,26.0,18,0
2025-05-23,592094,1,0,0,0.005,1.0,1,0
2025-05-23,592155,3,1,0,0.10400000000000001,3.0,2,0
2025-05-23,592773,2,0,0,0.053,2.0,2,0
2025-05-23,592779,1,0,0,0.012,1.0,1,0
2025-05-23,593576,3,2,0,0.501,3.0,1,0
2025-05-23,601713,25,7,3,9.512703765957447,25.0,15,2
2025-05-23,605130,4,3,0,0.94,4.0,1,0
2025-05-23,605177,4,3,0,0.14,4.0,1,0
2025-05-23,605447,6,2,1,3.745199702702703,6.0,3,1
2025-05-23,607455,4,1,2,0.974497,3.0,1,0
2025-05-23,608718,8,2,1,2.778430333333333,8.0,5,1
2025-05-23,620454,5,3,0,0.535,5.0,2,0
2025-05-23,621051,4,0,1,1.107497,4.0,3,0
2025-05-23,621242,4,0,1,2.152786,4.0,2,0
2025-05-23,621366,3,1,0,0.057,3.0,2,0
2025-05-23,621381,4,1,0,2.253339285714285,4.0,3,1
2025-05-23,621383,1,1,0,0.0,1.0,0,0
2025-05-23,622554,4,0,1,1.7212053333333335,4.0,3,1
2025-05-23,623167,4,0,0,0.7,3.0,3,0
2025-05-23,623211,5,0,0,1.801,5.0,5,0
2025-05-23,623352,3,0,0,0.744,3.0,3,0
2025-05-23,628452,4,1,0,2.0271034482758625,4.0,3,1
2025-05-23,641154,26,5,0,7.773578,26.0,19,0
2025-05-23,641312,10,1,0,6.05447542997543,10.0,9,2
2025-05-23,641745,5,1,1,1.895497,5.0,3,0
2025-05-23,641778,21,2,2,8.895577333333334,21.0,17,2
2025-05-23,641816,22,3,3,7.988902764705883,22.0,16,1
2025-05-23,642152,3,0,0,2.3628927735849055,3.0,2,1
2025-05-23,642397,5,1,0,2.8131833333333334,5.0,4,1
2025-05-23,642547,21,3,3,10.155781909090908,21.0,14,3
2025-05-23,642701,6,3,0,1.516,6.0,3,0
2025-05-23,643338,4,1,0,0.34099999999999997,3.0,2,0
2025-05-23,643377,3,1,0,0.219,3.0,2,0
2025-05-23,645261,25,6,2,7.676952580419581,25.0,15,2
2025-05-23,647351,8,0,1,3.034497,8.0,7,0
2025-05-23,650556,7,2,1,4.825358111111111,7.0,4,2
2025-05-23,650893,6,2,0,2.072,6.0,4,0
2025-05-23,655889,2,0,0,0.489,2.0,2,0
2025-05-23,656234,3,1,0,0.275,3.0,2,0
2025-05-23,656288,12,1,3,4.952895306220096,11.0,7,2
2025-05-23,656641,3,2,0,0.771,3.0,1,0
2025-05-23,656876,22,3,2,5.684730842105263,22.0,17,0
2025-05-23,656896,13,0,2,7.102970467477526,13.0,11,3
2025-05-23,656945,5,0,1,2.634497,5.0,4,0
2025-05-23,656986,4,1,0,0.879,4.0,3,0
2025-05-23,657044,3,0,0,1.385,3.0,3,0
2025-05-23,657240,6,0,1,4.852875125000001,6.0,5,1
2025-05-23,657376,21,8,2,6.472468399164055,21.0,11,2
2025-05-23,657514,3,0,0,0.209,3.0,3,0
2025-05-23,657571,3,1,1,0.807497,3.0,1,0
2025-05-23,657585,7,2,1,0.206,6.0,4,0
2025-05-23,657612,5,0,0,2.0013695652173915,5.0,5,1
2025-05-23,657649,5,1,0,1.845,5.0,4,0
2025-05-23,660787,4,1,0,1.71,4.0,3,0
2025-05-23,661403,3,1,0,0.104,3.0,2,0
2025-05-23,662253,3,0,0,0.16999999999999998,3.0,3,0
2025-05-23,663158,4,0,0,1.349,3.0,3,0
2025-05-23,663432,4,1,1,2.4634970000000003,4.0,2,0
2025-05-23,663485,3,0,0,0.8894545454545454,3.0,3,0
2025-05-23,663574,4,0,1,2.878697,4.0,3,0
2025-05-23,663947,6,2,0,1.324,6.0,4,0
2025-05-23,664126,4,2,1,0.931497,4.0,1,0
2025-05-23,664139,4,0,0,1.086,4.0,4,0
2025-05-23,664854,5,1,0,2.9100344827586206,5.0,4,1
2025-05-23,666374,4,0,1,1.365497,4.0,3,0
2025-05-23,666661,1,1,0,0.0,1.0,0,0
2025-05-23,666808,3,0,0,0.625,3.0,3,0
2025-05-23,668390,3,2,0,0.034,3.0,1,0
2025-05-23,668674,3,1,0,1.9176065573770489,3.0,2,1
2025-05-23,668678,24,4,4,7.352401212121213,22.0,15,2
2025-05-23,668820,8,2,1,3.3602545757575757,8.0,5,1
2025-05-23,668881,17,2,2,6.677238416873449,17.0,13,2
2025-05-23,668941,5,0,1,2.2009328974358975,5.0,4,1
2025-05-23,669022,20,9,2,4.763994,20.0,9,0
2025-05-23,669062,3,0,1,0.770497,3.0,2,0
2025-05-23,669199,10,4,1,3.2735308983050846,10.0,5,1
2025-05-23,669422,12,2,0,3.1838124999999997,12.0,10,1
2025-05-23,670167,4,2,0,0.233,4.0,2,0
2025-05-23,670280,4,1,2,2.982562965517241,4.0,1,1
2025-05-23,670955,5,0,2,2.5139940000000003,5.0,3,0
2025-05-23,670970,5,3,0,0.231,5.0,2,0
2025-05-23,671131,6,0,4,3.391988,6.0,2,0
2025-05-23,672335,8,0,2,3.948994,8.0,6,0
2025-05-23,672841,5,0,0,1.074,5.0,5,0
2025-05-23,673929,3,0,0,2.268395061728395,3.0,3,1
2025-05-23,676106,28,3,0,8.849578,28.0,23,0
2025-05-23,676130,6,1,1,3.5710082222222224,6.0,3,1
2025-05-23,676477,7,3,0,0.587,7.0,4,0
2025-05-23,676508,10,6,1,0.8724970000000001,10.0,3,0
2025-05-23,676755,2,1,0,0.002,2.0,1,0
2025-05-23,676961,6,1,0,1.994,6.0,5,0
2025-05-23,677944,25,6,2,9.171708285714287,25.0,17,3
2025-05-23,678020,3,1,1,0.7534970000000001,3.0,1,0
2025-05-23,678226,4,1,1,1.692497,4.0,2,0
2025-05-23,678394,18,7,1,6.372528565656566,18.0,10,2
2025-05-23,678495,2,1,0,0.05,2.0,1,0
2025-05-23,680732,23,6,3,5.232930024390244,23.0,14,1
2025-05-23,680755,5,4,0,0.171,5.0,1,0
2025-05-23,681517,4,0,0,1.065,4.0,4,0
2025-05-23,681869,3,0,1,1.638497,3.0,2,0
2025-05-23,681911,4,2,0,1.8107586206896553,4.0,2,1
2025-05-23,681982,6,3,1,0.7554970000000001,6.0,2,0
2025-05-23,682052,26,8,1,5.304445090909091,26.0,16,1
2025-05-23,682254,3,0,3,2.074491,3.0,0,0
2025-05-23,682825,5,0,0,3.2856545454545456,5.0,5,1
2025-05-23,682842,10,1,1,4.804,7.0,6,1
2025-05-23,683232,4,0,0,1.8001000000000003,3.0,3,1
2025-05-23,683769,7,2,0,1.371,7.0,5,0
2025-05-23,685299,24,5,2,6.776111647058824,24.0,17,0
2025-05-23,686580,3,1,0,1.23,3.0,2,0
2025-05-23,686973,3,0,1,1.7164060909090908,3.0,2,0
2025-05-23,686993,5,1,0,1.2392889999999999,5.0,3,0
2025-05-23,687396,3,1,0,0.16799999999999998,3.0,2,0
2025-05-23,687424,1,0,0,0.106,1.0,1,0
2025-05-23,687473,19,6,3,6.353049823529412,19.0,10,1
2025-05-23,687911,3,1,0,0.35100000000000003,3.0,2,0
2025-05-23,688642,4,0,1,1.464497,4.0,3,0
2025-05-23,689147,1,1,0,0.0,1.0,0,0
2025-05-23,689225,5,0,1,2.6669636666666667,5.0,4,1
2025-05-23,694350,7,1,0,3.396289,7.0,5,0
2025-05-23,694738,25,2,2,9.183221272727273,24.0,20,1
2025-05-23,694973,24,8,2,7.178530796536797,24.0,14,2
2025-05-23,695243,6,1,0,2.063,6.0,5,0
2025-05-23,695445,6,2,0,1.387,6.0,4,0
2025-05-23,695549,22,3,2,7.585658453885258,22.0,16,1
2025-05-23,700249,23,6,3,8.697890145299146,23.0,14,1
2025-05-23,702070,25,8,1,6.593934451437452,25.0,16,2
2025-05-24,458677,4,2,1,0.7454970000000001,4.0,1,0
2025-05-24,518489,4,1,0,1.325,4.0,3,0
2025-05-24,518876,25,6,1,6.633535461538461,25.0,18,1
2025-05-24,521230,3,0,0,0.5479999999999999,3.0,3,0
2025-05-24,547973,3,1,0,0.06,3.0,2,0
2025-05-24,552640,5,1,1,1.501497,5.0,3,0
2025-05-24,571927,4,1,0,1.204,4.0,3,0
2025-05-24,571948,3,0,0,1.569727272727273,3.0,3,1
2025-05-24,592426,2,0,1,0.953497,2.0,1,0
2025-05-24,592454,7,0,0,2.243,7.0,7,0
2025-05-24,592779,3,1,0,0.08800000000000001,3.0,2,0
2025-05-24,593974,10,2,1,3.817497,10.0,7,0
2025-05-24,605347,3,1,0,0.31,3.0,2,0
2025-05-24,605452,10,1,2,3.678258904761905,9.0,7,1
2025-05-24,605488,25,6,2,6.6276875483870965,25.0,17,1
2025-05-24,607067,25,8,3,8.077556958498024,25.0,14,2
2025-05-24,607455,5,0,1,1.384497,5.0,4,0
2025-05-24,607536,25,3,3,9.714803216589862,24.0,19,2
2025-05-24,608331,26,7,1,7.165497,26.0,18,0
2025-05-24,608337,26,6,2,8.0808065,25.0,17,1
2025-05-24,608379,23,1,1,9.08876219047619,23.0,20,2
2025-05-24,612434,4,0,0,1.799111111111111,4.0,4,1
2025-05-24,614179,5,1,0,2.06,5.0,4,0
2025-05-24,615698,12,2,0,2.249,12.0,10,0
2025-05-24,621053,3,1,1,0.920497,3.0,1,0
2025-05-24,621107,22,1,2,7.418012273305085,22.0,19,3
2025-05-24,621139,8,1,2,3.2506426486486486,8.0,5,1
2025-05-24,621242,4,3,0,0.118,4.0,1,0
2025-05-24,621244,22,3,1,7.488450070175437,22.0,18,3
2025-05-24,621383,3,2,0,0.056,3.0,1,0
2025-05-24,622554,7,1,0,2.237625,7.0,6,1
2025-05-24,623352,4,3,0,0.207,4.0,1,0
2025-05-24,623437,8,1,1,3.928497,8.0,6,0
2025-05-24,641302,4,0,0,1.938,4.0,4,1
2025-05-24,641329,3,1,0,0.664,3.0,2,0
2025-05-24,641656,7,3,0,1.546,7.0,4,0
2025-05-24,641941,5,2,0,1.4999701492537314,5.0,3,1
2025-05-24,642397,2,0,0,0.254,2.0,2,0
2025-05-24,642585,3,0,0,1.034,3.0,3,0
2025-05-24,642701,4,2,0,0.496,4.0,2,0
2025-05-24,643377,3,2,0,0.035,3.0,1,0
2025-05-24,643511,4,2,0,0.459,4.0,2,0
2025-05-24,650556,4,2,1,0.770497,4.0,1,0
2025-05-24,650911,23,6,3,6.659491,23.0,14,0
2025-05-24,655889,3,0,0,0.638,3.0,3,0
2025-05-24,656222,4,0,0,1.214289,4.0,3,0
2025-05-24,656240,5,0,2,1.8219940000000001,5.0,3,0
2025-05-24,656271,6,1,0,0.676,5.0,5,0
2025-05-24,656550,29,6,1,7.865786,29.0,21,0
2025-05-24,656605,24,7,0,4.691,23.0,16,0
2025-05-24,656794,6,0,1,2.290014571428572,6.0,4,1
2025-05-24,656849,28,7,2,7.195283,28.0,18,0
2025-05-24,656986,3,1,0,0.367,3.0,2,0
2025-05-24,657097,7,1,2,2.008994,7.0,4,0
2025-05-24,657514,3,0,1,0.830497,3.0,2,0
2025-05-24,657571,5,0,0,1.9412889999999998,5.0,4,0
2025-05-24,660853,4,0,1,1.1904970000000001,4.0,3,0
2025-05-24,660896,5,3,1,1.019497,5.0,1,0
2025-05-24,661395,6,2,1,2.019786,6.0,2,0
2025-05-24,661403,5,1,0,1.707702793103448,5.0,3,1
2025-05-24,663554,21,6,1,5.2485928904109596,21.0,14,1
2025-05-24,663574,4,0,0,1.421,4.0,4,0
2025-05-24,663623,29,7,2,5.519794,29.0,20,0
2025-05-24,663687,1,0,0,0.291,1.0,1,0
2025-05-24,663738,3,0,2,1.918994,3.0,1,0
2025-05-24,663767,1,0,0,0.057,1.0,1,0
2025-05-24,663941,11,2,0,1.818,10.0,8,0
2025-05-24,664062,24,4,3,10.829198084603568,24.0,16,3
2025-05-24,664076,5,0,0,1.697,5.0,5,0
2025-05-24,664126,5,0,2,2.5162606666666667,5.0,3,0
2025-05-24,664285,25,5,4,6.945321333333333,25.0,16,2
2025-05-24,664854,5,2,1,1.5774970000000001,5.0,2,0
2025-05-24,666974,3,2,0,0.003,3.0,1,0
2025-05-24,667755,23,1,3,7.400491000000001,23.0,19,0
2025-05-24,668674,5,1,0,2.603244555555556,5.0,3,1
2025-05-24,668933,6,1,0,1.2464545454545455,6.0,5,0
2025-05-24,668984,7,0,0,2.195,7.0,7,0
2025-05-24,669020,13,3,1,4.456497,13.0,9,0
2025-05-24,669060,22,4,2,7.095564250000001,21.0,14,1
2025-05-24,669211,5,1,1,1.797497,5.0,3,0
2025-05-24,669308,14,1,0,7.210251917933131,14.0,12,2
2025-05-24,669358,23,4,3,8.043800523809525,23.0,16,2
2025-05-24,669432,22,5,0,5.146110428571428,22.0,16,1
2025-05-24,669461,27,4,0,8.591021941176471,27.0,22,2
2025-05-24,669711,4,2,1,0.145,3.0,1,0
2025-05-24,669724,6,1,1,2.562297,6.0,4,1
2025-05-24,670036,3,0,0,0.655,3.0,3,0
2025-05-24,670167,3,0,0,0.164,3.0,3,0
2025-05-24,670280,4,0,0,1.7552889999999999,4.0,3,0
2025-05-24,671096,23,2,2,14.967031767277335,23.0,19,4
2025-05-24,671305,3,0,1,2.022786,3.0,1,0
2025-05-24,671922,4,3,1,0.691497,4.0,0,0
2025-05-24,672578,3,0,1,1.779497,3.0,2,0
2025-05-24,672582,3,1,0,0.616,3.0,2,0
2025-05-24,673513,7,4,1,1.1644970000000001,7.0,2,0
2025-05-24,674444,2,0,0,0.14400000000000002,2.0,2,0
2025-05-24,675848,7,1,0,1.6667083333333335,6.0,5,1
2025-05-24,676083,21,4,1,8.607983111111112,21.0,16,2
2025-05-24,676272,10,0,1,4.209110428571429,9.0,8,1
2025-05-24,676282,3,1,0,0.318,3.0,2,0
2025-05-24,676428,7,2,0,1.184289,7.0,4,0
2025-05-24,676661,4,1,1,0.959497,4.0,2,0
2025-05-24,676684,4,0,0,0.504,4.0,4,0
2025-05-24,676879,4,2,0,0.7000000000000001,4.0,2,0
2025-05-24,676961,10,2,0,3.932392543859649,10.0,8,2
2025-05-24,678024,11,2,1,2.3193094999999997,10.0,7,1
2025-05-24,678692,2,1,0,0.022,2.0,1,0
2025-05-24,679885,6,2,1,2.5574969999999997,6.0,3,0
2025-05-24,680880,5,2,0,1.5630666666666666,5.0,3,1
2025-05-24,681517,4,0,0,3.1601250000000003,4.0,4,1
2025-05-24,681982,1,1,0,0.0,1.0,0,0
2025-05-24,682120,3,2,0,0.8148529411764704,3.0,1,1
2025-05-24,682847,22,3,5,7.635126975308642,22.0,14,1
2025-05-24,682990,24,7,1,5.766497,24.0,16,0
2025-05-24,683004,26,3,5,11.051515740703428,26.0,18,4
2025-05-24,683409,5,1,1,3.1814970000000002,5.0,3,1
2025-05-24,685126,3,2,0,0.162,3.0,1,0
2025-05-24,686580,4,0,1,1.289497,4.0,3,0
2025-05-24,686993,2,0,0,1.2349999999999999,2.0,2,0
2025-05-24,687606,3,0,0,0.546,3.0,3,0
2025-05-24,687765,5,0,1,3.7871199838709675,5.0,4,2
2025-05-24,689147,5,0,2,0.8310000000000001,3.0,3,0
2025-05-24,689254,4,1,1,1.145497,4.0,2,0
2025-05-24,689690,10,2,1,5.230986,10.0,6,1
2025-05-24,690928,18,7,1,4.582497,18.0,10,0
2025-05-24,690986,17,4,0,6.901757575757576,17.0,13,1
2025-05-24,692285,8,1,3,4.344491,8.0,4,0
2025-05-24,693433,27,5,0,8.906274428051002,26.0,20,2
2025-05-24,695243,6,3,1,2.6341812105263154,6.0,2,1
2025-05-24,702674,15,4,4,3.931788,15.0,7,0
2025-05-24,805673,18,9,1,4.529452555555556,18.0,8,1
2025-05-25,518489,4,0,1,1.113497,4.0,3,0
2025-05-25,519141,4,2,0,0.774289,4.0,1,0
2025-05-25,521230,4,1,0,0.221,4.0,3,0
2025-05-25,542888,4,3,0,0.042,4.0,1,0
2025-05-25,543243,27,5,0,9.260923076923078,27.0,22,1
2025-05-25,543294,25,5,0,5.946792626728111,25.0,20,2
2025-05-25,552640,5,2,0,1.1310000000000002,5.0,3,0
2025-05-25,571578,22,6,1,6.922706542815675,22.0,15,2
2025-05-25,572955,4,2,0,0.057,4.0,2,0
2025-05-25,573124,3,0,1,1.86552825,3.0,2,1
2025-05-25,573204,3,2,0,0.087,3.0,1,0
2025-05-25,592094,3,1,0,0.315,3.0,2,0
2025-05-25,592155,3,2,0,0.162,3.0,1,0
2025-05-25,592426,3,0,0,0.605,3.0,3,0
2025-05-25,592662,21,7,0,4.093,21.0,14,0
2025-05-25,592773,1,0,0,0.248,1.0,1,0
2025-05-25,596001,8,2,0,1.167289,8.0,5,0
2025-05-25,596133,6,0,0,2.83758064516129,6.0,6,1
2025-05-25,605130,5,1,2,2.164994,5.0,2,0
2025-05-25,605135,22,2,2,8.413696702702703,22.0,18,1
2025-05-25,608032,4,2,0,0.005,3.0,1,0
2025-05-25,608718,3,1,0,0.203,3.0,2,0
2025-05-25,612434,3,1,1,0.992497,3.0,1,0
2025-05-25,621053,1,1,0,0.0,1.0,0,0
2025-05-25,621111,20,3,2,6.809660666666667,20.0,15,1
2025-05-25,621366,6,0,1,3.446497,6.0,5,0
2025-05-25,621381,6,1,1,2.124497,6.0,4,0
2025-05-25,622491,27,6,1,9.548323086956522,27.0,20,0
2025-05-25,622608,20,4,1,6.698138975308642,19.0,14,1
2025-05-25,623474,7,3,0,0.515,7.0,4,0
2025-05-25,641329,3,0,0,0.314,3.0,3,0
2025-05-25,641401,3,1,0,0.7110000000000001,3.0,2,0
2025-05-25,641745,5,2,0,1.233,5.0,3,0
2025-05-25,641755,5,1,1,2.5640379836065574,5.0,3,1
2025-05-25,641927,27,3,1,9.745500787878788,27.0,23,3
2025-05-25,642121,3,1,0,0.8959999999999999,3.0,2,0
2025-05-25,642152,4,2,0,0.564,4.0,2,0
2025-05-25,642207,5,3,1,1.602497,5.0,1,0
2025-05-25,642397,2,1,0,0.105,2.0,1,0
2025-05-25,642528,7,1,0,1.837,6.0,5,0
2025-05-25,643410,5,2,1,0.916497,5.0,2,0
2025-05-25,643511,3,1,0,0.308,3.0,2,0
2025-05-25,647336,24,2,1,8.88745116750274,24.0,20,2
2025-05-25,656222,3,1,0,0.703,3.0,2,0
2025-05-25,656234,3,0,1,1.6117714285714282,2.0,2,1
2025-05-25,656302,20,8,1,5.52069451552795,20.0,11,2
2025-05-25,656464,3,1,0,0.433,3.0,2,0
2025-05-25,656641,3,1,0,0.374,3.0,2,0
2025-05-25,656730,4,2,0,0.34099999999999997,4.0,2,0
2025-05-25,657585,4,2,0,0.775,4.0,2,0
2025-05-25,657649,8,1,1,1.227497,7.0,6,0
2025-05-25,661395,4,1,0,0.85,4.0,3,0
2025-05-25,663158,3,0,0,0.399,3.0,3,0
2025-05-25,663436,24,2,3,9.593001416666667,24.0,19,2
2025-05-25,663460,24,9,2,3.966994,24.0,13,0
2025-05-25,663485,3,1,0,0.8619999999999999,3.0,2,0
2025-05-25,663559,24,1,3,9.5309285,24.0,20,1
2025-05-25,663671,8,3,0,1.271,8.0,5,0
2025-05-25,663687,10,2,0,1.82,10.0,8,0
2025-05-25,663767,4,0,0,1.389,4.0,4,0
2025-05-25,664199,4,0,1,1.016497,4.0,3,0
2025-05-25,664208,5,2,0,0.995289,5.0,2,0
2025-05-25,665152,23,4,1,5.850614647058824,23.0,18,0
2025-05-25,665795,22,10,2,3.251274,21.0,9,1
2025-05-25,666157,23,6,2,7.399160666666667,23.0,15,1
2025-05-25,666200,31,10,1,7.334131146341464,31.0,20,1
2025-05-25,666374,2,0,1,0.8484970000000001,2.0,1,0
2025-05-25,666661,4,0,0,0.44099999999999995,4.0,4,0
2025-05-25,667463,3,0,0,0.909,3.0,3,0
2025-05-25,668820,6,0,0,1.5096315789473684,6.0,6,1
2025-05-25,668933,7,2,0,2.966263157894737,7.0,5,0
2025-05-25,668941,4,0,1,1.962297,4.0,3,0
2025-05-25,668984,2,0,0,1.8713409090909092,2.0,2,1
2025-05-25,669093,5,2,1,1.435497,5.0,2,0
2025-05-25,669211,4,1,0,1.2179999999999997,4.0,3,0
2025-05-25,669276,4,0,0,1.7169245614035087,4.0,4,1
2025-05-25,669371,3,0,0,0.329,3.0,3,0
2025-05-25,669373,29,13,0,4.53568261103293,29.0,15,2
2025-05-25,669622,5,2,1,0.895497,5.0,2,0
2025-05-25,669711,5,1,0,2.106702702702703,5.0,4,1
2025-05-25,670970,2,0,0,0.339,2.0,2,0
2025-05-25,671106,23,2,4,9.633727098300074,22.0,16,3
2025-05-25,671109,7,2,1,1.1944970000000001,7.0,4,0
2025-05-25,672391,5,2,0,1.7770000000000001,5.0,3,0
2025-05-25,672841,5,1,1,0.393,4.0,3,0
2025-05-25,673540,24,5,4,10.096913,24.0,15,2
2025-05-25,673929,7,2,0,2.414629909090909,7.0,4,1
2025-05-25,676092,4,1,1,0.887497,4.0,2,0
2025-05-25,676254,5,1,0,1.64025,5.0,4,0
2025-05-25,676263,3,1,0,0.997,3.0,2,0
2025-05-25,676395,4,1,0,0.8835,4.0,3,0
2025-05-25,676467,23,4,0,7.099039,23.0,18,0
2025-05-25,676534,3,1,0,0.533,3.0,2,0
2025-05-25,676755,5,1,1,1.010497,5.0,3,0
2025-05-25,676962,22,4,2,7.598639161290323,22.0,16,1
2025-05-25,677161,8,0,1,2.2049515454545454,8.0,7,0
2025-05-25,678020,5,1,1,1.263,4.0,3,1
2025-05-25,678495,3,1,0,0.072,3.0,2,0
2025-05-25,678692,3,2,0,0.535,3.0,1,0
2025-05-25,679358,3,1,0,0.265,3.0,2,0
2025-05-25,680684,21,2,3,6.870886424836601,21.0,16,1
2025-05-25,680742,3,1,0,0.273,3.0,2,0
2025-05-25,680885,28,11,0,7.594287499999999,28.0,17,2
2025-05-25,681869,7,2,1,2.112497,7.0,4,0
2025-05-25,682825,4,1,0,2.0005,4.0,3,1
2025-05-25,682842,4,2,1,0.842,3.0,1,0
2025-05-25,683021,3,0,0,0.278,3.0,3,0
2025-05-25,683232,4,0,0,2.6877192982456144,4.0,4,1
2025-05-25,686752,24,5,1,6.463974678571429,24.0,18,2
2025-05-25,686973,4,1,0,0.624,4.0,3,0
2025-05-25,687606,14,2,1,4.346786,14.0,10,0
2025-05-25,687911,5,2,0,0.503,5.0,3,0
2025-05-25,689017,24,5,0,8.684467239696703,24.0,18,3
2025-05-25,689254,5,0,1,1.816497,5.0,4,0
2025-05-25,694037,4,1,0,0.992,4.0,3,0
2025-05-25,694297,23,5,1,9.012363791295178,23.0,17,4
2025-05-25,695243,4,1,0,0.782,3.0,2,0
2025-05-25,695418,8,2,1,2.7656517619047616,8.0,5,1
2025-05-25,701542,16,7,2,3.365994,16.0,7,0
2025-05-25,701656,22,6,2,7.9559940000000005,22.0,14,1
2025-05-26,450203,24,5,2,7.818519933797909,23.0,15,2
2025-05-26,472610,4,0,0,0.879,4.0,4,0
2025-05-26,519141,1,0,0,0.097,1.0,1,0
2025-05-26,519151,4,0,1,1.9008127894736844,4.0,3,1
2025-05-26,519326,3,1,0,0.503,3.0,2,0
2025-05-26,543518,3,0,2,1.550994,3.0,1,0
2025-05-26,547179,29,2,3,10.330094773584905,29.0,24,1
2025-05-26,571760,25,2,3,11.737824333333334,25.0,20,2
2025-05-26,571948,8,1,1,2.0324969999999998,8.0,6,0
2025-05-26,573204,2,0,1,0.817497,2.0,1,0
2025-05-26,592094,3,1,0,0.34299999999999997,3.0,2,0
2025-05-26,592155,4,1,0,0.68,4.0,3,0
2025-05-26,592332,29,6,0,8.410326086956522,29.0,23,1
2025-05-26,592454,3,0,0,0.324,3.0,3,0
2025-05-26,592779,4,1,0,1.4808124999999999,4.0,3,1
2025-05-26,592791,23,7,0,5.317591803583031,22.0,16,3
2025-05-26,593974,4,1,1,0.8594970000000001,4.0,2,0
2025-05-26,594798,23,0,2,8.91078645283019,23.0,21,1
2025-05-26,596133,5,0,1,1.348497,5.0,4,0
2025-05-26,605280,24,3,3,8.633215738675958,24.0,18,2
2025-05-26,605288,22,6,1,3.591497,22.0,15,0
2025-05-26,607200,25,5,1,8.768475024390243,23.0,17,2
2025-05-26,607259,26,2,0,5.96885294117647,25.0,24,1
2025-05-26,608665,2,0,0,1.1251666666666669,2.0,2,1
2025-05-26,620454,2,1,1,0.691497,2.0,0,0
2025-05-26,621051,7,0,2,2.889574714285714,5.0,4,1
2025-05-26,621242,4,1,1,0.884497,4.0,2,0
2025-05-26,622554,3,2,0,0.089,3.0,1,0
2025-05-26,622786,5,0,0,0.9640000000000001,4.0,5,0
2025-05-26,623211,5,1,1,0.970497,5.0,3,0
2025-05-26,623437,5,0,1,1.4804970000000002,5.0,4,0
2025-05-26,641401,6,1,1,1.312497,6.0,4,0
2025-05-26,641793,21,4,0,6.290604789473685,21.0,16,1
2025-05-26,641941,6,1,1,2.179786,6.0,3,0
2025-05-26,642232,21,7,1,5.2034970000000005,21.0,13,1
2025-05-26,642585,3,2,0,0.134,3.0,1,0
2025-05-26,643410,3,1,0,0.972,3.0,2,0
2025-05-26,655889,3,0,0,1.5439565217391307,3.0,3,1
2025-05-26,656271,1,0,0,1.190857142857143,1.0,1,1
2025-05-26,656546,3,0,0,0.525,3.0,3,0
2025-05-26,656730,7,0,3,2.786994,6.0,4,0
2025-05-26,656945,4,1,0,0.7182631578947369,4.0,3,0
2025-05-26,657044,3,0,0,0.8360000000000001,3.0,3,0
2025-05-26,657097,3,0,0,0.8340000000000001,3.0,3,0
2025-05-26,660787,5,3,0,0.699,5.0,2,0
2025-05-26,663158,4,1,0,2.762326086956522,4.0,3,1
2025-05-26,663574,3,1,0,0.67,3.0,2,0
2025-05-26,663855,3,1,0,0.095,3.0,2,0
2025-05-26,663947,3,0,0,1.816,3.0,3,0
2025-05-26,663969,6,0,1,1.670497,6.0,5,0
2025-05-26,663978,21,5,0,4.93,21.0,16,0
2025-05-26,664076,3,1,0,2.28928947368421,3.0,2,1
2025-05-26,666974,3,1,0,0.865,3.0,2,0
2025-05-26,667463,5,0,0,1.838,5.0,5,0
2025-05-26,668390,5,0,1,1.7044970000000002,4.0,4,0
2025-05-26,668909,24,3,6,10.062175548387096,24.0,15,3
2025-05-26,669062,4,0,2,1.6824970000000001,3.0,2,0
2025-05-26,669084,10,1,2,3.884994,10.0,7,0
2025-05-26,669194,24,4,0,4.756792452830188,24.0,20,1
2025-05-26,669724,2,0,0,0.9610000000000001,2.0,2,0
2025-05-26,670036,7,1,2,3.101994,7.0,4,0
2025-05-26,670970,3,1,0,0.33399999999999996,3.0,2,0
2025-05-26,672456,18,3,2,4.5889940000000005,18.0,13,0
2025-05-26,672582,5,0,0,0.975,5.0,5,0
2025-05-26,674444,3,3,0,0.0,3.0,0,0
2025-05-26,675848,9,4,1,2.119497,9.0,4,0
2025-05-26,676130,3,0,1,0.777497,3.0,2,0
2025-05-26,676282,11,4,0,3.5094,11.0,7,1
2025-05-26,676477,8,1,2,3.322994,8.0,5,0
2025-05-26,676534,4,1,0,1.5436037735849055,4.0,3,1
2025-05-26,676684,4,1,0,1.026,4.0,3,0
2025-05-26,676979,27,11,2,7.067727898305084,27.0,14,1
2025-05-26,677952,12,1,1,3.4674970000000003,12.0,10,0
2025-05-26,677960,24,6,3,5.5263331052631575,24.0,15,0
2025-05-26,679885,3,1,0,0.196,3.0,2,0
2025-05-26,681190,24,5,1,8.522591226142742,24.0,18,3
2025-05-26,681892,7,0,0,2.594752380952381,7.0,7,2
2025-05-26,681895,8,3,0,2.450673441734417,8.0,5,1
2025-05-26,681911,5,0,1,1.2594969999999999,5.0,4,0
2025-05-26,682254,4,1,0,1.183,4.0,3,0
2025-05-26,682842,3,0,0,0.631,3.0,3,0
2025-05-26,685126,4,1,1,0.8784970000000001,4.0,2,0
2025-05-26,686799,28,5,2,8.017140142857142,28.0,20,1
2025-05-26,687223,21,4,3,5.7653035,20.0,14,1
2025-05-26,688158,2,0,0,0.602,2.0,2,0
2025-05-26,688642,3,0,0,0.9046666666666666,3.0,3,0
2025-05-26,689225,4,0,1,1.136497,4.0,3,0
2025-05-26,694037,3,2,0,0.136,3.0,1,0
2025-05-26,694335,3,1,0,0.27999999999999997,3.0,2,0
2025-05-26,694477,19,6,2,6.005111647058824,19.0,11,1
2025-05-26,700669,4,2,0,0.5640000000000001,4.0,2,0
2025-05-26,702352,7,1,0,1.857787878787879,7.0,6,1
2025-05-26,806185,20,6,2,7.033418903722722,20.0,12,2
2025-05-26,806188,3,0,1,0.475,1.0,1,0
2025-05-26,808967,23,7,2,6.121494,22.0,14,0
2025-05-27,458677,4,1,0,0.17,4.0,3,0
2025-05-27,472610,6,1,0,2.101951219512195,6.0,5,1
2025-05-27,518489,1,0,0,0.4377999999999999,1.0,1,0
2025-05-27,519151,4,0,1,1.617497,4.0,3,0
2025-05-27,521230,4,0,1,3.4474970000000003,4.0,3,1
2025-05-27,542881,25,3,1,8.741744248716067,25.0,21,2
2025-05-27,542888,7,0,2,3.094101456140351,7.0,5,1
2025-05-27,543135,9,2,1,3.970406090909091,9.0,6,1
2025-05-27,547973,6,1,1,2.535497,6.0,4,0
2025-05-27,571927,5,1,0,0.886,5.0,4,0
2025-05-27,571948,1,0,0,0.018,1.0,1,0
2025-05-27,573204,4,1,1,0.906497,4.0,2,0
2025-05-27,592426,5,0,1,1.8742889999999999,4.0,3,0
2025-05-27,593576,5,2,1,2.317097,5.0,2,1
2025-05-27,595345,3,1,0,0.31899999999999995,3.0,2,0
2025-05-27,596001,6,1,1,3.133497,6.0,4,0
2025-05-27,605177,6,1,1,1.680497,6.0,4,0
2025-05-27,605447,3,1,0,0.574,3.0,2,0
2025-05-27,606160,1,0,0,0.674,1.0,1,0
2025-05-27,607074,26,10,0,7.126155172413793,26.0,16,1
2025-05-27,608372,24,3,0,9.252709677419354,24.0,21,1
2025-05-27,608566,26,6,1,10.270288375291376,26.0,19,3
2025-05-27,608665,5,0,2,2.5314384444444444,5.0,3,1
2025-05-27,620454,4,1,0,1.1402889999999999,4.0,2,0
2025-05-27,621381,4,1,1,1.5934970000000002,4.0,2,0
2025-05-27,623167,7,1,0,1.205,7.0,6,0
2025-05-27,624133,26,8,3,6.963491,25.0,15,0
2025-05-27,641329,6,2,1,4.085003657240485,6.0,3,2
2025-05-27,641745,3,0,0,0.905,3.0,3,0
2025-05-27,641755,8,1,2,2.092497,7.0,5,0
2025-05-27,642207,6,0,0,3.8805308641975307,6.0,6,2
2025-05-27,642239,2,1,0,0.085,2.0,1,0
2025-05-27,642397,2,2,0,0.0,2.0,0,0
2025-05-27,642528,3,1,0,0.387,3.0,2,0
2025-05-27,642701,3,2,0,0.235,3.0,1,0
2025-05-27,643338,6,1,1,2.222,5.0,4,0
2025-05-27,643377,3,3,0,0.0,3.0,0,0
2025-05-27,650644,18,4,1,4.116497,18.0,13,0
2025-05-27,655889,5,1,0,1.023,5.0,4,0
2025-05-27,656222,4,1,0,2.411558823529412,4.0,3,1
2025-05-27,656234,4,1,0,1.331,4.0,3,0
2025-05-27,656427,21,8,1,5.240621737179487,21.0,11,2
2025-05-27,656464,6,1,1,3.1836803333333332,6.0,4,1
2025-05-27,656641,13,4,2,2.690994,13.0,7,0
2025-05-27,656731,24,6,4,6.798988,24.0,14,0
2025-05-27,657277,26,10,1,7.556154894736842,26.0,14,2
2025-05-27,657514,4,2,0,0.7892889999999999,4.0,1,0
2025-05-27,657585,6,3,1,1.211497,6.0,2,0
2025-05-27,657649,4,1,0,0.981,4.0,3,0
2025-05-27,657746,24,5,1,6.010732428571428,22.0,16,1
2025-05-27,660825,3,1,0,1.0168421052631578,3.0,2,0
2025-05-27,660853,4,0,1,1.356497,4.0,3,0
2025-05-27,661395,4,1,1,1.4048184285714287,4.0,2,0
2025-05-27,663568,25,3,2,8.787303822017138,25.0,20,2
2025-05-27,663574,3,1,0,0.839289,3.0,1,0
2025-05-27,663671,6,1,1,4.2068708927738925,6.0,4,2
2025-05-27,663738,10,4,1,3.1617250701754385,10.0,5,1
2025-05-27,663903,29,3,1,9.019908764705882,29.0,25,1
2025-05-27,663941,6,3,0,0.9229999999999999,6.0,3,0
2025-05-27,664139,4,1,0,2.474909090909091,4.0,3,1
2025-05-27,664199,8,3,0,2.658,8.0,5,1
2025-05-27,664208,3,1,0,1.4342380952380953,3.0,2,1
2025-05-27,664854,4,2,0,0.602,4.0,2,0
2025-05-27,666214,14,4,0,3.9658881578947365,14.0,10,1
2025-05-27,666215,7,1,0,1.595,7.0,6,0
2025-05-27,666974,2,1,0,0.005,2.0,1,0
2025-05-27,669093,5,2,0,1.424,5.0,3,0
2025-05-27,669160,20,9,2,5.757636857142857,20.0,9,2
2025-05-27,669203,30,6,2,8.217283,30.0,21,1
2025-05-27,669211,3,0,1,2.184497,3.0,2,0
2025-05-27,669276,4,2,0,0.105,4.0,2,0
2025-05-27,669308,5,0,0,1.949,5.0,5,0
2025-05-27,669467,27,7,3,6.658283452830188,25.0,15,2
2025-05-27,669622,3,0,0,0.5720000000000001,3.0,3,0
2025-05-27,669711,5,1,0,1.171,5.0,4,0
2025-05-27,670102,19,6,1,3.327497,19.0,12,0
2025-05-27,670167,6,1,3,2.262994,5.0,2,0
2025-05-27,670280,3,2,0,0.026,3.0,1,0
2025-05-27,671109,5,1,2,0.797497,4.0,2,0
2025-05-27,671131,9,1,1,2.464786,9.0,6,0
2025-05-27,671305,5,1,0,2.3734473684210524,5.0,4,1
2025-05-27,671737,28,6,1,7.9851418994197285,28.0,20,2
2025-05-27,672282,4,1,1,1.0921123846153846,3.0,1,0
2025-05-27,672582,2,0,0,0.127,2.0,2,0
2025-05-27,673513,5,1,1,1.212497,5.0,3,0
2025-05-27,674444,5,0,0,1.1400000000000001,5.0,5,0
2025-05-27,675911,20,7,4,5.485277,20.0,8,0
2025-05-27,676130,6,0,0,2.4834736842105265,6.0,6,1
2025-05-27,676263,4,0,0,0.128,4.0,4,0
2025-05-27,676395,3,2,0,0.122,3.0,1,0
2025-05-27,676440,23,7,3,7.887081179487179,22.0,13,2
2025-05-27,676508,5,3,0,0.394,5.0,2,0
2025-05-27,676664,21,1,1,8.810599821316615,21.0,19,3
2025-05-27,676684,5,1,0,1.549,5.0,4,0
2025-05-27,676879,8,2,1,2.048497,8.0,5,0
2025-05-27,676974,21,0,2,7.390913444444443,21.0,19,2
2025-05-27,678020,3,0,1,0.8954970000000001,3.0,2,0
2025-05-27,678226,7,2,2,2.492994,7.0,3,0
2025-05-27,678368,13,4,1,4.172892798319327,13.0,8,2
2025-05-27,679358,3,3,0,0.0,3.0,0,0
2025-05-27,680730,21,4,1,11.709308805555557,21.0,16,5
2025-05-27,680742,5,2,0,2.3584374999999995,5.0,3,2
2025-05-27,681347,19,2,2,8.406235328159646,19.0,14,2
2025-05-27,681895,4,1,2,2.205994,4.0,1,0
2025-05-27,681982,6,2,0,0.8140000000000001,6.0,4,0
2025-05-27,682120,3,1,0,0.355,3.0,2,0
2025-05-27,682274,5,1,0,0.7170000000000001,5.0,4,0
2025-05-27,683769,4,2,0,1.9176756756756754,4.0,2,1
2025-05-27,684320,6,1,0,1.592,6.0,5,0
2025-05-27,686563,28,4,1,10.851033747896386,28.0,22,2
2025-05-27,686580,5,1,1,1.0714970000000001,5.0,3,0
2025-05-27,686613,21,8,0,6.551771428571429,21.0,13,1
2025-05-27,686973,4,0,0,1.4300000000000002,4.0,4,0
2025-05-27,687424,7,2,1,1.2994970000000001,7.0,4,0
2025-05-27,687765,6,3,0,1.95,6.0,3,0
2025-05-27,688138,27,4,1,9.708495803827752,27.0,22,3
2025-05-27,688642,3,1,0,1.6217027027027031,3.0,2,1
2025-05-27,689147,4,1,0,0.543,4.0,3,0
2025-05-27,690916,12,2,1,4.327230444444444,12.0,8,1
2025-05-27,690990,23,6,1,9.025634952355333,23.0,15,3
2025-05-27,694350,5,2,1,1.0574970000000001,5.0,2,0
2025-05-27,694363,10,2,0,3.068,10.0,8,0
2025-05-27,695445,7,1,0,3.287,7.0,6,0
2025-05-27,806188,6,1,1,1.77434075,6.0,4,1
2025-05-28,477132,21,3,2,7.569994,21.0,16,0
2025-05-28,518489,3,0,0,2.0423636363636364,3.0,3,1
2025-05-28,543518,5,1,0,2.5889354838709675,5.0,4,2
2025-05-28,547973,4,1,0,1.1076666666666666,4.0,3,0
2025-05-28,552640,8,2,2,3.2479940000000003,8.0,4,0
2025-05-28,571510,21,8,0,5.436880952380952,21.0,13,2
2025-05-28,571945,21,3,0,6.689861111111111,21.0,18,1
2025-05-28,571946,3,1,0,0.401,3.0,2,0
2025-05-28,571948,1,1,0,0.0,1.0,0,0
2025-05-28,579328,23,4,5,5.5144910000000005,21.0,14,0
2025-05-28,592094,6,0,0,2.558289,6.0,5,0
2025-05-28,592426,3,1,0,0.242,3.0,2,0
2025-05-28,592454,6,2,0,0.602,5.0,3,0
2025-05-28,592773,5,0,1,0.9024970000000001,5.0,4,0
2025-05-28,592866,20,2,0,6.5946380952380945,20.0,18,2
2025-05-28,593974,8,1,1,3.045497,8.0,6,0
2025-05-28,596112,3,2,0,0.005,3.0,1,0
2025-05-28,605130,5,2,1,1.935497,5.0,2,0
2025-05-28,605154,3,0,0,1.392,3.0,2,0
2025-05-28,606996,20,1,0,7.842655279503106,20.0,19,2
2025-05-28,608032,4,2,0,0.378,4.0,2,0
2025-05-28,612434,3,1,1,0.925497,3.0,1,0
2025-05-28,621121,24,12,1,3.3376146470588237,24.0,11,0
2025-05-28,621199,7,2,0,1.108,7.0,5,0
2025-05-28,621366,5,3,1,2.606330333333333,5.0,1,1
2025-05-28,622554,4,3,0,0.4377999999999999,4.0,1,0
2025-05-28,622663,25,4,2,9.114851965517241,25.0,18,1
2025-05-28,622786,4,0,0,0.41000000000000003,4.0,4,0
2025-05-28,623352,4,3,1,0.691497,4.0,0,0
2025-05-28,623474,3,0,1,1.001497,3.0,2,0
2025-05-28,641154,23,3,2,9.035909584415585,23.0,18,2
2025-05-28,641302,4,2,0,0.601,4.0,2,0
2025-05-28,641656,6,2,0,0.931,5.0,4,0
2025-05-28,641745,4,1,0,0.512,4.0,3,0
2025-05-28,641778,12,4,2,3.012994,12.0,6,0
2025-05-28,641816,24,5,3,7.260501489510489,24.0,16,1
2025-05-28,642152,10,2,1,3.740380952380953,9.0,7,1
2025-05-28,642547,24,6,3,8.226654793103448,24.0,15,2
2025-05-28,643410,4,2,1,1.2774969999999999,4.0,1,0
2025-05-28,643511,3,3,0,0.0,3.0,0,0
2025-05-28,645261,21,0,4,9.313330857142857,21.0,17,1
2025-05-28,650556,4,1,1,1.224497,4.0,2,0
2025-05-28,656271,4,2,0,0.882,4.0,2,0
2025-05-28,656288,19,3,4,7.7825286593406595,18.0,12,2
2025-05-28,656546,3,1,0,0.03,3.0,2,0
2025-05-28,656876,20,5,1,6.328786,20.0,13,0
2025-05-28,656945,6,2,1,1.193497,6.0,3,0
2025-05-28,657044,3,3,0,0.0,3.0,0,0
2025-05-28,657097,5,0,0,2.4727586206896555,4.0,5,1
2025-05-28,657376,22,4,1,4.662860636363637,22.0,17,0
2025-05-28,657514,1,1,0,0.0,1.0,0,0
2025-05-28,657571,3,0,0,0.636,3.0,3,0
2025-05-28,657612,1,0,0,0.12,1.0,1,0
2025-05-28,657649,6,1,2,1.211497,5.0,3,0
2025-05-28,657756,4,1,0,0.678,4.0,3,0
2025-05-28,660896,3,2,0,0.036,3.0,1,0
2025-05-28,661403,3,1,0,0.12000000000000001,3.0,2,0
2025-05-28,663399,23,3,1,8.200652172413793,23.0,19,1
2025-05-28,663432,2,1,0,0.035,2.0,1,0
2025-05-28,663465,16,3,0,4.824306782106782,16.0,13,2
2025-05-28,663485,3,1,0,0.7310000000000001,3.0,2,0
2025-05-28,663804,4,1,0,0.623,4.0,3,0
2025-05-28,663893,2,2,0,0.0,2.0,0,0
2025-05-28,663947,4,1,1,1.357497,4.0,2,0
2025-05-28,664139,3,0,0,0.61,3.0,3,0
2025-05-28,664208,3,2,0,0.26,3.0,1,0
2025-05-28,664854,5,0,0,1.8239999999999998,5.0,5,0
2025-05-28,666171,4,2,0,1.014,4.0,2,0
2025-05-28,666661,6,1,0,2.126193548387097,6.0,5,1
2025-05-28,667463,3,2,0,0.559,3.0,1,0
2025-05-28,668678,25,3,3,7.783491000000001,25.0,19,0
2025-05-28,668881,21,3,1,5.729910793103448,20.0,17,1
2025-05-28,668941,3,1,0,0.2,3.0,2,0
2025-05-28,669020,5,2,1,0.844497,5.0,2,0
2025-05-28,669060,3,1,1,1.5974970000000002,3.0,1,0
2025-05-28,669622,3,0,0,0.065,3.0,3,0
2025-05-28,669724,4,1,0,0.27699999999999997,4.0,3,0
2025-05-28,669923,23,4,2,11.373529483870968,23.0,17,4
2025-05-28,670036,3,0,0,1.4716153846153845,3.0,3,0
2025-05-28,670167,3,1,0,1.292,3.0,2,0
2025-05-28,670955,5,0,0,2.2776666666666667,5.0,5,0
2025-05-28,671922,6,1,1,2.324497,6.0,4,0
2025-05-28,672282,4,3,0,0.507,4.0,1,0
2025-05-28,672582,3,0,0,1.2900487804878047,3.0,3,1
2025-05-28,673513,3,0,0,1.145,2.0,3,0
2025-05-28,676254,5,2,0,1.725289,5.0,2,0
2025-05-28,676395,4,2,0,0.83,4.0,2,0
2025-05-28,676534,3,0,0,0.35800000000000004,3.0,3,0
2025-05-28,678024,12,5,1,2.640497,12.0,6,0
2025-05-28,678394,20,2,2,8.821478090661437,19.0,16,3
2025-05-28,678495,7,4,0,1.3903333333333334,7.0,3,0
2025-05-28,678606,3,0,0,0.599,3.0,3,0
2025-05-28,678692,8,3,1,2.2538499411764703,8.0,4,1
2025-05-28,680604,16,1,2,8.086235856897733,16.0,12,3
2025-05-28,680755,5,2,1,0.788497,5.0,2,0
2025-05-28,680767,3,0,1,1.086497,3.0,2,0
2025-05-28,680880,5,1,1,2.6892551699346403,5.0,3,1
2025-05-28,681343,19,5,5,6.781467548387097,19.0,8,1
2025-05-28,681517,6,1,2,1.959994,6.0,3,0
2025-05-28,681869,4,2,0,0.331,4.0,2,0
2025-05-28,681892,5,1,1,1.671497,5.0,3,0
2025-05-28,681911,3,2,0,1.7179423076923075,3.0,1,1
2025-05-28,682120,3,0,1,0.851497,3.0,2,0
2025-05-28,682254,5,1,0,2.3211935483870967,5.0,4,1
2025-05-28,682825,5,0,2,2.9579940000000002,5.0,3,1
2025-05-28,682842,4,2,0,0.722289,3.0,1,0
2025-05-28,683232,7,2,0,1.846697674418605,7.0,5,1
2025-05-28,685126,5,2,0,0.9522889999999999,5.0,2,0
2025-05-28,685299,19,1,0,6.619532567049808,19.0,18,2
2025-05-28,686580,3,0,0,0.15,3.0,3,0
2025-05-28,686993,7,0,1,4.618944368421053,7.0,6,1
2025-05-28,687606,9,4,0,0.954,9.0,5,0
2025-05-28,688158,4,3,0,0.7642380952380952,4.0,1,1
2025-05-28,689958,4,2,0,0.5910000000000001,4.0,2,0
2025-05-28,690928,15,1,3,5.101794,14.0,11,0
2025-05-28,694037,3,2,0,0.187,3.0,1,0
2025-05-28,694350,3,0,0,0.114,3.0,3,0
2025-05-28,694738,21,7,2,4.849283,21.0,11,0
2025-05-28,694973,26,7,0,5.574222333333333,26.0,18,0
2025-05-28,695418,5,2,0,1.5070000000000001,5.0,3,0
2025-05-28,695549,23,4,3,8.498644846153846,22.0,16,1
2025-05-28,700249,24,9,3,9.678601644910644,24.0,12,3
2025-05-28,702070,27,2,2,8.663147846153846,27.0,23,0
2025-05-29,519242,24,8,3,5.2687800000000005,24.0,12,0
2025-05-29,554430,24,6,4,7.767143172413793,24.0,14,1
2025-05-29,570632,7,2,0,1.359,7.0,5,0
2025-05-29,572955,3,0,0,3.1062857142857143,3.0,3,2
2025-05-29,595345,3,2,0,0.002,3.0,1,0
2025-05-29,605347,5,1,1,2.2984970000000002,5.0,3,0
2025-05-29,605447,6,2,3,2.272491,6.0,1,0
2025-05-29,605452,5,1,1,3.779566503546099,5.0,3,2
2025-05-29,606160,4,2,1,0.7614970000000001,4.0,1,0
2025-05-29,607481,5,2,0,0.832289,5.0,2,0
2025-05-29,614179,1,0,0,0.085,1.0,1,0
2025-05-29,621244,21,9,2,3.271994,21.0,10,0
2025-05-29,621381,5,0,0,2.6786065573770492,5.0,5,1
2025-05-29,628452,5,1,0,2.3034325396825395,5.0,4,1
2025-05-29,640448,4,1,1,1.175497,4.0,2,0
2025-05-29,642100,3,1,0,1.2788124999999997,3.0,2,1
2025-05-29,642121,3,1,0,1.7149999999999999,3.0,2,0
2025-05-29,650911,25,5,2,10.323638047619047,23.0,16,3
2025-05-29,656240,13,3,1,4.025057,12.0,8,1
2025-05-29,656794,14,2,1,3.7774970000000003,14.0,11,0
2025-05-29,656848,6,1,0,1.687,6.0,5,0
2025-05-29,656986,6,2,0,1.7676451612903226,6.0,4,1
2025-05-29,660825,2,0,0,0.08299999999999999,2.0,2,0
2025-05-29,662253,3,1,0,0.646,3.0,2,1
2025-05-29,663687,5,1,0,2.9755154471544714,5.0,4,2
2025-05-29,663967,4,0,0,0.818289,4.0,3,0
2025-05-29,666215,6,1,0,2.950205071428572,6.0,4,2
2025-05-29,666374,5,2,0,1.444,5.0,3,0
2025-05-29,669022,22,8,0,4.2102889999999995,22.0,13,0
2025-05-29,669358,24,3,0,11.512352818627452,24.0,21,4
2025-05-29,669371,4,1,1,1.419786,4.0,1,0
2025-05-29,670955,2,1,0,0.639,2.0,1,0
2025-05-29,672391,6,2,3,2.081491,6.0,1,0
2025-05-29,672578,4,0,0,1.3685,4.0,4,1
2025-05-29,672841,5,0,0,1.824,5.0,5,0
2025-05-29,676092,7,0,1,5.246532359863072,6.0,6,3
2025-05-29,676106,19,4,3,5.878491,19.0,12,0
2025-05-29,676969,10,0,3,3.483866,10.0,7,0
2025-05-29,678226,5,0,2,2.592283,4.0,2,0
2025-05-29,678606,5,0,0,0.824,5.0,5,0
2025-05-29,679358,6,2,0,0.284,6.0,4,0
2025-05-29,680862,6,0,0,1.8439999999999999,6.0,6,0
2025-05-29,682052,12,0,1,6.589168428571429,12.0,11,2
2025-05-29,687424,10,0,3,6.810622249999999,10.0,7,3
2025-05-29,687473,18,4,3,5.606684548387097,18.0,11,1
2025-05-29,687911,7,0,0,3.891991702702703,7.0,6,1
2025-05-29,689147,6,1,0,2.519,6.0,5,0
2025-05-29,689254,4,2,0,0.372,4.0,2,0
2025-05-29,689266,2,1,0,0.7182666666666666,2.0,1,0
2025-05-29,700363,11,1,1,5.798833296381257,11.0,9,3
2025-05-30,445276,6,0,2,2.575994,6.0,4,0
2025-05-30,458677,1,1,0,0.0,1.0,0,0
2025-05-30,518876,24,6,2,10.22035055737705,23.0,15,2
2025-05-30,542888,1,0,0,0.014,1.0,1,0
2025-05-30,547973,3,2,0,0.006,3.0,1,0
2025-05-30,572955,5,2,0,1.008,5.0,3,0
2025-05-30,592094,5,1,2,2.3754298974358976,5.0,2,1
2025-05-30,592454,3,1,0,0.8099999999999999,3.0,2,0
2025-05-30,592779,3,0,0,0.558,3.0,3,0
2025-05-30,592836,20,6,1,4.086497,20.0,13,0
2025-05-30,596001,6,2,1,1.7334969999999998,6.0,3,0
2025-05-30,601713,23,8,0,4.682,23.0,15,0
2025-05-30,605135,23,6,2,9.471238453149,23.0,14,3
2025-05-30,605177,4,2,0,0.599,4.0,2,0
2025-05-30,605488,18,2,6,8.614773666666666,18.0,10,0
2025-05-30,607067,27,3,2,11.521841808105872,27.0,22,4
2025-05-30,607536,24,4,0,9.773279605263157,24.0,20,4
2025-05-30,607625,17,3,2,7.967772711484594,17.0,12,2
2025-05-30,608331,22,3,0,8.999309822017139,21.0,18,3
2025-05-30,608337,21,3,2,8.962927333333333,21.0,16,1
2025-05-30,615698,24,7,1,7.980038513368985,24.0,15,2
2025-05-30,621053,5,0,0,2.3919512195121952,5.0,5,1
2025-05-30,621107,24,6,1,5.817112384615385,24.0,17,0
2025-05-30,621242,3,3,0,0.0,3.0,0,0
2025-05-30,621383,5,1,0,2.5698437499999995,5.0,4,1
2025-05-30,623167,6,1,1,1.633997,6.0,4,0
2025-05-30,623211,5,1,0,1.2335454545454543,5.0,4,1
2025-05-30,623474,3,1,0,0.443,3.0,2,0
2025-05-30,640448,4,0,0,1.463289,4.0,3,0
2025-05-30,641329,3,1,0,0.8222499999999999,3.0,2,0
2025-05-30,641941,2,1,0,0.065,2.0,1,0
2025-05-30,642528,3,0,1,0.29300000000000004,2.0,2,0
2025-05-30,642585,6,2,1,2.5994482195121953,6.0,3,1
2025-05-30,643338,6,1,0,3.792857142857143,6.0,5,1
2025-05-30,643511,1,1,0,0.0,1.0,0,0
2025-05-30,650893,5,3,1,0.982497,5.0,1,0
2025-05-30,656186,4,2,0,0.723,4.0,2,0
2025-05-30,656222,4,0,0,1.9441428571428572,4.0,4,1
2025-05-30,656257,5,1,1,1.679497,5.0,3,0
2025-05-30,656550,24,9,1,5.850724272727272,24.0,14,2
2025-05-30,656605,23,1,2,6.679994,23.0,20,0
2025-05-30,656849,24,5,1,8.824554817204302,24.0,17,3
2025-05-30,656945,1,0,0,0.054,1.0,1,0
2025-05-30,657044,4,0,0,0.499,4.0,4,0
2025-05-30,657514,1,0,0,0.633,1.0,1,0
2025-05-30,657585,3,2,0,0.039,3.0,1,0
2025-05-30,657612,3,0,1,1.036497,3.0,2,0
2025-05-30,660787,5,0,0,2.343,5.0,5,0
2025-05-30,660853,3,1,0,0.997,3.0,2,0
2025-05-30,661395,3,1,0,0.261,3.0,2,0
2025-05-30,662253,7,2,0,2.973939393939393,7.0,5,1
2025-05-30,663158,4,3,0,0.054,4.0,1,0
2025-05-30,663432,3,2,0,0.564,3.0,1,0
2025-05-30,663485,6,0,0,3.3247142857142857,6.0,6,1
2025-05-30,663554,20,4,2,9.880209178571429,20.0,14,4
2025-05-30,663574,5,0,1,3.140497,5.0,4,0
2025-05-30,663623,24,0,1,9.693595557692309,24.0,23,1
2025-05-30,663687,6,2,2,3.149994,6.0,2,0
2025-05-30,663738,5,1,1,1.3254970000000001,5.0,3,0
2025-05-30,663893,3,0,1,1.108497,3.0,2,0
2025-05-30,663941,4,1,2,1.387994,4.0,1,0
2025-05-30,664062,27,4,3,11.531890096693429,27.0,19,3
2025-05-30,664076,3,2,0,1.3361111111111108,3.0,1,1
2025-05-30,664199,3,2,0,1.234022727272727,3.0,1,1
2025-05-30,664285,29,9,1,6.533997,29.0,19,1
2025-05-30,666171,5,1,1,1.338497,5.0,3,0
2025-05-30,666374,1,0,0,0.258,1.0,1,0
2025-05-30,666661,6,1,3,2.634491,6.0,2,0
2025-05-30,666808,5,2,1,0.9824970000000001,5.0,2,0
2025-05-30,667755,23,2,4,6.426988,23.0,17,0
2025-05-30,668933,4,0,0,1.5371666666666663,4.0,4,1
2025-05-30,668984,9,1,2,4.23133490909091,9.0,6,1
2025-05-30,669062,4,1,1,1.187497,3.0,2,0
2025-05-30,669084,10,4,1,1.136497,10.0,5,0
2025-05-30,669093,3,2,0,0.005,3.0,1,0
2025-05-30,669276,4,2,1,1.3211845,4.0,1,1
2025-05-30,669461,23,5,1,9.173037944587078,23.0,17,3
2025-05-30,669711,3,0,0,0.85,3.0,3,0
2025-05-30,669724,5,0,1,2.239497,5.0,4,0
2025-05-30,670036,3,1,0,0.7864444444444445,3.0,2,1
2025-05-30,670280,3,0,0,0.031,3.0,3,0
2025-05-30,671096,23,8,1,2.661747,23.0,14,1
2025-05-30,671922,2,1,0,0.58,2.0,1,0
2025-05-30,672282,3,2,0,0.378,3.0,1,0
2025-05-30,672578,8,3,1,3.6256508461538464,8.0,4,1
2025-05-30,672841,4,1,1,1.2838303333333334,4.0,2,0
2025-05-30,676083,15,5,0,3.866,15.0,10,0
2025-05-30,676254,1,0,0,0.166,1.0,1,0
2025-05-30,676263,3,1,0,0.965,3.0,2,0
2025-05-30,676428,7,2,2,0.972497,6.0,3,0
2025-05-30,676475,4,0,0,1.8126223333333331,4.0,3,0
2025-05-30,676477,8,2,1,1.881786,8.0,4,0
2025-05-30,676508,5,1,1,1.068497,5.0,3,0
2025-05-30,676661,10,3,2,2.6709940000000003,10.0,5,0
2025-05-30,676684,5,1,0,1.873,5.0,4,0
2025-05-30,676961,11,4,0,2.7964025974025972,11.0,7,0
2025-05-30,678020,4,0,0,2.0538809523809523,4.0,4,1
2025-05-30,680732,23,6,1,5.209497,22.0,15,0
2025-05-30,680742,6,2,0,0.998,6.0,4,0
2025-05-30,680880,6,0,1,4.777205333333334,6.0,5,2
2025-05-30,681911,4,0,0,2.406545454545454,4.0,4,1
2025-05-30,682120,4,1,1,2.521497,4.0,2,0
2025-05-30,682847,25,5,2,7.986994,25.0,18,0
2025-05-30,682990,22,0,0,5.502385714285714,22.0,22,1
2025-05-30,683004,22,6,2,6.85428399304866,22.0,13,1
2025-05-30,684320,3,0,1,1.7625636666666666,3.0,2,1
2025-05-30,686752,22,4,1,6.046360636363636,22.0,17,0
2025-05-30,686993,3,0,0,1.854,3.0,3,1
2025-05-30,687330,7,2,0,1.8162777777777777,7.0,5,1
2025-05-30,687396,4,1,0,0.912,4.0,3,0
2025-05-30,687765,11,0,2,6.400051152637486,10.0,9,3
2025-05-30,689225,3,2,0,0.723,3.0,1,0
2025-05-30,689254,3,1,0,0.394,3.0,2,0
2025-05-30,689266,4,0,0,0.8310000000000001,4.0,4,0
2025-05-30,689958,2,0,0,1.2438888888888888,2.0,2,1
2025-05-30,690986,18,5,3,5.493756151515152,18.0,10,1
2025-05-30,693433,27,3,1,8.376051383116883,27.0,23,2
2025-05-30,694335,6,1,0,1.6667096774193544,6.0,5,1
2025-05-30,694363,5,0,0,1.8439043846153846,5.0,4,0
2025-05-30,694851,10,4,0,3.738,10.0,6,1
2025-05-30,695418,8,3,2,2.657994,8.0,3,0
2025-05-30,700669,9,1,2,4.243994,9.0,6,0
2025-05-30,702352,4,1,0,1.341289,4.0,2,0
2025-05-30,805673,27,7,1,7.819139251082251,27.0,19,3
2025-05-31,519141,3,1,0,0.5690000000000001,3.0,2,0
2025-05-31,543243,25,10,1,5.947849941176471,25.0,14,2
2025-05-31,543294,28,6,2,6.021834454545454,26.0,19,1
2025-05-31,543518,10,1,3,5.066254999999999,10.0,5,1
2025-05-31,571578,21,3,2,4.651539454545454,21.0,16,0
2025-05-31,571771,4,0,0,0.6900000000000001,4.0,4,0
2025-05-31,571946,3,1,0,1.3442889999999998,3.0,1,0
2025-05-31,571948,4,0,0,0.464,4.0,4,0
2025-05-31,592662,25,9,3,5.173491,25.0,13,0
2025-05-31,592779,3,1,0,0.055,3.0,2,0
2025-05-31,593576,1,0,0,0.038,1.0,1,0
2025-05-31,593974,4,1,0,0.962,4.0,3,0
2025-05-31,595345,3,2,0,1.0279354838709678,3.0,1,1
2025-05-31,595897,7,3,0,1.7240909090909091,7.0,4,0
2025-05-31,596133,4,1,0,1.5994468085106377,4.0,3,1
2025-05-31,605130,4,3,1,0.691497,4.0,0,0
2025-05-31,605452,7,1,0,1.6989999999999998,7.0,6,0
2025-05-31,606160,3,0,0,1.0687727272727272,3.0,3,1
2025-05-31,606965,4,1,0,1.056,4.0,3,0
2025-05-31,607455,4,2,1,0.795497,4.0,1,0
2025-05-31,608032,4,0,0,1.3625897435897434,4.0,4,1
2025-05-31,608379,23,6,1,3.347943808510638,23.0,16,1
2025-05-31,608665,3,1,0,0.037,3.0,2,0
2025-05-31,608717,4,1,0,2.214875,4.0,3,1
2025-05-31,614179,8,0,0,3.5574166666666667,8.0,8,1
2025-05-31,621053,3,0,0,0.203,3.0,3,0
2025-05-31,621111,28,6,2,10.630699666192509,28.0,20,3
2025-05-31,621383,5,2,0,1.396,5.0,3,0
2025-05-31,622554,4,1,1,0.7914970000000001,4.0,2,0
2025-05-31,622569,8,0,0,4.094909090909091,8.0,8,1
2025-05-31,622608,22,2,2,12.122724175230175,22.0,18,3
2025-05-31,623437,3,0,0,1.4942580645161292,3.0,3,1
2025-05-31,641302,8,0,0,3.8177192982456143,8.0,8,1
2025-05-31,641401,5,0,0,1.5525454545454545,5.0,5,0
2025-05-31,641656,7,1,1,1.638497,7.0,5,0
2025-05-31,641745,3,0,0,0.282,3.0,3,0
2025-05-31,641793,37,6,1,11.277814571428571,37.0,29,1
2025-05-31,641927,19,4,1,5.485977,19.0,14,1
2025-05-31,642100,6,4,0,0.359,6.0,2,0
2025-05-31,642207,1,0,0,0.294,1.0,1,0
2025-05-31,642215,8,0,0,2.991842105263158,8.0,8,0
2025-05-31,642239,3,2,0,0.047,3.0,1,0
2025-05-31,642585,5,3,2,1.382994,5.0,0,0
2025-05-31,642701,5,1,2,1.504994,5.0,2,0
2025-05-31,643377,6,1,1,2.303,5.0,4,0
2025-05-31,643410,6,0,0,3.7581538461538457,6.0,6,1
2025-05-31,647336,23,3,1,6.435592384615385,23.0,19,0
2025-05-31,656186,5,1,2,2.095846941176471,5.0,2,1
2025-05-31,656257,8,1,0,2.801,8.0,7,0
2025-05-31,656302,22,6,1,7.189881439359268,22.0,15,2
2025-05-31,656546,6,1,1,3.5420783953488373,6.0,4,1
2025-05-31,657097,5,0,1,1.914497,5.0,4,0
2025-05-31,657514,1,0,0,0.036,1.0,1,0
2025-05-31,657571,2,1,0,0.359,2.0,1,0
2025-05-31,660787,6,0,1,2.829497,6.0,5,0
2025-05-31,660825,6,3,1,0.959497,6.0,2,0
2025-05-31,660896,6,0,1,2.7237192222222224,5.0,4,1
2025-05-31,661395,3,1,0,0.144,3.0,2,0
2025-05-31,661403,3,0,0,0.492,3.0,3,0
2025-05-31,663436,23,3,1,11.721176278074868,23.0,19,4
2025-05-31,663485,2,0,0,0.208,1.0,2,0
2025-05-31,663559,20,1,1,4.234497,19.0,18,0
2025-05-31,663671,4,0,1,0.890497,4.0,3,0
2025-05-31,663804,4,0,0,2.262289,4.0,3,0
2025-05-31,663893,4,0,2,2.190994,4.0,2,0
2025-05-31,664208,3,0,1,0.806497,3.0,2,0
2025-05-31,664854,3,2,0,0.542,3.0,1,0
2025-05-31,665152,26,7,2,7.503206765957446,26.0,17,1
2025-05-31,665795,24,5,3,9.484920487179487,24.0,16,1
2025-05-31,666157,22,5,2,7.641219170212766,22.0,14,1
2025-05-31,666171,6,0,1,2.7078303333333333,6.0,5,0
2025-05-31,666200,23,4,3,10.64510503508772,23.0,16,3
2025-05-31,666215,12,3,2,5.991420108374384,12.0,7,2
2025-05-31,666974,3,0,0,1.7592285714285716,3.0,3,1
2025-05-31,668390,6,2,1,0.961497,5.0,2,0
2025-05-31,668933,7,0,2,2.455994,7.0,5,0
2025-05-31,669020,8,2,2,1.923994,8.0,4,0
2025-05-31,669194,15,1,0,4.551641380952381,15.0,13,1
2025-05-31,669211,3,0,1,0.778497,3.0,2,0
2025-05-31,669276,3,1,0,0.145,3.0,2,0
2025-05-31,669308,5,2,0,1.3434666666666666,5.0,3,0
2025-05-31,669371,8,2,2,3.8598065,8.0,4,1
2025-05-31,669373,22,7,0,2.802,22.0,15,0
2025-05-31,669622,5,1,1,1.173497,5.0,3,0
2025-05-31,670167,4,2,1,0.691497,4.0,1,0
2025-05-31,670280,3,1,0,0.673,3.0,2,0
2025-05-31,671106,3,2,0,0.381,3.0,1,0
2025-05-31,671131,5,1,0,2.072861111111111,5.0,4,1
2025-05-31,671922,3,2,0,0.598,3.0,1,0
2025-05-31,672391,6,0,1,5.95586617562724,6.0,5,3
2025-05-31,672841,6,1,0,1.903289,6.0,4,0
2025-05-31,673513,4,0,0,3.041568965517241,4.0,4,2
2025-05-31,673540,23,7,2,5.161618530663329,23.0,14,2
2025-05-31,673929,3,0,0,0.15200000000000002,3.0,3,0
2025-05-31,675848,5,2,0,1.6208529411764707,5.0,3,1
2025-05-31,676092,7,1,1,3.067497,7.0,5,0
2025-05-31,676130,6,1,2,1.806994,6.0,3,0
2025-05-31,676467,21,6,1,4.5162450980392155,20.0,14,1
2025-05-31,676534,4,0,0,1.556,3.0,3,0
2025-05-31,676962,20,9,1,4.09934660718294,20.0,10,1
2025-05-31,677944,22,3,3,10.62097459929078,22.0,16,3
2025-05-31,678226,2,2,0,0.0,2.0,0,0
2025-05-31,678495,3,0,0,0.581,3.0,3,0
2025-05-31,678606,3,0,0,1.0152889999999999,3.0,2,0
2025-05-31,678692,5,2,0,1.6826047894736844,5.0,2,1
2025-05-31,680684,27,1,2,15.919567185922945,27.0,24,6
2025-05-31,680689,1,0,0,0.063,1.0,1,0
2025-05-31,680755,9,1,1,4.711664372881356,9.0,7,2
2025-05-31,680767,3,1,0,1.127,3.0,2,0
2025-05-31,680885,24,11,0,5.640318181818182,24.0,13,2
2025-05-31,681869,6,1,0,2.455909090909091,6.0,5,0
2025-05-31,681982,3,0,0,1.7695689655172409,3.0,3,1
2025-05-31,682243,19,2,1,6.670961525092192,18.0,14,3
2025-05-31,683769,3,2,0,0.5066153846153847,3.0,1,0
2025-05-31,684320,4,2,0,0.498,4.0,2,0
2025-05-31,686973,3,2,0,0.298,3.0,1,0
2025-05-31,687396,5,1,1,2.7976636666666668,5.0,3,1
2025-05-31,687922,18,3,1,5.597190548387096,18.0,14,1
2025-05-31,689017,23,6,3,7.04145783046683,23.0,14,3
2025-05-31,689225,5,0,0,1.7341935483870967,5.0,5,1
2025-05-31,694037,3,1,0,0.772,3.0,2,0
2025-05-31,694297,8,0,0,5.249893789473685,8.0,6,1
2025-05-31,694477,23,6,0,6.002262337662337,23.0,17,2
2025-05-31,695243,3,1,0,0.69,3.0,2,0
2025-05-31,699134,6,1,1,1.651786,6.0,3,0
2025-05-31,701542,14,2,4,7.470715272727274,14.0,8,1
2025-06-01,450203,28,7,1,6.837497,27.0,19,0
2025-06-01,500779,23,3,4,6.813988,23.0,16,0
2025-06-01,518489,5,1,1,1.882997,5.0,3,0
2025-06-01,519151,3,3,0,0.0,3.0,0,0
2025-06-01,519326,9,0,2,2.8425091515151517,9.0,7,1
2025-06-01,542888,3,0,0,0.761,3.0,3,0
2025-06-01,547973,4,1,1,1.206497,4.0,2,0
2025-06-01,552640,2,0,0,0.664,2.0,2,0
2025-06-01,571760,22,3,0,7.336508070175438,21.0,19,2
2025-06-01,571927,4,0,0,0.989,4.0,4,0
2025-06-01,571946,3,2,0,0.291,3.0,1,0
2025-06-01,571948,4,1,0,0.978,4.0,3,0
2025-06-01,573124,3,1,0,0.612,3.0,2,0
2025-06-01,573204,2,0,0,0.376,2.0,2,0
2025-06-01,592094,3,1,0,0.066,3.0,2,0
2025-06-01,592332,24,7,2,5.287994,23.0,15,0
2025-06-01,592426,4,1,0,1.235,4.0,3,0
2025-06-01,592454,4,0,0,2.1841666666666666,4.0,4,1
2025-06-01,592791,23,2,1,6.651497,23.0,20,1
2025-06-01,593974,6,2,1,2.0039087647058826,6.0,3,1
2025-06-01,594798,23,4,3,7.301491,23.0,16,1
2025-06-01,605280,24,3,0,7.942867145521408,24.0,20,2
2025-06-01,605288,27,6,1,10.826972527161011,27.0,20,2
2025-06-01,605447,4,2,1,1.493497,4.0,1,0
2025-06-01,607200,25,5,3,9.149698284650833,24.0,16,1
2025-06-01,607259,23,2,2,10.208779278544151,23.0,18,3
2025-06-01,607455,4,1,2,1.5839940000000001,4.0,1,0
2025-06-01,607481,7,5,0,0.8119999999999999,7.0,2,0
2025-06-01,608717,9,4,2,2.401651894736842,9.0,3,1
2025-06-01,608718,6,1,0,1.319,6.0,5,0
2025-06-01,621051,1,0,0,0.367,1.0,1,0
2025-06-01,621242,4,3,0,0.263,4.0,1,0
2025-06-01,621381,3,1,0,0.041,3.0,2,0
2025-06-01,622491,24,5,2,6.970405764705883,23.0,16,1
2025-06-01,622786,3,0,1,0.851497,3.0,2,0
2025-06-01,623352,3,2,0,0.036,3.0,1,0
2025-06-01,624133,25,2,0,5.124289,25.0,22,0
2025-06-01,628452,3,2,0,0.005,3.0,1,0
2025-06-01,641329,3,2,0,0.002,3.0,1,0
2025-06-01,641401,1,0,0,0.2,1.0,1,0
2025-06-01,641755,3,0,0,0.253,3.0,3,0
2025-06-01,642152,4,2,0,1.634,4.0,2,0
2025-06-01,642207,3,2,0,0.385,3.0,1,0
2025-06-01,642232,21,5,0,5.031,21.0,16,0
2025-06-01,642397,3,0,0,0.9498,3.0,3,0
2025-06-01,642528,5,2,0,2.3239388888888888,5.0,3,2
2025-06-01,643338,6,2,1,1.317497,6.0,3,0
2025-06-01,643377,3,1,0,0.425,3.0,2,0
2025-06-01,643511,3,1,0,0.065,2.0,1,0
2025-06-01,650556,5,2,1,1.517497,5.0,2,0
2025-06-01,656222,3,1,1,1.074497,3.0,1,0
2025-06-01,656234,4,3,0,0.33,4.0,1,0
2025-06-01,656271,7,3,0,1.014,7.0,4,0
2025-06-01,656546,3,2,0,0.002,3.0,1,0
2025-06-01,656730,4,1,0,0.656,4.0,3,0
2025-06-01,657024,5,1,0,1.9982889999999998,5.0,3,0
2025-06-01,657571,5,1,1,2.5298151818181815,5.0,3,1
2025-06-01,657585,4,2,0,0.774,4.0,2,0
2025-06-01,657612,3,1,0,0.652,3.0,2,0
2025-06-01,657649,4,0,0,0.78,4.0,4,0
2025-06-01,660825,3,0,0,0.328,3.0,3,0
2025-06-01,660853,2,1,0,0.198,2.0,1,0
2025-06-01,661403,3,2,0,0.372,3.0,1,0
2025-06-01,662253,5,2,1,1.054497,5.0,2,0
2025-06-01,663158,3,2,0,0.013,3.0,1,0
2025-06-01,663432,5,0,3,2.694491,5.0,2,0
2025-06-01,663460,26,9,2,6.5934265396825396,26.0,15,2
2025-06-01,663562,8,2,0,2.9721234545454545,8.0,4,0
2025-06-01,663767,1,0,0,0.033,1.0,1,0
2025-06-01,663855,4,1,3,2.074491,4.0,0,0
2025-06-01,663947,4,1,0,0.28500000000000003,4.0,3,0
2025-06-01,663969,4,1,0,1.591,4.0,3,0
2025-06-01,663978,29,10,1,9.530675571428572,29.0,18,1
2025-06-01,666374,5,2,0,1.799289,5.0,2,0
2025-06-01,666808,6,0,2,2.712994,6.0,4,0
2025-06-01,668909,24,6,2,5.083283,24.0,15,0
2025-06-01,669062,4,1,0,0.9777999999999999,4.0,3,0
2025-06-01,669203,19,6,1,4.142941444444444,19.0,12,1
2025-06-01,669711,3,1,0,1.000909090909091,3.0,2,0
2025-06-01,670036,1,1,0,0.0,1.0,0,0
2025-06-01,670955,5,1,1,1.183497,4.0,2,0
2025-06-01,670970,1,0,0,0.165,1.0,1,0
2025-06-01,671737,27,10,2,5.320994,27.0,15,0
2025-06-01,672456,20,2,1,6.494782714285714,20.0,17,0
2025-06-01,672582,5,0,0,0.808,5.0,5,0
2025-06-01,674285,5,1,1,1.4251123846153846,5.0,3,0
2025-06-01,676254,2,1,0,0.029,2.0,1,0
2025-06-01,676664,22,3,0,6.517289,22.0,18,1
2025-06-01,676684,3,0,0,0.458,3.0,3,0
2025-06-01,676979,28,12,2,5.881216222222222,28.0,14,1
2025-06-01,677952,3,2,0,0.081,3.0,1,0
2025-06-01,677960,26,7,3,6.4101455454545455,26.0,16,1
2025-06-01,679885,3,2,0,0.005,3.0,1,0
2025-06-01,680689,6,2,1,0.9099090909090909,5.0,3,0
2025-06-01,680730,20,2,2,7.959438444444444,20.0,16,2
2025-06-01,680742,3,1,1,1.2184970000000002,3.0,1,0
2025-06-01,680880,6,1,1,2.2514535217391303,6.0,4,0
2025-06-01,681190,18,3,3,7.800945475308642,18.0,12,2
2025-06-01,681517,5,0,1,2.9781726756756752,5.0,4,1
2025-06-01,682610,5,1,1,2.8120751250000007,4.0,3,1
2025-06-01,682842,3,0,0,0.966,3.0,3,0
2025-06-01,683232,3,1,0,1.52835,3.0,2,0
2025-06-01,683769,6,2,1,1.7700684285714288,6.0,3,1
2025-06-01,685126,4,2,0,0.033,4.0,2,0
2025-06-01,686613,21,5,4,6.144488,21.0,12,0
2025-06-01,686799,19,4,3,8.868215897435897,19.0,11,1
2025-06-01,686993,4,0,0,3.262238095238095,4.0,3,2
2025-06-01,687223,21,8,2,8.0320102521912,21.0,10,3
2025-06-01,687765,7,2,0,1.407,7.0,5,0
2025-06-01,687911,3,0,0,1.4727454545454544,3.0,3,1
2025-06-01,688158,6,2,0,1.088,6.0,4,0
2025-06-01,688642,4,0,0,2.1777575757575756,4.0,4,1
2025-06-01,689147,6,0,1,1.811497,6.0,5,0
2025-06-01,689254,4,2,0,0.269,4.0,2,0
2025-06-01,691441,8,2,1,2.374497,8.0,5,0
2025-06-01,693821,25,4,3,10.287211238095239,25.0,18,2
2025-06-01,694350,4,1,1,0.937497,4.0,2,0
2025-06-01,695418,3,1,0,1.018,3.0,2,0
2025-06-01,695445,4,1,0,0.486,4.0,3,0
2025-06-01,806185,21,5,0,4.619,21.0,16,0
2025-06-01,806188,4,0,0,0.503,4.0,4,0
2025-06-01,808967,21,2,3,9.34609755737705,21.0,16,1
2025-06-02,445276,3,1,0,1.339339285714285,3.0,2,1
2025-06-02,519326,3,1,0,0.548,3.0,2,0
2025-06-02,542881,22,5,2,8.40778333525491,22.0,15,3
2025-06-02,573124,1,0,0,0.077,1.0,1,0
2025-06-02,592094,5,3,1,0.546,4.0,1,0
2025-06-02,592773,4,0,0,1.387,4.0,4,0
2025-06-02,592779,3,1,1,0.885497,3.0,1,0
2025-06-02,593576,4,1,0,1.8130338983050842,4.0,3,1
2025-06-02,595897,4,1,1,1.274497,4.0,2,0
2025-06-02,605130,3,1,0,0.089,3.0,2,0
2025-06-02,605154,3,1,0,0.115,3.0,2,0
2025-06-02,608566,26,6,2,10.635271188060168,26.0,18,3
2025-06-02,608718,4,1,0,1.6016451612903224,4.0,3,1
2025-06-02,620454,3,1,1,1.197497,3.0,1,0
2025-06-02,621112,19,3,1,3.8639107931034484,19.0,15,1
2025-06-02,621242,5,2,0,2.1005000000000003,5.0,3,0
2025-06-02,622663,28,1,1,10.542840409005628,28.0,25,2
2025-06-02,622786,3,0,0,0.208,3.0,3,0
2025-06-02,623211,6,2,2,2.850312181818181,6.0,2,1
2025-06-02,623437,4,2,0,1.0250000000000001,4.0,2,0
2025-06-02,641755,4,1,0,1.1845714285714286,4.0,3,0
2025-06-02,642152,3,1,0,0.205,3.0,2,0
2025-06-02,642239,3,1,0,1.181,3.0,2,0
2025-06-02,650644,23,5,1,6.1184970000000005,23.0,17,0
2025-06-02,656234,4,0,0,0.9490000000000001,4.0,4,0
2025-06-02,656427,23,4,1,6.743306523809523,23.0,18,1
2025-06-02,656730,3,1,0,0.40199999999999997,3.0,2,0
2025-06-02,656794,6,1,1,2.1654970000000002,6.0,4,0
2025-06-02,656945,6,1,1,2.6633255714285715,6.0,4,1
2025-06-02,657277,30,7,0,5.106289,30.0,22,0
2025-06-02,657649,4,2,1,0.897497,4.0,1,0
2025-06-02,657746,26,4,3,9.327629000000002,26.0,17,2
2025-06-02,663158,7,1,0,3.1282666666666668,6.0,6,0
2025-06-02,663568,22,3,2,5.052905333333333,20.0,13,0
2025-06-02,663687,6,2,3,2.0884910000000003,6.0,1,0
2025-06-02,663903,21,4,3,7.327491,21.0,14,1
2025-06-02,664139,5,1,0,1.078,5.0,4,0
2025-06-02,665660,7,1,0,1.857,7.0,6,0
2025-06-02,666171,3,2,0,0.057,3.0,1,0
2025-06-02,668820,4,2,0,2.4896470588235293,4.0,2,1
2025-06-02,669060,27,2,1,12.64892557142857,27.0,24,1
2025-06-02,669093,3,1,2,1.382994,3.0,0,0
2025-06-02,669160,26,5,2,8.55149711111111,25.0,18,2
2025-06-02,670970,4,2,1,0.834497,4.0,1,0
2025-06-02,672282,6,0,1,2.248497,6.0,5,0
2025-06-02,676130,2,0,0,0.443,2.0,2,0
2025-06-02,676254,3,0,0,0.058,2.0,3,0
2025-06-02,676263,6,1,0,0.747,6.0,5,0
2025-06-02,676974,25,5,1,10.226480333333333,25.0,19,2
2025-06-02,678020,3,1,0,0.154,3.0,2,0
2025-06-02,678368,11,4,0,1.654,11.0,7,0
2025-06-02,678495,3,2,0,0.674,3.0,1,0
2025-06-02,681892,4,1,2,1.630994,4.0,1,0
2025-06-02,681916,7,0,1,2.4927859999999997,7.0,5,0
2025-06-02,681962,3,0,0,0.8183157894736843,3.0,3,1
2025-06-02,682842,3,2,0,0.002,3.0,1,0
2025-06-02,686563,16,5,3,7.585241794415022,16.0,8,3
2025-06-02,686973,3,1,0,0.615,3.0,2,0
2025-06-02,688642,3,0,0,0.738,3.0,3,0
2025-06-02,690916,9,0,1,6.6102701421121255,9.0,8,3
2025-06-02,690928,19,4,1,7.598461976958525,19.0,14,2
2025-06-02,692285,6,0,0,1.065,6.0,6,0
2025-06-03,445276,5,1,2,1.392497,4.0,2,0
2025-06-03,477132,23,2,3,7.901210298245615,23.0,18,2
2025-06-03,519151,4,0,0,1.322,4.0,4,0
2025-06-03,547179,16,2,1,7.733703557377049,16.0,13,2
2025-06-03,547973,3,1,0,0.526,3.0,2,0
2025-06-03,570632,3,0,0,0.948,3.0,3,0
2025-06-03,571927,7,2,0,1.926,7.0,5,0
2025-06-03,571946,5,1,0,2.1455409836065575,5.0,4,1
2025-06-03,572955,4,1,2,1.382994,3.0,0,0
2025-06-03,573204,5,1,0,1.62525,5.0,4,1
2025-06-03,579328,26,5,5,13.356903609022556,26.0,16,3
2025-06-03,592155,3,2,1,0.691497,3.0,0,0
2025-06-03,592866,20,4,1,7.164848454232564,20.0,15,4
2025-06-03,593576,3,0,0,1.2429999999999999,3.0,3,0
2025-06-03,605130,3,0,0,0.892,3.0,3,0
2025-06-03,605177,3,0,2,2.066994,3.0,1,0
2025-06-03,605452,3,1,0,0.848,3.0,2,0
2025-06-03,606160,9,1,0,4.288191489361703,9.0,8,1
2025-06-03,607074,26,8,1,5.556497,26.0,17,0
2025-06-03,607455,1,0,0,1.097,1.0,1,1
2025-06-03,608032,5,2,1,1.171497,5.0,2,0
2025-06-03,608372,25,5,1,9.002272384615384,25.0,19,1
2025-06-03,621053,5,1,0,2.336755666666667,5.0,3,1
2025-06-03,621121,23,7,1,7.668373606837607,23.0,13,1
2025-06-03,623211,4,3,0,1.870888888888889,4.0,1,1
2025-06-03,623352,3,2,0,1.0279354838709678,3.0,1,1
2025-06-03,623437,4,1,0,0.772,4.0,3,0
2025-06-03,623474,8,2,0,3.386,8.0,6,0
2025-06-03,641154,21,4,3,7.372069125000001,21.0,14,1
2025-06-03,641329,5,2,0,1.147,5.0,3,0
2025-06-03,641401,3,2,0,0.0,3.0,1,0
2025-06-03,641778,13,2,1,2.4628303333333332,13.0,10,0
2025-06-03,641816,23,5,2,6.103994,23.0,16,0
2025-06-03,641941,4,1,0,1.7732280701754384,4.0,3,1
2025-06-03,642207,5,1,0,0.603,5.0,4,0
2025-06-03,642239,3,0,1,0.177,2.0,2,0
2025-06-03,642547,27,9,3,9.248755150943396,27.0,15,2
2025-06-03,642585,3,1,0,0.622,3.0,2,0
2025-06-03,642701,4,0,0,1.7229090909090912,4.0,4,1
2025-06-03,643410,4,0,1,2.0524970000000002,4.0,3,0
2025-06-03,643511,4,0,0,0.948,4.0,4,0
2025-06-03,645261,24,4,1,5.984042454545454,24.0,19,0
2025-06-03,650556,3,0,0,0.9610000000000001,3.0,3,0
2025-06-03,650893,3,0,0,1.0310000000000001,3.0,3,0
2025-06-03,650911,26,4,4,6.952306181818181,25.0,17,1
2025-06-03,656186,3,1,0,0.334,3.0,2,0
2025-06-03,656240,1,0,0,0.212,1.0,1,0
2025-06-03,656271,3,0,0,0.453,3.0,3,0
2025-06-03,656641,6,3,0,0.521,6.0,3,0
2025-06-03,656731,23,7,1,5.96053148275862,23.0,15,1
2025-06-03,656876,16,8,0,2.023,16.0,8,0
2025-06-03,656945,3,2,0,0.232,3.0,1,0
2025-06-03,657024,4,0,0,0.8184137931034483,4.0,4,1
2025-06-03,657044,3,0,0,0.577,3.0,3,0
2025-06-03,657585,5,2,1,1.129497,5.0,2,0
2025-06-03,660825,4,0,1,2.0050570000000008,4.0,3,1
2025-06-03,660853,4,1,0,1.263,4.0,3,0
2025-06-03,660896,6,4,0,0.18,6.0,2,0
2025-06-03,663399,4,0,1,1.691497,4.0,3,0
2025-06-03,663465,6,0,1,2.497401761904762,6.0,5,1
2025-06-03,663485,6,1,1,2.600497,6.0,4,0
2025-06-03,663574,2,0,0,0.22799999999999998,2.0,2,0
2025-06-03,663738,5,1,2,1.9809940000000001,5.0,2,0
2025-06-03,663804,6,1,0,1.4333636363636364,6.0,5,0
2025-06-03,663947,6,0,0,1.7763181818181812,6.0,6,1
2025-06-03,663969,5,0,0,2.016289,5.0,4,0
2025-06-03,664076,6,2,1,2.581497,6.0,3,0
2025-06-03,664126,3,0,0,0.878,3.0,3,0
2025-06-03,664199,3,0,0,0.45799999999999996,3.0,3,0
2025-06-03,665660,9,3,1,3.1424324838709676,9.0,5,1
2025-06-03,666808,7,2,2,2.813994,7.0,3,0
2025-06-03,667463,4,0,1,0.913497,3.0,3,0
2025-06-03,668678,27,4,1,6.114448219512195,27.0,22,1
2025-06-03,668881,23,7,3,7.472403337662338,23.0,13,1
2025-06-03,668933,4,1,0,1.228,4.0,3,0
2025-06-03,669062,5,1,2,2.344283,5.0,1,0
2025-06-03,669093,3,0,0,0.681,2.0,3,0
2025-06-03,669308,11,2,1,2.357497,11.0,8,0
2025-06-03,669371,4,1,1,1.7397242727272728,4.0,2,1
2025-06-03,669467,20,2,0,7.436152011922504,20.0,18,2
2025-06-03,669622,4,1,0,1.801857142857143,4.0,3,1
2025-06-03,669711,3,0,0,0.641,3.0,3,0
2025-06-03,669724,8,3,2,1.692994,8.0,3,0
2025-06-03,669923,23,3,1,6.059497,23.0,19,0
2025-06-03,670102,15,2,2,7.288477709827283,15.0,10,3
2025-06-03,670167,6,1,0,0.9790000000000001,6.0,5,0
2025-06-03,670955,1,1,0,0.0,1.0,0,0
2025-06-03,671131,3,0,0,0.393,3.0,3,0
2025-06-03,672282,3,2,0,0.0,3.0,1,0
2025-06-03,672578,3,1,0,0.17300000000000001,3.0,2,0
2025-06-03,672582,4,0,1,2.029497,4.0,3,0
2025-06-03,673513,3,0,0,0.263,3.0,3,0
2025-06-03,673929,6,0,1,2.307284878787879,6.0,5,1
2025-06-03,674285,4,2,1,0.889497,4.0,1,0
2025-06-03,674370,6,1,2,2.751994,6.0,3,0
2025-06-03,674444,5,2,0,0.575,5.0,3,0
2025-06-03,675848,7,0,1,2.0098303333333334,6.0,6,0
2025-06-03,675911,22,4,2,11.31673820849421,22.0,16,5
2025-06-03,676051,5,1,0,1.438568965517241,5.0,4,1
2025-06-03,676092,6,0,0,3.9208181818181824,6.0,6,1
2025-06-03,676130,3,0,1,1.8715813953488372,2.0,2,1
2025-06-03,676428,8,4,1,1.6054970000000002,8.0,3,0
2025-06-03,676440,26,6,2,8.394742008385744,26.0,18,3
2025-06-03,676477,4,1,0,0.8708214285714286,4.0,3,1
2025-06-03,676508,8,2,0,2.318,8.0,6,0
2025-06-03,676534,4,0,0,1.608,4.0,4,0
2025-06-03,676661,5,1,2,2.5952061212121214,5.0,2,1
2025-06-03,677161,4,0,1,0.934497,3.0,3,0
2025-06-03,678020,3,0,0,1.5806756756756755,3.0,3,1
2025-06-03,678394,27,4,2,8.486336740014524,27.0,20,2
2025-06-03,680755,4,3,0,0.237,4.0,1,0
2025-06-03,680767,4,0,0,0.8310000000000001,4.0,4,0
2025-06-03,680880,6,0,1,2.117497,6.0,5,0
2025-06-03,681343,20,6,2,5.123994,20.0,12,0
2025-06-03,681517,5,1,1,1.574497,5.0,3,0
2025-06-03,681869,3,0,0,0.231,3.0,3,0
2025-06-03,681911,3,0,0,0.601,3.0,3,0
2025-06-03,681916,6,0,1,2.3081845,5.0,4,1
2025-06-03,681982,6,1,1,2.2622424545454547,6.0,4,1
2025-06-03,682052,20,9,1,7.397627233317993,20.0,9,3
2025-06-03,682254,3,1,0,0.627,3.0,2,0
2025-06-03,685126,5,1,0,1.3250000000000002,5.0,4,0
2025-06-03,686701,21,2,2,7.1411030686274515,21.0,17,1
2025-06-03,687330,3,0,0,0.379,3.0,3,0
2025-06-03,687606,7,3,1,1.625497,7.0,3,0
2025-06-03,689225,5,2,1,0.765497,5.0,2,0
2025-06-03,690990,23,3,1,6.943645648648649,22.0,18,2
2025-06-03,693312,2,0,0,0.54,2.0,2,0
2025-06-03,694335,6,0,0,1.383,6.0,6,0
2025-06-03,694350,8,2,0,2.0537692307692312,8.0,6,1
2025-06-03,694738,24,5,2,6.662077333333333,24.0,17,2
2025-06-03,694973,27,8,1,5.762689207792207,27.0,18,1
2025-06-03,695445,6,0,1,2.589497,6.0,5,0
2025-06-03,702352,5,0,0,0.859,5.0,5,0
2025-06-03,801403,14,1,3,4.759491,14.0,10,0
2025-06-04,458677,3,2,0,0.288,3.0,1,0
2025-06-04,489119,13,0,0,5.813,13.0,12,0
2025-06-04,518585,5,3,0,2.332290061633282,5.0,2,2
2025-06-04,518876,23,8,1,5.597961285714286,23.0,14,1
2025-06-04,519242,26,10,4,6.831515095238095,25.0,10,1
2025-06-04,519326,4,0,0,0.8653333333333333,4.0,4,0
2025-06-04,542888,3,2,0,0.803,3.0,1,0
2025-06-04,571510,26,6,1,5.928637350877193,26.0,19,1
2025-06-04,571948,4,2,0,0.32599999999999996,4.0,2,0
2025-06-04,592094,6,1,1,2.7780379836065574,6.0,4,1
2025-06-04,592454,3,0,0,0.494,3.0,3,0
2025-06-04,592773,4,1,0,1.711175,4.0,3,1
2025-06-04,592779,3,2,0,0.027,3.0,1,0
2025-06-04,593974,3,0,0,0.5680000000000001,3.0,3,0
2025-06-04,595345,4,1,0,0.8974545454545454,4.0,3,0
2025-06-04,601713,25,5,1,7.263784202380952,25.0,19,2
2025-06-04,605154,5,0,1,2.350274777777778,5.0,4,0
2025-06-04,605447,4,1,0,1.2369361702127661,4.0,3,1
2025-06-04,605488,27,7,2,8.748166222222222,27.0,18,2
2025-06-04,607455,3,0,0,0.6890000000000001,3.0,3,0
2025-06-04,607481,1,0,0,0.448,1.0,1,0
2025-06-04,607536,23,4,0,7.500574714285714,23.0,18,1
2025-06-04,608337,14,1,1,7.002958538461538,14.0,12,1
2025-06-04,615698,20,2,1,7.493741949494949,20.0,17,2
2025-06-04,620454,9,2,0,2.772289,9.0,6,0
2025-06-04,621051,5,1,1,1.284497,5.0,3,0
2025-06-04,621244,23,5,2,8.008936307692307,23.0,16,1
2025-06-04,621381,3,0,0,0.984787878787879,3.0,3,1
2025-06-04,621383,3,0,0,0.344,3.0,3,0
2025-06-04,622554,3,2,0,0.05,3.0,1,0
2025-06-04,628452,6,1,1,2.352497,6.0,4,0
2025-06-04,640448,5,1,0,1.545,5.0,4,0
2025-06-04,641755,3,1,0,0.113,3.0,2,0
2025-06-04,642100,4,3,1,0.691497,4.0,0,0
2025-06-04,642152,3,0,0,0.628,3.0,3,0
2025-06-04,642397,4,3,1,0.691497,4.0,0,0
2025-06-04,642585,5,0,1,1.7597827142857143,5.0,4,1
2025-06-04,643338,3,1,0,0.9742857142857143,3.0,2,1
2025-06-04,643377,3,3,0,0.0,3.0,0,0
2025-06-04,643511,4,1,0,0.7090000000000001,4.0,3,0
2025-06-04,650893,2,0,0,0.383,2.0,2,0
2025-06-04,655889,4,1,0,1.709,4.0,3,0
2025-06-04,656234,2,0,0,0.419,2.0,2,0
2025-06-04,656271,7,1,1,2.482497,7.0,5,0
2025-06-04,656288,22,7,1,6.176322059101655,22.0,14,1
2025-06-04,656546,2,0,0,0.542,2.0,2,0
2025-06-04,656986,3,1,0,0.193,3.0,2,0
2025-06-04,657044,3,1,0,1.076,3.0,2,0
2025-06-04,657097,5,2,0,1.082,5.0,3,0
2025-06-04,657376,25,8,1,6.728892061728395,25.0,16,1
2025-06-04,657514,5,0,0,2.5301833333333335,5.0,5,1
2025-06-04,657612,5,1,0,1.081,5.0,4,0
2025-06-04,661395,3,2,0,0.042,3.0,1,0
2025-06-04,661403,5,3,0,0.16799999999999998,5.0,2,0
2025-06-04,663546,9,1,1,1.374497,8.0,6,0
2025-06-04,663687,8,1,2,3.113994,8.0,5,0
2025-06-04,663767,3,1,1,0.7444970000000001,3.0,1,0
2025-06-04,663893,5,2,0,0.32299999999999995,5.0,3,0
2025-06-04,663947,5,1,0,0.8755,5.0,4,0
2025-06-04,664062,22,6,3,7.094322372881356,22.0,12,1
2025-06-04,664126,5,0,0,1.6380000000000001,5.0,5,0
2025-06-04,666374,3,0,0,1.3704545454545454,3.0,3,0
2025-06-04,666974,2,1,0,0.251,2.0,1,0
2025-06-04,667755,22,3,3,8.76378,22.0,15,0
2025-06-04,668390,4,1,1,1.6446636666666667,4.0,2,1
2025-06-04,668984,4,0,1,1.864497,4.0,3,0
2025-06-04,669022,26,7,1,6.1774526666666665,26.0,17,0
2025-06-04,669084,12,3,2,3.9869939999999997,12.0,7,0
2025-06-04,669276,4,0,0,1.069,4.0,4,0
2025-06-04,669358,22,5,1,5.736497,22.0,16,0
2025-06-04,669711,3,0,0,0.979,3.0,3,0
2025-06-04,670280,4,2,0,1.5486486486486484,4.0,2,1
2025-06-04,670955,4,2,1,0.714497,4.0,1,0
2025-06-04,671096,26,6,1,8.656122,25.0,19,2
2025-06-04,672841,3,0,1,1.205497,3.0,2,0
2025-06-04,673929,5,0,1,1.7344970000000002,5.0,4,0
2025-06-04,673965,4,1,0,0.64,4.0,3,0
2025-06-04,676083,13,6,0,4.038524703557312,13.0,7,2
2025-06-04,676106,20,6,2,6.432511241379311,20.0,12,1
2025-06-04,676254,3,0,0,1.8125454545454542,3.0,3,1
2025-06-04,676477,3,2,0,0.082,3.0,1,0
2025-06-04,676684,6,3,0,0.119,6.0,3,0
2025-06-04,677952,7,3,0,0.696,7.0,4,0
2025-06-04,677958,19,5,2,9.913413775075988,19.0,11,3
2025-06-04,678024,14,3,0,6.037717754578755,14.0,10,3
2025-06-04,678226,3,1,2,1.382994,3.0,0,0
2025-06-04,678495,2,1,0,0.0,2.0,1,0
2025-06-04,679885,10,4,4,2.87578,9.0,1,0
2025-06-04,680689,4,1,1,0.911497,4.0,2,0
2025-06-04,680767,3,1,0,0.607,3.0,2,0
2025-06-04,681347,20,6,0,6.197418487394958,20.0,14,1
2025-06-04,681867,6,2,1,1.298497,6.0,3,0
2025-06-04,682120,4,0,0,1.0978,4.0,4,0
2025-06-04,682254,4,3,0,0.414,4.0,1,0
2025-06-04,682847,21,7,3,5.391491,21.0,11,0
2025-06-04,682990,19,4,3,4.683491,17.0,10,0
2025-06-04,683232,4,0,0,0.545,4.0,4,0
2025-06-04,683769,3,0,0,0.614,3.0,3,0
2025-06-04,685126,4,1,0,0.902,4.0,3,0
2025-06-04,686973,5,3,1,1.177497,5.0,1,0
2025-06-04,686993,4,1,0,1.2504468085106377,4.0,3,1
2025-06-04,687396,4,0,0,1.413,4.0,4,0
2025-06-04,687473,23,3,2,8.325283,23.0,17,1
2025-06-04,687830,16,3,1,7.962105876641651,16.0,12,2
2025-06-04,687911,3,2,0,0.041,3.0,1,0
2025-06-04,689147,2,1,0,0.743,2.0,1,0
2025-06-04,690953,19,2,0,6.787411764705882,19.0,17,2
2025-06-04,690986,23,3,1,7.480153698564593,23.0,19,2
2025-06-04,691951,10,2,1,3.182786,10.0,6,0
2025-06-04,692285,8,1,2,2.6339940000000004,8.0,5,0
2025-06-04,694363,9,1,1,2.899497,9.0,7,0
2025-06-04,695418,4,0,1,1.209497,4.0,3,0
2025-06-04,700249,20,5,1,5.949631410628019,20.0,13,1
2025-06-04,702795,9,1,1,5.943786,9.0,6,1
2025-06-04,805673,21,4,3,6.380491,21.0,14,0
2025-06-05,519141,3,0,0,2.1078571428571427,3.0,3,1
2025-06-05,519151,5,0,0,2.114,5.0,4,0
2025-06-05,542888,1,1,0,0.0,1.0,0,0
2025-06-05,547184,5,2,1,1.889497,5.0,2,0
2025-06-05,552640,3,2,0,1.306761904761905,3.0,1,1
2025-06-05,570632,10,2,1,3.195435897435898,9.0,7,2
2025-06-05,571945,26,2,1,8.426213099071207,26.0,23,2
2025-06-05,571946,3,0,1,1.8094970000000001,3.0,2,0
2025-06-05,571948,5,3,0,0.487,5.0,2,0
2025-06-05,573204,3,1,0,0.419,3.0,2,0
2025-06-05,592155,5,1,2,1.205497,4.0,2,0
2025-06-05,592454,3,0,1,0.918497,3.0,2,0
2025-06-05,592662,25,9,1,5.598989722371968,25.0,15,2
2025-06-05,592836,3,1,0,0.628,3.0,2,0
2025-06-05,596001,8,1,1,1.762,7.0,6,0
2025-06-05,605135,28,6,2,7.496534983606558,28.0,20,1
2025-06-05,605177,4,1,1,1.120497,4.0,2,0
2025-06-05,607067,22,0,1,9.159936,22.0,20,1
2025-06-05,607481,7,1,0,1.029,5.0,4,0
2025-06-05,608032,7,1,1,1.265,6.0,5,0
2025-06-05,608331,20,7,2,2.938994,20.0,11,0
2025-06-05,608665,4,0,0,1.52,4.0,4,0
2025-06-05,621051,3,1,0,0.5826666666666667,3.0,2,0
2025-06-05,621107,26,7,0,8.716817062818336,26.0,19,2
2025-06-05,621366,5,1,0,2.101676923076923,5.0,4,1
2025-06-05,628452,7,0,1,3.4201636666666664,7.0,6,0
2025-06-05,641329,4,2,0,0.9019999999999999,4.0,2,0
2025-06-05,641745,3,0,0,1.1098260869565217,3.0,3,0
2025-06-05,642100,4,1,0,1.3599999999999999,4.0,3,0
2025-06-05,642121,3,1,0,0.725,3.0,2,0
2025-06-05,642215,4,0,0,0.96,4.0,4,0
2025-06-05,642528,3,1,0,0.269,3.0,2,0
2025-06-05,643410,4,1,0,0.968,4.0,3,0
2025-06-05,650556,3,3,0,0.0,3.0,0,0
2025-06-05,656186,5,2,1,2.272497,5.0,2,0
2025-06-05,656240,9,1,2,6.093238791666668,9.0,6,3
2025-06-05,656302,23,7,3,7.503414636363637,23.0,13,1
2025-06-05,656550,15,4,2,4.493994,15.0,9,0
2025-06-05,656605,28,5,1,7.557971943735934,28.0,22,2
2025-06-05,656641,3,1,0,0.068,3.0,2,0
2025-06-05,656794,9,1,2,4.001855111111111,9.0,6,1
2025-06-05,656849,28,6,2,7.556272002699055,28.0,20,1
2025-06-05,656945,4,2,0,0.555,4.0,2,0
2025-06-05,657024,3,0,0,0.349,3.0,3,0
2025-06-05,657585,7,1,2,2.812497,6.0,4,0
2025-06-05,657612,5,1,0,0.06799999999999999,5.0,4,0
2025-06-05,660853,6,1,1,1.371497,6.0,4,0
2025-06-05,660896,5,1,1,3.046404894736842,5.0,3,1
2025-06-05,663399,1,0,0,0.044,1.0,1,0
2025-06-05,663465,4,0,0,2.31,4.0,4,0
2025-06-05,663554,24,3,4,7.710988,23.0,16,0
2025-06-05,663623,26,3,2,9.304338364699626,26.0,21,3
2025-06-05,663671,3,1,0,0.88,3.0,2,0
2025-06-05,663738,4,0,0,0.7852889999999999,4.0,3,0
2025-06-05,664199,3,0,0,2.3755888888888888,3.0,3,1
2025-06-05,664208,4,1,1,0.777497,4.0,2,0
2025-06-05,664285,28,11,3,6.837491,28.0,14,0
2025-06-05,664854,6,0,1,1.2109999999999999,5.0,5,0
2025-06-05,666142,18,4,3,8.069175061728394,18.0,10,2
2025-06-05,666200,18,2,2,8.22956296551724,18.0,14,1
2025-06-05,666808,5,1,0,2.721951219512195,5.0,4,1
2025-06-05,667463,4,1,0,0.781,4.0,3,0
2025-06-05,668941,4,1,0,1.1655,4.0,3,1
2025-06-05,668984,4,2,0,0.716,4.0,2,0
2025-06-05,669211,3,1,0,0.051,3.0,2,0
2025-06-05,669461,21,2,1,9.149921629016761,21.0,18,5
2025-06-05,669724,5,2,0,2.146111111111111,5.0,3,1
2025-06-05,670167,5,0,0,2.711,5.0,5,1
2025-06-05,671131,6,1,0,3.1645833333333337,6.0,5,2
2025-06-05,672391,5,2,1,1.2224970000000002,5.0,2,0
2025-06-05,672582,11,4,1,2.626786,11.0,5,0
2025-06-05,672841,3,1,0,0.094,3.0,2,0
2025-06-05,673513,3,1,0,0.258,3.0,2,0
2025-06-05,674072,17,7,1,7.702269727272728,17.0,9,3
2025-06-05,674285,7,1,1,2.263497,7.0,5,0
2025-06-05,674444,7,4,0,1.310951219512195,7.0,3,1
2025-06-05,676263,10,2,1,2.566497,10.0,7,0
2025-06-05,676395,7,0,1,1.919497,7.0,6,0
2025-06-05,676428,7,0,0,3.078,7.0,7,0
2025-06-05,676617,6,1,0,1.072,6.0,5,0
2025-06-05,676661,6,1,0,1.6095000000000002,6.0,5,0
2025-06-05,677944,22,3,2,8.887299173697087,21.0,16,4
2025-06-05,678495,4,2,0,2.180750000000001,4.0,2,1
2025-06-05,679358,6,3,1,0.27,5.0,2,0
2025-06-05,680732,27,5,1,8.457172096832991,27.0,21,3
2025-06-05,680742,3,0,0,0.301,3.0,3,0
2025-06-05,681146,12,1,2,4.70064105882353,12.0,9,0
2025-06-05,681517,9,2,0,1.7469999999999999,9.0,7,0
2025-06-05,681892,11,1,1,3.794497,11.0,9,0
2025-06-05,681911,1,0,0,0.056,1.0,1,0
2025-06-05,683004,19,6,1,5.09759289041096,19.0,12,1
2025-06-05,686751,8,0,0,2.187,8.0,8,0
2025-06-05,686752,21,8,2,6.081084909090909,21.0,11,2
2025-06-05,687330,5,1,0,1.4055,5.0,4,0
2025-06-05,687765,18,4,1,6.773663666666667,18.0,13,1
2025-06-05,688158,8,3,1,1.889497,8.0,4,0
2025-06-05,689017,20,1,5,11.839285097529594,20.0,13,4
2025-06-05,689225,3,0,1,0.556,1.0,1,0
2025-06-05,689254,3,2,0,0.431,3.0,1,0
2025-06-05,693312,6,1,1,1.700497,6.0,4,0
2025-06-05,693433,24,6,2,8.23853954076061,24.0,16,3
2025-06-05,694297,17,2,2,7.521045445966515,17.0,13,2
2025-06-05,694335,4,0,1,1.064497,4.0,3,0
2025-06-05,694350,4,1,0,1.041,4.0,3,0
2025-06-05,695243,3,0,1,1.163497,3.0,2,0
2025-06-05,701581,19,6,2,7.854003039548023,19.0,11,3
2025-06-05,702070,21,3,2,6.396170136363636,21.0,16,1
2025-06-06,445276,3,1,0,0.5688,3.0,2,0
2025-06-06,518585,2,2,0,0.0,2.0,0,0
2025-06-06,518886,3,1,1,1.5734970000000001,3.0,1,0
2025-06-06,519008,4,1,0,0.147,4.0,3,0
2025-06-06,543243,27,5,0,7.208285714285714,27.0,22,0
2025-06-06,543294,27,2,2,9.071903235238546,26.0,23,2
2025-06-06,571578,29,2,0,7.693825496342738,29.0,27,2
2025-06-06,571927,3,2,0,0.361,3.0,1,0
2025-06-06,572955,4,0,0,1.1320000000000001,3.0,3,0
2025-06-06,592773,5,1,1,2.014497,5.0,3,0
2025-06-06,593958,21,3,0,5.058363636363636,20.0,18,0
2025-06-06,593974,3,2,1,0.691497,3.0,0,0
2025-06-06,605447,5,1,0,1.8913333333333333,5.0,4,0
2025-06-06,605452,9,2,1,3.947639361111111,9.0,6,2
2025-06-06,607455,3,0,0,0.522,3.0,3,0
2025-06-06,607625,22,5,2,8.688481762237762,21.0,14,2
2025-06-06,608717,4,1,0,1.3781794871794875,4.0,3,1
2025-06-06,621053,4,0,2,2.343994,4.0,2,1
2025-06-06,621111,17,2,2,9.372793714285713,17.0,12,2
2025-06-06,621242,3,1,0,0.34299999999999997,3.0,2,0
2025-06-06,621381,3,3,0,0.0,3.0,0,0
2025-06-06,621383,4,1,0,2.357875,4.0,3,1
2025-06-06,622554,4,2,0,0.901,4.0,2,0
2025-06-06,622608,19,2,4,6.835988,19.0,13,0
2025-06-06,623211,4,0,0,2.031153846153846,4.0,4,1
2025-06-06,623352,3,2,0,0.211,3.0,1,0
2025-06-06,623437,5,0,0,2.5586153846153845,5.0,5,0
2025-06-06,640448,4,1,0,0.897,4.0,3,0
2025-06-06,641755,6,0,0,2.336,6.0,6,1
2025-06-06,641778,9,2,1,2.0999414444444446,9.0,6,1
2025-06-06,641793,23,4,0,4.908184210526316,23.0,19,1
2025-06-06,641927,28,4,1,9.616543296466974,28.0,22,4
2025-06-06,641941,3,2,0,0.449,3.0,1,0
2025-06-06,642207,4,1,0,0.8132889999999999,4.0,2,0
2025-06-06,642239,3,0,0,1.4769999999999999,3.0,3,0
2025-06-06,642397,4,2,0,0.623,4.0,2,0
2025-06-06,642528,4,0,0,1.6700958904109595,4.0,4,1
2025-06-06,642701,4,0,0,0.329,4.0,4,0
2025-06-06,643511,3,1,0,0.708,3.0,2,0
2025-06-06,647336,22,7,1,3.396786,22.0,13,0
2025-06-06,650556,3,1,1,0.7474970000000001,3.0,1,0
2025-06-06,650893,4,0,0,1.0511428571428572,4.0,4,1
2025-06-06,655889,4,1,0,1.354,4.0,3,0
2025-06-06,656222,5,3,0,0.14600000000000002,5.0,2,0
2025-06-06,656234,4,3,0,0.722289,4.0,0,0
2025-06-06,656546,4,3,1,0.691497,4.0,0,0
2025-06-06,657044,5,3,0,0.5695714285714286,5.0,2,1
2025-06-06,657514,6,2,1,1.594497,6.0,3,0
2025-06-06,657571,6,2,1,1.043497,6.0,3,0
2025-06-06,657649,4,2,0,0.879,4.0,2,0
2025-06-06,660604,12,1,2,4.712696702702703,11.0,8,1
2025-06-06,660825,6,4,0,1.8855154471544715,6.0,2,2
2025-06-06,663158,3,1,0,0.886,3.0,2,0
2025-06-06,663436,23,7,0,6.328981185007975,23.0,15,2
2025-06-06,663485,3,0,0,0.784,3.0,3,0
2025-06-06,663559,18,2,2,6.899903090909091,18.0,14,1
2025-06-06,663574,4,2,1,1.180497,4.0,1,0
2025-06-06,663671,5,1,2,2.347994,5.0,2,0
2025-06-06,663738,5,0,1,1.5706508461538462,4.0,4,0
2025-06-06,663767,6,3,0,1.0783214285714284,6.0,3,0
2025-06-06,663804,4,1,0,2.281895061728395,4.0,3,1
2025-06-06,663893,6,2,1,2.484497,6.0,3,0
2025-06-06,663941,6,0,1,1.937497,6.0,5,0
2025-06-06,663969,3,1,0,0.61,3.0,2,0
2025-06-06,664076,3,0,0,1.383,3.0,3,0
2025-06-06,664126,3,0,0,0.5,3.0,3,0
2025-06-06,664199,2,0,0,0.386,2.0,2,0
2025-06-06,664208,3,2,0,0.251,3.0,1,0
2025-06-06,665152,24,2,1,9.150626032258064,24.0,21,2
2025-06-06,665795,21,5,2,8.410279714285714,21.0,14,2
2025-06-06,666157,21,4,0,7.5462472860472865,21.0,17,2
2025-06-06,666171,3,0,0,0.172,3.0,3,0
2025-06-06,666277,10,2,0,3.165,9.0,7,0
2025-06-06,666661,4,0,3,2.074491,3.0,1,0
2025-06-06,666808,3,3,0,0.0,3.0,0,0
2025-06-06,666974,3,1,0,0.277,3.0,2,0
2025-06-06,668933,7,4,0,2.0909565217391304,7.0,3,1
2025-06-06,668941,3,0,0,1.073,3.0,3,0
2025-06-06,669020,4,1,0,1.164,4.0,3,0
2025-06-06,669060,3,0,0,1.1887500000000002,3.0,3,1
2025-06-06,669062,4,0,1,1.0032889999999999,3.0,2,0
2025-06-06,669093,6,1,1,1.433497,6.0,4,0
2025-06-06,669211,1,1,0,0.0,1.0,0,0
2025-06-06,669276,5,2,0,1.1755,5.0,3,0
2025-06-06,669373,29,6,0,7.230822916666667,29.0,23,2
2025-06-06,670036,6,0,2,2.366994,6.0,4,0
2025-06-06,670280,3,3,0,0.0,3.0,0,0
2025-06-06,670955,4,1,0,2.9874473684210523,4.0,3,1
2025-06-06,670970,5,2,0,0.265,5.0,3,0
2025-06-06,671106,27,2,2,9.384557382806914,27.0,22,2
2025-06-06,672282,4,2,1,0.693497,4.0,1,0
2025-06-06,673540,23,6,2,6.251874952380953,23.0,15,1
2025-06-06,673929,5,0,1,2.337497,5.0,4,0
2025-06-06,676254,7,1,0,3.1084749999999994,7.0,6,1
2025-06-06,676467,19,5,0,7.432828571428572,19.0,14,1
2025-06-06,676664,22,3,3,6.117700039548023,22.0,16,1
2025-06-06,676684,5,0,0,1.0085,5.0,5,0
2025-06-06,676879,3,3,0,0.0,3.0,0,0
2025-06-06,676962,28,7,1,10.249406381063576,28.0,20,3
2025-06-06,677161,7,4,0,1.05,7.0,3,0
2025-06-06,678606,3,0,0,0.96,3.0,3,0
2025-06-06,680736,26,5,3,9.003594448275862,25.0,17,1
2025-06-06,680742,10,1,4,4.597988,10.0,5,0
2025-06-06,680767,4,2,0,2.3922666666666665,4.0,2,2
2025-06-06,680880,5,2,0,1.7547714285714284,5.0,3,1
2025-06-06,680885,27,4,2,8.150681500000001,27.0,21,1
2025-06-06,681190,20,2,4,7.54167093939394,20.0,13,1
2025-06-06,681867,13,2,1,3.206797,13.0,10,0
2025-06-06,681869,3,0,0,0.9592499999999999,3.0,3,0
2025-06-06,681982,3,1,0,1.2539701492537312,3.0,2,1
2025-06-06,682120,3,1,0,0.744,3.0,2,0
2025-06-06,682243,23,2,1,8.888993282913166,23.0,19,1
2025-06-06,684320,5,1,1,1.8009515454545455,5.0,3,0
2025-06-06,685107,4,2,1,0.770497,4.0,1,0
2025-06-06,685126,4,1,0,1.7369999999999999,4.0,3,0
2025-06-06,687396,6,3,0,2.9319825483870963,6.0,2,1
2025-06-06,687606,10,1,0,5.1743385167464115,10.0,9,3
2025-06-06,687911,5,1,0,1.2165454545454544,5.0,4,0
2025-06-06,688642,6,2,1,2.445650846153846,6.0,3,0
2025-06-06,689147,5,0,1,1.6294970000000002,5.0,4,0
2025-06-06,689254,4,2,0,0.13,4.0,2,0
2025-06-06,691441,6,1,1,2.9084535217391307,6.0,4,1
2025-06-06,694477,24,6,3,5.781491,24.0,15,0
2025-06-06,695243,6,3,1,0.9754970000000001,6.0,2,0
2025-06-06,695418,3,0,0,1.4697916666666666,3.0,3,0
2025-06-06,701542,23,6,4,6.748302393939394,23.0,13,1
2025-06-06,702352,1,0,0,0.171,1.0,1,0
2025-06-06,806185,21,5,5,7.162095428571429,21.0,10,0
2025-06-07,445276,4,0,0,2.4082838983050845,4.0,4,1
2025-06-07,450203,18,5,4,6.303277,18.0,8,0
2025-06-07,455119,3,1,0,1.7234468085106378,3.0,2,1
2025-06-07,458677,6,2,2,1.858994,6.0,2,0
2025-06-07,500779,23,4,3,5.493491,23.0,16,0
2025-06-07,547184,2,0,0,0.8690000000000001,2.0,2,0
2025-06-07,547973,3,1,0,0.292,3.0,2,0
2025-06-07,552640,3,1,0,0.8242285714285716,3.0,2,1
2025-06-07,571760,21,5,0,6.3515999999999995,21.0,16,1
2025-06-07,571927,6,1,0,1.314,6.0,5,0
2025-06-07,572955,4,1,0,1.16348,4.0,3,0
2025-06-07,573204,4,0,0,1.068,4.0,4,0
2025-06-07,592094,6,0,1,2.478497,6.0,4,0
2025-06-07,592155,4,0,0,1.025,4.0,4,0
2025-06-07,592332,24,5,3,7.703428648648648,24.0,15,1
2025-06-07,592426,4,0,1,1.155497,3.0,2,0
2025-06-07,592791,25,5,1,4.666497,24.0,18,0
2025-06-07,592836,5,0,2,2.097994,5.0,3,0
2025-06-07,593576,4,0,1,2.510497,3.0,3,0
2025-06-07,594798,23,8,0,4.696289,23.0,14,0
2025-06-07,595345,3,2,1,0.691497,3.0,0,0
2025-06-07,596001,3,1,0,0.31,3.0,2,0
2025-06-07,605154,3,2,0,0.317,3.0,1,0
2025-06-07,605177,1,0,0,0.005,1.0,1,0
2025-06-07,605280,27,6,0,8.208675000000001,27.0,21,2
2025-06-07,605288,23,6,1,5.723274777777778,23.0,16,0
2025-06-07,607200,24,2,4,8.712344725146199,24.0,18,0
2025-06-07,607259,24,6,1,5.7507470000000005,23.0,16,0
2025-06-07,608379,25,5,1,8.984349013162989,24.0,18,2
2025-06-07,608566,25,3,0,10.488114396825397,25.0,21,4
2025-06-07,608665,11,0,2,5.586783,11.0,8,1
2025-06-07,608718,4,1,0,0.951,4.0,3,0
2025-06-07,620454,3,1,0,0.053,3.0,2,0
2025-06-07,621051,5,3,1,0.956497,5.0,1,0
2025-06-07,621199,9,2,2,1.852994,9.0,5,0
2025-06-07,622491,24,5,0,12.426766345808108,24.0,19,6
2025-06-07,622554,5,2,1,1.008497,5.0,2,0
2025-06-07,622663,28,5,4,10.577814086956522,28.0,19,1
2025-06-07,623352,5,2,1,0.7634970000000001,5.0,2,0
2025-06-07,623474,9,1,0,3.1000487804878047,9.0,8,1
2025-06-07,624133,26,5,1,8.052997,26.0,20,1
2025-06-07,641401,6,2,1,0.939497,6.0,3,0
2025-06-07,641656,6,0,1,2.646497,6.0,5,0
2025-06-07,642232,24,3,2,8.319940894736842,24.0,18,1
2025-06-07,642397,3,1,0,0.36200000000000004,3.0,2,0
2025-06-07,642585,4,3,1,0.691497,4.0,0,0
2025-06-07,642701,3,1,0,0.128,3.0,2,0
2025-06-07,643338,6,0,1,2.384497,6.0,5,0
2025-06-07,643377,5,1,0,2.172142857142857,5.0,4,1
2025-06-07,643410,4,3,0,0.298,4.0,1,0
2025-06-07,643511,4,0,1,0.909497,4.0,3,0
2025-06-07,645444,5,0,0,1.383,5.0,5,0
2025-06-07,655889,4,1,1,1.2224970000000002,4.0,2,0
2025-06-07,656186,4,0,1,2.078497,4.0,3,1
2025-06-07,656257,1,1,0,0.0,1.0,0,0
2025-06-07,656271,2,0,0,0.293,2.0,2,0
2025-06-07,656546,4,1,0,1.8362280701754383,4.0,3,1
2025-06-07,656730,6,0,1,2.0084969999999998,6.0,5,0
2025-06-07,656986,4,2,1,0.693497,4.0,1,0
2025-06-07,657277,24,10,0,6.932857142857142,24.0,14,1
2025-06-07,657649,3,1,0,0.624,3.0,2,0
2025-06-07,660787,11,2,2,3.228994,11.0,7,0
2025-06-07,661395,5,1,0,0.696,5.0,4,0
2025-06-07,661403,3,1,0,0.8819999999999999,3.0,2,0
2025-06-07,663423,12,0,1,5.417165909090909,12.0,9,0
2025-06-07,663546,5,0,1,1.1780000000000002,4.0,4,0
2025-06-07,663568,22,2,4,8.192182805194806,22.0,16,0
2025-06-07,663687,12,3,0,2.8692889999999998,12.0,8,0
2025-06-07,663804,6,1,3,2.243491,6.0,2,0
2025-06-07,663947,5,2,0,1.7216516483516484,5.0,3,2
2025-06-07,663969,7,1,0,2.0574722222222226,7.0,6,0
2025-06-07,663978,24,2,2,7.082920923076923,24.0,20,1
2025-06-07,664076,3,2,0,0.904,3.0,1,0
2025-06-07,664126,3,1,0,0.14300000000000002,3.0,2,0
2025-06-07,664854,5,3,0,0.964,5.0,2,0
2025-06-07,666171,4,0,0,0.885,4.0,4,0
2025-06-07,668909,25,5,2,7.051232095238095,25.0,18,1
2025-06-07,669020,5,0,2,1.683994,5.0,3,0
2025-06-07,669062,3,0,0,0.307,3.0,3,0
2025-06-07,669093,5,0,0,1.8968888888888888,5.0,5,0
2025-06-07,669194,17,3,4,6.6905625614035085,17.0,10,2
2025-06-07,669211,1,0,0,0.713,1.0,1,0
2025-06-07,669371,5,1,3,2.091491,5.0,1,0
2025-06-07,669622,6,2,0,1.609641975308642,6.0,4,1
2025-06-07,669711,3,3,0,0.0,3.0,0,0
2025-06-07,670280,3,1,0,0.384,3.0,2,0
2025-06-07,670950,5,1,0,1.7056153846153848,5.0,4,0
2025-06-07,670970,1,0,0,0.21,1.0,1,0
2025-06-07,671737,19,2,2,6.610119000000001,19.0,15,1
2025-06-07,671922,3,0,0,1.4799723076923077,3.0,3,1
2025-06-07,672282,4,2,0,0.107,4.0,2,0
2025-06-07,672456,23,4,1,7.328926899368925,23.0,18,3
2025-06-07,674285,7,2,0,1.6109999999999998,7.0,5,0
2025-06-07,674444,4,3,0,0.612,4.0,1,0
2025-06-07,675848,3,1,0,0.209,3.0,2,0
2025-06-07,676130,6,2,0,0.67,6.0,4,0
2025-06-07,676508,9,0,0,3.2206666666666663,8.0,9,1
2025-06-07,676534,4,2,1,0.969497,4.0,1,0
2025-06-07,676755,3,1,0,0.062,3.0,2,0
2025-06-07,676979,25,9,1,5.766818428571429,25.0,14,0
2025-06-07,677960,15,1,1,5.626230444444444,14.0,12,2
2025-06-07,678692,5,1,0,1.5881935483870966,5.0,4,1
2025-06-07,679358,3,1,0,0.298,3.0,2,0
2025-06-07,680689,3,1,0,0.399,3.0,2,0
2025-06-07,680730,21,5,0,6.084857808857809,21.0,16,0
2025-06-07,680755,3,1,0,0.369,3.0,2,0
2025-06-07,681517,5,0,1,1.082497,5.0,4,0
2025-06-07,681869,7,0,0,1.7099090909090908,7.0,7,0
2025-06-07,681911,3,2,0,0.002,3.0,1,0
2025-06-07,682254,7,2,0,3.182,7.0,5,0
2025-06-07,682842,4,2,0,0.745,4.0,2,0
2025-06-07,683232,3,3,0,0.0,3.0,0,0
2025-06-07,683769,5,0,1,1.332497,5.0,4,0
2025-06-07,686613,26,9,5,7.567774,25.0,10,0
2025-06-07,686747,5,0,2,1.8239940000000001,5.0,3,0
2025-06-07,686799,18,4,1,7.5600465035461,18.0,13,2
2025-06-07,686973,5,2,0,0.8959999999999999,5.0,3,0
2025-06-07,687330,3,0,0,0.322,3.0,3,0
2025-06-07,688158,1,0,0,1.134258064516129,1.0,1,1
2025-06-07,693821,27,12,0,3.9600166666666667,27.0,15,0
2025-06-07,694037,6,2,1,1.618497,5.0,2,0
2025-06-07,694350,4,0,1,1.2044970000000002,4.0,3,0
2025-06-07,695445,4,0,0,3.085386762360446,4.0,4,2
2025-06-07,801216,9,2,1,1.103497,9.0,6,0
2025-06-07,806188,6,1,0,1.609,6.0,5,0
2025-06-07,808967,24,9,2,5.341283,24.0,12,0
2025-06-08,458677,4,2,0,0.07,4.0,2,0
2025-06-08,476594,6,1,3,4.470546555555556,6.0,2,1
2025-06-08,477132,21,7,0,4.585285714285714,21.0,14,1
2025-06-08,489446,2,0,0,0.988,2.0,2,0
2025-06-08,518489,3,0,0,0.111,3.0,3,0
2025-06-08,518585,5,2,1,1.851497,5.0,2,0
2025-06-08,519008,1,0,0,0.455,1.0,1,0
2025-06-08,519326,9,1,0,1.006,7.0,6,0
2025-06-08,542881,25,6,1,7.886864431372549,25.0,17,1
2025-06-08,542888,3,1,0,0.10700000000000001,3.0,2,0
2025-06-08,547179,21,7,2,3.800400565656566,21.0,12,1
2025-06-08,547973,1,1,0,0.0,1.0,0,0
2025-06-08,571948,7,1,0,1.235,7.0,6,0
2025-06-08,573124,6,3,0,0.338,6.0,3,0
2025-06-08,592094,5,1,0,1.439,5.0,4,0
2025-06-08,592454,3,2,0,0.0,3.0,1,0
2025-06-08,592779,3,1,0,0.38,3.0,2,0
2025-06-08,592866,19,2,0,6.224835714285715,19.0,17,2
2025-06-08,593974,1,0,0,0.778,1.0,1,0
2025-06-08,595345,7,2,1,1.714,5.0,4,0
2025-06-08,605130,3,1,0,0.349,3.0,2,0
2025-06-08,605177,3,0,0,0.886,3.0,3,0
2025-06-08,606160,3,1,0,0.34500000000000003,3.0,2,0
2025-06-08,607074,22,5,3,5.3218492640692645,22.0,13,1
2025-06-08,608032,5,1,1,2.506497,5.0,3,0
2025-06-08,608372,22,2,1,8.275205333333334,22.0,19,1
2025-06-08,621112,19,3,1,5.7834970000000006,18.0,14,0
2025-06-08,623167,9,2,0,2.6007586206896556,9.0,7,1
2025-06-08,641302,13,2,1,4.654997,12.0,9,1
2025-06-08,641329,4,1,0,2.102,4.0,3,1
2025-06-08,641656,2,0,1,0.916497,2.0,1,0
2025-06-08,641755,6,2,2,1.751994,6.0,2,0
2025-06-08,642152,5,0,0,3.1386345580933463,5.0,5,1
2025-06-08,642239,4,2,0,1.8760851063829789,4.0,2,1
2025-06-08,642528,6,2,0,2.1494759238521834,6.0,4,1
2025-06-08,642547,20,3,2,4.382994,19.0,15,0
2025-06-08,643377,3,0,0,0.8586153846153848,3.0,3,0
2025-06-08,650911,28,9,2,8.758682311688311,28.0,17,1
2025-06-08,656222,1,0,0,0.065,1.0,1,0
2025-06-08,656240,6,2,0,1.3128529411764704,6.0,4,1
2025-06-08,656271,1,1,0,0.0,1.0,0,0
2025-06-08,656427,22,9,3,4.582324333333333,22.0,10,1
2025-06-08,656629,4,1,0,1.6789999999999998,4.0,3,0
2025-06-08,656641,12,7,2,2.828619,12.0,3,1
2025-06-08,656731,22,5,3,5.733955,21.0,12,1
2025-06-08,656794,12,3,0,2.919,12.0,9,0
2025-06-08,656876,24,3,1,7.424339105263158,24.0,20,0
2025-06-08,656945,3,0,0,0.7823333333333333,3.0,3,0
2025-06-08,657024,5,1,2,1.9469940000000001,5.0,2,0
2025-06-08,657097,6,0,0,1.297,5.0,5,0
2025-06-08,657514,5,1,2,2.319994,5.0,2,0
2025-06-08,657612,2,0,0,0.599,2.0,2,0
2025-06-08,657746,22,6,3,5.3974910000000005,22.0,13,0
2025-06-08,660853,3,0,0,0.8882889999999999,3.0,2,0
2025-06-08,661395,4,1,0,0.5389999999999999,4.0,3,0
2025-06-08,661403,5,0,0,4.2566,5.0,5,1
2025-06-08,662253,4,2,1,1.196497,4.0,1,0
2025-06-08,663158,4,1,0,1.327,4.0,3,0
2025-06-08,663485,3,0,0,0.35900000000000004,3.0,3,0
2025-06-08,663574,3,1,0,0.707,3.0,2,0
2025-06-08,663903,21,3,3,8.933054932002957,20.0,15,3
2025-06-08,666374,3,2,0,0.148,3.0,1,0
2025-06-08,666808,4,2,0,0.6569999999999999,4.0,2,0
2025-06-08,666974,3,0,0,0.9059999999999999,3.0,3,0
2025-06-08,667463,4,0,0,1.2684230769230769,4.0,4,1
2025-06-08,668678,27,5,3,11.138562764346764,27.0,19,4
2025-06-08,669060,10,1,1,4.816430333333333,10.0,8,1
2025-06-08,669308,4,1,1,1.470786,4.0,1,0
2025-06-08,669371,4,2,0,1.5455806451612903,4.0,2,1
2025-06-08,669711,2,1,0,0.461,2.0,1,0
2025-06-08,669724,5,0,0,2.913,5.0,5,0
2025-06-08,669923,23,14,0,4.4396562500000005,23.0,9,2
2025-06-08,670102,20,2,5,8.663697765957448,19.0,12,1
2025-06-08,670167,3,1,0,0.551,3.0,2,0
2025-06-08,670950,4,0,2,2.438994,4.0,2,0
2025-06-08,670955,6,3,0,0.7456470588235294,6.0,3,0
2025-06-08,671922,5,3,0,0.476,5.0,2,0
2025-06-08,672391,4,0,0,1.5336875,4.0,4,1
2025-06-08,672582,3,2,0,0.007,3.0,1,0
2025-06-08,673513,3,2,1,0.691497,3.0,0,0
2025-06-08,673929,4,1,0,0.81,4.0,3,0
2025-06-08,675848,7,0,1,3.8065636666666665,7.0,6,1
2025-06-08,675911,25,5,3,6.508491,25.0,17,0
2025-06-08,676254,4,2,0,0.869289,4.0,1,0
2025-06-08,676263,4,0,1,1.2464970000000002,4.0,3,0
2025-06-08,676395,5,2,0,1.216,5.0,3,0
2025-06-08,676440,24,6,0,4.7,24.0,18,0
2025-06-08,676477,3,0,1,1.3474970000000002,3.0,2,0
2025-06-08,676534,3,0,0,0.9550000000000001,3.0,3,0
2025-06-08,676684,3,1,0,0.11499999999999999,3.0,2,0
2025-06-08,676879,7,1,0,2.157,7.0,6,0
2025-06-08,677161,3,0,0,0.796,3.0,3,0
2025-06-08,677952,6,0,2,2.650497,5.0,4,0
2025-06-08,678020,6,2,0,2.659023510971786,6.0,4,1
2025-06-08,678024,14,1,1,5.588381615384615,14.0,12,1
2025-06-08,678368,13,3,1,2.7354445524475524,13.0,9,0
2025-06-08,678495,3,2,0,0.871,3.0,1,1
2025-06-08,678606,5,2,0,1.001,5.0,3,0
2025-06-08,678692,3,1,0,0.058,3.0,2,0
2025-06-08,679775,3,1,0,0.103,3.0,2,0
2025-06-08,680755,9,1,0,3.698,9.0,8,0
2025-06-08,680767,6,2,1,1.0274969999999999,6.0,3,0
2025-06-08,680880,3,1,0,0.631,3.0,2,0
2025-06-08,682052,18,5,2,5.134260666666666,17.0,10,0
2025-06-08,682254,1,0,0,0.218,1.0,1,0
2025-06-08,685107,9,2,0,2.933,8.0,7,0
2025-06-08,686701,20,4,4,5.923559428571429,20.0,12,0
2025-06-08,687330,3,1,0,0.94,3.0,2,0
2025-06-08,687396,7,0,0,3.5538125000000003,7.0,7,1
2025-06-08,687606,5,3,0,1.381,5.0,2,0
2025-06-08,687888,24,5,0,7.186676923076923,24.0,19,1
2025-06-08,688642,6,1,1,3.078497,6.0,4,1
2025-06-08,689147,6,3,1,2.012786,6.0,1,0
2025-06-08,689254,5,0,1,2.3579706842105264,5.0,4,1
2025-06-08,690928,18,0,0,6.981948717948718,18.0,18,1
2025-06-08,690990,24,6,2,8.14291937993921,24.0,16,3
2025-06-08,694335,12,3,3,4.768335666666666,12.0,4,0
2025-06-08,694738,25,2,2,8.507404606060605,25.0,21,2
2025-06-08,694973,25,7,1,4.429563666666667,24.0,16,1
2025-06-08,695243,3,0,0,0.387,3.0,3,0
2025-06-08,695418,8,1,2,3.260994,8.0,5,0
2025-06-08,700241,26,5,0,8.573515151515151,26.0,21,1
2025-06-08,801403,18,3,1,6.896876598662208,18.0,14,2
2025-06-08,806188,3,1,0,0.57,3.0,2,0
2025-06-08,820862,6,3,0,1.559,6.0,3,0
2025-06-09,445276,1,0,0,0.129,1.0,1,0
2025-06-09,489119,21,2,4,7.818277,21.0,14,0
2025-06-09,489446,4,2,1,0.787497,4.0,1,0
2025-06-09,518876,22,7,2,6.590994,22.0,13,0
2025-06-09,519141,2,0,0,0.417,2.0,2,0
2025-06-09,519151,5,2,0,1.016289,4.0,2,0
2025-06-09,519242,27,11,2,4.692327333333333,27.0,14,0
2025-06-09,547973,4,2,0,1.208,4.0,2,0
2025-06-09,554430,23,7,1,7.309983134691567,23.0,15,2
2025-06-09,571510,25,0,2,8.853821678571428,24.0,23,2
2025-06-09,571946,3,0,0,0.891,3.0,3,0
2025-06-09,579328,24,5,1,5.781725571428572,24.0,18,3
2025-06-09,593974,5,0,0,2.5087454545454544,5.0,5,1
2025-06-09,596001,6,1,1,2.3184970000000003,5.0,4,0
2025-06-09,601713,23,3,2,9.395492452696729,23.0,18,3
2025-06-09,605447,3,0,0,0.7014999999999999,3.0,3,0
2025-06-09,605488,24,8,0,6.799138719512195,24.0,16,1
2025-06-09,607455,6,1,0,0.628,5.0,4,0
2025-06-09,621053,8,1,1,3.5096297499999998,8.0,5,1
2025-06-09,621244,25,1,2,6.841467684210526,24.0,21,1
2025-06-09,621381,5,0,1,3.4105308983050846,5.0,4,2
2025-06-09,621383,3,0,0,1.002,3.0,3,0
2025-06-09,628452,3,2,0,0.026,3.0,1,0
2025-06-09,641312,4,0,0,1.9976935483870963,4.0,4,1
2025-06-09,641401,3,0,1,2.6101997027027033,3.0,2,1
2025-06-09,641745,5,0,0,2.012,5.0,5,0
2025-06-09,641941,4,2,1,0.8664970000000001,4.0,1,0
2025-06-09,642100,2,0,1,0.702497,2.0,1,0
2025-06-09,650644,21,5,2,7.564840776889244,20.0,13,2
2025-06-09,655889,6,1,1,1.298497,6.0,4,0
2025-06-09,656222,3,1,0,0.418,3.0,2,0
2025-06-09,656257,4,0,0,4.093,4.0,4,1
2025-06-09,656546,3,1,0,0.9938214285714286,3.0,2,1
2025-06-09,656945,4,1,0,1.2503333333333333,4.0,3,0
2025-06-09,657044,1,0,0,0.193,1.0,1,0
2025-06-09,657514,4,1,1,1.561,3.0,2,0
2025-06-09,657571,6,2,0,0.8026666666666666,6.0,4,0
2025-06-09,660825,4,1,1,1.482497,4.0,2,0
2025-06-09,662253,3,1,0,1.6982580645161292,3.0,2,1
2025-06-09,663158,3,1,0,1.03,3.0,2,0
2025-06-09,663465,10,1,0,1.2893333333333334,10.0,9,0
2025-06-09,663574,3,0,0,0.7050000000000001,3.0,3,0
2025-06-09,663767,3,0,1,2.7388391052631578,3.0,2,1
2025-06-09,663893,5,3,1,1.433497,5.0,1,0
2025-06-09,663969,5,0,0,1.976,5.0,5,0
2025-06-09,664076,4,2,0,1.650289,4.0,1,0
2025-06-09,664126,8,1,1,1.8989970000000003,8.0,6,0
2025-06-09,664139,4,1,0,1.1648260869565217,4.0,3,0
2025-06-09,664208,5,0,2,1.182297,3.0,3,0
2025-06-09,664854,5,2,0,2.2914,5.0,3,1
2025-06-09,666171,2,0,0,0.20600000000000002,2.0,2,0
2025-06-09,666661,5,1,0,0.713,5.0,4,0
2025-06-09,668933,6,2,2,2.2782739999999997,6.0,2,1
2025-06-09,668984,9,3,2,3.3409940000000002,9.0,4,0
2025-06-09,669084,13,1,1,4.462033953242836,13.0,11,1
2025-06-09,669093,4,1,0,0.6373749999999999,4.0,3,0
2025-06-09,669160,25,1,4,8.852433175438597,24.0,20,1
2025-06-09,669276,3,2,0,0.311,3.0,1,0
2025-06-09,669308,3,0,0,0.28300000000000003,3.0,3,0
2025-06-09,669358,22,5,3,4.64578,22.0,13,0
2025-06-09,669467,27,3,1,7.8831587647058825,26.0,21,1
2025-06-09,670036,4,0,0,1.225,4.0,4,0
2025-06-09,670970,4,2,1,0.046,3.0,1,0
2025-06-09,672578,4,1,0,0.563,4.0,3,0
2025-06-09,672841,8,2,3,1.407197,5.0,3,0
2025-06-09,673513,5,1,0,1.0150000000000001,5.0,4,0
2025-06-09,676083,22,1,1,9.674497,22.0,20,2
2025-06-09,676106,23,3,3,7.811122578947368,22.0,17,1
2025-06-09,676617,7,0,0,2.880111111111111,6.0,6,1
2025-06-09,677161,7,1,3,1.633994,5.0,3,0
2025-06-09,678394,27,4,1,7.184786,27.0,21,0
2025-06-09,679358,4,1,1,1.033497,4.0,2,0
2025-06-09,679775,4,1,0,1.584,4.0,3,0
2025-06-09,679885,3,2,1,0.691497,3.0,0,0
2025-06-09,680880,3,0,0,1.451,3.0,3,1
2025-06-09,681347,20,6,3,6.708524898305084,20.0,11,1
2025-06-09,681911,3,1,0,0.365,3.0,2,0
2025-06-09,681982,10,1,3,5.69244437995338,10.0,6,1
2025-06-09,682120,3,0,1,2.127497,3.0,2,0
2025-06-09,682847,23,5,1,6.8303611975308645,23.0,17,2
2025-06-09,684320,6,2,0,2.205761904761905,6.0,4,1
2025-06-09,689147,4,1,1,0.9304970000000001,4.0,2,0
2025-06-09,691587,15,5,2,4.163994,15.0,8,0
2025-06-09,692285,10,0,2,4.142509151515152,10.0,8,1
2025-06-09,693312,10,1,0,3.3188809523809524,10.0,9,1
2025-06-09,693855,9,2,2,2.131497,8.0,5,0
2025-06-09,694037,7,0,1,2.6086419753086423,6.0,6,1
2025-06-10,445276,4,0,0,1.0270000000000001,4.0,4,0
2025-06-10,518489,3,2,0,0.677,3.0,1,0
2025-06-10,519008,3,0,0,1.585727272727273,3.0,3,1
2025-06-10,519151,5,1,0,1.532,5.0,4,0
2025-06-10,519326,4,0,0,1.8599999999999999,4.0,4,0
2025-06-10,542888,5,1,0,0.96,5.0,4,0
2025-06-10,543056,1,0,0,0.005,1.0,1,0
2025-06-10,547184,8,0,2,4.206884885750963,8.0,6,1
2025-06-10,571771,13,0,2,4.483334909090909,13.0,11,1
2025-06-10,571945,24,2,0,8.006069444444444,24.0,22,2
2025-06-10,573204,3,1,0,0.232,3.0,2,0
2025-06-10,592454,2,1,1,0.691497,2.0,0,0
2025-06-10,592836,5,1,0,1.482,5.0,4,0
2025-06-10,596001,3,0,0,1.44,3.0,3,0
2025-06-10,605135,29,3,2,8.5730955,29.0,23,1
2025-06-10,605452,8,2,2,3.179994,8.0,4,0
2025-06-10,605463,5,1,2,1.3939940000000002,5.0,2,0
2025-06-10,607067,20,5,0,8.027574714285715,20.0,14,1
2025-06-10,607481,5,0,1,2.560786,5.0,3,0
2025-06-10,608331,27,4,0,6.493155172413793,27.0,23,1
2025-06-10,608337,23,4,3,8.792938368421053,23.0,16,1
2025-06-10,614179,4,2,1,0.703497,4.0,1,0
2025-06-10,620454,6,1,2,2.9715115714285716,6.0,2,1
2025-06-10,621051,6,1,1,2.839497,6.0,4,0
2025-06-10,621053,5,2,0,0.099,5.0,3,0
2025-06-10,621057,2,2,0,0.0,2.0,0,0
2025-06-10,621121,23,6,4,6.882768,23.0,13,2
2025-06-10,621242,3,2,0,0.5313333333333333,3.0,1,0
2025-06-10,621366,3,0,0,0.515,3.0,3,0
2025-06-10,621383,4,0,0,0.761,4.0,4,0
2025-06-10,622554,4,0,0,0.20600000000000002,4.0,4,0
2025-06-10,623167,4,0,1,1.0394970000000001,4.0,3,0
2025-06-10,623437,8,0,0,4.239264150943396,8.0,8,2
2025-06-10,640448,4,1,0,2.188896551724138,4.0,3,2
2025-06-10,641745,3,1,0,0.147,3.0,2,0
2025-06-10,641755,3,1,0,0.516,3.0,2,0
2025-06-10,641816,26,3,1,12.13067898142415,26.0,22,4
2025-06-10,642152,3,0,0,1.212289,3.0,2,0
2025-06-10,643338,7,0,0,1.445,7.0,7,1
2025-06-10,645261,22,6,1,4.307497,22.0,15,0
2025-06-10,656234,6,5,0,0.06,6.0,1,0
2025-06-10,656240,7,0,0,2.887909090909091,7.0,7,0
2025-06-10,656288,23,4,2,10.32736634162896,22.0,16,4
2025-06-10,656302,29,11,5,7.575707222222222,29.0,13,1
2025-06-10,656546,2,0,0,2.151,2.0,2,1
2025-06-10,656550,23,9,3,8.416834460276707,23.0,11,3
2025-06-10,656605,26,4,0,7.117676923076924,26.0,22,1
2025-06-10,656730,3,2,0,0.188,3.0,1,0
2025-06-10,656986,7,4,1,1.104497,7.0,2,0
2025-06-10,657585,3,1,0,0.20500000000000002,3.0,2,0
2025-06-10,657612,1,0,0,0.017,1.0,1,0
2025-06-10,660787,10,1,2,3.273994,10.0,7,0
2025-06-10,660896,11,0,1,6.459266886363636,11.0,10,2
2025-06-10,663423,9,1,2,6.546845351351352,9.0,6,1
2025-06-10,663671,3,1,0,0.211,3.0,2,0
2025-06-10,663687,4,0,1,0.823,3.0,3,0
2025-06-10,663738,5,2,1,1.8394970000000002,5.0,2,0
2025-06-10,663804,7,3,0,2.9429807692307692,7.0,4,1
2025-06-10,664199,7,0,1,3.4634970000000003,7.0,6,0
2025-06-10,666808,5,0,1,2.141497,5.0,4,0
2025-06-10,666974,4,3,0,0.261,4.0,1,0
2025-06-10,667463,5,0,0,1.647166666666667,5.0,5,1
2025-06-10,667755,25,12,2,4.866281136598965,25.0,11,2
2025-06-10,668390,4,0,1,0.927497,4.0,3,0
2025-06-10,669022,23,6,0,4.571173913043478,23.0,17,1
2025-06-10,669062,2,1,1,0.691497,2.0,0,0
2025-06-10,669371,1,0,0,0.834,1.0,1,0
2025-06-10,669422,30,6,3,13.346119285714286,30.0,20,2
2025-06-10,669438,9,4,0,1.45925,9.0,5,0
2025-06-10,669622,3,0,0,0.6303333333333333,3.0,3,0
2025-06-10,669711,3,0,0,1.2847222222222223,3.0,3,0
2025-06-10,670036,3,2,0,0.12,3.0,1,0
2025-06-10,670950,9,1,0,1.9209999999999998,9.0,8,0
2025-06-10,671096,31,5,1,6.871910793103448,31.0,25,1
2025-06-10,672282,3,2,0,0.068,3.0,1,0
2025-06-10,672391,4,1,2,1.512994,4.0,1,0
2025-06-10,672578,7,1,0,1.005,7.0,6,0
2025-06-10,676130,3,1,0,0.414,3.0,2,0
2025-06-10,676428,12,3,0,3.8313799090909093,12.0,8,0
2025-06-10,676477,6,3,0,2.1842222222222225,6.0,3,1
2025-06-10,676534,5,1,0,1.913289,5.0,3,0
2025-06-10,676684,4,1,0,1.2942641509433963,4.0,3,1
2025-06-10,676755,6,3,0,1.043,6.0,3,0
2025-06-10,676961,3,0,0,1.9430227272727272,3.0,3,1
2025-06-10,677944,20,8,1,5.000497,20.0,11,1
2025-06-10,678020,3,2,0,0.187,3.0,1,0
2025-06-10,678606,4,2,1,1.393497,4.0,1,0
2025-06-10,678692,5,1,0,3.501990038314177,5.0,4,2
2025-06-10,680573,26,4,3,10.912491,26.0,19,1
2025-06-10,680767,4,0,0,1.7673214285714285,4.0,4,0
2025-06-10,681146,5,0,0,2.345289,5.0,4,0
2025-06-10,681343,24,4,2,8.493648161087652,24.0,18,2
2025-06-10,681517,7,1,0,3.2929491525423726,7.0,6,1
2025-06-10,681869,4,2,1,0.798497,4.0,1,0
2025-06-10,682842,7,1,0,1.103,7.0,6,0
2025-06-10,682990,24,7,0,6.527708333333333,24.0,17,1
2025-06-10,683769,5,1,2,0.9854970000000001,4.0,2,0
2025-06-10,685126,3,1,0,0.769,3.0,2,0
2025-06-10,686752,24,9,2,6.117994,24.0,13,1
2025-06-10,686826,13,2,2,4.553994,13.0,9,0
2025-06-10,687223,21,2,3,7.604467095238095,21.0,14,2
2025-06-10,687765,19,4,0,5.274733444444444,18.0,13,1
2025-06-10,687830,17,5,0,4.544130346153846,17.0,11,1
2025-06-10,688138,23,5,2,6.754098659498208,23.0,16,3
2025-06-10,688158,10,1,2,4.818994,10.0,7,0
2025-06-10,688297,6,2,0,1.716,6.0,4,0
2025-06-10,688642,5,0,3,3.662977111111111,5.0,2,1
2025-06-10,689254,3,1,0,0.545,3.0,2,0
2025-06-10,689266,3,1,0,0.28300000000000003,3.0,2,0
2025-06-10,690953,20,3,3,9.20838575308642,20.0,14,3
2025-06-10,690986,21,6,2,7.827426142857144,21.0,13,2
2025-06-10,691799,3,0,0,0.977,3.0,3,0
2025-06-10,694297,24,4,1,11.802288666666668,24.0,19,3
2025-06-10,695418,3,0,0,1.4313636363636364,3.0,3,0
2025-06-10,695445,1,1,0,0.0,1.0,0,0
2025-06-10,700249,24,6,1,10.275435540141126,24.0,17,3
2025-06-10,702070,25,6,1,7.909610636363637,25.0,18,2
2025-06-10,702352,12,3,3,4.3092624285714285,12.0,6,1
2025-06-11,458677,3,0,0,0.957289,3.0,2,0
2025-06-11,489446,1,0,0,0.291,1.0,1,0
2025-06-11,518585,2,0,0,0.964,2.0,2,0
2025-06-11,519141,3,1,0,0.758,3.0,2,0
2025-06-11,543294,25,3,1,7.676949380952381,25.0,21,2
2025-06-11,547973,3,2,0,0.102,3.0,1,0
2025-06-11,571946,4,2,0,1.24,4.0,2,0
2025-06-11,592094,5,1,0,2.5944545454545453,5.0,4,0
2025-06-11,592426,4,0,0,1.079,4.0,4,0
2025-06-11,592662,21,5,2,6.96665025,21.0,14,1
2025-06-11,592779,4,1,0,0.763,4.0,3,0
2025-06-11,593958,26,5,1,5.043617743034056,25.0,19,1
2025-06-11,593974,5,0,1,1.7881845,5.0,4,1
2025-06-11,595345,6,4,0,1.202857142857143,6.0,2,1
2025-06-11,605130,4,2,0,0.782289,4.0,1,0
2025-06-11,605513,8,2,0,1.256,8.0,6,0
2025-06-11,607455,2,0,0,0.20600000000000002,2.0,2,0
2025-06-11,607536,25,5,2,8.239399669599218,25.0,18,3
2025-06-11,615698,22,6,2,7.010945219512195,22.0,14,1
2025-06-11,621107,26,5,1,6.900173923076923,26.0,20,1
2025-06-11,621111,28,7,1,6.756197764705882,27.0,18,1
2025-06-11,641329,3,1,0,0.186,3.0,2,0
2025-06-11,641401,4,0,0,0.392,4.0,4,0
2025-06-11,641755,6,1,1,2.8869706842105263,6.0,4,1
2025-06-11,641778,19,4,1,5.999409188405797,19.0,13,0
2025-06-11,641793,27,6,0,11.403035226415094,26.0,19,4
2025-06-11,642100,3,0,0,1.052,3.0,3,0
2025-06-11,642152,3,1,0,0.289,3.0,2,0
2025-06-11,642207,2,1,0,0.383,2.0,1,0
2025-06-11,642397,3,1,0,0.16799999999999998,3.0,2,0
2025-06-11,642701,4,2,0,0.157,4.0,2,0
2025-06-11,643410,5,0,0,1.6447999999999998,5.0,5,1
2025-06-11,643511,4,0,0,2.121,4.0,4,0
2025-06-11,650893,5,3,0,0.626,5.0,2,0
2025-06-11,656222,4,0,0,0.861,4.0,4,0
2025-06-11,656271,2,1,1,0.691497,2.0,0,0
2025-06-11,656629,4,0,3,2.221491,4.0,1,0
2025-06-11,656641,6,0,0,2.52,6.0,6,0
2025-06-11,656849,31,6,0,8.01103125,31.0,25,1
2025-06-11,656945,3,1,0,0.221,3.0,2,0
2025-06-11,657097,3,1,0,0.304,3.0,2,0
2025-06-11,657376,22,7,3,5.043491,22.0,12,0
2025-06-11,657571,4,1,0,2.003,4.0,3,0
2025-06-11,661395,4,1,0,0.7370000000000001,4.0,3,0
2025-06-11,661403,5,1,0,1.366289,5.0,3,0
2025-06-11,663460,23,3,4,8.61319852631579,23.0,16,1
2025-06-11,663554,25,7,2,6.39095052173913,25.0,16,1
2025-06-11,663559,22,3,1,6.408382174418605,21.0,18,1
2025-06-11,663623,24,4,3,10.839911263734136,24.0,16,5
2025-06-11,663671,7,0,1,1.896497,7.0,6,0
2025-06-11,663738,3,1,0,0.248,3.0,2,0
2025-06-11,663893,5,3,1,0.9894970000000001,5.0,1,0
2025-06-11,663941,11,1,0,2.89,11.0,10,0
2025-06-11,663947,6,1,0,3.092,6.0,5,0
2025-06-11,664139,4,1,0,0.28,4.0,3,0
2025-06-11,666157,17,6,2,5.267894793611794,17.0,8,1
2025-06-11,666171,5,1,1,2.262467149253731,5.0,3,1
2025-06-11,666200,23,10,0,3.977333333333333,23.0,13,0
2025-06-11,666374,4,1,0,0.8440000000000001,4.0,3,0
2025-06-11,666661,2,0,1,0.833497,2.0,1,0
2025-06-11,666808,6,0,1,3.5097097659574468,6.0,5,1
2025-06-11,668834,12,3,1,2.917497,12.0,8,0
2025-06-11,669020,4,0,0,0.724,4.0,4,0
2025-06-11,669093,5,0,1,3.150552555555556,5.0,4,1
2025-06-11,669199,12,2,2,3.9291044285714287,12.0,7,1
2025-06-11,669211,1,1,0,0.0,1.0,0,0
2025-06-11,669391,20,5,2,6.307994,20.0,13,0
2025-06-11,669461,25,4,1,7.861555565589001,24.0,20,2
2025-06-11,669711,3,1,1,0.8524970000000001,3.0,1,0
2025-06-11,669724,5,2,0,1.1868214285714287,5.0,3,1
2025-06-11,670280,3,2,0,0.041,3.0,1,0
2025-06-11,670970,3,1,0,0.48,3.0,2,0
2025-06-11,671106,22,6,1,7.076042454545454,22.0,15,2
2025-06-11,671131,8,0,0,3.1286223333333334,8.0,7,1
2025-06-11,672282,3,2,0,0.2,3.0,1,0
2025-06-11,672582,3,2,0,0.115,3.0,1,0
2025-06-11,672841,2,1,0,0.121,2.0,1,0
2025-06-11,673513,4,2,0,0.5810000000000001,4.0,2,0
2025-06-11,674370,12,3,1,5.781380333333333,12.0,8,1
2025-06-11,674444,4,1,0,2.6403421052631577,4.0,3,1
2025-06-11,675650,4,0,1,1.4157827142857142,4.0,3,0
2025-06-11,675848,3,0,1,0.8624970000000001,3.0,2,0
2025-06-11,676263,4,0,1,2.299797,4.0,3,0
2025-06-11,676508,16,2,2,5.939312181818181,16.0,12,1
2025-06-11,676617,8,1,1,2.862497,7.0,5,0
2025-06-11,676661,9,1,0,2.775,9.0,8,0
2025-06-11,676664,20,9,0,4.592,20.0,11,1
2025-06-11,676961,4,1,0,0.982,4.0,3,0
2025-06-11,676962,28,5,3,11.598135183773216,28.0,20,4
2025-06-11,677952,4,0,2,1.788994,4.0,2,0
2025-06-11,679358,4,1,0,0.335,4.0,3,0
2025-06-11,680689,7,3,0,1.488,7.0,4,0
2025-06-11,680732,20,4,1,7.965231463562753,20.0,15,2
2025-06-11,680742,6,0,1,2.8574970000000004,6.0,5,0
2025-06-11,680755,2,1,0,0.0,2.0,1,0
2025-06-11,680880,3,0,1,1.526786,3.0,1,0
2025-06-11,680885,31,9,0,6.770757894736842,31.0,22,2
2025-06-11,681190,18,4,1,7.219646576923076,18.0,12,2
2025-06-11,681911,3,3,0,0.0,3.0,0,0
2025-06-11,682254,3,1,0,0.556,2.0,1,0
2025-06-11,683004,19,3,4,8.366454666666666,19.0,12,2
2025-06-11,683232,3,1,0,0.055,3.0,2,0
2025-06-11,684320,3,1,0,0.076,3.0,2,0
2025-06-11,686747,7,0,0,2.803,7.0,7,0
2025-06-11,686973,5,1,0,1.855,5.0,4,0
2025-06-11,687396,6,1,0,3.0471250000000003,6.0,5,1
2025-06-11,687473,25,7,1,7.232300519061583,25.0,17,2
2025-06-11,687911,4,1,0,0.548,4.0,3,0
2025-06-11,688158,1,0,0,0.021,1.0,1,0
2025-06-11,688297,7,1,1,2.2561123846153848,6.0,5,1
2025-06-11,688642,6,1,2,2.409994,5.0,3,1
2025-06-11,689225,6,0,2,3.494625578947369,6.0,4,1
2025-06-11,693433,26,3,1,6.918181210526316,25.0,22,1
2025-06-11,694350,4,1,1,1.239747,4.0,2,0
2025-06-11,694477,26,8,3,9.31944365151515,26.0,15,2
2025-06-11,701581,22,4,2,6.088036372881357,22.0,16,1
2025-06-12,455119,4,1,0,1.044,4.0,3,0
2025-06-12,519151,3,0,0,0.7010000000000001,3.0,3,0
2025-06-12,543056,1,0,0,0.074,1.0,1,0
2025-06-12,543243,20,4,1,8.214849941176471,20.0,15,1
2025-06-12,552640,4,0,0,1.227,4.0,4,0
2025-06-12,571578,24,6,3,7.755491,24.0,15,1
2025-06-12,571760,22,7,0,7.170898305084745,22.0,15,2
2025-06-12,571948,3,1,0,0.137,3.0,2,0
2025-06-12,592454,5,0,1,2.8641905483870964,5.0,4,1
2025-06-12,592773,3,0,0,1.5819999999999999,3.0,3,0
2025-06-12,592791,25,7,2,6.533994,24.0,15,0
2025-06-12,607625,21,2,3,7.759635767899292,19.0,15,2
2025-06-12,620454,4,1,0,2.226736842105263,4.0,3,0
2025-06-12,621242,5,0,1,1.830497,5.0,4,0
2025-06-12,621366,1,1,0,0.0,1.0,0,0
2025-06-12,622608,24,2,3,9.321491,24.0,19,1
2025-06-12,623211,4,0,0,1.1224444444444444,4.0,4,0
2025-06-12,623352,5,2,0,1.0842285714285715,5.0,3,1
2025-06-12,623474,10,3,2,2.616994,10.0,5,0
2025-06-12,641745,4,2,1,1.413786,4.0,0,0
2025-06-12,641927,26,3,6,12.839281986083568,26.0,17,5
2025-06-12,642207,3,1,0,0.14900000000000002,3.0,2,0
2025-06-12,642528,3,0,0,0.689,3.0,3,0
2025-06-12,643410,2,0,0,0.351,2.0,2,0
2025-06-12,647336,22,5,3,7.748394583333333,22.0,13,2
2025-06-12,650556,4,1,0,1.6462857142857141,4.0,3,0
2025-06-12,656186,3,0,0,0.756,3.0,3,0
2025-06-12,657612,4,0,1,1.150497,4.0,3,0
2025-06-12,663436,27,5,2,7.523065370171329,27.0,20,2
2025-06-12,663485,7,2,0,2.31,7.0,5,0
2025-06-12,663546,4,0,1,1.507497,4.0,3,0
2025-06-12,664285,24,12,1,7.037986396825397,24.0,10,2
2025-06-12,665152,27,8,2,9.486523093108948,27.0,17,2
2025-06-12,666214,8,0,3,4.3792182727272735,8.0,5,1
2025-06-12,667463,4,0,0,0.771,4.0,4,0
2025-06-12,668390,4,1,0,1.1520000000000001,4.0,3,0
2025-06-12,668674,6,1,1,2.583497,6.0,4,0
2025-06-12,669062,3,0,1,0.767497,3.0,2,0
2025-06-12,669211,5,2,1,1.0814970000000002,5.0,2,0
2025-06-12,669373,25,6,2,6.037369,25.0,17,0
2025-06-12,670167,4,2,0,1.0240606060606061,4.0,2,1
2025-06-12,672582,4,2,0,0.57325,4.0,2,0
2025-06-12,673540,19,5,1,3.122497,19.0,13,0
2025-06-12,674285,10,0,2,3.8934485454545458,10.0,8,0
2025-06-12,675848,5,3,1,1.035497,5.0,1,0
2025-06-12,676254,3,1,0,0.317,3.0,2,0
2025-06-12,676684,3,2,0,0.046,3.0,1,0
2025-06-12,676755,6,1,1,1.1884970000000001,6.0,4,0
2025-06-12,676879,11,1,0,3.606289,11.0,9,0
2025-06-12,677649,3,0,0,0.174,3.0,3,0
2025-06-12,678020,4,1,1,1.169497,4.0,2,0
2025-06-12,678495,7,1,2,4.158494,7.0,4,1
2025-06-12,681146,11,0,0,4.858547064516129,11.0,10,1
2025-06-12,681869,3,0,0,0.492,3.0,3,0
2025-06-12,683232,4,1,1,0.889497,4.0,2,0
2025-06-12,687911,3,1,0,0.6416470588235295,3.0,2,0
2025-06-12,691799,5,1,0,1.322,5.0,4,0
2025-06-12,694037,3,1,0,0.099,3.0,2,0
2025-06-12,694350,4,1,0,1.7222127659574467,4.0,3,1
2025-06-12,694819,17,5,3,3.546491,17.0,9,0
2025-06-12,701542,21,4,1,6.164497,21.0,16,0
2025-06-12,701552,10,0,0,3.2896666666666667,10.0,10,0
2025-06-12,806185,26,6,2,6.266994,26.0,18,0
2025-06-13,450203,21,10,1,4.351497,21.0,10,0
2025-06-13,455119,2,1,0,0.35,2.0,1,0
2025-06-13,518489,3,1,0,0.789,3.0,2,0
2025-06-13,518585,6,2,2,1.4179940000000002,6.0,2,0
2025-06-13,519008,1,0,0,0.15,1.0,1,0
2025-06-13,519141,4,0,1,1.4298303333333333,4.0,3,0
2025-06-13,519326,4,2,0,0.385,4.0,2,0
2025-06-13,542888,9,5,0,1.058,9.0,4,0
2025-06-13,543056,6,2,1,2.874497,6.0,3,0
2025-06-13,547973,2,0,0,0.821,2.0,2,0
2025-06-13,571927,6,2,0,0.766,6.0,4,0
2025-06-13,571946,3,0,0,0.458,3.0,3,0
2025-06-13,571948,4,0,0,1.389,4.0,4,0
2025-06-13,572955,6,2,0,1.37,6.0,4,0
2025-06-13,573124,4,0,1,0.566,3.0,3,0
2025-06-13,573204,1,0,0,0.052,1.0,1,0
2025-06-13,592332,22,7,4,8.45572983006536,22.0,11,2
2025-06-13,592426,4,1,0,1.213,4.0,3,0
2025-06-13,592836,4,1,0,0.714,4.0,3,0
2025-06-13,593576,4,2,0,0.849,4.0,2,0
2025-06-13,593974,3,1,0,0.328,3.0,2,0
2025-06-13,595345,4,0,0,2.446474999999999,4.0,4,1
2025-06-13,605130,3,0,1,1.3154970000000001,3.0,2,0
2025-06-13,605154,5,1,1,2.5043303333333333,5.0,3,1
2025-06-13,605280,19,3,2,6.3430159780219775,19.0,14,2
2025-06-13,605288,24,2,4,6.999642545454545,24.0,18,1
2025-06-13,605452,5,0,2,1.548994,5.0,3,0
2025-06-13,607200,21,5,1,4.708782714285714,21.0,15,0
2025-06-13,607259,25,5,2,12.14251932610939,25.0,17,5
2025-06-13,607481,3,0,0,1.597,3.0,3,0
2025-06-13,608032,3,0,0,0.7440000000000001,3.0,3,0
2025-06-13,608379,28,5,2,10.779658000000001,28.0,20,2
2025-06-13,608566,21,7,1,4.730724272727272,21.0,13,1
2025-06-13,608718,6,0,1,2.176497,6.0,5,0
2025-06-13,621057,8,0,0,2.535,8.0,8,0
2025-06-13,621112,5,0,0,2.553,5.0,5,1
2025-06-13,622491,23,7,3,6.173624091349063,23.0,13,2
2025-06-13,622663,30,1,2,9.943862338557993,30.0,27,1
2025-06-13,623437,6,3,0,0.16,6.0,3,0
2025-06-13,624133,26,6,1,5.870782714285714,26.0,19,1
2025-06-13,628452,3,1,0,0.611,3.0,2,0
2025-06-13,640448,4,0,0,1.478,3.0,3,0
2025-06-13,641329,3,2,0,0.283,3.0,1,0
2025-06-13,641401,3,0,0,0.508,3.0,3,0
2025-06-13,641656,5,1,0,1.5773409090909092,5.0,4,1
2025-06-13,641745,5,1,0,1.1712272727272728,4.0,4,1
2025-06-13,642232,20,3,3,7.490674333333334,20.0,14,1
2025-06-13,642397,3,0,0,1.253,3.0,3,0
2025-06-13,642528,4,2,0,0.085,4.0,2,0
2025-06-13,642547,24,6,1,6.4481269090909095,24.0,16,2
2025-06-13,642585,3,2,0,0.005,3.0,1,0
2025-06-13,642701,5,1,0,0.41500000000000004,5.0,4,0
2025-06-13,643377,4,3,1,0.691497,4.0,0,0
2025-06-13,643511,3,0,0,0.153,3.0,3,0
2025-06-13,656186,3,0,0,1.4615521578947368,3.0,2,0
2025-06-13,656234,6,1,1,3.1614445177304966,6.0,4,1
2025-06-13,656271,5,0,3,2.3489940000000002,4.0,2,0
2025-06-13,656457,7,1,0,1.48325,7.0,6,0
2025-06-13,656730,5,2,0,1.29,5.0,3,0
2025-06-13,656986,3,1,0,0.655,3.0,2,0
2025-06-13,657024,7,0,1,3.4373184285714284,7.0,6,1
2025-06-13,657044,3,1,0,0.207,3.0,2,0
2025-06-13,657097,7,1,0,1.754,7.0,6,0
2025-06-13,657277,25,4,3,7.512854636363636,25.0,18,1
2025-06-13,657424,2,1,0,0.03,2.0,1,0
2025-06-13,657571,3,0,1,1.9804970000000002,3.0,2,0
2025-06-13,657612,5,1,1,1.0458437499999997,4.0,3,1
2025-06-13,657649,4,2,0,0.931,4.0,2,0
2025-06-13,660825,3,0,0,0.256,3.0,3,0
2025-06-13,660853,3,1,0,0.47100000000000003,3.0,2,0
2025-06-13,663465,10,1,0,2.471,10.0,9,0
2025-06-13,663568,24,5,2,7.783898384615385,24.0,16,0
2025-06-13,663947,4,0,0,1.54,4.0,4,0
2025-06-13,663969,2,1,0,0.362,2.0,1,0
2025-06-13,663978,24,1,1,11.91673806419896,24.0,22,3
2025-06-13,664076,4,1,0,1.6022889999999999,4.0,2,0
2025-06-13,664126,5,1,1,1.768497,5.0,3,0
2025-06-13,664139,7,0,0,2.2495454545454545,7.0,7,1
2025-06-13,664199,6,1,0,1.9696470588235295,6.0,5,0
2025-06-13,665795,14,5,2,5.020283,14.0,6,1
2025-06-13,666374,4,0,0,1.2309999999999999,4.0,4,0
2025-06-13,666661,2,1,0,0.168,2.0,1,0
2025-06-13,666974,4,1,0,1.264,4.0,3,0
2025-06-13,668390,3,0,0,0.592,3.0,3,0
2025-06-13,668820,9,1,1,3.064385888888889,9.0,7,1
2025-06-13,668909,21,1,3,8.426074333333334,21.0,17,1
2025-06-13,669020,8,0,1,2.827497,8.0,7,0
2025-06-13,669194,21,3,1,9.14691007814992,21.0,17,2
2025-06-13,669276,4,1,0,0.164,3.0,2,0
2025-06-13,669308,5,1,0,0.627,5.0,4,0
2025-06-13,669387,8,1,0,2.64,8.0,7,0
2025-06-13,669622,1,0,0,0.023,1.0,1,0
2025-06-13,670280,3,0,0,0.159,3.0,3,0
2025-06-13,670955,7,3,1,2.9029344999999993,7.0,3,1
2025-06-13,671131,7,1,1,2.270497,7.0,5,0
2025-06-13,671737,21,5,4,7.940099111111111,21.0,12,1
2025-06-13,671922,4,1,0,0.6569999999999999,4.0,3,0
2025-06-13,672391,3,2,0,0.007,3.0,1,0
2025-06-13,672456,23,4,1,6.60210091363023,23.0,18,2
2025-06-13,672841,3,1,0,1.5296249999999996,3.0,2,1
2025-06-13,674444,5,2,1,1.530497,5.0,2,0
2025-06-13,676254,4,1,1,0.815497,4.0,2,0
2025-06-13,676395,6,1,2,2.538994,6.0,3,0
2025-06-13,676428,4,1,1,1.9344970000000001,4.0,2,0
2025-06-13,676467,24,5,1,8.367325346551311,24.0,18,3
2025-06-13,676477,2,1,0,0.044,2.0,1,0
2025-06-13,676534,4,1,0,1.256,4.0,3,0
2025-06-13,676617,3,1,0,0.055,3.0,2,0
2025-06-13,676979,30,7,1,9.06660811111111,30.0,22,2
2025-06-13,678368,9,1,0,3.208,9.0,8,0
2025-06-13,678606,8,0,1,3.584497,8.0,7,0
2025-06-13,678692,5,1,0,1.5939999999999999,5.0,4,0
2025-06-13,679358,4,2,0,0.453,4.0,2,0
2025-06-13,679775,4,0,1,0.857497,4.0,3,0
2025-06-13,680730,21,3,3,10.318397314344542,21.0,15,3
2025-06-13,680736,17,5,0,4.650606557377049,17.0,12,1
2025-06-13,680755,3,2,0,0.011,3.0,1,0
2025-06-13,680767,7,2,0,3.5837714285714286,7.0,5,2
2025-06-13,682120,6,0,1,2.596497,6.0,5,0
2025-06-13,682254,3,1,1,0.703497,3.0,1,0
2025-06-13,682842,4,1,1,1.286497,4.0,2,0
2025-06-13,683769,3,0,0,1.411,3.0,3,0
2025-06-13,685107,5,0,0,2.085,5.0,5,0
2025-06-13,686799,16,2,0,5.974614543466375,16.0,14,2
2025-06-13,688158,4,2,1,0.9734970000000001,4.0,1,0
2025-06-13,689254,6,1,0,2.037,6.0,5,0
2025-06-13,689266,3,1,1,0.810497,3.0,1,0
2025-06-13,690990,21,4,1,4.934663666666667,21.0,16,1
2025-06-13,693821,21,2,3,11.422684384615385,21.0,14,1
2025-06-13,694037,3,1,1,0.7534970000000001,3.0,1,0
2025-06-13,694973,20,5,2,5.313586261904762,20.0,13,2
2025-06-13,695243,6,1,2,3.0125540000000006,6.0,3,1
2025-06-13,695418,7,2,0,2.695,7.0,5,0
2025-06-13,695445,5,3,0,1.471,5.0,2,0
2025-06-13,806188,6,2,0,2.1989565217391305,6.0,4,1
2025-06-13,808967,24,4,5,10.764950151515151,24.0,15,2
2025-06-14,458677,6,3,0,1.1139999999999999,5.0,2,0
2025-06-14,477132,24,5,1,3.607497,24.0,18,0
2025-06-14,500779,24,4,3,9.53278,24.0,16,1
2025-06-14,519141,4,0,1,1.820497,4.0,3,0
2025-06-14,519151,5,1,0,2.302,5.0,4,0
2025-06-14,519326,4,1,0,1.9825,4.0,3,1
2025-06-14,542881,25,4,2,10.840257703613874,25.0,19,2
2025-06-14,547179,25,4,3,7.480409831168831,25.0,18,1
2025-06-14,547184,6,2,0,1.8036769230769232,6.0,4,1
2025-06-14,552640,4,1,1,2.766582106382979,4.0,2,1
2025-06-14,571510,19,3,1,7.035020508937526,19.0,15,3
2025-06-14,571771,9,1,3,6.441091000000001,9.0,5,1
2025-06-14,571948,4,1,0,0.681,4.0,3,0
2025-06-14,592094,4,1,0,0.988,4.0,3,0
2025-06-14,592155,2,0,0,0.365,2.0,2,0
2025-06-14,592426,3,1,0,0.876,3.0,2,0
2025-06-14,592773,3,2,0,0.015,3.0,1,0
2025-06-14,592866,23,3,1,7.465877952380953,23.0,19,1
2025-06-14,593576,5,1,0,0.995289,5.0,3,0
2025-06-14,594798,22,6,0,6.0147,22.0,16,0
2025-06-14,605154,6,1,1,2.830131146341464,6.0,4,1
2025-06-14,606160,6,4,0,0.415,6.0,2,0
2025-06-14,607074,24,4,2,8.276542821428572,24.0,17,3
2025-06-14,607455,1,0,0,0.065,1.0,1,0
2025-06-14,608372,24,4,2,10.193944648083622,24.0,16,3
2025-06-14,620454,7,1,0,1.384,5.0,4,0
2025-06-14,621051,5,1,0,1.544,5.0,4,0
2025-06-14,621057,4,0,0,1.588,4.0,4,0
2025-06-14,621366,3,0,0,2.1386423728813564,3.0,3,2
2025-06-14,621381,3,1,0,0.032,3.0,2,0
2025-06-14,622554,4,2,1,0.693497,4.0,1,0
2025-06-14,623352,3,2,0,0.008,3.0,1,0
2025-06-14,641302,14,3,3,3.2463581111111113,12.0,8,1
2025-06-14,641329,1,0,0,0.0,0.0,0,0
2025-06-14,642100,5,2,0,0.363,5.0,3,0
2025-06-14,642121,4,1,0,1.306,4.0,3,0
2025-06-14,642239,4,0,0,1.2405151515151516,4.0,4,1
2025-06-14,642585,4,1,1,0.796497,4.0,2,0
2025-06-14,643338,4,0,0,1.5676842105263156,4.0,4,1
2025-06-14,643377,4,2,1,1.310497,4.0,1,0
2025-06-14,650556,4,3,1,0.691497,4.0,0,0
2025-06-14,650911,27,5,0,6.801860428571429,27.0,21,1
2025-06-14,656222,4,1,0,0.772,4.0,3,0
2025-06-14,656427,24,5,5,9.420168257918553,24.0,14,2
2025-06-14,656464,7,1,1,1.9284970000000001,7.0,5,0
2025-06-14,656629,3,2,0,0.067,3.0,1,0
2025-06-14,656641,8,3,2,1.5953094999999997,7.0,3,1
2025-06-14,656731,23,5,2,8.841452,21.0,13,1
2025-06-14,656876,21,3,1,10.15277343055372,21.0,17,3
2025-06-14,657044,5,0,1,1.168,3.0,3,1
2025-06-14,657424,6,0,0,1.55,6.0,6,0
2025-06-14,657746,25,7,2,7.8551565,25.0,16,2
2025-06-14,660787,9,1,1,1.799747,8.0,7,0
2025-06-14,661395,5,1,1,2.6511739230769233,5.0,3,1
2025-06-14,661403,7,1,3,1.911497,4.0,3,0
2025-06-14,663158,6,1,0,3.3,6.0,5,0
2025-06-14,663574,4,0,0,1.35,4.0,3,0
2025-06-14,663687,4,1,0,0.29200000000000004,4.0,3,0
2025-06-14,663738,4,0,0,2.8587586206896556,4.0,4,1
2025-06-14,663804,3,1,0,0.028999999999999998,3.0,2,0
2025-06-14,663893,4,0,0,1.2569090909090908,3.0,3,0
2025-06-14,663903,25,4,3,8.916676551724137,25.0,17,2
2025-06-14,663941,12,0,3,7.928871952380953,12.0,9,2
2025-06-14,664076,1,0,0,0.073,1.0,1,0
2025-06-14,664208,7,3,1,2.818786,7.0,2,0
2025-06-14,664854,5,2,0,2.0118125000000004,5.0,3,1
2025-06-14,668670,5,0,0,3.6577718253968254,5.0,5,2
2025-06-14,668678,27,6,4,10.760007607843137,27.0,17,2
2025-06-14,668933,3,0,0,1.166,3.0,3,0
2025-06-14,668941,4,0,1,1.643497,4.0,3,0
2025-06-14,668984,3,1,0,0.13,3.0,2,0
2025-06-14,669084,7,1,1,1.294497,7.0,5,0
2025-06-14,669093,5,2,2,1.766994,5.0,1,0
2025-06-14,669211,5,2,0,0.9753000000000002,5.0,3,0
2025-06-14,669276,5,2,0,0.751,5.0,3,0
2025-06-14,669438,8,0,0,2.435,8.0,8,0
2025-06-14,669467,20,7,2,4.660283,19.0,10,0
2025-06-14,669622,7,0,2,2.6823184285714285,6.0,5,1
2025-06-14,669711,5,0,0,1.9773636363636362,5.0,5,1
2025-06-14,669724,3,1,0,0.635,3.0,2,0
2025-06-14,669923,22,5,3,7.711965999999999,22.0,14,1
2025-06-14,670036,3,2,0,0.009,3.0,1,0
2025-06-14,670102,17,4,3,7.259556087517934,17.0,8,2
2025-06-14,670970,1,0,0,0.192,1.0,1,0
2025-06-14,671922,3,2,0,0.032,3.0,1,0
2025-06-14,672841,4,0,0,1.3519999999999999,4.0,4,0
2025-06-14,673513,4,0,1,0.789497,4.0,3,0
2025-06-14,673929,4,2,0,0.20299999999999999,4.0,2,0
2025-06-14,674285,5,1,0,2.251,5.0,4,0
2025-06-14,674444,3,0,0,0.6437777777777778,3.0,3,0
2025-06-14,675911,22,13,1,3.878497,22.0,8,2
2025-06-14,676083,18,4,0,4.253454545454545,18.0,14,0
2025-06-14,676130,7,3,1,2.466608111111111,7.0,3,1
2025-06-14,676395,2,1,0,1.0689565217391306,2.0,1,1
2025-06-14,676440,23,3,3,8.057323545454546,23.0,15,0
2025-06-14,676534,1,0,0,0.008,1.0,1,0
2025-06-14,676961,4,3,0,0.554,4.0,1,0
2025-06-14,677952,6,2,0,0.778,6.0,4,0
2025-06-14,678024,18,4,4,5.8035627142857145,18.0,9,0
2025-06-14,678606,2,1,0,0.569,2.0,1,0
2025-06-14,678692,5,1,2,1.737994,5.0,2,0
2025-06-14,680689,3,0,0,1.653,3.0,3,0
2025-06-14,680742,4,0,0,1.3303636363636364,4.0,4,0
2025-06-14,680755,4,1,1,0.8734970000000001,4.0,2,0
2025-06-14,681347,21,8,0,4.721982417582417,21.0,13,1
2025-06-14,681517,7,2,1,2.4489087647058825,7.0,4,1
2025-06-14,681982,7,3,1,1.332497,7.0,3,0
2025-06-14,682052,23,9,1,4.528612086956522,23.0,12,0
2025-06-14,682515,5,0,0,2.738166666666667,5.0,5,1
2025-06-14,683627,7,2,0,0.777,7.0,5,0
2025-06-14,683769,4,0,0,0.761,4.0,4,0
2025-06-14,684320,6,1,1,2.603497,6.0,4,0
2025-06-14,685107,4,1,1,0.915497,4.0,2,0
2025-06-14,685126,3,0,0,2.095861111111111,3.0,3,1
2025-06-14,686613,26,12,1,5.874897111111111,26.0,12,1
2025-06-14,686701,20,8,2,6.6287478699690405,20.0,10,2
2025-06-14,687330,3,1,0,0.21,3.0,2,0
2025-06-14,689147,3,1,0,0.109,3.0,2,0
2025-06-14,690928,21,5,1,4.308709765957446,21.0,15,1
2025-06-14,691799,6,3,1,1.5894970000000002,6.0,2,0
2025-06-14,692285,4,0,2,2.057994,4.0,2,0
2025-06-14,694037,4,2,0,0.319,4.0,2,0
2025-06-14,694350,1,1,0,0.0,1.0,0,0
2025-06-14,694738,13,0,5,7.618207679633867,12.0,8,2
2025-06-14,695418,6,0,0,2.21888,6.0,6,1
2025-06-14,696147,3,0,0,0.312,3.0,3,0
2025-06-14,702352,14,1,2,4.481994,14.0,11,0
2025-06-14,702795,3,1,0,0.21600000000000003,3.0,2,0
2025-06-14,801403,26,4,3,6.570801344827586,26.0,19,1
2025-06-14,806188,4,0,1,1.5534970000000001,4.0,3,0
2025-06-15,445276,5,3,0,2.1557272727272734,5.0,2,1
2025-06-15,489119,21,5,2,9.28678644751664,21.0,14,5
2025-06-15,489446,4,1,0,1.8862641509433964,4.0,3,1
2025-06-15,518876,23,7,1,6.816151545454545,23.0,15,1
2025-06-15,519008,3,1,0,0.629,3.0,2,0
2025-06-15,519151,3,2,0,0.4915000000000001,3.0,1,0
2025-06-15,543101,10,2,0,3.1383151515151515,10.0,8,1
2025-06-15,552640,3,0,0,1.0030000000000001,3.0,3,0
2025-06-15,554430,22,9,0,4.042,22.0,13,0
2025-06-15,571945,24,7,1,7.521247000000002,24.0,16,1
2025-06-15,573204,4,0,1,1.325497,4.0,3,0
2025-06-15,579328,25,10,2,8.209666020123839,25.0,13,3
2025-06-15,592155,3,0,0,0.738,3.0,3,0
2025-06-15,592426,3,1,0,0.388,3.0,2,0
2025-06-15,592773,5,1,1,3.472026601029601,5.0,3,2
2025-06-15,592779,3,2,0,0.239,3.0,1,0
2025-06-15,596001,3,1,0,0.29,3.0,2,0
2025-06-15,596295,18,4,1,4.515436393939393,18.0,13,1
2025-06-15,601713,24,9,1,6.345151545454546,24.0,14,2
2025-06-15,605130,4,0,0,0.764,4.0,4,0
2025-06-15,605447,4,1,1,1.748709121212121,4.0,2,1
2025-06-15,605463,8,0,0,1.75,8.0,8,0
2025-06-15,605488,24,2,0,9.184024483870967,23.0,21,1
2025-06-15,605513,13,0,2,5.329994,13.0,11,0
2025-06-15,607067,23,4,1,7.7577485243902435,23.0,18,3
2025-06-15,607481,3,0,0,0.914289,3.0,2,0
2025-06-15,608032,5,1,1,4.056909416851442,5.0,3,2
2025-06-15,608331,27,9,2,8.220136857142856,27.0,16,1
2025-06-15,614179,7,1,2,2.458994,7.0,4,0
2025-06-15,621051,4,0,0,2.818,4.0,4,0
2025-06-15,621053,4,2,0,0.029,4.0,2,0
2025-06-15,621244,23,5,1,9.496315447154473,21.0,16,2
2025-06-15,621383,7,0,0,3.077,7.0,7,0
2025-06-15,622554,2,2,0,0.0,2.0,0,0
2025-06-15,623167,3,0,0,1.4180000000000001,3.0,3,0
2025-06-15,623352,3,1,0,0.020999999999999998,3.0,2,0
2025-06-15,641401,8,1,1,3.4288181818181815,7.0,6,1
2025-06-15,641755,3,1,0,0.029,3.0,2,0
2025-06-15,641941,4,1,1,0.911497,4.0,2,0
2025-06-15,642121,1,0,0,0.075,1.0,1,0
2025-06-15,642701,5,0,0,1.768,5.0,5,0
2025-06-15,643410,4,2,1,1.0534970000000001,4.0,1,0
2025-06-15,643511,3,1,0,0.401,2.0,1,0
2025-06-15,650644,24,4,4,6.475174813186813,24.0,16,1
2025-06-15,650893,3,0,1,1.9675197272727272,3.0,2,1
2025-06-15,656186,5,0,1,0.924497,5.0,4,0
2025-06-15,656234,6,1,0,2.924,6.0,5,0
2025-06-15,656240,10,1,0,4.297252050300711,10.0,9,2
2025-06-15,656288,21,2,5,7.290151666666667,21.0,14,0
2025-06-15,656550,24,15,2,5.0418611250000005,24.0,6,1
2025-06-15,656605,23,3,2,7.563390103896104,23.0,18,2
2025-06-15,656730,5,3,0,0.849,5.0,2,0
2025-06-15,656945,3,3,0,0.0,3.0,0,0
2025-06-15,656986,4,2,0,0.253,4.0,2,0
2025-06-15,657024,6,1,2,2.900994,6.0,3,0
2025-06-15,657097,7,3,1,2.587920076923077,7.0,3,1
2025-06-15,657514,3,1,0,1.7730000000000001,3.0,2,0
2025-06-15,657649,4,0,0,2.064558823529412,4.0,4,1
2025-06-15,660825,4,1,0,0.758,4.0,3,0
2025-06-15,660853,4,0,1,2.387497,4.0,3,0
2025-06-15,661395,5,1,1,1.1864970000000001,5.0,3,0
2025-06-15,663485,3,1,0,0.401,3.0,2,0
2025-06-15,663546,16,5,2,5.178721272727273,16.0,9,1
2025-06-15,663574,4,2,0,1.362,4.0,2,0
2025-06-15,663671,4,0,0,1.415289,4.0,3,0
2025-06-15,663897,4,0,0,1.5830000000000002,4.0,4,0
2025-06-15,663947,3,1,0,0.486,3.0,2,0
2025-06-15,663969,8,1,1,2.843097,7.0,5,1
2025-06-15,664192,5,0,0,2.326,5.0,5,0
2025-06-15,666974,3,1,1,0.7354970000000001,3.0,1,0
2025-06-15,667463,4,0,0,0.996,3.0,3,0
2025-06-15,668390,6,2,0,1.081,6.0,4,0
2025-06-15,668674,4,0,0,0.8069999999999999,4.0,4,0
2025-06-15,668820,9,1,1,3.1217886666666668,7.0,5,0
2025-06-15,668933,6,1,0,3.2808846153846156,6.0,5,1
2025-06-15,668941,1,1,0,0.0,1.0,0,0
2025-06-15,668984,4,1,0,2.041423076923077,4.0,3,1
2025-06-15,669020,3,1,1,1.3394970000000002,3.0,1,0
2025-06-15,669022,26,5,1,10.689170224043716,26.0,20,2
2025-06-15,669062,3,0,0,1.657,3.0,3,0
2025-06-15,669160,30,3,4,9.276684384615384,29.0,21,0
2025-06-15,669199,7,2,0,2.619289,7.0,4,0
2025-06-15,669308,3,2,0,0.4709090909090909,3.0,1,0
2025-06-15,669358,27,6,4,8.127999222222222,27.0,16,0
2025-06-15,669371,3,2,0,0.8630606060606062,3.0,1,1
2025-06-15,669724,6,1,0,3.0481809523809527,6.0,5,1
2025-06-15,670167,4,0,0,2.367641975308642,4.0,4,1
2025-06-15,670280,3,1,1,0.674,2.0,1,0
2025-06-15,670970,4,3,0,0.453,4.0,1,0
2025-06-15,671131,4,0,0,0.458,4.0,4,0
2025-06-15,672582,5,2,1,1.154497,5.0,2,0
2025-06-15,675848,3,1,0,0.031,3.0,2,0
2025-06-15,676106,22,4,1,5.352497,22.0,17,0
2025-06-15,676206,3,0,0,1.0802889999999998,3.0,2,0
2025-06-15,676254,6,3,0,1.5097192982456142,6.0,3,1
2025-06-15,676428,5,0,0,0.999,5.0,5,0
2025-06-15,676477,4,2,0,0.37,4.0,2,0
2025-06-15,676661,3,0,1,1.779497,3.0,2,0
2025-06-15,676684,6,1,0,2.523,6.0,5,0
2025-06-15,676724,3,0,1,1.121497,3.0,2,0
2025-06-15,676755,6,0,0,0.9988000000000001,6.0,6,0
2025-06-15,677958,20,6,1,4.446497,20.0,13,0
2025-06-15,678394,26,8,3,6.243885736842105,26.0,15,1
2025-06-15,679358,10,2,3,3.543491,9.0,4,0
2025-06-15,680573,17,4,1,3.2174970000000003,17.0,12,0
2025-06-15,681517,4,2,0,1.004,4.0,2,0
2025-06-15,681869,4,0,0,1.4460000000000002,4.0,4,0
2025-06-15,681911,3,1,0,0.092,3.0,2,0
2025-06-15,682254,1,0,0,0.159,1.0,1,0
2025-06-15,682842,4,1,0,1.045,4.0,3,0
2025-06-15,682847,29,5,5,11.439949757575757,29.0,18,0
2025-06-15,682990,22,3,0,5.4951015,22.0,18,1
2025-06-15,683232,1,1,0,0.0,1.0,0,0
2025-06-15,685126,1,0,0,0.0,0.0,0,0
2025-06-15,686654,6,4,1,0.703497,6.0,1,0
2025-06-15,686973,7,0,0,2.328289,6.0,6,0
2025-06-15,687830,13,2,1,3.2254970000000003,13.0,10,0
2025-06-15,687888,27,9,0,7.458965923076923,27.0,17,1
2025-06-15,689254,3,0,0,1.723,3.0,3,0
2025-06-15,691587,19,0,3,7.284657666666667,19.0,16,1
2025-06-15,695243,4,2,0,0.364,4.0,2,0
2025-06-15,695445,7,0,1,3.531955928571428,7.0,6,2
2025-06-15,700249,15,4,1,5.871520809523809,15.0,10,2
2025-06-15,702070,20,7,1,4.097497,19.0,11,0
2025-06-15,702795,7,0,2,2.002994,7.0,5,0
2025-06-16,445276,4,2,0,0.5850000000000001,4.0,2,0
2025-06-16,458677,5,1,1,1.2664970000000002,5.0,3,0
2025-06-16,489446,3,0,0,0.6030000000000001,3.0,3,0
2025-06-16,518585,1,1,0,0.0,1.0,0,0
2025-06-16,519326,1,0,0,0.056,1.0,1,0
2025-06-16,547973,3,3,0,0.0,3.0,0,0
2025-06-16,592836,3,1,0,0.59,3.0,2,0
2025-06-16,593974,5,1,0,0.796,5.0,4,0
2025-06-16,595345,3,1,0,0.051000000000000004,3.0,2,0
2025-06-16,605447,4,2,0,0.8132889999999999,4.0,1,0
2025-06-16,607455,3,2,1,0.691497,3.0,0,0
2025-06-16,608337,21,10,1,4.327163666666666,21.0,10,0
2025-06-16,621107,27,2,2,10.277716222222223,26.0,23,1
2025-06-16,621381,5,0,0,2.023,5.0,5,0
2025-06-16,623474,3,0,0,0.873,3.0,3,0
2025-06-16,640448,6,0,0,3.7216208333333323,6.0,6,2
2025-06-16,642207,5,1,0,1.216,5.0,4,0
2025-06-16,642397,4,3,0,0.722289,4.0,0,0
2025-06-16,642528,9,2,2,1.503497,8.0,5,0
2025-06-16,645261,21,5,1,8.967416263658542,21.0,15,4
2025-06-16,647315,5,0,0,0.884,5.0,5,0
2025-06-16,650556,2,0,1,2.691497,2.0,1,1
2025-06-16,656271,4,0,1,0.352,3.0,3,0
2025-06-16,656302,25,9,1,5.8852145714285715,25.0,14,1
2025-06-16,656629,4,1,0,0.856,4.0,3,0
2025-06-16,656945,3,1,0,0.298,3.0,2,0
2025-06-16,657376,27,3,0,5.510769230769231,27.0,24,1
2025-06-16,660271,5,0,0,2.015,5.0,5,0
2025-06-16,660825,3,0,1,1.3664969999999999,3.0,2,0
2025-06-16,663423,6,2,1,1.4688127894736844,6.0,3,1
2025-06-16,663623,23,5,1,6.978976027355623,23.0,17,2
2025-06-16,666171,3,1,0,2.26409200968523,3.0,2,2
2025-06-16,666215,3,0,0,0.737,3.0,3,0
2025-06-16,667755,27,6,1,9.228650846153846,26.0,20,1
2025-06-16,669302,19,10,1,4.58862277962578,19.0,8,2
2025-06-16,669372,9,5,0,1.173,9.0,4,0
2025-06-16,669711,5,1,2,2.003994,5.0,2,0
2025-06-16,672282,4,1,1,0.976,3.0,2,0
2025-06-16,675848,4,2,0,0.837,4.0,2,0
2025-06-16,676508,15,2,1,4.071288666666667,15.0,12,0
2025-06-16,678020,3,0,1,1.4314970000000002,3.0,2,0
2025-06-16,678368,12,1,0,2.749,12.0,11,0
2025-06-16,680767,3,0,1,1.197497,3.0,2,0
2025-06-16,681869,3,0,0,0.9600000000000001,3.0,3,0
2025-06-16,681882,8,5,0,0.86,8.0,3,0
2025-06-16,681911,2,1,0,0.008,2.0,1,0
2025-06-16,686752,27,11,2,4.228994,27.0,14,0
2025-06-16,687223,21,2,3,9.408596769230769,21.0,16,3
2025-06-16,687473,20,8,1,2.962709121212121,19.0,10,1
2025-06-16,687765,21,2,1,8.865497,20.0,17,1
2025-06-16,687911,4,1,0,1.6482890000000001,4.0,2,0
2025-06-16,688158,8,2,1,2.1374969999999998,8.0,5,0
2025-06-16,689147,3,1,0,0.268,3.0,2,0
2025-06-16,690953,20,3,1,6.384786,20.0,15,0
2025-06-16,695243,3,2,0,0.103,3.0,1,0
2025-06-16,695418,6,2,0,1.871,6.0,4,0
2025-06-16,806188,7,0,1,3.408786,7.0,5,0
2025-06-17,519008,6,0,0,3.1750000000000003,6.0,6,1
2025-06-17,519326,4,1,1,0.8634970000000001,4.0,2,0
2025-06-17,543056,1,0,0,0.203,1.0,1,0
2025-06-17,543294,23,9,1,4.385497,23.0,13,0
2025-06-17,571946,3,1,0,3.209728498074454,3.0,2,2
2025-06-17,572955,3,1,0,0.105,3.0,2,0
2025-06-17,573204,3,2,0,0.31,3.0,1,0
2025-06-17,592094,3,0,0,1.103,3.0,3,0
2025-06-17,592454,3,1,0,0.358,3.0,2,0
2025-06-17,592662,26,5,2,6.045172571428572,26.0,19,1
2025-06-17,592779,7,1,2,2.559994,7.0,4,0
2025-06-17,605130,4,2,0,0.438,4.0,2,0
2025-06-17,605135,27,5,1,9.093622008547008,27.0,19,2
2025-06-17,605452,5,0,1,2.741997,5.0,4,1
2025-06-17,607455,6,2,1,1.553,5.0,3,0
2025-06-17,607625,24,9,1,4.907075,24.0,12,0
2025-06-17,615698,17,2,0,8.457458295900178,17.0,14,3
2025-06-17,621111,21,2,4,8.273973622593068,21.0,15,1
2025-06-17,621242,3,1,0,0.359,3.0,2,0
2025-06-17,621383,5,1,0,1.296,5.0,4,0
2025-06-17,622608,21,0,3,8.29962134965035,21.0,18,2
2025-06-17,623211,4,0,2,1.9830393728813562,3.0,2,1
2025-06-17,623437,5,1,1,1.776497,5.0,3,0
2025-06-17,628452,3,1,0,0.268,3.0,2,0
2025-06-17,641302,7,0,0,2.519,7.0,7,0
2025-06-17,641329,4,0,0,0.864,4.0,4,0
2025-06-17,641656,10,1,1,2.223289,8.0,6,0
2025-06-17,641745,4,1,1,1.044497,4.0,2,0
2025-06-17,641755,5,2,1,1.169497,5.0,2,0
2025-06-17,641793,25,3,0,8.19438,25.0,22,2
2025-06-17,641941,5,2,2,1.387994,5.0,1,0
2025-06-17,642121,7,3,1,0.874,6.0,3,0
2025-06-17,642152,9,1,2,5.198692523809524,9.0,5,2
2025-06-17,642239,4,1,0,2.579,4.0,3,1
2025-06-17,642397,1,1,0,0.0,1.0,0,0
2025-06-17,642585,3,1,0,0.9045000000000001,3.0,2,0
2025-06-17,643511,3,1,0,0.39799999999999996,3.0,2,0
2025-06-17,647336,27,9,2,8.838125714561848,27.0,13,3
2025-06-17,650893,4,1,0,1.604,4.0,3,0
2025-06-17,656222,3,0,0,2.609183333333333,3.0,3,2
2025-06-17,656234,4,2,0,0.9650000000000001,4.0,2,0
2025-06-17,656546,3,0,1,1.375497,3.0,2,0
2025-06-17,656629,3,0,1,0.7614970000000001,3.0,2,0
2025-06-17,656794,6,1,1,3.349786,6.0,3,0
2025-06-17,656849,28,3,3,9.851491,28.0,22,0
2025-06-17,656945,3,1,0,0.611,3.0,2,0
2025-06-17,656986,7,1,0,2.4131714285714283,7.0,6,1
2025-06-17,657044,2,0,0,0.7654285714285713,2.0,2,1
2025-06-17,657514,5,1,1,1.376497,5.0,3,0
2025-06-17,657585,5,1,0,1.84,5.0,4,0
2025-06-17,660896,3,1,0,0.433,3.0,2,0
2025-06-17,661403,6,1,1,2.265497,6.0,4,0
2025-06-17,662253,4,2,0,0.9019999999999999,4.0,2,0
2025-06-17,663485,4,2,1,1.466497,4.0,1,1
2025-06-17,663554,23,4,0,6.904880952380952,23.0,19,1
2025-06-17,663559,20,4,1,6.643463250000001,20.0,15,3
2025-06-17,663574,3,2,0,0.722289,3.0,0,0
2025-06-17,663687,4,2,1,0.8544970000000001,4.0,1,0
2025-06-17,663738,5,2,0,2.185,5.0,3,1
2025-06-17,663767,3,1,1,1.237497,3.0,1,0
2025-06-17,663893,4,1,2,1.438994,4.0,1,0
2025-06-17,663969,3,1,0,0.245,3.0,2,0
2025-06-17,664123,4,1,0,0.461,4.0,3,0
2025-06-17,665152,19,4,2,6.762653090909091,19.0,13,0
2025-06-17,666171,3,0,0,1.3263500000000001,3.0,3,0
2025-06-17,666200,24,4,4,9.055824842105263,24.0,16,1
2025-06-17,666214,4,0,1,1.3159414444444444,4.0,3,0
2025-06-17,666661,4,3,0,0.166,4.0,1,0
2025-06-17,668984,3,2,0,0.381,3.0,1,0
2025-06-17,669062,3,0,0,1.314,3.0,3,0
2025-06-17,669093,5,0,0,3.4438809523809524,5.0,5,1
2025-06-17,669211,8,1,1,2.027497,8.0,6,0
2025-06-17,669276,3,1,0,1.7572857142857143,3.0,2,1
2025-06-17,669308,3,0,1,2.086747,3.0,2,0
2025-06-17,669371,4,0,1,4.584967557377049,4.0,2,2
2025-06-17,669387,12,2,1,6.26361369472856,12.0,8,3
2025-06-17,669422,12,3,2,4.548253149253731,12.0,6,1
2025-06-17,669461,23,4,0,6.4332537878787885,23.0,19,1
2025-06-17,669622,4,0,0,2.386615384615385,4.0,4,1
2025-06-17,669724,3,0,0,0.9274444444444445,3.0,3,1
2025-06-17,669920,25,4,3,6.36978,25.0,17,1
2025-06-17,670036,3,1,0,0.6950000000000001,3.0,2,0
2025-06-17,670970,2,1,0,0.083,2.0,1,0
2025-06-17,671096,26,5,0,5.679762032085561,25.0,20,2
2025-06-17,671131,5,1,0,3.8345781250000006,5.0,4,2
2025-06-17,671922,4,1,0,1.065,4.0,3,0
2025-06-17,672282,3,2,0,0.057,3.0,1,0
2025-06-17,672391,2,0,0,0.9199999999999999,2.0,2,0
2025-06-17,673513,5,2,1,1.5299999999999998,4.0,2,0
2025-06-17,673929,6,2,2,2.5779940000000003,6.0,2,0
2025-06-17,674285,4,0,1,2.0337611509433966,4.0,3,1
2025-06-17,674370,12,1,2,3.889283,12.0,8,0
2025-06-17,674444,3,1,0,0.109,3.0,2,0
2025-06-17,675650,7,2,0,1.874,7.0,5,0
2025-06-17,676206,3,1,0,0.35300000000000004,3.0,2,0
2025-06-17,676263,8,2,0,1.779,8.0,6,0
2025-06-17,676534,4,1,0,0.99,4.0,3,0
2025-06-17,676617,6,1,0,1.557,6.0,5,0
2025-06-17,676664,19,0,3,8.467731219512196,18.0,14,2
2025-06-17,676961,10,3,0,2.6805174825174825,10.0,7,0
2025-06-17,676962,24,5,2,7.069635941176471,24.0,16,1
2025-06-17,677161,5,2,0,0.358,5.0,3,0
2025-06-17,677944,23,6,3,7.8887175,22.0,13,1
2025-06-17,678495,3,0,0,1.8981785714285713,3.0,3,1
2025-06-17,678692,4,1,0,1.6059999999999999,4.0,3,0
2025-06-17,679775,3,1,0,0.79,3.0,2,0
2025-06-17,680742,3,2,0,0.217,3.0,1,0
2025-06-17,680755,2,0,0,0.883,2.0,2,0
2025-06-17,680767,2,0,0,0.56,2.0,2,0
2025-06-17,680862,4,0,0,1.2076666666666667,4.0,4,0
2025-06-17,680885,26,8,2,8.723147482587065,26.0,16,2
2025-06-17,681190,20,2,0,6.877446102767297,20.0,17,3
2025-06-17,681343,24,2,3,8.87012090909091,22.0,17,1
2025-06-17,681962,5,0,0,1.6491000000000002,5.0,5,1
2025-06-17,681982,3,1,0,0.5149999999999999,3.0,2,0
2025-06-17,682254,7,2,0,1.873,7.0,5,0
2025-06-17,683004,27,4,2,11.773840099330775,27.0,21,5
2025-06-17,683232,4,1,0,1.083,4.0,3,0
2025-06-17,683627,11,0,0,5.950239638977374,11.0,11,2
2025-06-17,683769,6,1,1,3.508497,6.0,4,0
2025-06-17,685126,5,1,0,1.7793377804878048,5.0,3,1
2025-06-17,687330,1,1,0,0.0,1.0,0,0
2025-06-17,689254,5,1,1,1.603497,5.0,3,0
2025-06-17,692285,4,0,1,1.842497,4.0,3,0
2025-06-17,693433,24,6,2,6.899870301587301,24.0,15,3
2025-06-17,694037,4,1,0,0.195,4.0,3,0
2025-06-17,694297,23,3,1,9.160364,23.0,16,1
2025-06-17,694350,3,2,0,0.278,3.0,1,0
2025-06-17,694477,23,5,2,9.714162310344827,23.0,15,2
2025-06-17,695445,3,1,0,0.993657894736842,3.0,2,1
2025-06-17,701542,24,11,0,5.226,24.0,13,0
2025-06-17,701552,3,0,0,0.494,2.0,2,0
2025-06-17,701581,18,4,3,7.107905000000001,18.0,10,1
2025-06-18,434378,22,6,1,7.562065965517241,22.0,15,1
2025-06-18,445276,4,1,0,0.392,4.0,3,0
2025-06-18,518585,6,2,3,2.127491,6.0,1,0
2025-06-18,519242,32,7,1,6.834497,32.0,24,0
2025-06-18,542888,3,1,0,0.032,3.0,2,0
2025-06-18,547973,3,1,0,0.416,3.0,2,0
2025-06-18,552640,8,2,1,2.675497,8.0,5,0
2025-06-18,571578,22,4,2,10.024855976284586,22.0,16,2
2025-06-18,571948,7,1,2,1.009497,5.0,4,0
2025-06-18,592426,3,0,0,1.207,3.0,3,0
2025-06-18,593576,2,1,0,0.011,2.0,1,0
2025-06-18,593958,23,4,3,7.472494,22.0,15,1
2025-06-18,593974,3,1,1,1.083497,3.0,1,0
2025-06-18,605463,9,1,1,3.540818428571429,9.0,7,0
2025-06-18,608032,3,0,0,0.067,3.0,3,0
2025-06-18,608566,24,2,2,8.901994,24.0,20,1
2025-06-18,620454,5,2,1,1.028497,5.0,2,0
2025-06-18,621053,8,0,1,5.334497,8.0,7,1
2025-06-18,621057,3,0,0,0.367,3.0,3,0
2025-06-18,621112,17,2,2,5.454669675675675,17.0,13,1
2025-06-18,621381,6,2,0,2.634777777777778,6.0,4,0
2025-06-18,622491,24,5,2,8.058349683316683,24.0,16,3
2025-06-18,622554,5,0,0,1.434,4.0,4,0
2025-06-18,622663,25,5,1,6.055729142857143,25.0,19,0
2025-06-18,624133,26,8,2,7.549736207792208,26.0,16,2
2025-06-18,628452,1,0,0,0.384,1.0,1,0
2025-06-18,641329,3,1,0,0.897,3.0,2,0
2025-06-18,641401,2,0,0,0.9019999999999999,2.0,2,1
2025-06-18,641755,3,0,0,0.27999999999999997,3.0,3,0
2025-06-18,641778,20,8,1,4.857233842105263,20.0,11,0
2025-06-18,641927,27,5,0,6.080936170212766,25.0,20,1
2025-06-18,642100,3,0,0,0.831,3.0,3,0
2025-06-18,642232,20,3,1,8.264086743589743,20.0,16,2
2025-06-18,643338,4,1,0,1.457,4.0,3,0
2025-06-18,643410,4,1,0,1.2830000000000001,4.0,3,0
2025-06-18,656234,1,0,0,0.161,1.0,1,0
2025-06-18,656240,8,0,0,5.031606317476384,8.0,8,3
2025-06-18,656271,3,0,0,0.7584285714285715,3.0,3,1
2025-06-18,656464,8,0,2,4.689533,8.0,5,2
2025-06-18,656794,8,1,0,4.060812500000001,8.0,7,1
2025-06-18,657044,3,0,0,0.841,3.0,3,0
2025-06-18,657097,3,0,0,1.292,3.0,3,0
2025-06-18,657612,6,1,0,1.5126875,6.0,5,1
2025-06-18,660787,3,0,1,2.4040684285714287,3.0,2,2
2025-06-18,660825,3,1,0,0.8455454545454545,3.0,2,0
2025-06-18,661403,4,1,0,1.376,4.0,3,0
2025-06-18,663158,2,0,0,0.9462222222222224,2.0,2,1
2025-06-18,663321,7,1,1,3.2116521724137934,7.0,5,1
2025-06-18,663460,27,6,1,8.201176243902438,26.0,18,1
2025-06-18,663546,4,1,2,2.001994,4.0,1,0
2025-06-18,663568,25,3,1,12.44846733116883,25.0,20,4
2025-06-18,663687,7,2,1,2.473497,7.0,4,0
2025-06-18,663969,5,1,0,0.757,5.0,4,0
2025-06-18,664076,7,1,0,1.5939043846153844,7.0,5,0
2025-06-18,664126,3,1,0,0.32499999999999996,3.0,2,0
2025-06-18,664192,3,0,0,0.297,3.0,3,0
2025-06-18,664285,26,3,5,8.343485,26.0,18,0
2025-06-18,666157,24,4,2,5.9632830000000006,24.0,17,1
2025-06-18,666171,3,0,1,1.4187859999999999,3.0,1,0
2025-06-18,666215,3,0,0,0.634,3.0,3,0
2025-06-18,666808,3,2,0,0.235,3.0,1,0
2025-06-18,666974,7,0,1,3.5316521724137937,7.0,6,1
2025-06-18,668674,4,1,0,1.41,4.0,3,0
2025-06-18,669199,10,3,2,3.3147864528301887,10.0,5,1
2025-06-18,669432,15,4,3,4.795491,15.0,8,0
2025-06-18,669711,3,0,1,1.0934970000000002,3.0,2,0
2025-06-18,670036,4,0,0,1.0942889999999998,4.0,3,0
2025-06-18,670167,2,1,0,0.0,2.0,1,0
2025-06-18,670955,3,1,0,1.1177714285714282,3.0,2,1
2025-06-18,671106,21,4,2,6.904751113821139,21.0,15,2
2025-06-18,671737,12,2,1,7.490210311688311,12.0,9,3
2025-06-18,671922,3,2,1,0.691497,3.0,0,0
2025-06-18,672841,3,1,0,0.025,3.0,2,0
2025-06-18,674444,4,1,0,0.9713333333333333,4.0,3,0
2025-06-18,675848,5,0,1,2.569497,5.0,4,1
2025-06-18,676130,6,0,1,1.482497,6.0,5,0
2025-06-18,676477,3,1,0,0.307,3.0,2,0
2025-06-18,676979,24,8,0,6.4641875,24.0,16,0
2025-06-18,677865,5,2,0,1.329289,5.0,2,0
2025-06-18,678020,3,2,0,0.156,3.0,1,0
2025-06-18,678606,4,0,0,2.3123392857142853,4.0,4,1
2025-06-18,680730,23,8,0,8.844357142857143,23.0,15,2
2025-06-18,680736,20,3,0,5.095,20.0,17,1
2025-06-18,681869,6,3,0,0.744,6.0,3,0
2025-06-18,682120,4,0,0,0.1,4.0,4,0
2025-06-18,682254,3,1,0,0.226,3.0,2,0
2025-06-18,684320,6,1,0,1.312,6.0,5,0
2025-06-18,686218,15,6,0,2.8436875,15.0,9,1
2025-06-18,686654,4,1,0,1.0626666666666669,4.0,3,1
2025-06-18,686799,21,8,3,6.218237031746032,20.0,9,1
2025-06-18,687330,6,1,0,1.484060606060606,6.0,5,1
2025-06-18,688158,5,2,2,1.414994,5.0,1,0
2025-06-18,689147,4,2,1,0.809497,4.0,1,0
2025-06-18,695418,4,1,0,0.40800000000000003,3.0,3,0
2025-06-18,702352,4,1,0,0.267,3.0,2,0
2025-06-18,702795,3,0,0,0.886,3.0,3,0
2025-06-18,800049,27,5,4,9.9627122500839,27.0,18,3
2025-06-19,450203,22,7,0,5.101629909090909,21.0,14,1
2025-06-19,519141,5,2,1,1.121,4.0,2,0
2025-06-19,542881,25,4,2,9.40031021423331,25.0,19,2
2025-06-19,542888,5,1,1,2.054173923076923,5.0,3,1
2025-06-19,543056,2,1,1,0.691497,2.0,0,0
2025-06-19,543101,11,1,0,5.13257769047619,11.0,9,2
2025-06-19,547184,3,0,1,1.092497,3.0,2,0
2025-06-19,571760,23,2,3,6.561491,23.0,18,0
2025-06-19,571927,9,4,1,3.7944185686274516,9.0,4,1
2025-06-19,571946,3,2,0,0.265,3.0,1,0
2025-06-19,573124,6,2,0,4.106909090909091,6.0,4,1
2025-06-19,592094,4,3,0,0.94,4.0,1,0
2025-06-19,592155,7,0,1,4.672647360866078,7.0,6,2
2025-06-19,592332,24,4,3,8.712154228395061,24.0,16,1
2025-06-19,592454,3,2,0,0.093,3.0,1,0
2025-06-19,592791,20,2,1,10.215763866566716,20.0,17,2
2025-06-19,592866,24,6,1,7.424358111111111,24.0,17,1
2025-06-19,593576,2,0,1,2.0842684285714284,2.0,1,1
2025-06-19,595345,5,2,1,1.4439515454545453,5.0,2,0
2025-06-19,596001,2,0,0,0.14,2.0,2,0
2025-06-19,605280,24,5,6,7.454982,24.0,13,0
2025-06-19,606160,4,2,0,0.7638529411764707,4.0,2,1
2025-06-19,607074,24,7,1,8.53771607662,24.0,15,4
2025-06-19,607200,24,4,2,7.335994,22.0,17,0
2025-06-19,607259,17,4,1,10.568806833333333,17.0,11,4
2025-06-19,608032,3,0,0,1.7145600000000005,3.0,3,1
2025-06-19,608379,23,5,2,5.037244,23.0,16,0
2025-06-19,608718,7,1,2,2.665994,7.0,4,0
2025-06-19,621051,6,2,1,1.798497,6.0,3,0
2025-06-19,621366,3,1,0,0.5870000000000001,3.0,2,0
2025-06-19,622554,5,2,1,1.180497,5.0,2,0
2025-06-19,623167,10,3,1,2.1534969999999998,10.0,6,0
2025-06-19,623211,7,0,3,3.058491,7.0,4,0
2025-06-19,623352,5,2,0,1.7376756756756755,5.0,3,1
2025-06-19,623437,3,2,0,0.279,3.0,1,0
2025-06-19,623474,5,1,0,1.419,5.0,4,1
2025-06-19,640448,4,1,0,0.403,4.0,3,0
2025-06-19,641329,2,0,1,0.700497,2.0,1,0
2025-06-19,642152,3,0,0,1.5900617272727273,2.0,2,1
2025-06-19,642207,4,3,0,0.722289,4.0,0,0
2025-06-19,642397,4,2,1,1.619497,4.0,1,0
2025-06-19,642528,4,0,0,1.539,4.0,4,0
2025-06-19,642547,20,6,2,7.988961513436249,20.0,11,4
2025-06-19,642585,3,2,0,0.016,3.0,1,0
2025-06-19,642701,1,0,0,0.071,1.0,1,0
2025-06-19,643377,5,2,0,2.123,5.0,3,0
2025-06-19,643410,3,0,0,0.151,3.0,3,0
2025-06-19,650556,5,2,1,1.322497,5.0,2,0
2025-06-19,650893,6,0,1,2.079910793103448,6.0,5,1
2025-06-19,650911,28,4,0,7.015390243902439,28.0,24,1
2025-06-19,656186,4,1,0,1.7716000000000003,4.0,3,1
2025-06-19,656271,4,1,0,0.404,4.0,3,0
2025-06-19,656457,5,1,0,0.971,4.0,3,0
2025-06-19,656641,20,0,1,6.9346022631578945,20.0,19,1
2025-06-19,656730,3,1,1,1.0654970000000001,3.0,1,0
2025-06-19,656876,22,5,3,5.97778,22.0,13,0
2025-06-19,657277,28,9,0,6.779615384615385,28.0,19,0
2025-06-19,657424,3,1,1,1.544497,3.0,1,1
2025-06-19,657571,4,1,0,0.8280000000000001,4.0,3,0
2025-06-19,657649,1,0,0,0.044,1.0,1,0
2025-06-19,657756,12,3,2,4.735972101232625,12.0,7,2
2025-06-19,660853,3,2,0,0.233,3.0,1,0
2025-06-19,663158,3,0,0,1.6302889999999999,3.0,2,0
2025-06-19,663485,4,0,0,0.921,4.0,4,0
2025-06-19,663671,4,1,0,1.302,4.0,3,0
2025-06-19,663767,14,1,0,6.436268249011858,14.0,12,3
2025-06-19,663795,10,1,0,3.0156666666666667,10.0,9,1
2025-06-19,663947,7,1,0,4.17314963880289,7.0,6,2
2025-06-19,663978,21,3,0,6.388395202020202,21.0,18,1
2025-06-19,664139,8,0,1,3.4049328974358977,8.0,7,1
2025-06-19,664208,3,1,0,0.033,3.0,2,0
2025-06-19,664854,3,1,0,0.17300000000000001,3.0,2,0
2025-06-19,665795,23,5,3,5.633757666666667,22.0,14,0
2025-06-19,666661,1,0,0,0.009,1.0,1,0
2025-06-19,666808,3,1,0,0.732,3.0,2,0
2025-06-19,667463,3,1,0,1.075,3.0,2,0
2025-06-19,668390,7,0,2,2.1549107931034484,6.0,5,1
2025-06-19,668909,23,6,3,5.84678,23.0,13,0
2025-06-19,668941,4,0,1,1.147497,4.0,3,0
2025-06-19,669020,3,0,0,0.21100000000000002,2.0,2,0
2025-06-19,669093,5,0,1,2.0434970000000003,5.0,4,0
2025-06-19,669193,11,1,1,3.496786,11.0,8,0
2025-06-19,669194,20,4,2,4.700331780487804,20.0,13,1
2025-06-19,669276,3,1,0,0.319,3.0,2,0
2025-06-19,669308,3,0,2,2.4376189999999998,3.0,1,1
2025-06-19,669371,2,2,0,0.0,2.0,0,0
2025-06-19,669372,7,0,1,1.663497,7.0,6,0
2025-06-19,669373,26,6,3,8.748227170212767,26.0,17,1
2025-06-19,669391,9,1,1,3.4577242727272726,9.0,7,1
2025-06-19,669622,3,0,0,2.7169999999999996,3.0,3,1
2025-06-19,670036,3,0,1,1.592497,2.0,2,0
2025-06-19,670167,3,1,0,0.7148529411764707,3.0,2,1
2025-06-19,670280,6,2,1,2.5516220000000005,6.0,3,1
2025-06-19,670955,4,1,1,1.2390424545454546,4.0,2,0
2025-06-19,670970,4,0,0,0.9788421052631577,4.0,4,0
2025-06-19,672391,3,1,0,0.295,3.0,2,0
2025-06-19,672456,20,5,2,5.004440808510638,20.0,13,1
2025-06-19,672578,4,2,0,0.657,4.0,2,0
2025-06-19,672582,4,1,0,0.39399999999999996,4.0,3,0
2025-06-19,673513,2,1,1,0.691497,2.0,0,0
2025-06-19,673929,4,2,0,0.262,4.0,2,0
2025-06-19,675911,24,8,1,6.237497,24.0,15,0
2025-06-19,676395,4,1,0,2.541,4.0,3,1
2025-06-19,676428,8,2,1,1.429,6.0,5,0
2025-06-19,676467,24,4,1,7.445063332218506,24.0,19,3
2025-06-19,676617,3,1,0,0.5720000000000001,3.0,2,0
2025-06-19,676684,5,3,1,0.7364970000000001,5.0,1,0
2025-06-19,676755,4,0,0,0.6930000000000001,4.0,4,0
2025-06-19,676879,8,1,0,3.5746037735849057,8.0,7,1
2025-06-19,677865,5,2,1,1.710497,5.0,2,0
2025-06-19,678020,3,0,0,1.925888888888889,2.0,3,1
2025-06-19,678024,20,6,1,5.104152666666667,20.0,12,0
2025-06-19,678368,4,1,0,1.8646545454545456,4.0,3,1
2025-06-19,678495,3,2,0,0.138,3.0,1,0
2025-06-19,678606,6,2,0,1.847,6.0,4,0
2025-06-19,680689,7,2,1,2.6444970000000003,7.0,4,0
2025-06-19,680732,22,7,2,6.330105111111111,22.0,12,2
2025-06-19,680755,1,1,0,0.0,1.0,0,0
2025-06-19,680767,5,2,0,0.497,5.0,3,0
2025-06-19,681517,10,1,2,4.444706703947369,9.0,7,2
2025-06-19,681916,7,1,1,1.0674970000000001,7.0,5,0
2025-06-19,682052,27,9,3,8.628313444444444,27.0,13,0
2025-06-19,682825,8,1,3,3.2544910000000002,8.0,4,0
2025-06-19,682842,7,1,2,2.339283,7.0,3,0
2025-06-19,685126,4,1,2,0.691497,2.0,0,0
2025-06-19,686701,18,3,1,5.90852825,18.0,14,1
2025-06-19,686973,3,2,0,0.7612272727272728,3.0,1,1
2025-06-19,687606,11,1,1,2.372497,11.0,9,0
2025-06-19,689147,5,0,0,1.705,5.0,5,0
2025-06-19,691799,3,1,0,1.7924,3.0,2,1
2025-06-19,694350,4,1,1,1.4304970000000001,4.0,2,0
2025-06-19,694973,25,9,5,8.221485,25.0,11,0
2025-06-19,695243,6,1,0,1.5773157894736842,6.0,5,1
2025-06-19,696147,4,1,0,1.5053214285714287,4.0,3,0
2025-06-19,700241,19,5,1,5.963389452830189,19.0,13,2
2025-06-19,701552,5,1,1,0.796497,5.0,3,0
2025-06-19,702795,4,1,0,0.9530000000000001,4.0,3,0
2025-06-19,801403,23,2,0,7.793386813186813,22.0,20,3
2025-06-19,806188,5,0,0,2.5677007647058825,5.0,4,1
2025-06-19,808967,25,5,0,7.285535938727415,25.0,20,3
2025-06-20,445276,5,0,0,1.7504545454545455,5.0,5,0
2025-06-20,455119,5,0,0,1.405,5.0,5,0
2025-06-20,458677,4,1,0,0.575,4.0,3,0
2025-06-20,477132,21,4,2,8.022546272727274,21.0,15,2
2025-06-20,489446,2,0,0,1.312,2.0,2,0
2025-06-20,518489,5,2,0,1.625,5.0,3,0
2025-06-20,519151,7,1,1,3.4355247777777778,7.0,5,1
2025-06-20,519326,4,1,1,0.922,3.0,2,0
2025-06-20,543056,3,0,0,0.7929999999999999,3.0,3,0
2025-06-20,547179,24,4,3,8.207491,23.0,16,0
2025-06-20,547184,3,1,0,0.613,3.0,2,0
2025-06-20,547973,3,2,0,0.002,3.0,1,0
2025-06-20,554430,21,8,3,5.0639268974358975,21.0,10,1
2025-06-20,571510,19,6,2,5.1269303636363635,19.0,11,1
2025-06-20,571948,4,2,0,0.808,4.0,2,0
2025-06-20,572955,4,2,0,0.43399999999999994,4.0,2,0
2025-06-20,573124,4,1,2,2.158994,4.0,1,0
2025-06-20,573204,5,1,0,2.618033898305084,5.0,4,1
2025-06-20,579328,26,9,0,6.254542357968829,26.0,17,2
2025-06-20,592094,7,3,1,2.895497,7.0,3,0
2025-06-20,592836,4,0,0,3.7518376123234916,4.0,4,2
2025-06-20,593974,4,0,0,0.68,4.0,4,0
2025-06-20,594798,24,7,1,5.835497,23.0,15,0
2025-06-20,596133,5,1,1,2.183872,5.0,3,0
2025-06-20,596295,26,0,1,12.80835629557008,25.0,25,5
2025-06-20,601713,21,3,2,9.669353068627451,20.0,16,2
2025-06-20,605130,3,0,1,1.413786,3.0,1,0
2025-06-20,605488,26,6,1,4.3108303333333335,26.0,19,1
2025-06-20,605513,12,2,2,5.639234206947524,12.0,8,2
2025-06-20,607481,7,0,3,4.340491,7.0,4,0
2025-06-20,608032,4,0,0,0.9861714285714286,4.0,4,1
2025-06-20,608331,27,7,0,8.956860485875707,27.0,18,1
2025-06-20,608372,21,4,3,7.489110845878137,20.0,14,2
2025-06-20,620454,3,0,0,1.2469999999999999,3.0,3,0
2025-06-20,621057,11,1,1,6.0007430815047025,11.0,9,2
2025-06-20,621366,4,0,2,2.127994,4.0,2,0
2025-06-20,621383,5,1,0,0.975,5.0,4,0
2025-06-20,623352,3,1,0,0.048,3.0,2,0
2025-06-20,623437,6,1,1,2.289497,6.0,4,0
2025-06-20,641302,14,2,0,5.844692307692307,14.0,12,0
2025-06-20,641343,10,1,2,4.0110849090909095,10.0,7,0
2025-06-20,641656,3,1,0,0.396,3.0,2,0
2025-06-20,642100,1,0,0,0.098,1.0,1,0
2025-06-20,642528,3,2,0,0.092,3.0,1,0
2025-06-20,642585,3,2,0,0.4377999999999999,3.0,1,0
2025-06-20,643338,4,0,0,1.1839555555555559,4.0,4,1
2025-06-20,650556,6,2,0,2.420289,6.0,3,0
2025-06-20,650893,7,1,0,2.7447222222222223,7.0,6,0
2025-06-20,656186,4,0,0,1.6448,4.0,4,1
2025-06-20,656222,3,2,0,0.016,3.0,1,0
2025-06-20,656240,6,2,0,0.877,6.0,4,0
2025-06-20,656427,17,3,3,7.778244285714286,17.0,10,1
2025-06-20,656457,4,1,0,0.726,4.0,3,0
2025-06-20,656464,3,1,0,0.206,3.0,2,0
2025-06-20,656546,4,1,0,0.776289,4.0,2,0
2025-06-20,656629,4,2,0,0.866,4.0,2,0
2025-06-20,656945,4,0,0,1.580258064516129,4.0,4,1
2025-06-20,656986,3,1,0,0.049,3.0,2,0
2025-06-20,657424,8,1,1,2.535497,8.0,6,1
2025-06-20,657514,3,0,0,1.286,3.0,3,0
2025-06-20,657571,2,0,0,0.877,2.0,2,0
2025-06-20,657585,4,0,1,2.288497,4.0,3,0
2025-06-20,657612,2,0,0,0.987,2.0,2,0
2025-06-20,657746,21,7,3,6.697491,20.0,10,1
2025-06-20,660825,3,0,0,1.447,3.0,3,0
2025-06-20,661395,1,0,0,0.041,1.0,1,0
2025-06-20,663546,5,0,0,2.828191489361702,5.0,5,1
2025-06-20,663574,3,1,0,0.8170000000000001,3.0,2,0
2025-06-20,663893,4,2,1,0.806497,4.0,1,0
2025-06-20,663903,24,7,1,5.834911,24.0,15,1
2025-06-20,663969,4,0,0,0.8892272727272728,4.0,4,1
2025-06-20,664192,3,1,0,0.612,3.0,2,0
2025-06-20,664208,2,1,0,0.204,2.0,1,0
2025-06-20,666214,10,1,1,4.19417785106383,10.0,8,1
2025-06-20,666215,6,1,0,1.8150000000000002,6.0,5,0
2025-06-20,666374,4,0,1,1.289497,4.0,3,0
2025-06-20,666661,3,3,0,0.0,3.0,0,0
2025-06-20,666974,5,1,0,2.4284999999999997,5.0,4,0
2025-06-20,667463,4,0,1,1.7994970000000001,4.0,3,0
2025-06-20,668674,7,0,1,2.4820424545454545,7.0,6,1
2025-06-20,668678,26,5,1,11.447162932641797,26.0,20,6
2025-06-20,668941,3,1,0,0.51,3.0,2,0
2025-06-20,668984,3,1,0,0.651,3.0,2,0
2025-06-20,669020,6,0,0,2.2116451612903223,6.0,6,1
2025-06-20,669022,27,4,4,9.72221544669218,27.0,19,2
2025-06-20,669062,2,1,0,0.538,2.0,1,0
2025-06-20,669084,3,0,0,0.473,3.0,3,0
2025-06-20,669211,5,0,2,2.804994,5.0,3,0
2025-06-20,669308,4,1,0,0.972,4.0,3,0
2025-06-20,669358,24,6,4,8.811988,24.0,14,2
2025-06-20,669467,21,4,1,4.673497,21.0,16,0
2025-06-20,669711,1,0,0,0.034,1.0,1,0
2025-06-20,669724,10,0,1,3.667497,10.0,9,0
2025-06-20,669923,22,3,1,7.7021905483870965,22.0,18,3
2025-06-20,671131,6,0,1,1.493497,6.0,5,0
2025-06-20,672282,5,1,2,2.151994,5.0,2,0
2025-06-20,672578,7,2,1,2.766497,7.0,4,0
2025-06-20,672582,3,0,0,0.7730000000000001,3.0,3,0
2025-06-20,672841,3,0,1,1.1254970000000002,3.0,2,0
2025-06-20,673820,4,0,0,2.421103448275862,4.0,4,1
2025-06-20,674285,5,1,1,1.375497,5.0,3,0
2025-06-20,674444,5,0,1,1.561497,5.0,4,0
2025-06-20,675848,7,0,1,1.751406090909091,7.0,6,0
2025-06-20,676083,20,5,0,5.048,19.0,14,0
2025-06-20,676130,6,3,0,0.149,6.0,3,0
2025-06-20,676254,5,2,0,0.743,5.0,3,0
2025-06-20,676263,3,1,0,0.6699999999999999,3.0,2,0
2025-06-20,676395,4,0,0,0.988,4.0,4,0
2025-06-20,676440,35,10,0,7.297545454545454,34.0,25,1
2025-06-20,676477,6,2,2,1.889994,6.0,2,0
2025-06-20,676534,3,0,0,0.783,3.0,3,0
2025-06-20,676617,3,2,1,0.691497,3.0,0,0
2025-06-20,676661,6,1,0,1.035,6.0,5,0
2025-06-20,676755,5,1,1,1.872497,5.0,3,0
2025-06-20,677161,3,2,1,0.691497,3.0,0,0
2025-06-20,677952,11,2,1,4.302387859923154,11.0,8,3
2025-06-20,678692,4,1,0,2.296438596491228,4.0,3,1
2025-06-20,679358,9,2,0,4.311390243902439,9.0,7,2
2025-06-20,679775,5,1,0,1.472,5.0,4,0
2025-06-20,680704,4,1,0,0.7186666666666667,4.0,3,0
2025-06-20,680755,6,4,0,0.022,6.0,2,0
2025-06-20,681146,9,1,1,3.351189307692308,9.0,7,0
2025-06-20,681347,23,4,1,9.368065132791328,23.0,17,3
2025-06-20,681869,4,1,1,1.872786,4.0,1,0
2025-06-20,681911,5,1,1,2.562786,5.0,2,0
2025-06-20,682790,9,2,2,3.9289940000000003,9.0,5,0
2025-06-20,683175,5,2,1,1.9892162982456143,5.0,2,1
2025-06-20,683232,4,1,1,0.821497,4.0,2,0
2025-06-20,683627,10,1,0,3.651,10.0,9,0
2025-06-20,686613,20,4,2,6.373652565217391,20.0,13,1
2025-06-20,687911,6,3,0,2.577558823529412,6.0,3,1
2025-06-20,688158,4,0,0,2.7825428571428565,4.0,4,2
2025-06-20,689254,7,3,2,3.956994,7.0,2,1
2025-06-20,689266,3,1,0,0.072,3.0,2,0
2025-06-20,690928,20,1,5,6.902985,20.0,14,1
2025-06-20,691799,3,1,0,0.29100000000000004,3.0,2,0
2025-06-20,694819,20,6,1,4.912349941176471,20.0,13,1
2025-06-20,694918,17,4,3,5.712491,17.0,10,0
2025-06-20,695243,4,1,1,1.3354970000000002,4.0,2,0
2025-06-20,695445,4,1,0,2.51068085106383,4.0,3,1
2025-06-20,702352,3,2,0,0.021,3.0,1,0
2025-06-20,800311,23,3,1,8.995377952380952,22.0,18,2
2025-06-20,806185,22,4,1,7.039047505050505,22.0,17,2
2025-06-21,455119,3,2,0,1.1996545454545455,3.0,1,1
2025-06-21,500779,24,1,4,8.04624606451613,24.0,19,2
2025-06-21,518876,25,7,3,6.6446704871794875,25.0,15,1
2025-06-21,519008,1,1,0,0.0,1.0,0,0
2025-06-21,519141,5,1,0,1.7069999999999999,5.0,4,0
2025-06-21,542888,4,0,0,0.790289,4.0,3,0
2025-06-21,543243,21,5,2,5.928033,21.0,13,1
2025-06-21,552640,9,2,0,3.2946185397867103,9.0,7,1
2025-06-21,571927,9,1,2,4.177994,9.0,6,1
2025-06-21,571946,4,3,0,0.182,4.0,1,0
2025-06-21,571948,5,2,0,1.2080000000000002,5.0,3,0
2025-06-21,573204,4,1,0,1.0230000000000001,4.0,3,0
2025-06-21,592773,4,0,0,1.6253636363636363,4.0,4,0
2025-06-21,592779,5,0,1,0.6839999999999999,3.0,4,0
2025-06-21,592836,4,1,0,2.0140000000000002,4.0,3,1
2025-06-21,593576,1,1,0,0.0,1.0,0,0
2025-06-21,605130,5,1,1,0.759,4.0,3,0
2025-06-21,605447,3,1,0,0.419,3.0,2,0
2025-06-21,605452,12,1,0,5.252,12.0,11,1
2025-06-21,606160,4,1,1,1.382497,4.0,2,0
2025-06-21,606965,3,1,0,0.7572799999999998,3.0,2,1
2025-06-21,607259,6,0,0,0.9890000000000001,5.0,5,0
2025-06-21,608718,8,2,1,2.312977,8.0,5,0
2025-06-21,621107,21,4,2,7.729635613705443,21.0,15,2
2025-06-21,621244,28,5,3,8.26578,28.0,19,0
2025-06-21,621383,2,0,0,0.33799999999999997,2.0,2,0
2025-06-21,623211,7,2,0,1.527289,7.0,4,0
2025-06-21,623474,9,2,0,1.7183157894736842,9.0,7,1
2025-06-21,641745,6,3,0,1.339289,6.0,2,0
2025-06-21,641941,5,4,0,0.9493636363636364,5.0,1,0
2025-06-21,642152,3,1,0,1.508697674418605,3.0,2,1
2025-06-21,642701,3,0,0,1.3841875000000003,3.0,3,0
2025-06-21,643338,3,1,0,0.08900000000000001,3.0,2,0
2025-06-21,643511,3,0,0,0.497,3.0,3,0
2025-06-21,647315,6,1,0,3.516046575757575,6.0,4,1
2025-06-21,650644,31,2,1,12.734616607843137,31.0,28,3
2025-06-21,656222,3,0,0,0.048,3.0,3,0
2025-06-21,656234,8,2,0,2.139,8.0,6,0
2025-06-21,656240,6,0,1,2.5974969999999997,6.0,5,0
2025-06-21,656288,24,4,2,7.891119,24.0,18,1
2025-06-21,656302,27,4,3,7.6437800000000005,27.0,19,0
2025-06-21,656550,25,5,5,10.028116902580178,25.0,15,1
2025-06-21,656605,22,5,2,6.787730842105264,22.0,15,0
2025-06-21,656794,8,2,0,0.774,8.0,6,0
2025-06-21,657044,2,1,0,0.019,2.0,1,0
2025-06-21,657376,24,5,2,4.7776163333333335,24.0,16,0
2025-06-21,660853,3,1,0,0.41500000000000004,3.0,2,0
2025-06-21,660896,3,0,0,0.08499999999999999,3.0,3,0
2025-06-21,661403,3,0,0,0.89,3.0,3,0
2025-06-21,663321,5,1,1,1.446497,5.0,3,0
2025-06-21,663423,10,3,2,2.573994,10.0,5,0
2025-06-21,663485,12,0,1,5.038549631578947,12.0,11,2
2025-06-21,663574,6,0,0,3.369,6.0,6,0
2025-06-21,663623,23,7,0,6.659718343497554,23.0,15,2
2025-06-21,663687,9,4,2,1.751497,8.0,3,0
2025-06-21,663738,1,0,0,0.091,1.0,1,0
2025-06-21,664139,4,0,3,2.561491,4.0,1,0
2025-06-21,664141,8,1,1,2.4584970000000004,8.0,6,0
2025-06-21,664199,6,2,0,3.225048780487806,6.0,4,1
2025-06-21,664208,4,3,1,0.691497,4.0,0,0
2025-06-21,664854,3,1,0,0.006,3.0,2,0
2025-06-21,666808,6,0,0,2.670111111111111,6.0,6,1
2025-06-21,666974,3,3,0,0.0,3.0,0,0
2025-06-21,667463,2,0,0,0.094,2.0,2,0
2025-06-21,667755,26,10,3,6.177291,25.0,12,0
2025-06-21,668984,2,1,0,0.428,2.0,1,0
2025-06-21,669093,3,2,0,1.1421666666666666,3.0,1,1
2025-06-21,669160,25,5,2,8.502832697399526,23.0,18,3
2025-06-21,669199,11,1,1,3.0924970000000003,11.0,9,0
2025-06-21,669276,4,1,0,0.749,4.0,3,0
2025-06-21,669387,9,3,2,2.1629940000000003,9.0,4,0
2025-06-21,669449,6,0,0,2.6800606060606063,6.0,6,1
2025-06-21,669674,4,1,1,0.710497,4.0,2,0
2025-06-21,670970,5,0,0,0.605,5.0,5,0
2025-06-21,671922,6,2,1,1.814497,6.0,3,0
2025-06-21,672391,5,2,1,1.4365354615384613,5.0,2,0
2025-06-21,675650,9,2,3,5.605491,9.0,4,1
2025-06-21,676106,21,5,3,9.663359170426066,21.0,13,3
2025-06-21,676263,5,1,0,1.6604468085106379,4.0,4,1
2025-06-21,676428,8,2,2,3.296283,8.0,3,0
2025-06-21,676679,3,0,1,1.582497,3.0,2,0
2025-06-21,676879,6,2,0,1.336,6.0,4,0
2025-06-21,677958,23,4,3,7.144317086956522,22.0,16,0
2025-06-21,678394,24,6,1,6.403043568627451,24.0,17,2
2025-06-21,678495,3,1,0,0.097,3.0,2,0
2025-06-21,678606,5,1,0,0.466,5.0,4,0
2025-06-21,680573,26,3,3,6.114491,26.0,20,0
2025-06-21,680689,6,2,0,1.018,6.0,4,0
2025-06-21,680767,4,1,2,1.593994,4.0,1,0
2025-06-21,681006,11,1,2,3.2676684285714286,10.0,8,1
2025-06-21,681916,3,0,0,1.1968214285714287,3.0,3,1
2025-06-21,681982,3,2,0,0.363,3.0,1,0
2025-06-21,682254,4,0,0,1.8677727272727274,4.0,4,1
2025-06-21,682847,23,10,2,4.517950521739131,23.0,11,0
2025-06-21,683769,4,1,0,2.016259306803594,4.0,3,2
2025-06-21,684320,1,0,0,0.383,1.0,1,0
2025-06-21,686752,22,7,2,5.224016444444445,22.0,11,1
2025-06-21,686973,1,0,0,0.259,1.0,1,0
2025-06-21,687223,18,4,2,6.868285795595195,18.0,12,3
2025-06-21,687330,5,2,0,1.048,5.0,3,0
2025-06-21,687765,23,3,1,7.259392238095239,23.0,19,1
2025-06-21,687830,25,3,0,10.187102375884985,25.0,22,4
2025-06-21,687888,30,6,1,11.433447615631625,30.0,22,3
2025-06-21,690953,15,1,0,8.055910822510821,15.0,14,4
2025-06-21,690990,23,2,2,6.828729808510638,23.0,18,1
2025-06-21,691587,20,6,2,4.8012440000000005,20.0,12,1
2025-06-21,692285,3,1,0,0.086,3.0,2,0
2025-06-21,694037,5,1,0,1.02,5.0,4,0
2025-06-21,694350,5,1,1,1.8637192222222225,5.0,3,1
2025-06-21,694361,7,2,1,1.691497,7.0,4,0
2025-06-21,694738,23,7,3,6.872236454545455,23.0,13,1
2025-06-21,695418,3,2,0,0.017,3.0,1,0
2025-06-21,695534,4,0,0,1.643289,4.0,3,0
2025-06-21,696147,7,2,1,1.967497,7.0,4,0
2025-06-21,701552,6,1,0,1.6500000000000001,6.0,5,0
2025-06-21,702070,22,2,3,7.549233424242424,22.0,17,1
2025-06-21,801434,8,1,2,1.642994,8.0,5,0
2025-06-22,458677,3,0,0,1.9406470588235294,3.0,3,0
2025-06-22,518585,3,3,0,0.0,3.0,0,0
2025-06-22,519326,7,1,2,3.8329641492537316,7.0,4,1
2025-06-22,543056,5,2,0,2.064,5.0,3,0
2025-06-22,543294,25,2,1,8.564301233233314,25.0,22,2
2025-06-22,571771,6,0,3,4.019926897435898,6.0,3,1
2025-06-22,571945,20,6,1,5.211549631578948,20.0,13,1
2025-06-22,573124,3,0,1,0.826497,3.0,2,0
2025-06-22,592094,3,1,0,0.5589999999999999,3.0,2,0
2025-06-22,592454,4,0,0,0.8700000000000001,4.0,4,0
2025-06-22,592662,24,7,1,7.863707822510823,24.0,16,3
2025-06-22,592779,4,2,0,0.289,4.0,2,0
2025-06-22,605135,21,7,1,4.209497,20.0,12,0
2025-06-22,605288,29,4,3,7.712214684210527,28.0,21,2
2025-06-22,605447,1,0,0,0.143,1.0,1,0
2025-06-22,605463,7,2,1,0.907497,7.0,4,0
2025-06-22,606965,3,1,0,0.16299999999999998,3.0,2,0
2025-06-22,607067,27,2,1,11.200127341880341,27.0,24,4
2025-06-22,607455,4,0,1,1.6084969999999998,4.0,3,0
2025-06-22,607625,21,7,0,4.60158064516129,21.0,14,1
2025-06-22,608337,23,5,2,9.137399817610062,22.0,16,3
2025-06-22,621053,3,2,0,0.425,3.0,1,0
2025-06-22,621381,3,1,0,0.038,3.0,2,0
2025-06-22,622554,5,1,1,2.4851845,5.0,3,1
2025-06-22,622608,21,5,1,4.694497,21.0,15,0
2025-06-22,623167,8,0,1,2.956297,8.0,7,0
2025-06-22,623352,5,2,0,2.7786260869565216,5.0,3,1
2025-06-22,623437,3,0,0,1.022,3.0,3,0
2025-06-22,641329,7,0,1,3.9125928904109597,7.0,6,1
2025-06-22,641401,7,2,1,0.9804970000000001,7.0,4,0
2025-06-22,641755,4,1,1,0.7634970000000001,4.0,2,0
2025-06-22,641793,19,5,0,5.231930975308642,19.0,13,1
2025-06-22,641941,3,0,0,0.363,3.0,3,0
2025-06-22,642100,5,1,1,1.9008151818181813,5.0,3,1
2025-06-22,642152,6,0,1,1.9164970000000001,6.0,5,0
2025-06-22,642207,4,1,0,0.983,4.0,3,0
2025-06-22,642239,2,1,0,0.005,2.0,1,0
2025-06-22,642397,1,1,0,0.0,1.0,0,0
2025-06-22,642701,3,1,0,0.672,3.0,2,0
2025-06-22,643377,1,0,0,0.055,1.0,1,0
2025-06-22,643511,4,1,0,1.686,4.0,3,0
2025-06-22,645261,26,4,2,7.180991676996991,25.0,19,2
2025-06-22,647336,21,10,2,4.058282999999999,21.0,8,0
2025-06-22,650556,5,3,0,0.7132500000000002,5.0,2,0
2025-06-22,656271,5,2,0,2.135,5.0,3,0
2025-06-22,656464,3,1,0,0.239,3.0,2,0
2025-06-22,656546,4,0,1,1.8794970000000002,4.0,3,0
2025-06-22,656730,6,2,1,1.314125,5.0,3,1
2025-06-22,656849,20,4,3,8.992491,20.0,13,2
2025-06-22,657571,5,2,0,0.462,5.0,3,0
2025-06-22,657612,4,0,2,1.5879940000000001,4.0,2,0
2025-06-22,657649,6,1,0,2.8531714285714287,6.0,5,1
2025-06-22,660271,4,2,0,0.08900000000000001,4.0,2,0
2025-06-22,660825,4,1,0,1.198289,4.0,2,0
2025-06-22,661395,4,0,0,1.179,4.0,4,0
2025-06-22,661403,6,1,1,1.380497,6.0,4,0
2025-06-22,663158,4,0,1,1.5406905483870967,4.0,3,1
2025-06-22,663554,21,5,0,6.319288461538462,21.0,16,1
2025-06-22,663559,25,1,5,8.967485,25.0,19,0
2025-06-22,663738,3,0,0,1.321,3.0,3,0
2025-06-22,663878,12,1,2,5.436994,12.0,9,0
2025-06-22,663893,4,2,1,1.4764970000000002,4.0,1,0
2025-06-22,663947,3,0,0,0.764,3.0,3,0
2025-06-22,664076,8,3,1,2.2256684285714288,8.0,4,1
2025-06-22,665152,23,7,1,5.295860636363637,23.0,15,0
2025-06-22,666200,24,7,1,5.262233842105263,23.0,15,0
2025-06-22,666215,6,0,0,4.027857142857143,6.0,6,1
2025-06-22,668674,6,2,1,2.710747,6.0,3,0
2025-06-22,668984,3,1,0,0.155,3.0,2,0
2025-06-22,669062,3,0,1,0.9124970000000001,3.0,2,0
2025-06-22,669084,5,0,2,3.277994,5.0,3,0
2025-06-22,669211,1,0,0,0.052,1.0,1,0
2025-06-22,669302,22,6,0,6.650337121212122,22.0,16,3
2025-06-22,669371,4,0,0,1.6776756756756754,4.0,4,1
2025-06-22,669622,5,1,1,1.1904970000000001,5.0,3,0
2025-06-22,669711,4,0,0,0.737,3.0,4,0
2025-06-22,669724,3,0,0,1.013,3.0,3,0
2025-06-22,670167,1,0,0,0.11,1.0,1,0
2025-06-22,670280,3,2,0,0.071,3.0,1,0
2025-06-22,671096,25,3,0,7.132636015325671,25.0,22,2
2025-06-22,671131,5,1,0,1.44535,5.0,4,0
2025-06-22,671922,4,1,1,1.211497,4.0,2,0
2025-06-22,672582,3,0,2,1.493994,3.0,1,0
2025-06-22,672841,4,0,0,1.157,4.0,4,0
2025-06-22,673380,4,0,0,1.2389999999999999,4.0,4,0
2025-06-22,673929,3,1,1,0.914497,3.0,1,0
2025-06-22,675848,2,1,0,0.012,2.0,1,0
2025-06-22,676428,3,0,2,2.105283,3.0,0,0
2025-06-22,676508,21,2,1,5.3989970000000005,21.0,18,1
2025-06-22,676534,2,1,0,0.141,2.0,1,0
2025-06-22,676604,9,3,0,2.109,9.0,6,0
2025-06-22,676661,4,1,0,2.077676923076923,4.0,3,1
2025-06-22,676664,23,5,2,7.616084909090909,22.0,16,0
2025-06-22,676961,22,1,1,9.156891391403729,22.0,20,4
2025-06-22,677161,7,0,0,3.4680999999999997,7.0,7,1
2025-06-22,677944,26,3,1,6.765524777777778,26.0,22,0
2025-06-22,678020,4,1,0,1.2343809523809526,4.0,3,1
2025-06-22,678022,10,2,0,1.3780000000000001,10.0,8,0
2025-06-22,678495,5,2,1,1.409497,5.0,2,0
2025-06-22,678606,3,0,0,2.124446808510638,3.0,3,1
2025-06-22,678692,3,1,0,0.9099999999999999,3.0,2,0
2025-06-22,679358,3,0,0,1.546,3.0,3,0
2025-06-22,680689,1,0,0,0.029,1.0,1,0
2025-06-22,680704,5,1,2,2.403994,5.0,2,0
2025-06-22,680735,4,2,0,0.924,4.0,2,0
2025-06-22,680755,1,0,0,0.251,1.0,1,0
2025-06-22,680767,3,0,0,0.20500000000000002,2.0,2,0
2025-06-22,681190,28,2,2,8.717745455441111,28.0,24,2
2025-06-22,681517,7,2,0,0.386,7.0,5,0
2025-06-22,681911,3,0,0,0.705,3.0,3,0
2025-06-22,681982,4,0,0,0.776,4.0,4,0
2025-06-22,682120,1,1,0,0.0,1.0,0,0
2025-06-22,682254,5,2,2,1.4789940000000001,5.0,1,0
2025-06-22,682842,4,0,0,1.2938571428571428,4.0,4,0
2025-06-22,682990,19,4,0,8.415024242424241,19.0,15,2
2025-06-22,683004,19,2,2,6.022994,19.0,15,0
2025-06-22,683232,2,0,0,0.535,2.0,2,0
2025-06-22,684320,3,2,0,0.6953157894736843,3.0,1,1
2025-06-22,685126,3,0,0,0.767,3.0,3,0
2025-06-22,687473,24,7,0,6.967925,24.0,17,1
2025-06-22,687911,5,1,1,1.809497,5.0,3,0
2025-06-22,689266,7,1,1,2.5039515454545453,7.0,5,0
2025-06-22,691799,3,1,0,0.742,3.0,2,0
2025-06-22,693821,27,4,1,11.187747,26.0,21,1
2025-06-22,694297,22,7,1,5.0731311463414634,21.0,13,1
2025-06-22,695445,3,2,1,0.691497,3.0,0,0
2025-06-22,700669,6,2,0,1.283,6.0,4,0
2025-06-22,701542,27,6,2,7.868167191176471,27.0,18,2
2025-06-22,701581,28,3,3,8.894987710526316,28.0,22,2
2025-06-22,702352,4,1,0,0.7113636363636364,4.0,3,0
2025-06-22,702795,6,0,1,2.728497,6.0,5,0
2025-06-23,518489,3,1,0,0.5870000000000001,3.0,2,0
2025-06-23,543101,11,4,2,3.1002797142857146,11.0,5,0
2025-06-23,552640,3,0,0,0.49,3.0,3,0
2025-06-23,571578,24,6,0,7.288549107142858,24.0,18,3
2025-06-23,592773,5,3,1,1.614497,5.0,1,0
2025-06-23,593576,3,2,0,0.151,3.0,1,0
2025-06-23,593958,24,10,2,5.060384243902439,24.0,12,1
2025-06-23,593974,10,4,1,3.234497,10.0,5,0
2025-06-23,605130,5,3,0,0.20700000000000002,5.0,2,0
2025-06-23,605242,7,0,0,3.890680817610063,7.0,7,2
2025-06-23,607259,3,1,0,0.618,3.0,2,0
2025-06-23,621111,24,3,7,10.459503808510638,24.0,12,1
2025-06-23,621112,24,5,3,11.901357485380117,24.0,15,3
2025-06-23,621242,5,2,0,1.2229999999999999,5.0,3,0
2025-06-23,628452,4,0,0,1.407,4.0,4,0
2025-06-23,640448,1,0,0,0.012,1.0,1,0
2025-06-23,641540,11,2,2,2.6937860000000002,10.0,6,0
2025-06-23,641656,8,2,1,2.491173923076923,7.0,4,1
2025-06-23,641927,29,7,0,9.162379909090909,29.0,21,3
2025-06-23,641941,4,1,0,0.785,4.0,3,0
2025-06-23,642216,19,1,0,6.218174551724138,19.0,16,1
2025-06-23,643410,5,2,0,0.843,4.0,2,0
2025-06-23,647315,7,1,0,2.036,7.0,6,0
2025-06-23,656186,9,1,0,3.090485553206484,9.0,8,2
2025-06-23,656271,3,0,0,0.587,2.0,3,0
2025-06-23,656457,8,1,1,1.548497,8.0,6,0
2025-06-23,657097,3,1,0,0.274,3.0,2,0
2025-06-23,657585,3,2,0,0.011,3.0,1,0
2025-06-23,657612,3,0,0,1.2658124999999998,3.0,3,1
2025-06-23,660825,3,1,0,0.024,3.0,2,0
2025-06-23,660896,2,1,0,0.913,2.0,1,0
2025-06-23,663568,20,5,1,5.059513666666667,19.0,13,1
2025-06-23,663574,5,2,1,1.4164970000000001,5.0,2,0
2025-06-23,663767,8,0,0,3.081048780487806,8.0,8,1
2025-06-23,663773,4,2,0,0.185,4.0,2,0
2025-06-23,666157,20,6,0,6.917322884012539,20.0,14,3
2025-06-23,666171,4,3,0,1.234022727272727,4.0,1,1
2025-06-23,666214,11,3,0,3.18740625,11.0,8,2
2025-06-23,669276,4,2,0,0.32299999999999995,4.0,2,0
2025-06-23,669432,27,4,0,7.030155303030304,27.0,23,1
2025-06-23,669461,27,5,1,8.796349279635258,27.0,21,2
2025-06-23,670280,4,1,1,1.871497,4.0,2,0
2025-06-23,672282,3,2,1,0.0,2.0,0,0
2025-06-23,673513,8,1,0,4.203937918871252,8.0,7,2
2025-06-23,676130,4,1,0,0.197,4.0,3,0
2025-06-23,676477,10,1,3,2.250994,9.0,6,0
2025-06-23,676617,4,0,0,1.143,4.0,4,0
2025-06-23,676702,9,1,1,4.243786,9.0,6,0
2025-06-23,676755,6,3,0,0.95,6.0,3,0
2025-06-23,676879,12,6,1,2.260497,12.0,5,0
2025-06-23,676962,25,3,2,10.429116071715425,25.0,20,5
2025-06-23,677952,10,2,0,2.063,10.0,8,0
2025-06-23,680730,26,1,2,11.41941828967429,26.0,23,2
2025-06-23,680885,25,4,1,7.316773850663243,25.0,20,2
2025-06-23,681343,13,2,2,5.5517579999999995,13.0,8,1
2025-06-23,681962,7,1,0,3.0781014285714283,7.0,6,2
2025-06-23,682610,4,0,1,1.4324970000000001,4.0,3,0
2025-06-23,682790,10,3,2,3.1869940000000003,10.0,5,0
2025-06-23,683232,5,1,0,0.667,5.0,4,0
2025-06-23,686799,22,1,2,6.789283,21.0,17,0
2025-06-23,688158,3,2,0,0.647,3.0,1,0
2025-06-23,692285,6,3,1,0.941497,6.0,2,0
2025-06-23,693433,26,9,1,7.016614283950617,26.0,16,2
2025-06-23,694350,6,1,1,4.552497,6.0,4,1
2025-06-23,694477,24,9,1,7.357165730650155,24.0,14,2
2025-06-23,695418,6,1,0,1.7512641509433964,6.0,5,1
2025-06-23,696147,3,2,0,0.005,3.0,1,0
2025-06-24,434378,21,5,1,7.496058728395061,21.0,15,2
2025-06-24,445276,5,0,1,1.119497,5.0,4,0
2025-06-24,450203,22,3,2,6.477283,22.0,16,0
2025-06-24,455119,3,0,0,2.999368563049854,3.0,3,2
2025-06-24,458677,2,1,0,1.1878611111111113,2.0,1,1
2025-06-24,489446,5,2,0,0.845,5.0,3,0
2025-06-24,518585,2,0,0,0.6890000000000001,2.0,2,0
2025-06-24,519008,1,0,0,0.441,1.0,1,0
2025-06-24,519141,3,0,0,0.868,3.0,3,0
2025-06-24,519151,3,0,0,1.11,3.0,3,0
2025-06-24,519326,4,1,0,0.743,4.0,3,0
2025-06-24,542881,18,5,2,4.5699505217391305,18.0,11,1
2025-06-24,547973,5,3,1,0.920497,5.0,1,0
2025-06-24,552640,5,1,1,1.864497,5.0,3,0
2025-06-24,571760,22,3,3,8.016362153369162,21.0,15,3
2025-06-24,571927,6,1,0,1.6763333333333335,6.0,5,0
2025-06-24,571946,3,0,0,0.248,3.0,3,0
2025-06-24,571948,6,2,1,1.154497,6.0,3,0
2025-06-24,572955,4,3,1,0.691497,4.0,0,0
2025-06-24,573204,3,2,0,0.413,3.0,1,0
2025-06-24,592094,6,1,0,0.911,6.0,5,0
2025-06-24,592426,4,1,0,0.9707368421052632,4.0,3,0
2025-06-24,592779,3,1,0,0.045,3.0,2,0
2025-06-24,592791,22,3,2,11.608276561882562,22.0,17,4
2025-06-24,592866,24,3,2,10.064382449848024,24.0,19,3
2025-06-24,593423,20,5,3,7.318686804195805,20.0,12,2
2025-06-24,596133,4,2,0,0.452,4.0,2,0
2025-06-24,606160,3,1,0,0.089,3.0,2,0
2025-06-24,607074,21,5,1,3.780497,20.0,14,0
2025-06-24,607455,5,1,1,2.145497,5.0,3,0
2025-06-24,608566,21,6,0,6.866568965517241,21.0,15,2
2025-06-24,608718,5,3,0,0.80835,5.0,2,0
2025-06-24,615698,20,3,2,6.964889565656566,20.0,14,2
2025-06-24,620454,3,0,0,1.8842889999999999,3.0,2,0
2025-06-24,621051,3,2,0,0.009,3.0,1,0
2025-06-24,621053,5,0,2,2.307994,5.0,3,0
2025-06-24,622491,22,3,2,7.590583743589743,22.0,17,1
2025-06-24,622554,5,3,1,0.758497,5.0,1,0
2025-06-24,622663,24,2,1,10.599655801740811,24.0,20,4
2025-06-24,623167,4,0,0,0.838,4.0,4,0
2025-06-24,623211,4,0,3,2.327491,4.0,1,0
2025-06-24,623352,4,2,0,0.722289,4.0,1,0
2025-06-24,623474,6,1,0,0.9750000000000001,6.0,5,0
2025-06-24,624133,27,7,2,6.323041281323877,27.0,18,2
2025-06-24,628452,3,1,0,0.347,3.0,2,0
2025-06-24,641401,4,1,0,0.42600000000000005,4.0,3,0
2025-06-24,641778,23,5,3,7.790842351351351,22.0,15,1
2025-06-24,642100,3,0,0,1.2436153846153846,3.0,3,0
2025-06-24,642207,3,0,0,0.884,3.0,3,0
2025-06-24,642239,3,0,0,0.735,3.0,3,0
2025-06-24,642397,4,1,1,1.3673391052631578,4.0,2,0
2025-06-24,642528,5,0,1,2.045497,5.0,4,0
2025-06-24,642547,22,8,0,6.960880952380952,22.0,14,1
2025-06-24,642585,4,2,0,0.7170000000000001,4.0,2,0
2025-06-24,643338,3,1,0,1.8703529411764703,3.0,2,1
2025-06-24,643377,3,2,0,0.234,3.0,1,0
2025-06-24,643410,7,0,1,2.898497,7.0,6,0
2025-06-24,650556,3,1,0,0.10200000000000001,3.0,2,0
2025-06-24,656222,2,0,0,0.9836562500000001,2.0,2,1
2025-06-24,656641,21,4,3,6.192491,21.0,14,0
2025-06-24,656945,5,0,0,1.446,5.0,5,0
2025-06-24,657044,3,0,1,1.018497,3.0,2,0
2025-06-24,657424,3,0,0,0.837,3.0,3,0
2025-06-24,657585,4,2,1,1.694497,4.0,1,0
2025-06-24,657649,3,0,0,0.22,3.0,3,0
2025-06-24,660853,3,0,0,1.077,3.0,3,0
2025-06-24,661395,7,1,1,2.295578,6.0,3,0
2025-06-24,662253,3,2,0,0.108,3.0,1,0
2025-06-24,663158,3,1,0,0.618,3.0,2,0
2025-06-24,663460,26,8,0,6.785046489563568,26.0,18,3
2025-06-24,663465,7,0,1,2.402497,7.0,6,0
2025-06-24,663546,3,0,0,0.646,3.0,3,0
2025-06-24,663574,5,0,2,1.705994,5.0,3,0
2025-06-24,663671,5,2,1,1.151497,5.0,2,0
2025-06-24,663687,10,2,0,3.424,10.0,8,0
2025-06-24,663738,6,1,0,1.8712500000000003,6.0,5,0
2025-06-24,663767,1,0,0,0.081,1.0,1,0
2025-06-24,663947,3,0,0,0.48,3.0,3,0
2025-06-24,663978,23,4,1,7.160987219512195,22.0,17,1
2025-06-24,663992,8,1,2,3.052994,8.0,5,0
2025-06-24,664139,3,0,0,0.7943157894736843,3.0,3,1
2025-06-24,664192,5,0,0,2.217212121212121,5.0,5,1
2025-06-24,664199,3,0,0,0.8220000000000001,3.0,3,0
2025-06-24,664208,5,2,0,0.497,5.0,3,0
2025-06-24,664285,29,3,4,11.162432444444445,29.0,22,1
2025-06-24,664854,5,1,0,2.115,5.0,4,0
2025-06-24,666374,3,1,0,0.14400000000000002,3.0,2,0
2025-06-24,666661,4,0,1,2.0069255714285714,4.0,3,1
2025-06-24,668941,4,0,1,1.658497,3.0,3,0
2025-06-24,669020,9,1,0,4.124955555555556,9.0,8,1
2025-06-24,669093,4,2,0,0.5690000000000001,4.0,2,0
2025-06-24,669194,19,7,3,4.726234434343435,19.0,9,2
2025-06-24,669211,7,0,0,2.186,7.0,7,0
2025-06-24,669371,4,0,1,1.374497,4.0,3,0
2025-06-24,669373,25,8,1,8.159242454545454,25.0,16,2
2025-06-24,669387,11,0,1,3.604497,11.0,10,0
2025-06-24,669622,5,2,1,1.707497,5.0,2,0
2025-06-24,669674,4,0,1,1.242497,4.0,3,0
2025-06-24,669711,5,1,0,2.6530851063829792,4.0,3,1
2025-06-24,670036,1,1,0,0.0,1.0,0,0
2025-06-24,670970,7,1,0,1.683,7.0,6,0
2025-06-24,671106,27,4,2,8.09478187878788,27.0,21,1
2025-06-24,671737,23,4,1,4.853760157894737,23.0,18,0
2025-06-24,672282,4,1,0,1.0310000000000001,4.0,3,0
2025-06-24,672841,5,0,1,1.154497,5.0,4,0
2025-06-24,673380,5,1,0,2.7160714285714285,5.0,4,1
2025-06-24,673929,4,1,0,1.96268085106383,4.0,3,1
2025-06-24,674285,3,1,0,0.28700000000000003,3.0,2,0
2025-06-24,675848,5,2,0,2.6097714285714284,5.0,3,1
2025-06-24,675911,21,8,4,5.594988,20.0,8,0
2025-06-24,676254,5,0,0,1.7189999999999999,5.0,5,0
2025-06-24,676263,5,0,0,2.05,5.0,5,0
2025-06-24,676395,3,1,0,0.012,2.0,2,0
2025-06-24,676534,3,1,1,1.043497,3.0,1,0
2025-06-24,676979,25,10,3,5.672758045454545,25.0,12,2
2025-06-24,678024,21,1,0,6.147333755244755,21.0,19,1
2025-06-24,678606,3,1,0,0.17300000000000001,3.0,2,0
2025-06-24,678692,2,2,0,0.0,2.0,0,0
2025-06-24,679358,3,1,0,0.354,3.0,2,0
2025-06-24,679775,3,1,0,0.454,3.0,2,0
2025-06-24,680689,5,2,0,0.905,5.0,3,0
2025-06-24,680736,22,7,2,6.8160324615384615,22.0,13,0
2025-06-24,680755,2,1,0,0.9753409090909092,2.0,1,1
2025-06-24,681911,1,1,0,0.0,1.0,0,0
2025-06-24,681982,3,0,0,0.6090000000000001,3.0,3,0
2025-06-24,682254,1,1,0,0.0,1.0,0,0
2025-06-24,682842,3,3,0,0.0,3.0,0,0
2025-06-24,683175,3,0,0,0.659,3.0,3,0
2025-06-24,683409,3,1,0,0.203,3.0,2,0
2025-06-24,683769,6,0,1,3.968385888888889,6.0,5,1
2025-06-24,684320,4,1,0,2.1593534445870777,4.0,3,2
2025-06-24,685126,8,1,0,2.8584137931034483,8.0,7,1
2025-06-24,686701,18,4,3,5.9454910000000005,17.0,11,0
2025-06-24,686973,4,0,0,0.353,3.0,3,0
2025-06-24,687330,5,0,0,2.23225,5.0,5,0
2025-06-24,687606,6,1,2,3.025827333333333,6.0,3,1
2025-06-24,689147,2,1,0,1.012951219512195,2.0,1,1
2025-06-24,689254,3,1,2,1.382994,3.0,0,0
2025-06-24,689266,3,1,0,0.291,3.0,2,0
2025-06-24,690382,5,2,0,0.742,5.0,3,0
2025-06-24,695445,4,0,0,1.9,4.0,4,0
2025-06-24,695505,21,8,0,7.1934375,21.0,13,1
2025-06-24,696147,3,1,0,0.536,3.0,2,0
2025-06-24,700241,21,1,1,9.677657584988172,21.0,19,2
2025-06-24,702352,5,2,0,1.416,5.0,3,0
2025-06-24,806188,4,2,0,0.266,4.0,2,0
2025-06-25,453286,22,4,3,7.288491,22.0,15,1
2025-06-25,518489,3,0,0,1.101,3.0,3,0
2025-06-25,518585,3,3,0,0.0,3.0,0,0
2025-06-25,547184,4,1,0,1.2926486486486484,4.0,3,1
2025-06-25,552640,3,1,0,0.258,3.0,2,0
2025-06-25,554430,24,8,3,5.689491,24.0,13,0
2025-06-25,571510,22,3,0,4.846708333333334,22.0,19,1
2025-06-25,573124,5,2,1,1.075497,4.0,1,0
2025-06-25,579328,26,12,1,3.042497,26.0,13,0
2025-06-25,592773,3,2,0,0.005,3.0,1,0
2025-06-25,594798,24,7,2,4.380061307692308,24.0,15,0
2025-06-25,595345,3,3,0,0.0,3.0,0,0
2025-06-25,596001,6,2,1,1.549289,5.0,2,0
2025-06-25,601713,23,10,0,4.687697916666666,23.0,13,1
2025-06-25,605242,3,1,0,0.034,3.0,2,0
2025-06-25,605280,22,2,4,9.285460222222223,22.0,16,2
2025-06-25,605447,4,1,1,1.148497,4.0,2,0
2025-06-25,605463,4,0,0,2.4288749999999997,3.0,3,2
2025-06-25,607200,21,2,2,9.81047551519679,21.0,17,5
2025-06-25,607481,11,2,0,3.568,11.0,9,0
2025-06-25,608331,25,7,1,4.914497,25.0,17,0
2025-06-25,608379,27,9,1,6.336724272727273,26.0,17,1
2025-06-25,608718,5,1,0,1.154,5.0,4,0
2025-06-25,621051,4,1,0,1.79,4.0,3,0
2025-06-25,621242,1,0,0,0.255,1.0,1,0
2025-06-25,621381,4,1,0,2.0114375,4.0,3,1
2025-06-25,623352,3,1,0,0.445,3.0,2,0
2025-06-25,640448,1,1,0,0.0,1.0,0,0
2025-06-25,641302,5,0,1,1.836497,5.0,4,0
2025-06-25,641329,4,1,0,0.867,4.0,3,0
2025-06-25,641658,3,0,0,0.519,3.0,3,0
2025-06-25,641755,2,0,0,1.3746935483870963,2.0,2,1
2025-06-25,642152,5,0,1,1.059497,5.0,4,0
2025-06-25,642239,3,1,0,0.622,3.0,2,0
2025-06-25,642397,3,0,0,0.145,3.0,3,0
2025-06-25,642701,4,0,0,1.133,4.0,4,0
2025-06-25,643377,3,1,0,0.152,3.0,2,0
2025-06-25,643511,6,1,0,1.542,6.0,5,0
2025-06-25,656234,8,0,2,3.1974970000000003,7.0,6,0
2025-06-25,656240,10,1,1,4.1226398571428575,10.0,8,1
2025-06-25,656427,26,7,4,9.369752150943397,26.0,15,2
2025-06-25,656464,5,0,0,1.5087777777777778,4.0,4,0
2025-06-25,656546,4,1,0,1.2439354838709678,4.0,3,1
2025-06-25,656629,4,1,0,0.785,4.0,3,0
2025-06-25,656730,3,1,0,0.258,3.0,2,0
2025-06-25,656876,19,5,2,4.943874952380953,18.0,11,1
2025-06-25,656986,3,1,0,1.2361666666666669,3.0,2,1
2025-06-25,657097,3,1,0,0.114,3.0,2,0
2025-06-25,657277,25,6,3,10.382146555555556,25.0,16,3
2025-06-25,657424,3,0,0,1.588,3.0,3,0
2025-06-25,657514,4,0,0,1.017,4.0,4,0
2025-06-25,657571,3,0,0,1.4068,3.0,3,0
2025-06-25,657746,22,8,0,5.209299256410256,22.0,13,1
2025-06-25,660825,4,2,0,1.385395061728395,4.0,2,1
2025-06-25,660896,3,1,1,1.200497,3.0,1,0
2025-06-25,661395,3,1,0,0.7749999999999999,3.0,2,0
2025-06-25,661403,4,1,0,1.242,4.0,3,0
2025-06-25,663399,3,0,1,1.079497,3.0,2,0
2025-06-25,663423,3,1,0,0.63,3.0,2,0
2025-06-25,663546,1,0,0,0.574,1.0,1,0
2025-06-25,663671,4,1,1,0.912497,4.0,2,0
2025-06-25,663738,3,1,0,0.41400000000000003,3.0,2,0
2025-06-25,663893,6,0,1,1.9503499411764704,6.0,5,1
2025-06-25,663903,26,9,3,8.996226808510638,26.0,13,3
2025-06-25,663969,4,0,0,0.724,4.0,4,0
2025-06-25,664076,3,0,1,0.7374970000000001,3.0,2,0
2025-06-25,664126,4,0,0,0.8480000000000001,4.0,4,0
2025-06-25,664139,5,0,0,1.338,5.0,5,0
2025-06-25,664141,3,0,0,0.19,3.0,3,0
2025-06-25,664199,3,1,0,0.099,3.0,2,0
2025-06-25,665795,22,6,3,6.185325454545454,21.0,12,1
2025-06-25,666171,7,2,1,1.976497,7.0,4,0
2025-06-25,666661,2,0,0,0.9570000000000001,2.0,2,0
2025-06-25,666808,6,0,2,3.441244,6.0,4,0
2025-06-25,667463,12,3,1,2.809497,11.0,7,0
2025-06-25,668390,3,1,0,0.61,3.0,2,0
2025-06-25,668678,24,2,1,11.1178896686217,24.0,21,5
2025-06-25,668909,24,2,3,7.0184401525423725,24.0,19,1
2025-06-25,669022,25,6,3,7.357080743589743,25.0,16,1
2025-06-25,669062,4,1,1,1.206497,4.0,2,0
2025-06-25,669093,3,1,0,0.5680000000000001,3.0,2,0
2025-06-25,669923,22,3,1,4.915497,22.0,18,0
2025-06-25,670036,2,0,0,0.16799999999999998,2.0,2,0
2025-06-25,670955,5,4,0,0.005,5.0,1,0
2025-06-25,670970,3,1,0,0.21400000000000002,3.0,2,0
2025-06-25,672578,4,1,1,1.084497,4.0,2,0
2025-06-25,674444,3,0,0,1.022,3.0,3,0
2025-06-25,676130,4,2,0,0.592,4.0,2,0
2025-06-25,676467,19,4,0,5.618,19.0,15,0
2025-06-25,676534,6,0,1,3.684075,6.0,3,0
2025-06-25,677161,7,4,0,1.149,7.0,3,0
2025-06-25,678495,4,2,0,0.546,4.0,2,0
2025-06-25,678692,3,1,0,0.7787777777777778,3.0,2,0
2025-06-25,680704,4,1,0,2.1801034482758626,4.0,3,1
2025-06-25,680732,22,7,2,7.1056046321839075,21.0,12,1
2025-06-25,680735,8,3,0,3.989753968253968,8.0,5,2
2025-06-25,681006,5,0,0,0.865,5.0,5,0
2025-06-25,681347,8,1,1,2.2339414444444445,8.0,6,1
2025-06-25,681911,1,1,0,0.0,1.0,0,0
2025-06-25,681916,5,1,0,1.077289,5.0,3,0
2025-06-25,681982,5,2,0,0.707,5.0,3,0
2025-06-25,682052,25,6,1,4.757786,25.0,17,0
2025-06-25,682120,3,1,0,0.171,3.0,2,0
2025-06-25,682842,5,1,1,2.074497,5.0,3,0
2025-06-25,683175,5,0,1,2.119154894736842,5.0,4,1
2025-06-25,683627,7,2,0,3.922,7.0,4,1
2025-06-25,686973,4,1,1,0.8884970000000001,4.0,2,0
2025-06-25,687064,18,2,1,5.449963666666667,18.0,15,1
2025-06-25,687330,3,1,0,1.5286666666666666,3.0,2,1
2025-06-25,687863,4,0,0,1.5500000000000003,4.0,4,0
2025-06-25,687911,6,1,0,1.3719999999999999,6.0,5,0
2025-06-25,689254,3,0,1,0.8839999999999999,2.0,2,0
2025-06-25,690916,18,6,1,7.491756149253732,18.0,10,2
2025-06-25,691799,7,1,0,1.195,6.0,5,0
2025-06-25,692285,6,1,2,3.0749940000000002,6.0,3,0
2025-06-25,694335,8,3,1,1.7579087647058826,8.0,4,1
2025-06-25,694361,8,3,0,1.848,8.0,5,0
2025-06-25,694819,18,8,2,4.779131894736842,18.0,8,1
2025-06-25,694973,19,4,2,5.376994,19.0,13,0
2025-06-25,695243,3,2,0,0.425,3.0,1,0
2025-06-25,695418,7,1,1,2.175497,7.0,5,0
2025-06-25,702752,6,1,2,2.947994,6.0,3,0
2025-06-25,800311,18,1,0,8.343717939393938,18.0,16,2
2025-06-25,801403,22,1,2,5.829694,22.0,19,0
2025-06-25,808967,16,6,1,2.4989706842105264,16.0,9,1
2025-06-26,477132,20,5,1,6.132430333333333,20.0,14,1
2025-06-26,489446,4,1,1,0.9904970000000001,4.0,2,0
2025-06-26,519008,6,0,0,2.338,6.0,6,0
2025-06-26,519141,4,1,0,0.561,4.0,3,0
2025-06-26,543056,4,0,1,1.331497,4.0,3,0
2025-06-26,547179,24,4,0,8.809225832091405,24.0,20,3
2025-06-26,572955,3,0,0,0.881,3.0,3,0
2025-06-26,573204,4,0,0,1.3576666666666666,4.0,4,0
2025-06-26,592332,28,6,1,7.669668526076075,28.0,20,2
2025-06-26,592773,3,1,0,0.507,3.0,2,0
2025-06-26,592779,4,2,0,0.362,4.0,2,0
2025-06-26,596295,19,1,1,6.586597250626567,19.0,17,2
2025-06-26,605488,21,3,2,6.830658855928201,21.0,16,2
2025-06-26,608032,3,2,0,0.6272500000000001,3.0,1,1
2025-06-26,608650,17,4,2,3.693994,17.0,11,0
2025-06-26,621242,4,1,0,0.727,4.0,3,0
2025-06-26,623437,3,0,0,0.8160000000000001,3.0,3,0
2025-06-26,641745,4,0,2,2.368651894736842,4.0,2,1
2025-06-26,641755,4,1,0,1.2666666666666668,4.0,3,1
2025-06-26,643338,4,1,1,0.702497,4.0,2,0
2025-06-26,647315,12,1,2,7.075339238095239,12.0,9,2
2025-06-26,650556,4,4,0,0.0,4.0,0,0
2025-06-26,650911,24,11,0,4.345289,23.0,11,0
2025-06-26,656288,9,3,0,3.0385999999999997,9.0,6,1
2025-06-26,656550,24,6,3,7.734668083333333,24.0,15,1
2025-06-26,656629,3,1,0,0.563,3.0,2,0
2025-06-26,656848,3,1,0,0.655,3.0,2,0
2025-06-26,656945,3,1,1,0.839497,3.0,1,0
2025-06-26,663423,4,0,0,1.3123214285714286,4.0,4,0
2025-06-26,663465,4,0,1,3.0871739230769233,4.0,3,1
2025-06-26,663485,6,1,0,0.978,6.0,5,0
2025-06-26,663546,9,2,1,3.5555879090909093,8.0,6,0
2025-06-26,663947,4,0,0,0.906,4.0,4,0
2025-06-26,664126,1,0,0,0.491,1.0,1,0
2025-06-26,664192,7,2,1,1.720747,7.0,4,0
2025-06-26,668941,4,2,0,0.017,3.0,1,0
2025-06-26,669199,6,1,0,1.485,6.0,5,0
2025-06-26,669358,27,9,1,5.447926824561404,27.0,17,1
2025-06-26,669372,9,2,0,2.512142857142857,9.0,7,1
2025-06-26,669467,23,2,2,9.19891887684729,23.0,19,2
2025-06-26,669674,3,0,0,0.45799999999999996,3.0,3,0
2025-06-26,669724,3,0,0,0.626,3.0,3,0
2025-06-26,670156,6,0,2,2.068994,6.0,4,0
2025-06-26,670167,5,0,1,1.997497,5.0,4,0
2025-06-26,672582,1,1,0,0.0,1.0,0,0
2025-06-26,673380,6,4,0,0.8768124999999998,6.0,2,1
2025-06-26,675848,2,1,0,0.0,1.0,0,0
2025-06-26,676083,19,1,0,8.14384375,18.0,18,2
2025-06-26,676106,23,2,3,8.902073761904761,23.0,16,2
2025-06-26,676254,3,0,0,0.22199999999999998,3.0,3,0
2025-06-26,676440,24,7,0,6.063244666666667,23.0,15,0
2025-06-26,676617,4,1,1,0.927497,4.0,2,0
2025-06-26,676661,3,0,0,0.904,3.0,3,0
2025-06-26,676684,3,1,0,0.5690000000000001,3.0,2,0
2025-06-26,678020,3,1,0,0.579,3.0,2,0
2025-06-26,678368,9,1,0,3.03335,9.0,8,0
2025-06-26,680573,18,6,1,4.245859984218078,18.0,11,2
2025-06-26,680767,4,2,0,0.612,4.0,2,0
2025-06-26,681006,2,1,1,0.691497,2.0,0,0
2025-06-26,681517,6,0,0,2.441,6.0,6,0
2025-06-26,681810,8,2,0,0.793,8.0,6,0
2025-06-26,683409,4,1,1,2.0109414444444447,4.0,2,1
2025-06-26,684007,17,3,1,3.4804324838709677,16.0,12,1
2025-06-26,686613,23,9,0,3.272,23.0,14,0
2025-06-26,687849,9,2,2,2.635994,9.0,5,0
2025-06-26,687911,4,1,1,1.325497,4.0,2,0
2025-06-26,689147,6,0,0,2.8146223333333333,6.0,5,0
2025-06-26,689266,6,1,0,2.891,6.0,5,1
2025-06-26,694037,5,3,0,1.539289,5.0,1,0
2025-06-26,695445,3,0,0,0.7107368421052632,3.0,3,0
2025-06-26,702352,5,3,0,1.201,5.0,2,0
2025-06-26,801434,3,0,0,1.031,3.0,3,0
2025-06-26,806185,21,1,4,11.025512897435897,21.0,15,4
2025-06-26,806188,4,3,0,0.223,4.0,1,0
2025-06-27,455119,3,0,0,1.7764358974358974,3.0,3,1
2025-06-27,472610,5,1,1,1.600497,5.0,3,0
2025-06-27,500779,26,5,2,7.617826732516223,26.0,19,1
2025-06-27,518585,3,1,0,0.676,3.0,2,0
2025-06-27,518876,23,7,1,6.8336110552995395,23.0,15,3
2025-06-27,519326,9,0,2,3.125497,8.0,7,0
2025-06-27,542888,4,0,0,1.243,4.0,4,0
2025-06-27,543056,1,0,0,0.265,1.0,1,0
2025-06-27,543135,15,2,2,5.8377290346320345,14.0,11,2
2025-06-27,543243,28,11,0,3.432,28.0,17,0
2025-06-27,571948,4,1,0,0.633,4.0,3,0
2025-06-27,573124,5,2,2,1.384994,5.0,1,0
2025-06-27,592426,7,1,1,2.274786,7.0,4,0
2025-06-27,592836,9,1,2,3.2293576363636363,9.0,6,0
2025-06-27,593576,5,0,1,1.9994969999999999,5.0,4,0
2025-06-27,595345,2,1,0,0.005,2.0,1,0
2025-06-27,596001,6,1,2,2.247994,6.0,3,0
2025-06-27,596133,3,1,0,0.083,3.0,2,0
2025-06-27,605463,11,3,0,5.3641689655172415,11.0,8,2
2025-06-27,606160,3,1,0,0.878,3.0,2,0
2025-06-27,607259,27,6,2,6.160940666666667,26.0,18,1
2025-06-27,607455,3,1,1,0.7553157894736844,2.0,1,1
2025-06-27,607536,21,2,3,7.980746898366606,21.0,16,1
2025-06-27,608372,25,2,1,10.974912746419724,25.0,22,4
2025-06-27,621244,24,8,1,7.129089147435898,24.0,15,3
2025-06-27,621383,8,2,0,2.295,8.0,6,0
2025-06-27,622554,3,0,0,0.031,3.0,3,0
2025-06-27,623167,15,1,1,4.045558904761904,15.0,13,2
2025-06-27,623352,1,0,0,0.668,1.0,1,0
2025-06-27,623474,8,2,1,1.7769107931034482,7.0,5,1
2025-06-27,641302,13,2,2,3.677994,12.0,8,0
2025-06-27,641401,6,2,0,1.834,5.0,3,0
2025-06-27,642100,4,1,0,1.8782889999999999,4.0,2,0
2025-06-27,642152,5,1,0,0.776,5.0,4,0
2025-06-27,642207,3,1,0,0.39,3.0,2,0
2025-06-27,643377,6,3,0,2.368,6.0,3,0
2025-06-27,643511,3,0,0,0.52,3.0,3,0
2025-06-27,650644,19,4,4,6.351460370766489,19.0,11,2
2025-06-27,650893,5,1,0,0.767289,5.0,3,0
2025-06-27,656186,3,1,1,0.962497,3.0,1,0
2025-06-27,656234,5,0,1,2.0748127894736843,5.0,4,1
2025-06-27,656271,4,1,0,0.7200000000000001,4.0,3,0
2025-06-27,656302,20,8,3,6.6502271111111115,20.0,9,1
2025-06-27,656457,3,1,0,0.36600000000000005,3.0,2,0
2025-06-27,656464,3,3,0,0.0,3.0,0,0
2025-06-27,656605,22,4,1,7.631447,22.0,17,2
2025-06-27,656794,11,2,1,2.838179487179487,10.0,8,1
2025-06-27,656848,13,2,2,5.6297440000000005,13.0,9,1
2025-06-27,656849,24,5,3,9.881730393939394,24.0,16,2
2025-06-27,656945,5,1,1,1.137497,5.0,3,0
2025-06-27,656986,7,3,1,2.0650424545454547,7.0,3,0
2025-06-27,657097,12,0,1,3.705,11.0,11,0
2025-06-27,657514,9,0,4,3.954491,8.0,5,0
2025-06-27,657612,4,1,0,0.8069999999999999,4.0,3,0
2025-06-27,657649,3,0,0,2.03285294117647,3.0,3,1
2025-06-27,660604,21,4,1,8.965683688311689,21.0,16,4
2025-06-27,660825,9,1,3,2.480994,8.0,5,0
2025-06-27,660853,6,1,0,0.991,6.0,5,0
2025-06-27,660896,4,1,0,1.106,4.0,3,0
2025-06-27,661395,3,1,0,0.16799999999999998,3.0,2,0
2025-06-27,662253,5,0,2,1.8189107931034483,4.0,3,1
2025-06-27,663623,25,5,4,11.324541668924725,25.0,16,4
2025-06-27,663767,4,0,1,1.817497,4.0,3,0
2025-06-27,663897,6,1,0,2.4946153846153845,6.0,5,0
2025-06-27,663969,7,1,1,3.188497,7.0,5,0
2025-06-27,664199,4,0,0,1.1219999999999999,4.0,4,0
2025-06-27,666215,9,3,2,3.189994,9.0,4,0
2025-06-27,666374,4,2,0,0.542,3.0,2,0
2025-06-27,666661,5,0,0,1.365,5.0,5,0
2025-06-27,666808,3,2,0,0.123,3.0,1,0
2025-06-27,667755,22,4,2,7.967562965517241,22.0,16,1
2025-06-27,668390,6,1,1,3.560582106382979,6.0,4,1
2025-06-27,668674,4,1,1,1.256497,4.0,2,0
2025-06-27,668984,4,3,0,0.084,4.0,1,0
2025-06-27,669020,6,0,0,2.3209999999999997,6.0,6,0
2025-06-27,669160,20,3,3,8.686955285714285,20.0,14,1
2025-06-27,669211,6,1,0,2.394,6.0,5,0
2025-06-27,669276,4,2,1,0.964497,4.0,1,0
2025-06-27,669302,23,7,1,7.694595146341464,23.0,14,2
2025-06-27,669308,3,3,0,0.0,3.0,0,0
2025-06-27,669371,4,0,1,2.177497,4.0,3,0
2025-06-27,669622,3,0,0,0.4,2.0,2,0
2025-06-27,669704,7,1,0,0.796,7.0,6,0
2025-06-27,670955,6,2,1,3.180786,6.0,2,0
2025-06-27,672391,4,0,1,1.7304970000000002,4.0,3,0
2025-06-27,672578,7,2,1,1.542497,6.0,4,0
2025-06-27,672582,3,3,0,0.0,3.0,0,0
2025-06-27,672841,3,0,0,0.943,3.0,3,0
2025-06-27,673513,7,0,0,3.9654870875179347,7.0,7,2
2025-06-27,674444,6,1,0,0.667,6.0,5,0
2025-06-27,676254,2,0,0,0.34800000000000003,2.0,2,0
2025-06-27,676395,3,1,0,0.17700000000000002,3.0,2,0
2025-06-27,676428,3,0,1,2.324786,3.0,1,0
2025-06-27,676534,3,1,1,1.4964970000000002,3.0,1,0
2025-06-27,676609,9,0,1,5.498893428571429,9.0,8,3
2025-06-27,676755,5,3,0,0.05500000000000001,5.0,2,0
2025-06-27,678394,29,1,3,9.107768777777778,28.0,24,1
2025-06-27,678495,4,0,1,1.1964970000000001,4.0,3,0
2025-06-27,678606,4,0,0,1.025,4.0,4,0
2025-06-27,678692,6,3,0,2.4736545454545453,6.0,3,1
2025-06-27,679358,10,1,0,3.8696666666666664,10.0,9,1
2025-06-27,680704,3,0,1,1.260497,3.0,2,0
2025-06-27,681870,3,2,0,0.116,3.0,1,0
2025-06-27,681911,4,0,0,0.788289,4.0,3,0
2025-06-27,681916,6,2,0,0.889289,6.0,3,0
2025-06-27,681982,4,2,0,0.135,4.0,2,0
2025-06-27,681987,4,0,0,1.564,4.0,4,0
2025-06-27,682254,6,2,1,1.8034970000000001,6.0,3,0
2025-06-27,682842,3,2,0,0.676,3.0,1,0
2025-06-27,682847,28,5,1,9.782025451740676,27.0,21,4
2025-06-27,683232,5,2,0,2.048,5.0,3,0
2025-06-27,686752,12,1,2,6.624534983606558,12.0,9,1
2025-06-27,686973,5,1,1,0.949497,5.0,3,0
2025-06-27,687606,3,0,0,0.23399999999999999,3.0,3,0
2025-06-27,687765,23,5,4,7.647020225023343,22.0,13,3
2025-06-27,687830,22,5,2,6.395194,22.0,15,2
2025-06-27,687888,23,5,0,4.922473684210527,23.0,18,1
2025-06-27,688158,6,3,0,0.601,5.0,2,0
2025-06-27,690990,24,2,4,12.583795743052194,24.0,17,4
2025-06-27,691587,18,3,3,5.600324333333333,18.0,12,1
2025-06-27,692285,4,0,1,2.491497,4.0,3,0
2025-06-27,693821,19,2,4,12.615361551815656,19.0,13,5
2025-06-27,694350,3,1,0,0.663,3.0,2,0
2025-06-27,694738,26,4,2,10.224486431372549,25.0,19,1
2025-06-27,694918,18,1,2,6.277294,18.0,15,1
2025-06-27,695418,7,1,1,2.309497,7.0,5,0
2025-06-27,696147,5,1,1,1.149497,5.0,3,0
2025-06-27,701542,21,7,4,4.839988,21.0,10,0
2025-06-27,701581,20,6,0,4.208943545454545,20.0,13,1
2025-06-27,702070,19,4,3,8.013172697612733,19.0,12,3
2025-06-27,801434,3,0,1,2.050065965517241,3.0,2,1
2025-06-27,806188,3,0,0,1.4751428571428569,3.0,3,1
2025-06-28,455119,3,1,0,0.132,3.0,2,0
2025-06-28,472610,5,0,0,2.9421428571428567,5.0,5,1
2025-06-28,500743,4,0,0,1.26,4.0,4,0
2025-06-28,518489,3,0,0,0.91,3.0,3,0
2025-06-28,519141,3,1,0,0.191,3.0,2,0
2025-06-28,519151,3,1,0,0.317,3.0,2,0
2025-06-28,542888,3,2,0,0.03,3.0,1,0
2025-06-28,543294,20,5,0,5.271470149253731,20.0,15,1
2025-06-28,552640,6,1,0,2.6179565217391305,6.0,5,1
2025-06-28,571927,6,0,0,0.897,6.0,6,0
2025-06-28,571945,20,5,1,9.67513867730261,20.0,14,6
2025-06-28,571946,4,2,0,0.153,4.0,2,0
2025-06-28,571948,4,0,0,1.099,4.0,4,0
2025-06-28,592094,3,2,0,0.374,3.0,1,0
2025-06-28,592454,6,2,0,2.933,6.0,4,1
2025-06-28,592662,23,6,2,5.654312181818181,21.0,13,1
2025-06-28,595345,3,0,0,0.871,3.0,3,0
2025-06-28,605130,5,0,0,2.292826086956522,5.0,5,1
2025-06-28,605135,19,3,4,9.058277,19.0,11,0
2025-06-28,605288,25,5,1,9.676814171717172,25.0,19,3
2025-06-28,605447,7,0,0,4.065,7.0,7,1
2025-06-28,605452,5,2,1,1.679497,5.0,2,1
2025-06-28,606160,3,0,0,0.266,3.0,3,0
2025-06-28,607067,20,2,0,7.2450765,20.0,17,2
2025-06-28,607179,3,0,0,1.181375,3.0,3,0
2025-06-28,607455,3,1,0,0.732289,3.0,1,0
2025-06-28,607625,26,8,5,7.851935757575758,26.0,13,1
2025-06-28,608337,29,5,1,7.023497,29.0,23,0
2025-06-28,608718,5,0,0,0.997,5.0,5,0
2025-06-28,621107,8,0,0,4.648,8.0,8,1
2025-06-28,621112,9,2,0,3.053,9.0,7,0
2025-06-28,621121,21,1,4,9.222595046131625,21.0,16,3
2025-06-28,621363,6,1,2,2.558994,6.0,3,0
2025-06-28,622608,25,2,3,11.012787326007325,25.0,19,1
2025-06-28,623168,5,0,0,2.981311727272727,5.0,4,1
2025-06-28,623211,5,1,2,2.742994,5.0,2,0
2025-06-28,628452,5,2,0,1.632289,5.0,2,0
2025-06-28,641656,5,0,1,2.662497,5.0,4,0
2025-06-28,641755,3,0,0,0.225,3.0,3,0
2025-06-28,641793,25,5,2,7.866961676767677,25.0,18,2
2025-06-28,641927,29,5,1,12.074154511202249,28.0,23,4
2025-06-28,642016,3,2,0,0.46,3.0,1,0
2025-06-28,642100,4,1,0,0.17400000000000002,4.0,3,0
2025-06-28,642216,11,2,2,4.728177333333333,11.0,7,1
2025-06-28,642397,4,0,2,1.628994,4.0,2,0
2025-06-28,642701,6,2,1,0.895497,6.0,3,0
2025-06-28,643511,4,1,0,0.696,4.0,3,0
2025-06-28,645261,30,4,0,12.653641272727272,30.0,25,3
2025-06-28,647336,20,5,1,4.2607859999999995,20.0,13,0
2025-06-28,656222,4,1,0,2.6093039513677807,4.0,3,2
2025-06-28,656240,13,3,3,5.07217353968254,13.0,7,2
2025-06-28,656464,3,0,0,1.15,3.0,3,0
2025-06-28,657044,3,1,0,0.6599999999999999,3.0,2,0
2025-06-28,657376,24,7,2,5.831103439124488,24.0,15,2
2025-06-28,657571,6,2,1,1.212497,6.0,3,0
2025-06-28,657585,3,0,0,1.0230000000000001,3.0,3,0
2025-06-28,660271,7,1,1,1.598497,7.0,5,0
2025-06-28,662253,4,1,1,1.6367859999999999,4.0,1,0
2025-06-28,663158,5,2,2,1.438994,5.0,1,0
2025-06-28,663399,10,3,0,1.744,10.0,7,0
2025-06-28,663465,13,2,1,5.462497,13.0,10,1
2025-06-28,663485,3,1,0,0.7348437499999998,3.0,2,1
2025-06-28,663554,26,5,1,6.442622,26.0,20,1
2025-06-28,663559,10,1,1,3.0514970000000003,10.0,8,0
2025-06-28,663738,5,2,0,1.3367192982456142,5.0,3,1
2025-06-28,663773,6,0,0,1.369,6.0,6,0
2025-06-28,664139,3,0,0,0.164,3.0,3,0
2025-06-28,664208,7,2,2,2.305994,7.0,3,0
2025-06-28,664854,3,1,0,0.517,3.0,2,0
2025-06-28,666171,5,1,1,1.5111970000000001,5.0,3,0
2025-06-28,666200,23,7,3,7.988641070126227,23.0,13,2
2025-06-28,666214,12,1,4,4.592988,12.0,7,0
2025-06-28,666374,4,1,1,0.7904970000000001,4.0,2,0
2025-06-28,666661,4,1,1,1.372497,4.0,2,0
2025-06-28,669062,4,1,0,1.962750000000001,4.0,3,1
2025-06-28,669084,3,0,0,0.251,3.0,3,0
2025-06-28,669622,6,1,0,1.087,6.0,5,0
2025-06-28,669674,9,0,1,4.353497,9.0,8,0
2025-06-28,669684,8,2,2,1.765994,8.0,4,0
2025-06-28,669704,6,1,1,1.423497,6.0,4,0
2025-06-28,670036,5,0,0,2.57,5.0,5,0
2025-06-28,670167,3,2,0,0.545,3.0,1,0
2025-06-28,670280,4,2,0,0.306,4.0,2,0
2025-06-28,670970,3,0,0,0.8069999999999999,3.0,3,0
2025-06-28,671096,24,4,2,7.7652162222222225,24.0,18,1
2025-06-28,671131,4,0,0,1.8505813953488373,4.0,4,1
2025-06-28,672282,5,0,1,2.566497,5.0,4,1
2025-06-28,672841,3,0,1,0.869497,2.0,1,0
2025-06-28,674285,6,1,1,2.7280809160839157,6.0,4,1
2025-06-28,676130,8,1,1,2.495497,8.0,5,0
2025-06-28,676395,3,0,0,1.564,3.0,3,0
2025-06-28,676508,20,4,1,8.421663666666667,20.0,15,2
2025-06-28,676664,21,4,3,7.158994030303031,21.0,14,3
2025-06-28,676679,7,0,0,2.124,7.0,7,0
2025-06-28,676879,4,0,2,1.785994,4.0,2,0
2025-06-28,677944,21,5,2,7.627187883812153,21.0,14,3
2025-06-28,677952,13,2,0,4.780464285714286,13.0,11,1
2025-06-28,677958,24,6,1,8.023130555555555,24.0,15,1
2025-06-28,678022,12,3,2,2.762994,12.0,7,0
2025-06-28,678368,7,1,0,0.9362889999999999,6.0,4,0
2025-06-28,679775,3,2,0,0.099,3.0,1,0
2025-06-28,680689,5,1,1,3.0720803333333335,5.0,3,1
2025-06-28,680755,8,1,1,2.523497,8.0,6,0
2025-06-28,680885,25,12,1,3.760497,25.0,12,0
2025-06-28,681190,23,3,2,7.366994,23.0,18,0
2025-06-28,682120,4,1,0,1.3533333333333333,4.0,3,0
2025-06-28,682990,25,11,2,4.682946380952381,25.0,12,0
2025-06-28,683409,9,1,0,1.841,9.0,8,0
2025-06-28,687473,19,4,0,5.625728070175438,19.0,15,1
2025-06-28,687606,10,1,1,3.8806521724137935,10.0,8,1
2025-06-28,687863,4,1,0,0.617,3.0,2,0
2025-06-28,689254,8,2,0,3.114,8.0,6,1
2025-06-28,691799,6,2,0,1.095,6.0,4,0
2025-06-28,693433,24,9,2,7.706494000000001,24.0,13,1
2025-06-28,694297,22,7,1,8.319294853841074,22.0,14,4
2025-06-28,694335,3,1,0,1.0945897435897434,3.0,2,1
2025-06-28,694350,3,0,0,3.405228070175438,3.0,3,1
2025-06-28,695445,4,1,0,1.5587272727272732,4.0,3,1
2025-06-28,696147,4,0,0,1.354,4.0,4,0
2025-06-28,697812,12,4,0,4.508467571428572,12.0,7,1
2025-06-28,702795,3,0,2,1.4669940000000001,3.0,1,0
2025-06-28,820862,3,1,0,0.134,3.0,2,0
2025-06-29,434378,26,3,2,9.040081095238095,26.0,20,2
2025-06-29,445276,6,1,1,0.8119999999999999,4.0,4,0
2025-06-29,489446,3,1,0,0.7135,3.0,2,1
2025-06-29,518489,5,2,0,1.086,5.0,3,0
2025-06-29,519151,3,0,0,0.511,3.0,3,0
2025-06-29,543056,1,0,0,0.044,1.0,1,0
2025-06-29,547184,3,1,0,0.024,3.0,2,0
2025-06-29,547973,3,2,0,0.133,3.0,1,0
2025-06-29,573124,3,0,0,0.382,3.0,3,0
2025-06-29,573186,19,1,2,5.928583743589743,19.0,16,1
2025-06-29,592094,4,1,0,1.7388966666666665,4.0,3,1
2025-06-29,592426,10,1,3,1.4429999999999998,6.0,6,0
2025-06-29,592454,3,0,0,1.078,3.0,3,0
2025-06-29,592779,5,2,0,0.33899999999999997,5.0,3,0
2025-06-29,592791,21,4,1,4.227747,21.0,16,0
2025-06-29,593423,20,5,1,8.218508764705883,20.0,14,2
2025-06-29,593958,24,6,3,5.788031983606558,24.0,15,1
2025-06-29,595928,4,0,0,0.391,4.0,4,0
2025-06-29,596133,3,1,0,0.24000000000000002,3.0,2,0
2025-06-29,605130,3,0,1,0.7404970000000001,3.0,2,0
2025-06-29,608566,22,5,3,5.99920185120208,22.0,14,2
2025-06-29,608671,6,0,1,3.6577859999999998,6.0,4,0
2025-06-29,615698,20,5,1,6.534013043871252,20.0,14,3
2025-06-29,621053,7,2,2,3.6506005573770492,7.0,3,1
2025-06-29,621111,19,3,3,7.276158023172906,18.0,12,2
2025-06-29,621381,5,0,1,2.0644970000000002,5.0,4,0
2025-06-29,622491,26,4,2,10.655660666666666,26.0,20,1
2025-06-29,622663,22,3,3,9.505414643939394,22.0,14,3
2025-06-29,623352,3,1,0,0.018,3.0,2,0
2025-06-29,623437,9,3,1,3.398497,9.0,5,0
2025-06-29,624133,26,8,1,5.877497,26.0,17,1
2025-06-29,628452,3,1,0,0.189,3.0,2,0
2025-06-29,640448,11,2,2,1.304497,9.0,6,0
2025-06-29,641401,10,0,2,1.433,8.0,8,0
2025-06-29,641656,4,2,1,0.696497,4.0,1,0
2025-06-29,641745,4,0,0,0.8580000000000001,4.0,4,0
2025-06-29,641755,3,2,0,0.046,3.0,1,0
2025-06-29,641778,20,4,0,5.6395757575757575,20.0,16,0
2025-06-29,641941,4,0,1,0.952497,4.0,3,0
2025-06-29,642152,5,1,0,1.619,5.0,4,0
2025-06-29,642528,2,1,0,0.129,2.0,1,0
2025-06-29,642585,5,3,1,1.6566684285714286,5.0,1,1
2025-06-29,650556,6,4,0,0.016,6.0,2,0
2025-06-29,650893,4,1,0,0.22099999999999997,4.0,3,0
2025-06-29,656186,5,1,0,1.057289,5.0,3,0
2025-06-29,656222,8,2,4,3.263491,7.0,2,0
2025-06-29,656234,5,1,0,0.395,5.0,4,0
2025-06-29,656271,3,1,0,0.326,3.0,2,0
2025-06-29,656457,6,2,1,2.105786,6.0,2,0
2025-06-29,656546,3,3,0,0.0,3.0,0,0
2025-06-29,656641,9,4,1,1.7791285789473688,9.0,4,1
2025-06-29,656730,8,2,0,1.7938260869565217,8.0,6,0
2025-06-29,657044,5,1,3,2.260491,5.0,1,0
2025-06-29,657514,3,0,0,0.34,3.0,3,0
2025-06-29,657612,3,0,0,0.675,3.0,3,0
2025-06-29,657649,4,1,0,1.2988421052631578,4.0,3,0
2025-06-29,660825,4,1,0,0.9329999999999999,4.0,3,0
2025-06-29,661403,3,2,0,0.071,3.0,1,0
2025-06-29,663158,6,0,1,3.302497,6.0,5,0
2025-06-29,663423,8,2,2,0.6659999999999999,5.0,4,0
2025-06-29,663460,19,5,2,6.751694798838054,19.0,12,2
2025-06-29,663568,20,5,1,4.920910793103449,19.0,13,1
2025-06-29,663574,2,0,0,0.142,2.0,2,0
2025-06-29,663687,7,1,2,3.2332581509433966,7.0,4,1
2025-06-29,663893,3,1,0,0.8203333333333334,3.0,2,0
2025-06-29,663978,21,3,0,10.199496130878668,21.0,17,3
2025-06-29,663992,10,2,0,4.050316883116883,10.0,8,2
2025-06-29,664141,7,0,3,4.43078,7.0,3,1
2025-06-29,664199,3,0,0,0.24,3.0,3,0
2025-06-29,664285,25,6,2,6.740407793103448,25.0,17,1
2025-06-29,665152,24,6,1,2.907197,14.0,7,0
2025-06-29,665660,5,2,1,1.2024970000000001,5.0,2,0
2025-06-29,666157,26,5,2,8.68407087878788,25.0,18,1
2025-06-29,666171,4,0,1,1.0394970000000001,4.0,3,0
2025-06-29,667463,4,1,1,0.8884970000000001,4.0,2,0
2025-06-29,668390,9,0,1,3.225,7.0,8,1
2025-06-29,668941,3,2,0,0.051,3.0,1,0
2025-06-29,668984,6,2,0,0.21500000000000002,6.0,4,0
2025-06-29,669062,4,0,0,1.529,4.0,4,0
2025-06-29,669093,3,2,0,0.049,3.0,1,0
2025-06-29,669199,6,3,0,0.206,6.0,3,0
2025-06-29,669211,4,1,0,2.089858237547893,4.0,3,1
2025-06-29,669276,5,1,0,1.4044444444444444,5.0,4,2
2025-06-29,669371,3,0,0,1.034,3.0,3,0
2025-06-29,669373,23,13,1,2.439497,23.0,9,0
2025-06-29,669387,13,2,0,2.8316153846153846,12.0,10,0
2025-06-29,669461,25,5,5,7.420436219512196,25.0,15,1
2025-06-29,669674,4,1,1,1.2801893076923077,4.0,2,0
2025-06-29,669711,3,0,0,0.716,3.0,3,0
2025-06-29,670036,2,0,0,1.047,2.0,2,0
2025-06-29,670970,2,0,0,0.20500000000000002,2.0,2,0
2025-06-29,671106,24,6,2,7.119806500000001,24.0,16,1
2025-06-29,671737,24,2,1,3.8585576060606064,12.0,9,1
2025-06-29,672282,5,3,1,0.05,4.0,1,0
2025-06-29,672582,4,1,0,1.503787878787879,4.0,3,1
2025-06-29,672841,4,0,0,2.5513636363636363,4.0,4,1
2025-06-29,673380,5,2,0,1.9035159090909093,5.0,3,1
2025-06-29,673929,7,1,3,3.6254910000000002,7.0,3,0
2025-06-29,674444,5,0,0,1.977606557377049,5.0,5,1
2025-06-29,675848,3,0,0,0.359,3.0,3,0
2025-06-29,675911,28,4,3,8.034225531993654,27.0,21,2
2025-06-29,676254,4,0,1,2.518497,4.0,3,0
2025-06-29,676263,3,2,0,0.01,3.0,1,0
2025-06-29,676477,3,1,0,0.566,3.0,2,0
2025-06-29,676534,7,2,1,3.269497,7.0,4,0
2025-06-29,676617,5,3,2,1.382994,5.0,0,0
2025-06-29,676684,3,1,0,0.157,3.0,2,0
2025-06-29,677161,7,1,1,2.872786,7.0,4,0
2025-06-29,678020,6,1,1,1.3494970000000002,6.0,4,0
2025-06-29,678024,4,1,1,1.082497,4.0,2,0
2025-06-29,678606,7,2,0,2.054,7.0,5,0
2025-06-29,678692,3,1,0,0.246,3.0,2,0
2025-06-29,679358,5,1,0,0.5880000000000001,5.0,4,0
2025-06-29,679775,2,1,0,0.017,2.0,1,0
2025-06-29,680689,4,0,2,1.128497,3.0,2,0
2025-06-29,680704,4,0,1,1.684497,4.0,3,0
2025-06-29,680730,23,3,3,9.752544130929792,23.0,17,1
2025-06-29,680736,21,6,1,5.183497,21.0,14,0
2025-06-29,680767,5,1,1,0.913497,5.0,3,0
2025-06-29,681347,17,5,1,5.330433170212766,17.0,11,2
2025-06-29,681982,3,2,0,0.448,3.0,1,0
2025-06-29,682120,3,1,1,0.836497,3.0,1,0
2025-06-29,682842,5,2,0,0.711,5.0,3,0
2025-06-29,683004,26,7,0,6.775149450549451,26.0,19,2
2025-06-29,683232,4,0,0,2.2846666666666664,4.0,4,1
2025-06-29,683769,7,1,0,3.794395061728395,7.0,6,1
2025-06-29,684320,7,1,0,1.814289,7.0,5,0
2025-06-29,685126,4,2,0,1.2313333333333332,4.0,2,0
2025-06-29,686563,14,4,3,5.608491,14.0,7,0
2025-06-29,686799,19,2,2,6.099994,18.0,14,0
2025-06-29,687330,5,1,0,2.1735750000000005,5.0,4,1
2025-06-29,689147,4,3,0,0.605,4.0,1,0
2025-06-29,693313,5,0,0,0.891,5.0,5,0
2025-06-29,694477,20,8,2,4.711309789473685,20.0,10,1
2025-06-29,820862,3,0,1,0.599,2.0,2,0
2025-06-30,453286,18,7,0,4.362260822510822,18.0,11,1
2025-06-30,455119,4,0,0,0.7909999999999999,4.0,4,0
2025-06-30,542888,4,1,0,2.1462,4.0,3,1
2025-06-30,547184,3,0,1,0.57,2.0,2,0
2025-06-30,552640,3,1,0,0.225,3.0,2,0
2025-06-30,554430,30,10,0,7.462749215053763,30.0,19,1
2025-06-30,571578,27,6,1,8.718497,27.0,20,0
2025-06-30,571760,22,7,1,4.559497,22.0,14,0
2025-06-30,571946,4,2,0,0.5786153846153845,4.0,2,0
2025-06-30,571948,8,0,2,4.204929483870968,8.0,6,1
2025-06-30,593974,4,2,0,0.6846923076923077,4.0,2,0
2025-06-30,595928,3,1,0,0.8530384615384614,3.0,2,0
2025-06-30,607074,24,4,3,6.921632941176471,24.0,16,1
2025-06-30,607200,26,0,3,10.720215941992434,25.0,23,1
2025-06-30,608379,24,1,2,11.173152856489741,24.0,21,4
2025-06-30,608718,10,1,1,2.162497,10.0,8,0
2025-06-30,621383,4,0,0,1.0499999999999998,4.0,4,0
2025-06-30,622554,6,3,1,1.187297,6.0,2,0
2025-06-30,624431,2,1,1,0.691497,2.0,0,0
2025-06-30,641329,5,3,0,0.815,5.0,2,0
2025-06-30,642100,3,3,0,0.0,3.0,0,0
2025-06-30,642528,6,1,0,1.6069999999999998,6.0,4,0
2025-06-30,642585,4,2,1,0.8604970000000001,4.0,1,0
2025-06-30,643338,3,0,1,2.00752825,3.0,2,1
2025-06-30,643410,4,1,0,0.753,4.0,3,0
2025-06-30,643511,4,0,0,1.54,4.0,4,0
2025-06-30,656546,4,1,0,0.897,4.0,3,0
2025-06-30,656794,1,0,0,0.785,1.0,1,0
2025-06-30,656876,14,2,1,5.472961285714286,14.0,11,1
2025-06-30,657097,4,3,0,0.582,4.0,1,0
2025-06-30,657277,28,7,1,7.940130522727273,26.0,20,2
2025-06-30,657612,3,0,0,0.46299999999999997,3.0,3,0
2025-06-30,660896,5,1,0,1.8262105263157893,5.0,4,1
2025-06-30,663362,25,3,6,11.794941119496857,25.0,16,2
2025-06-30,663423,6,0,1,2.106786,6.0,4,0
2025-06-30,663738,10,1,1,3.272663666666667,10.0,8,1
2025-06-30,663767,8,1,0,1.203,7.0,6,0
2025-06-30,663855,3,1,0,0.149,3.0,2,0
2025-06-30,663893,6,1,1,0.913,5.0,4,0
2025-06-30,664076,3,1,0,0.09599999999999999,3.0,2,0
2025-06-30,664126,5,1,0,2.055,5.0,4,0
2025-06-30,666374,3,1,0,0.19,3.0,2,0
2025-06-30,666661,2,0,0,0.6116470588235294,2.0,2,0
2025-06-30,667463,6,2,0,1.041,6.0,4,0
2025-06-30,668674,4,1,0,1.1039999999999999,4.0,3,0
2025-06-30,669194,24,7,0,6.97875,24.0,17,1
2025-06-30,669211,5,0,0,3.061065732758621,5.0,5,2
2025-06-30,669372,11,5,0,1.8690000000000002,11.0,6,0
2025-06-30,669432,22,5,3,7.837525482758621,22.0,14,1
2025-06-30,669711,5,0,1,2.003786,5.0,3,0
2025-06-30,669923,21,5,0,3.9690000000000003,21.0,16,0
2025-06-30,670955,7,4,0,1.014289,7.0,2,0
2025-06-30,676395,4,2,0,2.1051,4.0,2,1
2025-06-30,676979,26,9,1,6.719802955334988,26.0,16,3
2025-06-30,678495,2,1,0,0.034,2.0,1,0
2025-06-30,680755,4,3,1,0.691497,4.0,0,0
2025-06-30,682052,16,1,1,7.089688489361702,16.0,14,1
2025-06-30,682254,2,0,1,0.825497,2.0,1,0
2025-06-30,683175,10,2,2,4.185660666666667,10.0,6,1
2025-06-30,686747,12,1,0,4.761511546445251,12.0,11,3
2025-06-30,688158,6,0,0,1.2232889999999998,6.0,5,0
2025-06-30,689254,3,0,1,0.6253214285714286,1.0,2,0
2025-06-30,694335,4,2,0,0.107,4.0,2,0
2025-06-30,695243,3,1,0,1.1219999999999999,3.0,2,0
2025-06-30,695505,9,0,2,5.4281360056100985,9.0,7,2
2025-06-30,801434,7,2,1,1.6112192222222221,7.0,4,0
2025-07-01,445276,4,2,0,0.99,4.0,2,0
2025-07-01,542881,24,7,2,7.083461285714286,23.0,15,2
2025-07-01,543101,7,2,0,0.654,7.0,5,0
2025-07-01,547179,19,5,0,4.285711275026345,19.0,14,1
2025-07-01,547184,5,0,1,1.175,4.0,4,0
2025-07-01,547973,3,1,0,0.194,3.0,2,0
2025-07-01,571510,26,5,1,6.046068428571429,26.0,20,2
2025-07-01,572955,3,0,0,0.609,3.0,3,0
2025-07-01,592332,25,3,4,8.518738,25.0,18,0
2025-07-01,594580,6,4,0,0.38,6.0,2,0
2025-07-01,594798,23,6,1,7.233760888888889,23.0,16,1
2025-07-01,595345,1,0,0,0.21,1.0,1,0
2025-07-01,596001,4,0,0,0.887,4.0,4,0
2025-07-01,596133,4,0,0,2.4368888888888884,4.0,3,1
2025-07-01,605130,5,0,0,1.6880000000000002,5.0,5,0
2025-07-01,605488,22,4,3,8.442864376623376,22.0,15,2
2025-07-01,607455,3,3,0,0.0,3.0,0,0
2025-07-01,608032,3,0,0,0.4779999999999999,3.0,3,0
2025-07-01,608331,23,2,2,7.626900432748538,23.0,19,2
2025-07-01,621051,4,1,0,0.073,4.0,3,0
2025-07-01,621199,13,1,1,8.929300615384616,13.0,10,3
2025-07-01,623352,5,2,0,2.3120000000000003,5.0,3,1
2025-07-01,623474,7,4,0,0.888,7.0,3,0
2025-07-01,641302,7,3,0,1.1667916666666667,7.0,4,0
2025-07-01,641745,4,1,1,1.708497,4.0,2,0
2025-07-01,642397,6,1,2,3.379283,6.0,2,0
2025-07-01,643338,3,0,1,0.7514970000000001,3.0,2,0
2025-07-01,643361,6,0,2,2.289994,6.0,4,0
2025-07-01,643410,3,0,1,1.635497,3.0,2,0
2025-07-01,650556,3,3,0,0.0,3.0,0,0
2025-07-01,656234,3,1,0,0.267,3.0,2,0
2025-07-01,656240,5,1,0,1.223,5.0,4,0
2025-07-01,656550,25,10,3,6.1437800000000005,25.0,11,0
2025-07-01,656641,11,3,0,2.98275,11.0,8,0
2025-07-01,656794,7,2,1,0.694,6.0,4,0
2025-07-01,656986,3,1,0,0.484,3.0,2,0
2025-07-01,657571,7,2,0,1.0,7.0,5,0
2025-07-01,657746,26,4,0,7.409411764705883,26.0,22,1
2025-07-01,660825,4,0,0,2.276,4.0,4,0
2025-07-01,660853,5,0,1,2.379497,5.0,4,1
2025-07-01,663903,14,4,2,3.727994,14.0,8,0
2025-07-01,664076,3,2,0,0.069,3.0,1,0
2025-07-01,664126,3,2,0,0.005,3.0,1,0
2025-07-01,664129,8,3,3,3.517491,8.0,2,0
2025-07-01,664141,1,1,0,0.0,1.0,0,0
2025-07-01,664192,5,3,1,0.936497,5.0,1,0
2025-07-01,664208,6,1,0,1.754,6.0,5,0
2025-07-01,665795,24,6,1,4.334860636363636,24.0,17,0
2025-07-01,668674,2,0,0,0.19,2.0,2,0
2025-07-01,668678,25,10,0,6.431911458333334,25.0,15,1
2025-07-01,668909,25,2,4,10.911357949494949,25.0,19,2
2025-07-01,669276,4,0,1,2.768097,4.0,3,1
2025-07-01,669358,28,11,1,6.992211126807564,28.0,16,3
2025-07-01,669467,23,3,2,4.8629940000000005,22.0,17,1
2025-07-01,669622,3,1,0,0.115,3.0,2,0
2025-07-01,670036,1,0,0,0.016,1.0,1,0
2025-07-01,670167,4,1,1,2.083497,4.0,2,0
2025-07-01,670280,5,1,1,1.619497,5.0,3,0
2025-07-01,672282,4,0,0,1.893,4.0,4,0
2025-07-01,672582,3,0,2,1.624994,3.0,1,0
2025-07-01,674444,3,1,0,0.5868,3.0,2,0
2025-07-01,675848,4,0,0,1.04,4.0,4,0
2025-07-01,676106,29,1,3,12.611100150659134,29.0,24,2
2025-07-01,676263,4,1,1,0.820497,4.0,2,0
2025-07-01,676467,25,3,2,9.14429985106383,24.0,19,2
2025-07-01,676679,1,0,0,0.101,1.0,1,0
2025-07-01,676755,5,0,2,2.214994,5.0,3,0
2025-07-01,677865,3,0,1,1.073,2.0,2,0
2025-07-01,678394,17,3,1,3.8160749999999997,17.0,11,0
2025-07-01,678692,3,2,0,0.3537,3.0,1,0
2025-07-01,680689,8,2,0,3.5181666666666667,8.0,6,1
2025-07-01,680704,3,1,0,0.20700000000000002,3.0,2,0
2025-07-01,680755,4,1,0,0.8563157894736844,4.0,3,1
2025-07-01,680767,5,2,1,1.4144970000000001,5.0,2,0
2025-07-01,681343,23,6,3,8.976755150943397,23.0,14,2
2025-07-01,681870,5,1,1,1.687497,5.0,3,0
2025-07-01,682254,3,0,1,0.696497,2.0,2,0
2025-07-01,683409,5,1,1,1.105497,5.0,3,0
2025-07-01,684320,5,0,1,1.830497,5.0,4,0
2025-07-01,686228,9,2,1,3.8285570000000004,9.0,6,2
2025-07-01,686973,6,0,1,2.905,4.0,4,1
2025-07-01,686993,4,0,0,2.0350681818181813,4.0,4,1
2025-07-01,687064,19,4,2,6.412309789473684,19.0,13,1
2025-07-01,687911,4,1,0,0.875,4.0,3,0
2025-07-01,690916,12,1,1,3.316497,11.0,10,0
2025-07-01,693313,13,2,0,6.480665140415141,13.0,11,4
2025-07-01,694037,3,2,0,0.4559090909090909,3.0,1,0
2025-07-01,694973,20,5,1,5.957619333333334,20.0,13,1
2025-07-01,695243,4,2,1,0.239,3.0,1,0
2025-07-01,801403,16,1,2,8.171160666666667,16.0,13,1
2025-07-01,806185,19,6,4,6.723332214270768,19.0,9,2
2025-07-01,808967,25,8,1,3.4031123846153846,25.0,16,0
2025-07-01,820862,4,2,0,0.489,4.0,2,0
2025-07-02,477132,27,3,1,10.191830333333334,26.0,23,1
2025-07-02,518876,26,3,3,8.935349646616542,26.0,20,2
2025-07-02,519151,3,0,1,1.4389770000000002,3.0,2,0
2025-07-02,519326,9,3,0,3.2944722222222222,9.0,6,1
2025-07-02,543056,2,0,1,1.094997,2.0,1,0
2025-07-02,543135,17,5,1,3.632497,17.0,11,0
2025-07-02,543243,25,6,1,6.5744794561403515,25.0,18,1
2025-07-02,552640,3,1,0,0.419,3.0,2,0
2025-07-02,554340,7,1,2,4.012994,7.0,4,1
2025-07-02,571946,3,0,0,0.544,3.0,3,0
2025-07-02,573124,2,1,0,0.879,2.0,1,0
2025-07-02,573204,4,0,0,1.4589999999999999,4.0,4,0
2025-07-02,579328,24,7,2,7.131744,24.0,15,1
2025-07-02,592454,5,0,1,3.790453521739131,5.0,4,1
2025-07-02,592773,4,2,1,0.937497,4.0,1,0
2025-07-02,592779,5,1,0,2.835888888888889,5.0,4,1
2025-07-02,592836,9,1,1,1.865497,9.0,7,0
2025-07-02,592866,19,4,1,7.1106534327485384,19.0,14,2
2025-07-02,593974,5,1,1,0.7919999999999999,3.0,3,0
2025-07-02,595345,4,1,0,0.6900000000000001,4.0,3,0
2025-07-02,596295,24,1,1,8.122798587301586,24.0,22,2
2025-07-02,601713,23,6,0,7.295424694708276,23.0,17,1
2025-07-02,605280,22,1,4,7.318974373165618,22.0,17,1
2025-07-02,606160,3,1,0,0.808,3.0,2,0
2025-07-02,607259,28,2,0,9.017234110873256,27.0,25,2
2025-07-02,607481,7,3,0,0.912,7.0,4,0
2025-07-02,608372,25,5,1,13.772623393792351,24.0,18,6
2025-07-02,621051,3,0,1,1.879847,3.0,2,0
2025-07-02,621242,4,3,0,0.044,4.0,1,0
2025-07-02,621244,22,3,0,9.477923633156966,22.0,19,4
2025-07-02,621381,4,2,1,0.7494970000000001,4.0,1,0
2025-07-02,623211,4,1,1,0.995497,4.0,2,0
2025-07-02,640448,3,0,0,1.1958437499999999,3.0,3,1
2025-07-02,641540,12,1,1,5.626169779922781,12.0,10,3
2025-07-02,641656,6,1,1,1.764497,6.0,4,0
2025-07-02,641745,5,0,0,2.024,5.0,5,0
2025-07-02,641755,4,0,0,0.992,4.0,4,0
2025-07-02,641941,4,2,0,1.0178260869565217,4.0,2,0
2025-07-02,642016,4,0,1,0.968497,4.0,3,0
2025-07-02,642100,4,3,0,0.11,4.0,1,0
2025-07-02,642152,3,0,0,0.041999999999999996,2.0,2,0
2025-07-02,642207,6,1,2,2.7309970000000003,5.0,3,1
2025-07-02,642547,23,6,1,6.645967857142857,23.0,14,1
2025-07-02,642701,4,0,1,0.789497,4.0,3,0
2025-07-02,643377,3,1,0,0.7928214285714287,3.0,2,1
2025-07-02,643511,5,1,0,0.906,5.0,4,0
2025-07-02,650911,25,5,0,4.602657894736842,25.0,20,1
2025-07-02,656234,4,0,0,1.896289,4.0,3,0
2025-07-02,656302,26,4,0,7.689722222222223,26.0,22,2
2025-07-02,656427,21,9,2,5.811806499999999,21.0,10,1
2025-07-02,656546,4,1,0,1.0264666666666669,4.0,3,1
2025-07-02,656605,28,7,1,8.426086405844156,28.0,19,3
2025-07-02,656686,5,2,0,1.3076153846153846,5.0,3,0
2025-07-02,656986,5,1,0,1.1460000000000001,5.0,4,0
2025-07-02,657097,4,1,0,0.854,4.0,3,0
2025-07-02,657514,7,2,1,2.0021123846153848,7.0,4,0
2025-07-02,657585,6,0,1,3.9024525555555556,6.0,5,1
2025-07-02,657612,5,2,0,1.9109491525423727,5.0,3,1
2025-07-02,657649,3,0,0,1.526,3.0,3,0
2025-07-02,660896,5,1,0,0.861,5.0,4,0
2025-07-02,661395,3,0,0,1.181,3.0,3,0
2025-07-02,662253,3,1,0,0.42000000000000004,3.0,2,0
2025-07-02,663158,6,1,0,1.484,6.0,5,0
2025-07-02,663399,15,2,2,7.336167241852487,15.0,11,2
2025-07-02,663465,13,2,1,3.706497,13.0,10,0
2025-07-02,663574,3,1,0,0.10200000000000001,3.0,2,0
2025-07-02,663687,8,1,0,1.7570000000000001,8.0,7,0
2025-07-02,663765,11,0,1,4.243497,11.0,10,0
2025-07-02,663773,5,1,1,1.5659969999999999,5.0,3,0
2025-07-02,663855,7,0,1,2.432497,7.0,6,0
2025-07-02,663893,8,1,2,2.5646283131313132,7.0,5,1
2025-07-02,663947,7,3,0,1.0,7.0,4,0
2025-07-02,663992,3,1,0,0.27,3.0,2,0
2025-07-02,664199,3,1,0,0.771,3.0,2,0
2025-07-02,665660,4,1,0,1.9952127659574468,4.0,3,1
2025-07-02,666171,6,0,2,4.012893145299145,6.0,4,2
2025-07-02,666374,6,1,0,3.091787878787879,6.0,5,1
2025-07-02,666808,8,3,0,3.11548085106383,8.0,5,1
2025-07-02,666974,4,0,1,0.818497,4.0,3,0
2025-07-02,668834,6,0,2,2.5216684285714286,5.0,4,1
2025-07-02,669020,7,1,0,1.863,6.0,5,1
2025-07-02,669022,23,2,4,8.652715272727272,23.0,17,2
2025-07-02,669062,3,2,0,0.496,3.0,1,0
2025-07-02,669084,6,1,0,0.855,6.0,5,0
2025-07-02,669302,20,7,3,4.632324333333333,19.0,10,1
2025-07-02,669371,4,0,0,0.259,4.0,4,0
2025-07-02,669684,9,2,0,1.967,9.0,7,0
2025-07-02,669711,9,0,1,5.087497,9.0,8,1
2025-07-02,669724,5,0,0,2.021,5.0,5,0
2025-07-02,670167,5,0,0,3.122606557377049,5.0,5,1
2025-07-02,670955,7,3,0,2.252,7.0,4,0
2025-07-02,670970,4,1,0,0.661,4.0,3,0
2025-07-02,671131,12,2,2,6.527053970014993,12.0,8,2
2025-07-02,672391,3,1,0,0.10899999999999999,3.0,2,0
2025-07-02,672582,4,0,0,1.3236486486486483,3.0,4,1
2025-07-02,672841,4,2,1,0.816497,4.0,1,0
2025-07-02,673380,3,1,0,0.95,3.0,2,0
2025-07-02,673513,3,1,1,0.706497,3.0,1,0
2025-07-02,674285,4,1,0,2.3194,4.0,3,1
2025-07-02,674384,4,0,2,1.787994,4.0,2,0
2025-07-02,674444,3,1,0,0.47900000000000004,3.0,2,0
2025-07-02,676083,23,7,0,5.30047619047619,23.0,16,1
2025-07-02,676428,13,5,1,3.579497,13.0,7,0
2025-07-02,676440,22,5,4,7.050546230769231,21.0,11,2
2025-07-02,676617,5,1,1,1.740497,5.0,3,0
2025-07-02,676661,10,1,2,4.535994,10.0,7,0
2025-07-02,676755,5,1,1,1.5284970000000002,5.0,3,0
2025-07-02,676879,2,1,0,0.722289,2.0,0,0
2025-07-02,678226,4,1,0,1.0283157894736843,4.0,3,1
2025-07-02,678368,7,1,0,2.6944736842105264,7.0,6,1
2025-07-02,678495,4,1,1,1.531497,4.0,2,0
2025-07-02,678606,4,2,0,0.8388333333333332,4.0,2,1
2025-07-02,679358,5,3,0,1.622988571428572,5.0,2,2
2025-07-02,679775,4,2,1,0.797497,4.0,1,0
2025-07-02,680573,19,3,2,3.0446093846153848,19.0,14,0
2025-07-02,680732,26,5,1,7.403941172413793,26.0,19,1
2025-07-02,681006,3,1,1,0.8534970000000001,3.0,1,0
2025-07-02,681517,4,2,0,1.2358529411764707,4.0,2,1
2025-07-02,681867,7,1,0,1.715,7.0,6,0
2025-07-02,681911,4,2,1,1.118497,4.0,1,0
2025-07-02,681916,14,0,2,5.456625578947369,14.0,12,1
2025-07-02,681982,4,1,0,0.845,4.0,3,0
2025-07-02,682120,5,0,3,1.8259940000000001,4.0,2,0
2025-07-02,683232,3,0,0,0.749,3.0,3,0
2025-07-02,683409,4,1,1,1.274497,4.0,2,0
2025-07-02,683769,1,0,0,0.121,1.0,1,0
2025-07-02,684007,21,4,0,5.519816941176471,21.0,16,2
2025-07-02,684320,5,1,1,1.3234970000000001,5.0,3,0
2025-07-02,684974,6,1,1,1.202497,5.0,4,0
2025-07-02,685126,4,0,0,2.132178571428572,4.0,4,1
2025-07-02,686613,25,8,1,5.472400846153847,24.0,15,1
2025-07-02,686751,6,2,0,1.462,6.0,4,0
2025-07-02,686752,25,9,3,7.93260229032258,24.0,13,2
2025-07-02,686973,4,0,0,2.729,4.0,4,0
2025-07-02,687074,8,0,3,4.016491,8.0,5,0
2025-07-02,687330,3,2,0,0.051,3.0,1,0
2025-07-02,687765,21,5,0,9.669949077908663,21.0,16,6
2025-07-02,689147,5,2,1,2.103497,5.0,2,0
2025-07-02,689266,4,1,0,2.076,4.0,3,1
2025-07-02,690953,12,3,5,5.041485,12.0,4,0
2025-07-02,691251,10,4,0,2.764,10.0,6,0
2025-07-02,691799,7,2,2,2.143994,7.0,3,0
2025-07-02,694037,5,0,1,1.055497,5.0,4,0
2025-07-02,694361,4,2,0,0.862289,4.0,1,0
2025-07-02,694738,20,4,4,7.785368116959064,20.0,12,1
2025-07-02,694819,19,2,3,5.900529461538461,19.0,14,0
2025-07-02,694918,20,3,2,6.729635666666666,20.0,15,2
2025-07-02,695418,4,2,0,0.634,4.0,2,0
2025-07-02,695445,6,3,0,0.586,6.0,3,0
2025-07-02,701542,25,4,4,9.875713490196079,24.0,16,2
2025-07-02,702070,19,5,1,3.136497,19.0,13,0
2025-07-02,702352,4,2,0,1.167,4.0,2,0
2025-07-02,800311,18,6,3,5.830926897435898,18.0,9,1
2025-07-03,489446,3,2,0,0.064,3.0,1,0
2025-07-03,500779,21,3,0,7.396532142857143,21.0,18,2
2025-07-03,518489,1,0,0,0.007,1.0,1,0
2025-07-03,519141,4,2,1,1.494497,4.0,1,0
2025-07-03,519151,4,1,0,1.057,4.0,3,0
2025-07-03,592662,31,7,1,10.429146233119821,31.0,23,3
2025-07-03,592773,4,3,0,0.677,4.0,1,0
2025-07-03,595928,6,1,0,1.888,6.0,5,0
2025-07-03,596133,5,2,0,3.240153846153846,5.0,3,1
2025-07-03,605135,28,9,3,10.228355,28.0,15,1
2025-07-03,607179,9,0,0,4.077,9.0,9,1
2025-07-03,607536,26,2,2,8.576516875816994,26.0,22,2
2025-07-03,607625,27,7,2,6.258906337662338,27.0,18,2
2025-07-03,608032,7,2,0,3.184022727272727,7.0,5,1
2025-07-03,608650,22,3,2,8.831947033268102,22.0,17,2
2025-07-03,621242,3,2,0,0.118,3.0,1,0
2025-07-03,623167,3,1,0,0.362,3.0,2,0
2025-07-03,623437,4,1,0,1.929,4.0,3,0
2025-07-03,628452,4,3,0,0.229,4.0,1,0
2025-07-03,640448,3,1,0,0.183,3.0,2,0
2025-07-03,642528,5,2,0,1.059,5.0,3,0
2025-07-03,643338,6,1,2,1.213497,5.0,3,0
2025-07-03,643410,4,1,0,1.2970000000000002,4.0,3,0
2025-07-03,650644,23,4,2,6.395933393939393,23.0,17,1
2025-07-03,656186,4,0,0,1.1949999999999998,4.0,4,0
2025-07-03,656222,3,1,0,0.155,3.0,2,0
2025-07-03,656271,4,2,0,1.5736545454545456,4.0,2,1
2025-07-03,656457,7,2,0,2.626542372881356,7.0,5,1
2025-07-03,656464,6,1,0,2.188787878787879,6.0,5,1
2025-07-03,656546,4,0,0,3.0983392857142853,4.0,4,2
2025-07-03,656849,28,4,3,9.355883448275863,28.0,20,1
2025-07-03,656945,5,2,1,1.473786,5.0,1,0
2025-07-03,657376,15,1,2,7.083123788716044,15.0,12,2
2025-07-03,660825,3,2,0,0.009,3.0,1,0
2025-07-03,660853,5,1,1,2.475497,5.0,3,0
2025-07-03,661403,6,0,0,2.1972799999999997,6.0,6,1
2025-07-03,663423,3,0,0,0.37,3.0,3,0
2025-07-03,663623,24,4,3,7.804963222222223,24.0,17,1
2025-07-03,664199,3,1,0,0.432,3.0,2,0
2025-07-03,667755,26,7,2,7.059641869674186,26.0,17,2
2025-07-03,668674,2,1,0,1.1097192982456143,2.0,1,1
2025-07-03,668984,5,0,3,2.3994910000000003,5.0,2,0
2025-07-03,669160,26,9,1,7.872325846153846,26.0,16,1
2025-07-03,669371,6,1,0,3.255,6.0,5,0
2025-07-03,669622,3,0,0,0.704,3.0,3,0
2025-07-03,669724,6,1,0,0.7906153846153846,6.0,5,0
2025-07-03,671922,3,2,0,0.07,3.0,1,0
2025-07-03,672391,3,0,1,0.985497,3.0,2,0
2025-07-03,672578,9,1,1,4.357497,9.0,7,1
2025-07-03,672841,5,0,1,2.404497,5.0,4,0
2025-07-03,675848,6,0,0,1.0999999999999999,6.0,6,0
2025-07-03,676282,15,5,3,3.645491,15.0,7,0
2025-07-03,676534,3,1,0,0.737,3.0,2,0
2025-07-03,676684,2,1,0,0.668,2.0,1,0
2025-07-03,677865,1,1,0,0.0,1.0,0,0
2025-07-03,678020,7,1,0,2.387,7.0,6,0
2025-07-03,678606,1,0,0,0.097,1.0,1,0
2025-07-03,678692,3,1,0,0.199,3.0,2,0
2025-07-03,680735,7,3,0,1.353,7.0,4,0
2025-07-03,680755,5,1,0,2.2949393939393934,5.0,4,1
2025-07-03,680767,4,1,1,1.3554970000000002,4.0,2,0
2025-07-03,681870,5,2,0,0.563,5.0,3,0
2025-07-03,681892,4,0,0,1.179,4.0,4,0
2025-07-03,681982,3,1,0,0.359,3.0,2,0
2025-07-03,682842,5,2,1,1.649497,5.0,2,0
2025-07-03,683232,3,2,0,1.1037142857142856,3.0,1,1
2025-07-03,683769,6,2,0,1.064,6.0,4,0
2025-07-03,687888,23,3,0,5.402239,21.0,18,0
2025-07-03,688138,23,3,1,7.4328964285714285,23.0,17,1
2025-07-03,690544,4,0,0,2.146,4.0,4,0
2025-07-03,690925,10,0,2,4.824994929152149,9.0,8,2
2025-07-03,690990,26,5,2,6.365702333333333,25.0,18,1
2025-07-03,691587,21,7,1,3.5012227035647276,20.0,12,2
2025-07-03,693821,27,5,3,11.862661809095453,27.0,18,3
2025-07-03,694297,25,8,2,6.702458285714285,25.0,15,1
2025-07-03,695418,6,1,1,2.068786,6.0,3,0
2025-07-03,696147,4,2,0,1.024,4.0,2,0
2025-07-03,701581,23,7,1,7.230582106382979,23.0,15,2
2025-07-03,806188,3,1,0,1.8701999999999999,3.0,2,1
2025-07-04,434378,18,5,1,5.468786000000001,18.0,11,0
2025-07-04,445276,3,2,0,0.009,3.0,1,0
2025-07-04,450203,25,7,1,9.775120581767293,25.0,15,2
2025-07-04,455119,5,1,1,1.720497,5.0,3,0
2025-07-04,458677,1,0,0,0.105,1.0,1,0
2025-07-04,500743,5,0,2,2.040994,5.0,3,0
2025-07-04,542888,3,1,0,0.14300000000000002,3.0,2,0
2025-07-04,542932,8,0,3,4.686591,8.0,5,1
2025-07-04,543056,4,1,0,1.357,4.0,3,0
2025-07-04,543294,20,2,0,5.776861111111112,19.0,18,1
2025-07-04,552640,4,1,0,0.991,4.0,3,0
2025-07-04,571945,28,4,0,15.28916130952381,28.0,24,7
2025-07-04,571948,4,2,0,0.444,4.0,2,0
2025-07-04,572955,4,1,0,0.241,4.0,3,0
2025-07-04,573124,2,1,0,1.0065151515151516,2.0,1,1
2025-07-04,573186,23,4,1,7.886383222222222,23.0,17,3
2025-07-04,573204,1,1,0,0.0,1.0,0,0
2025-07-04,592094,3,1,1,0.804497,3.0,1,0
2025-07-04,592454,4,0,1,1.732497,4.0,3,0
2025-07-04,592779,5,0,2,2.769994,5.0,3,0
2025-07-04,593958,26,7,0,12.423555243455985,25.0,18,4
2025-07-04,594580,4,0,0,0.651,4.0,4,0
2025-07-04,595928,6,0,0,2.654390243902439,6.0,6,1
2025-07-04,596133,3,1,1,2.4826884893617023,3.0,1,1
2025-07-04,605130,4,1,0,2.086,4.0,3,1
2025-07-04,605177,4,0,0,1.7549354838709679,4.0,4,1
2025-07-04,605288,29,6,2,7.746836105263158,29.0,21,0
2025-07-04,605447,3,0,0,0.7,3.0,3,0
2025-07-04,605452,12,1,1,6.027461912280701,12.0,10,1
2025-07-04,607067,24,4,2,6.114094,24.0,18,1
2025-07-04,607455,9,0,1,4.725377952380953,9.0,8,1
2025-07-04,608337,29,7,3,8.447491,29.0,19,0
2025-07-04,621121,25,4,4,7.26825934502924,25.0,17,2
2025-07-04,621383,4,3,0,0.134,4.0,1,0
2025-07-04,622608,26,4,1,8.876286,25.0,19,0
2025-07-04,623211,4,3,1,0.691497,4.0,0,0
2025-07-04,641329,3,0,0,0.152,3.0,3,0
2025-07-04,641656,4,0,0,2.5959786706349206,4.0,4,3
2025-07-04,641755,6,3,2,1.594994,6.0,1,0
2025-07-04,641778,22,6,1,5.055719222222223,21.0,14,2
2025-07-04,641793,24,5,2,7.491200610464339,23.0,16,2
2025-07-04,641941,4,0,0,0.9349999999999999,4.0,4,0
2025-07-04,642016,4,3,1,0.691497,4.0,0,0
2025-07-04,642585,3,0,0,0.11399999999999999,3.0,3,0
2025-07-04,643338,4,1,0,1.591289,4.0,2,0
2025-07-04,645261,25,4,1,9.301418453567937,25.0,19,1
2025-07-04,647336,24,6,2,8.524211571428571,24.0,15,2
2025-07-04,656222,4,2,0,0.727289,4.0,1,0
2025-07-04,656271,3,1,0,0.181,3.0,2,0
2025-07-04,656730,5,1,1,1.8374970000000002,5.0,3,0
2025-07-04,657044,3,1,0,0.01,3.0,2,0
2025-07-04,657097,5,0,1,0.312,4.0,4,0
2025-07-04,657585,7,1,0,1.951,7.0,6,0
2025-07-04,657612,3,0,0,1.0150000000000001,3.0,3,1
2025-07-04,660825,5,3,1,1.422497,5.0,1,0
2025-07-04,663158,4,1,0,1.33,4.0,3,0
2025-07-04,663423,7,1,0,1.568,7.0,6,0
2025-07-04,663460,30,6,3,6.605491,30.0,21,0
2025-07-04,663485,1,1,0,0.0,1.0,0,0
2025-07-04,663559,21,4,0,9.323626068376068,21.0,17,5
2025-07-04,663562,14,3,3,6.765959487179487,14.0,7,2
2025-07-04,663574,6,1,1,2.7100424545454547,6.0,4,1
2025-07-04,663738,5,0,1,2.6024702105263158,5.0,3,1
2025-07-04,663765,4,0,0,0.804,4.0,4,0
2025-07-04,663795,18,5,0,6.241132370317853,18.0,13,3
2025-07-04,663893,4,2,2,0.691497,3.0,0,0
2025-07-04,663947,9,4,0,1.0030000000000001,9.0,5,0
2025-07-04,663969,5,4,0,0.538,5.0,1,0
2025-07-04,663978,20,5,0,4.3759999999999994,20.0,15,0
2025-07-04,664076,5,2,1,2.136075,5.0,0,0
2025-07-04,664123,3,1,0,1.0043636363636363,3.0,2,0
2025-07-04,666200,15,4,3,5.880768777777778,15.0,8,1
2025-07-04,667463,6,0,0,4.843302836752899,6.0,6,3
2025-07-04,669093,5,1,1,0.446,4.0,3,0
2025-07-04,669276,5,1,0,0.27999999999999997,5.0,4,0
2025-07-04,669622,4,1,1,0.9734970000000001,4.0,2,0
2025-07-04,669674,4,2,0,0.907,4.0,2,0
2025-07-04,669920,14,2,2,3.874994,14.0,10,0
2025-07-04,670036,7,1,1,2.075497,7.0,5,0
2025-07-04,670955,5,2,0,1.6179999999999999,5.0,3,0
2025-07-04,670970,4,1,1,1.010497,4.0,2,0
2025-07-04,671096,19,2,0,7.397052197802198,19.0,17,1
2025-07-04,672282,3,2,0,0.073,3.0,1,0
2025-07-04,674285,4,0,1,1.3367470000000001,4.0,3,0
2025-07-04,675848,1,1,0,0.0,1.0,0,0
2025-07-04,675911,26,6,1,8.57404352605459,26.0,19,1
2025-07-04,676254,3,2,0,0.169,3.0,1,0
2025-07-04,676263,8,2,2,2.537951545454545,7.0,4,0
2025-07-04,676395,5,2,1,1.5619999999999998,4.0,2,0
2025-07-04,676477,5,1,0,3.1149090909090913,5.0,4,1
2025-07-04,676508,18,3,0,10.839327363300713,18.0,15,6
2025-07-04,676661,3,1,0,1.038,3.0,2,0
2025-07-04,676664,23,6,2,4.971327333333333,23.0,15,0
2025-07-04,676684,6,1,1,1.734497,6.0,4,0
2025-07-04,676879,7,3,0,0.495,7.0,4,0
2025-07-04,677944,26,5,2,8.53725105128205,26.0,19,2
2025-07-04,677952,11,2,0,3.384,10.0,8,0
2025-07-04,677958,21,4,2,8.481811142385745,21.0,15,4
2025-07-04,678022,13,5,0,3.809727678571429,13.0,8,1
2025-07-04,680689,5,1,1,1.9044969999999999,5.0,3,0
2025-07-04,680704,4,1,0,2.357,4.0,3,1
2025-07-04,680951,3,2,0,0.231,3.0,1,0
2025-07-04,681190,25,1,3,10.964317130765787,25.0,21,3
2025-07-04,681810,8,1,2,3.954244,8.0,5,0
2025-07-04,681857,19,3,1,6.153392454545455,19.0,15,0
2025-07-04,682842,3,1,0,0.14600000000000002,3.0,2,0
2025-07-04,682990,24,4,2,7.795990918335902,24.0,18,3
2025-07-04,684320,6,1,1,1.897786,6.0,3,0
2025-07-04,686973,6,1,0,1.1402500000000002,6.0,5,1
2025-07-04,687330,3,1,0,2.2230679802955664,3.0,2,2
2025-07-04,687863,3,2,0,0.381,3.0,1,0
2025-07-04,688642,7,0,1,2.8906059743589743,7.0,6,1
2025-07-04,691799,4,2,0,0.8340000000000001,4.0,2,0
2025-07-04,693433,23,8,2,4.434994,23.0,13,0
2025-07-04,694335,3,1,0,0.925,3.0,2,0
2025-07-04,694350,7,2,1,2.172497,7.0,4,0
2025-07-04,696131,19,5,0,6.262411458333334,19.0,14,2
2025-07-04,696147,2,0,1,0.691497,1.0,1,0
2025-07-04,702795,10,1,1,3.4199225952380954,10.0,8,1
2025-07-04,806188,5,1,1,1.921497,5.0,3,0
2025-07-04,820862,3,0,0,0.645,3.0,3,0
2025-07-05,445276,3,3,0,0.0,3.0,0,0
2025-07-05,453286,19,4,3,6.0827800000000005,19.0,11,0
2025-07-05,455119,2,1,0,0.251,2.0,1,0
2025-07-05,518489,4,0,0,1.797,4.0,4,0
2025-07-05,519141,4,1,2,2.257994,4.0,1,0
2025-07-05,519151,3,1,0,0.613,3.0,2,0
2025-07-05,542888,1,0,0,0.052,1.0,1,0
2025-07-05,543056,3,1,0,1.053,3.0,2,0
2025-07-05,552640,3,0,0,1.0384545454545453,3.0,3,0
2025-07-05,571578,25,3,1,10.721132172413794,25.0,21,1
2025-07-05,571927,8,3,2,3.1145977735849053,8.0,3,1
2025-07-05,571946,3,1,0,0.046,3.0,2,0
2025-07-05,571948,5,1,0,1.5294137931034484,5.0,4,1
2025-07-05,573204,3,1,0,0.6366875,3.0,2,1
2025-07-05,592426,3,0,2,1.665994,3.0,1,0
2025-07-05,592454,4,1,1,0.7444970000000001,4.0,2,0
2025-07-05,592773,6,2,2,2.197994,6.0,2,0
2025-07-05,593423,22,2,0,5.63517316017316,22.0,20,2
2025-07-05,593974,4,1,0,0.69,4.0,3,0
2025-07-05,605447,4,0,0,1.054,4.0,4,0
2025-07-05,606160,6,1,1,1.648,5.0,4,0
2025-07-05,606965,2,0,0,0.9129999999999999,2.0,2,0
2025-07-05,607074,24,4,3,10.463005836721507,23.0,17,3
2025-07-05,607481,11,5,1,5.671786,11.0,4,2
2025-07-05,608379,21,4,4,7.505892384615384,21.0,12,0
2025-07-05,608566,29,2,1,12.783098014233993,29.0,26,3
2025-07-05,608718,5,2,0,2.238909090909091,5.0,3,1
2025-07-05,615698,18,6,1,4.100497,18.0,11,0
2025-07-05,621051,4,0,0,1.451,4.0,4,0
2025-07-05,621111,23,2,0,7.712048780487805,23.0,21,1
2025-07-05,621242,4,2,0,0.9440000000000001,4.0,2,0
2025-07-05,621381,4,1,0,0.695,4.0,3,0
2025-07-05,621383,3,0,0,0.6969090909090908,3.0,3,0
2025-07-05,622491,23,8,0,5.50245912975913,23.0,15,3
2025-07-05,622663,22,2,2,8.676274702702703,22.0,16,1
2025-07-05,623149,3,1,0,0.6788421052631578,3.0,2,0
2025-07-05,623167,15,2,0,5.592763157894737,15.0,13,2
2025-07-05,623352,5,2,0,0.562,5.0,3,0
2025-07-05,623474,9,1,3,4.770491,9.0,5,0
2025-07-05,624133,22,6,2,6.351389061728395,22.0,14,1
2025-07-05,628452,4,1,1,0.703497,4.0,2,0
2025-07-05,641329,4,3,1,0.691497,4.0,0,0
2025-07-05,641401,3,1,0,0.958,3.0,2,0
2025-07-05,641745,8,1,0,3.8070200617283945,8.0,7,2
2025-07-05,642152,5,0,0,0.795,5.0,5,0
2025-07-05,642397,4,1,0,1.6222889999999999,4.0,2,0
2025-07-05,642585,3,2,0,0.334,3.0,1,0
2025-07-05,642701,3,0,0,0.209,3.0,3,0
2025-07-05,643377,3,0,1,0.830497,3.0,2,0
2025-07-05,643511,3,0,0,0.892,3.0,3,0
2025-07-05,650556,4,1,1,2.2220145714285717,4.0,1,1
2025-07-05,656240,6,1,2,1.8779940000000002,6.0,3,0
2025-07-05,656464,4,1,0,0.541,4.0,3,0
2025-07-05,656794,6,2,0,1.9452889999999998,6.0,3,0
2025-07-05,656986,3,1,0,0.40900000000000003,3.0,2,0
2025-07-05,657277,28,6,3,10.145859262368262,28.0,19,4
2025-07-05,657514,6,1,0,0.685,6.0,5,0
2025-07-05,657571,6,0,1,3.461786,6.0,4,0
2025-07-05,657649,4,1,0,0.741,3.0,2,0
2025-07-05,660271,6,3,0,1.017,6.0,3,0
2025-07-05,660853,3,1,1,1.019497,3.0,1,0
2025-07-05,660896,3,1,0,0.514,3.0,2,0
2025-07-05,661395,10,3,2,2.9554970000000003,9.0,5,0
2025-07-05,662253,3,2,0,0.297,3.0,1,0
2025-07-05,663485,3,2,0,0.071,3.0,1,0
2025-07-05,663554,27,4,2,5.55534075,25.0,20,1
2025-07-05,663568,26,2,1,10.440231454545454,26.0,22,2
2025-07-05,663687,4,1,0,1.763,4.0,3,0
2025-07-05,663738,5,1,2,2.552994,5.0,2,0
2025-07-05,663773,5,1,1,1.226497,5.0,3,0
2025-07-05,663969,2,0,0,0.157,2.0,2,0
2025-07-05,663992,4,1,0,1.8433529411764704,4.0,3,1
2025-07-05,664076,3,0,1,1.117497,3.0,2,0
2025-07-05,664123,5,2,0,1.307,5.0,3,0
2025-07-05,664141,5,0,0,2.4366451612903224,5.0,5,1
2025-07-05,664199,5,0,0,1.711,5.0,5,0
2025-07-05,664285,28,7,2,7.749598204204204,28.0,19,2
2025-07-05,664854,3,1,0,0.047,3.0,2,0
2025-07-05,665152,22,3,1,9.223297,22.0,17,2
2025-07-05,665660,4,1,1,1.168497,4.0,2,0
2025-07-05,666157,24,8,2,7.834161372881357,24.0,14,2
2025-07-05,666171,9,2,2,1.489,7.0,5,0
2025-07-05,666374,4,1,1,0.958497,4.0,2,0
2025-07-05,666974,3,1,0,0.426,3.0,2,0
2025-07-05,668933,3,1,0,0.196,3.0,2,0
2025-07-05,668941,5,1,0,1.228,5.0,3,0
2025-07-05,669020,8,2,1,3.049497,8.0,5,1
2025-07-05,669084,6,2,0,1.569625,6.0,4,1
2025-07-05,669193,3,1,0,0.203,3.0,2,0
2025-07-05,669194,24,5,0,6.007,24.0,19,0
2025-07-05,669199,3,0,0,1.1377192982456144,3.0,3,1
2025-07-05,669461,23,4,4,8.25947411111111,23.0,15,1
2025-07-05,669674,5,0,0,2.6558640000000002,5.0,4,1
2025-07-05,669711,4,0,0,1.595,4.0,4,0
2025-07-05,670167,4,2,0,0.127,4.0,2,0
2025-07-05,670955,3,1,0,0.036000000000000004,3.0,2,0
2025-07-05,671106,21,5,2,6.142417076923077,21.0,14,1
2025-07-05,671131,3,0,0,0.081,3.0,3,0
2025-07-05,671737,24,5,1,7.193709121212121,24.0,18,1
2025-07-05,671922,3,2,0,0.7809565217391302,3.0,1,0
2025-07-05,672282,5,1,0,1.9148,5.0,4,0
2025-07-05,673513,3,0,1,0.7304970000000001,3.0,2,0
2025-07-05,673929,6,1,1,1.0554970000000001,6.0,4,0
2025-07-05,674285,4,1,0,0.8599999999999999,4.0,3,0
2025-07-05,674384,2,0,0,0.047,2.0,2,0
2025-07-05,676395,5,2,1,1.718497,5.0,2,0
2025-07-05,676428,3,1,0,0.683,3.0,2,0
2025-07-05,676534,5,2,0,1.266,5.0,3,0
2025-07-05,676755,4,3,0,0.174,4.0,1,0
2025-07-05,678226,6,4,1,0.703497,6.0,1,0
2025-07-05,678495,1,0,0,0.089,1.0,1,0
2025-07-05,678692,3,2,0,0.07,3.0,1,0
2025-07-05,680704,3,0,0,0.138,3.0,3,0
2025-07-05,680730,31,4,1,10.849088927114105,31.0,26,5
2025-07-05,680735,4,2,0,1.004,4.0,2,0
2025-07-05,680736,22,6,1,4.802680333333333,22.0,15,1
2025-07-05,680755,8,1,2,1.6934970000000003,7.0,5,0
2025-07-05,681006,6,2,0,0.892,6.0,4,0
2025-07-05,681347,22,6,4,4.851424333333333,21.0,12,1
2025-07-05,681517,4,0,0,2.5174358974358975,4.0,4,1
2025-07-05,681751,14,4,0,3.385238095238095,13.0,10,1
2025-07-05,682120,5,1,2,2.218283,5.0,1,0
2025-07-05,682144,6,2,2,3.8964744893617023,6.0,1,1
2025-07-05,682254,5,1,1,1.6971636666666665,5.0,3,0
2025-07-05,683232,3,0,0,1.9740000000000002,3.0,3,0
2025-07-05,685126,4,1,0,2.828,4.0,3,1
2025-07-05,686563,25,1,2,10.01964105882353,25.0,22,0
2025-07-05,686799,24,1,2,7.7221606666666665,24.0,21,1
2025-07-05,686993,7,0,1,1.8010000000000002,6.0,6,0
2025-07-05,687330,4,0,1,2.4137827142857144,4.0,3,1
2025-07-05,687863,3,2,0,0.008,3.0,1,0
2025-07-05,689147,4,0,0,0.74,4.0,4,0
2025-07-05,689266,10,1,0,1.7582857142857145,10.0,9,1
2025-07-05,694477,20,2,1,6.7386219999999994,19.0,16,2
2025-07-05,701519,20,1,0,9.721294529237284,20.0,19,4
2025-07-05,702352,3,2,0,0.351,3.0,1,0
2025-07-05,702795,3,1,0,0.671,3.0,2,0
2025-07-05,820862,6,0,1,1.2040000000000002,5.0,5,0
2025-07-06,458677,4,0,1,1.019497,4.0,3,0
2025-07-06,519326,3,1,0,0.35600000000000004,3.0,2,0
2025-07-06,542881,24,2,2,7.664098106419895,24.0,20,2
2025-07-06,543101,17,6,0,6.2699578076923075,17.0,9,2
2025-07-06,547179,24,7,1,5.603540859649123,24.0,16,1
2025-07-06,547184,5,1,1,1.8169706842105264,5.0,3,1
2025-07-06,547973,4,2,0,0.812,4.0,2,0
2025-07-06,554430,28,12,0,3.4732857142857143,28.0,16,1
2025-07-06,571510,19,9,1,3.44652825,19.0,9,1
2025-07-06,572955,6,1,1,1.229,5.0,4,0
2025-07-06,592094,4,1,0,0.389,4.0,3,0
2025-07-06,592332,27,9,3,8.550263727272727,27.0,15,1
2025-07-06,592426,4,1,0,0.46199999999999997,4.0,3,0
2025-07-06,592779,3,0,0,0.523,3.0,3,0
2025-07-06,594580,2,1,0,0.54,2.0,1,0
2025-07-06,596001,2,0,0,1.1106250000000002,2.0,2,1
2025-07-06,605130,6,3,1,1.760497,6.0,2,0
2025-07-06,605177,5,1,0,3.0921034482758625,5.0,4,1
2025-07-06,605540,20,8,0,4.089852941176471,20.0,12,3
2025-07-06,606965,7,2,0,0.703,7.0,5,0
2025-07-06,606996,11,2,0,1.226,11.0,9,0
2025-07-06,607200,10,0,4,5.449988,10.0,6,0
2025-07-06,607455,4,0,0,0.8858421052631579,4.0,4,0
2025-07-06,608032,4,0,0,1.3367889999999998,4.0,3,0
2025-07-06,608331,23,5,1,5.5886120869565215,23.0,16,0
2025-07-06,621114,6,3,1,1.321497,6.0,2,0
2025-07-06,622554,5,2,0,2.3009491525423726,5.0,3,1
2025-07-06,623211,6,2,1,1.4896636666666667,6.0,3,0
2025-07-06,623437,6,0,0,2.58148,5.0,6,0
2025-07-06,628452,3,2,0,0.098,3.0,1,0
2025-07-06,640448,1,0,0,0.009,1.0,1,0
2025-07-06,641401,3,2,0,0.334,3.0,1,0
2025-07-06,642100,3,3,0,0.0,3.0,0,0
2025-07-06,642152,1,1,0,0.0,1.0,0,0
2025-07-06,642207,3,2,0,0.247,3.0,1,0
2025-07-06,642397,1,1,0,0.0,1.0,0,0
2025-07-06,642528,5,0,0,1.808,5.0,5,0
2025-07-06,643377,7,1,0,1.7109999999999999,6.0,6,0
2025-07-06,643410,3,0,1,2.113786,3.0,1,0
2025-07-06,643511,3,0,0,0.386,3.0,3,0
2025-07-06,647315,9,0,0,4.641230769230769,9.0,9,2
2025-07-06,650556,4,3,0,0.928,4.0,1,0
2025-07-06,650893,1,0,0,0.005,1.0,1,0
2025-07-06,656186,3,0,0,1.222951219512195,3.0,3,1
2025-07-06,656222,3,0,0,1.127,3.0,3,0
2025-07-06,656271,2,0,0,0.32699999999999996,2.0,2,0
2025-07-06,656546,3,1,0,1.1560000000000001,3.0,2,0
2025-07-06,656550,23,5,3,7.117432941176471,23.0,14,1
2025-07-06,656641,16,1,3,5.611105111111112,15.0,12,1
2025-07-06,656730,3,2,0,0.065,3.0,1,0
2025-07-06,656794,1,1,0,0.0,1.0,0,0
2025-07-06,656876,8,2,0,2.6549491525423727,8.0,6,1
2025-07-06,656945,5,1,0,4.170617283950618,5.0,4,2
2025-07-06,656986,3,1,0,0.111,3.0,2,0
2025-07-06,657612,4,0,0,1.079,4.0,4,0
2025-07-06,657746,23,8,1,4.653068906354515,23.0,14,0
2025-07-06,661403,4,1,0,1.3982890000000001,4.0,2,0
2025-07-06,662253,3,1,0,0.524,3.0,2,0
2025-07-06,663158,3,2,0,0.076,3.0,1,0
2025-07-06,663399,11,2,0,4.589308959156785,11.0,9,2
2025-07-06,663574,5,1,0,2.670228070175438,5.0,4,1
2025-07-06,663855,5,1,1,2.242497,5.0,3,0
2025-07-06,663893,5,1,1,1.1364969999999999,5.0,3,0
2025-07-06,664126,6,1,0,1.1280000000000001,6.0,5,0
2025-07-06,665795,27,5,0,7.999600727272727,27.0,20,1
2025-07-06,666168,4,1,1,0.5910909090909091,3.0,2,0
2025-07-06,666808,6,0,2,2.291994,6.0,4,0
2025-07-06,666974,4,1,0,0.359,4.0,3,0
2025-07-06,667463,7,0,1,3.882497,7.0,6,0
2025-07-06,668674,4,2,0,0.13,4.0,2,0
2025-07-06,668909,22,8,3,4.658491,22.0,11,0
2025-07-06,668933,5,2,1,0.843497,5.0,2,0
2025-07-06,669093,3,2,0,0.0,3.0,1,0
2025-07-06,669276,3,1,0,0.217,3.0,2,0
2025-07-06,669371,4,1,0,0.05499999999999999,4.0,3,0
2025-07-06,669372,13,2,2,3.081760157894737,12.0,9,0
2025-07-06,669373,24,10,0,2.8968,24.0,14,0
2025-07-06,669387,10,3,0,2.6487575757575756,10.0,7,1
2025-07-06,669432,24,6,2,7.174333285714285,24.0,16,1
2025-07-06,669711,3,0,2,1.396994,3.0,1,0
2025-07-06,669923,24,9,0,5.553881578947369,24.0,15,2
2025-07-06,670329,7,2,0,1.6280000000000001,7.0,5,0
2025-07-06,670970,4,1,0,0.9780000000000001,4.0,3,0
2025-07-06,671212,19,7,1,3.5546146470588234,19.0,11,0
2025-07-06,671922,7,0,0,3.4356944444444446,7.0,7,1
2025-07-06,672578,3,0,0,0.958,2.0,2,0
2025-07-06,672841,3,0,0,1.295,3.0,3,0
2025-07-06,675848,6,2,0,0.091,6.0,4,0
2025-07-06,676477,4,1,0,1.077289,4.0,2,0
2025-07-06,676617,9,3,0,2.715289,9.0,5,0
2025-07-06,676979,26,7,2,6.368994,26.0,17,0
2025-07-06,678020,4,0,1,1.251497,4.0,3,0
2025-07-06,678024,13,2,2,3.6999940000000002,13.0,9,0
2025-07-06,678368,9,0,0,3.239,9.0,9,0
2025-07-06,678495,4,1,0,1.054,4.0,3,0
2025-07-06,678606,3,1,0,0.631,3.0,2,0
2025-07-06,679358,4,0,1,1.244497,4.0,3,0
2025-07-06,680767,4,1,1,0.7694970000000001,4.0,2,0
2025-07-06,681343,20,2,2,6.717940894736842,20.0,15,1
2025-07-06,681517,5,1,0,1.3367083333333336,5.0,4,1
2025-07-06,681870,3,1,2,1.382994,3.0,0,0
2025-07-06,681911,4,2,0,0.5740000000000001,4.0,2,0
2025-07-06,681982,3,0,0,0.933,3.0,3,0
2025-07-06,682052,20,8,1,6.091786,20.0,10,1
2025-07-06,682254,4,1,2,2.713903090909091,4.0,1,1
2025-07-06,682842,3,2,0,0.7258437499999998,3.0,1,1
2025-07-06,683004,18,5,2,7.235906846632711,18.0,11,2
2025-07-06,683769,5,1,0,0.9119999999999999,5.0,4,0
2025-07-06,686218,21,4,1,6.060497,21.0,16,0
2025-07-06,686826,17,2,2,5.01265816510319,17.0,13,1
2025-07-06,686973,3,0,0,1.0401935483870965,3.0,3,1
2025-07-06,687473,22,1,1,8.050396980721034,22.0,20,2
2025-07-06,687911,5,2,0,1.88,5.0,3,0
2025-07-06,688158,9,1,1,3.438497,9.0,7,0
2025-07-06,688642,6,1,1,2.8463230869565215,6.0,4,0
2025-07-06,690544,4,1,1,2.260497,4.0,2,0
2025-07-06,694037,2,0,0,0.102,2.0,2,0
2025-07-06,694335,13,2,0,3.9470338983050843,13.0,11,1
2025-07-06,694361,6,1,1,2.136786,5.0,2,0
2025-07-06,694973,20,10,0,5.248039,20.0,9,0
2025-07-06,695243,3,1,0,0.305,3.0,2,0
2025-07-06,695418,7,1,0,1.2777368421052633,7.0,6,0
2025-07-06,695445,7,1,1,1.167,6.0,5,0
2025-07-06,695505,20,7,4,5.854099111111111,19.0,8,0
2025-07-06,696136,12,2,0,1.9360000000000002,12.0,10,0
2025-07-06,702352,3,1,0,0.054,3.0,2,0
2025-07-06,801403,19,2,4,7.670630857142857,19.0,13,2
2025-07-06,806185,22,6,5,7.536972179487179,22.0,11,1
2025-07-06,829272,16,2,0,6.433323482758621,16.0,13,1
2025-07-07,445276,3,1,0,0.8400000000000001,3.0,2,0
2025-07-07,455119,7,1,1,1.919,6.0,5,0
2025-07-07,506433,18,5,3,4.61978,17.0,9,0
2025-07-07,542888,5,0,0,3.656159539473684,5.0,5,2
2025-07-07,571760,17,2,1,7.205750285714286,17.0,13,2
2025-07-07,571948,1,0,1,0.691497,1.0,0,0
2025-07-07,573124,5,2,0,1.487289,5.0,2,0
2025-07-07,579328,23,4,2,8.595126417582417,23.0,17,2
2025-07-07,593576,4,2,0,0.263,4.0,2,0
2025-07-07,593974,7,1,2,2.839994,6.0,4,0
2025-07-07,594798,22,5,2,6.840188444444444,22.0,15,1
2025-07-07,595345,6,0,1,2.070497,6.0,5,0
2025-07-07,596295,22,5,1,6.442078395348837,22.0,16,2
2025-07-07,607455,3,1,0,0.077,3.0,2,0
2025-07-07,608718,7,2,0,2.460055555555556,7.0,5,1
2025-07-07,621244,23,4,2,4.228283,23.0,16,0
2025-07-07,623149,3,1,0,0.045,3.0,2,0
2025-07-07,623474,5,2,0,0.99,5.0,3,0
2025-07-07,641302,9,2,0,1.803,9.0,7,0
2025-07-07,641755,6,1,0,2.547,6.0,5,0
2025-07-07,642152,3,0,0,0.782,3.0,3,0
2025-07-07,642547,23,7,1,3.818497,23.0,15,0
2025-07-07,642759,9,1,1,4.360743808510637,9.0,7,1
2025-07-07,643338,5,0,0,2.238778409090909,5.0,5,1
2025-07-07,643511,4,0,0,1.037,4.0,4,0
2025-07-07,650893,7,1,0,2.594641975308642,7.0,6,1
2025-07-07,650911,29,8,1,5.12389093939394,29.0,20,1
2025-07-07,656271,1,0,0,0.054,1.0,1,0
2025-07-07,656464,3,0,1,2.066406090909091,3.0,2,1
2025-07-07,657097,3,2,0,0.045,3.0,1,0
2025-07-07,657514,3,1,0,0.9572857142857144,3.0,2,1
2025-07-07,660896,5,2,1,0.9794970000000001,5.0,2,0
2025-07-07,661403,3,0,0,0.2,3.0,3,0
2025-07-07,663767,12,1,0,6.722312198067633,12.0,11,3
2025-07-07,663773,6,1,0,1.681,6.0,5,0
2025-07-07,663903,23,3,1,7.621786,23.0,18,0
2025-07-07,663947,3,0,0,1.066,3.0,3,0
2025-07-07,664192,4,1,0,1.248,3.0,3,0
2025-07-07,666661,4,1,2,1.391994,4.0,1,0
2025-07-07,666808,3,0,1,1.463497,3.0,2,0
2025-07-07,668678,24,9,1,7.409742521739131,24.0,13,0
2025-07-07,668834,3,1,0,0.487,3.0,2,0
2025-07-07,669020,6,2,0,3.602111111111111,6.0,4,2
2025-07-07,669199,10,3,0,3.0544444444444445,10.0,7,1
2025-07-07,669358,27,7,2,7.985059062388592,27.0,18,2
2025-07-07,669622,1,1,0,0.0,1.0,0,0
2025-07-07,669684,6,1,1,1.475497,6.0,4,0
2025-07-07,669724,4,1,0,1.302,4.0,3,0
2025-07-07,670036,6,0,1,2.805663666666667,6.0,5,1
2025-07-07,670280,1,1,0,0.0,1.0,0,0
2025-07-07,672282,3,0,0,1.5593333333333335,3.0,3,0
2025-07-07,672391,4,1,0,0.753,4.0,3,0
2025-07-07,672456,21,4,1,6.260172675675675,21.0,16,1
2025-07-07,673513,6,1,0,3.7599423076923078,6.0,5,1
2025-07-07,673820,10,1,1,4.354497,10.0,8,0
2025-07-07,674384,6,1,1,1.5774970000000001,5.0,3,0
2025-07-07,674444,4,0,1,0.893497,4.0,3,0
2025-07-07,676083,20,3,2,4.950994,20.0,15,0
2025-07-07,676254,3,1,0,0.47,3.0,2,0
2025-07-07,676263,7,2,0,0.419,7.0,5,0
2025-07-07,676440,19,3,1,5.34833570967742,19.0,15,2
2025-07-07,676467,25,2,1,8.070816444444445,23.0,22,2
2025-07-07,676477,1,1,0,0.0,1.0,0,0
2025-07-07,676661,2,1,0,0.275,2.0,1,0
2025-07-07,676684,4,1,1,1.1134970000000002,4.0,2,0
2025-07-07,676879,10,3,1,2.176786,10.0,5,0
2025-07-07,679775,8,0,1,2.8486709130434784,7.0,7,1
2025-07-07,680689,5,0,0,0.98,5.0,5,0
2025-07-07,680704,2,1,0,0.007,2.0,1,0
2025-07-07,680732,24,2,3,12.58249060043641,24.0,19,4
2025-07-07,680742,5,1,1,1.7994970000000001,5.0,3,0
2025-07-07,682989,5,2,1,1.6647859999999999,5.0,1,0
2025-07-07,683769,3,0,0,0.47,3.0,3,0
2025-07-07,685126,7,0,2,2.026994,6.0,5,0
2025-07-07,689147,5,0,0,2.197578,5.0,3,0
2025-07-07,690916,22,6,1,4.859830333333333,22.0,15,0
2025-07-07,694361,7,1,2,2.807994,7.0,4,0
2025-07-07,694738,21,3,2,6.169216222222222,21.0,16,1
2025-07-07,696147,4,1,0,1.3980000000000001,4.0,3,0
2025-07-07,702070,25,7,1,7.151725070175439,25.0,17,1
2025-07-07,801434,9,3,1,3.369385888888889,9.0,5,1
2025-07-07,808967,9,0,2,4.8516485454545455,9.0,7,1
2025-07-08,445926,14,4,1,6.514922346320346,14.0,9,3
2025-07-08,477132,24,3,1,6.272786,24.0,19,0
2025-07-08,489446,5,2,1,1.6604970000000001,5.0,2,0
2025-07-08,518397,4,1,1,1.6955457804878047,4.0,2,1
2025-07-08,518876,23,4,0,6.685852941176471,22.0,18,1
2025-07-08,542932,3,0,0,1.195107142857143,3.0,3,0
2025-07-08,543056,4,1,1,2.010354142857143,4.0,2,1
2025-07-08,543135,23,6,0,5.387289,23.0,16,0
2025-07-08,543243,20,6,1,5.3524970000000005,20.0,13,0
2025-07-08,552640,3,1,0,0.4638,3.0,2,0
2025-07-08,571927,4,0,1,1.522497,3.0,2,0
2025-07-08,573204,4,1,0,0.861,4.0,3,0
2025-07-08,592094,4,0,0,1.0204444444444445,4.0,4,1
2025-07-08,592454,2,0,0,0.336,2.0,2,0
2025-07-08,592662,24,5,3,8.107592499999999,24.0,15,1
2025-07-08,592779,1,1,0,0.0,1.0,0,0
2025-07-08,592836,15,3,2,2.245994,15.0,10,0
2025-07-08,593576,4,1,1,0.7574970000000001,4.0,2,0
2025-07-08,595345,3,0,0,0.056,3.0,3,0
2025-07-08,595928,4,1,1,0.8584970000000001,4.0,2,0
2025-07-08,596001,4,2,0,0.6966666666666665,4.0,2,0
2025-07-08,601713,22,7,3,6.938843999999999,21.0,12,2
2025-07-08,605130,4,0,1,1.9994969999999999,4.0,3,0
2025-07-08,605135,21,1,1,5.664259684210526,21.0,18,2
2025-07-08,605177,3,0,0,0.7784545454545454,3.0,3,0
2025-07-08,605280,23,5,1,7.0463574285714285,23.0,16,0
2025-07-08,605447,6,0,0,3.1112371669915526,6.0,6,1
2025-07-08,605488,24,2,1,8.738830333333333,24.0,21,1
2025-07-08,607259,25,2,3,7.544491,25.0,20,0
2025-07-08,607536,23,6,2,7.930903090909091,23.0,15,0
2025-07-08,607625,22,5,1,8.642593666666667,22.0,16,4
2025-07-08,608032,4,0,0,0.8450000000000001,4.0,4,0
2025-07-08,621028,13,0,0,6.722746212121213,13.0,13,4
2025-07-08,621242,3,1,0,0.627,3.0,2,0
2025-07-08,621381,3,2,0,0.058,3.0,1,0
2025-07-08,621383,5,1,0,1.6572857142857143,5.0,4,0
2025-07-08,622554,4,2,1,0.7234970000000001,4.0,1,0
2025-07-08,623211,3,1,0,0.276,3.0,2,0
2025-07-08,623352,9,2,2,1.3864969999999999,7.0,5,0
2025-07-08,624431,10,0,0,4.677851298701299,10.0,10,2
2025-07-08,641329,4,0,0,4.681413711583924,4.0,4,2
2025-07-08,641540,6,3,0,0.32799999999999996,6.0,3,0
2025-07-08,641656,1,0,0,0.202,1.0,1,0
2025-07-08,642016,3,1,1,1.566497,3.0,1,0
2025-07-08,642397,3,0,1,0.9013571428571429,2.0,2,1
2025-07-08,642585,4,3,1,0.691497,4.0,0,0
2025-07-08,642701,6,1,0,2.6778529411764707,6.0,5,1
2025-07-08,643377,5,2,1,1.958777,5.0,2,1
2025-07-08,650644,22,0,2,10.376824723057945,22.0,20,5
2025-07-08,656186,5,1,0,1.67,4.0,3,0
2025-07-08,656234,6,0,1,3.8324830012172852,6.0,5,2
2025-07-08,656427,26,8,1,6.584354142857143,26.0,17,1
2025-07-08,656457,10,1,2,2.835951545454545,9.0,7,0
2025-07-08,656605,26,5,1,6.800211285714286,26.0,19,1
2025-07-08,656730,3,2,0,0.144,3.0,1,0
2025-07-08,657571,1,0,0,0.091,1.0,1,0
2025-07-08,657585,4,0,1,1.891497,4.0,3,0
2025-07-08,657612,4,0,0,1.408,4.0,4,0
2025-07-08,657649,3,0,0,0.131,3.0,3,0
2025-07-08,660853,5,1,0,0.276,5.0,4,0
2025-07-08,661403,3,1,0,0.5579999999999999,3.0,2,0
2025-07-08,663158,3,1,0,0.971,3.0,2,1
2025-07-08,663485,3,0,0,1.2299565217391302,3.0,3,0
2025-07-08,663623,26,3,4,9.434531823326433,25.0,18,2
2025-07-08,663897,3,1,0,0.8588124999999998,3.0,2,1
2025-07-08,663941,5,0,0,2.1168529411764707,5.0,5,1
2025-07-08,663947,3,0,0,0.43200000000000005,3.0,3,0
2025-07-08,663969,10,2,2,3.027244,10.0,6,0
2025-07-08,663992,3,0,0,1.3066223333333333,3.0,2,0
2025-07-08,664123,4,1,1,0.7824970000000001,4.0,2,0
2025-07-08,664129,5,1,1,4.118103060606061,5.0,3,2
2025-07-08,664208,3,0,0,1.5424414715719064,3.0,3,0
2025-07-08,664854,5,0,1,2.9810003259423503,5.0,4,1
2025-07-08,665660,3,0,0,1.113,3.0,3,0
2025-07-08,666168,4,1,0,0.727,4.0,3,0
2025-07-08,666214,4,1,0,1.372238095238095,4.0,3,1
2025-07-08,666974,6,1,1,1.1,4.0,4,0
2025-07-08,667755,19,4,5,6.881485,19.0,10,0
2025-07-08,668674,6,0,2,2.354994,6.0,4,0
2025-07-08,668941,4,2,0,1.1,4.0,2,0
2025-07-08,668984,8,2,0,4.583778125,8.0,6,2
2025-07-08,669093,5,3,1,1.413786,5.0,0,0
2025-07-08,669302,24,5,2,9.067547744655757,24.0,17,4
2025-07-08,670036,4,0,0,1.8780958904109597,4.0,4,1
2025-07-08,670955,5,1,1,1.7001220000000001,5.0,3,1
2025-07-08,670970,2,1,1,0.691497,2.0,0,0
2025-07-08,671922,6,2,2,1.461994,6.0,2,0
2025-07-08,672391,1,0,0,0.008,1.0,1,0
2025-07-08,672582,3,2,0,1.4175750000000005,3.0,1,1
2025-07-08,675848,3,0,0,1.911,3.0,3,0
2025-07-08,676254,1,0,0,0.223,1.0,1,0
2025-07-08,676282,20,7,3,7.010806789473684,20.0,10,1
2025-07-08,676661,4,1,0,1.3410666666666666,4.0,3,1
2025-07-08,676684,4,3,0,0.19,4.0,1,0
2025-07-08,676755,1,0,0,0.789,1.0,1,0
2025-07-08,677649,4,0,0,0.882,4.0,4,0
2025-07-08,678394,33,10,1,9.05492075975976,33.0,21,2
2025-07-08,679358,6,3,2,2.105283,6.0,0,0
2025-07-08,680573,19,4,3,4.4723439411764705,19.0,12,1
2025-07-08,680689,6,0,3,2.595491,6.0,3,0
2025-07-08,680735,5,1,0,1.275,5.0,4,0
2025-07-08,681006,7,2,1,2.087497,7.0,4,0
2025-07-08,681870,3,2,0,0.554,3.0,1,0
2025-07-08,681911,3,1,0,0.35900000000000004,3.0,2,0
2025-07-08,682842,3,1,0,0.201,3.0,2,0
2025-07-08,683769,7,1,1,3.166131146341464,7.0,5,1
2025-07-08,684007,23,1,0,7.850226848605267,23.0,22,2
2025-07-08,686228,6,2,0,1.8011794871794873,6.0,4,1
2025-07-08,686613,26,3,3,9.491149110426296,25.0,20,2
2025-07-08,686752,24,6,3,7.724088607843138,24.0,13,2
2025-07-08,686993,7,2,0,1.19,7.0,5,1
2025-07-08,687064,20,6,0,4.300680817610063,20.0,14,2
2025-07-08,687863,7,1,1,5.4383095,7.0,5,2
2025-07-08,688642,6,2,0,2.734,6.0,4,1
2025-07-08,691587,17,8,0,2.754777777777778,17.0,9,0
2025-07-08,691951,15,2,4,7.171556965517241,15.0,9,1
2025-07-08,692024,5,1,0,2.625486111111111,4.0,3,1
2025-07-08,694819,23,12,1,6.345719222222223,23.0,10,2
2025-07-08,701542,23,4,2,5.073994,22.0,16,0
2025-07-08,702352,6,0,0,2.8731333333333327,6.0,6,1
2025-07-08,800311,11,2,2,5.196298789473684,11.0,6,2
2025-07-08,806188,3,1,0,0.48000000000000004,3.0,2,0
2025-07-09,434378,25,7,0,6.688589285714285,25.0,18,1
2025-07-09,445276,4,1,0,2.114568965517241,4.0,3,1
2025-07-09,455119,3,0,0,1.7786666666666666,3.0,3,0
2025-07-09,472610,3,2,0,0.083,3.0,1,0
2025-07-09,489446,2,0,0,1.1933500000000001,2.0,2,0
2025-07-09,500779,24,4,4,9.515153584415584,24.0,16,2
2025-07-09,518397,5,1,1,3.8553126370656376,5.0,3,2
2025-07-09,518489,4,1,0,0.401,4.0,3,0
2025-07-09,519141,5,1,0,1.9055521578947368,5.0,3,0
2025-07-09,519151,4,1,0,0.536,4.0,3,0
2025-07-09,542888,5,0,0,0.269,4.0,4,0
2025-07-09,543056,3,1,0,0.384,3.0,2,0
2025-07-09,543294,19,3,1,4.603812789473684,19.0,15,1
2025-07-09,573262,7,0,1,3.266737219512195,7.0,5,1
2025-07-09,592426,7,0,0,3.8228660714285723,7.0,7,2
2025-07-09,592779,3,1,0,0.159,3.0,2,0
2025-07-09,593974,5,3,1,1.566497,5.0,1,0
2025-07-09,596001,4,1,0,0.956,4.0,3,0
2025-07-09,596133,6,3,0,0.8222889999999999,6.0,2,0
2025-07-09,605288,26,2,2,9.076994000000001,26.0,22,0
2025-07-09,605452,4,0,0,1.583,4.0,4,0
2025-07-09,606160,4,1,0,0.675,4.0,3,0
2025-07-09,607192,20,5,3,6.095491,20.0,12,0
2025-07-09,608032,4,1,0,0.514,4.0,3,0
2025-07-09,608337,21,6,0,6.795731892697467,20.0,14,2
2025-07-09,608650,12,2,0,3.305,12.0,10,0
2025-07-09,621114,2,0,0,0.45599999999999996,2.0,2,0
2025-07-09,622608,23,3,1,12.320389448275861,23.0,18,3
2025-07-09,623149,3,1,0,0.298,3.0,2,0
2025-07-09,623474,3,1,0,0.56,3.0,2,0
2025-07-09,641401,1,1,0,0.0,1.0,0,0
2025-07-09,641755,4,1,0,1.609,4.0,3,0
2025-07-09,641778,17,7,1,4.1285282500000005,17.0,9,1
2025-07-09,641793,24,4,2,7.97895052173913,24.0,18,1
2025-07-09,641941,4,2,0,0.8055454545454543,4.0,2,1
2025-07-09,642207,3,2,0,0.029,3.0,1,0
2025-07-09,642528,6,2,0,1.3214117647058825,6.0,4,1
2025-07-09,645261,26,4,2,8.360572125000001,26.0,20,1
2025-07-09,656271,1,0,0,0.506,1.0,1,0
2025-07-09,656302,26,8,3,8.69639939041096,24.0,14,3
2025-07-09,656464,3,1,0,1.0,3.0,2,0
2025-07-09,656730,3,3,0,0.0,3.0,0,0
2025-07-09,656945,7,2,0,2.91,7.0,5,0
2025-07-09,656986,7,0,1,2.616497,6.0,6,0
2025-07-09,657097,3,0,0,0.838,3.0,3,0
2025-07-09,657649,3,2,0,0.37,3.0,1,0
2025-07-09,660896,3,1,0,0.28400000000000003,3.0,2,0
2025-07-09,661395,3,0,0,0.605,3.0,3,0
2025-07-09,663423,7,2,1,1.539497,7.0,4,0
2025-07-09,663460,24,6,2,7.231994,24.0,16,1
2025-07-09,663462,9,0,0,3.071,9.0,9,0
2025-07-09,663559,21,3,2,11.101369,21.0,16,3
2025-07-09,663574,1,0,0,0.054,1.0,1,0
2025-07-09,663687,10,1,3,4.250491,10.0,6,0
2025-07-09,663893,3,2,0,0.129,3.0,1,0
2025-07-09,663941,7,0,1,3.826065965517241,7.0,6,1
2025-07-09,664076,2,1,1,0.691497,2.0,0,0
2025-07-09,664126,4,1,0,1.021,4.0,3,0
2025-07-09,664192,4,1,0,0.768,4.0,3,0
2025-07-09,665660,3,0,0,1.1348421052631579,3.0,3,0
2025-07-09,666171,3,0,1,0.937497,3.0,2,0
2025-07-09,666200,24,7,1,3.808497,24.0,16,0
2025-07-09,667463,6,1,1,3.091497,5.0,3,1
2025-07-09,668674,3,1,0,0.615,3.0,2,0
2025-07-09,669020,5,0,1,2.078497,5.0,4,0
2025-07-09,669022,24,7,1,4.455497,23.0,15,0
2025-07-09,669276,1,1,0,0.0,1.0,0,0
2025-07-09,669371,6,1,1,3.097520026315789,6.0,4,2
2025-07-09,669438,3,0,0,0.286,3.0,3,0
2025-07-09,669467,27,1,1,9.031511184397164,27.0,25,2
2025-07-09,670167,5,1,0,0.769,4.0,3,0
2025-07-09,671096,30,5,2,8.685785666666666,30.0,23,0
2025-07-09,671131,3,1,0,0.9704137931034482,3.0,2,1
2025-07-09,672282,5,0,0,2.4320476206896555,5.0,4,1
2025-07-09,672841,8,0,0,2.173,7.0,7,0
2025-07-09,673929,4,2,0,1.212,4.0,2,0
2025-07-09,674384,10,1,1,3.3559288571428567,10.0,7,1
2025-07-09,676428,3,1,0,0.435,3.0,2,0
2025-07-09,676508,6,1,0,1.108289,6.0,4,0
2025-07-09,676755,6,1,1,4.155552702917772,6.0,4,1
2025-07-09,676879,4,1,2,1.689994,4.0,1,0
2025-07-09,677944,27,9,2,6.332994,27.0,16,0
2025-07-09,677952,10,3,0,3.479160287081339,10.0,7,1
2025-07-09,677958,21,2,1,8.856455333333333,21.0,18,4
2025-07-09,678020,5,0,1,4.311425571428572,5.0,4,2
2025-07-09,678226,3,1,0,0.506,3.0,2,0
2025-07-09,678368,12,1,1,4.135934499999999,12.0,10,1
2025-07-09,680755,6,1,0,2.1644040869565218,6.0,3,0
2025-07-09,681857,21,1,2,8.271736857142857,21.0,18,2
2025-07-09,681911,4,2,0,0.443,4.0,2,0
2025-07-09,681982,3,0,0,1.336,3.0,3,0
2025-07-09,682842,2,1,0,0.053,2.0,1,0
2025-07-09,683232,3,0,1,0.7504970000000001,3.0,2,0
2025-07-09,684320,5,2,0,0.593,5.0,3,0
2025-07-09,686751,4,1,1,0.7534970000000001,4.0,2,0
2025-07-09,686973,3,1,0,0.355,3.0,2,0
2025-07-09,687330,5,1,1,1.8354970000000002,5.0,3,0
2025-07-09,687765,28,3,1,12.660402391081872,28.0,24,6
2025-07-09,687888,20,7,0,3.5412307692307694,20.0,13,1
2025-07-09,687911,6,0,0,0.99,6.0,6,0
2025-07-09,688138,24,2,2,11.62935546911709,23.0,20,3
2025-07-09,690990,22,5,2,8.302305119815669,21.0,13,3
2025-07-09,691799,4,1,0,0.19799999999999998,4.0,3,0
2025-07-09,693645,21,7,2,5.673394,21.0,12,1
2025-07-09,693821,29,7,1,7.070497,29.0,21,0
2025-07-09,694297,28,4,0,7.529,28.0,24,2
2025-07-09,694335,4,0,0,0.632,4.0,4,0
2025-07-09,695445,6,0,0,4.42762134502924,6.0,6,3
2025-07-09,696147,4,0,0,1.305,4.0,4,0
2025-07-09,701581,21,3,2,7.092151894736842,21.0,16,2
2025-07-09,820862,3,0,0,0.37770000000000004,3.0,3,0
2025-07-10,450203,26,4,3,6.268929483870968,25.0,19,1
2025-07-10,547184,1,0,0,0.108,1.0,1,0
2025-07-10,547973,4,2,0,0.858,4.0,2,0
2025-07-10,552640,3,1,0,0.559,3.0,2,0
2025-07-10,571578,22,6,2,8.062963298245615,22.0,14,2
2025-07-10,571927,4,0,0,1.23,4.0,4,0
2025-07-10,571945,20,6,1,3.014497,19.0,12,0
2025-07-10,572955,2,1,0,0.564,2.0,1,0
2025-07-10,573186,23,3,2,8.292835666666667,23.0,18,1
2025-07-10,592094,6,0,1,1.268,5.0,5,0
2025-07-10,592773,7,0,4,4.633788,7.0,3,1
2025-07-10,593958,22,3,2,10.038045763497038,21.0,17,3
2025-07-10,594580,1,0,0,0.038,1.0,1,0
2025-07-10,605130,3,2,1,0.691497,3.0,0,0
2025-07-10,605177,3,0,0,0.36,3.0,3,0
2025-07-10,607067,25,5,2,7.238904792512943,25.0,18,2
2025-07-10,607481,3,1,1,0.586,2.0,1,0
2025-07-10,608334,24,5,3,7.29650019117647,24.0,16,2
2025-07-10,608372,25,2,3,8.422994,24.0,20,0
2025-07-10,615698,22,5,1,6.856242454545455,22.0,16,1
2025-07-10,621028,3,0,0,0.258,3.0,3,0
2025-07-10,621111,25,2,3,9.913387737408932,25.0,20,2
2025-07-10,622554,5,2,1,1.530497,5.0,2,0
2025-07-10,623437,8,1,0,2.141,7.0,6,0
2025-07-10,628452,3,1,0,0.189,3.0,2,0
2025-07-10,640448,3,1,0,0.601,3.0,2,0
2025-07-10,641329,7,1,2,3.382994,7.0,4,0
2025-07-10,641540,3,1,0,1.4492222222222224,3.0,2,1
2025-07-10,641656,3,2,0,0.5102500000000001,3.0,1,0
2025-07-10,641745,5,2,1,2.030497,5.0,2,0
2025-07-10,642100,4,0,2,0.8614970000000001,3.0,2,0
2025-07-10,642207,3,1,0,0.11900000000000001,3.0,2,0
2025-07-10,642397,3,1,0,0.8916875,3.0,2,1
2025-07-10,642585,3,0,0,1.047,3.0,3,0
2025-07-10,647336,18,4,2,5.098216222222223,18.0,12,2
2025-07-10,656641,13,6,1,3.251497,13.0,6,0
2025-07-10,656794,4,1,1,1.144497,4.0,2,0
2025-07-10,656849,24,6,0,6.390142857142857,24.0,18,2
2025-07-10,662253,7,0,1,4.494755064516129,7.0,6,1
2025-07-10,663158,3,1,0,0.124,3.0,2,0
2025-07-10,663399,15,2,1,7.7737820919010545,15.0,12,4
2025-07-10,663574,3,0,1,0.904497,3.0,2,0
2025-07-10,663765,15,2,2,5.3896281463414635,14.0,11,1
2025-07-10,663795,12,3,1,4.596330333333333,12.0,8,2
2025-07-10,663978,27,2,1,9.433153046689629,27.0,24,2
2025-07-10,663992,4,0,1,1.886497,4.0,3,0
2025-07-10,664141,3,1,0,0.131,3.0,2,0
2025-07-10,664948,7,3,0,2.518166106756252,7.0,4,2
2025-07-10,664991,7,4,0,0.706,7.0,3,0
2025-07-10,666157,21,4,0,4.353,21.0,17,0
2025-07-10,666168,6,0,1,2.591663666666667,6.0,5,1
2025-07-10,666374,3,1,0,1.8114374999999996,3.0,2,1
2025-07-10,666661,4,1,1,1.384497,4.0,2,0
2025-07-10,668933,5,0,2,2.7669940000000004,5.0,3,0
2025-07-10,669093,4,1,0,0.378,4.0,3,0
2025-07-10,669276,3,1,0,1.564888888888889,3.0,2,0
2025-07-10,669372,6,2,0,1.0468437499999999,6.0,4,1
2025-07-10,669438,3,0,0,1.0205,3.0,3,0
2025-07-10,669684,4,0,0,0.983,4.0,4,0
2025-07-10,670329,8,1,0,0.562,8.0,7,0
2025-07-10,670970,6,2,1,1.290497,6.0,3,0
2025-07-10,671131,7,3,0,2.025472222222222,7.0,4,1
2025-07-10,671737,23,5,3,5.95833475,23.0,15,1
2025-07-10,675911,27,11,3,8.291427170212765,27.0,13,2
2025-07-10,676477,3,2,0,0.251,3.0,1,0
2025-07-10,676534,5,0,1,1.469497,5.0,4,0
2025-07-10,676664,19,6,0,2.6550000000000002,19.0,13,0
2025-07-10,678226,3,1,0,0.5940000000000001,3.0,2,0
2025-07-10,678692,3,3,0,0.0,3.0,0,0
2025-07-10,681006,5,2,1,1.088497,5.0,2,0
2025-07-10,681190,21,1,4,7.327637953405018,20.0,16,1
2025-07-10,681517,9,1,2,2.883994,9.0,6,0
2025-07-10,681810,1,0,0,0.005,1.0,1,0
2025-07-10,686799,18,3,3,6.562491,18.0,12,0
2025-07-10,686993,6,2,0,0.8965,6.0,4,0
2025-07-10,690925,10,1,2,3.8109301702127665,10.0,7,1
2025-07-10,693433,25,5,2,5.695160666666667,25.0,18,1
2025-07-10,694037,3,2,0,0.405,3.0,1,0
2025-07-10,695243,3,1,0,0.196,3.0,2,0
2025-07-11,445276,3,0,0,1.9390384615384615,3.0,3,0
2025-07-11,453286,24,8,1,7.177214479674797,24.0,15,3
2025-07-11,455119,4,2,0,1.091,4.0,2,0
2025-07-11,458677,5,1,1,1.377497,4.0,2,0
2025-07-11,472610,4,1,0,2.3131,4.0,3,1
2025-07-11,542881,25,3,2,8.943882888888888,25.0,20,2
2025-07-11,542888,2,1,0,0.121,2.0,1,0
2025-07-11,543056,3,1,0,0.897,3.0,2,0
2025-07-11,543101,13,2,2,2.836497,12.0,9,1
2025-07-11,552640,5,1,0,0.8362500000000002,5.0,4,0
2025-07-11,571948,4,0,0,1.574,4.0,4,0
2025-07-11,572955,3,0,1,1.655284878787879,3.0,2,1
2025-07-11,573204,5,1,0,1.4791428571428573,5.0,4,1
2025-07-11,592094,6,0,1,2.042497,5.0,4,0
2025-07-11,592779,1,0,0,0.029,1.0,1,0
2025-07-11,595345,3,1,0,0.225,3.0,2,0
2025-07-11,605130,3,3,0,0.0,3.0,0,0
2025-07-11,606160,4,0,0,0.696,4.0,4,0
2025-07-11,606965,3,0,0,0.262,3.0,3,0
2025-07-11,607074,29,8,1,7.408406090909091,29.0,20,0
2025-07-11,607455,4,0,1,1.5241532500000001,4.0,3,1
2025-07-11,608032,5,2,1,0.68,4.0,2,1
2025-07-11,608379,20,5,3,5.9443035,19.0,12,1
2025-07-11,608566,25,8,3,6.825398761904762,24.0,14,2
2025-07-11,608665,6,1,2,2.651994,6.0,3,0
2025-07-11,621121,17,5,2,7.087204568627452,17.0,9,2
2025-07-11,621383,1,0,0,0.431,1.0,1,0
2025-07-11,622491,22,6,2,5.538949666666666,22.0,13,0
2025-07-11,622663,24,8,2,6.858783,24.0,13,0
2025-07-11,623149,5,0,2,1.8539940000000001,5.0,3,0
2025-07-11,623167,18,2,3,6.001001101010101,18.0,13,1
2025-07-11,623211,6,0,0,4.299,6.0,6,2
2025-07-11,624133,28,5,3,10.323862428571429,28.0,20,3
2025-07-11,628452,3,1,0,0.555,3.0,2,0
2025-07-11,641302,12,3,0,3.21388,11.0,8,1
2025-07-11,642100,3,0,0,1.9331794871794874,3.0,3,1
2025-07-11,642152,4,0,0,1.484,4.0,4,0
2025-07-11,643377,3,1,0,0.199,3.0,2,0
2025-07-11,643511,4,0,0,0.9279999999999999,4.0,4,0
2025-07-11,656186,7,0,1,2.117497,6.0,6,0
2025-07-11,656234,6,1,1,1.721,5.0,4,0
2025-07-11,656271,3,0,0,1.294,3.0,3,0
2025-07-11,656457,1,0,0,0.355,1.0,1,0
2025-07-11,656546,7,2,1,3.157971999999999,7.0,4,1
2025-07-11,656550,20,1,2,7.348994,18.0,16,0
2025-07-11,656876,10,1,1,3.656497,10.0,8,0
2025-07-11,657277,24,6,1,9.90998817622824,24.0,16,5
2025-07-11,657514,9,2,1,1.750497,8.0,5,0
2025-07-11,657585,3,1,0,0.181,3.0,2,0
2025-07-11,657746,22,5,2,5.35865025,22.0,15,1
2025-07-11,660825,7,2,1,1.9264414444444444,7.0,4,1
2025-07-11,660853,7,1,0,0.491,7.0,6,0
2025-07-11,660896,8,0,1,3.227112384615385,8.0,7,0
2025-07-11,661395,4,2,0,0.625,4.0,2,0
2025-07-11,661403,4,0,0,0.553,4.0,4,0
2025-07-11,663158,3,1,0,0.461,3.0,2,0
2025-07-11,663465,6,0,2,0.302,2.0,4,0
2025-07-11,663574,6,3,1,1.8194970000000001,6.0,2,0
2025-07-11,663671,4,3,0,0.024,4.0,1,0
2025-07-11,663855,3,1,0,0.537,3.0,2,0
2025-07-11,663893,3,3,0,0.0,3.0,0,0
2025-07-11,663947,5,1,0,1.2674444444444446,5.0,4,1
2025-07-11,663969,7,0,1,2.4897470000000004,7.0,6,0
2025-07-11,664076,2,2,0,0.0,2.0,0,0
2025-07-11,664123,4,1,0,0.949,4.0,3,0
2025-07-11,664126,3,0,1,1.902997,3.0,2,1
2025-07-11,664199,7,1,1,4.997718148684917,7.0,5,3
2025-07-11,664208,1,0,0,0.0,1.0,1,0
2025-07-11,665152,25,7,1,5.177639857142857,25.0,17,1
2025-07-11,665795,20,6,0,7.018268817204301,20.0,14,1
2025-07-11,666808,4,0,1,1.552497,4.0,3,0
2025-07-11,666974,3,1,0,0.151,3.0,2,0
2025-07-11,668670,3,0,0,1.168289,3.0,2,0
2025-07-11,668909,24,5,5,10.941043823529412,24.0,14,2
2025-07-11,668941,4,2,0,0.786,4.0,2,1
2025-07-11,669084,13,2,2,4.490994000000001,13.0,9,0
2025-07-11,669093,3,1,0,0.29,3.0,2,0
2025-07-11,669160,22,4,4,8.182233149911816,22.0,14,3
2025-07-11,669194,22,1,4,10.417071710407239,22.0,17,3
2025-07-11,669199,4,2,0,0.736,4.0,2,0
2025-07-11,669371,2,0,0,0.732289,2.0,1,0
2025-07-11,669373,21,5,2,7.966283,21.0,13,1
2025-07-11,669387,10,4,0,2.371,10.0,6,0
2025-07-11,669461,18,0,1,10.048097,17.0,17,3
2025-07-11,669684,3,1,0,0.20800000000000002,3.0,2,0
2025-07-11,669711,4,1,0,0.16899999999999998,3.0,2,0
2025-07-11,669724,6,0,0,1.123,6.0,6,0
2025-07-11,670036,1,0,0,0.057,1.0,1,0
2025-07-11,670970,3,2,0,0.172,3.0,1,0
2025-07-11,671106,20,5,2,6.3407628172043005,20.0,13,2
2025-07-11,671212,16,1,2,3.8446815,16.0,13,1
2025-07-11,671922,3,0,0,0.466,3.0,3,0
2025-07-11,672282,5,1,0,1.7215409836065578,5.0,4,1
2025-07-11,672391,4,2,0,1.1800000000000002,4.0,2,0
2025-07-11,672578,4,0,1,1.778497,4.0,3,0
2025-07-11,672582,5,3,1,1.101497,5.0,1,0
2025-07-11,673513,2,0,1,0.9994970000000001,2.0,1,0
2025-07-11,673540,18,4,2,5.031994,18.0,12,1
2025-07-11,673929,5,0,1,1.770497,5.0,4,0
2025-07-11,674370,16,2,1,5.449519031674208,16.0,12,0
2025-07-11,674444,5,1,2,1.688994,5.0,2,0
2025-07-11,675848,4,1,0,1.078289,4.0,2,0
2025-07-11,676263,4,1,0,0.09200000000000001,3.0,3,0
2025-07-11,676395,3,1,0,0.209,3.0,2,0
2025-07-11,676428,6,1,2,3.287600557377049,6.0,3,1
2025-07-11,676617,9,4,1,1.333497,9.0,4,0
2025-07-11,676661,4,0,0,2.2481794871794873,4.0,4,1
2025-07-11,678022,5,1,1,2.702786,5.0,2,0
2025-07-11,678024,12,2,3,3.72878,12.0,6,0
2025-07-11,678495,8,0,0,1.531,8.0,8,0
2025-07-11,678606,3,0,0,0.97,3.0,3,0
2025-07-11,679775,4,0,0,1.794289,4.0,3,0
2025-07-11,680689,3,0,0,0.45499999999999996,3.0,3,0
2025-07-11,680730,25,0,3,10.504169698752227,25.0,22,2
2025-07-11,680735,4,0,1,0.9814970000000001,4.0,3,0
2025-07-11,680755,3,0,0,1.5964444444444443,3.0,3,0
2025-07-11,680767,5,3,1,0.436,4.0,1,0
2025-07-11,681343,11,5,0,3.44996586059744,11.0,6,1
2025-07-11,681870,6,1,2,1.926994,6.0,3,0
2025-07-11,682990,24,5,2,6.520088076655052,24.0,17,2
2025-07-11,683004,24,6,4,8.281303789473684,24.0,14,1
2025-07-11,683769,4,1,1,0.937497,4.0,2,0
2025-07-11,684320,2,2,0,0.0,2.0,0,0
2025-07-11,685126,3,1,0,0.10500000000000001,3.0,2,0
2025-07-11,686228,5,2,1,1.536786,5.0,1,0
2025-07-11,686563,22,5,3,7.9059151138211385,21.0,13,2
2025-07-11,686642,3,1,0,0.397,3.0,2,0
2025-07-11,686701,19,7,2,8.031686857142857,19.0,10,2
2025-07-11,686973,3,0,0,1.881446808510638,3.0,3,1
2025-07-11,687330,5,0,0,0.6429999999999999,5.0,5,0
2025-07-11,687473,19,4,2,6.407744000000001,19.0,13,1
2025-07-11,690928,8,2,1,1.6444969999999999,8.0,5,0
2025-07-11,691799,6,2,0,0.547,6.0,4,0
2025-07-11,692024,8,1,0,1.53,8.0,7,0
2025-07-11,694335,8,3,0,1.3044117647058826,8.0,5,1
2025-07-11,694361,4,2,1,0.9794970000000001,4.0,1,0
2025-07-11,694973,20,6,0,3.900540983606558,20.0,14,1
2025-07-11,695418,3,2,0,0.062,3.0,1,0
2025-07-11,695505,25,10,3,6.004891000000001,25.0,12,1
2025-07-11,696136,20,4,1,7.304269727272727,20.0,15,1
2025-07-11,806188,6,0,1,1.5884969999999998,6.0,5,0
2025-07-11,820862,3,2,0,0.021,3.0,1,0
2025-07-12,455119,4,0,0,0.9969999999999999,4.0,4,0
2025-07-12,506433,22,2,3,7.015802727272727,22.0,16,1
2025-07-12,547184,4,0,1,1.819197,4.0,3,1
2025-07-12,554430,26,6,1,9.383745595959596,26.0,18,3
2025-07-12,571510,27,6,0,8.630048648648648,27.0,21,4
2025-07-12,571760,10,0,1,6.772097,10.0,9,3
2025-07-12,571948,2,0,0,1.1789999999999998,2.0,2,0
2025-07-12,579328,24,5,1,9.851138975308642,24.0,18,3
2025-07-12,592332,23,2,2,8.116016727272727,23.0,17,1
2025-07-12,592426,3,1,1,0.789497,3.0,1,0
2025-07-12,592454,5,0,1,2.582497,5.0,4,0
2025-07-12,593423,19,5,0,6.134007246376812,19.0,14,1
2025-07-12,593974,4,0,1,2.4819515454545455,4.0,3,0
2025-07-12,594798,23,8,1,6.608752172413793,23.0,14,2
2025-07-12,605177,2,0,0,0.5551176470588235,2.0,2,0
2025-07-12,605447,2,1,0,0.106,2.0,1,0
2025-07-12,605540,18,10,0,4.90428947368421,18.0,8,1
2025-07-12,606160,4,1,0,1.8671833333333332,4.0,3,1
2025-07-12,606965,5,0,1,3.229741555555556,5.0,3,1
2025-07-12,607200,20,1,1,7.591259412177986,19.0,18,3
2025-07-12,607481,10,1,0,5.412792902542373,10.0,9,2
2025-07-12,608331,18,2,3,7.571199333333333,18.0,13,1
2025-07-12,608650,6,1,0,1.8699999999999999,6.0,5,0
2025-07-12,621051,7,2,1,2.455497,7.0,4,0
2025-07-12,621242,6,1,1,2.229497,6.0,4,0
2025-07-12,621381,3,2,0,0.393,3.0,1,0
2025-07-12,621383,3,1,0,1.625,3.0,2,0
2025-07-12,622554,5,0,0,2.015,5.0,5,1
2025-07-12,623352,5,2,0,0.721,5.0,3,0
2025-07-12,623437,8,3,0,2.5858,8.0,5,1
2025-07-12,623474,3,1,1,0.813497,3.0,1,0
2025-07-12,628452,3,1,0,0.149,3.0,2,0
2025-07-12,640448,6,0,2,1.878497,5.0,4,0
2025-07-12,641401,3,0,0,0.571,3.0,3,0
2025-07-12,641656,6,2,0,0.6519999999999999,6.0,4,0
2025-07-12,641745,4,0,0,2.7072105686274517,4.0,3,1
2025-07-12,641755,4,0,0,2.398310344827586,4.0,4,1
2025-07-12,641941,5,2,1,1.706497,5.0,2,0
2025-07-12,642048,3,1,0,0.439,3.0,2,0
2025-07-12,642397,2,0,0,1.073289,2.0,1,0
2025-07-12,642528,4,1,0,1.7532280701754384,4.0,3,1
2025-07-12,643338,4,1,0,0.188,4.0,3,0
2025-07-12,643511,4,0,0,0.892,4.0,4,0
2025-07-12,650556,4,2,0,1.2485806451612902,4.0,2,1
2025-07-12,650893,10,1,1,4.2288184285714285,10.0,8,0
2025-07-12,656240,7,0,0,2.5368529411764706,7.0,7,1
2025-07-12,656457,8,1,1,2.8964482195121954,7.0,6,1
2025-07-12,656794,2,2,0,0.0,2.0,0,0
2025-07-12,656945,3,2,0,0.007,3.0,1,0
2025-07-12,656986,7,3,0,1.697,7.0,4,0
2025-07-12,657097,4,1,0,1.604,4.0,3,0
2025-07-12,657585,3,0,0,0.371,3.0,3,0
2025-07-12,657612,3,0,0,0.436,3.0,3,0
2025-07-12,657649,5,2,1,1.736497,5.0,2,0
2025-07-12,660271,11,4,1,1.5774970000000001,11.0,6,0
2025-07-12,660825,6,1,2,3.203945219512195,6.0,3,1
2025-07-12,663423,8,2,0,2.13,8.0,6,0
2025-07-12,663485,6,0,0,0.872,6.0,6,0
2025-07-12,663554,16,4,1,6.6579735,16.0,10,2
2025-07-12,663773,4,0,0,0.856,4.0,4,0
2025-07-12,663903,25,9,1,5.093497,25.0,15,0
2025-07-12,664123,3,0,0,1.5940958904109594,3.0,3,1
2025-07-12,664141,4,0,1,2.0680424545454543,4.0,3,0
2025-07-12,664192,3,2,0,0.225,3.0,1,0
2025-07-12,664208,6,1,1,1.937497,6.0,4,0
2025-07-12,664285,24,10,0,4.402289,24.0,13,0
2025-07-12,664854,5,0,0,1.23,4.0,5,0
2025-07-12,664948,7,1,2,3.4148200869565217,7.0,4,0
2025-07-12,665660,7,4,1,1.619497,7.0,2,0
2025-07-12,666171,1,0,0,0.039,1.0,1,0
2025-07-12,666214,10,6,1,2.255951545454545,10.0,3,1
2025-07-12,666374,2,0,0,0.512,2.0,2,0
2025-07-12,666661,8,1,0,3.977,8.0,7,0
2025-07-12,667297,4,2,0,0.218,4.0,2,0
2025-07-12,668674,6,2,0,2.036657894736842,6.0,4,1
2025-07-12,668678,25,3,2,8.717094684261975,24.0,19,2
2025-07-12,668933,5,0,0,0.624,5.0,5,0
2025-07-12,668941,2,1,0,0.01,2.0,1,0
2025-07-12,669093,3,1,0,0.518,3.0,2,0
2025-07-12,669276,5,1,0,1.623,4.0,4,0
2025-07-12,669358,25,3,2,6.1782829999999995,24.0,18,0
2025-07-12,669432,24,8,2,5.146994,24.0,14,0
2025-07-12,669622,4,1,1,1.463497,4.0,2,0
2025-07-12,669674,3,2,1,0.691497,3.0,0,0
2025-07-12,669923,24,6,3,8.951468061617458,23.0,13,1
2025-07-12,670036,3,1,0,0.175,3.0,2,0
2025-07-12,670167,6,2,0,0.9610000000000001,6.0,4,0
2025-07-12,670280,4,0,0,1.943,4.0,4,0
2025-07-12,670955,6,4,1,1.0654970000000001,6.0,1,0
2025-07-12,670990,7,4,0,1.303,7.0,3,0
2025-07-12,671922,3,1,0,0.5672500000000001,3.0,2,0
2025-07-12,672282,3,1,0,1.037,3.0,2,0
2025-07-12,672456,15,2,1,7.049727769230769,15.0,12,2
2025-07-12,672578,4,2,1,0.7454970000000001,4.0,1,0
2025-07-12,672582,3,1,0,0.449,3.0,2,0
2025-07-12,673513,2,0,0,0.677,2.0,2,0
2025-07-12,673929,5,1,1,2.341663666666667,5.0,3,1
2025-07-12,674444,3,0,0,0.9434285714285714,3.0,3,1
2025-07-12,675848,3,0,0,1.007,3.0,3,0
2025-07-12,676083,26,2,0,6.708289,26.0,23,0
2025-07-12,676254,3,0,0,0.8202857142857142,3.0,3,0
2025-07-12,676395,5,1,2,1.907994,4.0,2,0
2025-07-12,676440,22,5,2,6.197160666666667,21.0,14,0
2025-07-12,676979,30,9,0,5.589,30.0,21,0
2025-07-12,677865,5,1,1,0.8109999999999999,4.0,3,0
2025-07-12,678226,6,2,3,2.249491,6.0,1,0
2025-07-12,678606,4,0,0,1.736,4.0,4,0
2025-07-12,678692,4,0,0,0.574,4.0,4,0
2025-07-12,680732,20,5,2,4.855032461538461,20.0,13,0
2025-07-12,680742,13,4,0,4.586454545454545,13.0,9,1
2025-07-12,680767,4,0,1,2.9436081111111108,4.0,3,1
2025-07-12,681347,13,1,3,7.369469743589743,13.0,8,2
2025-07-12,681870,4,4,0,0.0,4.0,0,0
2025-07-12,681911,2,0,0,0.9884062500000003,2.0,2,1
2025-07-12,681982,6,2,2,1.898994,6.0,2,0
2025-07-12,682052,21,5,2,4.779460666666667,21.0,14,1
2025-07-12,682842,7,0,0,2.1939701492537313,7.0,7,1
2025-07-12,683232,4,0,0,1.536,4.0,4,0
2025-07-12,685314,8,2,0,2.27365625,8.0,6,1
2025-07-12,686218,18,3,3,4.88326133492823,18.0,12,1
2025-07-12,687134,22,1,0,8.020652636363636,22.0,20,0
2025-07-12,687911,3,2,0,0.097,3.0,1,0
2025-07-12,688158,4,0,0,0.639,4.0,4,0
2025-07-12,694037,2,1,0,0.468,2.0,1,0
2025-07-12,694738,25,8,1,6.503122,25.0,16,1
2025-07-12,695243,4,2,1,0.691497,3.0,1,0
2025-07-12,695418,7,0,0,1.613,7.0,7,0
2025-07-12,695445,4,1,0,3.322,4.0,3,1
2025-07-12,696147,4,1,1,1.525497,4.0,2,0
2025-07-12,700669,5,3,0,0.478,5.0,2,0
2025-07-12,701519,16,3,1,5.332449153110048,16.0,12,2
2025-07-12,820862,4,1,2,1.5899940000000001,4.0,1,0
2025-07-12,829272,17,2,1,5.242786,16.0,12,0
2025-07-13,445926,13,1,1,4.004872,13.0,11,0
2025-07-13,458677,2,0,0,0.35000000000000003,2.0,2,0
2025-07-13,472610,3,2,0,0.237,3.0,1,0
2025-07-13,518876,19,6,4,5.302988,19.0,9,1
2025-07-13,519141,3,1,0,0.655,3.0,2,0
2025-07-13,542888,5,1,0,1.2626923076923078,5.0,4,0
2025-07-13,543135,27,8,1,5.434709121212121,27.0,18,1
2025-07-13,543243,12,5,0,4.104153846153846,12.0,7,1
2025-07-13,547973,3,3,0,0.0,3.0,0,0
2025-07-13,552640,3,0,0,0.864,3.0,3,0
2025-07-13,571927,8,2,0,1.7469999999999999,8.0,6,0
2025-07-13,592454,3,0,1,4.326717454545455,3.0,2,2
2025-07-13,592662,23,6,2,6.629822458498024,23.0,15,2
2025-07-13,592779,4,1,0,1.55,4.0,3,0
2025-07-13,593576,3,1,0,0.303,3.0,2,0
2025-07-13,593833,6,3,0,0.235,6.0,3,0
2025-07-13,593974,1,1,0,0.0,1.0,0,0
2025-07-13,595345,4,0,0,0.7750000000000001,4.0,4,0
2025-07-13,595928,8,2,1,2.4273581111111113,8.0,5,1
2025-07-13,596001,3,1,0,0.14200000000000002,3.0,2,0
2025-07-13,596133,6,1,0,1.541,6.0,5,0
2025-07-13,596295,21,3,2,6.8433598363320876,21.0,16,3
2025-07-13,601713,27,8,2,6.0767667272727275,27.0,17,1
2025-07-13,605130,4,1,1,1.9968199166666667,4.0,2,1
2025-07-13,605135,3,1,0,0.318,3.0,2,0
2025-07-13,605280,19,2,1,6.112628105263158,19.0,15,0
2025-07-13,605488,23,5,0,8.474466666666666,23.0,18,3
2025-07-13,607259,22,3,1,5.930497,21.0,17,0
2025-07-13,608032,5,0,0,1.7569361702127662,5.0,5,1
2025-07-13,608665,3,0,0,0.785,3.0,3,0
2025-07-13,621244,16,1,2,7.033475064829564,16.0,13,3
2025-07-13,621381,5,0,2,0.8654970000000001,3.0,3,0
2025-07-13,623474,8,1,0,1.428,8.0,7,0
2025-07-13,640455,15,7,0,3.317,15.0,8,0
2025-07-13,641656,3,2,0,0.9757727272727272,3.0,1,1
2025-07-13,641755,4,1,0,1.084289,4.0,2,0
2025-07-13,641941,3,1,0,0.31999999999999995,3.0,2,0
2025-07-13,642100,4,0,0,1.4788,4.0,4,0
2025-07-13,642207,3,2,0,0.0,3.0,1,0
2025-07-13,642547,25,7,1,3.7882338421052633,25.0,17,0
2025-07-13,642701,5,0,0,1.2084736842105264,5.0,5,1
2025-07-13,643377,3,1,0,0.40800000000000003,3.0,2,0
2025-07-13,650644,23,3,2,5.720717214285714,22.0,17,1
2025-07-13,650911,30,6,3,8.659685805194805,27.0,20,0
2025-07-13,656186,4,3,0,0.238,4.0,1,0
2025-07-13,656427,20,7,2,6.4054531642924974,20.0,11,3
2025-07-13,656464,5,1,1,2.420181210526316,5.0,3,1
2025-07-13,656605,22,3,0,6.249367946894263,22.0,19,2
2025-07-13,656794,3,2,0,0.005,3.0,1,0
2025-07-13,656945,6,0,1,3.0769831111111112,6.0,5,1
2025-07-13,657571,3,1,0,0.228,3.0,2,0
2025-07-13,657612,4,2,0,0.622,4.0,2,0
2025-07-13,657649,1,0,0,0.361,1.0,1,0
2025-07-13,661395,6,2,0,1.582,6.0,4,0
2025-07-13,661403,6,2,0,0.334,6.0,4,0
2025-07-13,662253,3,1,0,0.848,3.0,2,0
2025-07-13,663574,5,2,1,1.135497,5.0,2,0
2025-07-13,663623,21,5,1,4.726209076923077,21.0,14,1
2025-07-13,663893,5,2,1,0.08499999999999999,4.0,2,0
2025-07-13,663947,8,2,0,2.3073103448275862,8.0,6,1
2025-07-13,664192,3,0,0,0.847,3.0,3,0
2025-07-13,664854,5,1,1,1.047497,5.0,3,0
2025-07-13,664991,7,1,1,1.481497,7.0,5,0
2025-07-13,666168,4,1,1,1.526497,4.0,2,0
2025-07-13,666374,3,2,0,0.013,3.0,1,0
2025-07-13,666808,4,2,1,0.707497,4.0,1,0
2025-07-13,666974,8,1,1,3.169497,8.0,6,0
2025-07-13,667297,4,0,1,1.243497,4.0,3,0
2025-07-13,667755,25,3,3,7.180437894736842,24.0,18,1
2025-07-13,668674,4,1,1,1.202497,4.0,2,0
2025-07-13,668834,4,2,0,0.465,4.0,2,0
2025-07-13,668933,3,0,0,0.616,3.0,3,0
2025-07-13,668984,3,1,0,0.161,3.0,2,0
2025-07-13,669302,24,9,2,7.089257157894737,24.0,13,0
2025-07-13,669721,17,5,3,6.386166438596492,17.0,9,1
2025-07-13,669724,5,1,1,0.79,4.0,3,0
2025-07-13,670036,2,0,0,0.185,2.0,2,0
2025-07-13,670167,1,0,0,0.626,1.0,1,0
2025-07-13,670280,4,2,0,0.32399999999999995,4.0,2,0
2025-07-13,670970,3,1,0,1.0906486486486484,3.0,2,1
2025-07-13,671109,15,4,1,2.3892053333333334,14.0,10,1
2025-07-13,671131,5,1,0,3.212615502294748,5.0,4,2
2025-07-13,671922,6,1,1,1.4449999999999998,5.0,4,0
2025-07-13,672391,3,0,0,0.33599999999999997,3.0,3,0
2025-07-13,676254,3,2,0,0.487,3.0,1,0
2025-07-13,676263,3,0,1,1.120340909090909,2.0,2,1
2025-07-13,676282,23,6,0,6.29737205882353,23.0,17,2
2025-07-13,676467,5,1,1,2.282497,5.0,3,0
2025-07-13,676477,5,2,0,0.684,5.0,3,0
2025-07-13,676508,4,1,0,0.29100000000000004,4.0,3,0
2025-07-13,676534,5,3,0,2.5690999999999997,5.0,2,1
2025-07-13,676617,7,2,1,1.526497,7.0,4,0
2025-07-13,676684,6,0,3,2.333491,6.0,3,0
2025-07-13,677865,3,1,0,1.2154117647058824,3.0,2,1
2025-07-13,678394,26,5,0,7.165495349206349,26.0,20,1
2025-07-13,678495,3,1,0,0.23700000000000002,3.0,2,0
2025-07-13,680573,21,3,1,4.970100773584906,21.0,17,1
2025-07-13,680755,2,0,0,0.089,2.0,2,0
2025-07-13,681006,3,3,0,0.0,3.0,0,0
2025-07-13,681882,6,0,0,3.0300603448275862,6.0,6,2
2025-07-13,681911,3,3,0,0.0,3.0,0,0
2025-07-13,681982,3,0,0,0.877,3.0,3,0
2025-07-13,684007,22,6,1,3.4743499411764707,22.0,15,1
2025-07-13,684320,5,2,1,1.743497,5.0,2,0
2025-07-13,685126,4,1,0,1.198,4.0,3,0
2025-07-13,686613,22,8,2,5.729509151515152,22.0,12,1
2025-07-13,686752,25,3,1,8.935788288566243,25.0,21,3
2025-07-13,686973,4,1,1,1.132497,4.0,2,0
2025-07-13,686993,1,1,0,0.0,1.0,0,0
2025-07-13,687064,22,4,0,8.893413003697242,22.0,18,4
2025-07-13,688158,6,1,0,1.6061714285714286,6.0,5,1
2025-07-13,688642,5,1,0,1.338,5.0,4,0
2025-07-13,689147,4,0,1,1.988354142857143,4.0,3,0
2025-07-13,691251,6,1,2,2.189283,6.0,2,0
2025-07-13,691587,24,6,0,3.8899043846153845,22.0,15,0
2025-07-13,691799,8,2,1,2.113497,8.0,5,0
2025-07-13,693855,6,1,0,1.641,6.0,5,0
2025-07-13,694037,3,1,0,0.326,3.0,2,0
2025-07-13,695243,3,1,0,1.2320000000000002,3.0,2,0
2025-07-13,700669,8,3,0,1.325289,8.0,4,0
2025-07-13,701542,24,1,3,13.429110792344424,24.0,20,4
2025-07-13,702070,27,8,2,6.0624970000000005,26.0,17,0
2025-07-13,702352,7,1,1,1.484,6.0,5,0
2025-07-13,808967,26,7,2,5.443994,26.0,17,0
2025-07-18,434378,18,0,2,6.636283,18.0,15,0
2025-07-18,445276,3,0,0,1.0561714285714285,3.0,3,1
2025-07-18,450203,27,4,3,10.835388953216375,27.0,20,2
2025-07-18,455119,3,1,1,0.8594970000000001,3.0,1,0
2025-07-18,472610,2,0,0,0.05,1.0,2,0
2025-07-18,489446,4,0,0,1.902319191919192,4.0,4,1
2025-07-18,519141,1,0,0,0.243,1.0,1,0
2025-07-18,519151,4,0,0,1.561,4.0,4,0
2025-07-18,542888,4,0,1,1.148497,4.0,3,0
2025-07-18,571578,21,6,2,4.847994,21.0,13,0
2025-07-18,572955,4,2,0,1.1345714285714286,4.0,2,0
2025-07-18,573204,3,2,0,0.032,3.0,1,0
2025-07-18,592094,6,1,1,3.4426521724137933,6.0,4,1
2025-07-18,592454,6,0,1,2.739497,6.0,5,0
2025-07-18,593576,5,1,2,1.361497,4.0,2,0
2025-07-18,593974,3,0,0,1.5039512195121951,3.0,3,1
2025-07-18,594580,5,1,1,2.8806582903225806,5.0,3,1
2025-07-18,595345,3,0,1,1.458497,2.0,2,0
2025-07-18,595928,6,0,0,4.384675675675675,6.0,6,1
2025-07-18,605135,27,5,0,9.95512129380054,27.0,22,2
2025-07-18,605177,1,1,0,0.0,1.0,0,0
2025-07-18,605447,4,0,1,2.037385888888889,4.0,3,0
2025-07-18,605452,4,2,0,0.359,4.0,2,0
2025-07-18,607067,22,5,4,7.370988,22.0,13,0
2025-07-18,607192,23,6,1,3.661497,22.0,15,0
2025-07-18,607455,2,0,0,0.372,2.0,2,0
2025-07-18,607481,5,1,0,2.685,5.0,4,0
2025-07-18,607536,26,3,3,9.080491,26.0,20,2
2025-07-18,607625,26,5,0,10.24828415153395,26.0,21,4
2025-07-18,608032,3,0,0,1.8863181818181813,3.0,3,1
2025-07-18,608337,24,6,2,10.379427771929823,24.0,15,5
2025-07-18,621383,5,1,1,2.085497,5.0,3,1
2025-07-18,622491,25,7,2,4.827994,25.0,16,0
2025-07-18,623437,4,1,0,1.28,4.0,3,0
2025-07-18,628452,3,1,0,0.034999999999999996,3.0,2,0
2025-07-18,640448,6,0,1,2.894354142857143,5.0,5,1
2025-07-18,640455,16,6,2,4.160547150943397,16.0,7,1
2025-07-18,641302,4,1,1,1.426497,4.0,2,0
2025-07-18,641656,7,0,1,2.2735879090909092,7.0,6,0
2025-07-18,641745,3,1,0,0.461,3.0,2,0
2025-07-18,641941,3,0,0,0.724,3.0,3,0
2025-07-18,642016,4,2,0,0.9918,4.0,2,0
2025-07-18,642100,1,0,0,0.052,1.0,1,0
2025-07-18,642152,5,1,1,1.794497,5.0,3,0
2025-07-18,645261,26,2,2,9.985980111111111,25.0,21,3
2025-07-18,647336,20,3,2,5.735004989010989,19.0,14,0
2025-07-18,650893,6,1,0,1.488,6.0,5,1
2025-07-18,656186,4,1,1,1.359497,4.0,2,0
2025-07-18,656234,6,1,0,2.6872280701754385,6.0,5,1
2025-07-18,656271,5,2,0,1.0,5.0,3,0
2025-07-18,656302,19,10,0,2.2640000000000002,19.0,9,0
2025-07-18,656546,3,3,0,0.0,3.0,0,0
2025-07-18,656686,5,1,2,2.3545394545454545,5.0,2,1
2025-07-18,656730,3,0,0,0.38,3.0,3,0
2025-07-18,656986,4,1,0,1.8664,4.0,3,1
2025-07-18,657424,4,0,1,0.816497,4.0,3,0
2025-07-18,657514,4,0,0,2.3065906680805943,4.0,4,2
2025-07-18,657649,3,0,0,0.41200000000000003,3.0,3,0
2025-07-18,660825,3,0,0,0.652,3.0,3,0
2025-07-18,660896,4,1,1,1.0414970000000001,4.0,2,0
2025-07-18,661403,3,2,0,0.392,3.0,1,0
2025-07-18,663399,19,2,3,7.619113333333333,19.0,13,0
2025-07-18,663485,7,1,1,2.6432697272727275,7.0,5,1
2025-07-18,663559,18,2,1,7.967053625577812,18.0,15,2
2025-07-18,663687,7,2,0,0.5700000000000001,7.0,5,0
2025-07-18,663893,2,2,0,0.0,2.0,0,0
2025-07-18,663941,13,2,0,3.17,13.0,11,0
2025-07-18,663947,5,2,0,0.83435,4.0,3,0
2025-07-18,663978,24,5,2,10.19108490909091,24.0,17,3
2025-07-18,664123,7,0,0,2.418,7.0,7,0
2025-07-18,664141,10,4,1,1.8751123846153848,10.0,5,0
2025-07-18,664991,6,1,0,2.403423076923077,6.0,5,1
2025-07-18,665660,5,2,2,1.423994,5.0,1,0
2025-07-18,666157,26,7,1,7.5835789664903,26.0,18,4
2025-07-18,666168,3,0,1,1.244497,3.0,2,0
2025-07-18,666171,4,2,0,1.3221714285714286,4.0,2,1
2025-07-18,666200,22,7,2,10.53607425210084,22.0,13,3
2025-07-18,666374,5,1,1,1.090497,5.0,3,0
2025-07-18,667463,6,1,0,1.8719999999999999,6.0,5,0
2025-07-18,668674,5,2,1,1.1219999999999999,4.0,2,0
2025-07-18,668933,3,1,0,0.754,3.0,2,0
2025-07-18,669093,4,1,0,1.129289,4.0,2,0
2025-07-18,669199,5,1,0,0.605,5.0,4,0
2025-07-18,669276,3,1,1,1.264497,3.0,1,0
2025-07-18,669371,5,1,0,2.1604765,5.0,3,0
2025-07-18,669372,5,3,0,1.327,5.0,2,0
2025-07-18,669467,25,3,2,8.577702333333333,25.0,20,1
2025-07-18,669622,3,1,0,0.632,3.0,2,0
2025-07-18,669711,3,0,1,1.2994970000000001,3.0,2,0
2025-07-18,670329,13,2,2,4.6465368571428565,13.0,9,1
2025-07-18,670970,2,1,0,0.307,2.0,1,0
2025-07-18,670990,8,3,2,1.940994,8.0,3,0
2025-07-18,671109,15,0,3,7.1373119836065575,15.0,12,2
2025-07-18,671131,3,0,0,1.1293409090909092,3.0,3,1
2025-07-18,671212,7,2,1,1.201497,7.0,4,0
2025-07-18,671737,22,6,1,5.98684075,22.0,15,1
2025-07-18,672282,3,2,0,0.052,3.0,1,0
2025-07-18,672582,4,1,1,1.8134525555555558,3.0,2,1
2025-07-18,675911,22,8,3,6.83172225,22.0,11,2
2025-07-18,676395,4,2,0,0.758,4.0,2,0
2025-07-18,676534,4,2,0,1.507702702702703,4.0,2,1
2025-07-18,676661,1,0,0,0.328,1.0,1,0
2025-07-18,676664,21,5,2,6.5903106684471044,20.0,13,2
2025-07-18,676755,3,0,0,0.653,3.0,3,0
2025-07-18,677944,33,2,0,10.167969902027796,33.0,31,4
2025-07-18,677952,8,0,4,3.8369880000000003,8.0,4,0
2025-07-18,678020,4,2,0,0.292,4.0,2,0
2025-07-18,678606,3,1,0,0.476,3.0,2,0
2025-07-18,678692,4,1,1,1.2104970000000002,4.0,2,0
2025-07-18,680742,3,1,0,0.368,3.0,2,0
2025-07-18,680767,3,1,0,0.752,3.0,2,0
2025-07-18,681517,6,3,1,0.978497,6.0,2,0
2025-07-18,681857,18,6,1,3.8864970000000003,18.0,11,0
2025-07-18,681882,4,1,0,1.223833333333333,4.0,3,1
2025-07-18,682842,3,0,1,1.2774969999999999,3.0,2,0
2025-07-18,682990,20,10,0,3.9939999999999998,20.0,10,1
2025-07-18,684320,4,2,0,0.163,4.0,2,0
2025-07-18,685314,6,0,1,2.506497,6.0,5,0
2025-07-18,686563,26,2,0,7.74393253968254,25.0,23,1
2025-07-18,687330,5,0,0,2.392,5.0,5,0
2025-07-18,687888,21,7,1,5.946497,21.0,13,1
2025-07-18,692024,10,2,2,7.412685147153011,10.0,5,3
2025-07-18,694037,3,0,0,2.2565428571428567,3.0,3,1
2025-07-18,694297,26,6,0,9.402345849894292,25.0,19,3
2025-07-18,694361,4,1,0,2.2993636363636365,4.0,3,0
2025-07-18,695445,1,1,0,0.0,1.0,0,0
2025-07-18,696147,2,0,0,0.6030000000000001,2.0,2,0
2025-07-18,701519,4,2,0,0.9640000000000001,4.0,2,0
2025-07-18,820862,4,1,0,1.8966341463414635,4.0,3,1
2025-07-19,472610,4,0,1,1.1944970000000001,4.0,3,0
2025-07-19,506433,20,1,1,7.784398721664275,20.0,18,2
2025-07-19,518489,4,2,0,0.306,4.0,2,0
2025-07-19,543056,4,0,0,2.1180000000000003,4.0,4,0
2025-07-19,543243,21,5,0,11.17079797979798,21.0,15,5
2025-07-19,548384,3,2,0,0.60625,3.0,1,0
2025-07-19,571948,4,1,1,1.338497,4.0,2,0
2025-07-19,572955,4,1,0,0.8208,4.0,3,0
2025-07-19,573124,3,1,2,1.382994,3.0,0,0
2025-07-19,579328,22,8,3,6.0447576666666665,22.0,11,0
2025-07-19,592773,4,1,0,0.6819999999999999,4.0,3,0
2025-07-19,592779,4,1,0,1.231318181818181,4.0,3,1
2025-07-19,592836,20,4,1,9.146806942698541,20.0,15,3
2025-07-19,593576,2,0,0,0.865,1.0,2,0
2025-07-19,593833,5,0,0,1.5996545454545457,5.0,5,1
2025-07-19,593974,3,0,1,1.0494970000000001,3.0,2,0
2025-07-19,595345,4,3,0,0.486,4.0,1,0
2025-07-19,596133,6,2,1,0.930497,6.0,3,0
2025-07-19,605130,3,1,1,0.764497,3.0,1,0
2025-07-19,605280,24,3,2,8.200711571428572,24.0,18,1
2025-07-19,605288,22,5,1,7.420497,22.0,16,0
2025-07-19,606160,5,1,1,1.9202112857142857,5.0,3,1
2025-07-19,606965,3,1,0,0.786,3.0,2,0
2025-07-19,607259,23,5,2,7.810878615384615,23.0,16,1
2025-07-19,607455,3,2,0,0.542,3.0,1,0
2025-07-19,608334,5,0,1,2.638597,5.0,4,1
2025-07-19,608379,20,1,1,5.503497,20.0,18,0
2025-07-19,615698,19,3,0,4.491413793103448,18.0,15,1
2025-07-19,621051,5,1,0,1.5130000000000001,5.0,4,0
2025-07-19,621121,16,1,3,6.658129206349207,16.0,11,1
2025-07-19,621381,3,1,0,0.362,3.0,2,0
2025-07-19,621383,3,1,0,0.048999999999999995,3.0,2,0
2025-07-19,622554,5,0,2,2.724994,5.0,3,0
2025-07-19,622608,26,3,1,7.561983111111111,26.0,22,1
2025-07-19,622663,20,3,2,6.851486773109244,19.0,14,1
2025-07-19,623352,8,1,2,2.514994,7.0,5,0
2025-07-19,623437,6,1,0,2.96528,5.0,5,1
2025-07-19,628452,7,1,2,3.442492391705069,6.0,4,2
2025-07-19,640448,3,2,0,0.314,3.0,1,0
2025-07-19,641401,5,2,0,0.766,5.0,3,0
2025-07-19,641745,3,3,0,0.0,3.0,0,0
2025-07-19,641755,3,2,0,0.514,3.0,1,0
2025-07-19,641778,20,7,0,4.1882,20.0,13,1
2025-07-19,641793,24,3,0,7.009263736263736,24.0,21,1
2025-07-19,641941,5,1,1,1.813497,5.0,3,0
2025-07-19,642016,3,1,0,0.432,3.0,2,0
2025-07-19,642100,4,0,0,1.539,4.0,4,0
2025-07-19,642152,5,0,0,2.7996037735849053,5.0,5,1
2025-07-19,642207,5,2,1,1.195497,5.0,2,0
2025-07-19,642397,3,0,0,0.15,3.0,3,0
2025-07-19,642528,9,0,2,4.704283,9.0,6,0
2025-07-19,642547,23,4,3,7.826768777777778,23.0,16,2
2025-07-19,643338,4,0,0,2.707367816091954,4.0,4,1
2025-07-19,650556,5,2,0,1.597289,5.0,2,0
2025-07-19,656457,3,1,1,0.037,2.0,1,0
2025-07-19,656546,3,1,0,0.549,3.0,2,0
2025-07-19,656730,3,0,0,0.242,3.0,3,0
2025-07-19,656945,4,1,1,1.184497,4.0,2,0
2025-07-19,656986,4,1,1,1.150497,4.0,2,0
2025-07-19,657097,7,0,0,1.5632857142857144,7.0,7,1
2025-07-19,657277,29,1,1,9.672786,28.0,26,0
2025-07-19,657571,5,0,0,1.858,5.0,5,0
2025-07-19,657585,3,0,0,0.853,3.0,3,0
2025-07-19,657612,4,1,1,1.8609032500000002,4.0,2,1
2025-07-19,657649,5,1,0,3.21281934342853,5.0,4,2
2025-07-19,660825,3,2,0,0.349,3.0,1,0
2025-07-19,660853,4,0,1,2.998497,4.0,3,0
2025-07-19,662253,4,2,1,0.807497,4.0,1,0
2025-07-19,663423,3,1,0,0.052,3.0,2,0
2025-07-19,663465,8,2,0,2.987970149253731,8.0,6,1
2025-07-19,663574,3,3,0,0.0,3.0,0,0
2025-07-19,663671,6,0,0,2.908902777777778,6.0,6,1
2025-07-19,663765,9,3,0,1.3479999999999999,9.0,6,0
2025-07-19,663893,3,1,0,0.20700000000000002,3.0,2,0
2025-07-19,663969,3,0,1,1.145497,3.0,2,0
2025-07-19,664123,3,0,0,1.298,3.0,3,0
2025-07-19,664126,5,1,0,2.418181818181818,5.0,4,1
2025-07-19,664948,5,1,0,2.0792121212121213,5.0,4,1
2025-07-19,665152,26,6,3,5.661491,25.0,16,0
2025-07-19,666214,14,2,1,1.836,13.0,11,0
2025-07-19,666374,6,1,2,1.0534970000000001,4.0,3,0
2025-07-19,667463,5,1,0,0.6819999999999999,5.0,4,0
2025-07-19,668674,8,1,3,2.547432483870968,6.0,4,1
2025-07-19,668933,3,0,0,0.6859999999999999,3.0,3,0
2025-07-19,668984,3,3,0,0.0,3.0,0,0
2025-07-19,669194,23,4,1,6.895497,23.0,18,1
2025-07-19,669276,4,0,0,2.0440604395604396,4.0,4,2
2025-07-19,669387,15,2,1,5.213839105263158,14.0,12,1
2025-07-19,669622,3,1,0,0.455,3.0,2,0
2025-07-19,669684,12,1,0,6.605086932330828,12.0,10,3
2025-07-19,669724,2,0,0,0.335,2.0,2,0
2025-07-19,670036,2,1,0,0.062,2.0,1,0
2025-07-19,670167,6,1,1,1.998786,6.0,3,0
2025-07-19,670955,8,3,0,0.821,8.0,5,0
2025-07-19,671106,24,4,1,6.92028,23.0,19,2
2025-07-19,672456,20,5,3,7.5343035,20.0,12,1
2025-07-19,672578,3,1,0,0.051,3.0,2,0
2025-07-19,672841,8,0,0,3.621578,8.0,6,0
2025-07-19,673513,7,2,1,3.820065965517241,7.0,4,1
2025-07-19,673929,4,2,1,0.691497,4.0,1,0
2025-07-19,675848,4,1,2,2.105283,4.0,0,0
2025-07-19,676254,5,1,0,1.271,5.0,4,0
2025-07-19,676263,7,1,1,1.578497,7.0,5,0
2025-07-19,676428,7,3,1,1.3989515454545454,7.0,3,0
2025-07-19,676508,8,1,1,3.196497,8.0,6,0
2025-07-19,676755,5,1,1,2.879066,5.0,2,1
2025-07-19,676879,7,2,0,2.464,7.0,5,0
2025-07-19,677958,23,5,3,5.676317086956522,22.0,14,0
2025-07-19,678022,9,3,1,2.417497,9.0,5,0
2025-07-19,678394,25,4,1,8.89862918988219,25.0,20,2
2025-07-19,678495,4,1,0,0.561,4.0,3,0
2025-07-19,678606,4,1,0,0.592,3.0,3,0
2025-07-19,678692,6,1,2,3.362600557377049,6.0,3,1
2025-07-19,679775,3,0,0,0.978,3.0,3,0
2025-07-19,680730,24,4,1,7.216464222577437,24.0,19,3
2025-07-19,681347,20,6,2,5.376994,20.0,12,0
2025-07-19,682790,4,0,0,1.851,4.0,4,0
2025-07-19,683232,2,2,0,0.0,2.0,0,0
2025-07-19,684007,27,5,1,5.062719222222222,27.0,21,1
2025-07-19,685126,3,0,0,0.558,3.0,3,0
2025-07-19,686218,15,3,1,7.18239598989899,15.0,11,1
2025-07-19,686751,4,2,0,1.2107727272727273,4.0,2,1
2025-07-19,686993,4,1,1,0.774497,4.0,2,0
2025-07-19,687473,3,1,0,1.8409166666666665,3.0,2,1
2025-07-19,687911,3,0,0,0.552,3.0,3,0
2025-07-19,688138,21,5,3,8.415556972222221,21.0,13,3
2025-07-19,688158,1,0,0,0.11,1.0,1,0
2025-07-19,688642,5,1,1,1.7968127894736845,5.0,3,1
2025-07-19,689147,5,3,0,0.9199999999999999,5.0,2,0
2025-07-19,696147,4,1,1,2.215786,4.0,1,0
2025-07-19,700669,13,1,1,4.7456513846153845,13.0,10,0
2025-07-19,701542,18,5,3,6.904930024390244,18.0,10,2
2025-07-19,805673,21,6,1,7.5649623429226605,21.0,14,2
2025-07-19,820862,4,0,2,3.4547440000000003,4.0,2,1
2025-07-20,455119,5,1,0,1.142,5.0,4,0
2025-07-20,477132,21,2,1,8.353547904761905,21.0,17,1
2025-07-20,489446,3,1,0,0.157,3.0,2,0
2025-07-20,500779,23,5,0,9.40638162672811,23.0,17,4
2025-07-20,518876,24,5,4,7.101988,24.0,15,0
2025-07-20,519141,4,0,1,2.8618151818181814,4.0,3,1
2025-07-20,519151,5,2,1,2.656055823529412,5.0,2,1
2025-07-20,543101,12,4,0,2.875909090909091,12.0,8,0
2025-07-20,547184,3,0,0,0.523,3.0,3,0
2025-07-20,552640,4,1,0,0.7000000000000001,4.0,3,0
2025-07-20,571760,23,1,2,12.971405017963805,23.0,20,5
2025-07-20,571927,3,1,0,0.5780000000000001,3.0,2,0
2025-07-20,571945,19,3,2,6.4082078461538465,19.0,14,2
2025-07-20,571948,1,1,0,0.0,1.0,0,0
2025-07-20,573186,22,4,0,7.080079166666667,22.0,18,2
2025-07-20,573204,1,1,0,0.0,1.0,0,0
2025-07-20,592426,6,1,1,2.250258904761905,6.0,4,1
2025-07-20,592662,22,3,5,8.622088773584906,22.0,14,1
2025-07-20,592773,4,0,0,1.5826545454545455,4.0,4,1
2025-07-20,596001,4,1,0,0.782,4.0,3,1
2025-07-20,601713,22,5,1,6.102392314057827,22.0,16,2
2025-07-20,605447,3,0,0,1.4650729166666667,3.0,3,1
2025-07-20,605452,9,2,1,3.5960970000000008,9.0,6,1
2025-07-20,605488,21,4,0,5.648,21.0,17,0
2025-07-20,607455,5,0,0,1.538,5.0,5,0
2025-07-20,608032,2,0,0,0.359,2.0,2,0
2025-07-20,608334,3,0,0,0.621,3.0,3,0
2025-07-20,608566,16,2,4,6.997488,16.0,10,1
2025-07-20,608718,7,1,2,2.49965025,7.0,4,1
2025-07-20,621139,3,2,0,0.022,3.0,1,0
2025-07-20,621242,4,1,1,1.6327859999999998,4.0,1,0
2025-07-20,621244,24,5,1,8.336920611111111,24.0,18,2
2025-07-20,623211,4,1,0,0.6930000000000001,3.0,2,0
2025-07-20,623474,9,3,0,3.5413695194805195,9.0,5,1
2025-07-20,624133,26,4,4,12.53216163641334,26.0,17,2
2025-07-20,641329,4,2,0,1.3838809523809523,4.0,2,1
2025-07-20,641540,12,2,1,4.191112384615385,12.0,9,0
2025-07-20,641656,3,1,0,0.439,3.0,2,0
2025-07-20,642152,4,1,1,1.8904969999999999,4.0,2,0
2025-07-20,642207,4,1,0,2.051,4.0,3,1
2025-07-20,642585,7,2,3,2.167491,7.0,2,0
2025-07-20,642701,3,2,0,0.132,3.0,1,0
2025-07-20,643377,3,1,0,0.189,3.0,2,0
2025-07-20,643511,2,0,0,0.363,2.0,2,0
2025-07-20,650556,4,2,0,0.879,4.0,2,0
2025-07-20,650644,21,6,1,4.02815325,21.0,14,1
2025-07-20,656186,3,1,0,0.21200000000000002,3.0,2,0
2025-07-20,656271,3,1,0,0.887,3.0,2,0
2025-07-20,656550,28,2,2,12.243936846153845,28.0,23,2
2025-07-20,656641,21,3,2,7.700258150943396,21.0,16,1
2025-07-20,656849,23,4,1,6.272786,23.0,17,1
2025-07-20,657585,3,1,1,0.926497,3.0,1,0
2025-07-20,657612,4,1,0,1.176,4.0,3,0
2025-07-20,657746,25,11,0,5.099680952380952,24.0,13,2
2025-07-20,660896,3,1,0,0.402,3.0,2,0
2025-07-20,661395,4,1,0,0.522,4.0,3,0
2025-07-20,663460,19,2,1,4.607497,19.0,16,0
2025-07-20,663574,3,1,0,0.514,3.0,2,0
2025-07-20,663773,6,0,1,1.932497,6.0,5,0
2025-07-20,663855,3,1,0,0.167,3.0,2,0
2025-07-20,663947,3,2,0,0.066,3.0,1,0
2025-07-20,664192,6,3,0,0.78,6.0,3,0
2025-07-20,664199,3,2,0,0.138,3.0,1,0
2025-07-20,664854,4,1,0,0.307,4.0,3,0
2025-07-20,666974,3,1,0,0.2,3.0,2,0
2025-07-20,667297,5,3,0,0.112,5.0,2,0
2025-07-20,667755,28,5,2,6.383467684210526,28.0,21,1
2025-07-20,668909,26,11,1,5.250457863697706,26.0,14,1
2025-07-20,668941,4,2,0,0.419,4.0,2,0
2025-07-20,668984,8,0,1,4.42088189041096,8.0,6,1
2025-07-20,669020,12,1,1,4.645497,12.0,10,1
2025-07-20,669022,18,2,3,8.554527274509804,17.0,13,2
2025-07-20,669084,3,0,1,1.078497,3.0,2,0
2025-07-20,669371,4,1,0,0.529,4.0,3,0
2025-07-20,669373,24,11,0,4.803,24.0,13,0
2025-07-20,669432,26,3,2,8.789071372919478,26.0,21,2
2025-07-20,669674,5,1,0,1.071,5.0,4,0
2025-07-20,670280,3,0,0,0.586,3.0,3,0
2025-07-20,670990,11,5,0,3.4147120769230765,11.0,5,1
2025-07-20,671096,25,5,1,6.575925571428572,23.0,19,1
2025-07-20,671131,14,3,1,3.7334331702127663,14.0,10,1
2025-07-20,671922,5,2,0,1.185,5.0,3,0
2025-07-20,672391,6,3,0,0.192,6.0,3,0
2025-07-20,674370,14,1,1,4.285479548387096,13.0,11,1
2025-07-20,674444,4,1,1,0.7794970000000001,4.0,2,0
2025-07-20,676083,23,1,1,8.875355985569986,23.0,20,1
2025-07-20,676477,3,1,0,0.5680000000000001,3.0,2,0
2025-07-20,676617,3,2,0,0.086,3.0,1,0
2025-07-20,676661,4,0,0,2.2030000000000003,4.0,4,0
2025-07-20,676684,4,2,0,0.468,4.0,2,0
2025-07-20,676961,5,2,1,1.212497,5.0,2,0
2025-07-20,676979,27,5,2,10.456703677419355,26.0,19,1
2025-07-20,677865,3,1,0,1.5938529411764706,3.0,2,1
2025-07-20,678024,4,1,0,1.2884358974358976,4.0,3,1
2025-07-20,678368,12,2,1,4.015287384615385,12.0,9,1
2025-07-20,680755,3,0,1,2.087497,3.0,2,0
2025-07-20,681799,4,0,0,2.5858,4.0,4,1
2025-07-20,681911,5,1,1,1.067497,5.0,3,0
2025-07-20,681982,3,0,0,0.911,2.0,2,0
2025-07-20,682842,7,0,1,2.506497,7.0,6,0
2025-07-20,683232,1,0,0,0.048,1.0,1,0
2025-07-20,684320,3,0,0,0.619,3.0,3,0
2025-07-20,686228,10,2,0,1.881,10.0,8,0
2025-07-20,686613,21,7,2,5.758949666666667,21.0,11,0
2025-07-20,686751,6,0,1,1.853497,6.0,5,1
2025-07-20,686752,25,8,1,6.739712849282297,25.0,16,3
2025-07-20,687473,4,0,0,2.4896436781609195,4.0,4,1
2025-07-20,687911,5,1,0,1.5854428461538461,5.0,3,0
2025-07-20,688642,4,0,0,2.3182136200716847,4.0,4,2
2025-07-20,689690,8,1,0,1.57,8.0,7,0
2025-07-20,690990,21,4,3,7.224468272727273,21.0,14,2
2025-07-20,691251,9,0,1,2.881497,9.0,8,0
2025-07-20,691799,4,3,1,0.691497,4.0,0,0
2025-07-20,693433,26,6,1,7.9012872439024395,26.0,19,3
2025-07-20,693855,8,2,0,1.5739999999999998,8.0,6,0
2025-07-20,694361,4,1,0,0.681,4.0,3,0
2025-07-20,694851,7,0,2,3.480994,7.0,5,0
2025-07-20,702352,7,1,0,3.1105882352941174,7.0,6,1
2025-07-20,806188,5,1,1,2.092497,5.0,3,0
2025-07-21,472610,3,0,0,0.251,3.0,3,0
2025-07-21,489446,3,0,1,2.5056884893617024,3.0,2,1
2025-07-21,518489,3,1,0,0.774,3.0,2,0
2025-07-21,542881,27,4,5,9.442705170454547,27.0,18,2
2025-07-21,542888,4,1,0,0.186,4.0,3,0
2025-07-21,542932,3,0,0,1.72475,3.0,3,1
2025-07-21,547973,4,1,0,2.0401739130434784,4.0,3,1
2025-07-21,548384,4,0,0,0.999,4.0,4,0
2025-07-21,554430,25,10,0,4.4531419411764706,24.0,13,1
2025-07-21,571948,3,0,0,0.8220000000000001,3.0,3,0
2025-07-21,573124,5,0,1,2.225497,5.0,4,0
2025-07-21,592094,3,0,0,0.332,3.0,3,0
2025-07-21,592332,27,8,2,6.10705573015873,26.0,17,2
2025-07-21,592454,3,2,0,0.009,3.0,1,0
2025-07-21,594580,6,2,1,1.708497,6.0,3,0
2025-07-21,595345,5,0,2,2.367994,5.0,3,0
2025-07-21,596295,28,6,0,8.658227272727272,28.0,22,2
2025-07-21,605130,4,2,0,0.066,4.0,2,0
2025-07-21,605177,3,0,0,0.266,3.0,3,0
2025-07-21,605540,21,5,0,4.825702793103448,21.0,15,1
2025-07-21,606160,4,1,0,1.2021794871794873,4.0,3,1
2025-07-21,606965,6,1,1,2.842786,6.0,3,0
2025-07-21,607074,27,4,5,9.21187861522911,27.0,18,2
2025-07-21,607481,5,0,0,1.203289,5.0,4,0
2025-07-21,608372,23,4,4,10.993332120069677,23.0,14,2
2025-07-21,608650,11,3,0,3.352,10.0,7,0
2025-07-21,608665,3,0,0,1.7731176470588235,3.0,3,0
2025-07-21,608718,6,1,1,2.163497,6.0,4,0
2025-07-21,621051,5,0,1,1.934497,5.0,4,0
2025-07-21,621111,26,4,1,7.080401761904762,26.0,21,1
2025-07-21,621242,3,3,0,0.0,3.0,0,0
2025-07-21,621381,4,1,1,0.816497,4.0,2,0
2025-07-21,621383,4,2,1,1.052497,4.0,1,0
2025-07-21,623167,17,0,1,9.585996499379231,17.0,16,3
2025-07-21,623211,2,1,0,0.062,2.0,1,0
2025-07-21,623352,5,0,2,2.100994,5.0,3,0
2025-07-21,640448,6,1,1,1.413497,6.0,4,0
2025-07-21,641755,5,3,0,0.462,5.0,2,0
2025-07-21,642701,4,3,0,0.294,4.0,1,0
2025-07-21,643361,9,0,0,3.008,9.0,9,0
2025-07-21,656186,3,0,0,0.7110000000000001,3.0,3,0
2025-07-21,656234,4,1,0,0.32500000000000007,4.0,3,0
2025-07-21,656271,3,0,0,0.802,3.0,3,0
2025-07-21,656427,18,6,3,6.642051,18.0,9,1
2025-07-21,656457,3,2,1,0.691497,3.0,0,0
2025-07-21,656546,3,3,0,0.0,3.0,0,0
2025-07-21,656686,6,1,1,3.0399526666666667,6.0,3,1
2025-07-21,656794,6,2,0,0.186,5.0,4,0
2025-07-21,656945,4,0,1,2.302786,4.0,2,0
2025-07-21,656986,5,1,1,0.750497,5.0,3,0
2025-07-21,657424,7,3,0,0.38,7.0,4,0
2025-07-21,660271,14,3,1,5.908687384615385,14.0,10,1
2025-07-21,660853,8,1,0,3.621750000000001,8.0,7,1
2025-07-21,663158,4,1,0,1.198,4.0,3,0
2025-07-21,663423,3,1,0,0.7669999999999999,3.0,2,0
2025-07-21,663465,3,2,0,0.381,3.0,1,0
2025-07-21,663485,8,2,0,2.148486111111111,8.0,6,1
2025-07-21,663623,19,1,3,5.726935444444444,19.0,15,1
2025-07-21,663855,3,0,2,1.391497,2.0,0,0
2025-07-21,663893,3,1,1,1.4724970000000002,3.0,1,0
2025-07-21,663903,15,1,2,7.7837205,15.0,11,1
2025-07-21,663941,4,2,0,0.14200000000000002,4.0,2,0
2025-07-21,663969,6,1,0,1.0757999999999999,6.0,5,0
2025-07-21,664076,4,3,0,0.8816486486486483,4.0,1,1
2025-07-21,664123,4,0,1,1.0414970000000001,4.0,3,0
2025-07-21,664141,6,0,0,1.0390000000000001,6.0,6,0
2025-07-21,664208,4,2,1,0.7554970000000001,4.0,1,0
2025-07-21,664991,13,2,3,4.734994,12.0,8,0
2025-07-21,665660,5,1,0,1.78925,5.0,4,1
2025-07-21,666168,3,0,2,1.991994,3.0,1,0
2025-07-21,666808,5,2,2,1.391994,5.0,1,0
2025-07-21,668390,4,1,1,0.7254970000000001,4.0,2,0
2025-07-21,668678,26,6,1,11.189725008385745,26.0,19,3
2025-07-21,668933,4,0,1,2.3509328974358974,4.0,3,1
2025-07-21,668941,4,2,0,0.6729999999999999,4.0,2,0
2025-07-21,669093,3,1,0,0.085,3.0,2,0
2025-07-21,669160,21,4,3,6.252491,21.0,14,0
2025-07-21,669358,22,4,2,6.117952333333333,22.0,16,1
2025-07-21,669371,5,1,1,2.337288666666667,5.0,3,0
2025-07-21,669438,8,4,1,1.6151456486486484,8.0,3,1
2025-07-21,669923,24,3,1,7.093354142857143,24.0,20,1
2025-07-21,670167,3,0,0,0.739,3.0,3,0
2025-07-21,670280,4,1,0,1.499,4.0,3,0
2025-07-21,670950,4,2,0,0.376,4.0,2,0
2025-07-21,670970,5,2,0,0.6699999999999999,5.0,3,0
2025-07-21,672282,5,1,0,1.564289,5.0,3,0
2025-07-21,672841,3,2,0,0.6253214285714286,3.0,1,0
2025-07-21,673540,16,5,3,7.0797898650693565,16.0,8,1
2025-07-21,673929,3,1,0,0.9837727272727272,3.0,2,1
2025-07-21,675848,6,1,1,2.462497,6.0,4,1
2025-07-21,676254,8,3,1,2.7062162982456144,8.0,4,1
2025-07-21,676440,27,4,0,7.708717647058823,27.0,23,1
2025-07-21,676467,26,4,2,9.655327820863548,26.0,20,4
2025-07-21,676477,3,3,0,0.0,3.0,0,0
2025-07-21,676661,3,2,0,0.151,3.0,1,0
2025-07-21,676879,9,1,1,2.7734970000000003,8.0,6,0
2025-07-21,676962,19,4,0,5.648944682675815,19.0,15,2
2025-07-21,677952,4,1,1,1.1604970000000001,4.0,2,0
2025-07-21,678606,4,0,1,1.529497,4.0,3,0
2025-07-21,680689,8,2,2,4.7059940000000005,8.0,4,1
2025-07-21,680732,20,5,4,5.054988,20.0,11,0
2025-07-21,681006,7,3,1,0.8844970000000001,7.0,3,0
2025-07-21,681190,19,0,1,8.127894435897437,19.0,18,2
2025-07-21,681882,7,0,0,1.4706666666666666,6.0,6,0
2025-07-21,681982,4,2,0,0.776289,4.0,1,0
2025-07-21,682052,22,6,3,7.5441730489947165,21.0,12,2
2025-07-21,683004,27,7,4,9.10678107523511,27.0,15,2
2025-07-21,683769,3,1,0,0.505,3.0,2,0
2025-07-21,684320,2,0,0,0.9500000000000001,2.0,2,0
2025-07-21,685126,4,1,1,1.2124060909090908,4.0,2,0
2025-07-21,685314,4,2,0,1.345,4.0,2,0
2025-07-21,686973,2,1,0,0.751,2.0,1,0
2025-07-21,687330,6,1,0,1.163,6.0,5,0
2025-07-21,689147,4,1,0,1.365625,4.0,3,1
2025-07-21,691587,22,5,2,7.454151894736842,22.0,15,1
2025-07-21,693821,25,1,3,9.38234447985348,25.0,21,1
2025-07-21,694851,9,1,2,2.883994,9.0,6,0
2025-07-21,694973,23,6,1,6.649240545454545,23.0,15,0
2025-07-21,695243,1,0,0,0.007,1.0,1,0
2025-07-21,695445,4,1,0,0.12000000000000001,4.0,3,0
2025-07-21,700241,26,1,0,6.367,24.0,24,0
2025-07-21,701581,22,5,1,8.379224272727273,21.0,16,3
2025-07-21,702070,25,7,0,7.449454545454546,25.0,18,1
2025-07-21,702352,10,2,2,3.940994,10.0,6,0
2025-07-21,805299,6,0,1,2.567497,6.0,5,0
2025-07-21,806185,6,0,4,4.097277,6.0,1,0
2025-07-21,820862,3,0,1,2.639199702702703,3.0,2,1
2025-07-22,448179,23,1,2,7.850232095238096,23.0,20,1
2025-07-22,453286,21,4,1,6.636316706498952,21.0,16,2
2025-07-22,472610,3,0,0,1.6284285714285716,3.0,3,1
2025-07-22,542888,4,3,0,0.792,4.0,1,0
2025-07-22,543056,3,1,0,0.203,3.0,2,0
2025-07-22,543294,19,2,1,4.975836285714285,19.0,16,1
2025-07-22,552640,3,1,1,0.477,2.0,1,0
2025-07-22,571510,25,6,1,5.437497,25.0,18,0
2025-07-22,572955,3,0,0,0.652,3.0,3,0
2025-07-22,573124,3,1,0,0.041999999999999996,3.0,2,0
2025-07-22,573204,3,1,0,0.541,3.0,2,0
2025-07-22,592426,5,0,0,1.6506153846153846,5.0,5,0
2025-07-22,592773,5,1,0,1.169,5.0,4,0
2025-07-22,592779,3,1,0,0.11000000000000001,3.0,2,0
2025-07-22,593423,26,6,2,9.568602974358974,26.0,18,2
2025-07-22,593833,10,2,2,3.4050898904109594,10.0,6,1
2025-07-22,593958,27,3,3,7.332657666666667,27.0,21,1
2025-07-22,593974,4,1,0,1.9140000000000001,4.0,3,0
2025-07-22,594798,22,9,1,6.105319222222223,22.0,12,3
2025-07-22,596133,6,0,1,1.1604970000000001,6.0,5,0
2025-07-22,605130,2,0,0,0.907289,2.0,1,0
2025-07-22,605177,5,1,0,1.426,5.0,4,0
2025-07-22,607200,16,5,1,7.0125931538461534,16.0,10,2
2025-07-22,608334,4,1,1,1.6376398571428572,4.0,2,1
2025-07-22,622554,3,0,0,0.788,3.0,3,0
2025-07-22,641302,8,4,0,2.589,8.0,4,0
2025-07-22,641329,4,1,0,2.6004265991716524,4.0,3,2
2025-07-22,641401,6,1,2,1.505994,6.0,3,0
2025-07-22,641656,1,0,0,0.468,1.0,1,0
2025-07-22,642100,1,1,0,0.0,1.0,0,0
2025-07-22,642207,4,2,0,0.8871000000000002,4.0,2,1
2025-07-22,642397,8,2,3,3.292491,8.0,3,0
2025-07-22,642528,3,1,0,0.98,3.0,2,0
2025-07-22,643377,4,1,0,0.869289,4.0,2,0
2025-07-22,650556,3,1,0,0.608,3.0,2,0
2025-07-22,650911,31,12,0,5.196588235294118,31.0,19,1
2025-07-22,656234,2,0,0,0.726,2.0,2,0
2025-07-22,656464,3,1,1,0.782497,3.0,1,0
2025-07-22,656546,4,0,0,1.8101052631578947,4.0,4,1
2025-07-22,656605,26,5,3,8.027512634615384,26.0,18,1
2025-07-22,656794,4,0,0,1.0973636363636363,4.0,4,0
2025-07-22,656876,16,5,1,3.0844970000000003,16.0,10,0
2025-07-22,657514,7,2,1,1.180497,7.0,4,0
2025-07-22,657571,5,2,0,2.7279999999999998,5.0,3,1
2025-07-22,657585,4,2,0,0.9219999999999999,4.0,2,0
2025-07-22,657612,4,0,0,1.395,4.0,4,0
2025-07-22,657649,3,1,0,0.137,3.0,2,0
2025-07-22,660825,3,0,1,1.006497,3.0,2,0
2025-07-22,661395,8,1,0,3.681178571428572,8.0,7,1
2025-07-22,661403,4,1,0,0.556,4.0,3,0
2025-07-22,662253,5,2,2,1.4449940000000001,5.0,1,0
2025-07-22,663436,20,3,4,6.570988,20.0,13,0
2025-07-22,663455,6,3,0,0.479,6.0,3,0
2025-07-22,663546,5,1,0,2.0250000000000004,5.0,4,0
2025-07-22,663554,23,5,1,8.838319138680033,23.0,17,4
2025-07-22,663568,25,5,1,7.230733444444445,24.0,18,0
2025-07-22,663687,6,1,0,1.6227192982456144,6.0,5,1
2025-07-22,663765,10,1,1,4.642446152542373,10.0,8,1
2025-07-22,663897,3,1,0,0.06,3.0,2,0
2025-07-22,663947,1,0,0,0.016,1.0,1,0
2025-07-22,664076,3,0,0,1.1380000000000001,3.0,3,0
2025-07-22,664126,3,0,0,0.512,3.0,3,0
2025-07-22,664192,4,3,0,0.431,4.0,1,0
2025-07-22,664199,4,2,0,0.065,4.0,2,0
2025-07-22,664285,28,4,1,7.463754326007326,27.0,23,2
2025-07-22,664747,4,1,0,0.773,4.0,3,0
2025-07-22,664948,1,0,1,0.691497,1.0,0,0
2025-07-22,665795,23,6,0,6.311475520376176,23.0,16,2
2025-07-22,666171,6,3,1,0.276,5.0,2,0
2025-07-22,666374,3,0,0,0.562,3.0,3,0
2025-07-22,666974,5,0,1,1.911497,4.0,4,0
2025-07-22,667463,1,0,0,0.138,1.0,1,0
2025-07-22,669084,5,1,0,0.8480000000000001,5.0,4,0
2025-07-22,669302,21,10,0,1.496,21.0,11,0
2025-07-22,669372,19,2,1,5.760531482758621,19.0,16,2
2025-07-22,669622,3,1,0,0.49515384615384617,3.0,2,0
2025-07-22,669674,2,2,0,0.0,2.0,0,0
2025-07-22,669684,7,2,1,1.634786,7.0,3,0
2025-07-22,669711,3,0,0,0.77,3.0,3,0
2025-07-22,669721,25,3,4,10.438294585887231,25.0,18,3
2025-07-22,669724,4,2,0,0.198,4.0,2,0
2025-07-22,670036,3,0,1,2.022497,3.0,2,0
2025-07-22,670280,5,2,1,1.404497,5.0,2,0
2025-07-22,670329,4,2,0,0.902,4.0,2,0
2025-07-22,670955,7,4,0,0.982,7.0,3,0
2025-07-22,671922,5,1,1,1.789354142857143,5.0,3,0
2025-07-22,672578,4,1,0,1.718,4.0,3,0
2025-07-22,676263,5,2,0,2.133423076923077,5.0,3,1
2025-07-22,676282,19,5,4,5.698988,19.0,10,0
2025-07-22,676395,6,1,1,1.655497,6.0,4,0
2025-07-22,676428,12,2,3,4.6154910000000005,12.0,7,0
2025-07-22,676508,4,0,3,3.002491,4.0,1,0
2025-07-22,676617,7,1,2,1.6679940000000002,6.0,3,0
2025-07-22,676755,4,2,0,0.281,4.0,2,0
2025-07-22,677865,4,2,1,0.262,3.0,1,0
2025-07-22,678020,4,1,1,0.8484970000000001,4.0,2,0
2025-07-22,678024,4,2,1,0.271,3.0,1,0
2025-07-22,678692,6,1,1,2.2195928904109596,6.0,4,1
2025-07-22,679775,2,1,0,0.722289,2.0,0,0
2025-07-22,680573,14,2,5,6.0117491509433965,14.0,7,1
2025-07-22,680689,3,0,0,0.391,3.0,3,0
2025-07-22,680742,8,1,1,2.175497,8.0,6,0
2025-07-22,680767,7,0,0,2.5251637931034483,7.0,7,2
2025-07-22,681517,15,7,1,3.2781123846153846,15.0,7,0
2025-07-22,681870,6,2,0,2.8567004909983638,6.0,4,1
2025-07-22,682842,3,0,1,1.336497,3.0,2,0
2025-07-22,683232,3,1,0,1.780395061728395,3.0,2,1
2025-07-22,683618,6,1,0,0.835,6.0,5,0
2025-07-22,686973,6,2,0,1.721,6.0,4,0
2025-07-22,686993,4,0,0,1.138,4.0,4,0
2025-07-22,687064,20,3,3,6.648977111111112,20.0,14,1
2025-07-22,687134,23,0,1,9.836386,23.0,21,1
2025-07-22,687911,5,1,0,1.97,5.0,4,0
2025-07-22,688158,7,2,1,1.739497,7.0,4,0
2025-07-22,688642,4,0,2,1.947994,4.0,2,0
2025-07-22,689254,6,0,0,0.9194736842105264,6.0,6,1
2025-07-22,690916,17,4,0,6.953970149253732,17.0,12,2
2025-07-22,691251,4,0,0,0.6839999999999999,4.0,4,0
2025-07-22,693313,8,4,1,2.575497,8.0,3,0
2025-07-22,693645,24,3,3,8.022491,24.0,18,0
2025-07-22,694037,4,1,0,1.3010000000000002,4.0,3,0
2025-07-22,694361,4,1,3,2.074491,4.0,0,0
2025-07-22,694738,22,6,1,6.640302071428572,22.0,14,2
2025-07-22,694819,14,7,1,2.5764970000000003,14.0,6,0
2025-07-22,695418,17,1,0,6.107933333333333,15.0,15,1
2025-07-22,695505,26,10,2,8.102536857142857,26.0,14,1
2025-07-22,806188,4,1,0,0.099,4.0,3,0
2025-07-22,808967,22,8,1,4.517497,21.0,12,0
2025-07-23,434378,21,3,5,7.544940666666667,21.0,12,1
2025-07-23,458677,6,1,0,1.669,6.0,5,0
2025-07-23,489446,3,0,3,2.074491,3.0,0,0
2025-07-23,519141,5,2,0,1.117289,5.0,2,0
2025-07-23,519151,4,0,1,1.439497,4.0,3,0
2025-07-23,543056,3,0,1,1.487497,3.0,2,0
2025-07-23,547973,5,1,0,1.483166666666667,5.0,4,1
2025-07-23,548384,5,1,2,1.5009940000000002,5.0,2,0
2025-07-23,552640,3,0,0,0.35300000000000004,3.0,3,0
2025-07-23,571578,22,7,0,4.264,22.0,15,0
2025-07-23,571948,1,1,0,0.0,1.0,0,0
2025-07-23,592351,7,0,0,2.2029565217391305,7.0,7,1
2025-07-23,592779,6,0,1,1.4391461428571428,5.0,4,0
2025-07-23,605135,27,8,0,6.384309114942529,27.0,18,2
2025-07-23,605447,3,2,0,0.179,3.0,1,0
2025-07-23,606996,8,2,0,1.193289,8.0,5,0
2025-07-23,607067,23,3,0,5.993200321156163,22.0,20,2
2025-07-23,607192,25,12,1,5.581219222222222,25.0,12,0
2025-07-23,607455,4,3,0,0.901,4.0,1,0
2025-07-23,607481,3,0,0,1.03,3.0,3,0
2025-07-23,607625,24,6,2,5.5916239090909095,24.0,15,1
2025-07-23,608331,26,3,3,8.237755150943396,26.0,20,1
2025-07-23,608337,19,2,1,11.361720917748917,19.0,16,4
2025-07-23,621051,4,1,0,2.511289,4.0,2,0
2025-07-23,621107,18,5,1,4.78128054978355,18.0,12,1
2025-07-23,621139,9,1,2,1.473497,8.0,6,0
2025-07-23,621242,6,2,0,1.488578,6.0,2,0
2025-07-23,621381,4,2,0,0.782289,4.0,1,0
2025-07-23,621383,2,1,0,0.076,2.0,1,0
2025-07-23,622491,26,7,0,8.963532371212121,26.0,18,2
2025-07-23,623211,4,1,1,0.762497,4.0,2,0
2025-07-23,623352,4,2,0,0.856,4.0,2,0
2025-07-23,623474,7,0,0,0.8829999999999999,7.0,7,0
2025-07-23,628452,3,2,0,0.0,3.0,1,0
2025-07-23,640455,19,5,2,5.266829164835165,19.0,12,1
2025-07-23,641329,3,2,0,0.02,3.0,1,0
2025-07-23,641540,5,0,1,3.039786,5.0,3,0
2025-07-23,641755,3,2,0,0.128,3.0,1,0
2025-07-23,642016,3,0,1,1.2874970000000001,3.0,2,0
2025-07-23,642528,3,0,0,0.424,3.0,3,0
2025-07-23,643377,6,0,2,2.490497,5.0,4,0
2025-07-23,643511,4,1,0,1.288,4.0,3,0
2025-07-23,645261,23,4,0,6.821666666666666,23.0,19,1
2025-07-23,647336,24,6,3,8.094511846153846,24.0,12,0
2025-07-23,656186,5,0,2,2.578994,5.0,3,0
2025-07-23,656271,4,1,0,2.0976926470588237,4.0,3,1
2025-07-23,656302,23,5,3,7.285541586510264,23.0,15,2
2025-07-23,656457,3,0,1,1.215497,3.0,2,0
2025-07-23,656464,6,1,0,0.6,6.0,5,0
2025-07-23,656986,7,0,1,3.517497,7.0,6,0
2025-07-23,657514,1,1,0,0.0,1.0,0,0
2025-07-23,660896,3,1,0,0.9540000000000001,3.0,2,0
2025-07-23,661403,3,2,0,0.191,3.0,1,0
2025-07-23,663423,13,2,0,5.010390243902439,13.0,11,1
2025-07-23,663455,3,1,0,0.7427083333333335,3.0,2,1
2025-07-23,663546,7,1,0,1.779,7.0,6,0
2025-07-23,663559,25,8,0,6.403313059033989,25.0,17,2
2025-07-23,663671,4,1,1,1.7136636666666667,4.0,2,1
2025-07-23,663855,3,0,0,0.647,3.0,3,0
2025-07-23,663978,21,8,0,5.504648648648648,21.0,13,2
2025-07-23,664123,6,0,0,2.4541538461538464,6.0,6,0
2025-07-23,664141,4,1,1,1.203497,4.0,2,0
2025-07-23,664192,3,1,0,0.30900000000000005,3.0,2,0
2025-07-23,666157,30,8,0,5.19848,30.0,22,0
2025-07-23,666200,22,7,5,6.969590263157895,21.0,9,1
2025-07-23,666974,3,0,0,0.26,3.0,3,0
2025-07-23,667463,6,2,0,2.2980384615384613,6.0,4,0
2025-07-23,668674,3,0,0,0.34900000000000003,3.0,3,0
2025-07-23,668964,7,3,0,1.2650000000000001,7.0,4,0
2025-07-23,668984,3,2,0,0.5216666666666666,3.0,1,0
2025-07-23,669276,3,3,0,0.0,3.0,0,0
2025-07-23,669371,3,0,0,0.445,3.0,3,0
2025-07-23,669387,7,3,0,1.072,7.0,4,0
2025-07-23,669438,4,3,0,0.5465714285714286,4.0,1,1
2025-07-23,669467,24,5,2,8.173994,24.0,17,0
2025-07-23,669711,4,1,0,0.334,3.0,2,0
2025-07-23,670167,5,1,1,2.159258904761905,5.0,3,1
2025-07-23,670950,8,1,0,1.695,6.0,6,0
2025-07-23,671109,27,7,1,9.380405047619048,27.0,18,2
2025-07-23,671131,5,0,0,3.5507454545454546,5.0,5,1
2025-07-23,671212,10,1,0,2.8800454545454546,10.0,9,0
2025-07-23,671737,12,0,3,6.333491,12.0,9,1
2025-07-23,672578,4,1,0,2.0655,4.0,3,1
2025-07-23,673929,4,1,0,2.07275,4.0,3,1
2025-07-23,674444,4,0,0,1.90548,4.0,4,0
2025-07-23,675512,24,7,2,9.294614419789538,24.0,15,4
2025-07-23,675911,24,7,3,7.925922857142857,24.0,13,2
2025-07-23,676130,5,0,0,1.738,5.0,5,0
2025-07-23,676254,4,1,0,0.9930000000000001,4.0,3,0
2025-07-23,676395,4,2,0,0.686,4.0,2,0
2025-07-23,676477,3,0,0,0.6206153846153846,3.0,3,0
2025-07-23,676534,6,0,0,1.386,6.0,6,0
2025-07-23,676661,4,0,0,1.112,4.0,4,0
2025-07-23,676664,18,7,0,4.103848484848485,18.0,11,2
2025-07-23,677865,3,0,0,1.3969999999999998,3.0,3,0
2025-07-23,677944,22,2,2,8.570669757575757,22.0,18,2
2025-07-23,678022,11,4,2,1.854994,11.0,5,0
2025-07-23,681006,3,0,0,1.4833571428571428,3.0,3,1
2025-07-23,681882,6,1,1,2.857650846153846,6.0,4,0
2025-07-23,681911,3,0,0,1.147,3.0,3,0
2025-07-23,682990,27,6,2,7.904565428571429,27.0,19,1
2025-07-23,683769,3,1,0,0.525,3.0,2,0
2025-07-23,684320,3,0,0,1.222,3.0,3,0
2025-07-23,685126,4,1,0,2.007,4.0,3,0
2025-07-23,685299,24,3,3,7.815106384615385,24.0,18,1
2025-07-23,685314,4,0,1,1.384497,4.0,3,0
2025-07-23,686563,22,9,1,7.7571097191650855,22.0,11,3
2025-07-23,686751,5,3,0,1.3684545454545454,5.0,2,0
2025-07-23,686973,4,0,1,1.590497,4.0,3,0
2025-07-23,687330,8,0,2,5.473065428571429,8.0,6,1
2025-07-23,687888,26,5,1,9.303030482142857,26.0,20,3
2025-07-23,688158,2,0,0,0.753,2.0,2,0
2025-07-23,689147,4,1,0,1.071,4.0,3,0
2025-07-23,689266,5,0,0,3.4876545454545456,5.0,5,2
2025-07-23,691251,5,0,1,2.475497,5.0,4,0
2025-07-23,691799,4,1,1,1.201497,4.0,2,0
2025-07-23,693855,7,0,0,1.951,7.0,7,0
2025-07-23,694297,24,5,2,7.25008989041096,24.0,17,1
2025-07-23,695445,6,3,0,0.696,6.0,3,0
2025-07-23,696147,4,0,0,1.453,4.0,4,0
2025-07-23,701552,7,1,1,1.782497,7.0,5,0
2025-07-23,805299,5,1,2,1.7189940000000001,5.0,2,0
2025-07-24,450203,28,7,4,9.27666844736842,28.0,16,2
2025-07-24,506433,20,3,2,10.065189075757576,20.0,15,2
2025-07-24,543243,27,5,0,10.130580283403273,27.0,22,3
2025-07-24,547184,4,0,0,1.108,4.0,4,0
2025-07-24,579328,23,4,2,7.729156121212121,23.0,17,2
2025-07-24,593576,6,2,0,1.284,6.0,4,0
2025-07-24,593974,5,1,0,2.5950714285714285,5.0,4,2
2025-07-24,595345,4,0,1,0.935497,4.0,3,0
2025-07-24,596001,5,0,1,1.7937859999999999,5.0,3,0
2025-07-24,606996,5,0,1,2.807497,5.0,4,0
2025-07-24,608334,3,1,0,0.42100000000000004,3.0,2,0
2025-07-24,608650,8,1,0,2.288,8.0,7,0
2025-07-24,622554,5,2,0,1.434,5.0,3,0
2025-07-24,622663,24,8,0,4.9109758131868135,24.0,15,1
2025-07-24,641401,1,0,0,0.166,1.0,1,0
2025-07-24,641778,29,6,0,6.346194103194103,29.0,23,1
2025-07-24,642100,3,0,0,1.184,3.0,3,0
2025-07-24,642397,3,2,0,0.075,3.0,1,0
2025-07-24,643338,7,1,0,3.0829215686274516,7.0,6,1
2025-07-24,650671,5,3,1,0.7444970000000001,5.0,1,0
2025-07-24,656686,1,0,0,0.008,1.0,1,0
2025-07-24,660825,3,1,0,0.536,3.0,2,0
2025-07-24,662253,6,1,1,1.798497,6.0,4,0
2025-07-24,663465,4,1,0,1.022289,4.0,2,0
2025-07-24,664129,6,0,0,4.240408333333334,6.0,6,3
2025-07-24,664208,3,0,0,0.939,3.0,3,0
2025-07-24,664854,4,2,0,0.6010000000000001,4.0,2,0
2025-07-24,666374,2,2,0,0.0,2.0,0,0
2025-07-24,668670,5,0,0,1.4798214285714286,5.0,5,1
2025-07-24,668941,5,4,0,0.095,5.0,1,0
2025-07-24,669093,3,1,0,0.009000000000000001,3.0,2,0
2025-07-24,669920,30,3,2,11.643123464285715,30.0,25,2
2025-07-24,670036,1,0,0,0.06,1.0,1,0
2025-07-24,671106,27,4,0,8.894742418027828,27.0,22,2
2025-07-24,672841,4,0,0,1.441,4.0,4,0
2025-07-24,673513,6,1,2,2.209994,6.0,3,0
2025-07-24,676617,3,1,1,1.328497,3.0,1,0
2025-07-24,681857,26,4,2,10.206761055432374,25.0,19,3
2025-07-24,681870,3,0,1,1.814497,3.0,2,0
2025-07-24,688138,21,3,3,7.7456917647058825,21.0,14,1
2025-07-24,695243,5,1,1,1.6812886666666667,5.0,3,0
2025-07-24,696147,3,1,0,0.05499999999999999,3.0,2,0
2025-07-24,820862,4,2,0,1.4225600000000005,4.0,2,1
2025-07-25,445276,3,0,0,0.348,3.0,3,0
2025-07-25,472610,3,1,0,0.6042857142857142,3.0,2,0
2025-07-25,518489,3,2,0,0.208,3.0,1,0
2025-07-25,519141,3,2,0,0.013,3.0,1,0
2025-07-25,542888,1,0,0,0.056,1.0,1,0
2025-07-25,542932,5,0,1,2.5768303333333336,5.0,4,0
2025-07-25,543056,3,0,0,1.313390243902439,3.0,3,1
2025-07-25,543101,15,3,2,2.8227860000000002,13.0,9,0
2025-07-25,543135,21,7,4,7.203733454545455,21.0,10,1
2025-07-25,552640,4,3,0,1.753606557377049,4.0,1,1
2025-07-25,571927,4,0,0,1.513,4.0,4,0
2025-07-25,571945,21,1,0,7.805618674089069,21.0,20,2
2025-07-25,571948,3,2,0,0.683,3.0,1,0
2025-07-25,592836,23,3,0,6.8349722222222224,23.0,20,1
2025-07-25,593974,2,0,0,0.508,2.0,2,0
2025-07-25,596133,4,0,0,2.2491914893617024,4.0,4,1
2025-07-25,601713,26,4,2,7.230283,24.0,18,0
2025-07-25,605280,21,2,1,6.641760157894737,21.0,18,0
2025-07-25,605288,27,3,3,9.82743947467167,27.0,20,2
2025-07-25,605447,5,1,0,0.71775,5.0,4,0
2025-07-25,605488,22,5,1,7.240181061728395,22.0,15,1
2025-07-25,606160,8,1,2,2.608994,8.0,5,0
2025-07-25,607259,21,5,2,5.630565428571429,21.0,14,1
2025-07-25,607455,6,1,0,1.223,6.0,5,0
2025-07-25,607481,4,0,1,1.9105879090909093,4.0,3,0
2025-07-25,607536,25,4,1,12.039027530536433,25.0,20,6
2025-07-25,615698,18,4,0,5.0861212121212125,18.0,14,1
2025-07-25,620454,4,3,0,0.802,4.0,1,0
2025-07-25,621051,8,1,1,3.321497,8.0,6,0
2025-07-25,621244,24,6,2,5.892583743589744,24.0,16,1
2025-07-25,621383,2,1,0,0.839,2.0,1,0
2025-07-25,623167,12,2,0,6.5651894952873215,12.0,10,1
2025-07-25,623211,5,1,0,0.861,5.0,4,0
2025-07-25,641386,5,0,0,1.145,5.0,5,0
2025-07-25,641656,5,1,1,2.831497,5.0,3,1
2025-07-25,641755,4,2,0,1.139,4.0,2,1
2025-07-25,641793,29,2,0,8.861846153846153,28.0,26,3
2025-07-25,641941,3,1,0,0.128,3.0,2,0
2025-07-25,642016,3,0,0,1.7284358974358975,3.0,3,1
2025-07-25,642547,22,9,2,7.799824187739464,22.0,10,2
2025-07-25,642701,5,1,2,1.4469940000000001,5.0,2,0
2025-07-25,643377,5,2,1,1.731497,5.0,2,0
2025-07-25,656234,5,1,0,1.1029999999999998,5.0,4,0
2025-07-25,656271,4,0,0,1.5693333333333332,4.0,4,0
2025-07-25,656457,4,0,0,1.8702641509433964,4.0,4,1
2025-07-25,656464,3,0,0,0.87,3.0,3,0
2025-07-25,656641,3,0,1,1.8618073448275863,3.0,2,1
2025-07-25,656686,3,0,0,0.645,3.0,3,0
2025-07-25,657097,4,1,0,0.517,4.0,3,0
2025-07-25,657277,21,4,1,8.873133036036036,21.0,16,2
2025-07-25,657424,3,1,0,0.41200000000000003,3.0,2,0
2025-07-25,657514,2,0,0,0.326,2.0,2,0
2025-07-25,657612,4,1,0,1.609,4.0,3,0
2025-07-25,660825,3,2,0,0.142,3.0,1,0
2025-07-25,660853,4,1,1,0.863497,4.0,2,0
2025-07-25,660896,6,2,1,3.3566884893617024,6.0,3,1
2025-07-25,661395,3,1,0,0.308,3.0,2,0
2025-07-25,662253,3,2,0,0.262,3.0,1,0
2025-07-25,663321,13,5,3,4.270160829222012,13.0,5,2
2025-07-25,663455,1,0,0,0.073,1.0,1,0
2025-07-25,663574,3,1,0,1.1909999999999998,3.0,2,0
2025-07-25,663893,3,1,0,0.212,3.0,2,0
2025-07-25,663941,7,2,1,2.619497,7.0,4,0
2025-07-25,663947,5,0,0,2.001,5.0,5,0
2025-07-25,664123,8,0,1,3.85940625,7.0,7,1
2025-07-25,664129,5,1,2,1.4629940000000001,5.0,2,0
2025-07-25,664208,3,1,0,0.153,3.0,2,0
2025-07-25,664854,4,2,0,1.3271935483870967,4.0,2,1
2025-07-25,664991,4,2,1,0.712497,4.0,1,0
2025-07-25,665152,26,5,2,7.2933746146572105,26.0,19,3
2025-07-25,665660,7,3,1,1.039497,7.0,3,0
2025-07-25,666171,4,1,1,0.825497,4.0,2,0
2025-07-25,666214,18,6,1,4.48409075,18.0,11,1
2025-07-25,666374,3,1,0,0.668,3.0,2,0
2025-07-25,666808,6,3,0,1.7123890000000002,6.0,2,1
2025-07-25,667755,24,5,1,8.777329407707912,24.0,17,4
2025-07-25,668933,4,3,1,0.691497,4.0,0,0
2025-07-25,668941,4,0,0,1.06248,4.0,4,0
2025-07-25,668964,4,1,0,1.0088,4.0,3,0
2025-07-25,668984,4,0,1,1.176497,4.0,3,0
2025-07-25,669022,21,4,6,7.539615986928105,20.0,10,2
2025-07-25,669194,22,4,2,4.996616333333334,22.0,15,0
2025-07-25,669371,5,1,0,2.032289,5.0,3,0
2025-07-25,669450,9,0,0,5.3287802146676855,9.0,8,2
2025-07-25,669622,5,1,1,2.5977827142857146,5.0,3,1
2025-07-25,669684,7,3,0,1.4352631578947368,7.0,4,0
2025-07-25,669724,4,1,0,0.869,4.0,3,0
2025-07-25,670280,3,1,0,1.319866310160428,3.0,2,1
2025-07-25,670329,6,3,0,0.46,6.0,3,0
2025-07-25,670955,6,2,2,1.345497,5.0,2,0
2025-07-25,672282,4,3,0,0.463,4.0,1,0
2025-07-25,672391,8,2,2,4.345194,8.0,4,1
2025-07-25,672456,22,3,0,8.18375,22.0,19,1
2025-07-25,676395,2,1,0,0.117,2.0,1,0
2025-07-25,676428,8,3,0,2.3252889999999997,8.0,4,0
2025-07-25,676508,5,0,0,1.795289,5.0,4,0
2025-07-25,676534,5,1,2,1.963994,5.0,2,0
2025-07-25,676702,5,0,1,2.238786,5.0,3,0
2025-07-25,676755,5,1,0,1.686,5.0,4,0
2025-07-25,676879,7,1,1,1.943497,6.0,5,0
2025-07-25,676961,5,0,2,3.4916426486486483,5.0,3,1
2025-07-25,677952,7,2,1,1.216497,6.0,4,0
2025-07-25,678020,3,0,0,0.7936153846153846,3.0,3,0
2025-07-25,678394,24,5,2,8.736346073732719,23.0,16,2
2025-07-25,678606,3,1,0,0.369,3.0,2,0
2025-07-25,678692,3,1,0,0.259,3.0,2,0
2025-07-25,680689,5,0,1,2.094497,5.0,4,0
2025-07-25,680755,3,1,0,0.30300000000000005,3.0,2,0
2025-07-25,681006,3,1,0,0.307,3.0,2,0
2025-07-25,681347,21,5,1,3.373497,21.0,15,0
2025-07-25,681911,3,2,0,0.409,3.0,1,0
2025-07-25,681982,4,2,1,0.838497,4.0,1,0
2025-07-25,683232,5,0,2,3.050994,5.0,3,0
2025-07-25,683618,1,0,0,0.041,1.0,1,0
2025-07-25,684007,21,2,0,10.718426620879121,21.0,19,3
2025-07-25,684320,3,1,0,0.51,3.0,2,0
2025-07-25,686218,20,5,2,4.719407793103448,20.0,13,1
2025-07-25,687473,20,5,1,8.967730060988373,19.0,13,3
2025-07-25,688158,4,0,0,1.5910000000000002,4.0,4,0
2025-07-25,689147,4,2,0,1.1047368421052632,4.0,2,0
2025-07-25,693433,24,6,2,6.283815428571429,24.0,16,1
2025-07-25,693855,8,3,1,3.7187859999999997,8.0,3,0
2025-07-25,701542,26,7,3,8.493991,25.0,16,1
2025-07-25,702352,3,0,0,0.579,3.0,3,0
2025-07-25,805673,20,7,0,4.938727272727273,20.0,13,1
2025-07-26,458677,3,2,0,0.556,3.0,1,0
2025-07-26,472610,4,0,0,2.4537916666666666,4.0,4,0
2025-07-26,477132,21,2,2,5.6258251688311685,21.0,17,0
2025-07-26,489446,4,1,0,1.042787878787879,4.0,3,1
2025-07-26,500779,24,2,2,9.807310666666666,23.0,19,3
2025-07-26,518876,27,3,1,8.203216298245614,27.0,23,1
2025-07-26,519151,4,0,0,2.0481666666666665,4.0,4,0
2025-07-26,542881,19,1,0,6.373095688687643,19.0,18,2
2025-07-26,542888,7,2,0,2.021666666666667,7.0,5,1
2025-07-26,547973,4,1,1,0.804497,4.0,2,0
2025-07-26,571657,5,0,0,3.0011,5.0,5,1
2025-07-26,571760,18,4,0,4.4602889999999995,18.0,13,0
2025-07-26,572955,3,2,0,0.282,3.0,1,0
2025-07-26,573186,20,4,4,7.790599111111111,20.0,12,1
2025-07-26,573204,2,0,0,0.041,2.0,2,0
2025-07-26,592094,3,0,1,0.948497,3.0,2,0
2025-07-26,592332,21,10,1,2.103497,20.0,9,0
2025-07-26,592351,10,3,0,2.253342105263158,10.0,7,1
2025-07-26,592454,3,0,0,1.1698124999999997,3.0,3,1
2025-07-26,592662,25,3,3,8.71147070450602,25.0,19,1
2025-07-26,592773,3,0,0,0.829,3.0,3,0
2025-07-26,593576,7,2,1,3.2548151818181816,7.0,4,2
2025-07-26,605177,4,1,0,1.075,4.0,3,0
2025-07-26,608032,5,2,1,0.921497,5.0,2,0
2025-07-26,608334,11,4,0,1.998,11.0,7,0
2025-07-26,608379,20,5,1,5.984639020581044,20.0,14,2
2025-07-26,608665,4,0,1,1.290497,4.0,3,0
2025-07-26,621242,4,1,0,2.7335409836065576,4.0,3,1
2025-07-26,622608,19,3,2,8.098779551724139,19.0,13,2
2025-07-26,623433,10,0,1,5.93774819047619,10.0,9,2
2025-07-26,623437,7,2,0,1.2883157894736845,7.0,5,1
2025-07-26,624133,26,8,1,7.445136,26.0,16,0
2025-07-26,628452,4,0,1,2.021497,4.0,3,0
2025-07-26,641302,4,1,0,1.724,4.0,3,0
2025-07-26,641329,4,1,2,2.566440808510638,4.0,1,1
2025-07-26,641401,6,1,1,1.8474970000000002,6.0,4,0
2025-07-26,641540,6,4,0,0.6156470588235294,6.0,2,0
2025-07-26,641745,3,0,0,1.1613902439024388,3.0,3,1
2025-07-26,641941,3,0,0,1.86,3.0,3,0
2025-07-26,642016,5,1,1,1.4151440588235293,5.0,3,0
2025-07-26,642216,16,3,1,6.488354142857143,16.0,12,2
2025-07-26,642528,4,0,2,1.3054970000000001,3.0,2,0
2025-07-26,642701,4,1,1,0.923497,4.0,2,0
2025-07-26,643511,4,1,0,0.492,4.0,3,0
2025-07-26,650556,3,0,0,0.396,2.0,2,0
2025-07-26,650644,18,6,0,3.716,18.0,12,0
2025-07-26,650893,3,0,0,0.608,3.0,3,0
2025-07-26,656186,5,0,3,3.55078,5.0,1,0
2025-07-26,656457,4,0,0,2.216389689578714,4.0,4,2
2025-07-26,656550,21,2,2,7.312965487179487,20.0,16,1
2025-07-26,656641,5,0,2,1.780994,5.0,3,0
2025-07-26,656794,6,4,1,0.7404970000000001,6.0,1,0
2025-07-26,656849,26,4,3,10.780491,26.0,19,0
2025-07-26,656986,5,1,1,1.9433255714285718,5.0,3,1
2025-07-26,657571,3,1,0,0.15799999999999997,3.0,2,0
2025-07-26,657585,3,2,0,0.12,3.0,1,0
2025-07-26,657649,3,0,0,0.756,3.0,3,0
2025-07-26,657746,23,5,1,8.493301473304474,22.0,16,2
2025-07-26,660604,6,1,3,2.140491,6.0,2,0
2025-07-26,660787,8,1,0,2.439,7.0,7,1
2025-07-26,660853,2,0,1,0.506,1.0,1,0
2025-07-26,661403,6,0,2,4.284169,6.0,4,1
2025-07-26,663158,4,1,0,0.778289,4.0,2,0
2025-07-26,663423,7,1,0,1.862,7.0,6,0
2025-07-26,663460,15,1,4,4.724988,15.0,10,0
2025-07-26,663574,4,3,0,0.441,4.0,1,0
2025-07-26,663671,6,2,0,1.3639999999999999,6.0,4,0
2025-07-26,663969,15,4,0,4.269339285714285,15.0,11,1
2025-07-26,664076,4,1,2,1.9709940000000001,4.0,1,0
2025-07-26,664192,3,0,0,0.591,3.0,3,0
2025-07-26,664199,6,2,0,0.671,6.0,4,0
2025-07-26,664747,4,1,0,0.778,4.0,3,1
2025-07-26,667297,5,2,0,1.6811714285714285,5.0,3,1
2025-07-26,667463,1,0,0,0.5664999999999999,1.0,1,0
2025-07-26,668674,4,1,0,0.681,4.0,3,0
2025-07-26,668909,24,3,2,5.598812487394958,23.0,19,1
2025-07-26,668933,6,0,1,2.6244970000000003,6.0,5,0
2025-07-26,669020,9,1,2,2.7843097894736846,9.0,6,1
2025-07-26,669084,7,2,1,1.336497,7.0,4,0
2025-07-26,669093,5,2,0,1.103,5.0,3,0
2025-07-26,669276,3,1,0,0.452,3.0,2,0
2025-07-26,669373,24,7,3,8.280586890410959,24.0,14,2
2025-07-26,669432,22,5,1,6.676313672115071,22.0,16,2
2025-07-26,669461,22,3,2,9.333572,21.0,15,0
2025-07-26,669674,6,1,0,1.8780000000000001,6.0,5,0
2025-07-26,669704,5,2,1,1.125497,5.0,2,0
2025-07-26,669923,27,9,3,8.316418888888888,26.0,13,2
2025-07-26,670167,4,1,1,2.4593095,4.0,2,1
2025-07-26,670280,3,2,0,0.253,3.0,1,0
2025-07-26,670970,4,0,0,0.9460000000000001,4.0,4,0
2025-07-26,670990,2,1,0,0.945,2.0,1,0
2025-07-26,671096,23,7,3,6.22728074473802,23.0,13,1
2025-07-26,671131,5,2,1,1.233497,5.0,2,0
2025-07-26,671922,4,1,0,1.4854666666666667,4.0,3,1
2025-07-26,672582,3,1,0,1.7561428571428572,3.0,2,1
2025-07-26,672841,3,0,0,0.5820000000000001,3.0,3,0
2025-07-26,673929,5,1,0,2.430292372881356,5.0,4,1
2025-07-26,674444,6,1,1,2.758497,6.0,4,0
2025-07-26,676083,22,5,0,4.462,21.0,16,0
2025-07-26,676254,3,1,2,1.382994,3.0,0,0
2025-07-26,676440,22,8,0,6.547,22.0,14,1
2025-07-26,676477,3,2,0,0.089,3.0,1,0
2025-07-26,676617,3,1,0,0.8009999999999999,3.0,2,0
2025-07-26,676661,1,0,0,0.082,1.0,1,0
2025-07-26,676684,6,1,0,1.496,6.0,5,0
2025-07-26,676979,27,10,2,8.454232636363637,26.0,14,1
2025-07-26,677958,19,5,3,6.299426483870968,19.0,11,2
2025-07-26,678495,4,3,0,0.247,4.0,1,0
2025-07-26,680730,25,4,1,8.682497,25.0,20,1
2025-07-26,680742,12,2,0,5.958,11.0,10,1
2025-07-26,680755,3,0,0,1.8561666666666667,3.0,3,1
2025-07-26,681190,17,2,1,6.447514399051928,17.0,13,4
2025-07-26,681517,9,2,0,1.895,9.0,7,0
2025-07-26,681870,3,0,1,0.8594970000000001,3.0,2,0
2025-07-26,681892,11,2,1,4.941846798387097,11.0,8,2
2025-07-26,681982,6,2,0,3.027212765957447,6.0,4,1
2025-07-26,682052,19,4,4,7.007585222222223,19.0,11,1
2025-07-26,682274,3,0,0,0.292,3.0,3,0
2025-07-26,683618,1,0,0,0.148,1.0,1,0
2025-07-26,683769,7,1,0,1.3739999999999999,7.0,6,0
2025-07-26,685126,5,3,0,1.5441875,5.0,2,0
2025-07-26,685314,1,1,0,0.0,1.0,0,0
2025-07-26,686613,21,5,2,6.138216222222223,21.0,14,1
2025-07-26,686751,4,2,0,0.703,4.0,2,0
2025-07-26,686752,24,6,4,5.057988,23.0,13,0
2025-07-26,686993,6,1,0,1.946,6.0,5,0
2025-07-26,687330,7,1,0,1.9983333333333333,7.0,6,0
2025-07-26,687911,3,2,0,0.055,3.0,1,0
2025-07-26,688642,4,0,1,2.7681184285714284,4.0,3,1
2025-07-26,689254,2,1,0,0.054,2.0,1,0
2025-07-26,690990,22,3,1,5.939497,22.0,18,0
2025-07-26,694361,5,1,1,1.404497,5.0,3,0
2025-07-26,695243,3,1,0,0.346,2.0,1,0
2025-07-26,695445,7,1,0,4.131994002072373,7.0,6,2
2025-07-26,696147,1,0,0,0.248,1.0,1,0
2025-07-26,701552,5,0,0,1.484289,4.0,4,0
2025-07-26,820862,3,0,2,3.3944940000000003,3.0,1,1
2025-07-27,445276,3,2,0,0.016,3.0,1,0
2025-07-27,453286,24,11,0,4.272491228070175,24.0,13,1
2025-07-27,458677,5,0,0,2.6020604285714284,5.0,4,1
2025-07-27,518489,6,0,0,3.5571739130434783,6.0,6,1
2025-07-27,519141,4,1,0,0.902,4.0,3,0
2025-07-27,543056,5,1,1,1.753497,5.0,3,0
2025-07-27,543294,21,3,1,7.8432287449991875,21.0,17,3
2025-07-27,547973,3,0,2,1.390994,3.0,1,0
2025-07-27,548384,2,0,0,0.72,2.0,2,0
2025-07-27,552640,4,2,0,0.9199565217391302,4.0,2,0
2025-07-27,554430,26,8,2,7.288111,26.0,13,0
2025-07-27,573204,3,2,0,0.62,3.0,1,0
2025-07-27,592426,7,1,3,3.115491,7.0,3,0
2025-07-27,592779,1,0,0,0.683,1.0,1,0
2025-07-27,593974,3,0,0,1.715,3.0,3,0
2025-07-27,595345,8,1,0,3.5765,8.0,7,0
2025-07-27,595928,7,0,0,4.0230227272727275,7.0,7,1
2025-07-27,596001,5,0,3,2.3624910000000003,5.0,2,0
2025-07-27,596133,3,1,0,0.195,3.0,2,0
2025-07-27,596295,21,2,3,8.846594593301436,21.0,15,3
2025-07-27,605540,25,6,3,6.387282666666667,25.0,16,0
2025-07-27,607074,21,8,1,6.764597,21.0,12,2
2025-07-27,608032,4,0,0,1.2052285714285715,4.0,4,1
2025-07-27,608372,23,8,2,5.645244,23.0,13,1
2025-07-27,608650,2,1,0,0.5220909090909092,2.0,1,0
2025-07-27,621111,23,4,5,9.896630454545454,23.0,14,2
2025-07-27,621242,6,2,2,2.115283,6.0,1,0
2025-07-27,621381,4,1,0,1.4729999999999999,4.0,3,0
2025-07-27,621383,5,0,1,1.576497,5.0,4,0
2025-07-27,622554,4,1,0,0.8280000000000001,4.0,3,0
2025-07-27,623474,4,1,0,1.032,4.0,3,0
2025-07-27,640448,4,1,0,1.165,4.0,3,0
2025-07-27,640451,3,0,0,0.515,3.0,3,0
2025-07-27,641302,4,1,1,0.889497,4.0,2,0
2025-07-27,641386,5,0,0,3.1394869337979094,5.0,5,2
2025-07-27,641941,3,1,0,0.305,3.0,2,0
2025-07-27,642207,3,2,0,0.076,3.0,1,0
2025-07-27,642397,3,1,0,0.28300000000000003,3.0,2,0
2025-07-27,642528,3,1,0,0.314,3.0,2,0
2025-07-27,643338,5,1,0,2.604,5.0,4,0
2025-07-27,643511,1,1,0,0.0,1.0,0,0
2025-07-27,656271,4,1,1,0.781497,3.0,1,0
2025-07-27,656427,24,7,1,4.249497,24.0,16,0
2025-07-27,656730,4,1,0,1.056,4.0,3,0
2025-07-27,657424,3,1,0,0.391,3.0,2,0
2025-07-27,657514,3,0,1,1.2211123846153846,3.0,2,0
2025-07-27,657571,3,0,0,0.2,3.0,3,0
2025-07-27,657585,3,2,0,0.871,3.0,1,0
2025-07-27,657612,3,0,0,1.127,3.0,3,0
2025-07-27,661395,5,0,0,2.212,5.0,5,0
2025-07-27,663455,4,0,0,1.96,4.0,4,0
2025-07-27,663465,3,2,0,0.055,3.0,1,0
2025-07-27,663485,9,2,0,3.515166666666667,9.0,7,1
2025-07-27,663546,5,0,1,1.697067476383266,4.0,4,2
2025-07-27,663568,24,2,3,7.164860565217392,24.0,19,1
2025-07-27,663574,2,1,0,0.556,2.0,1,0
2025-07-27,663623,26,2,0,8.570212121212121,26.0,24,2
2025-07-27,663804,4,0,1,1.247497,4.0,3,0
2025-07-27,663855,5,1,1,1.863497,5.0,3,0
2025-07-27,663903,26,8,1,7.171075,26.0,15,1
2025-07-27,663941,4,0,0,0.531,4.0,4,0
2025-07-27,663947,4,0,1,1.249497,4.0,3,0
2025-07-27,664192,5,0,0,1.3656545454545455,5.0,5,1
2025-07-27,664351,6,2,0,0.356,6.0,4,0
2025-07-27,666974,5,1,2,1.4709940000000001,5.0,2,0
2025-07-27,667463,9,0,1,2.667497,9.0,8,0
2025-07-27,668390,4,3,0,1.190857142857143,4.0,1,1
2025-07-27,668674,4,1,0,0.5640000000000001,4.0,3,0
2025-07-27,668678,25,5,1,6.615786,25.0,18,0
2025-07-27,668984,6,2,0,0.184,6.0,4,0
2025-07-27,669160,22,5,0,7.8526223333333345,22.0,16,2
2025-07-27,669302,22,7,3,6.86878,22.0,11,1
2025-07-27,669358,22,5,2,6.247994,22.0,15,0
2025-07-27,669372,21,4,0,4.482904384615384,21.0,16,0
2025-07-27,669387,8,4,0,1.308,8.0,4,0
2025-07-27,669438,3,1,0,0.488,3.0,2,0
2025-07-27,669622,3,1,0,0.43500000000000005,3.0,2,0
2025-07-27,669711,4,1,0,0.286,4.0,3,0
2025-07-27,669724,5,0,0,2.1559354838709677,5.0,5,1
2025-07-27,670036,7,2,0,2.2881111111111108,7.0,5,1
2025-07-27,672282,3,1,0,0.158,3.0,2,0
2025-07-27,672391,3,0,0,0.198,3.0,3,0
2025-07-27,672582,5,2,0,2.3577575757575753,5.0,3,1
2025-07-27,673540,24,3,5,10.354120301968635,24.0,16,2
2025-07-27,675848,3,2,0,0.159,3.0,1,0
2025-07-27,676130,3,1,0,0.9064545454545454,3.0,2,0
2025-07-27,676263,3,1,0,0.07200000000000001,3.0,2,0
2025-07-27,676282,19,4,4,5.335988,19.0,11,0
2025-07-27,676467,21,6,0,6.433964035964036,21.0,15,1
2025-07-27,676702,10,2,1,3.022497,10.0,7,0
2025-07-27,676760,6,3,1,0.711497,6.0,2,0
2025-07-27,676879,3,1,2,1.382994,3.0,0,0
2025-07-27,676961,7,1,1,2.756497,7.0,5,0
2025-07-27,676962,17,4,0,4.868643939393939,17.0,13,1
2025-07-27,677865,6,1,1,2.925497,6.0,4,0
2025-07-27,677955,5,0,1,1.7004970000000001,5.0,4,0
2025-07-27,678022,10,1,1,2.883497,10.0,8,0
2025-07-27,678024,5,1,2,1.862994,5.0,2,0
2025-07-27,678368,4,0,0,2.078340909090909,4.0,4,1
2025-07-27,678495,7,3,1,3.323422287356322,7.0,3,2
2025-07-27,678692,6,1,1,2.2911461228070173,6.0,4,1
2025-07-27,680732,21,8,1,5.001680333333333,21.0,12,1
2025-07-27,680736,8,1,1,3.613786,8.0,5,0
2025-07-27,682254,3,2,0,0.455,3.0,1,0
2025-07-27,682842,4,0,0,1.362,4.0,4,0
2025-07-27,683004,23,7,3,4.7723124285714285,23.0,13,1
2025-07-27,685126,3,1,1,0.811497,3.0,1,0
2025-07-27,686973,4,1,1,1.1744970000000001,4.0,2,0
2025-07-27,688158,3,0,0,0.856,3.0,3,0
2025-07-27,689266,10,4,0,2.2523636363636363,10.0,6,0
2025-07-27,691587,21,6,2,5.337438172413794,21.0,12,1
2025-07-27,691799,6,2,1,1.393497,6.0,3,0
2025-07-27,693821,19,3,4,9.409777786163522,19.0,11,2
2025-07-27,693855,3,0,0,0.27999999999999997,3.0,3,0
2025-07-27,694037,5,1,0,1.410289,5.0,3,0
2025-07-27,694973,23,9,1,3.9741997931034483,23.0,12,1
2025-07-27,700241,26,2,2,8.243994,25.0,22,0
2025-07-27,701519,19,3,2,7.905762476190477,19.0,12,0
2025-07-27,701552,10,4,0,2.4838529411764707,10.0,6,1
2025-07-27,702070,20,6,1,3.503786,20.0,12,0
2025-07-27,702352,15,3,1,5.872877952380953,15.0,11,1
2025-07-27,805299,3,0,1,0.830497,3.0,2,0
2025-07-27,806188,5,1,1,1.357,4.0,3,0
2025-07-28,445276,4,1,0,0.195,4.0,3,0
2025-07-28,448179,20,3,6,8.981773666666667,20.0,11,1
2025-07-28,472610,4,1,1,1.9283184285714285,4.0,2,1
2025-07-28,519151,4,0,0,1.059787878787879,4.0,4,1
2025-07-28,547184,6,1,0,1.105,6.0,5,0
2025-07-28,571510,25,2,5,9.434074583333333,25.0,18,2
2025-07-28,571927,4,1,0,1.3181794871794874,4.0,3,1
2025-07-28,572955,3,1,0,0.184,3.0,2,0
2025-07-28,573124,6,0,1,2.661786,6.0,4,0
2025-07-28,592094,3,1,0,0.032,3.0,2,0
2025-07-28,592454,5,1,1,2.0069328974358975,5.0,3,1
2025-07-28,592773,3,1,0,0.6359999999999999,3.0,2,0
2025-07-28,592779,4,1,0,0.598,4.0,3,0
2025-07-28,593423,23,3,2,8.747333,23.0,17,1
2025-07-28,593958,27,5,2,8.236917579109063,27.0,20,3
2025-07-28,594580,1,0,0,0.145,1.0,1,0
2025-07-28,594798,24,8,1,8.549056032634033,24.0,15,4
2025-07-28,595014,6,2,2,2.555994,6.0,2,0
2025-07-28,596133,3,1,0,0.457,3.0,2,0
2025-07-28,605130,5,1,2,2.448994,5.0,2,0
2025-07-28,605135,15,4,1,7.9659529523809525,14.0,9,3
2025-07-28,606160,4,0,2,1.657994,4.0,2,0
2025-07-28,608665,3,1,0,0.931,3.0,2,0
2025-07-28,608718,3,1,0,0.6494800000000001,3.0,2,0
2025-07-28,621051,3,1,0,0.85,3.0,2,0
2025-07-28,621107,22,3,1,9.558863705151465,21.0,18,3
2025-07-28,622491,26,4,0,6.771289,26.0,21,0
2025-07-28,623167,9,1,0,4.001865243902438,9.0,8,2
2025-07-28,623211,6,0,1,2.406497,6.0,5,0
2025-07-28,623352,3,2,0,0.72,3.0,1,0
2025-07-28,623437,5,1,0,1.126,5.0,4,0
2025-07-28,628452,3,0,0,0.356,3.0,3,0
2025-07-28,640448,3,1,0,0.308,3.0,2,0
2025-07-28,641401,5,1,0,2.3536451612903226,5.0,4,1
2025-07-28,641656,3,0,1,1.318497,3.0,2,0
2025-07-28,641755,4,1,1,0.842497,4.0,2,0
2025-07-28,642100,3,0,1,1.044497,3.0,2,0
2025-07-28,642397,5,1,0,2.002,5.0,4,0
2025-07-28,642701,4,0,0,0.688,4.0,4,0
2025-07-28,643377,3,2,0,0.0,2.0,0,0
2025-07-28,650556,4,3,1,0.691497,4.0,0,0
2025-07-28,650671,3,0,1,2.435497,3.0,2,0
2025-07-28,650893,6,2,0,1.3236486486486483,6.0,4,1
2025-07-28,650911,28,5,1,10.270146152542372,28.0,22,2
2025-07-28,656234,4,0,2,3.1836189999999993,4.0,2,1
2025-07-28,656302,24,9,5,7.6803583423013775,23.0,10,3
2025-07-28,656605,14,3,3,5.307491,14.0,8,0
2025-07-28,656686,6,4,0,1.163,6.0,2,0
2025-07-28,656730,1,1,0,0.0,1.0,0,0
2025-07-28,656794,3,0,0,0.48000000000000004,3.0,3,0
2025-07-28,656876,21,5,2,5.611994,21.0,14,0
2025-07-28,657097,7,4,0,1.6798529411764709,7.0,3,1
2025-07-28,657514,4,1,1,1.2384970000000002,4.0,2,0
2025-07-28,657612,5,0,0,1.823,5.0,5,0
2025-07-28,657649,2,1,0,0.461,2.0,1,0
2025-07-28,660896,4,1,2,1.4099940000000002,4.0,1,0
2025-07-28,661395,5,1,2,2.284994,5.0,2,0
2025-07-28,662253,3,1,0,0.996,3.0,2,0
2025-07-28,663158,4,1,0,2.3109502923976604,4.0,3,1
2025-07-28,663436,25,7,3,7.985831909090909,25.0,15,1
2025-07-28,663455,3,1,0,0.931,3.0,2,0
2025-07-28,663855,5,0,0,3.457578,5.0,3,0
2025-07-28,663893,6,1,1,4.599097000000001,6.0,4,1
2025-07-28,664076,3,0,0,1.431,3.0,3,0
2025-07-28,664126,5,1,0,1.8105,5.0,4,0
2025-07-28,664141,3,0,0,0.8332857142857142,3.0,3,0
2025-07-28,664199,5,1,1,1.245497,5.0,3,0
2025-07-28,664285,23,12,2,3.890994,23.0,9,0
2025-07-28,664991,4,0,0,0.977,4.0,4,0
2025-07-28,665660,4,3,0,0.888,4.0,1,0
2025-07-28,665795,25,4,3,7.909626396518376,25.0,18,1
2025-07-28,666171,6,3,0,1.113,6.0,3,0
2025-07-28,666374,3,0,1,1.344497,3.0,2,0
2025-07-28,666808,3,2,0,0.216,3.0,1,0
2025-07-28,667297,6,1,0,1.641,6.0,5,0
2025-07-28,668390,3,1,0,1.1465897435897434,3.0,2,1
2025-07-28,669084,5,1,1,1.895497,5.0,3,0
2025-07-28,669093,1,0,0,0.073,1.0,1,0
2025-07-28,669199,8,3,0,2.112474999999999,8.0,5,1
2025-07-28,669276,4,1,0,2.1430360360360368,4.0,3,1
2025-07-28,669467,23,4,1,5.309980193277311,23.0,18,1
2025-07-28,669674,7,0,2,2.9005091515151515,7.0,5,1
2025-07-28,669684,6,2,0,1.9627027931034482,6.0,3,1
2025-07-28,669704,4,0,1,1.657786,4.0,2,0
2025-07-28,669711,4,0,0,0.175,4.0,4,0
2025-07-28,670280,6,0,0,2.581,6.0,6,0
2025-07-28,670329,8,4,1,1.194497,8.0,3,0
2025-07-28,670955,6,4,0,0.285,6.0,2,0
2025-07-28,670970,5,4,0,0.712,5.0,1,0
2025-07-28,670990,11,1,2,4.535572,11.0,6,0
2025-07-28,671922,5,0,0,1.680289,4.0,4,0
2025-07-28,673929,5,1,1,0.703497,5.0,3,0
2025-07-28,674444,11,0,4,5.091491,10.0,7,1
2025-07-28,675512,24,5,0,3.720666666666667,24.0,19,0
2025-07-28,675911,25,3,2,6.653598789473684,25.0,19,1
2025-07-28,676263,1,0,0,0.054,1.0,1,0
2025-07-28,676661,1,0,0,0.197,1.0,1,0
2025-07-28,676664,20,6,3,7.060736454545455,20.0,11,1
2025-07-28,676684,4,0,0,2.2082889999999997,4.0,3,0
2025-07-28,676755,3,2,0,0.324,3.0,1,0
2025-07-28,677865,6,0,1,2.716078395348837,6.0,5,1
2025-07-28,677944,28,3,2,10.395260666666667,28.0,23,1
2025-07-28,678020,5,1,2,2.128994,5.0,2,0
2025-07-28,678226,5,0,0,1.31375,5.0,5,1
2025-07-28,678606,4,2,0,1.076,4.0,2,0
2025-07-28,679775,4,3,0,0.863,4.0,1,0
2025-07-28,680573,23,5,2,7.0382743030303025,23.0,16,2
2025-07-28,680689,1,1,0,0.0,1.0,0,0
2025-07-28,680742,6,0,1,2.0677192222222223,6.0,5,1
2025-07-28,680755,3,0,0,0.4673333333333333,3.0,3,0
2025-07-28,680767,7,2,2,1.611497,6.0,3,0
2025-07-28,681006,5,0,2,3.6496281463414637,5.0,2,1
2025-07-28,681882,4,0,0,0.663,4.0,4,0
2025-07-28,681911,4,1,1,0.956497,4.0,2,0
2025-07-28,681982,3,1,0,1.559289,3.0,1,0
2025-07-28,682120,5,0,2,1.9521606666666667,5.0,3,0
2025-07-28,682842,4,1,0,1.476289,4.0,2,0
2025-07-28,683232,3,2,0,0.6272500000000001,3.0,1,1
2025-07-28,683769,4,1,0,1.3161666666666667,4.0,3,1
2025-07-28,684974,4,0,2,1.7329940000000001,4.0,2,0
2025-07-28,686751,7,1,1,1.509497,7.0,5,0
2025-07-28,686799,22,3,6,5.353988,19.0,12,0
2025-07-28,686993,2,0,0,0.78,2.0,2,0
2025-07-28,687134,24,7,0,5.7330000000000005,23.0,16,0
2025-07-28,687396,5,3,0,0.07500000000000001,5.0,2,0
2025-07-28,687911,5,2,1,1.6132697272727274,5.0,2,1
2025-07-28,687931,22,3,2,7.715085228070175,22.0,17,2
2025-07-28,688158,1,0,0,0.6652777777777777,1.0,1,1
2025-07-28,689254,5,1,0,1.545,5.0,4,0
2025-07-28,690916,17,2,3,8.552948521645021,17.0,12,3
2025-07-28,691799,3,2,0,0.9708809523809524,3.0,1,1
2025-07-28,693313,14,3,2,4.668696702702703,14.0,9,1
2025-07-28,693645,23,5,4,8.994654666666667,23.0,14,2
2025-07-28,694335,6,1,1,2.948497,6.0,4,0
2025-07-28,694819,17,7,2,2.713994,17.0,8,0
2025-07-28,695418,18,2,1,4.369497,18.0,15,0
2025-07-28,695505,26,10,1,5.325247,25.0,15,1
2025-07-28,808967,27,9,2,5.180994,27.0,16,0
2025-07-29,434378,22,7,1,6.004639857142857,22.0,14,2
2025-07-29,445276,4,1,0,0.274,4.0,3,0
2025-07-29,450203,29,2,3,10.808540498746867,28.0,23,2
2025-07-29,458677,5,1,0,3.151222222222222,5.0,4,1
2025-07-29,518489,2,0,0,0.232,2.0,2,0
2025-07-29,519141,4,1,1,2.222452555555556,4.0,2,1
2025-07-29,519151,7,2,2,3.5583576363636364,7.0,3,1
2025-07-29,542888,4,1,0,1.684578,4.0,1,0
2025-07-29,543243,24,5,1,6.786234198067633,23.0,17,2
2025-07-29,543859,8,1,0,3.726289,8.0,6,1
2025-07-29,547184,6,1,0,1.778,6.0,5,0
2025-07-29,547973,1,1,0,0.0,1.0,0,0
2025-07-29,552640,4,1,1,1.7254969999999998,4.0,2,0
2025-07-29,571578,22,6,3,5.47078,21.0,11,0
2025-07-29,571927,6,0,0,1.387,6.0,6,0
2025-07-29,579328,26,5,0,9.037539,26.0,20,0
2025-07-29,592351,8,1,3,4.650491,8.0,4,0
2025-07-29,592426,6,2,0,0.46799999999999997,6.0,4,0
2025-07-29,593974,4,0,0,1.055,3.0,3,0
2025-07-29,595928,4,0,0,1.206,4.0,4,0
2025-07-29,605130,3,0,0,0.15300000000000002,3.0,3,0
2025-07-29,605177,4,0,1,2.2864970000000002,4.0,3,0
2025-07-29,605447,3,1,0,0.086,3.0,2,0
2025-07-29,606160,4,0,1,1.5434970000000001,4.0,3,0
2025-07-29,606965,6,0,1,4.044815965517242,6.0,5,2
2025-07-29,607067,21,2,1,7.594825138639281,20.0,18,3
2025-07-29,607192,20,3,5,7.816648801452785,20.0,12,2
2025-07-29,607200,20,3,2,6.597394265957447,20.0,15,1
2025-07-29,607455,3,0,0,0.558,3.0,3,0
2025-07-29,607481,5,1,1,2.563497,5.0,3,0
2025-07-29,607625,27,5,4,12.837208454545454,27.0,18,3
2025-07-29,608032,4,0,0,1.441,4.0,4,0
2025-07-29,608331,27,9,2,5.5982061212121215,27.0,16,1
2025-07-29,608337,26,5,2,7.351104428571428,26.0,18,1
2025-07-29,621139,4,0,1,0.939497,4.0,3,0
2025-07-29,622554,3,2,0,0.722289,3.0,0,0
2025-07-29,622663,22,6,2,6.560994,21.0,13,0
2025-07-29,623352,3,3,0,0.0,3.0,0,0
2025-07-29,623474,9,2,0,3.010755666666667,9.0,6,1
2025-07-29,640451,1,0,0,0.148,1.0,1,0
2025-07-29,640455,18,4,0,4.673171428571428,17.0,14,1
2025-07-29,641329,3,1,0,0.567,3.0,2,0
2025-07-29,641401,4,0,0,1.635761904761905,4.0,4,1
2025-07-29,641778,21,4,1,7.371644058823529,21.0,16,0
2025-07-29,641941,5,1,1,1.3541123846153846,5.0,3,0
2025-07-29,642016,6,0,0,2.2386486486486485,6.0,6,1
2025-07-29,642207,6,1,1,1.8554970000000002,6.0,4,0
2025-07-29,642528,5,0,0,1.362,5.0,5,0
2025-07-29,642701,3,2,0,0.474,3.0,1,0
2025-07-29,643338,7,1,0,3.6971099491237984,7.0,6,2
2025-07-29,643511,7,1,0,1.592,7.0,6,0
2025-07-29,645261,21,4,3,7.900262548387096,21.0,12,1
2025-07-29,645305,6,1,0,2.212504761904762,6.0,5,1
2025-07-29,645444,5,0,0,2.7279999999999998,5.0,5,0
2025-07-29,647336,15,4,0,4.626870395348837,15.0,10,1
2025-07-29,650556,6,2,1,1.942497,6.0,3,0
2025-07-29,656186,7,1,0,1.075,7.0,6,0
2025-07-29,656271,2,0,0,0.899,2.0,2,0
2025-07-29,656457,5,1,1,2.6817589047619053,5.0,3,1
2025-07-29,656546,6,1,0,2.2971778888888887,6.0,4,1
2025-07-29,656686,5,2,1,1.413786,4.0,1,0
2025-07-29,656794,4,3,0,0.059,4.0,1,0
2025-07-29,656986,4,2,0,0.013999999999999999,4.0,2,0
2025-07-29,660853,10,0,1,4.23415325,10.0,9,1
2025-07-29,660896,5,1,0,1.469,5.0,4,0
2025-07-29,663485,3,0,0,0.411,3.0,3,0
2025-07-29,663554,12,2,3,4.058491,12.0,7,0
2025-07-29,663559,19,1,4,8.107185458455524,19.0,14,2
2025-07-29,663574,3,0,0,0.423,3.0,3,0
2025-07-29,663765,4,1,0,1.387,4.0,3,0
2025-07-29,663804,6,1,0,0.765,6.0,5,0
2025-07-29,663941,3,1,0,0.552,3.0,2,0
2025-07-29,663947,3,2,0,0.267,3.0,1,0
2025-07-29,664192,3,0,0,0.067,3.0,3,0
2025-07-29,664747,4,0,0,0.565,4.0,4,0
2025-07-29,665660,5,1,2,1.465994,5.0,2,0
2025-07-29,666157,22,11,1,4.494288666666667,22.0,10,0
2025-07-29,666200,26,4,1,5.125969527472527,26.0,21,1
2025-07-29,666974,3,0,0,1.66125,3.0,3,0
2025-07-29,667463,2,0,0,0.374,2.0,2,0
2025-07-29,668674,6,1,0,1.122,5.0,4,0
2025-07-29,668933,7,2,1,3.208497,7.0,4,0
2025-07-29,668970,4,3,1,0.691497,4.0,0,0
2025-07-29,669093,3,1,0,0.017,3.0,2,0
2025-07-29,669211,4,0,1,1.579497,4.0,3,0
2025-07-29,669371,3,1,1,0.691497,3.0,1,0
2025-07-29,669438,3,1,0,0.011,2.0,1,0
2025-07-29,669920,20,6,2,5.679494,20.0,12,0
2025-07-29,670036,5,2,0,1.255,5.0,3,0
2025-07-29,670167,3,1,0,0.726,3.0,2,0
2025-07-29,670970,3,1,0,0.46,3.0,2,0
2025-07-29,671106,28,3,1,9.460556523809524,28.0,24,2
2025-07-29,671131,6,1,0,1.192,6.0,5,0
2025-07-29,671212,18,6,3,5.68075800898588,18.0,9,2
2025-07-29,672282,4,2,0,0.33899999999999997,4.0,2,0
2025-07-29,672582,4,0,1,1.398497,4.0,3,0
2025-07-29,672841,6,0,1,1.433497,5.0,5,0
2025-07-29,673513,3,1,0,0.098,3.0,2,0
2025-07-29,676130,11,1,2,4.413994000000001,11.0,8,0
2025-07-29,676254,5,2,0,1.161,5.0,3,0
2025-07-29,676263,3,0,0,0.393,3.0,3,0
2025-07-29,676428,10,3,0,1.9441666666666668,10.0,7,1
2025-07-29,676477,4,2,0,0.896,4.0,2,0
2025-07-29,676508,4,1,0,0.195,4.0,3,0
2025-07-29,676534,4,2,1,1.393497,4.0,1,0
2025-07-29,676760,4,1,0,0.8130000000000001,4.0,3,0
2025-07-29,676879,12,2,1,3.538497,12.0,9,0
2025-07-29,676961,7,1,1,1.9887860000000002,7.0,4,0
2025-07-29,677952,9,1,0,1.5143333333333333,9.0,8,0
2025-07-29,677955,3,1,1,1.019497,3.0,1,0
2025-07-29,678368,6,3,1,1.1014970000000002,6.0,2,0
2025-07-29,678692,3,1,0,0.352,3.0,2,0
2025-07-29,681517,1,0,0,0.328,1.0,1,0
2025-07-29,681751,21,6,1,8.207187509834775,21.0,12,2
2025-07-29,681892,10,1,2,2.769994,10.0,7,0
2025-07-29,681911,3,2,0,0.007,3.0,1,0
2025-07-29,682120,4,2,0,2.0519561659848042,4.0,2,2
2025-07-29,682254,5,1,2,2.454994,5.0,2,0
2025-07-29,682274,8,1,0,1.591,8.0,7,0
2025-07-29,682990,26,3,2,8.05278187878788,25.0,20,1
2025-07-29,683409,11,0,1,3.632497,11.0,10,0
2025-07-29,684320,4,0,1,1.083497,4.0,3,0
2025-07-29,685299,19,2,2,8.72606296551724,19.0,15,2
2025-07-29,686563,26,3,2,10.396702333333334,26.0,21,2
2025-07-29,686701,19,4,4,5.661988,19.0,11,0
2025-07-29,686973,6,0,0,2.3658,6.0,6,0
2025-07-29,687064,25,6,2,6.353994,24.0,17,0
2025-07-29,687330,4,1,0,3.304515151515152,4.0,3,2
2025-07-29,687911,6,1,0,1.524,6.0,5,0
2025-07-29,687922,15,1,2,6.334711460317461,15.0,12,1
2025-07-29,688138,24,7,2,8.723033000000001,24.0,14,1
2025-07-29,691251,13,1,1,5.440497,12.0,11,0
2025-07-29,693855,3,1,0,1.2795,3.0,2,0
2025-07-29,694297,25,3,0,11.112906643625191,25.0,22,4
2025-07-29,694335,7,0,0,2.8106875000000002,7.0,7,1
2025-07-29,695445,5,1,1,1.369497,5.0,3,0
2025-07-29,701487,15,4,1,6.653826918509164,15.0,10,3
2025-07-29,805299,6,0,0,3.3252889999999997,6.0,5,0
2025-07-30,506433,23,7,0,2.299,23.0,16,0
2025-07-30,542888,3,1,0,0.253,3.0,2,0
2025-07-30,543135,27,4,2,7.385994,27.0,21,0
2025-07-30,548384,4,0,1,0.9924970000000001,4.0,3,0
2025-07-30,552640,3,1,0,0.075,3.0,2,0
2025-07-30,571945,23,5,0,7.469,23.0,18,2
2025-07-30,571948,3,1,0,0.7843749999999999,3.0,2,0
2025-07-30,572955,1,0,0,0.553,1.0,1,0
2025-07-30,573204,3,0,0,1.045,3.0,3,0
2025-07-30,592094,3,2,0,0.031,3.0,1,0
2025-07-30,592454,5,1,0,2.2033,5.0,4,2
2025-07-30,592773,3,1,0,0.20500000000000002,3.0,2,0
2025-07-30,592836,22,0,0,11.680319757953631,22.0,21,5
2025-07-30,593576,5,1,1,1.703497,5.0,3,0
2025-07-30,594580,3,0,1,1.358497,3.0,2,0
2025-07-30,595014,3,1,0,0.5,3.0,2,0
2025-07-30,595345,3,2,0,0.5566666666666666,3.0,1,0
2025-07-30,596001,7,2,0,2.34135294117647,7.0,5,1
2025-07-30,596133,5,1,1,1.918247,5.0,3,0
2025-07-30,605130,3,0,0,1.0879999999999999,3.0,3,0
2025-07-30,605280,24,3,2,10.648914105263158,24.0,17,1
2025-07-30,605488,21,7,1,5.029764307692308,21.0,13,1
2025-07-30,607259,23,7,2,6.907667076923077,23.0,14,2
2025-07-30,607455,4,2,1,1.132497,4.0,1,0
2025-07-30,607536,12,0,0,4.198615384615385,12.0,12,0
2025-07-30,608032,3,0,0,1.27,3.0,3,1
2025-07-30,608334,5,1,0,1.62,5.0,4,0
2025-07-30,615698,20,3,2,4.226271777777778,20.0,15,1
2025-07-30,621051,6,1,0,1.343625,6.0,5,1
2025-07-30,621244,20,3,0,7.6779,20.0,17,3
2025-07-30,621383,4,0,0,0.5940000000000001,4.0,4,0
2025-07-30,622554,3,2,0,0.27,3.0,1,0
2025-07-30,623437,5,2,2,1.6119940000000001,5.0,1,0
2025-07-30,628452,3,1,0,0.912,3.0,2,0
2025-07-30,640451,5,0,0,1.6940000000000002,5.0,5,0
2025-07-30,641302,14,3,1,4.142818428571429,14.0,10,0
2025-07-30,641329,6,0,0,2.5661666666666667,6.0,6,1
2025-07-30,641745,7,1,0,1.127,7.0,6,0
2025-07-30,641793,21,4,4,7.783515183600713,21.0,13,1
2025-07-30,642100,2,2,0,0.0,2.0,0,0
2025-07-30,642207,5,0,1,2.341297,5.0,4,1
2025-07-30,642547,21,3,4,8.838868,21.0,14,1
2025-07-30,643377,3,0,0,1.9529999999999998,3.0,3,0
2025-07-30,656546,3,1,0,0.11599999999999999,3.0,2,0
2025-07-30,657277,26,11,4,7.927277,26.0,10,1
2025-07-30,657424,4,0,1,0.976497,4.0,3,0
2025-07-30,657585,5,2,1,1.0614970000000001,5.0,2,0
2025-07-30,657612,3,0,0,0.577,3.0,3,0
2025-07-30,657649,4,0,1,2.467786,4.0,2,0
2025-07-30,660271,15,4,1,4.513497,15.0,10,0
2025-07-30,660604,4,1,0,0.441,4.0,3,0
2025-07-30,660787,2,1,0,0.122,2.0,1,0
2025-07-30,660825,4,1,0,0.756,4.0,3,0
2025-07-30,663158,4,1,0,1.0759999999999998,4.0,3,0
2025-07-30,663455,3,2,0,0.6542631578947369,3.0,1,0
2025-07-30,663465,11,5,0,1.2089999999999999,11.0,6,0
2025-07-30,663485,4,2,1,1.298497,4.0,1,0
2025-07-30,663562,8,3,0,3.8972173314669654,8.0,4,1
2025-07-30,663574,4,1,0,1.8145175714285715,4.0,2,1
2025-07-30,663671,5,0,1,1.9914969999999999,5.0,4,0
2025-07-30,663893,2,1,0,0.158,2.0,1,0
2025-07-30,663941,5,0,1,0.933497,5.0,4,0
2025-07-30,663969,9,3,1,2.3064970000000002,9.0,5,0
2025-07-30,663978,20,5,0,4.963615384615385,20.0,15,1
2025-07-30,664076,3,1,0,0.422,3.0,2,0
2025-07-30,664126,4,1,0,1.50525,4.0,3,0
2025-07-30,664199,3,1,0,0.487,3.0,2,0
2025-07-30,664351,5,1,2,1.541994,5.0,2,0
2025-07-30,664991,5,1,1,2.0926918051948054,5.0,3,1
2025-07-30,665019,6,0,0,3.6521694978186208,6.0,6,3
2025-07-30,665152,22,5,2,6.198815428571429,21.0,14,1
2025-07-30,666214,22,7,3,5.463991,22.0,12,0
2025-07-30,666808,4,3,0,0.302,4.0,1,0
2025-07-30,666974,7,0,0,3.8840344545454544,7.0,6,1
2025-07-30,667755,27,7,2,7.568873007864489,27.0,18,3
2025-07-30,668674,4,0,0,0.6839999999999999,4.0,4,0
2025-07-30,668834,8,2,0,2.939750000000001,8.0,6,1
2025-07-30,668941,5,1,0,0.411,5.0,4,0
2025-07-30,669022,25,4,1,8.392487086956521,25.0,19,1
2025-07-30,669084,6,1,0,2.113390243902439,6.0,5,1
2025-07-30,669194,23,8,0,8.00393510638298,23.0,15,2
2025-07-30,669276,4,1,0,1.204,4.0,3,0
2025-07-30,669371,5,0,1,2.217224272727273,5.0,4,1
2025-07-30,669387,7,0,0,0.769,6.0,7,0
2025-07-30,669438,3,1,0,0.07100000000000001,3.0,2,0
2025-07-30,669674,4,2,0,0.958,4.0,2,0
2025-07-30,669684,6,0,0,1.392,6.0,6,0
2025-07-30,669704,6,0,1,2.301497,6.0,5,0
2025-07-30,669724,7,0,1,2.7131548947368422,7.0,6,1
2025-07-30,670036,1,1,0,0.0,1.0,0,0
2025-07-30,670167,3,3,0,0.0,3.0,0,0
2025-07-30,670329,5,2,1,2.380663666666667,5.0,2,1
2025-07-30,670955,4,2,0,0.8310000000000001,4.0,2,0
2025-07-30,671922,3,0,0,0.47700000000000004,3.0,3,0
2025-07-30,672282,5,2,0,2.501641975308642,5.0,3,1
2025-07-30,672582,4,0,0,0.347,4.0,4,0
2025-07-30,674444,3,1,0,0.47800000000000004,3.0,2,0
2025-07-30,675848,9,4,0,0.565,9.0,5,0
2025-07-30,676254,4,0,1,1.010497,4.0,3,0
2025-07-30,676395,3,2,0,0.012,3.0,1,0
2025-07-30,676534,3,1,0,0.308,3.0,2,0
2025-07-30,676617,4,1,0,0.5800000000000001,4.0,3,0
2025-07-30,676661,7,0,0,4.742675438596491,7.0,7,1
2025-07-30,676755,8,3,0,1.192,7.0,5,0
2025-07-30,677955,6,0,2,2.331994,6.0,4,0
2025-07-30,678022,7,0,0,2.1745600000000005,7.0,7,1
2025-07-30,678024,14,3,0,3.2323333333333335,14.0,11,0
2025-07-30,678226,1,0,0,0.664,1.0,1,0
2025-07-30,678394,28,4,4,10.278351636363636,28.0,20,1
2025-07-30,678692,3,2,1,0.691497,3.0,0,0
2025-07-30,679775,6,0,0,2.935909090909091,6.0,6,0
2025-07-30,680742,7,3,1,1.494497,7.0,3,0
2025-07-30,680755,2,2,0,0.0,2.0,0,0
2025-07-30,680767,7,2,0,2.611,7.0,5,0
2025-07-30,681347,22,7,1,4.539497,22.0,14,0
2025-07-30,681517,1,0,0,1.3558,1.0,1,1
2025-07-30,681982,5,3,0,0.424,5.0,2,0
2025-07-30,682825,5,0,1,1.641497,5.0,4,0
2025-07-30,683769,3,2,0,0.413,3.0,1,0
2025-07-30,684007,20,8,0,4.470753086419753,20.0,12,2
2025-07-30,684320,7,0,2,3.451994,7.0,5,0
2025-07-30,685126,2,1,0,1.294395061728395,2.0,1,1
2025-07-30,685314,8,2,1,1.813497,8.0,5,0
2025-07-30,686218,15,5,3,4.146965999999999,15.0,7,1
2025-07-30,686751,3,1,0,0.8038437499999997,3.0,2,1
2025-07-30,686993,5,0,1,2.5227192222222223,5.0,4,1
2025-07-30,687330,2,0,1,0.7642380952380952,1.0,1,1
2025-07-30,687396,5,3,0,0.478,5.0,2,0
2025-07-30,687473,22,5,1,4.294497,22.0,16,0
2025-07-30,689254,4,3,0,0.901,4.0,1,0
2025-07-30,693433,27,6,1,8.34564554046361,26.0,20,4
2025-07-30,694037,4,1,0,0.694,4.0,3,0
2025-07-30,694350,3,1,0,0.313,3.0,2,0
2025-07-30,696147,4,0,1,2.7544969999999998,4.0,3,0
2025-07-30,701542,24,4,1,7.551377952380952,24.0,19,1
2025-07-30,702352,1,0,0,0.161,1.0,1,0
2025-07-30,805673,21,4,0,9.21935,21.0,17,2
2025-07-31,471911,27,5,2,7.248423223744293,26.0,19,1
2025-07-31,572955,4,1,0,0.6960000000000001,4.0,3,0
2025-07-31,573186,21,3,0,8.901789707370524,21.0,17,2
2025-07-31,594580,5,1,0,1.388,5.0,4,0
2025-07-31,608718,5,2,0,0.471,5.0,3,0
2025-07-31,628452,3,1,0,0.356,3.0,2,0
2025-07-31,641540,5,0,0,3.3818260869565218,5.0,5,0
2025-07-31,641755,6,1,1,2.126497,6.0,4,0
2025-07-31,641941,3,0,0,0.77675,3.0,3,0
2025-07-31,642528,4,1,0,1.099,4.0,3,0
2025-07-31,656641,7,1,1,2.868497,7.0,5,0
2025-07-31,657571,3,0,0,1.208,3.0,3,0
2025-07-31,660787,9,5,0,1.158,9.0,4,0
2025-07-31,663423,6,2,0,0.642,6.0,4,0
2025-07-31,668933,8,1,0,1.927,8.0,7,0
2025-07-31,668984,1,1,0,0.0,1.0,0,0
2025-07-31,669276,6,0,1,2.4328779523809527,6.0,5,1
2025-07-31,669923,22,6,2,4.256872542510122,22.0,14,0
2025-07-31,671096,25,1,5,8.78951625,25.0,19,1
2025-07-31,677958,22,3,2,9.377994000000001,22.0,17,1
2025-07-31,680689,4,0,1,2.435497,4.0,3,0
2025-07-31,681168,7,3,0,1.131,7.0,4,0
2025-07-31,682254,1,0,0,0.169,1.0,1,0
2025-07-31,686752,21,4,3,7.759248575757575,21.0,14,2
2025-07-31,687330,3,0,1,1.145497,3.0,2,0
2025-07-31,697812,11,5,0,2.2712857142857144,11.0,6,0
2025-08-01,472610,4,1,0,1.776,4.0,3,0
2025-08-01,477132,24,3,0,5.77,24.0,21,1
2025-08-01,500779,23,4,2,8.102382206349207,23.0,16,3
2025-08-01,542881,26,5,2,8.156807095238095,26.0,19,3
2025-08-01,543056,3,2,0,0.096,3.0,1,0
2025-08-01,543101,16,0,3,6.01378,16.0,12,0
2025-08-01,543859,4,0,0,1.7322334444444443,4.0,3,0
2025-08-01,547973,3,1,0,0.08499999999999999,3.0,2,0
2025-08-01,552640,3,2,0,0.41,3.0,1,0
2025-08-01,571760,18,1,1,8.09022806060606,18.0,16,3
2025-08-01,571948,7,0,1,2.7956398571428576,7.0,6,1
2025-08-01,573204,3,1,0,0.452,3.0,2,0
2025-08-01,592332,24,5,0,8.258907348285813,24.0,19,4
2025-08-01,592662,26,6,1,7.8728894482758625,26.0,18,1
2025-08-01,592773,6,2,1,1.871497,6.0,3,0
2025-08-01,595928,7,1,0,0.9530000000000001,7.0,6,0
2025-08-01,601713,22,5,0,5.7636148852657,22.0,17,3
2025-08-01,605130,3,1,0,0.727,3.0,2,0
2025-08-01,605177,5,0,0,1.8880000000000001,5.0,5,0
2025-08-01,607074,21,9,5,6.73689125,21.0,7,1
2025-08-01,608379,28,5,0,6.926852380952381,28.0,23,2
2025-08-01,621051,6,3,0,0.269,6.0,3,0
2025-08-01,621242,5,1,1,1.601497,5.0,3,0
2025-08-01,622608,10,0,2,7.350994,10.0,8,1
2025-08-01,623352,5,1,1,1.141497,5.0,3,0
2025-08-01,623437,4,0,0,1.4809999999999999,4.0,4,0
2025-08-01,623474,10,3,1,3.155628105263158,10.0,5,0
2025-08-01,624133,25,5,0,6.181685897435898,25.0,20,3
2025-08-01,641401,5,1,0,1.7994062500000003,5.0,4,1
2025-08-01,641672,5,1,0,2.042535714285714,5.0,4,1
2025-08-01,641745,4,2,1,0.700497,4.0,1,0
2025-08-01,641941,6,1,1,2.7813095,6.0,4,1
2025-08-01,642100,5,2,0,0.996,5.0,3,0
2025-08-01,642528,3,0,0,2.017289,3.0,2,0
2025-08-01,642701,6,1,1,3.9384005639412996,6.0,4,2
2025-08-01,650556,3,0,0,0.33,3.0,3,0
2025-08-01,656186,4,0,1,2.499786,4.0,2,0
2025-08-01,656222,1,0,0,0.074,1.0,1,0
2025-08-01,656234,5,1,1,3.3679345000000005,5.0,3,2
2025-08-01,656427,23,7,3,6.714047910569106,23.0,13,2
2025-08-01,656794,4,1,1,1.018497,4.0,2,0
2025-08-01,656849,24,4,2,7.326765428571428,24.0,18,2
2025-08-01,656986,2,0,0,0.9158437499999998,2.0,2,1
2025-08-01,657746,24,4,1,5.5871845,24.0,19,1
2025-08-01,660825,3,1,0,0.7076315789473685,3.0,2,1
2025-08-01,661395,3,0,0,0.308,3.0,3,0
2025-08-01,663158,3,0,0,1.302,3.0,3,0
2025-08-01,663485,4,1,0,1.0152889999999999,4.0,2,0
2025-08-01,663574,5,2,1,2.565354142857143,5.0,2,1
2025-08-01,663671,3,1,0,0.231,3.0,2,0
2025-08-01,663765,13,1,1,4.310330333333333,13.0,11,1
2025-08-01,663903,23,10,1,3.753497,22.0,12,0
2025-08-01,663947,4,0,1,1.7464970000000002,4.0,3,0
2025-08-01,664076,3,1,0,0.507,3.0,2,0
2025-08-01,664192,4,0,1,1.728497,4.0,3,0
2025-08-01,664208,4,1,1,1.5113499411764708,4.0,2,1
2025-08-01,664854,5,3,0,1.276,5.0,2,0
2025-08-01,665660,3,0,0,0.6859999999999999,3.0,3,0
2025-08-01,666374,2,0,0,0.799,2.0,2,0
2025-08-01,666808,5,0,1,2.019497,5.0,4,0
2025-08-01,667297,4,1,1,1.024497,4.0,2,0
2025-08-01,668834,13,1,2,6.333025174089069,13.0,10,2
2025-08-01,668909,23,8,2,5.239994,23.0,13,0
2025-08-01,669199,5,2,1,2.6966508461538465,5.0,2,1
2025-08-01,669302,24,7,0,5.784289,24.0,16,0
2025-08-01,669358,25,8,2,7.714840153846154,25.0,15,1
2025-08-01,669432,28,8,0,7.347427815539346,28.0,20,3
2025-08-01,669459,4,1,1,0.762497,4.0,2,0
2025-08-01,669461,20,1,2,6.915293749687108,20.0,17,2
2025-08-01,669622,6,1,0,2.3730958904109594,6.0,5,1
2025-08-01,669711,3,0,0,0.5940909090909092,3.0,3,0
2025-08-01,669724,5,2,0,1.5819999999999999,4.0,2,0
2025-08-01,670280,9,2,0,2.098193548387097,8.0,6,1
2025-08-01,670329,4,1,0,0.646,4.0,3,0
2025-08-01,670990,10,3,1,4.04619665034965,10.0,6,2
2025-08-01,671131,7,0,1,2.7704969999999998,7.0,6,0
2025-08-01,671922,6,3,0,0.46299999999999997,6.0,3,0
2025-08-01,673929,5,4,0,0.017,5.0,1,0
2025-08-01,676083,22,4,1,7.093558827956989,22.0,17,2
2025-08-01,676130,3,0,1,1.212497,3.0,2,1
2025-08-01,676254,3,0,0,0.14300000000000002,3.0,3,0
2025-08-01,676395,2,0,0,1.994,2.0,2,1
2025-08-01,676428,2,1,0,0.092,2.0,1,0
2025-08-01,676477,4,1,0,1.7756037735849057,4.0,3,1
2025-08-01,676684,3,1,0,1.342,3.0,2,1
2025-08-01,676879,5,0,0,1.5050000000000001,5.0,5,0
2025-08-01,678368,12,2,0,5.492765079365078,12.0,9,2
2025-08-01,678495,5,1,1,1.530786,5.0,2,0
2025-08-01,680730,25,3,1,9.612594611966033,25.0,21,2
2025-08-01,680736,10,5,0,2.01,10.0,5,0
2025-08-01,680755,3,0,1,1.719497,3.0,2,0
2025-08-01,681343,18,4,4,7.0469436666666665,18.0,9,1
2025-08-01,681676,4,0,0,0.656,4.0,4,0
2025-08-01,681867,27,4,2,9.069967939393939,27.0,21,3
2025-08-01,681870,4,1,0,1.5662889999999998,4.0,2,0
2025-08-01,681892,4,1,1,1.131,3.0,2,0
2025-08-01,681982,5,1,0,1.827,5.0,4,0
2025-08-01,682052,21,5,2,4.869994,21.0,14,0
2025-08-01,682254,3,2,0,0.01,3.0,1,0
2025-08-01,683004,19,7,3,4.774748777777778,19.0,9,0
2025-08-01,683409,12,2,1,2.792497,12.0,9,0
2025-08-01,683769,2,1,0,0.203,2.0,1,0
2025-08-01,686613,27,6,1,7.600786,26.0,19,0
2025-08-01,686973,3,1,0,0.375,3.0,2,0
2025-08-01,687223,15,3,5,5.087770714285714,15.0,7,0
2025-08-01,687396,4,0,1,1.903497,4.0,3,0
2025-08-01,689147,4,0,0,0.7649999999999999,4.0,4,0
2025-08-01,689254,7,0,1,4.724767594653573,7.0,6,2
2025-08-01,689266,5,3,0,1.2609555555555558,5.0,2,1
2025-08-01,690990,19,3,3,7.383927274509804,18.0,12,2
2025-08-01,691251,11,1,1,6.3270341120107965,11.0,9,2
2025-08-01,691799,2,0,0,1.2113333333333334,2.0,2,0
2025-08-01,693312,7,2,0,1.217,7.0,5,0
2025-08-01,693821,25,5,2,6.589497,24.0,18,0
2025-08-01,693855,7,4,0,0.966,7.0,3,0
2025-08-01,694037,4,0,0,1.1751666666666665,4.0,4,0
2025-08-01,694335,7,2,0,2.422289,7.0,4,0
2025-08-01,694350,4,1,0,0.686,4.0,3,0
2025-08-01,695243,4,1,0,1.322,4.0,3,0
2025-08-01,699911,6,1,0,1.5470000000000002,6.0,5,0
2025-08-01,700669,4,1,0,1.725,4.0,3,0
2025-08-01,702795,10,2,0,4.3156699523809525,10.0,7,1
2025-08-01,802419,11,0,2,6.933092701298702,11.0,9,2
2025-08-01,806960,9,0,1,3.558497,9.0,8,0
2025-08-02,453286,24,5,0,7.018273845010128,24.0,18,2
2025-08-02,458677,2,2,0,0.0,2.0,0,0
2025-08-02,518489,3,0,1,1.751497,3.0,2,0
2025-08-02,518876,22,6,0,4.681877622377622,21.0,15,1
2025-08-02,542888,1,1,0,0.0,1.0,0,0
2025-08-02,543056,6,2,2,1.996994,5.0,2,0
2025-08-02,543294,19,2,2,6.033994,19.0,15,0
2025-08-02,547184,1,1,0,0.0,1.0,0,0
2025-08-02,547973,2,1,0,0.381,2.0,1,0
2025-08-02,548384,4,0,0,1.482,4.0,4,0
2025-08-02,554430,28,10,0,8.607298788961685,27.0,17,2
2025-08-02,571510,24,8,0,5.71965625,24.0,16,1
2025-08-02,571927,4,1,1,0.821497,4.0,2,0
2025-08-02,572955,3,0,0,0.9890000000000001,3.0,3,0
2025-08-02,573124,3,1,0,0.576,3.0,2,0
2025-08-02,573204,5,0,1,3.472330333333333,5.0,4,1
2025-08-02,593576,5,1,0,1.7867083333333333,5.0,4,1
2025-08-02,593974,3,2,0,0.052,3.0,1,0
2025-08-02,594580,4,1,0,2.7037096774193543,4.0,3,1
2025-08-02,595345,4,3,0,0.27,4.0,1,0
2025-08-02,596133,3,1,0,0.189,3.0,2,0
2025-08-02,596295,22,5,1,6.675305244491826,22.0,16,2
2025-08-02,605130,5,1,0,3.0130157740278785,5.0,4,2
2025-08-02,605447,1,0,0,0.07,1.0,1,0
2025-08-02,605483,20,8,0,3.58,20.0,12,0
2025-08-02,605540,20,8,1,3.6794393076923075,20.0,11,1
2025-08-02,607455,3,2,0,0.313,3.0,1,0
2025-08-02,608334,3,2,0,0.265,3.0,1,0
2025-08-02,608372,22,5,1,7.6813102832080205,22.0,16,4
2025-08-02,608665,3,0,0,0.649,3.0,3,0
2025-08-02,608718,12,2,0,4.285166666666667,7.0,5,1
2025-08-02,621111,23,0,3,11.591491,23.0,20,1
2025-08-02,621381,5,1,2,1.6709939999999999,5.0,2,0
2025-08-02,621383,4,0,0,3.331048780487806,4.0,4,1
2025-08-02,622491,19,4,1,6.162595890109889,19.0,13,1
2025-08-02,622554,4,0,0,0.6109999999999999,4.0,4,0
2025-08-02,628452,5,1,0,1.3108,5.0,4,0
2025-08-02,640448,4,1,0,0.347,4.0,3,0
2025-08-02,641386,6,0,1,1.363497,6.0,5,0
2025-08-02,641755,3,0,2,1.602994,3.0,1,0
2025-08-02,641927,22,4,1,8.224146511213341,22.0,17,3
2025-08-02,642100,3,0,0,0.696,3.0,3,0
2025-08-02,642397,3,2,0,0.375,3.0,1,0
2025-08-02,643511,4,0,0,0.842,4.0,4,0
2025-08-02,650644,22,8,2,3.634994,22.0,12,0
2025-08-02,650893,4,0,0,1.9427150349650348,4.0,4,1
2025-08-02,656234,3,2,0,0.054,3.0,1,0
2025-08-02,656271,5,1,1,1.711497,5.0,3,0
2025-08-02,656464,4,2,0,0.853,4.0,2,0
2025-08-02,656546,3,2,0,0.183,3.0,1,0
2025-08-02,656686,5,1,0,1.256,5.0,4,0
2025-08-02,656876,19,6,0,4.300736842105263,19.0,13,0
2025-08-02,657424,6,1,0,1.903,6.0,5,0
2025-08-02,657571,2,1,0,0.121,2.0,1,0
2025-08-02,657585,4,1,0,0.395,4.0,3,0
2025-08-02,657612,3,0,1,1.363497,3.0,2,0
2025-08-02,657649,4,0,1,0.7524970000000001,4.0,3,0
2025-08-02,660825,4,1,1,2.514507452961672,4.0,2,2
2025-08-02,660896,3,0,1,1.026497,3.0,2,0
2025-08-02,662253,4,0,0,1.4538809523809526,4.0,4,1
2025-08-02,663321,4,0,0,1.6938571428571432,4.0,4,1
2025-08-02,663623,21,2,2,9.205619,21.0,17,1
2025-08-02,663671,2,2,0,0.0,2.0,0,0
2025-08-02,663855,6,2,1,1.028497,6.0,3,0
2025-08-02,663893,3,0,0,0.927,2.0,3,0
2025-08-02,663941,12,1,1,5.657957428571429,12.0,9,1
2025-08-02,663969,3,0,0,0.22799999999999998,3.0,3,0
2025-08-02,664076,3,0,0,2.008,3.0,3,0
2025-08-02,664126,3,3,0,0.0,3.0,0,0
2025-08-02,664199,5,1,0,1.175,5.0,4,0
2025-08-02,664208,3,1,0,0.61,3.0,2,0
2025-08-02,664294,1,0,0,0.279,1.0,1,0
2025-08-02,664747,3,2,0,0.045,3.0,1,0
2025-08-02,664991,5,2,1,1.413497,5.0,2,0
2025-08-02,666171,3,1,0,0.9136153846153846,3.0,2,0
2025-08-02,666374,6,1,1,1.376,4.0,4,0
2025-08-02,666974,3,1,0,0.304,3.0,2,0
2025-08-02,668390,4,1,1,0.714497,4.0,2,0
2025-08-02,668678,27,3,0,9.034,27.0,24,0
2025-08-02,668941,7,0,1,3.1901532500000003,7.0,6,1
2025-08-02,668984,4,1,0,1.599,4.0,3,0
2025-08-02,669093,5,3,1,1.177497,5.0,1,0
2025-08-02,669211,5,2,2,1.8319940000000001,5.0,1,0
2025-08-02,669276,4,1,0,1.1457142857142857,4.0,3,1
2025-08-02,669372,22,2,5,7.790585,22.0,15,1
2025-08-02,669373,26,10,0,4.554022727272727,26.0,16,2
2025-08-02,670036,3,2,0,0.147,3.0,1,0
2025-08-02,670329,5,1,0,1.1406250000000002,5.0,4,1
2025-08-02,670955,6,2,0,0.316,6.0,4,0
2025-08-02,671131,5,0,0,2.531,5.0,5,0
2025-08-02,672282,3,1,0,1.061,3.0,2,0
2025-08-02,672391,3,2,1,0.691497,3.0,0,0
2025-08-02,672841,4,0,0,0.917,4.0,4,0
2025-08-02,673513,7,1,0,2.590289,7.0,5,0
2025-08-02,673540,20,4,3,8.064730956937801,20.0,12,3
2025-08-02,673929,3,0,0,0.41500000000000004,3.0,3,0
2025-08-02,674384,8,1,2,3.7866782105263157,7.0,4,1
2025-08-02,674444,2,0,1,1.5974970000000002,2.0,1,0
2025-08-02,675848,4,3,0,0.885,4.0,1,0
2025-08-02,676263,6,1,0,2.086826086956522,6.0,5,1
2025-08-02,676395,4,1,0,3.0315,4.0,3,1
2025-08-02,676440,24,5,2,8.219317565323566,24.0,17,3
2025-08-02,676467,21,6,1,8.014818428355959,21.0,13,3
2025-08-02,676477,4,0,0,1.832,4.0,4,0
2025-08-02,676534,3,1,0,0.67,3.0,2,0
2025-08-02,676661,3,1,0,0.711857142857143,3.0,2,0
2025-08-02,676684,5,2,0,3.089761904761905,5.0,3,1
2025-08-02,677952,11,2,0,2.911,10.0,8,0
2025-08-02,677955,4,0,1,1.482497,4.0,3,0
2025-08-02,678692,3,1,0,0.646,3.0,2,0
2025-08-02,678906,18,4,3,7.534069473684211,18.0,10,1
2025-08-02,680689,7,3,1,2.553497,7.0,3,0
2025-08-02,680735,4,1,0,0.7210000000000001,4.0,3,0
2025-08-02,680767,4,0,1,1.078497,4.0,3,0
2025-08-02,681168,4,1,0,0.5830000000000001,4.0,3,0
2025-08-02,681190,20,3,0,7.2379426807760145,20.0,17,3
2025-08-02,681517,5,1,0,1.056,5.0,4,0
2025-08-02,681870,5,3,0,0.531,5.0,2,0
2025-08-02,682825,6,2,0,1.856,6.0,4,0
2025-08-02,682842,3,0,0,0.321,3.0,3,0
2025-08-02,683232,3,0,0,1.4042285714285718,3.0,3,1
2025-08-02,683769,4,3,0,1.5246037735849056,4.0,1,1
2025-08-02,685126,5,1,0,1.2,5.0,4,0
2025-08-02,685314,3,0,0,0.8039999999999999,3.0,3,0
2025-08-02,686993,5,3,0,1.195166666666667,5.0,2,1
2025-08-02,687377,3,1,0,0.034,3.0,2,0
2025-08-02,688158,6,1,1,1.821497,6.0,4,0
2025-08-02,691587,21,5,3,5.874464214285714,21.0,13,1
2025-08-02,693645,21,6,2,7.840447668261563,19.0,11,3
2025-08-02,694462,22,4,2,5.046147846153846,16.0,10,0
2025-08-02,694973,22,8,2,7.096635975308642,22.0,12,1
2025-08-02,695505,3,2,0,0.505,3.0,1,0
2025-08-02,699911,4,0,1,1.533747,4.0,3,0
2025-08-02,700241,25,4,1,7.640379194820837,25.0,19,2
2025-08-02,701487,14,2,1,5.433497,14.0,11,1
2025-08-02,702070,27,1,1,8.834846606060607,26.0,24,1
2025-08-02,702352,7,0,1,3.6894970000000002,7.0,6,1
2025-08-02,829272,14,2,1,4.6409769999999995,14.0,11,0
2025-08-03,445276,5,0,1,2.099497,5.0,4,0
2025-08-03,450203,23,6,1,5.462289,22.0,15,1
2025-08-03,519141,5,2,1,0.7234970000000001,5.0,2,0
2025-08-03,541640,2,0,0,0.026000000000000002,2.0,2,0
2025-08-03,543859,4,0,1,2.3877242727272727,4.0,3,1
2025-08-03,547184,7,2,1,3.110497,7.0,4,0
2025-08-03,552640,3,1,0,0.062,3.0,2,0
2025-08-03,570632,17,3,1,6.416870566812591,17.0,13,3
2025-08-03,571948,7,2,0,2.2850384615384614,7.0,5,1
2025-08-03,592094,3,0,0,1.3515,3.0,3,1
2025-08-03,592773,7,1,2,2.9072162222222224,7.0,4,1
2025-08-03,592779,4,0,0,1.6081176470588234,4.0,4,0
2025-08-03,593423,22,3,2,7.169529483870968,21.0,17,2
2025-08-03,593958,23,5,3,6.966491,22.0,15,0
2025-08-03,594798,22,5,3,8.215755241164242,22.0,14,3
2025-08-03,595014,5,2,2,1.799994,5.0,1,0
2025-08-03,595928,2,0,0,0.059,2.0,2,0
2025-08-03,596001,9,3,0,1.3419999999999999,9.0,6,0
2025-08-03,605135,23,5,3,6.0747800000000005,23.0,14,0
2025-08-03,605177,3,1,1,0.750497,3.0,1,0
2025-08-03,607067,21,4,1,7.0114467142857135,20.0,14,1
2025-08-03,607625,20,3,4,6.670988,18.0,12,0
2025-08-03,608032,6,1,1,2.3944970000000003,6.0,4,0
2025-08-03,608337,28,4,1,6.236889156862746,28.0,23,1
2025-08-03,608650,10,3,0,3.769,10.0,7,0
2025-08-03,608665,4,2,1,0.698497,4.0,1,0
2025-08-03,620443,2,0,0,0.662,2.0,2,0
2025-08-03,621051,5,0,0,0.784,5.0,5,0
2025-08-03,622554,4,0,1,2.176786,4.0,2,0
2025-08-03,623433,4,1,0,0.21400000000000002,4.0,3,0
2025-08-03,623437,3,2,0,0.089,3.0,1,0
2025-08-03,640451,4,1,0,1.059,4.0,3,0
2025-08-03,641302,3,0,1,2.024318181818181,2.0,2,1
2025-08-03,641329,3,1,0,1.1792777777777776,3.0,2,1
2025-08-03,641386,3,0,0,0.593,3.0,3,0
2025-08-03,641745,4,2,1,1.205497,4.0,1,0
2025-08-03,642701,4,0,0,2.037289,4.0,3,2
2025-08-03,643377,5,0,1,1.778497,5.0,4,0
2025-08-03,650911,29,6,1,6.851497,29.0,22,1
2025-08-03,656302,18,9,1,2.697497,18.0,7,0
2025-08-03,656546,4,0,0,1.073,3.0,4,0
2025-08-03,656605,22,4,1,9.415267833333333,22.0,17,2
2025-08-03,656794,3,2,0,0.118,3.0,1,0
2025-08-03,657571,3,0,0,0.651,3.0,3,0
2025-08-03,661395,3,1,0,0.5720000000000001,3.0,2,0
2025-08-03,661563,19,3,4,7.367265777777778,19.0,12,1
2025-08-03,662253,3,1,1,0.928497,3.0,1,0
2025-08-03,663158,4,1,0,1.7200000000000002,4.0,3,0
2025-08-03,663321,4,0,0,0.885,4.0,4,0
2025-08-03,663455,4,0,1,1.754497,4.0,3,0
2025-08-03,663485,4,2,1,0.7474970000000001,4.0,1,0
2025-08-03,663738,3,1,0,0.5009999999999999,3.0,2,0
2025-08-03,663893,3,1,0,0.81,3.0,2,0
2025-08-03,663947,7,1,0,4.022,7.0,6,1
2025-08-03,664141,9,2,2,4.3459452195121955,9.0,5,1
2025-08-03,664192,5,1,0,1.526,5.0,4,0
2025-08-03,664285,26,3,1,7.6926950909090905,25.0,21,0
2025-08-03,665660,5,0,0,2.4274285714285715,5.0,5,1
2025-08-03,665795,21,7,1,5.900700125000001,21.0,13,3
2025-08-03,667297,3,0,0,0.885,3.0,3,0
2025-08-03,668390,3,2,0,0.578,3.0,1,0
2025-08-03,668674,5,1,1,1.923497,5.0,3,0
2025-08-03,669020,4,0,0,1.7694565217391303,4.0,4,1
2025-08-03,669084,11,2,1,4.346027,11.0,8,2
2025-08-03,669093,3,3,0,0.0,3.0,0,0
2025-08-03,669199,4,3,0,0.803,4.0,1,0
2025-08-03,669211,2,0,0,1.8523695652173915,2.0,2,1
2025-08-03,669371,4,0,1,1.937997,4.0,3,0
2025-08-03,669387,9,4,1,2.679497,9.0,4,0
2025-08-03,669438,11,0,2,4.107994,11.0,9,0
2025-08-03,669459,4,1,0,1.5023529411764702,4.0,3,1
2025-08-03,669467,22,4,3,5.0134611492537315,22.0,15,1
2025-08-03,669684,3,1,0,0.548,3.0,2,0
2025-08-03,669704,4,1,0,0.59,4.0,3,0
2025-08-03,670167,4,1,0,1.092,4.0,3,0
2025-08-03,670970,5,0,1,3.435497,5.0,4,0
2025-08-03,671212,20,2,2,5.742134780487804,19.0,15,1
2025-08-03,672282,3,1,0,0.138,3.0,2,0
2025-08-03,672391,4,2,1,0.7444970000000001,4.0,1,0
2025-08-03,672578,4,0,1,1.169497,4.0,3,0
2025-08-03,672841,7,3,0,2.0815,7.0,4,1
2025-08-03,674370,6,0,0,1.841,6.0,6,0
2025-08-03,676130,5,3,0,0.56,5.0,2,0
2025-08-03,676254,6,0,1,2.537497,6.0,5,0
2025-08-03,676282,25,9,2,6.379994,25.0,14,0
2025-08-03,676508,1,0,0,0.229,1.0,1,0
2025-08-03,676755,5,1,1,0.844497,5.0,3,0
2025-08-03,676879,6,3,0,0.432,6.0,3,0
2025-08-03,678022,17,4,3,5.206491,17.0,10,0
2025-08-03,678024,10,2,1,1.4509999999999998,9.0,7,0
2025-08-03,678606,7,2,1,2.9184970000000003,7.0,4,0
2025-08-03,678692,3,2,0,0.036,3.0,1,0
2025-08-03,680732,22,7,2,5.879619,22.0,13,1
2025-08-03,681006,7,2,1,3.190688489361702,7.0,4,1
2025-08-03,681810,13,5,1,4.981641152595372,13.0,7,1
2025-08-03,681892,9,2,0,3.3529999999999998,9.0,7,0
2025-08-03,681911,4,1,0,0.433,4.0,3,0
2025-08-03,681982,2,0,1,0.784497,2.0,1,0
2025-08-03,682610,5,2,1,1.9420776451612904,5.0,2,1
2025-08-03,683409,7,2,0,1.762578,7.0,3,0
2025-08-03,685314,4,0,0,1.078,4.0,4,0
2025-08-03,686799,27,2,2,12.843124316554231,27.0,23,3
2025-08-03,686973,5,0,0,1.7930000000000001,5.0,5,0
2025-08-03,687064,21,4,2,6.53758989041096,20.0,15,1
2025-08-03,687134,27,2,4,12.475901006396588,27.0,21,4
2025-08-03,687396,10,3,0,1.7510000000000001,10.0,7,0
2025-08-03,687931,21,4,2,6.856440457607434,21.0,15,2
2025-08-03,688138,20,3,0,6.475203452380954,20.0,17,4
2025-08-03,688158,4,3,1,0.691497,4.0,0,0
2025-08-03,691251,5,2,1,0.915497,4.0,1,0
2025-08-03,694037,5,1,0,1.795,5.0,4,0
2025-08-03,694350,7,0,2,3.9422829999999998,7.0,4,0
2025-08-03,695418,21,6,2,6.796149172413793,21.0,13,1
2025-08-03,700669,11,1,1,2.9764969999999997,11.0,9,0
2025-08-03,701656,18,4,2,6.46580389010989,18.0,12,1
2025-08-03,702795,3,0,0,2.256244210526316,3.0,3,2
2025-08-03,808967,23,6,0,4.489,22.0,17,0
2025-08-04,434378,20,4,1,5.333318428571428,20.0,15,1
2025-08-04,458677,3,1,0,1.7285454545454544,3.0,2,1
2025-08-04,518489,4,0,0,1.1072777777777778,4.0,4,1
2025-08-04,519141,3,0,0,0.8019999999999999,3.0,3,0
2025-08-04,541640,7,1,0,1.885060606060606,7.0,6,1
2025-08-04,543056,3,0,1,0.9204970000000001,3.0,2,0
2025-08-04,543243,23,8,1,3.090497,23.0,14,1
2025-08-04,547973,3,1,0,0.363,3.0,2,0
2025-08-04,548384,1,1,0,0.0,1.0,0,0
2025-08-04,571578,18,3,3,8.547794,17.0,12,2
2025-08-04,571927,4,1,1,1.001497,4.0,2,0
2025-08-04,573124,3,2,0,0.005,3.0,1,0
2025-08-04,573204,2,1,0,0.874,2.0,1,0
2025-08-04,579328,24,7,2,6.332304344827586,24.0,15,1
2025-08-04,592351,19,5,0,5.733617886178862,19.0,14,2
2025-08-04,592454,3,1,1,0.691497,3.0,1,0
2025-08-04,592779,5,1,0,1.981,5.0,4,0
2025-08-04,593576,3,2,0,0.083,3.0,1,0
2025-08-04,593974,6,0,0,0.935,6.0,6,0
2025-08-04,596133,3,1,0,0.184,3.0,2,0
2025-08-04,605130,8,4,2,1.638994,8.0,2,0
2025-08-04,605288,28,3,1,11.455536,28.0,23,2
2025-08-04,607192,26,7,2,5.339846941176471,26.0,17,1
2025-08-04,607200,21,0,2,5.778163952380953,21.0,18,1
2025-08-04,607259,9,0,0,3.244318181818181,9.0,9,1
2025-08-04,607455,4,1,0,2.3331749999999998,4.0,3,1
2025-08-04,607481,6,1,0,1.3642889999999999,6.0,4,0
2025-08-04,608331,25,7,3,8.298139648648649,25.0,15,1
2025-08-04,621242,4,2,0,0.467,4.0,2,0
2025-08-04,621366,5,2,0,0.311,5.0,3,0
2025-08-04,621383,3,1,0,0.153,3.0,2,0
2025-08-04,640448,4,2,0,1.004,4.0,2,0
2025-08-04,640455,26,3,0,9.028578,26.0,21,1
2025-08-04,641401,4,2,1,0.789497,4.0,1,0
2025-08-04,641778,24,4,1,6.706687476190476,24.0,19,0
2025-08-04,641941,3,2,0,0.089,3.0,1,0
2025-08-04,642207,4,1,0,1.247955555555556,4.0,3,1
2025-08-04,643511,4,1,0,1.3479999999999999,4.0,3,0
2025-08-04,645261,31,5,1,10.854219222222222,31.0,25,1
2025-08-04,647336,8,3,1,2.3611739230769233,8.0,4,1
2025-08-04,650556,4,0,1,2.0482886666666666,4.0,3,0
2025-08-04,656234,4,1,1,1.3153181818181812,3.0,2,1
2025-08-04,656271,4,1,0,0.9219999999999999,4.0,3,0
2025-08-04,656686,6,0,1,3.380697,6.0,5,1
2025-08-04,656730,3,1,0,0.354,3.0,2,0
2025-08-04,657585,3,2,0,0.655888888888889,3.0,1,0
2025-08-04,660730,6,1,0,4.266276923076924,6.0,5,2
2025-08-04,660896,4,1,0,2.397029208069859,4.0,3,2
2025-08-04,663554,21,4,0,10.016885853146853,21.0,16,4
2025-08-04,663559,21,2,2,10.426445124144673,21.0,17,2
2025-08-04,663562,8,1,1,5.843725571428571,8.0,6,2
2025-08-04,663574,3,1,0,1.3002889999999998,3.0,1,0
2025-08-04,663671,4,0,0,1.696,4.0,4,0
2025-08-04,664199,3,0,0,0.177,2.0,2,0
2025-08-04,664294,3,1,0,0.5640000000000001,3.0,2,0
2025-08-04,664854,5,0,1,0.28800000000000003,4.0,4,0
2025-08-04,666157,5,1,0,0.472,5.0,4,0
2025-08-04,666171,4,2,1,0.9914970000000001,4.0,1,0
2025-08-04,666200,23,7,0,6.050475675675675,23.0,16,1
2025-08-04,666808,3,1,0,0.507,3.0,2,0
2025-08-04,668933,4,0,0,1.193,4.0,4,0
2025-08-04,668941,5,1,1,1.961497,5.0,3,0
2025-08-04,669020,15,0,1,3.4201303333333333,15.0,14,0
2025-08-04,669674,8,2,1,2.834997,8.0,5,0
2025-08-04,669920,23,6,1,4.723274777777777,23.0,16,0
2025-08-04,670280,3,1,0,0.19699999999999998,3.0,2,0
2025-08-04,670912,8,3,3,2.856491,8.0,2,0
2025-08-04,670990,11,2,0,2.827,11.0,9,0
2025-08-04,671922,7,2,1,1.75,6.0,4,0
2025-08-04,672582,4,1,0,0.71,4.0,3,0
2025-08-04,673513,4,0,0,1.1218809523809525,4.0,4,1
2025-08-04,676263,1,0,0,0.069,1.0,1,0
2025-08-04,676428,6,1,0,2.616578,6.0,3,0
2025-08-04,676477,2,0,1,1.6174970000000002,2.0,1,0
2025-08-04,676617,4,0,0,1.0965714285714285,4.0,4,1
2025-08-04,676664,26,4,1,9.688269766233766,26.0,20,2
2025-08-04,676962,15,5,0,1.8090000000000002,15.0,10,0
2025-08-04,677944,25,6,1,10.35561967616288,25.0,18,5
2025-08-04,678226,4,1,2,1.485994,4.0,1,0
2025-08-04,678394,25,5,1,7.5453095,25.0,19,1
2025-08-04,678495,6,1,1,2.369786,5.0,2,0
2025-08-04,679775,7,2,0,2.376111111111111,7.0,5,1
2025-08-04,680755,4,3,0,0.529,4.0,1,0
2025-08-04,681168,4,0,1,0.7604970000000001,4.0,3,0
2025-08-04,681870,3,2,0,0.007,3.0,1,0
2025-08-04,682274,5,1,0,1.2724230769230767,5.0,4,1
2025-08-04,682842,5,1,1,2.765497,5.0,3,1
2025-08-04,682990,26,4,2,7.482198384615384,26.0,19,2
2025-08-04,683769,6,0,0,4.2105151515151515,6.0,6,1
2025-08-04,685299,18,1,0,10.29769099378882,18.0,17,2
2025-08-04,686751,7,5,1,0.787497,7.0,1,0
2025-08-04,687223,13,2,2,5.301173487179487,13.0,9,1
2025-08-04,687911,6,2,0,2.6697239467849228,6.0,4,2
2025-08-04,689254,6,0,1,1.2914970000000001,6.0,5,0
2025-08-04,689266,3,0,0,0.253,3.0,3,0
2025-08-04,693312,12,3,2,3.7069940000000003,12.0,7,0
2025-08-04,693313,8,2,1,2.436663666666667,8.0,5,1
2025-08-04,693855,7,3,0,0.426,7.0,4,0
2025-08-04,694297,26,4,3,7.253491,26.0,18,0
2025-08-04,694851,4,2,0,0.075,4.0,2,0
2025-08-04,699911,7,2,0,1.7361000000000002,7.0,5,1
2025-08-04,700249,22,7,1,7.818408010971786,22.0,14,3
2025-08-04,701519,17,7,0,3.826951219512195,17.0,10,1
2025-08-04,702352,3,1,0,0.9929999999999999,3.0,2,0
2025-08-04,806188,9,2,0,2.435289,9.0,6,0
2025-08-05,472610,3,1,0,0.066,3.0,2,0
2025-08-05,506433,16,5,2,3.9901815000000003,16.0,9,1
2025-08-05,543135,25,6,0,3.3914545454545455,25.0,19,0
2025-08-05,543859,6,1,0,2.0353000000000003,6.0,5,0
2025-08-05,548384,3,1,0,0.5630000000000001,3.0,2,0
2025-08-05,552640,6,0,1,3.350189307692308,6.0,5,1
2025-08-05,571945,16,1,1,7.622207466004584,16.0,14,3
2025-08-05,573124,2,0,0,0.679,2.0,2,0
2025-08-05,592094,4,0,1,1.634497,4.0,3,0
2025-08-05,592426,9,1,2,2.379994,8.0,6,0
2025-08-05,592836,22,4,0,5.305289,22.0,17,0
2025-08-05,593974,3,0,0,1.874289,3.0,2,0
2025-08-05,594580,3,2,0,0.059,3.0,1,0
2025-08-05,595345,6,2,0,1.448,6.0,4,0
2025-08-05,595928,5,0,0,2.265,5.0,5,0
2025-08-05,596001,2,0,0,0.057,2.0,2,0
2025-08-05,596133,4,2,0,1.0896666666666666,4.0,2,0
2025-08-05,605177,3,1,0,0.10400000000000001,3.0,2,0
2025-08-05,605280,19,6,1,3.247497,19.0,12,0
2025-08-05,606160,6,0,1,2.148497,5.0,4,0
2025-08-05,607455,3,1,1,0.698497,3.0,1,0
2025-08-05,608334,11,5,1,1.663497,11.0,5,0
2025-08-05,608665,5,1,2,2.0749940000000002,5.0,2,0
2025-08-05,615698,25,2,3,12.79070857964258,25.0,20,3
2025-08-05,621244,24,5,1,6.36953305882353,24.0,17,1
2025-08-05,621381,3,2,0,0.2,3.0,1,0
2025-08-05,622663,25,5,2,8.851112573934836,25.0,17,2
2025-08-05,623352,4,2,1,0.7494970000000001,4.0,1,0
2025-08-05,623437,3,1,0,0.11699999999999999,3.0,2,0
2025-08-05,623474,7,1,0,1.8199999999999998,7.0,6,0
2025-08-05,641329,4,2,0,0.557,4.0,2,0
2025-08-05,641386,5,1,1,1.774497,5.0,3,0
2025-08-05,641755,5,3,1,1.067497,5.0,1,0
2025-08-05,641793,26,8,2,6.8393890617283954,26.0,16,1
2025-08-05,642207,6,0,2,3.1363273333333335,6.0,4,0
2025-08-05,642397,4,0,0,1.643289,4.0,3,0
2025-08-05,642547,22,7,3,5.807069125000001,22.0,12,1
2025-08-05,643377,1,0,0,0.209,1.0,1,0
2025-08-05,643410,1,0,0,0.136,1.0,1,0
2025-08-05,643511,7,0,0,2.511289,7.0,6,0
2025-08-05,650556,4,0,1,0.758497,3.0,2,0
2025-08-05,656457,4,0,1,0.9004970000000001,4.0,3,0
2025-08-05,657277,25,10,0,8.527253968253968,25.0,15,3
2025-08-05,657424,6,2,1,1.489497,6.0,3,0
2025-08-05,663158,5,1,1,0.214,4.0,3,0
2025-08-05,663436,25,5,2,12.007326912757742,24.0,16,4
2025-08-05,663465,4,1,0,0.724,4.0,3,0
2025-08-05,663485,6,2,0,2.076,6.0,4,0
2025-08-05,663542,7,2,0,3.2090958904109597,7.0,5,1
2025-08-05,663574,1,0,0,0.133,1.0,1,0
2025-08-05,663738,5,0,0,1.9483950617283952,5.0,5,1
2025-08-05,663765,12,0,0,5.186,11.0,12,0
2025-08-05,663804,5,1,0,3.46475974025974,5.0,4,2
2025-08-05,663855,4,0,0,1.006,4.0,4,0
2025-08-05,663878,7,1,0,3.270581395348837,7.0,6,1
2025-08-05,663941,3,1,0,0.526,3.0,2,0
2025-08-05,663978,18,0,0,8.749509090909092,18.0,18,4
2025-08-05,664126,3,2,0,0.025,3.0,1,0
2025-08-05,664208,3,1,0,0.885,3.0,2,0
2025-08-05,664747,7,0,1,4.089786,7.0,5,1
2025-08-05,664854,3,2,0,0.234,3.0,1,0
2025-08-05,664991,4,2,0,0.585,4.0,2,0
2025-08-05,665152,26,6,1,7.508364676767677,26.0,19,2
2025-08-05,666214,24,3,1,6.990128578947369,24.0,20,1
2025-08-05,666808,4,0,0,1.7,4.0,4,0
2025-08-05,667297,3,0,0,1.0141935483870967,3.0,3,1
2025-08-05,667755,21,4,1,5.712100773584906,19.0,15,1
2025-08-05,668933,3,0,0,0.503,3.0,3,0
2025-08-05,668984,6,0,2,2.5624170769230767,6.0,4,1
2025-08-05,669022,21,0,1,11.548399046783626,21.0,20,3
2025-08-05,669093,3,1,0,0.34199999999999997,3.0,2,0
2025-08-05,669194,24,8,2,7.189169675675676,24.0,14,1
2025-08-05,669459,3,0,3,2.074491,3.0,0,0
2025-08-05,669711,4,0,0,0.248,4.0,4,0
2025-08-05,670036,3,2,0,0.193,3.0,1,0
2025-08-05,670167,7,0,2,2.880994,7.0,5,0
2025-08-05,670955,3,2,0,0.005,3.0,1,0
2025-08-05,670970,4,1,0,0.458,4.0,3,0
2025-08-05,671106,23,6,4,7.8157380000000005,22.0,13,1
2025-08-05,671131,3,3,0,0.0,3.0,0,0
2025-08-05,671922,3,0,0,0.19999999999999998,3.0,3,0
2025-08-05,672391,3,0,1,1.473497,3.0,2,0
2025-08-05,672582,4,0,0,2.295,4.0,4,0
2025-08-05,674370,1,1,0,0.0,1.0,0,0
2025-08-05,674384,9,1,2,4.434283,9.0,5,0
2025-08-05,675512,8,1,2,1.721994,7.0,4,0
2025-08-05,676263,3,0,0,1.2142999999999997,3.0,3,0
2025-08-05,676508,6,0,0,1.811,6.0,6,0
2025-08-05,676571,5,1,0,1.792,5.0,4,0
2025-08-05,676661,4,2,0,0.453,4.0,2,0
2025-08-05,676742,8,2,1,2.9987969999999997,8.0,5,0
2025-08-05,676879,10,2,3,3.294491,10.0,5,0
2025-08-05,676979,26,8,1,4.77307764516129,26.0,17,1
2025-08-05,677952,13,3,0,4.075,13.0,10,0
2025-08-05,677955,7,0,0,2.477,7.0,7,0
2025-08-05,678024,4,1,1,1.110497,4.0,2,0
2025-08-05,678368,13,0,0,3.8594844697951776,13.0,13,2
2025-08-05,680735,10,1,2,4.007274,10.0,7,1
2025-08-05,681006,3,1,0,1.202,3.0,2,0
2025-08-05,681347,21,3,3,10.25475521663443,21.0,15,3
2025-08-05,681676,4,0,2,1.874994,4.0,2,0
2025-08-05,681892,1,0,0,0.02,1.0,1,0
2025-08-05,681911,1,0,0,0.214,1.0,1,0
2025-08-05,681982,5,1,1,1.802497,5.0,3,0
2025-08-05,682274,4,1,0,1.3471111111111107,4.0,3,1
2025-08-05,683232,6,1,1,1.6873230869565217,6.0,4,0
2025-08-05,683409,5,1,1,1.554786,5.0,2,0
2025-08-05,683627,24,2,1,12.970438951483978,24.0,21,4
2025-08-05,684007,21,7,0,3.55964236453202,21.0,14,2
2025-08-05,684320,6,0,1,2.704497,6.0,5,0
2025-08-05,685314,4,1,1,1.705497,4.0,2,0
2025-08-05,686218,20,5,1,7.007657,20.0,14,1
2025-08-05,686701,20,2,2,5.815136857142857,20.0,16,1
2025-08-05,686752,23,6,2,6.732494,23.0,15,1
2025-08-05,686973,4,2,1,1.197497,4.0,1,0
2025-08-05,686993,3,0,0,0.219,3.0,3,0
2025-08-05,687377,4,1,1,1.983065965517241,4.0,2,1
2025-08-05,688158,3,1,0,0.7824800000000001,3.0,2,0
2025-08-05,689147,3,2,0,0.148,3.0,1,0
2025-08-05,690925,6,3,2,2.6897559047619053,6.0,1,1
2025-08-05,691251,15,1,1,6.261189147435898,15.0,13,3
2025-08-05,693433,23,9,0,5.393621368765927,23.0,14,2
2025-08-05,694335,7,4,0,1.0859999999999999,7.0,3,0
2025-08-05,694851,2,0,1,0.982497,2.0,1,0
2025-08-05,695243,5,2,1,3.302497,5.0,2,1
2025-08-05,700669,4,2,0,0.95603125,4.0,2,1
2025-08-05,701542,21,5,3,6.639076365853659,21.0,13,2
2025-08-05,701552,12,1,0,6.073730769230769,12.0,11,2
2025-08-05,805123,19,5,1,5.774639662157758,19.0,13,2
2025-08-05,805673,21,6,1,4.981668428571429,21.0,14,1
2025-08-06,445276,4,1,1,0.867497,4.0,2,0
2025-08-06,500779,25,7,0,7.645395061728395,25.0,18,1
2025-08-06,519141,1,1,0,0.0,1.0,0,0
2025-08-06,542881,18,5,1,8.792002952380951,18.0,12,3
2025-08-06,542888,3,0,1,1.8853303333333336,3.0,2,0
2025-08-06,543101,16,4,0,3.7806875,16.0,12,1
2025-08-06,543391,3,0,0,0.9309999999999999,3.0,3,0
2025-08-06,543592,11,0,0,7.35762326007326,11.0,11,3
2025-08-06,547184,3,1,0,0.989,3.0,2,0
2025-08-06,552640,3,3,0,0.0,3.0,0,0
2025-08-06,571760,18,1,0,7.409941636363636,18.0,15,1
2025-08-06,571948,8,1,1,1.749497,8.0,6,0
2025-08-06,592094,4,4,0,0.0,4.0,0,0
2025-08-06,592332,27,8,2,5.944994,27.0,17,0
2025-08-06,592454,6,0,3,2.977491,6.0,3,0
2025-08-06,592662,25,8,2,7.831994,25.0,15,0
2025-08-06,592779,7,1,1,3.2342434898785424,7.0,4,0
2025-08-06,593576,7,2,3,3.599886061728395,7.0,2,1
2025-08-06,595928,4,1,0,2.0355833333333333,4.0,3,1
2025-08-06,605447,1,0,0,0.072,1.0,1,0
2025-08-06,605452,4,0,0,0.671,4.0,4,0
2025-08-06,605488,19,5,0,3.9902999999999995,19.0,14,0
2025-08-06,607074,23,3,4,7.457849111111111,23.0,16,1
2025-08-06,607481,10,1,0,3.752289,10.0,8,0
2025-08-06,607536,25,4,2,11.522629832291166,25.0,17,3
2025-08-06,608032,3,2,0,0.187,3.0,1,0
2025-08-06,608379,22,3,0,6.726343823760818,22.0,19,2
2025-08-06,608650,7,5,0,0.604,7.0,2,0
2025-08-06,621051,4,0,1,1.659497,4.0,3,0
2025-08-06,621139,4,1,0,1.4129999999999998,4.0,3,0
2025-08-06,621366,1,0,0,0.098,1.0,1,0
2025-08-06,623433,5,1,0,1.016,5.0,4,0
2025-08-06,624133,28,3,0,8.578337780487805,28.0,24,1
2025-08-06,628452,4,1,0,1.3996315789473686,4.0,3,1
2025-08-06,640451,4,2,1,0.8744970000000001,4.0,1,0
2025-08-06,641302,15,5,1,3.446385888888889,15.0,9,0
2025-08-06,641329,3,1,0,0.29400000000000004,3.0,2,0
2025-08-06,641401,3,0,0,1.279,3.0,3,0
2025-08-06,641482,20,3,3,7.623069,20.0,12,1
2025-08-06,641672,15,3,1,3.6974970000000003,15.0,11,0
2025-08-06,641745,3,0,0,0.73,3.0,3,0
2025-08-06,642100,3,2,0,0.007,3.0,1,0
2025-08-06,642701,7,0,0,3.9021666666666666,7.0,7,1
2025-08-06,643377,6,3,1,1.634497,6.0,1,0
2025-08-06,643410,2,0,0,0.29,2.0,2,0
2025-08-06,656222,7,0,2,2.326994,6.0,4,0
2025-08-06,656271,4,2,0,0.7632500000000001,4.0,2,1
2025-08-06,656427,24,3,1,7.946413471571906,24.0,20,3
2025-08-06,656730,4,1,0,2.3,4.0,3,1
2025-08-06,656794,6,2,0,1.7052500000000002,6.0,4,0
2025-08-06,656849,25,7,2,8.471053054625452,25.0,16,3
2025-08-06,656986,4,0,1,1.671497,4.0,3,0
2025-08-06,657585,3,1,0,0.253,3.0,2,0
2025-08-06,657612,4,1,0,1.1239999999999999,4.0,2,0
2025-08-06,657649,3,1,0,0.108,3.0,2,0
2025-08-06,660271,14,8,0,1.5354999999999999,14.0,6,0
2025-08-06,660604,3,1,0,0.16899999999999998,3.0,2,0
2025-08-06,660787,3,0,1,1.2779255714285713,3.0,2,1
2025-08-06,660825,6,2,0,3.1710505050505042,6.0,4,2
2025-08-06,662253,6,1,2,3.0467526206896554,6.0,3,1
2025-08-06,663455,6,2,2,2.204994,6.0,2,1
2025-08-06,663462,9,2,0,2.693289,9.0,6,0
2025-08-06,663765,3,0,0,0.712,3.0,3,0
2025-08-06,663795,8,1,0,3.01640625,8.0,7,1
2025-08-06,663855,6,1,0,1.719,6.0,5,0
2025-08-06,663947,5,0,0,2.9738532019704427,5.0,5,2
2025-08-06,664076,4,1,1,0.881497,4.0,2,0
2025-08-06,664126,3,1,0,0.322,3.0,2,0
2025-08-06,664294,3,2,1,0.691497,3.0,0,0
2025-08-06,666171,4,2,0,1.9648888888888887,4.0,2,1
2025-08-06,667297,4,1,0,0.72,3.0,2,0
2025-08-06,668390,6,0,2,1.892994,6.0,4,0
2025-08-06,668674,5,0,0,1.8449999999999998,5.0,5,0
2025-08-06,668909,31,6,4,8.340166571428572,31.0,21,1
2025-08-06,668941,4,1,0,1.403,4.0,3,0
2025-08-06,669160,20,4,1,6.279019444444445,20.0,13,1
2025-08-06,669199,4,1,0,1.275,4.0,3,0
2025-08-06,669211,3,0,1,1.007497,3.0,2,0
2025-08-06,669358,19,9,2,8.480878146341464,19.0,8,4
2025-08-06,669371,3,2,0,0.043,3.0,1,0
2025-08-06,669387,5,1,0,0.874,5.0,4,0
2025-08-06,669432,27,6,2,7.358994,27.0,19,0
2025-08-06,669461,19,1,1,8.807389857142859,19.0,17,2
2025-08-06,669622,6,2,0,2.2498260869565216,6.0,4,0
2025-08-06,669684,10,3,1,3.2297613333333333,9.0,4,1
2025-08-06,669923,25,9,2,5.738994,25.0,14,0
2025-08-06,670280,8,5,2,1.731994,8.0,1,0
2025-08-06,670955,3,1,0,0.376,3.0,2,0
2025-08-06,670970,6,0,0,1.0870000000000002,5.0,6,0
2025-08-06,671096,29,3,2,11.464630672473866,29.0,24,3
2025-08-06,672282,4,1,0,1.0899999999999999,4.0,3,0
2025-08-06,672391,4,0,0,0.6880000000000001,4.0,4,0
2025-08-06,675911,25,6,1,8.735097342319213,24.0,17,2
2025-08-06,676083,20,2,2,8.675111361111112,20.0,16,3
2025-08-06,676130,3,0,0,0.781,3.0,3,0
2025-08-06,676254,5,3,0,1.5110000000000001,5.0,2,0
2025-08-06,676395,4,1,0,2.086558823529412,4.0,3,1
2025-08-06,676428,5,1,0,1.295289,5.0,3,0
2025-08-06,676534,6,1,1,2.881497,6.0,4,0
2025-08-06,676617,5,0,1,1.399497,5.0,4,0
2025-08-06,676684,3,0,0,0.624,3.0,3,0
2025-08-06,676755,4,0,1,2.1044970000000003,4.0,3,0
2025-08-06,676917,19,6,1,2.8414970000000004,19.0,12,0
2025-08-06,677955,2,0,0,0.735,2.0,2,0
2025-08-06,678226,4,0,1,0.873497,4.0,3,0
2025-08-06,678495,3,0,0,0.765,3.0,3,0
2025-08-06,678606,3,1,0,0.14300000000000002,3.0,2,0
2025-08-06,678692,4,3,0,0.475,4.0,1,0
2025-08-06,679775,6,1,0,2.3055600000000003,5.0,5,1
2025-08-06,680736,15,4,1,3.2164970000000004,14.0,10,0
2025-08-06,680755,3,2,0,0.009,3.0,1,0
2025-08-06,680767,6,1,1,2.820065965517241,6.0,4,1
2025-08-06,681293,23,5,1,6.905288666666666,23.0,17,0
2025-08-06,681517,8,4,0,1.482,8.0,4,0
2025-08-06,681892,3,0,0,1.2349999999999999,3.0,3,0
2025-08-06,681911,7,1,1,2.4316666666666666,6.0,5,0
2025-08-06,682825,3,1,1,1.445497,3.0,1,0
2025-08-06,682842,3,2,0,0.041,3.0,1,0
2025-08-06,683004,17,3,4,5.927432444444444,17.0,10,1
2025-08-06,683409,6,0,0,4.323486111111111,6.0,6,1
2025-08-06,683769,1,0,0,0.123,1.0,1,0
2025-08-06,685126,6,3,1,1.526497,6.0,2,0
2025-08-06,686563,13,1,3,8.717491,13.0,8,2
2025-08-06,687911,4,0,0,1.3820000000000001,4.0,4,0
2025-08-06,690990,20,6,0,2.378951219512195,20.0,14,1
2025-08-06,691172,6,0,0,1.3828260869565216,6.0,6,0
2025-08-06,694037,5,2,0,1.39,5.0,3,0
2025-08-06,695243,4,3,1,0.691497,4.0,0,0
2025-08-06,699911,2,0,1,0.803497,2.0,1,0
2025-08-06,701487,12,3,0,5.748625092387287,12.0,9,3
2025-08-06,829272,5,1,1,1.3834970000000002,5.0,3,0
2025-08-07,471911,28,2,2,10.097739454545454,28.0,24,2
2025-08-07,572955,4,1,0,1.313,4.0,3,0
2025-08-07,594580,3,0,1,0.775497,3.0,2,0
2025-08-07,608718,8,0,2,2.5682886666666667,7.0,6,0
2025-08-07,621051,3,1,0,0.046,3.0,2,0
2025-08-07,621366,4,2,0,1.4054117647058826,4.0,2,1
2025-08-07,628452,3,2,0,0.083,3.0,1,0
2025-08-07,642100,3,1,0,1.412011222222222,3.0,1,0
2025-08-07,656457,4,1,0,0.44799999999999995,3.0,3,0
2025-08-07,657571,4,0,0,1.21,4.0,4,0
2025-08-07,660825,5,1,1,1.046289,4.0,2,0
2025-08-07,662253,3,1,0,0.17900000000000002,3.0,2,0
2025-08-07,663542,3,1,1,0.783497,3.0,1,0
2025-08-07,663804,3,0,0,0.277,3.0,3,0
2025-08-07,663903,21,2,4,8.474556965517241,21.0,15,2
2025-08-07,666374,5,2,0,1.1520000000000001,5.0,3,0
2025-08-07,669276,3,2,0,0.271,3.0,1,0
2025-08-07,669302,20,6,3,4.866333857142856,20.0,11,1
2025-08-07,669622,4,0,1,0.8360000000000001,3.0,3,0
2025-08-07,671131,5,2,0,1.395,5.0,3,0
2025-08-07,672841,3,1,0,0.6717777777777778,3.0,2,0
2025-08-07,673929,5,2,0,0.256,5.0,3,0
2025-08-07,676571,4,1,0,1.4609999999999999,4.0,3,0
2025-08-07,676742,3,0,0,1.4032799999999999,3.0,3,1
2025-08-07,678692,3,1,0,0.351,3.0,2,0
2025-08-07,680730,23,4,3,9.381079235294118,23.0,16,2
2025-08-07,681006,4,1,1,1.6447859999999999,4.0,1,0
2025-08-07,681343,20,8,1,5.371099150537634,20.0,11,1
2025-08-07,682052,25,10,0,5.567258064516129,25.0,15,1
2025-08-07,682825,3,1,0,1.4809999999999999,3.0,2,0
2025-08-07,685126,3,1,1,0.229,2.0,1,0
2025-08-07,686993,4,2,0,2.11860294117647,4.0,2,2
2025-08-07,687377,5,2,0,1.239,5.0,3,0
2025-08-07,689266,1,0,0,0.137,1.0,1,0
2025-08-07,690925,3,0,0,0.424,3.0,3,0
2025-08-07,691172,7,2,1,2.0532684285714287,7.0,4,1
2025-08-07,691587,23,1,2,8.812918322660098,23.0,20,3
2025-08-07,691799,6,2,2,0.9914970000000001,4.0,2,0
2025-08-07,693312,4,1,0,1.4361794871794875,4.0,3,1
2025-08-07,694973,24,8,0,4.748238095238095,24.0,16,1
2025-08-07,806188,5,1,0,1.054,5.0,4,0
2025-08-08,453286,26,5,3,7.693284566631319,26.0,18,1
2025-08-08,472610,3,1,0,0.556,3.0,2,0
2025-08-08,477132,23,4,1,7.534497,23.0,18,0
2025-08-08,518489,6,2,0,3.185,6.0,4,1
2025-08-08,518876,23,4,5,11.981194983606557,23.0,13,3
2025-08-08,543294,20,6,0,5.741292857142858,20.0,14,2
2025-08-08,543391,3,0,1,0.885497,3.0,2,0
2025-08-08,548384,5,2,0,1.245289,5.0,2,0
2025-08-08,571510,21,3,0,4.747,19.0,18,0
2025-08-08,592773,2,1,0,0.432,2.0,1,0
2025-08-08,595014,4,0,0,1.687,4.0,4,0
2025-08-08,596001,5,0,0,0.903,5.0,5,0
2025-08-08,596133,4,1,1,0.835497,4.0,2,0
2025-08-08,596295,26,3,3,10.55231687161942,26.0,20,3
2025-08-08,601713,26,3,3,9.141344070175439,26.0,20,2
2025-08-08,605177,2,1,1,0.691497,2.0,0,0
2025-08-08,605540,25,8,2,6.165394,25.0,15,1
2025-08-08,607455,3,1,0,1.2080000000000002,3.0,2,0
2025-08-08,607625,23,1,2,10.257405764705883,23.0,20,2
2025-08-08,608372,28,4,2,8.279323935672515,28.0,21,0
2025-08-08,608665,4,1,0,0.692,4.0,3,0
2025-08-08,621053,3,0,1,1.136497,3.0,2,0
2025-08-08,621111,25,4,2,7.476329493902439,25.0,18,2
2025-08-08,621139,5,1,0,1.814,5.0,4,0
2025-08-08,621381,4,1,0,0.636,4.0,3,0
2025-08-08,622491,25,5,0,6.020409090909091,25.0,20,1
2025-08-08,623352,8,0,1,2.9327350952380953,8.0,7,1
2025-08-08,623433,4,1,0,1.012,4.0,3,0
2025-08-08,640448,3,2,0,0.186,3.0,1,0
2025-08-08,641386,3,0,0,1.748641975308642,3.0,3,1
2025-08-08,642207,5,1,0,1.9691351981351979,5.0,4,1
2025-08-08,642397,5,2,1,1.108497,5.0,2,0
2025-08-08,642701,3,1,0,0.94248,3.0,2,0
2025-08-08,643377,6,1,0,3.104606060606061,6.0,5,1
2025-08-08,643511,4,0,1,1.243497,4.0,3,0
2025-08-08,650556,3,2,0,0.011,3.0,1,0
2025-08-08,650644,20,6,2,7.196054428571428,20.0,11,1
2025-08-08,650911,26,6,1,8.51110713986014,26.0,19,2
2025-08-08,656271,4,0,0,1.2203333333333335,4.0,4,0
2025-08-08,656605,24,3,3,7.222312428571429,24.0,18,1
2025-08-08,656730,4,0,0,1.805,4.0,4,0
2025-08-08,656876,21,4,0,6.28339393939394,21.0,17,2
2025-08-08,656986,5,2,0,0.169,5.0,3,0
2025-08-08,657424,3,1,0,0.094,3.0,2,0
2025-08-08,657746,19,5,0,5.306502333333333,19.0,13,1
2025-08-08,660787,7,1,1,1.143497,7.0,5,0
2025-08-08,663462,3,0,0,0.569,3.0,3,0
2025-08-08,663485,3,0,1,0.915497,3.0,2,0
2025-08-08,663574,6,2,1,1.326497,6.0,3,0
2025-08-08,663623,25,3,0,8.771560780025514,25.0,22,2
2025-08-08,663738,10,0,0,3.359,10.0,10,1
2025-08-08,663878,9,0,1,2.613297,9.0,8,0
2025-08-08,663893,4,0,2,1.669994,4.0,2,0
2025-08-08,663941,3,0,0,1.0894358974358975,3.0,3,1
2025-08-08,664076,3,0,0,0.573,3.0,3,0
2025-08-08,664192,3,0,0,0.982,3.0,3,0
2025-08-08,664199,4,1,1,0.7474970000000001,4.0,2,0
2025-08-08,664294,5,3,0,0.571,4.0,1,0
2025-08-08,665660,3,1,0,0.19,3.0,2,0
2025-08-08,665795,27,11,1,5.025078395348837,27.0,15,1
2025-08-08,666374,3,3,0,0.0,3.0,0,0
2025-08-08,666808,5,1,1,1.099497,5.0,3,0
2025-08-08,666974,5,0,0,1.307,5.0,5,0
2025-08-08,668390,5,0,0,1.713,5.0,5,0
2025-08-08,668678,24,6,3,5.208491,23.0,15,0
2025-08-08,668933,3,0,0,0.49,3.0,3,0
2025-08-08,668941,4,1,0,1.479289,4.0,2,1
2025-08-08,669211,3,1,0,0.7715714285714286,3.0,2,0
2025-08-08,669308,13,0,5,7.433519454545455,13.0,7,1
2025-08-08,669372,20,9,2,5.983279714285715,20.0,9,3
2025-08-08,669373,22,6,2,7.418890825396826,21.0,13,3
2025-08-08,669674,3,1,0,0.43799999999999994,3.0,2,0
2025-08-08,669684,6,0,4,3.5909880000000003,6.0,2,0
2025-08-08,669711,5,1,1,0.797497,5.0,3,0
2025-08-08,670036,4,1,1,0.984497,4.0,2,0
2025-08-08,671922,4,1,0,0.5429999999999999,4.0,3,0
2025-08-08,672282,4,1,2,2.5731758181818183,4.0,1,1
2025-08-08,672841,3,0,0,0.848,3.0,3,0
2025-08-08,673513,6,1,0,1.889,6.0,5,0
2025-08-08,673540,20,2,3,6.655249620689656,20.0,14,1
2025-08-08,675512,12,2,0,3.7400083333333334,12.0,10,2
2025-08-08,675848,4,2,0,0.722289,4.0,1,0
2025-08-08,676130,4,2,1,1.274497,4.0,1,0
2025-08-08,676395,7,3,2,2.080994,7.0,2,0
2025-08-08,676440,24,7,4,8.287432652615145,24.0,13,1
2025-08-08,676477,2,1,0,0.03,2.0,1,0
2025-08-08,676508,5,2,0,0.996,5.0,3,0
2025-08-08,676534,4,0,1,0.867497,4.0,3,0
2025-08-08,676617,3,0,0,1.534,3.0,3,0
2025-08-08,676661,4,0,1,1.4239706842105264,4.0,3,1
2025-08-08,678024,16,3,3,3.803491,15.0,9,0
2025-08-08,678906,18,4,1,3.0604970000000002,18.0,13,0
2025-08-08,681168,12,2,2,5.576105111111111,12.0,8,1
2025-08-08,681870,4,2,0,0.632,4.0,2,0
2025-08-08,682790,6,0,0,1.059,6.0,6,0
2025-08-08,682842,4,2,1,0.7454970000000001,4.0,1,0
2025-08-08,685314,4,1,0,0.611,4.0,3,0
2025-08-08,686613,21,5,1,5.325690548387096,21.0,15,1
2025-08-08,686973,4,1,1,2.118663666666667,4.0,2,1
2025-08-08,687377,1,0,0,0.454,1.0,1,0
2025-08-08,689147,4,3,0,0.693,4.0,1,0
2025-08-08,689254,3,1,0,0.184,3.0,2,0
2025-08-08,689266,12,4,0,3.784462913043478,12.0,7,1
2025-08-08,693312,4,2,0,0.609,4.0,2,0
2025-08-08,693645,23,3,1,8.461051656565656,23.0,18,2
2025-08-08,693821,27,3,2,7.054713298245614,27.0,22,1
2025-08-08,694335,4,2,0,1.063,4.0,2,0
2025-08-08,695505,22,10,1,3.657747,22.0,11,0
2025-08-08,700241,25,3,1,8.676422833333334,24.0,20,2
2025-08-08,701519,11,2,1,4.587497,11.0,8,1
2025-08-08,829272,11,1,2,2.794994,11.0,8,0
2025-08-09,445276,3,2,0,0.002,3.0,1,0
2025-08-09,450203,22,10,1,7.209097069418387,22.0,10,2
2025-08-09,472610,3,2,0,0.132,3.0,1,0
2025-08-09,519141,5,1,1,1.204497,5.0,3,0
2025-08-09,541640,6,0,1,2.478497,6.0,5,0
2025-08-09,542888,5,2,0,1.525289,5.0,2,0
2025-08-09,543056,4,1,1,1.104497,4.0,2,0
2025-08-09,543859,4,0,1,1.646497,4.0,3,0
2025-08-09,547184,7,1,0,2.4142791666666668,7.0,6,2
2025-08-09,547973,3,0,0,1.1360000000000001,3.0,3,0
2025-08-09,571927,6,1,0,1.337,6.0,5,0
2025-08-09,571946,4,1,0,0.563,4.0,3,0
2025-08-09,572955,3,0,0,1.039,3.0,3,0
2025-08-09,573124,5,2,1,1.495497,5.0,2,0
2025-08-09,573204,4,1,0,1.059,4.0,3,0
2025-08-09,579328,24,7,2,8.204105842105264,24.0,15,0
2025-08-09,592094,4,1,1,0.08,3.0,2,0
2025-08-09,592773,4,0,0,2.424,4.0,4,0
2025-08-09,592779,4,1,1,0.8664970000000001,4.0,2,0
2025-08-09,593423,15,3,2,4.8058511428571435,14.0,9,1
2025-08-09,593958,27,2,5,12.954627857142857,27.0,20,2
2025-08-09,593974,10,1,2,2.250497,9.0,7,0
2025-08-09,594798,27,8,1,7.148452555555556,26.0,17,1
2025-08-09,596133,3,1,0,0.046,3.0,2,0
2025-08-09,605135,22,2,2,8.948090674057651,22.0,18,3
2025-08-09,605483,21,10,3,5.818771,21.0,8,1
2025-08-09,606160,6,1,0,0.996,6.0,5,0
2025-08-09,607067,23,6,2,5.256301486631016,23.0,15,1
2025-08-09,607200,24,4,4,6.832988,23.0,16,0
2025-08-09,607259,26,4,2,7.7452440000000005,26.0,20,1
2025-08-09,607481,6,1,0,1.94,6.0,5,0
2025-08-09,608032,3,2,0,0.007,3.0,1,0
2025-08-09,608337,25,1,6,10.681233273344652,25.0,18,2
2025-08-09,621366,3,0,1,1.623497,3.0,2,0
2025-08-09,621381,4,1,0,2.4489423076923074,4.0,3,1
2025-08-09,621383,4,0,0,0.723,4.0,4,0
2025-08-09,622554,6,2,2,1.7184970000000002,5.0,2,0
2025-08-09,623437,4,0,0,0.735,4.0,4,0
2025-08-09,623474,8,1,0,3.045569,8.0,6,1
2025-08-09,628452,3,1,0,0.064,3.0,2,0
2025-08-09,640451,5,1,0,1.272,5.0,4,0
2025-08-09,641755,4,1,0,1.117060606060606,4.0,3,1
2025-08-09,641927,22,4,1,6.221725571428572,22.0,17,1
2025-08-09,641941,3,0,1,1.3784969999999999,3.0,2,0
2025-08-09,642100,2,0,0,0.56,2.0,2,0
2025-08-09,642397,3,0,0,0.624,3.0,3,0
2025-08-09,643410,1,0,0,0.41,1.0,1,0
2025-08-09,643511,3,0,0,0.182,3.0,3,0
2025-08-09,645261,24,4,4,10.581279489361702,24.0,16,2
2025-08-09,650633,11,1,2,4.539994,11.0,8,0
2025-08-09,656271,4,1,1,0.7544970000000001,4.0,2,0
2025-08-09,656457,6,0,2,1.822994,6.0,4,0
2025-08-09,656686,7,2,1,3.394887243902439,7.0,4,1
2025-08-09,656730,4,2,0,0.857,4.0,2,0
2025-08-09,657424,7,1,0,1.7930000000000001,6.0,5,0
2025-08-09,657571,3,1,0,1.7214473684210525,3.0,2,1
2025-08-09,657585,3,2,0,0.374,3.0,1,0
2025-08-09,657649,4,1,1,0.964497,4.0,2,0
2025-08-09,660825,4,2,0,0.901,4.0,2,0
2025-08-09,661395,3,1,0,0.558,3.0,2,0
2025-08-09,661563,22,7,1,6.758454142857143,22.0,14,2
2025-08-09,662253,5,2,1,1.025497,5.0,2,0
2025-08-09,663158,6,2,1,1.1014358974358975,5.0,3,1
2025-08-09,663455,3,1,0,0.526,3.0,2,0
2025-08-09,663542,7,1,0,2.8038888888888884,7.0,6,1
2025-08-09,663574,4,0,1,1.181497,4.0,3,0
2025-08-09,663671,3,0,0,0.919289,3.0,2,0
2025-08-09,663687,4,2,0,0.7709999999999999,4.0,2,0
2025-08-09,663795,3,1,0,0.7949999999999999,3.0,2,0
2025-08-09,663855,7,2,1,1.667786,6.0,3,0
2025-08-09,663947,4,0,0,0.28800000000000003,4.0,4,0
2025-08-09,664285,27,1,4,11.084739461988304,26.0,22,2
2025-08-09,664747,5,1,1,2.072997,5.0,3,0
2025-08-09,664854,3,0,0,1.0548437499999999,3.0,3,1
2025-08-09,664991,9,3,1,1.7704970000000002,9.0,5,0
2025-08-09,666171,5,2,1,1.9474969999999998,5.0,2,0
2025-08-09,666200,24,4,1,6.385812789473684,23.0,18,1
2025-08-09,666277,7,1,1,3.979747832408435,7.0,5,1
2025-08-09,666808,5,1,2,1.8459940000000001,5.0,2,0
2025-08-09,667297,3,1,0,0.643,3.0,2,0
2025-08-09,668674,3,1,0,0.303,3.0,2,0
2025-08-09,668964,17,4,2,7.159723946524064,17.0,11,2
2025-08-09,669093,6,5,0,0.007,6.0,1,0
2025-08-09,669276,3,0,0,0.243,3.0,3,0
2025-08-09,669371,4,1,1,1.661497,4.0,2,0
2025-08-09,669387,12,3,0,2.004,12.0,9,0
2025-08-09,669438,5,0,1,1.684497,5.0,4,0
2025-08-09,669467,13,0,1,6.8889847622377625,13.0,12,2
2025-08-09,669704,3,0,0,0.9580000000000001,3.0,3,0
2025-08-09,670280,6,2,1,1.269497,6.0,3,0
2025-08-09,670970,3,2,0,0.867,3.0,1,0
2025-08-09,671212,19,5,5,11.296387631578948,19.0,9,4
2025-08-09,671922,3,2,0,0.251,3.0,1,0
2025-08-09,672391,4,1,0,0.712,4.0,3,0
2025-08-09,672582,1,1,0,0.0,1.0,0,0
2025-08-09,673929,3,2,0,0.011,3.0,1,0
2025-08-09,675848,4,1,0,1.1829999999999998,4.0,3,0
2025-08-09,676051,7,2,1,2.835762151515152,7.0,4,1
2025-08-09,676263,7,2,0,1.890641975308642,7.0,5,1
2025-08-09,676282,24,3,2,7.3273769346092505,24.0,19,1
2025-08-09,676477,2,0,1,0.088,1.0,1,0
2025-08-09,676604,3,2,0,0.251,3.0,1,0
2025-08-09,676742,4,1,0,0.7570000000000001,4.0,3,0
2025-08-09,676755,3,2,0,0.03,3.0,1,0
2025-08-09,676879,6,1,0,2.767228070175438,6.0,5,1
2025-08-09,677952,15,5,1,5.1037859999999995,15.0,8,0
2025-08-09,678022,22,5,1,4.645377952380953,22.0,16,1
2025-08-09,678226,4,1,1,1.6094970000000002,4.0,2,0
2025-08-09,678368,12,0,2,7.026649459770115,11.0,10,2
2025-08-09,678606,6,1,0,3.0207571138211384,6.0,5,2
2025-08-09,679775,3,1,0,0.544,3.0,2,0
2025-08-09,680732,18,7,3,5.28213805882353,18.0,8,0
2025-08-09,680735,3,2,0,0.098,3.0,1,0
2025-08-09,680755,5,3,0,0.6943333333333335,5.0,2,0
2025-08-09,681006,3,2,0,0.186,3.0,1,0
2025-08-09,681676,11,4,0,3.226745454545455,11.0,7,1
2025-08-09,681870,3,0,1,1.1784970000000001,3.0,2,0
2025-08-09,682254,6,3,0,1.5373409090909091,6.0,3,1
2025-08-09,682274,9,2,1,3.0363255714285717,9.0,6,1
2025-08-09,682610,7,2,1,0.820497,7.0,4,0
2025-08-09,682790,3,1,0,0.057,3.0,2,0
2025-08-09,682842,3,3,0,0.0,3.0,0,0
2025-08-09,683769,4,1,2,1.419994,4.0,1,0
2025-08-09,684320,5,0,1,2.698786,5.0,3,0
2025-08-09,685314,3,0,0,0.7210000000000001,3.0,3,0
2025-08-09,686228,4,2,1,0.772497,4.0,1,0
2025-08-09,687064,17,2,2,8.270120086956522,17.0,13,3
2025-08-09,687134,23,4,3,7.414241,23.0,16,2
2025-08-09,687473,26,8,2,6.132283,26.0,15,0
2025-08-09,687911,4,0,0,2.3441250000000005,4.0,4,1
2025-08-09,687931,20,5,3,9.642407071428574,20.0,12,4
2025-08-09,688138,22,4,3,6.472238159090909,21.0,14,2
2025-08-09,693313,13,1,0,5.515048844537815,13.0,12,2
2025-08-09,693855,9,2,2,2.764994,9.0,5,0
2025-08-09,694462,22,6,1,5.116467149253731,22.0,15,1
2025-08-09,694851,3,1,0,0.796,3.0,2,0
2025-08-09,695243,4,3,0,0.938,4.0,1,0
2025-08-09,695418,23,5,2,6.3713690000000005,23.0,16,1
2025-08-09,699911,5,0,1,2.245385888888889,5.0,4,0
2025-08-09,700669,12,0,1,5.747497,12.0,11,0
2025-08-09,702070,25,4,2,9.398283,25.0,18,0
2025-08-10,434378,26,6,1,8.428712384615386,26.0,19,1
2025-08-10,543243,26,7,1,5.885614647058824,26.0,18,1
2025-08-10,543859,8,2,2,1.723994,8.0,4,0
2025-08-10,548384,3,0,0,0.5630000000000001,3.0,3,0
2025-08-10,554430,21,7,3,4.589200677419354,21.0,11,1
2025-08-10,570632,15,1,4,6.520988,14.0,10,0
2025-08-10,571578,19,1,3,6.704145545454546,19.0,15,1
2025-08-10,571948,3,1,0,0.7774137931034483,3.0,2,1
2025-08-10,572955,3,0,0,0.1,3.0,3,0
2025-08-10,592094,5,2,0,2.053289,5.0,2,0
2025-08-10,592155,3,1,0,0.437,3.0,2,0
2025-08-10,592454,5,0,0,3.12685,5.0,5,1
2025-08-10,594580,4,2,1,0.834497,4.0,1,0
2025-08-10,595014,5,2,0,3.043408333333332,5.0,3,2
2025-08-10,595928,6,3,0,0.928,6.0,3,0
2025-08-10,605130,3,1,0,0.501,3.0,2,0
2025-08-10,605288,25,4,3,10.557191333333334,25.0,15,1
2025-08-10,606160,7,0,3,4.027524898305084,7.0,4,1
2025-08-10,607192,23,8,4,6.209988,23.0,11,0
2025-08-10,607455,1,0,0,0.026,1.0,1,0
2025-08-10,608032,3,0,1,1.5211666666666668,2.0,2,1
2025-08-10,608331,26,3,1,12.520734494906753,26.0,20,5
2025-08-10,608334,19,3,4,7.169043807622504,19.0,12,2
2025-08-10,608650,2,2,0,0.0,2.0,0,0
2025-08-10,608665,7,0,1,3.676460403880071,7.0,6,1
2025-08-10,608718,4,1,0,1.535,4.0,3,0
2025-08-10,615698,15,1,0,6.948173913043479,15.0,14,3
2025-08-10,621053,6,3,0,0.7679999999999999,5.0,2,0
2025-08-10,621139,4,2,0,1.1159999999999999,4.0,2,0
2025-08-10,621242,2,0,0,1.064,2.0,2,0
2025-08-10,621366,2,0,0,0.6719999999999999,2.0,2,0
2025-08-10,621381,4,0,0,1.285,4.0,4,0
2025-08-10,621383,4,2,0,1.2690000000000001,4.0,2,0
2025-08-10,622554,4,1,1,2.111497,4.0,2,0
2025-08-10,623437,6,2,1,1.799289,5.0,2,0
2025-08-10,640455,20,5,2,5.905471777777778,20.0,13,0
2025-08-10,641329,4,2,0,1.0580487804878047,4.0,2,1
2025-08-10,641386,3,0,0,1.7896756756756753,3.0,3,1
2025-08-10,641745,4,2,0,0.229,4.0,2,0
2025-08-10,641755,4,1,0,1.816,4.0,3,0
2025-08-10,641778,18,4,4,7.861996041221035,17.0,10,3
2025-08-10,641793,24,3,0,8.07,24.0,21,0
2025-08-10,642207,3,3,0,0.0,3.0,0,0
2025-08-10,643511,4,0,0,1.06,4.0,4,0
2025-08-10,650556,6,1,1,1.011497,6.0,4,0
2025-08-10,656222,4,0,0,2.324,4.0,4,0
2025-08-10,656302,22,7,2,5.768994,22.0,13,0
2025-08-10,656546,7,0,5,3.462485,6.0,2,0
2025-08-10,656794,4,0,1,1.817497,4.0,3,0
2025-08-10,656986,4,0,1,2.105997,4.0,3,0
2025-08-10,657571,7,2,1,2.2534970000000003,7.0,4,0
2025-08-10,657585,4,1,0,0.8426315789473685,4.0,3,1
2025-08-10,657612,8,0,1,5.2832409655172405,8.0,7,2
2025-08-10,661395,4,1,0,1.012,4.0,3,0
2025-08-10,663436,24,2,3,8.401657666666667,24.0,19,1
2025-08-10,663462,5,1,1,2.5364970000000002,5.0,3,0
2025-08-10,663465,10,0,1,2.747497,10.0,9,0
2025-08-10,663485,3,0,0,2.005416666666667,3.0,3,1
2025-08-10,663554,21,5,2,5.096533,21.0,13,0
2025-08-10,663893,5,0,0,0.614,4.0,4,0
2025-08-10,663969,11,3,3,3.38078,11.0,4,0
2025-08-10,664076,3,0,1,0.8884970000000001,3.0,2,0
2025-08-10,664199,3,2,0,0.5283749999999999,3.0,1,0
2025-08-10,664208,5,0,0,0.980289,4.0,4,0
2025-08-10,664294,6,1,0,3.332,6.0,5,1
2025-08-10,664854,5,1,1,1.483497,5.0,3,0
2025-08-10,665660,7,2,2,1.213497,6.0,3,0
2025-08-10,666214,23,2,3,9.886138727272726,23.0,18,2
2025-08-10,666374,3,1,0,0.304,3.0,2,0
2025-08-10,666974,5,2,1,0.7764970000000001,5.0,2,0
2025-08-10,668390,6,1,0,1.53,6.0,5,0
2025-08-10,668674,5,0,0,2.154,5.0,5,0
2025-08-10,668933,8,1,1,2.768497,8.0,6,0
2025-08-10,668941,7,0,1,2.6694970000000002,7.0,6,0
2025-08-10,669020,12,1,2,6.506429897435898,12.0,9,2
2025-08-10,669022,22,10,1,4.5644525555555555,22.0,11,1
2025-08-10,669084,13,4,2,3.0948273333333334,13.0,7,1
2025-08-10,669199,2,1,0,0.005,2.0,1,0
2025-08-10,669211,6,2,1,1.7861123846153846,6.0,3,0
2025-08-10,669276,4,1,0,1.102,4.0,3,0
2025-08-10,669371,3,2,0,0.238,3.0,1,0
2025-08-10,669684,2,1,1,0.691497,2.0,0,0
2025-08-10,669711,5,1,0,1.5503157894736843,5.0,4,1
2025-08-10,669920,21,3,3,7.978466757575758,21.0,15,2
2025-08-10,670036,6,1,0,2.198423076923077,6.0,5,1
2025-08-10,670167,3,0,0,0.4,3.0,3,0
2025-08-10,670955,6,3,1,1.382497,6.0,2,0
2025-08-10,670970,3,1,1,0.898497,3.0,1,0
2025-08-10,670990,10,2,2,4.252855419068736,10.0,6,2
2025-08-10,672578,3,0,0,0.8119999999999999,3.0,3,0
2025-08-10,672582,4,2,0,0.297,4.0,2,0
2025-08-10,672841,1,0,0,0.142,1.0,1,0
2025-08-10,673929,4,1,0,0.8587777777777778,4.0,3,0
2025-08-10,676395,4,1,0,0.975,4.0,3,0
2025-08-10,676508,1,0,0,0.036,1.0,1,0
2025-08-10,676534,3,1,0,0.72,3.0,2,0
2025-08-10,676571,3,2,0,0.03,3.0,1,0
2025-08-10,676604,6,1,0,3.6271551724137936,6.0,5,1
2025-08-10,676617,3,1,1,0.700497,3.0,1,0
2025-08-10,676684,5,2,0,0.6839999999999999,5.0,3,0
2025-08-10,676742,7,0,2,4.410572125000001,7.0,5,1
2025-08-10,676755,3,1,1,0.704497,3.0,1,0
2025-08-10,677944,18,4,1,8.957948948051948,18.0,13,3
2025-08-10,677955,4,3,0,0.065,4.0,1,0
2025-08-10,678226,2,0,0,0.6958333333333332,2.0,2,1
2025-08-10,678394,25,7,3,6.5747800000000005,25.0,14,0
2025-08-10,680736,3,2,0,0.333,3.0,1,0
2025-08-10,680755,2,1,1,0.691497,2.0,0,0
2025-08-10,681347,20,6,1,7.218271344827587,20.0,12,2
2025-08-10,681892,4,1,0,0.544,4.0,3,0
2025-08-10,681911,5,2,0,1.766111111111111,5.0,3,1
2025-08-10,682825,4,0,3,2.128491,4.0,1,0
2025-08-10,682990,22,2,1,8.9785041088314,21.0,18,2
2025-08-10,683232,4,0,1,1.007497,4.0,3,0
2025-08-10,683766,4,0,0,1.8383902439024389,4.0,4,1
2025-08-10,684007,24,9,0,4.680041666666668,24.0,15,2
2025-08-10,684320,4,1,2,0.691497,2.0,1,0
2025-08-10,685126,5,1,1,1.931497,5.0,3,0
2025-08-10,685299,27,6,0,9.855380613812544,27.0,20,2
2025-08-10,686701,22,8,1,5.803248219512195,22.0,13,1
2025-08-10,686799,21,1,2,7.385312181818182,20.0,17,2
2025-08-10,686973,6,2,0,1.29,6.0,4,0
2025-08-10,686993,6,3,0,0.774,6.0,3,0
2025-08-10,687396,8,4,2,1.911994,8.0,2,0
2025-08-10,687911,3,3,0,0.0,3.0,0,0
2025-08-10,688158,5,3,0,0.372,5.0,2,0
2025-08-10,689147,4,0,0,0.748,4.0,4,0
2025-08-10,689254,2,1,0,0.069,2.0,1,0
2025-08-10,690925,3,1,0,0.5720000000000001,3.0,2,0
2025-08-10,691799,3,1,0,0.355,3.0,2,0
2025-08-10,693433,26,9,1,4.990560157894737,26.0,16,0
2025-08-10,694297,24,2,0,7.128227272727273,24.0,22,1
2025-08-10,700249,24,5,3,6.991291,24.0,16,0
2025-08-10,701487,9,0,1,2.499497,9.0,8,0
2025-08-10,702352,15,2,0,3.859,14.0,12,0
2025-08-10,806960,13,4,5,4.473485,13.0,4,0
2025-08-11,445276,3,2,0,0.294,3.0,1,0
2025-08-11,472610,5,0,2,2.096994,5.0,3,0
2025-08-11,500779,22,3,1,8.837239960402883,22.0,18,2
2025-08-11,502085,5,1,1,2.017497,5.0,3,0
2025-08-11,506433,22,6,0,3.821676923076923,21.0,15,1
2025-08-11,541640,7,2,0,2.666153846153846,7.0,5,1
2025-08-11,542888,4,2,0,0.455,4.0,2,0
2025-08-11,543056,3,1,0,0.303,3.0,2,0
2025-08-11,543135,24,3,1,8.938200062388592,24.0,18,3
2025-08-11,547184,4,0,2,1.645994,4.0,2,0
2025-08-11,571760,25,3,2,9.959374867383513,23.0,18,2
2025-08-11,571945,26,3,1,7.695807344827586,26.0,22,1
2025-08-11,571946,3,1,0,0.987,3.0,2,0
2025-08-11,571948,3,1,0,0.12,3.0,2,0
2025-08-11,592155,1,1,0,0.0,1.0,0,0
2025-08-11,592351,5,0,0,3.0594949201741657,5.0,5,2
2025-08-11,592836,25,2,1,5.90214405882353,25.0,22,0
2025-08-11,593576,5,0,0,2.027434516523868,5.0,5,1
2025-08-11,595345,6,0,0,2.6732727272727272,6.0,6,1
2025-08-11,596133,4,2,0,0.532,4.0,2,0
2025-08-11,605130,4,0,0,1.4939999999999998,4.0,4,0
2025-08-11,605447,3,1,0,0.17,3.0,2,0
2025-08-11,605488,18,2,1,5.6582532500000005,17.0,14,2
2025-08-11,607455,5,1,1,0.562,4.0,3,0
2025-08-11,608032,4,0,1,0.889497,4.0,3,0
2025-08-11,621051,3,2,0,0.166,3.0,1,0
2025-08-11,621139,5,1,1,2.694497,5.0,3,1
2025-08-11,623433,5,0,0,1.337,5.0,5,0
2025-08-11,623474,3,1,0,0.47000000000000003,3.0,2,0
2025-08-11,640448,3,1,0,0.286,2.0,2,0
2025-08-11,641302,16,5,1,3.883497,16.0,10,0
2025-08-11,641312,6,1,0,2.2628529411764706,6.0,5,1
2025-08-11,641401,1,1,0,0.0,1.0,0,0
2025-08-11,643377,2,0,0,0.264,2.0,2,0
2025-08-11,656986,1,1,0,0.0,1.0,0,0
2025-08-11,657277,28,3,1,8.238658745827983,28.0,24,2
2025-08-11,660853,4,0,0,0.869,3.0,3,0
2025-08-11,663158,3,0,0,0.735,3.0,3,0
2025-08-11,663462,3,0,0,0.518,3.0,3,0
2025-08-11,663559,18,5,3,6.426674333333333,18.0,10,1
2025-08-11,663574,2,0,0,2.3668260869565216,2.0,2,1
2025-08-11,663687,6,1,0,1.179,6.0,5,0
2025-08-11,663738,11,2,0,4.336318181818181,11.0,9,1
2025-08-11,663767,10,5,0,1.2770000000000001,10.0,5,0
2025-08-11,663855,5,1,1,2.208446152542373,5.0,3,1
2025-08-11,663941,4,1,0,1.195,4.0,3,0
2025-08-11,663947,5,1,0,1.1309999999999998,5.0,4,0
2025-08-11,663978,20,4,1,7.7488391052631584,20.0,15,1
2025-08-11,664126,4,1,0,0.161,4.0,3,0
2025-08-11,664192,4,1,0,0.923,4.0,3,0
2025-08-11,664208,3,1,0,0.956,3.0,2,0
2025-08-11,664299,19,5,2,4.872468999999999,19.0,12,1
2025-08-11,664747,5,1,0,2.30268085106383,5.0,4,1
2025-08-11,665625,7,3,0,1.894,7.0,4,0
2025-08-11,667755,21,6,2,6.053994,21.0,13,0
2025-08-11,669093,4,1,0,0.62,4.0,3,0
2025-08-11,669194,23,6,0,7.522289393939394,23.0,17,1
2025-08-11,670167,3,1,0,0.08600000000000001,3.0,2,0
2025-08-11,670280,3,2,0,0.123,3.0,1,0
2025-08-11,670955,4,0,0,0.741289,4.0,3,0
2025-08-11,671096,28,6,0,6.7864545454545455,28.0,22,0
2025-08-11,671131,5,0,1,3.2091456486486485,5.0,4,1
2025-08-11,672391,3,2,0,0.027,3.0,1,0
2025-08-11,672582,4,1,0,1.296,4.0,3,0
2025-08-11,674370,17,4,0,7.257470235359842,17.0,13,3
2025-08-11,675848,5,1,1,2.629497,5.0,3,0
2025-08-11,676254,2,0,0,0.5880000000000001,2.0,2,0
2025-08-11,676263,3,0,0,0.7466666666666666,3.0,3,0
2025-08-11,676477,7,1,0,1.419,7.0,6,0
2025-08-11,676684,3,1,0,0.8979999999999999,3.0,2,0
2025-08-11,676917,24,3,3,9.915417670992861,24.0,18,1
2025-08-11,676979,20,5,1,5.4574288181818185,20.0,14,2
2025-08-11,679775,2,0,0,0.033,2.0,2,0
2025-08-11,681517,8,2,0,2.552,8.0,6,0
2025-08-11,681982,6,1,1,1.350497,6.0,4,0
2025-08-11,685126,5,1,1,3.5414375000000002,4.0,3,1
2025-08-11,685314,4,0,1,0.7110000000000001,3.0,3,0
2025-08-11,686228,4,0,0,2.0385,4.0,4,1
2025-08-11,686752,23,4,2,9.124305603650587,23.0,17,3
2025-08-11,687377,3,0,1,1.148497,3.0,2,0
2025-08-11,689147,3,1,0,0.38,3.0,2,0
2025-08-11,690925,3,2,0,0.017,3.0,1,0
2025-08-11,691799,3,1,0,0.44499999999999995,3.0,2,0
2025-08-11,693312,3,1,0,0.635,3.0,2,0
2025-08-11,694851,7,2,0,3.4686737804878063,7.0,5,2
2025-08-11,695243,3,3,0,0.0,3.0,0,0
2025-08-11,701542,23,7,0,4.647302165678524,23.0,16,3
2025-08-11,801403,23,5,3,6.427491,23.0,15,0
2025-08-11,805673,24,9,1,9.043919875816993,24.0,14,3
2025-08-11,808967,25,6,5,10.394372214285715,25.0,13,2
2025-08-11,829272,3,1,1,0.703497,3.0,1,0
2025-08-12,445276,4,1,0,2.0959999999999996,4.0,3,1
2025-08-12,458677,3,0,0,0.581,3.0,3,0
2025-08-12,472610,4,1,0,0.33799999999999997,4.0,3,0
2025-08-12,542888,3,2,0,0.7258437499999998,3.0,1,1
2025-08-12,543056,4,2,0,2.079,4.0,2,1
2025-08-12,543101,15,3,2,5.282948545454546,15.0,10,0
2025-08-12,592094,6,1,0,1.078,6.0,5,0
2025-08-12,592454,8,2,2,2.834994,8.0,4,0
2025-08-12,592662,25,4,1,7.919432897435898,25.0,20,3
2025-08-12,594580,4,2,0,1.6365,4.0,2,1
2025-08-12,595014,4,2,1,0.7484970000000001,4.0,1,0
2025-08-12,595345,3,0,0,1.199,3.0,3,0
2025-08-12,605177,6,0,1,2.110497,6.0,5,0
2025-08-12,605280,20,4,5,8.649847573099416,20.0,11,2
2025-08-12,605452,2,0,0,2.160318356867779,2.0,2,2
2025-08-12,607074,25,5,2,4.482283,25.0,17,0
2025-08-12,607536,27,2,2,10.505067210526317,27.0,22,2
2025-08-12,608379,23,3,2,7.068759079365079,23.0,18,2
2025-08-12,608718,4,0,0,1.191,4.0,4,0
2025-08-12,621053,5,1,2,1.755994,5.0,2,0
2025-08-12,621244,22,3,4,7.928755857142857,22.0,15,2
2025-08-12,621366,6,1,0,3.835,6.0,5,1
2025-08-12,624133,28,3,2,9.327260443609022,28.0,22,1
2025-08-12,641401,3,1,0,0.327,3.0,2,0
2025-08-12,641482,21,6,1,5.621584179487179,21.0,14,1
2025-08-12,641672,24,2,7,9.526732,23.0,15,2
2025-08-12,642100,1,0,0,0.463,1.0,1,0
2025-08-12,642397,6,0,0,1.9992500000000002,6.0,6,0
2025-08-12,642547,22,7,1,4.013042454545454,22.0,14,0
2025-08-12,642701,4,1,0,0.502,4.0,3,0
2025-08-12,656222,6,1,1,1.2008303333333334,6.0,4,0
2025-08-12,656271,3,0,0,1.765,3.0,3,0
2025-08-12,656427,22,6,1,9.282615781328321,22.0,15,4
2025-08-12,656457,6,1,0,3.6479813972715998,6.0,5,2
2025-08-12,656546,3,2,0,0.163,3.0,1,0
2025-08-12,657424,4,0,0,1.195,4.0,4,0
2025-08-12,657612,3,1,0,0.249,3.0,2,0
2025-08-12,660787,3,2,0,0.4006153846153846,3.0,1,0
2025-08-12,660825,3,1,0,0.88,3.0,2,0
2025-08-12,660896,3,0,0,0.039,3.0,3,0
2025-08-12,662253,5,1,1,1.259497,5.0,3,0
2025-08-12,663158,4,2,0,0.695,4.0,2,0
2025-08-12,663455,4,0,0,2.794702702702703,4.0,4,1
2025-08-12,663485,4,0,0,2.2697714285714286,4.0,4,1
2025-08-12,663558,10,2,1,2.6506146470588234,10.0,7,0
2025-08-12,663671,5,0,2,2.313994,5.0,3,0
2025-08-12,663765,12,2,1,3.250920780487805,12.0,9,1
2025-08-12,663795,14,5,1,2.810119333333333,14.0,7,0
2025-08-12,663893,3,1,1,0.917497,3.0,1,0
2025-08-12,663897,6,0,0,1.948,6.0,6,0
2025-08-12,663903,20,6,0,4.0418260869565215,20.0,14,0
2025-08-12,664199,5,1,0,2.261,5.0,4,0
2025-08-12,665152,27,6,1,6.96052825,27.0,20,1
2025-08-12,665871,21,2,1,8.45228701010101,21.0,17,1
2025-08-12,666171,2,1,1,0.691497,2.0,0,0
2025-08-12,666661,3,0,0,1.344,3.0,3,0
2025-08-12,667297,4,1,1,1.7264970000000002,4.0,2,0
2025-08-12,668390,4,3,0,0.597,4.0,1,0
2025-08-12,668674,3,0,0,1.357,3.0,3,0
2025-08-12,668933,3,2,0,0.413,3.0,1,0
2025-08-12,669160,24,8,1,5.516197,24.0,15,0
2025-08-12,669358,30,7,2,7.373283,30.0,20,0
2025-08-12,669461,16,3,1,4.9424969999999995,16.0,12,1
2025-08-12,669622,4,1,1,0.7494970000000001,4.0,2,0
2025-08-12,669674,6,0,0,1.072,6.0,6,1
2025-08-12,669707,8,0,1,3.4305269746692937,8.0,7,2
2025-08-12,669923,23,7,0,5.282248717948717,23.0,16,1
2025-08-12,670167,1,0,0,0.211,1.0,1,0
2025-08-12,670329,4,0,0,0.901,4.0,4,0
2025-08-12,670970,3,1,0,0.098,3.0,2,0
2025-08-12,670990,8,2,2,3.579466222222222,8.0,4,1
2025-08-12,671106,24,5,4,8.952489121212121,24.0,14,1
2025-08-12,671922,4,1,0,1.259,4.0,3,0
2025-08-12,672282,4,2,0,0.403,4.0,2,0
2025-08-12,672782,20,7,1,5.382561111111111,20.0,10,1
2025-08-12,673929,1,1,0,0.0,1.0,0,0
2025-08-12,675911,22,2,2,12.585830558369167,22.0,18,3
2025-08-12,676051,9,2,1,2.7087611509433964,9.0,6,1
2025-08-12,676083,21,2,0,6.971009090909091,21.0,19,3
2025-08-12,676130,2,0,1,0.7254970000000001,2.0,1,0
2025-08-12,676263,3,0,0,0.797,3.0,3,0
2025-08-12,676395,6,1,0,0.302,5.0,5,0
2025-08-12,676428,6,0,3,3.120491,6.0,3,0
2025-08-12,676467,14,2,1,6.538015762088975,14.0,11,3
2025-08-12,676508,3,1,0,0.303,3.0,2,0
2025-08-12,676534,4,1,0,1.2409475524475524,4.0,3,0
2025-08-12,676571,5,0,2,1.871994,5.0,3,0
2025-08-12,676661,6,1,0,0.537,6.0,5,0
2025-08-12,676801,7,0,1,2.7587859999999997,7.0,5,0
2025-08-12,676879,3,1,0,0.243,3.0,2,0
2025-08-12,676962,16,0,1,6.595108793611794,16.0,15,1
2025-08-12,678011,4,0,0,0.331,4.0,4,0
2025-08-12,678024,14,2,1,5.256622000000001,14.0,10,1
2025-08-12,678692,3,1,0,1.0333809523809525,3.0,2,1
2025-08-12,680730,21,3,3,8.853643337858221,21.0,15,2
2025-08-12,680735,15,2,1,7.929545781043518,15.0,12,3
2025-08-12,680767,6,3,0,1.468,6.0,3,1
2025-08-12,681293,22,3,5,9.311452482587065,22.0,13,2
2025-08-12,681676,3,3,0,0.0,3.0,0,0
2025-08-12,681869,5,0,1,3.8832873846153846,5.0,4,1
2025-08-12,681870,3,0,1,1.235872,3.0,2,0
2025-08-12,681892,2,1,0,0.781,2.0,1,1
2025-08-12,681911,6,0,3,2.045994,4.0,3,0
2025-08-12,681982,3,0,0,0.48100000000000004,3.0,3,0
2025-08-12,682052,24,9,0,5.436,24.0,15,0
2025-08-12,682254,5,0,1,2.645497,5.0,4,0
2025-08-12,682989,17,3,3,7.523189090909091,17.0,10,1
2025-08-12,683004,22,3,2,9.162277908389585,21.0,15,4
2025-08-12,683618,4,0,0,0.9259999999999999,4.0,4,0
2025-08-12,683769,3,1,0,0.386,3.0,2,0
2025-08-12,686218,22,6,2,6.678062181818182,22.0,14,2
2025-08-12,686973,3,2,0,0.608,3.0,1,0
2025-08-12,686993,3,1,0,0.29900000000000004,3.0,2,0
2025-08-12,687377,6,3,1,1.5319515454545454,6.0,2,0
2025-08-12,688158,5,1,1,2.085497,5.0,3,0
2025-08-12,689254,3,0,1,1.0354970000000001,3.0,2,0
2025-08-12,693313,8,0,2,3.6953469411764703,8.0,6,1
2025-08-12,694335,9,4,0,1.467,9.0,5,0
2025-08-12,694973,20,4,2,8.571660666666666,20.0,14,1
2025-08-12,701519,16,2,4,8.870229830065359,15.0,9,3
2025-08-13,445276,3,0,0,1.0565000000000002,3.0,3,0
2025-08-13,471911,15,2,3,8.433682489361702,14.0,9,1
2025-08-13,518876,25,5,1,7.036761150943397,25.0,19,1
2025-08-13,527048,15,4,2,5.185438444444444,15.0,9,1
2025-08-13,543294,19,4,3,8.060891,19.0,12,1
2025-08-13,547184,3,1,0,0.127,3.0,2,0
2025-08-13,552640,3,0,0,1.10525,3.0,3,1
2025-08-13,571927,3,0,0,0.792,3.0,3,0
2025-08-13,571946,7,0,1,4.29489870940171,7.0,6,2
2025-08-13,571948,3,0,1,1.226497,3.0,2,0
2025-08-13,572955,4,1,1,1.0094969999999999,4.0,2,0
2025-08-13,573204,2,1,0,0.9991739130434784,2.0,1,1
2025-08-13,592332,25,3,1,9.518066168871252,25.0,21,3
2025-08-13,593974,2,0,0,0.8,2.0,2,0
2025-08-13,594580,1,1,0,0.0,1.0,0,0
2025-08-13,595928,6,0,1,2.6897747777777776,6.0,5,1
2025-08-13,595978,5,0,0,2.2910000000000004,5.0,5,0
2025-08-13,596295,25,2,1,10.403362953947369,25.0,22,3
2025-08-13,601713,25,5,1,6.10473393379791,25.0,19,1
2025-08-13,605130,4,0,1,1.6897859999999998,4.0,2,0
2025-08-13,605177,5,2,1,1.469497,5.0,2,0
2025-08-13,605447,6,2,1,1.5628606363636364,6.0,3,0
2025-08-13,605452,4,2,0,0.5549999999999999,4.0,2,0
2025-08-13,605540,18,4,2,4.889994,18.0,12,0
2025-08-13,607455,4,1,2,1.407994,4.0,1,0
2025-08-13,607481,10,3,1,3.200786,10.0,5,0
2025-08-13,607625,23,2,4,8.743179547049442,23.0,17,2
2025-08-13,608032,6,1,1,2.7813095,6.0,4,1
2025-08-13,608650,4,2,0,0.6880000000000001,4.0,2,0
2025-08-13,621051,2,0,0,0.059,2.0,2,0
2025-08-13,621111,26,3,4,11.045671713272542,26.0,19,3
2025-08-13,621112,17,3,1,3.921433170212766,17.0,13,1
2025-08-13,623433,3,1,0,1.6787192982456143,3.0,2,1
2025-08-13,623437,6,1,0,1.525,6.0,5,0
2025-08-13,623474,3,2,0,0.005,3.0,1,0
2025-08-13,628452,4,0,0,0.7150000000000001,4.0,4,0
2025-08-13,640448,4,0,1,1.278497,4.0,3,0
2025-08-13,641329,3,2,0,0.021,3.0,1,0
2025-08-13,641386,5,2,1,1.156497,5.0,2,0
2025-08-13,641745,3,0,0,1.173,3.0,3,0
2025-08-13,641755,4,1,1,1.4524970000000001,4.0,2,0
2025-08-13,641941,3,2,0,0.045,3.0,1,0
2025-08-13,642100,5,1,0,1.868,5.0,4,0
2025-08-13,642207,3,1,0,0.062,3.0,2,0
2025-08-13,643377,3,3,0,0.0,3.0,0,0
2025-08-13,643410,4,0,0,0.46199999999999997,4.0,4,0
2025-08-13,650556,5,2,0,1.191,5.0,3,0
2025-08-13,650911,25,6,1,6.605497000000001,25.0,18,0
2025-08-13,656271,3,2,0,0.317,3.0,1,0
2025-08-13,656605,22,5,2,8.572121086007702,22.0,15,1
2025-08-13,656794,5,1,0,2.061,5.0,4,0
2025-08-13,656849,20,5,5,6.049485,20.0,10,0
2025-08-13,656876,22,5,0,5.199939393939394,22.0,17,1
2025-08-13,656986,4,3,0,0.176,4.0,1,0
2025-08-13,657585,5,2,1,3.1170751250000004,5.0,2,1
2025-08-13,657649,4,1,1,0.8744970000000001,4.0,2,0
2025-08-13,657746,26,7,2,9.59194669944917,26.0,17,4
2025-08-13,660271,19,7,0,4.719395061728395,19.0,12,1
2025-08-13,660787,3,0,0,1.4460000000000002,3.0,3,0
2025-08-13,663455,4,2,1,0.8524970000000001,4.0,1,0
2025-08-13,663465,8,2,0,3.015750000000001,8.0,6,1
2025-08-13,663623,22,3,4,8.59118609090909,22.0,14,1
2025-08-13,663687,10,3,0,2.7398529411764705,10.0,7,1
2025-08-13,663738,8,0,0,2.159,7.0,7,0
2025-08-13,663941,9,1,0,3.705,9.0,8,0
2025-08-13,663969,6,1,0,1.3820000000000001,6.0,5,0
2025-08-13,664192,8,1,2,5.071708285714285,8.0,5,1
2025-08-13,664208,8,3,1,3.9493188185328183,8.0,3,1
2025-08-13,665660,5,1,0,1.51,5.0,4,0
2025-08-13,666171,6,2,1,1.864497,6.0,3,0
2025-08-13,666374,4,1,0,1.816,4.0,3,0
2025-08-13,666808,4,2,1,0.756497,4.0,1,0
2025-08-13,666974,3,0,1,1.746497,3.0,2,0
2025-08-13,667297,4,1,0,1.055,4.0,3,0
2025-08-13,668678,23,1,2,9.126752620689656,23.0,20,2
2025-08-13,668881,21,6,0,5.227820512820513,21.0,15,0
2025-08-13,668909,16,4,1,7.347236942016056,16.0,11,3
2025-08-13,668933,3,1,0,0.34299999999999997,3.0,2,0
2025-08-13,668941,6,3,1,3.632497,6.0,2,1
2025-08-13,668964,7,1,0,1.824,7.0,6,0
2025-08-13,669211,2,0,0,0.044,2.0,2,0
2025-08-13,669276,6,2,0,1.432,6.0,4,0
2025-08-13,669302,25,6,2,8.560772341013825,25.0,17,2
2025-08-13,669371,5,1,0,0.9460000000000001,5.0,4,0
2025-08-13,669372,14,3,1,7.404786,14.0,9,1
2025-08-13,669387,10,2,2,2.760283,9.0,5,0
2025-08-13,669432,25,6,0,4.971689024390243,25.0,19,1
2025-08-13,669438,4,3,0,0.667,4.0,1,0
2025-08-13,669674,4,2,1,0.8524970000000001,4.0,1,0
2025-08-13,669711,3,0,0,0.654,3.0,3,0
2025-08-13,670036,10,3,0,3.264946894736842,10.0,6,1
2025-08-13,672282,4,1,1,1.5973391052631578,4.0,2,0
2025-08-13,672578,10,0,2,4.480480111111111,10.0,8,1
2025-08-13,672841,3,1,0,1.1335454545454544,3.0,2,1
2025-08-13,673513,6,2,0,0.613,6.0,4,0
2025-08-13,675512,16,6,0,3.930382034632035,16.0,10,3
2025-08-13,676254,3,0,0,0.22799999999999998,3.0,3,0
2025-08-13,676571,4,0,1,2.330573878787879,4.0,2,1
2025-08-13,676604,3,2,0,0.052,3.0,1,0
2025-08-13,676617,5,0,0,2.9988333333333332,5.0,5,1
2025-08-13,676684,3,1,0,0.189,3.0,2,0
2025-08-13,676742,4,1,1,1.451497,4.0,2,0
2025-08-13,676755,3,1,0,0.309,3.0,2,0
2025-08-13,677955,3,1,0,0.653,3.0,2,0
2025-08-13,678606,7,0,0,1.409,6.0,6,0
2025-08-13,678906,12,0,4,5.553988,12.0,8,1
2025-08-13,679775,3,1,0,1.21,3.0,2,0
2025-08-13,679883,3,1,0,0.201,3.0,2,0
2025-08-13,680736,8,1,2,1.898994,8.0,5,0
2025-08-13,680755,4,0,1,1.209497,4.0,3,0
2025-08-13,680767,3,0,0,0.8218,3.0,3,0
2025-08-13,681006,4,0,0,1.676,4.0,4,0
2025-08-13,681168,3,1,0,0.282,3.0,2,0
2025-08-13,681343,20,5,3,5.960926897435898,20.0,12,1
2025-08-13,681517,4,1,0,1.6729565217391302,4.0,3,0
2025-08-13,681892,1,1,0,0.0,1.0,0,0
2025-08-13,683232,6,1,0,2.4188809523809525,6.0,5,1
2025-08-13,683618,5,1,0,1.556,5.0,4,0
2025-08-13,683766,5,0,0,2.5140000000000002,5.0,5,0
2025-08-13,685314,3,0,0,0.881,3.0,3,0
2025-08-13,686228,4,0,1,1.365497,4.0,3,0
2025-08-13,686613,27,4,3,8.218971,27.0,20,0
2025-08-13,687396,6,1,1,0.836,5.0,4,0
2025-08-13,687830,6,2,0,1.738,6.0,4,0
2025-08-13,689254,2,2,0,0.0,2.0,0,0
2025-08-13,690925,3,0,0,0.5760000000000001,3.0,3,0
2025-08-13,690990,20,8,2,3.337994,20.0,10,0
2025-08-13,691587,19,8,0,5.191289,19.0,10,1
2025-08-13,693312,5,1,2,2.336994,5.0,2,0
2025-08-13,693645,19,6,2,4.190994,19.0,11,1
2025-08-13,694037,3,1,0,0.397,3.0,2,0
2025-08-13,700241,23,2,0,7.491942307692307,23.0,21,1
2025-08-13,702352,9,2,1,2.348497,9.0,6,0
2025-08-14,453286,27,3,1,10.080585586956522,27.0,23,4
2025-08-14,502085,4,2,0,0.092,4.0,2,0
2025-08-14,519141,4,1,0,0.877,3.0,3,0
2025-08-14,541640,3,0,0,0.746,3.0,3,0
2025-08-14,543859,3,0,0,0.71375,3.0,3,0
2025-08-14,571510,23,5,1,5.553743998284734,22.0,17,1
2025-08-14,593958,27,6,1,5.42445352173913,27.0,20,0
2025-08-14,606160,4,2,0,0.8250000000000001,4.0,2,0
2025-08-14,608372,20,2,1,6.083037723187207,20.0,16,2
2025-08-14,608650,6,0,1,2.4104970000000003,6.0,5,0
2025-08-14,621139,3,1,0,0.467,3.0,2,0
2025-08-14,621242,3,1,0,0.608,3.0,2,0
2025-08-14,622554,1,1,0,0.0,1.0,0,0
2025-08-14,623433,4,1,0,0.583,4.0,3,0
2025-08-14,628452,3,1,0,0.8340000000000001,3.0,2,0
2025-08-14,640448,4,2,0,0.7358437499999998,4.0,2,1
2025-08-14,641927,20,4,0,4.9495813953488375,20.0,16,1
2025-08-14,643511,6,0,0,1.541,6.0,6,0
2025-08-14,656222,5,1,0,2.2455656108597286,5.0,4,1
2025-08-14,656546,4,3,0,0.103,4.0,1,0
2025-08-14,657571,2,1,0,0.042,2.0,1,0
2025-08-14,663485,8,1,1,2.2327747777777778,8.0,6,1
2025-08-14,663671,8,1,1,2.061497,8.0,6,0
2025-08-14,663804,3,1,0,0.7250000000000001,3.0,2,0
2025-08-14,663893,3,2,1,0.691497,3.0,0,0
2025-08-14,663947,5,1,0,1.1179999999999999,4.0,4,0
2025-08-14,664854,6,0,1,1.815497,6.0,5,0
2025-08-14,665795,27,6,3,10.224065714285715,27.0,17,1
2025-08-14,666200,24,7,3,5.780619648648648,24.0,14,1
2025-08-14,666661,4,1,0,1.1520000000000001,4.0,3,0
2025-08-14,668984,5,1,1,1.4237747777777776,5.0,3,1
2025-08-14,669199,2,1,0,0.40075,2.0,1,0
2025-08-14,669211,5,1,1,1.501497,5.0,3,0
2025-08-14,669276,4,1,0,0.31300000000000006,4.0,3,0
2025-08-14,669371,4,1,0,0.8,3.0,3,0
2025-08-14,669373,28,3,2,10.495695219512195,28.0,23,3
2025-08-14,669704,3,0,0,1.033,3.0,3,0
2025-08-14,670329,4,1,0,2.4963809523809526,4.0,3,1
2025-08-14,671131,3,1,0,0.497,3.0,2,0
2025-08-14,671922,1,0,0,0.417,1.0,1,0
2025-08-14,672841,7,0,2,2.790283,7.0,4,0
2025-08-14,673540,23,7,1,4.981735095238095,23.0,15,1
2025-08-14,676440,26,5,4,6.145141846153846,26.0,17,0
2025-08-14,678368,11,1,0,4.102289,11.0,9,0
2025-08-14,678606,4,1,0,1.232,4.0,3,0
2025-08-14,681870,3,0,1,0.840497,3.0,2,0
2025-08-14,681892,3,0,1,0.9764970000000001,3.0,2,0
2025-08-14,683627,10,3,1,3.823497,10.0,6,0
2025-08-14,683769,2,0,0,0.1,2.0,2,0
2025-08-14,687134,20,0,4,8.06209789010989,20.0,16,1
2025-08-14,688138,17,1,4,5.347988,17.0,12,0
2025-08-14,689147,4,1,0,0.764,4.0,3,0
2025-08-14,693821,26,6,2,7.599099263157895,26.0,18,1
2025-08-14,695418,25,3,1,6.171259557077626,25.0,21,1
2025-08-14,699911,7,1,0,0.944,7.0,6,0
2025-08-14,829272,1,1,0,0.0,1.0,0,0
2025-08-15,450203,23,5,3,6.5739133333333335,23.0,14,0
2025-08-15,458677,4,0,0,2.354,4.0,4,0
2025-08-15,477132,20,3,1,6.191622000000001,20.0,16,1
2025-08-15,502085,4,1,0,1.307,4.0,3,0
2025-08-15,518489,5,0,0,1.7710000000000001,5.0,5,0
2025-08-15,541640,3,1,0,0.07400000000000001,3.0,2,0
2025-08-15,542888,2,0,0,0.522,2.0,2,0
2025-08-15,543056,3,0,0,2.0789999999999997,3.0,3,0
2025-08-15,547184,4,2,1,0.762497,4.0,1,0
2025-08-15,547973,3,1,0,0.538,3.0,2,0
2025-08-15,548384,5,1,1,1.628997,5.0,3,0
2025-08-15,552640,3,2,0,0.3493333333333333,3.0,1,0
2025-08-15,554430,20,6,2,5.137639454545455,20.0,12,1
2025-08-15,570632,19,3,1,5.949273190476191,19.0,15,1
2025-08-15,579328,20,3,3,10.078097557377049,20.0,14,3
2025-08-15,592454,4,1,1,0.7644970000000001,4.0,2,0
2025-08-15,592773,1,0,0,0.343,1.0,1,0
2025-08-15,593423,11,0,2,4.515227893557423,11.0,9,2
2025-08-15,593974,4,2,0,1.5347714285714282,4.0,2,1
2025-08-15,594580,4,1,1,1.4657769999999999,4.0,2,1
2025-08-15,594798,18,5,0,3.701289,18.0,12,0
2025-08-15,595014,1,0,0,0.021,1.0,1,0
2025-08-15,596001,7,1,0,3.04525,6.0,5,1
2025-08-15,596133,5,2,0,1.1840000000000002,5.0,3,0
2025-08-15,605130,5,0,0,2.3415897435897435,5.0,5,1
2025-08-15,605135,22,4,4,8.298619479674798,22.0,13,2
2025-08-15,607067,20,5,2,5.567006684210527,20.0,12,1
2025-08-15,607179,4,0,0,1.022,4.0,4,0
2025-08-15,607259,16,1,0,6.6439701492537315,16.0,15,1
2025-08-15,608032,3,3,0,0.0,3.0,0,0
2025-08-15,608334,16,2,0,5.0524848484848475,15.0,14,1
2025-08-15,608337,27,5,1,8.84505556100274,27.0,21,3
2025-08-15,608718,12,2,1,2.847497,12.0,9,0
2025-08-15,621051,3,2,0,0.56,3.0,1,0
2025-08-15,621381,4,1,1,0.912497,4.0,2,0
2025-08-15,621383,3,0,0,1.2734800000000002,3.0,3,0
2025-08-15,622491,22,5,1,8.047544222222223,22.0,16,3
2025-08-15,623474,6,4,0,0.698,6.0,2,0
2025-08-15,628452,3,1,0,0.069,3.0,2,0
2025-08-15,640455,23,7,1,9.090676384615383,23.0,14,2
2025-08-15,641386,3,2,0,0.468,3.0,1,0
2025-08-15,641401,6,1,1,1.7708303333333333,6.0,4,0
2025-08-15,641745,3,1,0,0.04,3.0,2,0
2025-08-15,641755,3,0,0,0.5389999999999999,3.0,3,0
2025-08-15,642100,3,2,0,0.0,3.0,1,0
2025-08-15,642701,4,0,0,1.1400000000000001,3.0,3,0
2025-08-15,643377,2,0,0,0.04,2.0,2,0
2025-08-15,643410,2,0,1,1.055497,2.0,1,0
2025-08-15,643511,5,0,0,2.206,5.0,5,0
2025-08-15,645261,21,7,1,3.972497,21.0,13,0
2025-08-15,650644,25,3,1,10.010681467811988,25.0,21,3
2025-08-15,656546,3,3,0,0.0,3.0,0,0
2025-08-15,656730,3,2,0,0.258,3.0,1,0
2025-08-15,657424,5,2,0,0.965,5.0,3,0
2025-08-15,657571,3,1,0,0.831,3.0,2,0
2025-08-15,657649,3,2,0,0.131,3.0,1,0
2025-08-15,660825,3,1,0,0.076,3.0,2,0
2025-08-15,660896,3,1,0,0.10300000000000001,3.0,2,0
2025-08-15,661395,1,0,0,0.407,1.0,1,0
2025-08-15,661563,20,4,3,7.553491,20.0,13,0
2025-08-15,662253,3,1,0,0.44599999999999995,3.0,2,0
2025-08-15,663455,3,0,0,3.2702127659574467,3.0,3,2
2025-08-15,663804,4,1,0,2.9643181818181814,4.0,3,1
2025-08-15,664076,3,3,0,0.0,3.0,0,0
2025-08-15,664126,4,0,0,1.1143157894736844,4.0,4,1
2025-08-15,664192,4,0,0,0.46499999999999997,4.0,4,0
2025-08-15,664208,6,2,2,1.9549940000000001,6.0,2,0
2025-08-15,664285,30,6,1,8.33405054449472,30.0,23,1
2025-08-15,664747,3,2,0,0.203,3.0,1,0
2025-08-15,664854,3,1,0,1.437,3.0,2,0
2025-08-15,665660,3,2,0,0.633,3.0,1,0
2025-08-15,666374,2,1,0,0.002,2.0,1,0
2025-08-15,666808,5,2,1,1.967786,5.0,1,0
2025-08-15,668390,3,0,0,0.506,3.0,3,0
2025-08-15,668674,3,0,0,0.685,3.0,3,0
2025-08-15,669022,24,7,2,6.998469868686868,24.0,14,1
2025-08-15,669084,13,1,0,2.799,13.0,12,0
2025-08-15,669093,7,2,2,2.783755904761905,7.0,3,1
2025-08-15,669199,3,0,0,1.076,3.0,3,0
2025-08-15,669467,24,8,3,7.433833105263158,23.0,12,1
2025-08-15,669622,3,2,0,0.019,3.0,1,0
2025-08-15,670036,3,1,0,0.133,3.0,2,0
2025-08-15,670167,1,0,0,0.659,1.0,1,0
2025-08-15,670280,3,2,0,0.871,3.0,1,0
2025-08-15,670955,6,0,0,2.712578,6.0,4,0
2025-08-15,671212,12,3,2,4.43669481300813,12.0,7,2
2025-08-15,672578,4,1,0,1.246,4.0,3,0
2025-08-15,672582,3,2,0,0.208,3.0,1,0
2025-08-15,673513,3,1,1,1.296497,3.0,1,0
2025-08-15,675848,4,2,1,0.7374970000000001,4.0,1,0
2025-08-15,676130,4,0,0,1.341,4.0,4,0
2025-08-15,676263,1,0,0,0.05,1.0,1,0
2025-08-15,676282,22,5,4,6.914816571428572,21.0,12,1
2025-08-15,676395,3,0,0,1.986568965517241,3.0,3,1
2025-08-15,676428,4,1,1,1.342497,4.0,2,0
2025-08-15,676477,2,0,0,0.6070000000000001,2.0,2,0
2025-08-15,676508,4,0,0,0.8390000000000001,4.0,4,0
2025-08-15,676534,1,0,0,0.303,1.0,1,0
2025-08-15,676571,4,1,1,1.108497,4.0,2,0
2025-08-15,676755,8,1,1,1.759497,8.0,6,0
2025-08-15,676879,3,2,0,0.003,3.0,1,0
2025-08-15,677952,18,4,0,4.3213333333333335,18.0,14,0
2025-08-15,678022,23,7,3,9.189881394088669,23.0,13,3
2025-08-15,678226,3,1,0,0.232,3.0,2,0
2025-08-15,678495,6,2,0,2.394289,6.0,3,0
2025-08-15,680755,4,0,1,1.4504970000000001,4.0,3,0
2025-08-15,680767,3,2,0,0.056,3.0,1,0
2025-08-15,681006,3,0,2,2.105283,3.0,0,0
2025-08-15,681190,14,4,1,3.272497,13.0,8,0
2025-08-15,681676,5,1,2,1.398994,5.0,2,0
2025-08-15,681869,7,1,0,2.1242641509433966,7.0,6,1
2025-08-15,681895,5,1,1,2.186786,5.0,2,0
2025-08-15,681911,5,0,1,2.229075,4.0,2,0
2025-08-15,682274,3,1,0,0.002,3.0,2,0
2025-08-15,682825,5,2,0,0.377,5.0,3,0
2025-08-15,682842,3,2,0,0.493,3.0,1,0
2025-08-15,683232,3,1,0,0.833,3.0,2,0
2025-08-15,684320,3,2,0,0.255,3.0,1,0
2025-08-15,685126,3,1,0,0.306,3.0,2,0
2025-08-15,685299,21,2,1,7.702311593301435,21.0,18,2
2025-08-15,686228,3,2,1,0.691497,3.0,0,0
2025-08-15,686747,3,1,0,0.434,3.0,2,0
2025-08-15,686973,2,1,0,1.1097192982456143,2.0,1,1
2025-08-15,686993,3,0,0,0.35,3.0,3,0
2025-08-15,687064,25,6,0,3.63980027173913,25.0,19,1
2025-08-15,687377,5,0,0,1.664539,5.0,4,1
2025-08-15,689147,3,0,0,0.6669999999999999,2.0,2,0
2025-08-15,689254,3,1,1,0.7374970000000001,3.0,1,0
2025-08-15,690544,4,0,2,1.759994,4.0,2,0
2025-08-15,690925,3,1,2,1.382994,3.0,0,0
2025-08-15,693313,7,1,1,2.8599526666666666,7.0,4,1
2025-08-15,693855,14,4,1,2.5124969999999998,14.0,9,0
2025-08-15,694037,4,0,0,1.4939701492537312,4.0,4,1
2025-08-15,694297,27,4,2,8.842173487179487,27.0,21,2
2025-08-15,694335,9,2,2,2.911994,9.0,5,0
2025-08-15,694462,22,7,2,5.590141058823529,22.0,13,0
2025-08-15,694738,15,5,1,4.028972378787879,15.0,9,2
2025-08-15,694819,11,3,3,5.25978,10.0,3,0
2025-08-15,694851,4,1,1,1.145497,4.0,2,0
2025-08-15,695243,3,2,0,0.122,3.0,1,0
2025-08-15,701487,17,1,2,7.336274,17.0,14,1
2025-08-15,702070,23,2,2,7.715030036036037,23.0,19,1
2025-08-16,434378,24,8,0,3.785,24.0,16,0
2025-08-16,458677,2,1,0,0.002,2.0,1,0
2025-08-16,472610,4,1,0,1.0670000000000002,4.0,3,0
2025-08-16,542881,19,1,5,8.073485,19.0,13,1
2025-08-16,543243,25,7,2,9.881006725250279,25.0,16,3
2025-08-16,543859,3,1,0,0.074,3.0,2,0
2025-08-16,547179,17,3,2,6.325283,17.0,11,0
2025-08-16,547973,1,0,0,0.047,1.0,1,0
2025-08-16,552640,4,2,0,0.887,4.0,2,0
2025-08-16,571578,15,2,2,6.151365794871795,15.0,11,0
2025-08-16,571927,3,0,0,0.304,3.0,3,0
2025-08-16,571946,3,2,0,0.174,3.0,1,0
2025-08-16,592351,14,3,3,5.86362357277734,14.0,8,2
2025-08-16,592836,27,3,2,8.812502270676692,27.0,22,1
2025-08-16,595345,4,2,1,0.712497,4.0,1,0
2025-08-16,605130,4,0,1,0.707,3.0,3,0
2025-08-16,605177,1,0,0,0.114,1.0,1,0
2025-08-16,605288,19,6,0,3.0745454545454542,19.0,13,1
2025-08-16,605447,1,1,0,0.0,1.0,0,0
2025-08-16,605483,23,3,2,6.72495052173913,22.0,17,0
2025-08-16,607455,2,1,0,0.1,2.0,1,0
2025-08-16,608331,24,6,1,6.619885461538462,24.0,17,1
2025-08-16,608650,8,3,2,0.486,6.0,3,0
2025-08-16,615698,21,2,1,9.78799300152207,21.0,17,4
2025-08-16,621053,6,2,2,2.000994,6.0,2,0
2025-08-16,621139,6,0,1,2.184497,6.0,5,0
2025-08-16,621242,8,2,0,3.882649282920469,8.0,6,1
2025-08-16,622554,4,0,1,1.386497,4.0,3,0
2025-08-16,623168,5,0,0,1.647289,5.0,4,0
2025-08-16,623433,5,1,0,1.3206666666666667,5.0,4,0
2025-08-16,623437,7,2,0,2.176289,7.0,4,0
2025-08-16,640448,4,2,0,0.506,4.0,2,0
2025-08-16,641302,12,4,1,4.1527075263157895,12.0,7,1
2025-08-16,641329,3,2,0,0.535,3.0,1,0
2025-08-16,641401,6,1,2,3.7754002500000006,6.0,3,1
2025-08-16,641745,4,3,0,0.725,4.0,1,0
2025-08-16,641778,23,4,3,7.749519571428571,23.0,16,1
2025-08-16,641793,24,3,1,6.906951545454546,24.0,20,0
2025-08-16,641941,5,1,2,1.4549940000000001,5.0,2,0
2025-08-16,642133,11,0,0,5.735712076923077,11.0,10,1
2025-08-16,642207,3,3,0,0.0,3.0,0,0
2025-08-16,642397,5,2,0,0.78,5.0,3,0
2025-08-16,643410,5,1,0,2.466833333333333,5.0,4,1
2025-08-16,650556,4,3,0,0.5664545454545454,4.0,1,0
2025-08-16,656302,19,2,6,6.886982,19.0,11,0
2025-08-16,656730,5,2,1,0.9894970000000001,5.0,2,0
2025-08-16,656794,8,3,0,1.4892889999999999,8.0,4,0
2025-08-16,656986,5,0,1,2.8947611509433964,5.0,4,1
2025-08-16,657424,3,1,1,0.9774970000000001,3.0,1,0
2025-08-16,657571,4,0,0,2.022,4.0,4,0
2025-08-16,657649,3,0,1,1.1344969999999999,3.0,2,0
2025-08-16,660787,6,2,0,0.701,6.0,4,0
2025-08-16,660853,5,1,0,1.2165454545454546,5.0,4,0
2025-08-16,663462,6,0,0,2.6398124999999997,6.0,6,1
2025-08-16,663465,10,1,0,2.4418888888888888,10.0,9,0
2025-08-16,663554,23,10,1,5.161860636363636,23.0,12,0
2025-08-16,663559,9,2,1,2.053497,9.0,6,0
2025-08-16,663574,5,1,2,1.646994,5.0,2,0
2025-08-16,663738,7,0,0,2.31803125,7.0,7,1
2025-08-16,663947,4,0,1,1.7974970000000001,4.0,3,0
2025-08-16,664126,4,3,0,0.852,4.0,1,0
2025-08-16,664199,4,2,0,0.218,4.0,2,0
2025-08-16,666171,9,3,1,3.635608111111111,9.0,5,1
2025-08-16,666214,22,5,2,6.073889061728395,22.0,15,1
2025-08-16,666974,4,1,1,0.924497,3.0,1,0
2025-08-16,667297,9,4,0,2.397289,9.0,4,0
2025-08-16,668933,4,2,1,0.957497,4.0,1,0
2025-08-16,668984,3,1,0,0.124,3.0,2,0
2025-08-16,669020,3,2,0,0.198,3.0,1,0
2025-08-16,669194,27,4,0,6.95191307814992,27.0,23,2
2025-08-16,669211,4,0,2,0.5,2.0,2,0
2025-08-16,669704,5,0,1,1.838997,5.0,4,1
2025-08-16,669920,22,6,0,6.787627095238095,22.0,15,2
2025-08-16,670036,1,0,0,0.039,1.0,1,0
2025-08-16,670280,1,0,0,0.007,1.0,1,0
2025-08-16,670329,5,1,0,1.2389999999999999,5.0,4,0
2025-08-16,670955,5,2,0,0.266,5.0,3,0
2025-08-16,670990,4,1,1,0.984,3.0,2,0
2025-08-16,672391,1,0,0,0.034,1.0,1,0
2025-08-16,672578,6,2,0,0.28200000000000003,6.0,4,0
2025-08-16,672841,2,1,0,0.216,2.0,1,0
2025-08-16,673513,4,1,0,0.8270000000000001,4.0,3,0
2025-08-16,676130,5,0,0,2.505406647058823,5.0,4,0
2025-08-16,676263,3,0,0,1.6494137931034483,3.0,3,1
2025-08-16,676604,10,2,2,3.223846941176471,10.0,6,1
2025-08-16,676661,3,0,0,2.717951219512195,3.0,3,1
2025-08-16,676684,7,2,1,2.170497,7.0,4,0
2025-08-16,676702,12,3,0,3.12635,12.0,9,0
2025-08-16,676760,7,1,0,1.646,7.0,6,1
2025-08-16,676775,4,0,1,1.333497,4.0,3,0
2025-08-16,676879,2,2,0,0.0,2.0,0,0
2025-08-16,676917,26,5,0,7.176466666666666,25.0,20,1
2025-08-16,677944,27,3,2,11.931390761828814,27.0,21,2
2025-08-16,677955,5,2,0,1.0030000000000001,5.0,3,0
2025-08-16,678024,6,3,1,1.649497,6.0,2,0
2025-08-16,678394,24,2,0,8.816768731525784,24.0,21,2
2025-08-16,678606,7,2,0,1.513,7.0,5,0
2025-08-16,679775,2,1,0,0.455,2.0,1,0
2025-08-16,680732,17,3,1,6.562047135501355,17.0,13,2
2025-08-16,680767,3,1,0,0.118,3.0,2,0
2025-08-16,681006,6,1,0,0.968,6.0,5,0
2025-08-16,681168,5,0,0,2.4229512195121954,5.0,5,1
2025-08-16,681347,20,4,2,7.154279714285714,20.0,14,1
2025-08-16,681517,4,0,0,3.0780958904109594,4.0,4,1
2025-08-16,681892,3,0,0,0.8340000000000001,3.0,3,0
2025-08-16,681895,3,0,0,0.734,2.0,3,0
2025-08-16,682254,4,1,1,2.296535461538461,4.0,2,0
2025-08-16,682274,3,1,0,0.019000000000000003,3.0,2,0
2025-08-16,682610,9,3,3,3.519741,9.0,3,0
2025-08-16,682842,4,2,0,0.424,4.0,2,0
2025-08-16,682990,22,5,1,7.43017785106383,22.0,16,1
2025-08-16,683232,4,0,0,2.7092954545454546,4.0,4,2
2025-08-16,683618,6,2,1,1.030497,6.0,3,0
2025-08-16,684007,26,6,2,7.43464105882353,26.0,18,1
2025-08-16,685314,4,0,0,2.9429999999999996,4.0,4,1
2025-08-16,686747,6,0,0,1.9627454545454546,6.0,6,1
2025-08-16,686993,4,1,1,0.931497,4.0,2,0
2025-08-16,687911,4,2,0,1.1518529411764704,4.0,2,1
2025-08-16,688158,5,0,0,2.395641975308642,5.0,5,1
2025-08-16,690997,21,8,4,5.547988,21.0,9,0
2025-08-16,693312,8,1,0,2.174289,8.0,6,0
2025-08-16,693433,26,8,2,7.097994,26.0,16,0
2025-08-16,694851,5,1,2,2.3584384444444444,5.0,2,0
2025-08-16,700249,22,10,3,4.080491,22.0,9,0
2025-08-16,701519,9,1,4,4.682226095238096,9.0,4,1
2025-08-16,701552,9,3,1,2.0778379090909094,9.0,5,1
2025-08-16,801403,23,6,2,7.495455148648649,23.0,15,2
2025-08-16,805673,21,6,4,5.963083890410959,21.0,11,1
2025-08-16,806960,21,5,2,5.7337667272727275,21.0,14,1
2025-08-17,445276,6,2,2,2.2479940000000003,6.0,2,0
2025-08-17,472610,3,0,1,0.729,2.0,2,0
2025-08-17,500779,25,4,1,8.333768666666666,25.0,20,0
2025-08-17,506433,17,5,2,5.735658595103579,17.0,10,2
2025-08-17,541640,3,1,0,0.34500000000000003,3.0,2,0
2025-08-17,542888,4,1,0,0.5589999999999999,4.0,3,0
2025-08-17,543135,26,6,0,7.096636815920398,26.0,20,2
2025-08-17,543859,3,3,0,0.0,3.0,0,0
2025-08-17,547184,4,0,1,1.638497,3.0,3,0
2025-08-17,548384,5,1,1,1.4224970000000001,5.0,3,0
2025-08-17,552640,3,0,0,0.20500000000000002,3.0,3,0
2025-08-17,571760,4,0,1,1.602497,4.0,3,0
2025-08-17,571927,3,0,0,1.5390958904109597,3.0,3,1
2025-08-17,571945,23,1,5,11.490457222222222,23.0,17,2
2025-08-17,571948,3,1,0,2.052,3.0,2,1
2025-08-17,572955,6,0,3,2.3091815,5.0,3,0
2025-08-17,573124,4,1,0,0.8929999999999999,4.0,3,0
2025-08-17,573204,1,1,0,0.0,1.0,0,0
2025-08-17,592094,3,2,0,0.08,3.0,1,0
2025-08-17,595014,4,1,0,0.776,4.0,3,0
2025-08-17,595345,6,1,0,0.263,6.0,5,0
2025-08-17,596133,6,1,1,1.2954970000000001,6.0,4,0
2025-08-17,605280,21,4,1,6.354721483870968,21.0,15,1
2025-08-17,605400,15,4,1,5.743163666666667,15.0,10,0
2025-08-17,605452,7,0,1,2.093497,7.0,6,0
2025-08-17,605488,26,5,3,10.303933846153846,26.0,17,1
2025-08-17,607179,7,0,3,4.459491,7.0,4,0
2025-08-17,607192,21,8,1,4.961353209150327,21.0,12,2
2025-08-17,607200,21,5,3,6.061491,21.0,13,0
2025-08-17,607455,3,1,0,0.62,3.0,2,0
2025-08-17,607481,8,1,0,2.446289,8.0,6,0
2025-08-17,608032,3,0,0,0.861,3.0,3,0
2025-08-17,621051,5,0,0,3.833,5.0,5,1
2025-08-17,621053,4,2,1,0.786497,4.0,1,0
2025-08-17,621244,21,2,0,7.701799835913312,21.0,18,2
2025-08-17,621381,4,1,0,0.5904545454545455,4.0,3,0
2025-08-17,621383,6,2,0,1.384,6.0,4,0
2025-08-17,622503,19,5,1,4.331497,19.0,13,0
2025-08-17,622608,20,2,1,5.453289,18.0,16,0
2025-08-17,623474,5,1,1,1.123497,5.0,3,0
2025-08-17,628452,4,2,0,0.9510000000000001,4.0,2,0
2025-08-17,641386,6,0,2,5.06029333481153,6.0,4,2
2025-08-17,641672,20,4,3,5.351812428571429,20.0,13,0
2025-08-17,641941,5,0,1,2.5076803333333335,5.0,4,1
2025-08-17,642048,8,3,0,1.415951219512195,8.0,5,1
2025-08-17,642207,2,1,1,0.691497,2.0,0,0
2025-08-17,643511,5,0,0,1.847,5.0,5,0
2025-08-17,650893,3,1,0,0.16599999999999998,3.0,2,0
2025-08-17,656222,5,0,0,1.8412285714285717,5.0,5,1
2025-08-17,656271,2,0,0,0.364,1.0,1,0
2025-08-17,656686,5,2,0,1.486,5.0,3,0
2025-08-17,656794,3,1,0,0.348,3.0,2,0
2025-08-17,657277,24,7,0,5.362474999999999,24.0,17,1
2025-08-17,657585,5,1,0,1.249,5.0,4,0
2025-08-17,657612,3,0,0,0.6606153846153847,3.0,3,0
2025-08-17,660853,3,0,0,1.511,3.0,3,0
2025-08-17,660896,2,0,0,0.751,2.0,2,0
2025-08-17,661395,2,1,0,0.079,2.0,1,0
2025-08-17,663158,4,2,0,1.0625151515151516,4.0,2,1
2025-08-17,663436,21,4,3,5.450703121212121,21.0,14,1
2025-08-17,663455,7,1,1,3.461932142857143,7.0,3,0
2025-08-17,663485,3,3,0,0.0,3.0,0,0
2025-08-17,663574,3,1,1,0.873497,3.0,1,0
2025-08-17,663671,8,3,0,1.925,8.0,5,0
2025-08-17,663765,10,1,0,3.505578,10.0,7,0
2025-08-17,663767,8,2,2,2.304994,8.0,4,0
2025-08-17,663804,5,2,1,1.135497,5.0,2,0
2025-08-17,663893,4,0,0,1.174,4.0,4,0
2025-08-17,663941,6,0,1,1.6944970000000001,6.0,5,0
2025-08-17,663969,3,0,0,0.249,3.0,3,0
2025-08-17,663978,29,4,3,10.485247535947712,28.0,21,1
2025-08-17,664299,13,2,0,4.354289,13.0,10,0
2025-08-17,664747,3,1,0,1.415289,3.0,1,0
2025-08-17,664854,4,2,1,0.784497,4.0,1,0
2025-08-17,664991,4,3,0,0.918,4.0,1,0
2025-08-17,665152,24,7,1,3.301497,24.0,16,0
2025-08-17,665660,3,1,0,0.049999999999999996,3.0,2,0
2025-08-17,665871,18,3,1,5.317497,18.0,14,0
2025-08-17,666661,2,1,0,0.059,2.0,1,0
2025-08-17,666808,5,1,0,1.8509512195121949,5.0,4,1
2025-08-17,667755,26,5,1,11.20763164673913,26.0,20,2
2025-08-17,668390,3,1,2,1.382994,3.0,0,0
2025-08-17,668674,5,1,1,2.5478157613843355,5.0,3,1
2025-08-17,668933,3,0,0,0.5589999999999999,3.0,3,0
2025-08-17,668941,6,0,2,1.066497,5.0,4,0
2025-08-17,668964,7,2,0,1.7178437499999997,7.0,5,1
2025-08-17,669093,4,0,0,1.242,4.0,4,0
2025-08-17,669276,5,2,0,1.583,5.0,3,0
2025-08-17,669387,14,3,0,5.736518118059614,14.0,11,2
2025-08-17,669438,11,2,0,4.525485300768883,11.0,9,2
2025-08-17,669622,5,1,1,1.7264970000000002,5.0,3,0
2025-08-17,669674,5,0,0,2.13,5.0,5,0
2025-08-17,669711,3,0,0,1.394936170212766,3.0,3,1
2025-08-17,669923,28,4,3,12.734977912468336,28.0,21,3
2025-08-17,670059,4,0,1,1.124497,3.0,2,0
2025-08-17,670970,4,2,0,1.7471062562065542,4.0,2,1
2025-08-17,671096,24,7,0,4.73665625,24.0,17,1
2025-08-17,671106,23,6,3,6.442554157894737,23.0,14,0
2025-08-17,671131,6,2,0,2.221,6.0,4,0
2025-08-17,671922,3,0,0,0.8200000000000001,3.0,3,0
2025-08-17,672282,5,2,1,1.5324970000000002,5.0,2,0
2025-08-17,672391,7,0,2,2.911994,7.0,5,0
2025-08-17,672582,3,2,1,0.691497,3.0,0,0
2025-08-17,673929,2,1,0,0.578,2.0,1,0
2025-08-17,674370,3,3,0,0.0,3.0,0,0
2025-08-17,675848,6,0,0,1.755,6.0,6,0
2025-08-17,676083,28,6,1,6.87634994117647,28.0,21,1
2025-08-17,676477,6,1,0,1.506289,6.0,4,0
2025-08-17,676508,3,1,0,0.774289,3.0,1,0
2025-08-17,676571,3,1,0,0.707,3.0,2,0
2025-08-17,676617,6,2,0,1.083,6.0,4,0
2025-08-17,676661,8,1,0,3.961955555555556,8.0,7,1
2025-08-17,676755,6,0,1,3.5342315656565657,5.0,5,2
2025-08-17,676775,3,2,0,0.287,3.0,1,0
2025-08-17,676801,3,0,0,0.8423333333333333,3.0,3,0
2025-08-17,676962,14,4,2,5.335927333333333,13.0,8,1
2025-08-17,676979,26,8,1,7.865786,26.0,16,1
2025-08-17,678821,3,0,0,2.858857142857143,3.0,3,1
2025-08-17,680730,13,0,3,7.5255137272727275,13.0,10,1
2025-08-17,680755,5,1,0,3.1934,5.0,4,1
2025-08-17,681517,6,2,1,2.220497,6.0,3,0
2025-08-17,681869,7,1,0,3.5756545454545456,7.0,6,1
2025-08-17,681911,5,1,0,0.216,5.0,4,0
2025-08-17,681982,9,1,3,2.368497,6.0,5,0
2025-08-17,682120,3,2,0,0.056,3.0,1,0
2025-08-17,682254,1,1,0,0.0,1.0,0,0
2025-08-17,683627,5,2,1,1.727497,5.0,2,0
2025-08-17,683769,5,1,1,1.387497,5.0,3,0
2025-08-17,684320,4,0,1,1.8428127894736843,4.0,3,1
2025-08-17,686701,24,7,2,8.002780549707602,24.0,15,1
2025-08-17,686752,24,8,2,6.320994,24.0,14,0
2025-08-17,686973,6,0,1,3.3707772197802197,6.0,5,2
2025-08-17,687377,6,1,1,1.718497,6.0,4,0
2025-08-17,689254,4,0,2,2.2159940000000002,4.0,2,0
2025-08-17,690544,9,3,2,2.260994,9.0,4,0
2025-08-17,690925,3,1,0,0.295,3.0,2,0
2025-08-17,691799,6,1,0,2.772578125000001,6.0,5,1
2025-08-17,699911,6,1,1,1.958497,6.0,4,0
2025-08-17,701542,22,3,1,6.732963666666667,22.0,18,1
2025-08-17,820862,3,0,0,0.053000000000000005,3.0,3,0
2025-08-17,829272,8,1,0,3.302307692307692,8.0,7,1
2025-08-18,519141,4,0,0,0.882,4.0,4,0
2025-08-18,573124,4,2,0,1.5444861111111112,4.0,2,1
2025-08-18,592332,21,4,2,6.959994,21.0,15,0
2025-08-18,592662,26,6,1,8.185554657663372,26.0,18,3
2025-08-18,593974,4,1,1,1.029497,4.0,2,0
2025-08-18,595928,6,1,0,1.3174358974358975,6.0,5,1
2025-08-18,605130,5,4,1,0.691497,5.0,0,0
2025-08-18,605177,3,1,0,0.21200000000000002,3.0,2,0
2025-08-18,605447,3,0,0,1.9774761904761904,3.0,3,1
2025-08-18,605463,12,1,2,6.732851142857143,12.0,9,2
2025-08-18,607536,18,5,1,4.3938606363636366,18.0,12,0
2025-08-18,608032,3,0,0,0.44,3.0,3,0
2025-08-18,608334,7,2,0,1.077,7.0,5,0
2025-08-18,608379,23,3,0,7.574,23.0,20,0
2025-08-18,608650,4,1,0,1.282,4.0,3,0
2025-08-18,622554,6,1,1,1.8487091212121212,6.0,4,1
2025-08-18,624133,25,10,0,4.599818505582137,25.0,14,1
2025-08-18,641482,27,5,4,9.414247246088193,27.0,18,2
2025-08-18,641755,4,2,0,0.487,4.0,2,0
2025-08-18,642547,22,6,3,4.314491,22.0,13,0
2025-08-18,642701,4,1,0,1.2552889999999999,4.0,2,0
2025-08-18,656427,25,9,1,3.912786,25.0,14,0
2025-08-18,656638,6,1,1,1.8334970000000002,6.0,4,0
2025-08-18,657649,3,1,0,0.20299999999999999,3.0,2,0
2025-08-18,660896,4,2,1,0.779497,4.0,1,0
2025-08-18,663558,10,3,2,3.5376093846153847,10.0,5,0
2025-08-18,663804,7,1,2,2.301994,7.0,4,0
2025-08-18,663855,6,2,0,2.400289,6.0,3,0
2025-08-18,663893,3,1,2,1.382994,3.0,0,0
2025-08-18,663897,3,1,1,0.705497,3.0,1,0
2025-08-18,663903,23,4,1,8.143680333333334,23.0,18,1
2025-08-18,664208,3,1,0,1.1520000000000001,3.0,2,0
2025-08-18,666974,5,0,1,2.197608111111111,5.0,4,1
2025-08-18,668674,5,1,0,0.998,5.0,4,0
2025-08-18,668678,23,3,0,6.101698292220114,23.0,20,1
2025-08-18,668909,22,5,1,7.430522842105264,22.0,15,1
2025-08-18,668941,3,0,0,0.449,3.0,3,0
2025-08-18,668970,13,2,4,5.467988,13.0,7,0
2025-08-18,668984,13,2,0,7.172,13.0,11,2
2025-08-18,669160,27,5,2,10.686785587864856,27.0,20,3
2025-08-18,669199,12,1,1,4.021497,11.0,10,0
2025-08-18,669302,15,1,0,7.923266666666667,15.0,14,1
2025-08-18,669391,6,0,0,3.7369565217391303,6.0,6,0
2025-08-18,669432,25,7,1,6.748233842105264,25.0,17,0
2025-08-18,669461,21,5,1,8.001934545787545,21.0,15,2
2025-08-18,670036,3,0,1,1.1664970000000001,3.0,2,0
2025-08-18,670167,4,1,0,1.173,4.0,3,0
2025-08-18,671922,5,2,1,1.367497,5.0,2,0
2025-08-18,672782,25,3,1,7.639722170212766,25.0,20,1
2025-08-18,672841,13,0,0,2.594,13.0,13,0
2025-08-18,673929,4,2,1,1.018497,4.0,1,0
2025-08-18,675512,3,1,0,0.491,3.0,2,0
2025-08-18,675848,4,1,0,1.013,4.0,3,0
2025-08-18,675911,19,2,1,7.906314279974658,19.0,16,3
2025-08-18,676254,5,1,0,2.168,5.0,4,0
2025-08-18,676395,4,1,1,1.4764970000000002,4.0,2,0
2025-08-18,676510,7,2,1,1.5514970000000001,7.0,4,0
2025-08-18,676801,5,1,1,2.3917859999999997,5.0,2,0
2025-08-18,676961,3,2,0,0.058,3.0,1,0
2025-08-18,677955,8,2,1,1.675497,8.0,5,0
2025-08-18,678024,4,1,1,1.94652825,4.0,2,1
2025-08-18,678226,11,0,2,4.838562965517241,11.0,9,1
2025-08-18,678368,3,2,0,0.049,3.0,1,0
2025-08-18,678495,4,0,0,1.123,4.0,4,0
2025-08-18,678692,3,0,0,0.497,3.0,3,0
2025-08-18,678821,3,3,0,0.0,3.0,0,0
2025-08-18,679775,3,0,0,0.64,3.0,3,0
2025-08-18,680735,14,3,1,4.596497,14.0,10,1
2025-08-18,680736,3,0,0,0.344,3.0,3,0
2025-08-18,680767,3,1,0,0.759,3.0,2,0
2025-08-18,681006,6,0,0,1.4373333333333336,6.0,6,0
2025-08-18,681168,6,1,1,1.147497,6.0,4,0
2025-08-18,681293,25,5,4,11.633219248572685,25.0,15,2
2025-08-18,681432,9,4,2,1.902994,9.0,3,0
2025-08-18,681870,2,1,0,0.155,2.0,1,0
2025-08-18,681895,3,2,0,0.782,3.0,1,0
2025-08-18,681982,3,1,0,0.096,3.0,2,0
2025-08-18,682825,4,0,1,1.594497,4.0,3,0
2025-08-18,682842,4,0,0,1.232,4.0,4,0
2025-08-18,682989,27,3,3,8.727979095238096,27.0,21,1
2025-08-18,683004,20,5,3,8.358491,20.0,12,2
2025-08-18,683175,5,2,1,2.1269087647058824,5.0,2,1
2025-08-18,683618,3,0,0,1.1278260869565218,3.0,3,0
2025-08-18,683769,6,1,1,1.700497,6.0,4,0
2025-08-18,684320,6,2,1,1.365497,5.0,3,0
2025-08-18,685126,3,1,0,0.197,3.0,2,0
2025-08-18,687911,1,1,0,0.0,1.0,0,0
2025-08-18,688158,5,3,1,0.704497,5.0,1,0
2025-08-18,689147,3,2,0,0.171,3.0,1,0
2025-08-18,690990,14,3,1,6.085178857142857,14.0,9,1
2025-08-18,691587,20,6,4,5.701840941176471,20.0,10,1
2025-08-18,691799,4,2,0,0.694,4.0,2,0
2025-08-18,693312,3,0,0,0.816,3.0,3,0
2025-08-18,694335,6,1,0,1.9769999999999999,6.0,5,0
2025-08-18,694973,24,8,1,6.012997,23.0,14,1
2025-08-18,695243,4,1,0,0.29000000000000004,4.0,3,0
2025-08-18,808967,27,6,2,4.651686307692308,27.0,19,0
2025-08-18,820862,4,2,0,0.495,4.0,2,0
2025-08-19,445276,6,1,1,3.158786,6.0,3,0
2025-08-19,453286,24,4,3,7.507569590785908,24.0,17,1
2025-08-19,458677,3,0,0,2.72009589041096,3.0,3,1
2025-08-19,502085,3,2,0,0.205,3.0,1,0
2025-08-19,518489,3,0,0,0.716,3.0,3,0
2025-08-19,518876,20,3,0,4.647829700854701,20.0,17,3
2025-08-19,519141,3,2,0,0.144,3.0,1,0
2025-08-19,541640,5,0,1,2.019,4.0,4,0
2025-08-19,543056,2,1,0,0.012,2.0,1,0
2025-08-19,543294,26,3,3,10.938602111111111,26.0,20,1
2025-08-19,547973,4,3,1,0.691497,4.0,0,0
2025-08-19,552640,3,0,0,0.912,3.0,3,0
2025-08-19,571510,25,3,3,8.19672218734336,25.0,19,2
2025-08-19,571927,5,2,0,1.192289,5.0,2,0
2025-08-19,571946,4,3,0,1.190857142857143,4.0,1,1
2025-08-19,571948,3,0,0,0.992,3.0,3,0
2025-08-19,573124,4,1,0,1.11,4.0,3,0
2025-08-19,573204,2,1,0,0.306,2.0,1,0
2025-08-19,592094,3,1,0,0.21,3.0,2,0
2025-08-19,592773,4,0,0,0.708,4.0,4,0
2025-08-19,592791,24,4,1,8.288263666666667,24.0,19,0
2025-08-19,593958,28,4,3,7.587293494802495,28.0,21,1
2025-08-19,596001,3,1,0,0.251,3.0,2,0
2025-08-19,596295,20,2,2,10.467862686868687,20.0,16,4
2025-08-19,601713,24,10,2,5.755238555555556,24.0,11,1
2025-08-19,605177,3,0,0,1.286,3.0,3,0
2025-08-19,605540,21,6,3,6.408352111111111,21.0,12,1
2025-08-19,607074,25,5,2,6.581283,24.0,16,0
2025-08-19,607455,3,0,0,0.538,3.0,3,0
2025-08-19,607625,24,5,2,8.041848886699508,24.0,16,4
2025-08-19,608372,20,3,0,6.2218124999999995,19.0,16,1
2025-08-19,621051,3,0,0,0.468,3.0,3,0
2025-08-19,621111,20,4,4,6.923273714285714,20.0,12,1
2025-08-19,621381,1,0,0,0.018,1.0,1,0
2025-08-19,623433,8,1,1,2.708497,8.0,6,0
2025-08-19,628452,3,0,0,1.172,3.0,3,0
2025-08-19,640448,3,1,0,0.9229999999999999,3.0,2,0
2025-08-19,641302,6,0,2,2.4001123846153845,4.0,3,0
2025-08-19,641329,4,1,1,0.8614970000000001,4.0,2,0
2025-08-19,641540,3,2,0,0.425,3.0,1,0
2025-08-19,641745,5,2,2,2.205994,5.0,1,0
2025-08-19,642100,3,0,0,0.161,3.0,3,0
2025-08-19,643410,5,0,0,1.021289,5.0,4,0
2025-08-19,650556,4,0,0,0.532,4.0,4,0
2025-08-19,650911,27,12,2,8.822738606045192,27.0,13,3
2025-08-19,656457,4,0,0,1.6820000000000002,4.0,4,0
2025-08-19,656546,3,1,0,0.29600000000000004,3.0,2,0
2025-08-19,656605,20,4,3,9.980682823920265,20.0,12,1
2025-08-19,656686,3,0,0,0.031,2.0,3,0
2025-08-19,656849,27,10,1,5.81075453968254,27.0,16,2
2025-08-19,656986,3,2,0,0.051,3.0,1,0
2025-08-19,657424,1,0,0,0.087,1.0,1,0
2025-08-19,657514,3,0,0,0.305,3.0,3,0
2025-08-19,657612,4,1,0,0.56,4.0,3,0
2025-08-19,657746,20,6,1,6.276254575757576,20.0,13,1
2025-08-19,657756,7,1,1,1.8265970000000002,7.0,5,1
2025-08-19,660787,7,0,1,2.960786,7.0,5,0
2025-08-19,660825,4,1,0,1.503697674418605,4.0,3,1
2025-08-19,661395,3,1,0,0.248,3.0,2,0
2025-08-19,663158,3,0,0,0.6727777777777778,3.0,3,0
2025-08-19,663455,6,1,2,3.536094,6.0,3,1
2025-08-19,663574,3,2,0,0.009,3.0,1,0
2025-08-19,663623,28,3,3,12.265550523809525,28.0,22,2
2025-08-19,663671,2,0,0,1.7855428571428567,2.0,2,1
2025-08-19,663687,3,0,0,0.609,3.0,3,0
2025-08-19,663855,4,1,1,0.902497,4.0,2,0
2025-08-19,664076,4,1,0,1.153,4.0,3,0
2025-08-19,665625,4,0,2,2.298994,4.0,2,0
2025-08-19,665795,26,6,1,9.284536,26.0,18,0
2025-08-19,666171,3,2,0,0.274,3.0,1,0
2025-08-19,666374,6,1,1,3.361497,6.0,4,1
2025-08-19,666974,4,0,1,1.732786,4.0,2,0
2025-08-19,667297,5,2,0,2.2119999999999997,5.0,3,0
2025-08-19,668390,7,2,1,4.180075,7.0,2,1
2025-08-19,668881,25,12,0,4.378,25.0,13,1
2025-08-19,668933,4,1,0,1.718,4.0,3,0
2025-08-19,668941,3,1,0,0.22099999999999997,3.0,2,0
2025-08-19,668964,7,2,0,2.014568965517241,7.0,5,1
2025-08-19,669211,6,0,0,1.343,6.0,6,0
2025-08-19,669276,3,0,0,0.08,3.0,3,0
2025-08-19,669358,18,3,2,8.840071384108468,18.0,13,5
2025-08-19,669373,24,10,2,6.553557636363637,24.0,12,2
2025-08-19,669704,3,0,1,1.363497,3.0,2,0
2025-08-19,669711,4,2,0,0.16299999999999998,4.0,2,0
2025-08-19,670059,8,1,1,3.579055823529412,8.0,6,1
2025-08-19,670167,4,0,1,1.365497,4.0,3,0
2025-08-19,670329,3,3,0,0.0,3.0,0,0
2025-08-19,670970,4,1,0,0.701,4.0,3,0
2025-08-19,670990,9,3,0,1.40025,9.0,6,0
2025-08-19,671131,4,0,0,1.3655454545454544,4.0,4,1
2025-08-19,672391,5,1,3,1.401994,4.0,1,0
2025-08-19,672582,6,0,1,2.046497,6.0,5,0
2025-08-19,676263,4,0,0,1.5306470588235295,4.0,4,0
2025-08-19,676440,25,5,1,9.681709090272246,25.0,18,4
2025-08-19,676477,4,0,1,0.840497,4.0,3,0
2025-08-19,676508,4,1,0,0.337,4.0,3,0
2025-08-19,676571,4,2,0,1.780951219512195,4.0,2,1
2025-08-19,676604,5,1,1,1.19765625,4.0,3,1
2025-08-19,676617,5,2,2,1.677994,5.0,1,0
2025-08-19,676684,6,1,0,1.9549999999999998,6.0,5,0
2025-08-19,676879,16,3,0,3.9947368421052634,16.0,13,0
2025-08-19,678906,17,4,1,4.990075,17.0,10,0
2025-08-19,679775,2,0,1,0.8804970000000001,2.0,1,0
2025-08-19,681343,27,4,2,10.498168999999999,25.0,20,2
2025-08-19,681870,1,0,0,0.002,1.0,1,0
2025-08-19,681895,4,1,0,0.671,4.0,3,0
2025-08-19,682052,24,8,1,4.170042385202136,23.0,15,1
2025-08-19,682120,4,0,1,0.7609999999999999,3.0,3,0
2025-08-19,682243,22,4,2,10.928263530488993,22.0,15,2
2025-08-19,682254,5,1,0,2.18940625,5.0,4,2
2025-08-19,682274,8,2,4,4.2747594285714285,8.0,2,1
2025-08-19,682825,4,0,1,2.1562684285714284,4.0,3,1
2025-08-19,683627,15,0,1,4.931351789473684,14.0,13,1
2025-08-19,685314,3,1,0,0.047,3.0,2,0
2025-08-19,686218,25,7,2,8.073707675213676,25.0,16,3
2025-08-19,686228,3,0,1,0.484,2.0,2,0
2025-08-19,686613,23,6,3,8.14058689041096,23.0,14,1
2025-08-19,686973,5,1,0,1.395,4.0,3,0
2025-08-19,686993,8,2,0,1.42,8.0,6,0
2025-08-19,687911,3,0,0,0.268,3.0,3,0
2025-08-19,689147,4,0,2,2.071994,4.0,2,0
2025-08-19,693313,13,3,1,4.3119087647058825,13.0,9,2
2025-08-19,693821,24,3,2,6.417994,23.0,19,0
2025-08-19,693855,16,4,2,8.016394359874043,16.0,10,2
2025-08-19,694037,4,1,1,1.453497,4.0,2,0
2025-08-19,694335,3,2,0,0.2,3.0,1,0
2025-08-19,694477,22,4,2,7.727906459361964,22.0,16,3
2025-08-19,694851,5,0,1,1.954497,5.0,4,0
2025-08-19,699911,6,0,1,2.953497,6.0,5,0
2025-08-19,700241,25,5,0,8.252524850171334,25.0,19,3
2025-08-19,701487,13,3,0,2.5,13.0,10,0
2025-08-19,702352,7,0,1,3.1854970000000002,7.0,6,0
2025-08-19,806188,12,2,0,2.756114454545454,11.0,9,2
2025-08-20,450203,26,8,3,6.268771,26.0,14,1
2025-08-20,472610,3,1,0,0.472,3.0,2,0
2025-08-20,502085,4,1,1,2.717103060606061,4.0,2,1
2025-08-20,527048,20,5,0,3.607183333333333,20.0,15,1
2025-08-20,542888,7,3,1,2.271497,7.0,3,0
2025-08-20,547184,3,0,0,1.5181739130434782,3.0,3,1
2025-08-20,571946,4,2,0,0.61,4.0,2,0
2025-08-20,571948,4,1,0,0.592,4.0,3,0
2025-08-20,572955,3,1,0,0.5700000000000001,3.0,2,0
2025-08-20,573204,5,2,0,0.39699999999999996,5.0,3,0
2025-08-20,579328,27,4,0,6.157,26.0,22,1
2025-08-20,593974,3,2,0,0.074,3.0,1,0
2025-08-20,595928,4,2,1,0.817497,4.0,1,0
2025-08-20,596133,5,2,0,0.51,5.0,3,0
2025-08-20,605130,3,2,0,0.035,3.0,1,0
2025-08-20,605135,25,10,2,6.0896815,25.0,13,1
2025-08-20,605452,4,2,0,1.117,4.0,2,0
2025-08-20,606160,3,1,0,0.22999999999999998,3.0,2,0
2025-08-20,607067,24,3,5,9.027660000000001,23.0,16,1
2025-08-20,607259,23,7,1,6.110026219512195,23.0,13,1
2025-08-20,608718,1,1,0,0.0,1.0,0,0
2025-08-20,621053,4,0,1,1.4324970000000001,4.0,3,0
2025-08-20,621139,4,2,1,1.142497,4.0,1,0
2025-08-20,621237,3,1,0,0.591,3.0,2,0
2025-08-20,621383,1,1,0,0.0,1.0,0,0
2025-08-20,622491,22,2,2,10.92395463980205,22.0,18,4
2025-08-20,622554,4,1,1,1.208497,4.0,2,0
2025-08-20,623437,6,1,2,1.743497,5.0,3,0
2025-08-20,623474,3,1,0,0.903,3.0,2,0
2025-08-20,628452,3,1,0,0.349,3.0,2,0
2025-08-20,641745,3,1,0,1.2309999999999999,3.0,2,0
2025-08-20,641927,21,7,1,5.781816976771196,21.0,13,2
2025-08-20,642048,7,0,1,2.9237859999999998,7.0,5,0
2025-08-20,642207,5,3,0,1.282,5.0,2,1
2025-08-20,642397,4,0,0,0.387,4.0,4,0
2025-08-20,642701,3,1,0,0.5164444444444445,3.0,2,0
2025-08-20,643377,5,2,0,0.597,5.0,3,0
2025-08-20,643511,2,0,0,0.121,2.0,2,0
2025-08-20,645261,29,9,1,8.957854808265584,29.0,19,3
2025-08-20,650893,5,2,0,1.6877027027027032,5.0,3,1
2025-08-20,656641,12,4,1,2.2214970000000003,12.0,7,0
2025-08-20,656794,6,0,0,1.56,5.0,5,0
2025-08-20,656876,23,6,2,6.658533257455874,23.0,15,2
2025-08-20,657571,4,0,1,2.127497,4.0,3,0
2025-08-20,657585,4,1,1,0.975497,4.0,2,0
2025-08-20,657649,4,0,0,2.2608529411764704,4.0,4,1
2025-08-20,660271,20,3,0,6.713,20.0,17,0
2025-08-20,660825,4,1,0,1.5430000000000001,4.0,3,0
2025-08-20,660853,3,1,0,0.451,3.0,2,0
2025-08-20,663485,3,1,0,0.19,3.0,2,0
2025-08-20,663687,3,1,1,0.944497,3.0,1,0
2025-08-20,663738,3,0,0,0.8022500000000001,3.0,3,1
2025-08-20,663893,4,0,1,1.264497,4.0,3,0
2025-08-20,663941,15,4,1,3.40007764516129,15.0,10,1
2025-08-20,663947,3,0,0,1.5210000000000001,3.0,3,0
2025-08-20,664126,5,1,0,3.061335483870968,5.0,4,2
2025-08-20,664192,4,1,0,0.14500000000000002,4.0,3,0
2025-08-20,664199,5,0,0,1.754,4.0,4,0
2025-08-20,664285,25,2,4,11.735075091927932,25.0,18,2
2025-08-20,665660,6,0,1,3.8314969999999997,6.0,5,0
2025-08-20,666200,21,12,0,3.662038095238095,21.0,9,1
2025-08-20,666374,2,1,0,0.111,2.0,1,0
2025-08-20,666659,9,1,1,1.9164970000000001,9.0,7,0
2025-08-20,666661,4,2,0,0.61,4.0,2,0
2025-08-20,668674,3,0,1,1.789497,3.0,2,0
2025-08-20,668933,6,0,1,2.235497,6.0,5,1
2025-08-20,669371,4,0,1,1.388497,4.0,3,0
2025-08-20,669372,22,5,2,6.95665025,22.0,15,2
2025-08-20,669438,3,1,0,0.698,3.0,2,0
2025-08-20,669467,27,4,3,10.623291222222223,26.0,17,1
2025-08-20,669674,12,1,1,4.119497,12.0,10,0
2025-08-20,669724,5,1,0,1.11,5.0,4,0
2025-08-20,670036,2,0,0,0.271,1.0,2,0
2025-08-20,670280,6,3,1,2.4744363939393934,6.0,2,1
2025-08-20,670912,19,6,1,3.191786,19.0,11,0
2025-08-20,670955,3,3,0,0.0,3.0,0,0
2025-08-20,671922,5,1,0,1.8891551724137936,5.0,4,1
2025-08-20,672282,4,2,1,1.235497,4.0,1,0
2025-08-20,673513,4,1,2,1.391994,4.0,1,0
2025-08-20,673540,24,4,2,9.935951142857142,24.0,17,2
2025-08-20,673929,2,1,0,0.597,2.0,1,0
2025-08-20,676130,4,1,0,1.041,4.0,3,0
2025-08-20,676263,6,1,0,2.1084444444444443,6.0,5,1
2025-08-20,676534,3,2,0,0.002,3.0,1,0
2025-08-20,676664,23,2,1,7.633167995670996,23.0,20,1
2025-08-20,676755,4,1,0,1.036289,4.0,2,0
2025-08-20,676961,16,1,3,7.7181955686274515,15.0,12,3
2025-08-20,677955,6,1,0,0.7780909090909092,6.0,5,0
2025-08-20,678024,6,1,0,0.99,6.0,5,0
2025-08-20,678606,3,0,0,0.374,3.0,3,0
2025-08-20,678692,3,2,0,0.8816486486486483,3.0,1,1
2025-08-20,678821,3,2,0,0.0,3.0,1,0
2025-08-20,680755,2,1,0,0.722289,2.0,0,0
2025-08-20,681676,3,1,1,0.7304970000000001,3.0,1,0
2025-08-20,681869,3,1,0,1.2948888888888888,3.0,2,1
2025-08-20,681892,2,0,1,1.365497,2.0,1,0
2025-08-20,682842,3,1,0,0.6479999999999999,3.0,2,0
2025-08-20,683232,3,1,0,0.933657894736842,3.0,2,1
2025-08-20,683618,5,0,0,1.1440000000000001,5.0,5,0
2025-08-20,683769,3,0,0,0.8654137931034483,3.0,3,1
2025-08-20,685107,4,1,0,1.249,4.0,3,0
2025-08-20,685126,1,0,0,0.705,1.0,1,0
2025-08-20,685299,24,3,1,6.740956454545454,24.0,19,1
2025-08-20,685314,2,1,0,0.691,2.0,1,0
2025-08-20,688158,4,1,0,1.209,4.0,3,0
2025-08-20,690925,3,0,0,0.294,3.0,3,0
2025-08-20,693312,6,0,0,1.614,6.0,6,0
2025-08-20,693645,23,8,2,4.407994,23.0,13,0
2025-08-20,694037,7,2,2,3.140994,7.0,3,0
2025-08-20,694297,28,5,1,6.828717571428571,27.0,21,1
2025-08-20,694462,23,7,1,5.497497,23.0,15,1
2025-08-20,694738,14,2,2,7.493858184397164,14.0,10,2
2025-08-20,694819,16,5,3,5.407071645161291,16.0,8,1
2025-08-20,695418,23,4,2,8.777222571428572,23.0,17,2
2025-08-20,701121,3,1,0,0.42300000000000004,3.0,2,0
2025-08-20,701552,6,1,3,2.595491,6.0,2,0
2025-08-20,702070,20,5,3,6.750433307692307,20.0,12,1
2025-08-20,800048,26,6,1,8.808297,26.0,19,0
2025-08-20,801434,9,2,1,2.587497,9.0,6,0
2025-08-20,829272,3,1,0,0.052000000000000005,3.0,2,0
2025-08-21,434378,21,4,1,5.751497,19.0,16,0
2025-08-21,458677,4,1,2,1.785994,4.0,1,0
2025-08-21,477132,23,3,1,6.344812789473685,22.0,19,1
2025-08-21,518489,6,1,1,3.0273499411764706,6.0,4,1
2025-08-21,519141,4,1,0,0.591,4.0,3,0
2025-08-21,541640,6,0,0,3.2159555555555555,6.0,6,1
2025-08-21,543056,3,0,1,0.830497,3.0,2,0
2025-08-21,543243,22,6,1,6.423608111111111,22.0,15,1
2025-08-21,543859,9,2,1,4.125497,9.0,6,1
2025-08-21,547179,25,6,1,9.468670615384616,25.0,17,1
2025-08-21,547973,3,0,0,0.248,3.0,3,0
2025-08-21,548384,4,3,0,0.077,4.0,1,0
2025-08-21,570632,27,3,2,12.93271531306991,27.0,20,3
2025-08-21,571578,19,2,2,8.448272642936596,18.0,15,3
2025-08-21,571927,3,1,0,0.945,3.0,2,0
2025-08-21,592773,8,1,2,4.360336105263158,8.0,5,1
2025-08-21,595345,5,2,0,0.707,5.0,3,0
2025-08-21,596133,6,1,2,3.004994,6.0,3,0
2025-08-21,608032,3,1,0,0.4809090909090909,3.0,2,0
2025-08-21,608337,22,4,3,7.492097060606061,22.0,15,1
2025-08-21,621139,3,1,0,0.402,3.0,2,0
2025-08-21,623433,8,2,1,2.818065965517241,7.0,4,1
2025-08-21,640455,22,8,1,5.9106821428571426,21.0,11,1
2025-08-21,641329,4,0,0,2.4145833333333337,4.0,4,1
2025-08-21,641386,3,2,0,0.071,3.0,1,0
2025-08-21,643410,2,0,0,0.069,2.0,2,0
2025-08-21,643511,5,2,0,2.125,5.0,3,1
2025-08-21,656302,22,7,2,8.171941368421052,22.0,13,2
2025-08-21,656686,4,0,0,0.764,4.0,4,0
2025-08-21,656730,4,1,0,1.0150000000000001,4.0,3,0
2025-08-21,657097,6,0,1,3.02217785106383,6.0,5,1
2025-08-21,657424,5,1,0,1.149289,5.0,3,0
2025-08-21,657612,5,1,1,0.652,4.0,3,0
2025-08-21,657649,3,1,1,1.408497,3.0,1,0
2025-08-21,660787,6,0,0,2.4471052631578947,6.0,6,1
2025-08-21,661563,24,3,5,7.803808717948718,24.0,16,1
2025-08-21,663158,3,2,0,0.476,3.0,1,0
2025-08-21,663738,3,1,0,1.690289,3.0,1,0
2025-08-21,664076,3,2,0,0.166,3.0,1,0
2025-08-21,664199,3,2,0,0.27,3.0,1,0
2025-08-21,664991,9,0,1,3.884497,9.0,8,0
2025-08-21,666711,9,1,1,3.2054970000000003,9.0,7,0
2025-08-21,666808,4,0,1,1.439497,4.0,3,0
2025-08-21,668941,7,3,0,0.978,7.0,4,0
2025-08-21,669022,22,5,4,13.057687290980674,22.0,13,5
2025-08-21,669093,5,1,1,1.204497,5.0,3,0
2025-08-21,669371,3,1,1,0.829497,3.0,1,0
2025-08-21,669422,9,2,0,4.148,9.0,7,1
2025-08-21,669438,3,0,0,1.279,3.0,3,0
2025-08-21,669711,5,0,0,1.7167727272727273,5.0,5,1
2025-08-21,669920,25,3,1,10.947315181818182,25.0,21,2
2025-08-21,670167,2,1,0,0.19,2.0,1,0
2025-08-21,670955,3,1,1,1.219872,3.0,1,0
2025-08-21,670970,4,0,1,1.7144970000000002,4.0,3,0
2025-08-21,671131,2,1,0,0.014,2.0,1,0
2025-08-21,671212,25,5,3,8.054382150537634,25.0,16,1
2025-08-21,672391,4,1,1,1.1984970000000001,4.0,2,0
2025-08-21,672582,4,1,0,0.9874137931034482,4.0,3,1
2025-08-21,674370,11,4,0,1.9779090909090908,11.0,7,0
2025-08-21,675848,4,1,0,0.137,3.0,2,0
2025-08-21,676395,4,1,1,1.691497,4.0,2,0
2025-08-21,676477,3,0,0,0.852,3.0,3,0
2025-08-21,676508,2,0,1,0.920497,2.0,1,0
2025-08-21,676571,3,1,0,0.532,3.0,2,0
2025-08-21,678022,22,2,4,8.834064132222617,22.0,15,4
2025-08-21,678606,5,3,0,0.326,5.0,2,0
2025-08-21,678821,3,1,0,0.322,3.0,2,0
2025-08-21,681168,8,3,3,2.591491,8.0,2,0
2025-08-21,681517,7,0,2,4.025994,7.0,5,0
2025-08-21,681911,4,2,0,0.9530000000000001,4.0,2,0
2025-08-21,681982,4,1,0,1.364,4.0,3,0
2025-08-21,682254,2,0,0,0.132,2.0,2,0
2025-08-21,682274,2,1,0,0.005,2.0,1,0
2025-08-21,682842,5,1,2,1.961994,5.0,2,0
2025-08-21,682990,21,4,5,7.8150954285714285,21.0,11,0
2025-08-21,683232,2,0,0,0.159,2.0,2,0
2025-08-21,684007,25,5,2,9.006601142857145,25.0,18,1
2025-08-21,687064,27,1,2,9.76582580808039,27.0,24,3
2025-08-21,687911,5,1,1,1.197497,5.0,3,0
2025-08-21,690925,3,0,0,1.2950000000000002,3.0,3,0
2025-08-21,694335,5,1,2,2.0906093846153846,5.0,2,0
2025-08-21,695243,2,1,0,0.248,2.0,1,0
2025-08-21,699911,7,0,3,2.811491,6.0,3,0
2025-08-21,702352,3,1,0,0.213,3.0,2,0
2025-08-21,801403,23,5,2,10.277226706946038,23.0,15,3
2025-08-22,445276,4,0,0,1.8271666666666668,4.0,4,1
2025-08-22,500779,20,2,2,7.741664454545455,20.0,16,2
2025-08-22,506433,20,5,1,7.526211675675675,20.0,13,2
2025-08-22,542881,20,5,2,7.575676911825017,20.0,13,4
2025-08-22,543135,25,9,0,3.5359354838709676,24.0,16,1
2025-08-22,547973,3,2,0,0.449,3.0,1,0
2025-08-22,552640,4,3,0,0.9344062500000002,4.0,1,1
2025-08-22,571945,18,1,1,7.523232483870967,18.0,16,2
2025-08-22,571946,4,2,1,1.413786,4.0,0,0
2025-08-22,571948,3,0,0,1.5132889999999999,3.0,2,0
2025-08-22,592094,3,1,0,0.14,3.0,2,0
2025-08-22,592836,18,5,3,6.171669571428572,18.0,10,1
2025-08-22,594580,5,2,0,0.17500000000000002,4.0,2,0
2025-08-22,595345,1,1,0,0.0,1.0,0,0
2025-08-22,595928,3,0,0,0.366,2.0,3,0
2025-08-22,596112,3,0,0,0.189,3.0,3,0
2025-08-22,605130,1,0,0,0.924,1.0,1,0
2025-08-22,605177,1,1,0,0.0,1.0,0,0
2025-08-22,605288,28,2,2,9.373726548387097,28.0,23,2
2025-08-22,605483,27,5,2,7.024994,23.0,19,0
2025-08-22,607200,25,1,2,8.929915212121212,25.0,22,1
2025-08-22,608331,24,7,3,7.891977111111111,24.0,14,1
2025-08-22,608718,3,0,1,1.030497,3.0,2,0
2025-08-22,621121,21,4,5,7.48832875,21.0,12,1
2025-08-22,621199,6,1,0,2.0118260869565217,6.0,5,0
2025-08-22,621237,4,0,0,1.424,3.0,4,0
2025-08-22,621381,4,1,0,1.0050000000000001,4.0,3,0
2025-08-22,621383,5,0,1,1.877497,5.0,4,0
2025-08-22,622608,24,4,3,9.999358488518043,22.0,15,2
2025-08-22,623437,7,0,1,2.299497,7.0,6,0
2025-08-22,640448,7,1,1,2.061497,7.0,4,0
2025-08-22,641329,3,1,0,0.235,3.0,2,0
2025-08-22,641745,3,0,0,0.30700000000000005,3.0,3,0
2025-08-22,641793,17,3,3,7.8341718510638305,17.0,10,1
2025-08-22,641941,4,1,0,0.629,4.0,3,0
2025-08-22,642100,1,1,0,0.0,1.0,0,0
2025-08-22,642207,3,2,0,0.177,3.0,1,0
2025-08-22,643377,5,1,0,2.2863181818181815,5.0,4,1
2025-08-22,643410,5,0,0,1.9668124999999996,5.0,5,1
2025-08-22,650556,5,4,0,0.722289,5.0,0,0
2025-08-22,650644,24,5,4,7.49712075,24.0,14,1
2025-08-22,650893,4,0,2,2.540994,4.0,2,0
2025-08-22,656222,2,0,0,0.424,2.0,2,0
2025-08-22,656457,4,1,0,1.02,4.0,3,0
2025-08-22,656458,4,2,0,2.5572000000000004,4.0,2,1
2025-08-22,656546,4,0,1,0.947497,4.0,3,0
2025-08-22,656686,8,2,0,2.083090909090909,8.0,6,0
2025-08-22,656730,5,2,0,0.769,5.0,3,0
2025-08-22,657424,4,2,2,1.382994,4.0,0,0
2025-08-22,657585,6,1,0,2.0060000000000002,6.0,5,0
2025-08-22,660853,5,2,1,2.6111030606060606,5.0,2,1
2025-08-22,660896,5,0,0,3.49855,5.0,5,1
2025-08-22,661395,5,3,0,1.194,5.0,2,0
2025-08-22,662253,7,2,1,1.881497,7.0,4,0
2025-08-22,663158,5,2,0,3.412875,5.0,3,1
2025-08-22,663485,3,1,0,0.9003214285714286,3.0,2,0
2025-08-22,663554,25,0,1,10.920260187429854,25.0,24,1
2025-08-22,663559,13,2,1,5.432761150943397,13.0,10,1
2025-08-22,663574,3,2,0,0.027,3.0,1,0
2025-08-22,663893,2,2,0,0.0,2.0,0,0
2025-08-22,664126,3,2,0,0.468,3.0,1,0
2025-08-22,664192,5,0,1,2.012289,4.0,3,0
2025-08-22,664208,4,3,0,0.935,4.0,1,0
2025-08-22,664854,7,0,1,3.0514970000000003,7.0,6,1
2025-08-22,665660,5,1,0,1.7892527272727272,5.0,4,1
2025-08-22,665871,22,4,1,6.666303070175438,22.0,15,1
2025-08-22,666214,21,3,2,9.455557492063493,21.0,16,3
2025-08-22,666374,3,1,0,1.3046923076923078,3.0,2,1
2025-08-22,666661,1,0,0,0.071,1.0,1,0
2025-08-22,666974,3,1,1,1.6845457804878048,3.0,1,1
2025-08-22,668933,3,0,0,0.9999999999999999,2.0,3,0
2025-08-22,669194,24,6,2,5.637004695187166,24.0,16,0
2025-08-22,669456,21,9,0,5.999018797979799,21.0,11,3
2025-08-22,669704,4,0,1,1.276497,4.0,3,0
2025-08-22,670036,3,2,0,0.409,3.0,1,0
2025-08-22,670167,1,0,0,0.245,1.0,1,0
2025-08-22,670280,5,0,1,1.8976508461538462,5.0,4,0
2025-08-22,671131,1,1,0,0.0,1.0,0,0
2025-08-22,671922,3,0,0,1.8816153846153845,3.0,3,0
2025-08-22,672282,4,2,0,0.9059999999999999,4.0,2,0
2025-08-22,672391,5,0,0,2.740861111111111,5.0,5,1
2025-08-22,672582,3,0,0,3.4370000000000003,3.0,3,1
2025-08-22,676130,4,2,0,0.048,4.0,2,0
2025-08-22,676254,4,2,0,0.179,4.0,2,0
2025-08-22,676395,3,1,0,0.8615454545454544,3.0,2,1
2025-08-22,676477,3,2,0,0.383,3.0,1,0
2025-08-22,676571,6,3,0,0.52,6.0,3,0
2025-08-22,676684,5,1,0,2.1445813953488373,5.0,4,1
2025-08-22,676879,7,1,1,2.667608111111111,7.0,5,1
2025-08-22,676917,28,4,2,8.70123952173913,28.0,21,0
2025-08-22,677944,22,3,0,7.372636363636363,22.0,19,2
2025-08-22,677952,16,6,1,2.883497,16.0,9,0
2025-08-22,678368,7,1,2,2.441994,7.0,4,0
2025-08-22,678394,23,5,1,4.450497,23.0,17,0
2025-08-22,678495,4,1,0,0.9017916666666665,4.0,3,0
2025-08-22,679775,3,0,0,1.399,3.0,3,0
2025-08-22,681006,5,1,1,1.629497,5.0,3,0
2025-08-22,681676,6,1,1,3.923390924783028,6.0,4,2
2025-08-22,681869,8,0,0,2.9346153846153844,8.0,8,0
2025-08-22,681892,6,1,2,1.7429940000000002,6.0,3,0
2025-08-22,682790,6,2,1,1.766497,6.0,3,0
2025-08-22,683175,5,2,0,1.8346486486486482,5.0,3,1
2025-08-22,683409,6,0,0,1.448,6.0,6,0
2025-08-22,683618,4,0,0,1.3023157894736843,4.0,4,1
2025-08-22,683627,8,0,0,5.266307359307359,8.0,8,2
2025-08-22,683769,3,0,0,0.653,3.0,3,0
2025-08-22,684320,4,0,0,2.1809555555555558,4.0,4,1
2025-08-22,685107,13,4,1,4.0137860000000005,13.0,7,0
2025-08-22,685126,7,0,1,1.081,6.0,6,0
2025-08-22,685314,3,0,0,1.4467192982456143,3.0,3,1
2025-08-22,686228,3,1,0,0.6383214285714286,3.0,2,0
2025-08-22,686701,21,5,1,6.640229478632479,21.0,15,2
2025-08-22,686993,3,1,0,1.319,3.0,2,0
2025-08-22,687473,24,0,1,7.664248773049645,24.0,23,2
2025-08-22,687931,17,1,2,6.235633,17.0,13,0
2025-08-22,689254,3,0,1,1.302747,3.0,2,0
2025-08-22,689266,5,1,0,1.117,5.0,4,0
2025-08-22,690997,25,7,0,6.044789,25.0,17,1
2025-08-22,691799,6,2,1,1.771497,6.0,3,0
2025-08-22,693433,24,7,2,5.6259330243902435,23.0,14,1
2025-08-22,694037,3,2,0,0.113,3.0,1,0
2025-08-22,695243,4,0,2,1.774994,4.0,2,0
2025-08-22,696149,14,3,0,4.624669952380953,14.0,10,1
2025-08-22,700249,21,5,2,7.040528632034633,20.0,14,2
2025-08-22,805427,3,0,2,1.428994,3.0,1,0
2025-08-22,805673,24,4,3,9.786225068627452,24.0,17,2
2025-08-22,806960,20,6,0,7.446628289473684,20.0,14,3
2025-08-22,820862,4,2,2,1.382994,4.0,0,0
2025-08-22,829272,3,2,0,1.9450454545454547,3.0,1,1
2025-08-23,458677,1,1,0,0.0,1.0,0,0
2025-08-23,472610,2,1,0,0.346,2.0,1,0
2025-08-23,502085,3,3,0,0.0,3.0,0,0
2025-08-23,547184,5,2,0,0.927,5.0,3,0
2025-08-23,592094,3,1,0,0.185,3.0,2,0
2025-08-23,605280,24,4,2,7.602483583333334,24.0,18,2
2025-08-23,605400,25,6,1,7.140004575757576,24.0,17,2
2025-08-23,605488,20,3,2,8.034345351351352,20.0,15,2
2025-08-23,607192,18,3,4,6.01183175,18.0,11,1
2025-08-23,607481,4,0,0,1.3142889999999998,4.0,3,0
2025-08-23,607536,24,6,3,9.632748232479395,23.0,15,3
2025-08-23,608334,12,0,1,6.2253504661685355,12.0,11,3
2025-08-23,608379,24,4,1,9.376449328159644,24.0,19,2
2025-08-23,608650,10,1,1,4.62797319047619,10.0,8,1
2025-08-23,608718,10,3,0,2.597,10.0,7,0
2025-08-23,615698,24,3,5,10.13321,24.0,16,2
2025-08-23,621053,5,1,1,1.006497,5.0,3,0
2025-08-23,621112,19,2,2,8.132635975308641,19.0,15,1
2025-08-23,621242,4,2,0,0.302,4.0,2,0
2025-08-23,621244,24,8,0,5.244142857142856,24.0,16,1
2025-08-23,621381,5,2,0,1.179289,5.0,2,0
2025-08-23,622503,19,4,3,5.306491,19.0,12,0
2025-08-23,622554,3,2,0,0.161,3.0,1,0
2025-08-23,623433,3,0,0,0.9189999999999999,2.0,2,0
2025-08-23,641302,11,0,0,3.46265625,11.0,11,1
2025-08-23,641482,19,3,0,6.360633928571429,19.0,16,3
2025-08-23,641672,17,5,0,4.858653846153846,17.0,12,1
2025-08-23,641755,4,1,0,0.012,4.0,3,0
2025-08-23,642100,3,2,0,0.249,3.0,1,0
2025-08-23,642397,3,1,1,0.8604970000000001,3.0,1,0
2025-08-23,642547,20,6,4,6.093988,20.0,10,0
2025-08-23,643511,4,1,0,1.185,4.0,3,0
2025-08-23,650556,3,1,0,0.493,3.0,2,0
2025-08-23,656222,3,1,0,0.8435,3.0,2,1
2025-08-23,656546,5,1,1,1.9564970000000002,5.0,3,0
2025-08-23,656794,4,1,0,1.7242380952380951,4.0,3,1
2025-08-23,657097,5,1,0,1.4572889999999998,5.0,3,0
2025-08-23,657277,25,5,2,8.303594727272728,25.0,16,1
2025-08-23,657571,5,0,1,1.406,3.0,4,0
2025-08-23,657612,6,2,0,1.557,6.0,4,0
2025-08-23,660825,4,0,1,1.353497,4.0,3,0
2025-08-23,660853,4,2,0,0.8180000000000001,4.0,2,0
2025-08-23,661395,5,1,0,0.9720000000000001,5.0,4,0
2025-08-23,662253,3,2,0,0.052,3.0,1,0
2025-08-23,663436,20,6,1,5.007286,20.0,12,0
2025-08-23,663455,4,1,1,1.660497,4.0,2,0
2025-08-23,663465,12,1,1,3.786497,12.0,10,0
2025-08-23,663687,3,0,1,1.078497,3.0,2,0
2025-08-23,663765,14,1,0,5.159809462915601,14.0,13,2
2025-08-23,663855,4,0,1,2.442847,4.0,3,0
2025-08-23,663893,3,0,0,1.5541935483870968,3.0,3,1
2025-08-23,663947,4,1,0,0.8859999999999999,4.0,3,0
2025-08-23,663969,6,0,0,2.9397575757575756,6.0,6,1
2025-08-23,663978,19,1,1,5.9647192222222225,19.0,17,2
2025-08-23,664192,4,0,0,0.9890000000000001,4.0,4,0
2025-08-23,664199,3,1,0,0.858,3.0,2,0
2025-08-23,664299,14,3,4,4.2829880000000005,14.0,7,0
2025-08-23,665152,23,4,1,10.114745906619387,23.0,18,5
2025-08-23,666171,4,1,0,0.94,4.0,3,0
2025-08-23,667297,6,1,0,2.329310344827586,6.0,5,1
2025-08-23,669093,3,1,0,0.7158529411764707,3.0,2,1
2025-08-23,669276,6,1,1,4.096263666666667,6.0,4,2
2025-08-23,669387,7,5,0,0.915289,7.0,1,0
2025-08-23,669674,5,1,1,1.042497,5.0,3,0
2025-08-23,669711,4,1,0,1.774,4.0,3,1
2025-08-23,669923,25,3,3,8.937922515151515,25.0,19,2
2025-08-23,670059,4,1,0,0.641,4.0,3,0
2025-08-23,670329,4,0,0,0.723,4.0,4,0
2025-08-23,670970,4,2,0,0.218,4.0,2,0
2025-08-23,670990,5,2,0,1.4069512195121952,5.0,3,1
2025-08-23,671096,21,6,0,8.47735643234993,21.0,15,4
2025-08-23,671106,26,2,3,10.585930438798057,26.0,21,3
2025-08-23,672724,7,0,0,1.004,6.0,6,0
2025-08-23,673929,4,2,1,0.817497,4.0,1,0
2025-08-23,675512,7,1,1,3.0356845000000003,7.0,5,0
2025-08-23,676083,23,3,1,8.783768142857141,23.0,18,3
2025-08-23,676508,3,0,0,0.033,3.0,3,0
2025-08-23,676534,7,0,0,2.309,7.0,7,0
2025-08-23,676604,7,1,0,2.748933333333333,7.0,6,1
2025-08-23,676684,4,2,0,0.159,4.0,2,0
2025-08-23,676962,11,3,0,2.472828571428572,11.0,8,1
2025-08-23,676979,27,11,1,7.5649461525423725,26.0,15,1
2025-08-23,677955,1,0,0,0.548,1.0,1,0
2025-08-23,678692,4,0,1,0.807497,4.0,3,0
2025-08-23,678821,5,2,1,1.326497,5.0,2,0
2025-08-23,680730,22,3,1,6.50098417948718,22.0,18,1
2025-08-23,680735,7,0,0,4.828137727119527,7.0,7,3
2025-08-23,680736,12,2,2,3.334497,11.0,8,0
2025-08-23,680767,4,2,0,0.323,4.0,2,0
2025-08-23,681168,3,0,0,0.107,3.0,3,0
2025-08-23,681347,15,5,1,2.695497,15.0,9,0
2025-08-23,681982,8,1,0,2.761,8.0,7,0
2025-08-23,682274,3,0,0,0.738,3.0,3,0
2025-08-23,682989,19,4,2,7.039158457875458,19.0,12,3
2025-08-23,683004,23,10,0,3.7074110671936755,23.0,13,0
2025-08-23,686973,4,1,1,1.9644970000000002,4.0,2,0
2025-08-23,687209,8,5,0,0.442,8.0,3,0
2025-08-23,687377,8,1,1,3.4987097659574466,8.0,6,1
2025-08-23,687911,5,1,0,1.209,5.0,4,0
2025-08-23,689147,1,0,0,0.476,1.0,1,0
2025-08-23,689254,3,0,1,0.627,2.0,2,0
2025-08-23,690953,17,2,2,7.216073545454545,17.0,13,1
2025-08-23,690990,22,7,1,3.041497,21.0,13,0
2025-08-23,692230,16,3,2,5.394820086956521,16.0,11,0
2025-08-23,693312,4,0,0,1.403,4.0,4,0
2025-08-23,701542,23,3,3,12.17804093073593,22.0,15,3
2025-08-23,702352,7,2,0,0.591,7.0,5,0
2025-08-23,805123,16,4,1,5.572753120527306,15.0,10,3
2025-08-23,806188,3,0,2,0.7424970000000001,2.0,1,0
2025-08-24,489446,3,0,0,0.297,3.0,3,0
2025-08-24,518876,26,8,2,9.041384865173473,26.0,16,2
2025-08-24,518886,3,2,0,0.905,3.0,1,0
2025-08-24,543056,3,1,0,0.393,3.0,2,0
2025-08-24,543294,21,2,3,6.0704910000000005,21.0,16,0
2025-08-24,548384,3,0,0,1.054,3.0,3,0
2025-08-24,552640,6,1,0,1.012,6.0,5,0
2025-08-24,571946,3,1,0,0.035,3.0,2,0
2025-08-24,571948,3,0,0,1.4729999999999999,3.0,3,0
2025-08-24,572955,4,1,2,2.1949940000000003,4.0,1,0
2025-08-24,573204,4,1,0,0.389,4.0,3,0
2025-08-24,592332,26,7,1,8.115582106382979,26.0,18,1
2025-08-24,592454,3,1,0,0.6419999999999999,3.0,2,0
2025-08-24,592662,23,0,4,10.241710302078726,23.0,19,5
2025-08-24,592791,18,3,0,3.97225,18.0,15,0
2025-08-24,593974,6,1,0,1.8111176470588235,6.0,5,0
2025-08-24,595014,1,1,0,0.0,1.0,0,0
2025-08-24,595928,5,0,0,1.875,5.0,5,0
2025-08-24,596001,5,1,1,1.523497,5.0,3,0
2025-08-24,596133,6,3,0,0.958,6.0,3,0
2025-08-24,601713,23,7,3,8.790275126984127,23.0,13,3
2025-08-24,605177,3,1,0,0.34099999999999997,3.0,2,0
2025-08-24,606160,5,0,2,1.8763273333333335,5.0,3,0
2025-08-24,607074,22,3,5,8.296859106382978,22.0,13,1
2025-08-24,607625,21,5,2,7.031372285714286,21.0,13,2
2025-08-24,608032,3,1,0,0.41200000000000003,3.0,2,0
2025-08-24,621111,10,2,1,3.5780379836065577,10.0,7,1
2025-08-24,621237,3,0,2,2.115994,3.0,1,0
2025-08-24,621383,2,0,0,0.491,2.0,2,0
2025-08-24,623211,2,0,0,0.636,2.0,2,0
2025-08-24,623474,7,2,0,1.694,7.0,5,0
2025-08-24,624133,24,11,0,2.533,24.0,13,0
2025-08-24,628452,6,0,0,2.511909090909091,6.0,6,0
2025-08-24,641745,3,1,0,0.20400000000000001,3.0,2,0
2025-08-24,641755,4,0,0,1.335664,4.0,3,0
2025-08-24,641941,3,1,0,0.021,3.0,2,0
2025-08-24,642048,9,1,2,3.4399940000000004,9.0,6,0
2025-08-24,642207,3,2,0,0.133,3.0,1,0
2025-08-24,642397,7,1,1,2.968786,7.0,4,0
2025-08-24,642701,5,1,1,1.7908606363636363,5.0,3,0
2025-08-24,656271,3,0,0,0.761,3.0,3,0
2025-08-24,656427,25,3,0,9.725942307692307,25.0,22,2
2025-08-24,656730,7,2,1,3.392497,7.0,4,0
2025-08-24,656849,26,8,4,8.084442545454547,26.0,14,0
2025-08-24,656945,3,0,0,0.506,3.0,3,0
2025-08-24,657424,1,0,0,0.363,1.0,1,0
2025-08-24,657514,4,2,0,0.35300000000000004,4.0,2,0
2025-08-24,663455,3,3,0,0.0,3.0,0,0
2025-08-24,663574,4,1,1,2.0644970000000002,4.0,2,0
2025-08-24,663623,16,2,2,7.305874952380953,16.0,12,2
2025-08-24,663671,7,4,0,0.737,7.0,3,0
2025-08-24,663903,24,9,3,5.683491,24.0,12,1
2025-08-24,663947,5,1,1,0.13,3.0,3,0
2025-08-24,663969,3,0,0,0.123,3.0,3,0
2025-08-24,666171,3,1,0,0.575,3.0,2,0
2025-08-24,666661,4,0,2,2.246054606060606,3.0,2,1
2025-08-24,666711,7,0,0,1.791,7.0,7,0
2025-08-24,666808,5,2,0,1.4360909090909093,5.0,3,0
2025-08-24,668674,5,0,0,2.642982548387096,5.0,4,1
2025-08-24,668678,23,7,1,6.221377952380952,23.0,15,1
2025-08-24,668909,17,3,4,8.281523483870968,17.0,10,2
2025-08-24,668933,3,1,0,0.522,3.0,2,0
2025-08-24,669093,6,1,1,3.4500720000000005,6.0,4,1
2025-08-24,669160,21,3,3,10.886490064935064,21.0,14,4
2025-08-24,669199,8,2,2,3.675874,8.0,4,1
2025-08-24,669211,5,3,0,0.44,5.0,2,0
2025-08-24,669276,2,0,1,0.7294970000000001,2.0,1,0
2025-08-24,669302,22,13,1,4.120887243902439,22.0,8,1
2025-08-24,669432,28,9,3,7.241080743589744,28.0,16,1
2025-08-24,669461,19,5,3,6.057263727272727,19.0,11,2
2025-08-24,669724,6,0,1,2.8124346486486482,6.0,4,1
2025-08-24,670036,3,1,0,0.812,3.0,2,0
2025-08-24,670167,4,3,0,0.324,4.0,1,0
2025-08-24,670329,4,0,0,1.655,4.0,4,0
2025-08-24,670955,4,1,1,0.790497,4.0,2,0
2025-08-24,671131,5,1,1,1.800497,5.0,3,0
2025-08-24,671737,24,1,1,8.700712384615384,24.0,22,1
2025-08-24,672582,3,0,0,1.127,3.0,3,0
2025-08-24,672782,19,6,3,4.505491,19.0,10,0
2025-08-24,672841,7,1,1,3.929786,7.0,4,0
2025-08-24,673513,5,0,0,3.8816487804878044,5.0,5,2
2025-08-24,674384,9,2,0,3.412039,9.0,6,0
2025-08-24,676130,3,1,0,0.138,3.0,2,0
2025-08-24,676254,4,2,0,1.147,4.0,2,0
2025-08-24,676263,3,1,0,0.25,3.0,2,0
2025-08-24,676755,3,1,0,0.601,3.0,2,0
2025-08-24,678024,8,2,0,1.798,8.0,6,0
2025-08-24,678692,1,0,0,0.0,1.0,1,0
2025-08-24,679775,3,0,0,0.841,3.0,3,0
2025-08-24,680701,6,2,1,2.4154461525423727,6.0,3,1
2025-08-24,680742,3,1,0,1.0738124999999998,3.0,2,1
2025-08-24,681217,6,1,1,1.645497,6.0,4,0
2025-08-24,681293,22,2,0,8.427303482587066,22.0,20,1
2025-08-24,681676,3,1,0,0.051,3.0,2,0
2025-08-24,681870,4,1,2,3.328039454545455,4.0,1,1
2025-08-24,682052,18,2,6,10.298924307692308,18.0,10,2
2025-08-24,682120,4,1,0,0.83,4.0,3,0
2025-08-24,682254,5,2,1,1.237497,5.0,2,0
2025-08-24,682790,3,1,0,1.4751409090909093,3.0,2,1
2025-08-24,682842,5,2,0,1.089,5.0,3,0
2025-08-24,683155,13,1,0,2.064,13.0,12,0
2025-08-24,683232,2,2,0,0.0,2.0,0,0
2025-08-24,683409,8,0,1,1.450497,8.0,7,0
2025-08-24,684320,6,0,1,2.403497,6.0,5,0
2025-08-24,685126,6,1,1,1.292497,6.0,4,0
2025-08-24,685326,18,2,3,6.453880743589743,18.0,13,1
2025-08-24,686228,6,0,1,4.052436393939393,6.0,5,1
2025-08-24,686752,17,3,1,3.8003541428571426,16.0,12,1
2025-08-24,687003,10,2,0,2.1719999999999997,10.0,8,0
2025-08-24,687606,3,1,0,0.844,3.0,2,0
2025-08-24,689147,4,1,0,2.164600000000001,4.0,3,1
2025-08-24,690925,3,1,0,0.26,3.0,2,0
2025-08-24,691587,22,4,1,4.412497,22.0,17,0
2025-08-24,693821,24,6,2,6.879033000000001,24.0,15,1
2025-08-24,694037,5,3,1,1.512497,5.0,1,0
2025-08-24,694335,4,1,1,2.3794185686274516,4.0,2,1
2025-08-24,694477,22,7,2,4.790702333333334,22.0,13,1
2025-08-24,694973,24,7,0,4.335561904761905,24.0,17,1
2025-08-24,701487,13,3,0,3.833,13.0,10,0
2025-08-24,701552,10,2,1,3.655920076923077,10.0,7,1
2025-08-24,808967,23,6,2,5.974346941176471,23.0,15,1
2025-08-24,820862,4,0,1,1.010497,4.0,3,0
2025-08-24,829272,10,2,2,2.643994,10.0,6,0
2025-08-25,445276,3,0,0,0.095,3.0,3,0
2025-08-25,453286,23,5,1,6.897944368421053,23.0,17,2
2025-08-25,472610,1,1,0,0.0,1.0,0,0
2025-08-25,502085,4,1,1,1.169497,4.0,2,0
2025-08-25,547184,5,0,1,1.7454969999999999,5.0,4,0
2025-08-25,547973,3,0,0,0.496,3.0,3,0
2025-08-25,548384,3,1,0,0.207,3.0,2,0
2025-08-25,571760,7,1,0,3.223,7.0,6,0
2025-08-25,571927,7,2,0,1.4158,7.0,5,0
2025-08-25,572955,4,2,0,1.1219555555555558,4.0,2,1
2025-08-25,592773,4,0,1,1.5964969999999998,4.0,3,0
2025-08-25,593958,14,1,1,5.583497,14.0,12,0
2025-08-25,593974,7,2,0,1.289,7.0,5,0
2025-08-25,594580,3,0,0,0.9528260869565217,3.0,3,0
2025-08-25,594798,20,7,2,4.863327333333333,20.0,11,0
2025-08-25,595978,5,0,0,1.931857142857143,5.0,5,1
2025-08-25,596001,5,0,0,2.305697674418605,5.0,5,1
2025-08-25,605130,5,2,1,1.853497,5.0,2,0
2025-08-25,605447,7,2,1,3.0194405454545454,7.0,3,1
2025-08-25,605452,8,1,1,4.6612860000000005,8.0,5,1
2025-08-25,605540,24,8,1,4.783536000000001,24.0,14,1
2025-08-25,607455,5,1,2,1.830994,5.0,2,0
2025-08-25,608372,26,6,2,9.508303260079753,26.0,18,2
2025-08-25,620454,2,0,0,0.107,2.0,2,0
2025-08-25,621139,8,0,2,3.0909940000000002,8.0,6,0
2025-08-25,641329,3,2,0,0.917,3.0,1,0
2025-08-25,642701,3,0,0,2.2713695652173915,3.0,3,1
2025-08-25,643410,2,1,0,0.9708809523809524,2.0,1,1
2025-08-25,643511,3,0,0,1.499,3.0,3,0
2025-08-25,650893,7,0,2,2.362994,7.0,5,0
2025-08-25,650911,27,4,3,8.500926897435898,27.0,20,1
2025-08-25,656271,4,2,0,0.763289,4.0,1,0
2025-08-25,656457,7,1,0,1.039,7.0,6,0
2025-08-25,656686,4,3,0,0.598,4.0,1,0
2025-08-25,656794,8,2,2,2.682994,8.0,4,0
2025-08-25,657097,8,2,1,4.291130512544803,8.0,5,2
2025-08-25,657514,4,2,0,0.222,4.0,2,0
2025-08-25,657571,3,1,0,0.24500000000000002,3.0,2,0
2025-08-25,657746,23,7,1,9.09390810953347,23.0,14,3
2025-08-25,660787,13,3,2,6.013994,13.0,8,0
2025-08-25,660825,4,3,0,1.5137924528301885,4.0,1,1
2025-08-25,662253,5,1,0,1.46,5.0,4,0
2025-08-25,663738,9,0,0,3.0768260869565216,9.0,9,0
2025-08-25,664076,3,1,0,0.16,3.0,2,0
2025-08-25,664854,3,1,0,1.134,3.0,2,0
2025-08-25,664991,6,2,0,0.818,6.0,4,0
2025-08-25,665660,3,1,0,0.667,3.0,2,0
2025-08-25,665795,25,10,2,6.385283,25.0,12,0
2025-08-25,666374,6,3,1,1.9064969999999999,6.0,2,0
2025-08-25,667297,4,0,1,1.086497,4.0,3,0
2025-08-25,667755,20,6,1,6.07152825,20.0,13,1
2025-08-25,668881,22,3,2,6.9281189476330125,22.0,17,1
2025-08-25,668941,3,0,1,0.9174970000000001,3.0,2,0
2025-08-25,669371,6,1,1,2.227247,6.0,4,0
2025-08-25,669372,23,8,1,6.249597,23.0,14,1
2025-08-25,669373,28,12,0,7.367234146341463,28.0,16,3
2025-08-25,669438,8,2,1,3.075497,8.0,5,0
2025-08-25,669674,4,1,1,0.720497,4.0,2,0
2025-08-25,669724,3,0,0,0.499,3.0,3,0
2025-08-25,670059,5,0,0,1.509,5.0,5,0
2025-08-25,670912,16,5,1,3.188497,16.0,10,0
2025-08-25,670990,8,5,0,1.287,8.0,3,0
2025-08-25,671131,6,2,0,2.092289,6.0,3,0
2025-08-25,672282,4,1,0,1.366,4.0,3,0
2025-08-25,673513,6,1,0,0.545,6.0,5,0
2025-08-25,673540,22,4,3,7.975340000000001,22.0,14,1
2025-08-25,675911,25,3,2,7.761914578947368,25.0,19,1
2025-08-25,676263,4,1,0,0.996,4.0,3,0
2025-08-25,676395,4,2,0,0.412,4.0,2,0
2025-08-25,676440,29,3,3,10.307063874493927,29.0,23,2
2025-08-25,676477,4,3,0,0.497,4.0,1,0
2025-08-25,676534,4,1,0,1.6064861111111113,4.0,3,1
2025-08-25,676571,5,0,1,1.764497,4.0,3,0
2025-08-25,676604,3,1,0,1.1989999999999998,3.0,2,0
2025-08-25,676617,6,1,0,1.702289,6.0,4,0
2025-08-25,676664,17,2,1,5.861545648648648,17.0,14,2
2025-08-25,676879,7,5,1,1.236497,7.0,1,0
2025-08-25,677865,8,1,1,1.071497,8.0,6,0
2025-08-25,681006,2,0,0,1.041289,2.0,1,0
2025-08-25,681168,5,1,1,1.567497,5.0,3,0
2025-08-25,681343,23,3,1,3.702497,23.0,19,0
2025-08-25,681517,6,2,1,1.447497,6.0,3,0
2025-08-25,682120,5,2,0,1.5788529411764707,5.0,3,1
2025-08-25,682243,21,4,1,7.489549597402598,21.0,16,3
2025-08-25,682842,3,1,0,0.327,3.0,2,0
2025-08-25,683175,6,3,0,2.3575,6.0,3,1
2025-08-25,683232,2,0,0,0.693,2.0,2,0
2025-08-25,686218,25,10,1,6.202033549707602,25.0,14,2
2025-08-25,686826,22,6,1,5.022763975308642,22.0,15,2
2025-08-25,688158,8,2,2,2.954283,8.0,3,0
2025-08-25,690916,18,6,3,6.039295151515152,18.0,8,1
2025-08-25,693645,23,8,3,5.829491,22.0,11,0
2025-08-25,693855,17,8,1,3.034997,17.0,8,1
2025-08-25,695418,23,5,2,8.994927543096873,23.0,16,2
2025-08-25,700241,24,7,2,8.385529064935065,24.0,15,3
2025-08-25,702070,23,0,0,8.120438596491228,23.0,23,2
2025-08-25,805427,4,1,0,1.5518333333333332,4.0,3,0
2025-08-26,434378,27,5,2,9.566171083333334,27.0,20,1
2025-08-26,450203,24,7,2,6.209751575757576,24.0,15,0
2025-08-26,458677,5,2,0,1.1440000000000001,5.0,3,0
2025-08-26,477132,17,6,0,3.5199999999999996,17.0,11,0
2025-08-26,518585,5,2,0,1.8522889999999999,5.0,2,0
2025-08-26,519141,2,0,0,0.077,2.0,2,0
2025-08-26,527048,22,5,0,4.828805666666667,22.0,16,2
2025-08-26,543056,4,0,0,3.7457142857142856,4.0,4,2
2025-08-26,543859,3,0,0,0.6930000000000001,2.0,2,0
2025-08-26,547179,21,6,1,6.271189307692308,21.0,14,0
2025-08-26,547184,5,0,1,2.073497,5.0,4,0
2025-08-26,571510,24,8,3,8.80059844340526,24.0,13,4
2025-08-26,571578,27,8,1,8.10501063022942,27.0,18,2
2025-08-26,571946,6,2,1,1.044,5.0,3,0
2025-08-26,573124,4,2,0,0.9490000000000001,4.0,2,0
2025-08-26,579328,19,3,3,6.201800462915601,19.0,13,2
2025-08-26,592094,4,0,0,1.0488529411764704,4.0,4,1
2025-08-26,593833,6,1,1,1.7654969999999999,6.0,4,0
2025-08-26,595014,4,2,0,0.42800000000000005,4.0,2,0
2025-08-26,595345,3,1,0,0.24600000000000002,3.0,2,0
2025-08-26,595928,7,1,0,2.505258064516129,7.0,6,1
2025-08-26,605135,24,6,3,6.601539780487805,23.0,15,1
2025-08-26,607259,24,3,2,7.023945219512195,24.0,19,1
2025-08-26,608032,3,2,0,0.072,3.0,1,0
2025-08-26,608337,29,8,1,6.583683111111111,29.0,20,1
2025-08-26,608718,4,0,0,2.1728809523809525,4.0,4,1
2025-08-26,621051,2,1,0,0.015,2.0,1,0
2025-08-26,621053,6,0,0,2.222,6.0,6,0
2025-08-26,621237,4,2,0,0.529,4.0,2,0
2025-08-26,621242,5,4,0,0.209,5.0,1,0
2025-08-26,621381,3,3,0,0.0,3.0,0,0
2025-08-26,621383,4,0,0,0.9182889999999999,4.0,3,0
2025-08-26,622491,23,6,3,7.15998,23.0,13,2
2025-08-26,622554,1,1,0,0.0,1.0,0,0
2025-08-26,623211,6,0,0,1.817,6.0,6,0
2025-08-26,623437,5,1,0,1.883,5.0,4,0
2025-08-26,623474,4,1,1,0.9764970000000001,4.0,2,0
2025-08-26,640448,4,3,0,0.918,4.0,1,0
2025-08-26,640455,19,8,0,5.624545454545455,19.0,11,1
2025-08-26,641302,3,0,0,1.8562889999999999,3.0,2,0
2025-08-26,641755,4,0,0,1.13,4.0,4,0
2025-08-26,641927,23,3,0,10.056634146341464,23.0,20,3
2025-08-26,642100,2,0,0,0.6297777777777778,2.0,2,0
2025-08-26,642397,3,1,1,1.408497,3.0,1,0
2025-08-26,643377,3,2,0,0.33,3.0,1,0
2025-08-26,643511,3,1,0,0.513,3.0,2,0
2025-08-26,645261,26,7,2,7.46911724929972,26.0,17,1
2025-08-26,656302,20,5,3,6.175188674418605,20.0,12,1
2025-08-26,656546,7,0,1,4.535657587462083,7.0,5,2
2025-08-26,656605,23,9,1,7.021630555555555,23.0,11,1
2025-08-26,656945,3,0,0,0.768,3.0,3,0
2025-08-26,657571,4,0,0,1.4013157894736843,3.0,4,1
2025-08-26,657612,4,1,0,1.054,4.0,3,0
2025-08-26,657649,8,2,0,4.420393939393939,8.0,6,1
2025-08-26,660825,4,0,0,0.9662499999999999,4.0,4,0
2025-08-26,660896,4,3,0,0.891,4.0,1,0
2025-08-26,661395,4,0,0,2.149,4.0,4,0
2025-08-26,661563,23,5,4,9.480062152542374,22.0,13,3
2025-08-26,663158,3,0,0,1.307,3.0,3,0
2025-08-26,663455,3,1,0,1.9023636363636363,3.0,2,1
2025-08-26,663485,5,2,1,1.244497,5.0,2,0
2025-08-26,663687,5,2,1,0.8784970000000001,5.0,2,0
2025-08-26,663765,10,2,1,2.2478303333333334,10.0,7,0
2025-08-26,663893,6,1,1,2.418786,6.0,3,0
2025-08-26,663969,2,0,0,1.211,2.0,2,0
2025-08-26,664192,4,2,0,0.49000000000000005,4.0,2,0
2025-08-26,664199,3,1,0,0.647,3.0,2,0
2025-08-26,664208,2,1,0,0.005,2.0,1,0
2025-08-26,664854,4,1,2,2.806994,4.0,1,1
2025-08-26,665660,7,4,1,1.213497,7.0,2,0
2025-08-26,666171,3,1,0,1.2116842105263157,3.0,2,1
2025-08-26,666200,21,5,3,8.272069,21.0,11,0
2025-08-26,666661,3,0,2,1.6519940000000002,3.0,1,0
2025-08-26,666808,3,2,0,0.042,3.0,1,0
2025-08-26,666974,3,0,0,0.268,3.0,3,0
2025-08-26,668964,9,1,0,1.8816666666666666,9.0,8,0
2025-08-26,669022,20,3,2,5.030929483870968,20.0,15,2
2025-08-26,669093,4,1,0,1.224,4.0,3,0
2025-08-26,669211,3,0,0,0.387,3.0,3,0
2025-08-26,669276,4,1,0,0.631,4.0,3,0
2025-08-26,669358,23,7,2,5.6907036774193545,23.0,14,1
2025-08-26,669467,24,3,1,6.805065965517241,24.0,20,1
2025-08-26,669674,4,0,0,0.933,4.0,4,0
2025-08-26,670167,4,2,0,0.357,4.0,2,0
2025-08-26,670280,3,2,0,0.278,3.0,1,0
2025-08-26,670970,3,3,0,0.0,3.0,0,0
2025-08-26,671922,4,1,0,1.607,4.0,3,0
2025-08-26,672391,4,3,1,0.691497,4.0,0,0
2025-08-26,672841,7,0,0,1.834,6.0,6,0
2025-08-26,673929,5,0,1,1.846497,5.0,4,0
2025-08-26,674370,14,5,2,5.879147846153846,14.0,7,1
2025-08-26,674384,1,1,0,0.0,1.0,0,0
2025-08-26,675512,11,1,0,1.1344545454545454,11.0,10,0
2025-08-26,675848,5,1,2,1.585994,5.0,2,0
2025-08-26,676130,2,1,0,0.012,2.0,1,0
2025-08-26,676254,4,2,0,0.9630000000000001,4.0,2,0
2025-08-26,676508,5,3,1,1.4385970000000001,5.0,1,1
2025-08-26,676604,3,0,1,1.9755928904109596,3.0,2,1
2025-08-26,676684,5,0,3,2.1454910000000003,4.0,2,0
2025-08-26,676755,3,1,0,0.028999999999999998,3.0,2,0
2025-08-26,678821,4,0,0,1.522289,4.0,3,0
2025-08-26,679775,2,0,0,0.8160000000000001,2.0,2,0
2025-08-26,680694,21,10,0,4.21563543003851,21.0,11,2
2025-08-26,681006,8,0,2,4.459619,8.0,6,1
2025-08-26,681217,5,2,1,1.097497,5.0,2,0
2025-08-26,681676,3,2,0,0.204,3.0,1,0
2025-08-26,681892,4,1,0,0.5609999999999999,4.0,3,0
2025-08-26,682254,3,0,1,1.005497,3.0,2,0
2025-08-26,682274,9,1,1,3.2544969999999998,8.0,7,0
2025-08-26,683175,3,2,0,0.139,3.0,1,0
2025-08-26,683618,4,0,0,1.5619999999999998,4.0,4,0
2025-08-26,683769,3,1,0,0.898,3.0,2,0
2025-08-26,684320,1,1,0,0.0,1.0,0,0
2025-08-26,685299,26,5,3,9.725824333333334,26.0,18,1
2025-08-26,685314,3,1,0,0.281,3.0,2,0
2025-08-26,686613,28,7,0,8.579079902051877,27.0,20,3
2025-08-26,686973,3,0,1,1.3314970000000002,3.0,2,0
2025-08-26,686993,6,1,0,1.941676923076923,6.0,5,1
2025-08-26,687209,6,1,2,1.767994,6.0,3,0
2025-08-26,687377,8,1,2,4.651994,8.0,5,1
2025-08-26,689147,6,0,1,2.5914970000000004,6.0,5,0
2025-08-26,689266,2,1,0,0.361,2.0,1,0
2025-08-26,690925,6,1,3,2.084491,6.0,2,0
2025-08-26,691594,1,0,0,0.189,1.0,1,0
2025-08-26,691799,6,2,0,3.09,6.0,4,0
2025-08-26,693312,7,3,1,1.8740867435897435,7.0,3,1
2025-08-26,694297,17,4,1,6.799747,17.0,12,1
2025-08-26,694462,24,0,1,8.854063777777778,24.0,22,1
2025-08-26,694819,20,10,1,4.684134992831541,20.0,9,2
2025-08-26,695243,5,2,1,2.023497,5.0,2,0
2025-08-26,696136,3,0,0,0.822,3.0,3,0
2025-08-26,696147,7,1,0,1.6277916666666665,7.0,6,0
2025-08-26,700669,9,3,1,3.106920076923077,9.0,5,1
2025-08-26,800048,24,6,0,5.039,24.0,18,0
2025-08-26,806188,3,1,0,0.512,3.0,2,0
2025-08-27,458677,1,0,0,0.005,1.0,1,0
2025-08-27,506433,17,3,1,4.453406090909091,17.0,13,1
2025-08-27,542888,3,0,0,0.515,3.0,3,0
2025-08-27,543243,28,7,3,7.4264397179487185,28.0,18,0
2025-08-27,543859,4,1,1,1.8729136666666664,4.0,2,1
2025-08-27,547973,3,3,0,0.0,3.0,0,0
2025-08-27,548384,4,1,0,0.512,4.0,3,0
2025-08-27,573124,7,2,0,2.9530814528301885,7.0,4,1
2025-08-27,592454,3,0,0,1.049,3.0,3,0
2025-08-27,592836,24,3,1,8.57552825,24.0,20,1
2025-08-27,593974,5,1,1,1.384497,5.0,3,0
2025-08-27,594580,3,0,1,1.347760157894737,3.0,2,0
2025-08-27,595014,5,3,1,1.6094970000000002,5.0,1,0
2025-08-27,596112,5,0,0,1.304,5.0,5,0
2025-08-27,605130,4,2,0,0.765,3.0,1,0
2025-08-27,605177,3,2,0,0.309,3.0,1,0
2025-08-27,606160,9,4,1,0.902497,9.0,4,0
2025-08-27,607067,24,2,2,9.680244797448166,24.0,20,2
2025-08-27,607200,20,2,0,7.970255514705882,20.0,18,2
2025-08-27,608331,26,6,2,8.578994,26.0,18,0
2025-08-27,608650,10,3,0,2.344085106382979,10.0,7,1
2025-08-27,608718,5,1,1,3.587847000000001,5.0,3,1
2025-08-27,621112,8,0,0,2.5550295454545457,8.0,8,1
2025-08-27,621383,5,1,0,3.5745694736842104,5.0,4,2
2025-08-27,622554,4,1,2,1.9829940000000001,4.0,1,0
2025-08-27,623433,4,1,0,0.34800000000000003,4.0,3,0
2025-08-27,624512,6,0,1,3.1722984285714286,6.0,5,0
2025-08-27,641672,6,1,1,2.0261636666666667,6.0,4,0
2025-08-27,641778,24,4,0,13.6031549483737,24.0,20,6
2025-08-27,642016,4,2,1,1.162406090909091,4.0,1,0
2025-08-27,642100,2,1,0,0.722289,2.0,0,0
2025-08-27,642152,3,1,0,0.126,3.0,2,0
2025-08-27,642701,4,1,1,1.008497,4.0,2,0
2025-08-27,643377,4,1,1,0.901,2.0,2,0
2025-08-27,650556,3,2,0,0.371,3.0,1,0
2025-08-27,650644,20,4,1,7.137313303099885,20.0,15,2
2025-08-27,650893,3,0,0,2.4136037735849056,3.0,3,1
2025-08-27,656457,8,0,1,4.901755064516129,8.0,7,1
2025-08-27,656546,4,1,0,1.159,4.0,3,0
2025-08-27,656641,17,5,1,5.651742454545454,17.0,11,1
2025-08-27,656876,23,5,1,4.377318428571429,21.0,16,1
2025-08-27,657097,6,2,1,0.805497,6.0,3,0
2025-08-27,660271,19,9,2,3.989169,18.0,7,1
2025-08-27,660825,3,2,0,0.051,3.0,1,0
2025-08-27,661527,7,1,2,2.9285363728813563,7.0,4,1
2025-08-27,662253,5,0,0,1.489285714285714,5.0,5,0
2025-08-27,663455,3,1,0,0.786,3.0,2,0
2025-08-27,663485,4,3,0,0.552,4.0,1,0
2025-08-27,663554,19,4,2,5.186836105263158,19.0,13,0
2025-08-27,663671,4,1,0,0.962,4.0,3,0
2025-08-27,663738,3,1,0,0.393,3.0,2,0
2025-08-27,663941,3,2,0,0.688,3.0,1,0
2025-08-27,664076,5,2,1,1.546497,5.0,2,0
2025-08-27,664126,4,2,0,1.937159090909091,4.0,2,1
2025-08-27,664285,25,5,2,5.925794,25.0,18,0
2025-08-27,666157,21,6,1,5.348539,20.0,13,1
2025-08-27,666214,25,5,2,6.645709384615385,25.0,18,1
2025-08-27,666374,3,0,0,1.6856923076923076,3.0,3,1
2025-08-27,666711,6,3,0,0.7288421052631577,6.0,3,0
2025-08-27,667297,5,2,0,1.1179999999999999,5.0,3,0
2025-08-27,668834,5,1,0,0.7657368421052632,5.0,4,0
2025-08-27,669194,23,3,0,7.607451086956522,23.0,20,1
2025-08-27,669211,8,2,0,3.6643534002229656,8.0,6,2
2025-08-27,669387,13,4,3,5.674491,13.0,6,0
2025-08-27,669620,3,0,1,1.415497,3.0,2,0
2025-08-27,669711,3,1,0,0.315,3.0,2,0
2025-08-27,670036,3,2,0,0.346,3.0,1,0
2025-08-27,670955,4,1,0,1.21,4.0,3,0
2025-08-27,671131,3,2,0,0.036,3.0,1,0
2025-08-27,671922,3,1,0,0.713,3.0,2,0
2025-08-27,672582,4,1,0,0.331,4.0,3,0
2025-08-27,672710,17,2,1,4.406286,17.0,13,0
2025-08-27,672724,9,0,0,4.6967007647058825,9.0,8,1
2025-08-27,673513,5,1,0,0.848,5.0,4,0
2025-08-27,676206,10,4,2,2.518994,10.0,4,0
2025-08-27,676263,4,2,1,0.774497,4.0,1,0
2025-08-27,676571,5,1,1,1.650497,5.0,3,0
2025-08-27,676702,8,1,0,2.052,8.0,7,0
2025-08-27,676755,3,1,0,0.9388124999999997,3.0,2,1
2025-08-27,676879,6,3,0,0.6070000000000001,6.0,3,0
2025-08-27,676917,18,4,1,11.058973487781035,18.0,11,3
2025-08-27,676961,3,0,0,1.4852777777777777,3.0,3,1
2025-08-27,677865,4,2,0,0.173,4.0,2,0
2025-08-27,677944,23,4,0,7.676015538290788,23.0,19,2
2025-08-27,678024,7,1,0,1.429,7.0,6,0
2025-08-27,678394,27,6,1,8.595106118951223,27.0,20,3
2025-08-27,678606,3,1,0,0.326,3.0,2,0
2025-08-27,679775,5,1,2,1.459994,4.0,2,0
2025-08-27,680573,18,2,2,6.105858849833148,18.0,14,2
2025-08-27,680736,7,2,1,2.400497,7.0,4,0
2025-08-27,680742,4,0,1,0.8954970000000001,4.0,3,0
2025-08-27,681168,6,3,1,1.897497,6.0,2,0
2025-08-27,681870,4,2,2,1.382994,4.0,0,0
2025-08-27,681892,5,2,0,0.567,5.0,3,0
2025-08-27,683175,4,0,2,1.427994,4.0,2,0
2025-08-27,683232,4,0,1,2.684735095238095,4.0,3,1
2025-08-27,683409,6,2,0,2.923606557377049,6.0,4,1
2025-08-27,683618,4,3,1,0.691497,4.0,0,0
2025-08-27,685314,5,2,0,0.761,5.0,3,0
2025-08-27,686228,4,0,0,2.9006666666666665,4.0,4,1
2025-08-27,686676,11,0,2,4.225994,11.0,9,0
2025-08-27,686701,26,3,2,7.58176433492823,26.0,21,1
2025-08-27,686799,24,1,3,15.396286960835738,24.0,19,5
2025-08-27,686993,3,3,0,0.0,3.0,0,0
2025-08-27,687473,24,2,5,13.556746119815669,24.0,16,3
2025-08-27,687911,4,2,0,0.444,4.0,2,0
2025-08-27,687931,22,3,3,8.950175061728395,22.0,15,1
2025-08-27,688158,4,0,1,1.227497,4.0,3,0
2025-08-27,689690,4,0,0,1.161,4.0,4,0
2025-08-27,690997,27,6,0,6.63564081996435,27.0,21,3
2025-08-27,691594,8,1,1,2.61452825,8.0,6,1
2025-08-27,693313,4,0,1,2.212668428571429,4.0,3,1
2025-08-27,693433,25,6,1,6.363278307692308,25.0,17,0
2025-08-27,694335,7,2,2,1.999994,7.0,3,0
2025-08-27,694359,9,1,1,3.816497,9.0,7,0
2025-08-27,696136,4,0,0,3.311763116057234,4.0,4,2
2025-08-27,696149,15,3,1,5.0877859999999995,15.0,10,1
2025-08-27,801403,23,7,4,6.120738,23.0,12,0
2025-08-27,805427,6,1,1,2.8941456486486485,6.0,4,1
2025-08-27,806960,25,7,2,8.687674194805194,25.0,16,2
2025-08-27,820862,3,2,0,0.123,3.0,1,0
2025-08-27,829272,11,3,2,4.406474459770115,11.0,6,2
2025-08-28,500779,22,2,4,10.383108857142856,22.0,14,1
2025-08-28,518585,3,1,0,0.37,3.0,2,0
2025-08-28,571927,4,0,0,2.195,4.0,4,1
2025-08-28,571945,21,5,1,7.613024095238095,20.0,14,2
2025-08-28,592155,3,1,0,1.359676923076923,3.0,2,1
2025-08-28,592773,4,0,2,1.879994,4.0,2,0
2025-08-28,593833,5,1,1,2.9888391052631578,5.0,3,1
2025-08-28,595345,3,0,2,1.382994,2.0,0,0
2025-08-28,596133,3,2,0,0.068,3.0,1,0
2025-08-28,605280,24,2,1,7.546721483870968,24.0,20,1
2025-08-28,605400,24,4,3,7.299371952380953,23.0,16,1
2025-08-28,607536,26,6,0,5.306193548387097,26.0,20,2
2025-08-28,615698,19,0,0,10.680443283004259,19.0,19,5
2025-08-28,621051,5,1,0,0.8999999999999999,5.0,4,0
2025-08-28,622503,27,2,1,9.599962517241378,27.0,24,2
2025-08-28,641302,11,2,0,2.43025,11.0,9,1
2025-08-28,641745,4,1,0,0.743289,4.0,2,0
2025-08-28,642016,8,1,0,2.5284545454545455,8.0,7,0
2025-08-28,642152,3,1,0,0.005,3.0,2,0
2025-08-28,642207,3,3,0,0.0,3.0,0,0
2025-08-28,642397,5,1,0,1.257,5.0,4,0
2025-08-28,643361,9,2,0,1.5925,9.0,7,0
2025-08-28,643410,3,1,0,0.54,3.0,2,0
2025-08-28,650556,4,2,0,0.981,4.0,2,0
2025-08-28,656222,1,0,0,0.778,1.0,1,0
2025-08-28,657277,25,7,0,6.346948412698413,25.0,18,3
2025-08-28,660644,7,0,1,2.128497,7.0,6,0
2025-08-28,660853,1,0,0,0.488,1.0,1,0
2025-08-28,663436,18,5,3,7.3755736787928905,18.0,10,2
2025-08-28,663855,4,0,1,2.1364970000000003,4.0,3,0
2025-08-28,664192,3,1,1,1.247497,3.0,1,0
2025-08-28,664294,3,1,0,0.686,3.0,2,0
2025-08-28,668834,8,2,0,2.81,8.0,6,0
2025-08-28,668941,3,0,0,1.374,3.0,3,0
2025-08-28,668964,12,1,0,4.218795891608392,12.0,11,1
2025-08-28,669199,5,2,1,2.5724970000000003,5.0,2,1
2025-08-28,669704,6,2,0,1.332,6.0,4,0
2025-08-28,669920,25,8,1,7.2374351228070175,24.0,14,1
2025-08-28,670059,3,1,0,0.028,3.0,2,0
2025-08-28,670329,5,1,1,2.119497,5.0,3,0
2025-08-28,670990,6,0,1,5.00477267526327,6.0,4,3
2025-08-28,672391,3,2,0,0.7,3.0,0,0
2025-08-28,675848,4,1,1,0.924497,4.0,2,0
2025-08-28,676130,3,1,0,1.4654285714285713,3.0,2,1
2025-08-28,676254,1,0,0,0.151,1.0,1,0
2025-08-28,676477,5,1,1,1.737497,5.0,3,0
2025-08-28,676534,3,1,0,0.581,3.0,2,0
2025-08-28,676617,4,0,0,1.0092889999999999,4.0,3,0
2025-08-28,676979,25,7,0,6.176739290322581,25.0,16,1
2025-08-28,677952,21,5,1,5.075818428571429,21.0,15,0
2025-08-28,678692,6,2,0,1.633,6.0,4,0
2025-08-28,678821,4,0,1,2.651675571428571,4.0,3,1
2025-08-28,680735,17,2,2,6.00163101923077,17.0,13,2
2025-08-28,681517,8,4,2,1.8899940000000002,8.0,2,0
2025-08-28,681869,3,0,0,0.188,3.0,3,0
2025-08-28,682790,7,1,1,2.757462413533835,7.0,5,1
2025-08-28,684007,26,5,1,7.345801487179488,26.0,20,2
2025-08-28,687911,4,1,1,1.012497,4.0,2,0
2025-08-28,688497,13,3,2,3.270994,13.0,8,0
2025-08-28,694037,4,0,0,2.231,4.0,4,0
2025-08-28,700249,21,5,0,8.684672563472564,21.0,16,2
2025-08-28,701542,24,3,2,9.016549666666666,24.0,18,2
2025-08-28,800049,18,2,1,5.716176243902439,18.0,14,2
2025-08-28,806188,6,3,1,1.543497,6.0,2,0
2025-08-29,458677,2,1,0,0.28,2.0,1,0
2025-08-29,472610,7,1,1,2.994497,7.0,5,0
2025-08-29,489446,3,1,0,0.424,3.0,2,0
2025-08-29,502085,3,1,0,0.315,3.0,2,0
2025-08-29,518585,4,1,0,1.9052380952380952,4.0,3,1
2025-08-29,518886,5,2,3,2.074491,5.0,0,0
2025-08-29,519141,5,0,0,2.325697674418605,5.0,5,1
2025-08-29,542881,22,1,3,10.686803097385372,22.0,18,3
2025-08-29,542888,6,0,1,1.251497,6.0,5,0
2025-08-29,547184,4,0,0,1.4296545454545455,4.0,4,1
2025-08-29,552640,4,0,1,1.621497,4.0,3,0
2025-08-29,571946,3,0,1,1.454497,3.0,2,0
2025-08-29,571948,4,1,0,0.444,4.0,3,0
2025-08-29,572955,4,0,1,1.6804970000000001,4.0,3,0
2025-08-29,592662,22,5,3,6.6954910000000005,22.0,14,0
2025-08-29,592773,2,2,0,0.0,2.0,0,0
2025-08-29,593974,4,0,0,1.068,4.0,4,0
2025-08-29,596001,7,1,1,1.9773303333333334,7.0,5,0
2025-08-29,596112,5,1,1,1.660497,5.0,3,0
2025-08-29,605288,20,4,3,6.060272250000001,20.0,13,2
2025-08-29,605483,23,8,3,5.712712445221445,23.0,12,1
2025-08-29,605488,24,5,2,6.93295052173913,24.0,17,0
2025-08-29,607074,25,5,2,7.347994,25.0,18,0
2025-08-29,607259,5,0,1,0.8534970000000001,5.0,4,0
2025-08-29,607455,2,1,0,0.047,2.0,1,0
2025-08-29,607625,22,5,4,9.649401793103449,22.0,13,2
2025-08-29,608566,24,0,3,12.400024641975309,24.0,21,4
2025-08-29,620443,6,0,1,4.07117642583732,6.0,5,2
2025-08-29,620454,10,2,0,2.8725,10.0,8,1
2025-08-29,621381,5,0,1,2.2160424545454545,5.0,4,0
2025-08-29,622608,13,2,1,5.8787097659574465,13.0,10,2
2025-08-29,623437,5,0,1,1.982497,5.0,4,0
2025-08-29,624133,23,2,1,7.715588503267974,23.0,20,1
2025-08-29,640448,6,3,1,1.0774970000000001,6.0,2,0
2025-08-29,641329,4,0,0,1.642,4.0,4,0
2025-08-29,641482,15,2,2,5.951334909090909,15.0,11,1
2025-08-29,641745,1,1,0,0.0,1.0,0,0
2025-08-29,641793,28,4,0,7.175833464670344,28.0,23,2
2025-08-29,641941,3,1,0,0.7364736842105264,3.0,2,1
2025-08-29,642547,21,8,1,4.436721483870968,21.0,11,2
2025-08-29,642701,4,2,1,0.697497,4.0,1,0
2025-08-29,656222,4,1,0,1.294,4.0,3,0
2025-08-29,656686,9,2,1,3.659297,9.0,6,2
2025-08-29,657424,4,1,0,1.203,4.0,3,0
2025-08-29,657514,5,0,1,0.99,4.0,4,0
2025-08-29,657612,6,1,0,0.813,6.0,5,0
2025-08-29,660853,5,1,0,2.5426231884057975,5.0,4,1
2025-08-29,660896,4,0,1,1.491497,3.0,3,0
2025-08-29,661395,3,2,0,0.115,3.0,1,0
2025-08-29,661527,3,1,0,0.6259090909090909,3.0,2,0
2025-08-29,662253,3,0,0,1.0971935483870967,3.0,3,1
2025-08-29,663485,3,2,0,0.05,3.0,1,0
2025-08-29,663574,6,1,1,2.561608111111111,6.0,4,1
2025-08-29,663765,4,1,1,1.151497,4.0,2,0
2025-08-29,663855,4,0,0,2.0831000000000004,3.0,4,1
2025-08-29,663893,3,1,1,0.9814970000000001,3.0,1,0
2025-08-29,663947,5,1,2,2.010994,5.0,2,0
2025-08-29,663978,16,0,0,8.666336764705882,16.0,16,4
2025-08-29,664076,5,3,1,0.970497,5.0,1,0
2025-08-29,664126,5,2,0,1.849,5.0,3,0
2025-08-29,664199,6,3,0,1.8267192982456142,6.0,3,1
2025-08-29,664294,3,0,0,1.363,3.0,3,0
2025-08-29,664299,21,6,3,3.566491,21.0,12,0
2025-08-29,664854,4,0,0,0.865,4.0,4,0
2025-08-29,664991,13,3,0,4.106,13.0,10,0
2025-08-29,665152,19,1,2,9.007907507545086,19.0,16,2
2025-08-29,666171,5,0,1,1.568497,4.0,4,0
2025-08-29,666374,6,2,2,1.695994,6.0,2,0
2025-08-29,666808,5,0,1,1.095497,5.0,4,0
2025-08-29,666974,6,2,1,1.905497,6.0,3,0
2025-08-29,667297,4,2,1,0.838497,4.0,1,0
2025-08-29,668678,22,8,3,3.999866,22.0,11,0
2025-08-29,668941,3,0,2,2.3587667272727275,3.0,1,1
2025-08-29,669276,3,0,0,1.167,3.0,3,0
2025-08-29,669371,5,2,2,1.418994,5.0,1,0
2025-08-29,669456,20,6,0,5.292,20.0,14,0
2025-08-29,669461,25,4,2,11.004713298245614,25.0,19,2
2025-08-29,669620,4,2,1,1.118297,4.0,1,0
2025-08-29,669674,3,0,0,1.078,3.0,3,0
2025-08-29,669711,4,1,0,1.8329354838709677,4.0,3,1
2025-08-29,669923,28,6,0,9.800431832167833,28.0,21,3
2025-08-29,671106,24,5,3,9.429656767676768,24.0,15,2
2025-08-29,672391,4,2,0,1.1065600000000004,4.0,2,1
2025-08-29,672582,4,1,0,1.1600000000000001,4.0,3,0
2025-08-29,672782,20,6,6,9.34068526678766,20.0,7,2
2025-08-29,673513,8,1,3,4.184491,8.0,4,0
2025-08-29,673929,3,2,0,0.209,3.0,1,0
2025-08-29,674384,5,1,0,1.207,5.0,4,0
2025-08-29,675512,8,1,0,3.2768333333333333,8.0,7,0
2025-08-29,676263,3,2,0,0.005,3.0,1,0
2025-08-29,676508,5,2,2,1.745994,5.0,1,0
2025-08-29,676571,5,1,1,2.059497,5.0,3,0
2025-08-29,676604,10,1,2,6.0775721250000005,10.0,7,1
2025-08-29,676684,3,0,0,0.744,3.0,3,0
2025-08-29,676755,4,1,0,0.754,4.0,3,0
2025-08-29,676775,9,3,0,3.4500344827586207,9.0,6,1
2025-08-29,676879,6,1,1,2.668786,6.0,3,0
2025-08-29,676962,11,5,0,4.158,11.0,6,1
2025-08-29,677865,6,2,0,2.145,6.0,4,0
2025-08-29,677955,5,0,0,2.845888888888889,5.0,5,0
2025-08-29,678024,10,4,1,4.284439307692307,10.0,5,1
2025-08-29,678368,19,3,2,8.63149358752681,19.0,14,3
2025-08-29,679775,3,0,0,1.0564545454545455,3.0,3,0
2025-08-29,680730,25,7,0,10.35190146388172,25.0,18,5
2025-08-29,680742,5,2,0,1.0694117647058825,5.0,3,1
2025-08-29,680767,3,0,0,1.9195,3.0,3,0
2025-08-29,681676,4,2,1,0.707497,4.0,1,0
2025-08-29,681892,5,1,2,1.653994,5.0,2,0
2025-08-29,682120,5,0,0,2.535,5.0,5,0
2025-08-29,682842,4,0,0,1.4569999999999999,4.0,4,0
2025-08-29,683004,24,7,2,6.210994,24.0,15,0
2025-08-29,684320,5,1,2,1.4829940000000001,5.0,2,0
2025-08-29,685126,3,2,0,0.209,3.0,1,0
2025-08-29,686580,5,1,1,2.175497,5.0,3,0
2025-08-29,686676,3,0,0,1.617568965517241,3.0,3,1
2025-08-29,686973,3,0,0,1.907,3.0,3,0
2025-08-29,687003,7,0,0,2.167,7.0,7,0
2025-08-29,687377,1,0,0,0.381,1.0,1,0
2025-08-29,688158,6,0,1,3.3539831111111114,6.0,5,1
2025-08-29,689147,4,1,0,0.46499999999999997,4.0,3,0
2025-08-29,689690,9,1,1,2.1809515454545454,9.0,7,0
2025-08-29,690925,2,2,0,0.0,2.0,0,0
2025-08-29,690990,23,4,2,8.721464349115257,23.0,17,2
2025-08-29,691587,7,0,2,4.894565541501977,7.0,5,2
2025-08-29,691594,9,0,1,4.849418568627452,9.0,8,1
2025-08-29,691799,4,0,2,2.535994,4.0,2,0
2025-08-29,693821,27,3,2,6.027713298245614,27.0,22,1
2025-08-29,694335,5,3,0,0.868,5.0,2,0
2025-08-29,694973,25,6,1,6.888108111111111,25.0,18,1
2025-08-29,700669,7,3,0,2.707634146341464,7.0,4,1
2025-08-29,702352,5,0,0,2.4445454545454544,5.0,5,2
2025-08-29,801139,21,8,2,4.892994,21.0,11,0
2025-08-29,804636,23,6,0,6.14,23.0,17,0
2025-08-29,805673,24,3,0,8.173692307692308,24.0,21,2
2025-08-30,445276,4,0,1,2.002065965517241,4.0,3,1
2025-08-30,489446,6,0,1,4.204971999999999,6.0,5,1
2025-08-30,518876,25,2,0,10.097066820257645,25.0,23,4
2025-08-30,518886,1,0,0,0.4915000000000001,1.0,1,0
2025-08-30,519242,21,9,1,3.9866788181818187,21.0,11,1
2025-08-30,543294,25,2,0,6.162337780487805,25.0,22,1
2025-08-30,548384,3,2,0,0.224,3.0,1,0
2025-08-30,552640,3,1,0,0.167,3.0,2,0
2025-08-30,571927,3,0,0,0.614,3.0,3,0
2025-08-30,572955,4,1,1,1.076497,4.0,2,0
2025-08-30,592094,3,0,0,0.511,3.0,3,0
2025-08-30,592332,24,8,0,6.080390715667312,24.0,16,2
2025-08-30,592454,5,3,0,0.382,5.0,2,0
2025-08-30,593958,24,4,4,6.767309428571429,24.0,16,0
2025-08-30,595345,3,2,0,0.837,3.0,1,0
2025-08-30,596133,4,1,0,1.154,4.0,3,0
2025-08-30,601713,21,6,1,5.248224272727273,21.0,14,1
2025-08-30,605130,6,2,2,2.133994,6.0,2,0
2025-08-30,606965,9,3,1,1.233497,9.0,5,0
2025-08-30,607192,26,6,0,6.268089,26.0,19,1
2025-08-30,608032,4,0,0,1.0516666666666667,4.0,4,0
2025-08-30,608718,4,0,0,1.514,4.0,4,0
2025-08-30,621053,5,0,0,1.45625,5.0,5,1
2025-08-30,621139,8,0,2,4.115142648648648,8.0,6,1
2025-08-30,621242,7,3,1,1.3994970000000002,7.0,3,0
2025-08-30,621381,4,0,0,1.7297,4.0,4,0
2025-08-30,621383,4,0,0,0.821,4.0,4,0
2025-08-30,622554,4,0,0,1.223,4.0,4,0
2025-08-30,623474,10,0,2,4.74189888172043,9.0,8,2
2025-08-30,628452,3,1,0,0.29100000000000004,3.0,2,0
2025-08-30,641302,7,0,1,2.539615384615385,6.0,6,0
2025-08-30,641329,3,1,0,0.39099999999999996,3.0,2,0
2025-08-30,641745,3,0,0,0.226,3.0,3,0
2025-08-30,641755,3,2,0,0.571,3.0,1,0
2025-08-30,642100,3,1,0,0.11399999999999999,3.0,2,0
2025-08-30,642207,5,2,0,0.613,5.0,3,0
2025-08-30,642397,4,1,0,1.042289,4.0,2,0
2025-08-30,643377,4,2,1,0.934497,4.0,1,0
2025-08-30,643511,5,0,0,1.9653333333333334,5.0,5,0
2025-08-30,650556,8,2,2,3.684994,8.0,4,0
2025-08-30,650893,7,2,1,3.9947192222222223,7.0,4,1
2025-08-30,650911,26,8,0,5.193,26.0,18,0
2025-08-30,656427,21,4,2,6.1625721250000005,21.0,15,1
2025-08-30,656546,6,0,1,3.477774777777778,6.0,5,1
2025-08-30,656794,5,1,0,1.743,5.0,4,0
2025-08-30,656849,17,1,3,8.340200677419354,17.0,13,1
2025-08-30,657097,2,1,0,0.492,2.0,1,0
2025-08-30,657424,7,1,1,3.037747,7.0,5,1
2025-08-30,657514,6,1,2,3.183155290322581,6.0,3,1
2025-08-30,657571,6,1,1,1.873497,6.0,4,0
2025-08-30,657649,3,3,0,0.0,3.0,0,0
2025-08-30,660853,1,1,0,0.0,1.0,0,0
2025-08-30,660896,3,0,1,2.903983111111111,3.0,2,2
2025-08-30,661395,3,2,0,0.002,3.0,1,0
2025-08-30,663455,3,0,0,0.307,3.0,3,0
2025-08-30,663568,22,3,0,7.873120743034056,22.0,19,1
2025-08-30,663623,23,3,1,7.180902405405407,22.0,18,3
2025-08-30,663687,4,0,0,1.6422500000000002,4.0,4,1
2025-08-30,663765,3,1,0,0.842,3.0,2,0
2025-08-30,663855,5,0,1,1.400497,5.0,4,0
2025-08-30,663941,17,6,1,6.631783438152013,17.0,10,3
2025-08-30,663947,4,0,1,2.255971999999999,4.0,3,1
2025-08-30,663969,5,1,1,2.017497,5.0,3,0
2025-08-30,664208,5,2,1,1.152406090909091,5.0,2,0
2025-08-30,665795,22,4,1,8.826965395210241,22.0,16,3
2025-08-30,665871,24,1,2,9.935346941176471,24.0,21,1
2025-08-30,666168,3,1,0,0.135,3.0,2,0
2025-08-30,666711,1,1,0,0.0,1.0,0,0
2025-08-30,666808,3,1,0,0.619,3.0,2,0
2025-08-30,668674,3,1,0,1.091,3.0,2,0
2025-08-30,668909,26,8,1,6.539926860541428,26.0,17,1
2025-08-30,668941,3,0,0,0.405,3.0,3,0
2025-08-30,669093,4,1,0,1.358,4.0,3,0
2025-08-30,669160,28,5,4,11.457191285714286,28.0,18,2
2025-08-30,669199,4,1,1,0.8394969999999999,4.0,2,0
2025-08-30,669276,1,0,0,0.514,1.0,1,0
2025-08-30,669302,23,6,2,6.019336105263158,23.0,15,1
2025-08-30,669432,26,5,0,6.084921401515152,26.0,21,2
2025-08-30,669438,10,3,1,3.7010684285714284,10.0,6,2
2025-08-30,669711,3,3,0,0.0,3.0,0,0
2025-08-30,669724,1,1,0,0.0,1.0,0,0
2025-08-30,670167,4,0,0,1.6340000000000001,4.0,4,0
2025-08-30,670280,7,1,0,1.207,7.0,6,0
2025-08-30,670912,21,6,3,7.152609817204302,20.0,11,2
2025-08-30,670970,3,0,0,0.412,3.0,3,0
2025-08-30,670990,3,0,0,0.5840000000000001,3.0,3,0
2025-08-30,671096,22,7,4,7.166845965517242,22.0,10,1
2025-08-30,671131,3,1,0,0.056,3.0,2,0
2025-08-30,671737,19,6,3,5.876059965517241,18.0,10,1
2025-08-30,671922,4,3,0,0.045,4.0,1,0
2025-08-30,672282,3,1,1,0.928497,3.0,1,0
2025-08-30,672582,1,0,0,0.048,1.0,1,0
2025-08-30,673929,3,2,0,0.005,3.0,1,0
2025-08-30,674370,10,1,0,2.3887083333333337,10.0,9,1
2025-08-30,675848,3,1,0,0.8029999999999999,3.0,2,0
2025-08-30,676395,4,1,0,0.6219999999999999,4.0,3,0
2025-08-30,676534,5,1,0,0.57,5.0,4,0
2025-08-30,676702,3,1,0,1.189289,3.0,1,0
2025-08-30,676879,1,0,0,0.393,1.0,1,0
2025-08-30,678692,4,1,1,0.9804970000000001,4.0,2,0
2025-08-30,678821,4,1,1,1.512497,4.0,2,0
2025-08-30,680767,3,0,0,0.607,3.0,3,0
2025-08-30,680837,3,0,0,1.7228200431034484,3.0,3,2
2025-08-30,681293,25,8,5,7.127520483870968,25.0,12,2
2025-08-30,681343,25,7,2,7.717848952830189,25.0,16,2
2025-08-30,681347,12,2,0,5.8509765,12.0,9,1
2025-08-30,681517,6,0,0,1.97,6.0,6,0
2025-08-30,681869,8,2,1,2.127786,8.0,4,0
2025-08-30,681895,3,0,0,0.295,3.0,3,0
2025-08-30,682842,3,1,0,0.375,3.0,2,0
2025-08-30,682990,22,3,0,3.867,22.0,19,0
2025-08-30,683175,4,0,0,2.295,4.0,4,1
2025-08-30,683232,3,1,0,0.672,3.0,2,0
2025-08-30,683618,5,1,0,2.0127714285714284,5.0,4,1
2025-08-30,683766,3,0,0,0.625,3.0,3,0
2025-08-30,683769,4,1,1,2.8549344999999997,4.0,2,1
2025-08-30,684320,1,1,0,0.0,1.0,0,0
2025-08-30,685126,5,1,1,2.2270379836065577,5.0,3,1
2025-08-30,685314,6,1,1,2.4210803333333333,6.0,4,0
2025-08-30,685326,22,3,3,8.396026871396895,22.0,14,1
2025-08-30,686752,18,6,3,5.2409455454545455,18.0,9,0
2025-08-30,686826,3,1,0,0.8560000000000001,3.0,2,0
2025-08-30,686930,20,1,0,5.79653,20.0,19,2
2025-08-30,687209,4,3,0,1.195166666666667,4.0,1,1
2025-08-30,687911,2,1,0,0.145,2.0,1,0
2025-08-30,689266,2,1,0,0.398,2.0,1,0
2025-08-30,689690,3,0,0,1.2962127659574465,3.0,3,1
2025-08-30,690953,12,1,1,4.832497,12.0,10,0
2025-08-30,691799,4,1,1,0.7444970000000001,3.0,2,0
2025-08-30,693313,16,2,2,7.65704161904762,16.0,12,3
2025-08-30,693645,24,8,1,6.1003359999999995,24.0,14,1
2025-08-30,694037,3,2,0,0.123,3.0,1,0
2025-08-30,700241,25,0,2,8.549994,25.0,23,0
2025-08-30,806188,5,0,1,3.002211285714286,5.0,4,2
2025-08-30,820862,3,2,0,0.6848333333333332,3.0,1,1
2025-08-31,434378,22,10,4,5.433988,22.0,8,0
2025-08-31,445276,3,0,0,1.002,3.0,3,0
2025-08-31,453286,20,1,0,9.178296452702703,19.0,18,4
2025-08-31,472610,4,2,0,1.3879555555555558,4.0,2,1
2025-08-31,502085,2,0,0,1.0590000000000002,2.0,2,0
2025-08-31,518585,4,2,0,0.112,4.0,2,0
2025-08-31,527048,25,7,2,8.684481813283208,25.0,16,5
2025-08-31,542888,4,0,0,1.676,4.0,4,0
2025-08-31,543859,10,1,1,3.404786,10.0,7,0
2025-08-31,547973,3,2,0,0.016,3.0,1,0
2025-08-31,571510,25,5,1,7.130527975308642,25.0,18,2
2025-08-31,573204,3,0,0,0.84,3.0,3,0
2025-08-31,592155,4,0,3,2.114491,4.0,1,0
2025-08-31,593974,8,1,1,3.3907860000000003,8.0,5,1
2025-08-31,594580,3,1,0,0.74575,3.0,2,0
2025-08-31,594798,18,6,1,3.836497,18.0,11,0
2025-08-31,595014,3,1,0,0.179,3.0,2,0
2025-08-31,595928,4,2,0,2.0382894736842103,4.0,2,1
2025-08-31,605154,3,1,0,0.9723333333333333,3.0,2,0
2025-08-31,605540,27,3,2,8.673928161290323,27.0,21,1
2025-08-31,606160,3,1,0,0.231,3.0,2,0
2025-08-31,606996,7,1,1,2.6450717142857143,7.0,4,1
2025-08-31,607259,1,0,0,0.028,1.0,1,0
2025-08-31,608337,25,6,5,8.08131625,25.0,14,1
2025-08-31,608372,20,4,1,5.870769357723577,19.0,14,2
2025-08-31,608379,20,4,1,6.656878048387097,20.0,15,2
2025-08-31,621051,4,0,1,1.249497,4.0,3,0
2025-08-31,621053,5,0,0,1.77928,5.0,5,1
2025-08-31,621121,12,3,2,4.2263941111111105,12.0,6,1
2025-08-31,621237,5,2,0,1.1405600000000005,4.0,3,1
2025-08-31,621383,4,1,1,0.327,3.0,2,0
2025-08-31,622554,3,1,0,0.34,3.0,2,0
2025-08-31,628452,3,2,0,0.05,3.0,1,0
2025-08-31,640448,3,1,0,0.246,3.0,2,0
2025-08-31,641755,3,1,0,0.018,3.0,2,0
2025-08-31,641941,4,3,0,0.0,3.0,0,0
2025-08-31,642100,3,2,0,0.09,3.0,1,0
2025-08-31,642239,4,0,1,1.023497,4.0,3,0
2025-08-31,645261,27,6,1,6.53081725,27.0,19,1
2025-08-31,656546,5,1,0,2.3057500000000006,5.0,4,1
2025-08-31,656577,8,0,2,4.093994,8.0,6,0
2025-08-31,656605,22,7,1,5.856695090909091,22.0,13,0
2025-08-31,656686,7,1,2,2.952994,7.0,4,0
2025-08-31,656945,7,0,1,2.9466709130434783,7.0,6,1
2025-08-31,657612,4,0,0,2.268606557377049,4.0,4,1
2025-08-31,657746,28,8,1,7.496755064516129,28.0,19,1
2025-08-31,661563,23,7,2,6.408177333333334,23.0,14,2
2025-08-31,662253,3,2,0,0.441,3.0,1,0
2025-08-31,663399,17,4,2,3.756494,17.0,11,0
2025-08-31,663465,7,1,0,2.3141538461538462,7.0,6,0
2025-08-31,663574,3,3,0,0.0,3.0,0,0
2025-08-31,663738,6,1,0,0.952,6.0,5,0
2025-08-31,663893,4,0,0,1.578,4.0,4,0
2025-08-31,663903,25,8,0,5.394244666666666,25.0,15,1
2025-08-31,664126,4,2,0,1.4569999999999999,4.0,2,0
2025-08-31,664192,5,0,1,1.4437470000000001,5.0,4,0
2025-08-31,664199,4,0,0,2.235289,4.0,3,0
2025-08-31,664208,5,2,1,1.810497,5.0,2,0
2025-08-31,664294,4,1,1,1.5004970000000002,4.0,2,0
2025-08-31,665660,6,1,2,2.309994,6.0,3,0
2025-08-31,666200,23,7,1,4.038497,23.0,15,0
2025-08-31,666374,3,1,0,0.545,3.0,2,0
2025-08-31,666974,5,0,1,1.5614970000000001,5.0,4,0
2025-08-31,667297,4,1,0,1.742,4.0,3,0
2025-08-31,667755,24,8,3,4.526491,24.0,13,0
2025-08-31,668964,10,1,0,2.615,10.0,9,0
2025-08-31,669093,4,2,1,1.4804970000000002,4.0,1,0
2025-08-31,669372,25,7,2,7.928855111111111,25.0,16,2
2025-08-31,669373,26,4,2,6.973244,26.0,20,0
2025-08-31,669467,25,6,4,7.000303789473684,24.0,14,1
2025-08-31,669674,6,2,1,2.220786,6.0,2,0
2025-08-31,669704,6,1,1,1.568497,6.0,4,0
2025-08-31,670036,3,0,1,0.297,2.0,2,0
2025-08-31,670059,7,0,1,2.039497,7.0,6,0
2025-08-31,670955,6,3,0,1.297,6.0,3,0
2025-08-31,670990,3,1,0,0.134,3.0,2,0
2025-08-31,673513,9,3,1,1.267497,9.0,5,0
2025-08-31,673540,22,6,2,5.997994,22.0,14,1
2025-08-31,674384,8,3,3,2.236491,8.0,2,0
2025-08-31,675848,3,2,0,0.041,3.0,1,0
2025-08-31,676206,4,1,1,1.3394970000000002,4.0,2,0
2025-08-31,676440,27,4,2,7.776851965517241,27.0,20,1
2025-08-31,676477,6,2,1,1.752497,6.0,3,0
2025-08-31,676534,4,2,0,1.427,4.0,2,0
2025-08-31,676571,6,1,0,1.658,6.0,5,0
2025-08-31,676961,5,1,0,2.3289999999999997,5.0,4,0
2025-08-31,677955,3,1,0,0.224,3.0,2,0
2025-08-31,678024,3,1,0,0.5526666666666666,3.0,2,0
2025-08-31,678606,3,1,0,0.158,3.0,2,0
2025-08-31,678821,5,0,1,3.205675571428571,5.0,4,1
2025-08-31,680742,4,2,1,0.7354970000000001,4.0,1,0
2025-08-31,681168,6,2,0,0.825,6.0,4,0
2025-08-31,682243,21,3,1,6.124892061728395,21.0,17,1
2025-08-31,682254,4,3,1,0.691497,4.0,0,0
2025-08-31,682790,3,2,0,0.426,3.0,1,0
2025-08-31,683409,1,0,0,0.002,1.0,1,0
2025-08-31,685299,24,9,1,7.114773053215077,24.0,14,2
2025-08-31,686580,4,2,0,2.498,4.0,2,1
2025-08-31,686613,24,5,3,6.087411400943396,24.0,16,2
2025-08-31,686973,5,3,0,0.23299999999999998,5.0,2,0
2025-08-31,687377,4,2,0,0.08800000000000001,4.0,2,0
2025-08-31,687863,7,2,2,2.770994,7.0,3,0
2025-08-31,688158,7,2,0,1.8371666666666668,7.0,5,1
2025-08-31,689147,3,0,2,1.431994,3.0,1,0
2025-08-31,689266,2,0,0,1.830464285714286,2.0,2,1
2025-08-31,690925,3,2,0,0.002,3.0,1,0
2025-08-31,693855,21,8,1,5.325497,21.0,12,0
2025-08-31,694037,2,0,0,1.1280000000000001,2.0,2,0
2025-08-31,694297,22,5,1,9.253690548387096,22.0,16,1
2025-08-31,694462,25,9,4,6.089491,24.0,12,0
2025-08-31,695243,3,1,0,0.67,3.0,2,0
2025-08-31,695418,16,3,2,6.820751575757575,16.0,11,1
2025-08-31,700669,9,3,1,2.865497,9.0,5,0
2025-08-31,701552,5,2,0,0.9392857142857144,5.0,3,1
2025-08-31,702352,14,0,1,7.347182714285715,14.0,13,2
2025-08-31,805123,3,1,0,1.1634358974358976,3.0,2,1
2025-08-31,805299,9,3,1,2.598497,9.0,5,0
2025-08-31,808967,25,10,0,4.701,25.0,15,0
2025-08-31,829272,3,2,0,0.313,3.0,1,0
2025-09-01,450203,20,3,4,8.81070557142857,19.0,12,2
2025-09-01,455119,3,1,0,0.896,3.0,2,0
2025-09-01,458677,3,0,0,0.274,3.0,3,0
2025-09-01,502085,7,2,2,3.317260666666667,7.0,3,0
2025-09-01,518886,5,2,0,1.694,5.0,3,0
2025-09-01,542888,3,2,0,0.218,3.0,1,0
2025-09-01,543243,31,5,3,13.366270870649926,29.0,22,5
2025-09-01,543518,8,3,0,1.075,8.0,5,0
2025-09-01,547973,3,1,0,0.623,3.0,2,0
2025-09-01,548384,4,0,0,1.6648888888888889,4.0,4,0
2025-09-01,552640,3,2,0,0.0,2.0,1,0
2025-09-01,571578,23,5,1,10.278328966279334,23.0,17,4
2025-09-01,571927,6,1,0,3.0066037735849056,6.0,5,1
2025-09-01,571946,2,0,0,1.536833333333333,2.0,2,1
2025-09-01,572955,5,1,0,2.0632777777777775,5.0,4,1
2025-09-01,573124,7,2,0,2.7701025641025643,7.0,5,1
2025-09-01,579328,26,6,2,9.833672492239469,26.0,18,3
2025-09-01,592094,5,1,0,1.233,5.0,4,0
2025-09-01,592155,5,3,1,1.5887075263157895,5.0,1,1
2025-09-01,592773,3,0,1,1.7288779523809525,3.0,2,1
2025-09-01,592836,21,2,2,10.036250991327137,21.0,17,4
2025-09-01,596001,5,1,0,1.0310000000000001,5.0,4,0
2025-09-01,605130,2,0,0,0.193,2.0,2,0
2025-09-01,605135,25,6,2,6.565522229665072,25.0,17,2
2025-09-01,605154,7,2,0,1.875,7.0,5,0
2025-09-01,606160,3,1,1,0.7554970000000001,3.0,1,0
2025-09-01,606996,3,1,0,0.30200000000000005,3.0,2,0
2025-09-01,607067,19,3,3,7.03003,19.0,12,1
2025-09-01,608650,11,1,1,2.333497,10.0,9,0
2025-09-01,621051,2,0,0,0.099,2.0,2,0
2025-09-01,621237,3,0,1,0.773497,3.0,2,0
2025-09-01,621242,4,2,0,0.47400000000000003,4.0,2,0
2025-09-01,621381,5,2,1,1.548497,5.0,2,0
2025-09-01,622491,18,5,1,6.570986064327485,18.0,12,2
2025-09-01,623437,6,0,0,2.9868293233082706,6.0,6,2
2025-09-01,640455,20,6,1,9.629014543859649,20.0,13,2
2025-09-01,641302,7,1,0,1.3379999999999999,7.0,6,0
2025-09-01,641745,5,2,2,1.988994,5.0,1,0
2025-09-01,641835,3,1,0,0.351,3.0,2,0
2025-09-01,641927,22,3,2,6.8529209230769235,22.0,17,1
2025-09-01,641941,4,0,0,3.037735632183908,4.0,4,2
2025-09-01,642016,3,0,1,0.8924970000000001,3.0,2,0
2025-09-01,642048,5,0,0,2.644178571428572,5.0,5,1
2025-09-01,642239,4,0,1,1.570497,4.0,3,0
2025-09-01,642397,4,1,0,1.2369999999999999,4.0,3,0
2025-09-01,643511,4,1,0,0.587,4.0,3,0
2025-09-01,650644,11,4,0,2.822539,11.0,6,0
2025-09-01,650893,5,1,0,0.729,5.0,4,0
2025-09-01,656222,1,0,0,0.018,1.0,1,0
2025-09-01,656271,6,1,0,2.3498529411764704,6.0,5,1
2025-09-01,656302,18,7,2,3.7269940000000004,18.0,9,0
2025-09-01,656848,5,1,1,2.1300121515151513,5.0,3,1
2025-09-01,657044,3,0,0,0.607,3.0,3,0
2025-09-01,657097,8,2,0,1.15,8.0,6,0
2025-09-01,657649,4,2,0,0.387,4.0,2,0
2025-09-01,661395,3,0,0,0.45199999999999996,3.0,3,0
2025-09-01,661527,4,0,0,1.533,4.0,4,1
2025-09-01,663158,6,3,0,1.2349999999999999,6.0,3,0
2025-09-01,663455,4,3,0,0.97475,4.0,1,1
2025-09-01,663574,3,0,1,1.012497,3.0,2,0
2025-09-01,663765,4,1,1,1.6134970000000002,4.0,2,0
2025-09-01,663893,2,0,0,1.182,2.0,2,0
2025-09-01,664076,4,3,0,0.467,4.0,1,0
2025-09-01,664854,4,0,0,1.403,4.0,4,0
2025-09-01,666171,4,2,1,1.0414970000000001,4.0,1,0
2025-09-01,666277,5,2,0,0.592,5.0,3,0
2025-09-01,666711,6,1,0,1.54603125,6.0,5,1
2025-09-01,667297,3,0,0,1.311,3.0,3,0
2025-09-01,668881,24,7,1,7.785840093093093,24.0,16,3
2025-09-01,669020,7,1,0,3.302,7.0,6,0
2025-09-01,669194,23,7,1,6.668113883116883,23.0,15,2
2025-09-01,669199,8,2,0,2.8613500000000003,8.0,6,1
2025-09-01,669211,4,1,0,0.451,4.0,3,0
2025-09-01,669276,3,2,0,0.441,3.0,1,0
2025-09-01,669358,23,6,2,4.667994,23.0,15,0
2025-09-01,669371,3,0,0,0.947,3.0,3,0
2025-09-01,669711,1,0,0,0.005,1.0,1,0
2025-09-01,669724,3,1,0,0.40800000000000003,3.0,2,0
2025-09-01,670036,1,1,0,0.0,1.0,0,0
2025-09-01,670329,5,2,0,0.741,5.0,3,0
2025-09-01,670970,7,1,0,4.062153846153846,7.0,6,1
2025-09-01,672391,4,2,0,0.632,4.0,2,0
2025-09-01,672841,7,1,0,2.854,7.0,6,0
2025-09-01,673929,4,2,0,0.3783333333333333,4.0,2,0
2025-09-01,674841,19,4,2,3.408994,19.0,13,0
2025-09-01,675512,11,3,2,3.1069940000000003,10.0,6,0
2025-09-01,675911,22,1,3,10.495840345459557,22.0,18,2
2025-09-01,676106,7,2,0,2.793142857142857,7.0,5,1
2025-09-01,676702,5,0,0,1.525,5.0,5,0
2025-09-01,676775,7,1,0,0.578,7.0,6,0
2025-09-01,676879,2,1,0,0.102,2.0,1,0
2025-09-01,677651,21,6,0,4.708060273790537,21.0,15,3
2025-09-01,678394,24,4,3,10.078491,24.0,17,0
2025-09-01,678606,4,1,1,0.927497,4.0,2,0
2025-09-01,678906,24,8,0,6.104,24.0,16,0
2025-09-01,679775,3,0,0,1.962,3.0,3,0
2025-09-01,680694,17,5,2,4.807994,17.0,10,0
2025-09-01,681217,4,0,2,0.9854970000000001,3.0,2,0
2025-09-01,681676,7,0,0,2.42,7.0,7,0
2025-09-01,681870,6,1,2,2.715283,6.0,2,0
2025-09-01,681892,5,1,1,1.547497,5.0,3,0
2025-09-01,682790,7,1,1,2.273497,7.0,5,0
2025-09-01,682842,6,1,2,2.118994,6.0,3,0
2025-09-01,683232,6,0,0,2.329552157894737,6.0,5,0
2025-09-01,683627,12,3,1,3.2109414444444444,12.0,8,0
2025-09-01,684320,8,2,0,2.077,8.0,6,0
2025-09-01,685126,6,0,0,3.4770187499999996,6.0,6,2
2025-09-01,685314,3,1,0,0.766,3.0,2,0
2025-09-01,686228,4,1,1,1.333497,4.0,2,0
2025-09-01,686642,9,2,3,3.047491,9.0,4,0
2025-09-01,686993,6,1,0,1.774289,6.0,4,0
2025-09-01,687003,9,1,0,3.6845244755244755,9.0,8,1
2025-09-01,687849,9,1,1,1.949497,9.0,7,0
2025-09-01,687911,4,0,0,2.388,4.0,4,0
2025-09-01,688297,7,1,0,1.7713333333333334,7.0,6,0
2025-09-01,690925,3,2,0,0.042,3.0,1,0
2025-09-01,691172,2,0,0,0.279,2.0,2,0
2025-09-01,694819,19,4,1,5.902057,19.0,14,1
2025-09-01,701519,3,0,0,0.313,3.0,3,0
2025-09-01,800048,21,2,2,7.1616410588235295,21.0,17,1
2025-09-01,801403,22,2,3,7.655615218487395,22.0,15,1
2025-09-01,805427,6,1,0,1.6362889999999999,6.0,4,0
2025-09-01,806188,6,2,0,1.064,6.0,4,0
2025-09-01,806960,23,8,1,5.730019727272727,23.0,14,2
2025-09-02,445276,4,2,1,1.112497,4.0,1,0
2025-09-02,472610,3,0,0,0.7735000000000001,3.0,3,0
2025-09-02,477132,22,3,4,7.13524606451613,22.0,15,1
2025-09-02,489446,5,1,1,2.9106636666666668,5.0,3,1
2025-09-02,506433,21,6,2,5.836414105263158,20.0,10,0
2025-09-02,519141,4,1,0,0.573,4.0,3,0
2025-09-02,544150,6,1,0,1.736289,6.0,4,0
2025-09-02,547179,23,5,1,7.828786,23.0,16,1
2025-09-02,547184,2,0,0,1.9150344827586208,2.0,2,1
2025-09-02,571945,23,0,1,7.833222222222223,22.0,22,2
2025-09-02,571948,5,0,0,2.786,5.0,5,1
2025-09-02,573204,3,1,0,0.118,3.0,2,0
2025-09-02,592426,3,2,0,0.266,3.0,1,0
2025-09-02,592454,1,0,0,0.039,1.0,1,0
2025-09-02,592773,3,0,0,1.087,3.0,3,0
2025-09-02,593974,4,1,0,0.46900000000000003,4.0,3,0
2025-09-02,595014,3,2,0,0.304,3.0,1,0
2025-09-02,595345,5,1,1,2.6012747777777774,5.0,3,1
2025-09-02,605130,7,1,3,4.446665829760404,7.0,3,1
2025-09-02,607455,2,0,0,0.372,2.0,2,0
2025-09-02,607536,2,0,0,1.246,2.0,2,0
2025-09-02,608331,28,5,3,6.477973548387097,28.0,19,1
2025-09-02,608718,13,4,0,5.234826717601547,13.0,8,2
2025-09-02,621112,6,4,0,0.679,6.0,2,0
2025-09-02,621139,5,2,2,1.864994,5.0,1,0
2025-09-02,621244,14,2,2,6.6042697352941175,13.0,9,2
2025-09-02,622253,4,1,0,1.46,4.0,3,0
2025-09-02,622503,24,3,1,5.935497,24.0,20,0
2025-09-02,622554,5,2,0,0.786,5.0,3,0
2025-09-02,622608,19,1,0,9.296909307359307,19.0,18,3
2025-09-02,622663,16,4,1,4.533189307692308,16.0,11,0
2025-09-02,623474,4,1,0,0.294,4.0,3,0
2025-09-02,641329,3,1,0,0.314,3.0,2,0
2025-09-02,641672,16,3,1,6.261225070175438,16.0,12,2
2025-09-02,641778,12,2,0,4.3985,11.0,9,0
2025-09-02,642100,5,2,1,1.286497,5.0,2,0
2025-09-02,642701,5,0,1,3.311562972222222,5.0,4,2
2025-09-02,643361,12,1,2,5.846244,12.0,9,0
2025-09-02,643377,3,0,2,1.868994,3.0,1,0
2025-09-02,656222,4,0,2,1.660994,4.0,2,0
2025-09-02,656546,4,1,0,0.258,4.0,3,0
2025-09-02,656629,3,1,1,1.408497,3.0,1,0
2025-09-02,656641,22,1,2,9.33317464516129,21.0,18,1
2025-09-02,656794,7,1,0,1.4589090909090907,7.0,6,0
2025-09-02,656876,19,2,0,6.9331259018759015,19.0,17,4
2025-09-02,657277,22,7,2,5.876994000000001,22.0,13,0
2025-09-02,657514,3,0,0,0.723,3.0,3,0
2025-09-02,657571,3,0,1,2.009786,3.0,1,0
2025-09-02,660825,2,0,0,1.9413636363636362,2.0,2,1
2025-09-02,660853,7,2,0,0.8160000000000001,7.0,5,0
2025-09-02,663436,26,4,3,8.381692219512196,26.0,19,2
2025-09-02,663455,4,0,2,2.6557394545454547,4.0,2,1
2025-09-02,663542,4,2,0,1.137060606060606,4.0,2,1
2025-09-02,663562,7,3,0,2.841115086956522,7.0,3,1
2025-09-02,663671,3,1,0,1.359,3.0,2,0
2025-09-02,663687,3,0,1,0.934497,2.0,2,0
2025-09-02,663978,13,1,0,6.970358974358975,13.0,12,3
2025-09-02,664076,3,0,0,0.798,3.0,3,0
2025-09-02,664192,3,0,0,0.238,3.0,3,0
2025-09-02,664285,24,8,1,7.918713577540107,24.0,15,1
2025-09-02,664294,3,2,0,0.007,3.0,1,0
2025-09-02,665665,8,2,1,1.7552285714285716,7.0,5,1
2025-09-02,666214,20,8,1,6.018467149253731,20.0,11,1
2025-09-02,668670,3,0,0,0.736,3.0,3,0
2025-09-02,668941,3,1,0,0.516,3.0,2,0
2025-09-02,669060,6,1,0,2.0652100840336134,6.0,5,2
2025-09-02,669330,20,4,0,5.07599667405765,20.0,16,3
2025-09-02,669371,4,1,1,0.807497,4.0,2,0
2025-09-02,669387,8,1,1,2.890497,8.0,6,0
2025-09-02,669704,4,0,3,2.191491,4.0,1,0
2025-09-02,669724,4,0,0,1.8312127659574466,4.0,4,1
2025-09-02,670167,5,1,0,2.9215287081339705,5.0,4,2
2025-09-02,670329,2,1,0,0.135,2.0,1,0
2025-09-02,670955,6,0,3,2.5644910000000003,5.0,3,0
2025-09-02,671131,1,0,0,0.08,1.0,1,0
2025-09-02,671922,4,0,0,2.2439999999999998,4.0,4,0
2025-09-02,672282,4,0,0,1.879,4.0,4,0
2025-09-02,672841,1,1,0,0.0,1.0,0,0
2025-09-02,673513,3,1,0,0.017,3.0,2,0
2025-09-02,676130,9,2,1,4.0174970000000005,9.0,6,1
2025-09-02,676206,8,4,1,1.6641636666666666,8.0,3,0
2025-09-02,676254,3,1,0,0.8420000000000001,3.0,2,0
2025-09-02,676477,4,1,0,0.872,4.0,3,0
2025-09-02,676571,4,3,0,0.199,4.0,1,0
2025-09-02,676755,6,0,0,2.194,6.0,6,0
2025-09-02,676917,20,6,1,4.664786,20.0,12,0
2025-09-02,676961,4,2,0,1.2890000000000001,4.0,2,0
2025-09-02,676979,26,4,0,9.348788273646907,26.0,22,3
2025-09-02,677944,26,8,0,9.86043429038282,26.0,18,4
2025-09-02,677955,8,3,0,1.577,8.0,5,0
2025-09-02,678606,3,1,0,1.17840625,3.0,2,1
2025-09-02,679883,9,2,0,2.947771428571428,9.0,7,1
2025-09-02,680573,21,7,3,6.996379157436433,21.0,11,2
2025-09-02,681168,3,1,0,0.40900000000000003,3.0,2,0
2025-09-02,681869,4,0,0,1.062,4.0,4,0
2025-09-02,682120,3,1,0,0.82,3.0,2,0
2025-09-02,683175,7,2,0,2.336342105263158,7.0,5,1
2025-09-02,683409,9,3,1,3.6726389411764706,9.0,4,1
2025-09-02,683618,4,0,2,1.8299940000000001,4.0,2,0
2025-09-02,683769,4,1,0,0.539,4.0,3,0
2025-09-02,684007,22,2,1,9.524926289687633,22.0,19,3
2025-09-02,686580,4,1,0,1.079,4.0,3,0
2025-09-02,686973,5,1,0,1.0878,5.0,4,0
2025-09-02,687209,6,1,0,2.057,6.0,5,0
2025-09-02,687330,4,2,0,0.26,4.0,2,0
2025-09-02,687830,19,3,2,8.775933393939393,19.0,14,2
2025-09-02,687849,1,0,0,0.546,1.0,1,0
2025-09-02,688158,7,2,1,0.933,5.0,3,0
2025-09-02,688497,9,2,0,1.6880000000000002,9.0,7,0
2025-09-02,689266,3,0,0,0.338,3.0,3,0
2025-09-02,689690,9,1,2,3.117994,9.0,6,0
2025-09-02,690544,6,0,0,2.5340000000000003,5.0,5,0
2025-09-02,690997,22,7,3,4.884491,22.0,12,0
2025-09-02,691172,2,0,1,1.271497,2.0,1,0
2025-09-02,691548,7,1,2,1.6479940000000002,7.0,4,0
2025-09-02,693433,22,3,3,7.212646172413794,22.0,16,1
2025-09-02,694037,5,1,0,0.5289999999999999,5.0,4,0
2025-09-02,694335,7,2,1,2.2179087647058826,7.0,4,1
2025-09-02,696149,18,3,0,7.976606060606061,17.0,14,2
2025-09-02,800049,29,5,0,9.0802,29.0,24,1
2025-09-02,802686,3,0,0,1.335,3.0,3,0
2025-09-02,805123,4,2,0,0.462,4.0,2,0
2025-09-02,815083,19,3,2,5.018994,19.0,14,0
2025-09-02,820862,3,0,1,1.839448219512195,3.0,2,1
2025-09-03,455119,1,0,0,0.287,1.0,1,0
2025-09-03,500779,27,6,3,9.2921785,27.0,18,2
2025-09-03,518585,5,1,0,1.879,5.0,4,0
2025-09-03,519141,5,1,0,3.235175,5.0,4,1
2025-09-03,571927,5,0,0,1.5381176470588236,5.0,5,0
2025-09-03,573124,5,1,0,2.5177192982456145,5.0,4,1
2025-09-03,592454,6,0,2,3.6201368571428567,6.0,4,1
2025-09-03,592662,22,8,1,5.888786,22.0,12,0
2025-09-03,595345,5,2,0,1.5842631578947368,5.0,3,0
2025-09-03,595928,1,0,0,0.18,1.0,1,0
2025-09-03,596001,7,2,0,2.0170000000000003,7.0,5,0
2025-09-03,596112,5,0,0,2.33,5.0,5,0
2025-09-03,596133,6,1,1,3.378354142857143,6.0,4,0
2025-09-03,605177,4,2,1,0.716497,4.0,1,0
2025-09-03,605280,21,6,3,7.91389725,21.0,11,1
2025-09-03,605288,26,8,1,5.854897111111111,26.0,16,1
2025-09-03,605400,24,6,2,7.372644111111111,24.0,15,1
2025-09-03,605488,22,4,1,7.1797255714285715,22.0,17,2
2025-09-03,606160,4,1,1,1.078497,4.0,2,0
2025-09-03,606996,3,1,0,0.18,3.0,2,0
2025-09-03,607259,10,1,1,3.875,8.0,8,1
2025-09-03,608566,24,2,3,7.992774612440191,24.0,19,1
2025-09-03,621053,6,0,2,1.6904970000000001,5.0,4,0
2025-09-03,621366,3,1,1,1.529497,3.0,1,0
2025-09-03,623437,4,1,0,1.8434999999999997,4.0,3,1
2025-09-03,628452,5,1,2,2.209994,5.0,2,0
2025-09-03,641482,17,2,3,10.892111999046932,17.0,12,4
2025-09-03,641755,3,2,0,0.005,3.0,1,0
2025-09-03,641793,20,6,1,7.405573112440192,20.0,13,2
2025-09-03,642048,12,4,0,2.6285000000000003,12.0,8,0
2025-09-03,642152,3,0,1,1.320497,3.0,2,0
2025-09-03,642207,6,2,3,2.7424910000000002,6.0,1,0
2025-09-03,642397,6,1,0,1.8886486486486485,6.0,5,1
2025-09-03,642701,3,2,0,0.145,3.0,1,0
2025-09-03,650556,6,2,0,2.2871214285714285,6.0,4,1
2025-09-03,656271,3,0,0,0.7549999999999999,3.0,3,0
2025-09-03,656546,3,1,0,0.027999999999999997,3.0,2,0
2025-09-03,656848,4,2,0,0.8,4.0,2,0
2025-09-03,657044,3,0,1,0.833497,3.0,2,0
2025-09-03,657514,4,0,1,1.399497,4.0,3,0
2025-09-03,657649,4,1,0,1.095289,4.0,2,0
2025-09-03,660825,5,2,0,0.46799999999999997,5.0,3,0
2025-09-03,663158,3,1,0,0.375,3.0,2,0
2025-09-03,663485,6,4,0,0.8160000000000001,6.0,2,0
2025-09-03,663554,19,3,0,5.2457362804878045,19.0,16,2
2025-09-03,663765,4,1,1,1.0454970000000001,4.0,2,0
2025-09-03,663795,4,0,0,0.667,4.0,4,0
2025-09-03,663855,5,1,0,3.0274,5.0,4,1
2025-09-03,663893,1,1,0,0.0,1.0,0,0
2025-09-03,663947,3,0,1,1.5044970000000002,3.0,2,1
2025-09-03,663969,4,1,1,1.717497,4.0,2,0
2025-09-03,664141,11,2,1,2.510497,11.0,8,0
2025-09-03,664199,3,0,0,0.145,3.0,3,0
2025-09-03,664854,6,2,1,2.780836285714285,6.0,3,1
2025-09-03,665660,4,1,0,1.0561875000000003,4.0,3,0
2025-09-03,666168,5,1,1,1.363497,5.0,3,0
2025-09-03,666277,5,2,1,1.096497,5.0,2,0
2025-09-03,666711,4,0,0,0.6880000000000001,4.0,4,0
2025-09-03,666808,2,0,0,0.863,2.0,2,0
2025-09-03,666974,3,2,0,0.096,3.0,1,0
2025-09-03,667297,3,0,0,0.662,3.0,3,0
2025-09-03,668674,6,1,1,2.162497,6.0,4,1
2025-09-03,668678,24,5,1,6.012872,24.0,18,0
2025-09-03,668941,6,1,0,2.3000000000000003,6.0,5,0
2025-09-03,669093,4,2,1,0.773497,4.0,1,0
2025-09-03,669160,13,1,2,5.476994,13.0,10,0
2025-09-03,669211,7,2,0,2.570568965517241,7.0,5,1
2025-09-03,669308,13,3,4,4.211988,13.0,6,0
2025-09-03,669438,6,1,1,1.3034970000000001,6.0,4,0
2025-09-03,669456,24,6,2,7.057815428571429,24.0,16,2
2025-09-03,669461,21,7,1,4.786497,21.0,13,0
2025-09-03,669920,23,6,2,7.150194,23.0,15,1
2025-09-03,669923,17,1,0,8.475003285714285,17.0,15,1
2025-09-03,670167,5,1,0,2.3044861111111112,5.0,4,1
2025-09-03,671131,4,0,0,0.7,3.0,3,0
2025-09-03,672282,3,2,0,0.622,3.0,1,0
2025-09-03,672391,3,0,0,0.29100000000000004,3.0,3,0
2025-09-03,672782,22,5,1,6.173812789473684,22.0,16,1
2025-09-03,673929,5,0,1,2.683497,5.0,4,0
2025-09-03,675848,7,2,0,3.2324134038800705,7.0,5,2
2025-09-03,676106,9,0,1,4.341497,9.0,8,0
2025-09-03,676254,3,1,0,0.633,3.0,2,0
2025-09-03,676282,25,7,2,7.7043949661835756,25.0,16,2
2025-09-03,676395,5,2,0,0.26,5.0,3,0
2025-09-03,676508,6,0,0,1.9768260869565217,6.0,6,0
2025-09-03,676571,4,0,0,1.277,4.0,4,0
2025-09-03,676661,3,0,1,1.168497,3.0,2,0
2025-09-03,676684,6,0,1,1.451497,6.0,5,0
2025-09-03,676755,3,1,0,0.09,3.0,2,0
2025-09-03,676879,4,1,1,1.071497,4.0,2,0
2025-09-03,676962,7,3,2,3.091994,7.0,2,1
2025-09-03,677161,14,4,0,2.537,14.0,10,0
2025-09-03,677952,15,4,4,4.902988000000001,14.0,6,0
2025-09-03,678024,6,1,1,1.8014970000000001,6.0,4,0
2025-09-03,678215,5,1,0,2.761258064516129,5.0,4,2
2025-09-03,678821,5,0,2,2.830994,5.0,3,0
2025-09-03,680689,7,0,1,3.933268428571428,7.0,6,1
2025-09-03,680730,23,4,1,9.669416560928433,23.0,17,2
2025-09-03,680736,7,2,0,2.211289,7.0,4,0
2025-09-03,680742,3,1,0,0.744,3.0,2,0
2025-09-03,680767,3,0,0,0.14500000000000002,3.0,3,0
2025-09-03,681347,11,2,1,3.5191456486486485,11.0,8,2
2025-09-03,681517,10,2,1,4.351626790940766,10.0,7,2
2025-09-03,681869,4,3,0,0.865,4.0,1,0
2025-09-03,681870,4,1,0,1.2303333333333333,4.0,3,0
2025-09-03,681892,3,0,1,1.594497,3.0,2,0
2025-09-03,681895,5,0,1,1.283497,5.0,4,0
2025-09-03,682842,3,1,0,0.603,3.0,2,0
2025-09-03,683004,23,8,3,5.520491,23.0,12,0
2025-09-03,683409,3,2,0,0.002,3.0,1,0
2025-09-03,685126,3,1,1,1.094497,3.0,1,0
2025-09-03,685314,4,1,0,0.83,4.0,3,0
2025-09-03,686218,21,6,2,8.278951285759797,21.0,13,3
2025-09-03,686701,19,6,3,5.119703765957446,19.0,10,1
2025-09-03,686973,6,2,0,2.5483157894736843,6.0,4,1
2025-09-03,687209,6,2,1,2.781497,6.0,3,0
2025-09-03,687863,3,1,0,0.677,3.0,2,0
2025-09-03,687911,3,0,0,0.104,3.0,3,0
2025-09-03,689147,3,2,0,0.013,3.0,1,0
2025-09-03,690990,16,6,1,3.938530898305084,16.0,9,1
2025-09-03,691172,7,2,1,2.104497,7.0,4,0
2025-09-03,691587,20,2,1,8.467732859925515,20.0,17,2
2025-09-03,691799,5,2,0,1.24,5.0,3,0
2025-09-03,693821,24,6,0,6.106111111111112,24.0,18,0
2025-09-03,695243,3,3,0,0.0,3.0,0,0
2025-09-03,700249,24,3,3,9.399074333333333,24.0,18,1
2025-09-03,701542,19,4,0,7.556628477905074,19.0,15,4
2025-09-03,702674,18,4,1,4.800014571428572,17.0,12,1
2025-09-03,805673,23,5,2,5.358917710792132,23.0,16,1
2025-09-03,829272,3,2,0,0.053,3.0,1,0
2025-09-04,489446,3,3,0,0.0,3.0,0,0
2025-09-04,502085,3,1,0,0.338,3.0,2,0
2025-09-04,518585,5,3,0,0.719,5.0,2,0
2025-09-04,518886,3,1,1,0.704497,3.0,1,0
2025-09-04,543294,22,0,3,7.614833420212767,22.0,19,2
2025-09-04,543859,3,1,0,0.736,3.0,2,0
2025-09-04,596133,5,2,0,1.902116883116883,5.0,3,2
2025-09-04,605483,26,6,3,7.419994,25.0,17,0
2025-09-04,606303,5,1,0,2.157,5.0,4,0
2025-09-04,607074,25,3,2,6.265810136495084,24.0,19,2
2025-09-04,608032,4,2,0,0.943,4.0,2,1
2025-09-04,621051,5,0,0,1.5036153846153846,5.0,5,0
2025-09-04,621381,4,1,0,0.914,4.0,3,0
2025-09-04,624133,25,4,2,6.924572947368421,24.0,18,1
2025-09-04,641302,11,1,0,4.844048780487806,11.0,10,1
2025-09-04,641329,4,1,0,1.7309999999999999,4.0,3,0
2025-09-04,642239,4,2,0,0.28500000000000003,4.0,2,0
2025-09-04,642547,20,8,3,3.474491,20.0,9,0
2025-09-04,650893,5,0,0,1.1422889999999999,5.0,4,0
2025-09-04,660853,6,1,1,0.959497,6.0,4,0
2025-09-04,661395,3,1,0,1.344258064516129,3.0,2,1
2025-09-04,663465,7,2,0,1.3719999999999999,7.0,5,0
2025-09-04,663562,7,0,0,4.475289,7.0,6,1
2025-09-04,664076,4,3,0,0.722289,4.0,0,0
2025-09-04,664126,5,1,0,1.9814025974025975,5.0,4,1
2025-09-04,664294,5,1,0,2.801474999999999,5.0,4,1
2025-09-04,664299,22,4,3,9.90697988888889,22.0,15,2
2025-09-04,666171,4,1,0,1.1442307692307692,4.0,3,1
2025-09-04,668674,3,2,0,0.014,3.0,1,0
2025-09-04,668964,4,1,0,1.515,4.0,3,0
2025-09-04,670036,4,1,0,0.644,3.0,3,0
2025-09-04,670059,3,1,0,0.487,3.0,2,0
2025-09-04,670280,7,2,1,3.4554970000000003,7.0,4,0
2025-09-04,670955,3,2,0,0.054,3.0,1,0
2025-09-04,670990,6,2,0,1.526,6.0,4,0
2025-09-04,671106,24,4,2,6.534194,24.0,18,0
2025-09-04,671737,23,7,1,6.817232714285714,23.0,15,3
2025-09-04,672391,7,1,2,3.3409155686274516,7.0,4,1
2025-09-04,676263,3,1,0,0.611,3.0,2,0
2025-09-04,676879,4,1,1,0.815497,4.0,2,0
2025-09-04,680742,6,2,1,1.004497,6.0,3,0
2025-09-04,681151,4,1,0,0.6825714285714286,4.0,3,1
2025-09-04,681895,1,0,0,0.014,1.0,1,0
2025-09-04,682790,4,2,1,1.192497,4.0,1,0
2025-09-04,683618,3,1,0,0.425,3.0,2,0
2025-09-04,686563,14,2,2,5.009994,14.0,10,0
2025-09-04,686642,6,2,1,1.8114970000000001,6.0,3,0
2025-09-04,686752,18,6,2,4.2373455,17.0,8,1
2025-09-04,691799,4,1,0,0.835,4.0,3,0
2025-09-04,694973,21,8,1,4.357119857142857,21.0,12,1
2025-09-04,701519,7,2,0,4.550288999999999,7.0,4,1
2025-09-04,702070,22,5,5,8.761235000000001,22.0,12,1
2025-09-04,820862,4,2,0,1.3747272727272732,4.0,2,1
2025-09-05,455119,5,1,0,1.5415600000000005,5.0,4,1
2025-09-05,518876,27,7,1,5.839497,27.0,19,0
2025-09-05,518886,3,1,1,0.8924970000000001,3.0,1,0
2025-09-05,519242,25,9,0,5.832955666666667,24.0,14,0
2025-09-05,542888,4,0,0,0.159,4.0,4,0
2025-09-05,547184,3,3,0,0.0,3.0,0,0
2025-09-05,548384,3,2,0,0.038,3.0,1,0
2025-09-05,552640,3,1,0,0.324,3.0,2,0
2025-09-05,570632,18,6,0,4.914442260442261,18.0,12,2
2025-09-05,573124,4,1,0,1.255,4.0,3,0
2025-09-05,573204,3,1,0,0.7989999999999999,3.0,2,0
2025-09-05,592332,29,5,1,9.162798587301587,29.0,23,2
2025-09-05,592773,3,2,1,0.691497,3.0,0,0
2025-09-05,593958,23,4,2,8.686004835913312,23.0,17,2
2025-09-05,595014,3,1,0,0.946,3.0,2,0
2025-09-05,595345,4,2,0,0.047999999999999994,4.0,2,0
2025-09-05,601713,26,5,2,8.944466222222221,26.0,19,1
2025-09-05,605177,5,2,1,2.634675571428572,5.0,2,1
2025-09-05,607259,8,1,1,2.861497,8.0,6,0
2025-09-05,607455,4,0,2,1.414994,4.0,2,0
2025-09-05,607536,26,10,0,4.706675675675676,26.0,16,1
2025-09-05,608032,4,0,1,1.608497,4.0,3,0
2025-09-05,608379,23,5,2,6.025933393939393,23.0,16,1
2025-09-05,608650,10,1,3,4.712066000000001,10.0,6,1
2025-09-05,621121,2,0,1,0.900497,2.0,1,0
2025-09-05,621242,6,2,2,2.1959940000000002,6.0,2,0
2025-09-05,621383,5,1,0,1.623657894736842,5.0,4,1
2025-09-05,623437,4,0,0,0.326,4.0,4,0
2025-09-05,628452,3,1,0,1.3022857142857145,3.0,2,1
2025-09-05,641154,25,4,1,10.665830984187666,25.0,20,3
2025-09-05,641755,3,0,0,0.631,3.0,3,0
2025-09-05,641835,3,0,0,0.8250000000000001,3.0,3,0
2025-09-05,641941,3,2,0,0.01,3.0,1,0
2025-09-05,642100,4,0,0,1.1360000000000001,4.0,4,0
2025-09-05,642232,19,3,0,4.556634146341463,19.0,16,1
2025-09-05,643377,5,1,0,1.501,5.0,4,0
2025-09-05,643410,4,2,1,1.516497,4.0,1,0
2025-09-05,643511,4,1,0,0.327,4.0,3,0
2025-09-05,650556,4,1,0,1.0823809523809527,4.0,3,1
2025-09-05,650911,27,5,1,5.432497,27.0,21,0
2025-09-05,656186,5,0,1,1.7874970000000001,5.0,4,0
2025-09-05,656427,21,2,2,7.126283,20.0,16,0
2025-09-05,656457,8,3,1,2.167497,8.0,4,0
2025-09-05,656629,3,1,0,0.125,3.0,2,0
2025-09-05,656848,5,1,0,2.287,5.0,4,0
2025-09-05,656849,24,4,1,7.281497,24.0,19,0
2025-09-05,656945,3,2,0,2.0,3.0,1,1
2025-09-05,657044,3,2,0,0.07,3.0,1,0
2025-09-05,657424,4,2,0,0.485,4.0,2,0
2025-09-05,657649,3,2,0,0.535,3.0,1,0
2025-09-05,660271,15,5,1,3.486997,15.0,9,0
2025-09-05,661527,3,1,0,0.839,3.0,2,1
2025-09-05,663455,6,1,2,3.7811725714285718,6.0,3,1
2025-09-05,663623,20,2,4,8.884314112010797,20.0,13,2
2025-09-05,663738,3,0,0,0.393,3.0,3,0
2025-09-05,663941,12,3,0,3.7934675714285717,12.0,8,1
2025-09-05,663947,1,0,0,0.147,1.0,1,0
2025-09-05,664199,1,0,0,0.061,1.0,1,0
2025-09-05,664208,7,3,1,1.3809999999999998,5.0,2,0
2025-09-05,664991,3,0,0,0.9730000000000001,3.0,3,0
2025-09-05,665152,11,4,1,2.735507989010989,11.0,6,1
2025-09-05,665660,3,1,0,0.5880000000000001,3.0,2,0
2025-09-05,665871,21,4,2,6.500583,21.0,14,1
2025-09-05,666171,6,1,2,2.748283,6.0,2,0
2025-09-05,666277,8,1,2,4.820927333333334,8.0,5,1
2025-09-05,666374,3,1,0,0.21400000000000002,3.0,2,0
2025-09-05,666808,6,0,1,2.6352053333333334,6.0,5,1
2025-09-05,666974,3,1,0,0.193,3.0,2,0
2025-09-05,667755,17,4,5,6.807965,17.0,8,0
2025-09-05,668909,29,3,3,11.120417900584796,29.0,23,2
2025-09-05,669199,6,0,0,4.496158898305085,6.0,6,2
2025-09-05,669276,3,1,0,1.087,3.0,2,0
2025-09-05,669302,24,7,1,4.3291440588235295,24.0,16,0
2025-09-05,669387,8,1,1,2.657497,7.0,5,0
2025-09-05,669684,12,1,3,4.189491,12.0,8,0
2025-09-05,669704,6,1,0,2.019,6.0,5,0
2025-09-05,669711,4,1,0,0.876,4.0,3,0
2025-09-05,670059,6,2,0,1.303,6.0,4,0
2025-09-05,670167,1,1,0,0.0,1.0,0,0
2025-09-05,670329,3,1,0,0.284,3.0,2,0
2025-09-05,670912,20,4,3,5.02578,20.0,12,0
2025-09-05,670990,5,1,0,1.875,5.0,4,0
2025-09-05,671096,25,5,1,8.87150288034188,25.0,18,2
2025-09-05,671131,4,1,0,0.9430000000000001,4.0,3,0
2025-09-05,671922,3,1,0,0.417,3.0,2,0
2025-09-05,672456,15,2,1,5.267433170212766,14.0,11,1
2025-09-05,672582,4,0,1,1.136497,4.0,3,0
2025-09-05,672841,4,2,0,0.634,4.0,2,0
2025-09-05,673929,5,2,0,0.91,5.0,3,0
2025-09-05,676263,4,1,1,0.974497,4.0,2,0
2025-09-05,676395,3,0,0,0.395,3.0,3,0
2025-09-05,676467,20,2,2,7.381994000000001,20.0,16,2
2025-09-05,676508,3,0,1,0.8534970000000001,3.0,2,0
2025-09-05,678368,12,2,0,4.271416515426497,12.0,10,2
2025-09-05,680755,3,0,1,0.770497,3.0,2,0
2025-09-05,680767,4,0,1,1.168497,4.0,3,0
2025-09-05,681006,12,3,2,3.971244,12.0,7,0
2025-09-05,681343,20,6,2,5.923986969392635,20.0,11,1
2025-09-05,681676,6,0,0,2.121,6.0,6,0
2025-09-05,681892,3,2,0,0.094,3.0,1,0
2025-09-05,682120,4,1,1,0.9854970000000001,4.0,2,0
2025-09-05,682254,4,1,0,1.536,4.0,3,0
2025-09-05,682842,3,0,0,0.62,3.0,3,0
2025-09-05,682990,28,6,1,7.399337435406698,27.0,19,2
2025-09-05,683175,5,0,2,1.9243273333333333,5.0,3,0
2025-09-05,685314,4,1,0,1.1839512195121948,4.0,3,1
2025-09-05,686580,7,1,0,3.976893914473685,7.0,6,2
2025-09-05,686826,4,0,1,2.1331123846153845,4.0,3,0
2025-09-05,686930,23,8,5,7.688626941176471,23.0,9,2
2025-09-05,686993,7,4,0,1.652289,7.0,2,0
2025-09-05,687003,10,3,0,2.499888888888889,10.0,7,0
2025-09-05,687330,3,0,0,0.6804999999999999,3.0,3,0
2025-09-05,687377,5,1,1,2.532497,5.0,3,0
2025-09-05,687863,3,2,0,0.008,3.0,1,0
2025-09-05,687911,5,3,0,0.447,5.0,2,0
2025-09-05,688158,5,2,1,0.8644970000000001,5.0,2,0
2025-09-05,688297,6,3,1,1.316497,6.0,2,0
2025-09-05,688497,3,1,0,0.048,3.0,2,0
2025-09-05,689690,5,2,1,0.9844970000000001,5.0,2,0
2025-09-05,690544,4,1,0,1.5755600000000005,4.0,3,1
2025-09-05,693312,5,0,1,1.9284970000000001,5.0,4,0
2025-09-05,693313,18,2,1,4.496608111111111,18.0,15,1
2025-09-05,693645,13,2,2,6.928109086956522,13.0,8,0
2025-09-05,693855,21,5,2,7.463439496471566,21.0,13,2
2025-09-05,700241,22,3,1,9.289532885167464,22.0,18,2
2025-09-05,700669,10,1,1,2.978497,9.0,7,0
2025-09-05,701552,3,2,0,0.011,3.0,1,0
2025-09-05,801139,17,2,4,9.19730448104519,17.0,11,2
2025-09-05,805123,11,3,2,2.273994,11.0,6,0
2025-09-05,829272,8,0,1,2.3287192222222224,8.0,7,1
2025-09-06,434378,22,6,0,5.233289,22.0,15,0
2025-09-06,458677,3,3,0,0.0,3.0,0,0
2025-09-06,502085,3,0,0,1.6534749999999991,3.0,3,1
2025-09-06,518585,5,1,1,0.9894970000000001,5.0,3,0
2025-09-06,519141,3,2,0,0.391,3.0,1,0
2025-09-06,527048,21,0,3,10.433830982239982,21.0,18,4
2025-09-06,543518,6,1,1,4.249815452380952,6.0,4,2
2025-09-06,543859,4,1,0,0.627,4.0,3,0
2025-09-06,544150,12,1,1,2.428,11.0,10,0
2025-09-06,571510,26,3,0,7.9619269928315415,26.0,22,1
2025-09-06,571948,3,0,0,2.2699825483870963,3.0,2,1
2025-09-06,572955,2,1,0,0.002,2.0,1,0
2025-09-06,579328,16,1,3,8.680537575757576,16.0,11,1
2025-09-06,592426,3,1,0,0.802,3.0,2,0
2025-09-06,592454,3,1,0,0.267,3.0,2,0
2025-09-06,592773,5,0,1,3.2217350952380954,5.0,4,1
2025-09-06,594798,24,8,2,8.729751575757575,24.0,14,2
2025-09-06,595014,4,0,2,3.2961401428571433,4.0,1,1
2025-09-06,595928,3,1,0,0.271,3.0,2,0
2025-09-06,596112,3,0,0,0.673,3.0,3,0
2025-09-06,596133,3,0,0,0.769,3.0,3,0
2025-09-06,605130,5,1,1,2.521537983606558,5.0,3,1
2025-09-06,605135,22,3,3,8.445703765957447,22.0,16,1
2025-09-06,605154,12,3,1,5.452191263157895,12.0,7,1
2025-09-06,605540,20,8,0,1.8940000000000001,20.0,12,0
2025-09-06,606160,3,0,0,1.113,3.0,3,0
2025-09-06,607200,3,0,0,0.774,3.0,3,0
2025-09-06,608337,24,2,3,9.085080743589744,24.0,19,1
2025-09-06,621051,4,2,0,0.297,4.0,2,0
2025-09-06,621139,9,3,1,2.743497,9.0,5,0
2025-09-06,621381,3,2,0,0.005,3.0,1,0
2025-09-06,623474,7,2,1,0.909497,7.0,4,0
2025-09-06,641329,4,2,1,0.7274970000000001,4.0,1,0
2025-09-06,641672,16,0,1,5.791497,16.0,15,1
2025-09-06,641941,5,3,0,0.967,5.0,2,0
2025-09-06,642100,2,0,0,1.9089491525423727,2.0,2,1
2025-09-06,642239,2,0,1,0.691497,2.0,1,0
2025-09-06,643361,6,1,1,1.492497,6.0,4,0
2025-09-06,645261,26,4,1,8.798233368421052,26.0,20,1
2025-09-06,656186,3,2,0,0.211,3.0,1,0
2025-09-06,656222,4,0,0,2.1994230769230767,4.0,4,1
2025-09-06,656271,6,2,0,1.244,6.0,4,0
2025-09-06,656605,24,4,0,6.1545270952380955,24.0,19,1
2025-09-06,656945,1,0,0,0.823,1.0,1,0
2025-09-06,657514,4,2,0,0.5670000000000001,4.0,2,0
2025-09-06,657571,4,1,0,0.728,4.0,3,0
2025-09-06,657746,14,2,4,8.054302285714286,14.0,8,2
2025-09-06,660825,3,1,0,0.064,3.0,2,0
2025-09-06,660853,4,2,1,1.293497,4.0,1,0
2025-09-06,661395,3,1,0,0.096,3.0,2,0
2025-09-06,661563,24,1,4,7.8876016363636365,24.0,19,1
2025-09-06,663158,5,0,0,1.6337619047619052,5.0,5,1
2025-09-06,663568,28,4,1,9.357273082534148,28.0,23,2
2025-09-06,663574,5,2,0,1.601,5.0,3,0
2025-09-06,663687,9,3,2,3.008994,9.0,4,0
2025-09-06,663765,3,1,0,1.167,3.0,2,1
2025-09-06,663893,4,3,0,1.454474999999999,4.0,1,1
2025-09-06,663903,25,5,4,9.278228219512195,25.0,15,1
2025-09-06,664068,18,1,0,9.12568521303258,18.0,17,4
2025-09-06,664076,3,2,1,0.691497,3.0,0,0
2025-09-06,664126,6,1,1,1.305497,5.0,4,0
2025-09-06,664192,6,1,1,2.13190325,6.0,4,1
2025-09-06,666200,26,8,4,8.29873177394636,26.0,14,3
2025-09-06,668390,7,1,1,2.1774970000000002,7.0,5,0
2025-09-06,668964,3,0,1,1.626497,3.0,2,0
2025-09-06,669093,6,2,1,3.167340454790823,6.0,3,1
2025-09-06,669358,22,8,1,6.428721483870968,22.0,12,1
2025-09-06,669371,4,1,0,0.588,4.0,3,0
2025-09-06,669372,20,5,0,6.049761904761905,20.0,15,1
2025-09-06,669373,23,6,1,4.820039372881356,23.0,16,1
2025-09-06,669432,24,6,1,7.501735095238095,22.0,17,1
2025-09-06,669467,25,3,1,6.416075,24.0,18,0
2025-09-06,669620,7,0,0,2.775,7.0,7,0
2025-09-06,669674,4,1,0,1.4020000000000001,4.0,3,0
2025-09-06,669711,4,0,1,1.8881285789473687,4.0,3,1
2025-09-06,670280,4,3,0,0.005,4.0,1,0
2025-09-06,670955,3,1,0,0.144,3.0,2,0
2025-09-06,671922,3,2,0,0.089,3.0,1,0
2025-09-06,672710,6,1,1,1.743497,6.0,4,0
2025-09-06,676130,1,0,0,0.075,1.0,1,0
2025-09-06,676254,5,0,0,3.289289,5.0,4,0
2025-09-06,676440,24,3,1,6.437456400298384,23.0,20,2
2025-09-06,676571,2,0,1,0.778497,2.0,1,0
2025-09-06,676617,3,1,0,0.213,3.0,2,0
2025-09-06,676879,6,2,1,2.015154894736842,6.0,3,1
2025-09-06,676961,10,2,1,4.428497,10.0,7,0
2025-09-06,677649,1,0,0,0.111,1.0,1,0
2025-09-06,677955,8,1,1,3.8953581111111113,8.0,6,1
2025-09-06,678226,5,0,0,4.181195804195804,5.0,5,3
2025-09-06,678606,3,2,0,0.294,3.0,1,0
2025-09-06,679883,4,2,1,0.8724970000000001,4.0,1,0
2025-09-06,681151,3,0,0,0.9261000000000003,3.0,3,1
2025-09-06,681168,4,1,0,1.73,4.0,3,0
2025-09-06,681190,25,3,0,8.598400895856663,25.0,22,2
2025-09-06,681217,8,3,1,3.9054970000000004,8.0,4,1
2025-09-06,681517,8,1,0,2.17,8.0,7,0
2025-09-06,681869,2,0,0,0.377,2.0,2,0
2025-09-06,681870,3,0,2,1.382994,2.0,0,0
2025-09-06,681895,9,2,1,3.6805985,9.0,5,1
2025-09-06,682243,24,3,2,8.839235071428572,24.0,19,3
2025-09-06,682790,6,5,0,0.027,6.0,1,0
2025-09-06,683409,8,1,0,2.959123188405797,8.0,7,1
2025-09-06,683627,5,3,0,0.896,5.0,2,0
2025-09-06,683769,4,1,0,0.648,3.0,2,0
2025-09-06,684320,5,2,1,0.810497,5.0,2,0
2025-09-06,685005,8,3,1,3.519745157248158,8.0,4,1
2025-09-06,685326,13,1,1,6.998075,13.0,9,1
2025-09-06,686613,25,8,3,5.5771063846153845,25.0,14,0
2025-09-06,686973,3,0,1,2.2323230869565216,3.0,2,0
2025-09-06,690925,4,0,2,2.370994,4.0,2,0
2025-09-06,691548,3,1,2,1.382994,3.0,0,0
2025-09-06,693312,3,2,0,0.486,3.0,1,0
2025-09-06,694037,3,2,0,0.381,3.0,1,0
2025-09-06,694297,24,7,0,5.221,24.0,17,0
2025-09-06,694462,22,5,5,9.235891460317461,22.0,11,2
2025-09-06,695243,5,2,1,1.212497,5.0,2,0
2025-09-06,695418,21,7,4,6.334427024390243,21.0,10,1
2025-09-06,701121,3,1,0,0.167,3.0,2,0
2025-09-06,802686,4,0,1,2.0204969999999998,4.0,3,0
2025-09-06,804636,24,6,4,8.224892942279943,23.0,13,4
2025-09-06,806188,4,0,0,1.869289,4.0,3,0
2025-09-06,808967,28,10,2,5.056467015873016,28.0,16,1
2025-09-06,820862,5,1,2,1.422994,5.0,2,0
2025-09-07,445276,3,0,0,0.248,3.0,3,0
2025-09-07,450203,15,2,3,8.376539780487805,15.0,10,2
2025-09-07,453286,20,8,4,6.200576793103449,20.0,8,2
2025-09-07,472610,4,0,1,1.117497,4.0,3,0
2025-09-07,477132,22,8,1,3.865497,22.0,13,0
2025-09-07,518886,4,0,1,2.0645576060606063,4.0,3,1
2025-09-07,519141,3,2,0,0.169,3.0,1,0
2025-09-07,542888,4,1,0,0.594,4.0,3,0
2025-09-07,543243,22,6,4,6.2692380000000005,22.0,12,0
2025-09-07,547179,22,5,0,9.67705823076923,22.0,16,2
2025-09-07,547184,2,1,0,0.076,2.0,1,0
2025-09-07,547973,4,4,0,0.0,4.0,0,0
2025-09-07,571578,21,5,1,6.254648515151516,20.0,14,1
2025-09-07,573204,2,1,0,0.437,2.0,1,0
2025-09-07,592426,5,1,1,1.343497,5.0,3,0
2025-09-07,592454,6,0,1,3.140163666666667,6.0,5,0
2025-09-07,592836,28,1,2,10.780970375994695,28.0,25,2
2025-09-07,606160,4,1,1,1.373497,4.0,2,0
2025-09-07,606303,6,2,1,1.4104970000000001,6.0,3,0
2025-09-07,607067,19,6,0,4.6379090909090905,18.0,12,1
2025-09-07,607259,3,0,0,0.332,3.0,3,0
2025-09-07,608331,28,4,1,7.229691103194103,28.0,23,2
2025-09-07,608372,16,1,0,8.14806794871795,16.0,15,3
2025-09-07,620454,4,0,1,1.4180684285714287,4.0,3,1
2025-09-07,621053,3,0,0,1.522289,3.0,2,0
2025-09-07,621237,4,1,0,2.1579825483870962,4.0,2,1
2025-09-07,621366,5,2,0,1.053,5.0,3,0
2025-09-07,622491,20,6,0,4.090258064516129,20.0,14,1
2025-09-07,622608,17,3,2,5.787480111111111,17.0,12,1
2025-09-07,622663,22,7,1,7.230848677923704,22.0,11,2
2025-09-07,623437,5,0,1,1.991497,5.0,4,0
2025-09-07,641745,3,2,0,0.067,3.0,1,0
2025-09-07,641835,5,1,2,2.235994,5.0,2,0
2025-09-07,641927,21,6,1,5.724836682539682,21.0,14,2
2025-09-07,642152,1,1,0,0.0,1.0,0,0
2025-09-07,642207,5,1,1,1.0514970000000001,5.0,3,0
2025-09-07,642701,4,1,0,0.20900000000000002,3.0,2,0
2025-09-07,643377,4,1,0,0.635,4.0,3,0
2025-09-07,643511,3,1,0,1.02,3.0,2,0
2025-09-07,650893,2,0,1,0.718497,2.0,1,0
2025-09-07,656302,20,5,2,5.693994,20.0,13,0
2025-09-07,656546,4,0,1,0.986497,4.0,3,0
2025-09-07,656794,5,0,1,3.442318428571429,5.0,4,1
2025-09-07,656848,3,1,1,1.5499328974358977,3.0,1,1
2025-09-07,656876,19,2,3,6.05478,19.0,13,0
2025-09-07,657044,4,0,0,1.796289,4.0,3,0
2025-09-07,657424,3,1,0,0.762,3.0,2,0
2025-09-07,657585,4,1,0,0.397,4.0,3,0
2025-09-07,660644,4,0,0,2.0961794871794877,4.0,4,1
2025-09-07,663436,22,3,3,7.532376154061625,22.0,15,1
2025-09-07,663485,4,0,1,1.192497,4.0,3,0
2025-09-07,663574,5,0,0,2.939714285714286,5.0,5,1
2025-09-07,663738,6,2,2,2.774283,6.0,1,0
2025-09-07,663765,3,0,0,0.5870000000000001,3.0,3,0
2025-09-07,663947,5,2,0,1.196,5.0,3,0
2025-09-07,663969,10,3,1,1.571497,10.0,6,0
2025-09-07,664076,5,1,1,1.8754970000000002,5.0,3,0
2025-09-07,664199,1,1,0,0.0,1.0,0,0
2025-09-07,664208,5,2,0,0.825,5.0,3,0
2025-09-07,664285,26,5,1,7.438629116471099,26.0,20,2
2025-09-07,664294,6,2,1,1.1204969999999999,6.0,3,0
2025-09-07,664991,8,2,1,1.7684970000000002,8.0,5,0
2025-09-07,666168,5,1,0,2.4512222222222224,5.0,4,1
2025-09-07,666214,16,2,1,6.605029129808725,16.0,13,3
2025-09-07,666711,6,3,0,0.5760000000000001,6.0,3,0
2025-09-07,666974,3,1,0,0.093,3.0,2,0
2025-09-07,668881,24,12,2,6.860329023010738,24.0,10,2
2025-09-07,668941,5,2,1,0.782,4.0,2,0
2025-09-07,669194,21,3,3,6.5662788787878785,21.0,15,1
2025-09-07,669199,6,0,2,2.641994,6.0,4,0
2025-09-07,669211,5,0,2,1.8439940000000001,5.0,3,0
2025-09-07,669674,3,2,0,0.461,3.0,1,0
2025-09-07,669704,3,2,0,0.118,3.0,1,0
2025-09-07,670036,3,2,0,0.924,3.0,1,0
2025-09-07,670059,5,0,0,1.387,5.0,5,0
2025-09-07,670280,3,0,0,0.9740000000000001,3.0,3,0
2025-09-07,670329,5,0,1,3.4117250701754385,5.0,4,1
2025-09-07,670955,5,0,1,1.293497,5.0,4,0
2025-09-07,670970,7,0,1,2.4084969999999997,7.0,6,0
2025-09-07,670990,6,2,1,1.6214970000000002,6.0,3,0
2025-09-07,671131,4,2,0,0.9039999999999999,4.0,2,0
2025-09-07,671922,3,3,0,0.0,3.0,0,0
2025-09-07,672282,5,0,0,2.3827192982456142,5.0,5,1
2025-09-07,672582,2,0,0,0.8384117647058825,2.0,2,1
2025-09-07,673929,4,2,1,0.696497,4.0,1,0
2025-09-07,674370,5,0,2,2.5614175789473688,4.0,2,2
2025-09-07,674841,20,2,3,6.7698812439024385,20.0,15,1
2025-09-07,675512,12,1,4,4.523277,12.0,6,0
2025-09-07,676106,5,0,0,2.372,5.0,5,0
2025-09-07,676130,4,1,1,1.494497,4.0,2,0
2025-09-07,676263,4,2,0,0.986,4.0,2,0
2025-09-07,676395,3,0,0,1.49,3.0,3,0
2025-09-07,676477,5,1,0,0.459,5.0,4,0
2025-09-07,676534,6,0,1,2.480639857142857,6.0,5,1
2025-09-07,676617,3,0,0,1.168,3.0,3,0
2025-09-07,676684,4,1,0,0.8029999999999999,4.0,3,0
2025-09-07,676755,5,1,2,1.738994,5.0,2,0
2025-09-07,676760,4,2,1,0.968497,4.0,1,0
2025-09-07,677161,4,1,1,1.868497,4.0,2,0
2025-09-07,678024,3,1,0,0.126,3.0,2,0
2025-09-07,678394,23,2,1,6.9854970000000005,23.0,20,0
2025-09-07,678606,5,0,1,2.3784970000000003,5.0,4,0
2025-09-07,678692,6,2,0,0.479,6.0,4,0
2025-09-07,678821,8,0,2,7.102994,8.0,6,1
2025-09-07,678906,19,8,5,5.819485,19.0,6,0
2025-09-07,679775,3,1,0,0.9770000000000001,3.0,2,0
2025-09-07,679883,3,2,0,0.016,3.0,1,0
2025-09-07,680736,8,5,0,1.4368571428571428,8.0,3,0
2025-09-07,680755,3,3,0,0.0,3.0,0,0
2025-09-07,681892,5,1,1,2.518786,5.0,2,0
2025-09-07,682254,3,3,0,0.0,3.0,0,0
2025-09-07,683618,2,0,0,1.9289701492537312,2.0,2,1
2025-09-07,683627,4,1,0,1.162090909090909,4.0,3,0
2025-09-07,683769,4,1,0,0.08299999999999999,4.0,3,0
2025-09-07,684974,3,2,0,0.216,3.0,1,0
2025-09-07,685126,5,1,0,1.3798260869565215,5.0,4,0
2025-09-07,685299,18,5,1,9.411305362369339,18.0,12,3
2025-09-07,687075,24,7,4,7.123988,24.0,13,0
2025-09-07,687330,2,0,0,1.5070000000000001,2.0,2,0
2025-09-07,687863,3,1,1,0.018,2.0,1,0
2025-09-07,688158,3,2,0,0.161,3.0,1,0
2025-09-07,688497,8,2,1,2.272497,8.0,5,0
2025-09-07,689147,1,0,0,0.009,1.0,1,0
2025-09-07,689266,15,2,0,3.7823636363636366,15.0,13,0
2025-09-07,690925,5,3,0,0.884,5.0,2,0
2025-09-07,691548,11,3,1,5.627075,11.0,5,1
2025-09-07,691799,2,2,0,0.0,2.0,0,0
2025-09-07,694037,5,0,1,3.994003912442396,5.0,4,2
2025-09-07,694335,6,3,0,1.5994358974358975,6.0,3,1
2025-09-07,694819,25,8,2,4.998694,25.0,15,0
2025-09-07,696149,19,3,3,8.658924436532509,19.0,13,1
2025-09-07,702352,4,0,0,0.868,4.0,4,0
2025-09-07,800048,25,4,0,5.438920821114369,25.0,21,2
2025-09-07,802686,5,0,1,2.3158127894736844,5.0,4,1
2025-09-07,806188,8,1,0,2.47,8.0,7,0
2025-09-07,815083,22,4,1,6.214352952380952,21.0,16,2
2025-09-08,455119,3,1,0,0.617,3.0,2,0
2025-09-08,500779,26,4,2,9.893534281852173,26.0,20,5
2025-09-08,502085,3,2,0,0.225,3.0,1,0
2025-09-08,506433,23,7,0,3.7906153846153847,23.0,16,0
2025-09-08,543101,13,2,0,6.579375,13.0,11,2
2025-09-08,543518,10,2,0,2.652,10.0,8,0
2025-09-08,543859,4,1,0,1.404,4.0,3,0
2025-09-08,548384,3,0,0,0.9630000000000001,3.0,3,0
2025-09-08,571912,4,0,1,0.9894970000000001,4.0,3,0
2025-09-08,571945,19,2,1,4.691843590909091,19.0,16,2
2025-09-08,572955,2,0,0,0.40700000000000003,2.0,2,0
2025-09-08,593974,1,0,0,0.096,1.0,1,0
2025-09-08,595014,3,1,0,0.225,3.0,2,0
2025-09-08,596112,6,0,1,4.394286,6.0,4,1
2025-09-08,605130,5,1,1,2.167497,5.0,3,0
2025-09-08,605400,22,7,2,4.8879030909090915,22.0,13,1
2025-09-08,607192,23,11,2,3.547651894736842,23.0,10,1
2025-09-08,607259,2,0,0,0.085,1.0,2,0
2025-09-08,608718,2,1,0,0.78365625,2.0,1,1
2025-09-08,621381,4,0,1,1.1584969999999999,4.0,3,0
2025-09-08,622503,18,3,1,7.857582106382979,18.0,14,1
2025-09-08,628452,3,1,0,0.474,3.0,2,0
2025-09-08,641755,3,1,0,0.8800606060606062,3.0,2,1
2025-09-08,641941,3,1,0,0.875,3.0,2,0
2025-09-08,642397,2,1,0,0.016,2.0,1,0
2025-09-08,650644,9,1,0,3.416289,9.0,7,1
2025-09-08,650893,5,2,2,1.536994,5.0,1,0
2025-09-08,656641,19,4,1,5.196163666666667,19.0,14,1
2025-09-08,656945,4,0,0,1.726,4.0,4,0
2025-09-08,657097,5,0,1,2.480497,5.0,4,0
2025-09-08,657277,26,7,2,8.047106412177985,25.0,16,2
2025-09-08,660825,3,1,0,0.493,3.0,2,0
2025-09-08,660896,3,2,0,0.48,3.0,1,0
2025-09-08,661395,5,2,0,0.891,5.0,3,1
2025-09-08,661527,4,0,0,2.479361111111111,4.0,4,2
2025-09-08,662253,4,2,1,0.7514970000000001,4.0,1,0
2025-09-08,663158,5,2,0,0.649,5.0,3,0
2025-09-08,663574,4,0,0,1.067,4.0,4,0
2025-09-08,663738,7,3,0,1.485,7.0,4,0
2025-09-08,663941,8,2,0,2.1420087719298246,8.0,6,1
2025-09-08,664192,4,1,0,1.4340000000000002,4.0,3,0
2025-09-08,664199,7,1,1,2.3584970000000003,7.0,5,0
2025-09-08,664854,3,2,0,0.674,3.0,1,0
2025-09-08,666157,18,2,1,2.651497,17.0,14,0
2025-09-08,666277,16,2,0,7.475171428571429,16.0,14,2
2025-09-08,666374,3,2,0,0.474,3.0,1,0
2025-09-08,668390,5,0,0,1.6215409836065577,4.0,4,1
2025-09-08,669093,3,2,0,0.531,3.0,1,0
2025-09-08,669620,7,4,0,0.715,7.0,3,0
2025-09-08,669684,3,0,0,0.481,3.0,3,0
2025-09-08,670970,1,0,0,0.622,1.0,1,0
2025-09-08,671111,17,4,0,3.5216486486486485,17.0,13,1
2025-09-08,675848,6,1,2,0.873497,5.0,3,0
2025-09-08,675919,3,0,0,0.668,3.0,3,0
2025-09-08,676083,23,3,2,11.303129093167701,23.0,18,4
2025-09-08,676917,21,1,1,5.992042454545454,21.0,19,0
2025-09-08,676979,24,10,0,3.097757575757576,24.0,14,0
2025-09-08,677161,3,0,0,0.457,3.0,3,0
2025-09-08,677944,27,3,3,8.979491,27.0,21,0
2025-09-08,677955,3,0,0,0.581,3.0,3,0
2025-09-08,680573,21,6,1,5.783740700854701,21.0,13,2
2025-09-08,680742,4,3,1,0.691497,4.0,0,0
2025-09-08,681006,7,1,2,4.556357636363637,7.0,4,1
2025-09-08,683175,3,2,0,0.189,3.0,1,0
2025-09-08,683409,6,1,0,2.449289,6.0,4,0
2025-09-08,684007,23,4,0,7.367060483870968,23.0,19,2
2025-09-08,686701,23,3,3,9.316279714285715,22.0,17,1
2025-09-08,687377,9,2,3,2.2214910000000003,9.0,4,0
2025-09-08,687849,7,2,1,3.601786,7.0,3,0
2025-09-08,689690,1,0,0,0.009,1.0,1,0
2025-09-08,690997,24,5,3,8.742755150943397,24.0,16,1
2025-09-08,692230,7,1,1,2.038497,7.0,5,0
2025-09-08,693433,21,9,0,4.737178571428572,21.0,12,1
2025-09-08,693821,25,6,1,5.063497,25.0,18,0
2025-09-08,695243,3,2,0,0.015,3.0,1,0
2025-09-08,700669,5,0,1,2.739557606060606,5.0,4,1
2025-09-08,701519,8,4,2,2.156994,8.0,1,0
2025-09-08,702674,24,9,5,9.090318116460638,24.0,10,2
2025-09-08,801403,18,5,2,4.242033,18.0,10,0
2025-09-08,805299,7,1,1,2.374497,7.0,5,0
2025-09-08,806960,21,2,1,8.080776677113011,21.0,18,2
2025-09-08,820862,2,0,0,0.056,2.0,2,0
2025-09-08,829272,12,1,2,5.988437638122884,12.0,9,2
2025-09-09,489446,5,1,0,2.6466000000000003,5.0,4,1
2025-09-09,502085,4,1,0,1.8177575757575755,4.0,3,1
2025-09-09,518585,5,0,3,3.5028124285714286,5.0,2,0
2025-09-09,518886,3,1,0,0.252,3.0,2,0
2025-09-09,542888,5,0,0,3.5460000000000003,5.0,5,1
2025-09-09,543294,25,6,1,5.663197,24.0,18,0
2025-09-09,547184,5,1,0,2.0019556666666665,5.0,3,0
2025-09-09,552640,2,1,0,0.291,2.0,1,0
2025-09-09,571927,4,0,0,0.805,4.0,4,0
2025-09-09,571948,4,0,0,0.368,4.0,4,0
2025-09-09,573204,3,1,0,0.498,3.0,2,0
2025-09-09,592662,19,5,2,5.795323861111111,19.0,12,2
2025-09-09,593974,2,0,0,0.501,2.0,2,0
2025-09-09,595345,4,1,0,0.539,4.0,3,0
2025-09-09,595928,4,2,0,0.17500000000000002,4.0,2,0
2025-09-09,605177,3,2,0,0.086,3.0,1,0
2025-09-09,605288,21,9,0,3.3040344827586208,21.0,12,1
2025-09-09,605488,23,6,0,9.173165656565656,23.0,17,3
2025-09-09,608566,22,2,1,11.839011964241125,22.0,19,6
2025-09-09,608650,6,2,1,1.736497,6.0,3,0
2025-09-09,621051,3,0,0,0.168,3.0,3,0
2025-09-09,621053,3,0,0,0.309,3.0,3,0
2025-09-09,621112,10,3,1,2.335497,10.0,6,0
2025-09-09,621383,6,0,0,3.949802231237323,6.0,6,1
2025-09-09,622554,4,0,1,0.7734970000000001,4.0,3,0
2025-09-09,624133,21,12,3,3.4104910000000004,21.0,6,0
2025-09-09,640455,21,5,1,6.766615323308271,21.0,14,3
2025-09-09,641302,5,2,0,1.973178571428572,5.0,3,1
2025-09-09,641329,3,1,0,0.042,3.0,2,0
2025-09-09,641672,6,0,0,2.4238125,6.0,6,1
2025-09-09,641793,22,4,1,8.086696101010102,22.0,16,2
2025-09-09,641941,3,1,0,1.202212121212121,3.0,2,1
2025-09-09,642100,3,0,0,2.0683308270676695,3.0,3,2
2025-09-09,642701,3,1,0,0.441,3.0,2,0
2025-09-09,643410,4,0,1,1.991786,4.0,2,0
2025-09-09,650556,7,2,2,3.4369940000000003,7.0,3,0
2025-09-09,650633,19,2,1,8.945876545454547,19.0,16,3
2025-09-09,656186,2,2,0,0.0,2.0,0,0
2025-09-09,656271,6,1,0,1.2240000000000002,6.0,5,0
2025-09-09,656546,3,0,0,1.1775151515151516,3.0,3,1
2025-09-09,657424,4,0,0,1.851,4.0,4,0
2025-09-09,657571,3,2,0,0.668,3.0,1,0
2025-09-09,657612,5,0,1,0.239,4.0,4,0
2025-09-09,657756,5,2,0,2.05040625,5.0,3,1
2025-09-09,660825,3,1,0,0.21700000000000003,3.0,2,0
2025-09-09,660853,3,0,0,3.076,3.0,3,1
2025-09-09,660896,4,0,1,1.696497,4.0,3,0
2025-09-09,661527,6,1,1,1.8714324838709677,6.0,4,1
2025-09-09,662253,4,1,0,1.076,4.0,3,0
2025-09-09,663158,5,1,1,2.7065308983050844,5.0,3,1
2025-09-09,663554,22,8,0,7.317255952380952,22.0,14,3
2025-09-09,663795,17,3,0,7.3756486486486486,17.0,14,2
2025-09-09,663893,2,1,1,0.691497,2.0,0,0
2025-09-09,663978,9,4,0,1.296657894736842,9.0,5,1
2025-09-09,664126,4,0,0,0.974,4.0,4,0
2025-09-09,664192,4,0,0,0.778,4.0,4,0
2025-09-09,664208,3,1,0,0.841,3.0,2,0
2025-09-09,664294,3,0,1,0.533,2.0,2,0
2025-09-09,664747,6,1,3,3.02678,6.0,1,0
2025-09-09,665660,4,1,1,0.693497,4.0,2,0
2025-09-09,666374,4,3,0,0.397,4.0,1,0
2025-09-09,666711,5,2,0,0.89225,5.0,3,0
2025-09-09,666974,3,0,0,0.7123214285714285,3.0,3,0
2025-09-09,667297,3,0,0,2.4337027027027034,3.0,3,1
2025-09-09,668678,27,3,3,9.118930290488922,27.0,21,2
2025-09-09,668964,3,2,0,0.003,3.0,1,0
2025-09-09,669093,5,3,0,0.5506153846153847,5.0,2,0
2025-09-09,669211,3,1,2,1.382994,3.0,0,0
2025-09-09,669276,3,1,0,0.097,3.0,2,0
2025-09-09,669371,5,1,0,1.647289,5.0,3,0
2025-09-09,669456,26,4,1,11.426691512277845,26.0,21,4
2025-09-09,669461,20,1,3,9.525352157253598,20.0,16,4
2025-09-09,669684,5,1,1,2.002497,5.0,3,0
2025-09-09,669711,3,0,0,1.7725,3.0,3,1
2025-09-09,669923,20,2,2,7.968994,20.0,16,0
2025-09-09,670167,1,0,0,0.381,1.0,1,0
2025-09-09,670329,3,1,0,0.554,3.0,2,0
2025-09-09,670955,4,2,0,0.8310000000000001,4.0,2,0
2025-09-09,671922,4,2,0,0.9279999999999999,4.0,2,0
2025-09-09,672582,3,1,1,1.2104970000000002,3.0,1,0
2025-09-09,672710,12,2,0,3.3787045454545455,12.0,10,2
2025-09-09,672782,21,5,1,6.911718896383187,21.0,15,3
2025-09-09,674370,5,2,2,2.015744,5.0,1,0
2025-09-09,675911,26,8,3,8.782826309973045,26.0,15,2
2025-09-09,675919,4,1,1,0.791497,4.0,2,0
2025-09-09,676254,5,0,1,1.406497,5.0,4,0
2025-09-09,676282,27,5,0,6.008,27.0,22,0
2025-09-09,676395,4,0,0,1.601,4.0,4,0
2025-09-09,676571,2,1,0,0.875,2.0,1,0
2025-09-09,676661,6,1,0,3.119,6.0,5,0
2025-09-09,676755,5,1,2,0.929497,3.0,2,0
2025-09-09,676879,9,2,0,2.6296875,7.0,5,1
2025-09-09,676962,3,2,0,0.008,3.0,1,0
2025-09-09,677651,6,1,0,1.466289,6.0,4,0
2025-09-09,677952,14,4,2,5.9053026078431365,14.0,7,1
2025-09-09,678368,8,1,0,1.7789090909090908,8.0,7,0
2025-09-09,678606,3,0,0,0.542,3.0,3,0
2025-09-09,680694,27,6,2,7.703854606060606,27.0,19,1
2025-09-09,680730,28,2,2,10.549870452494874,28.0,24,2
2025-09-09,680837,5,0,0,2.452,5.0,5,0
2025-09-09,681006,3,1,0,1.081,3.0,2,0
2025-09-09,681168,1,0,0,0.011,1.0,1,0
2025-09-09,681347,15,6,1,3.7369969999999997,15.0,8,1
2025-09-09,681517,8,3,0,1.8855454545454542,8.0,5,1
2025-09-09,681676,2,0,0,0.165,1.0,1,0
2025-09-09,681911,3,2,0,0.0,3.0,1,0
2025-09-09,681982,4,1,1,0.702497,4.0,2,0
2025-09-09,682254,3,1,0,1.56,3.0,2,0
2025-09-09,683004,22,4,2,8.940749879010403,22.0,16,3
2025-09-09,683175,4,2,1,0.716497,4.0,1,0
2025-09-09,684320,5,0,0,2.150289,5.0,4,0
2025-09-09,686218,24,9,1,4.128970684210526,24.0,14,1
2025-09-09,686580,5,1,0,1.834,5.0,4,0
2025-09-09,686642,4,2,0,1.041,4.0,2,0
2025-09-09,687209,4,1,0,1.27,4.0,3,0
2025-09-09,687330,1,0,0,0.032,1.0,1,0
2025-09-09,687911,6,1,0,0.8450000000000001,6.0,5,0
2025-09-09,690990,24,2,0,7.727735483870968,24.0,22,1
2025-09-09,693312,2,0,0,0.268,2.0,2,0
2025-09-09,694477,18,6,3,6.404080743589743,18.0,9,1
2025-09-09,695243,3,3,0,0.0,3.0,0,0
2025-09-09,701487,10,2,1,3.1680121515151516,10.0,7,1
2025-09-09,701542,21,5,1,6.617126754896316,21.0,15,4
2025-09-09,702070,26,8,0,8.383155172413794,26.0,18,1
2025-09-09,800049,25,1,3,11.63558567576097,25.0,21,2
2025-09-09,805123,12,4,2,2.107794,12.0,6,0
2025-09-09,805673,23,5,2,6.879994,22.0,16,0
2025-09-09,813349,21,11,1,5.010497,21.0,9,0
2025-09-10,445276,3,2,0,0.3652857142857142,3.0,1,0
2025-09-10,458677,4,3,0,0.871,4.0,1,0
2025-09-10,472610,3,2,0,0.071,3.0,1,0
2025-09-10,489446,3,1,0,0.016,3.0,2,0
2025-09-10,518876,27,6,0,10.348328571428572,27.0,21,3
2025-09-10,519242,23,9,1,6.822830333333333,23.0,13,0
2025-09-10,542888,4,2,1,0.988497,4.0,1,0
2025-09-10,544150,3,1,0,0.13,3.0,2,0
2025-09-10,547973,3,0,0,1.5706470588235293,3.0,3,0
2025-09-10,552640,3,1,0,0.633,3.0,2,0
2025-09-10,570632,20,3,4,9.86812126713948,20.0,12,2
2025-09-10,571927,2,0,0,1.2976562500000002,2.0,2,1
2025-09-10,571948,1,0,0,0.256,1.0,1,0
2025-09-10,572955,5,1,0,1.3900000000000001,5.0,4,0
2025-09-10,573124,3,0,0,0.237,3.0,3,0
2025-09-10,573204,3,1,0,0.065,3.0,2,0
2025-09-10,592426,6,1,0,1.6749999999999998,6.0,5,0
2025-09-10,592773,7,4,1,1.515247,7.0,2,1
2025-09-10,592791,19,2,2,5.230111647058823,19.0,15,0
2025-09-10,593958,23,6,2,6.589994,23.0,15,0
2025-09-10,595345,4,1,0,1.255,4.0,3,0
2025-09-10,596001,3,2,0,0.308,3.0,1,0
2025-09-10,596103,3,0,0,0.933,3.0,3,0
2025-09-10,596112,2,1,1,0.0,1.0,0,0
2025-09-10,596133,4,0,0,2.6741833333333336,4.0,4,1
2025-09-10,601713,26,8,1,6.833160101604278,26.0,17,1
2025-09-10,605177,5,2,1,1.2584970000000002,5.0,2,0
2025-09-10,605280,23,5,3,9.241432636363637,23.0,13,0
2025-09-10,605483,22,11,2,4.811327333333334,22.0,9,0
2025-09-10,606996,3,1,0,0.274,3.0,2,0
2025-09-10,607074,25,6,1,7.292369333333333,25.0,17,0
2025-09-10,607200,6,0,2,1.520994,6.0,4,0
2025-09-10,607455,4,3,1,0.691497,4.0,0,0
2025-09-10,607536,28,5,1,8.472684081615329,28.0,22,5
2025-09-10,608032,3,0,0,0.542,3.0,3,0
2025-09-10,620454,4,1,0,0.9390000000000001,4.0,3,0
2025-09-10,621237,4,1,0,2.0121538461538457,4.0,3,1
2025-09-10,621244,21,4,1,7.7148843873873885,21.0,16,2
2025-09-10,628452,5,0,1,2.0644970000000002,5.0,4,0
2025-09-10,641329,1,0,0,0.023,1.0,1,0
2025-09-10,641745,4,1,0,1.187,4.0,3,0
2025-09-10,641755,5,2,1,1.272497,5.0,2,0
2025-09-10,642100,4,3,0,0.722289,4.0,0,0
2025-09-10,642121,6,4,0,0.393,6.0,2,0
2025-09-10,642152,7,0,1,3.6346709130434784,7.0,6,1
2025-09-10,642239,4,1,1,0.772497,4.0,2,0
2025-09-10,642397,10,2,0,4.726578,10.0,6,0
2025-09-10,642547,23,9,2,8.323494,23.0,12,2
2025-09-10,642701,3,2,0,0.8677727272727274,3.0,1,1
2025-09-10,643377,4,1,1,0.9984970000000001,4.0,2,0
2025-09-10,643410,3,1,0,1.141,3.0,2,0
2025-09-10,650556,3,1,0,0.65,3.0,2,0
2025-09-10,650911,22,6,1,8.2850353207504,22.0,15,3
2025-09-10,656427,17,7,1,4.81653487878788,17.0,9,1
2025-09-10,656457,1,1,0,0.0,1.0,0,0
2025-09-10,656546,4,1,0,2.1269215686274516,4.0,3,1
2025-09-10,656629,4,0,3,2.344491,4.0,1,0
2025-09-10,656794,7,0,0,1.335,7.0,7,0
2025-09-10,657571,3,0,0,0.274,3.0,3,0
2025-09-10,657612,4,0,0,2.8166883116883117,4.0,4,2
2025-09-10,660853,3,1,0,0.293,3.0,2,0
2025-09-10,663455,3,1,0,0.735,3.0,2,0
2025-09-10,663485,6,0,0,1.7485600000000006,6.0,6,1
2025-09-10,663574,4,1,0,1.740641975308642,4.0,3,1
2025-09-10,663623,21,4,0,6.018716490299823,21.0,17,1
2025-09-10,663687,3,1,1,0.111,2.0,1,0
2025-09-10,663765,5,1,0,1.701,5.0,4,0
2025-09-10,663893,2,0,1,0.8524970000000001,2.0,1,0
2025-09-10,663947,3,1,0,1.056,3.0,2,0
2025-09-10,664141,7,2,0,1.599,7.0,5,0
2025-09-10,664208,2,1,0,0.33,2.0,1,0
2025-09-10,664854,6,1,0,2.7085,6.0,5,1
2025-09-10,665660,3,0,1,2.070497,3.0,2,0
2025-09-10,666168,2,0,0,0.229,2.0,2,0
2025-09-10,666808,6,1,0,3.2926065573770487,6.0,5,1
2025-09-10,668674,7,1,0,1.7018,7.0,6,0
2025-09-10,668941,5,2,1,0.921497,5.0,2,0
2025-09-10,669199,3,0,0,2.148092857142857,3.0,3,1
2025-09-10,669276,2,1,0,0.239,2.0,1,0
2025-09-10,669302,22,8,1,6.15175585106383,21.0,11,1
2025-09-10,669330,22,6,1,5.084373190476191,22.0,15,1
2025-09-10,669387,7,2,2,1.991994,7.0,3,0
2025-09-10,669674,3,0,1,1.536497,3.0,2,0
2025-09-10,669704,2,1,0,0.45275,2.0,1,0
2025-09-10,669711,5,2,1,1.989786,5.0,1,0
2025-09-10,669724,6,1,0,2.8600000000000003,6.0,5,0
2025-09-10,669920,23,3,1,6.828763666666667,23.0,19,0
2025-09-10,670036,3,1,0,0.19,3.0,2,0
2025-09-10,670329,4,1,1,1.087497,4.0,2,0
2025-09-10,670970,7,0,3,3.044994,6.0,4,0
2025-09-10,671096,30,6,2,6.830407793103449,30.0,22,1
2025-09-10,671106,21,2,0,5.849,21.0,19,0
2025-09-10,671131,8,1,2,3.433494,8.0,5,0
2025-09-10,671737,24,5,2,8.002342780487806,24.0,17,1
2025-09-10,672282,3,0,0,1.349022727272727,3.0,3,1
2025-09-10,672582,7,1,2,1.7289940000000001,7.0,4,0
2025-09-10,672841,5,1,0,0.698,5.0,4,0
2025-09-10,673513,3,1,1,0.950497,3.0,1,0
2025-09-10,673929,3,1,0,0.074,3.0,2,0
2025-09-10,675512,8,4,1,3.8908970000000003,8.0,3,1
2025-09-10,676106,6,0,0,1.204,6.0,6,0
2025-09-10,676130,5,1,0,1.3439999999999999,5.0,4,0
2025-09-10,676395,4,1,0,0.912,4.0,3,0
2025-09-10,676534,3,2,0,0.005,3.0,1,0
2025-09-10,676571,3,0,0,0.537,3.0,3,0
2025-09-10,676617,10,2,2,2.231497,8.0,6,0
2025-09-10,676755,6,0,0,2.3460487804878047,6.0,6,1
2025-09-10,676775,6,1,1,2.202448219512195,6.0,4,1
2025-09-10,678024,3,1,0,0.641,3.0,2,0
2025-09-10,678692,5,2,0,0.788,5.0,3,0
2025-09-10,679883,8,1,1,2.775497,8.0,6,0
2025-09-10,680732,20,5,4,8.015992047558816,20.0,11,2
2025-09-10,680742,9,3,1,3.6394970000000004,9.0,5,1
2025-09-10,680755,4,2,1,0.699497,4.0,1,0
2025-09-10,681676,5,1,1,0.81525,4.0,3,1
2025-09-10,681869,4,1,1,1.0534970000000001,4.0,2,0
2025-09-10,681870,3,1,0,0.05499999999999999,3.0,2,0
2025-09-10,681911,2,2,0,0.0,2.0,0,0
2025-09-10,681982,3,0,0,0.642,3.0,3,0
2025-09-10,682120,3,0,1,1.534497,3.0,2,0
2025-09-10,682254,8,1,1,3.1764970000000003,8.0,6,0
2025-09-10,682790,3,1,1,0.691497,2.0,1,0
2025-09-10,683409,3,0,0,2.268,3.0,3,1
2025-09-10,683627,10,0,0,4.221111111111111,10.0,9,1
2025-09-10,683769,3,0,0,0.6887500000000001,3.0,3,1
2025-09-10,685126,5,2,1,1.5540424545454545,5.0,2,1
2025-09-10,685314,7,0,1,3.0606636666666667,7.0,6,1
2025-09-10,686580,4,0,1,1.909557606060606,4.0,3,1
2025-09-10,686642,3,1,0,0.595,3.0,2,0
2025-09-10,686930,20,4,1,4.920747,20.0,15,1
2025-09-10,686973,6,1,1,1.683497,6.0,4,0
2025-09-10,686993,6,2,0,0.5630000000000001,6.0,4,0
2025-09-10,687330,5,3,0,1.470727272727273,5.0,2,1
2025-09-10,687863,2,2,0,0.0,2.0,0,0
2025-09-10,689147,5,2,1,1.685497,5.0,2,0
2025-09-10,690925,2,1,0,1.218568965517241,2.0,1,1
2025-09-10,690986,13,2,0,2.558289,13.0,10,0
2025-09-10,691587,23,7,0,6.865222222222222,23.0,16,1
2025-09-10,691799,1,0,1,0.691497,1.0,0,0
2025-09-10,693312,3,0,1,1.316497,3.0,2,0
2025-09-10,693313,10,1,0,4.79085294117647,9.0,9,1
2025-09-10,694335,7,2,1,2.116037983606558,7.0,4,1
2025-09-10,694973,16,8,0,2.176339285714285,16.0,8,1
2025-09-10,697812,12,2,2,3.1432830000000003,12.0,7,0
2025-09-10,700241,23,4,0,4.745601398601399,23.0,19,0
2025-09-10,702352,13,4,3,5.223119285714285,13.0,5,1
2025-09-10,801139,9,2,0,2.787984848484848,9.0,7,1
2025-09-10,806188,2,2,0,0.0,2.0,0,0
2025-09-10,820862,5,1,1,2.711999702702703,5.0,3,1
2025-09-11,445276,4,0,1,1.441497,4.0,3,0
2025-09-11,472610,3,2,0,0.784,3.0,1,0
2025-09-11,548384,3,0,1,1.072497,3.0,2,0
2025-09-11,592332,30,9,1,6.596467149253732,30.0,20,1
2025-09-11,592426,6,0,1,1.3422799999999997,4.0,5,1
2025-09-11,592454,4,0,2,2.076994,4.0,2,0
2025-09-11,596112,4,2,0,0.709,4.0,1,0
2025-09-11,620454,5,0,1,1.322,4.0,4,0
2025-09-11,621121,10,0,1,4.034535461538462,10.0,9,0
2025-09-11,621242,3,1,0,0.131,3.0,2,0
2025-09-11,623474,3,2,0,0.036,3.0,1,0
2025-09-11,641302,6,1,1,3.170497,6.0,4,0
2025-09-11,642232,14,2,2,6.731847548387097,14.0,10,2
2025-09-11,643511,3,0,0,0.267,3.0,3,0
2025-09-11,656271,3,0,0,1.251,3.0,3,0
2025-09-11,656457,1,1,0,0.0,1.0,0,0
2025-09-11,656848,3,2,0,0.0,3.0,1,0
2025-09-11,656849,22,8,1,8.796360095238096,22.0,13,2
2025-09-11,657585,6,1,1,1.881497,6.0,4,0
2025-09-11,660825,4,2,0,0.239,4.0,2,0
2025-09-11,661395,3,3,0,0.0,3.0,0,0
2025-09-11,662253,3,2,0,0.0,2.0,1,0
2025-09-11,663158,3,1,0,0.182,3.0,2,0
2025-09-11,663455,6,0,1,2.799497,6.0,5,0
2025-09-11,663568,24,4,1,6.880932897435898,24.0,19,1
2025-09-11,663947,5,2,0,2.863153846153846,5.0,3,1
2025-09-11,663969,7,1,0,1.6,7.0,6,0
2025-09-11,664299,24,6,1,5.711161583333333,24.0,17,1
2025-09-11,664991,4,1,0,0.8,4.0,3,0
2025-09-11,666168,4,1,0,1.329,4.0,3,0
2025-09-11,666200,28,10,0,5.522693548387097,28.0,18,1
2025-09-11,666374,4,1,0,1.504,4.0,3,0
2025-09-11,666974,2,1,0,0.378,2.0,1,0
2025-09-11,667755,22,4,3,6.86778,22.0,14,0
2025-09-11,668909,25,6,3,6.63930112145749,25.0,16,1
2025-09-11,669022,21,4,2,6.039994,21.0,15,0
2025-09-11,669093,3,2,0,0.086,3.0,1,0
2025-09-11,669211,4,1,0,0.498,3.0,2,0
2025-09-11,669371,4,1,2,1.387994,4.0,1,0
2025-09-11,669704,5,2,1,1.649497,5.0,2,0
2025-09-11,669724,5,1,1,1.7164970000000002,5.0,3,0
2025-09-11,670036,4,1,0,1.68,4.0,3,0
2025-09-11,670059,6,1,2,2.207497,5.0,3,0
2025-09-11,670167,6,1,0,2.3151250000000005,6.0,5,1
2025-09-11,670912,25,5,3,8.227268777777779,25.0,17,0
2025-09-11,671111,10,1,3,2.435,7.0,6,0
2025-09-11,671922,4,2,0,0.732289,4.0,1,0
2025-09-11,672456,7,3,1,2.166112384615385,7.0,3,0
2025-09-11,672841,3,1,0,0.358,3.0,2,0
2025-09-11,673929,3,0,0,0.108,3.0,3,0
2025-09-11,677955,5,3,0,0.161,5.0,2,0
2025-09-11,677960,19,4,0,4.651,19.0,15,0
2025-09-11,678692,4,2,0,0.9300000000000002,4.0,2,0
2025-09-11,679358,7,1,2,3.3449496666666665,7.0,3,0
2025-09-11,680702,6,2,0,0.758,6.0,4,0
2025-09-11,680767,4,0,0,0.913,4.0,4,0
2025-09-11,681190,22,9,0,3.831,22.0,13,0
2025-09-11,681217,4,0,0,1.7518260869565219,4.0,4,0
2025-09-11,681343,21,4,1,6.638652172413794,21.0,16,1
2025-09-11,681870,3,2,1,0.691497,3.0,0,0
2025-09-11,681895,5,2,0,0.229,5.0,3,0
2025-09-11,682243,23,11,0,6.6166825396825395,23.0,12,2
2025-09-11,683769,1,0,0,0.243,1.0,1,0
2025-09-11,685126,4,0,0,0.824,4.0,4,0
2025-09-11,685326,20,4,2,7.290015634615385,20.0,14,1
2025-09-11,687830,15,3,0,7.280888999999999,15.0,11,2
2025-09-11,690544,7,1,1,2.871497,7.0,5,0
2025-09-11,693645,24,7,2,8.677490794871796,24.0,15,1
2025-09-11,693855,22,5,2,7.4106624873949585,22.0,15,2
2025-09-11,695243,3,2,0,0.293,3.0,1,0
2025-09-11,700249,22,6,2,7.322327333333333,22.0,14,1
2025-09-11,820862,3,1,0,0.107,3.0,2,0
2025-09-12,434378,29,4,4,9.665071971659918,28.0,21,2
2025-09-12,458677,8,2,1,2.229787878787879,7.0,5,1
2025-09-12,518585,5,3,1,1.9635928904109596,5.0,1,1
2025-09-12,519141,3,1,0,0.31400000000000006,3.0,2,0
2025-09-12,527048,25,3,2,7.972966727272727,24.0,19,2
2025-09-12,543859,5,0,1,2.474406090909091,5.0,4,1
2025-09-12,547179,20,3,2,10.842457706089892,20.0,15,5
2025-09-12,552640,3,1,0,0.115,2.0,1,0
2025-09-12,571510,21,1,2,9.279966727272727,21.0,18,2
2025-09-12,579328,22,3,1,6.1024970000000005,22.0,18,0
2025-09-12,592773,5,1,0,0.84,5.0,4,0
2025-09-12,593974,6,2,0,1.02,6.0,4,0
2025-09-12,594798,25,2,0,8.610921428571428,25.0,23,4
2025-09-12,595014,3,0,1,0.391,2.0,2,0
2025-09-12,605135,18,6,1,4.898675743961353,18.0,11,2
2025-09-12,606160,7,1,0,1.65,7.0,6,0
2025-09-12,608337,23,6,1,9.145724272727273,23.0,15,2
2025-09-12,608650,8,0,1,2.721,7.0,7,0
2025-09-12,621051,6,0,0,1.2012500000000002,6.0,6,1
2025-09-12,621053,7,3,1,1.923497,7.0,3,0
2025-09-12,621111,22,3,1,5.436286,22.0,17,1
2025-09-12,621366,3,1,2,1.382994,3.0,0,0
2025-09-12,621383,3,1,0,0.5916153846153847,3.0,2,0
2025-09-12,622491,23,5,2,6.513407793103449,23.0,16,1
2025-09-12,623211,13,0,1,3.112497,13.0,12,0
2025-09-12,623474,2,1,0,0.488,2.0,1,0
2025-09-12,641154,23,6,3,7.17678,23.0,13,0
2025-09-12,641401,9,4,1,3.5702445141065837,8.0,4,2
2025-09-12,641540,12,2,0,4.981480168111374,12.0,10,2
2025-09-12,641745,3,2,0,0.084,3.0,1,0
2025-09-12,641835,5,0,1,1.201497,4.0,3,0
2025-09-12,642100,3,1,0,0.077,3.0,2,0
2025-09-12,642207,4,1,0,1.02,4.0,3,0
2025-09-12,642239,4,1,0,1.066289,4.0,2,0
2025-09-12,642397,7,1,1,3.294199702702703,7.0,5,1
2025-09-12,643377,4,3,0,1.2720958904109596,4.0,1,1
2025-09-12,645261,25,8,0,4.843,25.0,17,1
2025-09-12,656222,3,0,0,0.6,3.0,3,0
2025-09-12,656605,20,4,1,7.201773121650106,20.0,15,3
2025-09-12,656794,3,3,0,0.0,3.0,0,0
2025-09-12,656945,3,0,2,1.9830379836065577,2.0,1,1
2025-09-12,657044,2,1,0,0.176,2.0,1,0
2025-09-12,657585,6,0,0,1.8422889999999998,6.0,5,0
2025-09-12,657649,5,3,1,1.048497,5.0,1,0
2025-09-12,657756,4,2,1,0.698497,4.0,1,0
2025-09-12,660896,8,1,0,3.6255,8.0,7,1
2025-09-12,661563,23,4,4,8.050746620689656,23.0,15,1
2025-09-12,662253,3,2,0,0.611,3.0,1,0
2025-09-12,663321,4,1,1,1.197497,4.0,2,0
2025-09-12,663485,8,0,0,4.578943356060606,8.0,7,3
2025-09-12,663687,3,0,0,1.0210000000000001,3.0,3,0
2025-09-12,663738,6,0,1,1.893497,6.0,5,0
2025-09-12,663765,4,0,1,3.5426825517241376,4.0,2,1
2025-09-12,663893,3,1,0,0.07700000000000001,3.0,2,0
2025-09-12,663903,22,4,1,5.259665321513003,22.0,17,2
2025-09-12,663978,12,2,1,4.418065965517241,12.0,9,1
2025-09-12,664076,2,0,0,0.41000000000000003,2.0,2,0
2025-09-12,664192,4,1,0,0.904289,4.0,2,0
2025-09-12,664199,5,1,1,2.8978665652173916,5.0,3,1
2025-09-12,664208,3,2,0,0.119,3.0,1,0
2025-09-12,664294,5,1,0,0.447,5.0,4,0
2025-09-12,664747,3,1,0,0.373,3.0,2,0
2025-09-12,664854,3,0,0,1.2439999999999998,3.0,3,0
2025-09-12,666277,4,1,1,0.800497,4.0,2,0
2025-09-12,666711,3,0,1,0.274,2.0,2,0
2025-09-12,667463,3,0,1,1.204497,3.0,2,0
2025-09-12,669358,17,5,3,6.87678,17.0,8,0
2025-09-12,669372,20,6,4,6.2102770000000005,20.0,9,0
2025-09-12,669373,15,2,0,6.541589,15.0,12,2
2025-09-12,669432,22,6,4,6.183988,22.0,12,0
2025-09-12,669467,22,0,4,8.361273714285714,21.0,18,0
2025-09-12,669674,5,2,0,1.4129999999999998,5.0,3,0
2025-09-12,669684,4,0,0,0.7969999999999999,4.0,4,0
2025-09-12,670280,3,2,0,0.005,3.0,1,0
2025-09-12,670955,7,1,0,3.7694884437596294,7.0,6,2
2025-09-12,672841,5,3,0,0.975289,5.0,1,0
2025-09-12,675848,5,1,1,1.7144970000000002,5.0,3,0
2025-09-12,676254,3,0,0,0.7869999999999999,3.0,3,0
2025-09-12,676263,6,3,0,0.64,6.0,3,0
2025-09-12,676395,4,1,0,1.359,4.0,3,0
2025-09-12,676440,30,10,0,6.635516272727273,30.0,19,1
2025-09-12,676467,16,3,1,6.6028928333333345,16.0,12,2
2025-09-12,676571,3,2,0,0.026,3.0,1,0
2025-09-12,676661,3,1,0,0.154,3.0,2,0
2025-09-12,676664,19,8,1,6.450881126984127,17.0,10,3
2025-09-12,676760,12,1,0,2.377826086956522,11.0,10,1
2025-09-12,676879,8,0,1,3.6211123846153845,8.0,7,0
2025-09-12,677161,4,0,2,1.868994,4.0,2,0
2025-09-12,678606,6,1,1,2.029497,6.0,4,0
2025-09-12,679358,7,1,2,3.184042780487805,7.0,4,1
2025-09-12,679775,4,0,1,1.6858379090909092,4.0,3,1
2025-09-12,679883,3,1,0,0.296,3.0,2,0
2025-09-12,680755,3,0,1,1.623497,3.0,2,0
2025-09-12,680767,6,1,1,2.077497,6.0,4,0
2025-09-12,681151,10,1,0,2.7662500000000003,10.0,9,1
2025-09-12,681869,9,1,1,4.141699150537635,9.0,7,1
2025-09-12,681892,3,0,0,0.63,3.0,3,0
2025-09-12,681895,3,1,1,0.7254970000000001,3.0,1,0
2025-09-12,682990,22,5,1,7.018750285714286,22.0,15,3
2025-09-12,684320,3,0,0,0.432,3.0,3,0
2025-09-12,685299,21,9,1,5.0416285789473685,21.0,11,1
2025-09-12,685314,2,0,1,0.8534970000000001,2.0,1,0
2025-09-12,686973,3,2,0,0.086,3.0,1,0
2025-09-12,686993,5,2,0,1.5590000000000002,5.0,3,0
2025-09-12,687330,3,2,0,0.241,3.0,1,0
2025-09-12,687863,3,1,0,0.068,3.0,2,0
2025-09-12,688297,6,1,0,1.214,6.0,5,0
2025-09-12,689147,3,1,0,0.586,3.0,2,0
2025-09-12,690925,3,2,0,0.295,3.0,1,0
2025-09-12,693312,6,1,1,3.4336803333333332,6.0,4,1
2025-09-12,694297,22,2,1,10.063686787900272,22.0,19,4
2025-09-12,694462,24,4,2,9.359711571428571,24.0,17,1
2025-09-12,695418,25,4,0,8.809598395721926,25.0,21,3
2025-09-12,695505,9,1,0,5.0136863353133005,9.0,8,3
2025-09-12,701519,4,0,0,1.447,4.0,4,0
2025-09-12,804636,9,1,3,4.976491,9.0,5,0
2025-09-12,805123,4,0,0,1.5756153846153846,4.0,4,0
2025-09-12,805299,3,2,0,0.056,3.0,1,0
2025-09-12,806188,5,1,1,1.579786,5.0,2,0
2025-09-12,808967,23,10,1,6.709255220502901,23.0,12,2
2025-09-13,450203,19,4,4,5.967988,19.0,11,0
2025-09-13,453286,21,5,2,6.4942082857142855,21.0,14,1
2025-09-13,455119,5,1,0,0.464,5.0,4,0
2025-09-13,477132,18,2,4,7.592988,18.0,12,0
2025-09-13,489446,6,1,1,2.851497,6.0,4,0
2025-09-13,502085,5,2,0,1.018,5.0,3,0
2025-09-13,518585,4,2,0,1.3095409836065577,4.0,2,1
2025-09-13,519141,3,0,0,0.7320000000000001,3.0,3,0
2025-09-13,542888,3,2,0,0.6687500000000001,3.0,1,1
2025-09-13,543243,19,8,1,4.47115325,19.0,10,1
2025-09-13,547184,4,1,1,1.088497,4.0,2,0
2025-09-13,547973,5,0,0,1.8,5.0,5,0
2025-09-13,548384,4,1,0,0.7889999999999999,4.0,3,0
2025-09-13,571578,21,5,2,6.3927132982456145,21.0,14,1
2025-09-13,571948,4,1,0,1.0811739130434783,4.0,3,1
2025-09-13,573204,5,1,0,0.47300000000000003,5.0,4,0
2025-09-13,592426,3,0,0,1.025,3.0,3,0
2025-09-13,592454,3,1,0,0.231,3.0,2,0
2025-09-13,592836,23,3,1,6.85844583158743,23.0,19,2
2025-09-13,595928,7,2,0,2.043,7.0,5,0
2025-09-13,596133,2,2,0,0.0,2.0,0,0
2025-09-13,605130,5,0,1,3.919497,5.0,4,1
2025-09-13,606160,3,0,0,1.4634468085106378,2.0,2,1
2025-09-13,606996,6,3,0,0.835,6.0,3,0
2025-09-13,607067,22,5,0,7.639936058059587,22.0,17,3
2025-09-13,607200,6,0,2,2.692994,6.0,4,0
2025-09-13,607259,11,3,1,2.184497,11.0,7,0
2025-09-13,608331,26,6,2,7.023994,25.0,17,0
2025-09-13,608372,20,4,0,7.056128472222222,20.0,16,2
2025-09-13,621242,8,1,1,3.109497,7.0,6,0
2025-09-13,621381,5,0,1,1.1134970000000002,5.0,4,0
2025-09-13,621383,3,0,0,0.8038000000000001,3.0,3,0
2025-09-13,622554,3,0,0,1.5583157894736843,3.0,3,1
2025-09-13,622608,15,2,1,4.250330333333333,15.0,12,1
2025-09-13,622663,23,2,2,7.996931434609751,22.0,18,2
2025-09-13,641329,4,0,0,1.3203333333333334,4.0,4,0
2025-09-13,641745,5,0,1,2.499138975308642,5.0,4,1
2025-09-13,641755,3,0,0,0.095,3.0,3,0
2025-09-13,641778,6,2,1,1.217497,6.0,3,0
2025-09-13,642207,3,0,0,1.0510000000000002,3.0,3,0
2025-09-13,642239,4,0,1,1.2062970000000002,4.0,3,0
2025-09-13,642701,4,0,1,0.927497,4.0,3,0
2025-09-13,643377,3,1,0,0.062,3.0,2,0
2025-09-13,643511,4,1,0,1.46,4.0,2,0
2025-09-13,656302,24,6,1,6.859497,24.0,17,0
2025-09-13,656457,6,2,0,0.36,6.0,4,0
2025-09-13,656629,5,1,2,1.9649940000000001,5.0,2,0
2025-09-13,656848,7,2,1,1.5688,6.0,4,0
2025-09-13,656876,22,5,3,5.528440808510638,21.0,14,1
2025-09-13,656945,3,1,0,0.214,3.0,2,0
2025-09-13,657044,1,0,0,0.009,1.0,1,0
2025-09-13,657277,22,5,2,7.373271777777778,22.0,15,2
2025-09-13,657424,8,0,1,3.199786,8.0,6,0
2025-09-13,657571,4,2,0,1.178,4.0,2,0
2025-09-13,657746,18,4,2,5.9094077931034485,18.0,12,2
2025-09-13,660853,5,2,0,1.6800000000000002,5.0,3,0
2025-09-13,661395,3,1,0,0.61,3.0,2,0
2025-09-13,663436,21,3,1,6.384211682539683,21.0,17,2
2025-09-13,663485,7,2,2,0.8504970000000001,5.0,3,0
2025-09-13,663687,4,0,1,0.855497,4.0,3,0
2025-09-13,663941,7,1,1,1.0774970000000001,7.0,5,0
2025-09-13,664076,4,1,0,1.05935,4.0,3,0
2025-09-13,664126,5,2,2,1.4829940000000001,5.0,1,0
2025-09-13,664199,3,0,0,2.870474999999999,3.0,3,1
2025-09-13,664208,4,2,1,1.626497,4.0,1,0
2025-09-13,665660,4,0,0,2.9168571428571433,4.0,4,1
2025-09-13,666374,4,1,0,1.861951219512195,4.0,3,1
2025-09-13,666974,5,0,0,2.3529999999999998,5.0,4,0
2025-09-13,667297,3,0,0,0.735,3.0,3,0
2025-09-13,668390,4,2,0,1.623289,4.0,1,0
2025-09-13,668674,3,1,0,0.5800000000000001,3.0,2,0
2025-09-13,668881,14,3,4,6.937004333938294,14.0,7,2
2025-09-13,668933,6,1,0,2.305,5.0,5,0
2025-09-13,668941,7,0,3,3.2828410000000003,7.0,4,0
2025-09-13,668964,8,1,0,2.592289,8.0,6,0
2025-09-13,669020,3,2,0,0.068,3.0,1,0
2025-09-13,669194,23,4,3,6.4344909999999995,23.0,16,0
2025-09-13,669199,3,2,0,0.057,3.0,1,0
2025-09-13,669211,5,0,1,2.7881220000000004,5.0,4,1
2025-09-13,669371,3,0,2,1.504994,3.0,1,0
2025-09-13,669387,7,3,0,0.5640000000000001,7.0,4,0
2025-09-13,669620,3,0,0,0.472,3.0,3,0
2025-09-13,669674,2,0,0,1.1231428571428572,2.0,2,1
2025-09-13,669684,5,2,1,1.115497,5.0,2,0
2025-09-13,669704,4,0,0,0.793,4.0,4,0
2025-09-13,670280,3,0,0,1.1440000000000001,3.0,3,0
2025-09-13,670329,4,1,1,1.4994969999999999,4.0,2,0
2025-09-13,671111,9,2,0,2.3680000000000003,9.0,7,0
2025-09-13,671131,2,0,0,0.663,2.0,2,0
2025-09-13,671922,3,2,0,0.578,3.0,1,0
2025-09-13,672582,7,1,1,2.237747,7.0,5,0
2025-09-13,673513,3,1,0,0.147,3.0,2,0
2025-09-13,674841,23,5,1,5.395497,23.0,17,0
2025-09-13,675512,10,1,0,4.124,10.0,9,1
2025-09-13,676083,26,4,1,9.017706523809524,26.0,21,1
2025-09-13,676130,7,0,2,2.436497,6.0,5,0
2025-09-13,676477,7,1,0,2.1390000000000002,7.0,6,0
2025-09-13,676534,3,1,0,0.815,3.0,2,0
2025-09-13,676571,4,0,1,1.743497,4.0,3,0
2025-09-13,676617,4,0,0,2.620578,4.0,2,0
2025-09-13,676684,7,1,1,2.7535879090909092,7.0,5,0
2025-09-13,676775,5,1,0,0.9912857142857142,5.0,4,0
2025-09-13,678394,24,4,3,10.086757588383838,24.0,16,3
2025-09-13,680736,7,4,0,0.991,7.0,3,0
2025-09-13,680742,5,1,0,2.412,5.0,4,0
2025-09-13,680755,5,1,1,2.712247000000001,4.0,2,1
2025-09-13,681006,2,1,1,0.0,1.0,0,0
2025-09-13,681217,3,1,0,0.194,3.0,2,0
2025-09-13,681517,7,1,0,2.48,7.0,6,0
2025-09-13,681870,4,2,0,0.34700000000000003,4.0,2,0
2025-09-13,681892,3,2,0,0.226,3.0,1,0
2025-09-13,681982,3,1,0,0.966,3.0,2,0
2025-09-13,682842,4,0,1,1.587786,4.0,2,0
2025-09-13,683175,6,1,1,2.2417860000000003,6.0,3,0
2025-09-13,683409,5,1,0,2.2988731443994603,5.0,4,1
2025-09-13,683618,3,3,0,0.0,3.0,0,0
2025-09-13,683769,3,1,0,0.749,3.0,2,0
2025-09-13,686613,23,2,1,6.2971030606060605,23.0,20,1
2025-09-13,686642,4,1,0,2.731178571428572,4.0,3,1
2025-09-13,686701,19,5,3,5.351491,18.0,11,0
2025-09-13,687075,23,3,0,6.6367403846153845,23.0,20,1
2025-09-13,687134,16,0,2,10.103199463652846,16.0,14,4
2025-09-13,687863,5,2,0,2.159857142857143,5.0,3,1
2025-09-13,687911,4,1,0,0.19,4.0,3,0
2025-09-13,688497,7,2,1,2.705199702702703,7.0,4,1
2025-09-13,689266,13,4,2,3.599994,12.0,6,0
2025-09-13,689520,6,2,0,1.6829999999999998,6.0,4,0
2025-09-13,690925,3,2,0,0.166,3.0,1,0
2025-09-13,693433,22,13,1,5.079675571428572,22.0,8,1
2025-09-13,693821,26,7,3,9.580491,26.0,16,1
2025-09-13,694335,8,3,1,1.0854970000000002,8.0,4,0
2025-09-13,694819,23,4,1,8.171236687429854,23.0,17,3
2025-09-13,696149,20,7,0,3.7500666666666667,20.0,13,0
2025-09-13,699134,4,0,0,2.533289,4.0,3,0
2025-09-13,701487,9,2,1,2.569497,9.0,6,0
2025-09-13,800048,24,4,1,7.126519727272727,24.0,19,1
2025-09-13,805299,4,1,0,1.9543181818181812,4.0,3,1
2025-09-13,806188,5,0,1,2.183497,5.0,4,0
2025-09-13,815083,22,7,4,7.473213170212766,22.0,10,1
2025-09-13,829272,6,0,2,3.7908358688230006,6.0,4,2
2025-09-14,489446,3,0,0,0.194,3.0,3,0
2025-09-14,500779,17,2,2,4.369694,17.0,13,0
2025-09-14,506433,20,5,0,5.618689,20.0,14,1
2025-09-14,518886,6,1,0,2.8264545454545456,6.0,5,0
2025-09-14,542888,4,2,0,0.48,4.0,2,0
2025-09-14,543101,13,3,1,4.056385888888888,13.0,9,1
2025-09-14,543294,22,6,2,7.829639161290323,22.0,14,3
2025-09-14,543859,7,1,0,2.320289,7.0,5,0
2025-09-14,544150,12,5,1,3.564983111111111,12.0,6,1
2025-09-14,547184,3,0,0,0.59,3.0,3,0
2025-09-14,547973,3,1,0,0.854,3.0,2,0
2025-09-14,548384,4,0,0,1.8602889999999999,4.0,3,0
2025-09-14,552640,4,3,1,0.691497,4.0,0,0
2025-09-14,570632,12,1,1,3.877358111111111,12.0,10,1
2025-09-14,571927,4,0,0,2.344606060606061,4.0,4,1
2025-09-14,571945,20,5,0,5.379325127334465,20.0,15,2
2025-09-14,571948,3,0,0,0.567,3.0,3,0
2025-09-14,572955,4,1,0,1.4713809523809525,4.0,3,1
2025-09-14,573204,2,0,0,0.275,2.0,2,0
2025-09-14,592454,6,0,0,1.147,6.0,6,0
2025-09-14,592662,22,5,4,8.249603384615385,22.0,13,0
2025-09-14,592773,4,1,1,0.7394970000000001,4.0,2,0
2025-09-14,595345,5,1,1,1.5137242727272728,5.0,3,1
2025-09-14,605130,3,1,0,0.276,3.0,2,0
2025-09-14,605288,24,2,1,7.8362886666666665,24.0,21,0
2025-09-14,605400,26,5,1,8.0517000980967,26.0,20,5
2025-09-14,606303,6,2,2,2.301283,6.0,1,0
2025-09-14,607192,27,4,4,8.522277,27.0,18,0
2025-09-14,608032,3,0,1,0.7274970000000001,3.0,2,0
2025-09-14,608566,19,0,2,7.182572125000001,19.0,17,1
2025-09-14,621053,2,0,0,0.603,2.0,2,0
2025-09-14,621112,4,1,0,0.6699999999999999,4.0,3,0
2025-09-14,621242,3,0,0,0.864,2.0,2,0
2025-09-14,621366,8,1,1,3.586497,8.0,6,0
2025-09-14,622503,21,4,0,6.356289,21.0,16,0
2025-09-14,623474,5,2,0,2.4197295825771326,5.0,3,2
2025-09-14,628452,3,2,0,0.011,3.0,1,0
2025-09-14,641401,6,1,1,2.890497,6.0,4,0
2025-09-14,641585,4,0,1,2.2489706842105264,4.0,3,1
2025-09-14,641672,5,1,1,1.371,4.0,3,0
2025-09-14,641835,6,2,1,1.488497,6.0,3,0
2025-09-14,641927,23,9,0,6.655423615384616,23.0,13,2
2025-09-14,642152,5,0,1,1.679497,5.0,4,1
2025-09-14,643410,3,0,0,0.741,3.0,3,0
2025-09-14,643511,3,0,0,1.112,3.0,3,0
2025-09-14,650893,5,2,1,2.1364970000000003,5.0,2,0
2025-09-14,656222,1,0,0,0.392,1.0,1,0
2025-09-14,656629,6,0,1,2.4584970000000004,6.0,5,0
2025-09-14,656641,20,4,4,5.246988,20.0,12,0
2025-09-14,656794,3,0,0,0.441,3.0,3,0
2025-09-14,657044,3,1,0,0.374,3.0,2,0
2025-09-14,657097,4,2,0,0.24,4.0,2,0
2025-09-14,657585,3,0,1,1.635497,3.0,2,0
2025-09-14,657649,3,2,0,0.621,3.0,1,0
2025-09-14,660853,4,3,0,0.266,4.0,1,0
2025-09-14,660896,5,1,1,2.178122,5.0,3,1
2025-09-14,663158,4,3,0,0.407,4.0,1,0
2025-09-14,663455,5,2,1,1.128497,5.0,2,0
2025-09-14,663574,2,1,0,0.019,2.0,1,0
2025-09-14,664141,10,1,0,4.4795,10.0,9,1
2025-09-14,664285,23,2,4,7.651845142857143,23.0,17,1
2025-09-14,664353,7,2,1,3.385206090909091,7.0,4,0
2025-09-14,664875,5,1,1,2.197497,5.0,3,0
2025-09-14,664991,6,1,0,0.959,6.0,5,0
2025-09-14,665871,10,1,2,3.688994,10.0,7,0
2025-09-14,666157,25,5,0,7.688211772131389,24.0,19,2
2025-09-14,666168,4,1,1,0.7554970000000001,4.0,2,0
2025-09-14,666214,18,5,1,5.853247,18.0,12,1
2025-09-14,666277,6,2,0,1.568,6.0,4,0
2025-09-14,666711,6,0,2,1.9546093846153847,6.0,4,0
2025-09-14,666808,3,2,0,0.233,3.0,1,0
2025-09-14,667463,4,1,0,0.711,4.0,3,0
2025-09-14,668390,3,0,0,2.148486111111111,3.0,3,1
2025-09-14,668941,4,0,0,1.25625,4.0,4,1
2025-09-14,668984,4,2,1,1.052497,4.0,1,0
2025-09-14,669020,1,0,0,0.203,1.0,1,0
2025-09-14,669093,5,2,1,2.5361726756756755,5.0,2,1
2025-09-14,669276,3,1,0,0.7775000000000001,3.0,2,0
2025-09-14,669456,22,5,1,5.584446152542373,22.0,16,1
2025-09-14,669620,3,0,1,0.7444970000000001,3.0,2,0
2025-09-14,669722,3,1,0,0.051,3.0,2,0
2025-09-14,669923,22,14,0,4.069952818627452,22.0,8,2
2025-09-14,670036,3,3,0,0.0,3.0,0,0
2025-09-14,670167,4,0,0,1.4674390243902438,4.0,4,1
2025-09-14,670183,5,0,2,1.4259940000000002,5.0,3,0
2025-09-14,670955,6,2,0,2.723,6.0,4,0
2025-09-14,670970,5,0,0,2.259676923076923,4.0,5,1
2025-09-14,671131,4,1,0,1.0664117647058826,4.0,3,1
2025-09-14,671922,5,2,0,0.441,5.0,3,0
2025-09-14,672456,18,5,0,4.968,18.0,13,0
2025-09-14,672710,11,0,0,2.8795631302521008,11.0,11,2
2025-09-14,672782,18,4,1,4.289639857142857,18.0,13,1
2025-09-14,675848,5,0,1,1.6087859999999998,5.0,3,0
2025-09-14,676106,6,2,0,1.082,6.0,4,0
2025-09-14,676395,3,1,0,0.104,3.0,2,0
2025-09-14,676477,4,3,0,1.2185,4.0,1,1
2025-09-14,676617,4,2,1,0.7364970000000001,4.0,1,0
2025-09-14,676661,7,0,1,4.071834907375643,7.0,6,2
2025-09-14,676679,3,0,0,1.6128437499999997,3.0,3,1
2025-09-14,676684,5,1,1,1.739497,5.0,3,0
2025-09-14,676702,9,2,1,4.490497,9.0,6,1
2025-09-14,676755,8,1,1,2.063497,8.0,6,0
2025-09-14,676879,6,3,1,2.092997,6.0,2,0
2025-09-14,676917,21,2,4,6.852731545454546,21.0,14,0
2025-09-14,676979,24,12,1,6.431377952380953,24.0,11,2
2025-09-14,677944,21,4,1,5.086393880929791,21.0,16,2
2025-09-14,679775,3,0,1,1.6527859999999999,3.0,1,0
2025-09-14,679883,1,0,0,0.144,1.0,1,0
2025-09-14,681006,3,1,0,1.0979999999999999,3.0,2,0
2025-09-14,681168,2,0,1,1.8851034482758624,1.0,1,1
2025-09-14,681347,19,6,1,6.017148428571429,18.0,11,2
2025-09-14,681895,2,2,0,0.0,2.0,0,0
2025-09-14,681982,2,2,0,0.0,2.0,0,0
2025-09-14,682120,1,1,0,0.0,1.0,0,0
2025-09-14,682790,5,1,2,2.395994,5.0,2,0
2025-09-14,683618,1,0,0,0.051,1.0,1,0
2025-09-14,683769,3,1,0,0.292,3.0,2,0
2025-09-14,684007,22,9,0,9.078,22.0,13,2
2025-09-14,685005,4,0,2,2.151994,4.0,2,0
2025-09-14,685068,19,2,1,7.517344104247105,19.0,16,2
2025-09-14,685126,8,1,0,3.5070666666666663,8.0,7,1
2025-09-14,686642,2,0,1,1.159497,2.0,1,0
2025-09-14,686973,4,2,0,1.4478571428571432,4.0,2,1
2025-09-14,686993,4,1,0,1.9069423076923075,4.0,3,1
2025-09-14,687209,6,0,1,2.8534363939393934,6.0,5,1
2025-09-14,690925,5,3,1,1.458497,5.0,1,0
2025-09-14,690997,24,7,2,7.803854428571428,24.0,14,1
2025-09-14,693313,6,1,0,2.166,6.0,5,0
2025-09-14,694477,4,1,0,0.96,4.0,3,0
2025-09-14,695243,4,3,0,0.0,3.0,0,0
2025-09-14,701542,26,2,1,8.99189453466872,25.0,22,1
2025-09-14,702070,24,7,1,8.671043969696969,24.0,16,3
2025-09-14,702352,7,2,0,1.595,7.0,5,0
2025-09-14,800049,22,4,2,5.409691674418605,22.0,16,1
2025-09-14,806960,22,2,2,7.379456913043478,22.0,17,1
2025-09-15,502085,5,0,2,0.782497,3.0,2,0
2025-09-15,592791,22,3,2,6.224244,22.0,17,0
2025-09-15,595014,4,0,1,0.21,3.0,3,0
2025-09-15,595345,4,3,0,0.154,4.0,1,0
2025-09-15,596133,6,0,2,2.834994,5.0,4,0
2025-09-15,605218,3,1,0,0.097,3.0,2,0
2025-09-15,607074,23,4,1,7.043747,23.0,18,1
2025-09-15,607455,3,1,1,1.7964482195121951,3.0,1,1
2025-09-15,608650,9,4,0,1.213,9.0,5,0
2025-09-15,621051,3,1,1,0.7274970000000001,3.0,1,0
2025-09-15,621381,3,2,0,0.021,3.0,1,0
2025-09-15,622554,3,1,0,0.327,3.0,2,0
2025-09-15,624133,26,5,2,7.844395253918496,25.0,19,1
2025-09-15,641302,4,0,0,3.100392857142857,4.0,4,1
2025-09-15,641329,4,1,0,0.8470000000000001,3.0,3,0
2025-09-15,641745,1,1,0,0.0,1.0,0,0
2025-09-15,641793,22,3,0,4.987039,22.0,18,1
2025-09-15,641941,4,1,0,0.467,4.0,3,0
2025-09-15,643377,3,2,0,1.1097192982456143,3.0,1,1
2025-09-15,647336,9,2,2,2.489283,9.0,4,0
2025-09-15,650556,5,0,1,2.329497,5.0,4,0
2025-09-15,656222,3,1,0,0.12200000000000001,3.0,2,0
2025-09-15,656457,3,1,0,1.2091818181818181,3.0,2,1
2025-09-15,656546,4,2,1,1.103497,4.0,1,0
2025-09-15,656945,3,1,0,0.47500000000000003,3.0,2,0
2025-09-15,657097,2,0,0,1.3678571428571429,2.0,2,0
2025-09-15,657424,5,0,1,2.202497,5.0,4,0
2025-09-15,657612,3,1,0,0.162,3.0,2,0
2025-09-15,657756,3,0,1,1.576497,3.0,2,0
2025-09-15,661395,5,1,1,2.6358665652173916,5.0,3,1
2025-09-15,663455,3,0,0,0.346,3.0,3,0
2025-09-15,663574,4,0,0,2.796289,4.0,3,0
2025-09-15,663893,3,1,0,0.87,3.0,2,0
2025-09-15,664076,3,2,0,0.794,3.0,1,0
2025-09-15,664126,3,0,0,0.7080000000000001,3.0,3,0
2025-09-15,664192,6,0,0,3.970066558441558,6.0,6,2
2025-09-15,664294,4,0,0,1.221,4.0,4,0
2025-09-15,664747,5,3,2,1.382994,5.0,0,0
2025-09-15,666711,3,0,2,1.626994,3.0,1,0
2025-09-15,666808,2,0,0,0.631,2.0,2,0
2025-09-15,667463,3,0,0,0.574,3.0,3,0
2025-09-15,668678,21,6,1,4.0191997027027035,21.0,14,1
2025-09-15,668933,5,2,0,1.7240000000000002,5.0,3,0
2025-09-15,669276,2,0,0,0.19,2.0,2,0
2025-09-15,669461,23,6,1,9.47672080952381,23.0,16,4
2025-09-15,669704,3,2,0,0.409,3.0,1,0
2025-09-15,669920,20,5,1,5.36561730075188,20.0,14,1
2025-09-15,671212,21,5,0,5.3822222222222225,21.0,16,2
2025-09-15,675911,25,6,2,9.23431435723667,25.0,17,4
2025-09-15,676263,5,1,0,3.4411754385964914,5.0,4,1
2025-09-15,676742,8,0,1,3.9822470000000005,8.0,7,1
2025-09-15,676775,8,1,0,2.993263157894737,8.0,7,1
2025-09-15,677952,19,4,2,6.7609010043656905,19.0,13,3
2025-09-15,678024,10,2,1,4.013707526315789,10.0,7,1
2025-09-15,678906,16,5,1,3.806786,16.0,9,0
2025-09-15,680573,22,11,3,5.168491,22.0,8,1
2025-09-15,680694,21,9,4,6.139988,21.0,8,1
2025-09-15,680730,24,1,1,9.93458210638298,24.0,22,1
2025-09-15,680732,19,4,4,6.518277,19.0,10,0
2025-09-15,680755,7,4,0,0.321,6.0,3,0
2025-09-15,681151,3,0,0,1.6019999999999999,3.0,3,0
2025-09-15,681517,8,2,1,2.6903303333333333,8.0,5,1
2025-09-15,681676,4,0,2,2.6263273333333332,4.0,2,0
2025-09-15,681892,3,1,0,0.648,3.0,2,0
2025-09-15,681911,5,1,1,2.0940424545454546,5.0,3,1
2025-09-15,683004,28,4,1,9.039052666666667,28.0,22,2
2025-09-15,683175,3,2,0,0.262,3.0,1,0
2025-09-15,686218,21,7,3,3.421491,21.0,11,0
2025-09-15,686973,4,1,1,1.369497,4.0,2,0
2025-09-15,687330,4,0,0,2.561,4.0,4,0
2025-09-15,687377,6,3,0,3.820034188034188,6.0,3,2
2025-09-15,687863,5,0,2,2.5309939999999997,5.0,3,0
2025-09-15,687911,5,0,0,1.49,5.0,5,0
2025-09-15,688297,4,0,1,2.0811440588235293,4.0,3,0
2025-09-15,688497,7,3,1,2.8330751250000006,7.0,3,1
2025-09-15,689147,4,3,0,0.7471000000000002,4.0,1,1
2025-09-15,693312,8,2,0,2.901539,8.0,5,0
2025-09-15,700669,3,0,0,0.307,3.0,3,0
2025-09-15,701487,3,1,0,0.519,3.0,2,0
2025-09-15,701519,5,1,2,1.8279940000000001,5.0,2,0
2025-09-15,702056,20,9,2,4.8636076363636365,20.0,9,0
2025-09-15,829272,10,2,1,3.7947859999999998,10.0,6,0
2025-09-16,455119,3,0,0,1.096289,3.0,2,0
2025-09-16,458677,1,0,0,0.275,1.0,1,0
2025-09-16,502085,3,0,0,2.394,3.0,3,1
2025-09-16,518585,1,0,0,0.434,1.0,1,0
2025-09-16,518876,19,1,1,6.148497,18.0,17,0
2025-09-16,519141,3,2,0,0.141,3.0,1,0
2025-09-16,519242,27,9,0,4.725,27.0,18,0
2025-09-16,543056,3,1,1,0.802497,3.0,1,0
2025-09-16,543859,1,1,0,0.0,1.0,0,0
2025-09-16,552640,3,2,0,0.154,3.0,1,0
2025-09-16,571927,4,0,0,0.511,4.0,4,0
2025-09-16,572955,5,1,0,1.045,5.0,4,0
2025-09-16,573204,4,0,0,0.385,4.0,4,0
2025-09-16,592426,6,0,1,3.215911,6.0,4,1
2025-09-16,593958,23,2,1,9.63910811111111,23.0,20,3
2025-09-16,595014,6,0,1,1.889857142857143,5.0,5,1
2025-09-16,595928,5,0,0,1.5666666666666667,5.0,5,0
2025-09-16,596001,4,1,0,1.4954761904761904,4.0,3,1
2025-09-16,605130,5,1,1,1.108497,5.0,3,0
2025-09-16,605218,8,3,2,2.4642606666666667,8.0,3,0
2025-09-16,605280,15,2,1,7.552976949874687,15.0,12,3
2025-09-16,605488,19,3,3,7.3538439411764704,19.0,13,1
2025-09-16,606160,4,4,0,0.0,4.0,0,0
2025-09-16,606303,3,0,0,1.4093809523809526,3.0,3,1
2025-09-16,606996,6,5,0,0.064,6.0,1,0
2025-09-16,607455,3,0,1,1.310497,3.0,2,0
2025-09-16,607536,27,1,1,11.007149636363636,27.0,24,0
2025-09-16,608379,17,0,0,9.664122333333333,17.0,16,2
2025-09-16,608718,3,1,0,0.332,3.0,2,0
2025-09-16,621244,18,0,2,7.713788969512195,18.0,16,2
2025-09-16,621383,4,0,1,1.1784970000000001,4.0,3,0
2025-09-16,622554,3,1,1,0.7394970000000001,3.0,1,0
2025-09-16,628452,4,2,1,0.698497,4.0,1,0
2025-09-16,640455,19,4,0,4.519865384615384,19.0,15,0
2025-09-16,641302,4,1,0,0.459,4.0,3,0
2025-09-16,641329,4,0,0,1.4195,4.0,4,0
2025-09-16,641672,7,0,1,1.931497,7.0,6,0
2025-09-16,641745,3,2,0,0.169,3.0,1,0
2025-09-16,641755,8,1,0,3.54663125,8.0,7,2
2025-09-16,641778,6,2,0,1.8319999999999999,6.0,4,0
2025-09-16,642100,1,0,0,0.441,1.0,1,0
2025-09-16,642121,7,1,0,1.5196153846153848,7.0,6,0
2025-09-16,642207,3,2,0,0.793,3.0,1,0
2025-09-16,642232,5,1,0,3.4199701492537313,5.0,4,2
2025-09-16,642547,22,10,2,4.437321651515152,22.0,10,2
2025-09-16,643410,6,0,0,1.4432999999999998,6.0,6,0
2025-09-16,650556,8,2,1,2.0494969999999997,8.0,5,0
2025-09-16,650633,18,2,0,11.06873054486508,18.0,16,4
2025-09-16,650893,5,0,0,0.694,5.0,5,0
2025-09-16,650911,27,6,0,9.062512992831541,27.0,21,2
2025-09-16,656546,4,2,1,1.2694969999999999,4.0,1,0
2025-09-16,656848,7,1,1,4.528190548387096,7.0,5,1
2025-09-16,657044,3,0,0,0.332,3.0,3,0
2025-09-16,657571,4,1,1,1.4242192222222223,4.0,2,0
2025-09-16,660271,16,5,1,3.447427147058823,16.0,10,1
2025-09-16,660761,29,9,2,6.757820697892272,29.0,18,1
2025-09-16,660853,6,0,1,3.0311220000000003,6.0,5,1
2025-09-16,661395,3,0,0,0.648,3.0,3,0
2025-09-16,663455,3,0,1,1.146497,3.0,2,0
2025-09-16,663554,24,8,1,7.548542454545455,24.0,15,1
2025-09-16,663623,27,5,2,12.002855280487804,27.0,20,3
2025-09-16,663687,3,0,0,1.187,3.0,3,0
2025-09-16,663738,10,2,1,5.160836285714286,10.0,7,2
2025-09-16,663893,4,0,2,1.792994,3.0,1,0
2025-09-16,663941,13,1,0,6.113143055555556,13.0,12,2
2025-09-16,663947,5,1,0,0.394,5.0,4,0
2025-09-16,663969,7,1,1,2.237497,7.0,5,0
2025-09-16,664192,5,1,2,1.7149940000000001,4.0,2,0
2025-09-16,664199,3,0,0,0.28300000000000003,3.0,3,0
2025-09-16,664875,7,1,1,1.9282580645161291,6.0,5,1
2025-09-16,665152,23,4,3,6.403866711574953,23.0,16,1
2025-09-16,666168,5,1,1,3.6499612857142862,5.0,3,1
2025-09-16,667297,4,2,0,1.21775,4.0,2,1
2025-09-16,668390,5,1,1,2.116497,5.0,3,0
2025-09-16,668941,3,2,0,0.526,3.0,1,0
2025-09-16,669022,21,5,3,7.345393298850574,21.0,13,2
2025-09-16,669211,4,2,0,0.845,4.0,2,0
2025-09-16,669302,25,5,1,7.610813405433646,25.0,19,3
2025-09-16,669387,13,5,0,2.824,12.0,7,0
2025-09-16,669674,4,0,1,2.649997,4.0,3,1
2025-09-16,669711,4,1,1,2.6900398571428568,4.0,2,1
2025-09-16,670036,4,0,0,1.699289,4.0,3,0
2025-09-16,670280,4,1,0,2.4488888888888884,4.0,3,1
2025-09-16,670329,2,0,0,1.8349927536231885,2.0,2,1
2025-09-16,671096,22,7,0,5.692226903178122,22.0,15,2
2025-09-16,671111,13,0,3,5.674157666666667,13.0,10,0
2025-09-16,671131,6,1,0,2.127568965517241,6.0,5,1
2025-09-16,671922,4,2,0,2.1390344827586207,4.0,2,1
2025-09-16,672841,3,0,0,1.8975000000000002,3.0,3,1
2025-09-16,673513,7,2,2,1.805994,7.0,3,0
2025-09-16,676106,3,0,0,0.5489999999999999,3.0,3,0
2025-09-16,676130,8,0,0,2.334,7.0,8,0
2025-09-16,676254,6,0,1,2.3907860000000003,5.0,4,0
2025-09-16,676263,3,1,0,0.11,3.0,2,0
2025-09-16,676282,21,3,2,8.216351954545456,21.0,16,3
2025-09-16,676467,12,1,2,4.139960733870968,12.0,9,2
2025-09-16,676571,7,0,2,3.125785666666667,7.0,5,0
2025-09-16,676617,3,1,0,0.578,3.0,2,0
2025-09-16,676684,8,1,0,2.7121000000000004,8.0,7,1
2025-09-16,677161,4,3,0,0.661,4.0,1,0
2025-09-16,677955,1,0,0,0.142,1.0,1,0
2025-09-16,678606,3,1,0,0.29800000000000004,3.0,2,0
2025-09-16,678692,8,1,0,3.00213275,8.0,6,1
2025-09-16,679883,6,2,2,1.524994,6.0,2,0
2025-09-16,680702,9,2,0,1.6600000000000001,8.0,6,0
2025-09-16,680736,6,0,0,4.039166666666667,6.0,6,1
2025-09-16,680742,5,1,0,2.1602121212121213,5.0,4,1
2025-09-16,680767,4,0,0,1.046,3.0,3,0
2025-09-16,681151,3,1,0,0.059,3.0,2,0
2025-09-16,681217,4,2,0,0.982,4.0,2,1
2025-09-16,681343,23,7,1,6.819581558823529,23.0,15,1
2025-09-16,681870,3,0,1,2.1523230869565215,3.0,2,0
2025-09-16,681895,5,1,1,1.234497,5.0,3,0
2025-09-16,681982,4,1,0,1.2761612903225807,4.0,3,1
2025-09-16,682120,3,3,0,0.0,3.0,0,0
2025-09-16,682274,4,2,1,0.947497,4.0,1,0
2025-09-16,682790,6,2,1,2.9719731904761906,6.0,3,1
2025-09-16,683618,4,0,1,1.831497,3.0,2,1
2025-09-16,683627,8,2,0,2.7924441724137936,8.0,5,1
2025-09-16,683769,3,0,0,1.2912285714285716,3.0,3,1
2025-09-16,684320,3,1,0,0.733,3.0,2,0
2025-09-16,685126,3,1,0,0.07200000000000001,3.0,2,0
2025-09-16,685314,3,1,0,0.171,3.0,2,0
2025-09-16,686580,3,0,0,0.384,3.0,3,0
2025-09-16,686642,7,0,2,2.8834940000000002,7.0,5,1
2025-09-16,686752,12,3,3,4.493491000000001,11.0,6,1
2025-09-16,686790,10,1,1,3.5356636666666668,9.0,8,1
2025-09-16,687209,3,0,0,0.824,3.0,3,0
2025-09-16,687330,7,3,0,1.5445897435897433,7.0,4,1
2025-09-16,687377,6,0,0,2.673,6.0,6,0
2025-09-16,687765,15,1,2,4.569660666666667,15.0,12,0
2025-09-16,689520,9,1,0,2.407,9.0,8,0
2025-09-16,690544,3,1,0,0.17400000000000002,3.0,2,0
2025-09-16,690990,19,6,1,3.3839515454545452,19.0,12,0
2025-09-16,691587,17,6,0,4.377717647058823,17.0,11,1
2025-09-16,693645,22,6,5,7.992485,22.0,11,1
2025-09-16,694477,3,3,0,0.0,3.0,0,0
2025-09-16,694646,6,2,1,2.651497,6.0,3,0
2025-09-16,694973,20,6,3,8.258077802413274,20.0,11,2
2025-09-16,699134,5,2,0,0.7912889999999999,5.0,2,0
2025-09-16,700241,25,6,3,6.456076579514825,25.0,16,1
2025-09-16,702674,21,4,3,9.101633857142858,21.0,14,1
2025-09-16,805123,12,7,1,2.384497,12.0,4,0
2025-09-16,805299,1,0,0,0.26,1.0,1,0
2025-09-16,805673,22,2,2,12.289542160410276,22.0,18,3
2025-09-16,813349,21,7,0,4.486289,21.0,13,0
2025-09-16,820862,4,1,0,0.7350000000000001,4.0,3,0
2025-09-16,829272,4,0,0,2.101625,4.0,4,1
2025-09-17,434378,25,3,2,5.846309315315315,25.0,20,1
2025-09-17,458677,3,1,1,0.965497,3.0,1,0
2025-09-17,518585,4,0,0,1.415,4.0,4,0
2025-09-17,518886,3,1,0,0.087,3.0,2,0
2025-09-17,519141,5,1,1,1.901497,5.0,3,0
2025-09-17,527048,18,2,2,6.916172571428572,18.0,14,1
2025-09-17,542888,5,2,0,1.612,5.0,3,0
2025-09-17,547179,3,1,0,0.46699999999999997,3.0,2,0
2025-09-17,547184,3,0,1,0.073,1.0,2,0
2025-09-17,547973,5,0,0,2.149,5.0,5,0
2025-09-17,570632,16,3,4,4.807988,16.0,9,1
2025-09-17,571510,19,5,2,9.26657551778094,19.0,11,2
2025-09-17,571927,3,1,0,0.534,3.0,2,0
2025-09-17,572955,3,0,0,1.6314666666666666,3.0,3,1
2025-09-17,573124,3,0,0,1.656477192982456,3.0,3,1
2025-09-17,592332,24,6,2,7.6063910588235295,24.0,16,0
2025-09-17,592454,5,1,1,2.2374970000000003,5.0,3,0
2025-09-17,592773,5,1,0,2.3247924528301884,5.0,4,1
2025-09-17,594798,22,6,1,6.492656464004021,22.0,15,3
2025-09-17,595345,4,0,2,2.233994,4.0,2,0
2025-09-17,595928,4,0,1,1.789497,4.0,3,0
2025-09-17,596001,2,1,0,0.034,2.0,1,0
2025-09-17,596112,3,2,0,0.156,3.0,1,0
2025-09-17,596133,4,1,0,1.348,4.0,3,0
2025-09-17,601713,21,5,0,11.85968751393534,21.0,16,4
2025-09-17,605483,25,12,2,4.49383775,25.0,11,2
2025-09-17,605540,18,9,0,3.5373695652173915,18.0,8,1
2025-09-17,607200,6,2,0,1.0534999999999999,6.0,4,0
2025-09-17,608032,5,0,0,2.064,5.0,5,0
2025-09-17,608337,23,5,5,7.9833962097669255,23.0,13,1
2025-09-17,621051,6,4,1,1.1664970000000001,6.0,1,0
2025-09-17,621053,5,3,0,0.701,5.0,2,0
2025-09-17,641401,10,3,0,1.5971315789473686,10.0,7,2
2025-09-17,641540,6,1,0,2.542289,6.0,4,0
2025-09-17,641941,4,3,1,0.691497,4.0,0,0
2025-09-17,642100,3,0,0,0.229,3.0,3,0
2025-09-17,642207,4,3,0,0.437,4.0,1,0
2025-09-17,642397,5,2,1,2.098497,5.0,2,0
2025-09-17,642701,3,1,0,0.288,3.0,2,0
2025-09-17,650644,11,3,0,2.543289,11.0,7,0
2025-09-17,650893,5,0,0,2.42503125,5.0,5,1
2025-09-17,656427,22,4,4,4.860491,20.0,14,0
2025-09-17,656457,1,1,0,0.0,1.0,0,0
2025-09-17,656849,24,1,3,9.875735555555556,23.0,19,1
2025-09-17,656945,5,1,1,2.008497,5.0,3,0
2025-09-17,657571,4,0,1,1.643497,4.0,3,0
2025-09-17,660896,5,1,0,0.9590000000000001,5.0,4,0
2025-09-17,661563,24,2,2,9.411283000000001,24.0,19,0
2025-09-17,663158,5,0,1,1.9194970000000002,5.0,4,0
2025-09-17,663485,5,0,0,1.1892889999999998,5.0,4,0
2025-09-17,663903,22,6,2,7.386044034311203,22.0,14,3
2025-09-17,663978,1,1,0,0.0,1.0,0,0
2025-09-17,664126,3,1,0,0.216,3.0,2,0
2025-09-17,664208,1,0,0,0.448,1.0,1,0
2025-09-17,664294,7,1,3,4.607969341013824,7.0,3,2
2025-09-17,664299,24,4,1,6.56069754446461,23.0,18,2
2025-09-17,664353,7,1,2,2.617994,7.0,4,0
2025-09-17,664854,3,0,1,1.087497,3.0,2,0
2025-09-17,665660,8,1,1,2.8083858888888886,7.0,5,1
2025-09-17,666142,13,4,2,3.8206875483870966,13.0,7,1
2025-09-17,666200,28,6,1,10.337657,28.0,21,2
2025-09-17,666277,6,0,0,3.5903636363636364,6.0,6,1
2025-09-17,666374,7,1,1,3.160497,6.0,5,1
2025-09-17,666659,9,2,0,3.3762894736842104,9.0,7,1
2025-09-17,666661,4,2,0,0.971,4.0,2,0
2025-09-17,666711,7,1,1,2.047497,6.0,5,0
2025-09-17,666808,3,2,0,0.007,3.0,1,0
2025-09-17,667297,3,0,0,1.282697674418605,3.0,3,1
2025-09-17,667755,7,0,2,2.462994,7.0,5,0
2025-09-17,668674,5,1,0,1.9677727272727275,5.0,4,1
2025-09-17,668909,20,9,2,6.177240336996338,20.0,9,1
2025-09-17,668933,1,1,0,0.0,1.0,0,0
2025-09-17,669020,4,0,2,2.829539454545454,4.0,2,1
2025-09-17,669093,3,0,1,1.818452555555556,3.0,2,1
2025-09-17,669199,6,2,0,1.5381612903225808,6.0,4,1
2025-09-17,669211,4,0,0,1.2326923076923078,4.0,4,0
2025-09-17,669276,4,2,0,0.399,4.0,2,0
2025-09-17,669330,21,4,0,6.308595959595959,20.0,16,3
2025-09-17,669467,24,3,3,8.457291347222222,24.0,18,2
2025-09-17,669620,3,0,0,0.36,3.0,3,0
2025-09-17,669684,1,1,0,0.0,1.0,0,0
2025-09-17,670036,3,0,1,1.9616764871794874,3.0,2,1
2025-09-17,670167,3,0,0,1.3435454545454546,3.0,3,0
2025-09-17,670329,3,1,0,0.118,3.0,2,0
2025-09-17,670912,24,3,3,12.798847460317461,24.0,17,3
2025-09-17,670955,3,2,0,0.136,3.0,1,0
2025-09-17,670970,4,2,0,0.28500000000000003,4.0,2,0
2025-09-17,670990,5,0,1,2.466497,5.0,4,1
2025-09-17,671737,22,4,3,11.39631938107036,22.0,15,4
2025-09-17,671922,3,2,0,0.014,3.0,1,0
2025-09-17,672582,4,0,0,0.79,4.0,4,0
2025-09-17,672710,5,1,0,2.4286842105263156,5.0,4,1
2025-09-17,672841,1,0,0,0.008,1.0,1,0
2025-09-17,673929,5,1,0,0.858,5.0,4,1
2025-09-17,675848,5,1,0,0.8303333333333334,5.0,4,0
2025-09-17,676254,6,1,1,1.896289,5.0,3,0
2025-09-17,676395,4,1,0,1.8411052631578948,4.0,3,1
2025-09-17,676428,3,1,0,1.0001935483870967,3.0,2,1
2025-09-17,676477,4,2,0,0.961,4.0,2,0
2025-09-17,676534,3,1,0,0.184,3.0,2,0
2025-09-17,676702,2,1,0,0.148,2.0,1,0
2025-09-17,677161,3,1,0,0.819,3.0,2,0
2025-09-17,677955,6,0,1,2.5217859999999996,6.0,4,0
2025-09-17,677960,22,2,2,8.987374952380954,22.0,18,1
2025-09-17,678692,4,0,1,1.369497,4.0,3,0
2025-09-17,680742,3,1,0,0.843,3.0,2,0
2025-09-17,681676,3,2,0,0.09,3.0,1,0
2025-09-17,681870,4,0,1,1.367497,4.0,3,0
2025-09-17,681892,4,1,0,1.382289,4.0,2,0
2025-09-17,681895,3,0,0,1.423,3.0,3,0
2025-09-17,681911,3,0,0,0.758,3.0,3,0
2025-09-17,682120,3,1,0,1.1440000000000001,3.0,2,0
2025-09-17,682243,24,4,2,8.437994,24.0,18,1
2025-09-17,682274,3,1,0,0.072,3.0,2,0
2025-09-17,682842,4,3,0,0.334,4.0,1,0
2025-09-17,683232,4,0,0,1.9557586206896553,4.0,4,1
2025-09-17,683409,6,0,1,3.3001285789473687,6.0,5,1
2025-09-17,684320,6,0,1,1.206,5.0,5,0
2025-09-17,685126,5,1,1,0.9794970000000001,5.0,3,0
2025-09-17,685326,20,1,4,7.507073714285714,20.0,15,1
2025-09-17,686580,4,1,0,0.5643333333333335,4.0,3,0
2025-09-17,686930,19,2,3,6.999841,19.0,14,1
2025-09-17,686993,8,2,1,2.766285714285714,7.0,5,1
2025-09-17,687589,6,0,0,2.742289,6.0,5,0
2025-09-17,687863,4,2,0,0.9490000000000001,4.0,2,0
2025-09-17,687911,4,0,0,0.984,4.0,4,0
2025-09-17,689147,5,1,1,1.352497,5.0,3,0
2025-09-17,689266,3,0,0,1.29,3.0,3,0
2025-09-17,690544,4,1,1,1.292497,4.0,2,0
2025-09-17,690925,5,1,2,3.0989940000000002,5.0,2,0
2025-09-17,691799,4,3,1,0.691497,4.0,0,0
2025-09-17,693312,3,1,0,1.0851935483870967,3.0,2,1
2025-09-17,693855,26,3,1,8.524062191387559,26.0,22,2
2025-09-17,694297,28,7,1,6.964206677419354,28.0,20,1
2025-09-17,694335,6,2,0,2.545,6.0,4,0
2025-09-17,694462,20,8,0,5.545,20.0,12,0
2025-09-17,695243,5,2,0,0.5835454545454545,5.0,3,0
2025-09-17,695418,22,4,1,6.52052825,22.0,17,1
2025-09-17,695505,8,1,1,2.492497,8.0,6,0
2025-09-17,700669,3,1,0,0.8109999999999999,3.0,2,0
2025-09-17,701487,3,2,0,1.129826086956522,3.0,1,1
2025-09-17,701519,3,1,0,0.496,3.0,2,0
2025-09-17,702352,3,0,0,1.3284358974358976,3.0,3,1
2025-09-17,805299,3,2,0,0.125,3.0,1,0
2025-09-17,829272,8,1,0,3.8328529411764705,8.0,7,1
2025-09-18,445276,3,0,0,0.667,3.0,3,0
2025-09-18,472610,7,0,1,2.923448219512195,7.0,6,1
2025-09-18,547184,3,1,0,1.033,3.0,2,0
2025-09-18,548384,3,0,0,0.8676666666666666,3.0,3,0
2025-09-18,579328,24,2,3,6.929897250000001,24.0,19,1
2025-09-18,593974,7,1,1,2.579406090909091,7.0,5,1
2025-09-18,595014,4,2,2,1.382994,4.0,0,0
2025-09-18,605135,22,3,2,8.933283,22.0,16,0
2025-09-18,606996,5,2,1,1.5370424545454544,5.0,2,1
2025-09-18,607067,25,11,0,5.743875,25.0,14,3
2025-09-18,607455,3,1,0,0.731,3.0,2,0
2025-09-18,608331,25,13,1,4.065903250000001,25.0,11,1
2025-09-18,620454,6,3,0,0.9900000000000001,6.0,3,0
2025-09-18,621112,7,2,1,0.930497,7.0,4,0
2025-09-18,621242,3,2,0,0.008,3.0,1,0
2025-09-18,622491,21,3,0,3.9643157894736842,21.0,18,1
2025-09-18,622554,3,1,0,0.61,3.0,2,0
2025-09-18,641329,4,0,1,1.300497,4.0,3,0
2025-09-18,641778,7,2,0,3.252153846153846,7.0,5,1
2025-09-18,642100,4,1,0,0.243,4.0,3,0
2025-09-18,642397,5,0,0,1.2937777777777777,5.0,5,0
2025-09-18,643377,3,1,0,0.8969354838709677,3.0,2,1
2025-09-18,643511,3,0,0,1.217,3.0,3,0
2025-09-18,645261,27,8,2,8.663354984805318,27.0,16,2
2025-09-18,647336,4,1,1,1.104497,4.0,2,0
2025-09-18,656629,3,1,2,1.382994,3.0,0,0
2025-09-18,657277,26,5,1,6.968247000000002,26.0,20,1
2025-09-18,657649,4,1,0,0.7070000000000001,4.0,3,0
2025-09-18,660825,3,1,0,0.437,3.0,2,0
2025-09-18,662253,5,3,0,1.619289,5.0,1,0
2025-09-18,663465,4,1,1,1.104497,4.0,2,0
2025-09-18,663568,25,8,1,5.629724272727272,25.0,16,1
2025-09-18,663687,7,3,0,2.901,7.0,4,1
2025-09-18,663738,3,0,0,0.41800000000000004,3.0,3,0
2025-09-18,663947,5,1,0,0.8210000000000001,5.0,4,0
2025-09-18,663969,5,1,0,1.30275,5.0,4,1
2025-09-18,664076,4,0,0,0.909,4.0,4,0
2025-09-18,664192,4,0,0,0.7995714285714286,4.0,4,1
2025-09-18,664199,4,0,0,1.1320000000000001,4.0,4,0
2025-09-18,666974,4,1,1,1.784497,4.0,2,0
2025-09-18,668881,30,9,1,6.1026636666666665,30.0,20,0
2025-09-18,669020,5,1,0,3.0805813953488372,5.0,4,1
2025-09-18,669358,17,4,1,6.236138975308642,17.0,12,1
2025-09-18,669372,24,3,1,3.932474272727273,23.0,19,2
2025-09-18,669373,27,9,2,7.558333285714285,27.0,16,1
2025-09-18,669704,3,2,0,0.183,3.0,1,0
2025-09-18,669711,6,3,0,0.617,6.0,3,0
2025-09-18,673513,3,0,0,0.28800000000000003,3.0,3,0
2025-09-18,675512,8,1,1,2.7657886666666665,8.0,6,0
2025-09-18,676263,2,1,0,0.486,2.0,1,0
2025-09-18,676440,24,8,2,4.855994,24.0,14,1
2025-09-18,676534,2,0,0,0.329,2.0,2,0
2025-09-18,676760,5,2,1,1.426497,5.0,2,0
2025-09-18,676879,6,3,0,0.69,6.0,3,0
2025-09-18,678368,6,0,0,5.439214545454546,6.0,6,3
2025-09-18,678394,18,3,2,6.906345219512195,18.0,13,2
2025-09-18,680755,4,0,0,0.6900000000000001,4.0,4,0
2025-09-18,681190,12,3,1,5.350497,12.0,8,1
2025-09-18,681911,3,2,0,0.611,3.0,1,0
2025-09-18,682120,3,1,1,0.897497,3.0,1,0
2025-09-18,682842,5,2,0,1.0910000000000002,5.0,3,0
2025-09-18,682990,22,10,2,4.0780252500000005,22.0,10,1
2025-09-18,683627,10,0,0,4.365435897435898,10.0,10,1
2025-09-18,683769,3,0,0,0.8049999999999999,3.0,3,0
2025-09-18,685299,25,4,1,8.89632400898588,24.0,19,4
2025-09-18,687330,3,1,0,0.319,3.0,2,0
2025-09-18,694646,6,0,3,3.8358319090909094,6.0,3,1
2025-09-18,699134,3,1,0,0.17,3.0,2,0
2025-09-18,700249,21,5,4,6.726491,20.0,12,1
2025-09-18,801139,13,4,0,3.033,13.0,9,0
2025-09-18,804636,18,8,0,3.7451233974358975,18.0,10,2
2025-09-18,808967,22,7,6,5.743982,22.0,9,0
2025-09-18,820862,3,0,1,1.550497,3.0,2,0
2025-09-19,450203,12,2,2,5.516815828282828,12.0,7,2
2025-09-19,453286,10,2,1,6.638494844827587,10.0,7,3
2025-09-19,455119,2,1,0,0.59,2.0,1,0
2025-09-19,477132,21,6,4,7.724788,21.0,11,1
2025-09-19,489446,3,0,0,0.593,3.0,3,0
2025-09-19,518585,4,1,1,0.775497,4.0,2,0
2025-09-19,518886,4,0,0,1.7905781250000006,4.0,4,1
2025-09-19,542888,3,0,0,0.15499999999999997,3.0,3,0
2025-09-19,543243,27,7,0,7.288793611793612,27.0,20,1
2025-09-19,543859,7,1,0,3.594431857142857,7.0,5,1
2025-09-19,547179,29,4,3,9.845841,29.0,22,1
2025-09-19,547184,4,0,1,1.4531123846153848,4.0,3,0
2025-09-19,548384,3,0,0,0.568,3.0,3,0
2025-09-19,571578,6,0,0,1.928,6.0,6,0
2025-09-19,571948,4,0,1,1.477,3.0,3,0
2025-09-19,573124,7,0,2,1.8819940000000002,7.0,5,0
2025-09-19,592662,20,5,2,6.797048915734162,20.0,13,5
2025-09-19,592773,2,1,0,0.278,2.0,1,0
2025-09-19,592836,18,2,1,6.395199702702703,17.0,14,1
2025-09-19,593974,3,0,0,1.3410666666666666,3.0,3,1
2025-09-19,596001,6,4,0,0.33999999999999997,6.0,2,0
2025-09-19,596112,3,2,0,0.689,3.0,1,0
2025-09-19,606160,6,1,1,1.945497,6.0,4,0
2025-09-19,606303,4,1,0,0.789289,4.0,2,0
2025-09-19,606965,5,2,0,1.0030000000000001,5.0,3,0
2025-09-19,607259,4,0,0,0.444,4.0,4,0
2025-09-19,608650,5,1,0,1.5642857142857143,5.0,4,1
2025-09-19,621111,15,3,2,5.697420666666667,15.0,10,1
2025-09-19,621383,1,0,0,0.005,1.0,1,0
2025-09-19,622663,24,3,1,7.961439307692308,24.0,20,1
2025-09-19,623149,5,1,1,2.9624535217391306,5.0,3,1
2025-09-19,623168,17,0,0,9.809,17.0,17,2
2025-09-19,623211,3,1,0,2.589142857142857,3.0,2,1
2025-09-19,623474,4,2,0,0.728,4.0,2,0
2025-09-19,641154,17,2,2,7.659744,17.0,13,0
2025-09-19,641755,3,0,0,1.1081428571428573,3.0,3,1
2025-09-19,641816,19,6,1,6.3236961525423725,19.0,12,1
2025-09-19,641941,4,0,0,1.343,4.0,4,0
2025-09-19,642121,8,1,1,1.836497,8.0,6,0
2025-09-19,642239,4,0,0,2.2716666666666665,4.0,4,0
2025-09-19,643377,3,2,0,0.033,3.0,1,0
2025-09-19,643396,2,0,0,0.052,2.0,2,0
2025-09-19,643410,4,1,0,1.202,4.0,3,0
2025-09-19,643511,3,0,0,0.584,3.0,3,0
2025-09-19,656222,3,1,0,0.548,3.0,2,0
2025-09-19,656271,3,1,0,0.042,3.0,2,0
2025-09-19,656302,25,6,3,7.036777333333333,25.0,14,1
2025-09-19,656605,20,4,1,8.849614641779922,19.0,14,4
2025-09-19,656641,4,0,1,1.977497,4.0,3,0
2025-09-19,656716,1,0,0,0.044,1.0,1,0
2025-09-19,656848,4,0,0,2.690153846153846,4.0,4,1
2025-09-19,656876,15,2,1,4.137818428571428,15.0,12,0
2025-09-19,656945,5,2,1,0.8524970000000001,5.0,2,0
2025-09-19,657424,3,1,0,0.21000000000000002,3.0,2,0
2025-09-19,657612,3,0,0,0.73,3.0,3,0
2025-09-19,660825,7,2,0,0.8160000000000001,7.0,5,0
2025-09-19,660853,4,0,0,1.8781794871794872,4.0,4,1
2025-09-19,662253,4,2,0,0.9,4.0,2,0
2025-09-19,663321,4,1,0,0.41300000000000003,4.0,3,0
2025-09-19,663436,25,4,1,8.33160170324748,25.0,20,2
2025-09-19,663455,4,2,1,0.824497,4.0,1,0
2025-09-19,663485,5,2,1,1.659,4.0,2,0
2025-09-19,663574,3,1,1,0.932497,3.0,1,0
2025-09-19,663765,13,3,2,3.6775379090909093,12.0,8,1
2025-09-19,663893,1,0,0,0.289,1.0,1,0
2025-09-19,663978,18,2,0,4.368315789473685,18.0,16,1
2025-09-19,664076,4,1,0,2.223727272727273,4.0,3,1
2025-09-19,664208,5,0,0,1.492,5.0,5,0
2025-09-19,664854,3,1,0,0.62,3.0,2,0
2025-09-19,664875,3,0,0,0.6699999999999999,3.0,3,0
2025-09-19,665660,4,2,0,0.719,4.0,2,0
2025-09-19,666157,23,7,2,8.388333064215015,23.0,14,3
2025-09-19,666168,8,2,3,2.860994,7.0,3,0
2025-09-19,666277,7,1,1,1.7955636666666666,7.0,5,1
2025-09-19,666374,4,0,0,1.375,4.0,4,0
2025-09-19,666659,3,0,0,1.9449999999999998,3.0,3,0
2025-09-19,666808,1,0,0,0.093,1.0,1,0
2025-09-19,667297,11,3,1,4.866325571428572,11.0,7,1
2025-09-19,668390,5,2,0,1.1717083333333336,5.0,3,1
2025-09-19,668964,9,1,1,3.446497,9.0,7,2
2025-09-19,669093,3,1,0,0.101,3.0,2,0
2025-09-19,669194,22,1,2,7.144565428571428,22.0,19,0
2025-09-19,669199,3,0,0,0.7037777777777778,3.0,3,0
2025-09-19,669211,3,2,0,0.117,3.0,1,0
2025-09-19,669432,21,7,2,6.334383,21.0,11,2
2025-09-19,669620,5,1,1,1.552497,5.0,3,0
2025-09-19,669684,9,2,2,4.7074315,9.0,5,1
2025-09-19,670036,4,2,1,0.763,3.0,1,0
2025-09-19,670329,5,1,1,1.5434970000000001,5.0,3,0
2025-09-19,670955,6,1,0,2.256552157894737,6.0,4,0
2025-09-19,671131,5,0,0,0.9590000000000001,5.0,5,0
2025-09-19,671922,3,1,0,0.6,3.0,2,0
2025-09-19,673929,5,1,0,1.7254736842105265,5.0,4,1
2025-09-19,674841,18,4,1,5.0877859999999995,18.0,12,0
2025-09-19,675848,3,2,0,0.046,3.0,1,0
2025-09-19,676083,24,5,0,6.920852131313132,24.0,18,3
2025-09-19,676395,4,1,0,1.9109565217391302,4.0,3,0
2025-09-19,676571,4,1,0,2.1268125,4.0,3,1
2025-09-19,676661,3,0,0,0.8971935483870966,3.0,3,1
2025-09-19,676702,3,2,0,0.381,3.0,1,0
2025-09-19,676755,3,0,0,1.1457368421052632,3.0,3,0
2025-09-19,676979,25,9,3,6.637907170212767,25.0,13,1
2025-09-19,677161,3,0,0,0.8290000000000001,3.0,3,0
2025-09-19,677955,3,1,0,0.151,3.0,2,0
2025-09-19,677961,12,1,3,5.389268777777778,12.0,8,0
2025-09-19,679883,4,1,0,0.22,4.0,3,0
2025-09-19,680736,6,3,0,1.77,6.0,3,0
2025-09-19,680755,5,0,0,1.4637454545454547,5.0,5,1
2025-09-19,680767,4,1,0,1.255,4.0,3,0
2025-09-19,681217,7,1,1,2.377497,7.0,5,0
2025-09-19,681676,5,2,0,0.6990000000000001,5.0,3,0
2025-09-19,681892,5,3,0,1.3980000000000001,5.0,2,0
2025-09-19,681895,3,2,0,0.161,3.0,1,0
2025-09-19,681982,6,1,0,2.604,6.0,5,0
2025-09-19,683175,4,2,0,0.311,4.0,2,0
2025-09-19,683618,5,3,0,0.203,5.0,2,0
2025-09-19,684007,20,4,2,8.789813353070176,20.0,14,3
2025-09-19,684320,10,1,3,5.5000061515151515,10.0,6,1
2025-09-19,685126,1,1,0,0.0,1.0,0,0
2025-09-19,686580,3,2,0,0.105,3.0,1,0
2025-09-19,686613,26,9,2,8.301408,25.0,13,1
2025-09-19,686993,4,2,1,0.799497,4.0,1,0
2025-09-19,687075,17,5,2,5.124994,17.0,10,0
2025-09-19,687134,22,4,1,11.115284984111222,22.0,17,4
2025-09-19,687863,7,2,1,2.9465429110473464,7.0,4,2
2025-09-19,688497,4,1,0,0.967,3.0,2,0
2025-09-19,689520,6,2,0,0.30100000000000005,6.0,4,0
2025-09-19,691769,4,2,1,0.802497,4.0,1,0
2025-09-19,691799,3,2,0,0.304,3.0,1,0
2025-09-19,693312,4,1,1,0.907497,4.0,2,0
2025-09-19,693313,3,0,0,0.488,3.0,3,0
2025-09-19,693433,17,7,1,4.978719542242703,17.0,9,3
2025-09-19,693821,25,6,0,7.749037639265281,25.0,19,2
2025-09-19,694819,17,3,3,8.180191764705881,17.0,10,1
2025-09-19,700669,8,2,1,1.595497,8.0,5,0
2025-09-19,701542,23,4,2,9.209422571428572,23.0,17,1
2025-09-19,702352,6,0,0,1.032,6.0,6,0
2025-09-19,800048,22,9,1,2.916497,22.0,12,0
2025-09-19,806188,3,1,0,0.012,3.0,2,0
2025-09-19,815083,23,5,2,10.951753622367466,23.0,16,2
2025-09-20,455119,1,0,0,0.013,1.0,1,0
2025-09-20,458677,4,0,1,1.012497,4.0,3,0
2025-09-20,472610,5,0,1,1.790497,5.0,4,0
2025-09-20,489446,4,0,2,2.4984106666666666,4.0,2,1
2025-09-20,506433,19,4,0,5.030095890410959,18.0,15,1
2025-09-20,519141,5,2,0,1.8994861111111112,5.0,3,1
2025-09-20,543056,4,0,1,1.947497,4.0,3,0
2025-09-20,543294,24,5,0,4.58,23.0,19,0
2025-09-20,547973,4,1,1,1.221497,4.0,2,0
2025-09-20,552640,5,2,0,1.2878421052631577,5.0,3,0
2025-09-20,571945,24,3,2,8.858310964285716,24.0,19,4
2025-09-20,571948,3,0,1,1.812497,3.0,2,0
2025-09-20,572955,2,1,0,2.0,2.0,1,1
2025-09-20,592155,5,2,0,1.6346486486486485,5.0,3,1
2025-09-20,592454,5,0,0,0.396,5.0,5,0
2025-09-20,595345,3,1,0,0.339,3.0,2,0
2025-09-20,595928,4,0,0,1.363,4.0,4,0
2025-09-20,596133,3,2,0,0.089,3.0,1,0
2025-09-20,605288,26,2,3,11.32198076394194,25.0,20,2
2025-09-20,605400,24,4,2,8.124943152542373,24.0,18,1
2025-09-20,606160,2,0,1,0.764497,2.0,1,0
2025-09-20,607074,26,8,1,3.571497,26.0,17,0
2025-09-20,607192,24,7,4,9.019924170212766,24.0,13,1
2025-09-20,607455,4,1,0,1.3579999999999999,4.0,3,0
2025-09-20,608032,4,0,0,1.8689555555555557,4.0,4,1
2025-09-20,608372,17,3,1,8.239462923076923,17.0,12,2
2025-09-20,608566,26,5,1,7.716296186331961,26.0,19,4
2025-09-20,620454,7,3,2,1.681994,7.0,2,0
2025-09-20,621051,4,1,0,0.614,4.0,3,0
2025-09-20,621053,3,2,0,0.571,3.0,1,0
2025-09-20,621242,3,1,0,0.316,3.0,2,0
2025-09-20,621381,5,0,0,0.499,4.0,5,0
2025-09-20,621383,5,2,1,2.1134969999999997,5.0,2,0
2025-09-20,623211,5,1,0,1.458,5.0,4,0
2025-09-20,628452,3,0,0,0.88,3.0,3,0
2025-09-20,640448,5,2,1,1.5209706842105264,5.0,2,1
2025-09-20,641672,15,2,1,5.310652172413794,15.0,12,1
2025-09-20,641793,19,4,1,4.763497,19.0,14,1
2025-09-20,641927,25,1,2,8.066610842105263,24.0,22,1
2025-09-20,641941,4,1,0,0.924,4.0,3,0
2025-09-20,642100,1,1,0,0.0,1.0,0,0
2025-09-20,642152,5,1,0,2.094289,5.0,3,0
2025-09-20,642701,3,1,0,0.669,3.0,2,0
2025-09-20,643511,4,0,0,1.4620487804878048,4.0,4,1
2025-09-20,650556,3,1,0,0.8426315789473686,3.0,2,1
2025-09-20,650644,8,3,0,2.227048780487805,8.0,5,1
2025-09-20,656546,4,0,1,0.900497,4.0,3,0
2025-09-20,657044,1,0,0,0.012,1.0,1,0
2025-09-20,657097,5,3,0,0.022,5.0,2,0
2025-09-20,657424,2,0,0,0.328,2.0,2,0
2025-09-20,657649,5,1,0,1.4622890000000002,5.0,3,0
2025-09-20,657746,22,5,2,6.60656924963387,22.0,15,3
2025-09-20,660825,4,2,0,0.754,4.0,2,0
2025-09-20,662253,4,1,1,1.737786,4.0,1,0
2025-09-20,663158,4,0,0,2.0431749999999997,4.0,4,1
2025-09-20,663455,3,1,0,0.162,3.0,2,0
2025-09-20,663465,7,2,1,1.587497,7.0,4,0
2025-09-20,663574,2,1,0,0.098,2.0,1,0
2025-09-20,663947,3,0,0,0.191,3.0,3,0
2025-09-20,663969,3,0,0,0.46699999999999997,3.0,3,0
2025-09-20,663992,5,2,0,0.755,5.0,3,0
2025-09-20,664141,9,3,1,1.317,7.0,5,0
2025-09-20,664199,4,0,1,0.7564970000000001,4.0,3,0
2025-09-20,664285,24,4,4,8.780920291666668,24.0,16,2
2025-09-20,664744,9,4,0,0.205,9.0,5,0
2025-09-20,664854,4,2,1,0.691497,3.0,0,0
2025-09-20,665871,18,2,2,6.323994,18.0,14,0
2025-09-20,666214,23,7,2,7.931949555555556,23.0,14,1
2025-09-20,666659,3,0,0,0.7989999999999999,3.0,3,0
2025-09-20,666711,10,1,0,4.794590336134454,10.0,9,2
2025-09-20,666974,5,0,0,1.8470000000000002,5.0,5,0
2025-09-20,668678,28,9,2,7.183358341085271,28.0,17,2
2025-09-20,668933,3,0,0,0.308,3.0,3,0
2025-09-20,668941,6,0,0,2.5032222222222225,6.0,6,1
2025-09-20,669093,3,2,0,0.044,3.0,1,0
2025-09-20,669276,3,2,0,0.619,3.0,1,0
2025-09-20,669456,24,4,1,7.909433249467858,24.0,19,2
2025-09-20,669620,3,0,0,0.19,3.0,3,0
2025-09-20,669923,22,7,0,5.161446808510638,21.0,14,1
2025-09-20,669947,16,3,1,5.097497000000001,16.0,12,0
2025-09-20,670167,2,0,1,0.770497,2.0,1,0
2025-09-20,670280,3,1,0,0.9344444444444444,3.0,2,1
2025-09-20,670970,5,0,1,1.764497,5.0,4,0
2025-09-20,671106,27,7,1,5.321978981981982,26.0,18,2
2025-09-20,672456,14,2,4,5.90820715820029,14.0,8,1
2025-09-20,672782,21,4,0,7.869488533834586,21.0,17,2
2025-09-20,672841,7,0,0,3.3027556666666666,7.0,6,1
2025-09-20,675512,4,0,0,0.183,4.0,4,0
2025-09-20,676130,5,0,2,3.423468999999999,5.0,3,1
2025-09-20,676263,3,1,0,0.637,3.0,2,0
2025-09-20,676467,5,1,0,1.401,5.0,4,0
2025-09-20,676477,3,1,0,0.482,3.0,2,0
2025-09-20,676534,6,0,1,3.2192894528301883,6.0,5,1
2025-09-20,676571,3,1,0,0.477,3.0,2,0
2025-09-20,676617,5,1,1,2.0514970000000003,5.0,3,0
2025-09-20,676684,6,2,0,2.644,6.0,4,0
2025-09-20,676702,4,0,0,1.1764736842105266,4.0,4,1
2025-09-20,676879,12,1,0,4.352,11.0,10,0
2025-09-20,676917,21,3,1,5.867497,21.0,16,0
2025-09-20,677944,23,8,1,4.838130333333333,23.0,14,1
2025-09-20,677952,9,6,0,0.344,9.0,3,0
2025-09-20,677955,6,3,0,3.444578,6.0,1,1
2025-09-20,678606,13,4,1,4.783918909090909,11.0,6,1
2025-09-20,678692,4,3,0,0.456,4.0,1,0
2025-09-20,678906,15,6,2,6.313653452830188,15.0,4,1
2025-09-20,680736,2,0,0,0.46699999999999997,2.0,2,0
2025-09-20,681151,6,2,1,2.4721456486486484,6.0,3,1
2025-09-20,681517,7,1,0,3.2800000000000002,7.0,6,1
2025-09-20,682790,5,1,0,1.703,5.0,4,0
2025-09-20,682842,3,2,0,0.174,3.0,1,0
2025-09-20,683004,26,4,1,8.693429403651116,26.0,21,2
2025-09-20,683409,5,1,1,1.060497,5.0,3,0
2025-09-20,686580,2,0,0,0.459,2.0,2,0
2025-09-20,686642,5,1,3,3.002491,5.0,1,0
2025-09-20,687849,3,2,0,0.051,3.0,1,0
2025-09-20,689254,4,1,0,1.7013496060606061,4.0,2,1
2025-09-20,689266,3,1,0,0.17099999999999999,3.0,2,0
2025-09-20,690925,4,1,0,1.657,4.0,3,0
2025-09-20,690953,16,6,3,4.018491,16.0,7,0
2025-09-20,690986,24,5,2,6.169994,24.0,17,0
2025-09-20,690997,22,6,2,6.850327333333333,22.0,14,0
2025-09-20,694361,3,3,0,0.0,3.0,0,0
2025-09-20,694477,18,3,0,3.6,17.0,15,0
2025-09-20,695243,4,2,1,2.0484461525423727,4.0,1,1
2025-09-20,695505,7,1,0,1.6396470588235297,7.0,6,0
2025-09-20,696149,17,6,0,3.3106219993989177,17.0,10,2
2025-09-20,702070,24,5,2,7.1493770888697155,24.0,17,1
2025-09-20,800049,18,2,2,6.350994,18.0,14,0
2025-09-20,805299,4,1,0,0.428,4.0,3,0
2025-09-20,806188,6,2,1,1.095497,6.0,3,0
2025-09-20,806960,25,4,2,8.582839411308239,24.0,18,3
2025-09-20,820862,3,1,0,0.442,3.0,2,0
2025-09-21,518585,3,1,1,1.019497,3.0,1,0
2025-09-21,518876,20,4,0,5.346394736842106,20.0,16,1
2025-09-21,518886,3,3,0,0.0,3.0,0,0
2025-09-21,542888,3,1,0,0.906,3.0,2,0
2025-09-21,543518,5,1,0,1.659,5.0,4,0
2025-09-21,548384,1,1,0,0.0,1.0,0,0
2025-09-21,571927,4,1,0,2.0727586206896556,4.0,3,1
2025-09-21,572955,3,1,1,1.365497,3.0,1,0
2025-09-21,592454,3,1,1,1.058497,3.0,1,0
2025-09-21,592791,26,4,0,5.371022727272727,26.0,22,1
2025-09-21,593958,27,5,3,10.263487089931575,27.0,19,2
2025-09-21,593974,3,1,1,1.2734969999999999,3.0,1,0
2025-09-21,595014,7,0,2,1.5414970000000001,6.0,5,0
2025-09-21,596133,2,0,1,0.898497,2.0,1,0
2025-09-21,605280,15,3,0,2.9678,14.0,11,0
2025-09-21,606996,4,1,2,2.015994,4.0,1,0
2025-09-21,607200,16,1,3,5.711542948051949,16.0,12,1
2025-09-21,607259,7,1,0,1.094,7.0,6,0
2025-09-21,607536,23,7,1,5.665201545454545,23.0,15,0
2025-09-21,608379,24,4,1,9.379053671449068,23.0,19,1
2025-09-21,608650,5,2,1,0.717,4.0,2,0
2025-09-21,621242,3,3,0,0.0,3.0,0,0
2025-09-21,622503,5,2,0,1.192,5.0,3,0
2025-09-21,622554,4,2,0,0.9445454545454546,4.0,2,1
2025-09-21,623149,4,0,0,1.141,4.0,4,1
2025-09-21,623474,3,3,0,0.0,3.0,0,0
2025-09-21,624133,21,2,1,6.220218428571429,21.0,18,1
2025-09-21,628452,2,1,0,0.013,2.0,1,0
2025-09-21,640455,13,3,0,3.8310706766917293,13.0,10,1
2025-09-21,641329,7,1,0,2.502,7.0,6,0
2025-09-21,641401,4,3,0,0.378,4.0,1,0
2025-09-21,641745,3,1,0,0.59,3.0,2,0
2025-09-21,641755,5,1,0,1.095,5.0,4,0
2025-09-21,641778,3,0,0,0.194,3.0,3,0
2025-09-21,641835,6,1,0,2.144539,6.0,4,0
2025-09-21,642121,4,1,1,1.513497,4.0,2,0
2025-09-21,642207,3,3,0,0.0,3.0,0,0
2025-09-21,642239,4,1,1,0.803,2.0,2,0
2025-09-21,642397,4,2,0,0.531,4.0,2,0
2025-09-21,650633,23,4,4,7.700277,23.0,14,0
2025-09-21,656546,4,0,0,0.474,4.0,4,0
2025-09-21,656641,3,0,0,0.744,3.0,3,0
2025-09-21,656848,3,1,0,0.445,3.0,2,0
2025-09-21,657571,4,0,0,2.225,4.0,4,0
2025-09-21,657612,3,1,0,0.44099999999999995,3.0,2,0
2025-09-21,660761,3,0,0,0.765,3.0,3,0
2025-09-21,660853,5,1,1,2.1400570000000005,5.0,3,1
2025-09-21,661395,4,2,0,0.754,4.0,2,0
2025-09-21,663158,3,2,0,0.22,3.0,1,0
2025-09-21,663321,4,1,0,1.1684927536231884,4.0,3,0
2025-09-21,663432,3,0,2,1.8439940000000001,3.0,1,0
2025-09-21,663485,4,1,0,1.057,4.0,3,0
2025-09-21,663554,25,5,3,7.284659831168832,25.0,17,2
2025-09-21,663574,5,2,2,1.451994,5.0,1,0
2025-09-21,663623,22,5,2,7.139968999999999,22.0,15,2
2025-09-21,663893,8,0,0,2.693,8.0,8,0
2025-09-21,663947,4,0,1,1.620497,4.0,3,1
2025-09-21,664076,3,1,0,1.0919999999999999,3.0,2,0
2025-09-21,664126,3,0,0,0.6859999999999999,3.0,3,0
2025-09-21,664192,5,2,0,0.737,5.0,3,0
2025-09-21,664208,3,2,0,0.615,3.0,1,0
2025-09-21,664294,3,2,0,0.054,3.0,1,0
2025-09-21,666277,3,1,0,1.6139393939393936,3.0,2,1
2025-09-21,666374,3,1,0,0.208,3.0,2,0
2025-09-21,666808,5,1,2,1.882994,5.0,2,0
2025-09-21,668390,4,1,0,1.5982500000000002,4.0,3,1
2025-09-21,668933,4,1,0,0.185,4.0,3,0
2025-09-21,669199,10,2,1,5.138497,10.0,7,1
2025-09-21,669211,4,1,0,4.5347100056529115,4.0,3,2
2025-09-21,669276,2,1,0,0.0,2.0,1,0
2025-09-21,669302,24,4,1,8.258628105263158,24.0,18,1
2025-09-21,669387,11,3,0,1.6470000000000002,11.0,8,0
2025-09-21,669461,20,6,1,7.032190548387097,20.0,13,1
2025-09-21,669704,4,3,1,0.691497,4.0,0,0
2025-09-21,669711,4,2,0,0.9029999999999999,4.0,2,0
2025-09-21,669920,12,1,1,6.587430333333335,12.0,10,1
2025-09-21,670036,2,0,0,1.7746065573770489,2.0,2,1
2025-09-21,670167,3,0,0,1.313,3.0,3,0
2025-09-21,670280,4,1,1,1.096497,4.0,2,0
2025-09-21,670329,6,1,1,0.731,5.0,4,0
2025-09-21,670955,3,2,0,0.226,3.0,1,0
2025-09-21,670970,3,2,0,0.002,3.0,1,0
2025-09-21,670990,4,1,0,1.529395061728395,4.0,3,1
2025-09-21,671096,20,2,1,7.723497,20.0,17,0
2025-09-21,671212,20,9,4,6.0809880000000005,20.0,7,0
2025-09-21,672582,3,0,0,1.078,3.0,3,0
2025-09-21,672841,6,1,0,1.8207820512820514,6.0,5,1
2025-09-21,673929,2,1,0,0.051,2.0,1,0
2025-09-21,674370,15,6,2,7.137949882352942,14.0,6,3
2025-09-21,674444,3,1,0,0.20400000000000001,3.0,2,0
2025-09-21,675848,3,1,0,0.407,3.0,2,0
2025-09-21,675911,23,6,3,6.262491,23.0,14,0
2025-09-21,676254,2,1,0,0.0,1.0,0,0
2025-09-21,676282,19,5,2,5.357994,19.0,12,0
2025-09-21,676395,4,1,0,1.0201875,4.0,3,0
2025-09-21,676428,6,1,0,1.997,6.0,5,0
2025-09-21,676617,4,0,0,1.473039,4.0,3,0
2025-09-21,676661,4,0,0,1.4757916666666666,4.0,4,0
2025-09-21,677161,5,1,0,0.769,5.0,4,0
2025-09-21,678024,12,3,1,4.235497,12.0,8,0
2025-09-21,678692,4,0,1,1.091497,4.0,3,0
2025-09-21,679883,4,0,1,1.365497,4.0,3,0
2025-09-21,680573,21,3,2,5.815728065934066,21.0,16,2
2025-09-21,680694,23,9,2,6.6063788904109595,23.0,11,1
2025-09-21,680730,13,2,0,3.87075,13.0,11,1
2025-09-21,680732,17,4,0,7.456857142857142,17.0,13,1
2025-09-21,680742,4,0,0,0.378,3.0,3,0
2025-09-21,680767,4,1,1,1.7024970000000001,4.0,2,0
2025-09-21,681347,17,3,0,5.689702702702703,17.0,14,1
2025-09-21,681676,4,2,0,0.740289,4.0,1,0
2025-09-21,681870,5,1,0,0.47800000000000004,5.0,4,0
2025-09-21,681892,3,1,0,0.127,3.0,2,0
2025-09-21,681911,1,0,0,0.40075,1.0,1,0
2025-09-21,681982,2,0,1,0.7394970000000001,2.0,1,0
2025-09-21,682120,4,1,0,0.29300000000000004,3.0,2,0
2025-09-21,682274,5,1,1,1.4324970000000001,5.0,3,0
2025-09-21,683769,2,1,0,1.0655600000000005,2.0,1,1
2025-09-21,685126,3,1,0,0.889,3.0,2,0
2025-09-21,686218,24,10,0,4.165863714285714,24.0,12,0
2025-09-21,686790,24,3,1,8.131497,24.0,20,0
2025-09-21,687765,21,1,2,9.803713298245615,21.0,18,1
2025-09-21,687849,4,2,0,0.933,4.0,2,0
2025-09-21,687911,3,0,0,0.135,3.0,3,0
2025-09-21,688107,13,2,2,4.807701762088975,13.0,8,2
2025-09-21,688497,8,1,2,4.544994,8.0,5,0
2025-09-21,689147,6,0,0,3.3525588235294124,6.0,6,1
2025-09-21,689266,4,0,1,1.812497,4.0,3,0
2025-09-21,691587,16,9,1,2.282545780487805,16.0,6,1
2025-09-21,691769,2,0,0,0.08299999999999999,2.0,2,0
2025-09-21,691799,3,2,0,0.038,3.0,1,0
2025-09-21,693645,20,6,1,5.334072000000001,20.0,13,1
2025-09-21,694335,10,2,1,2.813786,10.0,6,0
2025-09-21,694361,4,0,0,2.1338125,4.0,4,1
2025-09-21,695243,4,1,2,1.630994,4.0,1,0
2025-09-21,696147,5,1,2,1.854994,5.0,2,0
2025-09-21,701487,3,0,0,0.051000000000000004,3.0,3,0
2025-09-21,701519,3,1,0,0.12200000000000001,3.0,2,0
2025-09-21,702056,20,2,3,9.251147249999999,20.0,15,3
2025-09-21,702352,2,0,0,0.366,1.0,2,0
2025-09-21,702674,24,5,3,6.7131472500000005,23.0,15,2
2025-09-21,801139,6,1,1,2.2694970000000003,6.0,4,0
2025-09-21,805123,9,1,0,1.6229999999999998,9.0,8,0
2025-09-21,813349,17,4,2,4.7755540000000005,17.0,11,1
2025-09-22,434378,24,3,2,9.822058285714286,23.0,19,2
2025-09-22,519242,23,6,2,7.7256825577525925,23.0,12,1
2025-09-22,601713,25,5,5,8.841762777777777,25.0,15,1
2025-09-22,606996,2,0,0,0.8370000000000001,2.0,2,0
2025-09-22,642239,6,0,2,1.430497,5.0,4,0
2025-09-22,642547,20,6,1,8.593249709755119,20.0,13,3
2025-09-22,657424,4,1,1,0.046,2.0,2,0
2025-09-22,657649,4,1,0,0.6890000000000001,4.0,3,0
2025-09-22,660761,14,2,0,5.212,14.0,12,0
2025-09-22,663158,3,2,0,0.719,3.0,1,0
2025-09-22,663455,3,2,1,0.691497,3.0,0,0
2025-09-22,663941,11,3,1,2.667497,11.0,7,0
2025-09-22,666659,10,0,1,6.49744225,10.0,8,1
2025-09-22,666711,3,2,0,0.171,3.0,1,0
2025-09-22,667463,2,0,0,0.405,2.0,2,0
2025-09-22,668941,3,1,0,0.63,3.0,2,0
2025-09-22,669022,13,3,4,6.599351636363636,13.0,6,2
2025-09-22,669093,5,1,1,1.293497,5.0,3,0
2025-09-22,670970,4,1,0,0.8410000000000001,4.0,3,0
2025-09-22,671131,6,0,1,3.5157860000000003,6.0,4,0
2025-09-22,676571,8,2,2,2.331994,8.0,4,0
2025-09-22,676702,3,1,1,1.228497,3.0,1,0
2025-09-22,676760,4,2,1,0.697497,4.0,1,0
2025-09-22,676879,3,2,0,0.035,3.0,1,0
2025-09-22,681517,4,1,1,1.415497,4.0,2,0
2025-09-22,681676,4,1,0,0.6,4.0,3,0
2025-09-22,681982,2,0,0,0.812,1.0,2,0
2025-09-22,682842,4,0,0,1.057,4.0,4,0
2025-09-22,683232,6,1,2,2.4699940000000002,6.0,3,0
2025-09-22,699134,4,0,1,0.5860000000000001,3.0,3,0
2025-09-22,700241,24,2,3,11.073147933378236,24.0,19,6
2025-09-22,829272,8,1,0,1.333,8.0,7,0
2025-09-23,455119,3,1,1,0.705497,3.0,1,0
2025-09-23,458677,5,1,1,1.895497,5.0,3,0
2025-09-23,502085,5,1,0,2.5404999999999998,5.0,4,1
2025-09-23,518585,4,0,0,0.851,4.0,4,0
2025-09-23,519141,3,1,1,1.2264970000000002,3.0,1,0
2025-09-23,543056,6,1,2,2.6276426486486484,6.0,3,1
2025-09-23,547184,3,1,0,0.8240000000000001,3.0,2,0
2025-09-23,547973,3,0,0,0.774,3.0,3,0
2025-09-23,548384,1,1,0,0.0,1.0,0,0
2025-09-23,552640,3,1,0,0.493,3.0,2,0
2025-09-23,570632,11,0,1,3.842497,11.0,10,0
2025-09-23,571578,18,2,2,7.058250578947368,18.0,14,2
2025-09-23,571948,3,0,1,1.765497,3.0,2,0
2025-09-23,573124,5,1,0,1.8515,5.0,4,0
2025-09-23,573204,5,0,0,2.910258064516129,5.0,5,1
2025-09-23,592332,27,7,1,7.889903250000001,27.0,19,3
2025-09-23,592454,3,2,1,0.691497,3.0,0,0
2025-09-23,592773,4,1,1,0.836497,4.0,2,0
2025-09-23,593974,5,2,0,1.251,5.0,3,0
2025-09-23,595345,4,1,0,0.31,4.0,3,0
2025-09-23,595928,3,1,0,0.6584736842105264,3.0,2,1
2025-09-23,596133,5,1,0,0.7450000000000001,5.0,4,0
2025-09-23,605130,3,0,0,0.10300000000000001,3.0,3,0
2025-09-23,605488,20,3,2,3.619994,20.0,15,0
2025-09-23,606160,1,0,0,0.034,1.0,1,0
2025-09-23,606303,3,2,0,0.056,3.0,1,0
2025-09-23,608337,23,3,4,8.057230424242425,23.0,16,0
2025-09-23,620454,3,0,0,1.019,3.0,3,0
2025-09-23,621051,1,0,0,0.792,1.0,1,0
2025-09-23,621053,6,2,0,0.446,6.0,4,0
2025-09-23,621242,6,5,0,0.118,6.0,1,0
2025-09-23,621383,1,1,0,0.0,1.0,0,0
2025-09-23,623211,10,2,0,2.246,10.0,8,0
2025-09-23,623474,3,2,0,0.005,3.0,1,0
2025-09-23,628452,4,1,1,0.705497,4.0,2,0
2025-09-23,640448,3,0,0,1.469,3.0,3,0
2025-09-23,642100,4,3,0,0.925,4.0,1,0
2025-09-23,642152,4,2,0,0.945,4.0,2,0
2025-09-23,642397,3,1,0,1.556,3.0,2,0
2025-09-23,642701,3,1,1,0.881497,3.0,1,0
2025-09-23,642759,3,2,0,0.556,3.0,1,0
2025-09-23,643511,7,0,2,2.815994,7.0,5,0
2025-09-23,647336,10,1,1,4.180097,10.0,8,1
2025-09-23,650911,24,6,1,4.486497,24.0,17,0
2025-09-23,656222,1,1,0,0.0,1.0,0,0
2025-09-23,656271,5,2,0,1.97,5.0,3,0
2025-09-23,656457,3,2,0,0.46,3.0,1,0
2025-09-23,656848,7,1,1,2.021,6.0,5,0
2025-09-23,656849,11,1,2,5.344994,10.0,8,0
2025-09-23,656945,5,0,1,2.422786,4.0,3,0
2025-09-23,657044,3,0,0,1.0616153846153846,3.0,3,0
2025-09-23,657097,5,1,1,1.550497,5.0,3,0
2025-09-23,657277,26,5,2,7.8509510833333325,24.0,17,3
2025-09-23,657612,3,1,0,1.17,3.0,2,0
2025-09-23,660271,22,8,0,5.79,22.0,14,0
2025-09-23,660825,2,0,0,0.529,2.0,2,0
2025-09-23,660853,5,1,1,1.691497,4.0,3,0
2025-09-23,660896,7,3,0,2.117,7.0,4,0
2025-09-23,661395,5,1,0,1.3690000000000002,5.0,4,1
2025-09-23,661563,24,3,2,6.345837749999999,24.0,19,2
2025-09-23,662253,3,2,0,0.005,3.0,1,0
2025-09-23,663455,3,1,0,2.576,3.0,2,1
2025-09-23,663485,3,0,0,0.547,3.0,3,0
2025-09-23,663903,23,3,0,7.389763999999999,23.0,19,1
2025-09-23,663969,4,3,0,0.615,4.0,1,0
2025-09-23,664192,5,1,1,3.0197611509433964,5.0,3,1
2025-09-23,664199,4,2,1,0.712497,4.0,1,0
2025-09-23,664294,1,0,0,0.0,0.0,0,0
2025-09-23,664299,21,4,1,5.557599564102564,21.0,16,1
2025-09-23,664875,3,2,0,0.25,3.0,1,0
2025-09-23,665152,22,4,0,4.342517571428572,22.0,17,1
2025-09-23,665795,17,3,1,6.216141902287532,17.0,13,3
2025-09-23,666142,19,10,1,5.432671789915966,19.0,8,2
2025-09-23,666171,1,0,0,0.462,1.0,1,0
2025-09-23,666277,3,0,0,0.966,3.0,3,0
2025-09-23,666711,3,1,0,2.0847206477732794,3.0,2,1
2025-09-23,667297,1,0,0,0.441,1.0,1,0
2025-09-23,667463,6,0,0,2.766,6.0,6,0
2025-09-23,668390,8,2,0,1.230289,8.0,5,0
2025-09-23,668909,24,12,2,5.843745498501498,24.0,10,2
2025-09-23,668933,4,1,0,0.409,4.0,3,0
2025-09-23,668941,3,1,0,0.747,3.0,2,0
2025-09-23,668964,7,0,0,2.8667924528301887,7.0,7,1
2025-09-23,669145,28,1,2,8.722428586466165,27.0,24,1
2025-09-23,669276,4,2,0,1.1659393939393934,4.0,2,1
2025-09-23,669373,24,8,3,4.412491,23.0,13,0
2025-09-23,669467,14,4,2,4.304994,14.0,8,0
2025-09-23,669674,5,0,1,2.7240570000000006,5.0,4,1
2025-09-23,670167,3,1,0,0.6507499999999999,3.0,2,0
2025-09-23,670912,19,7,3,4.5106785,19.0,9,1
2025-09-23,671922,3,2,0,0.504,3.0,1,0
2025-09-23,672841,3,1,0,0.3,3.0,2,0
2025-09-23,673513,4,0,0,2.1281739130434785,4.0,4,1
2025-09-23,673929,3,1,1,0.7574970000000001,3.0,1,0
2025-09-23,674444,3,0,0,0.5730000000000001,3.0,3,0
2025-09-23,675848,5,2,1,2.136075,5.0,0,0
2025-09-23,676254,7,1,0,3.621657894736842,7.0,6,2
2025-09-23,676263,4,1,0,2.801641975308642,4.0,3,1
2025-09-23,676428,3,0,0,0.447,3.0,3,0
2025-09-23,676477,3,2,0,0.116,3.0,1,0
2025-09-23,676534,1,0,0,0.353,1.0,1,0
2025-09-23,676617,1,1,0,0.0,1.0,0,0
2025-09-23,676755,3,0,0,0.8320000000000001,3.0,3,0
2025-09-23,677955,3,1,0,0.946,3.0,2,0
2025-09-23,678368,4,1,0,0.817,4.0,3,0
2025-09-23,680755,3,1,2,1.382994,3.0,0,0
2025-09-23,680767,3,1,1,1.300497,3.0,1,0
2025-09-23,681006,5,1,0,1.512,5.0,4,0
2025-09-23,681151,6,1,1,1.417497,6.0,4,0
2025-09-23,681190,24,3,2,6.611660666666666,24.0,19,1
2025-09-23,681343,23,8,4,5.955741,22.0,11,0
2025-09-23,681870,3,2,0,0.519,3.0,1,0
2025-09-23,681882,3,0,0,0.455,3.0,3,0
2025-09-23,681892,3,2,0,0.314,3.0,1,0
2025-09-23,681911,4,1,2,1.400994,4.0,1,0
2025-09-23,682243,22,4,1,7.4422556206896555,21.0,17,2
2025-09-23,682274,4,2,1,0.7574970000000001,4.0,1,0
2025-09-23,682995,5,0,0,2.485,5.0,5,0
2025-09-23,683175,5,3,0,0.6890000000000001,5.0,2,0
2025-09-23,683618,2,0,0,1.9842894736842103,2.0,2,1
2025-09-23,683769,4,3,0,0.948,4.0,1,0
2025-09-23,685126,5,0,2,2.378497,4.0,3,0
2025-09-23,685326,19,10,2,4.785033000000001,19.0,6,1
2025-09-23,686580,3,0,0,1.031,3.0,3,0
2025-09-23,686752,13,3,1,4.009639857142857,13.0,9,1
2025-09-23,686973,4,0,0,0.829,4.0,4,0
2025-09-23,686993,4,0,1,1.4917859999999998,4.0,2,0
2025-09-23,687330,3,2,0,0.335,3.0,1,0
2025-09-23,687377,3,0,1,0.827497,3.0,2,0
2025-09-23,688297,7,0,0,2.0917575757575753,7.0,7,1
2025-09-23,689147,5,0,1,1.8729414444444443,5.0,4,1
2025-09-23,689254,3,1,0,0.145,3.0,2,0
2025-09-23,690990,11,2,0,4.810266975308642,11.0,9,2
2025-09-23,691799,5,1,0,1.7575555555555555,5.0,4,1
2025-09-23,691951,23,3,2,8.78272877352472,23.0,17,2
2025-09-23,693855,19,2,2,7.484889060606061,19.0,14,1
2025-09-23,694297,24,4,2,6.3073440000000005,24.0,18,0
2025-09-23,694335,3,1,0,0.052,2.0,1,0
2025-09-23,694462,26,5,4,8.440988,25.0,16,0
2025-09-23,695418,23,4,1,8.6323095,23.0,18,2
2025-09-23,696136,4,1,0,0.271,4.0,3,0
2025-09-23,696147,5,2,1,1.0534970000000001,5.0,2,0
2025-09-23,702352,2,0,0,1.4166935483870964,2.0,2,1
2025-09-23,805299,3,0,0,0.10799999999999998,3.0,3,0
2025-09-23,805673,27,6,0,8.277802494802494,27.0,21,2
2025-09-23,806188,3,0,1,0.926497,3.0,2,0
2025-09-24,445276,3,2,0,0.043,3.0,1,0
2025-09-24,453286,25,5,0,9.74936083916084,25.0,20,1
2025-09-24,472610,3,0,1,1.3394970000000002,3.0,2,0
2025-09-24,477132,3,0,0,0.923,3.0,3,0
2025-09-24,542888,5,1,0,1.7020487804878046,5.0,4,1
2025-09-24,543243,28,7,2,9.425257825757576,28.0,19,4
2025-09-24,571510,20,3,1,6.480124095238095,20.0,15,2
2025-09-24,572955,4,0,0,2.291,4.0,4,0
2025-09-24,579328,18,6,1,4.489266005847953,18.0,11,2
2025-09-24,592155,6,0,1,4.213078011351909,6.0,5,2
2025-09-24,592426,5,1,1,2.220497,5.0,3,0
2025-09-24,594798,18,8,1,6.132100890362512,17.0,8,2
2025-09-24,595014,1,0,0,0.009,1.0,1,0
2025-09-24,595345,3,1,0,1.377268817204301,3.0,2,1
2025-09-24,596001,6,2,0,1.313,6.0,4,0
2025-09-24,605280,4,0,0,0.505,4.0,4,0
2025-09-24,605483,23,5,1,5.9807192222222225,23.0,17,1
2025-09-24,606160,3,0,2,2.108994,3.0,1,0
2025-09-24,606996,3,0,0,0.476,3.0,3,0
2025-09-24,607200,9,2,0,2.3791176470588233,9.0,7,0
2025-09-24,607259,4,0,1,2.055497,4.0,3,0
2025-09-24,608331,27,7,2,5.0113511428571424,27.0,18,1
2025-09-24,608650,8,3,0,1.085,8.0,5,0
2025-09-24,620454,7,0,0,3.3406341463414635,6.0,6,1
2025-09-24,621112,4,1,0,0.9710000000000001,4.0,3,0
2025-09-24,621244,10,3,2,3.4155753953488373,10.0,5,1
2025-09-24,622491,23,10,0,4.420036953242836,23.0,13,1
2025-09-24,622608,11,4,1,3.392497,11.0,6,0
2025-09-24,622663,22,5,1,6.367977,22.0,16,0
2025-09-24,623149,4,0,0,0.7530000000000001,4.0,4,0
2025-09-24,640455,5,1,0,1.6904117647058825,5.0,4,1
2025-09-24,641302,8,2,0,1.988,8.0,6,0
2025-09-24,641329,6,1,1,2.287497,6.0,4,0
2025-09-24,641755,4,2,0,2.002,4.0,2,1
2025-09-24,641835,3,0,0,1.38,3.0,3,0
2025-09-24,641941,6,1,1,2.322786,6.0,3,0
2025-09-24,642207,3,0,0,0.562,3.0,3,0
2025-09-24,642701,7,2,0,3.4900032857142858,7.0,4,2
2025-09-24,642759,5,0,1,3.1432470000000006,5.0,4,1
2025-09-24,643377,4,0,1,2.168497,4.0,3,0
2025-09-24,650644,11,3,0,3.3072222222222223,11.0,8,1
2025-09-24,650893,3,0,2,1.1850424545454545,2.0,1,0
2025-09-24,656302,23,8,2,5.877994,22.0,13,0
2025-09-24,656427,19,6,0,6.115936170212766,19.0,13,1
2025-09-24,657044,3,0,0,1.1280000000000001,3.0,3,0
2025-09-24,657424,3,1,0,0.888,3.0,2,0
2025-09-24,657571,2,0,0,0.372,2.0,2,0
2025-09-24,657649,4,1,0,0.491,4.0,3,0
2025-09-24,663321,4,1,1,1.3171123846153847,4.0,2,0
2025-09-24,663568,26,2,2,8.305301359307359,26.0,22,2
2025-09-24,663574,4,1,0,1.4599354838709677,4.0,3,1
2025-09-24,663687,5,2,0,0.33599999999999997,5.0,3,0
2025-09-24,663893,3,0,0,0.768,3.0,3,0
2025-09-24,663941,3,0,0,0.362,3.0,3,0
2025-09-24,663947,5,2,0,0.8230000000000001,5.0,3,0
2025-09-24,663992,8,2,1,2.916755064516129,8.0,5,1
2025-09-24,664076,3,1,0,0.38999999999999996,3.0,2,0
2025-09-24,664126,3,0,0,0.887289,3.0,2,0
2025-09-24,664141,17,4,1,5.801317512820512,17.0,12,1
2025-09-24,664208,3,1,0,0.367,3.0,2,0
2025-09-24,664294,4,1,0,1.937,4.0,3,0
2025-09-24,664854,7,2,0,1.3699999999999999,7.0,5,0
2025-09-24,664875,4,2,0,0.381,4.0,2,0
2025-09-24,665660,5,2,0,0.378,5.0,3,0
2025-09-24,666200,23,10,0,2.3939999999999997,23.0,13,0
2025-09-24,666661,1,0,0,0.301,1.0,1,0
2025-09-24,666974,4,1,0,0.695,4.0,3,0
2025-09-24,667297,3,0,1,0.869497,3.0,2,0
2025-09-24,668881,23,7,2,5.9888551111111115,22.0,13,1
2025-09-24,669093,4,0,0,1.3334062500000003,4.0,4,1
2025-09-24,669194,25,9,0,7.749581730769231,25.0,16,2
2025-09-24,669199,5,2,0,1.3902121212121212,5.0,3,1
2025-09-24,669330,19,4,1,7.53268799378882,19.0,14,2
2025-09-24,669358,15,3,3,2.743491,15.0,9,0
2025-09-24,670955,3,2,0,0.072,3.0,1,0
2025-09-24,670970,5,0,0,3.3003157894736845,5.0,5,1
2025-09-24,670990,6,2,2,1.438994,6.0,2,0
2025-09-24,671131,4,1,0,1.5901428571428569,4.0,3,1
2025-09-24,671737,22,9,2,4.291186105263158,22.0,11,0
2025-09-24,671922,1,0,0,0.075,1.0,1,0
2025-09-24,674841,18,5,3,5.3161785,18.0,10,1
2025-09-24,676130,3,1,1,0.931497,3.0,1,0
2025-09-24,676263,4,0,2,0.008,1.0,2,0
2025-09-24,676395,6,1,0,0.721,6.0,5,0
2025-09-24,676440,24,5,2,7.732994,24.0,17,0
2025-09-24,676617,6,0,1,1.524,5.0,5,0
2025-09-24,676661,4,0,0,0.62,4.0,4,0
2025-09-24,676684,4,1,0,0.703,4.0,3,0
2025-09-24,676755,4,0,1,2.6272424545454545,4.0,3,1
2025-09-24,676879,1,1,0,0.0,1.0,0,0
2025-09-24,676979,26,6,0,4.235,26.0,20,0
2025-09-24,677960,23,8,2,8.9046205884653,23.0,13,4
2025-09-24,678368,8,1,0,5.629222307692308,8.0,7,3
2025-09-24,678606,5,2,0,2.182,5.0,3,1
2025-09-24,680730,3,0,1,0.781497,3.0,2,0
2025-09-24,680736,3,2,0,0.107,3.0,1,0
2025-09-24,680742,8,4,1,1.753247,8.0,3,1
2025-09-24,681217,5,1,0,1.8132890000000002,5.0,3,0
2025-09-24,681517,5,2,0,1.537,5.0,3,0
2025-09-24,681911,4,0,1,2.960497,4.0,3,0
2025-09-24,682120,3,1,0,1.166289,3.0,1,0
2025-09-24,682842,3,2,0,0.005,3.0,1,0
2025-09-24,683232,6,1,1,0.763,4.0,4,0
2025-09-24,683409,9,1,0,5.417296650717703,9.0,8,2
2025-09-24,683618,4,0,0,1.3423214285714287,3.0,3,0
2025-09-24,683769,1,1,0,0.0,1.0,0,0
2025-09-24,685299,19,3,0,9.3557494743083,19.0,15,4
2025-09-24,685314,3,0,1,1.017497,3.0,2,0
2025-09-24,686563,20,6,1,7.32154242709064,20.0,13,4
2025-09-24,686613,23,5,2,5.538994,23.0,16,0
2025-09-24,686642,5,1,3,2.087491,5.0,1,0
2025-09-24,687911,5,0,0,4.600169565217391,5.0,5,2
2025-09-24,688158,3,1,1,0.756497,3.0,1,0
2025-09-24,689520,3,2,0,0.43,3.0,1,0
2025-09-24,690925,5,3,2,1.382994,5.0,0,0
2025-09-24,691594,4,0,1,0.802497,4.0,3,0
2025-09-24,691769,4,1,0,1.9652641509433963,4.0,3,1
2025-09-24,693313,10,4,1,1.6784970000000001,10.0,5,0
2025-09-24,693821,26,7,0,8.866312200956937,26.0,19,3
2025-09-24,694037,2,1,0,0.5664545454545454,2.0,1,0
2025-09-24,694477,12,6,2,4.120949555555556,12.0,4,1
2025-09-24,694973,22,7,0,4.851264150943396,22.0,15,1
2025-09-24,695505,6,3,0,1.6764230769230768,6.0,3,1
2025-09-24,701519,5,0,0,3.0380000000000003,5.0,5,0
2025-09-24,801139,5,1,1,1.981197,5.0,3,0
2025-09-24,804636,14,1,2,6.669417076923077,14.0,11,2
2025-09-24,805299,7,3,0,1.5939999999999999,7.0,4,0
2025-09-24,808963,3,2,0,0.1,3.0,1,0
2025-09-24,820862,3,0,0,0.182,3.0,3,0
2025-09-25,455119,7,1,0,3.664,7.0,6,1
2025-09-25,458677,3,0,0,2.647907692307692,3.0,3,2
2025-09-25,502085,4,0,0,0.923,4.0,4,0
2025-09-25,519141,4,2,0,0.42500000000000004,4.0,2,0
2025-09-25,543518,7,2,0,2.0990606060606063,7.0,5,1
2025-09-25,547179,22,9,0,6.058235632183908,22.0,13,2
2025-09-25,548384,3,3,0,0.0,3.0,0,0
2025-09-25,571948,4,1,0,0.295,4.0,3,0
2025-09-25,573124,5,1,1,2.129354142857143,5.0,3,0
2025-09-25,592155,2,0,0,0.02,2.0,2,0
2025-09-25,592454,4,0,0,0.661,4.0,4,0
2025-09-25,592773,3,0,0,0.838,3.0,3,0
2025-09-25,592836,9,3,2,3.169994,9.0,4,0
2025-09-25,596133,3,0,0,0.9091000000000002,3.0,3,1
2025-09-25,607074,24,5,1,10.487921212147125,23.0,17,3
2025-09-25,607455,3,2,0,0.052,3.0,1,0
2025-09-25,621111,20,2,3,6.68678,20.0,14,1
2025-09-25,621242,3,0,0,0.734,3.0,3,0
2025-09-25,621381,3,1,0,0.201,3.0,2,0
2025-09-25,622503,20,2,2,9.985922572192798,20.0,16,3
2025-09-25,622554,3,1,0,0.748,3.0,2,0
2025-09-25,640448,3,1,0,1.032,3.0,2,0
2025-09-25,641401,6,3,0,0.439,6.0,3,0
2025-09-25,641778,10,2,0,2.316,10.0,8,0
2025-09-25,641816,19,4,1,5.856001166666666,19.0,14,2
2025-09-25,641927,19,5,1,5.03820910106383,19.0,13,2
2025-09-25,641941,3,0,0,0.70975,3.0,3,0
2025-09-25,642207,5,2,1,2.141497,5.0,2,1
2025-09-25,643511,3,0,0,0.788,3.0,3,0
2025-09-25,647336,3,1,0,0.1,3.0,2,0
2025-09-25,650556,3,1,0,0.403,3.0,2,0
2025-09-25,656222,4,1,0,2.615933333333333,4.0,3,2
2025-09-25,656457,10,2,3,3.367283,9.0,4,0
2025-09-25,656546,6,1,1,1.516786,6.0,3,0
2025-09-25,656876,12,3,2,2.770694,11.0,6,0
2025-09-25,656945,3,1,0,0.21000000000000002,3.0,2,0
2025-09-25,657097,6,3,0,0.7692777777777777,6.0,3,1
2025-09-25,657571,4,0,1,1.319497,4.0,3,0
2025-09-25,660853,6,1,0,2.2525,6.0,5,1
2025-09-25,663321,3,0,1,2.4202424545454546,3.0,2,1
2025-09-25,663436,21,5,2,6.288497,20.0,14,0
2025-09-25,663465,4,1,0,0.627,4.0,3,0
2025-09-25,663485,3,1,0,0.641,3.0,2,0
2025-09-25,663574,4,1,0,0.8532777777777778,4.0,3,1
2025-09-25,663893,1,0,0,0.092,1.0,1,0
2025-09-25,663947,4,1,0,1.804,4.0,3,0
2025-09-25,664285,30,10,2,7.451136857142857,30.0,18,1
2025-09-25,666157,22,12,1,2.4154970000000002,22.0,9,0
2025-09-25,666171,7,0,1,3.1753314545454545,7.0,5,1
2025-09-25,666374,5,2,1,0.9164970000000001,5.0,2,0
2025-09-25,668933,2,1,0,0.085,2.0,1,0
2025-09-25,668984,6,2,1,2.4154970000000002,6.0,3,0
2025-09-25,669211,3,0,0,0.9530000000000001,3.0,3,0
2025-09-25,669372,21,4,3,6.72578,21.0,13,0
2025-09-25,669387,6,0,0,1.299,5.0,5,0
2025-09-25,669620,9,1,3,3.9874910000000003,9.0,5,0
2025-09-25,669684,8,2,1,2.0329706842105266,8.0,5,1
2025-09-25,669704,3,2,0,0.384,3.0,1,0
2025-09-25,669947,22,9,2,5.488208285714286,22.0,11,2
2025-09-25,670036,5,2,1,1.880497,5.0,2,0
2025-09-25,670167,4,1,0,0.536,4.0,3,0
2025-09-25,670280,3,1,0,0.29100000000000004,3.0,2,0
2025-09-25,670329,6,2,0,2.6959999999999997,6.0,4,0
2025-09-25,672841,10,2,0,2.917,10.0,8,0
2025-09-25,674370,10,3,1,2.296497,10.0,6,0
2025-09-25,674444,5,1,0,2.3571833333333334,5.0,4,1
2025-09-25,675512,15,1,2,4.292994,15.0,12,0
2025-09-25,676083,19,4,0,5.342,19.0,15,0
2025-09-25,676106,14,7,0,3.814474999999999,14.0,7,1
2025-09-25,676428,5,2,0,0.488,5.0,3,0
2025-09-25,676534,2,1,0,0.321,2.0,1,0
2025-09-25,676684,3,3,0,0.0,3.0,0,0
2025-09-25,677161,3,0,0,1.4769555555555558,3.0,3,1
2025-09-25,677952,21,5,1,5.5775879090909095,21.0,15,0
2025-09-25,678024,7,1,2,2.9395349836065576,7.0,4,1
2025-09-25,678394,23,3,3,5.963069,23.0,15,0
2025-09-25,678692,7,2,1,1.487497,7.0,4,0
2025-09-25,678821,6,1,2,1.761994,6.0,3,0
2025-09-25,679883,3,2,0,0.102,3.0,1,0
2025-09-25,680755,4,0,1,2.5644970000000002,4.0,3,0
2025-09-25,681006,3,2,0,0.894,3.0,1,0
2025-09-25,681892,3,2,0,0.137,3.0,1,0
2025-09-25,682120,5,0,2,1.5939940000000001,5.0,3,0
2025-09-25,682274,3,1,0,1.248,3.0,2,0
2025-09-25,683627,11,2,1,5.05726876015474,11.0,8,1
2025-09-25,684007,26,3,1,11.180759856790445,26.0,22,5
2025-09-25,684320,2,1,0,0.298,2.0,1,0
2025-09-25,686973,6,3,0,0.6269999999999999,6.0,3,0
2025-09-25,687134,20,1,2,9.184369333333333,18.0,16,3
2025-09-25,687166,9,1,1,3.442497,9.0,7,0
2025-09-25,687330,4,1,0,4.050217816091954,4.0,3,2
2025-09-25,687849,3,0,1,1.267497,3.0,2,0
2025-09-25,688497,11,6,1,2.347497,11.0,4,0
2025-09-25,688642,4,2,1,0.691497,4.0,1,0
2025-09-25,690997,23,11,2,8.39382706451613,23.0,10,3
2025-09-25,693312,6,3,0,0.6679999999999999,6.0,3,0
2025-09-25,694361,4,2,0,0.989,4.0,2,0
2025-09-25,696147,8,1,1,3.8410379836065576,8.0,6,1
2025-09-25,700249,26,4,2,7.813474,26.0,20,1
2025-09-25,701487,4,1,0,0.703,4.0,3,0
2025-09-25,800048,23,7,1,8.72163079705401,23.0,15,3
2025-09-25,806188,2,1,1,0.691497,2.0,0,0
2025-09-25,808967,24,7,2,7.153136857142857,24.0,15,1
2025-09-25,815083,21,5,2,8.58450723506714,21.0,14,3
2025-09-26,445276,3,3,0,0.0,3.0,0,0
2025-09-26,506433,20,4,2,9.62216455279113,20.0,14,4
2025-09-26,518585,3,0,2,1.442994,3.0,1,0
2025-09-26,542888,3,0,0,0.264,3.0,3,0
2025-09-26,543294,22,8,0,6.153611111111112,22.0,14,3
2025-09-26,543859,4,1,0,1.315,4.0,3,0
2025-09-26,547973,4,2,0,0.5913333333333333,4.0,2,0
2025-09-26,552640,5,3,0,1.409,5.0,2,0
2025-09-26,571927,4,1,0,1.216,4.0,3,0
2025-09-26,571945,20,4,1,8.733178314344544,20.0,15,4
2025-09-26,572955,7,2,0,2.234142857142857,7.0,5,1
2025-09-26,573204,3,1,1,1.639497,3.0,1,0
2025-09-26,592426,4,2,0,0.47200000000000003,4.0,2,0
2025-09-26,592454,3,0,0,1.7562222222222224,3.0,3,1
2025-09-26,593974,4,1,0,0.277,4.0,3,0
2025-09-26,595014,6,0,1,2.707497,6.0,5,0
2025-09-26,595345,3,0,1,0.9984970000000001,3.0,2,0
2025-09-26,596001,5,1,0,1.5779999999999998,5.0,4,0
2025-09-26,605288,26,5,2,7.1662581509433965,26.0,19,1
2025-09-26,605400,26,9,0,3.3044368421052632,26.0,17,0
2025-09-26,606303,6,0,0,3.616645161290322,6.0,6,2
2025-09-26,606996,3,1,2,1.382994,3.0,0,0
2025-09-26,607067,20,7,1,4.252497,20.0,12,0
2025-09-26,607455,5,1,1,0.41300000000000003,4.0,3,0
2025-09-26,608566,22,1,3,10.576070416666667,22.0,17,4
2025-09-26,620454,8,1,1,1.814497,8.0,6,0
2025-09-26,623211,4,2,0,0.913,4.0,2,0
2025-09-26,623474,5,1,2,1.4829940000000001,5.0,2,0
2025-09-26,640448,6,1,0,2.016,6.0,5,0
2025-09-26,641745,3,2,0,0.007,3.0,1,0
2025-09-26,641793,20,3,2,7.334744,20.0,15,1
2025-09-26,641941,3,1,0,0.019,3.0,2,0
2025-09-26,642100,3,0,0,0.9039999999999999,3.0,3,0
2025-09-26,642121,7,2,1,1.804872,7.0,4,0
2025-09-26,642397,7,1,0,3.176,6.0,5,1
2025-09-26,642701,3,0,0,0.274,3.0,3,0
2025-09-26,643361,4,1,0,0.914,4.0,3,0
2025-09-26,643410,5,1,2,1.475994,5.0,2,0
2025-09-26,645261,28,3,2,9.304333285714286,28.0,23,2
2025-09-26,650556,3,0,0,0.41000000000000003,2.0,2,0
2025-09-26,650893,2,1,0,0.459,2.0,1,0
2025-09-26,656271,4,0,0,1.376,4.0,4,0
2025-09-26,656546,5,0,2,1.758994,5.0,3,0
2025-09-26,656605,19,6,5,7.512195822510821,19.0,8,2
2025-09-26,656945,6,2,1,1.492289,5.0,2,0
2025-09-26,657044,6,2,0,2.427,6.0,4,0
2025-09-26,657612,3,0,0,0.27,3.0,3,0
2025-09-26,657746,21,9,1,2.969497,21.0,11,0
2025-09-26,660825,5,2,1,1.767497,5.0,2,0
2025-09-26,661395,5,2,0,0.954,5.0,3,0
2025-09-26,663554,24,8,0,5.95567982017982,24.0,16,1
2025-09-26,663574,3,1,1,0.7454970000000001,3.0,1,0
2025-09-26,663687,6,2,0,0.293,6.0,4,0
2025-09-26,663893,2,0,1,0.701497,2.0,1,0
2025-09-26,663969,4,0,0,0.45499999999999996,4.0,4,0
2025-09-26,664199,5,1,0,0.94,5.0,4,0
2025-09-26,664208,5,1,1,1.157497,5.0,3,0
2025-09-26,666214,22,3,2,8.880994,22.0,17,1
2025-09-26,666659,4,2,0,0.323,4.0,2,0
2025-09-26,666661,4,2,0,0.91,3.0,1,0
2025-09-26,666711,4,1,0,0.7000000000000001,4.0,3,0
2025-09-26,666808,3,3,0,0.0,3.0,0,0
2025-09-26,666974,7,1,1,2.267497,7.0,5,0
2025-09-26,667297,3,1,0,0.501,3.0,2,0
2025-09-26,667463,4,1,0,1.9564166666666667,4.0,3,0
2025-09-26,668678,24,3,3,10.210607064198959,24.0,18,3
2025-09-26,668933,3,1,0,0.4546153846153846,3.0,2,0
2025-09-26,668964,10,2,1,2.875497,10.0,7,0
2025-09-26,668984,3,0,0,0.824,3.0,3,0
2025-09-26,669432,15,3,3,8.838703575757576,15.0,9,4
2025-09-26,669456,22,3,2,8.771068110671937,22.0,17,2
2025-09-26,669711,4,0,0,0.863,4.0,4,0
2025-09-26,669920,18,4,1,6.841920611111111,18.0,13,2
2025-09-26,669923,20,10,1,4.220987127819549,20.0,8,1
2025-09-26,670036,4,0,0,1.2389999999999999,4.0,4,0
2025-09-26,670280,5,2,1,0.9784970000000001,5.0,2,0
2025-09-26,670990,1,1,0,0.0,1.0,0,0
2025-09-26,672582,4,1,0,0.391,4.0,3,0
2025-09-26,672782,25,5,0,8.41701452991453,25.0,20,2
2025-09-26,673929,6,2,1,4.324254993730408,6.0,3,2
2025-09-26,675848,5,1,1,2.053497,5.0,3,0
2025-09-26,676254,3,2,0,0.134,3.0,1,0
2025-09-26,676477,3,3,0,0.0,3.0,0,0
2025-09-26,676571,2,0,0,0.777289,2.0,1,0
2025-09-26,676702,4,2,1,0.960497,4.0,1,0
2025-09-26,676755,5,0,0,1.9360000000000002,5.0,5,0
2025-09-26,676917,21,6,1,6.449943808510638,21.0,14,2
2025-09-26,677161,3,0,0,1.032,3.0,3,0
2025-09-26,677944,18,3,1,5.6992593626373615,18.0,14,2
2025-09-26,677955,8,1,2,2.7199940000000002,8.0,5,0
2025-09-26,678606,6,0,0,3.005676923076923,6.0,6,1
2025-09-26,679883,3,0,0,1.142,3.0,3,0
2025-09-26,680736,9,3,0,2.8067435454545455,9.0,5,0
2025-09-26,680742,3,1,0,0.036,3.0,2,0
2025-09-26,681151,5,0,1,1.774497,5.0,4,0
2025-09-26,681217,3,2,0,0.229,3.0,1,0
2025-09-26,681347,7,0,0,2.5179361702127663,7.0,7,1
2025-09-26,681870,4,4,0,0.0,4.0,0,0
2025-09-26,681882,7,2,0,1.986787878787879,7.0,5,1
2025-09-26,682990,23,4,1,6.411205333333333,23.0,18,1
2025-09-26,683004,26,10,1,6.661428412337663,25.0,15,2
2025-09-26,683175,4,3,0,0.198,4.0,1,0
2025-09-26,683232,3,1,0,0.6334444444444445,3.0,2,1
2025-09-26,685126,3,1,0,0.41000000000000003,3.0,2,0
2025-09-26,685314,5,0,1,2.5651845,5.0,4,1
2025-09-26,686218,5,3,0,1.123,5.0,2,1
2025-09-26,686580,3,0,1,0.7394970000000001,3.0,2,0
2025-09-26,686642,1,1,0,0.0,1.0,0,0
2025-09-26,686790,26,10,0,4.8466,26.0,16,1
2025-09-26,686930,22,3,2,6.506772571428572,22.0,17,2
2025-09-26,686993,5,2,0,0.579,5.0,3,0
2025-09-26,687075,20,2,1,7.5547,20.0,15,1
2025-09-26,687377,4,1,1,1.355497,4.0,2,0
2025-09-26,687849,9,1,0,1.717,9.0,8,0
2025-09-26,687911,4,0,0,2.04168085106383,4.0,4,1
2025-09-26,688158,4,0,3,2.178491,4.0,1,0
2025-09-26,688297,10,1,1,3.872443894736842,10.0,7,1
2025-09-26,689254,6,4,0,0.6839999999999999,6.0,2,0
2025-09-26,689266,4,0,0,1.167,4.0,4,0
2025-09-26,690986,19,6,3,6.647491,19.0,10,0
2025-09-26,691769,3,1,1,0.698497,3.0,1,0
2025-09-26,691799,4,2,0,1.572,4.0,2,1
2025-09-26,693312,4,2,0,0.8699354838709676,4.0,2,1
2025-09-26,694037,3,1,0,0.196,3.0,2,0
2025-09-26,694361,6,1,1,2.43459289041096,6.0,4,1
2025-09-26,695243,5,3,1,0.702497,5.0,1,0
2025-09-26,699134,4,2,0,0.607,4.0,2,0
2025-09-26,700669,6,1,1,2.1684970000000003,6.0,4,0
2025-09-26,701519,7,1,1,1.941497,7.0,5,0
2025-09-26,701542,22,7,1,6.527352844155844,22.0,14,3
2025-09-26,702070,22,6,4,9.955778375741595,22.0,12,2
2025-09-26,806188,4,1,1,1.000497,4.0,2,0
2025-09-26,808963,4,2,0,0.9243571428571428,4.0,2,1
2025-09-26,820862,4,0,1,0.796497,4.0,3,0
2025-09-26,829272,5,1,0,1.496,5.0,4,0
2025-09-27,434378,24,7,1,5.978336583333333,24.0,16,2
2025-09-27,518886,3,2,0,0.042,3.0,1,0
2025-09-27,519141,3,2,0,0.008,3.0,1,0
2025-09-27,542888,4,0,1,1.526497,4.0,3,0
2025-09-27,547184,4,0,1,1.264497,3.0,2,0
2025-09-27,548384,3,1,0,0.8810277777777777,3.0,2,0
2025-09-27,570632,8,1,0,2.5228756756756754,8.0,7,1
2025-09-27,571760,11,2,1,3.136711285714286,11.0,8,1
2025-09-27,573204,5,2,0,2.075474999999999,5.0,3,1
2025-09-27,592155,2,0,0,0.785,2.0,2,0
2025-09-27,592791,22,8,2,4.953994,22.0,12,0
2025-09-27,593958,25,6,1,9.369263081871345,25.0,18,3
2025-09-27,595014,4,3,0,0.438,4.0,1,0
2025-09-27,605280,22,2,3,5.121491,21.0,16,0
2025-09-27,606160,5,1,0,0.517,5.0,4,0
2025-09-27,607192,13,3,1,3.506497,13.0,9,0
2025-09-27,607259,8,2,1,2.265497,8.0,5,0
2025-09-27,607536,22,4,1,7.86388109090909,22.0,17,2
2025-09-27,608032,4,2,0,0.8182889999999999,4.0,1,0
2025-09-27,608372,18,3,0,9.174363157894739,18.0,15,3
2025-09-27,608379,22,5,3,4.2724910000000005,22.0,14,0
2025-09-27,621051,3,0,0,1.5347916666666666,3.0,3,0
2025-09-27,621053,5,2,1,1.578497,5.0,2,0
2025-09-27,621112,7,3,0,1.115153846153846,7.0,4,1
2025-09-27,621242,4,1,0,1.6315270952380951,4.0,2,1
2025-09-27,622554,4,2,1,1.072497,4.0,1,0
2025-09-27,623474,3,2,0,0.36,3.0,1,0
2025-09-27,624133,21,4,0,9.114813333333334,21.0,17,1
2025-09-27,628452,5,2,1,1.781497,5.0,2,0
2025-09-27,641585,12,5,1,2.8077255714285716,12.0,6,1
2025-09-27,641745,6,1,1,2.073497,6.0,4,0
2025-09-27,641755,3,0,0,0.068,3.0,3,0
2025-09-27,641835,3,2,0,0.039,3.0,1,0
2025-09-27,641941,3,1,0,0.316,3.0,2,0
2025-09-27,642152,4,1,1,0.822497,4.0,2,0
2025-09-27,642239,1,0,0,0.011,1.0,1,0
2025-09-27,642701,4,2,0,0.507,4.0,2,0
2025-09-27,642759,3,2,0,0.417,3.0,1,0
2025-09-27,643377,3,0,0,1.035,3.0,3,0
2025-09-27,643511,3,1,0,0.615,3.0,2,0
2025-09-27,650633,12,3,2,4.168083,12.0,6,0
2025-09-27,656457,6,1,0,1.5799999999999998,6.0,5,0
2025-09-27,656641,19,6,0,7.076921568627451,19.0,13,1
2025-09-27,656848,3,0,0,1.9954468085106378,2.0,3,1
2025-09-27,657097,5,2,0,0.546,5.0,3,0
2025-09-27,660761,5,0,1,2.0404970000000002,5.0,4,0
2025-09-27,660853,3,2,0,0.047,3.0,1,0
2025-09-27,660896,7,1,2,2.8996709130434786,6.0,4,1
2025-09-27,662253,6,0,2,2.373994,6.0,4,0
2025-09-27,663158,3,1,0,0.447,3.0,2,0
2025-09-27,663455,3,1,0,1.295,3.0,2,0
2025-09-27,663623,24,6,1,8.387175804855275,24.0,17,2
2025-09-27,663687,4,0,0,2.343,4.0,4,0
2025-09-27,663767,4,2,0,1.330258064516129,4.0,2,1
2025-09-27,663941,3,0,0,1.477,3.0,3,0
2025-09-27,663947,4,2,0,0.292,4.0,2,0
2025-09-27,664076,5,2,0,2.45616,5.0,3,1
2025-09-27,664126,3,1,0,0.032,3.0,2,0
2025-09-27,664875,3,2,0,0.027,3.0,1,0
2025-09-27,664991,7,0,3,3.52978,7.0,3,0
2025-09-27,665660,5,0,1,1.0374970000000001,5.0,4,0
2025-09-27,666277,8,2,2,3.4579940000000002,8.0,4,0
2025-09-27,666711,3,0,1,1.1564969999999999,3.0,2,0
2025-09-27,667297,3,1,0,0.26,3.0,2,0
2025-09-27,667463,1,0,0,0.018,1.0,1,0
2025-09-27,668933,2,0,1,0.772497,2.0,1,0
2025-09-27,669093,4,3,0,0.705,4.0,1,0
2025-09-27,669199,3,0,0,1.37,3.0,3,0
2025-09-27,669302,19,5,1,6.649672,19.0,13,1
2025-09-27,669684,12,2,2,2.835994,12.0,8,0
2025-09-27,670167,4,0,0,1.907,4.0,4,0
2025-09-27,670970,3,1,0,1.175,3.0,2,0
2025-09-27,671096,21,4,0,6.771726984126984,21.0,17,2
2025-09-27,671212,21,5,3,6.757491,21.0,13,0
2025-09-27,671922,5,1,0,0.401,4.0,3,0
2025-09-27,672456,18,7,0,5.222411764705883,18.0,11,1
2025-09-27,672582,4,0,0,2.319,4.0,4,0
2025-09-27,673513,10,1,2,4.391739454545455,10.0,7,1
2025-09-27,675911,27,5,2,10.172558384615385,27.0,19,1
2025-09-27,676254,4,0,1,3.301497,4.0,3,1
2025-09-27,676263,3,1,0,1.3704250000000002,3.0,2,1
2025-09-27,676282,20,8,0,5.3373,20.0,12,1
2025-09-27,676395,6,0,2,1.892786,5.0,3,0
2025-09-27,676428,4,2,0,0.394,4.0,2,0
2025-09-27,676661,9,3,1,3.276860636363636,9.0,5,1
2025-09-27,676684,3,1,0,0.126,3.0,2,0
2025-09-27,677865,3,2,0,0.061,3.0,1,0
2025-09-27,678024,5,1,2,1.818994,5.0,2,0
2025-09-27,678606,6,3,0,1.427,6.0,3,0
2025-09-27,680732,18,10,1,4.424031420289856,18.0,7,2
2025-09-27,680742,1,0,0,0.212,1.0,1,0
2025-09-27,680767,5,1,1,1.155497,5.0,3,0
2025-09-27,681006,5,2,1,1.256497,5.0,2,0
2025-09-27,681676,5,2,1,1.239297,5.0,2,0
2025-09-27,681870,3,1,0,1.002289,3.0,1,0
2025-09-27,681892,5,1,0,0.927,5.0,4,0
2025-09-27,681911,3,3,0,0.0,3.0,0,0
2025-09-27,681982,7,2,0,2.8986341463414638,7.0,5,1
2025-09-27,682274,3,2,0,0.008,3.0,1,0
2025-09-27,683175,4,0,1,2.028786,4.0,2,0
2025-09-27,683618,3,3,0,0.0,3.0,0,0
2025-09-27,683769,6,3,0,1.5190000000000001,6.0,3,0
2025-09-27,684320,5,2,1,2.1698920617283948,5.0,2,1
2025-09-27,685068,6,2,0,0.862,6.0,4,0
2025-09-27,685126,4,0,1,3.115997,4.0,3,1
2025-09-27,688107,16,3,2,5.109283,16.0,10,0
2025-09-27,688138,12,1,1,2.634497,12.0,10,0
2025-09-27,688497,3,1,0,1.019,3.0,2,0
2025-09-27,689147,1,1,0,0.0,1.0,0,0
2025-09-27,690925,1,0,0,0.049,1.0,1,0
2025-09-27,690953,21,9,1,3.3144970000000002,21.0,11,0
2025-09-27,691587,22,11,3,6.361324333333333,22.0,8,2
2025-09-27,692230,9,5,2,1.743994,9.0,2,0
2025-09-27,693645,26,9,1,6.863885000000001,26.0,14,2
2025-09-27,694335,4,2,0,1.216,4.0,2,0
2025-09-27,694819,13,3,3,4.657945545454545,13.0,7,0
2025-09-27,694851,5,0,1,1.8994970000000002,5.0,4,0
2025-09-27,695243,3,3,0,0.0,3.0,0,0
2025-09-27,696149,21,6,0,3.292951219512195,21.0,15,1
2025-09-27,700241,21,3,2,6.716899533063428,21.0,16,2
2025-09-27,701487,8,3,0,2.6430000000000002,8.0,5,0
2025-09-27,702056,22,5,2,5.342994,22.0,15,0
2025-09-27,702352,3,1,0,0.736289,3.0,1,0
2025-09-27,702674,26,5,1,7.63924193974494,25.0,19,3
2025-09-27,801139,3,1,0,0.514,3.0,2,0
2025-09-27,805123,16,2,4,5.449988,16.0,10,0
2025-09-27,806960,21,5,2,4.738619,20.0,13,1
2025-09-27,813349,20,7,1,4.685518428571428,20.0,12,1
2025-09-28,450203,6,1,1,2.6152066774193545,6.0,4,1
2025-09-28,477132,21,7,1,3.666497,21.0,13,0
2025-09-28,502085,4,1,1,1.091497,4.0,2,0
2025-09-28,518585,5,0,1,3.097963666666667,5.0,4,1
2025-09-28,519242,22,9,2,5.916609384615385,22.0,11,0
2025-09-28,543056,3,0,0,0.423,3.0,3,0
2025-09-28,543518,4,2,0,0.236,4.0,2,0
2025-09-28,547184,4,1,0,3.664603773584906,4.0,3,2
2025-09-28,548384,3,0,0,1.379,3.0,3,0
2025-09-28,571578,19,5,2,5.740949666666666,19.0,11,0
2025-09-28,571927,1,0,0,0.047,1.0,1,0
2025-09-28,571948,7,2,1,3.9495045757575755,7.0,4,1
2025-09-28,592254,28,8,3,7.909529461538462,28.0,17,0
2025-09-28,592332,20,5,2,6.9479940000000004,20.0,13,0
2025-09-28,592426,4,2,0,0.23,4.0,2,0
2025-09-28,592773,3,0,0,2.221172619047618,3.0,3,2
2025-09-28,592836,6,2,2,1.457994,6.0,2,0
2025-09-28,595928,3,2,0,0.243,3.0,1,0
2025-09-28,596133,3,2,0,0.115,3.0,1,0
2025-09-28,605130,5,1,1,2.687986,5.0,2,1
2025-09-28,621053,2,0,0,0.07100000000000001,2.0,2,0
2025-09-28,621121,13,4,1,5.112497,13.0,8,1
2025-09-28,621242,6,1,0,1.7204117647058825,6.0,5,1
2025-09-28,621383,4,1,0,0.443,3.0,3,0
2025-09-28,622608,5,0,0,1.092289,5.0,4,0
2025-09-28,623149,6,1,1,1.144497,6.0,4,0
2025-09-28,623211,4,0,0,1.1831000000000003,4.0,4,1
2025-09-28,628452,3,1,0,0.8280000000000001,3.0,2,0
2025-09-28,640455,7,3,2,1.6239940000000002,7.0,2,0
2025-09-28,641302,3,1,0,0.216,3.0,2,0
2025-09-28,641329,7,3,0,1.5171612903225808,7.0,4,1
2025-09-28,641401,7,2,0,3.3494872159090914,6.0,4,2
2025-09-28,641755,3,0,0,0.6950000000000001,3.0,3,0
2025-09-28,641778,3,1,0,0.129,3.0,2,0
2025-09-28,642100,4,2,0,1.8848571428571423,4.0,2,1
2025-09-28,642152,3,1,1,1.2579515454545454,3.0,1,0
2025-09-28,642207,4,0,0,1.207,4.0,4,0
2025-09-28,642397,6,1,0,2.228289,6.0,4,0
2025-09-28,642547,9,3,0,3.2901000000000002,9.0,6,1
2025-09-28,643511,3,0,0,1.306,3.0,3,0
2025-09-28,647336,2,0,0,0.442,2.0,2,0
2025-09-28,650893,4,2,0,1.3160958904109596,4.0,2,1
2025-09-28,650911,18,8,0,2.697,18.0,10,0
2025-09-28,656730,3,2,0,0.406,3.0,1,0
2025-09-28,657277,19,8,0,2.48,19.0,11,0
2025-09-28,657571,6,3,0,0.239,6.0,3,0
2025-09-28,657649,3,1,0,0.021,3.0,2,0
2025-09-28,660825,4,1,0,2.13303125,4.0,3,1
2025-09-28,661563,19,2,2,6.330285666666668,19.0,15,1
2025-09-28,663432,7,2,1,1.533497,7.0,4,0
2025-09-28,663465,6,2,0,1.2023409090909092,6.0,4,1
2025-09-28,663485,3,0,0,0.906,3.0,3,0
2025-09-28,663738,7,3,0,0.562,7.0,4,0
2025-09-28,663893,4,3,1,0.691497,4.0,0,0
2025-09-28,663903,18,5,1,7.636462429854097,18.0,10,2
2025-09-28,663941,5,1,1,2.2446709130434783,5.0,3,1
2025-09-28,663969,3,0,1,1.6839970000000002,3.0,2,0
2025-09-28,663978,24,5,4,9.699522186166234,24.0,15,4
2025-09-28,664854,5,1,1,1.647497,5.0,3,0
2025-09-28,664948,3,0,1,1.929497,3.0,2,0
2025-09-28,665152,5,2,1,1.1284969999999999,5.0,2,0
2025-09-28,665660,4,2,1,0.767497,4.0,1,0
2025-09-28,665795,21,7,5,6.732151666666667,21.0,9,1
2025-09-28,665871,19,6,1,4.996977,19.0,12,0
2025-09-28,666142,16,8,1,2.301497,16.0,7,0
2025-09-28,666157,7,0,2,3.354994,6.0,4,0
2025-09-28,666171,5,1,1,1.1944970000000001,5.0,3,0
2025-09-28,666659,3,1,0,0.9182857142857144,3.0,2,1
2025-09-28,666661,1,0,0,0.142,1.0,1,0
2025-09-28,667463,7,2,0,1.533736842105263,7.0,5,0
2025-09-28,669084,4,0,0,2.3239393939393933,4.0,4,1
2025-09-28,669211,4,0,2,1.737994,4.0,2,0
2025-09-28,669620,9,0,2,4.037690548387097,8.0,7,1
2025-09-28,669674,6,0,1,4.2239255714285715,6.0,5,2
2025-09-28,669704,1,0,0,0.117,1.0,1,0
2025-09-28,669711,5,2,1,0.8714970000000001,5.0,2,0
2025-09-28,670036,8,2,0,0.963289,7.0,5,0
2025-09-28,670280,4,2,1,0.7554970000000001,4.0,1,0
2025-09-28,670329,5,2,0,2.094474999999999,5.0,3,1
2025-09-28,670912,19,3,3,6.814491,19.0,13,1
2025-09-28,670955,8,1,1,3.166065965517241,8.0,6,1
2025-09-28,670990,6,1,1,2.407497,6.0,4,0
2025-09-28,671106,22,4,2,7.431216333333333,21.0,14,2
2025-09-28,671111,3,1,0,0.32,3.0,2,0
2025-09-28,671131,4,0,0,0.5299999999999999,4.0,4,0
2025-09-28,673929,3,2,0,0.0,3.0,1,0
2025-09-28,674370,8,2,1,2.5142424545454545,8.0,5,1
2025-09-28,674444,3,1,0,1.314,3.0,2,0
2025-09-28,675848,6,1,1,1.408497,6.0,4,0
2025-09-28,676130,2,1,0,1.2029701492537312,2.0,1,1
2025-09-28,676467,16,3,1,3.2445525555555554,16.0,12,0
2025-09-28,676534,5,2,1,1.855497,5.0,2,0
2025-09-28,676571,2,2,0,0.0,2.0,0,0
2025-09-28,676617,4,2,0,1.212,4.0,2,0
2025-09-28,676664,26,4,3,8.644102111111112,26.0,19,1
2025-09-28,676879,7,2,1,1.518497,7.0,4,0
2025-09-28,677161,3,0,0,0.7130000000000001,3.0,3,0
2025-09-28,677955,3,2,0,0.0,3.0,1,0
2025-09-28,678692,5,2,0,0.054,5.0,3,0
2025-09-28,678821,4,1,0,0.687,4.0,3,0
2025-09-28,679883,5,2,1,1.022497,5.0,2,0
2025-09-28,680573,19,9,0,1.505,19.0,10,0
2025-09-28,680694,17,8,0,5.140447368421053,17.0,9,1
2025-09-28,680730,7,0,0,2.3986875000000003,7.0,7,1
2025-09-28,680755,3,1,0,0.08499999999999999,3.0,2,0
2025-09-28,681151,7,2,0,2.485,7.0,5,0
2025-09-28,681168,5,1,0,1.9055657894736844,5.0,4,2
2025-09-28,681190,6,1,0,2.1479999999999997,6.0,5,0
2025-09-28,681343,19,8,0,2.968,19.0,11,0
2025-09-28,681517,9,1,0,1.8544285714285713,9.0,8,1
2025-09-28,681676,5,2,0,1.7522222222222223,5.0,3,1
2025-09-28,682243,19,2,2,6.50579284370016,19.0,15,2
2025-09-28,682842,3,0,0,0.34600000000000003,3.0,3,0
2025-09-28,682995,7,3,0,1.4253809523809526,7.0,4,1
2025-09-28,683175,3,2,0,0.169,3.0,1,0
2025-09-28,685326,14,2,2,6.9476060233050845,14.0,10,2
2025-09-28,686563,3,2,0,0.01,3.0,1,0
2025-09-28,686826,7,1,1,2.892497,7.0,5,0
2025-09-28,686973,5,2,1,1.708497,5.0,2,0
2025-09-28,687330,9,1,1,4.621097,9.0,7,1
2025-09-28,687765,16,1,0,5.758615384615385,16.0,15,0
2025-09-28,687849,8,0,0,2.6,8.0,8,0
2025-09-28,688158,4,2,0,1.332,4.0,2,0
2025-09-28,688642,2,0,0,0.124,2.0,2,0
2025-09-28,689017,13,7,1,1.765497,13.0,5,0
2025-09-28,689147,3,3,0,0.0,3.0,0,0
2025-09-28,689254,4,2,0,0.395,4.0,2,0
2025-09-28,689520,2,0,0,0.657,1.0,2,0
2025-09-28,691769,5,1,1,2.0417636666666668,5.0,3,0
2025-09-28,691951,25,5,3,10.175005904761905,25.0,15,2
2025-09-28,692030,9,1,1,4.033219222222222,9.0,7,1
2025-09-28,693855,19,7,2,7.356983653621232,18.0,10,1
2025-09-28,694297,20,5,0,7.021600069418387,20.0,14,2
2025-09-28,694335,4,2,0,0.499,4.0,2,0
2025-09-28,694477,4,2,1,0.7334970000000001,4.0,1,0
2025-09-28,695418,19,4,2,7.016325288559845,19.0,13,3
2025-09-28,695505,7,4,2,1.430994,7.0,1,0
2025-09-28,696136,12,4,0,2.728,12.0,8,0
2025-09-28,696147,4,0,0,1.075,4.0,4,0
2025-09-28,699134,5,3,1,0.772497,5.0,1,0
2025-09-28,701519,2,0,0,0.662,2.0,2,0
2025-09-28,702352,6,3,1,1.076497,6.0,2,0
2025-09-28,805299,5,0,2,2.954994,5.0,3,0
2025-09-28,806188,3,0,0,1.059,3.0,3,0
2025-09-28,829272,5,1,1,2.7549087647058825,5.0,3,1
