game_date,pitcher,pa,strikeouts,walks,xwoba_num,xwoba_denom,bbe,barrels
2023-03-30,425844,23,4,1,6.122903,23.0,18,0
2023-03-30,445926,6,1,0,1.55,6.0,5,0
2023-03-30,446372,19,4,4,9.616904628205129,19.0,11,2
2023-03-30,453286,22,6,2,6.1007416499356495,22.0,14,2
2023-03-30,455119,5,0,1,2.9349030000000003,5.0,4,0
2023-03-30,476595,5,0,0,1.118,5.0,5,0
2023-03-30,502043,21,3,1,8.374659578947368,21.0,16,2
2023-03-30,502085,3,2,0,0.007,3.0,1,0
2023-03-30,502202,3,1,1,0.8699030000000001,3.0,1,0
2023-03-30,518489,7,0,2,3.9338110000000004,7.0,4,0
2023-03-30,518585,4,0,3,2.1307090000000004,4.0,1,0
2023-03-30,519151,6,1,1,2.230903,6.0,4,0
2023-03-30,541640,9,1,1,2.383791888888889,9.0,7,0
2023-03-30,542914,3,0,1,1.1899030000000002,3.0,2,0
2023-03-30,543037,22,11,2,4.765806,22.0,9,0
2023-03-30,543507,5,1,1,1.203,4.0,3,0
2023-03-30,543521,7,1,2,1.998806,7.0,4,0
2023-03-30,548384,3,2,0,0.063,3.0,1,0
2023-03-30,554340,7,0,2,2.7227918888888887,6.0,5,1
2023-03-30,571479,4,2,1,1.021903,4.0,1,0
2023-03-30,571578,20,3,3,9.632354491990847,20.0,14,3
2023-03-30,571656,4,1,1,0.7289030000000001,3.0,2,0
2023-03-30,571882,6,1,0,1.46,6.0,5,0
2023-03-30,571901,3,1,0,0.7760833333333333,3.0,2,0
2023-03-30,571945,21,6,0,9.541180757575757,21.0,14,2
2023-03-30,571946,3,1,0,0.7679199999999999,3.0,2,1
2023-03-30,572193,4,0,1,1.783,3.0,3,0
2023-03-30,572403,3,1,0,0.5549999999999999,3.0,2,0
2023-03-30,573186,23,8,3,5.708709,23.0,12,0
2023-03-30,573204,3,1,0,0.07200000000000001,3.0,2,0
2023-03-30,592094,4,0,1,0.910903,4.0,3,0
2023-03-30,592741,4,2,1,1.0529030000000001,4.0,1,0
2023-03-30,593576,6,2,0,1.726,6.0,3,0
2023-03-30,593619,10,4,0,3.629670385395538,10.0,6,3
2023-03-30,593958,21,5,2,6.585578727272727,21.0,14,2
2023-03-30,593974,3,2,0,0.933,3.0,1,0
2023-03-30,594798,17,7,0,4.692917508417508,17.0,10,2
2023-03-30,600917,5,1,1,1.488903,5.0,3,0
2023-03-30,605154,6,3,0,2.2039999999999997,6.0,3,0
2023-03-30,605242,4,2,0,0.46499999999999997,4.0,2,0
2023-03-30,605347,2,1,0,0.263,2.0,1,0
2023-03-30,605400,17,4,2,6.1748774285714285,17.0,11,1
2023-03-30,605447,3,2,0,0.054,3.0,1,0
2023-03-30,605483,21,9,1,4.9089030000000005,21.0,11,0
2023-03-30,606160,4,1,0,1.6888297872340425,4.0,3,1
2023-03-30,607237,5,1,1,2.025903,5.0,3,0
2023-03-30,607481,3,2,1,0.695903,3.0,0,0
2023-03-30,607755,5,0,1,1.216903,5.0,4,0
2023-03-30,608331,13,2,0,2.5957000000000003,13.0,11,0
2023-03-30,608566,24,5,0,7.391249999999999,24.0,17,2
2023-03-30,608638,2,0,0,0.14,2.0,2,0
2023-03-30,608665,3,0,0,0.787,3.0,3,0
2023-03-30,621016,3,3,0,0.0,3.0,0,0
2023-03-30,621051,5,2,0,1.032,5.0,3,0
2023-03-30,621345,4,1,1,1.5189030000000001,4.0,2,0
2023-03-30,621363,5,0,1,1.976903,5.0,4,0
2023-03-30,621381,3,1,0,0.043000000000000003,3.0,2,0
2023-03-30,622065,6,1,1,2.037903,6.0,4,0
2023-03-30,622075,3,0,0,0.057999999999999996,3.0,3,0
2023-03-30,622098,4,2,0,0.487,4.0,2,0
2023-03-30,622491,19,6,0,2.842,19.0,13,0
2023-03-30,622503,9,2,0,2.2595,9.0,7,0
2023-03-30,623149,3,1,0,0.045,3.0,2,0
2023-03-30,623211,10,3,0,2.842005,10.0,6,0
2023-03-30,623474,3,1,0,0.298,3.0,2,0
2023-03-30,624522,4,1,1,1.1034030000000001,4.0,2,0
2023-03-30,625643,5,1,1,2.9699030000000004,5.0,3,1
2023-03-30,628711,21,6,0,6.314405,21.0,14,0
2023-03-30,640448,6,0,2,4.139520285714285,6.0,4,2
2023-03-30,640451,4,0,0,1.2429999999999999,4.0,4,1
2023-03-30,641154,21,8,3,5.211714,21.0,9,0
2023-03-30,641329,6,1,1,2.534908,6.0,3,0
2023-03-30,641360,3,1,0,0.158,3.0,2,0
2023-03-30,641401,5,1,0,3.397437111801242,5.0,4,2
2023-03-30,641835,3,0,0,1.899,3.0,3,0
2023-03-30,642121,5,0,1,3.237920857142858,5.0,4,1
2023-03-30,642239,4,1,0,0.46566666666666656,4.0,3,0
2023-03-30,642397,4,0,2,2.463806,4.0,2,0
2023-03-30,642528,1,0,0,0.023,1.0,1,0
2023-03-30,642546,7,2,0,2.971223345588234,7.0,5,2
2023-03-30,642585,6,2,1,1.8469030000000002,6.0,3,0
2023-03-30,642758,3,2,0,0.246,3.0,1,0
2023-03-30,642770,3,1,0,0.11599999999999999,3.0,2,0
2023-03-30,643256,4,0,1,0.8899030000000001,4.0,3,0
2023-03-30,643377,3,0,1,1.2949030000000001,3.0,2,0
2023-03-30,643511,4,1,0,1.2451600000000003,4.0,3,1
2023-03-30,645261,23,2,4,7.685540571428572,23.0,17,0
2023-03-30,647315,3,1,0,0.265,3.0,2,0
2023-03-30,650556,3,1,0,0.209,3.0,2,0
2023-03-30,656234,4,0,1,1.4680794705882354,4.0,3,0
2023-03-30,656271,9,3,0,1.104,9.0,6,0
2023-03-30,656302,22,10,0,4.679986818181818,22.0,11,1
2023-03-30,656464,2,1,0,0.062,2.0,1,0
2023-03-30,656605,23,8,4,8.413612,23.0,11,2
2023-03-30,656945,4,0,1,2.650903,4.0,3,0
2023-03-30,657024,3,2,0,0.256,3.0,1,0
2023-03-30,657265,3,0,0,0.589,3.0,3,0
2023-03-30,657277,24,12,2,6.049594032454362,24.0,10,2
2023-03-30,659275,5,2,0,1.772,5.0,3,0
2023-03-30,660271,23,10,3,4.218656368421053,23.0,10,0
2023-03-30,660853,2,1,0,0.034,2.0,1,0
2023-03-30,661395,4,1,1,0.903903,4.0,2,0
2023-03-30,662253,5,0,0,1.504,5.0,5,0
2023-03-30,663556,22,6,1,4.809509060606061,22.0,15,1
2023-03-30,663855,7,1,1,2.738903,7.0,5,0
2023-03-30,663986,3,1,0,1.2974999999999999,3.0,2,1
2023-03-30,664126,4,0,0,0.617,4.0,4,0
2023-03-30,664139,3,0,1,0.8969030000000001,3.0,2,0
2023-03-30,664285,22,4,0,5.797005,21.0,16,0
2023-03-30,664294,5,3,2,1.391806,5.0,0,0
2023-03-30,664854,6,0,1,2.280303,6.0,5,0
2023-03-30,664875,3,3,0,0.0,3.0,0,0
2023-03-30,666142,3,0,1,0.7587,2.0,2,0
2023-03-30,666168,7,3,0,1.574,7.0,4,0
2023-03-30,666201,21,3,2,9.175341653650255,21.0,16,3
2023-03-30,666204,4,1,1,1.108569666666667,4.0,2,0
2023-03-30,666205,19,3,1,5.952903,19.0,15,0
2023-03-30,666374,4,2,0,0.976,4.0,2,0
2023-03-30,667427,4,1,1,1.398403,4.0,2,0
2023-03-30,668678,23,7,3,7.371709,23.0,13,0
2023-03-30,668868,6,3,0,1.171,6.0,3,0
2023-03-30,668881,18,8,3,7.069084,18.0,7,1
2023-03-30,669203,23,3,3,6.93805775,23.0,16,1
2023-03-30,669211,4,2,0,0.40700000000000003,4.0,2,0
2023-03-30,669276,3,0,1,0.804903,3.0,2,0
2023-03-30,669395,6,0,2,3.4142821904761904,6.0,4,1
2023-03-30,669438,4,0,0,2.5052106227106226,4.0,4,1
2023-03-30,669456,23,3,0,7.832564761904762,23.0,20,2
2023-03-30,669459,5,2,0,1.762,5.0,3,0
2023-03-30,669467,6,0,1,1.6129030000000002,5.0,4,0
2023-03-30,670059,3,1,0,0.629,3.0,2,0
2023-03-30,670174,5,1,0,1.62869387755102,5.0,4,1
2023-03-30,670280,4,2,0,0.663,4.0,2,0
2023-03-30,670810,1,1,0,0.0,1.0,0,0
2023-03-30,671345,3,0,0,0.855,3.0,3,0
2023-03-30,672335,3,0,0,0.242,3.0,3,0
2023-03-30,672391,9,1,0,2.479,8.0,8,0
2023-03-30,672578,4,1,0,1.121,4.0,3,0
2023-03-30,672841,5,2,1,2.046903,5.0,2,0
2023-03-30,675916,4,0,1,2.064908,4.0,2,0
2023-03-30,676760,7,3,1,1.102903,6.0,2,0
2023-03-30,677053,1,0,0,0.012,1.0,1,0
2023-03-30,677161,4,2,2,1.391806,4.0,0,0
2023-03-30,681402,6,1,1,2.2049030000000003,6.0,4,0
2023-03-31,458681,23,6,4,9.395831285714285,23.0,12,1
2023-03-31,472610,5,2,1,0.921903,5.0,2,0
2023-03-31,488984,7,0,0,2.193421052631579,7.0,7,1
2023-03-31,518617,3,0,1,2.0934030000000003,3.0,2,1
2023-03-31,518876,17,4,4,7.950305548387097,17.0,9,2
2023-03-31,543272,5,1,1,1.5279030000000002,4.0,3,0
2023-03-31,543518,3,0,2,2.001806,3.0,1,0
2023-03-31,571670,4,0,0,1.1199999999999999,4.0,4,0
2023-03-31,572955,4,2,0,0.175,4.0,2,0
2023-03-31,592662,19,3,5,6.584157857142857,19.0,11,0
2023-03-31,595928,4,0,0,2.267714285714286,4.0,4,1
2023-03-31,605177,3,0,0,0.406,3.0,3,0
2023-03-31,606160,4,1,0,0.8939999999999999,4.0,3,0
2023-03-31,607259,29,5,2,10.143182923076925,29.0,22,2
2023-03-31,607536,21,1,1,4.590703,21.0,19,0
2023-03-31,608638,4,1,0,1.0185,4.0,3,0
2023-03-31,608665,5,0,2,2.657806,5.0,3,0
2023-03-31,608718,3,1,0,0.167,3.0,2,0
2023-03-31,614179,4,2,0,0.47300000000000003,4.0,2,0
2023-03-31,623167,18,1,3,8.107163545454545,18.0,14,0
2023-03-31,623465,1,0,0,0.023,1.0,1,0
2023-03-31,640462,4,2,0,1.429972972972973,4.0,2,1
2023-03-31,641627,9,0,0,2.701,9.0,9,0
2023-03-31,650556,4,3,0,0.522,4.0,1,0
2023-03-31,656849,22,5,1,7.244841461538461,22.0,16,1
2023-03-31,657571,4,1,0,1.157,4.0,3,0
2023-03-31,657612,5,1,0,1.868005,5.0,3,0
2023-03-31,660853,4,1,1,0.8579030000000001,4.0,2,0
2023-03-31,661403,3,2,0,0.002,3.0,1,0
2023-03-31,661527,4,0,0,1.298,4.0,4,0
2023-03-31,663986,3,2,0,0.067,3.0,1,0
2023-03-31,664208,4,1,0,0.8360050000000001,4.0,2,0
2023-03-31,664299,23,6,1,6.25636245945946,22.0,15,2
2023-03-31,666200,21,5,4,7.075628018306636,21.0,12,2
2023-03-31,669160,25,4,1,7.338903,25.0,20,1
2023-03-31,669212,5,3,1,1.184903,5.0,1,0
2023-03-31,669424,1,0,0,0.002,1.0,1,0
2023-03-31,680704,5,1,0,1.25,5.0,4,1
2023-03-31,681911,5,0,0,2.299,5.0,5,1
2023-03-31,682171,2,0,0,0.392,2.0,2,0
2023-03-31,683769,18,4,1,5.411408,18.0,12,1
2023-03-31,686753,17,5,3,6.910320428571428,17.0,9,2
2023-04-01,445276,5,2,1,1.485903,5.0,2,0
2023-04-01,448179,20,7,2,6.892631033259423,20.0,11,3
2023-04-01,455119,3,1,0,0.271,3.0,2,0
2023-04-01,456713,3,0,0,0.968,3.0,3,0
2023-04-01,477132,21,9,0,6.3734,21.0,12,1
2023-04-01,489446,4,0,0,2.230482758620689,4.0,4,1
2023-04-01,493603,5,2,0,0.949,5.0,3,0
2023-04-01,502085,3,1,0,0.497,3.0,2,0
2023-04-01,502171,17,6,1,3.893364538461538,17.0,10,1
2023-04-01,518516,21,2,4,8.352026537166902,20.0,13,2
2023-04-01,518886,4,1,2,1.4898060000000002,4.0,1,0
2023-04-01,519242,19,6,2,10.597868142857143,19.0,10,3
2023-04-01,523260,5,1,0,1.2863333333333333,5.0,4,0
2023-04-01,542585,4,1,1,1.059903,4.0,2,0
2023-04-01,543056,4,1,0,0.9710049999999999,4.0,2,0
2023-04-01,543135,22,6,2,6.231753368421053,22.0,14,0
2023-04-01,543243,22,1,4,9.615809222222222,22.0,17,1
2023-04-01,543281,5,0,1,2.681903,5.0,4,0
2023-04-01,543475,23,2,2,9.714093394957983,23.0,19,2
2023-04-01,544727,3,0,0,0.5640000000000001,3.0,3,0
2023-04-01,547973,3,3,0,0.0,3.0,0,0
2023-04-01,548384,1,0,0,0.263,1.0,1,0
2023-04-01,554430,22,7,1,5.8504613333333335,22.0,14,0
2023-04-01,570632,16,0,4,9.859860275862069,16.0,12,1
2023-04-01,571479,4,0,0,1.122,4.0,4,0
2023-04-01,571656,5,1,0,0.442,5.0,4,0
2023-04-01,572403,3,2,0,0.075,3.0,1,0
2023-04-01,573124,4,0,0,1.897125,4.0,4,1
2023-04-01,573204,4,3,0,0.732,4.0,1,0
2023-04-01,592332,27,7,1,7.985703,27.0,19,0
2023-04-01,592773,7,1,1,2.1098503684210526,7.0,5,0
2023-04-01,593576,7,2,1,1.413903,7.0,4,0
2023-04-01,593974,4,2,0,0.726005,3.0,0,0
2023-04-01,594580,3,0,1,1.051903,3.0,2,0
2023-04-01,596001,10,2,0,2.6428888888888884,10.0,8,1
2023-04-01,598264,4,1,0,0.376,4.0,3,0
2023-04-01,605154,3,0,0,0.714,3.0,3,0
2023-04-01,605242,3,1,1,1.502903,3.0,1,0
2023-04-01,605280,5,0,0,2.347,5.0,5,0
2023-04-01,605347,3,1,0,0.374,3.0,2,0
2023-04-01,605513,18,3,3,7.824797333333334,18.0,11,0
2023-04-01,605540,22,8,1,4.134218789473684,22.0,13,0
2023-04-01,607455,4,1,0,0.908,4.0,3,0
2023-04-01,608328,9,1,1,3.199903,9.0,7,0
2023-04-01,608337,23,6,1,6.004975226890756,23.0,15,1
2023-04-01,608379,26,2,3,11.129489487804879,26.0,21,3
2023-04-01,608723,5,1,1,2.2970724915254244,5.0,3,1
2023-04-01,614179,6,0,1,3.829908,6.0,4,0
2023-04-01,621051,3,2,0,0.002,3.0,1,0
2023-04-01,621074,1,0,0,0.136,1.0,1,0
2023-04-01,621107,20,5,1,4.944095307692308,20.0,14,1
2023-04-01,621237,4,2,0,0.976,4.0,2,0
2023-04-01,621368,4,1,1,1.925703,4.0,2,1
2023-04-01,621389,12,0,1,5.112845857142858,12.0,11,1
2023-04-01,622098,4,0,1,0.942903,4.0,3,0
2023-04-01,622259,5,1,1,2.248908,5.0,2,0
2023-04-01,622554,6,0,1,4.581792615384615,6.0,4,1
2023-04-01,622772,1,0,0,0.256,1.0,1,0
2023-04-01,623352,3,2,0,0.403,3.0,1,0
2023-04-01,623433,3,1,0,0.274,3.0,2,0
2023-04-01,628708,5,2,1,3.0652244285714287,5.0,2,1
2023-04-01,641302,12,7,0,3.7010909090909094,12.0,5,1
2023-04-01,641540,11,0,0,2.675,11.0,11,0
2023-04-01,641729,3,1,0,0.964,3.0,2,0
2023-04-01,642100,3,1,0,0.9129999999999999,3.0,2,0
2023-04-01,642121,7,2,0,3.0609318181818184,7.0,5,1
2023-04-01,642207,4,1,0,1.333,4.0,3,0
2023-04-01,642232,5,0,0,0.8939999999999999,5.0,5,0
2023-04-01,642585,4,1,0,1.2538297872340425,4.0,3,1
2023-04-01,642701,3,2,0,0.374,3.0,1,0
2023-04-01,643256,3,0,0,0.925,3.0,3,0
2023-04-01,643377,3,0,0,0.7030000000000001,3.0,3,0
2023-04-01,643410,4,2,1,0.7299030000000001,4.0,1,0
2023-04-01,650633,11,3,1,4.342908,11.0,6,0
2023-04-01,650644,23,3,1,4.563953000000001,23.0,19,0
2023-04-01,650895,4,1,0,1.941884615384615,4.0,3,1
2023-04-01,656061,7,3,1,1.7082780000000002,7.0,3,0
2023-04-01,656234,6,2,0,0.64,6.0,4,0
2023-04-01,656353,14,3,1,5.538903,14.0,10,0
2023-04-01,656427,22,4,7,6.894326,22.0,10,0
2023-04-01,656464,6,1,1,3.3314414615384607,6.0,4,1
2023-04-01,656578,11,1,0,2.389,11.0,10,0
2023-04-01,656731,23,7,2,8.74755112987013,23.0,14,2
2023-04-01,657006,21,8,1,5.169903,21.0,12,0
2023-04-01,657024,5,1,1,1.925903,5.0,3,0
2023-04-01,657265,3,1,0,0.08,3.0,2,0
2023-04-01,657376,16,5,1,6.673850258064516,14.0,8,3
2023-04-01,657508,3,0,0,1.548,3.0,3,0
2023-04-01,657612,3,0,0,1.240005,3.0,2,0
2023-04-01,659275,7,2,3,2.7803756666666666,7.0,2,0
2023-04-01,660261,15,4,3,5.749072636363637,15.0,8,1
2023-04-01,660896,3,0,1,1.252903,3.0,2,0
2023-04-01,661403,3,1,0,0.233,3.0,2,0
2023-04-01,663658,8,2,0,5.122901976284584,8.0,6,2
2023-04-01,663776,20,2,2,6.546751454545454,20.0,15,1
2023-04-01,663855,4,0,3,2.444709,4.0,1,0
2023-04-01,664076,3,2,0,0.007,3.0,1,0
2023-04-01,664139,3,0,0,0.228,3.0,3,0
2023-04-01,664199,3,3,0,0.0,3.0,0,0
2023-04-01,664353,20,5,1,6.057703000000001,20.0,14,1
2023-04-01,664747,3,2,0,0.8098888888888887,3.0,1,1
2023-04-01,664854,7,2,0,0.925,7.0,5,0
2023-04-01,665048,3,1,0,0.87,3.0,2,0
2023-04-01,665152,15,3,1,7.900139363636364,15.0,11,3
2023-04-01,665665,1,0,0,0.254,1.0,1,0
2023-04-01,665795,20,2,6,7.597751333333334,20.0,12,0
2023-04-01,665871,7,2,1,1.759903,7.0,4,1
2023-04-01,666129,15,1,0,6.10617006802721,15.0,14,2
2023-04-01,666157,24,9,2,5.593856000000001,24.0,13,0
2023-04-01,666619,4,0,0,0.559,4.0,4,0
2023-04-01,666808,6,1,2,2.657806,6.0,3,0
2023-04-01,669211,1,0,0,0.024,1.0,1,0
2023-04-01,669302,23,7,1,5.144812090909091,23.0,15,1
2023-04-01,669424,3,1,1,0.698903,3.0,1,0
2023-04-01,669467,4,0,0,1.638,4.0,4,0
2023-04-01,669796,4,0,0,1.1520000000000001,4.0,4,0
2023-04-01,669854,7,4,1,2.107903,7.0,2,1
2023-04-01,670036,5,0,2,2.6852898709677415,5.0,3,1
2023-04-01,670124,23,3,2,7.58012983808096,23.0,18,1
2023-04-01,670167,4,0,1,1.488903,4.0,3,0
2023-04-01,670174,7,2,0,1.049,7.0,5,0
2023-04-01,670810,3,0,0,1.492005,3.0,2,0
2023-04-01,672335,6,2,0,1.9989999999999999,6.0,4,0
2023-04-01,672841,4,2,0,2.145,4.0,2,1
2023-04-01,675911,23,9,3,6.265709,23.0,11,1
2023-04-01,675916,5,2,1,1.094903,5.0,2,0
2023-04-01,676534,5,2,1,1.710903,5.0,2,0
2023-04-01,677053,6,1,0,1.9689999999999999,6.0,5,0
2023-04-01,677161,5,0,0,1.79165,5.0,5,1
2023-04-01,680686,22,4,2,8.940544878143134,22.0,16,3
2023-04-01,682051,6,3,2,1.5338060000000002,6.0,1,0
2023-04-01,687330,8,1,0,2.834089285714286,8.0,7,1
2023-04-02,445926,3,1,0,0.21800000000000003,3.0,2,0
2023-04-02,455119,4,0,0,1.154,4.0,4,0
2023-04-02,472610,4,2,1,0.8859030000000001,4.0,1,0
2023-04-02,518397,4,0,0,0.9600000000000001,4.0,4,0
2023-04-02,519293,3,0,0,0.405,3.0,3,0
2023-04-02,527048,26,7,3,9.32330474468085,26.0,16,1
2023-04-02,541640,4,0,0,1.2329999999999999,4.0,4,1
2023-04-02,542881,24,4,2,6.262671465116279,24.0,17,1
2023-04-02,542914,4,0,0,1.782,4.0,4,0
2023-04-02,542947,6,2,0,2.103,6.0,4,0
2023-04-02,543518,2,1,0,0.181,2.0,1,0
2023-04-02,543859,7,2,0,0.89,7.0,5,0
2023-04-02,548389,23,3,2,10.76142988111888,22.0,16,3
2023-04-02,571479,2,0,0,0.244,2.0,2,0
2023-04-02,571882,2,0,0,0.092,2.0,2,0
2023-04-02,571948,2,0,0,0.598,2.0,2,0
2023-04-02,592741,5,0,0,1.075,5.0,5,0
2023-04-02,592789,22,6,0,5.406000000000001,22.0,16,0
2023-04-02,592791,19,2,1,6.579903,19.0,16,1
2023-04-02,592826,20,3,1,6.079342271255061,20.0,16,1
2023-04-02,594835,22,1,2,7.007306,21.0,18,1
2023-04-02,595928,3,1,0,0.349,3.0,2,0
2023-04-02,596295,23,4,1,5.289309746031746,23.0,18,2
2023-04-02,598264,4,0,1,1.343903,4.0,3,0
2023-04-02,605130,3,0,1,1.133903,3.0,2,0
2023-04-02,605135,19,0,0,12.733129292929293,19.0,19,5
2023-04-02,605155,8,1,1,2.437908,8.0,5,0
2023-04-02,605177,3,2,1,0.695903,3.0,0,0
2023-04-02,605182,23,8,3,6.559719,22.0,9,0
2023-04-02,605200,21,4,2,7.311406,21.0,15,0
2023-04-02,605218,4,0,1,1.5629030000000002,4.0,3,0
2023-04-02,605347,3,0,0,0.9862222222222221,3.0,3,0
2023-04-02,605488,19,12,1,2.147903,19.0,6,0
2023-04-02,606303,7,1,0,2.5777586206896554,7.0,6,1
2023-04-02,607237,5,0,0,3.600432432432432,5.0,5,2
2023-04-02,607481,3,0,0,0.867,3.0,3,0
2023-04-02,607625,25,7,0,7.992361627647714,25.0,18,3
2023-04-02,608032,5,3,1,1.351903,5.0,1,0
2023-04-02,608344,22,4,2,8.541064771929825,21.0,15,1
2023-04-02,608665,4,2,0,0.40399999999999997,4.0,2,0
2023-04-02,608717,8,1,0,2.25,8.0,7,0
2023-04-02,608718,6,1,1,1.442903,6.0,4,0
2023-04-02,612434,6,2,1,1.7222508260869565,6.0,3,1
2023-04-02,615698,24,3,2,9.687105803921568,23.0,18,3
2023-04-02,621016,6,2,0,2.9453529411764707,6.0,4,1
2023-04-02,621074,6,3,1,1.466117285714286,6.0,2,0
2023-04-02,621249,4,2,0,1.0272432432432432,4.0,2,1
2023-04-02,621363,4,0,0,0.258,4.0,4,0
2023-04-02,622065,3,0,0,0.473,3.0,3,0
2023-04-02,622772,4,2,0,0.904005,4.0,1,0
2023-04-02,623149,4,0,1,1.382903,4.0,3,0
2023-04-02,623211,10,2,1,2.858908,10.0,6,0
2023-04-02,623352,3,1,0,0.126,3.0,2,0
2023-04-02,623465,3,0,0,0.583,3.0,3,0
2023-04-02,625643,7,1,2,3.849033272727273,7.0,4,1
2023-04-02,640444,8,0,1,3.762850368421053,7.0,6,0
2023-04-02,640448,3,0,0,0.741,3.0,3,0
2023-04-02,640451,1,0,0,0.175,1.0,1,0
2023-04-02,640470,7,3,0,1.391,7.0,4,0
2023-04-02,641329,8,2,0,1.4818333333333333,7.0,6,0
2023-04-02,641401,4,1,0,1.2157727272727272,4.0,3,1
2023-04-02,641627,4,1,0,0.4856666666666666,3.0,2,0
2023-04-02,641745,23,6,4,8.688548818181818,23.0,12,1
2023-04-02,641778,21,6,2,6.582806,21.0,13,0
2023-04-02,641835,4,0,0,0.9490000000000001,4.0,4,0
2023-04-02,641941,5,1,0,1.8998604651162792,5.0,4,1
2023-04-02,642100,2,1,0,0.184,2.0,1,0
2023-04-02,642239,3,1,1,0.475,2.0,1,0
2023-04-02,642397,3,2,0,0.048,3.0,1,0
2023-04-02,642546,4,1,0,0.722,4.0,3,0
2023-04-02,642701,2,2,0,0.0,2.0,0,0
2023-04-02,642770,4,0,2,2.7843615555555554,4.0,2,1
2023-04-02,643410,5,2,2,2.205806,5.0,1,1
2023-04-02,647315,3,0,1,1.479903,3.0,2,0
2023-04-02,656222,4,1,0,1.2344594594594596,4.0,3,1
2023-04-02,656271,3,0,0,1.4602857142857142,3.0,3,0
2023-04-02,656557,20,5,1,5.633750272727273,20.0,14,2
2023-04-02,656638,4,0,0,1.1216249999999999,4.0,4,0
2023-04-02,656756,22,3,1,8.570914764705883,22.0,18,4
2023-04-02,656945,3,1,0,0.279,3.0,2,0
2023-04-02,657044,3,1,0,1.202333333333333,3.0,2,1
2023-04-02,657240,9,0,2,5.2085787272727275,9.0,7,1
2023-04-02,657508,10,1,2,4.136806,10.0,7,0
2023-04-02,657571,3,0,0,1.367005,3.0,2,0
2023-04-02,657746,23,6,2,6.161171079365079,23.0,15,1
2023-04-02,660813,6,0,0,2.125,6.0,6,0
2023-04-02,660853,3,1,0,1.168,3.0,2,0
2023-04-02,661309,10,1,0,2.136071428571429,10.0,9,1
2023-04-02,661527,12,1,1,5.36439684057971,12.0,10,3
2023-04-02,662253,3,1,0,0.6160000000000001,3.0,2,0
2023-04-02,663546,9,3,3,2.996709,9.0,3,0
2023-04-02,663558,5,2,1,2.0275345789473684,5.0,2,1
2023-04-02,663559,21,3,0,5.885823095823096,21.0,18,3
2023-04-02,663986,3,1,0,0.126,3.0,2,0
2023-04-02,664208,8,2,0,1.748005,8.0,5,0
2023-04-02,664747,3,1,0,0.011,2.0,1,0
2023-04-02,666214,21,3,1,6.342903,21.0,17,1
2023-04-02,666374,5,1,0,0.645,5.0,4,0
2023-04-02,666619,5,1,1,1.861903,5.0,3,0
2023-04-02,666745,17,6,1,4.9767482380952375,16.0,9,2
2023-04-02,667427,3,1,1,1.400903,3.0,1,0
2023-04-02,668665,8,1,2,2.563806,8.0,5,0
2023-04-02,668933,26,6,1,7.567274794871795,26.0,19,2
2023-04-02,669022,21,6,4,5.861278666666667,20.0,10,0
2023-04-02,669211,3,0,0,1.7069999999999999,3.0,3,1
2023-04-02,669212,4,1,0,1.5152,4.0,3,1
2023-04-02,669395,7,1,0,3.6536666666666666,7.0,6,1
2023-04-02,669432,21,4,2,8.105816,21.0,13,1
2023-04-02,669459,4,2,0,1.071005,4.0,1,0
2023-04-02,670167,4,2,1,0.781903,4.0,1,0
2023-04-02,670950,10,3,1,2.951828,10.0,5,1
2023-04-02,671345,5,1,1,1.932908,5.0,2,0
2023-04-02,672391,4,1,0,0.4273999999999999,4.0,3,0
2023-04-02,673540,21,8,3,6.329709,21.0,10,0
2023-04-02,676050,7,2,0,2.1310769230769235,7.0,5,1
2023-04-02,676760,4,3,0,0.028,4.0,1,0
2023-04-02,677651,25,4,2,8.104016882352942,25.0,18,2
2023-04-02,680704,3,1,0,0.144,3.0,2,0
2023-04-02,681402,4,1,0,0.94856,4.0,3,0
2023-04-02,681806,6,2,0,1.1481999999999999,6.0,4,1
2023-04-02,682120,4,4,0,0.0,4.0,0,0
2023-04-02,682171,3,1,2,0.695903,2.0,0,0
2023-04-02,686610,27,4,1,11.487832369747899,27.0,21,3
2023-04-02,694363,23,1,5,9.839515,23.0,17,0
2023-04-03,450203,27,1,2,10.738211405405407,27.0,24,1
2023-04-03,453178,3,3,0,0.0,3.0,0,0
2023-04-03,456501,7,0,1,4.693883952380952,7.0,6,2
2023-04-03,471911,20,4,4,7.129445333333334,20.0,12,1
2023-04-03,488984,13,1,2,4.296437578947368,13.0,10,1
2023-04-03,518489,3,1,0,0.109,2.0,1,0
2023-04-03,518585,7,0,1,2.829903,6.0,4,0
2023-04-03,518617,7,3,2,1.5988060000000002,7.0,2,0
2023-04-03,519043,3,1,0,0.7350000000000001,3.0,2,0
2023-04-03,519151,3,0,0,0.97,3.0,3,0
2023-04-03,542585,7,0,1,6.007908,7.0,4,1
2023-04-03,542947,3,1,0,0.174,3.0,2,0
2023-04-03,543056,5,1,0,1.6690049999999998,5.0,3,0
2023-04-03,543101,20,4,0,5.329142857142857,20.0,16,2
2023-04-03,543507,6,1,1,1.351,5.0,4,0
2023-04-03,543518,2,0,0,2.737739718309858,2.0,2,2
2023-04-03,543521,5,1,1,1.335903,5.0,3,0
2023-04-03,544727,7,0,0,1.9449999999999998,6.0,7,0
2023-04-03,571510,19,3,3,5.560709,19.0,13,0
2023-04-03,571656,3,0,0,0.362,3.0,3,0
2023-04-03,571882,5,0,0,2.2279999999999998,4.0,4,0
2023-04-03,571946,7,3,1,3.0676268095238095,7.0,3,1
2023-04-03,572193,1,0,0,0.02,1.0,1,0
2023-04-03,592094,1,0,0,0.219,1.0,1,0
2023-04-03,592351,24,7,2,7.933737818181818,24.0,15,2
2023-04-03,592767,26,3,2,8.016816,26.0,19,1
2023-04-03,592836,20,5,3,5.746436272727273,20.0,12,1
2023-04-03,592866,22,3,1,7.747072696969698,22.0,18,3
2023-04-03,593576,7,1,0,2.621522727272727,7.0,6,1
2023-04-03,593643,4,1,0,1.44,4.0,3,0
2023-04-03,594580,4,1,1,1.0249030000000001,4.0,2,0
2023-04-03,605177,3,0,0,2.0880769005847952,3.0,3,1
2023-04-03,605280,4,2,0,0.7310000000000001,4.0,2,0
2023-04-03,606160,4,2,0,0.546,4.0,2,0
2023-04-03,607455,5,1,0,2.501652173913044,5.0,4,1
2023-04-03,607732,4,0,0,1.7635238095238093,4.0,4,1
2023-04-03,607755,10,0,2,3.6332605454545455,10.0,8,1
2023-04-03,608032,4,0,1,1.049903,3.0,2,0
2023-04-03,608638,3,2,0,0.144,3.0,1,0
2023-04-03,612434,2,1,0,0.104,2.0,1,0
2023-04-03,614179,6,0,2,5.5780822500000005,6.0,4,2
2023-04-03,621016,3,0,1,1.3814744285714284,3.0,2,1
2023-04-03,621051,5,3,0,1.775522727272727,5.0,2,1
2023-04-03,621076,24,5,2,9.119477212121211,23.0,16,1
2023-04-03,621244,27,7,2,10.896769636363636,27.0,18,2
2023-04-03,621249,5,1,0,1.037,5.0,4,0
2023-04-03,621345,4,0,0,1.452,4.0,4,0
2023-04-03,622065,2,1,0,0.625,2.0,1,0
2023-04-03,622075,4,1,0,0.89,4.0,3,0
2023-04-03,622259,3,1,0,0.6190588235294117,3.0,2,0
2023-04-03,622554,5,1,1,1.853903,5.0,3,0
2023-04-03,623433,6,4,0,1.4831428571428573,6.0,2,1
2023-04-03,623474,5,0,0,1.379005,5.0,4,0
2023-04-03,624522,11,3,0,1.1320000000000001,10.0,7,0
2023-04-03,628708,7,1,3,5.6866444838709675,7.0,3,2
2023-04-03,640455,10,1,2,3.871458173913044,10.0,7,1
2023-04-03,641360,4,3,0,0.423,4.0,1,0
2023-04-03,641482,21,3,0,5.949538461538461,21.0,18,0
2023-04-03,641645,4,0,0,2.0036,4.0,4,1
2023-04-03,641656,8,2,0,2.621,8.0,6,0
2023-04-03,641703,7,3,0,1.6085999999999998,7.0,4,1
2023-04-03,641816,20,7,1,4.218903,19.0,11,0
2023-04-03,642121,6,2,2,1.543806,6.0,2,0
2023-04-03,642232,10,2,1,5.178153,10.0,7,1
2023-04-03,642239,4,2,1,1.4199030000000001,4.0,1,0
2023-04-03,642528,4,0,0,0.9287500000000002,4.0,4,0
2023-04-03,642547,22,7,3,5.154320111111112,22.0,12,1
2023-04-03,642585,3,2,0,0.426,3.0,1,0
2023-04-03,642701,5,1,2,1.502806,5.0,2,0
2023-04-03,642758,11,1,0,5.745005,11.0,9,0
2023-04-03,643256,5,2,1,1.6479080000000002,5.0,1,0
2023-04-03,643511,3,0,0,0.974,3.0,3,0
2023-04-03,647315,5,2,0,2.539,5.0,3,1
2023-04-03,650556,4,1,0,1.6045238095238095,4.0,3,1
2023-04-03,650671,3,0,0,1.6698421052631578,3.0,3,1
2023-04-03,650895,5,0,2,1.6708060000000002,5.0,3,0
2023-04-03,656234,5,0,0,2.9732391534391542,5.0,5,2
2023-04-03,656629,25,5,3,12.593716142857142,25.0,17,6
2023-04-03,656638,6,0,1,0.966,5.0,5,0
2023-04-03,656818,21,5,1,6.871727538824539,21.0,15,2
2023-04-03,656876,20,7,0,3.8806111111111115,20.0,13,1
2023-04-03,657612,3,0,0,0.963,3.0,3,0
2023-04-03,657756,16,4,0,6.613458216374269,16.0,11,2
2023-04-03,660896,7,3,0,0.9279285714285714,6.0,3,0
2023-04-03,661403,6,0,2,4.577806,6.0,4,1
2023-04-03,663372,22,7,5,8.78927152173913,22.0,10,2
2023-04-03,663485,10,1,0,3.528,10.0,9,1
2023-04-03,663765,22,3,3,10.39188049001536,22.0,16,3
2023-04-03,663855,10,2,1,3.954903,10.0,7,0
2023-04-03,663903,19,3,3,6.025959,19.0,13,1
2023-04-03,664076,5,0,1,1.458903,5.0,4,0
2023-04-03,664139,3,0,0,0.882005,3.0,2,0
2023-04-03,664199,5,1,0,1.607860465116279,5.0,4,1
2023-04-03,664208,2,0,1,0.770903,2.0,1,0
2023-04-03,664294,2,1,1,0.695903,2.0,0,0
2023-04-03,665665,3,2,1,0.695903,3.0,0,0
2023-04-03,666142,6,2,2,1.4818060000000002,6.0,2,0
2023-04-03,666168,10,1,0,2.679772727272727,10.0,9,1
2023-04-03,668676,11,1,1,5.063928641025641,11.0,9,1
2023-04-03,668868,5,2,1,1.4199030000000001,5.0,2,0
2023-04-03,669060,14,2,3,5.653714,14.0,8,0
2023-04-03,669194,23,3,3,8.233513347826086,23.0,17,1
2023-04-03,669212,4,1,0,0.5589999999999999,4.0,3,0
2023-04-03,669330,16,2,0,2.69185,16.0,14,0
2023-04-03,669395,5,2,1,0.785903,5.0,2,0
2023-04-03,669424,6,0,1,1.877903,6.0,5,0
2023-04-03,669438,10,0,0,2.941,10.0,10,0
2023-04-03,669854,3,2,0,0.194,3.0,1,0
2023-04-03,669923,23,5,1,10.834908,23.0,16,1
2023-04-03,670036,11,5,3,5.135413545454546,11.0,3,1
2023-04-03,670059,5,0,1,0.9579030000000002,5.0,4,0
2023-04-03,670280,4,2,0,0.168,4.0,2,0
2023-04-03,670912,25,4,4,9.474670318681317,24.0,17,2
2023-04-03,672282,22,7,3,6.2704968787878785,22.0,12,0
2023-04-03,672391,3,0,0,0.359,3.0,3,0
2023-04-03,675540,18,3,0,3.954316912972085,18.0,15,1
2023-04-03,675627,16,4,2,2.515606,16.0,10,0
2023-04-03,675916,3,2,0,0.315,3.0,1,0
2023-04-03,676050,3,2,0,0.293,3.0,1,0
2023-04-03,676534,8,1,0,2.9936436554621846,8.0,6,1
2023-04-03,676710,22,6,2,9.814952011441283,22.0,14,5
2023-04-03,677053,5,1,0,2.131758620689655,5.0,4,1
2023-04-03,677161,7,2,1,2.336903,7.0,4,0
2023-04-03,677960,20,2,1,5.679903,19.0,16,0
2023-04-03,680694,7,2,1,1.614903,7.0,4,0
2023-04-03,681911,4,1,0,1.146,4.0,3,0
2023-04-03,682051,4,0,0,0.502,4.0,4,0
2023-04-03,682120,4,2,0,1.109,4.0,2,0
2023-04-03,682171,5,1,0,0.6559999999999999,5.0,4,0
2023-04-03,686613,23,5,3,8.186120255411256,22.0,14,1
2023-04-03,689167,21,0,3,6.66118517866005,21.0,18,2
2023-04-04,445926,3,1,0,0.27,3.0,2,0
2023-04-04,453286,25,2,2,11.249127364221366,25.0,21,4
2023-04-04,472610,5,0,1,2.230903,4.0,4,0
2023-04-04,489119,23,3,0,7.920737258064516,23.0,19,2
2023-04-04,489446,5,1,1,1.206903,5.0,3,0
2023-04-04,493603,3,0,0,0.484,3.0,3,0
2023-04-04,502043,25,5,0,8.466918722696068,25.0,20,3
2023-04-04,502202,1,0,0,0.078,1.0,1,0
2023-04-04,506433,21,3,4,7.032622,21.0,12,0
2023-04-04,518489,3,0,0,0.7670833333333333,3.0,3,0
2023-04-04,518585,5,3,0,1.5379999999999998,5.0,2,0
2023-04-04,518886,6,0,1,2.575183487804878,6.0,5,1
2023-04-04,541640,3,0,0,1.7468421052631578,3.0,3,1
2023-04-04,543272,3,1,1,1.355823,3.0,1,1
2023-04-04,543507,4,1,1,0.781903,4.0,2,0
2023-04-04,547973,4,1,1,0.7099030000000001,3.0,1,0
2023-04-04,548384,7,1,0,4.410377551020408,7.0,6,2
2023-04-04,554340,5,0,0,1.5130000000000001,5.0,5,0
2023-04-04,570666,24,2,3,10.530152103448275,24.0,19,2
2023-04-04,571479,3,2,0,0.698,3.0,1,0
2023-04-04,571656,3,0,1,1.9558363333333333,3.0,2,0
2023-04-04,571760,17,2,2,8.063765909909911,17.0,13,3
2023-04-04,571927,25,7,1,10.611543692640693,25.0,17,3
2023-04-04,571948,4,0,0,1.584,4.0,4,0
2023-04-04,572403,6,2,0,0.558,6.0,4,0
2023-04-04,572955,6,3,1,2.0061530000000003,6.0,2,0
2023-04-04,579328,18,2,1,6.9779029999999995,18.0,15,1
2023-04-04,592741,4,1,0,0.8420000000000001,4.0,3,0
2023-04-04,592773,5,1,0,3.2564468085106384,5.0,4,1
2023-04-04,593334,18,8,0,7.0964,18.0,10,2
2023-04-04,593619,3,0,0,0.504,3.0,3,0
2023-04-04,594580,1,0,0,0.137,1.0,1,0
2023-04-04,601713,22,6,3,9.204881911003724,22.0,13,5
2023-04-04,605218,3,1,0,0.07300000000000001,3.0,2,0
2023-04-04,605447,3,1,0,0.263,3.0,2,0
2023-04-04,606149,4,2,0,1.7160000000000002,4.0,2,0
2023-04-04,607237,5,1,0,0.9045714285714285,5.0,4,1
2023-04-04,608566,22,4,2,8.654100294294295,21.0,15,3
2023-04-04,621074,1,0,0,0.061,1.0,1,0
2023-04-04,621237,3,3,0,0.0,3.0,0,0
2023-04-04,621345,3,1,0,0.14800000000000002,3.0,2,0
2023-04-04,621368,7,3,0,0.62,7.0,4,0
2023-04-04,621381,14,3,1,4.658921598382749,14.0,10,2
2023-04-04,622259,5,1,0,1.5310000000000001,5.0,4,0
2023-04-04,622491,21,6,2,5.460206,21.0,13,1
2023-04-04,622503,8,1,2,2.282806,8.0,5,0
2023-04-04,622772,3,2,0,0.046,3.0,1,0
2023-04-04,623149,7,1,1,1.9159030000000001,7.0,5,0
2023-04-04,623465,3,0,0,0.850005,3.0,2,0
2023-04-04,628317,18,9,0,3.6033541666666666,18.0,9,1
2023-04-04,628711,22,6,0,3.731793103448276,22.0,16,1
2023-04-04,640448,6,0,1,7.472712166920037,6.0,5,4
2023-04-04,640451,5,1,1,1.379903,5.0,3,0
2023-04-04,640470,10,5,0,1.3454594594594596,9.0,4,1
2023-04-04,641360,4,1,1,2.0359030000000002,4.0,2,0
2023-04-04,641401,6,1,0,1.375,6.0,5,1
2023-04-04,641540,15,1,1,3.7369336410256415,15.0,12,1
2023-04-04,641627,4,0,0,1.0310000000000001,4.0,4,0
2023-04-04,641703,6,1,0,1.8977142857142857,6.0,5,0
2023-04-04,641729,4,0,0,2.127,4.0,4,0
2023-04-04,641771,20,4,1,9.382418735318804,20.0,15,4
2023-04-04,641835,4,4,0,0.0,4.0,0,0
2023-04-04,641941,6,2,1,0.9949030000000001,6.0,3,0
2023-04-04,642100,3,1,0,0.277,3.0,2,0
2023-04-04,642545,15,5,0,3.8888225806451615,15.0,10,1
2023-04-04,642770,4,0,0,0.712,4.0,4,0
2023-04-04,645261,30,5,1,7.083903,30.0,24,1
2023-04-04,650633,8,1,0,2.41,8.0,7,0
2023-04-04,656061,9,1,1,1.428903,9.0,7,0
2023-04-04,656222,7,1,1,2.083903,7.0,5,0
2023-04-04,656464,3,1,0,0.643,3.0,2,0
2023-04-04,657024,1,0,0,0.019,1.0,1,0
2023-04-04,657044,3,1,0,0.221,3.0,2,0
2023-04-04,657240,4,1,0,1.108,4.0,3,0
2023-04-04,657265,4,0,0,1.252,4.0,4,0
2023-04-04,657571,4,0,1,1.373903,4.0,3,0
2023-04-04,660593,2,0,0,0.568,2.0,2,0
2023-04-04,660761,22,4,0,10.422005602240898,22.0,18,3
2023-04-04,660813,3,0,0,1.6273225806451612,3.0,3,1
2023-04-04,660853,5,1,1,1.9334585555555555,5.0,3,1
2023-04-04,661527,5,1,0,1.338,5.0,4,0
2023-04-04,663460,22,4,1,7.396509060606061,22.0,17,1
2023-04-04,663558,3,1,0,0.63,3.0,2,0
2023-04-04,663986,5,1,1,1.7101992962962966,5.0,3,1
2023-04-04,664126,3,0,0,0.165,3.0,3,0
2023-04-04,664139,3,2,0,0.516,3.0,1,0
2023-04-04,664285,28,9,1,7.366104576576577,28.0,18,2
2023-04-04,664294,4,1,0,0.767,4.0,3,0
2023-04-04,664875,3,1,1,1.154903,3.0,1,0
2023-04-04,665048,3,1,1,1.5479029999999998,3.0,1,1
2023-04-04,665665,4,0,1,2.387903,4.0,3,0
2023-04-04,666159,23,4,2,6.860564620689655,23.0,17,1
2023-04-04,666204,6,1,1,0.8729030000000001,6.0,4,0
2023-04-04,666374,2,0,0,0.571,2.0,2,0
2023-04-04,667427,4,3,0,0.005,4.0,1,0
2023-04-04,668678,26,3,1,8.077661186705768,26.0,22,2
2023-04-04,669270,11,0,1,4.243903,11.0,10,0
2023-04-04,669276,1,0,0,0.925,1.0,1,0
2023-04-04,669456,23,7,1,4.254903,23.0,15,0
2023-04-04,669467,3,1,0,0.307,3.0,2,0
2023-04-04,669713,20,4,2,7.168648105263157,19.0,14,2
2023-04-04,669796,1,1,0,0.0,1.0,0,0
2023-04-04,670059,3,0,0,1.8202142857142858,3.0,3,0
2023-04-04,670174,12,3,1,3.335903,12.0,8,0
2023-04-04,670280,4,1,0,0.053,4.0,3,0
2023-04-04,670810,3,1,1,0.7089030000000001,3.0,1,0
2023-04-04,671345,5,0,1,1.410903,5.0,4,0
2023-04-04,672335,5,2,0,1.2856666666666667,5.0,3,0
2023-04-04,672578,8,1,0,1.8659772727272728,7.0,6,1
2023-04-04,672710,22,2,1,6.450847444444444,22.0,19,1
2023-04-04,675916,4,1,1,1.738903,4.0,2,0
2023-04-04,676596,19,2,1,8.706403,19.0,16,1
2023-04-04,676664,21,5,1,7.197132411764707,21.0,15,2
2023-04-04,686753,10,2,1,4.439903,10.0,7,1
2023-04-04,687330,11,2,0,4.1830050000000005,11.0,8,0
2023-04-04,689266,19,3,0,5.809,19.0,16,1
2023-04-05,425844,25,4,1,11.074735437275985,25.0,20,3
2023-04-05,445926,1,0,0,0.006,1.0,1,0
2023-04-05,446372,19,2,1,6.314119328502415,19.0,16,2
2023-04-05,456713,4,1,1,1.090903,4.0,2,0
2023-04-05,493603,1,0,0,0.5616428571428571,1.0,1,0
2023-04-05,502085,3,0,0,0.401,3.0,3,0
2023-04-05,518397,1,1,0,0.0,1.0,0,0
2023-04-05,518617,3,1,0,0.7954999999999999,3.0,2,0
2023-04-05,519043,3,1,0,0.29,3.0,2,0
2023-04-05,519151,3,1,0,0.255,3.0,2,0
2023-04-05,519293,4,2,0,0.382,4.0,2,0
2023-04-05,523260,6,1,1,1.867153,6.0,4,0
2023-04-05,542947,4,0,1,1.079903,4.0,3,0
2023-04-05,543037,23,8,3,5.624141432432433,23.0,12,1
2023-04-05,543521,5,0,0,3.8130399999999995,5.0,5,1
2023-04-05,543859,4,1,0,1.3143000000000005,4.0,3,1
2023-04-05,544727,4,1,1,1.267903,4.0,2,0
2023-04-05,571578,26,3,0,10.901128571428572,26.0,23,2
2023-04-05,571670,3,1,0,0.475,3.0,2,0
2023-04-05,571945,28,6,1,9.796262661172161,28.0,21,3
2023-04-05,571948,4,1,0,0.31799999999999995,4.0,3,0
2023-04-05,573204,4,1,0,3.1645,4.0,3,1
2023-04-05,593958,22,1,2,7.173418664473684,22.0,19,1
2023-04-05,594798,22,11,2,4.258753368421052,22.0,9,0
2023-04-05,595928,7,3,0,0.49,7.0,4,0
2023-04-05,600917,3,1,0,0.155,3.0,2,0
2023-04-05,605280,3,3,0,0.0,3.0,0,0
2023-04-05,605400,25,5,1,5.446236333333333,24.0,18,1
2023-04-05,605447,4,1,0,0.45999999999999996,4.0,3,0
2023-04-05,606160,5,2,0,1.4000000000000001,5.0,3,0
2023-04-05,607455,3,0,0,0.7958888888888889,3.0,3,0
2023-04-05,607481,4,1,1,1.473903,4.0,2,0
2023-04-05,608717,6,2,0,1.229,6.0,4,0
2023-04-05,608723,8,3,0,2.9760714285714287,8.0,5,1
2023-04-05,621249,3,0,0,0.695,3.0,3,0
2023-04-05,621363,4,0,0,1.123,4.0,4,0
2023-04-05,622098,5,2,0,2.730897243107769,5.0,3,2
2023-04-05,622554,4,0,0,1.4807727272727274,4.0,4,1
2023-04-05,623167,19,4,2,5.4052887586206895,19.0,13,1
2023-04-05,623474,6,0,0,3.008,6.0,6,0
2023-04-05,625643,2,1,1,0.695903,2.0,0,0
2023-04-05,640462,5,1,1,1.442903,5.0,3,0
2023-04-05,641154,23,8,1,5.418082425837321,23.0,14,2
2023-04-05,641302,9,1,0,3.2194,9.0,8,1
2023-04-05,641329,3,1,0,0.05,3.0,2,0
2023-04-05,641627,3,2,0,0.025,3.0,1,0
2023-04-05,642207,3,0,0,0.28800000000000003,3.0,3,0
2023-04-05,642239,3,1,0,0.019,3.0,2,0
2023-04-05,642397,6,3,2,1.6598060000000001,6.0,1,0
2023-04-05,642528,8,1,0,3.666560555555556,8.0,6,1
2023-04-05,642546,3,1,1,0.807903,3.0,1,0
2023-04-05,642758,2,0,0,1.4692666666666665,2.0,2,1
2023-04-05,643377,3,1,0,0.9369999999999999,3.0,2,0
2023-04-05,643511,3,0,0,1.072,3.0,3,0
2023-04-05,650556,4,1,2,1.446806,4.0,1,0
2023-04-05,650671,4,1,0,0.6970000000000001,4.0,3,0
2023-04-05,650895,4,1,1,0.9789030000000001,4.0,2,0
2023-04-05,656302,22,8,5,7.1395864285714286,22.0,9,1
2023-04-05,656605,26,7,2,5.215806,26.0,17,0
2023-04-05,656849,21,5,5,8.740684491525425,21.0,11,1
2023-04-05,657024,3,1,0,0.272,3.0,2,0
2023-04-05,657044,5,1,2,1.573806,5.0,2,0
2023-04-05,657265,3,0,0,0.373,3.0,3,0
2023-04-05,657277,22,4,0,6.043,22.0,18,0
2023-04-05,660271,25,8,4,7.642622,25.0,11,0
2023-04-05,661309,11,1,3,4.123709,11.0,7,0
2023-04-05,661403,4,1,1,1.083903,4.0,2,0
2023-04-05,662253,4,1,1,1.082903,4.0,2,0
2023-04-05,663546,11,2,1,4.078861333333333,11.0,8,1
2023-04-05,663556,26,6,4,8.403612,25.0,15,1
2023-04-05,663658,9,3,2,3.2731906153846158,9.0,4,0
2023-04-05,664076,3,0,0,0.351,3.0,3,0
2023-04-05,664199,10,1,1,4.372161620689655,10.0,8,2
2023-04-05,664299,23,5,0,5.677,23.0,18,0
2023-04-05,666200,27,10,1,4.101319666666667,27.0,16,0
2023-04-05,666201,26,5,4,9.652722636299185,26.0,16,1
2023-04-05,666205,26,5,3,8.293344180778032,25.0,17,1
2023-04-05,666374,5,2,2,1.484806,5.0,1,0
2023-04-05,667427,4,1,1,1.200903,4.0,2,0
2023-04-05,669203,23,3,2,9.423020677419355,23.0,17,2
2023-04-05,669211,3,0,0,0.788,3.0,3,0
2023-04-05,669212,4,1,0,0.783,4.0,3,0
2023-04-05,669276,3,0,1,1.092903,3.0,2,0
2023-04-05,669395,3,1,0,0.602,3.0,2,0
2023-04-05,669424,4,1,1,0.792903,4.0,2,0
2023-04-05,670167,7,2,1,2.058903,7.0,4,0
2023-04-05,672391,6,1,0,1.569,6.0,5,0
2023-04-05,676050,4,0,0,1.072,4.0,4,0
2023-04-05,677161,4,0,1,1.597908,4.0,2,0
2023-04-05,680570,20,5,1,6.445903,20.0,14,0
2023-04-05,680704,6,1,0,4.165953030303029,6.0,5,2
2023-04-05,682051,7,2,0,0.654,7.0,5,0
2023-04-05,682120,4,0,2,3.7072893333333337,4.0,2,1
2023-04-05,682171,3,1,0,0.751,3.0,2,0
2023-04-05,683769,21,4,2,3.6793774285714287,21.0,15,0
2023-04-05,693821,22,6,3,8.232928285714285,22.0,12,1
2023-04-06,445276,3,0,0,0.7104166666666666,3.0,3,0
2023-04-06,455119,4,0,0,1.179,4.0,4,0
2023-04-06,458681,25,5,3,11.69798280952381,25.0,17,3
2023-04-06,476595,5,0,1,2.508950619047619,5.0,4,1
2023-04-06,489446,6,1,2,1.9618060000000002,6.0,3,0
2023-04-06,518489,5,1,1,2.626403,5.0,3,0
2023-04-06,518876,25,4,4,9.272212,25.0,17,0
2023-04-06,519242,23,7,3,7.006597888888889,23.0,13,1
2023-04-06,542585,5,1,0,1.4202264150943396,5.0,4,1
2023-04-06,542914,3,2,0,0.551,3.0,1,0
2023-04-06,543475,25,9,0,8.648143548387097,25.0,16,3
2023-04-06,554340,2,2,0,0.0,2.0,0,0
2023-04-06,572955,3,2,0,0.08,3.0,1,0
2023-04-06,592332,24,7,2,6.612656,23.0,14,0
2023-04-06,593619,7,2,2,2.2708060000000003,7.0,3,0
2023-04-06,593643,8,0,1,4.306349808510638,8.0,7,1
2023-04-06,596001,16,4,2,4.493806,16.0,10,0
2023-04-06,605130,3,1,0,0.14200000000000002,3.0,2,0
2023-04-06,605154,3,2,0,0.533,3.0,1,0
2023-04-06,605483,20,2,4,11.706563298701298,20.0,14,3
2023-04-06,605513,22,1,2,8.875769193979933,22.0,18,2
2023-04-06,607237,1,1,0,0.0,1.0,0,0
2023-04-06,607461,7,1,1,2.6889030000000003,7.0,5,0
2023-04-06,607536,25,5,2,7.050306,25.0,18,0
2023-04-06,614179,9,1,1,4.293204875,9.0,6,1
2023-04-06,621016,9,1,0,3.4264594594594593,9.0,8,1
2023-04-06,621051,7,2,1,1.5081252222222221,7.0,4,0
2023-04-06,621345,4,1,1,0.892903,3.0,1,0
2023-04-06,622072,18,3,2,6.774406000000001,18.0,13,1
2023-04-06,622075,3,0,1,0.8529030000000001,3.0,2,0
2023-04-06,622503,4,0,0,1.69,4.0,4,0
2023-04-06,623433,3,1,0,0.399,3.0,2,0
2023-04-06,623465,3,1,0,0.151,3.0,2,0
2023-04-06,641360,4,2,0,1.0195999999999998,4.0,2,1
2023-04-06,641835,3,0,0,2.10754,3.0,3,1
2023-04-06,643256,3,1,0,0.687,3.0,2,0
2023-04-06,656464,4,1,0,1.62185,4.0,3,0
2023-04-06,656638,3,0,1,0.8719030000000001,3.0,2,0
2023-04-06,657612,7,1,0,1.855,7.0,6,0
2023-04-06,664875,6,1,0,1.21,6.0,5,0
2023-04-06,666168,7,3,0,0.935,7.0,4,0
2023-04-06,666619,12,3,0,4.512005,12.0,8,0
2023-04-06,669160,22,5,2,5.911806,22.0,15,0
2023-04-06,669438,6,1,1,2.247903,6.0,4,0
2023-04-06,669459,4,1,0,1.7642272727272728,4.0,3,1
2023-04-06,670167,3,1,1,0.882903,3.0,1,0
2023-04-06,670950,3,0,1,1.8641302727272726,3.0,2,0
2023-04-06,672841,6,2,2,2.217811,6.0,1,0
2023-04-06,675911,22,9,3,7.5544186774193545,22.0,10,1
2023-04-06,680686,27,6,1,5.627569666666667,27.0,20,0
2023-04-06,681911,3,0,0,2.2763548387096773,3.0,3,1
2023-04-07,445926,3,2,0,0.061,3.0,1,0
2023-04-07,448179,20,1,0,11.276025026776958,20.0,19,6
2023-04-07,453178,3,0,0,0.601,3.0,3,0
2023-04-07,456713,4,0,1,1.595903,4.0,3,0
2023-04-07,472610,6,0,1,2.4589030000000003,6.0,5,0
2023-04-07,476595,3,2,0,0.089,3.0,1,0
2023-04-07,477132,27,4,2,10.857414870967741,27.0,20,3
2023-04-07,493603,3,2,0,0.036,3.0,1,0
2023-04-07,502171,27,6,0,9.967772005772005,27.0,21,3
2023-04-07,518516,25,5,6,10.790532285714285,25.0,14,2
2023-04-07,518617,5,0,1,2.206903,5.0,4,0
2023-04-07,518886,5,1,1,2.094903,5.0,3,0
2023-04-07,519043,3,1,0,0.775,3.0,2,0
2023-04-07,519151,3,3,0,0.0,3.0,0,0
2023-04-07,541640,4,0,0,2.261,4.0,4,0
2023-04-07,543056,2,1,0,0.0,2.0,1,0
2023-04-07,543135,21,6,1,6.000903,21.0,14,0
2023-04-07,543243,26,13,1,5.061367285714287,25.0,12,1
2023-04-07,543272,4,1,0,1.111,4.0,3,0
2023-04-07,543859,8,1,1,1.3429030000000002,7.0,6,0
2023-04-07,547973,4,2,0,1.445,4.0,2,0
2023-04-07,548384,2,0,0,1.258,2.0,2,0
2023-04-07,554340,3,1,0,0.561,3.0,2,0
2023-04-07,554430,22,5,3,5.792709,22.0,14,0
2023-04-07,570632,18,1,3,8.504756619047619,18.0,14,2
2023-04-07,571479,3,1,1,0.697903,3.0,1,0
2023-04-07,571882,4,0,1,3.8509446666666665,4.0,3,2
2023-04-07,571946,1,0,0,0.0,1.0,1,0
2023-04-07,571948,1,0,0,0.043,1.0,1,0
2023-04-07,573124,5,0,1,4.095883141843972,5.0,4,2
2023-04-07,573186,23,6,3,6.367714,23.0,13,0
2023-04-07,592094,6,2,1,2.396908,6.0,2,0
2023-04-07,592773,5,1,2,1.345903,4.0,2,0
2023-04-07,593576,4,1,0,0.859,4.0,3,0
2023-04-07,593974,5,1,1,2.277703,5.0,3,1
2023-04-07,598264,5,2,1,2.1796172857142855,5.0,2,1
2023-04-07,605130,5,2,1,1.2769030000000001,5.0,2,0
2023-04-07,605135,26,5,5,8.606515,26.0,16,1
2023-04-07,605177,3,2,1,0.695903,3.0,0,0
2023-04-07,605218,4,1,0,0.9430000000000001,4.0,3,0
2023-04-07,605242,7,4,0,1.1323478260869564,7.0,3,1
2023-04-07,605347,4,0,0,0.41300000000000003,4.0,4,0
2023-04-07,605447,3,0,0,0.317,3.0,3,0
2023-04-07,605540,21,4,2,5.832972666666667,20.0,14,0
2023-04-07,606160,3,0,0,0.843,3.0,3,0
2023-04-07,606303,4,1,1,1.0589030000000001,4.0,2,0
2023-04-07,607259,23,4,5,10.400102737843552,23.0,14,3
2023-04-07,608337,23,3,0,9.029567969307099,22.0,19,4
2023-04-07,608717,1,0,0,0.9295555555555554,1.0,1,1
2023-04-07,612434,5,2,1,1.147903,5.0,2,0
2023-04-07,621107,25,7,0,7.793810989010989,25.0,18,2
2023-04-07,621237,3,3,0,0.0,3.0,0,0
2023-04-07,621389,11,1,0,3.081,11.0,10,0
2023-04-07,622065,5,3,0,0.394,5.0,2,0
2023-04-07,622075,5,0,0,2.139,5.0,5,0
2023-04-07,622772,4,0,1,1.7753624594594595,4.0,3,1
2023-04-07,623149,3,1,0,0.3458,3.0,2,0
2023-04-07,623211,7,1,1,2.9109030000000002,7.0,5,0
2023-04-07,623352,4,2,0,0.5609999999999999,4.0,2,0
2023-04-07,623474,3,1,0,2.249884615384615,3.0,2,1
2023-04-07,640444,13,4,1,6.198791632872504,13.0,8,2
2023-04-07,640448,3,1,0,0.236,3.0,2,0
2023-04-07,640451,3,0,0,0.706,3.0,3,0
2023-04-07,641329,2,1,0,0.299,2.0,1,0
2023-04-07,641447,6,2,1,3.6623712981090097,6.0,3,2
2023-04-07,641627,4,2,0,0.511,4.0,2,0
2023-04-07,641656,8,4,0,1.282,8.0,4,0
2023-04-07,641703,8,3,2,2.168694888888889,8.0,3,0
2023-04-07,641729,4,2,1,0.7239030000000001,4.0,1,0
2023-04-07,641745,21,3,3,6.5376518571428575,21.0,15,1
2023-04-07,642232,5,1,1,1.099903,5.0,3,0
2023-04-07,642397,3,0,0,1.195842105263158,3.0,3,1
2023-04-07,642585,4,2,1,0.7039030000000001,4.0,1,0
2023-04-07,642701,5,1,2,3.1448536190476193,5.0,2,1
2023-04-07,643377,3,1,0,0.41300000000000003,3.0,2,0
2023-04-07,643410,3,1,0,0.33599999999999997,3.0,2,0
2023-04-07,650556,3,1,1,0.8499030000000001,3.0,1,0
2023-04-07,650644,27,5,1,11.910328273865414,27.0,21,3
2023-04-07,656234,8,1,1,2.033903,8.0,6,0
2023-04-07,656427,23,3,6,8.325418,23.0,14,1
2023-04-07,656731,22,3,2,5.496509174603175,22.0,17,1
2023-04-07,656945,5,0,2,2.759811,5.0,2,0
2023-04-07,657024,4,0,0,2.3010832432432435,4.0,4,2
2023-04-07,657376,19,3,3,7.7086963684210525,19.0,13,1
2023-04-07,659275,5,0,0,1.2134761904761906,5.0,5,1
2023-04-07,660593,3,1,0,0.9530000000000001,3.0,2,0
2023-04-07,660813,3,1,0,0.5589999999999999,3.0,2,0
2023-04-07,661395,4,2,1,0.755903,4.0,1,0
2023-04-07,662253,3,1,0,1.1727777777777777,3.0,2,1
2023-04-07,663776,25,2,1,8.566358882352942,23.0,20,3
2023-04-07,663855,6,1,1,3.2328414615384613,5.0,3,1
2023-04-07,664294,7,2,1,1.6079446666666666,7.0,4,1
2023-04-07,664353,24,6,1,6.180120391304348,24.0,17,1
2023-04-07,665152,22,4,3,7.8965423333333336,22.0,15,1
2023-04-07,665665,7,1,0,2.246714285714285,7.0,6,1
2023-04-07,665795,15,4,7,5.342321,15.0,4,0
2023-04-07,666142,6,3,1,1.3069030000000001,6.0,2,0
2023-04-07,666374,3,3,0,0.0,3.0,0,0
2023-04-07,666808,3,1,0,0.067,3.0,2,0
2023-04-07,668881,22,5,3,6.380734974025974,22.0,14,1
2023-04-07,669022,24,6,2,8.010806,24.0,16,1
2023-04-07,669060,3,2,0,0.37,3.0,1,0
2023-04-07,669302,19,6,2,6.090806000000001,19.0,11,0
2023-04-07,669424,3,1,0,0.761,3.0,2,0
2023-04-07,669467,6,1,0,1.3519999999999999,6.0,5,0
2023-04-07,669947,14,4,2,4.633312666666667,14.0,8,1
2023-04-07,670124,20,3,3,7.715611824858758,20.0,14,2
2023-04-07,670810,3,0,1,1.3349030000000002,3.0,2,0
2023-04-07,672335,6,1,0,2.773,6.0,5,1
2023-04-07,675540,5,1,2,2.381806,5.0,2,0
2023-04-07,676050,3,1,1,0.8419030000000001,3.0,1,0
2023-04-07,676534,7,0,0,4.2977727272727275,7.0,7,2
2023-04-07,676760,5,2,1,1.682903,5.0,2,0
2023-04-07,677053,4,2,0,0.303,4.0,2,0
2023-04-07,680704,3,0,0,2.3288325358851676,3.0,3,1
2023-04-07,681402,3,1,1,1.0349030000000001,3.0,1,0
2023-04-07,681806,6,3,0,0.363,6.0,3,0
2023-04-07,682120,6,3,1,2.0805515507246377,6.0,2,0
2023-04-07,682171,3,0,1,1.362903,3.0,2,0
2023-04-07,686610,20,3,3,9.12975934965035,20.0,14,2
2023-04-07,686753,8,1,1,1.513903,7.0,5,0
2023-04-07,694363,22,4,4,8.936748191239316,22.0,14,3
2023-04-08,450203,25,6,3,9.720380666666667,24.0,14,1
2023-04-08,453178,3,1,0,0.27,3.0,2,0
2023-04-08,472610,5,1,0,1.292,5.0,4,0
2023-04-08,489446,4,1,2,0.8789030000000001,3.0,1,0
2023-04-08,502085,3,1,0,0.202,3.0,2,0
2023-04-08,502202,3,0,0,0.905,3.0,3,0
2023-04-08,518489,8,2,1,2.976908,8.0,4,0
2023-04-08,523260,2,1,0,0.058,2.0,1,0
2023-04-08,527048,21,5,0,5.778926470588234,20.0,15,1
2023-04-08,542208,5,0,1,3.0124501698113204,5.0,4,1
2023-04-08,542881,23,4,2,9.036959743315508,23.0,17,3
2023-04-08,542914,6,1,1,3.816829470588235,6.0,4,1
2023-04-08,543518,5,2,0,2.1227586206896554,5.0,3,1
2023-04-08,544727,3,0,0,0.605,3.0,3,0
2023-04-08,547973,3,2,0,0.002,3.0,1,0
2023-04-08,548384,3,0,1,2.324903,3.0,2,0
2023-04-08,548389,9,1,0,4.618635930047695,9.0,8,2
2023-04-08,571479,4,1,0,1.443,4.0,3,0
2023-04-08,571901,1,0,0,0.111,1.0,1,0
2023-04-08,572193,4,0,0,0.8190000000000001,4.0,4,0
2023-04-08,572403,3,1,0,0.659,3.0,2,0
2023-04-08,592773,3,0,0,0.65,3.0,3,0
2023-04-08,592789,22,2,0,8.727129327731092,22.0,18,1
2023-04-08,592826,17,1,4,8.21993458064516,17.0,12,1
2023-04-08,592866,21,4,0,6.467444444444444,21.0,17,1
2023-04-08,593974,4,2,1,0.9539030000000001,4.0,1,0
2023-04-08,594580,4,0,0,1.94301,4.0,2,0
2023-04-08,594835,25,5,3,9.032042333333333,25.0,17,0
2023-04-08,595928,4,0,0,0.223,4.0,4,0
2023-04-08,596295,22,5,1,7.003498744680851,21.0,16,1
2023-04-08,598264,4,1,0,1.883,4.0,3,0
2023-04-08,605154,1,0,0,0.051,1.0,1,0
2023-04-08,605182,26,1,2,13.568754146724956,26.0,23,3
2023-04-08,605200,21,3,4,10.818034222222222,21.0,14,2
2023-04-08,605218,6,1,0,1.857,6.0,5,0
2023-04-08,605280,4,1,1,1.422903,4.0,2,0
2023-04-08,605347,3,3,0,0.0,3.0,0,0
2023-04-08,605488,26,7,3,7.194709,26.0,15,0
2023-04-08,606303,5,2,0,1.042,5.0,3,0
2023-04-08,607237,4,2,0,0.868,4.0,2,0
2023-04-08,607455,3,0,1,3.582903,3.0,2,1
2023-04-08,607481,4,1,0,0.748,4.0,3,0
2023-04-08,607755,5,1,1,1.021903,5.0,3,0
2023-04-08,608032,5,2,1,2.151903,5.0,2,0
2023-04-08,608328,12,2,1,2.455908,12.0,8,0
2023-04-08,608344,21,5,4,7.662152,21.0,12,1
2023-04-08,608379,21,10,1,4.063251348348349,21.0,10,2
2023-04-08,608638,3,1,0,0.381,3.0,2,0
2023-04-08,608665,4,1,1,0.9699030000000001,4.0,2,0
2023-04-08,608718,9,2,1,1.924903,8.0,6,0
2023-04-08,608723,8,1,0,3.55,8.0,7,1
2023-04-08,615698,23,3,1,5.642850368421053,23.0,19,0
2023-04-08,621051,4,1,1,1.859903,4.0,2,0
2023-04-08,621074,5,2,0,1.027,5.0,3,0
2023-04-08,621244,19,5,1,6.247212748427673,19.0,13,1
2023-04-08,621249,5,0,0,1.752,5.0,5,0
2023-04-08,621368,11,2,1,6.248520391304348,11.0,8,2
2023-04-08,622098,3,0,1,1.622903,3.0,2,0
2023-04-08,622554,3,0,0,0.597,3.0,3,0
2023-04-08,623149,5,1,1,1.229903,5.0,3,0
2023-04-08,623211,5,1,0,3.243857142857143,5.0,4,2
2023-04-08,623352,5,3,1,1.400903,5.0,1,0
2023-04-08,624522,6,1,2,1.988806,6.0,3,0
2023-04-08,625643,4,2,0,1.0459117647058824,4.0,2,1
2023-04-08,640448,4,1,1,1.4199030000000001,4.0,2,0
2023-04-08,640451,2,0,0,1.0497894736842106,2.0,2,0
2023-04-08,640455,22,8,1,8.760693561497325,22.0,12,3
2023-04-08,641302,15,1,0,7.360047619047619,15.0,14,1
2023-04-08,641401,5,1,1,1.4759030000000002,5.0,3,0
2023-04-08,641540,3,0,1,1.668463,3.0,2,0
2023-04-08,641778,22,4,3,12.00529243337335,22.0,15,3
2023-04-08,642100,7,2,1,0.7370000000000001,6.0,4,0
2023-04-08,642239,6,1,1,2.383903,6.0,4,0
2023-04-08,642545,4,2,0,0.759005,4.0,1,0
2023-04-08,642758,7,0,1,3.9731892876254173,7.0,6,2
2023-04-08,642770,8,2,1,3.338908,8.0,4,0
2023-04-08,643256,4,0,1,3.1720315714285707,4.0,3,1
2023-04-08,643377,3,2,0,0.066,3.0,1,0
2023-04-08,647315,3,1,0,0.591,3.0,2,0
2023-04-08,650633,7,3,0,2.1755333333333335,7.0,4,1
2023-04-08,650671,4,2,1,1.4999030000000002,4.0,1,0
2023-04-08,656271,3,1,0,0.144,3.0,2,0
2023-04-08,656464,4,1,0,2.659459459459459,4.0,3,1
2023-04-08,656557,19,4,2,4.804806,19.0,13,0
2023-04-08,656578,10,2,0,3.7070000000000003,10.0,8,0
2023-04-08,656716,6,0,0,3.5485454545454544,6.0,6,1
2023-04-08,656756,26,9,2,4.547299333333334,26.0,15,1
2023-04-08,657006,26,3,4,6.541612000000001,26.0,19,0
2023-04-08,657508,4,1,1,1.1049030000000002,4.0,2,0
2023-04-08,657746,23,10,1,4.923903,22.0,11,1
2023-04-08,657756,9,3,0,2.5716111111111113,9.0,6,1
2023-04-08,660261,21,1,4,7.216793470588236,21.0,15,0
2023-04-08,660813,5,1,0,1.2656666666666667,5.0,4,0
2023-04-08,660853,5,1,0,1.9240050000000002,5.0,3,0
2023-04-08,661395,1,1,0,0.0,1.0,0,0
2023-04-08,661527,5,1,0,2.3196935483870966,5.0,4,1
2023-04-08,663558,6,1,0,2.285354838709677,6.0,5,1
2023-04-08,663559,19,2,0,6.888,18.0,16,1
2023-04-08,663903,25,4,0,12.69609365079365,25.0,21,3
2023-04-08,663986,4,0,0,1.182,3.0,4,0
2023-04-08,664139,2,0,0,0.32199999999999995,2.0,2,0
2023-04-08,664199,6,3,0,1.816,6.0,3,0
2023-04-08,664208,3,1,0,0.9822962962962964,3.0,2,1
2023-04-08,664747,6,3,1,1.357903,6.0,2,0
2023-04-08,664849,6,2,0,1.5859999999999999,6.0,4,0
2023-04-08,666157,27,12,2,4.664992285714286,25.0,13,2
2023-04-08,666168,3,0,0,0.291,3.0,3,0
2023-04-08,666214,10,0,4,4.015612,10.0,6,0
2023-04-08,666745,20,2,2,7.092032720647774,19.0,15,1
2023-04-08,666808,4,1,0,1.207,4.0,3,0
2023-04-08,666818,6,2,0,2.433926470588235,6.0,4,1
2023-04-08,668868,6,1,1,2.172903,6.0,4,0
2023-04-08,669211,5,0,0,1.9935333333333332,4.0,4,1
2023-04-08,669212,6,3,0,1.5686938775510202,6.0,3,1
2023-04-08,669276,6,2,0,0.72,6.0,4,0
2023-04-08,669432,22,5,2,6.768295928229666,22.0,14,1
2023-04-08,669459,5,1,1,1.355903,5.0,3,0
2023-04-08,669796,6,2,0,1.452,6.0,4,0
2023-04-08,669854,9,0,2,4.925520285714286,9.0,7,1
2023-04-08,670036,3,0,1,0.9549030000000001,3.0,2,0
2023-04-08,670950,4,1,0,0.364,4.0,3,0
2023-04-08,672391,5,3,0,0.43600000000000005,5.0,2,0
2023-04-08,673540,24,6,3,7.016825161616162,24.0,15,1
2023-04-08,677053,3,0,1,0.937903,3.0,2,0
2023-04-08,677161,8,1,1,2.313903,8.0,5,0
2023-04-08,677651,20,4,3,11.208493615384617,20.0,13,2
2023-04-08,681402,8,1,0,2.4448,8.0,7,1
2023-04-08,681911,5,1,0,1.302,5.0,4,0
2023-04-08,682051,14,2,2,6.356452258503401,14.0,10,2
2023-04-08,682171,1,0,0,0.1,1.0,1,0
2023-04-08,687330,6,3,0,0.038,6.0,3,0
2023-04-09,445276,6,2,1,1.470903,6.0,3,0
2023-04-09,455119,5,0,0,1.8439999999999999,5.0,5,0
2023-04-09,456713,5,1,2,1.861806,5.0,2,0
2023-04-09,471911,22,1,3,11.212625484288816,22.0,18,4
2023-04-09,476595,10,1,2,5.35542691503268,10.0,7,0
2023-04-09,518397,3,1,0,1.056,3.0,2,0
2023-04-09,518585,6,2,0,0.588,6.0,4,0
2023-04-09,518617,3,1,0,0.092,3.0,2,0
2023-04-09,518886,5,0,1,3.0390962841932843,5.0,4,1
2023-04-09,519151,3,0,0,0.729,3.0,3,0
2023-04-09,519293,5,2,1,2.026903,5.0,2,0
2023-04-09,541640,6,1,0,2.143005,6.0,4,0
2023-04-09,543056,3,1,0,0.49,3.0,2,0
2023-04-09,543101,22,7,0,5.3276,22.0,15,2
2023-04-09,543272,3,1,2,1.391806,3.0,0,0
2023-04-09,543507,7,0,4,3.0036120000000004,7.0,3,0
2023-04-09,554340,3,2,0,0.243,3.0,1,0
2023-04-09,571510,22,4,4,8.55693342857143,22.0,14,1
2023-04-09,571670,6,3,0,0.42400000000000004,6.0,3,0
2023-04-09,571901,4,1,1,0.906,3.0,2,0
2023-04-09,571946,8,2,3,3.278426391304348,8.0,3,1
2023-04-09,571948,1,1,0,0.0,1.0,0,0
2023-04-09,572193,5,0,0,2.699838333333333,5.0,4,0
2023-04-09,572955,4,0,1,1.426903,4.0,3,0
2023-04-09,573124,3,1,0,0.54,3.0,2,0
2023-04-09,579328,22,6,1,8.561412316770186,22.0,15,3
2023-04-09,592094,4,1,1,0.7279030000000001,4.0,2,0
2023-04-09,592351,24,4,3,9.293979676691729,23.0,16,2
2023-04-09,592741,5,2,0,2.916889615384615,5.0,2,1
2023-04-09,592791,24,7,1,5.121845857142858,24.0,16,1
2023-04-09,592836,21,5,5,6.2650483333333336,20.0,10,1
2023-04-09,593619,7,2,1,2.628908,7.0,3,0
2023-04-09,600917,3,2,0,0.146,3.0,1,0
2023-04-09,605154,1,1,0,0.0,1.0,0,0
2023-04-09,605280,3,1,0,0.121,3.0,2,0
2023-04-09,605447,8,3,2,3.625811,8.0,2,0
2023-04-09,607625,25,5,4,6.8344196923076925,25.0,16,0
2023-04-09,608032,6,2,0,2.033,6.0,4,0
2023-04-09,608638,1,0,0,0.047,1.0,1,0
2023-04-09,621076,27,6,3,11.311002333333333,25.0,14,4
2023-04-09,621237,3,3,0,0.0,3.0,0,0
2023-04-09,621345,3,2,0,0.048,3.0,1,0
2023-04-09,622259,3,1,0,0.42500000000000004,3.0,2,0
2023-04-09,622503,7,2,0,1.4100000000000001,7.0,5,0
2023-04-09,622554,7,2,2,2.380806,7.0,3,0
2023-04-09,622772,4,2,0,2.9128000000000003,4.0,2,2
2023-04-09,623437,5,1,2,0.503,3.0,2,0
2023-04-09,640462,4,1,0,0.451,4.0,3,0
2023-04-09,641360,7,3,0,0.41800000000000004,7.0,4,0
2023-04-09,641401,2,1,1,0.695903,2.0,0,0
2023-04-09,641482,21,5,2,7.053698857142858,21.0,14,2
2023-04-09,641627,3,0,0,0.653,3.0,3,0
2023-04-09,641729,3,1,0,0.9140714285714288,3.0,2,1
2023-04-09,641771,24,3,4,8.252666142857143,23.0,17,2
2023-04-09,641816,24,6,1,6.400468217391304,24.0,17,0
2023-04-09,641835,1,0,0,0.054,1.0,1,0
2023-04-09,641941,6,0,0,1.682,6.0,6,0
2023-04-09,642207,3,1,0,0.41,3.0,2,0
2023-04-09,642232,7,1,0,3.0728400000000002,7.0,6,1
2023-04-09,642397,3,1,0,0.245,3.0,2,0
2023-04-09,642545,6,1,1,1.741903,6.0,4,0
2023-04-09,642547,26,7,3,8.498072636363636,26.0,15,1
2023-04-09,642701,6,1,1,2.073903,6.0,4,0
2023-04-09,643256,3,0,0,1.56,3.0,3,0
2023-04-09,643361,6,1,0,2.245,6.0,5,0
2023-04-09,643511,3,0,0,0.9889999999999999,3.0,2,0
2023-04-09,647315,2,0,0,0.22,2.0,2,0
2023-04-09,650556,4,3,1,0.695903,4.0,0,0
2023-04-09,650893,3,0,0,1.456,3.0,3,1
2023-04-09,650895,3,2,0,0.174,3.0,1,0
2023-04-09,656061,5,2,1,1.656903,5.0,2,0
2023-04-09,656234,5,1,0,2.106005,5.0,3,0
2023-04-09,656266,7,1,2,1.973903,6.0,4,0
2023-04-09,656629,23,5,3,10.647680990621991,23.0,15,5
2023-04-09,656638,5,0,1,1.638903,5.0,4,0
2023-04-09,656818,18,4,3,6.243115779661018,18.0,11,1
2023-04-09,656876,22,8,0,3.146058823529412,22.0,14,0
2023-04-09,656945,5,1,1,1.102903,5.0,3,0
2023-04-09,656981,11,1,2,5.660806,11.0,8,1
2023-04-09,657024,4,1,0,1.374945454545454,4.0,3,1
2023-04-09,657044,3,0,0,0.909,3.0,3,0
2023-04-09,657240,3,0,0,1.0384,3.0,3,0
2023-04-09,657265,5,1,1,1.424903,5.0,3,0
2023-04-09,657508,3,2,0,0.039,3.0,1,0
2023-04-09,657571,7,1,0,2.182,7.0,6,0
2023-04-09,659275,3,1,0,0.154,3.0,2,0
2023-04-09,660853,5,1,2,3.5304398383838382,5.0,2,1
2023-04-09,660896,8,1,2,2.679806,8.0,5,0
2023-04-09,661309,10,1,0,5.299757391304348,10.0,9,2
2023-04-09,661403,5,0,1,2.052903,5.0,4,0
2023-04-09,663372,24,3,3,6.837709,23.0,17,0
2023-04-09,663460,21,9,0,3.042005,21.0,11,0
2023-04-09,663765,21,5,1,8.59002307936508,20.0,13,2
2023-04-09,663855,2,1,0,0.112,2.0,1,0
2023-04-09,663986,5,1,1,1.019903,5.0,3,0
2023-04-09,664139,3,2,0,0.9032666666666666,3.0,1,1
2023-04-09,664294,1,1,0,0.0,1.0,0,0
2023-04-09,664849,3,1,0,0.7880050000000001,3.0,1,0
2023-04-09,664854,4,2,1,1.238403,4.0,1,0
2023-04-09,664875,3,0,0,0.62,3.0,3,0
2023-04-09,665048,9,0,1,1.893903,9.0,8,0
2023-04-09,665871,14,3,1,5.800821690005646,14.0,10,2
2023-04-09,666129,23,7,1,7.636477750830565,23.0,15,1
2023-04-09,666142,3,1,0,0.531,3.0,2,0
2023-04-09,666204,1,0,0,0.641,1.0,1,0
2023-04-09,666374,6,3,1,1.9547530000000002,6.0,2,0
2023-04-09,668665,14,5,1,3.8335229999999996,14.0,8,1
2023-04-09,668676,27,6,1,10.590236322155903,27.0,20,3
2023-04-09,669194,25,3,2,7.852336718688614,25.0,20,1
2023-04-09,669330,23,6,0,8.223646194385324,23.0,17,3
2023-04-09,669424,4,2,1,0.698903,4.0,1,0
2023-04-09,669467,7,2,0,3.707875,7.0,5,1
2023-04-09,669923,23,4,0,7.110434782608696,23.0,19,1
2023-04-09,670059,3,1,0,0.128,3.0,2,0
2023-04-09,670167,3,1,0,0.126,2.0,1,0
2023-04-09,670174,3,1,0,0.199,3.0,2,0
2023-04-09,670280,4,2,0,0.865,4.0,2,0
2023-04-09,670810,7,1,1,3.428403,7.0,5,1
2023-04-09,670912,25,5,0,5.292,23.0,19,0
2023-04-09,670950,5,2,2,2.3188060000000004,5.0,1,0
2023-04-09,671345,4,2,0,0.325,4.0,2,0
2023-04-09,672282,23,5,2,8.06026752173913,23.0,15,1
2023-04-09,672578,3,1,1,0.7089030000000001,3.0,1,0
2023-04-09,672841,3,0,1,1.353903,3.0,2,0
2023-04-09,675627,22,4,1,8.350250222222222,22.0,17,1
2023-04-09,675916,3,2,0,0.04,3.0,1,0
2023-04-09,676710,20,6,0,5.258299999999999,20.0,14,1
2023-04-09,676760,2,1,0,0.002,2.0,1,0
2023-04-09,680704,5,3,1,0.425,4.0,1,0
2023-04-09,681806,5,1,0,1.191,5.0,4,0
2023-04-09,682120,1,0,0,0.06,1.0,1,0
2023-04-09,682171,4,0,2,0.34199999999999997,2.0,2,0
2023-04-09,686613,24,7,2,4.087811,24.0,14,0
2023-04-09,689266,23,3,1,11.329606957528958,23.0,19,6
2023-04-10,425844,22,3,1,7.588566837011885,21.0,17,2
2023-04-10,445926,2,0,0,1.5633833333333338,2.0,2,1
2023-04-10,453286,18,6,3,4.1287590000000005,18.0,9,0
2023-04-10,455119,4,0,0,1.923522727272727,4.0,4,1
2023-04-10,489119,23,3,3,7.300829689655172,23.0,17,1
2023-04-10,493603,4,3,0,0.646,4.0,1,0
2023-04-10,502043,24,4,3,8.014398393939395,24.0,17,1
2023-04-10,502085,3,2,0,0.013,3.0,1,0
2023-04-10,502202,5,0,0,1.767005,5.0,4,0
2023-04-10,506433,27,5,1,6.553908,27.0,20,0
2023-04-10,519043,4,1,1,1.5404030000000002,4.0,2,1
2023-04-10,543518,3,1,0,0.4909285714285715,3.0,2,0
2023-04-10,544727,4,0,1,2.573362459459459,4.0,3,1
2023-04-10,571578,25,3,3,10.373586551020407,25.0,19,1
2023-04-10,571656,3,2,0,0.361,3.0,1,0
2023-04-10,571760,20,10,2,3.9168060000000002,20.0,8,0
2023-04-10,571882,1,0,0,1.808444444444444,1.0,1,1
2023-04-10,571927,26,4,2,8.597806,26.0,20,0
2023-04-10,572403,6,2,0,0.9544545454545453,5.0,3,0
2023-04-10,573124,3,0,1,1.305903,3.0,2,0
2023-04-10,573204,3,1,0,0.44,3.0,2,0
2023-04-10,592767,18,7,1,3.759903,18.0,10,0
2023-04-10,593334,17,0,5,5.4115150000000005,17.0,12,0
2023-04-10,593619,3,1,0,0.9400000000000001,3.0,2,0
2023-04-10,594580,2,0,1,0.823903,2.0,1,0
2023-04-10,595928,5,1,2,1.7278060000000002,5.0,2,0
2023-04-10,601713,20,6,2,6.387811631349782,20.0,12,2
2023-04-10,605155,10,1,1,2.609903,10.0,8,0
2023-04-10,605177,3,3,0,0.0,3.0,0,0
2023-04-10,605218,3,2,0,0.5060588235294117,3.0,1,0
2023-04-10,605242,5,1,0,3.4762500000000003,4.0,3,1
2023-04-10,607481,3,1,0,0.7830050000000001,3.0,1,0
2023-04-10,607755,13,1,0,4.152005,13.0,11,0
2023-04-10,608566,18,4,0,4.232,18.0,14,0
2023-04-10,608665,4,1,0,0.975,4.0,3,0
2023-04-10,608717,3,1,0,0.291,3.0,2,0
2023-04-10,608718,8,1,0,1.363,8.0,7,0
2023-04-10,621016,5,1,0,3.2100264705882346,5.0,4,1
2023-04-10,621345,5,0,0,2.444,5.0,5,1
2023-04-10,621363,6,1,2,2.3551393333333337,6.0,3,0
2023-04-10,621381,20,6,1,4.632826076923077,20.0,13,1
2023-04-10,622075,4,0,0,2.2380050000000002,4.0,3,0
2023-04-10,622098,4,2,1,1.228903,4.0,1,0
2023-04-10,622491,25,5,2,9.313278972972974,25.0,18,1
2023-04-10,623149,3,1,0,0.129,3.0,2,0
2023-04-10,623433,5,1,0,2.47654,5.0,4,1
2023-04-10,623437,4,1,0,0.523,4.0,3,0
2023-04-10,623474,3,0,0,0.206,3.0,3,0
2023-04-10,624522,5,1,2,1.603806,5.0,2,0
2023-04-10,625643,4,3,0,0.222,4.0,1,0
2023-04-10,628317,26,3,0,8.045426576576576,26.0,23,2
2023-04-10,628711,23,8,2,4.839806,23.0,13,0
2023-04-10,640444,12,3,3,3.7747090000000005,12.0,6,0
2023-04-10,640448,3,1,0,0.683,3.0,2,0
2023-04-10,640451,4,2,1,0.796903,4.0,1,0
2023-04-10,640470,4,0,0,0.796,4.0,4,0
2023-04-10,641329,2,2,0,0.0,2.0,0,0
2023-04-10,641540,7,2,0,0.5199999999999999,7.0,5,0
2023-04-10,641656,10,3,3,4.847618090909092,10.0,4,1
2023-04-10,642100,3,1,0,0.209,3.0,2,0
2023-04-10,642239,3,0,0,0.656,3.0,3,0
2023-04-10,642585,4,3,0,0.274,4.0,1,0
2023-04-10,642758,5,1,0,1.474,5.0,4,0
2023-04-10,642770,5,0,0,1.807,5.0,5,0
2023-04-10,643410,3,0,0,1.2189999999999999,3.0,3,1
2023-04-10,645261,23,4,1,9.766612491525425,23.0,18,2
2023-04-10,656222,7,2,0,0.904,7.0,5,0
2023-04-10,656271,7,1,0,2.2877727272727273,7.0,6,1
2023-04-10,656302,25,6,2,7.9767088571428575,25.0,15,1
2023-04-10,656353,13,3,0,4.343,13.0,10,0
2023-04-10,656578,4,3,0,0.7551923076923079,4.0,1,1
2023-04-10,656970,23,2,1,11.133547444444446,23.0,20,2
2023-04-10,657277,24,6,1,9.05008673015873,24.0,17,3
2023-04-10,657612,3,0,0,1.5470000000000002,3.0,3,0
2023-04-10,660761,23,2,1,5.593303000000001,22.0,20,0
2023-04-10,661403,3,2,0,0.072,3.0,1,0
2023-04-10,661527,3,1,0,1.781877551020408,3.0,2,1
2023-04-10,663546,11,5,0,3.9376212121212113,11.0,6,2
2023-04-10,663558,8,2,2,1.8248060000000002,8.0,4,0
2023-04-10,664076,3,1,0,0.33499999999999996,3.0,2,0
2023-04-10,664126,3,1,0,0.24,3.0,2,0
2023-04-10,664208,3,1,0,0.645,3.0,2,0
2023-04-10,664285,27,5,5,9.530858461538461,27.0,16,1
2023-04-10,664747,4,2,1,0.697903,4.0,1,0
2023-04-10,664875,8,1,2,2.816306,8.0,5,0
2023-04-10,665665,7,2,1,2.721903,7.0,4,0
2023-04-10,666168,3,0,0,0.918005,3.0,2,0
2023-04-10,666374,2,1,0,0.887,2.0,1,0
2023-04-10,667427,3,3,0,0.0,3.0,0,0
2023-04-10,668678,24,11,1,2.907903,23.0,11,0
2023-04-10,668868,3,0,0,1.623,3.0,3,0
2023-04-10,668933,25,7,3,7.053163545454545,25.0,15,1
2023-04-10,669060,7,3,0,0.652,7.0,4,0
2023-04-10,669276,4,1,0,0.658,3.0,3,0
2023-04-10,669395,8,1,4,3.380612,8.0,3,0
2023-04-10,669424,3,2,0,0.037,3.0,1,0
2023-04-10,669456,27,4,3,11.113567974358975,27.0,20,2
2023-04-10,669796,10,1,1,4.33847619047619,9.0,8,1
2023-04-10,670174,7,1,0,0.5660000000000001,7.0,6,0
2023-04-10,672335,5,2,0,1.525,5.0,3,0
2023-04-10,672710,23,3,4,10.419389727272728,22.0,15,1
2023-04-10,675916,4,2,0,0.8390000000000001,4.0,2,0
2023-04-10,676596,13,5,0,1.422625,13.0,8,0
2023-04-10,676664,20,4,1,8.758339497079966,20.0,14,5
2023-04-10,681911,5,2,0,2.207,5.0,3,0
2023-04-10,681987,5,1,0,1.1780000000000002,5.0,4,0
2023-04-10,686842,7,0,3,2.782709,7.0,4,0
2023-04-10,693821,24,7,1,6.00036245945946,24.0,16,1
2023-04-11,445926,4,1,0,0.936,4.0,3,0
2023-04-11,458681,25,10,0,6.963,25.0,15,1
2023-04-11,472610,4,0,0,1.2187999999999999,4.0,4,1
2023-04-11,518397,2,1,0,0.246,2.0,1,0
2023-04-11,518489,3,1,0,0.258,3.0,2,0
2023-04-11,518585,6,2,0,2.0117407407407404,6.0,4,1
2023-04-11,518617,3,0,1,0.7499030000000001,3.0,2,0
2023-04-11,518876,22,7,4,7.98272689010989,22.0,10,1
2023-04-11,518886,3,1,1,0.8609030000000001,3.0,1,0
2023-04-11,519151,4,1,0,1.8584000000000003,4.0,3,1
2023-04-11,519293,5,2,1,0.44599999999999995,4.0,2,0
2023-04-11,542914,3,0,0,0.469,3.0,3,0
2023-04-11,542947,4,1,0,1.284111111111111,4.0,3,1
2023-04-11,543037,26,3,2,8.692406,25.0,20,0
2023-04-11,543056,3,3,0,0.0,3.0,0,0
2023-04-11,543475,28,4,2,9.585926689655173,28.0,22,1
2023-04-11,543507,6,2,1,3.735780551020408,6.0,3,1
2023-04-11,543859,10,3,0,2.3049999999999997,10.0,7,0
2023-04-11,547973,3,1,0,0.656,3.0,2,0
2023-04-11,548384,4,0,0,1.3946049999999999,4.0,3,0
2023-04-11,554340,4,2,0,0.843,4.0,2,0
2023-04-11,570666,19,1,2,10.105617904761905,19.0,16,3
2023-04-11,571479,8,2,1,3.763950619047619,8.0,5,0
2023-04-11,571670,4,0,2,1.9658060000000002,4.0,2,0
2023-04-11,571882,5,2,2,1.999806,5.0,1,0
2023-04-11,571945,27,3,2,14.4392435,27.0,21,3
2023-04-11,571946,4,0,1,1.338903,4.0,3,0
2023-04-11,572955,7,0,2,4.168100117647059,6.0,5,1
2023-04-11,573204,1,1,0,0.0,1.0,0,0
2023-04-11,592094,3,0,0,1.2544594594594596,3.0,3,1
2023-04-11,592773,3,1,0,0.50925,3.0,2,0
2023-04-11,594580,4,1,1,1.4219080000000002,4.0,1,0
2023-04-11,594798,27,9,0,5.930362580645161,27.0,18,2
2023-04-11,596001,5,1,0,3.0003548387096775,5.0,3,1
2023-04-11,600917,6,0,2,1.7179030000000002,5.0,4,0
2023-04-11,605130,5,0,1,3.0299188730158733,5.0,4,2
2023-04-11,605154,4,1,1,0.7199030000000001,4.0,2,0
2023-04-11,605400,26,6,0,8.161416212121212,26.0,20,3
2023-04-11,606149,4,2,0,0.6033333333333333,4.0,2,0
2023-04-11,606160,5,2,0,1.2770000000000001,5.0,3,0
2023-04-11,606303,5,0,1,1.6369030000000002,5.0,4,0
2023-04-11,607237,3,0,1,0.811903,3.0,2,0
2023-04-11,607455,4,2,2,1.391806,4.0,0,0
2023-04-11,607536,24,5,2,8.443448713133641,23.0,16,3
2023-04-11,608032,4,0,1,1.232903,4.0,3,0
2023-04-11,608723,9,1,0,3.854295454545455,9.0,8,1
2023-04-11,612434,5,0,1,2.054903,5.0,4,0
2023-04-11,614179,6,1,0,1.9125999999999999,6.0,5,0
2023-04-11,621051,5,2,2,1.442806,5.0,1,0
2023-04-11,621074,10,3,0,3.420459459459459,10.0,7,1
2023-04-11,621249,3,0,0,0.145,3.0,3,0
2023-04-11,622065,4,1,0,1.3679999999999999,4.0,3,0
2023-04-11,622072,20,5,3,6.002638288645691,19.0,9,1
2023-04-11,623167,18,1,2,7.515811115089514,18.0,15,2
2023-04-11,623211,10,4,1,2.502903,10.0,5,0
2023-04-11,623352,6,2,2,2.118806,6.0,2,0
2023-04-11,623433,3,1,0,0.63,3.0,2,0
2023-04-11,623465,6,3,0,3.471085079365079,6.0,3,3
2023-04-11,625643,3,2,0,0.192,3.0,1,0
2023-04-11,640470,6,1,0,0.8109999999999999,5.0,4,0
2023-04-11,641154,27,10,1,5.175903,27.0,16,0
2023-04-11,641329,3,1,0,0.060000000000000005,3.0,2,0
2023-04-11,641401,4,1,0,1.0233333333333332,4.0,3,0
2023-04-11,641627,8,2,0,3.0423275806451615,8.0,5,1
2023-04-11,641703,3,1,0,0.186,3.0,2,0
2023-04-11,641729,4,1,1,3.3669029999999998,4.0,2,1
2023-04-11,641871,4,3,0,0.141,4.0,1,0
2023-04-11,642397,2,0,1,0.8509030000000001,2.0,1,0
2023-04-11,642546,3,0,1,1.488903,3.0,2,0
2023-04-11,642578,13,1,1,4.847763465116279,12.0,10,2
2023-04-11,642701,5,1,0,2.0474000000000006,5.0,4,1
2023-04-11,643361,6,0,2,3.4070118823529416,6.0,4,1
2023-04-11,643377,3,0,0,0.355,3.0,3,0
2023-04-11,643410,4,2,0,1.4758297872340425,4.0,2,1
2023-04-11,643511,3,1,0,0.095,3.0,2,0
2023-04-11,647315,5,2,0,0.593,5.0,3,0
2023-04-11,650671,3,0,0,0.277,3.0,3,0
2023-04-11,650893,5,3,0,0.156,5.0,2,0
2023-04-11,650895,7,0,1,2.803903,7.0,6,0
2023-04-11,656061,8,1,0,0.906,8.0,7,0
2023-04-11,656234,5,0,1,1.476903,5.0,4,0
2023-04-11,656605,26,7,2,9.542724642951251,26.0,17,3
2023-04-11,656849,24,6,2,5.975806,23.0,16,0
2023-04-11,657024,4,2,1,0.695903,3.0,0,0
2023-04-11,657044,5,0,1,1.688903,5.0,4,0
2023-04-11,657140,19,3,4,6.8986220000000005,19.0,10,0
2023-04-11,657240,8,2,0,1.094,8.0,6,0
2023-04-11,657571,3,1,0,0.462,3.0,2,0
2023-04-11,657756,1,0,0,0.011,1.0,1,0
2023-04-11,659275,6,3,1,1.8787327872340422,6.0,2,1
2023-04-11,660271,27,6,5,7.68952,27.0,15,0
2023-04-11,660593,5,2,0,0.933,5.0,3,0
2023-04-11,660813,2,0,1,1.033903,2.0,1,0
2023-04-11,661395,4,3,0,0.976860465116279,4.0,1,1
2023-04-11,663556,21,9,4,5.181554857142857,21.0,8,1
2023-04-11,663658,6,2,0,1.6894,6.0,4,0
2023-04-11,664076,2,0,0,0.125,2.0,2,0
2023-04-11,664299,25,3,1,10.186735248020796,24.0,19,3
2023-04-11,664854,5,2,0,0.671,5.0,3,0
2023-04-11,666142,2,0,0,0.7732173913043479,2.0,2,1
2023-04-11,666159,25,3,1,9.980838574712644,25.0,21,5
2023-04-11,666200,26,5,1,8.10799890909091,26.0,19,1
2023-04-11,666201,22,3,5,10.66668387829152,22.0,14,2
2023-04-11,666204,7,2,1,3.02,6.0,4,1
2023-04-11,666205,22,3,3,9.563326241379311,21.0,16,2
2023-04-11,666808,4,2,1,1.402903,4.0,1,0
2023-04-11,667427,4,1,0,0.48300000000000004,4.0,3,0
2023-04-11,669160,21,3,4,6.265082588235295,21.0,14,2
2023-04-11,669203,26,8,0,3.964,26.0,18,0
2023-04-11,669276,2,1,0,0.006,2.0,1,0
2023-04-11,669438,11,4,1,5.698584347962382,11.0,6,2
2023-04-11,669459,1,0,0,0.176,1.0,1,0
2023-04-11,669713,15,0,4,8.675145333333333,15.0,11,1
2023-04-11,669947,1,0,0,0.309,1.0,1,0
2023-04-11,670059,4,1,0,1.081,4.0,3,0
2023-04-11,670280,7,1,1,1.6760000000000002,6.0,5,0
2023-04-11,670810,5,2,0,1.701,5.0,3,0
2023-04-11,672391,7,2,1,4.300521768328446,7.0,4,2
2023-04-11,672578,3,1,1,0.7549030000000001,3.0,1,0
2023-04-11,672841,4,1,0,2.2244,4.0,3,1
2023-04-11,675540,16,3,1,4.204903,16.0,12,0
2023-04-11,676477,23,5,0,8.877141025641027,21.0,16,4
2023-04-11,676534,6,1,0,3.413923076923077,6.0,5,1
2023-04-11,677960,18,3,2,4.417806000000001,18.0,13,0
2023-04-11,680570,23,6,4,10.021422000000001,23.0,13,2
2023-04-11,680686,23,3,2,8.499936,23.0,16,2
2023-04-11,682120,6,1,0,1.26,6.0,5,0
2023-04-11,683769,20,3,2,7.381061,20.0,14,0
2023-04-12,448179,25,0,2,8.70596225,25.0,23,1
2023-04-12,453178,3,1,0,0.224,3.0,2,0
2023-04-12,455119,4,1,0,1.374,4.0,3,0
2023-04-12,476595,9,3,1,2.701903,9.0,5,0
2023-04-12,477132,25,4,2,5.730823857142858,25.0,19,1
2023-04-12,489446,4,1,1,1.6400794705882353,4.0,2,0
2023-04-12,493603,3,0,1,1.2019030000000002,3.0,2,0
2023-04-12,502085,6,2,0,2.387,6.0,4,1
2023-04-12,502171,19,2,1,8.115841311688312,19.0,16,1
2023-04-12,502202,6,2,1,2.870903,6.0,3,0
2023-04-12,518397,6,0,0,4.621113664596273,6.0,6,2
2023-04-12,518489,5,1,0,0.79,5.0,4,0
2023-04-12,518617,1,0,0,0.159,1.0,1,0
2023-04-12,518886,2,1,0,0.263,2.0,1,0
2023-04-12,519043,3,0,0,1.6405471698113203,3.0,3,1
2023-04-12,519242,22,6,2,7.857848857142858,22.0,14,1
2023-04-12,541640,3,1,0,0.573,3.0,2,0
2023-04-12,542585,1,0,0,0.068,1.0,1,0
2023-04-12,543135,25,7,0,8.028384615384615,25.0,18,0
2023-04-12,543243,20,5,2,3.7868060000000003,20.0,13,0
2023-04-12,543272,2,2,0,0.0,2.0,0,0
2023-04-12,543518,4,1,1,0.768903,4.0,2,0
2023-04-12,544727,4,0,0,1.4689999999999999,4.0,4,0
2023-04-12,548384,4,0,0,2.034005,4.0,3,0
2023-04-12,548389,14,6,2,5.471052414602347,14.0,6,2
2023-04-12,554430,24,6,3,6.491642333333333,24.0,15,0
2023-04-12,570632,21,6,1,6.530303,21.0,14,1
2023-04-12,571656,4,2,0,0.9653846153846155,4.0,2,0
2023-04-12,571670,3,2,0,0.064,3.0,1,0
2023-04-12,571901,3,0,0,1.409,3.0,3,0
2023-04-12,571948,4,1,0,0.895,4.0,3,0
2023-04-12,572193,4,1,0,0.861,4.0,3,0
2023-04-12,572403,4,0,1,2.867903,4.0,3,0
2023-04-12,573124,4,0,4,2.783612,4.0,0,0
2023-04-12,573186,25,6,2,7.022806,25.0,17,0
2023-04-12,592094,3,2,0,0.442,3.0,1,0
2023-04-12,592332,29,11,0,6.777988094036929,28.0,17,3
2023-04-12,592741,4,0,0,1.3835000000000002,3.0,4,1
2023-04-12,593576,4,2,1,1.3229030000000002,4.0,1,0
2023-04-12,593958,23,3,1,7.112236333333334,23.0,19,0
2023-04-12,593974,3,0,0,0.595,3.0,3,0
2023-04-12,605154,3,1,0,1.1685,3.0,2,1
2023-04-12,605177,3,0,0,0.627,3.0,3,0
2023-04-12,605218,3,0,0,1.032,3.0,3,0
2023-04-12,605242,4,1,0,1.534,3.0,2,0
2023-04-12,605280,6,1,2,2.308811,6.0,2,0
2023-04-12,605347,4,0,0,1.2690000000000001,4.0,4,0
2023-04-12,605447,4,0,1,1.0279030000000002,4.0,3,0
2023-04-12,605483,25,5,5,9.769015,25.0,15,1
2023-04-12,606149,2,2,0,0.0,2.0,0,0
2023-04-12,607481,4,1,0,1.6190000000000002,4.0,3,0
2023-04-12,608328,9,1,1,3.822903,9.0,7,0
2023-04-12,608337,26,7,2,6.507211,26.0,16,0
2023-04-12,608718,6,3,0,1.4729999999999999,6.0,3,0
2023-04-12,612434,5,0,0,1.5818333333333334,5.0,5,0
2023-04-12,621016,1,1,0,0.0,1.0,0,0
2023-04-12,621237,6,2,0,3.273232142857143,6.0,4,3
2023-04-12,621345,3,1,0,0.041999999999999996,3.0,2,0
2023-04-12,621363,2,0,0,1.0673529411764704,2.0,2,1
2023-04-12,621368,12,1,2,5.218806,12.0,9,1
2023-04-12,622075,6,0,0,1.763,6.0,6,0
2023-04-12,622098,5,2,2,1.5628060000000001,5.0,1,0
2023-04-12,622259,3,0,1,1.771908,3.0,1,0
2023-04-12,622554,4,0,0,1.0899999999999999,4.0,4,0
2023-04-12,623149,4,1,0,1.6313833333333336,4.0,3,1
2023-04-12,623437,3,1,0,0.11800000000000001,3.0,2,0
2023-04-12,623465,4,3,0,0.917,4.0,1,0
2023-04-12,640451,3,1,1,1.195903,3.0,1,0
2023-04-12,640462,7,2,0,0.899,7.0,5,0
2023-04-12,641360,4,2,0,1.7945333333333333,4.0,2,1
2023-04-12,641703,9,1,2,2.672806,8.0,6,0
2023-04-12,641745,25,7,1,6.344283,25.0,16,1
2023-04-12,641835,3,0,0,0.426,3.0,3,0
2023-04-12,641871,4,2,0,1.752,4.0,2,0
2023-04-12,642232,4,0,0,0.5980000000000001,4.0,4,0
2023-04-12,642397,5,3,1,1.5589744285714286,5.0,1,1
2023-04-12,642546,3,2,0,0.064,3.0,1,0
2023-04-12,642770,4,0,0,1.681,4.0,4,0
2023-04-12,643377,4,0,1,1.053903,4.0,3,0
2023-04-12,650556,5,2,1,1.371903,5.0,2,0
2023-04-12,650633,6,1,0,0.8739999999999999,6.0,5,0
2023-04-12,650671,3,1,0,0.081,3.0,2,0
2023-04-12,656222,4,1,0,0.7225384615384615,4.0,3,0
2023-04-12,656288,20,4,0,6.21383462962963,20.0,15,2
2023-04-12,656427,20,6,1,3.952903,20.0,13,0
2023-04-12,656464,4,1,1,1.1739030000000001,4.0,2,0
2023-04-12,656638,3,2,0,0.139,3.0,1,0
2023-04-12,656731,20,3,3,7.447709,20.0,14,1
2023-04-12,656945,3,1,0,0.356,3.0,2,0
2023-04-12,657044,4,0,0,1.5224,4.0,4,0
2023-04-12,657240,5,2,0,3.956733333333333,5.0,3,2
2023-04-12,657376,18,3,1,7.439266636363637,18.0,14,1
2023-04-12,657508,6,0,0,2.072214285714286,6.0,6,0
2023-04-12,657612,4,1,0,0.488,4.0,3,0
2023-04-12,657756,7,0,2,2.226903,6.0,5,0
2023-04-12,660896,3,0,0,0.229,3.0,3,0
2023-04-12,661395,4,0,0,2.3903541666666666,4.0,4,1
2023-04-12,661403,5,1,0,1.1992962962962963,5.0,4,1
2023-04-12,663385,7,3,0,0.91,7.0,4,0
2023-04-12,663986,4,1,0,2.317,4.0,3,1
2023-04-12,664126,4,0,0,0.556,4.0,4,0
2023-04-12,664139,5,2,2,1.817806,5.0,1,0
2023-04-12,664199,3,2,0,0.049,3.0,1,0
2023-04-12,664294,6,0,2,4.909110347826087,6.0,4,1
2023-04-12,664353,22,2,3,6.369843285714286,21.0,16,1
2023-04-12,664854,3,2,0,0.058,3.0,1,0
2023-04-12,664875,5,2,0,1.7313636363636369,5.0,3,1
2023-04-12,665152,21,1,2,9.74215210920526,21.0,17,3
2023-04-12,665795,22,4,1,5.403285536382536,22.0,17,2
2023-04-12,666168,8,1,1,3.297903,8.0,6,0
2023-04-12,666374,1,0,0,0.134,1.0,1,0
2023-04-12,666619,2,0,0,0.598,2.0,2,0
2023-04-12,666818,4,0,1,2.034903,4.0,3,0
2023-04-12,668868,3,1,1,1.223903,3.0,1,0
2023-04-12,668881,26,10,0,5.4214335714285715,26.0,15,1
2023-04-12,669022,18,6,4,5.382612,18.0,8,0
2023-04-12,669211,5,2,0,1.631,5.0,3,0
2023-04-12,669302,25,7,1,4.929903,25.0,17,0
2023-04-12,669459,5,3,0,0.792,5.0,2,0
2023-04-12,669467,3,0,0,0.317,3.0,3,0
2023-04-12,669796,4,1,0,0.524,4.0,3,0
2023-04-12,669854,4,2,1,0.695903,3.0,0,0
2023-04-12,670167,4,2,1,0.899903,4.0,1,0
2023-04-12,670810,1,0,0,0.051,1.0,1,0
2023-04-12,671345,3,1,0,0.246,3.0,2,0
2023-04-12,671737,20,8,1,3.9459030000000004,20.0,11,0
2023-04-12,672335,10,0,1,3.581903,9.0,9,0
2023-04-12,675911,21,9,2,6.153339333333333,21.0,10,1
2023-04-12,675916,3,1,0,0.9457777777777776,3.0,2,1
2023-04-12,676083,24,2,2,8.68733703448276,24.0,19,2
2023-04-12,676760,5,2,2,1.9818060000000002,5.0,1,0
2023-04-12,677053,3,3,0,0.0,3.0,0,0
2023-04-12,677161,6,1,1,4.112741333333334,6.0,3,1
2023-04-12,680704,4,1,1,1.118903,4.0,2,0
2023-04-12,681402,7,0,0,3.5440714285714288,7.0,7,2
2023-04-12,685410,18,3,0,5.4611256410256415,17.0,14,1
2023-04-12,686610,26,4,3,7.075709,26.0,19,0
2023-04-12,686753,14,4,0,2.839714285714286,14.0,10,0
2023-04-13,446372,19,7,1,4.140079470588235,19.0,11,1
2023-04-13,456713,5,2,1,2.0132172857142856,5.0,2,1
2023-04-13,472610,4,1,1,1.019903,4.0,2,0
2023-04-13,542585,3,1,0,0.9620000000000001,3.0,2,0
2023-04-13,542914,6,2,1,1.73,5.0,3,0
2023-04-13,542947,6,0,0,2.088005,6.0,5,0
2023-04-13,543056,4,2,0,0.33599999999999997,4.0,2,0
2023-04-13,543507,1,0,0,1.3822264150943395,1.0,1,1
2023-04-13,571479,2,0,0,0.904,2.0,2,0
2023-04-13,571882,7,4,1,1.000903,7.0,2,0
2023-04-13,592741,4,1,0,0.9630000000000001,4.0,3,0
2023-04-13,592826,24,6,2,7.469572666666666,24.0,16,3
2023-04-13,605135,25,7,3,8.076544256410257,25.0,14,2
2023-04-13,605155,16,2,1,6.594318270655271,16.0,13,5
2023-04-13,605488,10,5,0,1.8865000000000003,10.0,5,1
2023-04-13,605513,23,6,1,6.536534578947368,23.0,16,1
2023-04-13,606303,4,1,0,0.8,4.0,3,0
2023-04-13,607067,19,6,1,5.085541461538461,19.0,12,1
2023-04-13,607259,26,2,3,9.151219117434508,26.0,21,2
2023-04-13,607755,7,1,1,2.040823,7.0,5,1
2023-04-13,608344,20,4,2,9.726877649616368,19.0,12,2
2023-04-13,608717,5,1,1,1.478903,5.0,3,0
2023-04-13,608723,9,1,0,3.3928000000000003,9.0,8,1
2023-04-13,621051,3,0,0,1.27,3.0,3,0
2023-04-13,621249,3,2,0,0.183,3.0,1,0
2023-04-13,622065,6,2,0,1.3516666666666666,6.0,4,0
2023-04-13,622772,3,1,0,0.27,3.0,2,0
2023-04-13,623352,3,1,0,0.083,3.0,2,0
2023-04-13,641329,3,1,1,0.7239030000000001,3.0,1,0
2023-04-13,641656,11,6,1,1.219903,11.0,4,0
2023-04-13,641835,2,0,0,0.365,2.0,2,0
2023-04-13,642207,3,3,0,0.0,3.0,0,0
2023-04-13,642585,3,2,0,0.3885,3.0,1,0
2023-04-13,643256,4,0,1,1.071903,4.0,3,0
2023-04-13,643396,4,0,0,1.5434545454545454,4.0,4,0
2023-04-13,650893,5,3,0,2.3246111607142854,5.0,2,2
2023-04-13,656638,3,1,0,0.14100000000000001,3.0,2,0
2023-04-13,656756,27,5,2,7.599806,27.0,20,0
2023-04-13,657265,5,1,0,1.638,5.0,4,0
2023-04-13,657612,5,1,1,1.7989030000000001,5.0,3,0
2023-04-13,657746,24,10,0,2.8797916666666667,24.0,14,0
2023-04-13,661309,12,5,1,2.197903,12.0,6,0
2023-04-13,663485,7,2,0,3.239584835630965,7.0,5,2
2023-04-13,663559,22,4,1,6.708903,22.0,17,0
2023-04-13,663855,3,0,2,1.986806,3.0,1,1
2023-04-13,664076,4,1,2,2.072306,4.0,1,0
2023-04-13,664294,4,2,0,1.0050000000000001,4.0,2,0
2023-04-13,664747,1,1,0,0.0,1.0,0,0
2023-04-13,666157,24,6,2,8.066606,24.0,16,2
2023-04-13,666204,4,0,0,0.839,4.0,4,0
2023-04-13,666745,9,0,1,6.002669779661018,9.0,8,2
2023-04-13,667427,4,0,0,1.321,4.0,4,0
2023-04-13,668754,10,4,1,1.565903,10.0,5,0
2023-04-13,670059,6,0,1,2.8049030000000004,6.0,5,0
2023-04-13,670124,17,2,1,9.174880222222223,17.0,13,1
2023-04-13,670950,4,1,0,1.4478383333333333,4.0,2,0
2023-04-13,671345,3,1,0,1.052,3.0,2,0
2023-04-13,676710,11,2,0,2.9542333333333337,11.0,9,1
2023-04-13,686842,7,1,1,3.1849130000000003,7.0,3,0
2023-04-13,687330,11,2,0,2.5240050000000003,11.0,8,0
2023-04-14,445276,4,3,0,0.705,4.0,1,0
2023-04-14,450203,27,5,2,8.929630718309859,27.0,19,2
2023-04-14,502202,3,1,0,0.242,3.0,2,0
2023-04-14,518397,3,1,0,0.208,3.0,2,0
2023-04-14,518516,25,1,1,10.668389590038315,25.0,23,3
2023-04-14,518585,9,4,0,3.102483870967742,9.0,5,1
2023-04-14,518617,3,1,2,1.391806,3.0,0,0
2023-04-14,519293,4,3,0,0.018,4.0,1,0
2023-04-14,527048,23,4,4,8.437735333333332,23.0,15,1
2023-04-14,542208,5,0,1,2.345903,5.0,4,0
2023-04-14,542585,5,1,0,1.6219999999999999,5.0,4,0
2023-04-14,543272,3,2,0,0.746,3.0,1,0
2023-04-14,543548,19,3,2,5.870872666666667,19.0,14,2
2023-04-14,544727,8,2,4,3.373237,8.0,2,0
2023-04-14,554340,5,1,0,3.281368861024033,5.0,4,2
2023-04-14,571670,3,1,0,0.4008333333333333,3.0,2,0
2023-04-14,571901,8,1,1,2.790913,8.0,4,0
2023-04-14,572403,3,0,0,1.0350000000000001,3.0,3,0
2023-04-14,592773,4,1,1,0.774903,4.0,2,0
2023-04-14,592789,26,9,2,6.897831518341309,26.0,15,3
2023-04-14,592836,24,4,2,5.4681367017543865,24.0,18,0
2023-04-14,592866,21,2,2,7.541269333333334,21.0,16,1
2023-04-14,593619,5,0,2,1.718806,5.0,3,0
2023-04-14,593974,4,2,1,0.894903,4.0,1,0
2023-04-14,594580,1,0,0,0.336,1.0,1,0
2023-04-14,595928,3,1,0,0.021,3.0,2,0
2023-04-14,596001,16,4,3,7.068209,16.0,9,1
2023-04-14,596112,2,1,0,0.002,2.0,1,0
2023-04-14,596295,21,2,4,10.710716813664598,21.0,15,2
2023-04-14,600917,3,0,0,0.734,3.0,3,0
2023-04-14,605182,22,5,5,5.655515,22.0,12,0
2023-04-14,605218,8,1,2,2.699998307692308,8.0,5,1
2023-04-14,605280,5,0,1,1.993903,5.0,4,0
2023-04-14,605347,4,2,0,0.5569999999999999,4.0,2,0
2023-04-14,605447,3,1,0,0.326,3.0,2,0
2023-04-14,606149,3,1,0,0.635,3.0,2,0
2023-04-14,607237,4,2,1,0.7459030000000001,4.0,1,0
2023-04-14,608379,23,3,1,10.887606094009897,23.0,19,3
2023-04-14,615698,28,3,2,9.151404484848484,28.0,23,1
2023-04-14,621016,5,2,1,2.705903,5.0,2,1
2023-04-14,621074,3,1,0,0.7110000000000001,3.0,2,0
2023-04-14,621076,22,4,7,9.185821,22.0,11,1
2023-04-14,621237,4,3,0,0.13,4.0,1,0
2023-04-14,621244,19,6,0,5.528226415094339,19.0,13,1
2023-04-14,621249,5,1,1,2.939903,5.0,3,0
2023-04-14,621363,3,0,2,1.4498060000000002,3.0,1,0
2023-04-14,622251,3,1,0,0.9242666666666666,3.0,2,1
2023-04-14,622503,14,1,2,6.044691583524028,14.0,11,2
2023-04-14,622554,5,1,1,2.324903,5.0,3,0
2023-04-14,623149,3,2,0,0.173,3.0,1,0
2023-04-14,623211,3,0,0,0.556,3.0,3,0
2023-04-14,623437,4,1,0,0.449,3.0,2,0
2023-04-14,623474,5,1,0,2.5585178571428573,5.0,4,1
2023-04-14,625643,5,0,1,1.9519030000000002,5.0,4,0
2023-04-14,630023,14,2,1,3.941845857142858,14.0,11,1
2023-04-14,640451,8,3,2,3.9486906153846153,8.0,3,1
2023-04-14,640455,15,4,1,6.228175727272728,15.0,10,1
2023-04-14,640462,4,0,0,1.5801052631578947,4.0,4,0
2023-04-14,641302,4,0,0,0.822,4.0,4,0
2023-04-14,641401,5,0,1,1.3773575454545455,5.0,4,0
2023-04-14,641482,26,7,0,6.523237272727274,26.0,17,2
2023-04-14,641525,3,0,0,0.245,3.0,3,0
2023-04-14,641540,6,1,0,2.2111,6.0,5,0
2023-04-14,641627,6,0,1,2.6689030000000002,6.0,5,0
2023-04-14,641729,4,1,0,0.839,4.0,3,0
2023-04-14,641778,23,5,2,8.83818007627833,23.0,16,3
2023-04-14,641941,3,1,0,0.22399999999999998,3.0,2,0
2023-04-14,642100,2,0,0,0.26,2.0,2,0
2023-04-14,642545,7,1,2,1.9978060000000002,7.0,4,0
2023-04-14,642585,4,3,1,0.695903,4.0,0,0
2023-04-14,642701,9,2,0,3.2043000000000004,9.0,7,1
2023-04-14,643361,11,1,0,2.716005,11.0,9,0
2023-04-14,643511,4,3,1,0.695903,4.0,0,0
2023-04-14,647315,1,1,0,0.0,1.0,0,0
2023-04-14,656234,9,5,1,1.910908,9.0,2,0
2023-04-14,656557,20,6,4,4.846612,19.0,9,0
2023-04-14,656578,13,1,1,9.477227538221086,13.0,11,4
2023-04-14,656818,16,0,3,7.8470022806324105,16.0,13,3
2023-04-14,656876,23,4,4,11.391966838709678,23.0,15,2
2023-04-14,656981,12,1,0,3.5210049999999997,11.0,9,1
2023-04-14,657006,25,8,1,8.294272047619048,25.0,16,2
2023-04-14,657024,4,0,1,0.9539030000000001,4.0,3,0
2023-04-14,657508,3,2,1,0.695903,3.0,0,0
2023-04-14,659275,3,0,0,1.185,3.0,3,0
2023-04-14,660813,3,1,0,0.431,3.0,2,0
2023-04-14,661395,3,0,0,0.868,3.0,3,0
2023-04-14,661403,4,1,0,0.927,4.0,3,0
2023-04-14,661527,5,1,0,1.405,5.0,4,0
2023-04-14,663385,12,1,0,3.6180306410256415,12.0,10,1
2023-04-14,663546,2,0,0,0.521,2.0,2,0
2023-04-14,663687,8,0,5,5.0715200000000005,8.0,2,0
2023-04-14,663765,22,3,1,7.717908,22.0,17,0
2023-04-14,663776,19,6,3,5.540709,19.0,10,0
2023-04-14,663903,25,8,0,12.293566060739396,25.0,17,5
2023-04-14,663986,5,1,1,2.125903,5.0,3,0
2023-04-14,664208,4,1,0,1.216,4.0,3,0
2023-04-14,664849,3,2,0,0.01,3.0,1,0
2023-04-14,665048,3,0,0,1.8323333333333331,3.0,3,1
2023-04-14,665665,8,1,1,2.009403,8.0,6,0
2023-04-14,666214,23,7,1,7.1589030000000005,23.0,15,1
2023-04-14,666374,3,2,1,0.695903,3.0,0,0
2023-04-14,666619,5,1,1,1.654903,5.0,3,0
2023-04-14,666808,7,3,0,1.4506212121212112,6.0,4,1
2023-04-14,666974,4,1,0,0.364,4.0,3,0
2023-04-14,668665,7,2,0,3.6947142857142854,7.0,5,1
2023-04-14,668868,7,4,1,1.3189030000000002,7.0,2,0
2023-04-14,669060,13,2,0,4.887744927536232,13.0,11,2
2023-04-14,669276,3,1,0,0.877,3.0,2,0
2023-04-14,669330,22,3,1,8.668680272727274,22.0,18,1
2023-04-14,669424,6,3,0,2.7423194444444445,6.0,3,1
2023-04-14,669432,24,7,1,5.398478757575758,24.0,16,1
2023-04-14,669438,12,5,1,3.1303080000000003,12.0,5,1
2023-04-14,669854,6,1,1,2.436903,6.0,4,0
2023-04-14,670167,5,2,0,1.448,5.0,3,0
2023-04-14,670174,13,0,1,4.689955619047619,13.0,11,0
2023-04-14,670912,28,10,1,6.324903,28.0,17,0
2023-04-14,670950,4,1,0,1.0,4.0,3,0
2023-04-14,672335,3,0,1,1.5948503684210529,3.0,2,0
2023-04-14,672578,4,0,1,1.3999030000000001,4.0,3,0
2023-04-14,673540,25,7,4,9.725944096474954,25.0,14,1
2023-04-14,675916,4,2,0,0.997005,4.0,1,0
2023-04-14,677651,23,7,2,8.18455361904762,22.0,14,1
2023-04-14,682051,3,0,1,1.353903,3.0,2,0
2023-04-14,686973,25,8,1,8.485805013279075,25.0,16,3
2023-04-15,445276,3,0,0,0.424,3.0,3,0
2023-04-15,445926,3,1,0,0.9570000000000001,3.0,2,0
2023-04-15,453178,6,0,2,2.242806,6.0,4,0
2023-04-15,471911,23,3,1,7.70946516981132,23.0,16,1
2023-04-15,472610,3,1,0,0.19799999999999998,3.0,2,0
2023-04-15,489446,4,1,0,0.9397894736842105,4.0,3,0
2023-04-15,493603,5,1,2,1.581806,5.0,2,0
2023-04-15,502043,24,1,2,8.80626252173913,24.0,21,1
2023-04-15,502085,4,1,0,1.1139999999999999,3.0,3,0
2023-04-15,518489,4,1,0,1.671,4.0,3,0
2023-04-15,519043,7,3,0,1.597,7.0,4,0
2023-04-15,541640,9,1,0,3.298005,9.0,7,0
2023-04-15,542881,21,2,4,9.151924575452716,20.0,14,2
2023-04-15,542947,5,1,0,1.893005,5.0,3,0
2023-04-15,543056,4,1,0,0.825,4.0,3,0
2023-04-15,543101,26,5,0,9.028764285714287,26.0,21,3
2023-04-15,543281,10,0,1,5.1299030000000005,10.0,9,0
2023-04-15,543507,4,1,0,1.6678421052631578,4.0,3,2
2023-04-15,543518,4,0,0,2.184,4.0,4,0
2023-04-15,547179,22,6,2,8.031696718198418,22.0,14,3
2023-04-15,548384,2,1,0,0.017,2.0,1,0
2023-04-15,571479,7,2,1,2.517153,7.0,4,1
2023-04-15,571656,3,0,0,0.095,3.0,3,0
2023-04-15,571927,25,6,5,8.426515,25.0,14,1
2023-04-15,571946,4,1,1,0.9949030000000001,4.0,2,0
2023-04-15,571948,6,0,1,2.7955227183098588,6.0,5,1
2023-04-15,572193,8,1,1,3.450908,8.0,3,0
2023-04-15,572955,4,3,1,0.695903,4.0,0,0
2023-04-15,573124,1,0,0,0.05,1.0,1,0
2023-04-15,579328,23,9,1,6.067875972972973,23.0,13,1
2023-04-15,592351,8,2,1,2.193903,8.0,5,0
2023-04-15,592741,4,0,1,0.937903,4.0,3,0
2023-04-15,592791,19,7,2,4.371919821138212,19.0,10,1
2023-04-15,593334,22,11,0,4.064,22.0,11,0
2023-04-15,593619,4,0,1,2.154903,4.0,3,0
2023-04-15,596112,3,1,1,0.813903,3.0,1,0
2023-04-15,598264,4,0,0,1.1027586206896556,4.0,4,1
2023-04-15,601713,22,4,3,8.28876116981132,22.0,13,1
2023-04-15,605130,4,1,1,1.050903,4.0,2,0
2023-04-15,605154,4,0,1,1.9079030000000001,4.0,3,0
2023-04-15,605177,2,1,0,0.613,2.0,1,0
2023-04-15,605242,5,1,0,1.6818333333333333,5.0,4,0
2023-04-15,605447,6,2,0,1.311,6.0,4,0
2023-04-15,606160,6,2,2,1.8448060000000002,6.0,2,0
2023-04-15,606303,4,0,1,1.5969030000000002,4.0,3,0
2023-04-15,607455,3,0,0,2.365,3.0,3,0
2023-04-15,607481,2,0,1,0.9559030000000001,2.0,1,0
2023-04-15,607625,20,5,1,7.6969080000000005,20.0,13,0
2023-04-15,607755,5,2,1,1.593903,5.0,2,0
2023-04-15,608032,3,0,0,0.041,3.0,3,0
2023-04-15,608665,7,0,2,3.721132428571429,7.0,4,1
2023-04-15,608717,7,1,0,1.716,7.0,6,0
2023-04-15,608718,10,1,1,2.875008,10.0,7,0
2023-04-15,612434,3,0,0,1.474,3.0,3,0
2023-04-15,621051,4,1,0,0.866,4.0,3,0
2023-04-15,621381,13,6,3,4.8725568260869565,13.0,4,1
2023-04-15,621383,3,0,1,2.1693240526315787,3.0,2,1
2023-04-15,622075,5,1,2,2.059806,5.0,2,0
2023-04-15,622098,4,2,0,0.875005,4.0,1,0
2023-04-15,622250,8,0,1,2.7699030000000002,8.0,7,0
2023-04-15,622259,3,1,0,0.7251764705882353,3.0,2,0
2023-04-15,623211,3,1,0,0.031,2.0,1,0
2023-04-15,623433,4,2,0,0.349,4.0,2,0
2023-04-15,624522,7,2,1,1.6819030000000001,7.0,4,0
2023-04-15,625643,5,2,0,0.909,5.0,3,0
2023-04-15,641329,5,0,0,2.28734375,5.0,5,1
2023-04-15,641703,5,2,0,0.9219999999999999,5.0,3,0
2023-04-15,641771,23,2,3,10.1338619693217,23.0,18,2
2023-04-15,641816,21,5,3,8.343370490683231,21.0,13,3
2023-04-15,641871,4,1,1,2.117903,4.0,2,0
2023-04-15,642232,13,0,1,6.760213,13.0,10,1
2023-04-15,642239,4,0,2,1.845806,3.0,2,0
2023-04-15,642397,3,0,0,0.517,3.0,3,0
2023-04-15,642547,25,5,1,8.348023,25.0,19,1
2023-04-15,642770,5,0,3,2.117811,4.0,1,0
2023-04-15,643256,4,0,0,1.303923076923077,4.0,4,1
2023-04-15,643410,4,3,0,0.726005,4.0,0,0
2023-04-15,643511,7,1,1,1.458903,7.0,5,0
2023-04-15,650556,3,1,0,1.049,3.0,2,0
2023-04-15,650633,9,2,0,3.255,9.0,7,0
2023-04-15,650893,1,0,0,0.399,1.0,1,0
2023-04-15,650895,5,0,1,1.4899080000000002,5.0,3,0
2023-04-15,656353,1,0,0,0.047,1.0,1,0
2023-04-15,656629,23,4,4,11.211726932126696,23.0,15,3
2023-04-15,656638,4,1,1,1.025903,4.0,2,0
2023-04-15,656945,3,1,0,0.33,3.0,2,0
2023-04-15,657024,5,1,2,1.7338060000000002,5.0,2,0
2023-04-15,657571,2,2,0,0.0,2.0,0,0
2023-04-15,657612,5,1,1,1.379903,5.0,3,0
2023-04-15,657756,8,3,1,2.5899080000000003,8.0,3,0
2023-04-15,660261,25,5,2,11.251144313740857,25.0,17,4
2023-04-15,660853,4,0,0,0.496,4.0,4,0
2023-04-15,660896,10,2,1,4.802113882352941,10.0,6,1
2023-04-15,661403,3,0,0,0.388,3.0,3,0
2023-04-15,663372,19,5,3,6.258042333333333,19.0,11,1
2023-04-15,663460,25,3,1,10.539611216619981,25.0,21,2
2023-04-15,663546,4,1,0,1.066,4.0,3,0
2023-04-15,663558,6,2,1,0.7589030000000001,5.0,2,0
2023-04-15,663658,7,1,2,2.834737034482759,7.0,4,1
2023-04-15,663855,4,1,0,1.7003846153846154,4.0,3,0
2023-04-15,663947,10,2,0,2.249,10.0,8,0
2023-04-15,664294,4,1,1,1.442903,4.0,2,0
2023-04-15,664854,6,2,1,1.690903,6.0,3,0
2023-04-15,665001,10,0,1,3.9971746666666665,10.0,8,1
2023-04-15,666129,22,5,1,6.852948,22.0,15,1
2023-04-15,666142,17,3,0,5.5198,17.0,14,0
2023-04-15,666204,3,0,0,0.369,3.0,3,0
2023-04-15,666974,3,2,0,0.392,3.0,1,0
2023-04-15,667427,3,0,0,0.12399999999999999,3.0,3,0
2023-04-15,668676,22,1,0,4.527454545454545,22.0,21,0
2023-04-15,668933,25,4,4,7.518612,25.0,17,0
2023-04-15,668984,8,3,1,1.062903,8.0,4,0
2023-04-15,669194,22,4,0,4.2118,22.0,17,0
2023-04-15,669212,4,0,0,0.762,4.0,4,0
2023-04-15,669276,3,1,0,1.6955999999999998,3.0,2,1
2023-04-15,669424,4,0,1,0.918903,3.0,3,0
2023-04-15,669923,24,3,0,6.224,24.0,21,0
2023-04-15,670059,3,2,0,0.156,3.0,1,0
2023-04-15,670167,4,2,0,0.678,4.0,2,0
2023-04-15,670280,3,1,0,0.12,3.0,2,0
2023-04-15,670810,3,0,0,1.825,3.0,3,1
2023-04-15,671345,4,2,1,0.789903,4.0,1,0
2023-04-15,672335,4,0,1,0.619,3.0,3,0
2023-04-15,672391,4,2,0,0.784,4.0,2,0
2023-04-15,672578,4,1,1,1.3949030000000002,4.0,2,0
2023-04-15,672710,24,6,3,6.776666465116279,23.0,15,1
2023-04-15,675627,20,6,2,6.853275090909091,20.0,12,1
2023-04-15,675916,5,3,0,1.302,5.0,2,0
2023-04-15,676534,11,2,1,2.8379030000000003,11.0,8,0
2023-04-15,676596,16,1,4,5.829709,15.0,11,0
2023-04-15,677053,4,1,2,1.406806,4.0,1,0
2023-04-15,681402,3,0,0,1.7673529411764703,3.0,3,1
2023-04-15,681911,4,1,1,1.621903,4.0,2,0
2023-04-15,682171,7,4,1,1.8009080000000002,7.0,1,0
2023-04-15,686613,27,5,1,8.45339346511628,27.0,20,1
2023-04-15,686842,7,1,1,1.8999030000000001,7.0,5,0
2023-04-15,693821,26,4,2,7.7491608387096775,26.0,20,1
2023-04-16,425844,23,6,1,7.161511695652174,23.0,16,2
2023-04-16,489119,26,8,0,4.6555,26.0,18,1
2023-04-16,502085,4,0,0,1.073005,4.0,3,0
2023-04-16,502202,4,3,0,0.166,4.0,1,0
2023-04-16,506433,27,12,2,7.458207477832513,27.0,13,1
2023-04-16,518489,3,1,0,0.707,3.0,2,0
2023-04-16,518585,9,3,1,1.869903,9.0,5,0
2023-04-16,518617,5,0,0,1.987,5.0,5,0
2023-04-16,518886,3,2,0,0.361,3.0,1,0
2023-04-16,519293,3,0,1,0.874903,3.0,2,0
2023-04-16,542914,5,0,0,1.6514166666666665,5.0,5,0
2023-04-16,543037,29,10,1,7.367253383631714,28.0,18,2
2023-04-16,543272,4,1,0,0.741,4.0,3,0
2023-04-16,543859,7,2,0,2.961333333333333,7.0,5,1
2023-04-16,547973,5,3,1,1.5369030000000001,5.0,1,0
2023-04-16,570666,27,0,3,13.30415327125506,27.0,23,3
2023-04-16,571578,25,4,0,5.934,25.0,21,0
2023-04-16,571760,20,4,3,6.8228110893970895,20.0,12,2
2023-04-16,571882,5,0,0,1.7630000000000001,5.0,5,0
2023-04-16,571945,25,4,2,10.096458173913044,25.0,19,1
2023-04-16,572403,3,0,0,0.26,3.0,3,0
2023-04-16,592094,4,0,1,1.9919030000000002,4.0,3,0
2023-04-16,592767,22,3,2,6.934139333333333,22.0,17,1
2023-04-16,593576,4,1,0,0.894192307692308,4.0,3,1
2023-04-16,594580,3,1,0,0.524,3.0,2,0
2023-04-16,595928,7,1,2,2.889806,7.0,4,0
2023-04-16,605130,5,2,0,1.5320399999999996,5.0,3,1
2023-04-16,605242,3,1,0,0.213,3.0,2,0
2023-04-16,605400,26,4,3,7.780709,26.0,19,0
2023-04-16,606149,3,1,0,0.16199999999999998,3.0,2,0
2023-04-16,607481,4,0,2,3.1378060000000003,4.0,2,0
2023-04-16,608723,3,2,0,0.284,3.0,1,0
2023-04-16,613564,7,0,0,1.677,7.0,7,0
2023-04-16,621051,4,0,1,2.3563084054054055,4.0,3,1
2023-04-16,621249,3,0,0,1.043,3.0,3,0
2023-04-16,621345,3,1,0,0.085,3.0,2,0
2023-04-16,621363,3,0,0,0.383,3.0,3,0
2023-04-16,622250,5,1,0,1.627,5.0,4,0
2023-04-16,622491,23,9,0,4.285,23.0,14,0
2023-04-16,623149,3,3,0,0.0,3.0,0,0
2023-04-16,623352,3,2,0,0.237,3.0,1,0
2023-04-16,623433,3,1,0,1.2240256410256414,3.0,2,1
2023-04-16,623437,4,1,0,2.124,4.0,3,0
2023-04-16,623465,5,1,1,1.898903,5.0,3,0
2023-04-16,628711,26,6,1,8.634587065934067,26.0,19,2
2023-04-16,640444,6,1,2,3.187403,5.0,3,1
2023-04-16,640448,4,1,0,0.451,4.0,3,0
2023-04-16,640470,6,2,2,2.107806,6.0,2,0
2023-04-16,641154,27,7,1,8.896798476190476,27.0,18,1
2023-04-16,641401,4,0,0,1.218,4.0,4,0
2023-04-16,641835,3,1,0,0.8560000000000001,3.0,2,0
2023-04-16,641871,4,1,0,1.0250000000000001,4.0,3,0
2023-04-16,641941,3,1,1,1.3064414615384616,3.0,1,0
2023-04-16,642207,6,3,2,1.9818060000000002,6.0,1,0
2023-04-16,642231,5,1,1,1.498903,5.0,3,0
2023-04-16,642546,3,2,1,0.695903,3.0,0,0
2023-04-16,642585,4,1,0,1.7710000000000001,4.0,3,0
2023-04-16,643377,3,2,0,0.088,3.0,1,0
2023-04-16,643410,3,2,0,0.276,3.0,1,0
2023-04-16,645261,25,9,0,8.52114659498208,24.0,16,1
2023-04-16,647315,3,1,2,1.391806,3.0,0,0
2023-04-16,656271,6,1,2,2.055806,6.0,3,0
2023-04-16,656302,30,5,5,8.683778666666667,29.0,20,0
2023-04-16,656464,4,1,0,0.308,4.0,3,0
2023-04-16,656605,26,3,2,9.167262975772765,26.0,21,3
2023-04-16,656814,4,2,0,0.784,3.0,1,0
2023-04-16,657031,3,1,0,0.11800000000000001,3.0,2,0
2023-04-16,657140,24,6,3,6.886631580645162,23.0,15,2
2023-04-16,657265,3,0,0,0.284,3.0,3,0
2023-04-16,657508,6,2,1,1.261903,6.0,3,0
2023-04-16,657571,4,1,0,1.089,4.0,3,0
2023-04-16,659275,4,0,2,1.7738060000000002,4.0,2,0
2023-04-16,660593,7,2,0,0.884,7.0,5,0
2023-04-16,660813,5,3,0,0.15,5.0,2,0
2023-04-16,663556,24,6,2,5.859783272727273,24.0,16,1
2023-04-16,663562,19,5,3,5.315423285714286,19.0,11,0
2023-04-16,663986,3,0,1,1.303903,3.0,2,0
2023-04-16,663992,7,2,1,1.4759030000000002,7.0,4,0
2023-04-16,664076,5,1,1,2.5029030000000003,5.0,3,1
2023-04-16,664285,25,7,2,6.893306,25.0,16,1
2023-04-16,664875,4,2,0,1.218,4.0,2,0
2023-04-16,665048,5,0,1,2.2187918888888887,5.0,4,0
2023-04-16,665665,8,1,1,1.9817451052631578,8.0,6,1
2023-04-16,666168,3,0,0,1.146,3.0,3,0
2023-04-16,666201,28,5,4,10.625377524499655,28.0,18,2
2023-04-16,666204,5,0,3,4.679709,5.0,2,1
2023-04-16,666277,9,2,0,2.6376,9.0,7,1
2023-04-16,666619,4,1,0,2.1340000000000003,4.0,3,0
2023-04-16,667427,4,0,3,2.868709,4.0,1,0
2023-04-16,668678,23,7,0,6.766805,23.0,15,1
2023-04-16,668868,4,0,0,1.5639428571428575,4.0,4,1
2023-04-16,669456,28,4,1,11.291560173913044,28.0,22,1
2023-04-16,669459,4,0,1,2.1609030000000002,4.0,3,0
2023-04-16,669467,7,1,2,3.1298060000000003,7.0,4,0
2023-04-16,669854,11,3,0,3.272501794871795,11.0,7,1
2023-04-16,670059,6,2,1,2.925125,5.0,3,1
2023-04-16,670280,4,0,0,0.677,4.0,4,0
2023-04-16,670950,6,3,0,0.491,6.0,3,0
2023-04-16,672282,25,7,1,7.321408,25.0,16,1
2023-04-16,672391,4,0,1,1.0969030000000002,4.0,3,0
2023-04-16,676130,23,2,4,7.823826285714286,23.0,17,0
2023-04-16,676477,24,5,2,5.892102296296296,23.0,16,1
2023-04-16,676664,22,3,0,6.252012077294685,22.0,19,2
2023-04-16,680570,22,8,2,5.956833272727273,22.0,12,1
2023-04-16,680704,4,0,1,1.129903,3.0,3,0
2023-04-16,681806,5,0,0,2.3942962962962966,5.0,5,1
2023-04-16,682120,5,1,0,3.398,5.0,4,1
2023-04-17,445926,4,0,1,2.758903,4.0,3,0
2023-04-17,448179,24,7,2,7.719056,24.0,15,2
2023-04-17,456713,4,1,0,2.4524067796610174,4.0,3,1
2023-04-17,493603,3,0,0,0.7611600000000002,3.0,3,1
2023-04-17,518397,5,0,0,1.7883809523809526,5.0,5,0
2023-04-17,518876,22,3,0,7.241931470588235,22.0,18,1
2023-04-17,519043,4,1,1,1.764903,4.0,2,0
2023-04-17,542914,6,2,1,2.4829030000000003,6.0,3,0
2023-04-17,543475,31,3,3,10.988601375916765,31.0,25,2
2023-04-17,544727,3,0,0,0.301,3.0,3,0
2023-04-17,548384,7,2,0,1.7005,7.0,5,1
2023-04-17,571656,7,0,2,3.954806,7.0,5,0
2023-04-17,571670,3,1,0,0.181,3.0,2,0
2023-04-17,571901,4,0,0,1.368,4.0,4,0
2023-04-17,571946,5,1,0,1.4067142857142858,5.0,4,0
2023-04-17,571948,3,1,0,0.23399999999999999,3.0,2,0
2023-04-17,592332,24,5,2,10.331689346099136,24.0,16,4
2023-04-17,592773,5,1,1,1.674903,5.0,3,0
2023-04-17,594798,14,5,1,2.731381260869565,14.0,8,1
2023-04-17,598264,5,1,1,1.9379080000000002,5.0,2,0
2023-04-17,600917,2,0,0,1.2758,2.0,2,0
2023-04-17,605177,3,2,0,0.05,3.0,1,0
2023-04-17,606303,4,1,0,1.391,4.0,3,0
2023-04-17,607536,19,1,1,6.207903,18.0,17,0
2023-04-17,608032,6,2,1,2.311903,6.0,3,0
2023-04-17,608331,19,4,0,3.939,18.0,14,0
2023-04-17,612434,3,2,0,0.311,3.0,1,0
2023-04-17,614179,5,0,0,3.2929851282051277,5.0,4,2
2023-04-17,621345,3,1,0,0.432,3.0,2,0
2023-04-17,621389,12,0,1,5.566745105263157,12.0,11,1
2023-04-17,622065,6,1,0,1.759,6.0,5,0
2023-04-17,622098,1,1,0,0.0,1.0,0,0
2023-04-17,623167,25,5,1,7.252403,25.0,19,0
2023-04-17,640444,8,1,2,3.600811,8.0,4,0
2023-04-17,640462,4,0,0,0.835,3.0,4,0
2023-04-17,641360,5,0,2,2.200806,5.0,3,0
2023-04-17,641540,15,5,1,3.213403,15.0,9,0
2023-04-17,641703,5,1,1,2.539146243243243,5.0,3,1
2023-04-17,642100,1,0,0,0.144,1.0,1,0
2023-04-17,643256,4,2,0,0.677,4.0,2,0
2023-04-17,643361,8,2,0,2.1080399999999995,8.0,6,1
2023-04-17,647315,4,3,0,0.936,4.0,1,0
2023-04-17,650671,4,0,0,1.7903846153846155,4.0,4,0
2023-04-17,650893,6,3,0,1.203,6.0,3,0
2023-04-17,650895,6,0,2,2.638806,6.0,4,0
2023-04-17,656222,13,1,2,4.464983777777777,12.0,10,1
2023-04-17,656234,4,3,0,0.066,4.0,1,0
2023-04-17,656353,15,3,2,5.474999548387097,15.0,10,2
2023-04-17,656427,22,4,3,9.748236272727274,22.0,15,3
2023-04-17,656849,25,6,0,9.486966836734695,25.0,19,3
2023-04-17,657240,4,1,0,0.324,4.0,3,0
2023-04-17,657265,3,1,0,0.993,3.0,2,0
2023-04-17,657277,27,6,0,6.831931470588235,26.0,19,1
2023-04-17,657756,9,0,0,2.950005,9.0,8,0
2023-04-17,660271,7,3,1,1.218903,7.0,3,0
2023-04-17,661309,13,4,0,6.199652173913044,13.0,9,1
2023-04-17,661527,4,1,0,1.1008076923076926,4.0,3,0
2023-04-17,663385,5,0,0,1.4989999999999999,5.0,5,0
2023-04-17,663753,7,2,1,1.408903,7.0,4,0
2023-04-17,664139,4,1,0,1.4017894736842105,4.0,3,0
2023-04-17,664199,5,0,1,2.167908,5.0,3,0
2023-04-17,664208,6,4,0,0.033,6.0,2,0
2023-04-17,664299,20,5,2,8.985901872420262,20.0,13,4
2023-04-17,666200,21,6,2,6.112503368421053,21.0,13,1
2023-04-17,666205,26,3,2,13.28400775257466,26.0,21,3
2023-04-17,668881,12,1,0,4.257735042735042,12.0,11,1
2023-04-17,669160,24,1,0,7.930605,24.0,22,1
2023-04-17,669203,19,3,2,6.749546217391305,19.0,14,1
2023-04-17,669276,7,4,0,1.7903142857142857,7.0,3,1
2023-04-17,669467,5,2,1,2.222596548387097,5.0,2,1
2023-04-17,669713,26,7,0,6.385942857142857,26.0,19,1
2023-04-17,669796,7,1,0,2.169,7.0,6,0
2023-04-17,670766,6,1,1,1.616903,6.0,4,0
2023-04-17,676701,4,0,0,2.431,4.0,4,1
2023-04-17,676710,21,5,0,2.881,21.0,16,0
2023-04-17,676714,4,1,0,1.6400000000000001,4.0,3,0
2023-04-17,677053,4,1,0,0.194,4.0,3,0
2023-04-17,677865,4,0,0,1.583,4.0,4,0
2023-04-17,677960,25,5,2,10.529448867647059,25.0,17,2
2023-04-17,678394,18,5,1,6.577408,18.0,11,0
2023-04-17,681867,18,7,0,5.79201,18.0,9,0
2023-04-17,681911,5,1,1,2.112,4.0,3,0
2023-04-17,682171,5,1,1,2.9292172857142855,5.0,3,1
2023-04-17,687330,7,1,2,3.0448060000000003,7.0,4,0
2023-04-18,445276,3,2,0,0.007,3.0,1,0
2023-04-18,445926,4,2,0,0.804005,4.0,1,0
2023-04-18,453178,3,1,0,0.679,3.0,2,0
2023-04-18,456713,3,3,0,0.0,3.0,0,0
2023-04-18,458681,29,7,3,10.107709,29.0,19,0
2023-04-18,477132,25,9,0,5.065,25.0,16,0
2023-04-18,489446,4,2,0,0.966,4.0,2,0
2023-04-18,518617,5,2,1,1.095903,5.0,2,0
2023-04-18,518886,3,2,0,0.04,3.0,1,0
2023-04-18,519151,3,1,0,0.075,3.0,2,0
2023-04-18,519242,25,11,2,5.479649333333334,25.0,10,1
2023-04-18,541640,3,2,0,0.344,3.0,1,0
2023-04-18,543056,1,0,0,0.033,1.0,1,0
2023-04-18,543135,25,5,1,7.991928641025641,25.0,19,1
2023-04-18,543243,24,7,2,7.06104278025852,24.0,15,2
2023-04-18,543272,3,1,0,0.292,3.0,2,0
2023-04-18,543507,4,0,1,2.0183315714285714,4.0,3,1
2023-04-18,543518,4,2,0,0.267,4.0,2,0
2023-04-18,548389,9,3,0,2.5814594594594595,9.0,6,1
2023-04-18,554340,5,2,0,0.337,5.0,3,0
2023-04-18,554430,24,5,0,8.064647857142857,24.0,18,0
2023-04-18,570632,22,2,2,8.835814358662613,22.0,18,2
2023-04-18,571510,22,4,2,7.195078727272728,22.0,16,1
2023-04-18,571670,3,1,0,0.782,3.0,2,0
2023-04-18,571912,6,0,0,3.066,6.0,6,0
2023-04-18,571948,4,1,1,1.154903,4.0,2,0
2023-04-18,572955,5,1,1,1.574903,5.0,3,0
2023-04-18,573009,5,1,0,3.11,5.0,4,2
2023-04-18,573124,2,1,0,0.163,2.0,1,0
2023-04-18,573186,22,5,2,5.991506,22.0,15,0
2023-04-18,573204,4,0,0,0.872,4.0,4,0
2023-04-18,592826,27,7,3,7.019330212121211,26.0,17,1
2023-04-18,593576,3,1,0,0.9448,3.0,2,1
2023-04-18,593958,27,10,0,4.4030000000000005,26.0,17,0
2023-04-18,594580,3,2,0,0.218,3.0,1,0
2023-04-18,595928,5,0,1,1.942903,5.0,4,0
2023-04-18,596001,14,1,0,6.359038461538462,14.0,12,1
2023-04-18,596112,5,1,0,2.2879761904761904,5.0,4,1
2023-04-18,605135,24,5,1,7.634903,24.0,18,0
2023-04-18,605177,4,0,1,2.8177363333333334,4.0,3,1
2023-04-18,605218,4,1,0,0.977,4.0,3,0
2023-04-18,605242,4,0,1,1.9082255806451613,4.0,3,1
2023-04-18,605347,3,1,0,0.22499999999999998,3.0,2,0
2023-04-18,605447,5,2,0,0.7979999999999999,5.0,3,0
2023-04-18,605483,20,5,3,7.683548452214453,20.0,12,3
2023-04-18,606160,3,0,0,0.246,3.0,3,0
2023-04-18,606303,2,0,0,0.7410000000000001,2.0,2,0
2023-04-18,607067,23,2,2,9.458247950146628,23.0,18,2
2023-04-18,607237,4,0,0,2.320214285714286,4.0,4,0
2023-04-18,607481,3,1,0,1.4649999999999999,3.0,2,0
2023-04-18,608337,19,7,1,4.93713441509434,19.0,10,1
2023-04-18,608665,3,1,0,0.90205,3.0,2,0
2023-04-18,608717,9,1,0,3.4039384615384622,8.0,7,1
2023-04-18,608718,5,1,2,1.565806,5.0,2,0
2023-04-18,612434,3,0,1,0.9619030000000001,3.0,2,0
2023-04-18,621016,5,2,1,1.615903,5.0,2,0
2023-04-18,621051,3,0,0,0.251,3.0,3,0
2023-04-18,621074,3,1,1,1.053903,3.0,1,0
2023-04-18,621076,4,0,0,1.389005,4.0,3,0
2023-04-18,621237,3,2,0,0.184,3.0,1,0
2023-04-18,621249,4,1,0,1.6494545454545455,4.0,3,0
2023-04-18,622072,9,3,1,2.2939030000000002,8.0,5,0
2023-04-18,622251,5,1,1,1.700908,5.0,2,0
2023-04-18,622503,11,2,1,3.8963674594594595,11.0,7,1
2023-04-18,622554,3,2,0,0.067,3.0,1,0
2023-04-18,622772,7,3,0,1.293,7.0,4,0
2023-04-18,623149,3,2,0,0.066,3.0,1,0
2023-04-18,623433,5,0,0,2.2051000000000003,5.0,5,1
2023-04-18,623437,5,1,2,0.9699030000000001,4.0,2,0
2023-04-18,623465,3,0,0,1.742,3.0,3,0
2023-04-18,623474,6,2,0,0.201,6.0,4,0
2023-04-18,625643,4,3,0,1.168227272727273,4.0,1,1
2023-04-18,630023,11,1,1,3.656908,11.0,8,0
2023-04-18,640462,4,2,0,0.977,4.0,2,0
2023-04-18,641627,3,1,0,0.6419999999999999,3.0,2,0
2023-04-18,641745,18,2,5,5.832515000000001,18.0,11,0
2023-04-18,641835,3,0,0,1.437,3.0,3,0
2023-04-18,642100,3,1,0,0.6910000000000001,3.0,2,0
2023-04-18,642207,4,3,1,0.695903,4.0,0,0
2023-04-18,642397,3,2,0,0.107,3.0,1,0
2023-04-18,642545,4,1,0,0.433,4.0,3,0
2023-04-18,642585,4,0,0,1.409,4.0,4,0
2023-04-18,643377,6,3,0,1.054,6.0,3,0
2023-04-18,643410,4,2,1,0.8639030000000001,4.0,1,0
2023-04-18,650556,6,2,0,1.9364000000000001,6.0,4,0
2023-04-18,650671,3,2,0,0.777,3.0,1,0
2023-04-18,656061,4,1,0,0.131,4.0,3,0
2023-04-18,656257,2,2,0,0.0,2.0,0,0
2023-04-18,656271,7,2,0,1.299,7.0,5,0
2023-04-18,656464,4,0,1,2.4536757272727274,4.0,3,1
2023-04-18,656638,4,1,0,0.998,4.0,3,0
2023-04-18,656731,26,4,4,10.113207744680851,26.0,18,2
2023-04-18,656756,22,2,0,10.175690242436385,21.0,19,4
2023-04-18,656814,3,1,0,0.514,3.0,2,0
2023-04-18,656945,3,1,0,0.394,3.0,2,0
2023-04-18,657031,8,2,1,2.7121088823529416,8.0,5,1
2023-04-18,657376,17,5,0,5.641046666666667,17.0,11,2
2023-04-18,659275,4,2,1,1.2019030000000002,4.0,1,0
2023-04-18,660593,6,2,2,2.223917111111111,6.0,2,1
2023-04-18,660761,18,1,6,7.675645272727273,18.0,11,1
2023-04-18,660813,3,2,0,0.006,3.0,1,0
2023-04-18,661395,3,2,0,0.193,3.0,1,0
2023-04-18,663558,6,1,1,1.924903,6.0,4,0
2023-04-18,663559,26,3,3,8.710549,26.0,20,2
2023-04-18,663753,6,0,1,4.538753,6.0,5,1
2023-04-18,663855,4,3,0,0.814,4.0,1,0
2023-04-18,663992,3,0,0,1.237,3.0,3,0
2023-04-18,664076,3,2,0,0.381,3.0,1,0
2023-04-18,664353,21,4,2,6.625957111111111,20.0,14,2
2023-04-18,664747,3,3,0,0.0,3.0,0,0
2023-04-18,665152,25,6,0,6.181005,25.0,18,0
2023-04-18,665795,26,8,2,6.284982470588235,25.0,15,0
2023-04-18,666157,29,4,1,11.62444180952381,29.0,21,2
2023-04-18,666168,5,1,0,1.057,5.0,4,0
2023-04-18,666374,4,2,1,0.932903,4.0,1,0
2023-04-18,666619,4,1,1,0.7029030000000001,3.0,1,0
2023-04-18,666974,3,1,0,0.778,3.0,2,0
2023-04-18,668941,6,1,1,1.942903,6.0,4,0
2023-04-18,668984,8,1,0,1.8114999999999999,8.0,7,0
2023-04-18,669060,10,1,2,3.797806,10.0,7,0
2023-04-18,669212,8,2,0,2.798,8.0,6,0
2023-04-18,669302,23,8,0,5.19999075255102,23.0,15,2
2023-04-18,669424,8,3,0,2.0765555555555557,8.0,5,1
2023-04-18,669438,10,2,0,2.49,9.0,8,0
2023-04-18,669459,5,3,1,0.8359030000000001,5.0,1,0
2023-04-18,669711,2,0,1,0.8819030000000001,2.0,1,0
2023-04-18,670124,5,0,1,0.9159030000000001,5.0,4,0
2023-04-18,670167,5,0,1,2.169908,5.0,3,0
2023-04-18,670174,8,3,1,1.8023240526315787,8.0,4,1
2023-04-18,670280,4,1,0,2.2765,4.0,3,1
2023-04-18,671345,3,1,0,0.26,3.0,2,0
2023-04-18,671737,20,9,1,4.268749153846154,20.0,10,1
2023-04-18,672578,5,0,0,4.148406779661018,5.0,5,1
2023-04-18,675540,8,3,0,2.2640000000000002,8.0,5,0
2023-04-18,675911,22,9,3,5.157714,22.0,9,0
2023-04-18,675916,4,0,0,1.2194444444444446,4.0,4,0
2023-04-18,676760,7,2,0,2.1156060606060607,7.0,4,1
2023-04-18,680686,22,3,4,6.553839272727273,22.0,15,0
2023-04-18,680704,4,1,0,0.8150000000000001,4.0,3,0
2023-04-18,681806,6,2,1,2.129323,6.0,3,1
2023-04-18,683769,24,1,1,7.707236333333333,24.0,22,0
2023-04-18,685410,23,5,3,6.441986777777777,23.0,15,2
2023-04-18,686610,23,5,3,7.03531506060606,23.0,15,1
2023-04-18,686753,18,3,4,7.5316332121212115,18.0,11,2
2023-04-19,446372,26,4,2,10.46478742857143,26.0,18,2
2023-04-19,450203,25,5,3,8.346989602636535,23.0,15,2
2023-04-19,453268,3,0,0,1.9747727272727276,3.0,3,1
2023-04-19,453286,12,3,2,3.207806,12.0,7,0
2023-04-19,456713,2,0,0,0.037,2.0,2,0
2023-04-19,472610,3,2,0,0.288,3.0,1,0
2023-04-19,493603,4,1,0,1.6317407407407405,4.0,3,1
2023-04-19,502085,6,1,2,1.589903,5.0,3,0
2023-04-19,502171,23,8,1,5.969903,23.0,14,0
2023-04-19,518397,3,1,0,0.252,3.0,2,0
2023-04-19,518489,7,1,1,4.059284609195402,7.0,5,1
2023-04-19,518516,20,2,4,8.926395333333334,20.0,14,1
2023-04-19,518585,7,2,2,2.732806,7.0,3,0
2023-04-19,518886,4,2,0,0.10500000000000001,4.0,2,0
2023-04-19,519043,8,2,1,2.3175433333333335,7.0,3,1
2023-04-19,519151,3,0,0,1.2861206896551722,3.0,3,1
2023-04-19,527048,25,3,0,9.357190635451506,25.0,22,2
2023-04-19,542585,4,2,0,0.8480000000000001,4.0,2,0
2023-04-19,542947,6,1,0,1.442,6.0,5,0
2023-04-19,544727,6,1,1,1.574903,6.0,4,0
2023-04-19,547973,3,1,0,0.317,3.0,2,0
2023-04-19,571882,3,1,1,0.917903,3.0,1,0
2023-04-19,571946,5,0,1,2.181903,5.0,4,0
2023-04-19,572403,4,2,1,1.158903,4.0,1,0
2023-04-19,573124,3,1,0,0.848005,3.0,1,0
2023-04-19,592789,23,2,2,8.246006,23.0,19,2
2023-04-19,592836,25,3,2,9.743502882690729,23.0,18,2
2023-04-19,593974,6,2,0,1.9979473684210527,6.0,4,0
2023-04-19,594580,4,1,0,1.2013541666666667,4.0,3,1
2023-04-19,594835,22,9,1,4.196903,22.0,12,0
2023-04-19,596295,18,1,3,12.077549000000001,18.0,14,2
2023-04-19,598264,3,2,0,0.07,3.0,1,0
2023-04-19,600917,3,1,0,0.9760000000000001,3.0,2,0
2023-04-19,605130,8,2,2,4.912639333333334,8.0,4,1
2023-04-19,605154,4,2,0,0.28500000000000003,4.0,2,0
2023-04-19,605182,16,1,1,6.337210285546416,16.0,14,2
2023-04-19,605280,5,1,1,1.939908,5.0,2,0
2023-04-19,605513,22,3,3,9.37445551074151,22.0,15,2
2023-04-19,605612,7,0,1,2.668533,7.0,5,0
2023-04-19,606160,4,0,2,2.758806,4.0,2,0
2023-04-19,607259,25,6,2,6.491194888888889,25.0,17,2
2023-04-19,607455,3,1,0,0.73,3.0,2,0
2023-04-19,608032,5,1,1,2.138303,5.0,3,0
2023-04-19,608371,4,0,1,2.2772559411764703,4.0,3,1
2023-04-19,613564,4,0,0,0.28600000000000003,4.0,4,0
2023-04-19,614179,5,2,0,1.5942500000000002,5.0,3,0
2023-04-19,615698,22,4,1,7.084041888888889,22.0,17,2
2023-04-19,621237,3,0,0,0.404,3.0,3,0
2023-04-19,621244,25,3,1,8.506896373113372,25.0,20,2
2023-04-19,621383,13,3,0,4.7338012962962965,13.0,9,1
2023-04-19,621389,12,1,0,5.438,12.0,11,1
2023-04-19,622075,3,0,0,2.005,3.0,3,0
2023-04-19,622098,3,1,0,0.42300000000000004,3.0,2,0
2023-04-19,622250,3,2,0,0.011,3.0,1,0
2023-04-19,623211,5,2,0,0.781,5.0,3,0
2023-04-19,623352,4,1,1,0.951903,4.0,2,0
2023-04-19,624522,7,1,1,1.337903,7.0,5,0
2023-04-19,641302,6,2,1,2.6694363333333335,6.0,3,1
2023-04-19,641329,3,2,0,0.062,3.0,1,0
2023-04-19,641627,3,1,0,0.567,3.0,2,0
2023-04-19,641656,3,0,0,0.596,3.0,3,0
2023-04-19,641729,3,2,0,0.067,3.0,1,0
2023-04-19,641778,27,4,1,6.6932030000000005,27.0,22,1
2023-04-19,641871,3,1,0,0.20600000000000002,3.0,2,0
2023-04-19,642048,4,1,0,1.174,4.0,3,0
2023-04-19,642231,11,1,1,2.783903,11.0,9,0
2023-04-19,642397,2,1,0,0.031,2.0,1,0
2023-04-19,642545,6,1,0,1.7530000000000001,6.0,5,0
2023-04-19,642546,4,0,0,1.2735,4.0,4,0
2023-04-19,643256,3,1,0,1.189,3.0,2,0
2023-04-19,643511,6,1,0,1.496,6.0,5,0
2023-04-19,647315,6,0,1,3.409903,6.0,5,0
2023-04-19,650556,3,1,0,0.746,3.0,2,0
2023-04-19,650633,10,4,1,3.019908,10.0,4,0
2023-04-19,650893,5,2,0,1.0110000000000001,5.0,3,0
2023-04-19,656234,11,4,1,3.3506757272727272,11.0,6,1
2023-04-19,656257,1,0,0,0.015,1.0,1,0
2023-04-19,656288,21,4,3,7.176566142857143,21.0,14,1
2023-04-19,656464,5,0,1,2.032903,5.0,4,0
2023-04-19,656638,4,2,1,0.7359030000000001,4.0,1,0
2023-04-19,656876,20,7,3,4.780709,19.0,10,0
2023-04-19,656945,5,2,0,0.308,5.0,3,0
2023-04-19,656970,7,1,0,4.0303602631578945,7.0,5,1
2023-04-19,656981,15,2,4,6.873060275862069,15.0,9,1
2023-04-19,657006,23,5,2,6.987811000000001,23.0,15,0
2023-04-19,657240,4,2,0,0.899,4.0,2,0
2023-04-19,657265,6,2,0,2.5040050000000003,6.0,3,0
2023-04-19,657508,4,2,0,1.2178,4.0,2,0
2023-04-19,657612,1,0,0,0.412,1.0,1,0
2023-04-19,657746,25,3,1,10.011903098039216,25.0,20,2
2023-04-19,661403,5,0,0,2.0090000000000003,5.0,5,0
2023-04-19,663385,3,0,2,1.539806,3.0,1,0
2023-04-19,663546,3,1,1,0.8859030000000001,3.0,1,0
2023-04-19,663658,3,2,0,0.478,3.0,1,0
2023-04-19,663765,23,1,1,9.776838002736728,23.0,21,4
2023-04-19,663855,4,2,1,0.8429030000000001,4.0,1,0
2023-04-19,663903,24,4,3,8.914509366300367,24.0,17,1
2023-04-19,663986,4,2,0,2.0598400000000003,4.0,2,1
2023-04-19,664126,6,2,2,2.7108060000000003,6.0,2,0
2023-04-19,664199,8,2,1,3.688903,8.0,4,0
2023-04-19,664294,5,0,2,2.6828829230769236,5.0,3,1
2023-04-19,665048,6,0,1,1.6109030000000002,6.0,5,0
2023-04-19,665665,3,0,0,0.593,3.0,3,0
2023-04-19,666277,8,1,1,2.505903,8.0,6,0
2023-04-19,666374,7,1,0,2.624,7.0,6,0
2023-04-19,666619,6,4,0,0.301,6.0,2,0
2023-04-19,666745,18,3,3,7.153709,18.0,12,2
2023-04-19,666808,6,2,2,0.033,4.0,2,0
2023-04-19,666974,2,0,0,0.4075,2.0,2,0
2023-04-19,667427,4,1,1,1.5349030000000001,4.0,2,0
2023-04-19,668868,5,3,0,1.321,5.0,2,0
2023-04-19,669022,23,7,4,7.151145333333334,23.0,12,1
2023-04-19,669276,4,1,0,0.526,4.0,3,0
2023-04-19,669432,12,3,1,4.07225594117647,12.0,8,1
2023-04-19,670124,10,0,2,5.784823857142858,10.0,8,1
2023-04-19,670912,25,6,3,5.591125666666667,25.0,16,0
2023-04-19,670990,11,2,2,3.3908110000000002,11.0,6,0
2023-04-19,672335,3,1,2,1.391806,3.0,0,0
2023-04-19,672391,4,0,1,0.9599030000000001,4.0,3,0
2023-04-19,672578,3,2,0,0.451,3.0,1,0
2023-04-19,675916,4,1,0,1.5113548387096774,4.0,3,1
2023-04-19,676596,10,3,0,1.2289999999999999,10.0,7,0
2023-04-19,677053,4,0,1,1.506908,4.0,2,0
2023-04-19,677651,23,9,1,2.867903,23.0,13,0
2023-04-19,677865,3,0,0,0.08499999999999999,3.0,3,0
2023-04-19,680694,24,6,1,5.9665141111111115,24.0,17,1
2023-04-19,681911,5,2,1,1.341903,5.0,2,0
2023-04-19,686651,21,3,1,7.936850368421053,21.0,17,2
2023-04-19,687396,12,3,2,3.652806,12.0,7,0
2023-04-19,695243,18,5,1,5.686908,18.0,11,0
2023-04-20,502202,5,1,2,0.8599030000000001,4.0,2,0
2023-04-20,518489,7,1,1,4.105760142857143,7.0,5,0
2023-04-20,543518,5,2,0,0.584,5.0,3,0
2023-04-20,548384,3,0,0,0.376,3.0,3,0
2023-04-20,571479,6,0,2,2.650806,6.0,4,0
2023-04-20,571656,3,1,0,0.281,3.0,2,0
2023-04-20,571901,7,2,1,2.177903,7.0,4,0
2023-04-20,572955,5,1,1,1.083903,5.0,3,0
2023-04-20,593974,3,0,1,1.093903,3.0,2,0
2023-04-20,595928,4,0,0,1.2868,4.0,4,1
2023-04-20,596112,1,1,0,0.0,1.0,0,0
2023-04-20,596133,23,8,2,7.300132436781609,23.0,13,3
2023-04-20,605242,5,0,1,4.533997155844156,5.0,4,1
2023-04-20,608379,23,3,1,10.309736333333333,23.0,19,1
2023-04-20,614179,3,0,0,1.943,3.0,3,0
2023-04-20,621051,3,2,0,0.466,3.0,1,0
2023-04-20,621074,3,1,0,0.9460000000000001,3.0,2,0
2023-04-20,621381,21,11,2,5.228158941176471,21.0,8,1
2023-04-20,622065,4,2,1,0.8819030000000001,4.0,1,0
2023-04-20,622075,4,0,1,1.380903,4.0,3,0
2023-04-20,622098,3,0,0,1.4809999999999999,3.0,3,0
2023-04-20,623352,3,1,0,0.15,3.0,2,0
2023-04-20,623474,7,0,2,2.912903,6.0,5,0
2023-04-20,628317,8,0,1,2.8512559411764706,8.0,7,1
2023-04-20,640455,19,3,3,8.284589,19.0,11,2
2023-04-20,640470,4,1,0,0.776,4.0,3,0
2023-04-20,641360,7,1,1,2.227903,7.0,5,0
2023-04-20,641401,3,3,0,0.0,3.0,0,0
2023-04-20,641482,25,7,2,5.732026,25.0,15,1
2023-04-20,641656,3,0,0,0.39599999999999996,3.0,3,0
2023-04-20,641703,8,1,0,2.052416666666667,8.0,7,0
2023-04-20,641941,13,1,0,5.1926499999999995,13.0,12,1
2023-04-20,650489,1,0,0,0.224,1.0,1,0
2023-04-20,656257,3,1,0,0.566,3.0,2,0
2023-04-20,656353,8,3,2,2.3008110000000004,8.0,2,0
2023-04-20,656557,28,7,1,9.56910900323826,28.0,20,3
2023-04-20,656814,8,1,0,1.324111111111111,7.0,7,0
2023-04-20,657240,2,0,0,0.132,2.0,2,0
2023-04-20,657571,3,0,0,1.221005,3.0,2,0
2023-04-20,657612,3,1,0,0.103,3.0,2,0
2023-04-20,660813,3,2,0,0.047,3.0,1,0
2023-04-20,660896,10,1,1,5.333482691876751,10.0,8,2
2023-04-20,663372,23,6,3,6.097709,23.0,14,0
2023-04-20,663558,9,2,1,2.718903,9.0,6,0
2023-04-20,663776,22,5,6,8.578885032967033,22.0,11,0
2023-04-20,663941,25,5,1,8.270164904761906,25.0,19,0
2023-04-20,664875,10,4,1,1.809903,10.0,5,0
2023-04-20,664948,4,2,1,0.8599030000000001,4.0,1,0
2023-04-20,665871,14,3,2,3.480853619047619,14.0,9,2
2023-04-20,669194,21,4,3,7.8968881958041965,21.0,14,3
2023-04-20,669459,5,1,0,1.1458888888888887,5.0,4,1
2023-04-20,669711,3,1,0,0.385,3.0,2,0
2023-04-20,670059,6,1,0,1.827,6.0,5,0
2023-04-20,670280,3,1,0,0.5684,3.0,2,0
2023-04-20,672391,4,2,0,0.751005,4.0,1,0
2023-04-20,672710,25,8,2,6.654846,25.0,15,1
2023-04-20,673540,24,4,4,10.54371219509476,24.0,16,3
2023-04-20,675627,17,0,2,6.151194333333334,17.0,14,1
2023-04-20,676714,6,4,0,0.11299999999999999,6.0,2,0
2023-04-20,676760,3,1,0,0.705,3.0,2,0
2023-04-20,677865,3,2,0,0.132,3.0,1,0
2023-04-21,445276,3,2,0,0.003,3.0,1,0
2023-04-21,445926,4,0,1,3.1034787575757576,4.0,3,1
2023-04-21,472610,6,0,1,3.369903,6.0,5,0
2023-04-21,488984,4,1,0,1.4345384615384615,4.0,3,0
2023-04-21,519151,4,1,1,0.781903,4.0,2,0
2023-04-21,519293,3,0,0,0.7345599999999999,3.0,3,0
2023-04-21,541640,4,0,1,2.048903,4.0,3,0
2023-04-21,542585,4,1,0,2.1163757575757574,4.0,3,1
2023-04-21,543101,24,5,2,9.30384947826087,22.0,16,1
2023-04-21,543272,6,1,1,2.4246126774193546,6.0,4,1
2023-04-21,544727,3,0,1,1.4079030000000001,3.0,2,0
2023-04-21,547179,17,4,1,5.902875906403941,17.0,12,1
2023-04-21,548384,3,2,0,0.038,3.0,1,0
2023-04-21,554340,3,1,0,0.951,3.0,2,1
2023-04-21,571882,6,1,1,2.428903,6.0,4,0
2023-04-21,571927,21,7,2,5.9989754915254245,21.0,12,1
2023-04-21,571948,5,0,0,1.701,5.0,5,0
2023-04-21,572403,5,1,0,1.204,5.0,4,0
2023-04-21,573009,3,1,0,0.395,3.0,2,0
2023-04-21,573124,3,0,0,0.317,3.0,3,0
2023-04-21,573204,2,0,0,0.45399999999999996,2.0,2,0
2023-04-21,579328,23,3,2,7.864521555555555,22.0,17,2
2023-04-21,592351,27,2,5,10.374678307210031,25.0,18,2
2023-04-21,592741,4,1,0,1.3668888888888886,4.0,3,1
2023-04-21,592767,24,10,0,1.354,24.0,14,0
2023-04-21,592773,3,1,1,1.214903,3.0,1,0
2023-04-21,592866,22,4,1,7.949643310613923,21.0,17,4
2023-04-21,593334,25,6,2,9.940951221445221,25.0,17,4
2023-04-21,593576,3,2,0,0.107,3.0,1,0
2023-04-21,596082,8,1,1,3.462661620689655,7.0,5,1
2023-04-21,596112,4,0,0,0.71,4.0,4,0
2023-04-21,600917,5,2,1,0.7309030000000001,5.0,2,0
2023-04-21,601713,25,7,1,7.470547122383253,24.0,16,2
2023-04-21,605347,4,0,0,1.099,4.0,4,0
2023-04-21,605400,25,3,3,9.725013347826087,25.0,19,1
2023-04-21,607237,5,0,0,1.8519999999999999,5.0,5,0
2023-04-21,607481,3,1,0,0.437,3.0,2,0
2023-04-21,607625,25,6,1,9.140116636363636,25.0,18,2
2023-04-21,608032,3,1,0,0.317,3.0,2,0
2023-04-21,608665,4,1,0,1.074,4.0,3,0
2023-04-21,608717,4,2,1,1.1459030000000001,4.0,1,0
2023-04-21,608718,6,1,2,1.5578060000000002,6.0,3,0
2023-04-21,612434,3,1,0,0.40199999999999997,3.0,2,0
2023-04-21,621237,3,0,0,1.237,3.0,3,0
2023-04-21,621345,5,0,0,3.1030545454545453,5.0,5,2
2023-04-21,621363,4,0,0,1.085,4.0,4,0
2023-04-21,622251,6,2,2,2.701806,6.0,2,0
2023-04-21,622554,4,0,1,1.006903,4.0,3,0
2023-04-21,623149,3,0,0,0.6679999999999999,3.0,3,0
2023-04-21,623433,4,1,0,1.6960714285714287,3.0,2,1
2023-04-21,623437,3,2,0,0.236,3.0,1,0
2023-04-21,625643,3,0,0,2.4653482625482632,3.0,3,2
2023-04-21,628711,19,4,2,6.930280358974359,19.0,13,0
2023-04-21,640448,4,0,1,1.419903,4.0,3,0
2023-04-21,640451,3,3,0,0.0,3.0,0,0
2023-04-21,641329,3,2,0,0.034,3.0,1,0
2023-04-21,641627,3,0,0,0.641,3.0,3,0
2023-04-21,641816,22,4,0,5.626435789473684,22.0,18,1
2023-04-21,642232,15,1,0,5.667864545454546,15.0,12,1
2023-04-21,642546,3,1,0,0.81,3.0,2,0
2023-04-21,642547,24,4,2,7.1828476666666665,23.0,18,1
2023-04-21,642585,5,1,0,1.458,5.0,4,0
2023-04-21,643377,6,2,0,1.447,6.0,4,0
2023-04-21,650671,4,2,0,1.275,4.0,2,0
2023-04-21,656061,10,4,1,2.9762363333333335,10.0,5,0
2023-04-21,656222,7,2,5,3.479515,7.0,0,0
2023-04-21,656271,3,0,1,1.283903,3.0,2,0
2023-04-21,656578,15,3,1,4.4561203913043475,15.0,11,1
2023-04-21,656605,24,5,1,6.957307267399268,24.0,17,3
2023-04-21,656629,25,9,4,8.381712,25.0,12,1
2023-04-21,657024,3,1,0,0.341,3.0,2,0
2023-04-21,659275,4,1,0,0.891047619047619,4.0,3,0
2023-04-21,660271,23,11,2,4.247806,23.0,10,0
2023-04-21,663385,4,0,0,1.710611111111111,3.0,3,1
2023-04-21,663546,16,4,0,5.546005,16.0,11,1
2023-04-21,663562,22,5,0,6.070255,22.0,16,1
2023-04-21,663753,5,1,1,2.557903,5.0,3,0
2023-04-21,663897,3,0,0,0.167,3.0,3,0
2023-04-21,663947,4,2,0,0.441,4.0,2,0
2023-04-21,664076,3,2,0,0.726005,3.0,0,0
2023-04-21,664139,5,1,2,2.221806,5.0,2,0
2023-04-21,664192,24,9,2,7.359306,24.0,13,1
2023-04-21,664199,6,1,0,1.6455,6.0,5,0
2023-04-21,664208,4,1,0,0.9654999999999999,4.0,3,0
2023-04-21,665665,4,1,0,0.6639999999999999,4.0,3,0
2023-04-21,667427,5,1,1,1.831903,5.0,3,0
2023-04-21,668678,23,11,0,3.496243243243243,23.0,12,1
2023-04-21,668933,21,4,3,7.069507771121352,20.0,14,2
2023-04-21,668941,3,0,1,0.997903,3.0,2,0
2023-04-21,669060,9,3,1,2.3224744285714287,9.0,5,1
2023-04-21,669093,6,3,2,1.999806,6.0,1,0
2023-04-21,669276,4,1,1,0.824903,4.0,2,0
2023-04-21,669330,23,5,1,3.0189030000000003,23.0,17,0
2023-04-21,669424,3,3,0,0.0,3.0,0,0
2023-04-21,669711,6,0,2,2.792811,6.0,3,0
2023-04-21,669923,22,5,0,6.213553745173745,22.0,16,2
2023-04-21,670059,4,2,0,0.614,4.0,2,0
2023-04-21,670174,9,4,1,2.022903,9.0,4,0
2023-04-21,670280,3,1,0,0.01,3.0,2,0
2023-04-21,670950,3,2,0,0.214,3.0,1,0
2023-04-21,671345,3,0,0,1.217,3.0,3,0
2023-04-21,676534,11,3,0,3.1506212121212114,11.0,8,1
2023-04-21,676664,24,11,2,7.625744333333334,24.0,10,1
2023-04-21,678061,3,2,0,0.12,3.0,1,0
2023-04-21,681867,13,3,2,4.4018962255639105,13.0,8,1
2023-04-21,686613,24,7,2,8.169727666666667,24.0,14,1
2023-04-21,687330,9,1,1,2.069005,8.0,6,0
2023-04-21,693821,24,6,1,8.467352444444446,24.0,16,0
2023-04-22,425844,22,2,0,9.321248901098901,22.0,20,1
2023-04-22,448179,23,7,3,8.51682011111111,23.0,13,0
2023-04-22,453178,5,1,0,2.015405,5.0,3,0
2023-04-22,453268,4,2,0,1.2662222222222221,4.0,2,0
2023-04-22,489119,19,3,1,8.338757249011858,19.0,15,3
2023-04-22,489446,5,2,0,2.7354545454545454,5.0,3,1
2023-04-22,502043,24,11,3,6.501541470755051,24.0,10,3
2023-04-22,502202,5,0,1,3.820460246376812,5.0,4,2
2023-04-22,518397,6,0,0,1.7389999999999999,6.0,6,0
2023-04-22,518876,22,7,5,6.747411874999999,22.0,10,1
2023-04-22,518886,3,1,0,0.9199999999999999,3.0,2,0
2023-04-22,519043,4,0,0,0.692,4.0,4,0
2023-04-22,542881,24,1,0,8.964581576576576,24.0,22,1
2023-04-22,542947,2,0,0,0.7130000000000001,2.0,2,0
2023-04-22,543037,24,4,2,5.7436110000000005,23.0,16,0
2023-04-22,543056,4,1,1,1.381903,4.0,2,0
2023-04-22,543518,6,1,0,1.124,6.0,5,0
2023-04-22,543859,6,2,0,1.772153846153846,6.0,4,1
2023-04-22,547973,3,2,0,0.036,3.0,1,0
2023-04-22,554340,5,0,0,2.4241573498964804,5.0,5,1
2023-04-22,570666,19,4,0,6.181,18.0,15,0
2023-04-22,571656,3,0,0,0.9851,3.0,3,1
2023-04-22,571670,4,1,0,1.151,4.0,3,0
2023-04-22,571760,24,4,2,6.6253709999999995,24.0,17,0
2023-04-22,571945,23,4,2,6.5910732727272725,23.0,17,2
2023-04-22,571946,3,2,0,0.143,3.0,1,0
2023-04-22,571948,2,2,0,0.0,2.0,0,0
2023-04-22,592094,4,2,0,1.168153846153846,4.0,2,1
2023-04-22,593974,5,0,1,2.2588458571428576,5.0,4,1
2023-04-22,595345,4,0,1,1.6822876153846156,4.0,3,0
2023-04-22,598264,3,0,0,1.694,3.0,3,0
2023-04-22,605130,3,2,0,0.268,3.0,1,0
2023-04-22,605177,2,0,0,0.718,2.0,2,0
2023-04-22,605218,3,1,0,0.871,3.0,2,0
2023-04-22,605280,4,2,0,1.1159999999999999,4.0,2,0
2023-04-22,605397,21,6,0,4.143,21.0,15,0
2023-04-22,605447,4,0,1,2.1294363333333335,4.0,3,1
2023-04-22,606149,5,1,0,2.007,5.0,4,0
2023-04-22,606160,3,1,0,0.493,3.0,2,0
2023-04-22,606303,5,1,0,3.4466521739130442,5.0,4,1
2023-04-22,607054,7,1,2,3.1381906153846155,7.0,4,0
2023-04-22,607455,4,1,0,1.521,4.0,3,0
2023-04-22,607536,24,6,1,7.078254190476191,24.0,17,2
2023-04-22,608371,3,1,0,0.31599999999999995,3.0,2,0
2023-04-22,608665,3,2,0,0.021,3.0,1,0
2023-04-22,621016,5,2,0,2.643827272727273,5.0,3,2
2023-04-22,621051,3,0,0,0.483,3.0,3,0
2023-04-22,621074,3,2,0,0.919,3.0,1,0
2023-04-22,621076,7,1,0,2.348,7.0,6,0
2023-04-22,621249,6,1,0,1.534,6.0,5,0
2023-04-22,621363,4,1,0,0.344,4.0,3,0
2023-04-22,622065,4,3,0,0.403,4.0,1,0
2023-04-22,622075,6,2,1,2.893743,6.0,3,1
2023-04-22,622250,7,4,0,1.313089285714286,7.0,3,1
2023-04-22,622491,24,8,2,7.932297102756892,24.0,14,1
2023-04-22,622554,5,2,0,1.31,5.0,3,0
2023-04-22,622772,1,0,0,0.52,1.0,1,0
2023-04-22,623149,4,2,0,0.7350833333333333,4.0,2,0
2023-04-22,623211,5,2,0,0.245,5.0,3,0
2023-04-22,623352,3,0,0,0.631,3.0,3,0
2023-04-22,623437,3,1,0,0.891,3.0,2,0
2023-04-22,625643,3,1,0,0.368,3.0,2,0
2023-04-22,640462,5,1,1,1.6879080000000002,5.0,2,0
2023-04-22,640470,4,1,1,1.329903,4.0,2,0
2023-04-22,641154,23,6,2,7.613574620689656,23.0,13,1
2023-04-22,641302,7,2,1,1.152903,7.0,4,0
2023-04-22,641401,7,2,0,1.752,7.0,5,0
2023-04-22,641729,6,1,0,2.357,6.0,5,0
2023-04-22,641771,18,5,4,6.3386184102564105,18.0,9,1
2023-04-22,641871,3,2,0,0.126,3.0,1,0
2023-04-22,642207,4,1,0,0.7450000000000001,4.0,3,0
2023-04-22,642397,3,1,0,0.309,3.0,2,0
2023-04-22,643410,6,1,1,4.127703,6.0,4,1
2023-04-22,650556,3,2,0,0.379,3.0,1,0
2023-04-22,650671,8,0,2,4.761416,8.0,4,1
2023-04-22,650893,2,1,0,0.064,2.0,1,0
2023-04-22,650911,20,5,2,6.765364333333333,20.0,13,2
2023-04-22,656234,4,2,0,1.1464761904761904,4.0,2,1
2023-04-22,656302,20,5,1,6.440608,20.0,13,0
2023-04-22,656464,4,1,1,1.244903,4.0,2,0
2023-04-22,656849,25,8,1,9.459306259165302,25.0,16,4
2023-04-22,656945,5,1,2,2.256806,5.0,2,0
2023-04-22,656970,15,3,1,3.7669134166666662,15.0,11,1
2023-04-22,657140,24,2,1,11.760749311858076,24.0,21,4
2023-04-22,657240,1,1,0,0.0,1.0,0,0
2023-04-22,657265,5,0,0,2.300985507246377,5.0,5,1
2023-04-22,657277,25,8,1,6.447192622231872,25.0,16,2
2023-04-22,657571,4,1,0,0.576,4.0,3,0
2023-04-22,657612,5,0,0,2.115005,5.0,4,0
2023-04-22,660261,18,2,3,9.039714,18.0,12,1
2023-04-22,660853,2,0,0,0.929,2.0,2,0
2023-04-22,661309,18,2,1,8.05083916883117,18.0,14,3
2023-04-22,661403,3,0,0,0.599,3.0,3,0
2023-04-22,663556,22,10,1,5.491257838709678,22.0,11,2
2023-04-22,664076,3,1,0,0.122,3.0,2,0
2023-04-22,664126,4,1,1,0.9259030000000001,4.0,2,0
2023-04-22,664285,29,9,0,10.947963311688312,28.0,19,4
2023-04-22,664747,3,1,0,0.755005,3.0,1,0
2023-04-22,665048,6,0,0,3.8509090909090906,6.0,6,1
2023-04-22,666129,23,3,1,8.088903,23.0,19,0
2023-04-22,666168,10,4,0,1.722,10.0,6,0
2023-04-22,666201,24,5,1,7.092314764705883,24.0,18,1
2023-04-22,666214,20,4,2,7.519562521739131,20.0,14,2
2023-04-22,666374,4,3,0,0.726005,4.0,0,0
2023-04-22,666619,7,1,0,1.834,7.0,6,0
2023-04-22,666808,5,1,0,1.091,5.0,4,0
2023-04-22,666974,5,3,0,0.532,5.0,2,0
2023-04-22,668676,27,5,2,9.076998307692309,26.0,20,1
2023-04-22,668868,4,1,1,2.477903,4.0,2,0
2023-04-22,669160,22,6,3,6.787406105263158,22.0,12,2
2023-04-22,669212,8,1,1,2.281903,8.0,6,0
2023-04-22,669424,3,0,1,0.9470000000000001,2.0,2,0
2023-04-22,669456,24,4,4,9.484389126099707,24.0,16,2
2023-04-22,669459,4,2,0,0.515,4.0,2,0
2023-04-22,669713,19,1,1,8.131021598382748,18.0,16,1
2023-04-22,670167,3,1,0,0.7080000000000001,3.0,2,0
2023-04-22,670955,12,3,2,3.227811,11.0,5,0
2023-04-22,670990,9,4,1,2.187903,9.0,4,0
2023-04-22,672578,6,1,0,3.317322580645161,6.0,5,2
2023-04-22,675916,4,0,1,0.483,3.0,3,0
2023-04-22,676477,21,1,1,7.106946461538461,21.0,18,1
2023-04-22,676684,6,4,0,0.939,6.0,2,0
2023-04-22,676710,7,2,0,0.9570000000000001,7.0,5,0
2023-04-22,676714,5,2,1,1.3829030000000002,5.0,2,0
2023-04-22,676760,4,0,1,1.084903,4.0,3,0
2023-04-22,677053,4,2,0,0.42800000000000005,4.0,2,0
2023-04-22,677960,4,1,0,1.246,4.0,3,0
2023-04-22,680573,24,5,3,8.627911702702702,23.0,16,2
2023-04-22,680704,3,0,2,1.401806,3.0,1,0
2023-04-22,681806,6,2,0,0.43300000000000005,6.0,4,0
2023-04-22,681810,1,0,0,0.658,1.0,1,0
2023-04-22,681911,3,1,1,0.698903,3.0,1,0
2023-04-22,682120,4,0,1,2.701266636363637,3.0,3,1
2023-04-22,682171,3,1,0,0.7050000000000001,3.0,2,0
2023-04-22,683769,6,1,0,0.735,6.0,5,0
2023-04-22,687396,1,1,0,0.0,1.0,0,0
2023-04-23,456713,5,0,1,5.643338926773455,5.0,4,2
2023-04-23,477132,23,6,1,7.163978247079964,23.0,16,2
2023-04-23,506433,22,5,4,6.448612000000001,22.0,13,2
2023-04-23,518397,3,0,0,0.542,3.0,3,0
2023-04-23,518489,3,1,0,0.112,3.0,2,0
2023-04-23,518585,7,4,0,0.9,7.0,3,0
2023-04-23,519043,3,1,0,0.42,3.0,2,0
2023-04-23,519293,4,1,0,1.149,4.0,3,0
2023-04-23,541640,5,1,0,1.5270000000000001,5.0,4,0
2023-04-23,542947,4,2,1,0.916903,4.0,1,0
2023-04-23,543272,3,1,0,0.6130588235294117,3.0,2,0
2023-04-23,543475,24,5,1,8.33027524500957,24.0,18,4
2023-04-23,548384,4,3,0,0.194,4.0,1,0
2023-04-23,548389,17,1,1,6.523903,17.0,15,0
2023-04-23,554430,25,11,3,7.047220666666667,25.0,10,1
2023-04-23,570632,17,0,4,7.364153558441559,16.0,12,2
2023-04-23,571578,28,6,2,11.7599935,28.0,20,2
2023-04-23,571948,2,0,0,0.920005,2.0,1,0
2023-04-23,573009,3,1,0,1.2821737451737452,3.0,2,1
2023-04-23,573124,3,1,0,0.166,3.0,2,0
2023-04-23,573186,22,5,1,9.116837782608696,22.0,16,2
2023-04-23,573204,5,1,1,1.465903,5.0,3,0
2023-04-23,592332,24,11,0,5.826394891774891,24.0,13,1
2023-04-23,592741,5,1,1,1.456903,5.0,3,0
2023-04-23,592826,25,10,2,4.341856,25.0,13,0
2023-04-23,593576,3,0,0,0.259,3.0,3,0
2023-04-23,593958,22,6,0,4.132642857142857,22.0,16,0
2023-04-23,594580,4,1,1,1.8211172857142859,4.0,2,0
2023-04-23,594798,22,11,0,4.124,22.0,11,1
2023-04-23,598264,5,2,0,0.337,5.0,3,0
2023-04-23,605154,3,2,0,0.174,3.0,1,0
2023-04-23,605242,6,1,1,2.238903,6.0,4,0
2023-04-23,605347,3,0,0,0.32799999999999996,3.0,3,0
2023-04-23,606149,3,2,0,0.014,3.0,1,0
2023-04-23,607237,4,1,0,1.0,4.0,3,0
2023-04-23,607455,3,0,1,1.2602363333333333,3.0,2,0
2023-04-23,608032,3,0,0,0.5036999999999999,3.0,3,0
2023-04-23,608331,23,5,3,5.154709,23.0,15,0
2023-04-23,608337,28,5,2,11.095448109614207,28.0,20,4
2023-04-23,608718,4,1,0,0.8400000000000001,4.0,3,0
2023-04-23,608723,3,1,1,0.012,2.0,1,0
2023-04-23,614179,3,2,0,0.017,3.0,1,0
2023-04-23,621107,18,4,0,3.742588177339902,18.0,14,2
2023-04-23,621237,4,2,0,1.002,4.0,2,0
2023-04-23,621345,7,3,1,2.4309030000000003,7.0,3,0
2023-04-23,621383,4,0,1,1.948028,4.0,3,1
2023-04-23,621389,5,1,0,2.3470416666666667,5.0,4,1
2023-04-23,622098,6,1,1,1.991908,6.0,3,0
2023-04-23,623167,22,3,3,10.646404604395604,22.0,16,2
2023-04-23,623352,3,1,0,0.013,3.0,2,0
2023-04-23,623433,6,2,1,2.5168613333333334,6.0,3,1
2023-04-23,624522,7,2,1,3.1530729999999996,7.0,4,1
2023-04-23,630023,9,2,0,1.162,9.0,7,0
2023-04-23,641329,3,1,1,1.533903,3.0,1,0
2023-04-23,641656,9,2,2,2.7468060000000003,9.0,5,0
2023-04-23,641703,7,1,1,4.541775972972974,7.0,5,2
2023-04-23,641927,21,4,3,5.268597888888889,21.0,14,0
2023-04-23,642048,4,1,1,1.0529030000000001,4.0,2,0
2023-04-23,642100,5,0,0,2.0229583333333334,4.0,4,1
2023-04-23,642397,4,1,0,0.6930000000000001,4.0,3,0
2023-04-23,642546,4,2,0,0.306,4.0,2,0
2023-04-23,642585,3,2,0,0.355,3.0,1,0
2023-04-23,642770,12,2,3,5.15066667193676,11.0,7,1
2023-04-23,643256,6,0,0,3.6411764705882352,6.0,6,0
2023-04-23,643511,8,4,0,0.612388888888889,7.0,3,0
2023-04-23,650556,4,1,1,2.0099080000000002,4.0,1,0
2023-04-23,650633,6,1,0,1.379,6.0,5,0
2023-04-23,650893,3,1,1,0.9639030000000001,3.0,1,0
2023-04-23,650895,7,3,0,2.163383333333334,7.0,4,1
2023-04-23,656257,6,4,0,0.016,6.0,2,0
2023-04-23,656271,3,1,0,0.613,3.0,2,0
2023-04-23,656427,25,9,2,9.028962111111111,25.0,13,3
2023-04-23,656464,3,1,0,0.10200000000000001,3.0,2,0
2023-04-23,656638,4,2,0,0.215,4.0,2,0
2023-04-23,656731,19,2,1,10.40937992513369,19.0,15,2
2023-04-23,656814,6,1,0,1.43,6.0,5,0
2023-04-23,656981,14,1,3,6.411055153846154,14.0,10,3
2023-04-23,657024,3,1,0,0.129,3.0,2,0
2023-04-23,657031,5,2,0,1.3439999999999999,5.0,3,1
2023-04-23,657376,22,8,1,6.394932090909091,22.0,13,2
2023-04-23,657508,3,1,0,0.5830000000000001,3.0,2,0
2023-04-23,657612,5,1,0,2.2116212121212113,5.0,4,1
2023-04-23,659275,6,2,1,1.6318503684210528,6.0,3,0
2023-04-23,660813,9,0,0,4.072,9.0,8,0
2023-04-23,661395,3,1,0,0.233,3.0,2,0
2023-04-23,661403,3,0,0,0.7569999999999999,3.0,3,0
2023-04-23,663385,5,1,0,1.2927500000000003,5.0,4,0
2023-04-23,663986,4,2,0,0.453,4.0,2,0
2023-04-23,663992,4,1,1,1.5449030000000001,4.0,2,0
2023-04-23,664126,3,1,0,0.159,3.0,2,0
2023-04-23,664208,3,2,0,0.119,3.0,1,0
2023-04-23,664299,23,10,2,6.0072127796610175,23.0,11,1
2023-04-23,664849,3,1,0,1.591005,3.0,1,0
2023-04-23,664854,5,2,1,1.2464744285714286,5.0,2,0
2023-04-23,664948,8,1,0,1.862,8.0,7,0
2023-04-23,665625,5,2,0,0.634,5.0,3,0
2023-04-23,665665,3,1,2,1.391806,3.0,0,0
2023-04-23,666200,22,6,1,8.603211981018982,22.0,15,3
2023-04-23,666205,26,3,4,10.168218060606062,25.0,19,2
2023-04-23,666277,13,0,1,4.882703,13.0,12,1
2023-04-23,666808,3,2,0,0.295,3.0,1,0
2023-04-23,668881,23,6,2,8.522550273024777,23.0,15,2
2023-04-23,669203,22,5,3,6.628709,22.0,14,0
2023-04-23,669211,5,1,2,0.5,3.0,2,0
2023-04-23,669438,2,0,0,0.0,0.0,1,0
2023-04-23,670059,4,1,0,0.7798095238095238,4.0,3,0
2023-04-23,670167,4,2,0,1.4313636363636368,4.0,2,1
2023-04-23,670280,4,2,0,0.5780000000000001,4.0,2,0
2023-04-23,671106,23,8,1,7.675874000325839,23.0,14,2
2023-04-23,672282,24,6,1,9.175040692307693,24.0,16,2
2023-04-23,672335,4,0,0,1.8102,3.0,4,1
2023-04-23,672391,6,0,3,2.203709,5.0,3,0
2023-04-23,675916,6,1,1,3.804703,6.0,4,1
2023-04-23,676714,3,2,0,0.265,3.0,1,0
2023-04-23,677865,4,1,1,0.997903,4.0,2,0
2023-04-23,678394,21,3,2,7.367510545454546,20.0,16,1
2023-04-23,680570,22,6,3,8.424225666666667,22.0,13,0
2023-04-23,681810,5,2,0,1.2543541666666667,5.0,3,1
2023-04-23,682171,5,1,1,2.086903,5.0,3,0
2023-04-23,686753,9,1,3,4.778137571428572,9.0,5,1
2023-04-24,458681,22,4,3,8.606906619047619,21.0,14,2
2023-04-24,502171,33,4,1,8.183191819875777,33.0,28,2
2023-04-24,518489,3,0,0,0.547,3.0,3,0
2023-04-24,518617,6,1,2,2.769806,6.0,3,0
2023-04-24,519242,22,0,1,9.82339586598459,21.0,20,2
2023-04-24,519293,1,0,0,0.804,1.0,1,0
2023-04-24,542585,4,0,0,1.1060050000000001,4.0,3,0
2023-04-24,543056,4,1,1,0.8439030000000001,4.0,2,0
2023-04-24,543135,25,7,1,7.129617677419355,25.0,16,1
2023-04-24,543243,24,8,2,5.4013393333333335,24.0,14,1
2023-04-24,543518,6,1,0,0.907,6.0,5,0
2023-04-24,543594,18,2,2,9.442738539682539,18.0,14,4
2023-04-24,544727,6,1,1,3.492560173913044,6.0,3,1
2023-04-24,547973,6,1,1,2.094903,6.0,4,0
2023-04-24,571510,21,8,1,5.628924212121212,21.0,12,2
2023-04-24,571656,7,1,0,1.8365,7.0,6,1
2023-04-24,572403,6,2,1,1.7720256410256414,5.0,3,1
2023-04-24,572955,4,1,0,0.9239999999999999,4.0,3,0
2023-04-24,592222,3,0,0,1.861,3.0,3,0
2023-04-24,592773,6,1,1,1.634903,6.0,4,0
2023-04-24,593974,3,0,0,1.0401764705882353,3.0,3,0
2023-04-24,595345,3,1,0,1.2726521739130439,3.0,2,1
2023-04-24,596295,20,3,3,7.511542333333334,20.0,14,0
2023-04-24,600917,4,1,3,2.0877090000000003,4.0,0,0
2023-04-24,605135,27,4,3,7.677714,27.0,19,1
2023-04-24,605177,8,4,1,1.335903,8.0,3,0
2023-04-24,605447,3,0,0,0.40499999999999997,3.0,3,0
2023-04-24,607067,21,1,4,8.621058808510638,21.0,16,1
2023-04-24,608371,3,1,0,0.077,3.0,2,0
2023-04-24,612434,3,0,0,0.643,3.0,3,0
2023-04-24,615698,20,2,2,9.110306,20.0,16,0
2023-04-24,621016,3,0,0,0.862,3.0,3,0
2023-04-24,621076,6,2,2,3.021806,6.0,2,0
2023-04-24,622772,5,1,0,1.3158333333333332,5.0,4,0
2023-04-24,641329,3,2,1,0.695903,3.0,0,0
2023-04-24,641540,8,1,2,3.9260917142857146,8.0,5,0
2023-04-24,641729,4,1,0,0.21699999999999997,4.0,3,0
2023-04-24,641745,21,2,6,7.136218,21.0,13,0
2023-04-24,641835,1,1,0,0.0,1.0,0,0
2023-04-24,641871,4,0,1,3.035992285714286,4.0,3,1
2023-04-24,642545,13,1,2,5.290357545454546,12.0,10,0
2023-04-24,643377,6,1,0,1.924,6.0,5,0
2023-04-24,647315,5,1,1,1.244903,5.0,3,0
2023-04-24,656061,8,1,2,2.244806,8.0,5,0
2023-04-24,656222,3,0,0,0.313,3.0,3,0
2023-04-24,656234,6,1,0,0.492,6.0,5,0
2023-04-24,656353,9,3,0,2.097,8.0,6,0
2023-04-24,656638,3,2,0,0.295,3.0,1,0
2023-04-24,656756,26,6,1,6.929908,26.0,18,0
2023-04-24,657514,9,0,0,4.073928571428572,9.0,9,0
2023-04-24,660761,23,5,2,10.204281175484892,23.0,16,5
2023-04-24,661527,11,4,2,3.787811,11.0,4,0
2023-04-24,663558,6,1,2,2.048806,6.0,3,0
2023-04-24,663855,4,2,0,0.235,4.0,2,0
2023-04-24,663947,3,0,0,0.6890000000000001,3.0,3,0
2023-04-24,664076,3,0,1,0.909903,3.0,2,0
2023-04-24,664139,3,2,0,0.243,3.0,1,0
2023-04-24,664353,17,3,2,8.921107564722618,17.0,12,2
2023-04-24,664747,3,1,0,0.3985,3.0,2,0
2023-04-24,664776,7,3,2,1.638806,7.0,2,0
2023-04-24,664875,3,0,0,0.42,3.0,3,0
2023-04-24,665152,23,5,1,9.455569666666666,23.0,17,2
2023-04-24,665795,22,6,4,9.241738470588235,22.0,12,2
2023-04-24,666157,21,6,2,9.523734093645484,21.0,13,2
2023-04-24,666619,6,1,2,2.181806,6.0,3,0
2023-04-24,666745,14,1,3,4.576709,14.0,10,0
2023-04-24,666974,3,2,0,0.272,3.0,1,0
2023-04-24,667427,5,2,0,2.05865,5.0,3,1
2023-04-24,669060,7,4,0,0.763,7.0,3,0
2023-04-24,669211,1,0,0,0.059,1.0,1,0
2023-04-24,669459,4,0,0,1.4758333333333333,4.0,4,0
2023-04-24,669711,9,2,1,4.817903,9.0,6,1
2023-04-24,669854,10,3,0,2.293,10.0,7,0
2023-04-24,670124,7,1,0,1.098,7.0,6,0
2023-04-24,671345,3,0,0,0.9303478260869564,2.0,2,1
2023-04-24,671737,20,6,0,6.141895756302521,20.0,13,1
2023-04-24,672578,8,3,1,1.896903,7.0,3,0
2023-04-24,674072,20,1,4,7.306066545454546,20.0,15,1
2023-04-24,675540,11,1,1,3.8879618235294116,11.0,9,0
2023-04-24,675911,27,13,0,5.115845098039216,27.0,14,1
2023-04-24,680704,2,2,0,0.0,2.0,0,0
2023-04-24,681806,4,2,2,1.391806,4.0,0,0
2023-04-24,682120,7,2,0,2.270047619047619,7.0,5,0
2023-04-24,686610,23,2,1,11.736908,23.0,18,2
2023-04-24,687330,8,3,0,1.9709333333333334,8.0,5,0
2023-04-25,445276,2,0,0,0.829,2.0,2,0
2023-04-25,445926,6,1,0,1.514,6.0,5,0
2023-04-25,446372,23,3,0,6.05925,23.0,20,1
2023-04-25,450203,26,9,2,7.244633272727273,25.0,15,2
2023-04-25,453178,3,1,0,1.4060000000000001,3.0,2,0
2023-04-25,472610,4,0,0,1.143,4.0,4,0
2023-04-25,488984,5,1,0,0.8430000000000001,5.0,4,0
2023-04-25,493603,3,0,0,0.549,3.0,3,0
2023-04-25,518397,4,0,0,2.342192307692308,4.0,4,1
2023-04-25,519043,6,1,1,1.250903,6.0,4,0
2023-04-25,519151,3,0,0,1.137,3.0,3,0
2023-04-25,527048,26,5,1,6.096903,26.0,20,0
2023-04-25,542914,3,0,0,0.173,3.0,3,0
2023-04-25,543521,2,0,0,0.8460000000000001,2.0,2,0
2023-04-25,547973,4,1,0,1.008,4.0,3,0
2023-04-25,571882,5,3,0,0.955,5.0,2,0
2023-04-25,571901,5,2,1,0.761,4.0,2,0
2023-04-25,571946,3,1,0,0.274,3.0,2,0
2023-04-25,573124,4,1,0,1.1219999999999999,4.0,3,0
2023-04-25,592094,4,0,0,1.6840000000000002,4.0,4,0
2023-04-25,592390,4,2,1,0.7659030000000001,4.0,1,0
2023-04-25,592789,22,2,0,9.226047735042735,22.0,19,2
2023-04-25,594835,19,2,1,7.210791888888889,19.0,16,1
2023-04-25,595345,4,3,0,0.005,4.0,1,0
2023-04-25,596001,4,1,0,0.667,4.0,3,0
2023-04-25,596112,2,0,0,1.50995,2.0,2,1
2023-04-25,596133,28,8,2,10.862557022335153,28.0,17,4
2023-04-25,598286,9,1,2,2.509806,9.0,6,0
2023-04-25,605130,7,2,1,1.034903,7.0,4,0
2023-04-25,605154,5,2,0,1.335,5.0,3,0
2023-04-25,605182,25,3,3,7.410221941176471,25.0,19,2
2023-04-25,605347,3,1,0,0.58,3.0,2,0
2023-04-25,605483,23,5,5,9.06237546511628,23.0,13,1
2023-04-25,605513,18,2,3,6.041209,18.0,13,0
2023-04-25,606149,4,0,1,2.132903,4.0,3,0
2023-04-25,606160,3,1,0,0.118,3.0,2,0
2023-04-25,606303,8,2,0,1.772,8.0,6,0
2023-04-25,607755,4,1,0,1.127,4.0,3,0
2023-04-25,608032,5,1,0,0.6579999999999999,5.0,4,0
2023-04-25,608718,6,2,0,0.669,6.0,4,0
2023-04-25,608723,11,2,0,1.617,11.0,9,0
2023-04-25,614179,6,1,0,1.025,6.0,5,0
2023-04-25,621051,6,0,3,3.1837090000000003,6.0,3,0
2023-04-25,621074,5,1,1,1.606903,5.0,3,0
2023-04-25,621244,25,9,1,5.963569666666666,25.0,15,0
2023-04-25,621249,5,0,1,1.654903,5.0,4,0
2023-04-25,621363,3,0,0,0.251,3.0,3,0
2023-04-25,621383,11,2,0,3.0450769230769237,11.0,9,1
2023-04-25,622075,4,2,0,0.942,4.0,2,0
2023-04-25,623149,5,2,0,1.564,5.0,3,0
2023-04-25,623437,3,0,0,1.2530000000000001,3.0,3,0
2023-04-25,623465,3,1,0,0.127,3.0,2,0
2023-04-25,624522,5,1,2,1.505806,5.0,2,0
2023-04-25,624647,4,1,0,1.3208297872340424,4.0,3,1
2023-04-25,628708,3,1,0,0.14,3.0,2,0
2023-04-25,640455,5,2,0,1.7754000000000003,5.0,3,1
2023-04-25,640470,2,2,0,0.0,2.0,0,0
2023-04-25,641302,4,2,0,0.9342272727272727,4.0,2,0
2023-04-25,641401,5,0,1,2.209183487804878,5.0,4,1
2023-04-25,641482,22,6,1,5.229486028083028,22.0,15,0
2023-04-25,641778,19,4,2,8.677988389937106,19.0,13,2
2023-04-25,642100,4,1,0,1.779,4.0,3,0
2023-04-25,642231,13,3,0,4.847282777777778,13.0,9,1
2023-04-25,642546,2,1,0,0.224,2.0,1,0
2023-04-25,643410,5,1,0,1.575005,5.0,3,0
2023-04-25,643511,6,1,0,0.8260000000000001,6.0,5,0
2023-04-25,650893,5,4,0,0.051,5.0,1,0
2023-04-25,656222,4,0,0,1.179,4.0,4,0
2023-04-25,656288,21,7,2,7.416339333333333,21.0,12,2
2023-04-25,656464,4,0,0,1.879005,4.0,3,0
2023-04-25,656876,25,5,2,7.967806,25.0,18,0
2023-04-25,656945,5,2,0,2.1896890566037737,5.0,3,2
2023-04-25,656970,4,0,1,1.352903,4.0,3,0
2023-04-25,657006,20,5,2,4.4991022962962965,20.0,13,1
2023-04-25,657265,3,0,0,1.0119428571428575,3.0,3,1
2023-04-25,657508,8,2,0,1.008,8.0,6,0
2023-04-25,657571,6,1,1,1.960908,6.0,3,0
2023-04-25,657746,28,7,0,7.343,28.0,21,0
2023-04-25,660853,6,2,1,1.5293624594594595,6.0,3,1
2023-04-25,661395,4,1,0,0.587,4.0,3,0
2023-04-25,663372,22,6,0,7.097727272727273,22.0,16,1
2023-04-25,663455,8,2,1,1.9375141111111112,8.0,5,1
2023-04-25,663546,5,0,0,1.514005,4.0,4,0
2023-04-25,663559,24,7,0,9.829797451963241,24.0,17,4
2023-04-25,663765,21,4,1,5.912058844155845,20.0,15,3
2023-04-25,663773,19,2,2,7.770564620689655,19.0,15,1
2023-04-25,663878,4,1,0,0.880005,4.0,2,0
2023-04-25,663903,23,5,0,5.181860465116279,23.0,18,1
2023-04-25,663992,5,1,1,2.0523624594594594,5.0,3,1
2023-04-25,664199,6,1,2,2.808806,6.0,3,0
2023-04-25,664208,3,0,0,0.429,3.0,3,0
2023-04-25,664747,4,2,0,0.44,4.0,2,0
2023-04-25,664854,5,1,0,3.0472000000000006,5.0,4,1
2023-04-25,664875,4,1,0,0.763,4.0,3,0
2023-04-25,664948,5,0,1,2.064903,5.0,4,0
2023-04-25,665625,11,2,0,2.043,11.0,9,0
2023-04-25,665665,3,1,0,0.241,3.0,2,0
2023-04-25,666142,7,0,1,3.951908,7.0,5,0
2023-04-25,666168,9,4,0,0.778,9.0,5,0
2023-04-25,666374,6,2,0,2.759005,6.0,3,0
2023-04-25,666808,3,1,0,0.668,3.0,2,0
2023-04-25,669194,25,3,0,9.51274074074074,25.0,22,1
2023-04-25,669276,4,1,0,0.983,4.0,3,0
2023-04-25,669438,9,4,0,1.23465,9.0,5,1
2023-04-25,669674,7,1,0,2.28,7.0,6,0
2023-04-25,669796,3,2,0,0.067,3.0,1,0
2023-04-25,670059,6,1,1,3.3379565714285717,6.0,4,1
2023-04-25,670124,6,0,0,2.8964615384615384,6.0,6,1
2023-04-25,670174,8,1,0,2.7542272727272725,8.0,7,0
2023-04-25,670912,26,4,2,6.821458173913044,26.0,19,1
2023-04-25,671345,4,2,0,0.136,4.0,2,0
2023-04-25,672335,4,0,1,1.7493196666666666,4.0,3,0
2023-04-25,672391,6,0,0,4.212854838709678,6.0,6,2
2023-04-25,675916,3,0,0,0.597,3.0,3,0
2023-04-25,676130,24,1,6,10.025111548387097,24.0,17,1
2023-04-25,676760,5,2,0,1.6885178571428572,5.0,3,1
2023-04-25,677053,4,0,0,1.548227272727273,4.0,4,1
2023-04-25,677651,23,7,2,4.800753368421053,23.0,14,0
2023-04-25,677960,3,0,0,0.507,3.0,3,0
2023-04-25,678061,2,0,0,0.845,2.0,2,0
2023-04-25,680686,23,9,1,2.980903,23.0,13,0
2023-04-25,680694,18,1,4,8.111701285714286,18.0,13,1
2023-04-25,685410,23,4,4,11.683377222146275,23.0,15,4
2023-04-25,695243,18,6,1,6.164657285714286,18.0,11,1
2023-04-26,453268,6,1,1,1.896903,6.0,4,0
2023-04-26,493603,5,2,1,1.293903,5.0,2,0
2023-04-26,502085,4,2,1,1.098403,4.0,1,0
2023-04-26,502202,3,1,0,0.334,3.0,2,0
2023-04-26,518886,3,2,0,0.012,3.0,1,0
2023-04-26,519151,3,0,0,0.946,3.0,3,0
2023-04-26,542947,6,0,1,2.542903,5.0,5,0
2023-04-26,543056,4,0,0,1.8870000000000002,4.0,4,0
2023-04-26,543101,25,6,1,9.481816186813187,25.0,17,3
2023-04-26,543272,6,2,1,1.414005,5.0,2,0
2023-04-26,543518,2,0,0,1.382363636363637,2.0,2,1
2023-04-26,543859,10,2,2,3.3400492432432434,10.0,6,1
2023-04-26,547179,26,5,2,8.541244035714286,26.0,17,2
2023-04-26,548384,1,0,0,0.091,1.0,1,0
2023-04-26,554340,3,2,0,0.251,3.0,1,0
2023-04-26,571670,7,0,1,0.563,6.0,6,0
2023-04-26,571927,21,3,3,8.126150964285715,21.0,15,1
2023-04-26,571948,3,0,0,1.0,3.0,3,0
2023-04-26,572955,2,0,0,0.254,2.0,2,0
2023-04-26,579328,21,8,1,6.097967285714286,21.0,12,0
2023-04-26,592351,24,2,2,7.401542884057971,22.0,18,0
2023-04-26,592767,20,4,1,6.272023689655172,20.0,15,1
2023-04-26,592836,19,6,2,7.274368968515742,19.0,11,2
2023-04-26,593334,25,8,2,10.371146192307691,25.0,14,5
2023-04-26,593576,3,1,0,0.6,3.0,2,0
2023-04-26,596112,4,1,0,0.8939999999999999,4.0,3,0
2023-04-26,605177,5,1,1,1.101903,5.0,3,0
2023-04-26,605218,3,0,2,1.499806,3.0,1,0
2023-04-26,605280,3,1,0,0.379,3.0,2,0
2023-04-26,607237,5,2,1,1.183903,4.0,2,0
2023-04-26,607259,12,2,0,2.075,12.0,10,0
2023-04-26,608371,4,2,0,0.816005,4.0,1,0
2023-04-26,608379,20,5,1,6.560403,20.0,14,1
2023-04-26,608566,17,4,1,7.14836245945946,17.0,12,3
2023-04-26,608717,7,2,0,2.643129787234043,7.0,5,2
2023-04-26,612434,4,0,0,2.042,4.0,4,0
2023-04-26,621016,4,1,0,1.204,4.0,3,0
2023-04-26,621074,1,0,0,0.254,1.0,1,0
2023-04-26,621237,4,2,0,1.026,4.0,2,0
2023-04-26,621345,3,2,0,0.029,3.0,1,0
2023-04-26,622065,4,2,0,0.704,4.0,2,0
2023-04-26,622075,7,0,1,3.320125391304348,6.0,4,1
2023-04-26,622250,9,4,1,1.2869030000000001,9.0,4,0
2023-04-26,622251,4,2,0,0.879005,4.0,1,0
2023-04-26,622554,4,2,0,0.461,4.0,2,0
2023-04-26,623211,4,0,0,1.026,4.0,4,0
2023-04-26,623352,5,1,1,1.876903,5.0,3,0
2023-04-26,623437,4,0,0,1.974,4.0,4,0
2023-04-26,628317,21,2,2,9.752124840579711,21.0,17,1
2023-04-26,640448,3,2,0,0.345,3.0,1,0
2023-04-26,640451,5,3,0,0.274,5.0,2,0
2023-04-26,640470,5,0,0,0.634,5.0,5,0
2023-04-26,641360,7,1,1,2.304903,6.0,5,0
2023-04-26,641420,4,2,1,1.047903,4.0,1,0
2023-04-26,641627,4,2,0,0.332,4.0,2,0
2023-04-26,641656,7,2,1,1.8509030000000002,7.0,4,0
2023-04-26,641871,1,1,0,0.0,1.0,0,0
2023-04-26,641941,3,1,0,0.4353999999999999,3.0,2,0
2023-04-26,642100,3,0,0,1.259,3.0,3,0
2023-04-26,642207,3,1,0,1.0163846153846154,3.0,2,0
2023-04-26,642232,16,2,1,4.819908,16.0,12,0
2023-04-26,642546,2,0,0,1.388192307692308,2.0,2,1
2023-04-26,642547,24,8,0,5.796005,24.0,15,0
2023-04-26,642585,5,2,1,0.7869030000000001,5.0,2,0
2023-04-26,643511,4,0,1,1.363903,4.0,3,0
2023-04-26,645261,24,6,3,8.350125666666667,24.0,15,1
2023-04-26,656234,6,0,1,2.3009030000000004,6.0,5,0
2023-04-26,656257,9,2,1,2.9764501698113204,9.0,6,1
2023-04-26,656557,25,2,2,8.399726,24.0,21,1
2023-04-26,656629,23,4,2,10.217034401405357,23.0,15,2
2023-04-26,656814,7,2,0,1.308,7.0,5,0
2023-04-26,657024,4,4,0,0.0,4.0,0,0
2023-04-26,657031,3,2,0,0.152,3.0,1,0
2023-04-26,657240,5,2,0,1.294,5.0,3,0
2023-04-26,657265,2,1,0,0.078,2.0,1,0
2023-04-26,657514,3,2,0,0.071,3.0,1,0
2023-04-26,660261,9,3,1,3.071903,9.0,5,0
2023-04-26,661403,4,0,0,0.891,4.0,4,0
2023-04-26,663385,6,1,1,2.7092172857142858,6.0,4,1
2023-04-26,663546,4,0,2,2.1330560000000003,4.0,2,0
2023-04-26,663776,28,5,0,6.37996779491833,28.0,22,2
2023-04-26,663855,8,4,0,1.907,8.0,4,0
2023-04-26,663941,3,0,1,1.1859030000000002,3.0,2,0
2023-04-26,663947,7,2,0,1.373733333333333,7.0,5,1
2023-04-26,663986,3,1,0,0.059,3.0,2,0
2023-04-26,664062,14,1,3,5.368709,14.0,10,0
2023-04-26,664139,5,1,0,1.528005,4.0,2,0
2023-04-26,664294,7,4,0,2.050043478260869,7.0,3,1
2023-04-26,665622,27,6,3,10.054983815021638,27.0,18,3
2023-04-26,666619,5,2,0,1.6300000000000001,5.0,3,0
2023-04-26,666808,2,0,1,1.077903,2.0,1,0
2023-04-26,666974,6,1,0,1.306005,6.0,4,0
2023-04-26,668678,23,12,0,5.265454545454546,23.0,11,0
2023-04-26,668868,7,2,2,3.2547488571428573,7.0,3,1
2023-04-26,668933,26,3,4,8.057242,26.0,18,0
2023-04-26,669022,25,10,2,4.924806,25.0,13,0
2023-04-26,669060,3,1,0,0.914,3.0,2,0
2023-04-26,669212,4,3,0,1.0440256410256414,4.0,1,1
2023-04-26,669302,23,6,1,8.160503,23.0,16,1
2023-04-26,669330,21,7,1,6.123829470588235,21.0,13,1
2023-04-26,669424,11,2,2,4.026411,11.0,6,1
2023-04-26,670167,5,0,1,1.648903,5.0,4,0
2023-04-26,670950,3,3,0,0.0,3.0,0,0
2023-04-26,672710,22,5,2,4.8058060000000005,22.0,15,0
2023-04-26,673540,23,7,4,6.114612,23.0,12,0
2023-04-26,676440,23,8,0,5.514963333333333,23.0,14,1
2023-04-26,676534,9,1,2,3.009806,9.0,6,0
2023-04-26,676596,21,2,1,6.993236333333334,21.0,18,0
2023-04-26,676684,4,3,1,0.695903,4.0,0,0
2023-04-26,676714,4,0,1,1.606903,3.0,3,0
2023-04-26,677053,3,2,1,0.0,2.0,0,0
2023-04-26,677865,6,1,0,1.3894999999999997,6.0,5,0
2023-04-26,681217,8,2,2,2.500806,8.0,4,0
2023-04-26,681911,6,1,0,1.7200000000000002,6.0,5,0
2023-04-26,682171,3,0,0,0.383,3.0,3,0
2023-04-26,686613,23,8,2,3.896806,23.0,13,0
2023-04-26,687396,20,8,2,6.910640343434344,20.0,10,3
2023-04-26,693821,23,3,2,10.709093878787877,23.0,18,3
2023-04-27,425844,20,3,2,8.768938009925558,20.0,15,2
2023-04-27,445926,2,1,0,0.557,2.0,1,0
2023-04-27,472610,3,1,0,0.984,3.0,2,1
2023-04-27,488984,10,2,0,2.77401,10.0,6,0
2023-04-27,489446,4,0,1,1.349903,4.0,3,0
2023-04-27,502043,23,3,2,7.351306,23.0,18,0
2023-04-27,502085,3,2,0,0.034,3.0,1,0
2023-04-27,502202,3,0,1,0.895903,3.0,2,0
2023-04-27,518617,9,2,2,3.947806,9.0,5,0
2023-04-27,518886,3,2,0,0.136,3.0,1,0
2023-04-27,519043,4,1,1,0.8469030000000001,4.0,2,0
2023-04-27,523260,5,1,0,2.349,5.0,4,1
2023-04-27,541640,7,0,0,3.4405,7.0,7,1
2023-04-27,542585,2,0,1,0.916903,2.0,1,0
2023-04-27,543037,27,8,1,6.508994034482759,27.0,18,2
2023-04-27,543521,8,1,0,1.99825,8.0,7,0
2023-04-27,544727,3,1,1,1.557903,3.0,1,0
2023-04-27,548384,5,0,0,1.787222391304348,5.0,4,1
2023-04-27,571670,3,2,0,0.202,3.0,1,0
2023-04-27,571760,25,6,1,9.430768042016807,24.0,15,2
2023-04-27,571901,2,0,0,0.31,2.0,2,0
2023-04-27,571945,26,6,2,7.861949888888889,26.0,17,2
2023-04-27,572403,3,2,0,0.044,3.0,1,0
2023-04-27,592741,7,0,1,3.55035952173913,7.0,6,1
2023-04-27,592779,7,3,0,1.174,7.0,4,0
2023-04-27,592866,27,4,2,10.813867662564943,27.0,21,3
2023-04-27,594580,3,0,1,0.786903,3.0,2,0
2023-04-27,595345,2,1,0,0.075,2.0,1,0
2023-04-27,598264,9,1,2,4.652993499999999,9.0,6,1
2023-04-27,600917,4,1,0,1.3860256410256415,4.0,3,1
2023-04-27,605154,5,0,0,1.3539999999999999,5.0,5,0
2023-04-27,605242,4,2,1,0.7279030000000001,4.0,1,0
2023-04-27,607481,3,1,0,0.417,3.0,2,0
2023-04-27,607625,23,3,0,8.008209545454546,23.0,19,2
2023-04-27,608032,4,2,0,0.444,4.0,2,0
2023-04-27,608665,4,0,0,1.3737727272727274,4.0,4,1
2023-04-27,621016,4,1,0,2.2701666666666664,4.0,3,1
2023-04-27,621249,4,1,0,0.942,4.0,3,0
2023-04-27,621345,7,2,0,3.504,7.0,5,0
2023-04-27,621381,18,5,0,4.3986478571428576,18.0,12,0
2023-04-27,622251,3,2,0,0.14,3.0,1,0
2023-04-27,622554,2,0,0,0.442,2.0,2,0
2023-04-27,623433,3,2,0,0.293,3.0,1,0
2023-04-27,624522,6,0,1,2.4924744285714286,6.0,5,0
2023-04-27,624647,3,2,0,0.289,3.0,1,0
2023-04-27,625643,4,3,0,0.0,3.0,0,0
2023-04-27,628711,25,5,2,10.433107976284585,25.0,18,3
2023-04-27,640448,2,1,0,0.336,2.0,1,0
2023-04-27,640462,3,1,0,0.034,3.0,2,0
2023-04-27,641302,4,0,0,1.335,3.0,3,0
2023-04-27,641329,7,2,2,1.4678060000000002,7.0,3,0
2023-04-27,641360,5,1,0,2.1848526558331316,5.0,4,1
2023-04-27,641401,3,1,0,1.7194,3.0,2,0
2023-04-27,641420,7,2,0,0.9149999999999999,7.0,5,0
2023-04-27,641703,3,1,0,0.472,3.0,2,0
2023-04-27,641816,15,6,0,3.6515549169859516,15.0,9,2
2023-04-27,642397,5,1,2,2.3238060000000003,5.0,2,0
2023-04-27,642585,6,3,3,2.0877090000000003,6.0,0,0
2023-04-27,642758,7,2,0,2.3358333333333334,7.0,5,1
2023-04-27,643410,4,0,1,2.281903,4.0,3,0
2023-04-27,650633,8,2,1,1.871903,8.0,5,0
2023-04-27,650671,5,0,0,2.009,5.0,5,0
2023-04-27,650893,8,2,1,1.7219030000000002,8.0,5,0
2023-04-27,656271,8,0,0,3.3685555555555555,8.0,8,1
2023-04-27,656302,22,3,2,11.13091332018726,22.0,17,4
2023-04-27,656605,24,10,1,5.654903,24.0,13,0
2023-04-27,656970,9,2,1,3.5075746666666667,9.0,5,0
2023-04-27,657140,12,6,1,2.278903,12.0,5,0
2023-04-27,657277,27,7,1,9.682115903150132,27.0,19,4
2023-04-27,657508,2,0,0,0.0,2.0,2,0
2023-04-27,657612,4,1,0,0.945,4.0,3,0
2023-04-27,660271,26,8,2,8.863658407699477,26.0,13,3
2023-04-27,661395,4,2,1,0.811903,4.0,1,0
2023-04-27,663385,3,0,2,1.5508060000000001,3.0,1,0
2023-04-27,663556,22,5,2,6.210206,22.0,15,0
2023-04-27,663558,7,2,1,1.348903,7.0,4,0
2023-04-27,663941,8,2,1,2.223403,8.0,5,0
2023-04-27,663992,2,1,0,0.5005000000000001,2.0,1,0
2023-04-27,664192,23,3,2,9.530085088525912,23.0,18,2
2023-04-27,665048,3,0,1,1.479903,3.0,2,0
2023-04-27,666129,10,3,0,1.274,10.0,7,0
2023-04-27,666168,4,0,0,3.2173968749999995,4.0,4,1
2023-04-27,666214,22,6,1,5.685346806398687,22.0,15,2
2023-04-27,666619,1,1,0,0.0,1.0,0,0
2023-04-27,669211,4,2,1,0.765903,4.0,1,0
2023-04-27,669276,3,2,0,0.191,3.0,1,0
2023-04-27,669713,20,3,1,7.453670987804878,20.0,15,3
2023-04-27,669796,2,1,0,0.246,2.0,1,0
2023-04-27,669923,29,7,1,5.935903,28.0,20,0
2023-04-27,670042,6,0,0,2.346,6.0,6,0
2023-04-27,670280,3,1,0,0.6186428571428572,3.0,2,0
2023-04-27,672335,4,1,2,2.117811,4.0,0,0
2023-04-27,672578,8,3,0,1.8654,8.0,5,0
2023-04-27,676664,22,4,2,7.76305458974359,22.0,15,1
2023-04-27,676684,4,0,0,1.98085,4.0,4,0
2023-04-27,687330,5,0,0,2.5095714285714283,5.0,5,1
2023-04-28,453268,4,0,1,2.0279030000000002,4.0,3,0
2023-04-28,489119,24,2,0,7.955709523809524,24.0,22,2
2023-04-28,518585,5,0,1,2.5340229999999995,5.0,4,1
2023-04-28,518876,24,5,1,7.763903,24.0,18,0
2023-04-28,519293,3,1,0,0.149,3.0,2,0
2023-04-28,542881,28,7,3,8.447475666666667,27.0,17,1
2023-04-28,543475,23,4,4,9.597634727272727,23.0,15,3
2023-04-28,543518,3,1,0,0.225,3.0,2,0
2023-04-28,554340,3,2,0,0.121,3.0,1,0
2023-04-28,570666,22,2,1,8.734903,22.0,19,0
2023-04-28,571656,4,2,1,1.4219080000000002,4.0,0,0
2023-04-28,571670,4,0,0,1.277,4.0,4,0
2023-04-28,571882,7,2,1,3.457617285714285,7.0,4,1
2023-04-28,571901,7,1,0,1.934,7.0,6,0
2023-04-28,571946,4,0,1,1.061903,4.0,3,0
2023-04-28,573009,3,1,0,0.6180000000000001,3.0,2,0
2023-04-28,573186,24,3,2,9.145806,24.0,19,0
2023-04-28,573204,5,2,1,1.508903,5.0,2,0
2023-04-28,592094,4,1,0,0.893,4.0,3,0
2023-04-28,594580,2,1,0,0.075,2.0,1,0
2023-04-28,594798,13,2,1,2.3539030000000003,13.0,10,0
2023-04-28,601713,22,5,2,9.218311,22.0,14,0
2023-04-28,605242,3,2,0,0.198,3.0,1,0
2023-04-28,605347,6,1,0,2.168005,6.0,4,0
2023-04-28,605400,27,6,0,6.141063135985199,27.0,21,2
2023-04-28,605447,3,2,0,0.833,3.0,1,0
2023-04-28,606160,3,2,0,0.101,3.0,1,0
2023-04-28,606303,3,0,0,0.594,3.0,3,0
2023-04-28,607237,3,0,1,0.8609030000000001,3.0,2,0
2023-04-28,607536,22,3,1,7.407984111111111,22.0,18,2
2023-04-28,607968,28,1,1,11.234286333333333,28.0,26,1
2023-04-28,608331,19,7,1,4.172903,19.0,11,0
2023-04-28,608337,28,6,0,6.297000000000001,28.0,22,0
2023-04-28,608371,3,1,0,0.434,3.0,2,0
2023-04-28,608665,4,2,0,0.9874210526315788,4.0,2,1
2023-04-28,608717,6,0,0,1.9213846153846155,6.0,6,0
2023-04-28,612434,4,1,0,0.9540000000000001,4.0,3,0
2023-04-28,621074,4,0,0,1.9750100000000002,4.0,2,0
2023-04-28,621107,23,5,2,10.319920079283886,23.0,15,3
2023-04-28,621237,3,2,0,0.052,3.0,1,0
2023-04-28,621363,3,1,0,1.2611739130434783,3.0,2,1
2023-04-28,621389,4,1,0,1.249,4.0,3,0
2023-04-28,622491,23,4,2,8.987811036630037,23.0,17,4
2023-04-28,622772,6,2,0,0.682,6.0,4,0
2023-04-28,623211,3,1,0,0.367,3.0,2,0
2023-04-28,624647,3,0,1,1.3919030000000001,3.0,2,0
2023-04-28,625643,4,0,0,0.651,4.0,4,0
2023-04-28,640462,5,2,0,1.496,5.0,3,0
2023-04-28,641154,27,7,1,9.968796798449612,27.0,19,4
2023-04-28,641540,14,1,0,3.517005,14.0,12,0
2023-04-28,641627,6,1,0,2.153005,6.0,4,0
2023-04-28,641835,3,2,0,0.152,3.0,1,0
2023-04-28,642207,3,1,0,0.599,3.0,2,0
2023-04-28,642546,4,1,0,1.1070000000000002,4.0,3,0
2023-04-28,643377,4,2,0,1.036,4.0,2,0
2023-04-28,643410,2,1,0,0.202,2.0,1,0
2023-04-28,650556,3,2,0,0.087,3.0,1,0
2023-04-28,656061,3,1,0,0.439,3.0,2,0
2023-04-28,656427,25,7,2,8.737520787234043,25.0,14,2
2023-04-28,656849,21,6,1,7.314903,21.0,14,1
2023-04-28,657024,3,2,0,0.01,3.0,1,0
2023-04-28,657031,7,5,0,1.4277931034482756,7.0,2,1
2023-04-28,657044,4,0,1,1.333903,4.0,3,0
2023-04-28,657265,5,0,0,0.9810000000000001,5.0,5,0
2023-04-28,657376,27,8,1,10.05061035387076,27.0,17,3
2023-04-28,657571,3,1,0,0.942,3.0,2,0
2023-04-28,659275,6,0,1,3.1648458571428577,6.0,5,1
2023-04-28,660261,8,1,3,3.919709,8.0,4,0
2023-04-28,660813,1,0,0,0.002,1.0,1,0
2023-04-28,661403,4,0,0,0.502,4.0,4,0
2023-04-28,663986,5,1,0,1.974,5.0,4,0
2023-04-28,664126,4,1,1,1.4889080000000001,4.0,1,0
2023-04-28,664199,3,1,0,0.31,3.0,2,0
2023-04-28,664285,28,3,0,10.7166267281106,28.0,25,3
2023-04-28,664875,5,0,1,1.8289030000000002,4.0,4,0
2023-04-28,666200,24,6,2,8.070564613998615,24.0,16,4
2023-04-28,666201,24,7,4,8.716693923076924,24.0,12,1
2023-04-28,666374,3,1,0,0.263,3.0,2,0
2023-04-28,668941,8,3,2,2.138806,8.0,3,0
2023-04-28,669160,22,4,4,6.557066545454545,22.0,14,0
2023-04-28,669456,27,4,2,7.5659267729468604,27.0,21,1
2023-04-28,669674,10,1,1,4.2885732173913045,9.0,7,1
2023-04-28,676710,15,3,0,2.035030701754386,15.0,12,0
2023-04-28,681911,6,2,1,1.605903,6.0,3,0
2023-04-28,682171,3,2,0,0.301,3.0,1,0
2023-04-28,687330,1,0,0,0.021,1.0,1,0
2023-04-29,445276,6,1,0,1.911,6.0,5,0
2023-04-29,448179,27,5,0,9.998920346320347,27.0,21,2
2023-04-29,458681,24,10,2,7.0793738571428575,24.0,12,2
2023-04-29,477132,23,9,0,2.279,23.0,14,0
2023-04-29,518397,4,0,2,2.750806,4.0,2,0
2023-04-29,518489,5,1,2,2.8718060000000003,5.0,2,0
2023-04-29,518617,5,0,1,2.5841850512820512,5.0,4,1
2023-04-29,541640,3,0,0,0.199,3.0,3,0
2023-04-29,542585,5,1,2,1.6818060000000001,5.0,2,0
2023-04-29,542947,5,0,0,1.571,5.0,5,0
2023-04-29,543056,1,0,0,0.058,1.0,1,0
2023-04-29,543135,29,8,0,3.508,28.0,21,0
2023-04-29,543518,4,2,1,0.7649030000000001,4.0,1,0
2023-04-29,544727,7,2,2,2.005806,7.0,3,0
2023-04-29,547973,3,2,0,0.168,3.0,1,0
2023-04-29,554430,23,7,1,5.8956666206896555,23.0,14,1
2023-04-29,571510,26,3,1,7.581844558441559,26.0,22,1
2023-04-29,571578,22,2,1,8.597952853372435,21.0,18,2
2023-04-29,572955,5,3,0,0.649,5.0,2,0
2023-04-29,573124,7,2,1,1.1049030000000002,7.0,4,0
2023-04-29,573204,5,0,0,0.623,4.0,4,0
2023-04-29,592332,27,13,1,4.414903,27.0,13,0
2023-04-29,592826,24,5,0,8.440005000000001,24.0,18,0
2023-04-29,593958,22,5,2,7.271637168831169,22.0,15,1
2023-04-29,593974,3,0,0,1.133005,3.0,2,0
2023-04-29,595345,4,0,3,2.142709,4.0,1,0
2023-04-29,596001,14,4,1,5.11733246708464,14.0,9,3
2023-04-29,596112,2,1,0,0.019,2.0,1,0
2023-04-29,598264,3,0,0,0.134,3.0,3,0
2023-04-29,605130,5,1,0,1.179,5.0,4,0
2023-04-29,605154,6,1,2,1.913903,5.0,3,0
2023-04-29,605218,4,0,1,2.3278759729729734,4.0,3,1
2023-04-29,605347,3,0,1,1.6849029999999998,3.0,2,0
2023-04-29,605397,18,3,1,7.421234692662177,18.0,13,3
2023-04-29,605447,3,2,0,0.012,3.0,1,0
2023-04-29,607179,9,3,2,2.1668060000000002,9.0,4,0
2023-04-29,607259,6,5,0,0.169,6.0,1,0
2023-04-29,607455,3,0,1,1.7329080000000001,3.0,1,0
2023-04-29,607481,4,0,1,1.261903,3.0,2,0
2023-04-29,607755,4,1,0,1.4183225806451614,4.0,3,1
2023-04-29,614179,3,1,0,1.04,3.0,2,0
2023-04-29,621016,4,0,0,2.482116111111111,4.0,3,1
2023-04-29,621051,6,1,1,3.3282876153846157,6.0,4,1
2023-04-29,622065,5,2,0,0.34900000000000003,5.0,3,0
2023-04-29,622554,5,2,0,1.909005,5.0,2,0
2023-04-29,623149,3,2,0,0.005,3.0,1,0
2023-04-29,623211,5,2,0,0.384,5.0,3,0
2023-04-29,623437,3,2,0,1.0296060606060606,3.0,1,1
2023-04-29,623465,5,2,1,2.052903,5.0,2,0
2023-04-29,628708,4,1,0,0.348,4.0,3,0
2023-04-29,630023,16,3,0,5.260691428571428,16.0,13,2
2023-04-29,640451,3,0,0,0.697,3.0,3,0
2023-04-29,640455,15,3,4,6.469321677419355,15.0,8,1
2023-04-29,640470,3,2,0,0.111,3.0,1,0
2023-04-29,641329,3,1,0,1.1314594594594594,3.0,2,1
2023-04-29,641627,3,0,1,1.4609999999999999,2.0,2,0
2023-04-29,641656,4,0,0,1.745,3.0,3,0
2023-04-29,641703,8,1,2,2.010806,8.0,5,0
2023-04-29,641745,25,4,5,10.370874126984127,25.0,16,3
2023-04-29,641771,23,4,4,9.953463153846155,21.0,13,1
2023-04-29,641871,5,2,1,2.947482459459459,5.0,2,2
2023-04-29,641927,23,6,2,7.572683551020408,23.0,15,1
2023-04-29,642207,2,0,0,1.239047619047619,2.0,2,0
2023-04-29,642545,10,5,1,1.264903,10.0,4,0
2023-04-29,642585,3,1,0,0.263,3.0,2,0
2023-04-29,642758,3,1,0,0.772,3.0,2,0
2023-04-29,643377,3,0,1,0.8519030000000001,3.0,2,0
2023-04-29,643511,5,1,0,1.8662272727272726,5.0,4,0
2023-04-29,647315,3,1,0,0.133,3.0,2,0
2023-04-29,650893,2,0,1,1.055903,2.0,1,0
2023-04-29,656222,4,0,0,0.265,4.0,4,0
2023-04-29,656234,10,2,0,1.9266666666666667,10.0,8,0
2023-04-29,656464,3,1,0,0.142,3.0,2,0
2023-04-29,656638,5,2,0,2.0140000000000002,5.0,3,0
2023-04-29,656756,27,7,2,5.9628060000000005,27.0,18,0
2023-04-29,656945,4,2,0,0.7659999999999999,4.0,2,0
2023-04-29,657024,4,3,1,0.695903,4.0,0,0
2023-04-29,657041,6,1,0,1.9744838709677417,6.0,5,1
2023-04-29,657044,3,0,0,1.0190000000000001,3.0,3,0
2023-04-29,657240,7,3,1,1.111903,7.0,3,0
2023-04-29,657265,3,2,0,0.524,3.0,1,0
2023-04-29,657508,4,1,0,1.6780178571428581,4.0,3,1
2023-04-29,657514,5,2,0,1.446,5.0,3,0
2023-04-29,657612,6,2,1,1.7829030000000001,6.0,3,0
2023-04-29,657756,15,3,0,2.404,15.0,12,0
2023-04-29,660813,4,0,0,0.851,4.0,4,0
2023-04-29,660853,3,1,0,0.379,3.0,2,0
2023-04-29,661395,6,1,3,1.522806,4.0,2,0
2023-04-29,661403,3,0,0,0.501,2.0,3,0
2023-04-29,661527,7,1,2,2.949806,7.0,4,0
2023-04-29,663562,14,2,2,6.184311503144654,14.0,10,2
2023-04-29,663658,7,2,3,1.781806,6.0,2,0
2023-04-29,663855,4,3,1,0.695903,4.0,0,0
2023-04-29,663992,4,0,1,1.823903,4.0,3,0
2023-04-29,664076,4,2,1,0.7429030000000001,4.0,1,0
2023-04-29,664139,4,1,1,1.116903,4.0,2,0
2023-04-29,664199,4,0,0,0.6840833333333334,4.0,4,0
2023-04-29,664208,5,3,0,1.8427272727272728,5.0,2,1
2023-04-29,664299,25,6,1,8.780776333333334,25.0,18,1
2023-04-29,664747,3,3,0,0.0,3.0,0,0
2023-04-29,664948,3,0,0,1.529,3.0,3,1
2023-04-29,665048,14,2,2,6.480417111111111,14.0,10,2
2023-04-29,665152,26,6,2,10.701361555555556,26.0,18,1
2023-04-29,665625,7,0,1,3.8732073478260873,7.0,6,1
2023-04-29,665795,22,12,5,6.442348333333334,22.0,5,1
2023-04-29,666205,19,3,2,7.8363403326885885,19.0,14,2
2023-04-29,666374,1,1,0,0.0,1.0,0,0
2023-04-29,666745,20,5,1,6.199169666666666,20.0,14,2
2023-04-29,666974,3,0,0,0.7989999999999999,3.0,3,0
2023-04-29,667427,4,0,0,0.422,4.0,4,0
2023-04-29,668676,18,1,1,8.016213582010582,18.0,16,2
2023-04-29,668834,22,2,1,5.904403,22.0,19,1
2023-04-29,668873,23,4,2,10.540516,23.0,15,1
2023-04-29,668881,24,10,3,4.356714,24.0,10,0
2023-04-29,668984,3,1,1,0.926903,3.0,1,0
2023-04-29,669060,4,0,0,2.5555256410256417,4.0,4,1
2023-04-29,669084,15,7,1,4.826362459459459,15.0,7,1
2023-04-29,669093,8,2,1,1.9500000000000002,7.0,5,0
2023-04-29,669203,24,5,1,8.32727374074074,24.0,17,1
2023-04-29,669211,3,0,1,1.017903,3.0,2,0
2023-04-29,669212,6,0,1,2.600903,5.0,4,0
2023-04-29,669424,5,1,0,4.206405405405405,5.0,4,2
2023-04-29,669438,11,0,1,3.2489030000000003,11.0,10,0
2023-04-29,669854,4,1,0,1.263,4.0,3,0
2023-04-29,670059,3,0,0,0.498,3.0,3,0
2023-04-29,670167,2,0,0,0.9670000000000001,2.0,2,0
2023-04-29,670174,3,0,0,0.798,3.0,3,0
2023-04-29,670280,3,2,0,0.002,3.0,1,0
2023-04-29,670990,5,0,1,2.1039286410256417,5.0,4,1
2023-04-29,671345,4,0,0,0.9480000000000001,3.0,3,0
2023-04-29,672282,21,6,3,5.727709,21.0,12,1
2023-04-29,674072,23,3,1,6.2065347016317025,23.0,19,2
2023-04-29,675540,12,1,0,3.8385000000000002,12.0,11,0
2023-04-29,675916,4,1,1,1.977260456140351,4.0,2,1
2023-04-29,675989,7,1,0,1.4609999999999999,7.0,6,0
2023-04-29,676534,8,1,2,2.3438060000000003,8.0,5,0
2023-04-29,676680,1,0,0,0.043,1.0,1,0
2023-04-29,676684,5,1,0,1.226,5.0,4,0
2023-04-29,676760,5,2,2,1.4558060000000002,5.0,1,0
2023-04-29,677053,4,0,0,2.782758620689655,4.0,4,1
2023-04-29,678394,20,6,2,7.247539333333333,20.0,12,1
2023-04-29,680570,18,9,1,2.477617285714286,18.0,8,0
2023-04-29,681806,5,0,1,2.5419080000000003,5.0,3,0
2023-04-30,453178,3,1,0,1.4656888888888893,3.0,2,1
2023-04-30,472610,8,2,0,2.8098636206896557,8.0,5,1
2023-04-30,502171,22,7,0,7.421089997439837,22.0,14,3
2023-04-30,506433,26,9,0,7.492787106446776,26.0,17,2
2023-04-30,518397,3,1,0,0.275,3.0,2,0
2023-04-30,519043,4,1,0,1.1356666666666666,4.0,3,0
2023-04-30,519151,3,1,0,0.412,3.0,2,0
2023-04-30,519242,24,5,0,5.112005,23.0,17,0
2023-04-30,523260,3,3,0,0.0,3.0,0,0
2023-04-30,527048,23,2,1,6.871153,23.0,20,0
2023-04-30,542914,4,0,0,2.4476197183098587,4.0,4,1
2023-04-30,542947,3,1,0,1.087,3.0,2,0
2023-04-30,543056,3,2,0,0.716,3.0,1,0
2023-04-30,543243,24,7,1,6.051550619047619,24.0,16,1
2023-04-30,543272,6,2,0,1.951,6.0,4,0
2023-04-30,554340,6,2,1,1.666903,6.0,3,0
2023-04-30,571656,6,0,1,1.762903,5.0,5,0
2023-04-30,571882,5,1,0,0.9386666666666666,4.0,4,0
2023-04-30,571948,4,0,1,2.259903,4.0,3,0
2023-04-30,572403,4,1,1,0.8839030000000001,4.0,2,0
2023-04-30,573009,3,1,0,0.968,3.0,2,0
2023-04-30,592094,5,2,0,0.96,5.0,3,0
2023-04-30,592741,4,0,0,2.6724545454545456,4.0,4,1
2023-04-30,592779,3,1,1,0.7519030000000001,3.0,1,0
2023-04-30,592789,23,0,0,6.981,23.0,23,0
2023-04-30,593576,3,1,1,0.793903,3.0,1,0
2023-04-30,594580,2,2,0,0.0,2.0,0,0
2023-04-30,594835,19,2,1,7.641903,19.0,16,1
2023-04-30,596295,22,4,2,7.559847666666666,22.0,16,2
2023-04-30,598264,5,1,1,1.447,4.0,3,0
2023-04-30,598286,12,2,0,5.260669491525425,12.0,10,2
2023-04-30,600921,7,1,0,1.423,7.0,6,0
2023-04-30,605135,21,7,4,6.265722263157895,21.0,9,0
2023-04-30,605154,3,3,0,0.0,3.0,0,0
2023-04-30,605182,23,8,1,7.81916872327044,23.0,14,2
2023-04-30,605242,3,0,0,0.18,3.0,3,0
2023-04-30,605513,20,3,2,7.116764333333333,20.0,15,1
2023-04-30,606149,4,0,1,1.359903,4.0,3,0
2023-04-30,606160,5,2,0,1.293,5.0,3,0
2023-04-30,606303,1,0,0,0.002,1.0,1,0
2023-04-30,606965,3,1,0,0.209,3.0,2,0
2023-04-30,607067,19,9,1,3.6249618235294117,19.0,9,1
2023-04-30,607237,6,1,1,1.3326030000000002,6.0,4,0
2023-04-30,607481,6,0,1,2.125903,6.0,5,0
2023-04-30,608032,3,2,0,0.009,3.0,1,0
2023-04-30,608371,5,2,1,1.9219080000000002,5.0,1,0
2023-04-30,608665,5,2,0,2.7540050000000003,5.0,2,1
2023-04-30,608718,4,0,1,0.901903,4.0,3,0
2023-04-30,608723,8,2,2,1.7988060000000001,8.0,4,0
2023-04-30,621249,4,0,1,1.812903,4.0,3,0
2023-04-30,621363,7,1,2,2.387811,7.0,3,0
2023-04-30,622075,3,1,0,0.115,3.0,2,0
2023-04-30,622251,6,3,0,0.707,6.0,3,0
2023-04-30,623149,5,0,1,1.867903,5.0,4,1
2023-04-30,623167,10,2,1,2.9429030000000003,10.0,7,0
2023-04-30,623352,3,0,0,0.402,3.0,3,0
2023-04-30,623437,3,0,0,0.8,3.0,3,0
2023-04-30,623465,3,1,0,0.478,3.0,2,0
2023-04-30,624522,3,0,1,1.6277363333333335,3.0,2,0
2023-04-30,625643,4,0,1,2.8269922857142857,4.0,3,1
2023-04-30,640448,5,2,0,1.184,5.0,3,0
2023-04-30,640462,3,1,0,0.4585999999999999,3.0,2,0
2023-04-30,640470,2,1,0,0.095,2.0,1,0
2023-04-30,641401,5,1,0,0.98,5.0,4,0
2023-04-30,641482,23,7,4,8.401556583100517,23.0,12,3
2023-04-30,641941,6,1,0,2.061809523809524,6.0,5,0
2023-04-30,642100,3,0,0,0.322,3.0,3,0
2023-04-30,642397,3,1,0,0.5690000000000001,3.0,2,0
2023-04-30,642758,4,0,1,1.524,3.0,3,0
2023-04-30,643511,3,1,1,1.545903,3.0,1,0
2023-04-30,647315,4,0,0,2.496446808510638,4.0,4,1
2023-04-30,650556,5,1,1,1.228903,5.0,3,0
2023-04-30,656061,9,1,4,5.489612,9.0,4,1
2023-04-30,656222,7,0,0,3.208005,7.0,6,0
2023-04-30,656638,2,2,0,0.0,2.0,0,0
2023-04-30,656814,3,2,0,0.083,3.0,1,0
2023-04-30,656876,23,3,0,6.70169887755102,23.0,19,2
2023-04-30,656945,4,0,0,1.712,4.0,4,0
2023-04-30,656981,16,1,2,6.308772666666667,16.0,13,1
2023-04-30,657006,25,3,1,7.703908,24.0,19,1
2023-04-30,657031,4,2,0,0.32899999999999996,4.0,2,0
2023-04-30,657514,3,0,0,0.935,3.0,3,0
2023-04-30,657571,2,1,0,0.02,2.0,1,0
2023-04-30,660761,19,6,3,4.604629,19.0,10,1
2023-04-30,660813,1,0,0,0.188,1.0,1,0
2023-04-30,661395,1,0,0,0.081,1.0,1,0
2023-04-30,663559,23,3,3,7.766594829959514,23.0,17,1
2023-04-30,663765,19,2,3,7.354214,19.0,13,0
2023-04-30,663773,22,4,1,8.48472307936508,21.0,15,2
2023-04-30,663903,17,5,3,7.093647333333333,16.0,8,1
2023-04-30,663947,9,1,1,3.7370029999999996,9.0,7,1
2023-04-30,664076,2,0,0,2.387076923076923,2.0,2,1
2023-04-30,664294,7,1,1,2.040903,7.0,5,0
2023-04-30,664353,21,3,1,7.308508,21.0,16,1
2023-04-30,664747,1,0,0,0.804,1.0,1,0
2023-04-30,664776,4,0,1,0.765903,3.0,2,0
2023-04-30,664854,3,0,1,0.5083333333333333,2.0,2,0
2023-04-30,666142,3,2,0,0.0,2.0,0,0
2023-04-30,666157,20,7,0,7.0027977927927925,20.0,12,3
2023-04-30,666374,4,2,0,0.632,4.0,2,0
2023-04-30,666619,4,0,0,1.7510050000000001,4.0,3,0
2023-04-30,666720,7,1,2,3.261806,7.0,4,0
2023-04-30,666808,4,1,0,1.123,4.0,3,0
2023-04-30,666974,4,2,0,0.45399999999999996,4.0,2,0
2023-04-30,667427,5,2,0,1.711,5.0,3,0
2023-04-30,668338,6,1,0,2.0163846153846157,6.0,5,0
2023-04-30,668868,5,1,2,1.482806,5.0,2,0
2023-04-30,668941,5,1,0,1.797,5.0,4,0
2023-04-30,669194,21,2,1,8.68399390909091,21.0,18,1
2023-04-30,669459,2,0,0,0.217,2.0,2,0
2023-04-30,669796,8,2,0,1.8880000000000001,8.0,6,0
2023-04-30,670124,5,2,0,1.132,5.0,3,0
2023-04-30,670167,3,1,0,0.536,3.0,2,0
2023-04-30,670912,18,1,2,8.301806000000001,18.0,15,0
2023-04-30,670950,7,2,0,2.234631578947368,7.0,5,1
2023-04-30,670990,5,1,0,1.149,5.0,4,0
2023-04-30,671106,22,8,2,7.1790566957328386,22.0,12,2
2023-04-30,671345,3,0,0,1.517,3.0,3,0
2023-04-30,672335,1,1,0,0.0,1.0,0,0
2023-04-30,672578,4,3,0,0.201,4.0,1,0
2023-04-30,677053,4,0,0,1.4236938775510202,4.0,4,1
2023-04-30,680686,24,6,3,6.100709,24.0,15,0
2023-04-30,680694,22,5,1,7.844819764705883,22.0,15,2
2023-04-30,680704,5,0,0,2.159,5.0,5,1
2023-04-30,680739,6,1,1,2.4562363333333335,6.0,4,0
2023-04-30,681217,3,0,1,1.137903,3.0,2,0
2023-04-30,681911,3,2,0,0.118,3.0,1,0
2023-04-30,682171,4,2,1,0.790903,4.0,1,0
2023-04-30,683232,5,1,1,1.613903,5.0,3,0
2023-04-30,685410,12,2,4,6.376998160714286,12.0,6,2
2023-04-30,686610,25,7,1,5.825908,25.0,16,0
2023-04-30,687330,3,0,0,0.717,3.0,3,0
2023-05-01,445926,2,0,0,0.306,2.0,2,0
2023-05-01,446372,25,7,4,9.760004445582586,25.0,14,2
2023-05-01,450203,25,6,3,7.343375666666667,25.0,16,0
2023-05-01,455119,6,1,1,2.326903,6.0,4,0
2023-05-01,488984,6,4,0,0.387,6.0,2,0
2023-05-01,502085,8,4,0,1.549,8.0,4,0
2023-05-01,502202,3,0,0,1.255,3.0,3,0
2023-05-01,518886,5,1,1,2.168636333333333,5.0,3,1
2023-05-01,519151,4,1,0,0.766,4.0,3,0
2023-05-01,543521,6,0,0,3.29901,6.0,4,0
2023-05-01,543859,6,1,0,0.875,6.0,5,0
2023-05-01,548389,20,5,0,4.65,20.0,15,0
2023-05-01,571946,6,0,1,1.034903,6.0,5,0
2023-05-01,573124,4,0,0,1.6820050000000002,4.0,3,0
2023-05-01,592767,26,2,0,7.7652833333333335,26.0,24,2
2023-05-01,592773,3,0,0,0.41000000000000003,3.0,3,0
2023-05-01,592836,21,6,3,9.904667440800786,21.0,12,3
2023-05-01,593334,28,6,1,6.2599029999999996,28.0,21,0
2023-05-01,593619,6,2,0,1.09905,6.0,4,0
2023-05-01,593974,4,1,2,1.4078060000000001,4.0,1,0
2023-05-01,595928,7,0,0,2.732,7.0,7,1
2023-05-01,596133,22,3,2,8.402306,22.0,17,1
2023-05-01,605280,3,0,0,1.363,3.0,3,0
2023-05-01,605447,1,0,0,1.14465,1.0,1,1
2023-05-01,605483,26,7,0,7.29904,26.0,19,1
2023-05-01,606160,4,2,0,0.8540000000000001,4.0,2,0
2023-05-01,607755,8,4,1,1.648903,8.0,3,0
2023-05-01,615698,28,2,1,10.780947127744424,28.0,25,4
2023-05-01,621051,3,2,0,0.006,3.0,1,0
2023-05-01,621244,27,4,2,12.010292808510638,27.0,21,3
2023-05-01,621345,4,1,0,1.49275,4.0,3,0
2023-05-01,622065,5,1,0,3.0229365079365076,5.0,4,1
2023-05-01,622098,5,2,1,0.7469030000000001,5.0,2,0
2023-05-01,623433,3,2,0,0.0,3.0,1,0
2023-05-01,624647,5,2,0,0.634,5.0,3,0
2023-05-01,628708,4,1,0,0.062,3.0,2,0
2023-05-01,641360,6,1,0,1.984,6.0,5,0
2023-05-01,641729,5,2,0,2.5630805031446537,5.0,3,2
2023-05-01,641835,2,0,0,0.335,2.0,2,0
2023-05-01,643410,3,3,0,0.0,3.0,0,0
2023-05-01,656232,17,6,3,6.640518116809116,17.0,8,2
2023-05-01,656257,8,1,2,3.482323857142857,8.0,5,1
2023-05-01,656731,23,4,3,7.319714,23.0,15,1
2023-05-01,656814,6,0,2,3.029806,6.0,4,0
2023-05-01,657514,2,1,0,0.44,2.0,1,0
2023-05-01,660593,9,1,1,4.939257838709677,9.0,7,2
2023-05-01,660853,1,0,0,0.455,1.0,1,0
2023-05-01,661403,3,1,0,0.111,3.0,2,0
2023-05-01,663546,9,0,3,3.520806,8.0,6,0
2023-05-01,663658,6,1,0,0.853,6.0,5,0
2023-05-01,663878,7,3,0,1.3248,7.0,4,0
2023-05-01,663941,5,2,0,0.226,5.0,3,0
2023-05-01,664062,21,3,2,5.966906,21.0,16,1
2023-05-01,664208,6,0,0,1.9034166666666668,6.0,6,0
2023-05-01,665019,3,1,1,0.7289030000000001,3.0,1,0
2023-05-01,665665,8,2,2,3.146806,8.0,4,0
2023-05-01,666168,3,2,0,0.038,3.0,1,0
2023-05-01,668665,9,0,0,1.831,9.0,9,0
2023-05-01,668984,7,3,0,0.9750000000000001,7.0,4,0
2023-05-01,669022,21,4,2,8.60041982113821,21.0,15,2
2023-05-01,669276,4,0,1,2.639703,3.0,3,1
2023-05-01,670174,10,1,1,2.729903,10.0,8,0
2023-05-01,675911,24,8,3,8.656405954022988,24.0,12,3
2023-05-01,676265,9,1,1,3.2354585555555557,9.0,7,1
2023-05-01,677651,1,0,0,0.601,1.0,1,0
2023-05-02,472610,4,0,0,1.408,4.0,4,0
2023-05-02,489446,5,2,2,1.4368060000000002,5.0,1,0
2023-05-02,517008,4,1,0,2.674595744680851,4.0,3,1
2023-05-02,519043,4,3,0,0.107,4.0,1,0
2023-05-02,519293,6,1,1,1.215903,6.0,4,0
2023-05-02,542947,3,0,0,0.145,3.0,3,0
2023-05-02,543037,27,8,3,8.583714,27.0,15,0
2023-05-02,543101,27,3,0,6.460380952380953,27.0,24,0
2023-05-02,543518,5,1,0,3.2044594594594593,5.0,4,1
2023-05-02,544727,3,1,1,0.9639030000000001,3.0,1,0
2023-05-02,554340,5,1,1,1.033903,5.0,3,0
2023-05-02,571882,4,1,1,0.7649030000000001,4.0,2,0
2023-05-02,571927,23,4,2,6.7429824705882355,23.0,17,1
2023-05-02,572403,6,0,1,2.870974428571429,6.0,5,1
2023-05-02,572955,4,1,0,1.3945714285714286,4.0,3,0
2023-05-02,573204,3,0,0,1.035,2.0,3,0
2023-05-02,579328,22,2,0,9.106213189655172,22.0,19,3
2023-05-02,592094,4,3,0,0.901,4.0,1,0
2023-05-02,592351,25,2,1,9.545557998771802,24.0,21,2
2023-05-02,592773,4,1,1,1.2652187894736844,4.0,2,0
2023-05-02,592779,6,0,3,1.7918060000000002,5.0,3,0
2023-05-02,592866,21,4,1,6.518826076923077,21.0,16,1
2023-05-02,593576,3,1,1,1.263903,3.0,1,0
2023-05-02,593974,3,0,0,1.328,3.0,3,0
2023-05-02,595345,3,2,0,0.016,3.0,1,0
2023-05-02,598264,4,1,1,1.847903,4.0,2,0
2023-05-02,605130,4,3,1,0.695903,4.0,0,0
2023-05-02,605177,1,1,0,0.0,1.0,0,0
2023-05-02,605218,4,1,1,0.8160000000000001,3.0,2,0
2023-05-02,605347,6,0,0,4.274423715415019,6.0,6,2
2023-05-02,606303,4,2,0,0.798005,4.0,1,0
2023-05-02,606965,5,0,0,0.509,5.0,5,0
2023-05-02,607259,9,2,1,2.195903,9.0,6,0
2023-05-02,608032,3,2,0,0.112,3.0,1,0
2023-05-02,608371,3,2,0,0.0,2.0,1,0
2023-05-02,608379,24,3,2,5.211811,24.0,18,0
2023-05-02,608717,6,2,0,1.5719999999999998,6.0,4,1
2023-05-02,621016,8,1,1,4.307903,8.0,6,1
2023-05-02,621074,2,0,0,0.28700000000000003,2.0,2,0
2023-05-02,621363,4,1,0,0.588,4.0,3,0
2023-05-02,621381,17,5,1,5.138379190476191,17.0,11,1
2023-05-02,622554,3,1,0,0.18,3.0,2,0
2023-05-02,623149,3,2,0,0.047,3.0,1,0
2023-05-02,623352,3,1,0,0.248,3.0,2,0
2023-05-02,623437,4,1,1,0.9659030000000001,3.0,2,0
2023-05-02,624522,5,0,0,2.9933000000000005,5.0,5,1
2023-05-02,628708,7,0,2,4.675139333333333,7.0,5,1
2023-05-02,628711,24,10,1,5.7916229999999995,24.0,12,2
2023-05-02,629498,8,0,5,4.666742272727273,8.0,3,0
2023-05-02,640448,4,1,0,0.932,4.0,3,0
2023-05-02,640451,6,1,1,1.997903,6.0,4,0
2023-05-02,641329,3,3,0,0.0,3.0,0,0
2023-05-02,641360,3,3,0,0.0,3.0,0,0
2023-05-02,641401,7,3,0,1.948,7.0,4,0
2023-05-02,641627,4,2,1,1.041903,4.0,1,0
2023-05-02,641729,4,1,0,0.666,4.0,3,0
2023-05-02,641835,3,0,0,0.394,3.0,3,0
2023-05-02,641871,4,1,0,0.34199999999999997,4.0,3,0
2023-05-02,642100,1,1,0,0.0,1.0,0,0
2023-05-02,642232,18,5,3,7.258223285714286,18.0,10,2
2023-05-02,642397,7,1,1,3.549903,7.0,5,0
2023-05-02,642546,5,1,2,1.4218060000000001,5.0,2,0
2023-05-02,642547,26,10,3,9.658709,26.0,13,2
2023-05-02,642770,4,0,2,1.877806,4.0,2,0
2023-05-02,643377,3,1,0,1.1284594594594595,3.0,2,1
2023-05-02,645261,25,5,3,8.450776432432432,25.0,15,1
2023-05-02,647315,4,0,0,1.34185,4.0,4,0
2023-05-02,650633,6,3,1,1.154903,6.0,2,0
2023-05-02,656222,4,0,1,0.9729030000000001,4.0,3,0
2023-05-02,656234,5,1,0,0.599,5.0,4,0
2023-05-02,656271,4,0,0,0.535,4.0,4,0
2023-05-02,656464,4,0,1,0.9949030000000001,4.0,3,0
2023-05-02,656557,27,5,3,8.539766142857143,27.0,19,1
2023-05-02,656629,23,7,5,6.179515,23.0,11,0
2023-05-02,657024,4,1,0,1.275,4.0,3,0
2023-05-02,657031,7,0,1,4.498271571428572,7.0,6,2
2023-05-02,657044,5,2,0,1.0880049999999999,4.0,2,0
2023-05-02,657265,4,0,0,1.2954761904761904,4.0,4,1
2023-05-02,657424,7,1,0,1.534,6.0,6,1
2023-05-02,657508,5,2,0,4.044521329365081,5.0,3,2
2023-05-02,657746,20,7,2,5.005806,20.0,11,0
2023-05-02,660261,3,2,0,0.013,3.0,1,0
2023-05-02,663372,22,3,1,8.300661620689654,22.0,18,2
2023-05-02,663776,21,4,3,6.053549,21.0,14,1
2023-05-02,663992,4,0,0,2.066321428571429,4.0,4,1
2023-05-02,664139,3,0,0,0.543,3.0,3,0
2023-05-02,664199,6,3,0,1.9949999999999999,6.0,3,0
2023-05-02,664294,6,2,2,1.854806,6.0,2,0
2023-05-02,664747,4,2,1,1.4279030000000001,4.0,1,0
2023-05-02,664875,3,0,0,0.308,3.0,3,0
2023-05-02,665019,5,0,1,3.4349030000000003,5.0,4,0
2023-05-02,666168,4,1,1,2.735555173913044,4.0,2,1
2023-05-02,666619,3,0,0,0.387,3.0,3,0
2023-05-02,666808,3,1,0,0.517,3.0,2,0
2023-05-02,666974,4,1,0,0.109,3.0,2,0
2023-05-02,668678,21,6,0,6.810743548387097,21.0,15,1
2023-05-02,668933,25,3,1,8.090569666666667,25.0,21,0
2023-05-02,669093,3,1,0,0.514,3.0,2,0
2023-05-02,669212,7,0,0,3.7294761904761904,7.0,7,1
2023-05-02,669330,25,4,3,11.239787245614036,25.0,17,4
2023-05-02,669424,3,2,0,0.266,3.0,1,0
2023-05-02,669459,4,1,1,1.271903,3.0,2,0
2023-05-02,669713,23,2,0,7.130711111111111,21.0,20,1
2023-05-02,669854,5,0,2,2.474806,5.0,3,0
2023-05-02,670167,4,1,0,1.164,4.0,3,0
2023-05-02,670174,3,0,0,1.093,3.0,3,0
2023-05-02,670871,3,2,0,0.8878421052631581,3.0,1,1
2023-05-02,670990,4,0,1,1.8467430000000002,4.0,3,1
2023-05-02,672335,1,0,0,0.374,1.0,1,0
2023-05-02,672578,6,2,2,2.312806,6.0,2,0
2023-05-02,672710,24,3,4,9.071566545454546,24.0,17,2
2023-05-02,675916,6,1,1,2.3103791904761906,6.0,4,1
2023-05-02,676440,20,5,0,4.400233333333333,20.0,15,0
2023-05-02,676596,15,1,3,5.566709,15.0,11,0
2023-05-02,676760,3,0,1,1.2689030000000001,3.0,2,0
2023-05-02,677053,4,2,0,1.431,4.0,2,0
2023-05-02,681911,5,1,1,1.835903,5.0,3,0
2023-05-02,682243,20,10,0,1.898,20.0,10,0
2023-05-02,686613,20,4,5,9.008573823529412,20.0,11,0
2023-05-02,687330,3,1,0,0.265,3.0,2,0
2023-05-02,693821,23,6,0,5.1488297872340425,23.0,17,1
2023-05-02,695243,24,6,4,4.832212,24.0,14,0
2023-05-03,425844,17,3,0,5.0898076923076925,17.0,14,0
2023-05-03,445926,5,1,1,2.383153,5.0,3,0
2023-05-03,453178,7,2,0,1.9119310344827587,7.0,5,1
2023-05-03,453268,4,0,0,2.1139478571428576,4.0,3,1
2023-05-03,453286,19,3,1,8.993354586108127,19.0,15,3
2023-05-03,455119,3,2,0,0.072,3.0,1,0
2023-05-03,489446,3,3,0,0.0,3.0,0,0
2023-05-03,493603,6,2,0,1.612005,6.0,3,0
2023-05-03,502043,28,0,0,11.474023295937446,28.0,28,2
2023-05-03,502624,11,2,0,2.142,11.0,9,0
2023-05-03,518397,1,1,0,0.0,1.0,0,0
2023-05-03,518489,2,0,0,0.166,2.0,2,0
2023-05-03,518886,5,1,2,3.446960142857143,4.0,2,1
2023-05-03,542914,4,0,0,1.8800000000000001,4.0,4,0
2023-05-03,543521,10,1,0,2.988,10.0,9,0
2023-05-03,547179,26,1,2,8.398841653650255,26.0,23,2
2023-05-03,547973,3,0,0,0.671,3.0,3,0
2023-05-03,570666,16,2,3,5.457709,16.0,11,0
2023-05-03,571656,4,0,0,1.4020000000000001,4.0,4,0
2023-05-03,571760,22,5,4,8.82325395402299,22.0,13,3
2023-05-03,571882,3,1,1,1.305903,3.0,1,0
2023-05-03,571945,25,5,0,8.049897857142858,25.0,19,1
2023-05-03,571948,3,0,0,2.75,3.0,3,1
2023-05-03,572193,5,2,0,1.089,5.0,3,0
2023-05-03,573009,4,1,0,0.239,4.0,3,0
2023-05-03,573186,24,5,3,7.719709,24.0,16,0
2023-05-03,594580,3,0,1,1.7829030000000001,3.0,2,0
2023-05-03,595928,4,0,0,0.695,4.0,4,0
2023-05-03,600917,4,0,2,2.260806,4.0,2,0
2023-05-03,600921,5,2,0,1.63,5.0,3,0
2023-05-03,601713,24,6,1,10.530610233508662,24.0,17,5
2023-05-03,605177,5,3,0,1.076,5.0,2,0
2023-05-03,605218,3,1,1,0.817903,3.0,1,0
2023-05-03,605280,3,0,0,1.582,3.0,3,0
2023-05-03,605400,27,5,0,7.93500557208238,27.0,21,1
2023-05-03,606149,6,0,0,4.802369047619047,6.0,6,3
2023-05-03,607237,4,1,1,1.220903,4.0,2,0
2023-05-03,607481,3,1,1,0.784903,3.0,1,0
2023-05-03,607536,16,5,0,3.711860465116279,16.0,11,1
2023-05-03,607625,25,5,2,7.016206,25.0,18,0
2023-05-03,607732,3,1,0,0.713,3.0,2,0
2023-05-03,608032,3,2,0,0.486,3.0,1,0
2023-05-03,608665,3,1,0,0.853,3.0,2,0
2023-05-03,608718,4,1,0,1.4460000000000002,4.0,3,0
2023-05-03,612434,5,1,1,1.3425696666666669,5.0,3,0
2023-05-03,614179,5,2,1,1.446903,5.0,2,0
2023-05-03,621237,6,0,0,1.928,5.0,5,0
2023-05-03,621345,3,1,0,0.453,3.0,2,0
2023-05-03,622065,5,0,1,2.252903,5.0,4,1
2023-05-03,622075,5,2,1,1.034903,5.0,2,0
2023-05-03,622250,7,1,1,2.550903,7.0,5,0
2023-05-03,622251,4,0,0,1.6624256410256415,4.0,4,1
2023-05-03,622554,3,1,1,1.2984682173913042,3.0,1,0
2023-05-03,622772,4,0,0,1.392,4.0,4,0
2023-05-03,624647,5,2,0,0.9050050000000001,5.0,2,0
2023-05-03,640448,4,0,0,1.728,4.0,4,0
2023-05-03,640451,4,2,0,0.927,4.0,2,0
2023-05-03,640470,4,0,0,2.364,4.0,4,0
2023-05-03,641302,1,0,0,0.355,1.0,1,0
2023-05-03,641627,3,2,0,0.0,3.0,1,0
2023-05-03,641656,4,2,0,0.499,4.0,2,0
2023-05-03,641703,4,0,0,1.681,4.0,4,0
2023-05-03,641778,22,6,4,7.351829391304348,22.0,12,1
2023-05-03,641871,4,3,1,0.695903,4.0,0,0
2023-05-03,641941,5,2,0,1.029,5.0,3,0
2023-05-03,642100,3,0,0,0.431,3.0,3,0
2023-05-03,642231,9,3,0,0.466,9.0,6,0
2023-05-03,642758,5,0,0,1.9326666666666668,5.0,5,0
2023-05-03,643377,6,0,1,2.861903,6.0,5,0
2023-05-03,643410,4,2,0,0.14,4.0,2,0
2023-05-03,650556,4,2,0,1.779233333333333,4.0,2,1
2023-05-03,656061,3,1,1,0.615,2.0,1,0
2023-05-03,656234,2,0,0,0.3585,2.0,2,0
2023-05-03,656302,24,6,4,7.969045155080215,23.0,13,2
2023-05-03,656605,23,8,1,4.8482255806451615,23.0,14,1
2023-05-03,656638,4,1,1,0.771903,4.0,2,0
2023-05-03,656970,15,2,0,8.313406831501833,15.0,12,4
2023-05-03,657140,14,3,1,4.7485029999999995,14.0,10,1
2023-05-03,657277,29,5,2,8.320872514111365,29.0,22,2
2023-05-03,657376,21,4,2,7.052806,21.0,15,0
2023-05-03,657571,4,1,0,0.532,4.0,3,0
2023-05-03,657612,3,0,0,0.243,3.0,3,0
2023-05-03,659275,4,0,3,2.2927090000000003,4.0,1,0
2023-05-03,660271,22,13,1,6.431634607624181,22.0,7,2
2023-05-03,660813,5,1,1,2.554903,5.0,3,0
2023-05-03,661403,4,0,0,1.516,4.0,4,0
2023-05-03,661527,3,1,0,0.21300000000000002,3.0,2,0
2023-05-03,663556,25,9,2,6.262472666666667,25.0,14,0
2023-05-03,663558,4,0,0,1.7175000000000002,3.0,4,1
2023-05-03,663623,19,3,4,6.1384170000000005,19.0,11,0
2023-05-03,663855,6,1,2,2.1988060000000003,6.0,3,0
2023-05-03,663878,6,1,0,0.46,6.0,5,0
2023-05-03,663947,4,0,0,2.3303650793650794,4.0,4,1
2023-05-03,663986,3,0,1,1.569903,2.0,2,0
2023-05-03,664139,3,1,0,0.22,3.0,2,0
2023-05-03,664192,17,1,0,7.19774,17.0,16,3
2023-05-03,664199,4,2,0,0.878,4.0,2,0
2023-05-03,664208,5,1,0,1.5969250000000001,5.0,3,1
2023-05-03,664285,22,8,2,5.021806,21.0,12,0
2023-05-03,664776,8,1,1,4.502903,8.0,6,1
2023-05-03,664854,4,2,0,0.072,4.0,2,0
2023-05-03,664875,5,0,1,2.090903,5.0,4,0
2023-05-03,665625,5,1,0,1.44,5.0,4,0
2023-05-03,665665,3,0,0,0.776,3.0,3,0
2023-05-03,666129,28,3,2,17.402736129672007,28.0,23,5
2023-05-03,666201,26,3,1,9.63897942857143,26.0,21,1
2023-05-03,666214,26,2,1,10.492751839990918,26.0,23,3
2023-05-03,666374,5,2,0,1.653,5.0,3,0
2023-05-03,666619,7,1,0,0.943,6.0,5,0
2023-05-03,666720,4,0,0,1.082,4.0,4,0
2023-05-03,666808,4,1,1,0.8479030000000001,4.0,2,0
2023-05-03,667427,5,1,0,1.6813833333333335,5.0,4,1
2023-05-03,668984,6,1,2,2.973806,6.0,3,0
2023-05-03,669105,5,0,0,1.188,5.0,5,0
2023-05-03,669211,7,0,0,4.408,6.0,6,1
2023-05-03,669276,5,2,0,2.34784,5.0,3,1
2023-05-03,669302,22,6,2,5.858506,21.0,14,0
2023-05-03,669456,29,4,1,10.95946104114072,29.0,24,4
2023-05-03,669674,1,0,0,0.045,1.0,1,0
2023-05-03,669796,5,2,1,2.717903,5.0,2,1
2023-05-03,670124,8,2,3,4.796829689655173,8.0,3,1
2023-05-03,670950,9,2,3,4.6141157796610175,9.0,4,1
2023-05-03,671345,3,1,0,0.615,3.0,2,0
2023-05-03,675989,10,3,0,3.2642367149758456,10.0,7,2
2023-05-03,676130,9,2,1,3.279503,9.0,6,0
2023-05-03,676664,23,7,2,5.669806,23.0,14,0
2023-05-03,676680,3,0,0,0.43600000000000005,3.0,3,0
2023-05-03,676684,6,2,0,0.9950000000000001,6.0,4,0
2023-05-03,676710,6,0,1,2.755903,6.0,5,0
2023-05-03,676760,5,2,0,0.621,5.0,3,0
2023-05-03,681217,6,0,0,1.345,6.0,6,0
2023-05-03,682171,3,1,0,0.488,2.0,2,0
2023-05-03,686973,22,6,2,8.485323857142857,22.0,14,1
2023-05-03,694297,24,3,1,11.597853975139088,23.0,19,4
2023-05-03,694813,23,1,2,7.94628219047619,23.0,20,1
2023-05-04,434378,20,5,1,6.652126809523809,20.0,14,2
2023-05-04,489119,25,2,2,6.453110347826088,25.0,21,1
2023-05-04,502202,1,0,0,1.1003541666666667,1.0,1,1
2023-05-04,517008,3,0,1,0.9549030000000001,3.0,2,0
2023-05-04,518489,6,1,1,1.839903,6.0,4,0
2023-05-04,519043,3,0,0,0.42400000000000004,3.0,3,0
2023-05-04,542914,3,1,0,1.1182432432432432,3.0,2,1
2023-05-04,543056,5,2,1,2.0452363333333334,5.0,2,1
2023-05-04,543272,4,1,0,0.494,4.0,3,0
2023-05-04,543475,25,3,2,9.080692818181818,25.0,19,3
2023-05-04,543859,3,0,0,1.445,3.0,3,0
2023-05-04,547973,5,0,3,3.7203287183098586,5.0,2,1
2023-05-04,554340,1,0,0,0.038,1.0,1,0
2023-05-04,571578,24,6,0,4.850919413919414,24.0,18,0
2023-05-04,571670,3,1,0,0.967,3.0,2,0
2023-05-04,571901,5,0,1,2.0785696666666666,5.0,4,1
2023-05-04,572403,7,1,1,1.157903,7.0,5,0
2023-05-04,572955,6,1,1,1.813903,6.0,4,0
2023-05-04,592094,7,3,1,2.1354794285714283,7.0,2,1
2023-05-04,592332,21,4,1,10.260316516528405,21.0,16,3
2023-05-04,592779,5,3,2,0.0,3.0,0,0
2023-05-04,592791,12,4,0,4.759441558441558,12.0,8,2
2023-05-04,592826,11,2,1,3.917458555555555,11.0,8,1
2023-05-04,593958,27,9,1,4.972681554778555,26.0,16,1
2023-05-04,595345,1,0,0,0.016,1.0,1,0
2023-05-04,596112,5,1,1,2.2322244285714286,4.0,2,1
2023-05-04,605347,5,0,2,0.8679030000000001,3.0,3,0
2023-05-04,606303,4,1,0,0.383,4.0,3,0
2023-05-04,606965,4,1,0,0.28800000000000003,4.0,3,0
2023-05-04,607237,7,1,2,3.1441393333333334,6.0,3,1
2023-05-04,607359,3,1,0,1.6082264150943395,3.0,2,1
2023-05-04,607481,3,3,0,0.0,3.0,0,0
2023-05-04,607968,19,3,5,6.966927698412698,19.0,11,1
2023-05-04,608337,27,7,3,6.236709,27.0,17,0
2023-05-04,608665,4,2,1,0.7309030000000001,4.0,1,0
2023-05-04,608678,3,1,0,1.0836000000000001,3.0,2,1
2023-05-04,608717,6,3,0,1.248,6.0,3,0
2023-05-04,621107,23,10,0,2.4704594594594593,23.0,13,1
2023-05-04,621249,7,1,2,2.022806,7.0,4,0
2023-05-04,621345,4,2,0,0.9610000000000001,4.0,2,0
2023-05-04,622098,4,1,0,1.4510049999999999,4.0,2,0
2023-05-04,622251,3,1,1,0.7459030000000001,3.0,1,0
2023-05-04,623149,3,1,0,0.4786666666666667,3.0,2,0
2023-05-04,623211,6,4,0,0.473,6.0,2,0
2023-05-04,623433,3,0,0,0.501,3.0,3,0
2023-05-04,623437,4,1,0,0.206,4.0,3,0
2023-05-04,625643,4,1,0,2.011945454545454,4.0,3,1
2023-05-04,640448,5,2,1,0.933903,5.0,2,0
2023-05-04,640451,5,1,0,2.0725166666666666,5.0,4,1
2023-05-04,640462,6,1,1,2.944903,6.0,4,0
2023-05-04,641154,28,8,1,8.520712675704413,28.0,19,2
2023-05-04,641329,4,0,2,1.468120391304348,3.0,2,1
2023-05-04,641835,8,1,0,1.034,8.0,7,0
2023-05-04,641941,4,2,1,0.029,3.0,1,0
2023-05-04,642585,6,3,2,1.5548060000000001,6.0,1,0
2023-05-04,643493,5,0,2,2.0901217894736845,5.0,3,0
2023-05-04,647315,5,1,1,3.382760142857143,5.0,3,1
2023-05-04,656257,4,1,0,1.0880049999999999,4.0,2,0
2023-05-04,656288,24,3,3,9.060418677419355,24.0,18,1
2023-05-04,656353,5,1,0,1.4769999999999999,5.0,4,0
2023-05-04,656427,17,3,1,7.162812761904762,17.0,12,1
2023-05-04,656638,3,2,0,0.932,3.0,1,0
2023-05-04,657024,4,0,0,1.705,4.0,4,0
2023-05-04,657044,3,0,0,0.5558333333333333,3.0,3,0
2023-05-04,657265,6,1,1,2.4649080000000003,6.0,3,0
2023-05-04,657514,5,0,1,2.017903,5.0,4,0
2023-05-04,657756,20,1,0,7.1966809523809525,20.0,19,2
2023-05-04,661395,5,0,2,1.317903,4.0,3,0
2023-05-04,663558,3,1,0,0.434,3.0,2,0
2023-05-04,663765,10,0,1,4.345903,10.0,9,0
2023-05-04,663992,3,0,0,0.757,3.0,3,0
2023-05-04,665871,15,1,0,3.743483870967742,15.0,14,1
2023-05-04,666200,27,5,3,9.637050718309858,26.0,19,2
2023-05-04,666974,6,3,0,0.5309999999999999,6.0,3,0
2023-05-04,668338,3,0,0,0.9490000000000001,3.0,3,0
2023-05-04,668941,5,1,0,1.2,5.0,4,0
2023-05-04,669424,3,0,1,1.345903,3.0,2,0
2023-05-04,669674,6,2,0,2.08,6.0,4,0
2023-05-04,669796,5,1,0,1.6263833333333337,5.0,4,1
2023-05-04,669923,28,2,1,8.580403,28.0,25,1
2023-05-04,670059,3,3,0,0.0,3.0,0,0
2023-05-04,670167,5,3,0,0.506,5.0,2,0
2023-05-04,670329,4,0,0,1.14,4.0,4,0
2023-05-04,671111,6,2,2,2.187806,6.0,2,0
2023-05-04,672335,7,0,0,3.268054838709677,7.0,7,1
2023-05-04,678394,23,5,1,7.853806540903541,22.0,16,2
2023-05-04,680570,19,3,1,8.695643722495896,19.0,15,4
2023-05-04,680735,7,1,1,2.064903,7.0,5,0
2023-05-04,683232,9,4,0,1.242,9.0,5,0
2023-05-04,689266,28,1,3,10.890896909090909,27.0,24,2
2023-05-05,445276,5,3,1,1.517903,5.0,1,0
2023-05-05,445926,3,2,0,0.425,3.0,1,0
2023-05-05,448179,25,5,2,10.461096993788821,25.0,18,4
2023-05-05,455119,3,0,0,0.5773333333333334,3.0,3,0
2023-05-05,458681,27,8,0,6.169595744680851,27.0,19,1
2023-05-05,477132,25,7,5,10.014804855072464,25.0,13,2
2023-05-05,489446,4,1,1,1.1049030000000002,4.0,2,0
2023-05-05,493603,4,1,0,1.171,3.0,3,0
2023-05-05,502085,5,0,2,2.6459660000000005,5.0,3,1
2023-05-05,506433,24,6,1,6.259199296296297,24.0,17,1
2023-05-05,518876,25,10,1,5.016903,25.0,14,1
2023-05-05,519151,3,0,0,1.5539999999999998,3.0,3,0
2023-05-05,519242,26,10,1,6.4012237894736845,26.0,14,0
2023-05-05,519293,9,0,1,4.927555555555555,8.0,8,1
2023-05-05,523260,4,3,0,0.016,4.0,1,0
2023-05-05,541640,7,1,1,2.524636333333333,7.0,5,1
2023-05-05,542585,5,2,0,1.6360000000000001,5.0,3,0
2023-05-05,542881,27,6,5,9.27622,27.0,15,1
2023-05-05,542947,4,1,0,0.28,4.0,3,0
2023-05-05,554430,25,5,0,9.452805,25.0,19,1
2023-05-05,571510,24,6,0,6.5157762672811055,24.0,18,2
2023-05-05,571656,6,2,0,0.624,6.0,4,0
2023-05-05,571946,6,3,3,1.391806,5.0,0,0
2023-05-05,571948,3,0,1,2.3772559411764704,3.0,2,1
2023-05-05,592094,4,1,0,1.409,4.0,3,0
2023-05-05,593833,6,1,3,2.616709,6.0,2,0
2023-05-05,594580,3,0,0,0.491,3.0,3,0
2023-05-05,595345,3,3,0,0.0,3.0,0,0
2023-05-05,598264,4,2,0,0.938,4.0,2,0
2023-05-05,605135,27,5,4,7.589637,25.0,16,1
2023-05-05,605154,3,2,0,0.031,3.0,1,0
2023-05-05,605177,3,2,0,0.097,3.0,1,0
2023-05-05,605242,3,0,0,1.008,3.0,3,0
2023-05-05,605347,3,1,0,0.187,3.0,2,0
2023-05-05,605447,3,1,0,0.298,3.0,2,0
2023-05-05,606149,3,0,0,1.8760000000000001,3.0,3,0
2023-05-05,607259,4,1,0,0.364,4.0,3,0
2023-05-05,607359,2,0,0,1.3213500000000002,2.0,2,1
2023-05-05,607755,8,2,1,1.832908,8.0,4,0
2023-05-05,608032,4,2,1,0.924903,4.0,1,0
2023-05-05,608328,4,0,2,1.639806,4.0,2,0
2023-05-05,608331,29,7,2,8.863048936612502,28.0,20,3
2023-05-05,608371,4,1,1,1.682903,4.0,2,0
2023-05-05,608718,8,2,0,2.7054761904761904,8.0,6,1
2023-05-05,608723,4,1,0,0.862,4.0,3,0
2023-05-05,612434,3,0,0,0.587,3.0,3,0
2023-05-05,621363,3,1,0,0.659,3.0,2,0
2023-05-05,622098,4,2,0,0.594,4.0,2,0
2023-05-05,622250,1,0,0,0.0,0.0,0,0
2023-05-05,622491,26,5,1,7.028528,25.0,20,1
2023-05-05,622608,18,3,1,5.820224428571429,18.0,14,1
2023-05-05,622772,3,0,1,1.257903,3.0,2,0
2023-05-05,623352,4,2,1,0.700903,4.0,1,0
2023-05-05,625643,3,1,1,0.947903,3.0,1,0
2023-05-05,630023,22,0,4,8.14552109090909,22.0,18,1
2023-05-05,640455,22,6,2,8.669059571428571,22.0,14,2
2023-05-05,641360,4,1,0,0.52,4.0,3,0
2023-05-05,641401,3,0,0,0.406,3.0,3,0
2023-05-05,641540,18,3,1,5.857286333333334,18.0,14,1
2023-05-05,641627,3,1,1,1.043903,3.0,1,0
2023-05-05,641656,2,1,0,0.2,2.0,1,0
2023-05-05,641729,8,2,0,2.720285487804878,8.0,5,1
2023-05-05,641745,25,1,4,11.076076285714286,25.0,20,2
2023-05-05,641927,24,6,1,5.60819687755102,24.0,17,1
2023-05-05,642048,1,1,0,0.0,1.0,0,0
2023-05-05,642100,1,1,0,0.0,1.0,0,0
2023-05-05,642397,3,1,0,0.488,3.0,2,0
2023-05-05,642545,16,3,0,5.019434782608696,16.0,13,1
2023-05-05,642546,5,0,0,2.4138604651162794,5.0,5,1
2023-05-05,643410,4,1,0,1.245005,4.0,2,0
2023-05-05,643493,3,0,0,1.4157894736842105,3.0,3,0
2023-05-05,643511,7,2,0,0.894,7.0,5,0
2023-05-05,650556,6,2,0,0.745,6.0,4,0
2023-05-05,650633,5,1,0,0.39899999999999997,5.0,4,0
2023-05-05,650893,4,1,1,1.2709030000000001,4.0,2,0
2023-05-05,656061,5,1,0,1.0130050000000002,5.0,3,0
2023-05-05,656271,7,0,0,1.739388888888889,7.0,7,0
2023-05-05,656638,4,3,0,1.7499318181818182,4.0,1,1
2023-05-05,656756,25,6,1,6.462056051643192,25.0,18,2
2023-05-05,656945,6,2,1,1.002,5.0,3,0
2023-05-05,657006,26,4,0,5.54056,25.0,22,0
2023-05-05,657024,3,1,0,0.177,3.0,2,0
2023-05-05,657031,7,1,3,2.384806,6.0,3,0
2023-05-05,657508,7,1,1,3.298778,7.0,5,1
2023-05-05,660261,4,0,3,2.100709,4.0,1,0
2023-05-05,660853,4,0,1,0.918903,4.0,3,0
2023-05-05,661395,4,2,1,0.801903,4.0,1,0
2023-05-05,663855,6,1,2,3.290811,6.0,2,0
2023-05-05,664076,3,2,0,2.0,3.0,1,1
2023-05-05,664294,5,3,0,1.253945454545454,5.0,2,1
2023-05-05,664299,26,8,2,7.141010545454545,26.0,16,2
2023-05-05,664854,3,1,0,0.925,3.0,2,0
2023-05-05,664875,4,3,1,0.695903,4.0,0,0
2023-05-05,665048,3,1,0,0.121,3.0,2,0
2023-05-05,665152,24,3,2,10.213811405405405,24.0,19,2
2023-05-05,665625,2,2,0,0.0,2.0,0,0
2023-05-05,665795,22,8,1,7.8958534106280185,21.0,11,2
2023-05-05,666205,26,1,3,11.098171857142857,26.0,22,2
2023-05-05,666374,5,2,1,2.922630272727273,5.0,2,1
2023-05-05,666745,19,2,1,8.718604675651394,19.0,15,3
2023-05-05,666808,4,2,1,1.136903,4.0,1,0
2023-05-05,667427,4,1,0,1.242,4.0,3,0
2023-05-05,668881,25,7,1,8.41390896590909,25.0,17,2
2023-05-05,669060,5,1,2,1.7518060000000002,5.0,2,0
2023-05-05,669169,12,1,0,5.350752307692308,12.0,11,1
2023-05-05,669203,25,5,3,7.503861173913044,25.0,17,1
2023-05-05,669211,3,0,0,1.939,3.0,3,0
2023-05-05,669438,2,1,1,0.695903,2.0,0,0
2023-05-05,670280,3,2,0,0.138,3.0,1,0
2023-05-05,671345,6,0,0,2.706214285714286,6.0,6,0
2023-05-05,672578,5,2,0,1.241,5.0,3,0
2023-05-05,673540,24,4,4,7.508445333333333,24.0,16,1
2023-05-05,675540,5,1,1,1.7669030000000001,5.0,3,0
2023-05-05,680686,24,6,2,8.532538142857144,23.0,15,2
2023-05-05,685410,23,7,0,6.958846153846154,23.0,16,3
2023-05-05,687330,6,1,0,2.016,6.0,5,0
2023-05-06,425794,23,5,0,7.0040000000000004,23.0,18,0
2023-05-06,445276,4,1,0,0.5660000000000001,4.0,3,0
2023-05-06,446372,23,1,0,9.42846152173913,23.0,21,2
2023-05-06,502171,27,5,2,7.0638060000000005,27.0,20,0
2023-05-06,517008,4,0,2,1.8628060000000002,4.0,2,0
2023-05-06,542585,6,0,1,1.886545857142857,6.0,5,0
2023-05-06,542914,2,2,0,0.0,2.0,0,0
2023-05-06,543056,4,0,0,1.9068055555555554,4.0,4,1
2023-05-06,543135,30,5,2,9.505324207282914,30.0,23,3
2023-05-06,543243,22,6,3,5.478209,22.0,13,0
2023-05-06,543351,4,0,1,1.4279030000000001,4.0,3,0
2023-05-06,543518,4,1,1,3.138903,4.0,2,1
2023-05-06,571882,7,1,1,1.742903,7.0,5,0
2023-05-06,572193,6,3,0,0.48100000000000004,6.0,3,0
2023-05-06,572403,4,1,1,0.9669030000000001,4.0,2,0
2023-05-06,572955,4,2,0,1.057,4.0,2,0
2023-05-06,573124,4,1,1,0.8539030000000001,4.0,2,0
2023-05-06,592346,3,0,1,1.005903,3.0,2,0
2023-05-06,592741,5,2,0,1.0801600000000002,5.0,3,1
2023-05-06,592767,16,5,3,5.405063166666666,16.0,8,1
2023-05-06,592773,6,0,1,4.116903,6.0,5,0
2023-05-06,593334,21,5,2,6.168536490196079,21.0,13,0
2023-05-06,593576,4,1,1,1.2139030000000002,4.0,2,0
2023-05-06,593974,3,0,0,1.613,3.0,3,0
2023-05-06,594580,5,1,1,2.420908,5.0,2,0
2023-05-06,594835,25,4,3,8.641734641025641,25.0,18,2
2023-05-06,596295,24,3,2,7.414856,23.0,19,0
2023-05-06,598264,5,2,0,1.096,5.0,3,0
2023-05-06,605130,3,2,0,0.129,3.0,1,0
2023-05-06,605154,4,1,2,2.244806,4.0,1,0
2023-05-06,605177,4,0,0,3.636938461538461,4.0,4,1
2023-05-06,605182,25,7,1,6.7083363333333335,25.0,17,1
2023-05-06,605218,4,0,0,1.393,4.0,4,0
2023-05-06,605280,3,0,0,1.495,3.0,3,0
2023-05-06,605483,22,6,3,7.262857701298701,22.0,13,2
2023-05-06,605513,22,6,1,8.119128136321962,22.0,15,3
2023-05-06,606149,9,1,0,1.8457142857142859,9.0,8,0
2023-05-06,606160,6,1,1,2.101903,6.0,4,0
2023-05-06,607067,23,4,1,4.371545857142857,23.0,18,0
2023-05-06,608678,5,2,1,1.469103,5.0,2,1
2023-05-06,608717,6,3,0,1.432,6.0,3,0
2023-05-06,612434,1,0,0,0.627,1.0,1,0
2023-05-06,614179,4,3,0,0.071,4.0,1,0
2023-05-06,621051,5,1,1,1.495908,5.0,2,0
2023-05-06,621074,6,1,0,1.144,6.0,5,0
2023-05-06,621244,25,7,1,8.196723512820514,25.0,17,2
2023-05-06,621345,3,2,0,0.0,3.0,1,0
2023-05-06,621433,3,0,1,1.316903,3.0,2,0
2023-05-06,622251,3,2,0,0.23,3.0,1,0
2023-05-06,622554,5,0,0,1.603005,5.0,4,0
2023-05-06,623149,6,2,0,1.942,6.0,4,0
2023-05-06,623211,6,2,2,1.7138060000000002,6.0,2,0
2023-05-06,623433,6,0,0,1.955,5.0,5,0
2023-05-06,623465,4,3,1,0.695903,4.0,0,0
2023-05-06,624522,9,2,0,2.219,9.0,7,0
2023-05-06,628452,3,2,0,0.129,3.0,1,0
2023-05-06,640448,6,0,3,2.500181,4.0,3,0
2023-05-06,640462,5,1,0,0.548,5.0,4,0
2023-05-06,640470,3,0,0,0.5529999999999999,3.0,3,0
2023-05-06,641329,5,0,1,1.662903,5.0,4,0
2023-05-06,641401,6,0,1,2.024903,6.0,5,0
2023-05-06,641585,20,5,1,5.879508,20.0,13,0
2023-05-06,641656,4,1,0,1.9093142857142855,4.0,3,1
2023-05-06,641703,6,1,1,2.166903,6.0,4,0
2023-05-06,641835,3,3,0,0.0,3.0,0,0
2023-05-06,642048,3,2,0,0.188,3.0,1,0
2023-05-06,642397,3,1,0,0.384,3.0,2,0
2023-05-06,642770,4,1,1,1.070903,4.0,2,0
2023-05-06,650893,3,0,1,0.911903,3.0,2,0
2023-05-06,656222,7,2,1,2.267903,7.0,4,0
2023-05-06,656234,8,3,1,2.079903,8.0,4,0
2023-05-06,656257,3,0,0,1.109,3.0,3,0
2023-05-06,656353,10,0,1,4.417903,10.0,9,0
2023-05-06,656529,2,2,0,0.0,2.0,0,0
2023-05-06,656546,5,2,2,0.695903,3.0,1,0
2023-05-06,656731,23,4,3,9.309714,23.0,15,0
2023-05-06,656814,5,1,1,1.904903,5.0,3,0
2023-05-06,656876,22,6,2,4.404864823529412,21.0,13,0
2023-05-06,656945,3,1,0,0.115,3.0,2,0
2023-05-06,657031,4,1,0,1.602,4.0,3,0
2023-05-06,657044,1,0,0,0.055,1.0,1,0
2023-05-06,657514,5,1,0,2.020954545454545,5.0,4,1
2023-05-06,657571,4,1,1,0.8459030000000001,4.0,2,0
2023-05-06,657612,3,0,0,0.6719999999999999,3.0,3,0
2023-05-06,660813,5,0,0,1.705,5.0,5,0
2023-05-06,660896,7,3,0,1.302657142857143,7.0,4,1
2023-05-06,661403,3,1,0,0.08900000000000001,3.0,2,0
2023-05-06,663558,3,2,0,0.838,3.0,1,0
2023-05-06,663559,18,4,1,6.052903000000001,18.0,13,0
2023-05-06,663658,2,0,0,0.199,2.0,2,0
2023-05-06,663773,13,4,1,2.540903,13.0,8,0
2023-05-06,663903,23,4,3,9.660179317460317,23.0,14,2
2023-05-06,663947,4,0,1,1.329903,4.0,3,0
2023-05-06,663986,5,2,0,2.559926470588235,5.0,3,1
2023-05-06,663992,4,1,1,1.424908,4.0,1,0
2023-05-06,664139,7,2,0,2.2397931034482754,7.0,5,1
2023-05-06,664199,8,3,1,2.3422187894736846,8.0,4,0
2023-05-06,664208,4,2,0,0.597,4.0,2,0
2023-05-06,664747,3,0,0,1.193,3.0,3,0
2023-05-06,666157,21,3,1,8.7445726279427,21.0,14,2
2023-05-06,666168,6,0,0,1.706,5.0,6,0
2023-05-06,666619,5,1,0,1.207,5.0,4,0
2023-05-06,666720,4,0,0,1.2733548387096774,4.0,4,1
2023-05-06,666808,2,0,0,1.7127899999999996,2.0,2,1
2023-05-06,667427,5,2,1,1.277903,5.0,2,0
2023-05-06,668338,8,1,0,2.8351538461538457,8.0,7,1
2023-05-06,668665,9,4,1,2.9485696666666663,9.0,4,1
2023-05-06,669022,26,9,1,6.882560142857143,25.0,16,1
2023-05-06,669160,22,6,1,4.646303,22.0,15,0
2023-05-06,669276,6,2,1,2.6071530000000003,6.0,3,1
2023-05-06,669459,2,1,0,0.124,2.0,1,0
2023-05-06,670167,4,0,1,0.9759030000000001,4.0,3,0
2023-05-06,670174,3,1,0,1.3621999999999999,3.0,2,1
2023-05-06,670329,5,1,1,1.077903,5.0,3,0
2023-05-06,670912,27,3,3,12.111563618904619,27.0,21,4
2023-05-06,670990,8,2,1,2.167903,8.0,5,0
2023-05-06,671106,26,3,2,11.23033079485003,26.0,21,3
2023-05-06,672282,21,7,2,6.270806,21.0,12,0
2023-05-06,672335,4,1,0,0.314,4.0,3,0
2023-05-06,672730,3,0,0,1.493,3.0,3,0
2023-05-06,674072,24,3,2,6.492606,24.0,19,1
2023-05-06,675911,19,10,0,3.6449310344827586,19.0,9,1
2023-05-06,675916,1,1,0,0.0,1.0,0,0
2023-05-06,675989,11,1,3,4.695714000000001,11.0,6,0
2023-05-06,676684,6,0,2,2.651806,6.0,4,0
2023-05-06,676760,5,1,0,0.323,4.0,4,0
2023-05-06,677053,4,2,0,0.952,4.0,2,0
2023-05-06,680694,22,4,2,8.626482637248934,22.0,15,3
2023-05-06,681806,7,1,1,1.3389030000000002,7.0,5,0
2023-05-06,686610,27,6,6,11.034761201754387,27.0,15,3
2023-05-06,687330,6,0,0,3.3369999999999997,6.0,6,0
2023-05-07,445926,4,1,0,1.1599473684210526,4.0,3,0
2023-05-07,453268,4,0,0,1.8805178571428574,4.0,4,1
2023-05-07,488984,13,2,1,4.942320857142858,13.0,10,1
2023-05-07,502202,6,1,1,2.178903,6.0,4,0
2023-05-07,517008,4,1,0,0.417,4.0,3,0
2023-05-07,518489,4,1,0,0.5840000000000001,3.0,2,0
2023-05-07,527048,21,2,3,9.203741258064516,21.0,16,1
2023-05-07,541640,5,0,0,0.73,5.0,5,0
2023-05-07,542947,2,0,0,2.887842105263158,2.0,2,2
2023-05-07,543037,26,6,2,9.11310903030303,26.0,18,2
2023-05-07,543272,4,1,0,1.083,4.0,3,0
2023-05-07,543521,7,3,1,1.331903,7.0,3,0
2023-05-07,543859,5,1,0,0.399,5.0,4,0
2023-05-07,547973,3,1,0,0.18000000000000002,3.0,2,0
2023-05-07,548389,23,3,2,11.256976439691028,23.0,18,3
2023-05-07,554340,7,1,1,2.649903,7.0,5,0
2023-05-07,570666,5,0,0,2.33,5.0,5,0
2023-05-07,571656,3,2,0,0.252,3.0,1,0
2023-05-07,571670,5,0,0,1.647005,5.0,4,0
2023-05-07,571875,4,0,0,1.52054,4.0,4,1
2023-05-07,571912,4,0,0,1.5199285714285715,4.0,4,0
2023-05-07,571927,21,2,0,5.819354838709677,21.0,19,1
2023-05-07,571948,4,2,0,0.9450000000000001,4.0,2,0
2023-05-07,572403,6,3,0,0.476,6.0,3,0
2023-05-07,573009,5,2,0,0.754,5.0,3,0
2023-05-07,579328,25,3,2,7.010137666666666,25.0,20,1
2023-05-07,592094,4,0,0,1.4150769230769238,4.0,4,1
2023-05-07,592779,3,0,0,1.2690000000000001,3.0,3,0
2023-05-07,592836,20,6,0,4.924482758620689,19.0,13,1
2023-05-07,592866,21,5,2,7.688167688311688,21.0,14,4
2023-05-07,593974,3,2,0,0.131,3.0,1,0
2023-05-07,595345,5,0,1,2.578903,5.0,4,0
2023-05-07,596001,12,2,3,4.702714,12.0,6,0
2023-05-07,600917,5,1,0,2.8930000000000002,5.0,4,1
2023-05-07,600921,4,0,1,1.810653,4.0,3,1
2023-05-07,605130,4,2,0,0.161,4.0,2,0
2023-05-07,605242,3,1,0,1.3720256410256415,3.0,2,1
2023-05-07,605280,3,2,0,0.05,3.0,1,0
2023-05-07,605288,21,5,1,5.208903,21.0,15,0
2023-05-07,605397,21,5,3,5.656259,21.0,13,0
2023-05-07,605447,2,1,0,0.002,2.0,1,0
2023-05-07,606303,6,3,0,1.2530000000000001,6.0,3,0
2023-05-07,606965,11,3,0,4.471277628032346,11.0,8,2
2023-05-07,607259,6,1,1,2.533903,6.0,4,0
2023-05-07,608328,13,1,0,7.973700000000002,13.0,12,4
2023-05-07,608678,6,0,0,2.403,6.0,6,0
2023-05-07,608718,8,3,0,1.3960000000000001,8.0,5,0
2023-05-07,608723,6,2,0,0.8727,6.0,4,0
2023-05-07,612434,6,1,0,2.33705,6.0,5,0
2023-05-07,615698,25,4,3,6.948339,25.0,17,0
2023-05-07,621051,4,2,1,0.7169030000000001,4.0,1,0
2023-05-07,621237,4,0,0,0.939,4.0,4,0
2023-05-07,621363,4,1,1,0.8539030000000001,4.0,2,0
2023-05-07,621381,7,3,0,0.442,7.0,4,0
2023-05-07,622065,5,1,0,1.0171,5.0,4,0
2023-05-07,622075,4,2,0,0.139,4.0,2,0
2023-05-07,622250,8,1,1,2.518903,8.0,6,0
2023-05-07,622772,4,1,1,0.9569030000000001,4.0,2,0
2023-05-07,623211,4,0,1,0.322,2.0,3,0
2023-05-07,623352,4,0,0,1.6079999999999999,4.0,4,1
2023-05-07,623437,3,1,0,0.932,2.0,1,0
2023-05-07,623465,3,1,0,0.8382222222222222,3.0,2,0
2023-05-07,624647,4,1,0,0.499,4.0,3,0
2023-05-07,628452,3,0,0,0.38699999999999996,3.0,3,0
2023-05-07,628711,25,3,1,10.179229480263157,25.0,21,3
2023-05-07,640451,4,1,1,1.567903,4.0,2,0
2023-05-07,640462,2,2,0,0.0,2.0,0,0
2023-05-07,640470,10,0,0,3.91075,9.0,10,0
2023-05-07,641302,3,0,0,1.616005,3.0,2,0
2023-05-07,641627,3,2,0,0.11,3.0,1,0
2023-05-07,641703,5,2,0,1.374,5.0,3,0
2023-05-07,641793,7,0,2,3.628903,6.0,5,1
2023-05-07,641871,5,2,0,1.535005,5.0,2,0
2023-05-07,641941,3,0,0,0.32,3.0,3,0
2023-05-07,642100,3,0,0,1.114,3.0,3,0
2023-05-07,642207,4,1,0,2.0256212121212114,4.0,3,1
2023-05-07,642231,6,0,2,3.4461589411764706,6.0,4,1
2023-05-07,642232,20,2,0,3.542116111111111,20.0,17,0
2023-05-07,642585,4,1,1,0.822903,3.0,1,0
2023-05-07,642770,5,1,1,2.4394414615384616,5.0,3,0
2023-05-07,643410,7,2,0,0.997,7.0,5,0
2023-05-07,645261,32,9,0,7.849,31.0,23,0
2023-05-07,650556,3,3,0,0.0,3.0,0,0
2023-05-07,650633,4,3,0,0.578,4.0,1,0
2023-05-07,656061,2,0,0,0.76,2.0,2,0
2023-05-07,656222,1,1,0,0.0,1.0,0,0
2023-05-07,656232,24,0,2,12.568009174603175,24.0,22,3
2023-05-07,656257,3,1,0,0.8988421052631578,3.0,2,1
2023-05-07,656412,18,1,0,6.499288762446658,18.0,17,2
2023-05-07,656464,5,0,1,2.244903,5.0,4,0
2023-05-07,656557,23,4,1,4.966236333333334,22.0,17,0
2023-05-07,656629,28,2,1,11.429501107978979,28.0,24,4
2023-05-07,656945,3,1,0,0.13,2.0,1,0
2023-05-07,657044,6,2,1,1.2809030000000001,6.0,3,0
2023-05-07,657240,3,0,0,0.533,3.0,3,0
2023-05-07,657265,5,3,0,1.7327727272727271,5.0,2,1
2023-05-07,657424,3,1,2,1.391806,3.0,0,0
2023-05-07,657508,4,2,1,0.179,3.0,1,0
2023-05-07,657571,3,2,0,0.519,3.0,1,0
2023-05-07,657612,3,1,0,0.833005,3.0,1,0
2023-05-07,657746,26,4,0,5.435,26.0,22,0
2023-05-07,660261,8,0,0,2.924,8.0,8,0
2023-05-07,660761,18,3,3,9.387981727272727,18.0,12,2
2023-05-07,661403,4,1,1,0.759903,4.0,2,0
2023-05-07,661527,4,2,0,0.948005,4.0,1,0
2023-05-07,663372,20,3,6,8.602423,20.0,10,0
2023-05-07,663658,6,0,4,2.8876120000000003,6.0,2,0
2023-05-07,663878,4,1,0,1.0815384615384616,4.0,3,0
2023-05-07,663947,14,1,1,5.627716585503167,14.0,11,2
2023-05-07,664076,2,0,0,0.5589999999999999,2.0,2,0
2023-05-07,664192,19,4,3,7.036556826086956,19.0,12,1
2023-05-07,664208,3,0,0,1.584,3.0,3,0
2023-05-07,664294,3,1,0,0.217,3.0,2,0
2023-05-07,664854,3,1,0,0.21,3.0,2,0
2023-05-07,664875,3,1,0,0.256,3.0,2,0
2023-05-07,664942,4,0,0,2.023,4.0,4,0
2023-05-07,665048,6,1,3,2.6037090000000003,6.0,2,0
2023-05-07,665665,8,1,1,1.7819030000000002,8.0,6,0
2023-05-07,666142,10,2,2,3.175806,10.0,6,0
2023-05-07,666374,3,2,0,0.46,3.0,1,0
2023-05-07,666974,6,3,0,0.609,6.0,3,0
2023-05-07,668933,13,3,2,5.268232900584795,13.0,8,0
2023-05-07,668941,3,0,1,2.724498744680851,3.0,2,1
2023-05-07,668984,11,0,1,5.557503,11.0,10,1
2023-05-07,669194,21,3,1,5.915903,20.0,16,0
2023-05-07,669276,2,0,0,0.6020000000000001,2.0,2,0
2023-05-07,669330,20,4,1,6.7934555974025965,20.0,15,2
2023-05-07,669424,4,0,0,0.706,4.0,4,0
2023-05-07,669438,6,1,0,3.877377551020408,6.0,5,2
2023-05-07,669459,6,0,1,1.9019030000000001,6.0,5,0
2023-05-07,669674,2,0,0,0.091,2.0,2,0
2023-05-07,669713,22,6,0,6.710008822501747,22.0,16,3
2023-05-07,669796,3,2,0,0.002,3.0,1,0
2023-05-07,672335,3,1,1,0.7478400000000002,2.0,1,1
2023-05-07,672578,5,1,1,1.345903,5.0,3,0
2023-05-07,672710,26,4,3,11.196799476190478,26.0,19,2
2023-05-07,675916,4,1,1,1.708903,4.0,2,1
2023-05-07,676596,26,1,4,9.591326285714286,26.0,21,1
2023-05-07,677053,3,1,0,0.095,3.0,2,0
2023-05-07,681217,18,3,2,6.125106724637681,18.0,13,1
2023-05-07,682243,20,5,1,6.769585678132678,20.0,14,2
2023-05-07,683232,4,0,1,1.170903,4.0,3,0
2023-05-07,686972,7,1,0,2.576842105263158,7.0,6,1
2023-05-07,693821,25,4,4,8.235617,25.0,16,0
2023-05-07,695243,25,5,1,8.303908,25.0,18,1
2023-05-08,425844,24,2,1,7.351503,24.0,21,1
2023-05-08,453268,4,1,1,1.459278,3.0,1,0
2023-05-08,502043,26,4,2,9.650586487804878,26.0,20,2
2023-05-08,502202,4,1,0,1.240047619047619,4.0,3,0
2023-05-08,519043,5,1,0,0.871,5.0,4,0
2023-05-08,519293,3,3,0,0.0,3.0,0,0
2023-05-08,543101,32,3,1,10.436908,32.0,27,0
2023-05-08,571945,20,7,3,7.299709,20.0,10,0
2023-05-08,573009,2,0,0,0.622,2.0,2,0
2023-05-08,573186,23,6,1,7.252403,23.0,16,1
2023-05-08,592094,4,3,0,0.914,4.0,1,0
2023-05-08,592346,10,2,0,3.106,10.0,8,1
2023-05-08,592351,25,8,0,6.729100085470086,25.0,16,2
2023-05-08,592741,7,2,0,2.009,7.0,5,0
2023-05-08,593576,3,1,0,0.151,3.0,2,0
2023-05-08,593833,7,0,1,2.209950619047619,7.0,6,1
2023-05-08,598286,9,1,1,3.608553,9.0,7,1
2023-05-08,600921,4,1,0,1.934,4.0,3,1
2023-05-08,605218,6,0,0,1.7310050000000001,6.0,5,0
2023-05-08,605242,5,0,1,1.5729030000000002,5.0,4,0
2023-05-08,606160,5,1,1,2.566420857142857,5.0,3,1
2023-05-08,607237,1,1,0,0.0,1.0,0,0
2023-05-08,607481,6,0,1,2.01,5.0,5,0
2023-05-08,607536,27,4,3,10.860104454545453,27.0,20,2
2023-05-08,608032,3,1,0,0.092,3.0,2,0
2023-05-08,608665,5,1,1,1.287903,5.0,3,0
2023-05-08,614179,7,1,0,1.793,7.0,6,0
2023-05-08,621016,1,0,0,0.6025652173913043,1.0,1,0
2023-05-08,621363,5,1,0,2.035,5.0,4,0
2023-05-08,641329,4,0,2,1.6428060000000002,4.0,2,0
2023-05-08,641360,5,0,0,2.201,5.0,5,0
2023-05-08,641482,23,4,2,8.263206,23.0,17,0
2023-05-08,641627,5,2,0,0.7726666666666667,5.0,3,0
2023-05-08,641656,3,2,0,0.073,3.0,1,0
2023-05-08,642100,3,1,0,0.628,3.0,2,0
2023-05-08,642546,4,1,0,1.5340099999999999,4.0,1,0
2023-05-08,642547,23,5,2,6.445635787234043,23.0,16,1
2023-05-08,643493,9,2,1,3.2401998749999996,9.0,6,1
2023-05-08,650893,6,1,2,1.494806,6.0,3,0
2023-05-08,656271,1,1,0,0.0,1.0,0,0
2023-05-08,656302,25,6,1,9.787362545454545,25.0,17,2
2023-05-08,656605,31,8,1,7.340861333333334,31.0,22,1
2023-05-08,656638,2,0,1,1.184903,2.0,1,0
2023-05-08,656986,8,2,1,3.6059899565217397,8.0,5,1
2023-05-08,657240,3,2,0,0.082,3.0,1,0
2023-05-08,660853,3,0,1,1.070903,3.0,2,0
2023-05-08,661527,5,1,0,1.3599999999999999,5.0,4,0
2023-05-08,663556,24,7,4,7.709416347826087,24.0,13,1
2023-05-08,663623,23,5,3,6.900061173913044,23.0,15,1
2023-05-08,663776,26,2,0,10.103385318444996,26.0,24,2
2023-05-08,663855,7,2,1,1.654903,7.0,4,0
2023-05-08,663941,7,1,0,1.6690049999999998,7.0,5,0
2023-05-08,664062,23,6,0,6.311234090909091,23.0,16,2
2023-05-08,664854,4,0,0,0.251,4.0,4,0
2023-05-08,665625,5,0,0,1.237,5.0,5,0
2023-05-08,666129,24,6,1,8.094903,24.0,17,1
2023-05-08,666214,22,5,3,8.060726857142859,22.0,14,1
2023-05-08,666619,4,1,0,1.359,4.0,3,0
2023-05-08,666721,13,1,2,4.900811,13.0,9,0
2023-05-08,668678,27,7,1,8.774403,27.0,19,2
2023-05-08,669211,7,3,0,1.7277272727272728,7.0,4,1
2023-05-08,669212,5,2,1,2.3193097796610176,5.0,2,1
2023-05-08,669302,24,10,1,5.050560142857143,24.0,13,1
2023-05-08,669424,3,1,1,1.255903,3.0,1,0
2023-05-08,669674,3,1,1,0.915903,3.0,1,0
2023-05-08,671345,2,0,0,0.637,2.0,2,0
2023-05-08,675540,9,1,0,4.579,9.0,8,0
2023-05-08,676440,20,2,4,9.865486822190611,20.0,14,2
2023-05-08,676664,22,4,0,8.998736067193676,22.0,18,3
2023-05-08,676684,4,1,0,1.1829999999999998,4.0,3,0
2023-05-08,676760,6,1,2,1.9438060000000001,6.0,3,0
2023-05-08,677053,5,0,1,1.984903,5.0,4,0
2023-05-08,680704,5,2,0,1.285,5.0,3,0
2023-05-08,686613,23,3,1,9.879508000000001,22.0,17,3
2023-05-08,687330,3,2,0,0.023,3.0,1,0
2023-05-09,450203,24,7,2,6.2734998775510205,24.0,15,1
2023-05-09,453178,7,2,1,2.8866924736842106,7.0,4,0
2023-05-09,472610,3,1,0,1.4420000000000002,3.0,2,0
2023-05-09,489446,4,2,1,0.902903,4.0,1,0
2023-05-09,493603,3,0,0,0.682,3.0,3,0
2023-05-09,502624,7,0,1,1.723903,7.0,6,0
2023-05-09,518489,3,1,0,0.974,3.0,2,0
2023-05-09,518886,3,2,0,0.609,3.0,1,0
2023-05-09,519151,3,2,0,0.591,3.0,1,0
2023-05-09,523260,3,1,0,0.768,3.0,2,0
2023-05-09,542585,5,1,1,0.937,4.0,3,0
2023-05-09,543475,33,6,0,10.528408630952383,33.0,27,3
2023-05-09,543518,5,0,0,1.1527,4.0,4,0
2023-05-09,547179,25,3,0,5.644642857142857,25.0,22,0
2023-05-09,571578,27,3,0,9.271094942324757,27.0,24,2
2023-05-09,571670,4,0,0,1.585,4.0,4,0
2023-05-09,571760,27,7,2,7.116270285714285,27.0,18,1
2023-05-09,571882,4,0,1,1.536903,4.0,3,0
2023-05-09,571946,8,2,1,4.567519161616162,8.0,5,2
2023-05-09,592789,4,0,1,2.184903,4.0,3,1
2023-05-09,592791,15,5,2,6.018944461538462,15.0,8,2
2023-05-09,593974,3,0,1,1.3829030000000002,3.0,2,0
2023-05-09,596112,3,0,1,1.3089030000000001,3.0,2,0
2023-05-09,596133,23,2,1,7.916649661772128,23.0,20,3
2023-05-09,598264,5,0,0,1.613333333333333,5.0,5,1
2023-05-09,601713,24,2,3,10.826363122807019,24.0,18,1
2023-05-09,605280,4,3,1,0.695903,4.0,0,0
2023-05-09,605400,24,6,2,6.7651563305950715,23.0,16,2
2023-05-09,606149,3,0,0,0.469,3.0,3,0
2023-05-09,607259,4,2,1,1.889848454545454,4.0,1,1
2023-05-09,607359,14,0,1,7.5293537211538455,14.0,13,2
2023-05-09,607968,26,2,3,9.93345301098901,26.0,20,3
2023-05-09,608337,25,9,2,7.80561460772837,25.0,14,3
2023-05-09,608371,3,0,1,2.136903,3.0,2,0
2023-05-09,608379,24,4,3,6.84390287755102,24.0,17,1
2023-05-09,608665,3,0,0,0.07400000000000001,3.0,3,0
2023-05-09,608717,6,2,1,1.304903,6.0,3,0
2023-05-09,608718,4,2,1,0.9919030000000001,4.0,1,0
2023-05-09,621051,2,2,0,0.0,2.0,0,0
2023-05-09,621074,2,1,0,0.15,2.0,1,0
2023-05-09,621107,26,4,1,7.8234982380952385,26.0,21,1
2023-05-09,621249,8,0,1,5.2264953520923525,8.0,7,2
2023-05-09,621345,6,1,1,2.289463,6.0,4,0
2023-05-09,622065,3,0,0,2.542451808510638,3.0,2,1
2023-05-09,622075,3,0,0,0.276,3.0,3,0
2023-05-09,622098,4,1,0,0.930005,4.0,2,0
2023-05-09,622554,5,1,0,2.167005,5.0,3,0
2023-05-09,623211,3,2,0,0.021,3.0,1,0
2023-05-09,623437,4,0,1,0.9539030000000001,4.0,3,0
2023-05-09,623465,1,0,0,0.168,1.0,1,0
2023-05-09,624647,3,1,0,0.347,3.0,2,0
2023-05-09,625643,3,1,0,0.536,3.0,2,0
2023-05-09,641302,1,0,0,0.181,1.0,1,0
2023-05-09,641360,5,1,0,1.4,5.0,4,0
2023-05-09,641401,3,0,0,0.7330588235294117,3.0,3,0
2023-05-09,641778,17,4,2,8.29005967965368,17.0,11,2
2023-05-09,641793,8,2,1,2.695903,8.0,5,0
2023-05-09,641835,3,0,0,0.648,3.0,3,0
2023-05-09,641941,5,2,0,1.3990500000000001,5.0,3,0
2023-05-09,642397,3,1,0,1.006005,3.0,1,0
2023-05-09,642585,6,1,3,2.467709,6.0,2,0
2023-05-09,643377,5,0,2,1.736806,4.0,3,0
2023-05-09,643511,5,0,1,1.5529030000000001,5.0,4,0
2023-05-09,656061,4,1,1,3.026003526008183,4.0,2,2
2023-05-09,656234,4,3,0,0.748,4.0,1,0
2023-05-09,656257,3,2,1,0.695903,3.0,0,0
2023-05-09,656427,23,3,5,12.026403638908683,23.0,15,3
2023-05-09,656464,9,1,0,1.8690000000000002,9.0,8,0
2023-05-09,656529,3,1,0,1.3592,3.0,2,1
2023-05-09,656849,19,4,2,6.42835316981132,19.0,13,2
2023-05-09,657024,5,2,0,0.8505599999999999,5.0,3,0
2023-05-09,657240,2,0,1,0.9829030000000001,2.0,1,0
2023-05-09,657277,30,7,1,7.613796333333333,30.0,22,0
2023-05-09,657376,24,7,2,6.952526238095238,24.0,15,1
2023-05-09,657508,3,0,2,1.547806,3.0,1,0
2023-05-09,657514,7,1,1,3.375908,7.0,4,0
2023-05-09,657612,5,0,1,2.8298977183098586,5.0,4,1
2023-05-09,657756,22,3,3,6.396957243243243,21.0,15,1
2023-05-09,660271,30,7,2,6.642128580645162,28.0,18,1
2023-05-09,660813,6,2,1,1.5949030000000002,6.0,3,0
2023-05-09,660896,7,1,1,3.5094240526315787,7.0,5,2
2023-05-09,661403,4,0,0,1.259,4.0,4,0
2023-05-09,663878,4,0,1,1.855,3.0,3,0
2023-05-09,663986,2,0,0,0.6778500000000001,2.0,2,0
2023-05-09,664285,29,12,0,6.607669491525424,29.0,16,1
2023-05-09,664747,5,3,1,0.8649030000000001,5.0,1,0
2023-05-09,664849,4,2,0,0.768,4.0,2,0
2023-05-09,665048,5,1,1,2.301474428571429,5.0,3,0
2023-05-09,665625,7,0,1,2.158603,7.0,6,0
2023-05-09,665871,20,1,2,6.911339127889062,20.0,17,2
2023-05-09,666168,6,1,2,2.642806,6.0,3,0
2023-05-09,666200,27,5,2,7.640238432432432,27.0,20,1
2023-05-09,666201,20,1,4,6.398278666666667,20.0,15,0
2023-05-09,666808,3,2,0,0.128,3.0,1,0
2023-05-09,666974,5,2,0,1.209,5.0,3,0
2023-05-09,668665,10,2,1,2.9865508571428574,10.0,6,0
2023-05-09,669060,9,2,0,3.419030487804878,9.0,7,1
2023-05-09,669456,26,9,1,7.360008263157894,26.0,16,1
2023-05-09,669467,8,1,1,3.6734258571428575,8.0,5,1
2023-05-09,669711,7,2,1,3.606607545454546,7.0,4,1
2023-05-09,669796,4,1,1,0.825903,4.0,2,0
2023-05-09,669923,27,9,0,5.36,27.0,18,0
2023-05-09,670950,7,3,2,1.879806,7.0,2,0
2023-05-09,670990,3,2,0,0.134,3.0,1,0
2023-05-09,672730,4,2,0,0.51,4.0,2,0
2023-05-09,675916,4,2,2,1.391806,4.0,0,0
2023-05-09,677865,5,2,0,0.572,5.0,3,0
2023-05-09,680570,24,4,2,8.769787162981164,24.0,18,2
2023-05-09,681402,9,1,3,3.792380666666667,9.0,4,0
2023-05-09,681806,7,1,0,2.6248490566037734,7.0,6,1
2023-05-09,682847,24,1,1,10.616090050763702,24.0,22,2
2023-05-09,683232,8,3,2,1.642806,8.0,3,0
2023-05-09,686973,24,6,2,7.509931,24.0,16,2
2023-05-09,694297,23,3,2,11.486235864253395,23.0,18,4
2023-05-10,434378,25,7,2,6.717112060606061,24.0,15,2
2023-05-10,445276,4,1,0,0.9383478260869564,4.0,3,1
2023-05-10,445926,3,2,0,0.003,3.0,1,0
2023-05-10,448179,17,4,2,5.458806,17.0,11,0
2023-05-10,453268,4,1,2,1.593806,4.0,1,0
2023-05-10,455119,4,3,0,0.281,4.0,1,0
2023-05-10,458681,26,4,2,10.665473211328976,26.0,20,3
2023-05-10,472610,4,0,1,1.6619030000000001,4.0,3,0
2023-05-10,477132,24,8,0,6.511966843501326,24.0,16,2
2023-05-10,489119,24,3,2,10.059194522727273,24.0,18,3
2023-05-10,493603,3,1,0,0.278,3.0,2,0
2023-05-10,502085,3,2,0,0.082,3.0,1,0
2023-05-10,502202,3,1,0,0.529,3.0,2,0
2023-05-10,518876,23,6,1,6.1636880000000005,22.0,16,2
2023-05-10,518886,3,2,0,0.046,3.0,1,0
2023-05-10,519151,7,1,0,2.480488888888889,7.0,6,1
2023-05-10,519293,3,2,0,0.322,3.0,1,0
2023-05-10,541640,5,0,0,3.3857045454545456,5.0,5,1
2023-05-10,543056,2,2,0,0.0,2.0,0,0
2023-05-10,543272,4,2,0,0.656,4.0,2,0
2023-05-10,543521,8,1,1,2.342903,8.0,6,0
2023-05-10,554340,4,1,0,1.004,4.0,3,0
2023-05-10,554430,25,7,1,6.358690439613526,25.0,17,0
2023-05-10,571656,5,2,0,1.871,5.0,3,0
2023-05-10,571670,4,2,0,0.177,4.0,2,0
2023-05-10,571948,3,1,0,0.5599333333333333,3.0,2,0
2023-05-10,572193,4,2,0,0.555,4.0,2,0
2023-05-10,572403,8,0,1,3.9204030000000003,8.0,7,1
2023-05-10,572955,5,2,1,1.446903,5.0,2,0
2023-05-10,592332,21,9,0,2.891,21.0,12,1
2023-05-10,592741,4,1,1,1.5079030000000002,4.0,2,0
2023-05-10,592779,2,1,0,0.071,2.0,1,0
2023-05-10,593576,3,0,1,0.946903,3.0,2,0
2023-05-10,593619,2,0,1,0.22,1.0,1,0
2023-05-10,593833,6,3,0,0.043,6.0,3,0
2023-05-10,593958,27,8,2,5.939806,26.0,16,0
2023-05-10,595345,5,1,1,1.186903,4.0,3,0
2023-05-10,596112,7,2,2,2.3078060000000002,7.0,3,0
2023-05-10,605177,4,2,0,1.186,4.0,2,0
2023-05-10,605242,3,1,0,0.21899999999999997,3.0,2,0
2023-05-10,605347,6,0,1,3.478903,6.0,5,0
2023-05-10,605447,7,1,1,2.334,6.0,5,0
2023-05-10,606303,5,1,0,1.207,5.0,4,0
2023-05-10,606965,6,2,0,1.092,6.0,4,0
2023-05-10,607067,6,0,2,2.2148060000000003,6.0,4,0
2023-05-10,607237,4,2,0,0.94,4.0,2,0
2023-05-10,607625,23,5,1,9.551643476190476,23.0,17,3
2023-05-10,608723,6,1,0,1.69,6.0,5,0
2023-05-10,612434,4,1,0,0.458,4.0,3,0
2023-05-10,621016,5,3,1,0.8409030000000001,5.0,1,0
2023-05-10,621345,3,1,2,1.391806,3.0,0,0
2023-05-10,622065,3,0,0,1.1300000000000001,3.0,3,0
2023-05-10,622250,3,2,0,0.5880500000000001,3.0,1,0
2023-05-10,622251,4,1,0,0.622,4.0,3,0
2023-05-10,622491,24,9,0,7.255321433566434,24.0,14,1
2023-05-10,622554,4,2,0,0.9830000000000001,4.0,2,0
2023-05-10,622608,12,1,1,7.868255684412362,12.0,10,3
2023-05-10,622772,7,1,0,1.904005,7.0,5,0
2023-05-10,623149,3,1,0,0.4635999999999999,3.0,2,0
2023-05-10,623167,3,2,0,0.802,3.0,1,0
2023-05-10,623211,2,0,0,0.217,2.0,2,0
2023-05-10,623352,5,3,1,0.274,4.0,1,0
2023-05-10,623433,6,2,1,1.666903,6.0,3,0
2023-05-10,623474,7,2,1,1.856903,7.0,4,0
2023-05-10,624522,7,0,1,3.1609030000000002,7.0,6,0
2023-05-10,628452,5,2,0,3.806,5.0,3,1
2023-05-10,630023,23,1,4,9.636571459459459,23.0,18,2
2023-05-10,640455,17,4,3,7.349979962732919,17.0,10,2
2023-05-10,640462,4,2,0,0.63,4.0,2,0
2023-05-10,641154,23,8,4,7.32107352173913,23.0,10,1
2023-05-10,641540,23,5,1,8.677503,23.0,17,1
2023-05-10,641703,3,0,0,0.471,3.0,3,0
2023-05-10,641729,1,0,0,0.002,1.0,1,0
2023-05-10,641745,20,4,4,6.213612,20.0,12,0
2023-05-10,641835,3,1,1,0.9619030000000001,3.0,1,0
2023-05-10,641871,4,0,0,1.521,4.0,4,0
2023-05-10,642100,1,1,0,0.0,1.0,0,0
2023-05-10,642207,3,1,0,0.7849999999999999,3.0,2,0
2023-05-10,642397,4,1,1,0.7809030000000001,4.0,2,0
2023-05-10,642546,2,1,1,0.695903,2.0,0,0
2023-05-10,642770,5,0,2,1.249903,4.0,3,0
2023-05-10,643377,5,1,2,0.785903,4.0,2,0
2023-05-10,650556,4,2,0,0.786,4.0,2,0
2023-05-10,656222,7,2,0,1.2577142857142858,7.0,5,0
2023-05-10,656271,4,1,0,1.502005,4.0,2,0
2023-05-10,656288,18,3,1,5.488851333333334,17.0,12,1
2023-05-10,656353,3,1,1,0.7399030000000001,3.0,1,0
2023-05-10,656756,24,3,3,10.128677334072758,24.0,18,3
2023-05-10,656820,10,2,0,6.1618588516746415,10.0,8,2
2023-05-10,656945,6,5,1,0.695903,6.0,0,0
2023-05-10,657006,27,3,3,9.113709,26.0,21,0
2023-05-10,657024,4,1,1,0.802903,3.0,1,0
2023-05-10,657612,3,0,0,1.3519999999999999,3.0,3,0
2023-05-10,660261,8,2,1,2.194903,8.0,5,0
2023-05-10,660853,5,1,0,2.258005,5.0,3,0
2023-05-10,661395,6,1,0,0.86,5.0,5,0
2023-05-10,663567,8,4,1,1.0965696666666667,7.0,2,0
2023-05-10,663658,5,1,1,3.6628744285714285,5.0,3,2
2023-05-10,663773,1,0,0,0.107,1.0,1,0
2023-05-10,663941,23,3,1,9.960378553550132,23.0,19,4
2023-05-10,663992,4,2,0,0.073,4.0,2,0
2023-05-10,664139,5,1,0,0.681,5.0,4,0
2023-05-10,664199,3,1,0,0.488,3.0,2,0
2023-05-10,664294,6,3,0,0.109,6.0,3,0
2023-05-10,664299,21,11,1,4.886736333333333,21.0,9,1
2023-05-10,664849,3,1,0,1.133005,3.0,1,0
2023-05-10,664875,4,3,1,0.695903,4.0,0,0
2023-05-10,664942,10,0,2,3.108806,10.0,8,0
2023-05-10,665152,23,4,2,8.25716711111111,23.0,17,2
2023-05-10,665620,12,2,1,3.4413339523809525,12.0,9,1
2023-05-10,665795,16,5,4,5.368612000000001,16.0,7,0
2023-05-10,666205,21,6,3,9.086960625830566,21.0,11,4
2023-05-10,666374,5,1,0,1.363,5.0,4,0
2023-05-10,666745,21,3,2,8.938593857142857,21.0,15,2
2023-05-10,666974,3,1,0,0.325,3.0,2,0
2023-05-10,668881,26,4,4,11.069367,26.0,17,1
2023-05-10,668984,1,0,0,0.082,1.0,1,0
2023-05-10,669212,3,0,0,0.249,3.0,3,0
2023-05-10,669276,9,3,1,1.644903,9.0,5,0
2023-05-10,669459,4,1,0,0.5449999999999999,4.0,3,0
2023-05-10,669796,1,0,0,0.399,1.0,1,0
2023-05-10,670059,4,2,0,0.9907500000000001,4.0,2,0
2023-05-10,670174,3,1,0,1.23,3.0,2,0
2023-05-10,670280,3,0,0,0.562,3.0,3,0
2023-05-10,670329,8,0,2,6.4115965844155856,8.0,6,2
2023-05-10,671345,3,1,0,0.634,3.0,2,0
2023-05-10,672730,4,0,0,1.536,4.0,4,0
2023-05-10,678394,23,5,1,6.4859029999999995,23.0,17,1
2023-05-10,680686,29,3,4,10.085612000000001,29.0,22,1
2023-05-10,680704,3,1,0,0.131,3.0,2,0
2023-05-10,685410,25,4,0,6.64525,25.0,21,0
2023-05-10,686972,4,1,1,1.8389030000000002,4.0,2,0
2023-05-11,488984,9,2,0,2.8877666666666673,9.0,7,1
2023-05-11,502171,28,3,2,7.5958060000000005,28.0,23,0
2023-05-11,506433,24,7,1,6.725408,24.0,15,1
2023-05-11,518617,3,1,0,0.956005,3.0,1,0
2023-05-11,519293,1,1,0,0.0,1.0,0,0
2023-05-11,523260,3,1,0,0.072,3.0,2,0
2023-05-11,543135,30,12,1,5.9601541520737324,29.0,16,1
2023-05-11,543518,4,1,0,0.689,4.0,3,0
2023-05-11,543901,11,1,0,6.651,11.0,10,1
2023-05-11,547973,6,1,0,2.563,6.0,5,0
2023-05-11,571882,5,1,1,1.0269030000000001,5.0,3,0
2023-05-11,592779,6,1,2,3.267811,6.0,2,0
2023-05-11,593334,23,3,3,6.007814263157894,23.0,17,0
2023-05-11,594902,13,1,0,3.7227894736842106,13.0,12,0
2023-05-11,605130,3,0,0,0.544,3.0,3,0
2023-05-11,605182,23,2,2,7.01941215942029,23.0,19,2
2023-05-11,605347,3,2,0,0.166,3.0,1,0
2023-05-11,608371,7,3,2,1.7258060000000002,7.0,2,0
2023-05-11,608678,1,0,0,0.487,1.0,1,0
2023-05-11,614179,8,0,1,2.384903,8.0,7,0
2023-05-11,621051,3,1,1,1.122903,3.0,1,0
2023-05-11,625643,4,1,1,1.279903,4.0,2,0
2023-05-11,641703,5,0,1,2.387908,5.0,3,0
2023-05-11,641927,24,6,0,8.678913707178832,24.0,18,4
2023-05-11,641941,3,1,0,0.4325999999999999,3.0,2,0
2023-05-11,642770,7,1,2,3.2787393333333332,7.0,4,0
2023-05-11,643361,11,4,0,1.619,11.0,7,0
2023-05-11,643493,4,2,0,0.431,4.0,2,0
2023-05-11,643511,1,0,0,0.072,1.0,1,0
2023-05-11,656061,6,0,2,2.223806,5.0,3,0
2023-05-11,656876,23,7,0,4.347,23.0,16,0
2023-05-11,663903,24,4,2,7.9517009958982765,24.0,18,2
2023-05-11,665622,23,3,0,8.250235805860806,23.0,20,1
2023-05-11,666619,5,1,0,1.982005,5.0,3,0
2023-05-11,666808,2,2,0,0.0,2.0,0,0
2023-05-11,669674,8,2,1,2.1501998749999993,8.0,5,1
2023-05-11,672578,3,0,0,2.1206521739130437,3.0,3,1
2023-05-11,673540,22,7,1,6.572581620689656,22.0,14,2
2023-05-11,674072,27,2,2,9.363525285714285,26.0,21,1
2023-05-11,676680,3,1,0,0.059,3.0,2,0
2023-05-11,676760,4,0,0,2.064845,4.0,3,1
2023-05-11,686972,4,0,1,1.625903,4.0,3,0
2023-05-12,425794,22,2,2,8.95066711111111,22.0,18,2
2023-05-12,445276,4,0,1,3.426337782608696,4.0,3,1
2023-05-12,472610,2,1,0,0.014,2.0,1,0
2023-05-12,489446,4,2,0,1.9594642857142857,4.0,2,1
2023-05-12,493603,3,1,0,0.114,3.0,2,0
2023-05-12,502085,7,4,2,1.4558060000000002,7.0,1,0
2023-05-12,518397,4,0,0,1.18,4.0,4,0
2023-05-12,518489,3,1,0,0.751,3.0,2,0
2023-05-12,518886,4,3,0,0.411,4.0,1,0
2023-05-12,519043,9,1,1,3.2264545454545455,8.0,7,1
2023-05-12,519151,3,2,0,0.174,3.0,1,0
2023-05-12,527048,25,3,2,12.547922721160766,25.0,20,5
2023-05-12,541640,6,0,0,2.085548076923077,6.0,6,1
2023-05-12,542585,2,0,0,0.42100000000000004,2.0,2,0
2023-05-12,542881,27,1,3,9.948481727272727,27.0,23,1
2023-05-12,542947,5,0,0,1.727,5.0,5,0
2023-05-12,543037,23,4,2,9.627746,23.0,17,4
2023-05-12,543056,4,1,0,2.4979,4.0,3,1
2023-05-12,543243,21,9,1,5.802903000000001,20.0,10,1
2023-05-12,543272,3,3,0,0.0,3.0,0,0
2023-05-12,543518,3,0,0,2.118005,3.0,2,0
2023-05-12,548389,16,2,2,6.605964620689656,16.0,12,2
2023-05-12,571510,12,1,4,6.493612000000001,12.0,7,0
2023-05-12,571670,6,2,0,1.6009310344827588,6.0,4,1
2023-05-12,572020,20,9,1,6.286896548387097,20.0,10,2
2023-05-12,592094,3,0,0,1.5706666666666669,3.0,3,1
2023-05-12,592767,24,4,1,8.17108415942029,24.0,19,2
2023-05-12,592836,26,3,0,7.81876,25.0,22,1
2023-05-12,593576,1,1,0,0.0,1.0,0,0
2023-05-12,593619,3,1,0,0.018,3.0,2,0
2023-05-12,593974,4,2,0,1.045,4.0,2,0
2023-05-12,594580,3,1,1,0.183,2.0,1,0
2023-05-12,594835,24,2,1,8.018655913752914,24.0,21,2
2023-05-12,595345,3,2,0,0.09,3.0,1,0
2023-05-12,596001,8,2,1,3.072403,8.0,5,0
2023-05-12,596295,24,6,0,8.452524936061382,24.0,18,3
2023-05-12,598264,1,0,0,0.17,1.0,1,0
2023-05-12,600921,8,1,0,2.519,8.0,7,0
2023-05-12,605135,31,8,2,7.852016000000001,31.0,19,1
2023-05-12,605154,5,2,1,1.2220696666666666,5.0,2,0
2023-05-12,605177,5,1,0,1.524,5.0,4,0
2023-05-12,605218,3,0,1,1.482903,3.0,2,0
2023-05-12,605280,3,1,0,0.891,3.0,2,0
2023-05-12,605446,4,0,1,1.6049030000000002,4.0,3,0
2023-05-12,605483,26,4,4,7.892612,26.0,18,1
2023-05-12,606303,4,1,0,2.643156250000001,4.0,3,1
2023-05-12,607237,6,2,2,1.8068060000000001,6.0,2,0
2023-05-12,607359,3,0,0,0.399,3.0,3,0
2023-05-12,607481,4,0,0,1.8490000000000002,4.0,4,0
2023-05-12,608032,6,1,1,1.554,5.0,4,0
2023-05-12,608723,3,0,1,1.585903,3.0,2,0
2023-05-12,612434,3,1,0,0.927,3.0,2,0
2023-05-12,621016,2,1,0,0.012,2.0,1,0
2023-05-12,621249,9,1,2,4.059306,9.0,6,1
2023-05-12,621381,3,1,0,0.989,3.0,2,0
2023-05-12,622065,4,1,0,1.006,4.0,3,0
2023-05-12,622072,7,1,1,3.3412578387096774,7.0,5,1
2023-05-12,622098,1,1,0,0.0,1.0,0,0
2023-05-12,622250,5,2,1,1.2299030000000002,5.0,2,0
2023-05-12,622251,6,0,1,4.023903,6.0,4,0
2023-05-12,622554,3,1,0,1.098,3.0,2,0
2023-05-12,623211,2,0,0,0.915,2.0,2,0
2023-05-12,623437,4,0,0,0.783,4.0,4,0
2023-05-12,623465,5,2,0,1.5398888888888889,5.0,3,0
2023-05-12,640451,4,1,0,0.687,4.0,3,0
2023-05-12,640470,6,1,1,2.137903,6.0,4,0
2023-05-12,641302,8,3,0,0.9795000000000001,8.0,5,1
2023-05-12,641329,4,2,0,0.048,3.0,1,0
2023-05-12,641585,24,3,1,6.696855380952381,24.0,20,1
2023-05-12,641627,5,1,1,1.292903,5.0,3,0
2023-05-12,641656,5,3,0,1.157,5.0,2,0
2023-05-12,641871,5,0,1,1.5369030000000001,5.0,4,0
2023-05-12,642048,3,1,0,0.523,3.0,2,0
2023-05-12,642546,6,0,2,1.8078060000000002,5.0,4,0
2023-05-12,642585,3,3,0,0.0,3.0,0,0
2023-05-12,643377,7,2,0,2.1883437499999996,7.0,5,1
2023-05-12,643410,3,0,0,1.3954054054054057,3.0,3,1
2023-05-12,643493,6,1,0,1.3860000000000001,6.0,5,0
2023-05-12,650556,3,1,0,0.424,3.0,2,0
2023-05-12,650633,8,0,1,3.464183487804878,8.0,7,1
2023-05-12,650893,4,1,2,2.3045646206896557,4.0,1,1
2023-05-12,656257,3,0,0,0.501,3.0,3,0
2023-05-12,656271,6,1,1,2.1547142857142854,5.0,4,1
2023-05-12,656629,22,5,6,7.324283465116279,22.0,10,1
2023-05-12,656731,23,4,4,7.592612,23.0,15,0
2023-05-12,656945,4,1,1,1.504903,4.0,2,0
2023-05-12,657031,5,2,1,1.1159029999999999,5.0,2,0
2023-05-12,657265,3,0,0,1.24725,3.0,3,0
2023-05-12,657514,3,0,0,0.8580000000000001,3.0,3,0
2023-05-12,657571,4,2,0,1.4300000000000002,4.0,2,0
2023-05-12,657612,3,0,0,2.6300835913312692,3.0,3,1
2023-05-12,660261,3,1,1,0.980903,3.0,1,0
2023-05-12,660896,8,1,2,4.2814631428571435,8.0,5,1
2023-05-12,661403,6,1,0,2.116,6.0,5,1
2023-05-12,663558,2,0,0,0.311,2.0,2,0
2023-05-12,663773,5,2,1,1.0709030000000002,5.0,2,0
2023-05-12,663947,7,0,0,2.103,7.0,7,0
2023-05-12,663986,4,1,0,0.47800000000000004,4.0,3,0
2023-05-12,663992,1,1,0,0.0,1.0,0,0
2023-05-12,664139,4,2,1,0.826903,4.0,1,0
2023-05-12,664294,3,1,0,0.7383333333333333,3.0,2,0
2023-05-12,664747,3,2,0,0.036,3.0,1,0
2023-05-12,664849,3,0,2,1.442806,3.0,1,0
2023-05-12,664854,6,4,0,0.262,6.0,2,0
2023-05-12,664875,7,2,1,2.852553,7.0,4,1
2023-05-12,664948,5,1,1,1.8349030000000002,5.0,3,0
2023-05-12,665001,7,2,0,0.9073333333333331,7.0,5,0
2023-05-12,665625,3,2,0,0.129,3.0,1,0
2023-05-12,666142,6,1,1,0.938903,6.0,4,0
2023-05-12,666619,7,1,0,2.971,7.0,6,0
2023-05-12,666721,20,4,3,8.101564620689656,19.0,13,1
2023-05-12,667427,7,2,1,1.996903,6.0,4,0
2023-05-12,668933,26,3,2,9.484778727272728,26.0,21,2
2023-05-12,669022,19,3,2,6.450673391304348,19.0,14,2
2023-05-12,669160,25,3,1,7.334903,25.0,21,1
2023-05-12,669194,21,4,1,9.859595857142857,21.0,16,4
2023-05-12,669203,24,7,4,6.971100888888889,24.0,13,0
2023-05-12,669424,6,0,1,3.169903,6.0,5,1
2023-05-12,669438,10,0,1,2.9840630000000004,9.0,8,1
2023-05-12,669459,3,0,0,1.5679999999999998,3.0,3,0
2023-05-12,669467,5,1,0,0.919,5.0,4,0
2023-05-12,669796,3,0,0,1.461,3.0,3,0
2023-05-12,670174,5,0,0,3.6765227272727268,5.0,5,1
2023-05-12,670912,23,3,5,8.310273620689657,23.0,15,1
2023-05-12,671106,24,5,2,9.247251454545454,24.0,16,1
2023-05-12,675911,26,12,1,4.798696461538461,26.0,12,0
2023-05-12,675916,5,2,2,1.391806,5.0,1,0
2023-05-12,676596,14,2,1,3.641803,14.0,11,1
2023-05-12,676684,3,0,0,1.8352,3.0,3,2
2023-05-12,680694,22,6,1,4.356903,22.0,15,0
2023-05-12,680704,4,0,0,1.3652173913043477,4.0,4,1
2023-05-12,686610,26,5,5,10.344153980263158,26.0,16,3
2023-05-12,687330,8,0,1,3.1449030000000002,8.0,7,0
2023-05-12,691587,20,7,2,8.119620655774334,20.0,11,2
2023-05-13,425844,18,5,0,5.212905,18.0,12,1
2023-05-13,445276,7,0,3,2.2552605454545454,6.0,4,0
2023-05-13,445926,3,1,1,0.8719030000000001,3.0,1,0
2023-05-13,502202,7,1,2,3.693715090909091,7.0,4,1
2023-05-13,518397,5,1,1,0.666,4.0,3,0
2023-05-13,519242,28,9,1,4.7334787575757575,28.0,18,1
2023-05-13,523260,5,2,0,0.22799999999999998,4.0,2,0
2023-05-13,541640,12,4,0,4.497727272727273,12.0,8,1
2023-05-13,543101,20,2,1,5.4813030000000005,19.0,17,0
2023-05-13,547973,4,2,1,0.7149030000000001,4.0,1,0
2023-05-13,554340,5,0,2,2.005806,5.0,3,0
2023-05-13,571479,3,2,0,0.234,3.0,1,0
2023-05-13,571656,6,2,1,2.2924787575757577,6.0,3,1
2023-05-13,571882,5,0,1,2.082903,5.0,4,0
2023-05-13,571927,23,4,1,7.377908,23.0,17,1
2023-05-13,571948,7,1,0,1.66956,7.0,6,0
2023-05-13,572193,5,1,1,3.425616261648745,5.0,3,2
2023-05-13,572403,5,1,0,0.07300000000000001,5.0,4,0
2023-05-13,572955,5,1,2,3.530806,5.0,2,1
2023-05-13,573124,3,0,0,0.458,3.0,3,0
2023-05-13,592351,28,5,2,7.554646,28.0,21,1
2023-05-13,592741,4,1,0,0.5569999999999999,4.0,3,0
2023-05-13,592773,4,1,1,1.216903,4.0,2,0
2023-05-13,592866,9,1,0,2.19,9.0,8,1
2023-05-13,593974,4,1,1,1.117903,4.0,2,0
2023-05-13,594943,9,3,0,3.234,9.0,6,1
2023-05-13,596112,3,1,0,0.272,3.0,2,0
2023-05-13,598264,2,0,0,1.3359999999999999,2.0,2,0
2023-05-13,600921,4,0,0,2.5444347826086955,4.0,4,1
2023-05-13,605177,1,0,0,0.265,1.0,1,0
2023-05-13,605218,3,0,0,1.5610000000000002,3.0,3,0
2023-05-13,605242,1,1,0,0.0,1.0,0,0
2023-05-13,605280,8,3,0,1.732,8.0,5,0
2023-05-13,605288,21,2,1,8.110162373219373,21.0,18,3
2023-05-13,605397,28,5,4,9.22404668115942,27.0,19,2
2023-05-13,605447,3,2,0,0.406,3.0,1,0
2023-05-13,606149,4,0,0,1.9969999999999999,4.0,4,0
2023-05-13,606160,6,0,0,2.319,6.0,6,0
2023-05-13,606303,4,2,0,0.739005,4.0,1,0
2023-05-13,606965,3,2,0,0.18,3.0,1,0
2023-05-13,607259,3,1,0,0.14,3.0,2,0
2023-05-13,608371,1,0,0,0.485,1.0,1,0
2023-05-13,608665,4,1,0,1.263,4.0,3,0
2023-05-13,608678,9,0,0,4.099600000000001,9.0,9,1
2023-05-13,608718,8,1,0,1.984,8.0,7,0
2023-05-13,615698,27,2,3,10.81553084981685,27.0,21,1
2023-05-13,621074,5,2,0,1.002,5.0,3,0
2023-05-13,621076,27,7,1,7.344871541666667,26.0,18,1
2023-05-13,621244,26,3,3,7.989655428571429,26.0,20,1
2023-05-13,621345,6,1,0,2.3,6.0,5,0
2023-05-13,622772,6,2,0,0.676,6.0,4,0
2023-05-13,623437,3,2,0,0.038,3.0,1,0
2023-05-13,623465,3,1,0,0.145,3.0,2,0
2023-05-13,624133,20,4,1,7.023903000000001,20.0,15,1
2023-05-13,625643,4,1,0,1.513,4.0,3,0
2023-05-13,628711,25,4,0,7.230743697478992,25.0,21,2
2023-05-13,640448,5,1,0,1.8800999999999999,5.0,4,1
2023-05-13,640451,5,1,0,1.072,5.0,4,0
2023-05-13,641401,7,2,1,1.6525696666666667,7.0,4,0
2023-05-13,641482,20,3,2,8.920777014492753,20.0,15,1
2023-05-13,641729,5,2,1,1.629903,5.0,2,0
2023-05-13,642207,3,1,0,0.101,3.0,2,0
2023-05-13,642397,3,0,0,0.352,3.0,3,0
2023-05-13,642585,4,3,0,0.937,4.0,1,0
2023-05-13,642701,5,1,0,3.035410405405406,5.0,3,1
2023-05-13,642770,3,1,1,1.336903,3.0,1,0
2023-05-13,645261,32,9,2,10.517139311688313,32.0,20,3
2023-05-13,656222,7,3,0,1.348,7.0,4,0
2023-05-13,656232,21,4,0,7.148020046620046,21.0,17,3
2023-05-13,656234,5,0,0,3.068071428571429,5.0,5,1
2023-05-13,656302,23,5,2,5.039806,23.0,16,0
2023-05-13,656412,23,7,1,5.244274212121211,23.0,15,2
2023-05-13,656546,5,2,0,1.669,5.0,3,0
2023-05-13,657024,5,1,1,1.176403,5.0,3,0
2023-05-13,657031,5,1,1,3.2829352580645166,5.0,3,1
2023-05-13,657044,10,0,2,4.569806,10.0,8,1
2023-05-13,657265,3,3,0,0.0,3.0,0,0
2023-05-13,657571,1,1,0,0.0,1.0,0,0
2023-05-13,657746,23,10,1,3.193903,23.0,12,0
2023-05-13,660813,4,0,0,1.544,4.0,4,0
2023-05-13,660853,5,2,0,1.4969999999999999,5.0,3,0
2023-05-13,663372,13,0,4,5.277612,13.0,9,0
2023-05-13,663485,11,2,5,4.182515,11.0,4,0
2023-05-13,663556,21,3,4,10.997417737082067,21.0,14,3
2023-05-13,663558,6,2,1,2.403903,6.0,3,0
2023-05-13,663567,11,5,0,1.974,11.0,6,0
2023-05-13,663941,6,1,0,2.064192307692308,6.0,5,1
2023-05-13,663947,5,4,0,0.328,5.0,1,0
2023-05-13,663986,5,1,1,2.095903,5.0,3,0
2023-05-13,664139,6,0,1,3.930580551020408,6.0,5,2
2023-05-13,664192,10,0,1,4.530674505376345,9.0,9,1
2023-05-13,664199,5,3,1,0.8479030000000001,5.0,1,0
2023-05-13,664208,5,0,0,2.29025,5.0,5,0
2023-05-13,664747,9,3,3,2.697709,9.0,3,0
2023-05-13,664948,4,0,0,2.0380000000000003,4.0,4,0
2023-05-13,666374,3,1,0,1.078,3.0,2,0
2023-05-13,666974,4,0,0,2.16365,4.0,4,1
2023-05-13,667463,4,0,0,1.72,4.0,4,0
2023-05-13,668665,12,2,1,3.345908,12.0,8,0
2023-05-13,668678,29,6,2,10.306167111111112,29.0,21,2
2023-05-13,668984,2,0,0,0.482,2.0,2,0
2023-05-13,669212,5,1,0,1.6224347826086958,5.0,4,1
2023-05-13,669276,1,0,0,0.013,1.0,1,0
2023-05-13,669330,24,8,2,6.2775215844155845,24.0,14,2
2023-05-13,669459,1,1,0,0.0,1.0,0,0
2023-05-13,669467,4,1,0,1.048,4.0,3,0
2023-05-13,669713,23,5,1,10.407949200828158,23.0,16,5
2023-05-13,672282,20,3,2,7.366906,20.0,15,1
2023-05-13,672578,4,0,0,1.116,4.0,4,0
2023-05-13,672710,27,1,1,11.015248689655172,27.0,25,4
2023-05-13,676680,5,1,1,0.8039030000000001,5.0,3,0
2023-05-13,676684,4,1,2,1.5568060000000001,4.0,1,0
2023-05-13,676714,4,0,0,2.785990476190476,4.0,4,1
2023-05-13,676760,3,0,0,1.732005,3.0,2,0
2023-05-13,677053,3,2,0,0.019,3.0,1,0
2023-05-13,681806,8,1,1,3.330903,8.0,6,0
2023-05-13,682243,24,3,0,7.290770873548427,24.0,21,3
2023-05-13,686651,14,3,3,3.7977090000000002,14.0,8,0
2023-05-13,693821,21,3,1,8.578001970251716,21.0,17,4
2023-05-14,445926,5,2,1,2.346903,5.0,2,0
2023-05-14,446372,25,5,3,10.054610353965183,25.0,17,2
2023-05-14,453286,20,6,2,5.423211,20.0,11,0
2023-05-14,489446,4,0,0,1.149,4.0,4,0
2023-05-14,502043,25,5,3,8.278375666666667,24.0,17,0
2023-05-14,518489,12,2,0,4.676203174603175,12.0,10,1
2023-05-14,519151,3,1,0,0.827,3.0,2,0
2023-05-14,542585,5,1,0,1.439,5.0,4,0
2023-05-14,542914,4,1,1,2.489903,4.0,2,1
2023-05-14,542947,4,0,0,1.4589999999999999,4.0,4,0
2023-05-14,543351,4,0,1,2.226755941176471,4.0,3,1
2023-05-14,543475,14,2,3,5.208309,14.0,9,1
2023-05-14,543518,4,1,0,1.315,4.0,3,0
2023-05-14,543521,13,2,2,3.586806,13.0,9,0
2023-05-14,543859,13,2,0,3.6557548387096777,13.0,11,1
2023-05-14,543901,4,0,0,1.606005,4.0,3,0
2023-05-14,548384,6,1,3,2.314709,6.0,2,0
2023-05-14,571670,4,1,1,0.951903,4.0,2,0
2023-05-14,571760,23,9,2,3.602806,23.0,12,0
2023-05-14,571945,23,0,2,7.453994888888889,23.0,21,1
2023-05-14,573186,17,3,2,9.058011965909092,17.0,12,2
2023-05-14,579328,22,7,0,8.666140273259597,22.0,15,3
2023-05-14,592094,3,0,0,1.9295,3.0,3,1
2023-05-14,592741,3,2,0,0.058,3.0,1,0
2023-05-14,593576,4,2,1,0.695903,4.0,1,0
2023-05-14,594580,6,0,1,2.395005,5.0,4,0
2023-05-14,594943,5,0,0,3.392928571428571,5.0,5,1
2023-05-14,595345,1,0,0,0.038,1.0,1,0
2023-05-14,596133,24,6,1,4.909903,24.0,17,0
2023-05-14,600917,4,3,0,0.199,4.0,1,0
2023-05-14,605130,3,2,0,0.298,3.0,1,0
2023-05-14,605242,5,1,0,2.009,5.0,4,0
2023-05-14,605347,3,1,0,0.511,3.0,2,0
2023-05-14,605400,28,4,1,7.732996571428571,28.0,23,2
2023-05-14,607067,19,3,2,9.140806,19.0,14,1
2023-05-14,607237,4,1,0,0.8811764705882353,4.0,3,0
2023-05-14,607481,3,0,0,0.176,3.0,3,0
2023-05-14,607536,24,8,1,4.507569666666667,24.0,15,1
2023-05-14,607755,3,1,0,0.121,3.0,2,0
2023-05-14,608032,3,0,0,2.2535000000000003,3.0,3,1
2023-05-14,608337,24,6,0,8.80784,24.0,18,2
2023-05-14,608717,3,2,0,0.047,3.0,1,0
2023-05-14,608723,4,2,0,0.830005,4.0,1,0
2023-05-14,611093,3,1,0,0.19799999999999998,3.0,2,0
2023-05-14,612434,3,2,0,0.168,3.0,1,0
2023-05-14,614179,7,4,0,1.333,7.0,3,0
2023-05-14,621016,6,2,0,1.5895000000000001,6.0,4,1
2023-05-14,621074,7,1,1,3.1880458571428574,7.0,5,1
2023-05-14,621107,24,9,1,4.991045857142857,24.0,14,1
2023-05-14,621363,3,1,0,0.895,3.0,2,0
2023-05-14,622075,4,1,1,1.3824682173913043,4.0,2,0
2023-05-14,622251,3,2,0,0.241,3.0,1,0
2023-05-14,623211,4,1,1,1.610903,4.0,2,0
2023-05-14,623433,3,0,0,1.326,3.0,3,0
2023-05-14,624522,6,2,0,1.269354691075515,6.0,4,0
2023-05-14,624647,6,1,1,1.364903,6.0,4,0
2023-05-14,625643,4,1,0,0.48,4.0,3,0
2023-05-14,628452,6,0,1,2.7877073478260868,6.0,5,1
2023-05-14,641427,6,1,1,2.2279999999999998,5.0,4,0
2023-05-14,641627,2,0,0,1.13285,2.0,2,0
2023-05-14,641703,6,1,0,1.2930000000000001,6.0,5,0
2023-05-14,641778,19,6,2,5.448109338171263,19.0,11,2
2023-05-14,641941,4,1,0,0.89,4.0,3,0
2023-05-14,642100,3,1,1,1.195903,3.0,1,0
2023-05-14,642546,5,1,0,2.2424545454545455,5.0,4,1
2023-05-14,643361,4,1,0,1.783652173913044,4.0,3,1
2023-05-14,643493,3,0,0,1.28316,3.0,3,1
2023-05-14,643511,5,0,1,1.740903,5.0,4,0
2023-05-14,650556,4,2,0,0.7780050000000001,4.0,1,0
2023-05-14,650893,6,2,2,1.894806,6.0,2,0
2023-05-14,656061,11,3,1,3.607908,11.0,6,1
2023-05-14,656234,4,0,2,1.4898060000000002,4.0,2,0
2023-05-14,656257,4,2,0,0.919,4.0,2,0
2023-05-14,656605,26,13,0,4.149005,26.0,12,0
2023-05-14,656638,5,2,2,1.502806,5.0,1,0
2023-05-14,656945,3,1,0,0.8440000000000001,3.0,2,0
2023-05-14,657240,6,1,2,2.1788060000000002,6.0,3,0
2023-05-14,657277,27,3,3,7.338714,27.0,20,0
2023-05-14,657376,23,5,3,7.875009,23.0,15,2
2023-05-14,657508,7,3,1,1.3243196666666668,7.0,3,0
2023-05-14,657514,5,1,1,1.519903,5.0,3,0
2023-05-14,660813,1,0,0,0.135,1.0,1,0
2023-05-14,660896,3,0,0,0.433,3.0,3,0
2023-05-14,661403,6,1,0,1.835,6.0,5,0
2023-05-14,661527,1,0,0,0.543,1.0,1,0
2023-05-14,663623,22,6,1,8.04266774025974,22.0,14,1
2023-05-14,663658,3,1,1,0.821903,3.0,1,0
2023-05-14,663773,4,0,2,1.137903,3.0,2,0
2023-05-14,663776,30,5,1,8.496700804195804,27.0,22,2
2023-05-14,663855,4,3,1,0.695903,4.0,0,0
2023-05-14,663878,4,1,1,0.801903,4.0,2,0
2023-05-14,664062,18,6,1,3.8284414615384614,18.0,11,0
2023-05-14,664875,9,3,0,2.319,9.0,6,0
2023-05-14,665001,5,0,0,2.052153846153846,5.0,5,1
2023-05-14,665048,4,1,0,0.726,4.0,3,0
2023-05-14,666129,20,8,1,6.619747492753623,20.0,10,3
2023-05-14,666168,4,0,1,1.739903,4.0,3,0
2023-05-14,666214,16,3,1,7.420373588235294,16.0,12,1
2023-05-14,666374,4,0,2,2.6190610000000003,4.0,1,0
2023-05-14,666619,4,1,0,1.2830000000000001,4.0,3,0
2023-05-14,666720,3,0,0,0.482,3.0,3,0
2023-05-14,669105,12,2,1,3.949908,12.0,8,0
2023-05-14,669302,24,4,1,8.712241836477988,24.0,19,2
2023-05-14,669438,9,0,1,2.0861302727272726,8.0,7,0
2023-05-14,670059,5,2,0,1.582,5.0,3,0
2023-05-14,670156,5,0,0,3.643666666666667,5.0,5,1
2023-05-14,670183,5,2,0,0.832,5.0,3,0
2023-05-14,670280,5,2,0,1.287,5.0,3,0
2023-05-14,670950,9,3,1,2.214903,9.0,5,0
2023-05-14,671345,4,1,0,1.31365,4.0,3,1
2023-05-14,672335,3,0,0,0.424,3.0,3,0
2023-05-14,672578,3,2,0,0.003,3.0,1,0
2023-05-14,672730,6,0,1,2.0799030000000003,6.0,5,0
2023-05-14,675916,1,0,0,1.600727272727273,1.0,1,1
2023-05-14,676265,8,1,1,1.887903,8.0,6,0
2023-05-14,676440,25,7,0,4.582928076923077,25.0,17,1
2023-05-14,676664,25,6,1,7.732343347261434,25.0,17,0
2023-05-14,676680,2,0,0,0.436,2.0,2,0
2023-05-14,676714,1,0,0,0.071,1.0,1,0
2023-05-14,676760,3,2,0,0.368,3.0,1,0
2023-05-14,677865,4,2,0,0.964,4.0,2,0
2023-05-14,677960,22,3,4,6.146445333333334,22.0,15,1
2023-05-14,686613,25,8,1,7.504949153846154,25.0,16,3
2023-05-14,686973,24,7,1,7.276061620689655,24.0,16,2
2023-05-14,687330,3,1,0,0.998,3.0,2,0
2023-05-14,694297,19,5,3,3.4747506666666665,19.0,11,1
2023-05-15,450203,28,10,1,7.118569666666667,28.0,17,0
2023-05-15,453268,4,1,1,1.2219030000000002,3.0,1,0
2023-05-15,488984,15,2,0,7.238372727272727,15.0,13,3
2023-05-15,506702,5,0,0,2.742005,5.0,4,1
2023-05-15,518397,4,0,0,1.8424594594594594,4.0,4,1
2023-05-15,518876,27,9,1,5.6655965483870965,27.0,17,1
2023-05-15,519043,3,1,0,0.329,3.0,2,0
2023-05-15,542947,10,2,0,4.463,10.0,8,1
2023-05-15,543056,4,1,0,0.422,4.0,3,0
2023-05-15,543272,4,2,0,0.8919999999999999,4.0,2,0
2023-05-15,543351,4,2,0,2.0,4.0,2,1
2023-05-15,554340,5,1,1,1.080903,5.0,3,0
2023-05-15,571479,4,1,1,0.940903,4.0,2,0
2023-05-15,571578,26,1,1,10.795186243243243,25.0,23,2
2023-05-15,571656,5,1,1,2.339780551020408,5.0,3,1
2023-05-15,571946,7,1,1,2.057903,7.0,5,0
2023-05-15,572955,6,0,1,2.968903,6.0,5,0
2023-05-15,573124,4,1,1,1.204903,4.0,2,0
2023-05-15,592773,3,3,0,0.0,3.0,0,0
2023-05-15,592779,5,1,0,1.223,5.0,4,0
2023-05-15,592789,16,5,0,5.251932432432432,16.0,11,2
2023-05-15,592791,21,1,1,11.02415919047619,21.0,18,2
2023-05-15,593576,3,2,0,0.166,3.0,1,0
2023-05-15,594902,8,1,0,1.51256,8.0,7,0
2023-05-15,596001,6,2,2,2.047806,6.0,2,0
2023-05-15,600921,4,1,0,0.619,4.0,3,0
2023-05-15,605177,3,0,0,0.337,3.0,3,0
2023-05-15,605218,3,0,0,1.046,3.0,3,0
2023-05-15,605242,5,1,1,1.459503,5.0,3,0
2023-05-15,605347,8,3,3,0.8379030000000001,6.0,2,0
2023-05-15,606160,3,0,0,0.746,3.0,3,0
2023-05-15,606965,5,1,0,1.798,5.0,4,0
2023-05-15,607259,7,2,0,1.439,7.0,5,0
2023-05-15,607968,22,0,5,9.814025465116279,21.0,16,2
2023-05-15,608371,4,1,1,0.918903,4.0,2,0
2023-05-15,608379,24,11,1,4.830122285714286,24.0,11,0
2023-05-15,608718,6,3,0,0.151,6.0,3,0
2023-05-15,608723,3,0,0,1.383,3.0,3,0
2023-05-15,612434,3,0,1,1.051903,3.0,2,0
2023-05-15,622072,19,4,1,5.345648098039216,19.0,14,1
2023-05-15,622075,7,1,0,5.280009803921568,7.0,6,2
2023-05-15,622251,5,0,1,1.924903,5.0,4,0
2023-05-15,622569,7,0,2,3.090806,7.0,5,0
2023-05-15,622772,6,0,0,1.342,6.0,6,0
2023-05-15,623167,3,0,0,1.056,3.0,3,0
2023-05-15,623465,5,2,1,1.464903,5.0,2,0
2023-05-15,640470,3,1,0,0.326,3.0,2,0
2023-05-15,641154,21,4,0,7.936141705069123,21.0,16,4
2023-05-15,641329,5,1,0,2.403,5.0,4,0
2023-05-15,641360,14,4,4,3.556709,13.0,6,0
2023-05-15,641401,5,1,1,1.096903,5.0,3,0
2023-05-15,641656,3,0,0,1.86,3.0,3,0
2023-05-15,641745,23,2,8,9.607254641025643,23.0,12,1
2023-05-15,641835,6,2,0,2.1550000000000002,6.0,4,0
2023-05-15,641941,5,1,1,2.714555173913044,5.0,3,1
2023-05-15,642048,3,2,0,0.2,3.0,1,0
2023-05-15,642100,2,0,0,0.849005,2.0,1,0
2023-05-15,642547,27,4,5,11.121168642456182,27.0,17,3
2023-05-15,643377,5,0,0,1.4527142857142858,5.0,5,0
2023-05-15,650633,4,0,0,0.40700000000000003,4.0,4,0
2023-05-15,656427,25,10,2,4.861734571428571,25.0,13,0
2023-05-15,656546,6,4,0,0.459,6.0,2,0
2023-05-15,656557,21,5,1,8.375364538461538,21.0,15,2
2023-05-15,656849,25,5,2,8.548477666666667,25.0,17,0
2023-05-15,657031,3,1,0,0.039,3.0,2,0
2023-05-15,657508,5,2,1,1.636903,5.0,2,0
2023-05-15,657514,7,2,0,3.521666666666667,7.0,5,1
2023-05-15,657571,3,0,1,1.6119029999999999,3.0,2,0
2023-05-15,657756,24,3,3,7.941042333333334,23.0,18,0
2023-05-15,660271,27,5,2,9.877180125874126,27.0,20,3
2023-05-15,661309,7,2,0,1.015,7.0,5,0
2023-05-15,661395,6,2,0,0.861,6.0,4,0
2023-05-15,661527,3,2,0,0.643,3.0,1,0
2023-05-15,663559,22,2,0,6.589266666666666,22.0,20,1
2023-05-15,663878,6,1,2,1.676403,5.0,3,0
2023-05-15,663992,3,2,0,0.057,3.0,1,0
2023-05-15,664208,4,1,1,0.757903,4.0,2,0
2023-05-15,664285,21,8,2,8.986630776849166,21.0,11,3
2023-05-15,664849,10,2,0,2.811,10.0,8,0
2023-05-15,664942,10,1,1,3.673903,10.0,8,0
2023-05-15,665048,6,0,1,3.251014111111111,6.0,5,0
2023-05-15,666142,15,4,2,6.274434571428572,15.0,9,2
2023-05-15,666201,23,3,7,12.078360881574365,23.0,13,3
2023-05-15,666721,8,3,1,1.602903,8.0,4,0
2023-05-15,666745,21,2,0,4.458,21.0,19,0
2023-05-15,666808,5,2,1,1.336903,5.0,2,0
2023-05-15,668881,22,8,1,8.152995299847017,22.0,13,3
2023-05-15,669060,8,2,0,1.9549333333333332,8.0,6,0
2023-05-15,669093,6,3,1,2.973153,6.0,2,1
2023-05-15,669674,10,2,1,3.313903,10.0,7,0
2023-05-15,669923,27,6,1,5.833357545454545,27.0,20,0
2023-05-15,670167,1,1,0,0.0,1.0,0,0
2023-05-15,670712,2,0,0,1.7312058823529415,2.0,2,1
2023-05-15,670810,10,1,1,5.280903,10.0,8,1
2023-05-15,674003,23,3,2,10.583809562087433,23.0,18,5
2023-05-15,676714,1,0,0,0.111,1.0,1,0
2023-05-15,677865,4,2,0,0.9430000000000001,4.0,2,0
2023-05-15,680570,22,3,3,11.188031580645161,22.0,16,2
2023-05-15,681402,11,1,3,7.1302183240093235,11.0,7,2
2023-05-16,434378,25,3,2,7.7717984324324325,25.0,20,1
2023-05-16,453268,5,1,1,1.6499030000000001,5.0,3,0
2023-05-16,458681,28,7,0,7.259,27.0,20,0
2023-05-16,472610,5,3,1,1.4219080000000002,5.0,0,0
2023-05-16,477132,20,7,1,5.409908,20.0,11,0
2023-05-16,489119,7,0,1,3.3871825031055893,7.0,6,1
2023-05-16,493603,4,1,0,0.7900050000000001,4.0,2,0
2023-05-16,502171,20,3,5,9.077108749999999,20.0,12,1
2023-05-16,502624,17,3,1,2.783903,16.0,13,0
2023-05-16,518617,5,0,0,1.6510000000000002,5.0,5,1
2023-05-16,519293,3,1,0,1.061,3.0,2,0
2023-05-16,523260,3,1,0,0.28500000000000003,3.0,2,0
2023-05-16,542585,3,2,0,0.058,3.0,1,0
2023-05-16,542914,4,1,0,0.715,4.0,3,0
2023-05-16,543518,13,4,3,2.205903,11.0,6,0
2023-05-16,543901,9,0,0,2.7032,9.0,9,0
2023-05-16,547179,24,7,2,6.915139333333333,24.0,15,0
2023-05-16,547973,3,2,1,0.695903,3.0,0,0
2023-05-16,554430,28,8,1,7.436903,28.0,19,1
2023-05-16,571882,2,1,0,1.1574324324324323,2.0,1,1
2023-05-16,571946,8,2,1,2.4852413333333336,7.0,4,0
2023-05-16,571948,6,3,0,1.322,6.0,3,0
2023-05-16,572403,4,1,0,1.452,4.0,3,0
2023-05-16,573124,3,2,0,0.153,3.0,1,0
2023-05-16,592332,26,10,2,5.981371217391304,26.0,14,0
2023-05-16,592779,4,1,1,0.940903,4.0,2,0
2023-05-16,593334,9,2,0,2.845733333333333,9.0,7,1
2023-05-16,593974,4,0,1,1.465903,4.0,3,0
2023-05-16,595345,4,1,1,1.139903,4.0,2,0
2023-05-16,595411,3,1,0,0.179,3.0,2,0
2023-05-16,595897,6,1,1,2.036903,6.0,4,0
2023-05-16,601713,25,6,4,11.064942136402388,25.0,15,2
2023-05-16,605130,3,1,0,0.419,3.0,2,0
2023-05-16,605154,6,3,0,0.991,6.0,3,0
2023-05-16,605177,2,2,0,0.0,2.0,0,0
2023-05-16,605280,5,1,0,1.313,5.0,4,0
2023-05-16,606303,8,4,1,2.206903,8.0,3,0
2023-05-16,607259,3,1,0,0.103,3.0,2,0
2023-05-16,607625,12,2,2,4.019806,11.0,7,1
2023-05-16,608678,4,1,0,2.4909999999999997,4.0,3,1
2023-05-16,614179,7,0,1,2.0139080000000003,7.0,5,0
2023-05-16,621051,4,0,0,1.915,4.0,4,0
2023-05-16,621057,3,0,0,1.2431764705882353,3.0,3,0
2023-05-16,621249,8,0,1,2.775903,8.0,7,0
2023-05-16,622065,3,2,0,0.147,3.0,1,0
2023-05-16,622098,5,1,1,1.637903,5.0,3,0
2023-05-16,622250,3,1,0,0.195,3.0,2,0
2023-05-16,622491,24,6,2,11.515390811165844,24.0,16,5
2023-05-16,622554,4,1,0,1.611,4.0,3,0
2023-05-16,623149,5,0,1,1.659903,5.0,4,0
2023-05-16,623211,4,1,1,1.402903,4.0,2,0
2023-05-16,623352,3,1,0,0.08299999999999999,3.0,2,0
2023-05-16,623474,3,1,0,1.0986666666666667,3.0,2,0
2023-05-16,624647,5,1,1,1.885903,5.0,3,0
2023-05-16,630023,18,2,1,7.149916136288998,18.0,15,2
2023-05-16,640448,4,1,0,1.464,4.0,3,0
2023-05-16,640451,5,1,0,3.568173745173745,5.0,4,2
2023-05-16,641329,3,1,0,0.865,3.0,2,0
2023-05-16,641540,24,4,0,9.71059149770438,24.0,19,3
2023-05-16,641656,5,2,2,2.2958060000000002,5.0,1,0
2023-05-16,641729,5,1,0,2.854,5.0,4,1
2023-05-16,641793,3,3,0,0.0,3.0,0,0
2023-05-16,641871,4,1,0,0.696,4.0,3,0
2023-05-16,641927,25,6,1,7.36396053968254,24.0,17,2
2023-05-16,642048,3,0,0,0.185,3.0,3,0
2023-05-16,642207,7,2,1,1.195,6.0,4,1
2023-05-16,642397,3,2,0,0.102,3.0,1,0
2023-05-16,642546,3,0,0,4.081624718309858,3.0,2,2
2023-05-16,643377,4,1,0,1.5172857142857143,4.0,3,0
2023-05-16,643493,10,1,1,1.2293999999999998,9.0,8,0
2023-05-16,643511,9,0,1,3.0014414615384615,9.0,8,0
2023-05-16,656222,7,2,0,1.189,7.0,5,0
2023-05-16,656290,11,3,0,2.4341825396825394,10.0,7,2
2023-05-16,656353,8,4,0,1.886005,8.0,3,0
2023-05-16,656464,9,5,0,0.863,9.0,4,0
2023-05-16,656756,26,7,1,10.540962247835497,25.0,16,3
2023-05-16,656945,4,2,1,0.790903,4.0,1,0
2023-05-16,657006,25,8,1,6.201186333333334,25.0,15,3
2023-05-16,657024,8,0,2,4.732847666666666,8.0,6,2
2023-05-16,657044,1,0,0,0.431,1.0,1,0
2023-05-16,657240,5,1,0,1.329,5.0,4,0
2023-05-16,657265,7,0,2,2.3591393333333333,7.0,5,0
2023-05-16,657424,9,3,0,3.132217391304348,9.0,6,1
2023-05-16,660261,8,3,0,1.8549473684210527,8.0,5,0
2023-05-16,660853,6,2,1,3.0927123478260867,6.0,2,1
2023-05-16,663558,5,1,1,1.448903,5.0,3,0
2023-05-16,663567,8,2,1,3.443236333333333,8.0,5,1
2023-05-16,663855,4,2,0,0.399,4.0,2,0
2023-05-16,663903,26,3,2,10.682639333333332,26.0,21,1
2023-05-16,663992,4,2,1,0.695903,4.0,1,0
2023-05-16,664139,4,1,0,0.53,4.0,3,0
2023-05-16,664199,4,2,1,1.597903,4.0,1,0
2023-05-16,664208,4,2,0,1.675733333333333,4.0,2,1
2023-05-16,664299,21,5,2,5.71971252173913,21.0,14,2
2023-05-16,664747,3,1,0,0.588,3.0,2,0
2023-05-16,664875,6,1,1,1.742903,5.0,3,0
2023-05-16,665152,23,4,0,8.395902097902098,23.0,19,3
2023-05-16,665625,6,0,2,2.7071810000000003,6.0,4,0
2023-05-16,666200,23,7,1,6.246103000000001,23.0,15,2
2023-05-16,666205,20,3,0,7.556338333333334,20.0,16,1
2023-05-16,666808,4,2,0,1.6695000000000002,4.0,2,1
2023-05-16,666974,3,1,0,0.528,3.0,2,0
2023-05-16,667427,3,1,0,0.541,3.0,2,0
2023-05-16,667463,3,0,0,0.422,3.0,3,0
2023-05-16,669276,11,1,1,6.488688714285715,11.0,9,1
2023-05-16,669456,26,4,0,12.842098484848485,26.0,21,2
2023-05-16,669459,2,1,0,1.808444444444444,2.0,1,1
2023-05-16,669467,3,1,0,0.10700000000000001,3.0,2,0
2023-05-16,670174,7,1,0,2.04,7.0,6,0
2023-05-16,670183,10,3,2,4.257412060606061,10.0,5,1
2023-05-16,670990,8,4,0,1.2409999999999999,8.0,4,0
2023-05-16,672335,6,2,0,1.229,6.0,4,0
2023-05-16,672730,7,1,0,2.4195,7.0,6,0
2023-05-16,674072,22,4,3,8.745586362804877,22.0,15,3
2023-05-16,675540,7,0,0,3.08,7.0,7,0
2023-05-16,676684,6,3,0,0.781,6.0,3,0
2023-05-16,676760,7,1,0,2.769988888888889,7.0,6,1
2023-05-16,677020,5,0,2,2.4066664651162792,5.0,3,1
2023-05-16,677053,3,1,0,1.3157333333333332,3.0,2,1
2023-05-16,677865,9,2,0,4.406173913043478,9.0,7,2
2023-05-16,680686,31,5,3,9.729023391304349,30.0,23,2
2023-05-16,680704,3,2,0,0.15,3.0,1,0
2023-05-16,681217,17,5,1,4.7221076783625735,17.0,11,0
2023-05-16,681806,7,2,0,3.6937586206896555,7.0,5,2
2023-05-16,682227,20,6,2,5.854751454545454,20.0,12,2
2023-05-16,682847,20,3,4,8.706112000000001,20.0,13,1
2023-05-16,694363,19,3,2,6.087737034482759,19.0,14,1
2023-05-17,445926,5,2,0,0.625,5.0,3,0
2023-05-17,448179,21,7,2,4.462639333333334,21.0,12,0
2023-05-17,455119,3,1,0,0.784,3.0,2,0
2023-05-17,472551,3,0,0,0.8805714285714286,3.0,3,0
2023-05-17,472610,3,1,0,0.43699999999999994,3.0,2,0
2023-05-17,493603,7,2,1,2.242908,7.0,3,0
2023-05-17,502085,4,0,0,1.163,4.0,4,0
2023-05-17,506433,23,6,2,6.601231,23.0,15,0
2023-05-17,518397,3,1,0,0.174,2.0,2,0
2023-05-17,518617,1,1,0,0.0,1.0,0,0
2023-05-17,523260,3,1,0,0.137,3.0,2,0
2023-05-17,542585,3,0,0,1.089,3.0,3,0
2023-05-17,543037,28,6,2,9.235806,28.0,20,0
2023-05-17,543056,1,0,0,0.003,1.0,1,0
2023-05-17,543135,27,5,2,7.737064765778401,27.0,20,1
2023-05-17,543243,21,4,3,7.313323832535885,21.0,14,2
2023-05-17,547973,6,2,3,2.0877090000000003,5.0,0,0
2023-05-17,548389,15,2,1,5.625096548387098,15.0,12,1
2023-05-17,554340,3,1,1,0.7539030000000001,3.0,1,0
2023-05-17,570257,6,0,2,2.652806,6.0,4,0
2023-05-17,571479,2,0,0,0.193,2.0,2,0
2023-05-17,571670,3,0,0,1.154,3.0,3,0
2023-05-17,572955,2,1,0,0.024,2.0,1,0
2023-05-17,592094,6,2,1,3.1408464615384615,6.0,2,1
2023-05-17,592229,18,3,1,7.371522718309858,18.0,14,2
2023-05-17,592254,7,3,0,2.5064285714285717,7.0,4,1
2023-05-17,592767,22,8,0,4.923782222222222,22.0,14,0
2023-05-17,592773,5,2,1,1.404903,5.0,2,0
2023-05-17,592836,8,1,2,2.9728060000000003,8.0,5,0
2023-05-17,593576,5,1,1,1.817903,5.0,3,0
2023-05-17,593958,23,5,2,8.008094721804511,22.0,15,2
2023-05-17,593974,3,0,0,1.765280487804878,3.0,3,1
2023-05-17,594577,13,3,4,4.975112,13.0,6,0
2023-05-17,594580,7,3,1,1.971903,7.0,3,0
2023-05-17,594835,15,1,2,8.892863142857143,15.0,12,3
2023-05-17,595411,5,0,1,3.3189029999999997,5.0,4,0
2023-05-17,596001,4,3,0,0.911,4.0,1,0
2023-05-17,596112,4,2,1,0.8889030000000001,4.0,1,0
2023-05-17,596295,21,1,2,10.857259687821612,21.0,18,1
2023-05-17,600921,5,1,0,1.858,5.0,4,0
2023-05-17,605130,3,1,0,0.322,3.0,2,0
2023-05-17,605135,26,7,1,5.8684080000000005,25.0,16,1
2023-05-17,605154,4,1,0,0.566,4.0,3,0
2023-05-17,605182,28,5,4,9.183867,28.0,18,0
2023-05-17,605218,5,2,0,0.309,5.0,3,0
2023-05-17,605280,3,1,0,0.10600000000000001,3.0,2,0
2023-05-17,605447,7,2,1,0.709,6.0,4,0
2023-05-17,606149,8,3,1,2.5976030000000003,8.0,4,0
2023-05-17,606160,4,1,1,1.416903,4.0,2,0
2023-05-17,607755,5,2,0,0.7880050000000001,5.0,2,0
2023-05-17,608371,5,0,1,3.6675292121212113,5.0,3,1
2023-05-17,608638,4,2,0,0.189,4.0,2,0
2023-05-17,608665,3,0,1,0.918903,3.0,2,0
2023-05-17,608718,3,0,1,1.202903,3.0,2,0
2023-05-17,611093,6,1,0,1.293,6.0,5,0
2023-05-17,612434,3,1,0,0.581,3.0,2,0
2023-05-17,614179,5,2,1,1.926903,5.0,2,0
2023-05-17,621016,4,1,1,0.821903,4.0,2,0
2023-05-17,621051,5,2,0,0.8310000000000001,5.0,3,0
2023-05-17,621057,3,1,0,1.301652173913044,3.0,2,1
2023-05-17,621345,2,0,0,0.7914594594594595,2.0,2,1
2023-05-17,621363,3,2,0,0.003,3.0,1,0
2023-05-17,621381,10,4,1,1.901903,10.0,5,0
2023-05-17,622250,4,1,1,2.517903,4.0,2,0
2023-05-17,622554,3,0,0,0.674,3.0,3,0
2023-05-17,622772,5,0,1,2.446903,5.0,4,0
2023-05-17,623167,9,1,0,1.546,9.0,8,0
2023-05-17,623433,4,1,1,0.701903,4.0,2,0
2023-05-17,623465,4,2,0,0.512,4.0,2,0
2023-05-17,624522,3,0,1,2.722630272727273,3.0,2,1
2023-05-17,624647,3,1,0,0.084,3.0,2,0
2023-05-17,625643,4,2,1,0.8379030000000001,4.0,1,0
2023-05-17,628452,3,1,0,0.163,3.0,2,0
2023-05-17,640455,6,2,0,2.016363636363637,6.0,4,1
2023-05-17,640470,5,1,0,1.612,5.0,4,0
2023-05-17,641302,11,1,0,3.81205,11.0,10,0
2023-05-17,641401,5,0,2,1.5218060000000002,5.0,3,0
2023-05-17,641585,22,2,2,9.449103843297843,22.0,18,4
2023-05-17,641627,7,1,0,2.2560000000000002,7.0,6,0
2023-05-17,641835,3,1,2,1.391806,3.0,0,0
2023-05-17,641941,4,0,2,2.6486550566037734,4.0,2,1
2023-05-17,642100,6,0,0,3.2497804878048777,6.0,6,1
2023-05-17,642397,8,1,0,2.406,8.0,7,0
2023-05-17,642545,9,1,0,3.149,9.0,8,0
2023-05-17,642585,4,2,1,1.631514111111111,4.0,1,1
2023-05-17,643361,4,0,1,1.575903,4.0,3,0
2023-05-17,643410,6,3,0,1.245,6.0,3,0
2023-05-17,650556,5,2,1,1.353903,5.0,2,0
2023-05-17,650633,5,0,2,1.5768060000000002,5.0,3,0
2023-05-17,656234,9,2,1,3.028903,9.0,6,0
2023-05-17,656257,5,2,1,2.1462578387096776,5.0,2,1
2023-05-17,656271,5,2,0,1.3785000000000003,5.0,3,1
2023-05-17,656288,27,4,2,8.662361555555556,26.0,21,1
2023-05-17,656529,2,1,0,0.287,2.0,1,0
2023-05-17,656730,3,2,0,0.145,3.0,1,0
2023-05-17,656945,3,0,1,1.121903,3.0,2,0
2023-05-17,657031,5,2,1,1.4079030000000001,5.0,2,0
2023-05-17,657044,5,1,0,2.424882551020408,5.0,3,1
2023-05-17,657571,4,2,0,1.175,4.0,2,0
2023-05-17,657612,4,0,0,0.9650000000000001,3.0,4,0
2023-05-17,660261,5,1,2,2.3582780000000003,4.0,2,0
2023-05-17,660813,4,1,0,0.333,4.0,3,0
2023-05-17,661309,3,1,0,0.695,3.0,2,0
2023-05-17,661527,6,1,1,1.9439030000000002,6.0,4,0
2023-05-17,663485,3,0,0,1.091,3.0,3,0
2023-05-17,663558,4,1,0,0.937,3.0,2,0
2023-05-17,663947,7,3,0,0.571,7.0,4,0
2023-05-17,664126,3,1,0,2.715,3.0,2,1
2023-05-17,664199,4,0,0,0.8130000000000001,4.0,4,0
2023-05-17,664294,3,3,0,0.0,3.0,0,0
2023-05-17,664776,3,0,0,0.184,3.0,3,0
2023-05-17,664854,6,1,1,1.7539030000000002,6.0,4,0
2023-05-17,665622,23,6,2,7.904140378265413,23.0,15,2
2023-05-17,665795,19,6,0,6.669432432432433,19.0,13,2
2023-05-17,666207,5,0,3,3.0422474615384614,5.0,2,0
2023-05-17,666374,6,2,1,2.1821580000000003,6.0,2,0
2023-05-17,666808,6,1,1,2.609908,6.0,3,0
2023-05-17,666818,5,0,2,2.801086487804878,5.0,3,1
2023-05-17,666974,3,2,0,0.061,3.0,1,0
2023-05-17,668665,6,1,1,1.7259030000000002,6.0,4,1
2023-05-17,668933,25,3,1,9.47895061904762,25.0,21,0
2023-05-17,669022,23,7,2,6.6549050566037735,23.0,14,1
2023-05-17,669160,4,2,0,0.8069999999999999,4.0,2,0
2023-05-17,669194,20,6,4,4.549612,20.0,10,0
2023-05-17,669203,27,7,1,6.803612677419355,27.0,19,1
2023-05-17,669212,6,0,0,1.822,6.0,6,0
2023-05-17,669459,4,0,0,2.065,3.0,4,0
2023-05-17,669461,21,6,3,6.478796169811321,21.0,12,2
2023-05-17,669467,4,1,1,1.341903,4.0,2,0
2023-05-17,669618,1,0,0,1.0987333333333331,1.0,1,1
2023-05-17,669796,3,2,0,0.106,3.0,1,0
2023-05-17,672578,8,4,0,1.1869999999999998,8.0,4,0
2023-05-17,673540,24,12,3,4.638759,24.0,9,0
2023-05-17,675540,7,3,0,1.6564230769230768,7.0,4,1
2023-05-17,675911,23,7,3,8.208367380414312,23.0,13,2
2023-05-17,676596,19,2,2,5.474806,19.0,15,0
2023-05-17,676680,2,1,0,0.239,2.0,1,0
2023-05-17,676714,4,0,1,1.467,3.0,3,0
2023-05-17,677053,5,1,0,1.373,5.0,4,0
2023-05-17,678394,25,7,5,9.998403116883118,25.0,12,1
2023-05-17,680694,23,5,0,6.910629999999999,23.0,18,2
2023-05-17,685410,22,2,1,10.817103865630532,22.0,19,3
2023-05-17,687330,3,0,0,1.265,3.0,3,0
2023-05-18,425794,27,1,3,14.40383764780394,27.0,23,6
2023-05-18,502085,4,1,0,0.9384545454545454,4.0,3,0
2023-05-18,519043,3,0,0,0.7949999999999999,3.0,3,0
2023-05-18,541640,6,1,0,1.8099999999999998,6.0,5,0
2023-05-18,542881,23,2,2,6.550737818181818,23.0,19,1
2023-05-18,543056,6,4,0,0.619,6.0,2,0
2023-05-18,543901,5,0,1,1.889903,5.0,4,0
2023-05-18,548384,4,2,0,0.84,4.0,2,0
2023-05-18,554340,2,1,0,0.234,2.0,1,0
2023-05-18,571670,4,0,1,1.483903,4.0,3,0
2023-05-18,572403,5,0,0,1.6096,5.0,5,1
2023-05-18,592866,25,5,1,6.7927684651162785,25.0,18,1
2023-05-18,595345,1,1,0,0.0,1.0,0,0
2023-05-18,598264,6,0,0,2.557,6.0,6,0
2023-05-18,606965,5,0,0,2.555043478260869,5.0,5,1
2023-05-18,607481,3,0,0,0.9148421052631578,3.0,3,1
2023-05-18,608032,5,2,1,1.1997142857142857,4.0,2,0
2023-05-18,608717,3,1,0,0.032,3.0,2,0
2023-05-18,608723,3,1,0,1.453005,3.0,1,0
2023-05-18,621244,27,8,1,10.411752966705837,26.0,16,4
2023-05-18,622075,6,0,2,4.3374792987012984,5.0,4,2
2023-05-18,623211,6,0,0,2.631,6.0,6,0
2023-05-18,628711,17,1,2,10.195869214963405,17.0,14,4
2023-05-18,641329,5,1,2,2.059806,5.0,2,0
2023-05-18,641360,6,1,1,5.165957778554779,6.0,4,2
2023-05-18,641482,23,6,1,5.928420857142858,23.0,16,1
2023-05-18,641793,6,1,0,2.1329428571428575,6.0,5,1
2023-05-18,650893,4,0,1,3.7051423320964747,4.0,3,2
2023-05-18,656061,3,2,0,0.003,3.0,1,0
2023-05-18,656222,4,1,0,0.992,4.0,3,0
2023-05-18,656257,2,0,0,0.251,2.0,2,0
2023-05-18,656302,25,3,1,10.232312090909092,25.0,21,1
2023-05-18,656578,14,3,1,4.259974428571429,14.0,10,1
2023-05-18,656731,22,4,1,8.19224108095952,21.0,16,3
2023-05-18,657508,4,0,1,1.852903,4.0,3,0
2023-05-18,661403,4,1,0,1.8231600000000001,4.0,3,1
2023-05-18,663855,3,1,0,0.062,3.0,2,0
2023-05-18,663878,8,1,0,3.1464482758620687,8.0,7,1
2023-05-18,663986,3,1,0,0.056,3.0,2,0
2023-05-18,665001,5,0,1,1.591,4.0,4,0
2023-05-18,666168,5,0,0,2.13,5.0,5,0
2023-05-18,666619,4,0,0,0.6880000000000001,4.0,4,0
2023-05-18,669330,22,7,1,6.527463784313726,22.0,14,2
2023-05-18,671106,25,5,1,7.064903,24.0,18,0
2023-05-18,671737,20,4,2,5.844806,20.0,14,1
2023-05-18,672335,4,0,0,0.9860000000000001,4.0,4,0
2023-05-18,676760,3,0,0,0.4099999999999999,3.0,3,0
2023-05-18,676979,3,0,0,0.329,3.0,3,0
2023-05-18,680704,4,1,0,0.6799999999999999,4.0,3,0
2023-05-18,681806,3,1,1,1.111903,3.0,1,0
2023-05-18,691587,19,6,1,6.250736333333333,19.0,12,1
2023-05-19,425844,22,4,0,7.586316069906223,22.0,18,2
2023-05-19,471911,21,3,2,7.338652470588235,21.0,16,2
2023-05-19,472551,4,0,1,1.175903,4.0,3,0
2023-05-19,488984,1,0,0,0.067,1.0,1,0
2023-05-19,493603,3,0,0,0.759,3.0,3,0
2023-05-19,502043,26,5,2,6.849806,26.0,19,0
2023-05-19,502085,3,0,0,1.0230000000000001,3.0,3,0
2023-05-19,518397,3,0,1,1.338403,3.0,2,0
2023-05-19,518886,3,3,0,0.0,3.0,0,0
2023-05-19,519043,4,1,0,0.913,4.0,3,0
2023-05-19,519151,4,0,0,0.679,4.0,4,0
2023-05-19,527048,28,7,0,7.0771999999999995,28.0,21,1
2023-05-19,542914,4,1,1,1.106903,4.0,2,0
2023-05-19,543101,23,6,2,7.277506,23.0,15,0
2023-05-19,543521,3,0,0,1.361,3.0,3,0
2023-05-19,571479,3,0,1,1.7565279999999999,3.0,2,0
2023-05-19,571510,21,4,1,6.426033,21.0,15,1
2023-05-19,571927,23,6,2,9.360752212121211,23.0,15,2
2023-05-19,571946,3,1,0,0.301,3.0,2,0
2023-05-19,572020,24,5,2,8.575849478260869,24.0,17,1
2023-05-19,573124,3,1,0,1.10569387755102,3.0,2,1
2023-05-19,573186,24,4,2,4.793806,24.0,18,0
2023-05-19,579328,20,3,4,7.199823469534051,20.0,13,2
2023-05-19,592094,4,2,0,0.776,4.0,2,0
2023-05-19,592741,3,1,0,1.0482173913043478,3.0,2,1
2023-05-19,592779,4,1,0,0.844,4.0,3,0
2023-05-19,592848,2,1,1,0.695903,2.0,0,0
2023-05-19,593974,3,2,0,0.075,3.0,1,0
2023-05-19,594902,20,8,1,4.643903,20.0,11,1
2023-05-19,595897,4,1,1,1.117903,4.0,2,0
2023-05-19,598286,3,0,1,0.9579030000000001,3.0,2,0
2023-05-19,600917,3,0,0,0.9990000000000001,3.0,3,0
2023-05-19,600921,6,1,0,1.367,6.0,5,0
2023-05-19,605154,3,1,0,0.6819999999999999,3.0,2,0
2023-05-19,605288,21,4,1,5.397903,21.0,16,0
2023-05-19,605483,19,5,2,8.925594600288601,19.0,12,4
2023-05-19,606160,4,1,1,1.090903,4.0,2,0
2023-05-19,606303,3,2,0,0.628,3.0,1,0
2023-05-19,607755,9,2,0,2.642491111111111,9.0,6,1
2023-05-19,608032,3,2,0,0.078,3.0,1,0
2023-05-19,608665,3,0,0,1.7289454545454541,3.0,3,1
2023-05-19,608678,7,0,1,4.038903,7.0,6,0
2023-05-19,608717,12,2,2,6.013269311688312,12.0,8,2
2023-05-19,611093,6,0,3,3.404125666666667,6.0,3,0
2023-05-19,615698,26,6,0,9.701045584308165,26.0,18,3
2023-05-19,621249,4,0,2,2.221806,4.0,2,0
2023-05-19,622065,3,1,0,0.07400000000000001,3.0,2,0
2023-05-19,622098,4,1,0,1.7655178571428571,4.0,3,1
2023-05-19,622772,5,2,1,1.407953,5.0,2,0
2023-05-19,623433,3,1,0,0.252,3.0,2,0
2023-05-19,623437,4,0,0,2.399892857142857,4.0,4,1
2023-05-19,623474,2,0,0,0.41600000000000004,2.0,2,0
2023-05-19,624133,14,4,3,4.865709,14.0,7,0
2023-05-19,628452,3,1,0,0.124,3.0,2,0
2023-05-19,641427,2,0,0,0.595,2.0,2,0
2023-05-19,641627,3,1,0,1.146192307692308,3.0,2,1
2023-05-19,641672,2,0,0,0.88,2.0,2,0
2023-05-19,641703,11,2,1,5.145303,11.0,8,1
2023-05-19,641835,3,0,0,1.487,3.0,3,0
2023-05-19,642048,5,1,0,2.0029999999999997,5.0,4,0
2023-05-19,642585,5,2,1,1.3134414615384615,5.0,2,0
2023-05-19,643377,6,1,1,2.316903,6.0,4,0
2023-05-19,643493,6,1,1,1.5749030000000002,6.0,4,0
2023-05-19,643511,4,2,0,0.052000000000000005,4.0,2,0
2023-05-19,645261,25,5,3,7.181006082228117,25.0,17,1
2023-05-19,645444,7,0,0,2.568,7.0,7,0
2023-05-19,650556,3,0,0,0.5559999999999999,3.0,3,0
2023-05-19,656061,4,1,1,1.300903,4.0,2,0
2023-05-19,656232,22,9,3,4.810952243243244,22.0,10,1
2023-05-19,656353,4,0,0,3.399104761904762,4.0,4,2
2023-05-19,656529,4,0,2,2.112806,4.0,2,0
2023-05-19,656546,7,3,0,3.2030535714285717,7.0,4,1
2023-05-19,656629,24,10,0,2.669,24.0,14,0
2023-05-19,656638,4,2,0,0.8372173913043478,4.0,2,1
2023-05-19,657024,4,2,0,1.02,4.0,2,0
2023-05-19,657240,6,2,0,0.42000000000000004,6.0,4,0
2023-05-19,657265,5,1,0,1.6120050000000001,5.0,3,0
2023-05-19,657272,8,1,2,3.8670233913043477,8.0,5,1
2023-05-19,657376,20,6,2,4.3748059999999995,20.0,12,0
2023-05-19,657571,5,2,1,1.5109029999999999,5.0,2,0
2023-05-19,657746,25,9,1,7.682331571428572,25.0,15,1
2023-05-19,660813,3,0,0,2.3401199999999998,3.0,3,1
2023-05-19,660853,3,0,0,0.17200000000000001,3.0,3,0
2023-05-19,661403,6,1,0,1.7595,6.0,5,0
2023-05-19,663556,27,7,1,9.51796454156578,27.0,19,4
2023-05-19,663567,12,2,0,2.684116111111111,12.0,9,1
2023-05-19,663623,18,1,4,10.33509103987904,18.0,13,4
2023-05-19,663658,8,1,1,2.539903,8.0,6,1
2023-05-19,663773,6,1,2,1.214903,5.0,3,0
2023-05-19,663804,9,3,2,1.970806,9.0,4,0
2023-05-19,663855,5,2,1,1.660908,5.0,1,0
2023-05-19,663986,3,2,0,0.007,3.0,1,0
2023-05-19,664062,19,3,3,5.961709,19.0,13,0
2023-05-19,664126,4,1,0,1.164,4.0,3,0
2023-05-19,664139,7,1,0,3.0638775510204077,7.0,6,1
2023-05-19,664202,3,1,0,0.624642857142857,3.0,2,0
2023-05-19,664208,4,0,0,0.255,4.0,4,0
2023-05-19,664948,8,2,0,3.9872727272727273,8.0,6,1
2023-05-19,665019,4,0,1,1.8019030000000003,4.0,3,0
2023-05-19,665048,11,1,0,4.905798103448276,11.0,9,1
2023-05-19,666154,21,4,2,9.238209225806452,21.0,15,2
2023-05-19,666818,9,1,2,2.675806,9.0,6,0
2023-05-19,666974,5,1,0,1.333,5.0,4,0
2023-05-19,668665,4,0,2,2.939806,4.0,2,0
2023-05-19,668674,6,1,1,1.513903,6.0,4,0
2023-05-19,668678,23,2,4,10.12318819047619,23.0,17,2
2023-05-19,669438,5,0,1,3.4825837017543857,5.0,4,1
2023-05-19,669467,4,1,0,1.6112962962962964,4.0,3,1
2023-05-19,669618,4,0,0,0.9076666666666666,4.0,4,0
2023-05-19,669674,4,0,0,0.474,4.0,4,0
2023-05-19,670059,3,2,0,0.789,3.0,1,0
2023-05-19,670174,9,2,1,1.7669030000000001,9.0,6,0
2023-05-19,670912,24,7,3,6.359630296296296,24.0,14,1
2023-05-19,670950,5,2,0,0.41300000000000003,5.0,3,0
2023-05-19,670990,7,2,0,1.152005,7.0,4,0
2023-05-19,671345,3,1,1,0.7449030000000001,3.0,1,0
2023-05-19,672282,22,12,3,5.995559,22.0,7,0
2023-05-19,675916,5,3,1,1.8209429999999998,5.0,1,1
2023-05-19,676680,8,1,0,2.12,7.0,6,0
2023-05-19,677053,3,2,0,0.154,3.0,1,0
2023-05-19,682243,24,4,1,7.087903,24.0,19,1
2023-05-19,686610,23,3,5,9.47350487854251,23.0,15,2
2023-05-19,693821,24,6,1,7.807257838709678,23.0,16,1
2023-05-20,445276,5,0,2,1.704806,5.0,3,0
2023-05-20,445926,9,3,1,2.453908,9.0,4,0
2023-05-20,453268,7,1,2,1.543806,7.0,4,0
2023-05-20,455119,3,0,0,0.503,3.0,3,0
2023-05-20,472551,8,0,1,6.1121988651144115,8.0,7,2
2023-05-20,472610,3,2,0,0.108,3.0,1,0
2023-05-20,476595,3,2,0,0.268,3.0,1,0
2023-05-20,489446,7,2,2,3.939806,7.0,3,1
2023-05-20,519151,4,1,0,0.6749999999999999,4.0,3,0
2023-05-20,519242,26,8,1,7.951896662131519,26.0,16,2
2023-05-20,523260,3,1,0,0.188,3.0,2,0
2023-05-20,543272,2,0,1,0.7509030000000001,2.0,1,0
2023-05-20,543475,22,5,3,6.719209,22.0,13,0
2023-05-20,543859,15,2,2,6.870306,15.0,11,0
2023-05-20,543901,3,1,0,0.165,3.0,2,0
2023-05-20,554340,5,2,0,0.645,4.0,3,0
2023-05-20,571578,24,3,0,9.80048033126294,24.0,21,2
2023-05-20,571656,5,2,0,0.16999999999999998,5.0,3,0
2023-05-20,571670,4,2,0,0.65005,4.0,2,0
2023-05-20,571945,27,2,0,7.395888888888889,27.0,25,1
2023-05-20,572955,3,1,0,0.10400000000000001,3.0,2,0
2023-05-20,592094,2,1,0,0.0,2.0,1,0
2023-05-20,592351,22,6,2,9.171510761904763,22.0,14,1
2023-05-20,592773,4,0,1,1.515403,4.0,3,0
2023-05-20,592779,3,0,0,0.7973333333333333,3.0,3,0
2023-05-20,592789,20,4,1,8.789204875,20.0,14,1
2023-05-20,592791,17,1,3,8.551931222222223,17.0,13,2
2023-05-20,592848,7,1,0,2.7592586206896557,7.0,6,1
2023-05-20,593576,4,1,0,0.254,4.0,3,0
2023-05-20,595897,5,2,1,0.8699030000000001,5.0,2,0
2023-05-20,596001,3,2,0,0.32,3.0,1,0
2023-05-20,596112,5,1,0,3.2378043478260867,5.0,4,1
2023-05-20,596133,20,4,0,7.533189473684211,20.0,16,3
2023-05-20,605177,4,0,0,0.77,4.0,4,0
2023-05-20,605218,4,1,1,1.392903,4.0,2,0
2023-05-20,605242,4,0,0,3.0020000000000002,4.0,4,0
2023-05-20,605280,4,1,1,1.8173030000000001,4.0,2,0
2023-05-20,605347,4,2,0,0.9390000000000001,4.0,2,0
2023-05-20,605397,24,6,1,9.136405596153846,24.0,16,3
2023-05-20,605400,25,10,1,7.450522085805934,25.0,14,2
2023-05-20,605447,6,1,0,2.5355471698113203,6.0,5,1
2023-05-20,606149,3,1,0,0.336,3.0,2,0
2023-05-20,607536,16,0,0,7.895709090909091,16.0,16,2
2023-05-20,608337,23,4,1,7.819615962962963,23.0,18,1
2023-05-20,608344,2,0,0,0.796,2.0,2,0
2023-05-20,608371,5,2,1,0.8319030000000001,5.0,2,0
2023-05-20,608638,2,0,0,0.84,2.0,1,0
2023-05-20,608665,3,2,0,0.038,3.0,1,0
2023-05-20,612434,4,3,1,0.695903,4.0,0,0
2023-05-20,613534,2,0,0,0.32599999999999996,2.0,2,0
2023-05-20,621016,4,2,0,0.962,4.0,2,1
2023-05-20,621051,5,0,0,1.4668297872340423,5.0,5,1
2023-05-20,621074,13,2,2,4.390153826086957,13.0,9,1
2023-05-20,621107,24,8,0,6.8015965334504465,24.0,16,4
2023-05-20,621345,3,2,0,0.007,3.0,1,0
2023-05-20,622065,3,0,0,1.748,3.0,3,0
2023-05-20,622075,3,0,0,1.2109999999999999,3.0,3,0
2023-05-20,622251,3,2,0,0.216,3.0,1,0
2023-05-20,623149,3,1,0,0.79,3.0,2,0
2023-05-20,623437,5,0,0,3.0994594594594593,5.0,5,1
2023-05-20,623474,4,1,1,0.941,3.0,2,1
2023-05-20,624647,4,1,1,2.9100097402597402,3.0,2,2
2023-05-20,625643,2,1,0,0.823,2.0,1,0
2023-05-20,628708,3,2,0,0.103,3.0,1,0
2023-05-20,640448,3,1,0,0.568,3.0,2,0
2023-05-20,640451,3,1,0,0.451,3.0,2,0
2023-05-20,641329,4,1,0,1.0195999999999998,4.0,3,1
2023-05-20,641401,5,1,0,2.063153846153846,5.0,4,1
2023-05-20,641729,5,3,0,0.608,5.0,2,0
2023-05-20,641778,17,2,2,9.12699223907539,17.0,13,3
2023-05-20,641835,1,0,0,0.8533225806451613,1.0,1,1
2023-05-20,642546,5,0,1,2.582903,5.0,4,0
2023-05-20,642585,8,5,1,0.927903,8.0,2,0
2023-05-20,643511,6,0,1,1.674,4.0,5,0
2023-05-20,650633,7,3,0,0.929,7.0,4,0
2023-05-20,656234,6,1,0,1.071,6.0,5,0
2023-05-20,656412,20,4,0,5.974926470588235,20.0,16,1
2023-05-20,656605,22,8,0,5.0389494444444445,22.0,13,1
2023-05-20,656730,4,1,0,0.09,4.0,3,0
2023-05-20,656945,4,0,0,1.165,4.0,4,0
2023-05-20,657024,5,1,1,1.918117285714286,5.0,3,0
2023-05-20,657031,3,0,0,1.164,3.0,3,0
2023-05-20,657044,5,1,0,1.234,5.0,4,0
2023-05-20,657277,22,7,2,5.323806,22.0,13,0
2023-05-20,657508,5,2,1,1.400903,5.0,2,0
2023-05-20,657612,6,1,1,1.158903,6.0,4,0
2023-05-20,661309,5,0,1,1.571903,5.0,4,0
2023-05-20,661395,4,3,0,0.144,4.0,1,0
2023-05-20,663558,3,1,0,0.303,3.0,2,0
2023-05-20,663776,23,3,4,8.103612,22.0,16,0
2023-05-20,663947,7,1,0,2.681,7.0,6,0
2023-05-20,663992,4,1,0,1.85325,4.0,3,1
2023-05-20,664139,6,0,0,2.4954594594594597,6.0,6,1
2023-05-20,664202,3,1,0,0.68,3.0,2,0
2023-05-20,664294,2,1,0,0.164,2.0,1,0
2023-05-20,664747,3,1,0,0.101,3.0,2,0
2023-05-20,664776,7,2,3,3.124709,7.0,2,0
2023-05-20,664854,7,2,0,2.651005,7.0,4,0
2023-05-20,666129,21,8,1,4.042528,21.0,12,0
2023-05-20,666142,6,1,0,0.943,6.0,5,0
2023-05-20,666201,23,5,1,6.909468,23.0,16,0
2023-05-20,666374,4,3,0,0.367,4.0,1,0
2023-05-20,666745,19,6,4,6.062652,18.0,8,1
2023-05-20,666808,4,2,0,0.109,4.0,2,0
2023-05-20,666974,3,0,0,0.9730000000000001,3.0,3,0
2023-05-20,667463,9,1,0,2.237,9.0,8,0
2023-05-20,669060,10,1,0,2.897666666666667,10.0,9,0
2023-05-20,669093,5,3,1,1.8004585555555557,5.0,1,1
2023-05-20,669302,23,9,1,7.2974244703425235,23.0,13,3
2023-05-20,669459,3,1,0,0.7396,3.0,2,1
2023-05-20,669796,3,1,0,0.833,3.0,2,0
2023-05-20,670280,4,1,0,0.375,4.0,3,0
2023-05-20,670950,4,0,1,1.3664744285714285,4.0,3,1
2023-05-20,676664,24,7,1,7.260022718309859,24.0,16,2
2023-05-20,676684,5,0,0,1.982,5.0,5,0
2023-05-20,676760,7,3,1,1.238903,7.0,3,0
2023-05-20,676979,3,0,1,1.255903,3.0,2,0
2023-05-20,677865,3,1,0,1.8803333333333332,3.0,2,1
2023-05-20,680570,21,6,1,6.432592056603774,21.0,14,2
2023-05-20,681806,10,2,1,3.589903,10.0,7,0
2023-05-20,686613,22,9,0,6.255183794466403,22.0,13,2
2023-05-20,686973,23,4,1,8.014111132678133,23.0,17,2
2023-05-20,687330,3,0,2,1.496806,3.0,1,0
2023-05-20,694297,23,3,2,8.733789333333334,23.0,18,1
2023-05-21,434378,27,5,0,6.109444444444444,26.0,21,1
2023-05-21,446372,13,1,3,5.470709,13.0,9,0
2023-05-21,453286,21,5,1,4.156775807017544,21.0,15,0
2023-05-21,458681,24,6,2,8.460531490196079,24.0,16,2
2023-05-21,477132,19,6,3,6.047709,19.0,10,0
2023-05-21,493603,5,0,0,1.831,5.0,5,0
2023-05-21,502085,6,0,0,2.250280487804878,6.0,6,1
2023-05-21,518617,4,0,1,1.611903,4.0,3,0
2023-05-21,518876,20,4,2,5.095806,20.0,14,1
2023-05-21,518886,5,2,1,1.9615551739130441,5.0,2,1
2023-05-21,519043,4,0,0,1.9160833333333334,4.0,4,0
2023-05-21,523260,3,2,0,0.339,3.0,1,0
2023-05-21,542585,5,2,0,0.768,5.0,3,0
2023-05-21,542914,2,0,1,0.578,1.0,1,0
2023-05-21,542947,5,0,0,3.239635579937304,5.0,5,2
2023-05-21,543056,3,0,1,0.8559030000000001,3.0,2,0
2023-05-21,543518,7,2,1,1.3999030000000001,7.0,4,0
2023-05-21,543521,4,1,0,0.9239999999999999,4.0,3,0
2023-05-21,548384,6,0,0,1.411005,6.0,5,0
2023-05-21,554340,7,1,0,3.41,7.0,6,0
2023-05-21,570257,3,2,0,0.053,3.0,1,0
2023-05-21,571539,11,2,3,4.160709000000001,11.0,6,0
2023-05-21,571710,6,1,2,1.815903,5.0,3,0
2023-05-21,571760,25,5,2,6.247806000000001,25.0,18,0
2023-05-21,571946,3,1,0,1.301,3.0,2,0
2023-05-21,572403,7,3,0,0.479,7.0,4,0
2023-05-21,592254,7,2,0,1.321,7.0,5,0
2023-05-21,592332,32,4,2,8.786926,32.0,26,2
2023-05-21,592836,19,3,3,5.229709,19.0,13,0
2023-05-21,593833,9,3,0,2.58254,9.0,6,1
2023-05-21,593974,3,0,0,0.8150000000000001,3.0,3,0
2023-05-21,594580,5,0,2,2.420806,5.0,3,0
2023-05-21,595345,4,1,0,1.526,4.0,3,0
2023-05-21,596001,6,1,0,0.5820000000000001,6.0,5,0
2023-05-21,596112,4,0,1,2.929795857142857,4.0,3,1
2023-05-21,598264,4,1,0,1.077,4.0,3,0
2023-05-21,600917,6,2,1,1.630903,6.0,3,0
2023-05-21,600921,5,1,1,4.102385758620689,5.0,3,1
2023-05-21,601713,10,3,0,1.986,10.0,7,0
2023-05-21,605154,3,0,0,0.889,2.0,2,0
2023-05-21,605218,3,0,0,0.778,3.0,3,0
2023-05-21,605280,6,1,1,2.5279030000000002,6.0,4,0
2023-05-21,605347,3,0,0,1.8266315789473684,3.0,3,1
2023-05-21,606303,4,0,0,1.43,4.0,4,0
2023-05-21,606625,5,2,1,2.233903,5.0,2,0
2023-05-21,606965,1,1,0,0.0,1.0,0,0
2023-05-21,607237,4,1,1,1.7996616206896556,4.0,2,1
2023-05-21,607259,5,1,0,1.541,5.0,4,0
2023-05-21,607481,3,2,0,0.131,3.0,1,0
2023-05-21,608032,4,1,0,1.724,4.0,3,0
2023-05-21,608379,22,4,1,6.062569666666667,22.0,17,1
2023-05-21,608718,3,0,0,0.521,3.0,3,0
2023-05-21,608723,6,3,0,0.9109999999999999,6.0,3,0
2023-05-21,621057,3,1,0,0.018,2.0,1,0
2023-05-21,621076,20,5,4,7.386739819548873,20.0,11,1
2023-05-21,621381,4,2,1,0.759903,4.0,1,0
2023-05-21,622072,19,5,0,5.689459459459459,18.0,13,2
2023-05-21,622554,3,1,1,0.7139030000000001,3.0,1,0
2023-05-21,622663,18,5,1,3.997903,18.0,12,0
2023-05-21,622772,3,1,0,0.208,3.0,2,0
2023-05-21,623352,5,2,2,1.5548060000000001,5.0,1,0
2023-05-21,623433,4,2,0,1.3452804878048779,4.0,2,1
2023-05-21,628452,3,2,0,0.531,3.0,1,0
2023-05-21,640448,8,2,1,1.979908,8.0,4,0
2023-05-21,640451,3,2,0,0.5060588235294117,3.0,1,0
2023-05-21,640470,6,1,0,2.3837797872340425,6.0,5,2
2023-05-21,641154,26,9,3,5.082806,25.0,14,0
2023-05-21,641302,5,2,0,0.5700000000000001,5.0,3,0
2023-05-21,641360,3,1,0,0.8092666666666666,3.0,2,0
2023-05-21,641401,3,0,0,1.175005,3.0,2,0
2023-05-21,641793,4,0,0,1.014,4.0,4,0
2023-05-21,641871,4,0,1,1.397903,4.0,3,0
2023-05-21,642048,3,0,0,1.021,3.0,3,0
2023-05-21,642207,6,0,2,2.373806,6.0,4,1
2023-05-21,642239,5,0,0,1.7290416666666666,4.0,5,1
2023-05-21,642397,1,0,0,0.058,1.0,1,0
2023-05-21,642547,25,4,3,7.341418677419354,25.0,18,1
2023-05-21,643361,8,1,0,0.501,8.0,7,0
2023-05-21,650893,4,2,0,2.220383333333334,4.0,2,1
2023-05-21,656061,4,1,0,0.762,4.0,3,0
2023-05-21,656222,9,3,2,3.0956550566037735,9.0,4,1
2023-05-21,656271,3,1,0,0.24100000000000002,3.0,2,0
2023-05-21,656427,21,5,4,5.7305405714285715,21.0,12,0
2023-05-21,656464,7,1,1,1.470903,7.0,5,0
2023-05-21,657006,23,6,1,5.295908,23.0,15,0
2023-05-21,657265,5,1,0,2.61501,5.0,2,0
2023-05-21,657508,4,1,0,0.215,4.0,3,0
2023-05-21,657756,18,5,2,7.5264721442006275,18.0,11,2
2023-05-21,660271,22,9,3,5.328714000000001,22.0,9,0
2023-05-21,663878,7,3,0,1.8851764705882355,7.0,4,0
2023-05-21,663986,6,2,1,2.7124030000000006,6.0,3,1
2023-05-21,664199,1,0,0,0.9844210526315788,1.0,1,1
2023-05-21,664285,30,7,0,6.438,30.0,23,0
2023-05-21,664294,3,1,0,0.448,3.0,2,0
2023-05-21,664875,4,0,0,0.306,4.0,4,0
2023-05-21,665152,25,7,2,9.453912666666668,25.0,16,2
2023-05-21,666200,22,8,1,8.892994818181819,22.0,13,3
2023-05-21,666214,16,1,0,7.8382628571428565,16.0,15,2
2023-05-21,666721,22,1,0,6.815727272727273,21.0,21,2
2023-05-21,666808,5,1,0,1.234,5.0,4,0
2023-05-21,668674,4,2,1,1.794636333333333,4.0,1,1
2023-05-21,668881,26,10,3,8.145913347826088,26.0,13,2
2023-05-21,669093,1,0,0,0.361,1.0,1,0
2023-05-21,669212,4,2,0,2.925,4.0,2,1
2023-05-21,669438,11,2,0,3.052,11.0,9,0
2023-05-21,669456,31,4,2,10.009806,31.0,25,2
2023-05-21,669461,6,1,1,3.6294913333333336,6.0,3,0
2023-05-21,669618,4,1,0,0.77,4.0,3,0
2023-05-21,669674,3,0,1,0.806903,3.0,2,0
2023-05-21,669923,28,6,1,7.579056846153846,28.0,21,2
2023-05-21,670183,2,0,0,0.6699999999999999,2.0,2,0
2023-05-21,670990,9,1,1,2.8799080000000004,9.0,6,0
2023-05-21,671345,4,0,0,1.162,4.0,4,0
2023-05-21,672335,2,0,1,1.3109030000000002,2.0,1,0
2023-05-21,672578,6,3,0,0.315,6.0,3,0
2023-05-21,672710,20,3,3,7.0248756666666665,19.0,14,0
2023-05-21,672730,1,1,0,0.0,1.0,0,0
2023-05-21,676254,6,0,0,2.176,6.0,6,0
2023-05-21,676440,27,3,4,9.811612,27.0,20,0
2023-05-21,676680,3,2,0,0.141,3.0,1,0
2023-05-21,676701,6,1,0,2.0936935483870966,6.0,5,1
2023-05-21,676714,3,2,1,0.695903,3.0,0,0
2023-05-21,677053,5,0,1,0.9129030000000001,4.0,4,0
2023-05-21,677865,6,0,1,2.810903,5.0,4,0
2023-05-21,680686,23,2,6,9.050418,23.0,15,0
2023-05-21,681867,23,3,1,9.37926888888889,22.0,18,2
2023-05-21,694363,21,7,1,5.227762545454546,21.0,12,0
2023-05-22,450203,24,5,2,9.934233472527472,24.0,17,4
2023-05-22,476595,4,1,0,1.196,4.0,3,0
2023-05-22,489446,4,1,1,1.251903,4.0,2,0
2023-05-22,502624,25,1,2,10.632750393939395,24.0,20,1
2023-05-22,518397,3,0,0,1.351005,3.0,2,0
2023-05-22,542585,4,2,1,0.7039030000000001,4.0,1,0
2023-05-22,542914,2,1,0,0.197,2.0,1,0
2023-05-22,547179,23,5,2,13.183386592185592,23.0,16,6
2023-05-22,547973,4,2,0,0.243,4.0,2,0
2023-05-22,554430,27,3,1,10.264128704955422,27.0,23,3
2023-05-22,571479,5,1,1,1.503903,5.0,3,0
2023-05-22,571656,6,3,0,0.548,5.0,2,0
2023-05-22,571901,3,0,0,0.478,3.0,3,0
2023-05-22,571948,3,0,0,1.560652173913044,3.0,3,1
2023-05-22,572955,4,1,0,2.1247727272727275,4.0,3,1
2023-05-22,592741,1,0,0,0.048,1.0,1,0
2023-05-22,592773,3,1,0,0.523,3.0,2,0
2023-05-22,595345,3,3,0,0.0,3.0,0,0
2023-05-22,605130,8,3,2,3.143806,8.0,3,1
2023-05-22,605135,27,4,1,10.796054616236495,27.0,22,3
2023-05-22,605154,3,2,0,0.102,3.0,1,0
2023-05-22,605177,4,3,1,0.695903,4.0,0,0
2023-05-22,606149,4,2,1,0.7219030000000001,4.0,1,0
2023-05-22,606965,4,1,0,0.46499999999999997,4.0,3,0
2023-05-22,607237,3,1,2,1.391806,3.0,0,0
2023-05-22,607755,3,1,0,0.01,3.0,2,0
2023-05-22,608371,4,1,1,0.8799030000000001,4.0,2,0
2023-05-22,608638,6,0,1,1.642014111111111,6.0,5,1
2023-05-22,612434,5,1,1,1.746,4.0,3,0
2023-05-22,613534,3,2,1,0.695903,3.0,0,0
2023-05-22,621016,3,0,1,0.7699030000000001,3.0,2,0
2023-05-22,621345,6,2,0,3.70945652173913,6.0,4,1
2023-05-22,622065,3,1,0,0.8140000000000001,3.0,2,0
2023-05-22,622075,3,1,0,0.035,3.0,2,0
2023-05-22,622250,6,2,1,1.597903,6.0,3,0
2023-05-22,622251,2,0,1,0.695903,2.0,1,0
2023-05-22,622491,24,8,2,7.5622887586206895,24.0,14,2
2023-05-22,623167,3,2,0,0.011,3.0,1,0
2023-05-22,623465,4,0,0,2.667,4.0,4,1
2023-05-22,640455,17,8,3,4.474709,17.0,6,0
2023-05-22,641360,3,2,0,0.797,3.0,1,0
2023-05-22,641540,26,3,3,8.20175661904762,25.0,19,2
2023-05-22,641672,4,3,1,0.695903,4.0,0,0
2023-05-22,641729,3,1,0,0.625,3.0,2,0
2023-05-22,641793,4,0,0,2.68,4.0,4,1
2023-05-22,641927,21,2,3,7.741058056603774,21.0,16,2
2023-05-22,641941,5,2,2,1.4088060000000002,5.0,1,0
2023-05-22,642100,2,1,0,0.279,2.0,1,0
2023-05-22,642545,17,6,0,2.6239999999999997,17.0,11,0
2023-05-22,642546,4,2,0,1.307,4.0,2,0
2023-05-22,643377,3,2,0,0.129,3.0,1,0
2023-05-22,643511,3,2,1,0.695903,3.0,0,0
2023-05-22,656234,6,2,1,1.732903,6.0,3,0
2023-05-22,656529,4,2,1,1.223903,4.0,1,0
2023-05-22,656546,5,1,0,0.9710000000000001,5.0,4,0
2023-05-22,656557,23,8,2,4.448811,23.0,12,0
2023-05-22,656638,7,2,1,2.399763465116279,7.0,4,1
2023-05-22,656730,7,2,0,2.356005,7.0,4,0
2023-05-22,656756,21,4,3,9.045053444444445,21.0,14,1
2023-05-22,656786,4,1,0,0.602,4.0,3,0
2023-05-22,657031,4,3,0,0.588,4.0,1,0
2023-05-22,657571,3,1,0,0.663,3.0,2,0
2023-05-22,660261,10,4,1,3.020908,10.0,4,0
2023-05-22,660813,5,1,0,1.539,5.0,4,0
2023-05-22,661309,8,1,2,2.494806,8.0,5,0
2023-05-22,661403,3,1,0,0.5990000000000001,3.0,2,0
2023-05-22,661527,5,2,1,1.9019030000000001,5.0,2,0
2023-05-22,663485,9,4,0,2.6060408791208793,9.0,5,2
2023-05-22,663855,3,1,0,0.297,3.0,2,0
2023-05-22,663903,22,3,4,8.607888923076924,22.0,15,2
2023-05-22,663941,10,4,0,2.9362314150943396,10.0,5,1
2023-05-22,663986,3,2,0,0.066,3.0,1,0
2023-05-22,664126,4,0,1,1.593903,4.0,3,0
2023-05-22,664139,4,2,1,0.7109030000000001,4.0,1,0
2023-05-22,664199,4,0,0,1.528860465116279,4.0,4,1
2023-05-22,664299,23,5,1,6.8254688238884045,23.0,17,2
2023-05-22,664747,8,4,3,2.803709,8.0,1,0
2023-05-22,664776,5,0,1,2.034903,5.0,4,0
2023-05-22,664854,5,3,1,0.7129030000000001,5.0,1,0
2023-05-22,664875,5,0,0,0.948,4.0,5,0
2023-05-22,665001,8,0,0,2.519,8.0,8,0
2023-05-22,665625,5,0,1,2.239908,5.0,3,0
2023-05-22,665795,24,6,1,6.158317285714285,24.0,17,1
2023-05-22,666205,25,3,2,14.001253619047619,25.0,20,4
2023-05-22,666619,5,1,0,1.6844743589743592,5.0,4,0
2023-05-22,669203,24,5,2,10.57454138961039,24.0,17,4
2023-05-22,669424,5,0,1,1.801903,5.0,4,0
2023-05-22,669459,3,1,0,0.209,3.0,2,0
2023-05-22,669467,8,3,1,1.558903,8.0,4,0
2023-05-22,669618,3,1,1,1.8405529999999999,3.0,1,1
2023-05-22,669947,17,1,2,5.500121789473685,17.0,14,0
2023-05-22,670059,1,1,0,0.0,1.0,0,0
2023-05-22,670280,5,2,0,2.254595744680851,5.0,3,1
2023-05-22,670712,4,0,1,1.702903,4.0,3,0
2023-05-22,672730,6,0,1,1.631903,6.0,5,0
2023-05-22,674072,23,5,2,8.317644528138528,23.0,16,2
2023-05-22,676596,22,2,1,6.236903,22.0,19,1
2023-05-22,676684,4,0,1,0.8819030000000001,4.0,3,0
2023-05-22,676710,9,3,1,3.953555173913044,9.0,5,1
2023-05-22,676979,3,0,1,1.154903,3.0,2,0
2023-05-22,680704,1,0,0,0.189,1.0,1,0
2023-05-22,681217,6,2,0,0.7330000000000001,6.0,4,0
2023-05-22,682227,21,3,4,9.904725664596274,21.0,14,2
2023-05-22,682847,28,4,2,9.985253072072073,28.0,22,2
2023-05-22,683769,22,4,1,5.619908000000001,21.0,15,0
2023-05-22,694813,20,1,5,9.20253642857143,20.0,14,2
2023-05-23,425794,26,2,1,8.365065895927602,26.0,23,2
2023-05-23,448179,25,9,2,7.197195787234042,25.0,14,1
2023-05-23,502171,27,8,1,8.186549173336314,27.0,18,2
2023-05-23,506433,24,4,1,9.483361852258852,24.0,19,3
2023-05-23,518397,3,0,0,0.761,3.0,3,0
2023-05-23,519043,3,0,1,1.065903,3.0,2,0
2023-05-23,523260,4,0,0,0.529,4.0,4,0
2023-05-23,541640,8,0,1,5.122287615384616,8.0,7,1
2023-05-23,542194,4,0,0,2.3346,4.0,4,1
2023-05-23,543037,23,2,3,9.860888696310731,23.0,18,5
2023-05-23,543135,31,5,1,8.181017285714287,31.0,25,2
2023-05-23,543243,23,6,2,6.711806,23.0,15,0
2023-05-23,543507,5,0,0,1.56101,5.0,3,0
2023-05-23,543518,2,0,1,1.593903,2.0,1,0
2023-05-23,543521,6,0,1,3.195386022071307,6.0,5,1
2023-05-23,543859,9,0,1,4.042653,9.0,8,1
2023-05-23,547973,4,2,1,0.8669030000000001,4.0,1,0
2023-05-23,570257,5,1,1,3.659104298701299,5.0,3,2
2023-05-23,571710,3,1,0,0.558,3.0,2,0
2023-05-23,572955,5,1,0,1.2309999999999999,5.0,4,0
2023-05-23,592229,21,6,1,4.250903,21.0,14,0
2023-05-23,592767,21,5,2,5.758806,21.0,14,1
2023-05-23,592779,2,1,1,0.695903,2.0,0,0
2023-05-23,593958,26,9,2,9.126336126066,26.0,15,2
2023-05-23,593974,3,1,0,0.648,3.0,2,0
2023-05-23,594577,20,8,1,5.467079470588235,20.0,11,0
2023-05-23,594835,22,4,1,6.5368363333333335,22.0,17,0
2023-05-23,596295,22,2,1,7.256836333333333,21.0,18,1
2023-05-23,598264,3,1,0,0.209,3.0,2,0
2023-05-23,600921,1,1,0,0.0,1.0,0,0
2023-05-23,605177,3,0,0,2.3545,3.0,3,1
2023-05-23,605242,3,1,0,0.516,3.0,2,0
2023-05-23,605347,5,0,0,2.08575,5.0,5,1
2023-05-23,606149,3,0,0,0.549,3.0,3,0
2023-05-23,606160,8,1,1,4.472357545454545,8.0,6,1
2023-05-23,606303,2,2,0,0.0,2.0,0,0
2023-05-23,607067,22,4,2,7.325931,22.0,15,1
2023-05-23,607259,5,1,0,0.8049999999999999,5.0,4,0
2023-05-23,608665,4,1,1,1.125903,4.0,2,0
2023-05-23,608678,6,3,1,1.3249030000000002,6.0,2,0
2023-05-23,608717,4,1,0,0.8190050000000001,4.0,2,0
2023-05-23,608718,10,2,1,2.573903,10.0,7,0
2023-05-23,611093,7,2,2,1.726806,7.0,3,0
2023-05-23,612434,3,0,0,0.33299999999999996,3.0,3,0
2023-05-23,614179,4,0,0,1.434005,4.0,3,0
2023-05-23,621016,8,2,1,3.158903,8.0,5,0
2023-05-23,621057,2,1,0,0.451,2.0,1,0
2023-05-23,621244,27,5,2,8.095861000000001,27.0,19,0
2023-05-23,621249,7,2,0,4.595,7.0,5,2
2023-05-23,621363,4,0,0,0.9339999999999999,4.0,4,0
2023-05-23,621381,8,3,0,2.9389,8.0,5,1
2023-05-23,622075,3,3,0,0.0,3.0,0,0
2023-05-23,622251,3,0,1,0.913903,3.0,2,0
2023-05-23,622554,3,0,1,1.705903,3.0,2,0
2023-05-23,623149,3,2,0,0.03,3.0,1,0
2023-05-23,623211,7,1,0,1.8880000000000001,7.0,6,0
2023-05-23,623352,4,1,0,0.8250000000000001,4.0,3,0
2023-05-23,623437,3,1,0,0.08,3.0,2,0
2023-05-23,623465,4,1,1,1.4436530000000003,4.0,2,0
2023-05-23,624647,3,1,0,0.586,3.0,2,0
2023-05-23,628708,3,0,0,0.662,3.0,3,0
2023-05-23,641329,3,0,1,1.1218421052631582,2.0,2,1
2023-05-23,641420,9,1,1,5.109443,9.0,7,1
2023-05-23,641427,8,1,0,2.5469310344827587,8.0,7,1
2023-05-23,641585,23,8,1,6.331817285714285,23.0,14,2
2023-05-23,641627,3,2,0,0.075,3.0,1,0
2023-05-23,641771,7,2,1,1.639903,7.0,4,0
2023-05-23,641835,3,0,0,0.738,3.0,3,0
2023-05-23,641871,3,1,0,1.1443333333333332,3.0,2,1
2023-05-23,641941,3,1,0,0.6938,3.0,2,1
2023-05-23,642397,4,2,1,0.8729030000000001,4.0,1,0
2023-05-23,642585,4,3,0,0.9462173913043478,4.0,1,1
2023-05-23,643256,4,0,1,1.852903,3.0,2,0
2023-05-23,643377,5,3,0,1.306,5.0,2,0
2023-05-23,643410,4,2,0,0.636,4.0,2,0
2023-05-23,643493,2,0,0,0.473,2.0,2,0
2023-05-23,650633,7,3,1,1.427903,7.0,3,0
2023-05-23,656234,3,1,0,1.4609999999999999,3.0,2,0
2023-05-23,656257,1,0,0,0.164,1.0,1,0
2023-05-23,656288,26,5,3,6.302709,26.0,18,0
2023-05-23,656302,24,3,2,8.116256142450142,24.0,19,2
2023-05-23,656731,20,5,2,7.413017462450593,20.0,13,2
2023-05-23,657097,3,2,0,1.14465,3.0,1,1
2023-05-23,657240,4,2,0,1.408,4.0,2,0
2023-05-23,657265,4,2,1,0.7059030000000001,4.0,1,0
2023-05-23,657612,3,1,0,0.654,3.0,2,0
2023-05-23,660813,4,1,0,0.7839999999999999,4.0,3,0
2023-05-23,660853,3,3,0,0.0,3.0,0,0
2023-05-23,663558,3,1,1,0.697903,3.0,1,0
2023-05-23,663947,13,1,1,2.0669999999999997,12.0,11,0
2023-05-23,663992,3,0,0,0.485,3.0,3,0
2023-05-23,664199,3,0,0,0.04,3.0,3,0
2023-05-23,664208,4,3,0,0.183,4.0,1,0
2023-05-23,664854,6,1,2,2.193806,6.0,3,0
2023-05-23,665622,23,4,2,10.633306000000001,23.0,17,3
2023-05-23,665625,3,1,0,0.47,3.0,2,0
2023-05-23,666168,5,2,2,1.4438060000000001,5.0,1,0
2023-05-23,666808,4,3,0,0.726005,4.0,0,0
2023-05-23,666974,9,2,0,3.6251199999999995,9.0,7,1
2023-05-23,668665,13,4,3,4.721509,13.0,6,1
2023-05-23,668933,24,5,0,10.814870359477124,24.0,18,2
2023-05-23,669022,24,5,4,10.059731894185914,23.0,14,3
2023-05-23,669060,4,0,0,2.065,4.0,4,0
2023-05-23,669093,3,0,0,0.5369285714285715,3.0,3,0
2023-05-23,669194,20,4,0,5.446942105263158,20.0,16,2
2023-05-23,669459,3,0,1,1.2339030000000002,3.0,2,0
2023-05-23,669796,5,1,0,0.466,5.0,4,0
2023-05-23,670042,13,1,0,9.058221428571429,13.0,12,3
2023-05-23,671106,27,4,1,9.159723030600535,27.0,22,3
2023-05-23,671737,21,7,0,7.757296875,21.0,14,1
2023-05-23,675540,5,2,1,1.9565696666666665,5.0,2,0
2023-05-23,675911,27,11,3,5.803687318681319,26.0,13,0
2023-05-23,675916,3,1,0,0.23800000000000002,3.0,2,0
2023-05-23,676272,20,5,1,5.271903,20.0,14,1
2023-05-23,676760,8,2,1,1.305903,8.0,5,0
2023-05-23,677053,5,1,1,2.0239444444444445,4.0,3,1
2023-05-23,678394,27,6,0,7.488171502256608,27.0,21,2
2023-05-23,680694,24,3,3,10.146940034482759,24.0,18,2
2023-05-23,687330,3,0,0,0.739,3.0,3,0
2023-05-23,691587,20,3,3,7.5479201436950145,20.0,14,2
2023-05-24,425844,20,5,1,6.561120391304348,20.0,14,2
2023-05-24,445276,4,0,1,0.794903,4.0,3,0
2023-05-24,445926,3,0,0,1.3319999999999999,3.0,3,0
2023-05-24,472610,4,0,1,1.9779030000000002,4.0,3,0
2023-05-24,518886,3,1,0,0.756,3.0,2,0
2023-05-24,519293,5,2,0,0.298,5.0,3,0
2023-05-24,527048,28,3,2,7.254811,28.0,22,0
2023-05-24,542881,23,3,2,7.0638060000000005,23.0,18,0
2023-05-24,542914,4,2,1,0.7049030000000001,4.0,1,0
2023-05-24,543056,6,3,0,1.088,6.0,3,0
2023-05-24,543101,26,6,2,13.141992313131313,26.0,17,3
2023-05-24,543272,4,1,0,1.854,4.0,3,0
2023-05-24,543518,4,2,0,0.158,4.0,2,0
2023-05-24,548384,3,2,0,0.044,3.0,1,0
2023-05-24,554340,6,1,0,2.647005,6.0,4,0
2023-05-24,571510,20,6,2,6.166801683229814,20.0,11,1
2023-05-24,571539,3,0,0,0.543,3.0,3,0
2023-05-24,571710,4,0,2,2.134811,4.0,1,0
2023-05-24,571901,5,0,1,2.666103,5.0,4,1
2023-05-24,571927,24,2,2,9.425449724696357,24.0,20,0
2023-05-24,571946,4,2,0,0.10200000000000001,4.0,2,0
2023-05-24,571948,4,1,0,0.846,4.0,3,0
2023-05-24,572020,16,5,3,6.772624789473684,16.0,8,1
2023-05-24,573124,5,1,1,1.5229030000000001,5.0,3,0
2023-05-24,573186,27,3,2,7.872065750477689,27.0,22,2
2023-05-24,579328,25,5,2,9.801811882352942,24.0,18,2
2023-05-24,592094,5,0,1,4.155198454545455,5.0,4,1
2023-05-24,592254,5,4,0,0.911,5.0,1,0
2023-05-24,592741,5,1,0,2.604,5.0,4,0
2023-05-24,592779,5,1,1,2.1152578387096774,5.0,3,1
2023-05-24,592866,23,5,3,8.435862589277601,23.0,15,3
2023-05-24,594580,3,2,0,0.324,3.0,1,0
2023-05-24,594902,25,8,2,7.0212051640543365,25.0,15,2
2023-05-24,595345,3,2,0,0.007,3.0,1,0
2023-05-24,596112,1,1,0,0.0,1.0,0,0
2023-05-24,598286,4,1,0,0.365,4.0,3,0
2023-05-24,600917,4,0,1,1.622903,4.0,3,0
2023-05-24,601713,12,3,0,4.5457618618618625,12.0,9,3
2023-05-24,605218,4,1,0,1.42,4.0,3,0
2023-05-24,605288,20,3,1,5.8799030000000005,20.0,16,0
2023-05-24,606303,2,1,0,0.716,2.0,1,0
2023-05-24,606625,6,0,2,3.478948857142857,6.0,4,1
2023-05-24,606965,4,1,0,0.26,4.0,3,0
2023-05-24,607755,4,1,0,0.526,4.0,3,0
2023-05-24,608717,9,2,0,2.361,9.0,7,0
2023-05-24,614179,9,1,3,3.349756,8.0,5,1
2023-05-24,615698,19,2,3,7.507005875,19.0,14,1
2023-05-24,621057,3,0,0,1.1588571428571428,3.0,3,0
2023-05-24,621295,11,0,3,4.347709,11.0,8,0
2023-05-24,622098,6,1,1,3.667972858712716,6.0,4,2
2023-05-24,622772,5,1,1,2.378903,5.0,3,0
2023-05-24,623433,6,1,0,1.766,6.0,5,0
2023-05-24,624133,21,5,1,7.087303,21.0,15,1
2023-05-24,624647,3,0,0,1.699,3.0,3,0
2023-05-24,625643,4,1,0,1.521,4.0,3,0
2023-05-24,628452,5,1,1,1.378903,5.0,3,0
2023-05-24,628708,3,0,0,0.8303333333333331,3.0,3,0
2023-05-24,640448,3,1,0,0.018000000000000002,3.0,2,0
2023-05-24,640451,4,2,0,0.454,4.0,2,0
2023-05-24,641360,4,0,1,1.3259999999999998,2.0,2,1
2023-05-24,641401,7,3,3,2.1277090000000003,7.0,1,0
2023-05-24,641482,24,5,2,6.925661,24.0,17,1
2023-05-24,642048,4,1,0,1.6,4.0,3,0
2023-05-24,642100,3,1,0,0.199,3.0,2,0
2023-05-24,642239,3,0,0,0.174,3.0,3,0
2023-05-24,642585,4,2,1,1.095903,4.0,1,0
2023-05-24,643361,8,0,1,2.810403,8.0,7,0
2023-05-24,643410,3,1,0,0.28200000000000003,3.0,2,0
2023-05-24,643493,4,0,0,0.749,4.0,4,0
2023-05-24,645261,25,3,3,8.943343285714286,25.0,19,1
2023-05-24,650556,4,2,0,0.302,4.0,2,0
2023-05-24,650893,11,2,1,4.398308405405405,11.0,8,1
2023-05-24,656061,6,1,0,2.527,6.0,5,0
2023-05-24,656232,25,3,1,8.749662326152995,24.0,20,3
2023-05-24,656257,3,1,0,0.472,3.0,2,0
2023-05-24,656464,6,2,0,1.755,6.0,4,0
2023-05-24,656529,3,0,0,0.909,3.0,3,0
2023-05-24,656546,4,1,3,2.0877090000000003,4.0,0,0
2023-05-24,656629,23,9,1,3.618903,23.0,13,0
2023-05-24,656638,5,1,0,1.7470050000000001,5.0,3,1
2023-05-24,656945,3,3,0,0.0,3.0,0,0
2023-05-24,657031,6,1,0,3.2693954545454553,6.0,5,2
2023-05-24,657508,3,0,0,1.7400256410256416,3.0,3,1
2023-05-24,657746,25,4,2,6.908243944408533,25.0,19,0
2023-05-24,661395,3,2,0,0.096,3.0,1,0
2023-05-24,663556,25,7,0,4.875642857142857,25.0,18,0
2023-05-24,663558,5,3,1,0.7379030000000001,5.0,1,0
2023-05-24,663567,13,3,0,5.753892857142857,13.0,10,2
2023-05-24,663773,3,0,0,0.744,3.0,3,0
2023-05-24,663878,4,1,0,0.99,4.0,3,0
2023-05-24,664062,22,4,2,8.117366,22.0,16,2
2023-05-24,664126,4,1,0,0.8270000000000001,4.0,3,0
2023-05-24,664294,4,2,0,0.224,4.0,2,0
2023-05-24,664776,4,1,0,0.894,4.0,3,0
2023-05-24,666154,21,2,3,8.743081692307692,21.0,15,0
2023-05-24,666374,6,1,0,1.716,6.0,5,0
2023-05-24,668674,6,2,2,1.8748060000000002,6.0,2,0
2023-05-24,668678,24,3,2,8.446306,24.0,19,1
2023-05-24,669060,3,0,0,0.277,3.0,3,0
2023-05-24,669212,6,3,0,0.6569999999999999,6.0,3,0
2023-05-24,669330,22,8,2,8.411371873015874,22.0,12,3
2023-05-24,669424,3,2,0,0.8879428571428575,3.0,1,1
2023-05-24,669674,7,2,0,3.9459264705882346,7.0,5,2
2023-05-24,670059,5,1,1,0.964,4.0,3,0
2023-05-24,670912,27,5,2,8.620139333333334,27.0,20,1
2023-05-24,671345,6,1,0,1.8618333333333332,6.0,5,0
2023-05-24,672578,3,3,0,0.0,3.0,0,0
2023-05-24,673540,26,6,5,8.88956261904762,26.0,15,0
2023-05-24,674285,6,1,1,1.6299029999999999,6.0,4,0
2023-05-24,675916,3,2,0,0.003,3.0,1,0
2023-05-24,676254,6,4,0,0.29700000000000004,6.0,2,0
2023-05-24,676680,5,2,0,1.4909999999999999,5.0,3,0
2023-05-24,676684,4,2,0,0.925,4.0,2,0
2023-05-24,677960,26,4,2,6.256806,26.0,20,0
2023-05-24,680704,3,1,0,0.45699999999999996,3.0,2,0
2023-05-24,682243,22,6,1,4.917908,22.0,14,0
2023-05-24,686610,19,7,3,6.926709000000001,19.0,9,0
2023-05-24,687330,1,0,0,0.198,1.0,1,0
2023-05-24,693821,26,6,1,7.930262838709678,26.0,18,1
2023-05-25,453268,8,2,1,2.2919080000000003,7.0,3,0
2023-05-25,471911,27,4,2,6.741533272727273,27.0,21,1
2023-05-25,488984,8,2,1,1.712903,8.0,5,0
2023-05-25,489446,4,1,0,1.037,4.0,3,0
2023-05-25,493603,2,0,1,1.055903,2.0,1,0
2023-05-25,502043,25,3,4,7.605112,25.0,18,0
2023-05-25,518397,3,1,0,1.2956060606060606,3.0,2,1
2023-05-25,518617,4,1,1,2.384903,4.0,2,0
2023-05-25,527054,20,5,1,5.908708555555555,20.0,14,1
2023-05-25,542585,3,1,0,0.399,3.0,2,0
2023-05-25,543294,22,5,2,7.2912110000000006,22.0,14,1
2023-05-25,543507,7,2,0,1.4347894736842104,7.0,5,0
2023-05-25,571466,5,0,0,1.624,5.0,5,0
2023-05-25,571670,5,0,1,3.6929030000000003,5.0,4,1
2023-05-25,571945,26,5,0,7.094954545454546,26.0,21,1
2023-05-25,571948,3,1,0,0.401,3.0,2,0
2023-05-25,572403,4,1,2,1.398806,4.0,1,0
2023-05-25,572955,8,2,1,3.7729030000000003,8.0,5,2
2023-05-25,573124,4,3,0,0.062,4.0,1,0
2023-05-25,593974,4,1,2,1.579806,4.0,1,0
2023-05-25,596001,10,4,2,3.020403,9.0,4,1
2023-05-25,596133,24,6,1,6.4093391594202895,24.0,16,1
2023-05-25,598286,3,0,0,0.4,3.0,3,0
2023-05-25,600921,7,1,1,4.030403,7.0,5,1
2023-05-25,605154,8,1,0,1.927,8.0,7,1
2023-05-25,605280,3,1,0,0.778,3.0,2,0
2023-05-25,605400,28,7,2,11.778624181818182,28.0,19,3
2023-05-25,605483,24,6,4,8.938017,24.0,13,1
2023-05-25,606149,6,2,0,1.7409999999999999,6.0,4,0
2023-05-25,607259,7,0,0,1.336,6.0,6,0
2023-05-25,607481,7,0,0,3.7599005847953215,7.0,7,0
2023-05-25,607536,24,4,2,8.151931,24.0,18,0
2023-05-25,608337,22,4,7,11.45806174074074,22.0,11,1
2023-05-25,608371,9,2,2,2.063903,7.0,4,0
2023-05-25,608638,3,1,0,0.944,3.0,2,0
2023-05-25,608718,1,0,0,0.305,1.0,1,0
2023-05-25,621074,16,3,2,6.412751454545454,16.0,11,1
2023-05-25,621107,28,0,2,7.8764726666666665,28.0,26,0
2023-05-25,621345,5,1,0,1.123,5.0,4,0
2023-05-25,621363,3,0,1,0.801903,3.0,2,0
2023-05-25,622554,3,2,0,0.7478400000000002,3.0,1,1
2023-05-25,622772,3,1,0,0.596,3.0,2,0
2023-05-25,623149,3,2,0,0.012,3.0,1,0
2023-05-25,623211,5,0,3,2.1807090000000002,5.0,2,0
2023-05-25,623352,3,2,0,0.6251600000000002,3.0,1,1
2023-05-25,623433,3,2,0,0.0,2.0,0,0
2023-05-25,628452,3,1,0,0.091,3.0,2,0
2023-05-25,640448,4,2,0,1.064,4.0,2,1
2023-05-25,640451,6,2,0,3.0831694915254246,6.0,4,1
2023-05-25,640455,4,3,0,0.147,4.0,1,0
2023-05-25,641427,4,1,0,1.674,4.0,3,1
2023-05-25,641703,4,1,0,0.23500000000000001,4.0,3,0
2023-05-25,641835,3,2,0,0.5,3.0,1,0
2023-05-25,642397,7,1,1,3.231903,7.0,5,0
2023-05-25,643256,6,0,1,1.5969030000000002,6.0,5,0
2023-05-25,643511,3,1,0,0.089,3.0,2,0
2023-05-25,656061,3,0,0,1.0960588235294118,3.0,3,0
2023-05-25,656290,3,0,0,1.2089999999999999,3.0,3,1
2023-05-25,656412,21,10,0,4.28154,21.0,11,1
2023-05-25,656546,1,0,0,0.6,1.0,1,0
2023-05-25,656730,6,2,1,1.204903,6.0,3,0
2023-05-25,656945,4,2,2,1.391806,4.0,0,0
2023-05-25,657376,22,4,2,7.430975491525424,22.0,16,1
2023-05-25,657508,3,2,0,0.091,3.0,1,0
2023-05-25,657612,3,0,0,1.3239999999999998,3.0,3,0
2023-05-25,663623,18,4,4,6.216562454545454,18.0,9,1
2023-05-25,663658,4,0,1,0.9159030000000001,4.0,3,0
2023-05-25,663773,1,0,0,0.145,1.0,1,0
2023-05-25,663992,3,1,1,0.7069030000000001,3.0,1,0
2023-05-25,664875,4,2,1,0.7149030000000001,4.0,1,0
2023-05-25,665871,1,1,0,0.0,1.0,0,0
2023-05-25,666129,22,3,3,9.208334,22.0,16,1
2023-05-25,666168,4,0,1,0.917903,4.0,3,0
2023-05-25,666201,18,6,5,6.396015,18.0,7,0
2023-05-25,666619,4,3,0,0.131,4.0,1,0
2023-05-25,666974,5,1,1,1.8308503684210526,5.0,3,0
2023-05-25,668338,12,3,0,7.215821657027183,12.0,8,2
2023-05-25,669302,27,6,0,4.717169491525424,27.0,21,3
2023-05-25,669438,3,1,0,1.037,3.0,2,0
2023-05-25,670183,4,0,2,1.489903,3.0,2,0
2023-05-25,670950,9,3,0,1.077,9.0,6,0
2023-05-25,671345,3,1,0,0.235,3.0,2,0
2023-05-25,676534,4,0,1,2.479903,4.0,3,0
2023-05-25,676664,19,1,0,7.362075789473685,19.0,16,1
2023-05-25,676714,2,1,0,0.048,2.0,1,0
2023-05-25,676979,11,3,4,4.733617000000001,11.0,3,0
2023-05-25,677053,2,1,0,0.067,2.0,1,0
2023-05-25,689266,23,3,1,10.478922285714287,23.0,18,3
2023-05-26,445926,3,0,0,0.663,3.0,3,0
2023-05-26,453286,27,8,0,6.0089310344827584,27.0,19,2
2023-05-26,458681,27,5,5,8.33852,27.0,16,0
2023-05-26,476595,6,0,1,2.683903,6.0,5,0
2023-05-26,493603,2,1,0,0.162,2.0,1,0
2023-05-26,502085,4,1,0,2.8449999999999998,4.0,3,1
2023-05-26,518585,3,1,0,0.6876666666666666,3.0,2,0
2023-05-26,518617,1,1,0,0.0,1.0,0,0
2023-05-26,518886,4,0,1,1.1459030000000001,4.0,3,0
2023-05-26,519151,3,3,0,0.0,3.0,0,0
2023-05-26,519242,19,3,1,4.114903,19.0,15,0
2023-05-26,541640,3,0,0,1.8441206896551723,3.0,3,1
2023-05-26,543272,5,0,0,2.863483260869565,5.0,4,1
2023-05-26,543475,23,2,3,8.793802840579712,23.0,18,3
2023-05-26,543521,5,0,1,1.170903,5.0,4,0
2023-05-26,543901,13,3,0,4.0969999999999995,13.0,10,0
2023-05-26,548384,3,0,2,1.5588060000000001,3.0,1,0
2023-05-26,571539,10,2,1,3.485903,10.0,7,0
2023-05-26,571578,29,6,4,8.984543818181818,29.0,19,1
2023-05-26,571670,3,2,0,0.574,3.0,1,0
2023-05-26,592094,1,1,0,0.0,1.0,0,0
2023-05-26,592254,4,0,1,1.855903,4.0,3,0
2023-05-26,592332,25,8,5,9.02917221997301,25.0,12,2
2023-05-26,592351,25,8,1,6.1989030000000005,25.0,16,1
2023-05-26,592789,27,3,1,10.423442999999999,27.0,23,1
2023-05-26,592836,29,1,1,9.014580083333334,28.0,26,2
2023-05-26,593576,4,2,0,0.47400000000000003,4.0,2,0
2023-05-26,594580,4,1,0,0.282,4.0,3,0
2023-05-26,605218,6,1,1,1.954903,6.0,4,0
2023-05-26,605397,25,6,0,4.982,25.0,19,0
2023-05-26,605447,4,0,0,1.115,4.0,4,0
2023-05-26,607237,6,1,3,2.830709,6.0,2,0
2023-05-26,608638,3,0,0,0.243,3.0,3,0
2023-05-26,608717,6,3,0,0.256,6.0,3,0
2023-05-26,608723,15,1,2,4.732811,15.0,11,0
2023-05-26,614179,5,0,1,2.8934030000000006,5.0,4,1
2023-05-26,621016,9,2,1,3.218908,9.0,5,0
2023-05-26,621051,6,2,0,0.512,6.0,4,0
2023-05-26,621076,25,4,2,8.436206,25.0,18,0
2023-05-26,621249,3,1,0,1.16,3.0,2,0
2023-05-26,621295,5,0,0,1.7919999999999998,5.0,5,0
2023-05-26,621363,1,0,0,0.122,1.0,1,0
2023-05-26,621381,5,1,0,1.8358888888888891,5.0,4,1
2023-05-26,622072,24,5,5,5.934515,24.0,14,0
2023-05-26,622251,8,1,2,3.314806,8.0,5,0
2023-05-26,623167,7,1,0,2.42575,7.0,6,1
2023-05-26,623352,3,3,0,0.0,3.0,0,0
2023-05-26,625643,4,0,1,1.1979030000000002,4.0,3,0
2023-05-26,640470,1,0,0,0.065,1.0,1,0
2023-05-26,641302,11,1,0,5.142704007455732,11.0,9,3
2023-05-26,641729,4,0,2,1.801806,4.0,2,0
2023-05-26,641771,6,2,0,1.3279999999999998,6.0,4,0
2023-05-26,641835,3,1,1,0.821903,3.0,1,0
2023-05-26,641871,3,2,0,0.403,3.0,1,0
2023-05-26,641941,6,3,0,0.182,6.0,3,0
2023-05-26,642048,5,1,0,2.2022666666666666,4.0,4,1
2023-05-26,642546,3,1,0,1.295611111111111,3.0,2,1
2023-05-26,642547,18,4,1,6.769294027046783,18.0,13,2
2023-05-26,656222,9,2,1,2.8854414615384614,9.0,6,0
2023-05-26,656234,3,0,0,0.583,3.0,3,0
2023-05-26,656464,8,2,0,1.672,8.0,6,0
2023-05-26,656605,28,8,2,10.008069620689655,28.0,17,2
2023-05-26,656945,4,1,0,0.617,4.0,3,0
2023-05-26,657006,22,4,0,8.242908974358976,21.0,18,3
2023-05-26,657024,5,2,2,1.700806,5.0,1,0
2023-05-26,657097,8,3,0,1.9367333333333332,8.0,5,1
2023-05-26,657240,6,3,0,1.427,6.0,3,0
2023-05-26,657514,4,1,1,0.7359030000000001,4.0,2,0
2023-05-26,657756,23,2,2,8.558811,23.0,18,1
2023-05-26,660853,1,0,0,0.061,1.0,1,0
2023-05-26,661309,5,2,0,0.24600000000000002,5.0,3,0
2023-05-26,661403,5,2,0,2.114363636363637,5.0,3,2
2023-05-26,663629,18,5,0,8.19315892817598,18.0,13,3
2023-05-26,663630,6,0,0,2.651772727272727,6.0,6,1
2023-05-26,663773,4,0,0,3.3191035714285717,4.0,4,1
2023-05-26,663878,4,1,1,0.7559030000000001,4.0,2,0
2023-05-26,663941,11,2,0,3.4715000000000003,11.0,9,1
2023-05-26,663986,5,0,2,2.4014059999999997,5.0,3,0
2023-05-26,664126,3,1,0,0.495,3.0,2,0
2023-05-26,665625,10,4,0,1.5585,10.0,6,0
2023-05-26,665871,19,4,3,7.2726207647058825,19.0,12,1
2023-05-26,666200,21,7,1,5.941903,21.0,13,0
2023-05-26,666214,20,4,2,5.888806000000001,20.0,14,0
2023-05-26,666818,12,5,2,4.059806,12.0,5,0
2023-05-26,667463,7,2,0,2.25,7.0,5,0
2023-05-26,668674,3,1,0,0.5640000000000001,3.0,2,0
2023-05-26,668881,20,11,2,2.574806,20.0,7,0
2023-05-26,669424,4,0,1,2.086903,4.0,3,0
2023-05-26,669438,10,0,1,5.099626076923077,10.0,9,2
2023-05-26,669456,29,2,4,9.779612,28.0,22,0
2023-05-26,669461,23,2,2,8.815811,23.0,18,0
2023-05-26,669467,3,0,0,0.9550000000000001,3.0,3,0
2023-05-26,669923,24,4,1,9.314713990949532,24.0,19,3
2023-05-26,670097,6,0,0,3.1669473684210527,6.0,6,0
2023-05-26,670174,12,1,0,1.444,12.0,11,0
2023-05-26,670712,3,0,0,0.487,3.0,3,0
2023-05-26,670990,7,2,1,1.303903,7.0,4,0
2023-05-26,672282,27,5,2,11.147506,26.0,19,1
2023-05-26,672335,4,0,0,0.9456666666666667,4.0,4,0
2023-05-26,672730,7,0,0,3.8662,7.0,7,1
2023-05-26,674285,8,0,0,3.745,8.0,8,0
2023-05-26,676534,5,1,2,2.197806,5.0,2,0
2023-05-26,676760,6,1,1,5.180241333333334,6.0,3,2
2023-05-26,677053,2,0,1,0.795903,2.0,1,0
2023-05-26,677865,11,0,1,5.479925857142858,11.0,9,1
2023-05-26,680570,20,6,3,10.447721659486328,20.0,11,4
2023-05-26,681190,23,6,3,9.238769000000001,23.0,12,1
2023-05-26,681867,17,4,3,5.838709000000001,17.0,10,0
2023-05-26,686613,26,10,1,6.28717590448343,26.0,15,2
2023-05-26,686973,25,3,0,11.01633225108225,25.0,22,3
2023-05-26,687330,4,0,0,1.664005,4.0,3,0
2023-05-26,694297,19,4,0,7.430428571428572,19.0,15,2
2023-05-26,694363,23,5,3,7.645155532059594,23.0,15,2
2023-05-26,696147,11,4,2,5.033806,11.0,5,0
2023-05-27,434378,25,2,1,9.167658555555555,25.0,22,2
2023-05-27,445276,3,1,0,0.033,3.0,2,0
2023-05-27,445926,3,3,0,0.0,3.0,0,0
2023-05-27,450203,27,9,4,8.469709,26.0,14,0
2023-05-27,455119,2,0,0,0.243,2.0,2,0
2023-05-27,477132,23,6,2,7.318446756302521,23.0,15,1
2023-05-27,489446,4,1,1,2.1049508260869567,4.0,2,1
2023-05-27,502624,20,4,1,6.8007628387096775,20.0,14,1
2023-05-27,518617,3,1,0,0.311,3.0,2,0
2023-05-27,518886,4,2,0,0.9427777777777776,4.0,2,1
2023-05-27,519151,3,2,0,0.284,3.0,1,0
2023-05-27,519293,6,1,1,4.259435976827094,6.0,4,2
2023-05-27,523260,5,0,0,3.6938578571428584,5.0,5,3
2023-05-27,542914,6,2,0,1.124,6.0,4,0
2023-05-27,543507,4,0,1,1.2869030000000001,4.0,3,0
2023-05-27,543518,7,5,1,1.238903,7.0,1,0
2023-05-27,547179,23,4,1,4.529403,23.0,18,0
2023-05-27,554340,5,3,0,2.0422968749999995,5.0,2,1
2023-05-27,554430,29,12,1,6.469380766884532,29.0,15,1
2023-05-27,571656,4,0,1,2.670303000000001,4.0,3,1
2023-05-27,571670,4,1,0,0.9,4.0,3,0
2023-05-27,571710,3,0,0,1.517,3.0,3,0
2023-05-27,571760,24,3,1,9.377274723259761,24.0,19,2
2023-05-27,572955,3,0,0,0.254,3.0,3,0
2023-05-27,592741,3,1,0,0.08,3.0,2,0
2023-05-27,592779,4,1,0,0.676,4.0,3,0
2023-05-27,592791,20,5,1,6.022509060606061,20.0,14,1
2023-05-27,592826,14,3,1,5.309903,14.0,10,0
2023-05-27,593576,2,0,0,0.759,1.0,1,0
2023-05-27,593974,5,0,1,1.890903,5.0,4,0
2023-05-27,595345,5,1,0,1.901392857142857,5.0,4,1
2023-05-27,598264,3,1,1,1.263903,3.0,1,0
2023-05-27,605130,3,1,0,0.076,3.0,2,0
2023-05-27,605135,24,5,2,10.847007029258098,24.0,16,3
2023-05-27,605200,17,3,2,4.004806,16.0,11,0
2023-05-27,605218,5,1,1,1.733903,5.0,3,0
2023-05-27,605242,5,2,2,2.925206,5.0,1,1
2023-05-27,605280,3,1,0,0.245,3.0,2,0
2023-05-27,605347,4,0,0,3.178763620689655,4.0,3,1
2023-05-27,606149,3,0,0,0.15500000000000003,3.0,3,0
2023-05-27,606965,3,3,0,0.0,3.0,0,0
2023-05-27,607192,19,8,1,8.220358952380952,19.0,10,3
2023-05-27,607259,9,1,1,3.943935483870968,8.0,7,1
2023-05-27,607481,2,0,0,0.23199999999999998,2.0,2,0
2023-05-27,608032,3,3,0,0.0,3.0,0,0
2023-05-27,608379,25,4,0,7.508111111111111,24.0,20,2
2023-05-27,608678,4,0,0,0.645,4.0,4,0
2023-05-27,608718,6,0,0,3.254,6.0,6,0
2023-05-27,612434,3,0,0,0.496,3.0,3,0
2023-05-27,613534,2,1,0,0.087,2.0,1,0
2023-05-27,621345,3,1,0,1.0470000000000002,3.0,2,0
2023-05-27,621363,6,1,0,1.9539473684210527,6.0,5,0
2023-05-27,622065,3,1,0,0.431,3.0,2,0
2023-05-27,622075,3,0,0,1.041,3.0,3,0
2023-05-27,622098,5,0,1,1.702903,5.0,4,0
2023-05-27,622491,22,10,2,4.054811,22.0,9,0
2023-05-27,622663,25,5,3,5.902609,25.0,17,2
2023-05-27,623211,4,0,2,2.483729076923077,4.0,2,1
2023-05-27,623437,4,3,1,0.695903,4.0,0,0
2023-05-27,623465,5,1,0,1.209,5.0,4,0
2023-05-27,640448,4,2,0,0.999,4.0,2,0
2023-05-27,640451,4,2,1,1.929391888888889,4.0,1,1
2023-05-27,641154,24,6,3,8.72640384126984,24.0,15,1
2023-05-27,641329,4,0,0,2.021,4.0,4,0
2023-05-27,641627,3,2,0,0.045,3.0,1,0
2023-05-27,641729,4,1,0,1.022,4.0,3,0
2023-05-27,642100,3,1,0,0.381,3.0,2,0
2023-05-27,642239,3,1,0,0.159,3.0,2,0
2023-05-27,642545,7,1,2,1.516388888888889,5.0,4,0
2023-05-27,643256,6,1,0,2.7463833333333336,6.0,5,1
2023-05-27,643410,3,1,0,0.773,3.0,2,0
2023-05-27,643493,7,1,0,2.823280487804878,7.0,6,1
2023-05-27,643511,4,1,0,0.879005,4.0,2,0
2023-05-27,650556,5,1,1,1.519908,5.0,2,0
2023-05-27,650633,5,2,1,1.545903,5.0,2,0
2023-05-27,656234,7,2,1,3.648903,7.0,4,1
2023-05-27,656257,6,2,0,2.958005,6.0,3,1
2023-05-27,656271,3,0,0,1.267,3.0,3,0
2023-05-27,656427,29,4,1,7.220319666666667,29.0,24,0
2023-05-27,656529,6,2,0,0.686,6.0,4,0
2023-05-27,656730,3,3,0,0.0,3.0,0,0
2023-05-27,657031,4,0,1,1.7994744285714286,4.0,3,1
2023-05-27,657240,3,2,0,0.739,3.0,1,0
2023-05-27,657265,5,1,0,2.7604,5.0,4,1
2023-05-27,657277,26,11,1,5.484903,26.0,14,0
2023-05-27,657571,5,1,1,2.588903,5.0,3,0
2023-05-27,660261,3,1,0,0.10600000000000001,3.0,2,0
2023-05-27,660271,26,10,3,6.353709,26.0,13,0
2023-05-27,660813,3,1,0,0.334,3.0,2,0
2023-05-27,660853,3,0,0,0.412,3.0,3,0
2023-05-27,661395,4,2,0,0.256,4.0,2,0
2023-05-27,663558,4,1,0,1.3295555555555554,4.0,3,1
2023-05-27,663687,16,5,1,4.302214355311356,16.0,10,1
2023-05-27,663773,4,0,0,1.114,4.0,4,0
2023-05-27,663903,23,6,3,8.231366173913043,23.0,13,1
2023-05-27,663992,3,1,0,0.622,3.0,2,0
2023-05-27,664139,5,0,1,2.7408458571428573,5.0,4,1
2023-05-27,664199,4,0,1,1.8441203913043478,4.0,3,1
2023-05-27,664208,3,0,0,0.28600000000000003,3.0,3,0
2023-05-27,664285,25,5,3,9.63810020879121,24.0,17,2
2023-05-27,664294,5,2,0,0.785,5.0,3,0
2023-05-27,664747,5,2,0,1.311005,4.0,1,0
2023-05-27,664854,4,1,0,0.128,4.0,3,0
2023-05-27,664875,5,2,0,0.7999999999999999,5.0,3,0
2023-05-27,665001,8,3,1,3.655159847230675,8.0,4,2
2023-05-27,665152,26,5,2,8.831306,26.0,19,1
2023-05-27,665795,25,5,4,7.575444272727273,25.0,15,1
2023-05-27,666168,6,1,0,2.236,6.0,5,0
2023-05-27,666374,1,1,0,0.0,1.0,0,0
2023-05-27,666619,6,0,2,1.979806,6.0,4,0
2023-05-27,666808,4,1,0,1.397,4.0,3,0
2023-05-27,669093,5,0,0,3.0176935483870966,5.0,5,1
2023-05-27,669203,28,8,3,7.79216845945946,28.0,17,1
2023-05-27,669211,6,0,0,2.1325384615384615,6.0,6,0
2023-05-27,669424,6,0,0,4.635693236714976,6.0,6,3
2023-05-27,669459,3,1,1,0.695903,2.0,1,0
2023-05-27,669467,4,1,1,1.2909030000000001,4.0,2,0
2023-05-27,669796,11,2,0,2.8802222222222222,11.0,9,0
2023-05-27,669947,20,3,2,6.308361555555556,20.0,15,1
2023-05-27,670183,4,0,1,1.32492,3.0,3,1
2023-05-27,670280,3,1,0,0.292,3.0,2,0
2023-05-27,671345,3,1,0,1.0154761904761904,3.0,2,1
2023-05-27,672578,7,2,0,2.587892857142857,7.0,5,1
2023-05-27,674072,5,0,0,1.102,5.0,5,0
2023-05-27,675916,3,0,3,2.0877090000000003,3.0,0,0
2023-05-27,676440,21,9,1,2.591291888888889,21.0,11,0
2023-05-27,676477,18,4,0,5.003176470588235,18.0,14,1
2023-05-27,676684,3,1,0,0.192,3.0,2,0
2023-05-27,676710,7,3,0,0.747,7.0,4,0
2023-05-27,676714,5,1,0,1.513105,5.0,3,0
2023-05-27,680686,19,4,3,8.604067528428093,19.0,12,2
2023-05-27,680704,4,1,1,0.897903,4.0,2,0
2023-05-27,681217,7,0,4,4.31683841509434,7.0,3,1
2023-05-27,682227,22,3,3,9.914227633540373,22.0,16,3
2023-05-27,687330,3,1,1,0.698903,3.0,1,0
2023-05-28,453268,5,1,1,2.2242255806451614,5.0,3,1
2023-05-28,488984,3,1,0,0.714,3.0,2,0
2023-05-28,502171,24,5,4,10.140517000000001,24.0,14,1
2023-05-28,506433,15,2,0,6.28904,15.0,13,2
2023-05-28,518876,25,10,2,6.354806,25.0,13,0
2023-05-28,523260,4,2,0,0.598,4.0,2,0
2023-05-28,542585,4,0,0,0.996,4.0,4,0
2023-05-28,543037,24,9,3,7.849558677419354,24.0,12,2
2023-05-28,543056,1,0,0,0.3965999999999999,1.0,1,0
2023-05-28,543521,6,0,1,4.7077029999999995,6.0,5,2
2023-05-28,547973,6,1,1,1.589903,6.0,4,0
2023-05-28,548384,1,1,0,0.0,1.0,0,0
2023-05-28,570257,4,1,0,0.6639999999999999,4.0,3,0
2023-05-28,571901,4,1,0,0.825,4.0,3,0
2023-05-28,571946,4,1,1,1.7669030000000001,4.0,2,0
2023-05-28,572403,4,1,1,0.768,3.0,2,0
2023-05-28,592094,7,4,1,0.7269030000000001,7.0,2,0
2023-05-28,592229,9,0,0,5.772817142857143,9.0,9,3
2023-05-28,592254,7,1,1,2.0359030000000002,7.0,5,0
2023-05-28,592767,22,2,2,7.3938060000000005,22.0,18,0
2023-05-28,592773,3,1,0,0.765,3.0,2,0
2023-05-28,593619,3,0,0,0.414,3.0,3,0
2023-05-28,593958,24,6,2,7.668715090909091,24.0,16,1
2023-05-28,594835,23,4,3,7.825926391304348,23.0,16,1
2023-05-28,595345,3,1,1,0.7489030000000001,3.0,1,0
2023-05-28,596112,4,1,1,1.7796666666666667,3.0,2,1
2023-05-28,596295,21,3,3,10.770616407407408,21.0,15,2
2023-05-28,598264,2,1,1,0.695903,2.0,0,0
2023-05-28,601713,11,3,0,2.4924166666666667,11.0,8,0
2023-05-28,605130,4,1,1,1.3329030000000002,4.0,2,0
2023-05-28,605177,4,1,1,1.570903,4.0,2,0
2023-05-28,605242,4,0,1,1.094903,4.0,3,0
2023-05-28,605280,5,0,2,1.688806,5.0,3,0
2023-05-28,605446,8,1,1,1.9279030000000001,8.0,6,0
2023-05-28,605447,4,3,0,0.361,4.0,1,0
2023-05-28,606160,4,1,1,1.121903,4.0,2,0
2023-05-28,606303,4,1,0,2.02305,4.0,3,0
2023-05-28,607067,24,6,0,6.997685035650623,23.0,17,1
2023-05-28,607755,10,2,0,3.570605,10.0,7,1
2023-05-28,608371,6,1,2,1.778806,6.0,3,0
2023-05-28,608638,5,0,1,2.810903,5.0,4,0
2023-05-28,608665,3,0,0,0.501,3.0,3,0
2023-05-28,608678,3,3,0,0.0,3.0,0,0
2023-05-28,612434,4,2,0,0.353,4.0,2,0
2023-05-28,614179,2,0,1,1.196403,2.0,1,0
2023-05-28,621016,3,1,0,0.648,3.0,2,0
2023-05-28,621074,10,1,1,3.313903,10.0,8,0
2023-05-28,621244,23,5,5,6.444515,23.0,13,0
2023-05-28,621381,5,0,0,2.293,5.0,5,0
2023-05-28,622075,3,3,0,0.0,3.0,0,0
2023-05-28,622250,3,2,0,0.248,3.0,1,0
2023-05-28,622251,3,1,0,0.969,3.0,2,0
2023-05-28,622772,4,2,0,0.8520000000000001,4.0,2,0
2023-05-28,623149,3,2,1,0.695903,3.0,0,0
2023-05-28,623437,3,1,0,0.727,3.0,2,0
2023-05-28,624647,4,0,0,0.5569999999999999,4.0,4,0
2023-05-28,625643,3,0,1,2.2226926406926397,2.0,2,2
2023-05-28,628708,7,1,0,2.4382272727272727,7.0,6,0
2023-05-28,641360,11,4,2,4.825361555555555,11.0,5,1
2023-05-28,641401,6,0,0,3.3850000000000002,6.0,6,1
2023-05-28,641627,4,0,1,1.406903,4.0,3,0
2023-05-28,641703,9,3,0,3.274282051282051,9.0,6,1
2023-05-28,641771,9,2,0,4.598,9.0,7,1
2023-05-28,641871,4,1,0,0.85,4.0,3,0
2023-05-28,641927,19,7,1,4.308522718309859,19.0,11,1
2023-05-28,641941,1,0,0,0.726005,1.0,0,0
2023-05-28,642048,5,3,1,0.601,4.0,1,0
2023-05-28,642100,3,1,0,0.187,3.0,2,0
2023-05-28,642207,5,3,1,0.8919030000000001,5.0,1,0
2023-05-28,642585,3,3,0,0.0,3.0,0,0
2023-05-28,643361,5,1,0,3.177545454545455,5.0,4,1
2023-05-28,643377,3,1,0,0.27,3.0,2,0
2023-05-28,650893,1,0,0,0.062,1.0,1,0
2023-05-28,656222,5,2,1,1.3869030000000002,5.0,2,0
2023-05-28,656257,3,1,0,0.14500000000000002,3.0,2,0
2023-05-28,656290,9,3,0,2.3190256410256413,9.0,6,1
2023-05-28,656302,20,8,4,7.209188923076924,20.0,8,1
2023-05-28,656546,9,1,0,2.9968333333333335,8.0,7,0
2023-05-28,656557,18,4,0,6.888209677419354,18.0,14,1
2023-05-28,656638,3,2,0,0.502,3.0,1,0
2023-05-28,656731,24,3,2,8.815972666666667,24.0,19,0
2023-05-28,656756,22,3,1,7.776956215077606,22.0,18,2
2023-05-28,656786,6,1,1,2.5979080000000003,6.0,3,0
2023-05-28,656945,5,3,1,0.036,4.0,1,0
2023-05-28,657024,4,3,0,1.8400571428571428,4.0,1,1
2023-05-28,657097,7,4,0,1.373505,7.0,2,0
2023-05-28,657265,3,1,0,1.4379310344827587,3.0,2,1
2023-05-28,660813,5,1,0,0.753,5.0,4,0
2023-05-28,663485,4,0,0,1.522714285714286,4.0,4,0
2023-05-28,663567,13,1,2,5.933180308300396,13.0,10,1
2023-05-28,663738,24,6,3,7.120125666666667,24.0,15,0
2023-05-28,663776,26,2,2,8.713206678929765,25.0,22,1
2023-05-28,663855,7,2,0,0.622,7.0,5,0
2023-05-28,663941,9,4,0,0.657,9.0,5,0
2023-05-28,663947,7,1,1,3.4714484545454543,7.0,5,1
2023-05-28,664139,3,0,0,0.43200000000000005,3.0,3,0
2023-05-28,664208,3,1,0,0.881,3.0,2,0
2023-05-28,664299,20,3,3,8.311932620689655,20.0,14,2
2023-05-28,664747,4,3,0,0.083,4.0,1,0
2023-05-28,664854,5,0,2,2.249806,5.0,3,0
2023-05-28,664875,6,0,1,3.216992285714286,6.0,5,1
2023-05-28,665622,24,5,3,7.772822541666667,24.0,16,1
2023-05-28,666142,6,1,2,2.519806,6.0,3,0
2023-05-28,666374,1,1,0,0.0,1.0,0,0
2023-05-28,666974,6,1,0,2.4779999999999998,6.0,5,1
2023-05-28,667463,1,0,0,0.04,1.0,1,0
2023-05-28,668665,8,0,1,5.723328653594772,8.0,7,2
2023-05-28,668933,22,6,3,8.815424,22.0,13,3
2023-05-28,669022,25,11,1,6.395192393939395,25.0,13,2
2023-05-28,669093,3,0,2,1.9818060000000002,3.0,1,0
2023-05-28,669212,5,0,0,2.027,5.0,5,0
2023-05-28,669459,4,2,0,1.9558888888888892,4.0,2,1
2023-05-28,669618,3,0,0,0.449,3.0,3,0
2023-05-28,669674,7,1,0,2.810363888888889,7.0,6,1
2023-05-28,670059,3,2,0,0.012,3.0,1,0
2023-05-28,670183,7,0,0,4.683744898989899,7.0,6,2
2023-05-28,670280,3,1,0,0.9845599999999999,3.0,2,0
2023-05-28,670950,4,3,1,0.695903,4.0,0,0
2023-05-28,672710,7,1,0,2.3375714285714286,7.0,6,1
2023-05-28,674003,20,5,1,4.776628,20.0,14,1
2023-05-28,675540,11,0,0,5.414753846153846,11.0,11,2
2023-05-28,675911,21,9,1,4.463307306220096,21.0,11,2
2023-05-28,676254,3,1,0,0.145,3.0,2,0
2023-05-28,676596,32,3,2,18.214597692625247,31.0,27,6
2023-05-28,676684,4,1,1,1.275903,4.0,2,0
2023-05-28,676714,6,2,1,3.1519352580645164,6.0,3,1
2023-05-28,676760,4,1,0,1.137005,4.0,2,0
2023-05-28,676979,9,0,3,3.520709,9.0,6,0
2023-05-28,677053,3,1,0,0.591,3.0,2,0
2023-05-28,680694,23,4,1,8.421506174603175,23.0,18,1
2023-05-28,682847,24,6,4,7.944878666666667,24.0,14,4
2023-05-28,683769,21,3,2,10.714661017373931,21.0,15,5
2023-05-28,686610,4,2,0,1.682727272727273,4.0,2,1
2023-05-28,691587,20,3,4,5.272112,20.0,13,0
2023-05-28,694813,16,3,0,6.919,16.0,13,0
2023-05-29,425794,26,6,2,8.494406,25.0,18,3
2023-05-29,448179,28,3,1,9.022343487804878,28.0,24,2
2023-05-29,476595,6,1,1,3.161908,6.0,3,0
2023-05-29,489446,3,1,0,0.827005,3.0,1,0
2023-05-29,519151,6,2,1,2.181903,6.0,3,0
2023-05-29,521230,7,0,1,2.754903,7.0,6,0
2023-05-29,541640,3,0,0,0.192,3.0,3,0
2023-05-29,543101,27,2,0,9.2683881773399,27.0,25,2
2023-05-29,543135,21,4,3,6.696709,21.0,14,0
2023-05-29,543243,24,3,3,8.58179345945946,24.0,18,2
2023-05-29,543272,5,2,1,2.2089030000000003,5.0,2,0
2023-05-29,543507,4,0,0,1.26905,4.0,4,0
2023-05-29,571510,26,5,4,9.622527789473684,26.0,17,1
2023-05-29,571539,10,0,0,1.871,10.0,10,0
2023-05-29,571710,3,0,1,1.453903,3.0,2,0
2023-05-29,571927,12,4,0,3.5982023076923078,12.0,6,1
2023-05-29,571946,5,0,1,2.730236333333333,5.0,4,1
2023-05-29,572008,6,0,0,2.134,6.0,6,0
2023-05-29,572403,8,1,1,4.573569666666668,8.0,6,2
2023-05-29,573124,3,1,0,0.11,3.0,2,0
2023-05-29,573186,29,8,1,5.838750105263158,29.0,19,1
2023-05-29,592779,5,2,0,2.3426315789473686,5.0,3,1
2023-05-29,592866,24,3,3,9.017197888888889,24.0,18,1
2023-05-29,593334,29,4,3,11.437814,29.0,21,2
2023-05-29,593576,4,2,0,1.1063541666666667,4.0,2,1
2023-05-29,594577,20,3,0,5.0774,20.0,17,0
2023-05-29,600917,3,0,1,1.055903,3.0,2,0
2023-05-29,605177,1,1,0,0.0,1.0,0,0
2023-05-29,605347,3,0,0,1.308005,3.0,2,0
2023-05-29,606965,3,0,0,1.6360000000000001,3.0,3,0
2023-05-29,607237,3,2,0,0.254,3.0,1,0
2023-05-29,607481,4,3,1,0.695903,4.0,0,0
2023-05-29,608032,6,0,1,3.6494318095238096,6.0,4,1
2023-05-29,608717,2,1,0,0.183,2.0,1,0
2023-05-29,621112,18,6,2,5.227056,18.0,10,1
2023-05-29,622251,3,2,0,1.2666315789473683,3.0,1,1
2023-05-29,623167,11,2,2,3.4528060000000003,11.0,7,0
2023-05-29,624647,3,0,0,1.495,3.0,3,0
2023-05-29,641302,3,1,0,0.767,3.0,2,0
2023-05-29,641585,28,8,3,7.935176391304348,27.0,16,1
2023-05-29,641729,3,1,1,0.7099030000000001,3.0,1,0
2023-05-29,641871,4,3,1,0.695903,4.0,0,0
2023-05-29,642239,4,0,1,2.5282030000000004,4.0,3,1
2023-05-29,642546,8,1,1,2.203903,8.0,6,0
2023-05-29,647336,26,3,2,7.461101714285714,26.0,19,0
2023-05-29,650556,6,3,1,3.268403,6.0,2,1
2023-05-29,656061,7,3,1,2.2183084054054056,7.0,3,1
2023-05-29,656271,3,0,0,1.31,3.0,3,0
2023-05-29,656288,23,9,0,6.389971428571429,23.0,14,2
2023-05-29,656629,23,10,2,9.001408628205128,23.0,9,3
2023-05-29,657508,3,1,0,0.761,3.0,2,0
2023-05-29,660261,4,1,0,2.9055714285714287,4.0,3,2
2023-05-29,660853,3,1,0,0.6323999999999999,3.0,2,0
2023-05-29,661395,7,3,0,1.499111111111111,7.0,4,1
2023-05-29,661527,4,0,0,1.341,4.0,4,0
2023-05-29,663658,6,2,0,0.36,6.0,4,0
2023-05-29,663986,5,1,0,1.671,5.0,4,0
2023-05-29,664199,3,0,0,0.063,3.0,3,0
2023-05-29,665001,1,1,0,0.0,1.0,0,0
2023-05-29,666154,22,1,2,10.152642925287356,22.0,19,2
2023-05-29,666619,5,0,0,0.242,5.0,5,0
2023-05-29,668674,9,4,0,0.647,9.0,5,0
2023-05-29,669194,24,1,3,9.707042333333334,24.0,20,2
2023-05-29,669211,3,1,0,1.02,3.0,2,0
2023-05-29,669330,23,7,0,3.517,23.0,16,0
2023-05-29,669438,10,1,0,4.007833333333333,10.0,9,0
2023-05-29,671106,26,10,2,4.775806,26.0,14,0
2023-05-29,671737,21,8,1,3.9560082631578948,21.0,12,0
2023-05-29,672335,5,0,0,1.05,5.0,5,0
2023-05-29,672730,10,1,0,2.9468225806451613,10.0,9,1
2023-05-29,675989,9,0,2,6.603073857142858,9.0,7,2
2023-05-29,676272,22,4,1,5.0446029999999995,22.0,17,1
2023-05-29,676760,2,2,0,0.0,2.0,0,0
2023-05-29,677865,4,0,0,1.126,4.0,4,0
2023-05-29,682243,25,3,0,11.422722671194114,25.0,21,2
2023-05-29,686747,7,2,1,1.613903,7.0,4,0
2023-05-29,686753,17,6,1,4.460458555555555,17.0,10,1
2023-05-29,689172,4,0,0,2.72884,4.0,4,1
2023-05-29,690829,4,2,0,0.457,4.0,2,0
2023-05-30,425844,18,6,1,3.847153,18.0,11,0
2023-05-30,453268,4,0,0,0.8960588235294117,4.0,4,0
2023-05-30,493603,3,1,1,0.951903,3.0,1,0
2023-05-30,502043,24,3,1,7.286975681704261,24.0,20,1
2023-05-30,502085,3,1,0,0.995,3.0,2,0
2023-05-30,518397,4,1,0,0.737,4.0,3,0
2023-05-30,518585,7,1,0,3.939628787878788,7.0,6,1
2023-05-30,518617,2,0,1,0.7419030000000001,2.0,1,0
2023-05-30,519293,3,1,0,0.369,3.0,2,0
2023-05-30,527048,25,3,4,13.384362952380952,25.0,18,4
2023-05-30,542585,4,1,0,1.535,4.0,3,0
2023-05-30,542881,20,3,2,6.246260545454546,18.0,14,0
2023-05-30,543056,4,0,1,1.620903,4.0,3,0
2023-05-30,543294,22,3,3,9.581785923076923,22.0,16,1
2023-05-30,543518,8,4,1,1.812903,8.0,3,0
2023-05-30,543901,7,1,0,1.5592,7.0,6,1
2023-05-30,547973,4,1,1,1.531903,4.0,2,0
2023-05-30,554340,4,0,0,1.796005,4.0,3,0
2023-05-30,570257,7,1,3,4.250153444444444,7.0,3,1
2023-05-30,571656,3,0,0,1.689,3.0,3,0
2023-05-30,571670,5,0,2,1.687903,4.0,3,0
2023-05-30,571901,4,1,0,1.6415599999999997,4.0,3,0
2023-05-30,571945,28,10,1,7.285898476190476,28.0,16,2
2023-05-30,571948,3,1,0,0.39,3.0,2,0
2023-05-30,573124,3,3,0,0.0,3.0,0,0
2023-05-30,579328,22,4,5,9.095597051282052,22.0,13,1
2023-05-30,592773,5,1,1,2.079903,5.0,3,0
2023-05-30,593619,6,0,3,2.367709,6.0,3,0
2023-05-30,594580,3,2,0,0.426,3.0,1,0
2023-05-30,594902,22,6,2,7.0680332727272726,22.0,14,1
2023-05-30,595411,10,2,0,2.8569310344827588,10.0,8,1
2023-05-30,596001,5,3,1,0.7509030000000001,5.0,1,0
2023-05-30,600921,9,0,1,4.480441461538461,9.0,8,1
2023-05-30,605154,3,1,0,1.6000399999999995,3.0,2,1
2023-05-30,605288,27,3,3,8.537709,27.0,21,0
2023-05-30,606149,5,1,0,1.4368400000000001,5.0,4,1
2023-05-30,606160,4,1,0,0.9380000000000001,4.0,3,0
2023-05-30,607259,4,0,1,1.372903,3.0,3,0
2023-05-30,607481,3,1,0,0.6920000000000001,3.0,2,0
2023-05-30,607536,25,1,3,12.623164654761904,25.0,21,4
2023-05-30,608337,21,5,2,9.615954325358851,21.0,14,3
2023-05-30,608638,3,0,1,1.079903,3.0,2,0
2023-05-30,608665,6,3,1,1.427908,6.0,1,0
2023-05-30,615698,23,3,2,10.788538272727273,23.0,17,1
2023-05-30,621016,3,0,0,0.775,3.0,3,0
2023-05-30,621051,4,0,1,0.8849030000000001,4.0,3,0
2023-05-30,621057,10,2,1,3.8812467499999994,10.0,7,1
2023-05-30,621295,1,0,0,0.05,1.0,1,0
2023-05-30,621345,1,1,0,0.0,1.0,0,0
2023-05-30,622065,1,0,0,0.685,1.0,1,0
2023-05-30,623465,4,1,0,0.962,4.0,3,0
2023-05-30,624133,26,4,2,9.791270646464646,25.0,20,2
2023-05-30,625643,6,4,0,0.737,6.0,2,0
2023-05-30,628452,5,1,3,2.170709,5.0,1,0
2023-05-30,628708,4,2,1,1.2984682173913042,4.0,1,0
2023-05-30,640455,15,3,0,5.439,15.0,12,0
2023-05-30,640470,6,4,0,0.176,6.0,2,0
2023-05-30,641329,3,1,1,1.1289030000000002,3.0,1,0
2023-05-30,641401,2,0,0,1.139,2.0,2,1
2023-05-30,641482,24,6,3,7.610423285714286,24.0,15,1
2023-05-30,641627,3,2,0,0.23,3.0,1,0
2023-05-30,641703,4,2,0,0.561,4.0,2,0
2023-05-30,641835,1,0,0,0.056,1.0,1,0
2023-05-30,642048,4,0,1,1.211903,3.0,2,0
2023-05-30,642585,3,1,0,0.738,3.0,2,0
2023-05-30,643256,4,0,1,1.779908,4.0,2,0
2023-05-30,643377,3,0,0,0.423,3.0,3,0
2023-05-30,643410,3,0,0,0.25,3.0,3,0
2023-05-30,643493,5,1,0,1.6189999999999998,5.0,4,0
2023-05-30,645261,29,3,5,9.417324523809524,29.0,21,0
2023-05-30,650633,9,3,1,2.342903,9.0,5,0
2023-05-30,656232,23,6,3,6.6097090000000005,22.0,13,0
2023-05-30,656412,21,4,1,6.340903,21.0,16,0
2023-05-30,656464,5,1,0,3.017714285714286,5.0,4,1
2023-05-30,656529,5,0,1,1.646903,5.0,4,0
2023-05-30,656945,4,3,0,0.73,4.0,1,0
2023-05-30,657240,4,0,0,1.5740833333333333,4.0,4,0
2023-05-30,657612,3,1,0,0.761,3.0,2,0
2023-05-30,657746,19,6,3,6.189881727272728,19.0,10,1
2023-05-30,660261,1,0,0,0.0,1.0,1,0
2023-05-30,661403,4,1,0,1.2485384615384614,4.0,3,0
2023-05-30,663485,10,4,2,2.2188060000000003,10.0,4,0
2023-05-30,663556,24,7,2,8.521713986111111,24.0,15,4
2023-05-30,663558,1,0,0,0.384,1.0,1,0
2023-05-30,663623,24,3,1,7.542384060606061,24.0,20,1
2023-05-30,663773,4,1,0,0.685,4.0,3,0
2023-05-30,663878,6,4,0,0.346,6.0,2,0
2023-05-30,663947,10,1,2,4.994863142857143,10.0,7,1
2023-05-30,663971,3,0,0,0.932,3.0,3,0
2023-05-30,664062,24,2,2,12.104812306869231,24.0,19,3
2023-05-30,664208,5,4,1,0.695903,5.0,0,0
2023-05-30,664294,5,1,1,1.844903,5.0,3,0
2023-05-30,664747,3,1,0,1.067,3.0,2,0
2023-05-30,664776,4,0,1,2.370125222222222,4.0,3,0
2023-05-30,665001,4,0,1,2.114903,4.0,3,0
2023-05-30,666142,2,1,0,0.189,2.0,1,0
2023-05-30,666168,6,0,0,3.014914090909091,6.0,5,1
2023-05-30,666974,5,0,0,1.532,5.0,5,0
2023-05-30,668678,24,7,2,8.754617965811965,24.0,15,1
2023-05-30,668754,10,0,1,2.118,9.0,9,0
2023-05-30,669060,6,0,0,1.169,6.0,6,0
2023-05-30,669212,2,2,0,0.0,2.0,0,0
2023-05-30,669302,21,4,1,7.681982106280193,21.0,16,1
2023-05-30,669796,4,0,1,1.206903,4.0,3,0
2023-05-30,670059,5,1,0,0.558,5.0,4,0
2023-05-30,670280,3,2,0,0.3718333333333333,3.0,1,0
2023-05-30,670766,16,6,2,5.042437944444444,16.0,8,1
2023-05-30,670912,20,5,5,6.214742272727273,20.0,10,1
2023-05-30,672578,5,2,0,0.638,5.0,3,0
2023-05-30,673540,22,9,0,4.5981534996535,22.0,13,2
2023-05-30,674285,6,0,1,2.609903,6.0,5,0
2023-05-30,675916,3,1,0,0.07200000000000001,3.0,2,0
2023-05-30,676254,4,0,1,1.243903,3.0,2,0
2023-05-30,676534,4,2,0,0.835,4.0,2,0
2023-05-30,676664,21,2,1,8.319803539811067,21.0,18,5
2023-05-30,677053,1,1,0,0.0,1.0,0,0
2023-05-30,677865,4,0,0,1.5953207894736843,4.0,3,0
2023-05-30,677960,21,4,3,7.105442333333333,21.0,14,1
2023-05-30,678394,20,4,2,7.774648105263158,20.0,14,1
2023-05-30,681217,9,1,1,3.8084484545454544,9.0,7,1
2023-05-30,681911,6,1,1,3.113014111111111,6.0,4,1
2023-05-30,681982,9,7,0,1.0179583333333335,9.0,2,1
2023-05-30,693821,28,5,3,6.406709,28.0,20,0
2023-05-30,696147,3,0,0,0.693,3.0,3,0
2023-05-31,445926,2,0,0,0.545,2.0,2,0
2023-05-31,455119,3,2,0,0.208,3.0,1,0
2023-05-31,458681,23,4,2,11.983361454545454,23.0,15,3
2023-05-31,471911,24,4,1,7.967961823529412,24.0,19,0
2023-05-31,493603,2,1,0,0.033,2.0,1,0
2023-05-31,502085,5,2,0,1.538862142857143,5.0,2,0
2023-05-31,527054,22,0,0,6.192333333333333,22.0,22,2
2023-05-31,542914,4,1,1,1.001903,4.0,2,0
2023-05-31,543056,3,1,0,0.136,3.0,2,0
2023-05-31,548384,6,3,0,1.029,6.0,3,0
2023-05-31,571578,25,2,4,11.492976832535886,25.0,19,4
2023-05-31,571656,3,1,0,1.9135757575757575,3.0,2,1
2023-05-31,571710,3,0,1,2.489903,3.0,2,0
2023-05-31,572020,20,8,1,5.128653724637681,20.0,11,2
2023-05-31,592094,5,3,1,1.613903,5.0,1,0
2023-05-31,592254,4,1,0,0.886005,4.0,2,0
2023-05-31,592426,3,2,0,0.606,3.0,1,0
2023-05-31,592741,4,0,1,2.9503354324324325,4.0,3,1
2023-05-31,592773,3,1,0,0.066,3.0,2,0
2023-05-31,592779,3,3,0,0.0,3.0,0,0
2023-05-31,592789,24,2,2,9.65443480952381,24.0,19,2
2023-05-31,593974,7,3,0,1.1923000000000004,7.0,4,1
2023-05-31,595345,3,3,0,0.0,3.0,0,0
2023-05-31,596112,3,2,0,0.8630714285714287,3.0,1,1
2023-05-31,596133,23,5,0,6.81753011539544,23.0,18,0
2023-05-31,600917,3,1,0,0.5584166666666666,3.0,2,0
2023-05-31,601713,4,1,0,0.9090050000000001,4.0,2,0
2023-05-31,605218,6,2,2,1.113903,5.0,2,0
2023-05-31,605242,1,1,0,0.0,1.0,0,0
2023-05-31,605280,4,3,0,0.139,4.0,1,0
2023-05-31,605347,4,0,1,4.164895179487179,4.0,2,2
2023-05-31,605400,25,5,3,5.909809,25.0,17,0
2023-05-31,605483,22,7,3,5.427709,21.0,11,0
2023-05-31,606303,5,0,0,1.3490000000000002,5.0,5,0
2023-05-31,607259,5,0,1,2.100903,4.0,4,0
2023-05-31,607755,3,0,0,0.597,3.0,3,0
2023-05-31,608371,5,1,0,1.526533333333333,5.0,4,1
2023-05-31,608718,4,0,1,1.228903,4.0,3,0
2023-05-31,608723,15,3,3,6.260709,15.0,9,0
2023-05-31,613534,4,1,0,0.189,4.0,3,0
2023-05-31,614179,3,1,0,0.46499999999999997,3.0,2,0
2023-05-31,621051,3,1,0,0.481,3.0,2,0
2023-05-31,621076,21,4,1,5.6407555376344085,20.0,15,1
2023-05-31,621107,23,5,1,5.9569030000000005,22.0,16,0
2023-05-31,621345,3,1,0,0.9660416666666666,3.0,2,1
2023-05-31,621363,3,0,0,0.7759999999999999,2.0,3,1
2023-05-31,622065,3,0,1,1.4079030000000001,3.0,2,0
2023-05-31,622072,24,4,3,8.495719,23.0,15,0
2023-05-31,622554,4,1,0,0.6529999999999999,4.0,3,0
2023-05-31,623149,4,1,1,0.397,3.0,2,0
2023-05-31,623211,7,3,0,0.9709999999999999,7.0,4,0
2023-05-31,623352,4,0,1,1.597903,3.0,3,0
2023-05-31,623433,3,1,0,0.092,3.0,2,0
2023-05-31,623437,5,1,1,1.0039030000000002,5.0,3,0
2023-05-31,628452,3,0,0,0.358,3.0,3,0
2023-05-31,640448,6,3,1,2.5319208571428584,6.0,2,1
2023-05-31,640451,7,2,0,1.462,7.0,5,0
2023-05-31,640470,4,0,0,1.4360000000000002,4.0,4,0
2023-05-31,641329,5,3,0,0.739,5.0,2,0
2023-05-31,641360,5,1,0,2.5440333333333336,5.0,4,2
2023-05-31,641540,24,6,1,8.181130272727273,24.0,17,1
2023-05-31,641835,5,0,0,2.763,5.0,5,0
2023-05-31,642207,4,0,0,0.988,4.0,4,0
2023-05-31,642239,3,0,0,0.5700000000000001,3.0,3,0
2023-05-31,642545,22,6,3,5.809709,22.0,13,0
2023-05-31,642546,3,0,0,1.3345,3.0,3,0
2023-05-31,643256,4,1,0,0.444,4.0,3,0
2023-05-31,643410,4,1,1,4.541783000000001,4.0,2,2
2023-05-31,643511,4,2,0,0.5569999999999999,4.0,2,0
2023-05-31,656222,2,1,0,0.255,2.0,1,0
2023-05-31,656234,4,1,0,0.365,4.0,3,0
2023-05-31,656271,7,2,0,1.225,7.0,5,0
2023-05-31,656353,16,2,0,5.605155344202898,16.0,14,2
2023-05-31,656529,5,1,1,1.0929030000000002,5.0,3,0
2023-05-31,656605,27,8,1,8.693494666666668,27.0,18,4
2023-05-31,656638,4,2,1,0.795903,4.0,1,0
2023-05-31,656786,10,2,1,5.345568555555555,10.0,5,2
2023-05-31,657006,9,1,0,1.08,9.0,8,0
2023-05-31,657097,4,1,0,1.041,4.0,3,0
2023-05-31,657240,5,1,3,2.0907090000000004,5.0,1,0
2023-05-31,657265,3,0,0,0.295,3.0,3,0
2023-05-31,657376,21,7,1,4.198903,21.0,13,0
2023-05-31,657508,11,3,0,5.02484,10.0,7,2
2023-05-31,657571,4,1,0,0.821,4.0,3,0
2023-05-31,659275,16,4,0,3.001,16.0,12,0
2023-05-31,660813,6,1,0,1.923897857142857,6.0,4,1
2023-05-31,660853,4,0,0,0.835,4.0,4,0
2023-05-31,661403,3,1,0,0.366,3.0,2,0
2023-05-31,661527,11,3,2,4.618811,11.0,5,0
2023-05-31,663567,14,3,2,5.197806,14.0,9,1
2023-05-31,663986,4,1,0,1.5159473684210527,4.0,3,0
2023-05-31,663992,4,1,0,0.788,4.0,3,0
2023-05-31,664139,4,0,0,0.9169999999999999,4.0,3,0
2023-05-31,664294,1,0,0,0.344,1.0,1,0
2023-05-31,666129,19,7,1,5.26985952173913,19.0,11,1
2023-05-31,666201,18,2,3,6.301658048913044,18.0,13,2
2023-05-31,666214,21,5,1,8.379989732186733,21.0,15,2
2023-05-31,666808,5,3,0,0.481,5.0,2,0
2023-05-31,669211,5,1,0,1.2837999999999998,5.0,4,1
2023-05-31,669456,22,4,2,7.406161042016806,22.0,16,2
2023-05-31,669674,7,2,1,2.248903,7.0,4,1
2023-05-31,669713,14,4,2,2.8653444615384616,14.0,8,0
2023-05-31,669923,26,7,0,6.975743243243243,25.0,19,2
2023-05-31,669947,15,1,2,4.789515677419355,15.0,12,1
2023-05-31,670174,7,2,0,2.36769387755102,7.0,5,1
2023-05-31,670950,7,3,0,0.871,7.0,4,0
2023-05-31,670990,3,1,0,1.448,3.0,2,0
2023-05-31,671345,5,1,0,2.0140000000000002,5.0,4,0
2023-05-31,672335,6,0,1,4.091670241379311,6.0,5,1
2023-05-31,674072,24,7,2,4.394806,24.0,15,1
2023-05-31,675540,5,0,1,1.4759030000000002,5.0,4,0
2023-05-31,676254,7,1,0,1.655,6.0,6,0
2023-05-31,676684,5,1,0,0.7360000000000001,5.0,4,0
2023-05-31,676710,5,0,2,2.591806,5.0,3,0
2023-05-31,676760,1,0,0,0.875,1.0,1,0
2023-05-31,676979,6,1,0,3.892,6.0,5,1
2023-05-31,681911,5,2,1,1.4563225806451614,4.0,2,1
2023-05-31,686610,6,1,1,1.316903,6.0,4,0
2023-05-31,686613,22,8,2,5.526806,22.0,12,0
2023-05-31,686973,25,5,1,4.896603,25.0,19,0
2023-05-31,687330,4,0,1,1.6079080000000001,4.0,2,0
2023-05-31,694363,22,1,4,7.844112,22.0,17,0
2023-06-01,445276,4,0,1,0.802903,4.0,3,0
2023-06-01,453286,26,9,1,5.518680777777778,26.0,16,1
2023-06-01,455119,4,0,0,1.578,4.0,4,0
2023-06-01,518886,3,0,0,0.678,3.0,3,0
2023-06-01,519151,4,1,0,0.167,4.0,3,0
2023-06-01,519242,16,6,1,4.241383503144654,16.0,9,1
2023-06-01,543272,4,0,0,1.773,4.0,4,0
2023-06-01,548384,3,2,0,0.372,3.0,1,0
2023-06-01,571901,5,1,0,1.6629473684210527,5.0,4,1
2023-06-01,572955,5,1,1,3.036903,5.0,3,1
2023-06-01,592332,25,11,2,7.407472666666667,25.0,12,1
2023-06-01,592836,18,2,3,7.558282580542264,18.0,12,2
2023-06-01,593576,3,1,0,1.1380000000000001,3.0,2,0
2023-06-01,598264,6,0,1,2.471903,6.0,5,0
2023-06-01,601713,3,3,0,0.0,3.0,0,0
2023-06-01,605200,24,4,1,6.149903,24.0,19,0
2023-06-01,605397,23,3,3,5.565709,23.0,17,0
2023-06-01,605447,4,1,1,1.3209030000000002,4.0,2,0
2023-06-01,606160,4,2,0,1.4318095238095236,4.0,2,0
2023-06-01,607732,4,0,0,1.6690049999999998,4.0,3,1
2023-06-01,614179,4,1,0,0.984,4.0,3,0
2023-06-01,621057,4,1,0,1.2063478260869565,4.0,3,1
2023-06-01,621381,9,1,1,3.8621030000000003,8.0,7,1
2023-06-01,622098,1,0,0,0.105,1.0,1,0
2023-06-01,641154,26,5,1,6.672903,26.0,20,0
2023-06-01,641941,9,0,0,2.471,9.0,9,0
2023-06-01,642397,3,0,0,0.16999999999999998,3.0,3,0
2023-06-01,642547,25,3,2,10.6616670400682,25.0,20,4
2023-06-01,643361,10,0,2,6.327149153846154,9.0,8,2
2023-06-01,643377,3,1,0,0.283,3.0,2,0
2023-06-01,650556,5,0,1,1.809903,5.0,4,0
2023-06-01,656234,5,2,1,1.935903,5.0,2,0
2023-06-01,656257,3,1,0,0.218,3.0,2,0
2023-06-01,656290,6,1,0,1.214,6.0,5,0
2023-06-01,656464,3,1,0,0.061,3.0,2,0
2023-06-01,656730,4,1,0,1.17,4.0,3,0
2023-06-01,657024,4,0,0,0.5619999999999999,4.0,4,0
2023-06-01,657097,3,1,0,0.315,3.0,2,0
2023-06-01,657756,21,5,2,4.647128580645162,21.0,14,1
2023-06-01,663773,9,3,0,2.314,9.0,6,0
2023-06-01,663986,6,1,0,2.9097045454545456,6.0,5,1
2023-06-01,664139,4,0,0,1.501652173913044,4.0,4,1
2023-06-01,664875,4,1,0,0.396,4.0,3,0
2023-06-01,665625,6,1,2,2.797806,6.0,3,0
2023-06-01,666200,22,8,1,6.128991076923077,22.0,12,3
2023-06-01,668881,23,8,3,4.245549579710145,23.0,12,1
2023-06-01,669212,4,0,2,1.1939030000000002,3.0,2,0
2023-06-01,669459,6,3,0,2.0087142857142855,6.0,3,1
2023-06-01,669854,26,5,3,9.480053074844074,26.0,18,2
2023-06-01,670174,4,1,1,1.050903,4.0,2,0
2023-06-01,672282,23,2,2,7.916806,23.0,19,0
2023-06-01,675916,3,0,0,0.46099999999999997,3.0,3,0
2023-06-01,676440,23,6,1,9.00989116368801,23.0,15,3
2023-06-01,676680,3,1,0,0.577,3.0,2,0
2023-06-01,680704,3,1,0,0.039,3.0,2,0
2023-06-01,690829,4,2,0,0.498,4.0,2,0
2023-06-02,434378,25,8,3,7.0694135454545455,25.0,14,1
2023-06-02,450203,28,9,2,6.807206,28.0,16,0
2023-06-02,453268,5,1,2,2.8318060000000003,5.0,2,0
2023-06-02,477132,25,9,1,9.798174428571429,25.0,15,2
2023-06-02,502624,21,2,1,8.36885639673913,21.0,18,3
2023-06-02,518585,6,1,1,1.8999030000000001,6.0,4,0
2023-06-02,518876,27,8,3,9.802875199158485,27.0,16,2
2023-06-02,519293,3,1,0,0.175,3.0,2,0
2023-06-02,523260,5,2,1,1.599903,5.0,2,0
2023-06-02,543056,3,3,0,0.0,3.0,0,0
2023-06-02,543475,18,8,1,3.747841461538461,18.0,9,1
2023-06-02,543521,3,1,0,0.222,3.0,2,0
2023-06-02,543901,8,1,0,2.462517857142857,8.0,7,1
2023-06-02,554430,20,3,1,8.15966045920746,20.0,16,2
2023-06-02,571656,1,0,0,0.533,1.0,1,0
2023-06-02,592351,23,5,1,4.923908,23.0,16,0
2023-06-02,592454,5,1,1,1.398903,5.0,3,0
2023-06-02,592741,3,0,1,0.811903,3.0,2,0
2023-06-02,592779,4,0,0,0.993,4.0,4,0
2023-06-02,592791,20,3,0,4.512,20.0,17,0
2023-06-02,594580,2,1,0,0.908,2.0,1,0
2023-06-02,605135,27,8,0,5.732708333333333,27.0,19,0
2023-06-02,605154,3,1,0,1.1134444444444447,3.0,2,0
2023-06-02,605182,19,6,1,6.328693671587784,19.0,12,2
2023-06-02,605218,6,2,0,0.944,6.0,4,0
2023-06-02,605447,4,1,0,1.0510000000000002,4.0,3,0
2023-06-02,606149,6,1,1,3.838163238095238,6.0,4,2
2023-06-02,606303,4,2,1,0.7039030000000001,4.0,1,0
2023-06-02,607755,4,2,0,0.246,4.0,2,0
2023-06-02,608371,3,2,0,0.0,3.0,1,0
2023-06-02,608379,22,8,5,7.660146818181818,22.0,9,1
2023-06-02,608638,4,2,1,0.7489030000000001,4.0,1,0
2023-06-02,608665,3,1,0,0.7600000000000001,3.0,2,0
2023-06-02,608678,3,1,0,0.059,3.0,2,0
2023-06-02,608718,7,1,0,0.62,7.0,6,0
2023-06-02,612434,5,0,0,1.46469387755102,5.0,5,1
2023-06-02,613534,3,2,0,0.009,3.0,1,0
2023-06-02,621016,4,2,0,0.35100000000000003,4.0,2,0
2023-06-02,621051,6,2,0,1.0859999999999999,6.0,4,0
2023-06-02,621295,8,1,0,2.398,8.0,7,0
2023-06-02,622065,4,2,1,1.356903,4.0,1,0
2023-06-02,622075,4,0,1,1.321903,4.0,3,0
2023-06-02,622098,3,0,0,1.165,3.0,3,1
2023-06-02,622491,26,6,1,5.801903,26.0,19,0
2023-06-02,622663,22,2,1,12.067406798492053,21.0,18,5
2023-06-02,625643,5,0,1,1.8189030000000002,5.0,4,0
2023-06-02,628708,4,0,0,0.611,4.0,4,0
2023-06-02,640448,6,1,0,1.097,6.0,5,0
2023-06-02,640451,4,1,1,1.1619030000000001,4.0,2,0
2023-06-02,640470,2,1,0,0.187,2.0,1,0
2023-06-02,641360,5,2,1,3.114743,5.0,2,1
2023-06-02,641401,5,1,1,1.8129030000000002,5.0,3,0
2023-06-02,641835,1,1,0,0.0,1.0,0,0
2023-06-02,641871,4,0,0,1.565,4.0,4,0
2023-06-02,641927,22,3,0,6.380463333333333,22.0,18,2
2023-06-02,642100,2,1,0,0.381,2.0,1,0
2023-06-02,642207,4,1,0,0.242,4.0,3,0
2023-06-02,642239,6,0,1,1.604903,6.0,5,0
2023-06-02,642585,4,3,0,0.448,4.0,1,0
2023-06-02,643410,3,3,0,0.0,3.0,0,0
2023-06-02,643493,6,1,0,1.061,6.0,5,0
2023-06-02,643511,3,0,0,0.42600000000000005,3.0,3,0
2023-06-02,650556,5,1,1,1.734903,5.0,3,0
2023-06-02,650644,20,4,2,6.657806,20.0,14,0
2023-06-02,650893,4,1,0,0.909,4.0,3,0
2023-06-02,656061,4,0,0,2.072,4.0,4,0
2023-06-02,656257,5,1,0,2.4212000000000002,5.0,4,1
2023-06-02,656427,25,6,1,8.467824764705883,25.0,16,1
2023-06-02,656529,3,1,0,1.023,3.0,2,0
2023-06-02,656546,5,0,1,1.974903,5.0,4,0
2023-06-02,656945,4,2,0,0.445,4.0,2,0
2023-06-02,657240,4,2,1,1.433903,4.0,1,0
2023-06-02,657265,4,2,0,0.729005,4.0,1,0
2023-06-02,657277,26,6,1,9.929672487179488,26.0,18,4
2023-06-02,657612,4,1,0,0.337,4.0,3,0
2023-06-02,660261,5,1,0,2.1471199999999997,5.0,4,1
2023-06-02,660271,27,6,1,9.991240388193201,27.0,20,3
2023-06-02,661395,7,3,1,0.908,6.0,3,0
2023-06-02,663558,3,0,0,1.0310000000000001,3.0,3,0
2023-06-02,663687,19,5,0,4.076888888888889,19.0,14,1
2023-06-02,664199,3,1,0,0.17099999999999999,3.0,2,0
2023-06-02,664208,6,0,1,1.6409030000000002,6.0,5,0
2023-06-02,664285,26,7,1,6.375384190476191,26.0,17,0
2023-06-02,664747,4,0,1,0.860903,4.0,3,0
2023-06-02,664875,1,1,0,0.0,1.0,0,0
2023-06-02,665152,23,6,2,8.099323857142858,23.0,15,1
2023-06-02,665625,4,1,0,1.591005,4.0,2,1
2023-06-02,665795,22,10,1,4.770381260869565,22.0,11,1
2023-06-02,666168,3,0,1,1.715903,3.0,2,0
2023-06-02,666374,3,0,0,2.274,3.0,3,0
2023-06-02,666974,4,0,1,2.280908,4.0,2,0
2023-06-02,669060,4,0,0,1.5109473684210528,4.0,4,0
2023-06-02,669203,25,7,4,6.030421523809524,25.0,14,0
2023-06-02,669438,7,0,1,2.083903,7.0,6,0
2023-06-02,669467,5,1,1,1.437903,5.0,3,0
2023-06-02,670059,4,0,0,0.938,4.0,4,0
2023-06-02,670280,4,1,0,2.114877551020408,4.0,3,1
2023-06-02,670990,1,0,0,0.724,1.0,1,0
2023-06-02,672578,5,0,0,2.7553225806451613,5.0,5,1
2023-06-02,672710,18,6,0,7.114983495323675,18.0,12,3
2023-06-02,675989,11,2,4,5.017812,11.0,5,1
2023-06-02,676680,4,2,0,0.073,3.0,1,0
2023-06-02,676684,5,1,0,1.279,5.0,4,0
2023-06-02,676714,3,1,1,0.7509030000000001,3.0,1,0
2023-06-02,677053,3,1,0,0.248,3.0,2,0
2023-06-02,680686,24,4,2,10.366945926739927,23.0,17,4
2023-06-02,680704,6,1,1,3.836812090909091,6.0,4,1
2023-06-02,681217,10,2,2,3.219806,10.0,6,0
2023-06-02,681857,19,6,1,4.354745105263158,19.0,12,1
2023-06-02,681982,4,1,0,0.894,4.0,3,0
2023-06-02,682227,28,6,2,9.097811,28.0,19,1
2023-06-02,683769,3,1,0,0.8138333333333334,3.0,2,0
2023-06-03,445276,11,4,1,3.907903,11.0,6,0
2023-06-03,445926,6,3,1,1.862908,6.0,1,0
2023-06-03,446372,3,1,0,0.034,3.0,2,0
2023-06-03,455119,3,1,0,0.258,3.0,2,0
2023-06-03,493603,6,1,0,2.208,6.0,5,0
2023-06-03,502085,7,3,0,2.238,7.0,4,0
2023-06-03,502171,27,7,0,5.486582456140351,27.0,20,1
2023-06-03,506433,24,9,1,5.4299029999999995,24.0,14,1
2023-06-03,518397,1,0,0,0.134,1.0,1,0
2023-06-03,518886,4,1,0,1.588928076923077,4.0,2,1
2023-06-03,519151,5,2,0,1.674,5.0,3,0
2023-06-03,521230,3,1,0,0.026,3.0,2,0
2023-06-03,541640,5,0,1,2.7952876153846153,5.0,4,0
2023-06-03,542585,5,0,1,0.7830050000000001,2.0,2,0
2023-06-03,543037,23,5,2,5.510011,23.0,15,0
2023-06-03,543243,29,2,0,12.193910622710623,29.0,27,3
2023-06-03,543272,5,2,1,1.958908,5.0,1,0
2023-06-03,543507,3,0,0,0.298,3.0,3,0
2023-06-03,547179,23,6,0,3.891,23.0,17,0
2023-06-03,548384,3,0,0,0.774,3.0,3,0
2023-06-03,571539,9,2,0,1.546005,9.0,6,0
2023-06-03,571760,19,5,4,8.655279711598746,19.0,10,2
2023-06-03,571927,5,1,0,0.908,4.0,4,0
2023-06-03,571946,4,2,0,2.002333333333333,4.0,2,1
2023-06-03,592094,5,0,1,1.938908,5.0,3,0
2023-06-03,592229,8,1,0,2.863,8.0,7,0
2023-06-03,592767,27,4,3,10.388730505376344,26.0,20,2
2023-06-03,592773,5,0,1,2.8954268095238094,5.0,4,1
2023-06-03,593576,5,1,2,2.266806,5.0,2,0
2023-06-03,593974,3,0,1,2.357903,3.0,2,0
2023-06-03,595345,3,3,0,0.0,3.0,0,0
2023-06-03,595411,11,2,1,2.848908,11.0,7,0
2023-06-03,596112,2,1,0,0.6025652173913043,2.0,1,0
2023-06-03,596295,15,4,3,6.616709,15.0,8,1
2023-06-03,600917,7,4,0,0.643,7.0,3,0
2023-06-03,605130,3,1,0,0.9910500000000001,3.0,2,0
2023-06-03,605242,6,2,2,1.4098060000000001,6.0,2,0
2023-06-03,605280,4,0,1,1.696903,4.0,3,0
2023-06-03,605347,7,2,2,2.6131443333333335,7.0,2,0
2023-06-03,605463,6,2,1,0.8519030000000001,6.0,3,0
2023-06-03,606160,3,0,0,1.6520000000000001,3.0,3,0
2023-06-03,607067,24,5,3,8.286632076923077,24.0,16,1
2023-06-03,607192,23,6,3,7.934635470588235,22.0,13,2
2023-06-03,607259,3,2,0,0.316,3.0,1,0
2023-06-03,607755,5,1,1,0.8579030000000001,5.0,3,0
2023-06-03,608665,3,1,0,0.17700000000000002,3.0,2,0
2023-06-03,608717,3,3,0,0.0,3.0,0,0
2023-06-03,621057,6,2,2,2.245806,6.0,2,0
2023-06-03,621244,25,6,3,6.550709,24.0,16,0
2023-06-03,621363,5,2,1,1.030903,5.0,2,0
2023-06-03,621381,6,1,0,0.9420000000000001,6.0,5,0
2023-06-03,622250,6,2,0,0.141,5.0,3,0
2023-06-03,622251,7,0,3,2.956709,7.0,4,0
2023-06-03,622554,3,0,0,0.82,3.0,3,0
2023-06-03,622780,7,3,0,0.194,7.0,4,0
2023-06-03,623167,13,3,1,6.180875718253969,13.0,9,3
2023-06-03,623433,4,0,0,0.859,4.0,4,0
2023-06-03,624647,2,0,0,1.342945454545454,2.0,2,1
2023-06-03,625643,4,0,1,0.8449030000000001,4.0,3,0
2023-06-03,628452,4,0,0,1.583,4.0,4,0
2023-06-03,628708,4,0,1,1.454903,4.0,3,0
2023-06-03,641329,4,1,2,2.045853619047619,4.0,1,0
2023-06-03,641703,4,1,1,1.504903,4.0,2,0
2023-06-03,641771,6,1,1,2.012153,6.0,4,0
2023-06-03,641871,2,1,0,0.5,2.0,1,0
2023-06-03,641941,1,0,0,0.251,1.0,1,0
2023-06-03,642048,11,1,1,4.713580551020408,11.0,9,2
2023-06-03,642207,5,3,2,1.391806,5.0,0,0
2023-06-03,642397,4,0,0,0.962,4.0,4,0
2023-06-03,643361,6,0,0,1.604,6.0,6,0
2023-06-03,645801,6,0,1,4.483753,6.0,5,1
2023-06-03,650633,8,3,0,3.6876935483870965,8.0,5,1
2023-06-03,656222,8,2,2,4.381458173913044,8.0,4,1
2023-06-03,656234,6,1,0,1.508,6.0,5,0
2023-06-03,656302,21,6,3,5.531620764705883,20.0,11,1
2023-06-03,656464,3,1,0,1.2231,3.0,2,1
2023-06-03,656638,4,2,0,0.738,4.0,2,0
2023-06-03,656730,7,0,3,3.969709,7.0,4,0
2023-06-03,656731,24,5,5,7.846515,24.0,14,0
2023-06-03,656756,21,5,1,5.833519923076923,20.0,15,2
2023-06-03,657024,4,1,0,0.653,4.0,3,0
2023-06-03,657097,3,0,0,0.711,3.0,3,0
2023-06-03,657514,8,4,0,1.304,8.0,4,0
2023-06-03,660787,3,1,1,0.932903,3.0,1,0
2023-06-03,660853,4,0,0,1.7305599999999999,4.0,4,0
2023-06-03,661403,3,2,0,0.479,3.0,1,0
2023-06-03,663558,5,1,1,1.1539030000000001,5.0,3,0
2023-06-03,663738,24,7,1,7.304788952380952,24.0,15,0
2023-06-03,663776,21,4,3,6.705538787234042,20.0,13,1
2023-06-03,663804,7,2,0,1.073,7.0,5,0
2023-06-03,663855,3,1,0,0.7949999999999999,3.0,2,0
2023-06-03,663878,4,2,0,0.92,4.0,2,0
2023-06-03,663992,7,0,1,2.7947480000000002,7.0,5,1
2023-06-03,664294,6,1,0,1.293,6.0,5,0
2023-06-03,664299,23,5,0,7.91500974025974,23.0,18,2
2023-06-03,664776,3,0,1,1.845903,3.0,2,0
2023-06-03,664875,6,1,0,1.607,6.0,5,0
2023-06-03,665001,9,2,0,1.7430050000000001,9.0,6,0
2023-06-03,665622,16,2,4,7.517612000000001,16.0,10,0
2023-06-03,666142,3,2,0,0.04,3.0,1,0
2023-06-03,666277,17,3,2,5.692811,17.0,11,0
2023-06-03,666619,4,2,0,1.167,4.0,2,0
2023-06-03,666808,3,1,0,0.179,3.0,2,0
2023-06-03,667463,8,1,1,3.346903,8.0,6,0
2023-06-03,667755,4,1,1,1.291903,4.0,2,0
2023-06-03,668674,12,1,2,5.1228110000000004,12.0,8,1
2023-06-03,668933,25,2,4,9.399100888888889,25.0,19,1
2023-06-03,669022,26,6,0,9.52901724137931,26.0,20,2
2023-06-03,669060,8,0,1,2.5439030000000002,7.0,6,0
2023-06-03,669093,6,1,0,3.518188461538461,6.0,5,1
2023-06-03,669145,7,2,0,1.913214285714286,7.0,5,0
2023-06-03,669194,23,0,4,10.907006761904762,23.0,19,4
2023-06-03,669211,5,2,1,1.1939030000000002,5.0,2,0
2023-06-03,669674,9,1,0,2.375,9.0,8,0
2023-06-03,669796,3,0,0,1.502005,3.0,2,0
2023-06-03,670036,4,2,1,0.8609030000000001,4.0,1,0
2023-06-03,670059,4,0,1,3.5473302727272733,4.0,3,1
2023-06-03,670174,6,1,0,2.902,6.0,5,0
2023-06-03,670280,4,0,0,1.40056,4.0,4,0
2023-06-03,670950,4,2,0,1.82369387755102,4.0,2,1
2023-06-03,670990,2,0,0,0.026000000000000002,2.0,2,0
2023-06-03,671106,25,4,2,8.238298044063647,24.0,19,2
2023-06-03,671345,5,2,1,0.715,4.0,2,0
2023-06-03,672335,3,1,0,1.009,3.0,2,0
2023-06-03,674285,10,1,0,1.765005,10.0,8,0
2023-06-03,675627,19,7,0,6.188525198938992,19.0,12,2
2023-06-03,675911,23,7,4,7.667815463203464,23.0,12,3
2023-06-03,675916,3,2,0,0.4804,3.0,1,0
2023-06-03,676477,23,5,2,7.676020285714286,23.0,16,0
2023-06-03,676534,5,1,1,1.315903,5.0,3,0
2023-06-03,676710,11,3,0,2.5444166666666668,11.0,8,0
2023-06-03,680694,20,5,1,7.730246602484472,20.0,14,2
2023-06-03,681867,10,1,0,3.093,10.0,9,0
2023-06-03,681911,3,1,0,0.627,3.0,2,0
2023-06-03,682847,8,1,2,3.6642528085106383,8.0,5,1
2023-06-03,686747,13,1,2,4.461811,13.0,9,0
2023-06-03,686753,14,1,1,5.873509060606061,14.0,12,2
2023-06-03,687330,1,1,0,0.0,1.0,0,0
2023-06-03,690829,6,1,0,2.8911538461538457,6.0,5,1
2023-06-03,691587,20,5,1,4.745603,20.0,14,0
2023-06-03,693433,14,4,1,4.841903,14.0,9,0
2023-06-03,696147,8,0,4,4.158612,8.0,4,0
2023-06-04,446372,9,1,1,2.233903,9.0,7,0
2023-06-04,448179,28,6,3,10.892884454545456,28.0,18,1
2023-06-04,518585,4,2,0,0.6990000000000001,4.0,2,0
2023-06-04,518617,4,0,0,0.712,4.0,4,0
2023-06-04,521230,3,2,0,0.048,3.0,1,0
2023-06-04,523260,4,1,0,1.116625,4.0,3,0
2023-06-04,542888,7,3,1,0.7439030000000001,7.0,3,0
2023-06-04,543101,18,2,3,5.7247140000000005,18.0,12,0
2023-06-04,543135,20,7,0,3.0700466666666664,20.0,12,1
2023-06-04,543518,3,1,0,0.122,3.0,2,0
2023-06-04,543521,5,2,0,0.911,5.0,3,0
2023-06-04,547973,3,2,0,0.003,3.0,1,0
2023-06-04,571510,18,9,0,3.044,18.0,9,0
2023-06-04,571670,3,2,0,0.016,3.0,1,0
2023-06-04,571945,25,2,0,10.4555,25.0,23,0
2023-06-04,573124,4,2,0,0.9319999999999999,4.0,2,0
2023-06-04,573186,26,6,3,7.432709,25.0,16,0
2023-06-04,573204,2,0,0,1.470227272727273,2.0,2,1
2023-06-04,579328,20,8,1,7.017389898395722,20.0,11,3
2023-06-04,592254,3,1,1,0.904903,3.0,1,0
2023-06-04,592426,5,0,0,0.9806666666666667,5.0,5,0
2023-06-04,592866,27,6,4,11.662142141843972,27.0,17,3
2023-06-04,593334,25,6,1,7.040257166666667,24.0,17,1
2023-06-04,593619,9,2,1,2.2259029999999997,9.0,6,0
2023-06-04,593974,4,0,1,1.051903,4.0,3,0
2023-06-04,594580,3,2,0,0.079,3.0,1,0
2023-06-04,594902,29,5,3,11.564231875816994,29.0,21,3
2023-06-04,596001,12,3,0,3.0199729729729734,12.0,9,1
2023-06-04,596112,4,1,2,1.399806,4.0,1,0
2023-06-04,600921,9,1,1,5.009547124168515,9.0,7,2
2023-06-04,605130,5,3,0,1.513,5.0,2,0
2023-06-04,605177,6,2,1,2.569903,6.0,3,0
2023-06-04,605242,3,1,1,0.951903,3.0,1,0
2023-06-04,605280,4,2,1,0.900903,4.0,1,0
2023-06-04,605288,25,2,0,8.999236780258519,25.0,23,2
2023-06-04,605447,3,1,0,0.6156666666666667,3.0,2,0
2023-06-04,606965,6,2,0,1.2850000000000001,6.0,4,0
2023-06-04,607536,24,1,0,8.850226050420169,24.0,23,3
2023-06-04,608032,4,0,1,1.291903,4.0,3,0
2023-06-04,608678,6,0,0,2.8553043478260873,6.0,6,1
2023-06-04,608718,3,1,0,0.164,3.0,2,0
2023-06-04,608723,3,1,0,0.004,3.0,2,0
2023-06-04,612434,6,1,2,2.543218789473684,5.0,3,0
2023-06-04,613534,2,0,0,1.016,2.0,2,0
2023-06-04,621112,24,3,2,9.096377060606061,24.0,19,2
2023-06-04,621345,2,1,0,0.152,2.0,1,0
2023-06-04,622098,4,2,0,1.355363636363637,4.0,2,1
2023-06-04,623437,5,1,0,1.466,5.0,4,0
2023-06-04,623465,5,0,1,2.467569666666667,5.0,4,1
2023-06-04,624133,28,3,1,8.824097866599121,28.0,24,2
2023-06-04,628452,3,0,1,1.421903,3.0,2,0
2023-06-04,641401,5,2,0,1.9505178571428572,5.0,3,1
2023-06-04,641585,24,3,1,7.74591281576563,24.0,20,2
2023-06-04,641627,8,1,1,3.7096924736842105,8.0,6,0
2023-06-04,642100,5,1,0,1.181,5.0,4,0
2023-06-04,642546,6,2,1,3.1671088823529416,6.0,3,1
2023-06-04,643256,3,0,0,1.426,3.0,3,0
2023-06-04,643377,3,1,0,0.5740000000000001,3.0,2,0
2023-06-04,643493,4,1,0,1.957,4.0,3,0
2023-06-04,645261,26,7,0,5.852300724637681,26.0,19,1
2023-06-04,647336,22,2,4,10.70553948917749,22.0,16,3
2023-06-04,650556,3,1,0,0.7070000000000001,3.0,2,0
2023-06-04,650893,5,0,0,1.4320225806451612,5.0,5,1
2023-06-04,656257,3,2,0,0.055,3.0,1,0
2023-06-04,656271,6,2,0,3.0105555555555554,6.0,4,1
2023-06-04,656288,24,4,1,7.331064250000001,24.0,18,1
2023-06-04,656290,13,4,1,4.789920857142858,13.0,8,1
2023-06-04,656546,3,2,0,0.126,3.0,1,0
2023-06-04,656557,24,6,4,8.116612,24.0,14,0
2023-06-04,656629,25,9,1,5.240037476634477,25.0,15,3
2023-06-04,656638,5,1,2,3.107406,5.0,2,1
2023-06-04,656945,4,0,1,1.160903,4.0,3,0
2023-06-04,657024,3,1,0,0.46,3.0,2,0
2023-06-04,657240,4,1,0,0.636,4.0,3,0
2023-06-04,657265,3,0,0,0.30900000000000005,3.0,3,0
2023-06-04,657508,6,1,1,1.7869030000000001,6.0,4,0
2023-06-04,657571,5,1,1,3.0264484545454553,5.0,3,1
2023-06-04,657746,22,4,1,2.223903,22.0,17,0
2023-06-04,660813,5,2,0,0.655,5.0,3,0
2023-06-04,660853,5,0,0,2.414,5.0,5,1
2023-06-04,661403,5,2,1,1.6819030000000001,5.0,2,0
2023-06-04,663474,17,10,1,2.421324052631579,17.0,6,1
2023-06-04,663658,6,2,1,2.6979565714285716,6.0,3,1
2023-06-04,663855,5,3,1,0.937903,5.0,1,0
2023-06-04,663878,5,1,0,2.583377450980392,5.0,4,1
2023-06-04,663903,22,7,0,4.581,22.0,15,0
2023-06-04,663947,4,2,1,1.619903,4.0,1,0
2023-06-04,663986,3,2,0,0.039,3.0,1,0
2023-06-04,664139,3,1,0,0.048,3.0,2,0
2023-06-04,664199,5,2,0,0.9059999999999999,5.0,3,0
2023-06-04,664208,5,1,0,1.5820500000000002,5.0,4,0
2023-06-04,664294,1,1,0,0.0,1.0,0,0
2023-06-04,665625,3,1,0,0.5625999999999999,3.0,2,0
2023-06-04,666168,6,0,1,3.0529080000000004,6.0,4,0
2023-06-04,666374,4,2,0,0.351,4.0,2,0
2023-06-04,666974,3,0,0,1.3224594594594594,3.0,3,1
2023-06-04,667463,4,0,0,1.626,4.0,4,0
2023-06-04,668665,11,4,1,2.9587363333333334,11.0,6,0
2023-06-04,668678,26,6,1,10.616036252818036,26.0,19,3
2023-06-04,669330,22,9,2,4.675120285714286,22.0,11,1
2023-06-04,670036,5,1,2,1.452806,5.0,2,0
2023-06-04,670280,4,1,0,0.91985,4.0,3,0
2023-06-04,670990,3,0,0,0.8997999999999999,3.0,3,0
2023-06-04,671345,4,1,0,1.617972972972973,4.0,3,1
2023-06-04,671737,23,6,3,8.328209,23.0,14,0
2023-06-04,672391,6,3,0,0.17500000000000002,6.0,3,0
2023-06-04,673540,17,3,5,7.858319347826087,16.0,8,1
2023-06-04,675916,4,2,0,0.961,4.0,2,0
2023-06-04,676254,3,2,0,0.243,3.0,1,0
2023-06-04,676272,22,7,2,4.263806,22.0,13,0
2023-06-04,676680,3,1,0,0.785005,3.0,1,0
2023-06-04,676684,7,1,1,2.634903,7.0,5,0
2023-06-04,676714,3,1,0,0.9408421052631581,3.0,2,1
2023-06-04,677960,12,1,1,6.490257114452799,12.0,10,2
2023-06-04,682243,17,2,2,8.581929076923076,17.0,13,3
2023-06-04,686610,8,0,1,3.2485696666666666,8.0,7,0
2023-06-04,700363,8,3,1,1.517903,8.0,4,0
2023-06-05,425794,26,3,2,10.72932956902357,26.0,21,2
2023-06-05,519293,4,1,1,1.226903,3.0,1,0
2023-06-05,527048,25,5,1,5.764503,25.0,19,1
2023-06-05,527054,24,5,1,6.328404240694789,23.0,17,1
2023-06-05,542914,6,0,0,2.656333333333333,6.0,6,1
2023-06-05,543294,24,4,0,5.6215,24.0,20,0
2023-06-05,543351,10,4,0,2.104,10.0,6,0
2023-06-05,554340,3,0,0,0.339,3.0,3,0
2023-06-05,571656,4,0,0,1.4452,4.0,4,0
2023-06-05,571670,1,0,0,0.081,1.0,1,0
2023-06-05,571948,2,1,0,0.005,2.0,1,0
2023-06-05,572403,1,0,0,0.23,1.0,1,0
2023-06-05,592094,3,2,0,0.104,3.0,1,0
2023-06-05,592741,4,2,0,2.422444444444444,4.0,2,1
2023-06-05,592773,4,2,0,0.627,4.0,2,0
2023-06-05,594577,19,1,1,8.842986333333334,19.0,17,0
2023-06-05,594580,5,1,0,0.9139999999999999,5.0,4,0
2023-06-05,595345,3,1,0,1.029,3.0,2,0
2023-06-05,601713,6,1,3,3.213709,6.0,2,0
2023-06-05,605400,25,12,3,5.594109000000001,24.0,9,1
2023-06-05,605483,23,8,3,4.753709000000001,23.0,12,0
2023-06-05,607259,4,1,0,1.474,4.0,3,0
2023-06-05,607755,4,0,0,1.794,4.0,4,0
2023-06-05,608371,3,0,0,0.556,3.0,3,0
2023-06-05,608638,4,1,0,0.8999999999999999,4.0,3,0
2023-06-05,621051,4,1,0,0.743005,4.0,2,0
2023-06-05,621295,6,0,0,1.077,6.0,6,0
2023-06-05,621363,3,1,1,0.7339030000000001,3.0,1,0
2023-06-05,622251,5,1,0,2.384877551020408,5.0,4,1
2023-06-05,622554,5,1,1,1.8449030000000002,5.0,3,0
2023-06-05,622780,3,1,0,0.9110050000000001,3.0,1,0
2023-06-05,623211,5,1,3,2.2687090000000003,5.0,1,0
2023-06-05,641835,8,2,0,3.0877096774193546,8.0,6,1
2023-06-05,642239,4,0,2,2.8202898709677418,4.0,2,1
2023-06-05,643256,7,2,0,1.311005,7.0,4,0
2023-06-05,650893,4,0,1,1.2729030000000001,4.0,3,0
2023-06-05,656232,30,2,1,11.57388798491102,30.0,26,4
2023-06-05,656730,3,2,0,0.171,3.0,1,0
2023-06-05,657514,5,1,0,1.394860465116279,5.0,4,1
2023-06-05,657612,4,2,0,1.2775652173913044,4.0,2,0
2023-06-05,660261,6,1,2,2.538806,6.0,3,0
2023-06-05,661527,6,1,0,2.3632066666666667,6.0,4,2
2023-06-05,663556,23,5,2,8.180463142857143,23.0,16,1
2023-06-05,663992,3,1,2,1.391806,3.0,0,0
2023-06-05,664747,3,3,0,0.0,3.0,0,0
2023-06-05,664854,3,2,0,0.102,3.0,1,0
2023-06-05,665871,12,0,3,7.011556826086957,12.0,9,1
2023-06-05,666129,21,6,0,6.740269847972972,21.0,15,2
2023-06-05,666201,9,0,1,6.354386333333333,9.0,8,1
2023-06-05,666214,25,4,5,13.904302893562022,24.0,15,4
2023-06-05,668674,3,1,1,1.004903,3.0,1,0
2023-06-05,669438,12,2,2,5.377414823529412,12.0,8,1
2023-06-05,669467,5,3,0,0.596,5.0,2,0
2023-06-05,670059,5,1,0,1.719,5.0,4,0
2023-06-05,670912,29,5,2,10.864076465116279,29.0,19,1
2023-06-05,670950,5,2,0,3.493842105263158,5.0,3,2
2023-06-05,671096,23,6,4,6.242945333333333,23.0,13,1
2023-06-05,672391,4,1,1,0.8349030000000001,4.0,2,0
2023-06-05,672578,6,3,0,0.873,6.0,3,0
2023-06-05,676534,5,1,1,2.2321530000000003,5.0,3,0
2023-06-05,676664,21,6,5,6.046515,21.0,10,0
2023-06-05,677053,4,2,0,0.512,4.0,2,0
2023-06-05,678394,26,5,1,6.826636671988388,26.0,20,2
2023-06-05,681982,6,0,1,3.3099618235294117,6.0,5,0
2023-06-06,425844,19,3,0,6.473169491525424,19.0,16,1
2023-06-06,445276,3,1,0,0.30200000000000005,3.0,2,0
2023-06-06,445926,3,0,0,0.621,3.0,3,0
2023-06-06,453268,7,3,4,2.783612,7.0,0,0
2023-06-06,455119,7,2,0,2.88,7.0,5,0
2023-06-06,471911,22,4,2,7.954851,22.0,15,2
2023-06-06,493603,6,0,1,1.7763157894736845,5.0,5,0
2023-06-06,502043,23,7,2,8.440004846153846,23.0,13,3
2023-06-06,518397,3,0,0,0.747,3.0,3,0
2023-06-06,518585,5,2,0,0.242,5.0,3,0
2023-06-06,518617,3,1,0,0.10500000000000001,3.0,2,0
2023-06-06,518886,3,3,0,0.0,3.0,0,0
2023-06-06,519293,3,1,0,0.47300000000000003,3.0,2,0
2023-06-06,521230,4,0,0,2.50445652173913,4.0,4,1
2023-06-06,523260,6,2,1,1.947903,6.0,3,0
2023-06-06,541640,6,0,1,3.002908,6.0,4,0
2023-06-06,542585,4,1,0,1.1099999999999999,4.0,3,0
2023-06-06,542881,23,5,3,8.351667333333333,23.0,15,2
2023-06-06,543056,4,1,1,1.468903,4.0,2,0
2023-06-06,543272,5,1,0,1.9503888888888885,5.0,4,2
2023-06-06,543507,3,1,0,0.387,3.0,2,0
2023-06-06,543518,3,1,0,0.6779999999999999,3.0,2,0
2023-06-06,571927,4,0,0,1.279,4.0,4,0
2023-06-06,571946,1,0,0,0.4774166666666666,1.0,1,0
2023-06-06,572020,29,9,2,7.0440374285714284,29.0,18,2
2023-06-06,572403,5,1,0,1.7754054054054058,5.0,4,1
2023-06-06,572955,4,2,1,0.7059030000000001,4.0,1,0
2023-06-06,592332,25,13,0,5.867442857142858,25.0,12,1
2023-06-06,592426,6,1,1,2.851992285714286,6.0,4,1
2023-06-06,592454,4,1,0,1.263,4.0,3,0
2023-06-06,592836,26,8,3,6.401309,26.0,15,1
2023-06-06,593619,4,0,1,0.802903,3.0,2,0
2023-06-06,596133,19,4,2,8.343961405405405,19.0,13,1
2023-06-06,605154,6,0,1,2.740903,6.0,5,0
2023-06-06,605242,5,3,0,0.533,5.0,2,0
2023-06-06,605397,20,8,1,3.338903,20.0,11,0
2023-06-06,606160,5,1,1,3.0933030000000006,5.0,3,1
2023-06-06,606303,4,1,0,2.5183043478260876,4.0,3,1
2023-06-06,606965,4,3,0,0.614,4.0,1,0
2023-06-06,608032,5,2,0,1.192,5.0,3,0
2023-06-06,608328,13,2,1,5.866215944307943,13.0,9,3
2023-06-06,608337,21,7,3,4.467163545454546,21.0,11,0
2023-06-06,608665,3,1,0,0.048999999999999995,3.0,2,0
2023-06-06,608717,8,1,1,3.181014111111111,8.0,6,1
2023-06-06,608723,4,1,1,1.070903,4.0,2,0
2023-06-06,614179,5,1,0,0.015,5.0,4,0
2023-06-06,621016,1,1,0,0.0,1.0,0,0
2023-06-06,621051,5,1,0,3.9856935483870966,5.0,4,2
2023-06-06,621076,28,1,5,10.278947234432234,28.0,22,0
2023-06-06,621107,24,9,1,4.693743,24.0,14,2
2023-06-06,621295,4,1,1,0.8859030000000001,4.0,2,0
2023-06-06,621345,4,1,1,0.823903,4.0,2,0
2023-06-06,622065,9,0,3,3.7984867777777778,9.0,6,1
2023-06-06,622075,6,0,1,2.604903,6.0,5,0
2023-06-06,622098,5,1,0,1.042,5.0,4,0
2023-06-06,622250,5,4,0,0.046,5.0,1,0
2023-06-06,622554,4,2,0,0.63,4.0,2,0
2023-06-06,622772,4,3,1,0.695903,4.0,0,0
2023-06-06,623149,5,2,1,1.8019030000000003,5.0,2,0
2023-06-06,623465,3,1,0,0.14500000000000002,3.0,2,0
2023-06-06,628452,3,1,0,0.514,3.0,2,0
2023-06-06,640455,21,5,1,6.37087941025641,21.0,15,2
2023-06-06,641302,10,3,0,4.334092481203007,10.0,7,3
2023-06-06,641540,27,1,2,12.361263214452213,26.0,22,3
2023-06-06,641703,4,1,0,2.0792000000000006,4.0,3,1
2023-06-06,641771,13,0,3,6.815510904761904,13.0,10,1
2023-06-06,641941,7,2,0,2.136,7.0,5,0
2023-06-06,642207,3,2,0,0.019,3.0,1,0
2023-06-06,642547,21,9,0,3.996392307692308,21.0,12,2
2023-06-06,642585,3,3,0,0.0,3.0,0,0
2023-06-06,656061,3,0,0,0.48900000000000005,3.0,3,0
2023-06-06,656222,6,2,1,1.9487327872340423,6.0,3,1
2023-06-06,656234,8,3,0,3.3718043478260866,8.0,5,1
2023-06-06,656257,3,1,0,0.548,3.0,2,0
2023-06-06,656464,3,0,0,0.482,3.0,3,0
2023-06-06,656529,5,0,1,2.0069030000000003,5.0,4,0
2023-06-06,656605,26,1,4,11.730946343434344,26.0,21,2
2023-06-06,656730,4,1,0,1.6937333333333333,4.0,3,1
2023-06-06,656945,3,1,0,0.9349999999999999,3.0,2,0
2023-06-06,657024,3,2,0,0.206,3.0,1,0
2023-06-06,657097,4,0,2,2.154431,4.0,2,0
2023-06-06,657240,4,3,0,0.192,4.0,1,0
2023-06-06,657265,4,2,1,0.88,3.0,1,0
2023-06-06,657376,22,1,0,7.842732272727273,22.0,20,2
2023-06-06,657508,4,1,1,0.8819030000000001,4.0,2,0
2023-06-06,657571,6,0,3,2.9317140000000004,6.0,2,0
2023-06-06,659275,18,4,2,7.420117493506495,18.0,11,2
2023-06-06,660813,6,0,0,2.9183000000000003,6.0,6,1
2023-06-06,660853,4,0,2,2.5307643333333334,4.0,2,1
2023-06-06,662253,3,2,0,0.007,3.0,1,0
2023-06-06,663567,10,3,4,5.1494051034482755,10.0,3,1
2023-06-06,663623,21,1,3,7.259936222222223,21.0,16,0
2023-06-06,663658,7,3,1,1.027903,7.0,3,0
2023-06-06,663773,5,2,0,0.68,5.0,3,0
2023-06-06,663804,11,3,2,2.642806,11.0,6,0
2023-06-06,663947,7,2,0,2.942428571428572,7.0,5,1
2023-06-06,664062,25,5,3,7.341714,25.0,16,1
2023-06-06,664139,4,2,0,0.543,4.0,2,0
2023-06-06,664208,4,0,1,1.203903,4.0,3,0
2023-06-06,665625,3,1,0,0.256,3.0,2,0
2023-06-06,666142,3,0,1,1.5011252222222222,3.0,2,0
2023-06-06,666200,22,8,0,3.3755384615384614,22.0,14,0
2023-06-06,666974,7,3,2,1.6719030000000001,6.0,2,0
2023-06-06,667755,4,1,0,1.014005,4.0,2,0
2023-06-06,669093,4,0,3,3.7560133478260873,4.0,1,1
2023-06-06,669212,4,1,0,0.9793157894736844,4.0,3,0
2023-06-06,669302,26,6,2,6.375119172043011,25.0,18,2
2023-06-06,669456,24,2,1,8.058357545454545,24.0,21,0
2023-06-06,669459,3,1,0,0.927,3.0,2,0
2023-06-06,669461,21,2,2,9.75444612539185,21.0,17,3
2023-06-06,669674,7,2,0,1.394,7.0,5,0
2023-06-06,669713,19,4,1,6.17246809569378,19.0,13,2
2023-06-06,669796,3,1,0,0.134,3.0,2,0
2023-06-06,670950,3,1,1,0.788903,3.0,1,0
2023-06-06,670990,4,0,0,1.141,4.0,4,0
2023-06-06,674072,22,2,3,8.645781272727273,22.0,16,1
2023-06-06,674285,3,2,0,0.047,3.0,1,0
2023-06-06,675916,2,1,0,0.48,2.0,1,0
2023-06-06,676254,3,2,0,0.127,3.0,1,0
2023-06-06,676680,4,1,1,1.207903,4.0,2,0
2023-06-06,676684,6,3,0,1.082,6.0,3,0
2023-06-06,676714,4,0,2,2.683806,4.0,2,0
2023-06-06,680704,3,1,0,1.526,3.0,2,0
2023-06-06,686613,24,5,3,5.886577347338935,24.0,16,0
2023-06-06,686973,28,5,4,11.692612,27.0,19,2
2023-06-06,693821,23,8,2,7.674877428571429,23.0,13,2
2023-06-07,450203,22,5,4,9.91429541191067,22.0,12,3
2023-06-07,453286,28,10,0,7.464691146881287,28.0,18,2
2023-06-07,489446,6,1,2,3.123120285714286,6.0,3,1
2023-06-07,493603,4,1,0,2.237,4.0,3,1
2023-06-07,542888,7,1,0,1.605,7.0,6,0
2023-06-07,543272,5,1,0,0.67,5.0,4,0
2023-06-07,543475,28,2,1,10.048503,28.0,25,2
2023-06-07,543507,3,0,0,1.418,3.0,3,0
2023-06-07,543518,3,1,0,0.9530000000000001,3.0,2,0
2023-06-07,543521,4,0,0,0.443,4.0,4,0
2023-06-07,548384,3,0,0,1.134,3.0,3,0
2023-06-07,571578,28,4,1,11.652410368421052,28.0,23,1
2023-06-07,571656,4,1,0,0.22500000000000003,4.0,3,0
2023-06-07,571901,3,1,0,1.531652173913044,3.0,2,1
2023-06-07,573124,5,3,1,0.88,4.0,1,0
2023-06-07,592094,6,0,1,3.838770142857143,6.0,3,0
2023-06-07,592351,29,12,0,5.1530192857142865,29.0,16,0
2023-06-07,592779,3,2,0,0.3885,3.0,1,0
2023-06-07,592789,17,3,0,6.998393888888889,17.0,13,1
2023-06-07,592791,24,5,4,11.577735641304349,24.0,15,4
2023-06-07,593576,6,0,2,2.357806,6.0,4,0
2023-06-07,595345,3,0,1,0.8679030000000001,3.0,2,0
2023-06-07,596112,3,1,0,0.005,3.0,2,0
2023-06-07,605135,27,5,0,5.790243333333334,27.0,22,1
2023-06-07,605177,5,2,0,1.6469999999999998,5.0,3,0
2023-06-07,605200,26,8,1,5.904546870967742,26.0,17,2
2023-06-07,605218,5,1,0,1.0070000000000001,5.0,4,0
2023-06-07,605447,4,1,0,1.4489333333333332,4.0,3,0
2023-06-07,606149,3,1,0,1.1792968749999995,3.0,2,1
2023-06-07,607179,5,0,0,3.8108912529550825,5.0,5,1
2023-06-07,608371,3,1,0,0.039,3.0,2,0
2023-06-07,608379,21,7,1,4.253850368421053,21.0,13,0
2023-06-07,608678,3,0,0,0.4,3.0,3,0
2023-06-07,608718,3,0,0,1.501,3.0,3,0
2023-06-07,613534,1,0,0,0.243,1.0,1,0
2023-06-07,621016,4,1,0,1.06516,4.0,3,1
2023-06-07,621057,5,0,0,1.7635833333333333,5.0,5,0
2023-06-07,621074,9,3,1,2.572908,9.0,4,0
2023-06-07,621345,3,1,0,0.112,3.0,2,0
2023-06-07,621363,3,1,0,0.26,3.0,2,0
2023-06-07,622075,4,1,0,1.625,4.0,3,0
2023-06-07,622780,3,2,0,0.519,3.0,1,0
2023-06-07,623167,10,0,1,4.127903,10.0,9,0
2023-06-07,623352,5,0,1,1.563903,5.0,4,0
2023-06-07,623433,3,0,0,2.1683548387096776,3.0,3,1
2023-06-07,623465,2,0,0,1.881931818181818,2.0,2,1
2023-06-07,640462,4,3,0,0.925,4.0,1,0
2023-06-07,641154,26,6,1,6.53335952173913,26.0,19,1
2023-06-07,642048,4,1,0,2.018005,4.0,2,0
2023-06-07,642239,8,1,3,2.7839590000000003,8.0,4,0
2023-06-07,642545,18,3,1,5.18550906060606,18.0,14,2
2023-06-07,643410,5,2,1,2.170903,5.0,2,0
2023-06-07,643511,3,0,0,0.491,3.0,3,0
2023-06-07,650556,4,1,0,0.786,3.0,2,0
2023-06-07,656290,7,0,3,3.239714,7.0,3,0
2023-06-07,656427,26,8,5,5.838515,26.0,13,0
2023-06-07,656529,4,1,1,1.0039030000000002,4.0,2,0
2023-06-07,656945,3,2,0,0.097,3.0,1,0
2023-06-07,656986,6,0,1,2.891903,6.0,5,0
2023-06-07,657277,25,3,2,11.587205267399268,25.0,20,3
2023-06-07,657514,3,0,0,0.836,3.0,3,0
2023-06-07,657612,3,1,0,1.8046681574239716,3.0,2,1
2023-06-07,657756,23,4,2,6.640949736263736,23.0,16,1
2023-06-07,660813,4,1,0,1.744,4.0,3,0
2023-06-07,661395,1,0,0,1.4810322580645163,1.0,1,1
2023-06-07,661403,4,2,1,2.2953097796610176,4.0,1,1
2023-06-07,663687,21,2,3,6.791042333333333,21.0,16,1
2023-06-07,663855,4,1,0,1.3683000000000005,4.0,3,1
2023-06-07,663941,2,0,0,0.245,2.0,2,0
2023-06-07,663986,4,0,0,0.7949999999999999,4.0,4,0
2023-06-07,663992,1,1,0,0.0,1.0,0,0
2023-06-07,664294,5,1,1,1.727903,5.0,3,0
2023-06-07,664747,3,2,0,1.1903548387096774,3.0,1,1
2023-06-07,664854,3,2,0,0.019,3.0,1,0
2023-06-07,664875,9,2,1,2.830908,8.0,5,0
2023-06-07,665152,25,5,0,8.201511792058517,25.0,19,2
2023-06-07,665795,18,4,2,5.459107875,18.0,11,1
2023-06-07,666168,3,0,0,0.22999999999999998,3.0,3,0
2023-06-07,666374,4,2,1,0.907903,4.0,1,0
2023-06-07,666808,3,1,0,0.218,3.0,2,0
2023-06-07,668674,3,1,0,0.9083000000000004,3.0,2,1
2023-06-07,669145,18,4,0,6.283953412698413,18.0,13,1
2023-06-07,669203,26,9,0,4.158217391304348,26.0,17,1
2023-06-07,669212,3,3,0,0.0,3.0,0,0
2023-06-07,669684,13,5,1,3.9403196666666664,13.0,7,0
2023-06-07,669854,23,5,4,8.555628042780748,23.0,14,2
2023-06-07,669923,21,3,0,10.200926126126125,20.0,18,3
2023-06-07,670036,4,2,0,0.137,4.0,2,0
2023-06-07,672710,9,1,2,4.802806,9.0,6,0
2023-06-07,676440,22,2,2,7.380166714285715,22.0,18,2
2023-06-07,676710,13,3,0,2.4929285714285716,13.0,10,0
2023-06-07,677053,3,1,0,0.671,3.0,2,0
2023-06-07,681867,14,4,2,4.551811,14.0,7,0
2023-06-07,681911,4,2,0,0.491,4.0,2,0
2023-06-07,682227,27,3,2,10.334445166118696,27.0,22,3
2023-06-07,682847,24,1,2,10.871644272943586,24.0,21,3
2023-06-07,686610,13,1,4,6.648617,13.0,7,0
2023-06-07,687330,3,2,1,0.695903,3.0,0,0
2023-06-07,687798,6,3,0,0.7390000000000001,6.0,3,0
2023-06-07,690829,6,0,3,2.5917090000000003,6.0,3,0
2023-06-07,696147,6,3,0,1.609,6.0,3,0
2023-06-08,434378,20,3,4,8.872419692307693,20.0,13,0
2023-06-08,445926,6,2,2,2.405806,6.0,2,0
2023-06-08,446372,21,1,1,8.824541946638947,21.0,19,3
2023-06-08,453268,1,1,0,0.0,1.0,0,0
2023-06-08,458681,26,4,3,9.829358285714285,26.0,19,5
2023-06-08,477132,27,9,2,5.899806,27.0,16,0
2023-06-08,488984,4,0,1,2.7567491538461537,4.0,3,1
2023-06-08,502085,7,3,0,2.4206649999999996,7.0,4,1
2023-06-08,502171,25,7,1,9.93844209090909,25.0,16,1
2023-06-08,502624,23,7,1,5.634069666666667,23.0,15,2
2023-06-08,518397,3,0,0,0.796,3.0,3,0
2023-06-08,518585,8,0,1,4.106643740740741,8.0,7,1
2023-06-08,518617,4,2,0,1.0392432432432432,4.0,2,1
2023-06-08,518886,7,1,2,3.2353615555555555,7.0,4,1
2023-06-08,523260,3,0,0,0.421,3.0,3,0
2023-06-08,543859,10,1,0,6.302059770114942,10.0,9,2
2023-06-08,548384,5,0,0,1.634,5.0,5,0
2023-06-08,554340,4,1,0,1.591,4.0,3,0
2023-06-08,554430,26,8,1,3.9640191111111114,26.0,16,1
2023-06-08,571539,7,1,2,1.8768060000000002,7.0,4,0
2023-06-08,571616,17,1,1,7.551157625187406,17.0,14,2
2023-06-08,572955,6,1,2,2.195806,6.0,3,0
2023-06-08,573124,3,2,0,0.651,3.0,1,0
2023-06-08,592094,3,1,0,1.210333333333333,3.0,2,1
2023-06-08,592254,6,1,0,1.633,6.0,5,0
2023-06-08,592454,3,1,0,0.364,3.0,2,0
2023-06-08,592741,3,3,0,0.0,3.0,0,0
2023-06-08,592767,29,4,3,9.883549,29.0,22,2
2023-06-08,593974,1,0,0,0.277,1.0,1,0
2023-06-08,605182,24,2,1,8.424088507246378,24.0,21,2
2023-06-08,605280,4,0,1,1.0449030000000001,4.0,3,0
2023-06-08,605447,3,1,0,0.9941999999999999,3.0,2,1
2023-06-08,605463,7,2,0,1.8123225806451613,7.0,5,1
2023-06-08,606160,3,1,0,0.9729199999999999,3.0,2,1
2023-06-08,606303,4,1,0,1.4307666666666665,4.0,3,1
2023-06-08,606965,4,1,0,0.5469999999999999,4.0,3,0
2023-06-08,607067,19,8,1,4.8411645384615385,19.0,10,2
2023-06-08,607481,4,3,0,0.22,4.0,1,0
2023-06-08,608032,3,1,0,0.20500000000000002,3.0,2,0
2023-06-08,608665,4,0,1,1.422903,4.0,3,0
2023-06-08,621244,23,2,2,8.026034787878789,23.0,19,2
2023-06-08,621363,4,0,0,2.3089,4.0,4,1
2023-06-08,622065,4,1,0,1.291,4.0,3,0
2023-06-08,622098,4,0,0,2.629363636363637,4.0,4,1
2023-06-08,622554,2,0,0,0.306,2.0,2,0
2023-06-08,622663,25,6,2,11.174694684863525,25.0,16,2
2023-06-08,622772,3,1,1,0.819903,3.0,1,0
2023-06-08,625643,3,2,0,0.087,3.0,1,0
2023-06-08,628452,3,2,0,0.61,3.0,1,0
2023-06-08,630023,22,4,0,7.4735172413793105,22.0,18,1
2023-06-08,640470,4,1,0,0.842,4.0,3,0
2023-06-08,641329,3,1,0,0.6405714285714285,3.0,2,1
2023-06-08,641729,7,3,1,1.178903,7.0,3,0
2023-06-08,641927,21,7,2,5.327823857142858,21.0,12,1
2023-06-08,642585,4,2,0,0.591,4.0,2,0
2023-06-08,643377,2,2,0,0.0,2.0,0,0
2023-06-08,643511,6,0,2,1.837903,5.0,4,0
2023-06-08,650556,3,2,0,0.872,3.0,1,1
2023-06-08,650633,8,2,0,2.942522727272727,8.0,6,1
2023-06-08,650644,23,3,2,6.286306,23.0,18,0
2023-06-08,656234,3,0,0,1.369,3.0,3,0
2023-06-08,656257,4,0,0,0.751,4.0,4,0
2023-06-08,656638,6,1,1,2.5455696666666667,6.0,4,1
2023-06-08,657024,3,1,0,0.225,3.0,2,0
2023-06-08,657240,5,2,2,1.480806,5.0,1,0
2023-06-08,657265,6,3,0,1.7195,6.0,3,1
2023-06-08,657514,1,0,0,0.123,1.0,1,0
2023-06-08,660853,5,2,1,1.3309030000000002,5.0,2,0
2023-06-08,663947,3,1,1,0.7579030000000001,3.0,1,0
2023-06-08,664139,10,1,1,2.849005,9.0,7,0
2023-06-08,664208,5,2,1,1.019903,5.0,2,0
2023-06-08,664285,24,5,4,8.478546487179488,24.0,14,1
2023-06-08,665625,4,0,0,1.3900000000000001,4.0,4,0
2023-06-08,666619,3,0,0,1.047,3.0,3,0
2023-06-08,666808,4,1,0,0.812005,4.0,2,0
2023-06-08,666974,2,0,0,0.13799999999999998,2.0,2,0
2023-06-08,667755,3,2,0,0.287,3.0,1,0
2023-06-08,668665,7,0,0,2.79457441016334,7.0,7,2
2023-06-08,668933,14,1,2,7.491911238095238,14.0,9,0
2023-06-08,669060,6,0,1,2.045903,5.0,5,0
2023-06-08,669211,5,1,0,1.6079230769230768,5.0,4,1
2023-06-08,671345,4,1,0,0.21400000000000002,4.0,3,0
2023-06-08,672282,23,8,2,8.866722666666668,23.0,13,0
2023-06-08,674285,10,1,1,3.606903,10.0,8,0
2023-06-08,675540,8,2,0,1.808,8.0,6,0
2023-06-08,675911,22,8,2,7.985615523809525,22.0,12,1
2023-06-08,675916,2,0,1,0.7449030000000001,2.0,1,0
2023-06-08,676760,8,4,1,1.6324363333333336,8.0,3,1
2023-06-08,676979,3,0,0,0.878,3.0,3,0
2023-06-08,680694,22,10,1,4.012357545454545,22.0,11,0
2023-06-08,681190,21,3,1,4.890908,21.0,16,0
2023-06-08,681857,19,3,1,4.915278,19.0,15,0
2023-06-09,445276,5,1,0,1.512,5.0,4,0
2023-06-09,448179,29,6,2,10.289161048629532,29.0,21,3
2023-06-09,455119,3,0,0,0.9210000000000002,3.0,3,0
2023-06-09,488984,8,2,0,4.3085,8.0,6,2
2023-06-09,489446,3,2,0,0.106,3.0,1,0
2023-06-09,506433,24,6,4,7.765612,24.0,14,0
2023-06-09,518876,27,5,2,9.772740345327337,27.0,20,4
2023-06-09,519151,5,1,1,2.211848454545454,5.0,3,1
2023-06-09,521230,3,0,0,0.728,3.0,3,0
2023-06-09,543037,25,6,1,10.281212347826088,25.0,17,1
2023-06-09,543101,23,2,4,7.771612,22.0,16,0
2023-06-09,543243,22,5,2,5.207899333333334,22.0,15,1
2023-06-09,543507,3,2,0,0.074,3.0,1,0
2023-06-09,543521,8,1,0,2.5121,8.0,7,1
2023-06-09,547179,27,3,1,6.956403,25.0,23,2
2023-06-09,547973,4,3,1,0.695903,4.0,0,0
2023-06-09,554340,3,2,0,0.073,3.0,1,0
2023-06-09,571670,4,1,1,1.2069999999999999,3.0,2,0
2023-06-09,571760,21,5,2,6.703786465116279,21.0,14,2
2023-06-09,571946,7,3,0,0.981005,7.0,3,0
2023-06-09,571948,7,2,1,1.714903,7.0,4,0
2023-06-09,573186,28,5,4,9.370612000000001,28.0,19,0
2023-06-09,579328,20,4,1,6.300617285714285,20.0,15,1
2023-06-09,592773,4,0,0,1.058,4.0,4,0
2023-06-09,592779,5,3,0,0.6209333333333333,5.0,2,0
2023-06-09,593576,3,0,0,0.109,3.0,3,0
2023-06-09,594580,4,3,0,0.847,4.0,1,0
2023-06-09,594902,32,8,1,12.855628,32.0,22,3
2023-06-09,596295,25,1,2,12.783540470578867,25.0,22,4
2023-06-09,598286,5,1,1,1.5169030000000001,5.0,3,0
2023-06-09,601713,2,0,0,0.378,2.0,2,0
2023-06-09,605218,4,0,0,0.87,4.0,4,0
2023-06-09,605288,22,4,4,6.913212,22.0,14,0
2023-06-09,606149,4,1,0,0.573,4.0,3,0
2023-06-09,606160,4,0,0,0.9410416666666666,4.0,4,1
2023-06-09,607192,22,6,3,6.793227386841917,22.0,13,3
2023-06-09,607259,6,2,0,3.635,6.0,4,1
2023-06-09,608032,5,1,1,1.9097491538461542,5.0,3,1
2023-06-09,608638,4,1,0,1.427,4.0,2,0
2023-06-09,608665,3,0,0,0.399,3.0,3,0
2023-06-09,608717,6,1,2,2.9573615555555555,6.0,3,1
2023-06-09,608718,7,1,0,2.3483846153846155,7.0,6,0
2023-06-09,612434,2,0,0,1.7689384615384611,2.0,2,1
2023-06-09,621237,5,2,1,1.843903,5.0,2,0
2023-06-09,621381,6,2,1,3.919993,6.0,3,2
2023-06-09,622491,26,10,1,7.3640682484472055,26.0,14,3
2023-06-09,622772,4,2,0,1.07,4.0,2,0
2023-06-09,623352,5,0,1,1.4339030000000001,5.0,4,0
2023-06-09,624133,24,8,2,6.019139333333333,24.0,14,0
2023-06-09,624647,3,0,1,1.614903,3.0,2,0
2023-06-09,628452,3,2,0,0.134,3.0,1,0
2023-06-09,640448,6,0,0,0.956,5.0,5,0
2023-06-09,640470,3,2,0,0.125,3.0,1,0
2023-06-09,641835,1,0,0,0.169,1.0,1,0
2023-06-09,641871,3,0,0,0.318,3.0,3,0
2023-06-09,642100,3,0,0,1.292125,3.0,3,1
2023-06-09,642239,8,2,0,2.468,8.0,6,0
2023-06-09,642397,3,1,0,0.6013999999999999,3.0,2,0
2023-06-09,642585,3,2,0,0.79,3.0,1,0
2023-06-09,643256,3,0,0,0.861,3.0,3,0
2023-06-09,643377,3,0,0,0.714,3.0,3,0
2023-06-09,643410,5,2,0,1.228,5.0,3,0
2023-06-09,656061,3,1,0,1.6084782608695651,3.0,2,1
2023-06-09,656302,23,7,2,6.792732470588235,23.0,14,1
2023-06-09,656529,9,3,0,2.6704999999999997,9.0,6,1
2023-06-09,656730,5,1,2,2.394806,5.0,2,1
2023-06-09,656731,22,1,3,8.245505875,22.0,18,2
2023-06-09,656756,22,6,1,5.467015387202625,22.0,15,1
2023-06-09,656945,5,2,0,0.915,5.0,3,0
2023-06-09,657024,3,2,0,0.005,3.0,1,0
2023-06-09,657097,7,0,1,1.732903,7.0,6,0
2023-06-09,657508,1,1,0,0.0,1.0,0,0
2023-06-09,657571,3,0,0,1.220657142857143,3.0,3,1
2023-06-09,660271,22,6,5,9.04601011299435,22.0,10,1
2023-06-09,661395,10,2,2,4.019539578947368,9.0,5,1
2023-06-09,661403,3,1,0,0.638,3.0,2,0
2023-06-09,661527,17,4,3,6.440848454545454,15.0,10,2
2023-06-09,663558,3,1,0,0.804,3.0,2,0
2023-06-09,663567,11,4,0,4.663795454545455,11.0,7,2
2023-06-09,663738,26,4,1,9.48888903030956,26.0,21,2
2023-06-09,663855,5,1,2,3.1458060000000003,5.0,2,0
2023-06-09,663878,7,1,0,1.894,7.0,6,0
2023-06-09,663941,8,2,0,1.962,8.0,6,0
2023-06-09,663986,3,0,0,0.445,2.0,3,0
2023-06-09,664208,3,0,1,0.153,1.0,2,0
2023-06-09,664299,25,2,3,8.762549,25.0,20,1
2023-06-09,665622,20,6,3,5.954257913043478,20.0,11,1
2023-06-09,666168,5,2,0,0.495,5.0,3,0
2023-06-09,666374,4,2,1,0.8779030000000001,4.0,1,0
2023-06-09,666974,4,0,0,1.062,4.0,4,0
2023-06-09,667463,8,1,0,0.9610000000000001,8.0,7,0
2023-06-09,668338,3,1,0,0.389,3.0,2,0
2023-06-09,668674,7,1,1,2.539569666666667,7.0,5,0
2023-06-09,669060,3,2,0,0.501,3.0,1,0
2023-06-09,669105,14,1,1,6.6727624594594594,14.0,12,2
2023-06-09,669212,4,1,1,0.948903,4.0,2,0
2023-06-09,669270,6,0,1,2.311903,6.0,5,0
2023-06-09,669330,26,4,1,5.625903,26.0,21,0
2023-06-09,669467,2,0,0,0.033,1.0,1,0
2023-06-09,670280,4,0,0,1.951,4.0,4,0
2023-06-09,671106,27,4,2,8.751975590643275,26.0,21,1
2023-06-09,672578,3,1,0,0.873,3.0,2,0
2023-06-09,672715,8,3,0,3.4559371647509574,8.0,5,2
2023-06-09,675540,4,0,0,1.264,4.0,4,0
2023-06-09,675627,20,2,1,8.356207347826087,20.0,17,1
2023-06-09,675916,6,1,2,2.192806,6.0,3,0
2023-06-09,675921,7,0,1,4.433329212121211,7.0,5,1
2023-06-09,676254,6,1,1,3.1327968888888886,6.0,3,0
2023-06-09,676477,26,6,1,10.458790272727272,26.0,19,3
2023-06-09,676680,5,2,0,0.729,5.0,3,0
2023-06-09,676684,4,0,1,2.0241887142857142,4.0,2,0
2023-06-09,677053,4,2,0,0.559,4.0,2,0
2023-06-09,680686,21,6,4,6.323362,21.0,11,1
2023-06-09,680704,4,2,0,1.0430000000000001,4.0,2,0
2023-06-09,681911,4,3,0,0.0,4.0,1,0
2023-06-09,682051,11,2,2,4.064806,11.0,6,0
2023-06-09,686753,10,1,0,4.567839621395555,10.0,9,3
2023-06-09,687330,3,2,0,0.142,3.0,1,0
2023-06-09,690829,1,0,1,0.695903,1.0,0,0
2023-06-09,691587,22,6,2,4.6198060000000005,22.0,14,0
2023-06-09,696147,4,0,1,2.0542187894736843,4.0,3,0
2023-06-09,700363,20,2,2,4.599806,20.0,16,0
2023-06-10,445926,6,3,0,0.265,6.0,3,0
2023-06-10,453268,5,1,1,2.2638759729729734,5.0,3,1
2023-06-10,493603,3,1,0,0.558,3.0,2,0
2023-06-10,502085,4,2,0,1.455,4.0,2,0
2023-06-10,518617,2,1,1,0.695903,2.0,0,0
2023-06-10,519151,5,1,0,0.797,5.0,4,0
2023-06-10,519293,3,1,0,0.444,3.0,2,0
2023-06-10,523260,6,0,2,2.6298060000000003,6.0,4,0
2023-06-10,527054,25,6,1,7.617019111111111,25.0,17,1
2023-06-10,542585,3,2,0,0.006,3.0,1,0
2023-06-10,542888,5,0,0,1.655,5.0,5,0
2023-06-10,543135,29,6,3,9.929054021645022,28.0,19,4
2023-06-10,543272,1,0,0,0.09,1.0,1,0
2023-06-10,543294,26,3,1,8.228079626732441,26.0,22,4
2023-06-10,571510,22,3,2,8.22532896964725,22.0,17,3
2023-06-10,571656,1,0,0,0.693,1.0,1,1
2023-06-10,571901,4,2,0,1.0190000000000001,4.0,2,0
2023-06-10,571945,28,2,2,9.283313066772655,28.0,23,1
2023-06-10,572403,10,1,1,3.6050696666666666,10.0,8,0
2023-06-10,572955,3,1,0,0.645,3.0,2,0
2023-06-10,592229,3,2,0,0.002,3.0,1,0
2023-06-10,592254,7,1,1,2.749903,7.0,5,0
2023-06-10,592454,4,0,0,1.9315605555555555,4.0,3,1
2023-06-10,592779,1,0,0,0.229,1.0,1,0
2023-06-10,593334,26,5,2,9.297682923076923,26.0,19,2
2023-06-10,593974,5,0,2,1.753806,5.0,3,0
2023-06-10,595345,3,1,0,0.8380000000000001,3.0,2,0
2023-06-10,596001,15,5,1,6.41179538095238,15.0,8,1
2023-06-10,605130,5,1,1,2.7072363333333334,5.0,3,1
2023-06-10,605154,6,1,0,2.3148888888888886,6.0,5,1
2023-06-10,605280,4,2,0,0.91,4.0,2,0
2023-06-10,605347,4,1,0,0.5720000000000001,4.0,3,0
2023-06-10,605400,28,7,2,9.871686,28.0,19,2
2023-06-10,606303,5,0,1,1.9669029999999998,5.0,3,0
2023-06-10,607179,5,3,1,1.067903,5.0,1,0
2023-06-10,607259,5,0,1,1.1849030000000003,5.0,4,0
2023-06-10,607536,23,5,2,7.177806,22.0,15,0
2023-06-10,608344,22,5,0,9.308157340116278,22.0,17,3
2023-06-10,608371,3,0,1,0.808903,3.0,2,0
2023-06-10,608723,3,1,2,1.391806,3.0,0,0
2023-06-10,613534,4,2,0,0.6922857142857143,4.0,2,0
2023-06-10,614179,6,2,1,0.922903,6.0,3,0
2023-06-10,621051,5,2,0,0.376,5.0,3,0
2023-06-10,621112,22,5,1,5.069569666666666,22.0,16,0
2023-06-10,621295,1,0,0,0.306,1.0,1,0
2023-06-10,621345,4,0,0,1.2204000000000002,4.0,4,0
2023-06-10,622103,6,0,0,2.968655,6.0,5,1
2023-06-10,622250,6,3,1,0.9979030000000001,6.0,2,0
2023-06-10,622780,5,3,0,1.408,5.0,2,0
2023-06-10,623149,4,2,0,0.37,4.0,2,0
2023-06-10,623352,3,2,0,0.222,3.0,1,0
2023-06-10,623437,7,0,1,2.089903,7.0,6,0
2023-06-10,625643,5,1,1,1.4199030000000001,5.0,3,0
2023-06-10,628708,1,0,0,0.129,1.0,1,0
2023-06-10,640455,14,5,0,2.290505,13.0,7,0
2023-06-10,640462,4,2,0,0.794,4.0,2,0
2023-06-10,641302,6,2,0,0.163,6.0,4,0
2023-06-10,641329,2,0,1,0.779903,2.0,1,0
2023-06-10,641585,30,6,6,10.623418000000001,30.0,18,0
2023-06-10,641729,3,1,0,0.20700000000000002,3.0,2,0
2023-06-10,641771,8,2,1,4.3174030000000005,8.0,5,1
2023-06-10,641835,5,2,0,1.753,5.0,3,0
2023-06-10,642100,1,1,0,0.0,1.0,0,0
2023-06-10,642207,4,2,1,0.7409030000000001,4.0,1,0
2023-06-10,643256,7,1,0,4.042616111111111,7.0,5,1
2023-06-10,643361,9,0,0,5.349814523809524,9.0,8,2
2023-06-10,643493,5,1,1,1.988903,5.0,3,0
2023-06-10,645261,26,4,2,9.423763941176471,26.0,19,3
2023-06-10,650556,6,3,0,0.9450000000000001,6.0,3,0
2023-06-10,650893,5,1,1,1.656903,5.0,3,0
2023-06-10,656222,9,2,0,2.848611111111111,9.0,7,1
2023-06-10,656234,6,2,2,2.761806,6.0,2,0
2023-06-10,656290,8,1,0,1.311,7.0,6,0
2023-06-10,656353,9,3,1,2.8859030000000003,9.0,5,0
2023-06-10,656546,5,0,1,4.120965142857143,5.0,3,1
2023-06-10,656557,22,6,1,6.8812755931911225,22.0,14,2
2023-06-10,656578,12,3,0,3.72,12.0,9,0
2023-06-10,656629,22,6,1,6.3262939523809525,22.0,13,0
2023-06-10,657240,3,1,0,0.28800000000000003,3.0,2,0
2023-06-10,657508,4,1,0,0.6789999999999999,4.0,3,0
2023-06-10,657514,3,1,0,0.664,3.0,2,0
2023-06-10,657612,1,0,0,0.166,1.0,1,0
2023-06-10,657746,25,4,1,9.334362545454546,25.0,19,2
2023-06-10,660261,4,1,1,1.000903,4.0,2,0
2023-06-10,660853,4,2,1,0.821903,4.0,1,0
2023-06-10,662253,4,3,0,0.101,4.0,1,0
2023-06-10,663474,25,5,3,7.915975826923077,25.0,17,1
2023-06-10,663776,24,8,0,7.481235248447206,24.0,16,2
2023-06-10,663903,22,4,3,8.180887759398498,22.0,15,3
2023-06-10,663992,4,1,0,2.212,4.0,3,1
2023-06-10,664199,5,1,1,1.349903,5.0,3,0
2023-06-10,664294,3,1,1,0.294,2.0,1,0
2023-06-10,664747,5,2,1,2.193795857142857,5.0,2,1
2023-06-10,664875,3,1,0,0.258,3.0,2,0
2023-06-10,665019,3,0,0,0.29300000000000004,3.0,3,0
2023-06-10,665625,4,2,1,1.146903,4.0,1,0
2023-06-10,666619,8,1,1,3.231903,8.0,6,0
2023-06-10,669022,20,3,1,8.718752649201374,20.0,16,3
2023-06-10,669194,23,4,2,6.79317742857143,22.0,17,2
2023-06-10,669438,3,1,0,0.041,3.0,2,0
2023-06-10,669459,3,0,0,0.768,3.0,3,0
2023-06-10,669674,3,0,0,0.851,3.0,3,0
2023-06-10,669796,1,1,0,0.0,1.0,0,0
2023-06-10,669952,9,4,0,4.093926470588235,9.0,5,1
2023-06-10,670059,4,0,0,1.8205333333333331,4.0,4,1
2023-06-10,670102,10,3,0,3.638011111111112,10.0,7,2
2023-06-10,670174,5,0,0,1.314,5.0,5,0
2023-06-10,670912,24,5,2,7.227720412955466,24.0,16,3
2023-06-10,670950,11,7,1,1.569903,11.0,3,0
2023-06-10,671096,24,4,3,8.617209,24.0,17,1
2023-06-10,671737,19,4,4,8.444371459459461,19.0,11,2
2023-06-10,672335,6,1,0,2.087105263157895,6.0,5,0
2023-06-10,673111,10,2,1,3.580903,10.0,7,0
2023-06-10,673540,29,6,4,8.378489551020408,28.0,18,1
2023-06-10,676272,23,7,3,7.033137571428571,23.0,13,1
2023-06-10,676979,3,2,0,0.826,3.0,1,1
2023-06-10,677960,11,2,0,4.199849056603774,11.0,9,1
2023-06-10,680735,5,3,0,0.253,5.0,2,0
2023-06-10,682120,14,1,1,5.083908,14.0,11,0
2023-06-10,693433,19,7,1,5.299479881720431,19.0,11,2
2023-06-10,694363,22,0,0,7.738153846153846,22.0,22,1
2023-06-11,425794,25,2,1,7.385005272727273,25.0,22,1
2023-06-11,445276,3,1,0,0.261,3.0,2,0
2023-06-11,455119,3,2,0,0.043,3.0,1,0
2023-06-11,471911,22,1,3,10.708909,22.0,18,1
2023-06-11,472610,4,0,0,1.1961600000000001,3.0,4,1
2023-06-11,489446,6,1,0,3.183,6.0,5,1
2023-06-11,502043,26,4,0,10.556727272727274,26.0,22,3
2023-06-11,518886,3,2,0,0.002,3.0,1,0
2023-06-11,527048,21,2,3,9.538269,21.0,16,0
2023-06-11,542585,3,0,1,1.185903,3.0,2,0
2023-06-11,543063,5,0,1,1.405903,5.0,4,0
2023-06-11,543272,4,1,0,0.219,4.0,3,0
2023-06-11,543507,6,1,3,3.291709,6.0,2,0
2023-06-11,543518,2,1,0,0.113,2.0,1,0
2023-06-11,543859,6,2,0,0.7430000000000001,6.0,4,0
2023-06-11,548384,4,3,1,0.695903,4.0,0,0
2023-06-11,571539,5,0,0,0.694,5.0,5,0
2023-06-11,571948,3,1,1,0.7309030000000001,3.0,1,0
2023-06-11,573124,3,2,0,0.101,3.0,1,0
2023-06-11,592094,5,1,2,2.200806,5.0,2,0
2023-06-11,592332,23,4,4,10.681609628205129,23.0,14,2
2023-06-11,592426,3,0,0,0.257,3.0,3,0
2023-06-11,592473,5,2,0,0.533,5.0,3,0
2023-06-11,592741,3,1,0,0.923,3.0,2,0
2023-06-11,592836,19,5,2,6.154952850092805,19.0,12,2
2023-06-11,592866,23,6,1,6.001861333333333,23.0,16,1
2023-06-11,593974,1,0,0,0.066,1.0,1,0
2023-06-11,594577,25,1,3,6.640056826086957,25.0,21,1
2023-06-11,594580,5,1,0,2.157005,5.0,3,0
2023-06-11,598286,3,0,0,0.595,3.0,3,0
2023-06-11,600917,8,2,0,0.9680000000000001,8.0,6,0
2023-06-11,601713,4,0,1,1.1049030000000002,4.0,3,0
2023-06-11,605154,5,1,1,1.6112030000000006,5.0,3,1
2023-06-11,605177,3,0,1,1.583903,3.0,2,0
2023-06-11,605218,7,0,0,3.9698892857142862,7.0,7,2
2023-06-11,605242,4,0,0,0.209,4.0,4,0
2023-06-11,605280,3,0,0,0.42899999999999994,3.0,3,0
2023-06-11,605447,4,1,1,0.898903,4.0,2,0
2023-06-11,605463,4,1,1,0.809192307692308,3.0,2,1
2023-06-11,605483,23,12,0,4.9073142857142855,21.0,9,1
2023-06-11,606160,4,2,0,0.9390000000000001,4.0,2,0
2023-06-11,606965,5,0,0,2.825005,5.0,4,1
2023-06-11,607481,1,0,0,0.707,1.0,1,0
2023-06-11,608337,28,8,1,7.410545160052049,28.0,19,2
2023-06-11,608371,4,1,1,0.697903,4.0,2,0
2023-06-11,608638,6,1,1,1.647,5.0,4,0
2023-06-11,608665,6,0,1,4.098617285714286,6.0,4,1
2023-06-11,608717,5,1,0,3.259569377990431,5.0,4,2
2023-06-11,621074,3,1,1,1.152903,3.0,1,0
2023-06-11,621237,6,2,2,2.213806,6.0,2,0
2023-06-11,621295,5,1,0,2.7224642857142856,5.0,4,1
2023-06-11,621363,3,1,0,0.236,3.0,2,0
2023-06-11,622075,4,2,1,0.771903,4.0,1,0
2023-06-11,622098,4,2,0,1.021892857142857,4.0,2,1
2023-06-11,622554,4,0,0,1.5689230769230769,4.0,4,1
2023-06-11,623167,9,0,1,5.82435952173913,9.0,8,1
2023-06-11,623211,5,2,1,2.367868728274174,5.0,2,1
2023-06-11,623474,3,0,1,0.949903,3.0,2,0
2023-06-11,624647,4,1,0,0.834,4.0,3,0
2023-06-11,640448,4,1,0,1.26,4.0,3,0
2023-06-11,640451,3,0,0,0.8150000000000001,3.0,3,0
2023-06-11,640462,3,0,0,0.275,3.0,3,0
2023-06-11,641672,7,3,1,1.982903,7.0,3,0
2023-06-11,641703,3,1,0,3.1678297872340426,3.0,2,2
2023-06-11,641871,5,1,0,2.2648478260869562,5.0,4,1
2023-06-11,641941,6,0,0,3.5007045454545453,6.0,6,1
2023-06-11,642048,6,3,1,1.019903,6.0,2,0
2023-06-11,642397,4,0,0,1.8722968749999995,4.0,4,1
2023-06-11,642547,21,5,2,8.214248551020408,21.0,13,1
2023-06-11,643377,5,1,0,1.296,5.0,4,0
2023-06-11,650633,6,0,2,2.3828060000000004,5.0,4,0
2023-06-11,656232,25,4,2,12.082735771315642,24.0,18,4
2023-06-11,656288,22,7,0,7.22218888888889,22.0,15,2
2023-06-11,656464,6,2,1,1.548903,6.0,3,0
2023-06-11,656605,26,7,2,5.141311,26.0,16,1
2023-06-11,656638,5,1,0,1.6820000000000002,5.0,4,0
2023-06-11,656730,2,0,0,1.404,2.0,2,0
2023-06-11,657265,6,2,1,1.700908,5.0,2,0
2023-06-11,657376,19,4,0,4.9291357466063355,19.0,15,1
2023-06-11,657424,6,1,1,1.494903,6.0,4,0
2023-06-11,657571,6,2,0,1.449,6.0,4,0
2023-06-11,659275,23,5,3,8.422617333333333,23.0,15,1
2023-06-11,660261,3,0,2,1.922806,3.0,1,0
2023-06-11,660813,3,0,0,1.0190000000000001,3.0,3,0
2023-06-11,661403,3,2,0,0.05,3.0,1,0
2023-06-11,663556,26,5,1,8.643769917502787,26.0,20,4
2023-06-11,663558,6,1,0,0.65,6.0,5,0
2023-06-11,663773,3,1,0,0.23399999999999999,3.0,2,0
2023-06-11,663804,6,1,1,3.561095307692308,6.0,4,2
2023-06-11,663855,6,1,1,1.4159030000000001,6.0,4,0
2023-06-11,663878,7,3,0,0.587,7.0,4,0
2023-06-11,663941,12,2,1,3.060903,12.0,9,0
2023-06-11,663947,3,1,2,1.391806,3.0,0,0
2023-06-11,663986,4,2,0,0.836,4.0,2,0
2023-06-11,663992,2,0,0,0.7151764705882353,2.0,2,0
2023-06-11,664139,6,0,0,0.28800000000000003,5.0,5,0
2023-06-11,664294,4,1,0,0.795005,4.0,2,0
2023-06-11,664747,3,0,0,1.244333333333333,3.0,3,1
2023-06-11,664875,6,0,2,2.059806,6.0,4,0
2023-06-11,665625,4,0,1,1.1409030000000002,4.0,3,0
2023-06-11,665871,11,1,1,5.358872574036511,11.0,9,1
2023-06-11,666129,20,9,1,3.718903,20.0,10,0
2023-06-11,666214,16,4,2,4.805299939393939,16.0,10,2
2023-06-11,666374,4,2,0,1.9003142857142854,4.0,2,1
2023-06-11,666720,4,2,0,0.39599999999999996,4.0,2,0
2023-06-11,667755,8,2,1,3.170908,8.0,4,0
2023-06-11,668674,5,1,1,0.8279030000000001,5.0,3,0
2023-06-11,668678,29,5,2,10.295300047619047,29.0,22,2
2023-06-11,668881,25,9,2,7.30433480952381,25.0,13,1
2023-06-11,669060,3,1,0,0.7820000000000001,3.0,2,0
2023-06-11,669093,6,0,2,3.8048377796610175,6.0,4,1
2023-06-11,669211,9,6,0,0.872,9.0,3,0
2023-06-11,669302,19,2,0,11.31520178025852,19.0,16,4
2023-06-11,669456,26,9,1,6.323402051233396,26.0,16,2
2023-06-11,669459,1,1,0,0.0,1.0,0,0
2023-06-11,669467,4,1,1,1.071903,4.0,2,0
2023-06-11,669674,2,0,0,0.8089999999999999,2.0,2,0
2023-06-11,669713,15,4,1,8.015965087917957,15.0,9,3
2023-06-11,670280,4,1,0,0.9285384615384615,4.0,3,0
2023-06-11,671345,8,0,1,3.431903,8.0,7,0
2023-06-11,672578,7,0,1,3.2019029999999997,7.0,6,1
2023-06-11,676254,13,2,0,2.096,13.0,11,0
2023-06-11,676664,22,5,0,8.211609022988506,21.0,15,2
2023-06-11,676680,3,0,0,3.0280050000000003,3.0,2,1
2023-06-11,676684,4,0,0,0.816,4.0,4,0
2023-06-11,676714,5,0,0,2.27,5.0,5,0
2023-06-11,676760,4,0,0,1.7842968749999997,4.0,4,1
2023-06-11,677020,4,1,0,0.883,4.0,3,0
2023-06-11,678394,26,3,2,6.505371217391304,26.0,21,0
2023-06-11,681911,5,2,1,1.4759030000000002,5.0,2,0
2023-06-11,681982,3,1,0,1.0924999999999998,3.0,2,1
2023-06-11,682171,4,1,1,1.521903,4.0,2,0
2023-06-11,686973,22,6,2,7.008139333333333,22.0,14,1
2023-06-11,687798,8,0,1,5.063675727272727,8.0,7,1
2023-06-11,693821,24,1,1,6.163903,24.0,22,0
2023-06-12,425844,19,4,0,7.829605811965812,19.0,15,3
2023-06-12,445276,3,1,0,0.455,3.0,2,0
2023-06-12,450203,24,8,3,7.989730428571429,24.0,13,3
2023-06-12,453268,4,0,1,1.383903,4.0,3,0
2023-06-12,518585,3,2,0,0.212,3.0,1,0
2023-06-12,519293,6,2,0,0.641,6.0,4,0
2023-06-12,542881,28,7,2,10.641416961365678,28.0,19,2
2023-06-12,542888,3,0,0,1.349,3.0,3,0
2023-06-12,543521,3,0,0,2.071354838709677,3.0,3,1
2023-06-12,547973,3,3,0,0.0,3.0,0,0
2023-06-12,571539,3,0,0,1.19,3.0,3,0
2023-06-12,571656,6,1,0,2.5079090909090915,6.0,5,1
2023-06-12,571901,5,2,0,1.345192307692308,5.0,3,1
2023-06-12,571927,3,0,0,0.904388888888889,3.0,3,0
2023-06-12,572020,24,8,1,4.476357545454546,24.0,15,0
2023-06-12,572955,2,0,1,2.0126961034482758,2.0,1,1
2023-06-12,592229,7,2,1,2.0108363333333332,6.0,3,0
2023-06-12,596112,3,1,0,0.6460500000000001,3.0,2,0
2023-06-12,596133,23,3,4,8.316652,22.0,15,1
2023-06-12,601713,5,0,3,2.4373774285714287,4.0,2,1
2023-06-12,605130,5,1,1,1.6009030000000002,4.0,3,0
2023-06-12,605177,4,1,1,0.951903,4.0,2,0
2023-06-12,606965,5,1,2,2.356806,5.0,2,1
2023-06-12,607755,8,0,1,4.435903,8.0,7,1
2023-06-12,608032,5,2,1,1.6519030000000001,5.0,2,0
2023-06-12,608717,6,0,0,1.514,6.0,6,0
2023-06-12,608718,6,0,0,1.7720714285714287,6.0,6,1
2023-06-12,612434,5,1,0,2.5655,5.0,4,1
2023-06-12,613534,4,0,1,2.536908,4.0,2,0
2023-06-12,621016,5,1,1,1.195903,5.0,3,0
2023-06-12,621057,1,0,0,0.143,1.0,1,0
2023-06-12,621076,25,4,3,8.443666264957265,25.0,18,3
2023-06-12,621107,20,6,2,6.131881289575289,20.0,12,1
2023-06-12,621345,3,2,0,0.6782222222222222,3.0,1,0
2023-06-12,621381,15,1,1,5.989228789473684,15.0,11,0
2023-06-12,622065,5,2,0,1.458,5.0,3,0
2023-06-12,622250,5,1,0,1.589,5.0,4,0
2023-06-12,623211,8,1,1,2.7299352580645166,8.0,6,1
2023-06-12,623433,6,1,0,1.696,6.0,5,0
2023-06-12,628452,8,2,0,4.541,8.0,6,1
2023-06-12,628708,7,2,0,1.7979979209979209,7.0,5,1
2023-06-12,641302,14,2,0,1.9489999999999998,14.0,12,0
2023-06-12,641540,24,3,5,10.13090388888889,24.0,16,0
2023-06-12,641729,3,0,0,0.8210000000000001,2.0,3,0
2023-06-12,642100,3,1,0,1.131,3.0,2,0
2023-06-12,643511,4,0,0,0.859,4.0,4,0
2023-06-12,656546,3,2,0,0.064,3.0,1,0
2023-06-12,656638,2,0,0,0.08399999999999999,2.0,2,0
2023-06-12,657097,4,1,0,0.639,4.0,3,0
2023-06-12,657277,27,6,0,8.421717881660674,27.0,21,2
2023-06-12,657514,1,1,0,0.0,1.0,0,0
2023-06-12,657756,23,6,1,7.1684585555555556,23.0,16,1
2023-06-12,663773,9,2,1,2.900403,9.0,6,1
2023-06-12,664199,5,1,1,2.0283791904761905,5.0,3,1
2023-06-12,666142,8,1,1,3.5108669423076937,8.0,6,1
2023-06-12,666200,21,3,1,8.735455826086957,21.0,16,2
2023-06-12,666720,2,0,0,0.555,2.0,2,0
2023-06-12,666808,7,0,2,3.178061,7.0,4,0
2023-06-12,668984,3,1,1,1.557903,3.0,1,0
2023-06-12,669438,12,1,1,5.132357545454545,12.0,10,0
2023-06-12,669461,27,5,2,9.839546382308846,27.0,19,2
2023-06-12,669467,6,1,1,1.354903,6.0,4,0
2023-06-12,670174,8,1,2,3.610806,8.0,5,0
2023-06-12,672578,3,0,0,0.867,3.0,3,0
2023-06-12,674072,23,6,1,9.740539363636364,23.0,16,2
2023-06-12,676689,4,0,1,0.789903,4.0,3,0
2023-06-12,681982,8,0,2,3.859806,8.0,6,1
2023-06-12,682051,14,2,3,5.415714,14.0,8,1
2023-06-12,682175,1,0,0,0.105,1.0,1,0
2023-06-12,682243,21,6,3,5.671005875,21.0,12,1
2023-06-12,686610,11,5,0,1.218,11.0,6,0
2023-06-12,686654,7,0,0,2.295,7.0,7,0
2023-06-12,686753,9,1,2,4.01613128957529,9.0,6,2
2023-06-12,687330,4,1,0,0.419,4.0,3,0
2023-06-12,696147,8,1,1,1.614,7.0,6,0
2023-06-13,446372,9,2,0,3.9239140909090917,9.0,6,1
2023-06-13,453268,3,1,0,0.046,3.0,2,0
2023-06-13,453286,19,2,0,9.21023142857143,19.0,15,2
2023-06-13,455119,4,2,0,0.313,4.0,2,0
2023-06-13,458681,23,6,2,7.850443575452717,23.0,15,2
2023-06-13,502085,4,2,0,0.20400000000000001,4.0,2,0
2023-06-13,502171,19,5,2,5.893806,19.0,12,0
2023-06-13,502624,20,6,1,5.267908,20.0,12,0
2023-06-13,518617,2,1,0,0.247,2.0,1,0
2023-06-13,543272,3,0,1,0.9189030000000001,3.0,2,0
2023-06-13,543475,25,4,3,7.818709,25.0,18,0
2023-06-13,543507,4,1,2,1.865806,4.0,1,0
2023-06-13,554430,23,7,1,4.646903,23.0,15,0
2023-06-13,571539,3,0,1,2.6073512758620687,2.0,1,1
2023-06-13,571578,23,5,5,9.435131220872035,23.0,13,3
2023-06-13,571901,1,0,0,0.4829999999999999,1.0,1,0
2023-06-13,571948,3,1,0,1.8045555555555557,3.0,2,1
2023-06-13,572403,2,0,0,0.063,2.0,2,0
2023-06-13,572955,2,1,0,0.03,2.0,1,0
2023-06-13,573009,14,1,0,5.1766938775510205,14.0,13,1
2023-06-13,592254,6,1,0,2.3577727272727276,6.0,5,1
2023-06-13,592426,4,3,0,0.314,4.0,1,0
2023-06-13,592454,3,0,0,0.47100000000000003,3.0,3,0
2023-06-13,592791,25,4,2,8.408519571428572,24.0,18,3
2023-06-13,593974,4,0,1,2.109908,4.0,2,0
2023-06-13,595345,7,2,0,0.84,7.0,5,0
2023-06-13,595928,7,2,0,2.0230588235294116,7.0,5,0
2023-06-13,596112,5,1,1,2.105903,5.0,3,0
2023-06-13,600917,5,1,2,2.7141393333333332,5.0,2,1
2023-06-13,605135,21,5,1,9.555421701298702,21.0,15,4
2023-06-13,605151,8,1,3,3.866709,8.0,4,0
2023-06-13,605200,19,4,3,7.168709,19.0,12,1
2023-06-13,605280,2,2,0,0.0,2.0,0,0
2023-06-13,605397,25,5,1,5.553903,25.0,19,0
2023-06-13,605463,3,1,0,0.671,3.0,2,0
2023-06-13,606303,6,1,1,2.578908,6.0,3,0
2023-06-13,607259,4,0,0,1.6,4.0,4,0
2023-06-13,608032,2,1,0,1.04795,2.0,1,1
2023-06-13,608371,6,3,0,1.077,6.0,3,0
2023-06-13,608638,4,0,0,1.4692272727272728,4.0,4,1
2023-06-13,608678,5,2,0,0.53,5.0,3,0
2023-06-13,608723,5,0,1,2.6824363333333334,5.0,4,1
2023-06-13,614179,9,1,2,4.0772654594594595,9.0,6,1
2023-06-13,621051,4,1,1,1.007903,4.0,2,0
2023-06-13,621057,7,1,1,3.2389080000000003,7.0,4,0
2023-06-13,621363,4,0,0,1.248,3.0,4,0
2023-06-13,621383,3,1,0,0.42200000000000004,3.0,2,0
2023-06-13,622663,26,4,3,10.329542282828282,26.0,18,2
2023-06-13,622772,1,1,0,0.0,1.0,0,0
2023-06-13,623167,6,0,1,2.7274363333333334,6.0,5,1
2023-06-13,623352,4,3,0,0.871,4.0,1,0
2023-06-13,623437,5,0,0,1.2890000000000001,5.0,5,0
2023-06-13,623465,3,1,0,0.813,3.0,2,0
2023-06-13,623474,6,1,0,1.770005,6.0,4,0
2023-06-13,630023,15,2,1,4.227907999999999,15.0,10,0
2023-06-13,641154,24,9,1,4.152903,24.0,14,1
2023-06-13,641329,4,1,0,0.515,4.0,3,0
2023-06-13,641672,5,2,1,1.441903,5.0,2,0
2023-06-13,641743,3,0,0,0.601,3.0,3,0
2023-06-13,641771,7,1,1,4.033072491525425,7.0,5,1
2023-06-13,642048,4,0,1,1.7509080000000001,4.0,2,0
2023-06-13,642207,4,0,1,5.122613622710622,4.0,3,2
2023-06-13,642239,9,2,1,4.439935258064516,9.0,6,1
2023-06-13,642545,22,2,1,12.77466737406409,22.0,18,5
2023-06-13,643410,4,2,1,1.8533354324324325,4.0,1,1
2023-06-13,650556,5,1,0,1.9877586206896556,5.0,4,1
2023-06-13,650633,3,1,0,0.513,3.0,2,0
2023-06-13,650893,10,2,1,4.959952783549783,9.0,7,2
2023-06-13,650960,3,0,0,0.09899999999999999,3.0,3,0
2023-06-13,656222,8,3,1,2.022903,8.0,4,0
2023-06-13,656234,6,0,0,2.29765,6.0,6,1
2023-06-13,656257,2,0,0,0.27599999999999997,2.0,2,0
2023-06-13,656271,7,2,1,0.185,6.0,4,0
2023-06-13,656427,26,3,3,11.267192260869566,26.0,19,1
2023-06-13,656814,12,0,0,4.422671111111111,12.0,12,0
2023-06-13,657097,7,1,1,1.880903,7.0,5,0
2023-06-13,657240,4,2,0,0.824,3.0,1,0
2023-06-13,657508,2,1,0,0.194,2.0,1,0
2023-06-13,657571,3,2,0,0.011,3.0,1,0
2023-06-13,660261,4,1,0,0.43199999999999994,4.0,3,0
2023-06-13,660813,2,0,0,0.256,2.0,2,0
2023-06-13,663658,6,0,1,2.1697918888888887,6.0,5,0
2023-06-13,663687,25,2,0,5.8681052631578945,24.0,23,0
2023-06-13,663752,3,1,0,1.0925599999999998,3.0,2,0
2023-06-13,663765,13,3,3,5.052597888888889,13.0,7,1
2023-06-13,663804,4,1,1,1.1439030000000001,4.0,2,0
2023-06-13,664062,24,6,2,5.006811,24.0,15,0
2023-06-13,664139,4,0,2,2.735811,4.0,1,0
2023-06-13,664208,3,1,0,1.401972972972973,3.0,2,1
2023-06-13,664294,3,0,0,0.947,3.0,3,0
2023-06-13,664747,3,1,0,1.1051739130434783,3.0,2,1
2023-06-13,664875,7,0,2,2.136903,6.0,5,0
2023-06-13,665152,25,6,0,8.6195,25.0,19,0
2023-06-13,665625,1,1,0,0.0,1.0,0,0
2023-06-13,665795,19,4,3,6.386801307692307,19.0,12,2
2023-06-13,666168,3,2,0,0.127,3.0,1,0
2023-06-13,667463,1,0,0,0.075,1.0,1,0
2023-06-13,667755,3,2,0,0.13,3.0,1,0
2023-06-13,668942,8,0,0,4.576,8.0,8,0
2023-06-13,669203,25,8,1,7.0622578387096775,25.0,16,1
2023-06-13,669212,4,0,1,1.210903,4.0,3,0
2023-06-13,669391,11,2,1,3.2650630000000005,10.0,8,1
2023-06-13,669923,22,10,0,4.578923076923077,22.0,12,1
2023-06-13,669952,8,2,0,2.406653333333333,8.0,6,1
2023-06-13,670102,10,2,0,3.62225,10.0,8,1
2023-06-13,670990,6,0,1,2.386908,6.0,4,0
2023-06-13,672335,8,0,2,2.306806,8.0,6,0
2023-06-13,674003,16,3,1,6.151987099099099,16.0,12,3
2023-06-13,675540,6,2,0,0.9396249999999999,6.0,4,0
2023-06-13,676440,22,3,2,9.033480603174604,22.0,17,3
2023-06-13,676710,20,5,3,7.944436272727273,20.0,12,2
2023-06-13,676760,5,0,1,2.8089003684210527,5.0,4,0
2023-06-13,676775,16,2,3,5.712714,16.0,10,1
2023-06-13,676979,8,3,0,2.15425,8.0,5,0
2023-06-13,677020,3,1,0,0.247,3.0,2,0
2023-06-13,680735,6,0,1,2.763680391304348,6.0,5,1
2023-06-13,680739,9,4,0,2.314053571428572,9.0,5,1
2023-06-13,682175,7,0,0,2.7277142857142858,7.0,7,0
2023-06-13,682227,20,1,0,10.17619751946167,20.0,19,3
2023-06-13,682847,23,4,2,7.521047486068111,22.0,16,1
2023-06-13,686613,25,4,3,8.545580212121212,25.0,18,1
2023-06-14,434378,20,6,0,4.551345029239766,20.0,14,1
2023-06-14,445926,1,0,0,0.26,1.0,1,0
2023-06-14,477132,27,5,2,8.98211153640621,27.0,20,3
2023-06-14,489446,3,2,0,0.006,3.0,1,0
2023-06-14,493603,4,1,0,1.157,4.0,3,0
2023-06-14,502085,5,1,1,0.9589030000000001,5.0,3,0
2023-06-14,518585,4,1,0,0.666,4.0,3,0
2023-06-14,518876,25,7,4,9.38291859965035,25.0,14,3
2023-06-14,518886,4,2,0,0.221,4.0,2,0
2023-06-14,519151,7,0,0,2.0408,7.0,7,1
2023-06-14,519293,5,0,0,3.682,5.0,5,1
2023-06-14,523260,4,1,1,1.484903,4.0,2,0
2023-06-14,542585,5,2,1,1.521903,5.0,2,0
2023-06-14,543037,22,8,0,6.344718475073314,22.0,14,3
2023-06-14,543056,3,0,1,2.312183487804878,3.0,2,1
2023-06-14,543101,17,7,1,5.648319666666667,17.0,9,0
2023-06-14,543518,8,2,0,2.674892857142857,8.0,6,1
2023-06-14,543521,9,4,0,0.817,9.0,5,0
2023-06-14,547179,27,3,2,13.251324633540372,27.0,22,3
2023-06-14,548384,2,0,0,0.602,2.0,2,0
2023-06-14,571656,2,0,0,0.502,2.0,2,0
2023-06-14,571670,3,2,0,0.076,3.0,1,0
2023-06-14,571760,21,5,4,8.494155461538462,21.0,11,0
2023-06-14,571927,6,2,0,2.746,6.0,4,0
2023-06-14,571948,3,1,1,0.8519030000000001,3.0,1,0
2023-06-14,573124,3,2,0,0.345,3.0,1,0
2023-06-14,592094,4,1,0,1.174388888888889,4.0,3,0
2023-06-14,592454,3,2,0,0.003,3.0,1,0
2023-06-14,592741,3,1,0,0.17,3.0,2,0
2023-06-14,592767,27,4,1,9.746038742035743,27.0,22,2
2023-06-14,592779,3,3,0,0.0,3.0,0,0
2023-06-14,593576,3,2,0,0.066,3.0,1,0
2023-06-14,594580,6,1,1,1.9092187894736843,6.0,4,0
2023-06-14,594902,27,4,0,8.525005,27.0,22,0
2023-06-14,596001,10,3,0,1.0146666666666666,10.0,7,0
2023-06-14,596295,25,5,1,7.171962496567506,24.0,18,2
2023-06-14,598286,1,0,0,0.8868461538461541,1.0,1,1
2023-06-14,605182,20,5,2,5.141811000000001,20.0,12,0
2023-06-14,605242,5,2,0,1.2149333333333332,5.0,3,0
2023-06-14,605447,6,1,0,2.525,6.0,5,0
2023-06-14,605463,5,1,1,1.674903,5.0,3,0
2023-06-14,606149,5,2,1,2.522787615384615,5.0,2,1
2023-06-14,607067,22,4,3,7.75576495068753,22.0,15,1
2023-06-14,607179,3,1,0,0.247,3.0,2,0
2023-06-14,607192,24,6,4,10.492646632034631,24.0,14,2
2023-06-14,607481,3,1,1,0.939903,3.0,1,0
2023-06-14,608379,24,5,1,8.160992285714286,24.0,18,1
2023-06-14,608665,3,0,1,1.154903,3.0,2,0
2023-06-14,608678,4,1,1,0.436,3.0,2,0
2023-06-14,608718,3,0,1,1.172903,3.0,2,0
2023-06-14,613534,4,2,0,0.601,4.0,2,0
2023-06-14,621016,3,3,0,0.0,3.0,0,0
2023-06-14,621051,1,1,0,0.0,1.0,0,0
2023-06-14,621237,4,1,1,1.222903,4.0,2,0
2023-06-14,621244,28,5,1,7.2211937142857145,27.0,20,0
2023-06-14,621295,3,2,0,0.557,3.0,1,0
2023-06-14,621345,5,1,0,0.8514,5.0,4,0
2023-06-14,621363,3,2,0,0.028,3.0,1,0
2023-06-14,622065,5,0,1,2.7819429999999996,5.0,4,1
2023-06-14,622075,5,1,0,1.8832173913043477,5.0,4,1
2023-06-14,622250,7,3,1,1.125903,7.0,3,0
2023-06-14,622491,24,6,6,7.849518000000001,24.0,12,1
2023-06-14,622554,6,0,1,3.3619565714285713,6.0,5,1
2023-06-14,622772,5,0,1,2.015903,5.0,4,0
2023-06-14,622780,3,2,0,0.011,3.0,1,0
2023-06-14,623149,3,1,1,1.017903,3.0,1,0
2023-06-14,623433,7,1,1,2.169903,7.0,5,0
2023-06-14,623437,6,1,0,0.914,5.0,4,0
2023-06-14,623474,6,0,0,2.342733333333333,6.0,6,1
2023-06-14,624133,26,7,2,6.499856682507583,26.0,17,1
2023-06-14,624647,3,0,0,1.301,3.0,3,0
2023-06-14,625643,3,0,0,0.537,3.0,3,0
2023-06-14,628452,6,1,0,2.603860465116279,6.0,5,1
2023-06-14,640451,5,1,1,1.847903,5.0,3,0
2023-06-14,640462,6,0,0,1.8985333333333334,6.0,6,1
2023-06-14,640470,5,1,1,1.387903,5.0,3,0
2023-06-14,641729,5,1,0,1.1161739130434782,5.0,4,1
2023-06-14,641835,1,0,0,0.404,1.0,1,0
2023-06-14,641871,4,1,1,1.2751530000000002,4.0,2,0
2023-06-14,641927,24,7,1,9.40587194934334,24.0,16,3
2023-06-14,642397,2,0,1,0.870903,2.0,1,0
2023-06-14,643377,3,1,0,0.368,3.0,2,0
2023-06-14,643410,3,1,0,0.181,3.0,2,0
2023-06-14,643511,3,1,0,0.06,3.0,2,0
2023-06-14,650644,20,7,4,5.986855243243244,20.0,9,1
2023-06-14,650960,4,0,1,2.174903,4.0,3,0
2023-06-14,656061,4,2,0,0.214,4.0,2,0
2023-06-14,656257,4,1,1,1.5069080000000001,4.0,1,0
2023-06-14,656353,7,0,0,2.128,7.0,7,0
2023-06-14,656529,5,0,0,1.9174166666666668,5.0,5,0
2023-06-14,656756,27,7,2,5.867806,27.0,18,0
2023-06-14,656945,4,1,0,0.376,4.0,3,0
2023-06-14,657044,4,2,0,0.19899999999999998,4.0,2,0
2023-06-14,657508,4,0,1,2.287443,4.0,3,1
2023-06-14,657585,5,0,0,1.881,5.0,5,0
2023-06-14,657612,6,0,1,1.2059030000000002,6.0,5,0
2023-06-14,660813,2,0,0,0.055,1.0,1,0
2023-06-14,660853,4,1,0,0.633,4.0,3,0
2023-06-14,661395,3,1,0,0.33,3.0,2,0
2023-06-14,662253,3,1,1,1.084403,3.0,1,0
2023-06-14,663567,8,2,1,2.784153,8.0,5,0
2023-06-14,663738,29,3,2,11.64780061008475,29.0,24,4
2023-06-14,663855,5,3,0,0.897,5.0,2,0
2023-06-14,663947,5,0,0,1.581,5.0,5,0
2023-06-14,664285,26,6,0,6.59770606060606,26.0,20,1
2023-06-14,664747,3,1,0,1.048005,3.0,1,0
2023-06-14,665622,20,5,1,6.673903,20.0,14,0
2023-06-14,666374,4,2,0,1.4970050000000001,4.0,1,0
2023-06-14,666619,4,1,0,1.589,4.0,3,0
2023-06-14,666808,4,2,1,1.5039030000000002,4.0,1,0
2023-06-14,668338,4,1,1,1.1049030000000002,4.0,2,0
2023-06-14,668674,8,1,2,2.8053774285714286,8.0,5,1
2023-06-14,668754,10,1,2,4.772472666666667,10.0,7,1
2023-06-14,669060,5,1,2,2.603806,5.0,2,0
2023-06-14,669459,3,1,0,1.08,3.0,2,0
2023-06-14,669674,7,3,1,2.075903,7.0,3,0
2023-06-14,669796,1,0,0,0.147,1.0,1,0
2023-06-14,670059,7,1,1,3.5372030000000008,7.0,5,1
2023-06-14,670174,7,1,1,2.082103,7.0,5,1
2023-06-14,670990,5,1,1,1.828903,5.0,3,0
2023-06-14,671345,3,1,1,0.7469030000000001,3.0,1,0
2023-06-14,672282,24,8,3,5.652031580645161,24.0,13,1
2023-06-14,672710,9,1,2,3.743806,9.0,6,0
2023-06-14,674370,19,6,3,6.059709,19.0,10,0
2023-06-14,675540,5,0,1,4.413203,5.0,4,2
2023-06-14,675911,24,6,2,11.882594309957923,24.0,15,3
2023-06-14,676254,4,2,0,1.0110000000000001,4.0,2,0
2023-06-14,676477,26,7,1,6.153903,26.0,18,0
2023-06-14,676760,2,0,0,1.3020049999999999,2.0,1,0
2023-06-14,680686,27,5,0,8.093106449275362,27.0,21,2
2023-06-14,680694,25,1,0,8.422838333333333,24.0,22,1
2023-06-14,680704,4,0,0,1.035,4.0,4,0
2023-06-14,681857,18,2,2,7.689962250000001,18.0,14,2
2023-06-14,681911,3,1,0,1.0940050000000001,3.0,1,0
2023-06-14,681982,7,1,0,1.0,7.0,6,0
2023-06-14,686839,8,3,0,2.227606060606061,8.0,5,1
2023-06-14,689266,21,2,3,10.737539584707646,21.0,16,2
2023-06-14,691587,21,6,1,6.534810619047619,21.0,14,3
2023-06-15,472610,4,0,0,1.1700000000000002,4.0,4,0
2023-06-15,518617,4,0,2,2.627806,4.0,2,0
2023-06-15,518886,3,1,0,0.6237894736842104,3.0,2,0
2023-06-15,519151,4,2,0,2.5769090909090906,4.0,2,1
2023-06-15,523260,4,1,1,1.514903,4.0,2,0
2023-06-15,543135,27,9,2,9.340913476930547,27.0,15,2
2023-06-15,543243,18,3,4,6.505612,18.0,11,0
2023-06-15,543272,3,1,0,0.155,3.0,2,0
2023-06-15,543859,12,6,1,2.646014111111111,12.0,5,0
2023-06-15,554340,7,2,0,1.6840000000000002,7.0,5,0
2023-06-15,571510,24,8,1,6.084753,24.0,15,2
2023-06-15,571539,6,0,0,3.3186574074074073,5.0,5,1
2023-06-15,571946,8,2,1,1.886903,7.0,4,0
2023-06-15,572955,4,2,0,2.0060000000000002,4.0,2,1
2023-06-15,573186,24,5,2,6.546739333333333,23.0,16,0
2023-06-15,579328,23,7,2,6.4832127796610175,23.0,14,1
2023-06-15,592094,3,2,0,0.065,3.0,1,0
2023-06-15,593576,5,0,1,1.404903,5.0,4,0
2023-06-15,596112,1,1,0,0.0,1.0,0,0
2023-06-15,605177,2,1,0,0.073,2.0,1,0
2023-06-15,605218,3,1,0,0.081,3.0,2,0
2023-06-15,605347,10,0,0,4.0097000000000005,10.0,10,0
2023-06-15,605400,27,9,1,6.177696103448276,27.0,17,1
2023-06-15,606965,5,1,2,1.3153575454545456,4.0,2,0
2023-06-15,607259,8,2,0,2.674842105263158,8.0,6,1
2023-06-15,607481,4,1,1,0.306,3.0,2,0
2023-06-15,607536,23,1,3,10.346164882352943,23.0,19,1
2023-06-15,608032,3,0,3,2.0877090000000003,3.0,0,0
2023-06-15,608665,5,2,1,1.006903,5.0,2,0
2023-06-15,612434,5,1,1,0.762,4.0,3,0
2023-06-15,621074,3,1,0,0.508,3.0,2,0
2023-06-15,621112,27,9,1,6.308560173913044,27.0,16,1
2023-06-15,622075,3,2,0,0.193,3.0,1,0
2023-06-15,622554,2,2,0,0.0,2.0,0,0
2023-06-15,622780,3,0,1,1.025903,3.0,2,0
2023-06-15,623465,7,4,1,1.5727451052631578,7.0,2,1
2023-06-15,625643,5,0,0,2.1420399999999997,5.0,5,1
2023-06-15,640448,4,3,0,0.098,4.0,1,0
2023-06-15,640451,5,1,0,1.3574285714285714,5.0,4,1
2023-06-15,641703,5,1,1,1.458903,5.0,3,0
2023-06-15,641743,4,1,0,1.0164545454545455,4.0,3,0
2023-06-15,641835,1,0,0,0.056,1.0,1,0
2023-06-15,641941,6,3,0,0.733,6.0,3,0
2023-06-15,642239,3,1,0,1.0110000000000001,3.0,2,0
2023-06-15,642397,3,1,0,0.741,3.0,2,0
2023-06-15,642585,4,2,0,0.228,4.0,2,0
2023-06-15,643493,10,0,0,3.7018,9.0,9,1
2023-06-15,650556,4,0,0,1.242,4.0,4,0
2023-06-15,656271,5,2,0,3.555,5.0,3,1
2023-06-15,656290,8,3,0,1.227,8.0,5,0
2023-06-15,656302,23,10,3,6.249709,23.0,10,0
2023-06-15,656638,4,1,0,0.367,4.0,3,0
2023-06-15,657024,4,0,0,2.141,4.0,4,1
2023-06-15,657097,4,1,1,1.0249030000000001,4.0,2,0
2023-06-15,657240,4,3,0,0.457,4.0,1,0
2023-06-15,657424,2,2,0,0.0,2.0,0,0
2023-06-15,657571,3,1,0,0.22999999999999998,3.0,2,0
2023-06-15,660271,25,3,1,6.957420857142857,25.0,21,2
2023-06-15,660787,7,2,1,1.543,6.0,4,0
2023-06-15,661403,5,1,1,1.950903,5.0,3,0
2023-06-15,663558,6,1,0,1.748,6.0,5,0
2023-06-15,663752,4,2,0,0.55,4.0,2,0
2023-06-15,663878,3,1,0,0.129,3.0,2,0
2023-06-15,663986,6,1,1,1.549903,6.0,4,0
2023-06-15,663992,3,0,0,0.688,2.0,2,0
2023-06-15,664126,3,1,0,0.078,3.0,2,0
2023-06-15,664208,6,0,1,2.185908,6.0,4,0
2023-06-15,664299,22,2,0,4.14105,22.0,20,0
2023-06-15,666168,4,1,0,0.27,4.0,3,0
2023-06-15,666619,3,2,0,0.007,3.0,1,0
2023-06-15,666974,7,1,1,3.213903,7.0,5,0
2023-06-15,667755,3,2,0,0.231,3.0,1,0
2023-06-15,669022,22,4,3,9.018906368421053,22.0,15,0
2023-06-15,669194,24,5,2,11.195936790665272,24.0,17,4
2023-06-15,669212,6,0,0,2.7205684981684986,6.0,6,2
2023-06-15,669330,25,8,1,9.409520072131222,25.0,16,5
2023-06-15,669459,4,0,1,1.5753030000000001,4.0,3,0
2023-06-15,669618,4,0,0,1.111,4.0,4,0
2023-06-15,669796,5,0,2,2.614806,4.0,3,0
2023-06-15,670912,23,8,1,7.770908,23.0,13,0
2023-06-15,671106,17,2,4,6.8228847272727275,17.0,11,1
2023-06-15,671345,3,1,0,0.55,3.0,2,0
2023-06-15,671737,21,11,3,4.3757090000000005,21.0,7,0
2023-06-15,675627,23,7,1,10.363235717388031,23.0,15,4
2023-06-15,676680,5,0,0,1.7690416666666664,5.0,5,1
2023-06-15,676684,3,1,0,0.128,3.0,2,0
2023-06-15,676979,3,0,2,2.0751393333333334,3.0,1,1
2023-06-15,677960,12,2,0,5.089709677419354,12.0,10,1
2023-06-15,680704,5,1,2,1.809806,5.0,2,0
2023-06-15,686753,9,3,0,2.516,9.0,6,0
2023-06-15,687330,5,2,1,1.000903,5.0,2,0
2023-06-15,700363,24,6,1,7.165439094224924,24.0,17,2
2023-06-16,446372,9,1,0,3.3909000000000002,9.0,8,1
2023-06-16,448179,24,5,6,8.662898701754386,24.0,12,1
2023-06-16,489446,5,3,0,0.952,5.0,2,0
2023-06-16,506433,23,5,1,8.546823825640871,23.0,17,3
2023-06-16,527048,23,3,2,5.304306,22.0,17,0
2023-06-16,527054,20,4,1,4.085584818181818,20.0,15,1
2023-06-16,542585,3,2,0,0.474,3.0,1,0
2023-06-16,542888,4,0,1,1.646908,4.0,2,0
2023-06-16,543294,20,1,0,6.57955,20.0,19,1
2023-06-16,543518,3,1,0,0.559,3.0,2,0
2023-06-16,571656,4,2,0,0.959,4.0,2,0
2023-06-16,571945,27,1,1,12.26246369358178,27.0,24,3
2023-06-16,572403,3,2,0,0.019,3.0,1,0
2023-06-16,573124,4,1,1,1.5657096774193546,3.0,2,1
2023-06-16,592332,24,4,2,8.116972666666667,24.0,18,1
2023-06-16,592426,3,1,0,0.371,3.0,2,0
2023-06-16,592741,3,1,0,0.8109999999999999,3.0,2,0
2023-06-16,592836,30,8,0,8.351405,30.0,21,0
2023-06-16,592866,22,2,3,9.019611356902358,21.0,16,2
2023-06-16,593334,15,1,2,7.190544333333333,15.0,11,1
2023-06-16,596001,3,1,0,0.381,3.0,2,0
2023-06-16,598286,6,2,0,1.1139999999999999,6.0,4,0
2023-06-16,600917,3,1,0,0.468,3.0,2,0
2023-06-16,605154,4,1,1,0.697903,4.0,2,0
2023-06-16,605177,4,1,0,1.198,4.0,3,0
2023-06-16,605218,6,1,1,2.231903,6.0,4,0
2023-06-16,605242,4,2,0,0.5660000000000001,4.0,2,0
2023-06-16,605447,4,3,0,0.142,4.0,1,0
2023-06-16,605463,5,1,1,1.5304216666666666,4.0,2,0
2023-06-16,606160,5,1,0,1.752005,5.0,3,0
2023-06-16,606303,4,0,1,1.8380630000000002,4.0,3,1
2023-06-16,607179,5,2,0,0.411,5.0,3,0
2023-06-16,607755,3,2,0,0.5060588235294117,3.0,1,0
2023-06-16,608344,18,4,1,8.866380364716495,18.0,13,4
2023-06-16,608371,3,0,0,0.765,3.0,3,0
2023-06-16,608678,4,1,0,1.303005,4.0,2,0
2023-06-16,621016,3,0,1,1.4789080000000001,3.0,1,0
2023-06-16,621294,8,5,1,1.227903,8.0,2,0
2023-06-16,621383,10,4,0,3.336,10.0,6,1
2023-06-16,622503,4,1,2,1.4738060000000002,4.0,1,0
2023-06-16,623149,3,2,0,0.188,3.0,1,0
2023-06-16,624647,4,0,1,1.4479030000000002,4.0,3,0
2023-06-16,640454,10,0,1,3.728838483870968,10.0,9,1
2023-06-16,640455,17,6,1,5.636229428571429,17.0,9,1
2023-06-16,640462,4,1,0,1.015,4.0,3,0
2023-06-16,641585,26,3,1,7.358786010752688,26.0,22,2
2023-06-16,641703,7,2,1,2.733903,7.0,4,0
2023-06-16,641743,3,2,0,0.7739999999999999,3.0,1,1
2023-06-16,641771,3,0,0,0.6699999999999999,3.0,3,0
2023-06-16,641793,7,1,1,3.624903,7.0,5,0
2023-06-16,641835,3,0,1,0.9759030000000001,3.0,2,0
2023-06-16,642207,6,2,2,3.0541538260869565,6.0,2,1
2023-06-16,643396,5,0,0,0.8371666666666666,5.0,5,0
2023-06-16,643511,4,0,0,1.014,4.0,4,0
2023-06-16,645261,26,1,0,9.06419619047619,26.0,25,3
2023-06-16,650893,3,0,0,0.304,3.0,3,0
2023-06-16,656061,8,2,0,2.492,8.0,6,0
2023-06-16,656234,7,1,0,2.046,7.0,6,0
2023-06-16,656529,3,0,0,0.365,3.0,3,0
2023-06-16,656557,17,2,1,4.8480141111111115,17.0,14,1
2023-06-16,656629,24,4,6,10.073222347826087,24.0,14,1
2023-06-16,656731,22,7,0,7.239282777777778,22.0,14,2
2023-06-16,656945,3,2,0,0.8554761904761905,3.0,1,1
2023-06-16,657024,4,1,0,1.0,4.0,3,0
2023-06-16,657053,19,2,5,7.661096666666666,18.0,12,2
2023-06-16,657508,6,0,2,3.6568829230769238,6.0,4,1
2023-06-16,657514,3,0,1,0.937903,3.0,2,0
2023-06-16,657571,4,0,0,0.827005,4.0,3,0
2023-06-16,657585,11,0,1,4.862509060606061,11.0,10,1
2023-06-16,657746,28,7,0,6.791647619047619,28.0,21,2
2023-06-16,659275,20,5,5,11.326565,20.0,10,3
2023-06-16,660813,5,2,0,1.7222666666666666,5.0,3,1
2023-06-16,660853,8,3,1,1.909903,8.0,4,0
2023-06-16,661527,4,1,0,0.87,4.0,3,0
2023-06-16,662253,3,2,0,0.421,3.0,1,0
2023-06-16,663385,9,3,1,2.920903,9.0,5,0
2023-06-16,663556,25,5,3,7.4129978888888886,25.0,17,0
2023-06-16,663567,7,0,1,2.973736333333333,7.0,6,1
2023-06-16,663776,28,6,4,7.947617,28.0,17,0
2023-06-16,663903,24,5,2,8.169218878787879,24.0,17,1
2023-06-16,663947,10,1,1,4.081903,10.0,8,0
2023-06-16,664126,1,0,0,0.248,1.0,1,0
2023-06-16,664294,6,2,0,0.364,6.0,4,0
2023-06-16,664747,5,0,1,2.5257918888888886,5.0,4,1
2023-06-16,665625,6,1,1,1.9989080000000001,6.0,3,0
2023-06-16,665871,9,2,0,2.7439999999999998,9.0,7,0
2023-06-16,666168,3,1,0,1.195,3.0,2,0
2023-06-16,666374,6,3,0,0.711,6.0,3,0
2023-06-16,666808,6,1,1,1.6539030000000001,6.0,4,0
2023-06-16,668678,26,7,0,6.004156250000001,26.0,19,1
2023-06-16,669211,3,0,0,1.2095999999999998,3.0,3,1
2023-06-16,669387,6,2,1,2.2471998749999997,6.0,3,1
2023-06-16,669438,9,2,0,3.6976666666666667,9.0,7,2
2023-06-16,669618,3,3,0,0.0,3.0,0,0
2023-06-16,669947,4,0,0,0.814,4.0,4,0
2023-06-16,671096,24,2,2,7.743020285714286,24.0,20,2
2023-06-16,672335,3,0,1,1.015903,2.0,2,0
2023-06-16,672578,6,2,1,1.2479030000000002,6.0,3,0
2023-06-16,675540,12,1,1,3.8770000000000002,11.0,10,0
2023-06-16,676254,6,0,0,1.533,6.0,6,0
2023-06-16,676664,26,7,0,7.742982231777232,26.0,18,4
2023-06-16,676684,3,2,0,0.204,3.0,1,0
2023-06-16,677020,6,3,0,0.565,6.0,3,0
2023-06-16,677053,6,3,0,0.942,6.0,3,0
2023-06-16,678061,4,2,0,0.454,4.0,2,0
2023-06-16,680735,7,3,1,1.461903,7.0,3,0
2023-06-16,680739,8,1,1,4.7237237885304655,8.0,6,2
2023-06-16,681911,6,2,1,1.785903,6.0,3,0
2023-06-16,681982,3,0,0,0.397,3.0,3,0
2023-06-16,682175,9,2,0,2.151,9.0,7,0
2023-06-16,686218,20,3,2,5.041623391304348,20.0,15,3
2023-06-16,686839,5,2,0,0.771,5.0,3,0
2023-06-16,687798,4,0,1,1.6839030000000001,4.0,3,0
2023-06-16,693433,20,9,0,3.066825641025641,20.0,11,2
2023-06-16,694363,23,2,3,7.104709,23.0,18,0
2023-06-16,696147,6,2,0,0.367,6.0,4,0
2023-06-17,425794,26,3,2,9.685077183277343,26.0,21,2
2023-06-17,453268,3,2,0,0.002,3.0,1,0
2023-06-17,489119,18,4,2,4.654564620689656,18.0,12,1
2023-06-17,493603,2,2,0,0.0,2.0,0,0
2023-06-17,502043,24,7,2,5.471526508166969,23.0,15,1
2023-06-17,518585,3,1,0,0.077,3.0,2,0
2023-06-17,518886,5,2,0,1.6219999999999999,5.0,3,0
2023-06-17,519293,5,1,0,2.7260999999999997,5.0,4,1
2023-06-17,542888,3,1,0,0.137,3.0,2,0
2023-06-17,543056,4,0,0,0.627,4.0,4,0
2023-06-17,543507,4,1,1,0.176,3.0,2,0
2023-06-17,543518,3,0,0,1.239,3.0,3,0
2023-06-17,547973,6,3,2,1.9138060000000001,6.0,1,0
2023-06-17,548384,5,0,0,2.5060000000000002,5.0,5,0
2023-06-17,554340,6,1,0,3.9655454545454543,6.0,5,1
2023-06-17,571656,3,0,0,1.113,3.0,3,0
2023-06-17,571670,2,0,0,0.593,2.0,2,0
2023-06-17,571948,3,0,1,0.7559030000000001,3.0,2,0
2023-06-17,573009,6,0,1,1.541903,6.0,5,0
2023-06-17,592254,6,2,0,0.22499999999999998,6.0,4,0
2023-06-17,592773,6,1,0,1.627,6.0,5,0
2023-06-17,592779,3,0,0,0.14700000000000002,3.0,3,0
2023-06-17,593576,4,0,2,2.5118110000000002,4.0,1,0
2023-06-17,594577,23,1,1,9.318592202172097,22.0,20,3
2023-06-17,594580,7,3,1,0.389,6.0,3,0
2023-06-17,595345,3,0,0,1.331,3.0,3,0
2023-06-17,605130,4,1,0,0.884,4.0,3,0
2023-06-17,605483,24,12,3,4.711754,23.0,7,1
2023-06-17,605612,4,0,0,1.266,4.0,4,0
2023-06-17,606149,4,2,0,0.6835999999999999,4.0,2,0
2023-06-17,606160,8,1,2,3.334806,8.0,5,0
2023-06-17,606965,7,1,0,2.8784594594594592,6.0,6,1
2023-06-17,607179,3,0,0,0.493,3.0,3,0
2023-06-17,607259,3,1,0,0.106,3.0,2,0
2023-06-17,607481,5,3,1,0.053,4.0,1,0
2023-06-17,607755,8,2,1,1.319,6.0,5,0
2023-06-17,608337,25,5,3,9.325108005756148,25.0,17,2
2023-06-17,612434,1,0,0,0.144,1.0,1,0
2023-06-17,621051,3,2,0,0.032,3.0,1,0
2023-06-17,621076,21,6,0,2.5283333333333333,21.0,15,0
2023-06-17,621107,25,5,2,6.488717764705883,24.0,18,1
2023-06-17,621237,4,1,0,1.241,4.0,3,0
2023-06-17,621345,3,1,0,0.047,3.0,2,0
2023-06-17,621381,7,2,0,1.4123000000000003,7.0,5,1
2023-06-17,622072,18,4,0,6.64553974025974,18.0,13,2
2023-06-17,622250,7,0,0,1.9180000000000001,7.0,7,0
2023-06-17,623149,6,1,1,1.7339030000000002,6.0,4,0
2023-06-17,623352,4,2,0,0.55,4.0,2,0
2023-06-17,623433,4,2,1,0.7269030000000001,4.0,1,0
2023-06-17,623437,4,0,0,1.514,4.0,4,0
2023-06-17,628708,4,1,0,0.6809999999999999,4.0,3,0
2023-06-17,640462,4,0,1,1.156503,4.0,3,0
2023-06-17,640470,4,2,1,0.8969030000000001,4.0,1,0
2023-06-17,641302,9,2,2,2.4213712173913042,9.0,5,0
2023-06-17,641329,3,2,0,0.011,3.0,1,0
2023-06-17,641540,23,3,1,8.418300142857143,23.0,19,3
2023-06-17,641729,6,2,1,2.275826076923077,6.0,3,1
2023-06-17,641771,7,2,3,1.950806,6.0,2,0
2023-06-17,641793,4,0,1,0.951903,4.0,3,0
2023-06-17,641871,6,2,1,0.8439030000000001,6.0,3,0
2023-06-17,641941,5,0,0,0.806,5.0,5,0
2023-06-17,642048,4,0,0,2.0140000000000002,4.0,4,0
2023-06-17,642100,3,2,0,0.109,3.0,1,0
2023-06-17,642397,2,0,0,0.201,2.0,2,0
2023-06-17,643256,5,1,0,0.352,4.0,3,0
2023-06-17,643377,3,0,0,1.153,3.0,3,0
2023-06-17,643410,8,2,1,3.538829470588235,8.0,5,1
2023-06-17,650911,14,5,1,1.898903,14.0,8,0
2023-06-17,656232,24,3,3,8.003255474358975,23.0,18,2
2023-06-17,656257,4,0,1,1.498903,4.0,3,0
2023-06-17,656288,23,5,2,5.938353169811321,23.0,16,1
2023-06-17,656546,3,1,0,0.324,2.0,2,0
2023-06-17,656605,24,7,3,8.503010875,24.0,13,3
2023-06-17,656730,4,3,0,0.813,4.0,1,0
2023-06-17,656945,4,1,0,1.189,4.0,3,0
2023-06-17,657006,21,4,1,5.733676139745917,21.0,16,2
2023-06-17,657097,4,1,1,1.5079030000000002,4.0,2,0
2023-06-17,657240,5,1,1,1.362903,5.0,3,0
2023-06-17,657265,6,1,0,1.633,6.0,5,0
2023-06-17,657756,19,1,1,10.50112518369175,19.0,17,5
2023-06-17,661395,3,1,0,0.975,3.0,2,0
2023-06-17,662253,4,2,1,0.813903,4.0,1,0
2023-06-17,663542,11,2,1,3.5212508260869564,11.0,8,1
2023-06-17,663623,21,4,2,5.656806,21.0,15,0
2023-06-17,663658,9,1,2,3.279806,9.0,6,0
2023-06-17,663804,5,1,1,1.348903,5.0,3,0
2023-06-17,663855,4,3,0,0.726005,4.0,0,0
2023-06-17,663941,15,2,1,4.992728,15.0,12,1
2023-06-17,664139,4,0,0,1.6490178571428582,4.0,4,1
2023-06-17,664199,4,1,0,2.0855,4.0,3,1
2023-06-17,664208,6,3,1,1.250903,6.0,2,0
2023-06-17,664875,5,0,1,1.119903,5.0,4,0
2023-06-17,665625,3,0,0,1.224,3.0,3,0
2023-06-17,666129,22,8,1,5.137183487804878,22.0,13,2
2023-06-17,666214,21,9,1,3.310903,21.0,11,0
2023-06-17,666374,2,1,0,0.197,2.0,1,0
2023-06-17,666619,6,2,0,0.579,6.0,4,0
2023-06-17,667755,5,0,2,2.814811,5.0,2,0
2023-06-17,668674,4,1,0,1.573888888888889,4.0,3,0
2023-06-17,668881,26,3,4,9.182018779661018,26.0,19,1
2023-06-17,668970,9,2,2,2.4608060000000003,9.0,5,0
2023-06-17,669302,24,3,3,8.417246581699347,24.0,18,2
2023-06-17,669456,30,5,2,11.94315172230014,30.0,23,3
2023-06-17,669459,3,1,1,1.598903,3.0,1,0
2023-06-17,669467,4,0,1,2.1769030000000003,4.0,3,0
2023-06-17,669674,3,0,0,0.369,3.0,3,0
2023-06-17,669796,4,3,0,1.263652173913044,4.0,1,1
2023-06-17,669947,4,1,0,0.49300000000000005,4.0,3,0
2023-06-17,670102,12,2,3,4.014209,12.0,7,0
2023-06-17,670950,13,2,1,5.2368552144522145,13.0,10,2
2023-06-17,672710,6,1,0,1.083,6.0,5,0
2023-06-17,673540,28,8,1,8.605832615384616,28.0,18,1
2023-06-17,674072,27,3,2,8.009011405405406,27.0,22,1
2023-06-17,676272,27,5,3,9.676394692704497,27.0,18,2
2023-06-17,680704,3,0,0,0.6930000000000001,3.0,3,0
2023-06-17,681911,3,0,1,2.695903,3.0,2,1
2023-06-17,686610,10,1,2,1.7959030000000002,9.0,7,0
2023-06-17,686654,1,1,0,0.0,1.0,0,0
2023-06-17,687396,8,2,1,2.1217363333333332,8.0,5,0
2023-06-17,687798,8,3,0,2.409,8.0,5,0
2023-06-17,688427,5,0,2,3.497939333333333,5.0,3,1
2023-06-17,693821,22,4,0,5.2646,22.0,18,1
2023-06-18,425844,24,4,1,9.683228238095237,24.0,18,2
2023-06-18,445276,4,2,0,0.474,4.0,2,0
2023-06-18,450203,24,8,3,9.739986727272727,24.0,11,2
2023-06-18,455119,4,0,0,1.5170000000000001,4.0,4,0
2023-06-18,458681,27,16,2,3.1668060000000002,27.0,9,0
2023-06-18,471911,18,4,3,7.784127242491657,18.0,11,2
2023-06-18,489446,6,1,0,3.0043333333333333,6.0,5,1
2023-06-18,493603,5,1,1,2.1925227183098586,5.0,3,1
2023-06-18,502085,3,0,0,0.6175714285714285,3.0,3,0
2023-06-18,502624,20,2,4,10.464313015965168,20.0,14,2
2023-06-18,518397,4,0,1,1.1109030000000002,4.0,3,0
2023-06-18,518617,5,2,2,1.255903,4.0,1,0
2023-06-18,519151,4,0,2,2.0458060000000002,4.0,2,0
2023-06-18,542585,4,2,0,0.192,4.0,2,0
2023-06-18,542881,21,6,1,6.236903,20.0,14,0
2023-06-18,543056,3,1,0,0.198,3.0,2,0
2023-06-18,543521,5,0,1,1.728903,5.0,4,0
2023-06-18,548384,4,0,1,1.328903,4.0,3,0
2023-06-18,554340,3,2,0,0.13,3.0,1,0
2023-06-18,554430,25,4,2,8.069806,25.0,19,0
2023-06-18,571539,11,1,2,4.5558060000000005,11.0,8,1
2023-06-18,571578,31,3,2,11.769306,30.0,25,0
2023-06-18,571670,3,0,0,0.934,3.0,3,0
2023-06-18,571948,4,0,0,0.771,4.0,4,0
2023-06-18,572403,5,1,0,0.768,5.0,4,0
2023-06-18,572955,6,3,0,1.254,6.0,3,0
2023-06-18,592351,17,2,3,7.166964,16.0,10,1
2023-06-18,592426,3,2,0,0.015,3.0,1,0
2023-06-18,592454,3,3,0,0.0,3.0,0,0
2023-06-18,592741,4,1,0,0.9344166666666667,4.0,3,0
2023-06-18,592791,24,1,2,8.541738272727272,24.0,20,1
2023-06-18,593974,3,0,0,0.794,3.0,3,0
2023-06-18,595345,4,0,0,0.629,4.0,4,0
2023-06-18,595928,10,2,1,2.753986333333333,10.0,7,0
2023-06-18,596057,8,0,3,2.7967090000000003,8.0,5,0
2023-06-18,596112,3,2,0,0.086,3.0,1,0
2023-06-18,596133,28,1,2,14.136832437456704,28.0,25,3
2023-06-18,598286,4,0,0,2.725243243243243,4.0,4,1
2023-06-18,600917,5,1,1,1.347903,5.0,3,0
2023-06-18,601713,9,4,0,1.034,9.0,5,0
2023-06-18,605135,22,2,3,8.38240146031746,22.0,17,2
2023-06-18,605200,22,2,1,8.145528,22.0,19,0
2023-06-18,605242,1,0,0,0.133,1.0,1,0
2023-06-18,605397,25,1,1,8.194235580645161,25.0,21,1
2023-06-18,607259,7,1,0,2.131,7.0,6,0
2023-06-18,608032,3,1,0,0.5208333333333333,3.0,2,0
2023-06-18,608371,3,2,0,0.082,3.0,1,0
2023-06-18,608678,2,1,1,0.695903,2.0,0,0
2023-06-18,608717,6,1,2,2.6405787272727275,6.0,3,1
2023-06-18,608718,7,2,1,3.4309429999999996,7.0,4,1
2023-06-18,613534,5,1,1,1.340903,5.0,3,0
2023-06-18,614179,10,0,1,4.145303,10.0,9,0
2023-06-18,621051,5,1,1,1.386903,5.0,3,0
2023-06-18,621139,4,0,2,3.3542690769230767,4.0,2,2
2023-06-18,621237,5,3,0,1.109,5.0,2,0
2023-06-18,621294,5,3,0,1.674005,5.0,1,0
2023-06-18,621295,3,1,0,0.701,3.0,2,0
2023-06-18,621381,4,2,0,0.8823478260869564,4.0,2,1
2023-06-18,622065,4,0,0,0.9199999999999999,4.0,4,0
2023-06-18,622075,5,0,0,1.291005,5.0,4,0
2023-06-18,622663,25,6,3,9.544209,24.0,15,1
2023-06-18,622780,4,2,1,0.7109030000000001,4.0,1,0
2023-06-18,623352,3,2,0,0.4763333333333333,3.0,1,0
2023-06-18,623437,3,1,0,0.34,3.0,2,0
2023-06-18,623465,3,1,0,0.38699999999999996,3.0,2,0
2023-06-18,624647,5,3,0,1.1920000000000002,5.0,2,0
2023-06-18,625643,6,2,2,2.3518060000000003,6.0,2,0
2023-06-18,628452,4,3,0,0.055,4.0,1,0
2023-06-18,628708,3,3,0,0.0,3.0,0,0
2023-06-18,630023,23,3,2,8.293564712237583,22.0,16,1
2023-06-18,641743,3,0,0,1.666,3.0,3,0
2023-06-18,641835,2,0,0,0.40099999999999997,2.0,2,0
2023-06-18,642207,3,2,0,0.005,3.0,1,0
2023-06-18,642545,10,1,1,2.583903,10.0,8,0
2023-06-18,642547,23,9,3,5.806109,23.0,11,1
2023-06-18,642585,3,1,0,0.583,2.0,1,0
2023-06-18,643256,4,0,0,2.0009583333333336,4.0,4,1
2023-06-18,643493,4,0,0,2.24025,4.0,4,0
2023-06-18,650556,4,2,0,1.2132968749999995,4.0,2,1
2023-06-18,650633,9,0,1,2.530903,9.0,8,0
2023-06-18,650960,7,1,1,1.490903,7.0,5,0
2023-06-18,656234,5,0,0,3.687217194570136,5.0,5,2
2023-06-18,656638,5,0,2,3.736816,5.0,1,0
2023-06-18,656730,3,0,0,0.36,3.0,3,0
2023-06-18,657277,31,5,2,9.363651,30.0,23,1
2023-06-18,657376,22,3,3,6.747247461538461,22.0,16,0
2023-06-18,657508,4,2,0,1.45201,4.0,0,0
2023-06-18,660261,7,3,1,1.971903,7.0,3,0
2023-06-18,661527,6,0,0,2.116005,6.0,5,0
2023-06-18,663558,3,1,0,1.16265,3.0,2,1
2023-06-18,663687,23,7,0,5.897249103942652,23.0,15,2
2023-06-18,663855,3,0,0,1.1357894736842105,3.0,3,0
2023-06-18,663878,6,0,1,1.7681887142857144,6.0,5,0
2023-06-18,663947,8,4,0,0.7502500000000001,8.0,4,0
2023-06-18,664062,27,7,3,9.9331616993007,26.0,16,1
2023-06-18,664139,6,1,2,2.597103,5.0,3,1
2023-06-18,664208,4,2,0,0.08399999999999999,4.0,2,0
2023-06-18,664294,4,0,2,2.304806,4.0,2,0
2023-06-18,665152,21,7,2,6.230065090909091,21.0,12,2
2023-06-18,666200,23,5,1,7.9789654303233,23.0,17,4
2023-06-18,666364,13,2,1,3.3312363333333335,13.0,10,0
2023-06-18,666808,3,1,0,0.805005,3.0,1,0
2023-06-18,666974,4,0,0,0.541,4.0,4,0
2023-06-18,667463,11,2,2,3.2946481052631578,11.0,7,1
2023-06-18,668674,2,0,0,0.11800000000000001,2.0,2,0
2023-06-18,668942,5,1,1,1.883903,5.0,3,0
2023-06-18,669212,5,1,1,1.8389030000000002,5.0,3,0
2023-06-18,669387,4,0,0,1.035,4.0,4,0
2023-06-18,669461,19,2,2,9.408141400350672,19.0,13,3
2023-06-18,669467,5,1,1,1.387903,5.0,3,0
2023-06-18,669618,4,1,0,1.576,4.0,3,0
2023-06-18,669684,10,3,0,1.322,10.0,7,0
2023-06-18,669711,4,2,0,0.291,4.0,2,0
2023-06-18,669713,11,2,0,3.1830476190476187,11.0,9,2
2023-06-18,669854,24,5,2,9.976017794871794,24.0,17,3
2023-06-18,669952,8,2,2,2.368806,8.0,4,0
2023-06-18,670174,4,1,0,0.794005,4.0,2,0
2023-06-18,670280,2,0,0,1.62625,2.0,2,1
2023-06-18,671345,7,4,0,0.758,7.0,3,0
2023-06-18,672391,9,4,1,4.139597104560623,9.0,4,2
2023-06-18,672578,3,0,0,0.5794999999999999,3.0,3,0
2023-06-18,676265,10,2,0,2.233833333333333,10.0,8,0
2023-06-18,676440,25,6,3,7.822829689655173,25.0,16,1
2023-06-18,676684,4,0,0,1.549,4.0,4,0
2023-06-18,676760,3,2,0,0.064,3.0,1,0
2023-06-18,677053,4,2,0,0.624,4.0,2,0
2023-06-18,678394,28,8,3,8.453798575289575,28.0,17,3
2023-06-18,680735,3,2,0,0.485,3.0,1,0
2023-06-18,681982,5,1,0,1.21,5.0,4,0
2023-06-18,682120,4,1,0,0.888,4.0,3,0
2023-06-18,682243,25,6,0,6.691333870967742,25.0,19,1
2023-06-18,682847,21,6,3,6.700672541666666,21.0,12,2
2023-06-18,686654,5,0,0,2.1896935483870967,5.0,5,1
2023-06-18,686753,6,1,0,0.48,6.0,5,0
2023-06-18,686839,6,3,0,0.323,6.0,3,0
2023-06-18,686973,24,4,2,9.537120870509607,23.0,17,3
2023-06-18,687330,5,1,0,0.5670000000000001,5.0,4,0
2023-06-19,453268,5,1,0,1.894005,5.0,3,0
2023-06-19,453286,28,8,1,6.657090878787878,28.0,19,1
2023-06-19,472610,4,0,2,2.487206,4.0,2,0
2023-06-19,518585,3,1,0,0.309,3.0,2,0
2023-06-19,518876,23,7,1,6.551225580645162,23.0,15,1
2023-06-19,519293,5,1,1,1.968903,5.0,3,0
2023-06-19,523260,4,2,0,0.45599999999999996,4.0,2,0
2023-06-19,543272,3,0,1,1.5529030000000001,3.0,2,0
2023-06-19,543475,25,3,1,7.5222045647226174,25.0,21,2
2023-06-19,571656,5,2,1,1.5858503684210528,5.0,2,0
2023-06-19,571760,22,6,0,8.85824355799373,22.0,15,3
2023-06-19,572020,23,7,1,6.923180727272728,23.0,14,2
2023-06-19,573009,3,1,0,0.613,3.0,2,0
2023-06-19,573124,3,1,0,0.529,3.0,2,0
2023-06-19,592254,8,0,1,5.313028,8.0,7,1
2023-06-19,592767,22,4,5,7.06397445945946,22.0,13,1
2023-06-19,592773,1,0,0,0.032,1.0,1,0
2023-06-19,596001,8,2,0,2.711,8.0,6,0
2023-06-19,596295,22,6,0,6.543565774742499,22.0,16,3
2023-06-19,605151,8,2,0,2.2479999999999998,8.0,6,0
2023-06-19,605218,7,1,2,3.244806,7.0,4,0
2023-06-19,605242,4,0,1,1.642903,4.0,3,0
2023-06-19,605288,17,1,2,6.087717764705882,17.0,14,1
2023-06-19,606149,3,0,0,0.678,3.0,3,0
2023-06-19,607179,3,2,0,0.002,3.0,1,0
2023-06-19,607481,7,1,2,3.123806,7.0,4,0
2023-06-19,608371,4,2,0,0.833005,4.0,1,0
2023-06-19,608379,24,0,2,7.585699548387097,24.0,22,2
2023-06-19,608638,4,0,0,1.155,3.0,3,0
2023-06-19,608665,3,1,0,0.714,3.0,2,0
2023-06-19,612434,3,0,1,1.2179030000000002,3.0,2,0
2023-06-19,621016,3,0,1,1.025903,3.0,2,0
2023-06-19,621057,10,3,2,3.461806,10.0,5,0
2023-06-19,621074,6,2,0,2.136428571428572,6.0,4,1
2023-06-19,621244,23,4,1,9.338171929618769,23.0,17,2
2023-06-19,621366,3,0,0,1.5830000000000002,3.0,3,0
2023-06-19,621383,16,3,0,6.19746268115942,16.0,13,2
2023-06-19,622065,2,0,1,0.907903,2.0,1,0
2023-06-19,622250,5,2,0,1.143,5.0,3,0
2023-06-19,623211,7,3,0,1.3999428571428574,6.0,3,1
2023-06-19,640448,3,0,0,0.429,3.0,3,0
2023-06-19,641154,27,9,3,7.844640470588235,27.0,14,1
2023-06-19,641302,8,4,1,0.989903,8.0,3,0
2023-06-19,641771,5,0,1,2.051908,5.0,3,0
2023-06-19,641941,3,0,2,1.514806,3.0,1,0
2023-06-19,643377,3,0,0,0.387,3.0,3,0
2023-06-19,650893,2,0,0,0.23800000000000002,2.0,2,0
2023-06-19,656234,4,1,1,1.254903,4.0,2,0
2023-06-19,656271,6,0,0,2.042,6.0,6,0
2023-06-19,656290,3,0,2,2.1858060000000004,3.0,1,0
2023-06-19,656427,28,5,1,11.811408,28.0,21,0
2023-06-19,656638,3,0,0,0.856,3.0,3,0
2023-06-19,656820,9,3,1,3.6697918888888887,9.0,5,1
2023-06-19,657240,5,1,0,1.5030000000000001,5.0,4,0
2023-06-19,657612,6,3,0,0.625,6.0,3,0
2023-06-19,660787,6,2,1,1.658903,6.0,3,0
2023-06-19,663423,7,2,0,0.853,7.0,5,0
2023-06-19,663558,3,0,1,1.480903,3.0,2,0
2023-06-19,663773,14,5,0,3.18025,14.0,9,0
2023-06-19,663855,4,1,0,0.702,4.0,3,0
2023-06-19,663878,6,1,1,3.243903,6.0,4,0
2023-06-19,664199,6,1,1,3.865809779661018,6.0,4,2
2023-06-19,664747,5,2,0,1.101,5.0,3,0
2023-06-19,664875,3,1,1,0.075,2.0,1,0
2023-06-19,666808,4,1,1,0.676,3.0,2,0
2023-06-19,669203,25,3,2,11.19999947985348,25.0,20,3
2023-06-19,669947,2,0,0,0.77825,2.0,2,1
2023-06-19,669952,4,1,0,0.9820000000000001,4.0,3,0
2023-06-19,670174,4,1,0,1.056,4.0,3,0
2023-06-19,670990,10,1,2,2.780908,9.0,6,0
2023-06-19,674370,26,7,2,7.706811,26.0,16,0
2023-06-19,676254,8,0,1,3.3412863333333336,8.0,7,1
2023-06-19,676391,7,0,0,3.0240050000000003,7.0,6,0
2023-06-19,676775,18,4,0,3.5501694915254243,18.0,14,1
2023-06-19,678061,4,1,1,1.5254000000000008,2.0,2,1
2023-06-19,680686,23,6,1,8.566617801864803,23.0,16,2
2023-06-19,681857,24,8,1,7.792829470588234,24.0,15,2
2023-06-19,681869,17,4,1,5.4569030000000005,17.0,12,0
2023-06-19,682227,21,5,0,6.375852173913044,21.0,16,2
2023-06-19,686613,26,7,2,6.338806,26.0,17,0
2023-06-19,701643,4,0,1,1.6819030000000001,4.0,3,0
2023-06-20,434378,29,5,0,9.445927777777777,29.0,24,2
2023-06-20,446372,14,2,1,6.703743556900728,14.0,11,4
2023-06-20,477132,27,5,2,7.577102875,27.0,20,2
2023-06-20,518585,3,1,1,1.001903,3.0,1,0
2023-06-20,518617,4,2,1,1.5057918888888886,4.0,1,1
2023-06-20,519151,4,1,1,1.6484029999999998,4.0,2,0
2023-06-20,542585,5,2,0,0.69,5.0,3,0
2023-06-20,542888,7,3,0,2.5782820512820512,7.0,4,1
2023-06-20,543037,28,8,1,6.073850857142857,28.0,18,1
2023-06-20,543056,4,1,0,1.708,4.0,3,0
2023-06-20,543101,24,6,1,6.620834818181819,23.0,17,1
2023-06-20,543135,25,4,2,8.998714657320422,25.0,19,3
2023-06-20,543507,3,0,1,0.723,1.0,2,0
2023-06-20,547179,27,7,3,6.935714,27.0,16,0
2023-06-20,547973,6,1,3,2.652709,6.0,2,0
2023-06-20,554340,4,0,0,1.268,4.0,4,0
2023-06-20,571670,4,3,0,0.773,4.0,1,0
2023-06-20,571901,3,1,0,0.488,3.0,2,0
2023-06-20,571948,6,1,0,1.123,6.0,5,0
2023-06-20,572403,5,0,0,2.0623338709677417,5.0,5,1
2023-06-20,573186,27,5,1,7.439203000000001,27.0,21,2
2023-06-20,579328,19,6,0,4.246711111111111,18.0,13,1
2023-06-20,592094,3,0,0,2.247321428571429,3.0,3,1
2023-06-20,592229,4,0,0,0.28,4.0,4,0
2023-06-20,592741,4,1,1,1.206903,4.0,2,0
2023-06-20,594580,5,1,0,1.0130000000000001,5.0,4,0
2023-06-20,594902,19,4,4,8.690983212121212,19.0,11,2
2023-06-20,596112,5,1,0,2.058,5.0,4,1
2023-06-20,600917,1,0,0,0.084,1.0,1,0
2023-06-20,605130,4,1,0,1.512,4.0,3,0
2023-06-20,605280,5,2,0,0.187,5.0,3,0
2023-06-20,605447,4,0,0,3.336480503144654,4.0,4,1
2023-06-20,606303,4,3,0,0.886,4.0,1,0
2023-06-20,606965,7,0,0,1.8397999999999999,7.0,7,0
2023-06-20,607067,24,2,1,6.764192855072464,24.0,21,1
2023-06-20,607192,21,7,2,7.747741926773456,21.0,12,2
2023-06-20,607259,8,0,1,3.6342529999999997,8.0,7,2
2023-06-20,607481,2,1,0,0.903,2.0,1,0
2023-06-20,607625,18,5,1,5.464279344086021,18.0,12,1
2023-06-20,607755,5,1,0,3.481,5.0,4,1
2023-06-20,608638,5,1,1,1.379903,5.0,3,0
2023-06-20,608665,3,0,0,0.502,3.0,3,0
2023-06-20,608718,4,0,0,1.0430000000000001,4.0,4,0
2023-06-20,613534,6,2,1,1.238903,6.0,3,0
2023-06-20,614179,4,2,0,0.07,4.0,2,0
2023-06-20,621051,3,0,0,0.5645714285714286,3.0,3,0
2023-06-20,621345,3,1,0,0.4,3.0,2,0
2023-06-20,622065,3,1,0,0.497,3.0,2,0
2023-06-20,622780,5,1,2,1.5018060000000002,5.0,2,0
2023-06-20,623352,3,1,2,1.391806,3.0,0,0
2023-06-20,623433,4,1,1,1.9098503684210528,4.0,2,0
2023-06-20,623465,3,2,0,0.038,3.0,1,0
2023-06-20,624133,24,7,2,8.693453154471545,24.0,15,2
2023-06-20,628452,5,1,0,1.031,5.0,4,0
2023-06-20,640451,7,0,1,4.226839818181818,7.0,5,1
2023-06-20,640470,3,1,0,0.031,3.0,2,0
2023-06-20,641329,4,1,1,2.1459863333333336,4.0,2,0
2023-06-20,641835,1,0,0,0.107,1.0,1,0
2023-06-20,641871,4,0,1,2.305903,4.0,3,0
2023-06-20,641927,27,4,0,9.97337577922078,27.0,22,2
2023-06-20,642207,3,1,1,0.756903,3.0,1,0
2023-06-20,642585,5,2,0,0.969005,5.0,2,0
2023-06-20,643410,3,1,0,0.44699999999999995,3.0,2,0
2023-06-20,643511,5,1,0,1.196,5.0,4,0
2023-06-20,650489,3,0,0,0.424,3.0,3,0
2023-06-20,650644,28,6,3,9.433709,28.0,18,2
2023-06-20,650960,3,1,0,0.137,3.0,2,0
2023-06-20,656257,6,1,2,2.489806,6.0,3,0
2023-06-20,656302,25,9,2,8.966660838709677,25.0,14,2
2023-06-20,656529,4,1,0,2.175,4.0,3,0
2023-06-20,656546,7,1,1,3.117903,7.0,5,0
2023-06-20,656756,25,6,1,5.733736333333334,25.0,18,0
2023-06-20,656945,5,2,0,2.147,5.0,3,0
2023-06-20,657024,3,1,0,1.218,3.0,2,0
2023-06-20,657508,3,0,1,1.613903,3.0,2,0
2023-06-20,657514,4,2,1,0.695903,4.0,1,0
2023-06-20,657571,3,2,0,0.02,3.0,1,0
2023-06-20,657612,5,0,1,1.561903,5.0,4,0
2023-06-20,660261,4,1,0,0.735,4.0,3,0
2023-06-20,660853,3,1,0,0.219,3.0,2,0
2023-06-20,661383,5,1,1,2.734903,5.0,3,1
2023-06-20,661403,3,0,0,0.43700000000000006,3.0,3,0
2023-06-20,663562,21,2,4,5.798068140350877,20.0,14,0
2023-06-20,663567,14,4,0,4.478942857142857,14.0,10,1
2023-06-20,663658,11,1,1,3.204903,11.0,9,0
2023-06-20,663738,23,2,2,5.6971601666666665,23.0,19,1
2023-06-20,663765,5,1,0,1.259,5.0,4,0
2023-06-20,663941,11,2,1,2.525903,11.0,8,0
2023-06-20,663986,1,0,0,0.059,1.0,1,0
2023-06-20,664285,28,9,1,7.570903,28.0,18,1
2023-06-20,664294,5,1,0,2.6033043478260876,5.0,4,1
2023-06-20,664747,7,3,2,3.135806,7.0,2,0
2023-06-20,665622,19,4,1,4.879574666666667,19.0,13,0
2023-06-20,666619,8,1,0,1.099,8.0,7,0
2023-06-20,666974,5,0,1,1.347903,5.0,4,0
2023-06-20,668984,7,1,2,3.530189333333334,7.0,4,1
2023-06-20,669022,28,8,2,13.250489466107616,28.0,18,5
2023-06-20,669060,1,0,0,0.005,1.0,1,0
2023-06-20,669194,21,6,0,6.679468531468531,21.0,15,2
2023-06-20,669387,4,1,0,1.175005,4.0,2,0
2023-06-20,669459,4,0,0,1.238,4.0,4,0
2023-06-20,669618,3,0,0,0.131,3.0,3,0
2023-06-20,669674,4,0,1,1.6519030000000001,4.0,3,0
2023-06-20,669923,28,4,0,12.141591315453384,28.0,24,4
2023-06-20,670912,23,3,0,6.940497118226601,23.0,19,2
2023-06-20,672282,24,8,1,5.007357545454545,24.0,15,0
2023-06-20,675911,25,9,0,8.707063636363637,25.0,16,1
2023-06-20,676710,20,5,0,4.210166666666667,20.0,15,0
2023-06-20,680694,22,8,2,5.280311,22.0,11,0
2023-06-20,681982,8,2,2,3.383806,8.0,4,0
2023-06-20,686610,7,2,0,1.74,7.0,5,0
2023-06-20,686654,3,2,0,0.047,3.0,1,0
2023-06-20,687396,10,0,1,4.521908,10.0,8,0
2023-06-20,691587,20,9,0,4.2808,20.0,11,1
2023-06-21,445276,3,1,0,0.28200000000000003,3.0,2,0
2023-06-21,448179,25,4,2,8.084811,23.0,17,1
2023-06-21,453268,8,2,2,3.4798060000000004,8.0,4,1
2023-06-21,455119,3,2,0,0.053,3.0,1,0
2023-06-21,493603,7,3,0,0.8360000000000001,6.0,4,0
2023-06-21,506433,26,6,2,6.505806000000001,25.0,17,0
2023-06-21,518489,4,1,0,0.129,4.0,3,0
2023-06-21,519151,3,2,0,0.258,3.0,1,0
2023-06-21,519293,2,1,0,0.005,2.0,1,0
2023-06-21,527048,28,2,2,10.115380898785425,27.0,24,2
2023-06-21,527054,21,3,4,6.7386170000000005,21.0,13,0
2023-06-21,543243,23,5,2,8.21514975,23.0,16,2
2023-06-21,543294,25,2,3,6.689068166666667,25.0,19,1
2023-06-21,543518,6,4,0,0.28300000000000003,6.0,2,0
2023-06-21,571510,23,7,0,7.139738888888889,23.0,16,1
2023-06-21,571539,8,3,0,2.272,8.0,5,0
2023-06-21,571656,4,1,0,2.291800653594771,4.0,3,2
2023-06-21,571901,4,1,1,1.683278,4.0,2,0
2023-06-21,571945,29,3,1,9.611390179487179,28.0,24,1
2023-06-21,571948,1,0,0,0.475,1.0,1,0
2023-06-21,572955,4,2,1,1.0529030000000001,4.0,1,0
2023-06-21,573124,4,0,1,1.680903,4.0,3,0
2023-06-21,592332,27,6,1,11.1031504858733,27.0,19,4
2023-06-21,592426,5,1,1,2.0069030000000003,5.0,3,0
2023-06-21,592454,2,1,0,0.063,2.0,1,0
2023-06-21,592779,4,2,0,0.865,4.0,2,0
2023-06-21,592866,21,4,0,5.355,20.0,16,0
2023-06-21,593576,3,1,0,1.4439444444444445,3.0,2,1
2023-06-21,593974,3,0,0,2.6109264705882347,3.0,3,1
2023-06-21,595345,4,2,0,1.9405714285714284,4.0,2,1
2023-06-21,605242,3,1,0,1.2530000000000001,3.0,2,0
2023-06-21,605447,5,2,1,1.7459030000000002,5.0,2,0
2023-06-21,606160,6,2,0,5.384517857142857,6.0,4,2
2023-06-21,608344,6,2,1,2.237903,6.0,3,0
2023-06-21,608371,3,2,0,0.052,3.0,1,0
2023-06-21,608678,8,2,0,5.228226634382567,8.0,6,2
2023-06-21,621112,26,7,1,8.051908,26.0,17,0
2023-06-21,621363,3,1,0,0.251,3.0,2,0
2023-06-21,622075,6,2,1,1.816903,6.0,3,0
2023-06-21,622250,4,1,0,1.4930050000000001,4.0,2,0
2023-06-21,622491,22,3,4,10.354025228281152,22.0,15,3
2023-06-21,622772,4,1,0,0.6759999999999999,4.0,3,0
2023-06-21,622780,5,1,2,2.4867290769230768,5.0,2,1
2023-06-21,623211,3,0,0,0.341,3.0,3,0
2023-06-21,623465,3,1,0,0.05,3.0,2,0
2023-06-21,624647,4,0,0,1.4647999999999999,4.0,4,1
2023-06-21,640448,6,0,1,2.278903,6.0,5,0
2023-06-21,640451,4,0,0,0.637,4.0,4,0
2023-06-21,641703,4,1,1,1.754903,4.0,2,0
2023-06-21,641793,4,2,0,1.6021000000000005,4.0,2,1
2023-06-21,642048,4,0,1,1.623903,4.0,3,0
2023-06-21,642100,4,1,0,1.8989384615384612,4.0,3,1
2023-06-21,643377,3,0,0,1.426,3.0,3,0
2023-06-21,643410,3,1,0,0.21,3.0,2,0
2023-06-21,643493,5,0,0,1.838,5.0,5,0
2023-06-21,643511,5,0,0,1.5710000000000002,5.0,5,0
2023-06-21,645261,31,6,2,9.955806,31.0,23,0
2023-06-21,650556,4,2,1,0.7649030000000001,4.0,1,0
2023-06-21,650633,4,1,1,1.536153,4.0,2,0
2023-06-21,656234,8,1,0,3.324705,8.0,6,0
2023-06-21,656529,4,0,0,2.41,4.0,4,0
2023-06-21,656629,19,5,3,6.395681972972973,19.0,11,1
2023-06-21,656730,10,2,1,4.139350368421053,10.0,7,0
2023-06-21,656731,15,2,4,7.57629162962963,15.0,8,2
2023-06-21,657024,2,0,0,0.127,2.0,2,0
2023-06-21,657053,13,4,2,3.5418060000000002,13.0,7,0
2023-06-21,657097,4,0,1,2.5827780000000002,4.0,3,1
2023-06-21,657240,5,2,2,1.514806,5.0,1,0
2023-06-21,657265,6,1,3,2.505709,6.0,2,0
2023-06-21,657571,3,0,1,0.9779030000000001,3.0,2,0
2023-06-21,660271,28,12,2,8.158965523809524,28.0,14,2
2023-06-21,660787,2,0,0,0.6160000000000001,2.0,2,0
2023-06-21,660813,7,3,1,1.250903,7.0,3,0
2023-06-21,661395,8,2,1,2.7009030000000003,8.0,5,1
2023-06-21,661403,5,2,1,1.188903,5.0,2,0
2023-06-21,661527,7,3,2,1.668806,7.0,2,0
2023-06-21,663546,15,5,2,4.376806,15.0,8,0
2023-06-21,663558,4,2,1,0.183,3.0,1,0
2023-06-21,663804,9,1,0,3.983005,9.0,7,0
2023-06-21,663903,28,2,1,9.04236245945946,28.0,25,1
2023-06-21,663986,4,1,0,1.3239999999999998,4.0,3,0
2023-06-21,664139,4,2,0,0.581,4.0,2,0
2023-06-21,664208,6,3,0,1.199005,6.0,2,0
2023-06-21,664299,16,1,5,7.347853333333334,16.0,9,0
2023-06-21,665625,5,1,1,2.383569666666667,5.0,3,0
2023-06-21,666154,9,1,2,4.748411,9.0,5,1
2023-06-21,666168,3,1,1,0.997903,3.0,1,0
2023-06-21,666374,3,0,0,0.447,3.0,3,0
2023-06-21,666745,20,3,1,5.454903,20.0,16,1
2023-06-21,666808,4,2,0,1.569,4.0,2,0
2023-06-21,668674,3,2,0,0.166,3.0,1,0
2023-06-21,668678,24,4,1,7.3563627402597405,24.0,19,3
2023-06-21,668909,23,4,3,7.000959,23.0,16,0
2023-06-21,669060,2,0,0,0.22699999999999998,2.0,2,0
2023-06-21,669211,8,2,0,1.8240000000000003,8.0,6,0
2023-06-21,669212,3,0,0,0.061,3.0,3,0
2023-06-21,669330,21,6,3,6.636153022770399,20.0,11,2
2023-06-21,669424,7,1,1,4.099636333333333,7.0,5,1
2023-06-21,669467,5,1,0,1.3211111111111111,5.0,4,1
2023-06-21,669674,4,1,0,1.2919428571428575,4.0,3,1
2023-06-21,670280,4,1,0,0.357,4.0,3,0
2023-06-21,670810,3,0,1,1.5323624594594594,3.0,2,1
2023-06-21,670950,3,1,0,0.32599999999999996,3.0,2,0
2023-06-21,670970,3,1,0,0.8101600000000002,3.0,2,1
2023-06-21,671096,21,10,0,3.8455228758169935,21.0,11,2
2023-06-21,671345,5,0,0,1.3286,5.0,5,1
2023-06-21,671737,21,8,0,5.301909090909091,21.0,13,1
2023-06-21,672391,3,0,1,0.93,1.0,2,0
2023-06-21,672710,6,3,1,1.4719618235294116,6.0,2,0
2023-06-21,676254,4,1,2,1.539806,4.0,1,0
2023-06-21,676477,28,6,0,8.847195487049103,28.0,22,4
2023-06-21,676684,4,1,0,0.826,4.0,3,0
2023-06-21,677020,5,0,1,2.5501530000000003,5.0,4,0
2023-06-21,681911,4,1,1,0.7489030000000001,4.0,2,0
2023-06-21,686839,5,3,0,0.64,5.0,2,0
2023-06-21,687330,3,0,0,0.613,3.0,3,0
2023-06-21,701643,6,0,3,2.528709,6.0,3,0
2023-06-22,472610,3,2,0,0.237,3.0,1,0
2023-06-22,518886,3,3,0,0.0,3.0,0,0
2023-06-22,542888,3,1,0,0.384,3.0,2,0
2023-06-22,543518,2,1,0,0.059,2.0,1,0
2023-06-22,547973,3,3,0,0.0,3.0,0,0
2023-06-22,573009,3,1,0,1.9615178571428573,3.0,2,1
2023-06-22,592094,7,1,1,2.241903,7.0,5,0
2023-06-22,593334,23,4,2,12.641025973262034,23.0,16,3
2023-06-22,596001,18,3,0,4.962153846153846,18.0,15,2
2023-06-22,596112,4,1,0,1.6024545454545454,4.0,3,1
2023-06-22,598286,9,5,0,1.4609999999999999,9.0,4,0
2023-06-22,605130,4,2,0,0.9309999999999999,4.0,2,0
2023-06-22,605177,3,2,0,1.0439117647058824,3.0,1,1
2023-06-22,605400,22,5,2,4.738806,22.0,15,0
2023-06-22,605441,9,1,4,3.4846120000000003,9.0,4,0
2023-06-22,605483,21,11,0,2.757,21.0,10,0
2023-06-22,607179,6,0,1,3.2181294150943396,6.0,5,1
2023-06-22,612434,1,0,0,0.095,1.0,1,0
2023-06-22,621016,7,1,1,2.563908,7.0,4,0
2023-06-22,621057,7,2,0,5.131704545454546,7.0,5,2
2023-06-22,621237,5,0,1,1.6127000000000002,4.0,4,0
2023-06-22,621295,1,0,0,0.011,1.0,1,0
2023-06-22,621345,3,3,0,0.0,3.0,0,0
2023-06-22,622072,18,2,4,10.584819826086957,18.0,12,2
2023-06-22,623167,10,2,1,3.28859687755102,10.0,7,1
2023-06-22,623211,1,0,0,0.222,1.0,1,0
2023-06-22,623433,5,0,1,1.126903,5.0,4,0
2023-06-22,628452,3,1,0,0.67025,3.0,2,1
2023-06-22,628708,7,2,0,3.065884615384615,7.0,5,1
2023-06-22,640455,3,1,1,0.9569030000000001,3.0,1,0
2023-06-22,640462,4,1,0,0.246,4.0,3,0
2023-06-22,642397,4,1,1,1.267903,4.0,2,0
2023-06-22,643396,3,1,0,1.6605957446808508,3.0,2,1
2023-06-22,656061,8,4,1,1.607903,8.0,3,0
2023-06-22,656605,26,5,0,4.578,26.0,21,0
2023-06-22,657746,30,9,0,7.386955555555556,30.0,21,1
2023-06-22,660853,6,1,0,1.67,6.0,5,0
2023-06-22,663556,18,3,2,7.172406,18.0,13,1
2023-06-22,663623,24,6,1,6.142909831501832,24.0,16,1
2023-06-22,664126,5,2,1,1.047903,5.0,2,0
2023-06-22,664199,7,1,0,3.299657142857143,6.0,6,1
2023-06-22,664294,3,0,1,1.9839030000000002,3.0,2,0
2023-06-22,666129,24,13,0,4.372005,24.0,10,0
2023-06-22,669212,3,0,0,0.549,3.0,3,0
2023-06-22,669387,6,0,0,2.2868333333333335,6.0,6,1
2023-06-22,671106,17,5,3,4.953709,17.0,9,0
2023-06-22,672578,4,2,1,0.7219030000000001,4.0,1,0
2023-06-22,674072,27,5,1,5.815753,27.0,21,0
2023-06-22,676265,8,2,0,2.071625,8.0,6,0
2023-06-22,676664,25,8,1,6.165616333333333,24.0,15,1
2023-06-22,677053,5,1,1,2.3275090606060607,5.0,3,1
2023-06-22,678061,6,1,0,1.186,6.0,5,0
2023-06-22,680704,7,1,1,1.183903,7.0,5,0
2023-06-22,680735,14,4,1,5.179861333333333,14.0,9,1
2023-06-22,681584,3,0,1,1.167903,3.0,2,0
2023-06-22,682175,1,1,0,0.0,1.0,0,0
2023-06-22,686654,4,0,0,1.9145333333333334,4.0,4,1
2023-06-22,687330,4,0,0,0.996,4.0,4,0
2023-06-22,687888,28,2,3,8.375651857142858,28.0,23,2
2023-06-22,693433,21,5,3,4.8345590000000005,21.0,13,0
2023-06-22,693821,26,6,2,6.312811,26.0,17,0
2023-06-23,425844,23,3,1,6.754375906403941,22.0,18,1
2023-06-23,445276,3,1,0,0.211,3.0,2,0
2023-06-23,453268,3,1,0,0.379,3.0,2,0
2023-06-23,455119,5,0,0,1.755,5.0,5,0
2023-06-23,456713,3,1,0,0.075,3.0,2,0
2023-06-23,489119,20,3,0,7.3213478260869564,20.0,17,1
2023-06-23,489446,5,3,0,0.421,5.0,2,0
2023-06-23,502043,19,4,3,9.400731758620688,19.0,12,2
2023-06-23,518617,4,3,0,0.596,4.0,1,0
2023-06-23,518886,4,1,1,0.7419030000000001,4.0,2,0
2023-06-23,519293,3,1,0,0.297,3.0,2,0
2023-06-23,542888,5,1,0,1.7284545454545452,5.0,4,0
2023-06-23,543507,4,0,0,1.866,4.0,4,0
2023-06-23,543521,7,2,0,3.8724100000000004,7.0,3,1
2023-06-23,548384,3,1,1,1.517903,3.0,1,0
2023-06-23,571578,24,3,3,9.752486173913043,24.0,17,2
2023-06-23,571656,5,1,0,1.4250416666666665,5.0,4,1
2023-06-23,571670,3,0,0,1.351,2.0,2,0
2023-06-23,572955,5,3,1,1.5969030000000002,5.0,1,0
2023-06-23,573009,8,3,0,2.388321428571429,8.0,5,1
2023-06-23,592454,4,1,0,0.879,4.0,3,0
2023-06-23,592773,4,3,0,0.462,4.0,1,0
2023-06-23,592779,6,3,0,1.248,6.0,3,0
2023-06-23,592836,22,5,1,5.901294713747647,22.0,16,1
2023-06-23,593576,3,1,0,0.052000000000000005,3.0,2,0
2023-06-23,593974,3,0,1,0.924903,3.0,2,0
2023-06-23,594580,3,0,0,1.0854,3.0,3,0
2023-06-23,596112,4,1,1,1.300903,4.0,2,0
2023-06-23,596133,18,3,1,7.529782446640317,18.0,14,3
2023-06-23,601713,1,0,0,0.111,1.0,1,0
2023-06-23,605135,22,4,2,7.529377045548654,22.0,15,2
2023-06-23,605200,21,2,4,8.528680983268984,21.0,15,2
2023-06-23,605280,5,1,0,1.6669444444444443,5.0,4,1
2023-06-23,605288,5,1,0,0.926,5.0,4,0
2023-06-23,605397,27,7,0,7.534811594202898,27.0,20,1
2023-06-23,605447,4,0,0,2.0490769230769237,4.0,4,1
2023-06-23,606965,4,1,0,2.2781199999999995,4.0,3,1
2023-06-23,607536,26,3,2,12.350556,26.0,21,4
2023-06-23,608337,24,10,1,7.915908,24.0,12,1
2023-06-23,608371,6,3,0,4.3500186335403725,6.0,3,2
2023-06-23,621016,3,0,1,2.128903,3.0,2,0
2023-06-23,621076,24,8,1,7.732736333333333,24.0,15,1
2023-06-23,621107,27,7,2,8.776755675324676,25.0,16,2
2023-06-23,621139,8,3,0,1.599,8.0,5,0
2023-06-23,621237,4,1,1,1.079903,4.0,2,0
2023-06-23,621294,8,1,3,3.441767823529412,8.0,4,0
2023-06-23,622065,3,0,0,0.594,3.0,3,0
2023-06-23,622772,2,0,0,0.48750000000000004,2.0,2,0
2023-06-23,623437,3,1,0,0.23,3.0,2,0
2023-06-23,623507,5,1,1,2.346534578947369,5.0,3,1
2023-06-23,625643,4,2,0,1.061,4.0,2,0
2023-06-23,628317,19,8,2,4.557806,19.0,9,0
2023-06-23,640462,5,0,0,2.4530000000000003,5.0,5,0
2023-06-23,641302,6,1,0,1.1185714285714285,6.0,5,0
2023-06-23,641329,2,0,0,0.718,2.0,2,0
2023-06-23,641540,25,2,2,9.049811,25.0,20,0
2023-06-23,641585,27,4,2,10.486867662564944,27.0,21,2
2023-06-23,641729,4,0,1,0.7139030000000001,4.0,3,0
2023-06-23,641771,9,1,1,5.6176884878048785,9.0,6,1
2023-06-23,641835,1,0,0,0.105,1.0,1,0
2023-06-23,641871,3,3,0,0.0,3.0,0,0
2023-06-23,642048,4,1,0,0.07400000000000001,4.0,3,0
2023-06-23,642397,3,3,0,0.0,3.0,0,0
2023-06-23,643377,3,1,0,0.567,3.0,2,0
2023-06-23,643511,6,2,0,1.057,6.0,4,0
2023-06-23,650633,4,2,0,2.334875,4.0,2,1
2023-06-23,650960,6,1,0,1.7162738095238095,6.0,5,0
2023-06-23,656257,2,0,0,0.958,2.0,2,0
2023-06-23,656945,3,1,0,0.278,3.0,2,0
2023-06-23,657024,3,3,0,0.0,3.0,0,0
2023-06-23,657097,5,2,1,1.3049030000000001,5.0,2,0
2023-06-23,657265,4,1,0,2.069710884353741,4.0,3,1
2023-06-23,657277,28,5,2,7.5158059999999995,28.0,21,1
2023-06-23,657376,25,3,1,7.523313405405405,25.0,20,1
2023-06-23,657697,4,0,0,0.9139999999999999,3.0,3,0
2023-06-23,660813,3,0,0,0.384,3.0,3,0
2023-06-23,661395,4,3,1,0.695903,4.0,0,0
2023-06-23,663558,3,1,1,1.601903,3.0,1,0
2023-06-23,663567,4,1,1,1.756903,4.0,2,0
2023-06-23,663658,8,1,1,4.670749153846153,8.0,6,1
2023-06-23,663776,26,3,1,10.943324061436936,26.0,22,3
2023-06-23,663804,8,2,0,2.47,8.0,6,0
2023-06-23,664139,3,0,1,0.7329030000000001,3.0,2,0
2023-06-23,664747,3,0,1,0.7439030000000001,3.0,2,0
2023-06-23,664875,3,2,0,0.048,3.0,1,0
2023-06-23,666200,23,9,1,3.957903,23.0,13,0
2023-06-23,666214,25,4,4,8.13744162962963,25.0,17,2
2023-06-23,666619,3,2,0,0.45,3.0,1,0
2023-06-23,666808,3,0,0,1.374,3.0,3,0
2023-06-23,667463,3,1,0,1.2973999999999999,3.0,2,0
2023-06-23,668674,3,3,0,0.0,3.0,0,0
2023-06-23,669211,9,0,1,4.879420857142858,9.0,8,1
2023-06-23,669302,23,5,1,5.826014164198122,23.0,17,3
2023-06-23,669438,5,3,0,0.405,5.0,2,0
2023-06-23,669456,22,8,2,8.981941091277891,22.0,12,3
2023-06-23,669618,4,0,0,0.644,4.0,4,0
2023-06-23,670280,3,2,0,0.021,3.0,1,0
2023-06-23,670810,7,2,0,2.0727096774193545,7.0,5,1
2023-06-23,670950,6,1,1,1.652903,6.0,4,0
2023-06-23,670970,4,0,0,1.6519428571428576,4.0,4,1
2023-06-23,672335,6,3,0,0.8879999999999999,6.0,3,0
2023-06-23,673540,25,6,3,5.740375666666667,25.0,16,0
2023-06-23,675540,12,2,1,3.9594723779904313,12.0,9,2
2023-06-23,675627,6,1,1,1.5929030000000002,6.0,4,0
2023-06-23,677020,3,0,1,1.419903,3.0,2,0
2023-06-23,678061,6,1,0,3.647328571428572,6.0,5,1
2023-06-23,678394,27,5,1,6.573455619047619,27.0,20,0
2023-06-23,682120,7,1,0,2.324005,7.0,5,0
2023-06-23,682847,32,5,2,10.544637190476191,32.0,24,1
2023-06-23,686218,22,4,2,6.1092099682539684,22.0,16,1
2023-06-23,686747,3,0,0,0.767,3.0,3,0
2023-06-23,686753,10,2,0,4.633727272727273,10.0,8,1
2023-06-23,686839,3,2,0,0.045,3.0,1,0
2023-06-23,696147,7,1,0,1.582,7.0,6,0
2023-06-23,700363,17,4,2,6.136566693581781,17.0,10,2
2023-06-24,425794,19,0,1,10.98491274025974,19.0,18,2
2023-06-24,445276,4,1,0,1.291,4.0,3,0
2023-06-24,453286,25,8,1,7.914120391304348,25.0,16,2
2023-06-24,456713,5,1,0,2.834,5.0,4,0
2023-06-24,458681,25,7,1,6.741707347826087,25.0,17,1
2023-06-24,472610,2,1,0,0.117,2.0,1,0
2023-06-24,493603,4,1,2,1.636806,4.0,1,0
2023-06-24,502085,4,0,0,0.976,4.0,4,0
2023-06-24,502624,20,1,2,11.901720090909091,20.0,16,3
2023-06-24,518489,6,1,1,1.632,5.0,4,0
2023-06-24,518585,6,2,1,1.0789030000000002,6.0,3,0
2023-06-24,518617,3,3,0,0.0,3.0,0,0
2023-06-24,518876,27,2,2,11.914836641025643,27.0,22,1
2023-06-24,523260,5,1,0,1.4270049999999999,5.0,3,0
2023-06-24,542585,1,0,0,0.62,1.0,1,0
2023-06-24,543056,1,0,0,0.056,1.0,1,0
2023-06-24,543475,26,2,1,8.517110513611616,26.0,23,3
2023-06-24,543859,9,2,2,2.461806,9.0,5,0
2023-06-24,548384,3,1,0,0.966,3.0,2,0
2023-06-24,554340,4,0,0,0.978,4.0,4,0
2023-06-24,571539,7,0,2,5.347823857142858,7.0,5,1
2023-06-24,571670,4,1,0,1.0090000000000001,4.0,3,0
2023-06-24,571927,13,2,1,3.614903,13.0,10,0
2023-06-24,571948,3,1,0,0.084,3.0,2,0
2023-06-24,572020,14,3,0,4.056300699300699,14.0,11,1
2023-06-24,572403,5,2,0,1.625733333333333,5.0,3,1
2023-06-24,573124,4,1,0,0.6000000000000001,4.0,3,0
2023-06-24,592229,3,1,1,0.877903,3.0,1,0
2023-06-24,592351,20,4,2,6.736094888888889,20.0,14,1
2023-06-24,592426,1,0,0,0.773,1.0,1,0
2023-06-24,592454,3,0,0,0.388,3.0,3,0
2023-06-24,592741,3,0,0,1.776282051282051,3.0,3,1
2023-06-24,592773,3,2,1,0.695903,3.0,0,0
2023-06-24,593576,1,0,0,0.067,1.0,1,0
2023-06-24,593974,3,1,0,1.477,3.0,2,0
2023-06-24,595345,4,1,1,0.993903,4.0,2,0
2023-06-24,605242,4,1,1,1.570903,4.0,2,0
2023-06-24,605280,2,1,0,0.279,2.0,1,0
2023-06-24,605447,1,1,0,0.0,1.0,0,0
2023-06-24,607259,3,1,0,0.314,3.0,2,0
2023-06-24,608638,5,0,0,0.789,5.0,5,0
2023-06-24,608665,7,2,2,2.789806,7.0,3,0
2023-06-24,611093,9,2,1,1.909903,9.0,6,0
2023-06-24,614179,3,1,0,0.608,3.0,2,0
2023-06-24,621051,5,0,1,2.076903,5.0,4,0
2023-06-24,621244,27,8,2,9.915034602484472,27.0,16,3
2023-06-24,621295,6,2,0,0.5900000000000001,6.0,4,0
2023-06-24,621345,3,2,0,0.268,3.0,1,0
2023-06-24,621381,4,1,0,1.674,4.0,3,0
2023-06-24,622065,4,0,1,1.115903,4.0,3,0
2023-06-24,622075,3,1,1,0.905903,3.0,1,0
2023-06-24,622663,24,4,2,9.624123253854767,24.0,18,2
2023-06-24,622780,2,0,0,0.59,1.0,2,0
2023-06-24,623149,3,0,1,0.7089030000000001,3.0,2,0
2023-06-24,623211,5,0,1,1.577903,5.0,4,0
2023-06-24,623433,4,1,0,1.3810000000000002,4.0,3,0
2023-06-24,623437,2,0,0,1.3307931034482756,2.0,2,1
2023-06-24,623465,3,0,0,0.5800000000000001,3.0,3,0
2023-06-24,628452,5,3,0,2.4737111111111107,5.0,2,2
2023-06-24,628708,5,0,0,1.991,5.0,5,0
2023-06-24,630023,28,3,2,12.42618825490196,27.0,21,3
2023-06-24,640448,3,2,0,0.806,3.0,1,0
2023-06-24,640451,3,1,0,0.619,3.0,2,0
2023-06-24,640455,5,2,0,1.053,5.0,3,1
2023-06-24,641154,26,10,1,6.082903,26.0,15,0
2023-06-24,641360,6,4,0,0.272,6.0,2,0
2023-06-24,641743,3,0,0,0.379,3.0,3,0
2023-06-24,641793,10,2,0,2.4825,10.0,8,1
2023-06-24,641835,3,1,0,0.20299999999999999,3.0,2,0
2023-06-24,641941,5,1,1,1.837903,5.0,3,0
2023-06-24,642100,4,1,1,2.5051984545454546,4.0,2,1
2023-06-24,642547,21,5,3,6.729714,21.0,12,0
2023-06-24,642585,4,2,0,2.002,4.0,2,1
2023-06-24,643493,7,0,0,2.2605555555555554,7.0,7,1
2023-06-24,643511,6,3,0,0.6719999999999999,6.0,3,0
2023-06-24,650556,5,0,3,4.144423285714286,5.0,2,1
2023-06-24,650911,19,4,0,6.418562111801242,19.0,15,1
2023-06-24,650960,1,0,0,0.074,1.0,1,0
2023-06-24,656288,22,7,0,6.291005,22.0,14,0
2023-06-24,656353,3,2,0,0.351,3.0,1,0
2023-06-24,656546,3,2,0,0.034,3.0,1,0
2023-06-24,656638,6,4,1,0.913903,6.0,1,0
2023-06-24,656945,6,2,1,2.375603,6.0,3,0
2023-06-24,657006,24,8,1,7.048007838709678,24.0,15,1
2023-06-24,657240,4,0,1,1.690903,4.0,3,0
2023-06-24,657265,5,2,0,0.812005,5.0,2,0
2023-06-24,657508,3,2,0,0.062,3.0,1,0
2023-06-24,657612,4,1,0,1.0968888888888886,4.0,3,1
2023-06-24,660261,6,0,0,2.379,6.0,6,0
2023-06-24,660787,4,0,1,0.8649030000000001,4.0,3,0
2023-06-24,661403,4,2,0,0.891,4.0,2,0
2023-06-24,662253,3,1,0,0.77,3.0,2,0
2023-06-24,663362,19,2,1,7.349406322259137,19.0,16,3
2023-06-24,663562,21,2,1,6.877503,21.0,18,0
2023-06-24,663687,24,6,4,8.94804881818182,24.0,13,1
2023-06-24,663765,5,1,0,0.532,5.0,4,0
2023-06-24,663773,18,2,3,4.437709,18.0,13,0
2023-06-24,663878,3,0,0,0.281,3.0,3,0
2023-06-24,663986,3,2,0,0.021,3.0,1,0
2023-06-24,664208,5,0,0,2.521950454545454,5.0,4,1
2023-06-24,665152,27,5,1,8.030845204301075,27.0,21,4
2023-06-24,665625,2,0,0,0.9730000000000001,2.0,2,0
2023-06-24,666154,11,0,1,3.859903,11.0,10,0
2023-06-24,666168,4,3,0,0.062,4.0,1,0
2023-06-24,666364,3,0,0,1.15,3.0,3,0
2023-06-24,666374,3,0,0,0.684,3.0,3,0
2023-06-24,666619,4,1,0,0.675,4.0,3,0
2023-06-24,666808,6,1,1,1.726903,6.0,4,0
2023-06-24,666974,4,0,0,0.814,4.0,4,0
2023-06-24,668933,24,2,0,12.281199562211981,24.0,20,4
2023-06-24,669212,3,0,0,0.743,3.0,3,0
2023-06-24,669459,6,4,0,0.14300000000000002,6.0,2,0
2023-06-24,669618,3,0,0,0.095,3.0,3,0
2023-06-24,669674,4,0,0,0.868,4.0,4,0
2023-06-24,669684,7,3,0,1.755,7.0,4,0
2023-06-24,669854,22,6,2,5.378895089089089,22.0,14,2
2023-06-24,670174,11,0,1,7.891303206114737,11.0,10,3
2023-06-24,670280,9,0,2,3.6575696666666664,8.0,7,0
2023-06-24,670970,3,0,2,1.4158060000000001,3.0,1,0
2023-06-24,671345,6,0,0,2.487,6.0,6,0
2023-06-24,672578,3,1,0,0.531,3.0,2,0
2023-06-24,672710,4,0,0,1.0030000000000001,4.0,4,0
2023-06-24,674370,26,5,0,6.869120689655172,26.0,21,1
2023-06-24,676254,6,2,1,1.115903,6.0,3,0
2023-06-24,676272,24,3,3,9.216359,23.0,17,1
2023-06-24,676440,25,7,4,5.914612,25.0,14,0
2023-06-24,676760,5,2,1,1.633903,5.0,2,0
2023-06-24,676775,14,3,0,4.428599999999999,14.0,11,0
2023-06-24,677053,3,3,0,0.0,3.0,0,0
2023-06-24,680686,24,6,4,6.327612,24.0,14,0
2023-06-24,681857,21,9,1,5.884498031055902,21.0,11,2
2023-06-24,681982,7,4,0,0.866,7.0,3,0
2023-06-24,682243,20,4,3,8.776330212121211,20.0,13,1
2023-06-24,686654,4,1,0,1.9251739130434782,4.0,3,1
2023-06-24,688427,9,3,0,3.8986135714285712,9.0,6,1
2023-06-24,694363,18,2,0,5.731517482517483,18.0,16,2
2023-06-25,450203,25,7,3,8.572009000000001,24.0,15,1
2023-06-25,453268,4,1,1,0.8779030000000001,4.0,2,0
2023-06-25,471911,19,5,2,7.002722666666667,19.0,12,1
2023-06-25,472610,3,1,0,0.49000000000000005,3.0,2,0
2023-06-25,489446,3,1,0,0.126,3.0,2,0
2023-06-25,502179,5,2,1,2.0402508260869565,5.0,2,1
2023-06-25,518489,4,1,0,1.269,4.0,3,0
2023-06-25,518886,4,2,0,0.773005,4.0,1,0
2023-06-25,519151,6,1,0,1.002,6.0,5,0
2023-06-25,542585,3,1,1,0.7369030000000001,3.0,1,0
2023-06-25,542881,24,9,2,4.6819598461538465,24.0,13,1
2023-06-25,543037,23,7,1,9.324649212121212,23.0,15,2
2023-06-25,543056,3,1,0,0.093,3.0,2,0
2023-06-25,543101,21,3,0,8.002878613322164,21.0,18,3
2023-06-25,543135,21,5,2,7.144050243421052,21.0,14,1
2023-06-25,543518,8,2,2,2.747806,8.0,4,0
2023-06-25,547179,21,4,1,9.525403,21.0,16,3
2023-06-25,547973,3,2,0,0.522,3.0,1,0
2023-06-25,554430,28,8,2,10.31583957142857,28.0,17,3
2023-06-25,571656,3,0,1,1.688908,3.0,1,0
2023-06-25,571948,1,0,0,0.061,1.0,1,0
2023-06-25,572955,3,2,0,0.051,3.0,1,0
2023-06-25,573186,20,2,1,8.35429688888889,20.0,16,0
2023-06-25,579328,25,8,2,5.445016714285715,25.0,15,1
2023-06-25,592094,3,1,0,0.052,3.0,2,0
2023-06-25,592741,3,0,0,0.725,3.0,3,0
2023-06-25,592779,3,2,0,0.8263846153846155,3.0,1,0
2023-06-25,593576,2,1,0,0.859,2.0,1,0
2023-06-25,595345,3,2,0,0.025,3.0,1,0
2023-06-25,596295,21,3,1,8.374084578947368,21.0,16,3
2023-06-25,598286,4,1,0,0.503,4.0,3,0
2023-06-25,605177,3,1,1,0.941903,3.0,1,0
2023-06-25,605242,6,2,0,1.875,6.0,4,0
2023-06-25,605441,4,1,1,2.062403,4.0,2,1
2023-06-25,606149,3,1,0,0.35000000000000003,3.0,2,0
2023-06-25,606160,5,1,0,2.714388333333334,5.0,3,1
2023-06-25,606303,7,2,0,1.7516666666666665,7.0,5,0
2023-06-25,607179,7,0,0,3.131595744680851,7.0,7,1
2023-06-25,607192,19,12,1,2.810903,19.0,6,0
2023-06-25,607481,4,2,0,0.7070000000000001,4.0,2,0
2023-06-25,607625,22,4,0,8.315573333333333,22.0,18,2
2023-06-25,608678,5,0,2,1.9663059999999999,5.0,3,0
2023-06-25,621237,6,2,1,3.244498744680851,5.0,3,1
2023-06-25,621345,5,2,2,2.0106393333333337,5.0,1,0
2023-06-25,621363,4,2,1,0.932903,4.0,1,0
2023-06-25,621366,3,0,0,1.31,3.0,3,0
2023-06-25,621381,2,1,0,0.072,2.0,1,0
2023-06-25,621383,14,4,2,4.7945045483870965,14.0,7,1
2023-06-25,622075,5,1,0,1.375,5.0,4,0
2023-06-25,622250,4,3,0,0.346,4.0,1,0
2023-06-25,622772,5,0,1,2.012903,5.0,4,0
2023-06-25,623433,4,1,1,2.6534501698113204,4.0,2,1
2023-06-25,623465,4,1,0,0.779,3.0,2,0
2023-06-25,628452,4,1,0,1.2160000000000002,4.0,3,0
2023-06-25,640451,1,0,0,0.019,1.0,1,0
2023-06-25,640462,3,0,0,1.1480000000000001,3.0,3,0
2023-06-25,640470,5,2,0,1.4200050000000002,5.0,2,0
2023-06-25,641703,9,0,1,3.240908,9.0,7,0
2023-06-25,641729,2,0,0,0.8201111111111111,2.0,2,1
2023-06-25,641871,3,1,0,0.963,3.0,2,0
2023-06-25,641927,23,8,1,5.925503,23.0,14,1
2023-06-25,642100,3,1,0,0.6839999999999999,3.0,2,0
2023-06-25,642207,3,0,0,0.624,3.0,3,0
2023-06-25,642585,4,3,0,0.804,4.0,1,0
2023-06-25,643377,4,1,1,1.134903,4.0,2,0
2023-06-25,643410,4,1,0,0.647,4.0,3,0
2023-06-25,650633,4,2,0,0.905,4.0,2,0
2023-06-25,650644,25,5,2,7.930306,25.0,18,0
2023-06-25,650893,4,2,0,0.393,4.0,2,0
2023-06-25,650960,3,0,0,0.226,3.0,3,0
2023-06-25,656234,2,0,0,1.0957500000000002,2.0,2,0
2023-06-25,656257,5,1,1,2.357913,5.0,1,0
2023-06-25,656529,4,1,1,1.028903,4.0,2,0
2023-06-25,656546,3,2,0,0.026,3.0,1,0
2023-06-25,656638,5,0,2,2.5168060000000003,5.0,3,0
2023-06-25,657514,4,2,0,1.252,4.0,2,0
2023-06-25,657571,3,0,0,1.254,3.0,3,0
2023-06-25,657612,8,0,0,2.9270050000000003,8.0,7,0
2023-06-25,657697,2,1,0,0.7244999999999999,2.0,1,1
2023-06-25,660813,4,0,1,1.4879030000000002,4.0,3,0
2023-06-25,660853,3,0,0,1.065,3.0,3,0
2023-06-25,661395,3,1,0,0.406,3.0,2,0
2023-06-25,661403,4,1,1,0.929903,4.0,2,0
2023-06-25,661527,3,1,0,0.51,3.0,2,0
2023-06-25,663423,3,0,0,1.123,3.0,3,0
2023-06-25,663738,25,2,1,8.076162803921568,25.0,22,2
2023-06-25,663765,8,1,1,2.307903,8.0,6,0
2023-06-25,663855,4,2,0,0.7958400000000002,4.0,2,1
2023-06-25,663941,14,1,3,5.4687090000000005,13.0,10,1
2023-06-25,663947,4,3,0,0.179,4.0,1,0
2023-06-25,663986,5,2,1,1.789403,5.0,2,1
2023-06-25,664062,20,3,1,5.396247444444445,20.0,16,2
2023-06-25,664126,4,1,1,1.0809030000000002,4.0,2,0
2023-06-25,664139,8,2,2,2.544181,8.0,4,0
2023-06-25,664199,6,1,2,2.134903,5.0,3,0
2023-06-25,664208,3,1,0,0.357,3.0,2,0
2023-06-25,664747,5,1,2,1.488806,5.0,2,0
2023-06-25,664875,6,0,1,2.5613650793650797,5.0,5,1
2023-06-25,665622,25,4,7,9.88776927586207,24.0,13,1
2023-06-25,665625,4,2,0,0.729005,4.0,1,0
2023-06-25,666168,5,0,3,3.3420631666666667,5.0,2,1
2023-06-25,666364,4,1,1,1.738903,4.0,2,0
2023-06-25,666374,2,1,0,0.249,2.0,1,0
2023-06-25,666720,4,0,1,2.316,3.0,3,0
2023-06-25,667463,3,0,0,0.79,3.0,3,0
2023-06-25,667755,8,4,1,1.603903,7.0,2,0
2023-06-25,669022,21,9,2,6.4128536190476195,21.0,10,2
2023-06-25,669194,27,6,2,7.1153077281106,27.0,19,2
2023-06-25,669203,27,3,2,8.408847666666666,27.0,22,1
2023-06-25,669387,2,0,0,0.541,2.0,2,0
2023-06-25,669461,14,3,2,4.665467654135338,14.0,9,0
2023-06-25,669467,5,1,1,2.147903,5.0,3,0
2023-06-25,669713,4,2,1,1.353903,4.0,1,0
2023-06-25,669923,25,4,1,8.466362718309858,25.0,20,2
2023-06-25,669947,15,3,1,3.963778,15.0,11,0
2023-06-25,670102,4,1,1,0.7309030000000001,4.0,2,0
2023-06-25,670912,27,6,0,8.74178121212121,27.0,21,2
2023-06-25,672391,3,1,0,0.772,3.0,2,0
2023-06-25,676254,4,2,1,1.5969030000000002,4.0,1,0
2023-06-25,676684,3,0,0,1.6253529411764704,3.0,3,1
2023-06-25,676710,24,4,1,9.296566769890935,24.0,18,3
2023-06-25,676760,4,0,0,1.6287142857142856,4.0,4,1
2023-06-25,677020,3,0,2,2.149806,3.0,1,0
2023-06-25,677053,4,1,0,0.6499999999999999,3.0,2,0
2023-06-25,680694,24,7,2,8.066923424242423,24.0,15,3
2023-06-25,686610,14,4,1,4.814839507936508,14.0,9,0
2023-06-25,686613,22,7,2,6.496473337357478,22.0,13,2
2023-06-25,686651,17,2,3,6.531709,17.0,12,0
2023-06-25,686747,1,1,0,0.0,1.0,0,0
2023-06-25,686839,5,0,0,1.543,4.0,5,0
2023-06-25,687330,4,1,0,1.512005,4.0,2,0
2023-06-25,687396,1,1,0,0.0,1.0,0,0
2023-06-25,687798,3,1,0,1.1600000000000001,3.0,2,0
2023-06-25,691094,11,0,1,5.624186882783883,11.0,10,1
2023-06-25,691587,23,9,1,4.523903,23.0,13,0
2023-06-25,701643,6,1,0,0.869,6.0,5,0
2023-06-26,434378,23,5,2,5.499811,23.0,15,0
2023-06-26,489446,4,2,0,0.40199999999999997,4.0,2,0
2023-06-26,493603,5,1,2,2.374806,5.0,2,0
2023-06-26,502085,3,1,0,0.14500000000000002,3.0,2,0
2023-06-26,518585,8,3,1,2.117903,8.0,4,0
2023-06-26,523260,2,1,0,0.094,2.0,1,0
2023-06-26,543243,27,5,1,9.331555173913044,27.0,21,1
2023-06-26,543521,4,0,0,1.901,4.0,4,0
2023-06-26,548384,4,1,1,0.9979030000000001,4.0,2,0
2023-06-26,571510,3,2,0,1.3821199999999996,3.0,1,1
2023-06-26,571760,26,5,3,9.840243134784135,26.0,18,3
2023-06-26,571948,4,1,0,1.544,4.0,3,0
2023-06-26,592866,21,4,1,7.313661620689655,21.0,16,1
2023-06-26,607067,24,3,1,5.9089030000000005,23.0,19,0
2023-06-26,607481,3,1,1,0.695903,2.0,0,0
2023-06-26,608032,3,0,0,1.8159999999999998,3.0,3,0
2023-06-26,608344,12,3,0,3.1226571428571432,12.0,9,1
2023-06-26,621294,1,0,0,0.023,1.0,1,0
2023-06-26,622098,5,1,0,2.943545454545455,5.0,4,1
2023-06-26,622491,28,7,1,7.773375301443263,28.0,20,2
2023-06-26,623149,1,1,0,0.0,1.0,0,0
2023-06-26,625643,4,0,1,1.109903,3.0,2,0
2023-06-26,641302,12,4,0,4.079181470588235,12.0,7,1
2023-06-26,641329,3,2,0,0.038,3.0,1,0
2023-06-26,641941,2,1,0,2.0,2.0,1,1
2023-06-26,642048,6,2,1,1.9219030000000001,6.0,3,0
2023-06-26,642207,3,0,0,0.278,3.0,3,0
2023-06-26,656271,6,1,0,2.074,6.0,5,0
2023-06-26,656302,23,10,0,6.043,23.0,13,1
2023-06-26,657097,3,2,0,0.137,3.0,1,0
2023-06-26,657508,5,1,2,1.6858060000000001,5.0,2,0
2023-06-26,662253,4,2,1,0.757903,4.0,1,0
2023-06-26,663658,3,0,0,1.048,3.0,3,0
2023-06-26,663947,6,1,2,2.3668060000000004,6.0,3,0
2023-06-26,665625,1,1,0,0.0,1.0,0,0
2023-06-26,666720,6,1,0,1.764,6.0,5,0
2023-06-26,669145,14,2,0,4.392030641025642,14.0,11,1
2023-06-26,669438,10,4,1,3.814960142857143,10.0,5,1
2023-06-26,671345,3,2,0,0.2,3.0,1,0
2023-06-26,672282,25,10,2,6.202909759398496,25.0,13,1
2023-06-26,672335,5,0,1,2.0259080000000003,5.0,3,0
2023-06-26,673858,15,0,3,6.168709000000001,15.0,12,1
2023-06-26,674003,2,1,0,0.008,2.0,1,0
2023-06-26,674285,8,0,1,4.1174479999999996,8.0,6,1
2023-06-26,675911,26,10,2,6.649306,26.0,14,1
2023-06-26,676265,17,5,4,5.490454105263159,17.0,8,1
2023-06-26,676684,4,3,0,0.892,4.0,1,0
2023-06-26,680739,4,1,1,0.9589030000000001,4.0,2,0
2023-06-26,682227,12,2,4,4.8576120000000005,12.0,6,0
2023-06-27,448179,27,4,2,10.956102875,27.0,21,1
2023-06-27,477132,18,2,1,4.386903,18.0,15,0
2023-06-27,518489,3,0,0,0.147,3.0,3,0
2023-06-27,518617,3,3,0,0.0,3.0,0,0
2023-06-27,518886,4,2,0,0.743,4.0,2,0
2023-06-27,527048,23,4,2,6.3852226666666665,22.0,17,0
2023-06-27,527054,25,2,0,10.277325636455743,25.0,22,4
2023-06-27,542888,9,3,1,2.058903,9.0,5,0
2023-06-27,543272,5,0,0,1.935,5.0,5,0
2023-06-27,543507,5,1,2,1.577806,5.0,2,0
2023-06-27,543859,8,1,1,3.4219939090909093,8.0,6,2
2023-06-27,547973,3,1,0,0.6709999999999999,3.0,2,0
2023-06-27,571656,4,0,0,1.7404324324324323,4.0,4,1
2023-06-27,571863,7,1,0,1.027,7.0,6,0
2023-06-27,592332,22,12,1,4.45576245945946,22.0,9,1
2023-06-27,592454,4,2,0,1.04,4.0,2,0
2023-06-27,592741,3,0,0,1.7590000000000001,3.0,3,0
2023-06-27,592773,4,1,1,2.319286333333334,4.0,2,1
2023-06-27,592791,22,8,1,8.545826745173745,22.0,13,2
2023-06-27,593974,3,0,0,0.081,2.0,3,0
2023-06-27,594580,5,2,0,1.435,5.0,3,0
2023-06-27,596112,3,2,0,0.576,3.0,1,0
2023-06-27,598286,2,0,1,0.793903,2.0,1,0
2023-06-27,605130,6,1,1,2.218903,6.0,4,0
2023-06-27,605151,9,2,0,4.234555555555556,9.0,7,1
2023-06-27,606149,5,0,0,2.081,5.0,5,0
2023-06-27,606965,3,2,0,0.1,3.0,1,0
2023-06-27,607179,8,3,2,1.078903,7.0,3,0
2023-06-27,608032,6,1,0,2.194,6.0,5,1
2023-06-27,608371,5,1,2,2.294811,5.0,1,0
2023-06-27,608678,4,3,0,0.055,4.0,1,0
2023-06-27,612434,3,0,0,0.868,3.0,3,0
2023-06-27,614179,4,0,0,0.8470000000000001,4.0,4,0
2023-06-27,621057,10,1,1,4.013903,10.0,8,0
2023-06-27,621074,3,1,0,0.218,3.0,2,0
2023-06-27,621112,21,5,1,6.446694666666667,21.0,15,1
2023-06-27,621294,4,0,0,1.363,4.0,4,0
2023-06-27,622072,19,7,0,5.882709677419355,19.0,12,1
2023-06-27,622098,4,2,2,1.391806,4.0,0,0
2023-06-27,622250,7,3,0,1.3566315789473682,7.0,4,1
2023-06-27,623149,4,0,0,0.268,4.0,4,0
2023-06-27,623437,4,1,1,0.815903,4.0,2,0
2023-06-27,623465,1,0,0,0.254,1.0,1,0
2023-06-27,624133,27,8,1,7.626941333333334,27.0,17,2
2023-06-27,625643,3,1,0,0.14,3.0,2,0
2023-06-27,640448,5,1,0,1.502,5.0,4,1
2023-06-27,640451,5,1,1,1.4805,4.0,3,0
2023-06-27,641329,4,2,0,0.41600000000000004,4.0,2,0
2023-06-27,641360,5,2,3,2.0877090000000003,5.0,0,0
2023-06-27,641627,5,0,1,1.724903,5.0,4,0
2023-06-27,641703,5,1,0,1.056,5.0,4,0
2023-06-27,642100,4,1,1,1.523908,4.0,1,0
2023-06-27,642397,3,2,0,0.364,3.0,1,0
2023-06-27,643511,6,4,0,0.099,6.0,2,0
2023-06-27,645261,27,5,2,7.795694888888889,27.0,20,1
2023-06-27,656257,6,1,2,2.5958536190476194,6.0,3,0
2023-06-27,656290,14,3,0,3.543,13.0,10,0
2023-06-27,656464,3,1,0,0.486,3.0,2,0
2023-06-27,656629,21,3,7,9.462571,21.0,11,1
2023-06-27,656756,26,6,1,8.893403,26.0,19,1
2023-06-27,656849,24,5,3,6.264709,24.0,16,0
2023-06-27,657024,6,0,1,2.7326302727272727,6.0,5,1
2023-06-27,657053,9,2,2,3.7651103478260874,9.0,5,1
2023-06-27,657097,3,0,0,1.09,3.0,3,0
2023-06-27,657265,6,1,0,2.487,6.0,5,0
2023-06-27,657746,18,5,0,10.038336773839971,18.0,13,4
2023-06-27,657756,22,3,1,5.390268,22.0,17,2
2023-06-27,660271,24,10,2,7.4655615555555555,24.0,12,2
2023-06-27,660813,4,0,0,0.862,4.0,4,0
2023-06-27,661383,10,2,1,1.834903,10.0,7,0
2023-06-27,661403,4,0,0,0.534,4.0,4,0
2023-06-27,662253,3,2,0,0.589,3.0,1,0
2023-06-27,663623,23,4,2,7.19389295652174,23.0,17,1
2023-06-27,663753,14,1,2,9.166041483870968,14.0,11,2
2023-06-27,663855,3,1,0,0.321,3.0,2,0
2023-06-27,663878,5,1,0,0.7290000000000001,5.0,4,0
2023-06-27,663903,23,3,2,5.451806,21.0,16,0
2023-06-27,663986,4,1,0,0.479,4.0,3,0
2023-06-27,664208,3,2,0,0.155,3.0,1,0
2023-06-27,664285,28,6,3,11.230032297538852,28.0,19,3
2023-06-27,664747,5,1,1,2.563908,5.0,2,0
2023-06-27,664948,5,0,0,4.259348659003831,5.0,5,2
2023-06-27,665871,13,2,2,2.6208060000000004,12.0,9,0
2023-06-27,666159,24,4,4,8.649155461538461,24.0,15,0
2023-06-27,666168,3,0,1,0.939903,3.0,2,0
2023-06-27,666374,5,1,2,2.002806,5.0,2,0
2023-06-27,666619,4,1,1,1.672903,4.0,2,0
2023-06-27,666745,22,2,2,6.5672060000000005,21.0,17,1
2023-06-27,666808,4,3,0,0.037,4.0,1,0
2023-06-27,668674,6,3,0,0.7140000000000001,5.0,2,0
2023-06-27,668678,26,4,2,7.880233702702703,26.0,20,3
2023-06-27,668909,23,6,1,5.2899080000000005,23.0,15,0
2023-06-27,669060,3,1,0,0.651,3.0,2,0
2023-06-27,669211,3,2,0,0.663,3.0,1,0
2023-06-27,669330,23,7,1,6.080745424242424,23.0,15,2
2023-06-27,669952,1,0,0,0.021,1.0,1,0
2023-06-27,670970,10,4,0,5.009,10.0,6,1
2023-06-27,671096,23,8,3,5.447959,23.0,12,0
2023-06-27,671737,21,2,1,10.324328974025974,21.0,18,4
2023-06-27,672335,4,1,1,1.135903,4.0,2,0
2023-06-27,672578,4,1,0,1.6328095238095237,4.0,3,0
2023-06-27,672710,11,3,1,2.872903,11.0,7,0
2023-06-27,676254,5,3,0,0.928,5.0,2,0
2023-06-27,676477,26,7,0,8.870488333333334,26.0,18,2
2023-06-27,681982,3,0,0,0.7070000000000001,3.0,3,0
2023-06-27,682175,11,2,0,2.077,11.0,9,0
2023-06-27,683232,3,0,0,0.645,3.0,3,0
2023-06-27,686839,10,1,2,4.643270285714286,10.0,7,1
2023-06-27,687396,8,1,1,2.77212941509434,8.0,6,1
2023-06-27,693433,22,7,1,5.869463,22.0,14,0
2023-06-27,693821,26,4,4,7.156932789473684,26.0,17,0
2023-06-28,453268,5,1,1,2.339903,5.0,3,0
2023-06-28,472610,5,1,0,0.990005,5.0,3,0
2023-06-28,489119,17,3,3,7.945042333333333,17.0,11,1
2023-06-28,489446,4,3,0,0.044,4.0,1,0
2023-06-28,493603,6,1,1,2.523122285714286,6.0,3,0
2023-06-28,502043,25,5,1,8.074908,25.0,18,0
2023-06-28,518585,4,3,0,0.211,4.0,1,0
2023-06-28,519008,3,1,0,0.108,3.0,2,0
2023-06-28,519151,3,2,0,0.159,3.0,1,0
2023-06-28,543056,3,2,0,0.252,3.0,1,0
2023-06-28,543518,7,1,0,3.0639,7.0,6,1
2023-06-28,548384,3,1,0,0.10500000000000001,3.0,2,0
2023-06-28,548389,13,3,0,3.064525641025641,13.0,10,1
2023-06-28,554340,3,1,0,0.6455652173913043,3.0,2,0
2023-06-28,570731,5,1,0,2.952198412698413,5.0,4,1
2023-06-28,571578,26,9,0,7.445356060606061,26.0,17,2
2023-06-28,571656,6,2,0,2.0432272727272727,6.0,4,0
2023-06-28,571670,4,0,0,2.792,4.0,4,0
2023-06-28,571901,4,1,0,1.107,4.0,3,0
2023-06-28,571945,27,4,3,10.603970111111112,27.0,20,2
2023-06-28,571948,1,1,0,0.0,1.0,0,0
2023-06-28,572403,7,2,2,3.071011,7.0,2,1
2023-06-28,572955,3,1,0,0.872,3.0,2,0
2023-06-28,592767,22,2,1,7.752474929824562,22.0,19,1
2023-06-28,593334,27,9,0,2.598,27.0,18,0
2023-06-28,596133,21,2,2,6.830806,21.0,17,0
2023-06-28,601713,13,7,2,2.040806,13.0,4,0
2023-06-28,605200,24,3,2,6.4308060000000005,24.0,19,0
2023-06-28,605400,24,4,3,8.490059840336135,24.0,17,2
2023-06-28,605483,23,10,2,6.014606,23.0,11,1
2023-06-28,606149,7,0,1,4.314245809364549,6.0,6,1
2023-06-28,606303,4,1,0,1.4468,4.0,3,1
2023-06-28,607259,6,0,1,3.4859080000000002,6.0,4,0
2023-06-28,607536,24,7,5,7.872372692307692,24.0,12,0
2023-06-28,608337,27,9,0,6.881017496994518,27.0,18,3
2023-06-28,608371,1,0,0,0.018,1.0,1,0
2023-06-28,608665,6,0,0,2.362,6.0,6,0
2023-06-28,608717,3,1,0,0.6198888888888888,3.0,2,0
2023-06-28,612434,3,0,0,0.23299999999999998,3.0,3,0
2023-06-28,621016,4,2,0,0.228,4.0,2,0
2023-06-28,621074,3,0,0,1.9066315789473682,3.0,3,1
2023-06-28,621107,28,7,0,7.914811111111111,28.0,21,2
2023-06-28,621139,6,2,1,2.802903,6.0,3,1
2023-06-28,621237,5,1,0,1.482,5.0,4,0
2023-06-28,621295,6,2,2,2.2658060000000004,6.0,2,0
2023-06-28,621345,3,0,0,1.662,3.0,3,0
2023-06-28,621363,4,0,0,1.209,4.0,4,0
2023-06-28,621381,7,4,0,0.366,7.0,3,0
2023-06-28,622065,3,1,1,1.111903,3.0,1,0
2023-06-28,622110,4,0,0,0.8089999999999999,4.0,4,0
2023-06-28,623211,7,2,0,1.012,7.0,5,0
2023-06-28,624647,4,1,0,1.919005,4.0,2,0
2023-06-28,628317,21,4,2,6.943745316239316,21.0,15,2
2023-06-28,628452,3,2,0,0.519,3.0,1,0
2023-06-28,628708,3,1,0,0.11900000000000001,3.0,2,0
2023-06-28,640451,3,2,0,0.093,3.0,1,0
2023-06-28,640462,1,0,0,0.561,1.0,1,0
2023-06-28,641360,4,2,1,1.1439030000000001,4.0,1,0
2023-06-28,641540,30,10,0,4.965450142450143,30.0,20,3
2023-06-28,641729,3,1,0,0.167,3.0,2,0
2023-06-28,641871,6,3,1,1.771903,6.0,2,0
2023-06-28,642048,4,1,2,1.527806,4.0,1,0
2023-06-28,642207,3,2,0,0.124,3.0,1,0
2023-06-28,642545,18,0,2,10.364707540436457,18.0,16,4
2023-06-28,642585,5,2,0,0.502,5.0,3,0
2023-06-28,643493,7,0,1,1.863903,7.0,6,0
2023-06-28,650556,3,2,0,0.119,3.0,1,0
2023-06-28,650960,3,0,2,1.510806,3.0,1,0
2023-06-28,656234,5,1,1,1.979903,5.0,3,0
2023-06-28,656353,10,0,1,3.4993645384615384,10.0,9,1
2023-06-28,656529,3,1,0,0.804,3.0,2,0
2023-06-28,656605,24,5,2,5.96414975,24.0,17,1
2023-06-28,656945,3,1,0,0.525,3.0,2,0
2023-06-28,657277,22,5,0,6.5,22.0,17,1
2023-06-28,657508,5,0,2,2.269806,5.0,3,0
2023-06-28,657514,5,1,1,1.755903,5.0,3,0
2023-06-28,660261,9,2,0,1.5510000000000002,9.0,7,0
2023-06-28,660787,3,0,0,0.389,3.0,3,0
2023-06-28,661527,4,1,0,0.841005,4.0,2,0
2023-06-28,663423,4,1,0,1.409,4.0,3,0
2023-06-28,663465,18,8,1,4.225903,18.0,9,0
2023-06-28,663558,7,3,1,0.910903,7.0,3,0
2023-06-28,663704,10,0,1,4.583732787234043,10.0,9,1
2023-06-28,664126,4,1,1,1.566903,4.0,2,0
2023-06-28,664139,3,1,0,0.201,3.0,2,0
2023-06-28,664299,22,1,1,8.605776243243243,21.0,19,2
2023-06-28,664747,3,0,0,1.2197,3.0,3,0
2023-06-28,664875,6,3,1,1.503903,6.0,2,0
2023-06-28,665625,4,0,0,1.093,4.0,4,0
2023-06-28,666129,18,2,1,5.1395029999999995,18.0,15,1
2023-06-28,666214,27,5,2,12.012697666666668,27.0,20,3
2023-06-28,666364,4,1,0,2.228470588235294,4.0,3,1
2023-06-28,666720,2,0,0,0.879,2.0,2,0
2023-06-28,666974,6,1,0,1.552,6.0,5,0
2023-06-28,669060,7,1,0,1.5990416666666667,7.0,6,1
2023-06-28,669145,1,1,0,0.0,1.0,0,0
2023-06-28,669211,6,2,1,2.452183701754386,6.0,3,1
2023-06-28,669212,6,1,1,1.956903,6.0,4,0
2023-06-28,669302,26,4,2,7.898806,26.0,20,0
2023-06-28,669387,4,2,0,0.638,4.0,2,0
2023-06-28,669467,3,1,2,1.391806,3.0,0,0
2023-06-28,669674,7,1,1,2.7363624594594596,7.0,5,1
2023-06-28,669684,10,1,2,4.743806,9.0,7,1
2023-06-28,669713,16,4,1,4.056257838709677,16.0,11,1
2023-06-28,670102,15,2,0,6.6688431034482765,15.0,13,3
2023-06-28,670174,3,1,1,0.819903,3.0,1,0
2023-06-28,670950,11,5,1,1.929903,11.0,5,0
2023-06-28,671106,17,5,2,5.672811,17.0,9,0
2023-06-28,672391,8,1,0,2.6963541666666666,8.0,7,2
2023-06-28,673540,23,8,2,6.445811,23.0,12,0
2023-06-28,675627,23,3,2,7.773806,23.0,18,1
2023-06-28,675989,6,1,1,3.216130272727273,6.0,4,0
2023-06-28,676664,21,5,3,8.904731580645162,21.0,13,3
2023-06-28,677053,1,1,0,0.0,1.0,0,0
2023-06-28,678061,4,0,0,1.236,4.0,4,0
2023-06-28,680704,4,2,0,0.188,4.0,2,0
2023-06-28,680735,19,2,4,8.322152,19.0,13,2
2023-06-28,681806,11,2,1,3.750903,11.0,8,1
2023-06-28,681869,8,4,0,2.3936935483870965,8.0,4,1
2023-06-28,682051,13,3,3,5.375894064935065,13.0,7,2
2023-06-28,682120,6,3,0,0.8088421052631578,5.0,2,1
2023-06-28,686294,4,0,0,2.400094017094017,4.0,4,1
2023-06-28,686654,6,1,0,1.17,6.0,5,0
2023-06-28,687798,8,1,2,3.7474960000000004,8.0,5,1
2023-06-28,696147,5,1,0,1.503,5.0,4,0
2023-06-28,701643,6,1,0,1.801,6.0,5,0
2023-06-29,425794,14,1,3,8.863173285714286,14.0,10,1
2023-06-29,425844,28,0,2,9.80185361904762,28.0,26,0
2023-06-29,445276,5,1,0,2.4247407407407406,5.0,4,1
2023-06-29,453286,27,9,2,7.485375491525424,27.0,16,1
2023-06-29,455119,5,1,1,1.666,4.0,3,0
2023-06-29,458681,28,7,2,9.652276324191337,27.0,19,4
2023-06-29,472610,5,0,0,1.296,5.0,5,0
2023-06-29,502085,3,0,1,1.0769030000000002,3.0,2,0
2023-06-29,502624,20,6,2,6.665163941176471,20.0,11,1
2023-06-29,518886,3,1,0,0.48,3.0,2,0
2023-06-29,519008,3,0,0,1.062005,3.0,2,0
2023-06-29,523260,4,0,1,2.199903,4.0,3,0
2023-06-29,542585,4,2,0,0.937,4.0,2,0
2023-06-29,543294,27,4,0,8.244793323657474,27.0,23,2
2023-06-29,547973,3,2,0,0.272,3.0,1,0
2023-06-29,571539,8,3,0,1.8980000000000001,8.0,5,0
2023-06-29,571863,3,0,0,0.265,3.0,3,0
2023-06-29,571927,13,4,3,3.987709,13.0,6,0
2023-06-29,571948,4,0,0,2.1697322727272725,4.0,3,1
2023-06-29,592836,27,6,1,6.509903,26.0,20,0
2023-06-29,596112,3,2,0,0.228,3.0,1,0
2023-06-29,598286,6,0,1,1.994903,6.0,5,0
2023-06-29,605130,4,2,0,0.9890000000000001,4.0,2,0
2023-06-29,605135,25,12,3,6.940279217391304,25.0,9,0
2023-06-29,605288,24,5,1,8.76545016981132,24.0,18,2
2023-06-29,605397,24,6,1,7.191903,24.0,17,0
2023-06-29,605447,5,1,0,1.33,5.0,4,0
2023-06-29,606160,6,1,0,0.873,6.0,5,0
2023-06-29,606303,3,1,0,0.156,3.0,2,0
2023-06-29,606965,5,2,2,1.9818060000000002,5.0,1,0
2023-06-29,608665,5,2,0,2.859,5.0,3,1
2023-06-29,608678,4,0,1,1.763903,4.0,3,1
2023-06-29,613534,3,2,0,0.024,3.0,1,0
2023-06-29,614179,3,0,1,1.013903,3.0,2,0
2023-06-29,621366,4,0,0,0.831,4.0,4,0
2023-06-29,622075,3,2,0,0.077,3.0,1,0
2023-06-29,622098,3,1,0,0.01,3.0,2,0
2023-06-29,622780,3,2,0,0.694,3.0,1,0
2023-06-29,624647,3,2,0,0.095,3.0,1,0
2023-06-29,628708,4,2,0,0.901,4.0,2,0
2023-06-29,630023,26,4,3,10.056481222222223,26.0,19,1
2023-06-29,640462,3,2,0,0.062,3.0,1,0
2023-06-29,641302,5,0,0,1.225,5.0,5,0
2023-06-29,641585,25,2,2,6.831806,25.0,21,0
2023-06-29,641656,3,0,0,1.536478260869565,3.0,3,1
2023-06-29,641793,7,3,0,1.1469999999999998,7.0,4,0
2023-06-29,641835,3,1,0,1.079,3.0,2,1
2023-06-29,642207,6,1,2,2.326806,6.0,3,0
2023-06-29,642397,3,0,0,0.279,3.0,3,0
2023-06-29,643410,4,0,0,1.3574285714285719,4.0,4,1
2023-06-29,643493,3,1,0,0.541,3.0,2,0
2023-06-29,650893,3,1,0,0.338,3.0,2,0
2023-06-29,656061,3,2,0,0.154,3.0,1,0
2023-06-29,656529,3,1,0,0.21500000000000002,3.0,2,0
2023-06-29,656638,7,0,2,2.963806,7.0,5,0
2023-06-29,656945,4,2,0,0.112,4.0,2,0
2023-06-29,657024,3,0,0,0.46299999999999997,3.0,3,0
2023-06-29,657097,5,1,0,2.014005,5.0,3,0
2023-06-29,657240,3,1,0,0.1,3.0,2,0
2023-06-29,657376,24,3,3,7.612792333333333,24.0,18,2
2023-06-29,657612,4,0,1,1.533903,3.0,2,0
2023-06-29,660853,3,1,0,0.17,3.0,2,0
2023-06-29,661403,3,1,0,1.112,3.0,2,0
2023-06-29,663567,9,0,1,5.809229619778346,9.0,8,3
2023-06-29,663687,26,2,2,11.904398352092354,26.0,22,3
2023-06-29,663765,13,1,2,5.963806,13.0,10,1
2023-06-29,663776,26,8,2,6.953311,26.0,15,1
2023-06-29,663941,7,1,1,2.133903,7.0,5,0
2023-06-29,663947,8,2,0,4.046846153846154,8.0,6,1
2023-06-29,663986,7,0,1,4.25936745945946,7.0,5,1
2023-06-29,664199,4,0,0,1.091,4.0,4,0
2023-06-29,664294,4,1,1,0.7659030000000001,4.0,2,0
2023-06-29,665625,1,0,0,0.057,1.0,1,0
2023-06-29,666200,23,9,1,5.502903,23.0,13,0
2023-06-29,666619,3,1,0,0.198,3.0,2,0
2023-06-29,666720,3,2,0,0.124,3.0,1,0
2023-06-29,667463,9,1,1,4.137374576227391,9.0,7,2
2023-06-29,667755,7,5,1,1.121903,7.0,1,0
2023-06-29,668674,6,0,1,3.4541130000000004,6.0,3,1
2023-06-29,668970,10,2,0,3.283005,10.0,7,0
2023-06-29,669438,4,0,0,3.4923043478260873,4.0,4,1
2023-06-29,669456,20,8,1,3.061903,20.0,11,0
2023-06-29,669459,7,3,0,0.301,7.0,4,0
2023-06-29,669618,4,0,1,3.146903,4.0,3,0
2023-06-29,670280,5,3,1,0.8889030000000001,5.0,1,0
2023-06-29,671345,3,0,0,0.405,3.0,3,0
2023-06-29,672578,3,0,0,0.08499999999999999,3.0,3,0
2023-06-29,674003,20,8,3,6.250307484848485,20.0,9,1
2023-06-29,676475,9,1,0,3.8067272727272727,9.0,8,1
2023-06-29,676760,2,1,0,0.216,2.0,1,0
2023-06-29,676775,23,3,1,9.752413,23.0,17,2
2023-06-29,677053,2,1,0,0.216,2.0,1,0
2023-06-29,677865,6,0,0,1.988,6.0,6,0
2023-06-29,678394,24,5,1,4.300903,24.0,18,0
2023-06-29,681857,9,2,1,3.365903,9.0,6,0
2023-06-29,681982,7,1,1,1.222903,7.0,5,0
2023-06-29,682847,23,0,3,10.810781667757775,22.0,19,3
2023-06-29,686218,21,5,0,5.756614379084967,21.0,16,1
2023-06-29,686610,11,2,1,2.422908,11.0,7,0
2023-06-29,686753,10,4,1,2.064903,10.0,5,0
2023-06-29,694297,15,3,2,7.559661,15.0,9,0
2023-06-30,455119,1,1,0,0.0,1.0,0,0
2023-06-30,456713,5,0,0,3.6879310344827587,5.0,5,2
2023-06-30,471911,22,6,3,9.755004918618232,22.0,13,3
2023-06-30,502085,7,1,1,3.832903,7.0,5,1
2023-06-30,502171,22,3,0,6.0108999999999995,22.0,19,1
2023-06-30,518617,3,1,1,0.7509030000000001,3.0,1,0
2023-06-30,519151,3,1,0,0.26,3.0,2,0
2023-06-30,542888,8,2,1,1.972903,8.0,5,0
2023-06-30,543339,4,2,0,0.5409999999999999,4.0,2,0
2023-06-30,543507,5,2,0,2.6279318181818185,5.0,3,1
2023-06-30,543521,9,2,1,2.476903,9.0,6,0
2023-06-30,543859,3,1,0,0.5085,3.0,2,0
2023-06-30,547179,22,4,1,8.01495061904762,21.0,17,0
2023-06-30,548384,2,2,0,0.0,2.0,0,0
2023-06-30,571901,5,0,1,1.697903,5.0,4,0
2023-06-30,572020,26,7,2,6.69735316981132,26.0,17,1
2023-06-30,572955,3,1,0,0.9009999999999999,3.0,2,0
2023-06-30,573124,4,2,0,1.6164347826086958,4.0,2,1
2023-06-30,592094,3,1,0,0.774005,3.0,1,0
2023-06-30,592351,27,4,2,8.574267697722568,26.0,21,1
2023-06-30,592741,6,1,1,2.1099863333333335,6.0,4,0
2023-06-30,593576,3,1,0,0.244,3.0,2,0
2023-06-30,594580,6,1,0,1.93605,6.0,5,0
2023-06-30,595345,5,1,0,2.578093913043478,5.0,4,2
2023-06-30,596295,28,7,1,7.0487451052631585,28.0,20,1
2023-06-30,605151,14,2,0,7.792719285714285,14.0,11,2
2023-06-30,605177,4,0,1,0.941903,4.0,3,0
2023-06-30,605242,4,0,0,1.107,4.0,4,0
2023-06-30,607237,4,0,1,2.104391888888889,4.0,3,1
2023-06-30,607259,4,1,0,0.8210000000000001,4.0,3,0
2023-06-30,607625,24,6,0,4.95425,24.0,18,0
2023-06-30,607755,4,1,0,0.402,4.0,3,0
2023-06-30,608371,5,2,0,0.7809999999999999,5.0,3,0
2023-06-30,608638,4,1,1,1.260903,4.0,2,0
2023-06-30,612434,4,1,0,0.848005,4.0,2,0
2023-06-30,613534,1,0,0,0.002,1.0,1,0
2023-06-30,615698,19,1,2,7.856056000000001,19.0,16,1
2023-06-30,621016,5,0,2,1.510806,5.0,3,0
2023-06-30,621074,4,2,0,1.5997727272727273,4.0,2,1
2023-06-30,621139,7,1,1,1.988903,7.0,5,0
2023-06-30,621244,23,8,0,8.362666666666666,23.0,15,3
2023-06-30,621295,9,1,1,4.074078,9.0,6,2
2023-06-30,621363,5,1,2,1.708806,5.0,2,0
2023-06-30,621366,4,0,0,1.164,4.0,4,0
2023-06-30,621381,3,2,0,0.035,3.0,1,0
2023-06-30,621383,18,3,1,5.397826076923077,18.0,14,2
2023-06-30,622065,3,0,0,0.244,3.0,3,0
2023-06-30,622075,1,0,0,0.8759310344827588,1.0,1,1
2023-06-30,622780,3,1,0,1.378005,3.0,1,0
2023-06-30,623352,4,3,1,0.695903,4.0,0,0
2023-06-30,623381,14,4,1,4.594903,14.0,9,0
2023-06-30,640448,5,0,0,1.698,5.0,5,0
2023-06-30,640451,3,2,0,0.234,3.0,1,0
2023-06-30,640455,4,1,0,0.5509999999999999,4.0,3,0
2023-06-30,641154,24,6,3,5.775084,24.0,15,1
2023-06-30,641627,5,1,0,2.174,5.0,4,1
2023-06-30,641703,3,0,1,1.9760141111111111,3.0,2,0
2023-06-30,641743,3,0,2,1.471806,3.0,1,0
2023-06-30,641941,4,2,0,1.6412142857142857,4.0,2,0
2023-06-30,642048,4,0,2,1.6998060000000002,4.0,2,0
2023-06-30,642100,5,0,0,2.472,5.0,5,0
2023-06-30,642547,21,8,2,5.214506,21.0,11,1
2023-06-30,643511,4,1,0,1.014,4.0,3,0
2023-06-30,645801,6,0,0,3.046412698412699,6.0,6,2
2023-06-30,647336,24,7,0,6.750345744680851,24.0,17,3
2023-06-30,650556,4,1,0,0.8150000000000001,4.0,3,0
2023-06-30,650911,25,6,1,6.524260142857143,25.0,18,1
2023-06-30,650960,2,0,1,1.356903,2.0,1,0
2023-06-30,656234,5,2,0,1.1793225806451613,5.0,3,1
2023-06-30,656257,4,1,0,1.1219999999999999,4.0,3,0
2023-06-30,656271,7,0,0,2.3042,7.0,7,1
2023-06-30,656288,25,9,4,6.928683428571429,25.0,12,2
2023-06-30,656290,4,0,0,2.909,3.0,4,1
2023-06-30,656464,3,1,0,0.312,3.0,2,0
2023-06-30,656546,3,2,0,0.428,3.0,1,0
2023-06-30,657006,25,6,1,4.676908,25.0,17,0
2023-06-30,657248,3,0,0,0.126,3.0,3,0
2023-06-30,657571,5,1,0,1.0630000000000002,5.0,4,0
2023-06-30,660261,3,0,0,0.72,3.0,3,0
2023-06-30,660787,4,0,1,1.5809030000000002,4.0,3,0
2023-06-30,662253,7,0,0,3.262,7.0,7,0
2023-06-30,663423,8,2,1,2.452903,8.0,5,0
2023-06-30,663556,15,1,3,6.840635470588235,15.0,11,1
2023-06-30,663558,3,1,0,0.026000000000000002,3.0,2,0
2023-06-30,663773,19,1,2,9.57299137662086,19.0,16,4
2023-06-30,663989,12,3,0,3.1309583333333335,12.0,9,1
2023-06-30,664139,5,0,0,1.093,4.0,5,0
2023-06-30,664208,3,2,0,0.233,3.0,1,0
2023-06-30,664294,5,1,0,0.774,5.0,4,0
2023-06-30,664747,5,0,0,1.326,5.0,5,0
2023-06-30,665152,19,5,2,9.525846714285713,19.0,11,2
2023-06-30,665622,24,4,5,7.441515000000001,24.0,15,0
2023-06-30,666168,3,2,0,0.944,3.0,1,0
2023-06-30,666364,3,0,0,0.914,3.0,3,0
2023-06-30,666374,8,1,1,2.743903,8.0,6,0
2023-06-30,666808,3,1,1,0.695903,3.0,1,0
2023-06-30,668933,25,7,2,6.228865628543499,25.0,16,2
2023-06-30,669145,8,2,0,2.7696911618669318,8.0,6,2
2023-06-30,669387,8,2,1,2.324903,8.0,5,0
2023-06-30,669438,9,3,0,1.744,9.0,6,0
2023-06-30,669854,22,2,4,8.752898096256684,22.0,16,2
2023-06-30,669947,18,3,1,4.46159687755102,18.0,14,1
2023-06-30,669952,6,1,0,1.076111111111111,6.0,5,0
2023-06-30,670329,4,0,0,1.604,4.0,4,0
2023-06-30,672335,4,1,0,0.5920000000000001,4.0,3,0
2023-06-30,672391,4,1,0,0.21,4.0,3,0
2023-06-30,674072,23,8,2,6.586806,23.0,13,1
2023-06-30,674370,18,0,1,7.87518919047619,18.0,15,2
2023-06-30,675540,12,1,0,4.911892272727274,12.0,10,2
2023-06-30,676272,24,4,1,7.211908,24.0,18,0
2023-06-30,677865,5,2,0,0.442,5.0,3,0
2023-06-30,678061,4,0,0,1.560193548387097,4.0,4,1
2023-06-30,679525,22,5,4,9.12367801255887,22.0,13,2
2023-06-30,680686,24,8,1,6.101441461538462,24.0,15,0
2023-06-30,681807,3,0,0,0.631,3.0,3,0
2023-06-30,682120,5,1,0,0.5660000000000001,5.0,4,0
2023-06-30,682243,13,6,1,3.0244030000000004,13.0,6,1
2023-06-30,682989,10,2,2,2.9868110000000003,10.0,5,0
2023-06-30,687330,4,0,0,0.8181764705882353,4.0,4,0
2023-06-30,701643,5,1,1,0.456,4.0,3,0
2023-07-01,434378,26,6,1,6.517928641025642,26.0,19,1
2023-07-01,445276,6,3,0,1.9678333333333333,6.0,3,0
2023-07-01,450203,22,5,1,4.870903,22.0,16,0
2023-07-01,453268,6,0,1,1.5649030000000002,6.0,5,0
2023-07-01,472610,7,1,2,3.995806,7.0,4,1
2023-07-01,489446,2,1,1,0.695903,2.0,0,0
2023-07-01,493603,3,0,1,1.000903,3.0,2,0
2023-07-01,518489,7,3,0,1.55,7.0,4,0
2023-07-01,518626,3,0,0,1.3512666666666666,3.0,3,1
2023-07-01,519293,1,0,0,0.058,1.0,1,0
2023-07-01,523260,7,3,1,1.736903,7.0,3,0
2023-07-01,542585,5,2,0,2.0033636363636367,5.0,3,1
2023-07-01,542881,22,3,2,6.685806,22.0,17,0
2023-07-01,543056,3,1,0,0.159,3.0,2,0
2023-07-01,543101,12,3,0,7.494409473304473,12.0,8,4
2023-07-01,543135,24,5,4,4.855612000000001,23.0,14,0
2023-07-01,543507,4,1,0,0.7880050000000001,4.0,2,0
2023-07-01,543518,5,1,2,2.005806,5.0,2,0
2023-07-01,545121,3,0,0,0.369,3.0,3,0
2023-07-01,554340,3,1,0,0.7309999999999999,3.0,2,0
2023-07-01,554430,22,6,0,6.943169491525425,22.0,16,1
2023-07-01,571656,6,0,0,3.2458782608695653,6.0,6,2
2023-07-01,571670,3,1,0,0.796,3.0,2,0
2023-07-01,571863,2,0,0,0.067,1.0,1,0
2023-07-01,571901,7,3,1,1.010903,7.0,3,0
2023-07-01,572403,8,0,3,6.395709,8.0,5,1
2023-07-01,572955,6,0,0,2.3316,6.0,6,0
2023-07-01,573186,24,7,2,5.746806,24.0,15,0
2023-07-01,579328,22,7,2,8.299628727272728,22.0,13,1
2023-07-01,592229,8,1,0,2.0629999999999997,8.0,7,0
2023-07-01,592454,4,1,1,1.241903,4.0,2,0
2023-07-01,592773,5,0,0,1.713,5.0,5,0
2023-07-01,593974,4,2,1,0.7149030000000001,4.0,1,0
2023-07-01,595345,6,0,0,2.901005,6.0,5,0
2023-07-01,596001,6,0,0,0.966,6.0,6,0
2023-07-01,596112,7,1,1,2.597903,7.0,5,0
2023-07-01,598286,3,0,0,1.02,3.0,3,0
2023-07-01,605130,5,1,1,1.267903,5.0,3,0
2023-07-01,605177,2,2,0,0.0,2.0,0,0
2023-07-01,605280,3,1,1,0.9559030000000001,3.0,1,0
2023-07-01,606160,5,1,1,2.1442571666666668,5.0,3,1
2023-07-01,606303,3,1,0,0.541,3.0,2,0
2023-07-01,606965,5,1,0,1.952,5.0,4,1
2023-07-01,607192,26,11,1,7.780085045177045,26.0,13,3
2023-07-01,607755,7,0,0,2.291,7.0,7,0
2023-07-01,608379,22,4,2,6.774536952380952,20.0,14,0
2023-07-01,608665,3,1,0,0.522,3.0,2,0
2023-07-01,608717,9,1,2,3.798806,8.0,6,0
2023-07-01,621219,10,0,1,4.444503744680851,10.0,8,1
2023-07-01,621294,3,0,0,0.7613157894736844,3.0,3,0
2023-07-01,621389,10,1,0,2.868005,10.0,8,0
2023-07-01,622098,3,1,0,0.192,3.0,2,0
2023-07-01,622250,3,1,0,0.402,3.0,2,0
2023-07-01,622663,25,2,3,11.55427709116809,25.0,20,2
2023-07-01,623149,5,3,0,0.856,5.0,2,0
2023-07-01,623211,6,1,0,0.635,6.0,5,0
2023-07-01,623433,4,0,0,1.324,4.0,4,0
2023-07-01,623437,3,0,0,0.6679999999999999,3.0,3,0
2023-07-01,625643,5,0,1,1.847903,5.0,4,0
2023-07-01,628711,17,2,2,5.945811,17.0,12,0
2023-07-01,640454,10,1,3,3.8697090000000003,10.0,6,0
2023-07-01,640455,11,3,1,2.174153,11.0,7,0
2023-07-01,641360,6,1,0,1.0579999999999998,6.0,5,1
2023-07-01,641656,6,2,0,3.1206315789473686,6.0,4,1
2023-07-01,641703,3,0,0,1.2309999999999999,3.0,3,0
2023-07-01,641712,9,2,0,2.2533000000000003,9.0,7,1
2023-07-01,641729,4,0,0,2.4779999999999998,4.0,4,1
2023-07-01,641871,4,0,0,1.4153541666666667,3.0,3,1
2023-07-01,641927,24,8,0,3.800005,24.0,15,0
2023-07-01,643377,3,0,0,0.53,3.0,3,0
2023-07-01,643493,3,2,0,0.377,3.0,1,0
2023-07-01,650633,12,2,0,2.498005,12.0,9,0
2023-07-01,656061,2,1,0,0.175,2.0,1,0
2023-07-01,656222,8,1,1,4.472090826086956,8.0,6,2
2023-07-01,656234,5,1,0,2.018,5.0,4,0
2023-07-01,656302,24,5,3,6.400809,24.0,16,0
2023-07-01,656427,22,4,2,6.690806,22.0,16,0
2023-07-01,656529,3,0,0,0.89,3.0,3,0
2023-07-01,656638,8,2,1,2.618903,8.0,5,0
2023-07-01,656657,13,2,1,3.134903,13.0,10,0
2023-07-01,657024,5,1,0,2.218176470588235,5.0,4,0
2023-07-01,657240,3,1,0,0.972,3.0,2,0
2023-07-01,657508,3,2,1,0.695903,3.0,0,0
2023-07-01,657612,4,0,1,0.8059030000000001,4.0,3,0
2023-07-01,660261,4,2,0,0.729005,4.0,1,0
2023-07-01,660787,4,1,1,1.039903,4.0,2,0
2023-07-01,660813,4,0,1,1.716903,4.0,3,0
2023-07-01,661395,4,0,0,0.591,4.0,4,0
2023-07-01,661527,9,4,1,2.377903,9.0,4,0
2023-07-01,663567,12,2,1,2.529903,12.0,9,0
2023-07-01,663658,6,0,2,3.757306,6.0,4,1
2023-07-01,663738,24,4,3,8.96099105128205,24.0,17,1
2023-07-01,663878,6,1,0,2.556466538461538,6.0,4,1
2023-07-01,663947,4,1,0,1.038,4.0,3,0
2023-07-01,664199,5,1,0,1.444,5.0,4,0
2023-07-01,664942,11,1,2,3.851806,11.0,8,0
2023-07-01,665871,11,5,1,2.770903,11.0,5,0
2023-07-01,666205,23,4,4,8.429612,23.0,15,1
2023-07-01,666277,12,3,1,2.349903,12.0,8,0
2023-07-01,666619,4,1,1,1.735903,4.0,2,0
2023-07-01,666974,3,2,0,0.143,3.0,1,0
2023-07-01,668674,9,3,1,2.9738474444444445,9.0,5,1
2023-07-01,669022,18,3,3,8.708072620689656,18.0,11,2
2023-07-01,669060,3,1,0,1.0069428571428576,3.0,2,1
2023-07-01,669194,27,6,1,6.519024257309941,27.0,19,2
2023-07-01,669203,25,7,2,7.1918109999999995,25.0,15,0
2023-07-01,669212,4,1,0,1.5745555555555553,4.0,3,1
2023-07-01,669461,20,1,1,7.784236333333333,20.0,18,1
2023-07-01,669467,1,0,0,0.126,1.0,1,0
2023-07-01,669618,4,0,0,1.7696666666666667,4.0,4,1
2023-07-01,669674,3,0,2,0.7289030000000001,2.0,1,0
2023-07-01,669923,25,7,2,5.896290126984128,25.0,16,1
2023-07-01,670059,2,0,0,0.355,2.0,2,0
2023-07-01,670174,13,4,3,6.00556845945946,13.0,6,2
2023-07-01,670912,27,1,3,13.950019623885918,27.0,23,3
2023-07-01,670950,7,1,0,3.2684285714285717,7.0,6,1
2023-07-01,671345,3,1,0,0.263,3.0,2,0
2023-07-01,672578,7,1,0,2.57256,7.0,6,0
2023-07-01,672710,11,2,1,2.923403,11.0,8,0
2023-07-01,674285,10,0,1,5.262229666666666,10.0,7,0
2023-07-01,676265,4,0,0,1.048,4.0,4,0
2023-07-01,676440,22,9,2,3.8478060000000003,22.0,11,0
2023-07-01,676680,3,1,0,0.22699999999999998,3.0,2,0
2023-07-01,676710,21,5,2,5.647383551020408,21.0,14,1
2023-07-01,676760,9,2,2,4.233806,9.0,5,0
2023-07-01,677076,7,0,1,4.156101924731183,7.0,6,1
2023-07-01,678606,3,2,0,0.24,3.0,1,0
2023-07-01,680694,25,7,1,9.177503,24.0,16,2
2023-07-01,680704,5,3,0,0.889,5.0,2,0
2023-07-01,682227,18,5,1,4.056903,18.0,12,0
2023-07-01,686294,9,1,0,4.8422205705705705,9.0,8,3
2023-07-01,686613,21,6,0,9.108333333333333,21.0,15,2
2023-07-01,686747,5,0,0,2.599,5.0,5,0
2023-07-01,686839,6,1,1,2.233903,6.0,4,0
2023-07-01,691587,8,0,0,5.150451298701299,8.0,8,2
2023-07-01,696147,8,1,1,2.7319080000000002,8.0,5,0
2023-07-02,448179,22,8,2,6.711651000000001,22.0,11,2
2023-07-02,455119,3,0,0,0.474,3.0,3,0
2023-07-02,493603,3,1,1,1.4219080000000002,3.0,0,0
2023-07-02,502085,3,2,0,0.182,3.0,1,0
2023-07-02,518886,3,1,0,0.618,3.0,2,0
2023-07-02,519151,3,1,0,0.416,3.0,2,0
2023-07-02,542585,3,0,0,1.346,3.0,3,0
2023-07-02,542888,2,0,0,0.064,2.0,2,0
2023-07-02,543037,26,5,2,8.568811,25.0,17,0
2023-07-02,543243,24,7,3,5.767880666666667,24.0,13,0
2023-07-02,543272,8,0,3,4.704556826086956,8.0,5,1
2023-07-02,543766,5,1,0,2.347,5.0,4,1
2023-07-02,547973,4,2,0,0.488,4.0,2,0
2023-07-02,548384,4,2,0,0.9230050000000001,4.0,1,0
2023-07-02,548389,7,2,1,1.880903,7.0,4,0
2023-07-02,554340,3,2,1,0.695903,3.0,0,0
2023-07-02,571670,4,1,0,1.505,4.0,3,0
2023-07-02,571760,19,8,1,5.826773254062159,19.0,10,3
2023-07-02,571863,5,0,0,0.982,5.0,5,0
2023-07-02,571948,1,0,0,0.134,1.0,1,0
2023-07-02,592094,7,2,2,3.0178160000000003,7.0,1,0
2023-07-02,592332,21,7,1,4.7069030000000005,21.0,13,0
2023-07-02,592741,1,0,0,0.407,1.0,1,0
2023-07-02,592791,24,6,0,8.212335149114631,24.0,17,4
2023-07-02,592866,23,1,2,7.753853368421053,23.0,20,1
2023-07-02,593576,4,2,0,1.151,4.0,2,0
2023-07-02,601713,16,6,2,5.085751454545454,16.0,8,1
2023-07-02,605447,5,1,1,2.685510142857143,5.0,3,1
2023-07-02,606149,5,3,1,1.4119030000000001,5.0,1,0
2023-07-02,607067,27,3,1,8.949857398708637,26.0,23,2
2023-07-02,607237,3,2,0,0.07,3.0,1,0
2023-07-02,607259,2,0,0,0.8631764705882353,2.0,2,0
2023-07-02,607481,9,2,0,2.046,9.0,7,0
2023-07-02,608032,4,1,0,1.4945,4.0,3,0
2023-07-02,608344,24,1,3,11.185693393939394,24.0,19,3
2023-07-02,608371,2,0,0,2.57444,2.0,2,2
2023-07-02,608638,3,1,0,0.278,3.0,2,0
2023-07-02,608678,3,1,1,0.524,2.0,1,0
2023-07-02,621074,3,1,0,1.0466060606060605,3.0,2,1
2023-07-02,621112,25,5,4,8.368617,25.0,15,1
2023-07-02,621237,3,0,0,0.9770000000000001,3.0,3,0
2023-07-02,621294,2,1,0,0.233,2.0,1,0
2023-07-02,621345,4,1,0,1.592,4.0,3,0
2023-07-02,621363,4,0,2,2.7825467407407407,4.0,2,1
2023-07-02,621366,4,0,0,0.663,3.0,4,0
2023-07-02,622072,12,3,4,4.589505888888889,12.0,4,1
2023-07-02,622075,7,1,1,2.213903,7.0,5,0
2023-07-02,622250,6,0,2,2.772139333333333,6.0,4,1
2023-07-02,622491,27,6,0,6.981775,27.0,21,0
2023-07-02,622772,11,2,0,5.190296875,11.0,9,1
2023-07-02,622780,6,2,0,1.029,6.0,4,0
2023-07-02,623149,3,2,0,0.111,3.0,1,0
2023-07-02,623465,5,2,0,1.626,5.0,3,0
2023-07-02,624133,25,5,3,9.514022888888888,25.0,17,4
2023-07-02,624647,10,1,1,3.674908,10.0,7,1
2023-07-02,628452,3,1,0,0.14600000000000002,3.0,2,0
2023-07-02,628708,4,0,0,1.132,4.0,4,0
2023-07-02,640448,6,0,2,3.384806,6.0,4,0
2023-07-02,640451,3,0,0,0.7170000000000001,3.0,3,0
2023-07-02,640470,4,1,0,0.7080000000000001,4.0,3,0
2023-07-02,641302,7,3,0,3.027897660818713,7.0,4,2
2023-07-02,641329,6,1,0,0.128,6.0,5,0
2023-07-02,641743,3,0,0,0.735,3.0,3,0
2023-07-02,641793,3,2,0,0.116,3.0,1,0
2023-07-02,641835,3,1,0,1.241,3.0,2,0
2023-07-02,641871,3,0,0,0.24,3.0,3,0
2023-07-02,641941,1,1,0,0.0,1.0,0,0
2023-07-02,642207,3,1,0,0.7153157894736843,3.0,2,0
2023-07-02,642585,3,3,0,0.0,3.0,0,0
2023-07-02,643377,3,1,0,0.60425,3.0,2,0
2023-07-02,643511,6,0,0,1.73,6.0,5,0
2023-07-02,645261,22,6,2,7.277875858712716,22.0,14,2
2023-07-02,650556,5,2,0,2.9063043478260875,5.0,3,2
2023-07-02,650644,24,2,1,6.725913,24.0,19,0
2023-07-02,656257,4,1,1,2.878875972972973,4.0,2,1
2023-07-02,656271,5,1,0,2.192877551020408,5.0,4,1
2023-07-02,656529,3,2,0,0.132,3.0,1,0
2023-07-02,656756,25,6,3,7.5985423333333335,24.0,16,1
2023-07-02,656786,4,2,0,1.056,4.0,2,0
2023-07-02,656849,18,3,3,6.959714,17.0,10,0
2023-07-02,657024,7,1,1,3.0474682173913044,7.0,5,0
2023-07-02,657053,18,5,4,5.729617,18.0,8,0
2023-07-02,657097,3,1,0,0.037,3.0,2,0
2023-07-02,657514,5,1,0,1.304,5.0,4,0
2023-07-02,657612,6,0,1,4.471908,6.0,4,1
2023-07-02,657756,23,4,1,8.551841681849552,23.0,18,2
2023-07-02,658648,12,4,1,2.801908,11.0,5,0
2023-07-02,660634,4,0,0,1.333,4.0,4,0
2023-07-02,660853,3,2,0,0.057,3.0,1,0
2023-07-02,661395,7,1,1,2.869005,6.0,4,0
2023-07-02,661403,8,0,1,2.332903,8.0,7,0
2023-07-02,662253,3,1,0,0.9849473684210527,3.0,2,0
2023-07-02,663855,5,0,1,1.537903,5.0,4,0
2023-07-02,663903,28,4,3,8.735167358662615,28.0,21,2
2023-07-02,663941,11,1,1,3.367903,11.0,9,0
2023-07-02,663986,6,0,1,4.379968406162465,6.0,5,1
2023-07-02,663992,4,1,0,1.033,4.0,3,0
2023-07-02,664062,21,3,3,8.43078542857143,19.0,14,1
2023-07-02,664208,3,1,0,0.022000000000000002,3.0,2,0
2023-07-02,664294,3,1,0,0.9640000000000001,3.0,2,0
2023-07-02,664747,5,1,0,1.851,5.0,4,0
2023-07-02,665625,5,0,0,2.1750000000000003,5.0,5,0
2023-07-02,666159,23,4,0,6.411406825396825,23.0,17,1
2023-07-02,666168,3,1,0,1.046,3.0,2,0
2023-07-02,666374,4,1,1,1.0487030000000002,4.0,2,0
2023-07-02,666619,6,1,0,2.906947368421053,6.0,5,0
2023-07-02,667755,5,1,1,1.323903,5.0,3,0
2023-07-02,668678,27,12,1,7.948047072948328,27.0,14,3
2023-07-02,668970,7,1,0,1.5970416666666665,7.0,6,1
2023-07-02,669387,5,0,1,2.639903,5.0,4,0
2023-07-02,669459,4,1,0,2.168,4.0,3,1
2023-07-02,669674,3,1,0,0.983,3.0,2,0
2023-07-02,669713,7,1,0,1.763,7.0,6,0
2023-07-02,670329,11,2,1,5.040569666666666,11.0,8,1
2023-07-02,670950,4,3,0,0.289,4.0,1,0
2023-07-02,670970,12,1,2,3.988472666666667,12.0,9,0
2023-07-02,671096,28,12,1,4.804601461538462,28.0,15,1
2023-07-02,671345,4,2,0,1.012,4.0,2,0
2023-07-02,671737,20,3,1,7.521925727272728,20.0,16,2
2023-07-02,672282,23,9,2,6.610012239737275,23.0,12,2
2023-07-02,672335,3,1,0,0.684,3.0,2,0
2023-07-02,672391,3,1,0,1.072,3.0,2,0
2023-07-02,675911,28,9,1,5.115903,27.0,17,0
2023-07-02,676092,5,1,0,1.4409999999999998,5.0,4,0
2023-07-02,676254,6,0,0,3.537,6.0,6,1
2023-07-02,676477,4,1,0,2.1618333333333335,4.0,3,1
2023-07-02,676680,3,1,1,0.701903,3.0,1,0
2023-07-02,677053,6,2,0,3.2339668435013262,6.0,4,2
2023-07-02,678606,4,1,1,1.5684030000000002,4.0,2,1
2023-07-02,681869,17,3,2,6.563861,17.0,11,2
2023-07-02,681982,6,1,0,2.22716,6.0,5,1
2023-07-02,682175,3,0,0,0.554,3.0,3,0
2023-07-02,686839,6,0,1,3.649283,6.0,4,0
2023-07-02,687330,4,1,0,0.956,4.0,3,0
2023-07-02,701643,9,3,1,2.729903,9.0,5,0
2023-07-03,518489,6,2,1,2.020903,6.0,3,0
2023-07-03,519151,3,1,0,0.579,3.0,2,0
2023-07-03,519293,6,0,0,2.9615705705705704,6.0,6,2
2023-07-03,527048,12,0,2,9.229688105263158,12.0,10,4
2023-07-03,527054,29,7,1,9.041664904761905,29.0,21,2
2023-07-03,543056,3,0,0,1.8104000000000002,3.0,3,1
2023-07-03,543339,4,1,1,0.8879030000000001,4.0,2,0
2023-07-03,547973,3,1,0,0.058,3.0,2,0
2023-07-03,571656,3,1,0,0.361,3.0,2,0
2023-07-03,571882,3,1,0,0.324,3.0,2,0
2023-07-03,571945,24,2,2,8.898524253968255,24.0,20,2
2023-07-03,573124,1,0,0,0.003,1.0,1,0
2023-07-03,592454,4,2,0,0.971,4.0,2,0
2023-07-03,592767,18,5,3,6.613209,18.0,10,1
2023-07-03,592773,3,0,0,0.257,3.0,3,0
2023-07-03,593334,21,5,0,7.073,21.0,16,0
2023-07-03,593576,4,1,0,1.5717999999999999,4.0,3,1
2023-07-03,593619,4,0,0,1.623,4.0,4,0
2023-07-03,596133,22,2,1,8.0657568510101,21.0,18,2
2023-07-03,598286,5,2,0,0.347,5.0,3,0
2023-07-03,605242,9,0,2,2.277806,9.0,7,0
2023-07-03,605280,3,2,0,0.066,3.0,1,0
2023-07-03,605483,24,7,4,8.839556444444444,23.0,12,1
2023-07-03,606303,3,1,0,0.45099999999999996,3.0,2,0
2023-07-03,607179,5,4,0,0.726005,5.0,0,0
2023-07-03,607259,4,2,0,0.609,4.0,2,0
2023-07-03,608717,2,1,0,0.357,2.0,1,0
2023-07-03,621016,5,1,1,2.724347444444444,5.0,3,1
2023-07-03,621295,3,1,0,0.487,3.0,2,0
2023-07-03,621345,5,0,1,2.934403,5.0,4,1
2023-07-03,623149,7,2,0,2.802523809523809,7.0,5,1
2023-07-03,623211,5,2,1,0.8759030000000001,5.0,2,0
2023-07-03,623352,4,1,1,1.783903,4.0,2,0
2023-07-03,623433,1,0,0,0.268,1.0,1,0
2023-07-03,623465,3,0,0,0.990005,3.0,2,0
2023-07-03,628452,3,1,0,0.5790000000000001,3.0,2,0
2023-07-03,640462,4,1,0,0.531,4.0,3,0
2023-07-03,641656,5,0,0,1.923,5.0,5,0
2023-07-03,641743,3,0,1,2.6552517499999997,3.0,1,1
2023-07-03,641941,6,1,1,2.129903,6.0,4,0
2023-07-03,642207,5,1,1,1.837903,5.0,3,0
2023-07-03,642545,20,5,0,4.183354166666667,19.0,14,1
2023-07-03,643410,7,2,0,2.238,7.0,5,0
2023-07-03,643511,3,0,0,1.0990000000000002,3.0,3,0
2023-07-03,650556,5,0,0,0.9490000000000001,4.0,5,0
2023-07-03,656266,4,0,1,1.709908,4.0,2,0
2023-07-03,656353,6,2,2,1.412806,6.0,2,0
2023-07-03,656605,26,7,1,10.254617677419354,26.0,17,1
2023-07-03,656945,5,2,0,1.675005,5.0,2,0
2023-07-03,657240,5,0,2,2.296806,5.0,3,0
2023-07-03,657248,15,2,1,6.406169666666667,15.0,12,2
2023-07-03,657277,29,11,2,9.41985428973843,29.0,16,2
2023-07-03,657508,3,0,0,1.198,2.0,3,0
2023-07-03,657571,4,2,0,0.774005,4.0,1,0
2023-07-03,657612,4,0,0,2.1974594594594596,4.0,4,1
2023-07-03,657746,25,9,1,6.5802759064039416,25.0,15,1
2023-07-03,660787,7,2,0,0.966,7.0,5,0
2023-07-03,660813,3,0,0,0.413,3.0,3,0
2023-07-03,662253,3,2,0,0.159,3.0,1,0
2023-07-03,663558,3,1,1,1.043903,3.0,1,0
2023-07-03,663623,25,3,1,7.335134428571429,25.0,21,3
2023-07-03,664139,4,1,0,1.178,4.0,3,0
2023-07-03,664199,7,0,1,3.8380458571428573,7.0,6,1
2023-07-03,664208,4,1,1,1.254903,4.0,2,0
2023-07-03,664294,3,1,0,0.127,3.0,2,0
2023-07-03,664299,23,4,0,8.333538390837104,23.0,19,1
2023-07-03,664747,3,0,0,0.449,3.0,3,0
2023-07-03,666129,24,6,0,7.7862977927927925,23.0,16,3
2023-07-03,666364,1,0,0,0.309,1.0,1,0
2023-07-03,666808,8,1,0,3.564893888888889,8.0,6,0
2023-07-03,666974,3,0,0,1.35,3.0,3,0
2023-07-03,668909,26,2,2,11.789031563508173,26.0,22,3
2023-07-03,669330,24,4,2,9.239577869639795,24.0,18,3
2023-07-03,669467,4,1,0,1.096,4.0,3,0
2023-07-03,674003,8,4,0,2.2200550000000003,8.0,3,0
2023-07-03,675540,8,2,0,2.1444594594594593,8.0,6,1
2023-07-03,675627,18,3,2,6.819238843803056,18.0,12,1
2023-07-03,676092,4,1,0,0.795,4.0,3,0
2023-07-03,676680,4,1,1,1.573903,4.0,2,0
2023-07-03,677053,3,0,1,1.2758363333333334,3.0,2,0
2023-07-03,680735,21,4,2,8.732306,21.0,15,1
2023-07-03,681808,2,1,0,0.512,2.0,1,0
2023-07-03,682989,4,0,1,2.2779030000000002,4.0,3,0
2023-07-03,686294,5,0,1,3.291903,5.0,4,1
2023-07-03,686654,3,0,0,0.8979999999999999,3.0,3,0
2023-07-03,686747,3,1,0,0.797005,3.0,1,0
2023-07-03,687396,4,2,0,1.376,4.0,2,1
2023-07-03,693433,23,7,2,7.088104484848484,23.0,14,2
2023-07-03,693821,29,1,2,8.262806,29.0,26,0
2023-07-03,696147,11,1,2,4.064806,11.0,8,0
2023-07-04,425794,20,3,2,11.129899968562688,20.0,14,3
2023-07-04,425844,24,3,0,8.48539388888889,24.0,20,3
2023-07-04,453286,25,9,2,7.145248307692308,25.0,14,2
2023-07-04,472551,6,1,0,1.705,6.0,5,0
2023-07-04,472610,4,2,0,0.66,4.0,2,0
2023-07-04,489119,26,4,2,8.250206,25.0,19,1
2023-07-04,489446,6,0,0,2.099,6.0,6,0
2023-07-04,493603,4,2,0,0.30700000000000005,4.0,2,0
2023-07-04,502043,25,4,4,8.456389727272727,25.0,16,2
2023-07-04,502085,3,0,1,1.789903,3.0,2,0
2023-07-04,518585,6,2,0,1.418005,6.0,3,0
2023-07-04,518886,3,2,0,0.011,3.0,1,0
2023-07-04,519293,1,0,0,0.504,1.0,1,0
2023-07-04,523260,5,2,1,2.8626126774193548,5.0,2,1
2023-07-04,543294,23,5,1,5.921953,22.0,16,0
2023-07-04,543507,4,1,1,0.8439030000000001,4.0,2,0
2023-07-04,543521,4,1,0,0.7210000000000001,4.0,3,0
2023-07-04,548384,5,1,2,1.7798060000000002,5.0,2,0
2023-07-04,571578,29,2,3,14.621437938469363,28.0,23,1
2023-07-04,571901,3,1,0,0.593,3.0,2,0
2023-07-04,571948,4,2,0,0.9940416666666666,4.0,2,1
2023-07-04,592454,4,1,2,1.528806,4.0,1,0
2023-07-04,592773,4,1,0,1.7927142857142853,4.0,3,1
2023-07-04,593974,4,0,0,0.935,4.0,4,0
2023-07-04,595345,4,1,1,0.8509030000000001,4.0,2,0
2023-07-04,596001,13,5,0,4.319405000000001,13.0,7,1
2023-07-04,605135,25,5,1,8.764908,24.0,17,1
2023-07-04,605200,22,6,2,7.052453509578544,22.0,14,2
2023-07-04,605347,4,0,0,1.286,4.0,4,0
2023-07-04,605397,24,11,1,4.041103,24.0,12,1
2023-07-04,605400,29,12,1,6.387403,29.0,16,1
2023-07-04,605447,3,3,0,0.0,3.0,0,0
2023-07-04,605463,3,0,1,1.2749030000000001,3.0,2,0
2023-07-04,606965,5,1,0,1.315,5.0,4,0
2023-07-04,607536,30,3,2,10.15069488888889,30.0,25,1
2023-07-04,607732,7,0,0,2.885,7.0,7,0
2023-07-04,608337,24,4,2,6.919806,24.0,18,0
2023-07-04,608371,3,2,0,0.01,3.0,1,0
2023-07-04,608665,4,0,1,1.264403,4.0,3,0
2023-07-04,612434,6,1,2,3.646806,6.0,3,1
2023-07-04,613534,4,1,2,2.117811,4.0,0,0
2023-07-04,614179,7,1,0,2.3320000000000003,7.0,6,0
2023-07-04,620454,6,0,2,3.145811,6.0,3,0
2023-07-04,621057,9,2,4,3.092709,8.0,3,0
2023-07-04,621107,27,9,0,5.137005,27.0,17,0
2023-07-04,621237,3,0,0,0.41700000000000004,3.0,3,0
2023-07-04,621295,11,1,2,4.472199030888031,11.0,7,1
2023-07-04,621366,3,3,0,0.0,3.0,0,0
2023-07-04,622065,3,0,0,0.6352500000000001,2.0,2,0
2023-07-04,622075,3,3,0,0.0,3.0,0,0
2023-07-04,622098,4,0,1,1.7829030000000001,4.0,3,0
2023-07-04,622103,7,0,1,3.194908,7.0,5,0
2023-07-04,622250,5,3,0,1.057,5.0,1,0
2023-07-04,622780,3,1,0,1.252733333333333,3.0,2,1
2023-07-04,623352,4,1,2,1.524806,4.0,1,0
2023-07-04,623433,3,0,0,0.46699999999999997,3.0,3,0
2023-07-04,623465,7,2,2,3.001806,7.0,3,0
2023-07-04,625643,5,0,1,2.1748315714285713,5.0,4,0
2023-07-04,628317,24,9,1,6.041528,24.0,14,1
2023-07-04,628452,4,0,2,0.754,2.0,2,0
2023-07-04,640455,10,2,0,3.2129,10.0,8,0
2023-07-04,640470,9,3,0,2.2220050000000002,9.0,5,0
2023-07-04,641329,3,1,1,1.0489030000000001,3.0,1,0
2023-07-04,641360,3,0,0,0.689,3.0,3,0
2023-07-04,641540,24,4,1,7.690617285714286,24.0,19,1
2023-07-04,641729,5,2,0,1.693,5.0,3,0
2023-07-04,643410,5,0,0,1.905005,5.0,4,0
2023-07-04,650893,5,0,1,2.520003,5.0,4,1
2023-07-04,650960,5,1,2,1.573806,5.0,2,0
2023-07-04,656061,5,1,0,0.16199999999999998,4.0,3,0
2023-07-04,656222,8,3,0,1.537,8.0,5,0
2023-07-04,656232,24,4,4,7.220662,24.0,16,0
2023-07-04,656266,3,2,0,0.116,3.0,1,0
2023-07-04,656271,5,1,0,1.276,5.0,4,0
2023-07-04,657024,4,0,0,1.1791,4.0,4,0
2023-07-04,657240,4,2,1,0.7569030000000001,4.0,1,0
2023-07-04,657376,20,7,0,4.66779761904762,20.0,13,0
2023-07-04,657514,5,2,0,0.371,5.0,3,0
2023-07-04,657571,2,0,0,1.013,2.0,2,0
2023-07-04,660261,3,3,0,0.0,3.0,0,0
2023-07-04,660271,24,5,4,12.595129379679143,24.0,15,4
2023-07-04,660853,2,0,0,1.5516,2.0,2,1
2023-07-04,661383,3,0,0,0.317,3.0,3,0
2023-07-04,661403,4,1,0,0.765,4.0,3,0
2023-07-04,661527,3,2,0,0.559,3.0,1,0
2023-07-04,663465,20,3,1,5.784099943972835,20.0,16,2
2023-07-04,663878,3,1,0,0.007,3.0,2,0
2023-07-04,663947,4,1,0,0.731,3.0,3,0
2023-07-04,663986,3,0,0,0.547,3.0,3,0
2023-07-04,663989,5,2,1,0.9100588235294117,4.0,2,0
2023-07-04,664028,22,3,2,6.221354745173746,22.0,17,2
2023-07-04,664942,13,2,2,6.875806,13.0,9,0
2023-07-04,665625,3,0,1,1.521903,3.0,2,0
2023-07-04,666200,24,8,2,6.264755444444444,24.0,13,1
2023-07-04,668674,4,2,1,1.5529030000000001,4.0,1,0
2023-07-04,668941,8,2,1,2.138903,7.0,4,0
2023-07-04,668970,5,1,2,2.0698060000000003,5.0,2,0
2023-07-04,669060,8,2,0,1.597,8.0,6,0
2023-07-04,669145,5,1,0,1.095,5.0,4,0
2023-07-04,669169,3,2,0,0.006,3.0,1,0
2023-07-04,669212,5,2,0,0.5139999999999999,5.0,3,0
2023-07-04,669302,32,7,0,7.002296296296296,32.0,25,1
2023-07-04,669373,13,6,0,2.297005,13.0,6,0
2023-07-04,669387,3,1,0,0.9648,3.0,2,1
2023-07-04,669456,25,4,5,11.48314,25.0,15,1
2023-07-04,669459,1,0,0,0.074,1.0,1,0
2023-07-04,669684,16,1,1,5.819403,16.0,14,1
2023-07-04,670059,6,0,1,1.720903,6.0,5,0
2023-07-04,670280,7,2,1,1.5289030000000001,7.0,4,0
2023-07-04,672391,5,0,0,3.3710535714285714,5.0,5,1
2023-07-04,676265,14,0,2,6.254717764705882,14.0,12,1
2023-07-04,676475,4,0,0,2.81695,4.0,4,1
2023-07-04,676664,27,4,0,6.410731034482759,27.0,23,1
2023-07-04,676760,5,1,2,2.0841217894736843,5.0,2,0
2023-07-04,676775,20,2,1,7.440219965811965,20.0,15,1
2023-07-04,677076,4,2,0,0.286,4.0,2,0
2023-07-04,678606,5,2,2,1.615806,5.0,1,0
2023-07-04,680704,4,2,0,0.917,4.0,2,0
2023-07-04,681857,17,5,1,3.594405857142857,17.0,11,1
2023-07-04,681982,3,0,0,1.8519264705882348,3.0,3,1
2023-07-04,682847,20,3,1,12.340667561885152,20.0,16,4
2023-07-04,686218,19,4,4,6.483612,19.0,11,1
2023-07-04,687888,4,0,0,0.304,4.0,4,0
2023-07-04,689167,3,1,0,0.33899999999999997,3.0,2,0
2023-07-04,694037,4,0,0,1.287,4.0,4,0
2023-07-04,694813,12,3,1,3.851903,12.0,8,0
2023-07-05,445276,3,0,0,0.731,3.0,3,0
2023-07-05,453268,4,0,0,0.34099999999999997,4.0,4,0
2023-07-05,455119,4,1,0,1.272,4.0,3,0
2023-07-05,502085,3,1,0,0.20400000000000001,3.0,2,0
2023-07-05,502171,23,7,0,6.954428571428572,23.0,16,1
2023-07-05,502624,18,3,1,8.217792798387098,18.0,14,3
2023-07-05,518489,3,0,0,1.351,3.0,3,0
2023-07-05,518585,4,2,1,0.695903,4.0,1,0
2023-07-05,518617,3,1,1,0.819903,3.0,1,0
2023-07-05,519151,3,2,0,0.197,3.0,1,0
2023-07-05,543339,6,2,2,1.825806,6.0,2,0
2023-07-05,543518,5,2,1,0.852903,5.0,2,0
2023-07-05,543548,21,0,4,8.355223111111112,21.0,17,1
2023-07-05,543859,11,3,0,3.042005,11.0,7,0
2023-07-05,571863,3,1,0,0.505,3.0,2,0
2023-07-05,571882,5,0,0,1.374,5.0,5,0
2023-07-05,571927,10,2,1,3.104903,10.0,7,0
2023-07-05,571948,5,0,0,0.9970000000000001,5.0,5,0
2023-07-05,572955,6,2,1,2.470903,6.0,3,0
2023-07-05,573124,3,1,0,0.022,3.0,2,0
2023-07-05,592351,28,2,3,9.176709,28.0,23,0
2023-07-05,592836,28,8,5,6.6055150000000005,28.0,15,0
2023-07-05,593576,4,1,0,0.7952,4.0,3,0
2023-07-05,593958,18,7,0,6.331442857142857,18.0,11,2
2023-07-05,594580,5,3,0,0.957,5.0,2,0
2023-07-05,595345,3,1,0,0.41200000000000003,3.0,2,0
2023-07-05,596112,3,1,0,2.26,3.0,2,1
2023-07-05,598286,4,0,0,2.183,4.0,4,0
2023-07-05,605177,6,0,1,3.3400679122807015,6.0,5,2
2023-07-05,605288,23,4,3,8.253314,23.0,15,1
2023-07-05,606149,3,0,0,0.646,3.0,3,0
2023-07-05,606303,3,1,0,0.306,3.0,2,0
2023-07-05,606965,7,0,3,3.5917090000000003,7.0,4,0
2023-07-05,607179,6,0,2,2.850049243243243,6.0,4,1
2023-07-05,607237,4,1,1,1.6129030000000002,4.0,2,0
2023-07-05,607259,5,1,1,2.6073512758620687,4.0,3,1
2023-07-05,607625,24,6,1,6.171836333333333,24.0,17,0
2023-07-05,608638,5,2,2,2.114806,5.0,1,0
2023-07-05,608717,5,1,0,0.9530000000000001,5.0,4,0
2023-07-05,615698,23,3,0,8.399776397515527,23.0,20,2
2023-07-05,621074,7,0,3,3.1972474615384616,7.0,4,0
2023-07-05,621294,5,0,0,2.626777727272727,5.0,4,1
2023-07-05,621363,4,2,0,0.705,4.0,2,0
2023-07-05,621366,3,1,0,0.804005,3.0,1,0
2023-07-05,622065,3,0,0,0.881,3.0,3,0
2023-07-05,623211,4,1,0,1.725,4.0,3,1
2023-07-05,623352,4,1,1,1.325903,4.0,2,0
2023-07-05,623437,5,1,0,2.61563,5.0,3,0
2023-07-05,630023,15,1,0,7.895200000000001,15.0,14,1
2023-07-05,640462,5,3,0,2.114,5.0,2,1
2023-07-05,640470,3,2,0,0.39,3.0,1,0
2023-07-05,641154,30,12,0,6.815285714285714,30.0,18,0
2023-07-05,641360,5,0,2,2.566806,5.0,3,0
2023-07-05,641585,24,4,1,6.949266247863248,24.0,19,1
2023-07-05,641656,5,0,0,2.4697727272727272,5.0,5,1
2023-07-05,641712,13,1,3,5.689926391304348,13.0,9,1
2023-07-05,641793,10,2,0,3.527,10.0,8,0
2023-07-05,642048,1,0,0,0.092,1.0,1,0
2023-07-05,642207,6,1,0,1.505,6.0,5,0
2023-07-05,642397,4,1,0,0.718,4.0,3,0
2023-07-05,642585,5,2,1,1.6009030000000002,5.0,2,0
2023-07-05,643493,9,1,0,1.137,9.0,8,0
2023-07-05,643511,4,0,0,0.9139999999999999,4.0,4,0
2023-07-05,647336,24,4,3,10.315295470588236,24.0,15,0
2023-07-05,650496,1,0,0,0.243,1.0,1,0
2023-07-05,650556,4,2,0,0.8360000000000001,4.0,2,0
2023-07-05,650633,12,2,1,4.028503000000001,12.0,9,1
2023-07-05,656234,3,0,1,1.060903,3.0,2,0
2023-07-05,656464,1,0,0,0.217,1.0,1,0
2023-07-05,656529,7,1,1,4.254059250000001,7.0,5,1
2023-07-05,656546,4,2,0,0.9430000000000001,4.0,2,0
2023-07-05,656657,18,3,1,6.2327927243107775,18.0,14,1
2023-07-05,656945,5,3,1,1.211903,5.0,1,0
2023-07-05,657006,27,5,0,9.746314153439155,27.0,22,2
2023-07-05,657097,7,1,3,1.507903,5.0,3,0
2023-07-05,657571,4,3,0,0.585,4.0,1,0
2023-07-05,663773,17,3,3,7.616073285714286,17.0,11,1
2023-07-05,663776,21,5,4,5.3896120000000005,21.0,12,0
2023-07-05,663855,4,1,1,1.098903,4.0,2,0
2023-07-05,664199,5,1,1,3.0360208571428573,5.0,3,1
2023-07-05,664294,3,0,0,1.174,3.0,3,0
2023-07-05,665152,25,10,1,4.807442999999999,25.0,14,1
2023-07-05,666277,5,0,1,3.5328530000000007,5.0,4,1
2023-07-05,666808,3,1,0,1.161,3.0,2,0
2023-07-05,666974,4,0,0,0.6980999999999998,4.0,4,0
2023-07-05,667463,6,1,0,1.691,6.0,5,0
2023-07-05,667755,6,2,1,3.340356275862069,6.0,2,1
2023-07-05,668933,27,2,3,8.854714,27.0,21,0
2023-07-05,669395,5,2,1,1.106903,5.0,2,0
2023-07-05,669438,6,0,0,1.577,6.0,6,0
2023-07-05,669459,3,2,0,0.056,3.0,1,0
2023-07-05,669461,7,0,1,4.482528,7.0,6,0
2023-07-05,670036,4,2,0,1.873522727272727,4.0,2,1
2023-07-05,670329,3,1,1,0.701903,3.0,1,0
2023-07-05,670990,4,0,0,1.6260050000000001,4.0,3,0
2023-07-05,672710,8,2,2,4.934243849944009,8.0,4,2
2023-07-05,672715,11,2,2,4.923845999999999,11.0,7,1
2023-07-05,673540,28,12,1,5.758403,28.0,15,1
2023-07-05,674072,23,2,4,6.182292333333334,22.0,17,1
2023-07-05,674370,19,4,4,6.910617,19.0,10,0
2023-07-05,675540,5,1,0,2.8020833333333335,5.0,4,1
2023-07-05,676272,23,7,1,9.144747093406593,23.0,15,4
2023-07-05,676680,3,0,0,0.186,3.0,3,0
2023-07-05,678394,28,3,0,10.20526977225673,28.0,25,4
2023-07-05,679525,20,5,3,8.157160808510639,20.0,11,1
2023-07-05,680686,28,6,4,11.462117000000001,27.0,16,2
2023-07-05,681190,21,1,3,7.197637571428571,21.0,16,0
2023-07-05,682120,11,3,1,2.8014744285714284,11.0,7,0
2023-07-05,686294,4,1,0,1.252,4.0,3,0
2023-07-05,686610,16,3,3,4.645809,16.0,10,0
2023-07-05,686654,6,2,0,1.208,6.0,4,0
2023-07-05,686747,15,2,2,6.7078109999999995,15.0,10,0
2023-07-06,455119,1,0,0,0.093,1.0,1,0
2023-07-06,458681,24,11,1,4.204283,24.0,11,0
2023-07-06,471911,26,4,1,6.383983213903743,26.0,21,2
2023-07-06,518617,4,1,0,1.3363333333333332,4.0,3,1
2023-07-06,518886,3,1,0,0.321,3.0,2,0
2023-07-06,542888,11,5,0,1.6099999999999999,11.0,6,1
2023-07-06,543135,25,3,4,9.045471770114942,25.0,18,2
2023-07-06,543351,4,0,0,0.112,4.0,4,0
2023-07-06,543475,20,5,0,5.1274,20.0,15,0
2023-07-06,543766,10,0,0,3.0600833333333335,10.0,10,0
2023-07-06,547179,16,4,0,2.739,16.0,12,0
2023-07-06,554340,2,0,0,0.376,2.0,2,0
2023-07-06,571656,8,1,1,1.758903,8.0,6,0
2023-07-06,571670,5,2,0,1.1695999999999998,5.0,3,1
2023-07-06,573186,22,6,4,8.149975636363637,22.0,12,1
2023-07-06,579328,21,4,0,6.284647272727273,21.0,17,2
2023-07-06,592094,3,0,0,0.569,3.0,3,0
2023-07-06,592741,3,3,0,0.0,3.0,0,0
2023-07-06,593974,7,1,1,2.879908,7.0,4,0
2023-07-06,596112,3,1,0,0.063,3.0,2,0
2023-07-06,600917,4,3,0,0.487,4.0,1,0
2023-07-06,605130,6,0,1,2.768903,6.0,5,0
2023-07-06,605242,4,1,0,2.1168199999999997,4.0,3,1
2023-07-06,605447,4,2,1,0.003,3.0,1,0
2023-07-06,606149,3,1,0,0.051,3.0,2,0
2023-07-06,606160,7,0,1,3.101072491525424,7.0,6,1
2023-07-06,606303,4,1,0,0.894,4.0,3,0
2023-07-06,607054,5,0,1,3.7477715983827493,5.0,4,2
2023-07-06,607179,7,2,1,2.612908,7.0,3,0
2023-07-06,607237,5,1,1,1.6513613333333332,5.0,3,0
2023-07-06,607481,6,1,0,1.353,6.0,5,0
2023-07-06,608348,5,0,1,1.412903,5.0,4,0
2023-07-06,608371,3,0,0,0.04,3.0,3,0
2023-07-06,608665,3,2,0,0.66,3.0,1,0
2023-07-06,608717,1,0,0,0.091,1.0,1,0
2023-07-06,613534,4,1,0,0.718,4.0,3,0
2023-07-06,614179,6,3,1,2.082908,6.0,1,0
2023-07-06,621016,3,0,0,0.83,3.0,3,0
2023-07-06,621057,3,0,1,1.7952363333333332,3.0,2,1
2023-07-06,621237,5,2,2,1.5708060000000001,5.0,1,0
2023-07-06,621244,22,6,1,4.556903,22.0,15,0
2023-07-06,621363,3,0,0,0.269,3.0,3,0
2023-07-06,621381,6,3,1,1.617903,6.0,2,0
2023-07-06,622250,5,0,2,2.399806,5.0,3,0
2023-07-06,622663,19,3,1,7.719717285714286,19.0,15,1
2023-07-06,622780,2,1,0,0.553,2.0,1,0
2023-07-06,623437,3,0,0,1.103,3.0,3,0
2023-07-06,625643,4,3,1,0.695903,4.0,0,0
2023-07-06,628708,3,1,0,0.202,3.0,2,0
2023-07-06,628711,22,8,1,4.261903,22.0,13,0
2023-07-06,640448,5,0,0,1.453,4.0,5,0
2023-07-06,640451,5,3,0,1.167533333333333,5.0,2,1
2023-07-06,641627,4,0,0,1.581,4.0,4,0
2023-07-06,641672,4,0,1,2.370903,4.0,3,0
2023-07-06,641835,4,3,0,0.519,4.0,1,0
2023-07-06,642547,24,10,3,6.740200111111111,24.0,10,1
2023-07-06,643396,4,0,0,2.1019117647058825,4.0,4,1
2023-07-06,643410,5,2,2,1.4778060000000002,5.0,1,0
2023-07-06,650496,5,1,0,2.9478043478260867,5.0,4,1
2023-07-06,650911,21,2,0,6.587581578947368,21.0,19,2
2023-07-06,650960,4,0,0,2.412877551020408,4.0,4,1
2023-07-06,656061,10,0,3,7.161114,10.0,6,1
2023-07-06,656271,3,0,0,1.672005,3.0,2,0
2023-07-06,656427,30,5,2,11.571872161616161,30.0,23,2
2023-07-06,656820,4,1,0,1.6829999999999998,4.0,3,1
2023-07-06,657044,6,1,0,1.807005,6.0,4,0
2023-07-06,660787,3,1,0,0.432,3.0,2,0
2023-07-06,660813,3,1,0,0.62,3.0,2,0
2023-07-06,660825,5,0,0,1.8310999999999997,5.0,5,0
2023-07-06,660853,5,0,1,2.093331571428572,5.0,4,1
2023-07-06,661527,6,2,1,1.355903,6.0,3,0
2023-07-06,662253,4,1,0,0.5900000000000001,4.0,3,0
2023-07-06,663574,4,0,0,1.144,4.0,4,0
2023-07-06,663687,25,6,4,9.17619425108225,25.0,15,1
2023-07-06,663855,3,1,0,0.6706666666666667,3.0,2,0
2023-07-06,663878,5,0,0,3.391892972972973,5.0,5,2
2023-07-06,663947,6,1,0,1.3578571428571429,6.0,5,0
2023-07-06,663986,3,1,0,0.452,3.0,2,0
2023-07-06,663989,6,1,0,2.094483870967742,6.0,5,1
2023-07-06,663992,2,1,0,0.003,2.0,1,0
2023-07-06,664126,3,2,0,0.524,3.0,1,0
2023-07-06,664139,6,2,0,1.594,6.0,4,0
2023-07-06,664747,5,1,0,1.3640050000000001,5.0,3,0
2023-07-06,665620,13,1,3,4.181709,13.0,9,0
2023-07-06,665625,3,2,0,0.257,3.0,1,0
2023-07-06,666168,9,0,1,1.7909030000000001,9.0,8,0
2023-07-06,666277,6,1,1,1.0845,5.0,4,1
2023-07-06,666374,1,1,0,0.0,1.0,0,0
2023-07-06,666619,3,0,0,0.742,3.0,3,0
2023-07-06,667463,4,0,0,0.802,4.0,4,0
2023-07-06,669022,5,1,0,1.127,5.0,4,0
2023-07-06,669060,3,2,0,0.548,3.0,1,0
2023-07-06,669194,18,1,0,7.7058873626373625,18.0,17,3
2023-07-06,669212,4,2,0,0.8445714285714284,4.0,2,1
2023-07-06,669424,8,3,0,2.1189999999999998,8.0,5,0
2023-07-06,669854,23,9,2,5.843319870967742,23.0,11,2
2023-07-06,669923,26,3,1,8.202391888888888,26.0,22,1
2023-07-06,669947,21,1,0,9.724883870967743,21.0,20,3
2023-07-06,670174,7,1,1,0.306,6.0,5,0
2023-07-06,670329,9,2,0,3.5499222222222224,9.0,7,0
2023-07-06,670912,28,6,2,10.743576903010034,28.0,20,3
2023-07-06,670950,7,4,0,0.588,7.0,3,0
2023-07-06,676092,3,1,0,1.409,3.0,2,0
2023-07-06,676265,3,2,1,0.695903,3.0,0,0
2023-07-06,676440,24,4,4,8.291826285714286,24.0,16,0
2023-07-06,676710,19,3,1,8.699329948051949,19.0,15,2
2023-07-06,676760,3,0,0,0.6639999999999999,3.0,3,0
2023-07-06,678606,4,0,0,0.784,4.0,4,0
2023-07-06,680694,23,5,2,6.670806000000001,23.0,16,0
2023-07-06,680704,3,1,0,0.27499999999999997,3.0,2,0
2023-07-06,681911,3,1,0,0.379,3.0,2,0
2023-07-06,681982,3,0,0,0.849,3.0,3,0
2023-07-06,682175,6,3,1,1.458903,6.0,2,0
2023-07-06,682227,11,4,1,1.5229030000000001,11.0,6,0
2023-07-06,686753,14,2,1,5.274908,14.0,10,1
2023-07-06,686839,4,1,0,0.28300000000000003,4.0,3,0
2023-07-06,687330,7,4,0,0.747,7.0,3,0
2023-07-06,687798,3,3,0,0.0,3.0,0,0
2023-07-06,687888,5,1,0,1.868,5.0,4,0
2023-07-06,689167,4,0,1,1.897903,4.0,3,0
2023-07-06,691587,22,7,2,5.2752110000000005,22.0,12,1
2023-07-06,694037,5,2,1,1.642903,5.0,2,0
2023-07-07,434378,26,2,3,6.749137571428571,26.0,21,1
2023-07-07,448179,23,3,4,9.571617142234118,23.0,16,3
2023-07-07,450203,23,6,2,5.424533272727273,23.0,15,1
2023-07-07,453268,3,0,0,0.899,3.0,3,0
2023-07-07,472610,5,2,1,0.7559030000000001,5.0,2,0
2023-07-07,493603,5,0,1,1.888903,5.0,4,0
2023-07-07,502085,4,1,0,0.8455,4.0,3,0
2023-07-07,506433,25,4,3,8.163834,25.0,17,0
2023-07-07,518397,3,1,0,0.316,3.0,2,0
2023-07-07,518489,4,1,1,1.163903,4.0,2,0
2023-07-07,518585,6,1,3,2.117709,6.0,2,0
2023-07-07,518886,3,0,0,0.843,3.0,3,0
2023-07-07,519293,3,2,0,0.422375,3.0,1,0
2023-07-07,542585,5,0,2,3.111072666666667,5.0,3,2
2023-07-07,542881,19,5,2,5.9934436811594205,19.0,12,1
2023-07-07,543056,1,0,0,0.368,1.0,1,0
2023-07-07,547973,3,1,0,0.26,3.0,2,0
2023-07-07,548384,3,0,0,1.213,3.0,3,0
2023-07-07,548389,14,3,0,3.084354166666667,14.0,11,1
2023-07-07,554430,25,7,0,6.885727272727273,25.0,18,1
2023-07-07,571882,5,1,0,2.484,5.0,4,0
2023-07-07,571901,7,0,2,4.317039363636365,6.0,5,1
2023-07-07,571948,5,4,0,0.259,5.0,1,0
2023-07-07,573124,4,1,2,1.9818060000000002,4.0,1,0
2023-07-07,592454,4,1,0,0.964,4.0,3,0
2023-07-07,592741,4,1,0,0.633,4.0,3,0
2023-07-07,592773,9,2,2,2.7717504444444443,9.0,5,1
2023-07-07,592791,26,4,2,6.979853619047619,26.0,20,0
2023-07-07,592866,28,5,3,9.303409,28.0,20,0
2023-07-07,593576,4,2,0,0.8260000000000001,4.0,2,0
2023-07-07,596295,22,1,0,6.5571666161616164,21.0,20,1
2023-07-07,601713,20,8,1,3.5191696666666665,20.0,11,1
2023-07-07,605280,4,3,1,0.695903,4.0,0,0
2023-07-07,607074,22,2,2,8.099821384615383,22.0,18,2
2023-07-07,607192,22,8,1,5.20903200188324,22.0,13,2
2023-07-07,607259,5,1,2,2.115806,5.0,2,0
2023-07-07,608344,22,4,0,5.969726415094339,22.0,18,2
2023-07-07,608665,5,1,1,1.940903,5.0,3,0
2023-07-07,608717,5,2,1,1.602903,5.0,2,0
2023-07-07,612434,4,0,0,0.86,4.0,4,0
2023-07-07,621345,1,1,0,0.0,1.0,0,0
2023-07-07,622065,4,1,1,1.8939030000000001,4.0,2,0
2023-07-07,622098,4,1,0,1.5405000000000002,4.0,3,0
2023-07-07,622491,27,3,0,9.082153846153846,27.0,24,1
2023-07-07,623433,5,1,1,1.1819030000000001,5.0,3,0
2023-07-07,628452,4,1,0,0.523,4.0,3,0
2023-07-07,640462,6,3,0,3.190595744680851,6.0,3,1
2023-07-07,640470,3,1,0,0.984,3.0,2,0
2023-07-07,641656,2,0,1,0.809903,2.0,1,0
2023-07-07,641703,3,1,0,0.976005,3.0,1,0
2023-07-07,641871,5,1,0,2.4088452380952385,5.0,4,1
2023-07-07,641927,24,5,3,6.906542333333333,24.0,16,0
2023-07-07,641941,1,1,0,0.0,1.0,0,0
2023-07-07,642048,3,0,0,1.4841538461538462,3.0,3,1
2023-07-07,642207,3,2,1,0.695903,3.0,0,0
2023-07-07,642585,7,3,1,0.7639030000000001,6.0,2,0
2023-07-07,643377,3,2,0,0.101,3.0,1,0
2023-07-07,643511,2,0,0,1.3067727272727272,2.0,2,1
2023-07-07,645261,27,5,0,11.49988888888889,27.0,21,1
2023-07-07,650644,23,9,0,4.99755,23.0,14,1
2023-07-07,656234,3,0,0,0.683,3.0,3,0
2023-07-07,656288,14,0,1,7.996940684537686,14.0,13,4
2023-07-07,656302,29,8,0,9.281747368421053,29.0,21,1
2023-07-07,656412,19,2,2,9.062247155308869,19.0,15,2
2023-07-07,656546,7,2,0,1.5575714285714286,7.0,5,0
2023-07-07,656756,17,5,1,4.858072491525425,17.0,11,1
2023-07-07,656945,4,2,0,1.117,4.0,2,0
2023-07-07,657248,8,4,1,2.6715615804132975,8.0,3,1
2023-07-07,657508,3,0,1,1.8919030000000001,3.0,2,0
2023-07-07,657514,8,3,1,2.3738613333333336,8.0,4,1
2023-07-07,657612,4,1,0,1.199,4.0,3,0
2023-07-07,660730,10,5,0,1.25,10.0,5,1
2023-07-07,660813,4,1,0,1.23,4.0,3,0
2023-07-07,661395,6,2,0,0.903,5.0,4,0
2023-07-07,661403,3,0,1,1.172903,3.0,2,0
2023-07-07,661440,7,3,0,2.2863548387096775,7.0,4,1
2023-07-07,661527,3,0,0,0.6010000000000001,3.0,3,0
2023-07-07,663462,3,1,0,1.3534888888888887,3.0,2,1
2023-07-07,663558,3,1,1,1.099903,3.0,1,0
2023-07-07,663574,5,0,2,1.868903,4.0,3,0
2023-07-07,663738,25,3,1,7.616029126126126,24.0,20,1
2023-07-07,663941,6,0,0,3.3208636363636375,6.0,6,2
2023-07-07,663986,3,1,0,0.428,3.0,2,0
2023-07-07,664062,27,5,1,9.155552769585254,27.0,21,2
2023-07-07,664208,7,1,2,3.472811,7.0,3,0
2023-07-07,664294,8,3,1,1.759823,8.0,4,1
2023-07-07,664875,3,0,0,0.5770833333333334,2.0,2,0
2023-07-07,665622,26,9,1,4.785,25.0,16,1
2023-07-07,665734,3,1,0,0.362,3.0,2,0
2023-07-07,666201,23,8,0,4.515666666666666,23.0,15,0
2023-07-07,666619,5,1,0,1.2049999999999998,5.0,4,0
2023-07-07,666974,3,1,0,0.43,3.0,2,0
2023-07-07,668338,5,0,2,2.559806,5.0,3,0
2023-07-07,668678,25,5,0,4.348,25.0,20,0
2023-07-07,668941,6,0,0,1.405,6.0,6,0
2023-07-07,669169,3,0,0,1.089,3.0,3,0
2023-07-07,669203,23,6,4,7.037799499999999,23.0,13,1
2023-07-07,669438,11,0,1,6.194935210884354,11.0,9,2
2023-07-07,669467,5,1,0,1.6100050000000001,5.0,3,0
2023-07-07,669674,7,2,1,2.372903,7.0,4,0
2023-07-07,669952,7,1,1,1.933903,7.0,5,0
2023-07-07,670097,6,0,0,2.8547777272727273,6.0,5,1
2023-07-07,670102,4,2,0,1.3073142857142854,4.0,2,1
2023-07-07,670970,3,1,0,1.221,2.0,2,1
2023-07-07,670990,9,0,1,4.178903,9.0,8,0
2023-07-07,671096,23,6,1,10.743511736945,23.0,16,5
2023-07-07,672578,3,1,0,0.235,3.0,2,0
2023-07-07,672851,12,2,0,4.828558620689655,12.0,10,2
2023-07-07,674003,20,1,1,6.381503,20.0,18,1
2023-07-07,676632,4,0,1,2.7836302727272733,4.0,3,1
2023-07-07,676680,4,0,0,0.56,4.0,4,0
2023-07-07,676760,5,1,0,1.5859999999999999,4.0,3,1
2023-07-07,679885,7,2,2,3.106811,7.0,2,0
2023-07-07,681517,6,2,2,3.153533272727273,6.0,2,1
2023-07-07,681911,1,1,0,0.0,1.0,0,0
2023-07-07,682175,6,0,0,2.237,6.0,6,0
2023-07-07,686613,20,8,3,6.646709,20.0,9,1
2023-07-07,686839,3,0,0,1.091,3.0,3,0
2023-07-08,472551,5,1,0,2.0080714285714287,5.0,4,1
2023-07-08,472610,4,1,0,1.5068333333333332,4.0,3,0
2023-07-08,489446,2,1,0,0.009,2.0,1,0
2023-07-08,518617,6,0,0,1.7506111111111111,5.0,5,1
2023-07-08,519151,4,0,1,1.0189030000000001,4.0,3,0
2023-07-08,543037,28,5,1,6.3352363333333335,28.0,22,1
2023-07-08,543056,4,0,0,0.95,4.0,4,0
2023-07-08,543243,26,5,3,9.914709,26.0,18,1
2023-07-08,543272,6,1,0,3.236888888888889,6.0,5,1
2023-07-08,543518,8,4,0,1.6520000000000001,8.0,4,0
2023-07-08,543521,3,0,0,0.41700000000000004,3.0,3,0
2023-07-08,554340,1,1,0,0.0,1.0,0,0
2023-07-08,571656,4,1,0,0.919,4.0,3,0
2023-07-08,571760,18,4,1,8.26394525251076,18.0,13,2
2023-07-08,571863,3,0,0,1.19,3.0,3,1
2023-07-08,571945,25,6,0,5.0410545454545455,25.0,19,0
2023-07-08,572020,24,3,1,5.393287615384615,24.0,20,0
2023-07-08,592229,3,1,0,1.042,3.0,2,0
2023-07-08,592332,24,7,2,6.55863547368421,24.0,15,2
2023-07-08,592767,19,3,4,10.478966838709677,19.0,12,2
2023-07-08,592848,4,0,0,1.954017857142858,4.0,4,1
2023-07-08,593576,6,2,2,2.1208110000000002,6.0,1,0
2023-07-08,594580,9,0,1,2.694750105263158,9.0,7,1
2023-07-08,595345,1,1,0,0.0,1.0,0,0
2023-07-08,596133,18,1,2,7.91603241509434,18.0,15,2
2023-07-08,605177,3,2,0,0.079,3.0,1,0
2023-07-08,605347,3,0,0,0.395,3.0,3,0
2023-07-08,605483,23,11,3,3.882709,22.0,7,0
2023-07-08,606149,4,2,0,0.611,4.0,2,0
2023-07-08,606965,4,0,0,1.154,4.0,4,1
2023-07-08,607067,22,7,1,6.52979524137931,22.0,14,1
2023-07-08,607179,8,1,0,2.907111111111111,8.0,7,1
2023-07-08,607259,3,3,0,0.0,3.0,0,0
2023-07-08,607481,4,3,0,0.303,4.0,1,0
2023-07-08,608032,5,1,2,1.4758060000000002,5.0,2,0
2023-07-08,608371,5,2,1,0.927903,5.0,2,0
2023-07-08,608678,2,2,0,0.0,2.0,0,0
2023-07-08,612434,3,2,0,0.044,3.0,1,0
2023-07-08,613534,1,1,0,0.0,1.0,0,0
2023-07-08,621074,5,1,0,0.435,5.0,4,0
2023-07-08,621294,3,0,1,0.9779030000000001,3.0,2,0
2023-07-08,621295,5,0,1,3.5552467499999993,5.0,4,1
2023-07-08,621345,1,1,0,0.0,1.0,0,0
2023-07-08,621383,8,4,1,1.1005696666666667,8.0,3,0
2023-07-08,622072,18,3,1,5.246569666666667,18.0,14,0
2023-07-08,623211,5,1,0,1.7597931034482757,5.0,4,1
2023-07-08,623352,4,2,0,0.742,4.0,2,0
2023-07-08,623437,3,0,0,0.796,3.0,3,0
2023-07-08,623465,1,1,0,0.0,1.0,0,0
2023-07-08,624133,29,4,4,9.389458153846155,28.0,20,1
2023-07-08,625643,5,2,1,2.080603,5.0,2,0
2023-07-08,628708,6,1,1,2.068903,6.0,4,0
2023-07-08,630023,4,2,1,0.8579030000000001,4.0,1,0
2023-07-08,640448,3,2,0,0.016,3.0,1,0
2023-07-08,640462,4,1,0,0.913,4.0,3,0
2023-07-08,641329,9,3,1,2.675903,9.0,5,0
2023-07-08,641627,3,1,0,0.9930000000000001,3.0,2,0
2023-07-08,642770,7,1,2,2.5071393333333334,7.0,4,0
2023-07-08,643493,9,0,0,4.164667211328975,9.0,9,2
2023-07-08,643511,6,0,0,1.193,6.0,6,0
2023-07-08,650556,4,2,1,0.7389030000000001,4.0,1,0
2023-07-08,650633,6,1,0,1.457005,6.0,4,0
2023-07-08,650960,4,1,1,1.253903,4.0,2,0
2023-07-08,656271,4,0,0,0.766,4.0,4,0
2023-07-08,656457,11,2,1,2.981850368421053,11.0,8,0
2023-07-08,656464,5,1,1,1.263903,5.0,3,0
2023-07-08,656529,5,1,1,2.983745105263158,5.0,3,1
2023-07-08,656605,26,4,5,7.698515,26.0,17,0
2023-07-08,656638,3,1,0,0.42300000000000004,3.0,2,0
2023-07-08,656849,24,7,2,6.1253926666666665,24.0,15,1
2023-07-08,656945,3,1,0,0.218,3.0,2,0
2023-07-08,657053,20,5,1,5.894903,20.0,14,0
2023-07-08,657097,3,0,0,0.756,3.0,3,0
2023-07-08,657756,18,3,1,8.020852056603774,18.0,14,3
2023-07-08,660261,4,1,0,0.479,4.0,3,0
2023-07-08,660853,1,0,0,0.627,1.0,1,0
2023-07-08,661383,7,1,1,1.4810029999999998,7.0,5,0
2023-07-08,661403,3,1,0,0.532,3.0,2,0
2023-07-08,662253,5,2,1,1.332503,5.0,2,0
2023-07-08,663542,8,1,1,1.607903,8.0,6,0
2023-07-08,663623,22,1,2,8.084886960548886,22.0,19,2
2023-07-08,663855,5,1,0,0.913,5.0,4,0
2023-07-08,663878,6,2,1,1.465903,6.0,3,0
2023-07-08,663903,28,3,1,13.809079470588236,28.0,24,0
2023-07-08,663992,6,2,0,2.374352826086956,6.0,3,1
2023-07-08,664139,4,1,0,1.5950256410256414,4.0,3,1
2023-07-08,664199,3,1,1,0.926903,3.0,1,0
2023-07-08,664285,25,6,2,6.831456,25.0,17,1
2023-07-08,664747,4,2,0,0.278,4.0,2,0
2023-07-08,665625,6,0,1,2.440903,6.0,5,0
2023-07-08,665734,3,0,0,0.256,3.0,3,0
2023-07-08,665871,10,2,1,2.919903,10.0,7,0
2023-07-08,666129,22,3,0,8.777408778677463,22.0,18,2
2023-07-08,666159,23,5,3,6.307142571428572,23.0,14,1
2023-07-08,666808,3,2,0,0.129,3.0,1,0
2023-07-08,667755,6,1,2,2.712806,6.0,3,0
2023-07-08,668674,11,4,0,2.2680000000000002,11.0,7,0
2023-07-08,668909,26,7,1,8.661330777777778,26.0,18,1
2023-07-08,668970,3,2,0,0.256,3.0,1,0
2023-07-08,669060,5,0,0,1.6,5.0,5,0
2023-07-08,669212,5,1,0,2.851,5.0,4,1
2023-07-08,669330,24,4,2,7.635599103448276,24.0,18,1
2023-07-08,669395,2,1,0,0.469,2.0,1,0
2023-07-08,669459,5,3,0,0.438,5.0,2,0
2023-07-08,670059,5,1,0,1.0583333333333333,5.0,4,0
2023-07-08,670280,8,1,1,1.011,5.0,6,0
2023-07-08,671345,4,1,0,1.0279473684210527,3.0,2,0
2023-07-08,671737,22,4,2,7.5329998775510205,22.0,16,1
2023-07-08,672282,20,4,1,8.663732249417249,19.0,12,3
2023-07-08,675627,25,6,1,8.448850368421052,25.0,18,2
2023-07-08,675911,25,11,1,5.608955619047619,25.0,12,1
2023-07-08,676092,6,0,1,2.791014111111111,6.0,5,0
2023-07-08,676254,10,4,1,2.564903,10.0,5,0
2023-07-08,681911,4,2,0,0.915,4.0,2,0
2023-07-08,681982,14,3,0,2.747,14.0,11,0
2023-07-08,682842,8,2,0,1.806,8.0,6,0
2023-07-08,686294,3,0,0,1.282,3.0,3,0
2023-07-08,687888,13,3,0,3.1693018749999995,13.0,9,1
2023-07-08,693433,22,4,1,6.094745105263158,22.0,17,1
2023-07-08,701643,3,1,0,0.9301111111111111,3.0,2,1
2023-07-09,445276,3,1,1,1.079903,3.0,1,0
2023-07-09,453286,24,7,3,9.322687174603175,24.0,14,3
2023-07-09,455119,5,0,0,1.5139999999999998,5.0,5,0
2023-07-09,489119,24,8,3,8.163209,24.0,13,0
2023-07-09,502043,25,11,1,4.760319985951469,25.0,13,2
2023-07-09,519008,5,1,1,2.486903,5.0,3,1
2023-07-09,542585,4,0,0,1.2570000000000001,4.0,4,0
2023-07-09,543294,27,5,0,6.951959459459459,27.0,22,1
2023-07-09,543859,7,2,0,0.7669999999999999,7.0,5,0
2023-07-09,554340,3,2,0,0.149,3.0,1,0
2023-07-09,570257,3,2,0,0.217,3.0,1,0
2023-07-09,571578,27,6,1,6.453521598382749,27.0,20,2
2023-07-09,571670,6,1,1,2.5792363333333332,6.0,4,0
2023-07-09,571882,4,0,0,1.394,4.0,4,0
2023-07-09,571927,19,9,0,2.823,19.0,10,0
2023-07-09,592094,4,1,0,0.9550000000000001,4.0,3,0
2023-07-09,592454,3,0,0,1.019,3.0,3,0
2023-07-09,592741,3,0,1,1.260903,3.0,2,0
2023-07-09,593334,21,9,3,3.817750666666667,21.0,9,1
2023-07-09,594902,23,5,2,8.487169636363637,23.0,16,1
2023-07-09,595345,3,1,0,0.484,3.0,2,0
2023-07-09,596112,3,3,0,0.0,3.0,0,0
2023-07-09,598286,4,0,0,0.441,3.0,4,0
2023-07-09,600917,5,0,0,0.323,5.0,5,0
2023-07-09,605130,5,1,0,1.9140000000000001,5.0,4,0
2023-07-09,605135,21,4,0,7.936234661889834,21.0,17,3
2023-07-09,605177,4,0,1,1.119903,3.0,2,0
2023-07-09,605200,22,6,2,8.012859571428573,21.0,14,1
2023-07-09,605242,4,1,0,1.553,4.0,3,0
2023-07-09,605280,3,1,0,0.23199999999999998,3.0,2,0
2023-07-09,605347,3,2,0,0.574,3.0,1,0
2023-07-09,605397,22,7,0,7.14002,22.0,11,0
2023-07-09,605400,26,6,0,11.229602391325239,26.0,20,4
2023-07-09,605447,3,1,0,0.373,3.0,2,0
2023-07-09,605463,5,0,0,2.211005,5.0,4,0
2023-07-09,606160,5,1,0,0.8200000000000001,5.0,4,0
2023-07-09,606303,3,2,0,0.03,3.0,1,0
2023-07-09,607536,27,0,3,13.381142333333333,26.0,24,2
2023-07-09,608337,24,5,3,8.184176532467532,24.0,16,1
2023-07-09,608638,1,0,0,0.21,1.0,1,0
2023-07-09,608665,7,2,1,3.207913,7.0,2,0
2023-07-09,608678,3,2,0,0.365,3.0,1,0
2023-07-09,608717,4,1,0,1.0010000000000001,4.0,3,0
2023-07-09,614179,5,0,0,1.767,5.0,5,1
2023-07-09,621107,18,5,0,4.663454545454545,18.0,13,1
2023-07-09,621112,7,1,1,4.021309779661017,7.0,5,1
2023-07-09,621366,6,3,0,0.656,6.0,3,0
2023-07-09,621381,5,1,0,1.865,5.0,4,0
2023-07-09,622065,1,0,0,0.7820833333333334,1.0,1,0
2023-07-09,622250,8,3,0,3.7039276923076923,8.0,5,1
2023-07-09,622780,4,0,0,1.76,3.0,4,1
2023-07-09,623149,4,2,1,0.7179030000000001,4.0,1,0
2023-07-09,640448,1,0,0,0.146,1.0,1,0
2023-07-09,640451,4,0,0,1.901,4.0,4,0
2023-07-09,640470,3,0,0,0.453,3.0,3,0
2023-07-09,641540,25,4,2,10.047722764705883,25.0,18,1
2023-07-09,641656,3,0,0,1.159,3.0,3,0
2023-07-09,641712,5,2,0,1.2144761904761905,5.0,3,1
2023-07-09,641729,6,2,0,0.5599999999999999,6.0,4,0
2023-07-09,641793,10,1,0,3.600416666666667,10.0,9,0
2023-07-09,641835,3,2,0,0.18,3.0,1,0
2023-07-09,641871,4,1,0,0.366,3.0,3,0
2023-07-09,641941,2,0,0,0.506,2.0,2,0
2023-07-09,642207,3,2,0,0.095,3.0,1,0
2023-07-09,642232,24,5,1,6.721903,24.0,18,0
2023-07-09,642397,5,1,0,1.55,5.0,4,0
2023-07-09,650556,4,1,0,0.999,4.0,3,0
2023-07-09,650893,3,0,1,0.8289030000000001,3.0,2,0
2023-07-09,656232,23,5,1,6.809913,23.0,15,0
2023-07-09,656464,3,2,0,0.384,3.0,1,0
2023-07-09,656638,5,2,1,1.8759429999999997,5.0,2,1
2023-07-09,657024,4,1,0,1.131,4.0,3,0
2023-07-09,657240,6,1,2,1.9408060000000003,6.0,3,0
2023-07-09,657277,31,10,0,6.404416666666667,31.0,21,0
2023-07-09,657376,2,1,0,0.058,2.0,1,0
2023-07-09,657612,4,1,1,1.000903,4.0,2,0
2023-07-09,657746,21,10,2,8.374798878787878,21.0,8,2
2023-07-09,660261,2,0,0,0.08600000000000001,2.0,2,0
2023-07-09,660787,5,0,0,0.682,5.0,5,0
2023-07-09,660825,4,1,0,0.392,4.0,3,0
2023-07-09,663465,6,1,1,2.338903,6.0,4,0
2023-07-09,663485,7,0,2,5.504539333333333,7.0,5,2
2023-07-09,663558,4,1,0,3.1126197183098587,4.0,3,1
2023-07-09,663947,3,2,0,0.169,3.0,1,0
2023-07-09,663989,4,0,0,0.9770050000000001,4.0,3,0
2023-07-09,664139,5,0,1,1.682,4.0,4,0
2023-07-09,664208,4,0,0,1.6320000000000001,4.0,4,0
2023-07-09,664875,5,1,0,0.48716666666666664,5.0,4,0
2023-07-09,665625,3,2,0,0.21,3.0,1,0
2023-07-09,666200,24,9,1,7.378295314439946,24.0,13,1
2023-07-09,666364,12,3,0,2.879153846153846,12.0,9,1
2023-07-09,666374,3,1,0,0.29300000000000004,3.0,2,0
2023-07-09,666619,3,1,0,0.642,3.0,2,0
2023-07-09,668941,7,3,1,1.3429030000000002,6.0,3,0
2023-07-09,669302,24,6,0,5.738885503144654,24.0,17,2
2023-07-09,669373,15,5,2,3.334806,15.0,8,0
2023-07-09,669387,6,1,2,2.079806,6.0,3,0
2023-07-09,669456,28,6,0,8.91761,28.0,20,1
2023-07-09,669459,2,2,0,0.0,2.0,0,0
2023-07-09,669684,15,4,4,5.405612,15.0,7,1
2023-07-09,670059,4,0,0,0.579,3.0,4,0
2023-07-09,670174,11,2,0,5.1462,11.0,9,2
2023-07-09,670280,4,2,1,0.695903,4.0,1,0
2023-07-09,670950,6,1,0,0.6890000000000001,6.0,5,0
2023-07-09,670970,5,0,1,2.409961823529412,5.0,4,0
2023-07-09,672578,6,1,1,1.341903,6.0,4,0
2023-07-09,674370,5,0,0,0.536,5.0,5,0
2023-07-09,676664,21,4,3,5.7620158749999995,21.0,12,1
2023-07-09,676680,4,0,0,0.7880050000000001,4.0,3,0
2023-07-09,676760,3,0,2,2.138806,3.0,1,0
2023-07-09,678606,5,0,2,2.495806,5.0,3,0
2023-07-09,680704,4,1,1,0.8549030000000001,4.0,2,0
2023-07-09,681857,7,0,0,2.3758478260869564,7.0,7,1
2023-07-09,682120,4,2,0,0.923,4.0,2,0
2023-07-09,686610,6,1,0,1.1493888888888888,6.0,5,0
2023-07-09,693821,19,0,4,9.878928661336746,19.0,15,2
2023-07-09,701643,4,0,0,0.774,4.0,4,0
2023-07-14,434378,22,6,6,6.914418,22.0,10,0
2023-07-14,445276,1,1,0,0.0,1.0,0,0
2023-07-14,448179,28,2,2,6.804472666666667,28.0,24,0
2023-07-14,450203,22,4,1,6.066045857142857,22.0,17,1
2023-07-14,453268,4,2,0,0.903,4.0,2,0
2023-07-14,472610,6,0,2,2.8341393333333333,6.0,4,1
2023-07-14,476595,3,1,0,0.9570000000000001,3.0,2,0
2023-07-14,506433,24,9,2,6.733982470588235,24.0,13,0
2023-07-14,518489,3,1,0,0.682,3.0,2,0
2023-07-14,518585,3,1,0,0.28600000000000003,3.0,2,0
2023-07-14,519151,3,3,0,0.0,3.0,0,0
2023-07-14,542585,3,1,0,0.8677272727272727,3.0,2,1
2023-07-14,543294,22,5,0,9.80403795721187,22.0,17,4
2023-07-14,543351,3,2,0,0.522,3.0,1,0
2023-07-14,543766,7,0,1,2.415903,7.0,6,0
2023-07-14,547973,3,1,0,0.07300000000000001,3.0,2,0
2023-07-14,548389,19,6,0,4.041314285714286,18.0,12,1
2023-07-14,571479,1,0,0,0.129,1.0,1,0
2023-07-14,571882,3,1,0,0.099,3.0,2,0
2023-07-14,571901,3,0,0,1.404,3.0,3,0
2023-07-14,571945,9,2,0,1.2478095238095237,9.0,7,0
2023-07-14,572955,3,1,0,0.459,3.0,2,0
2023-07-14,592229,10,0,2,5.360011882352942,10.0,8,1
2023-07-14,592351,26,4,3,9.037864441558442,25.0,19,2
2023-07-14,592866,10,5,0,2.48569887755102,10.0,4,1
2023-07-14,593576,4,3,0,1.3689729729729732,4.0,1,1
2023-07-14,593958,21,7,2,7.705671512820512,21.0,11,4
2023-07-14,594580,3,1,0,1.033,3.0,2,0
2023-07-14,596295,23,2,0,8.099,23.0,21,1
2023-07-14,600917,4,1,0,0.849,4.0,3,0
2023-07-14,605463,5,1,2,1.748806,5.0,2,0
2023-07-14,606149,5,1,0,0.89,5.0,4,0
2023-07-14,606303,3,2,0,0.009,3.0,1,0
2023-07-14,607074,21,6,2,6.578806,21.0,13,1
2023-07-14,607179,7,0,0,2.594142857142857,6.0,7,1
2023-07-14,607259,3,1,0,0.222,3.0,2,0
2023-07-14,607755,7,0,1,2.550528,7.0,6,0
2023-07-14,608371,5,2,1,1.6169030000000002,5.0,2,0
2023-07-14,608678,4,2,0,1.7949354838709677,4.0,2,1
2023-07-14,608717,7,2,0,1.502,7.0,5,0
2023-07-14,613534,7,0,0,4.06501,7.0,5,0
2023-07-14,621244,21,4,1,7.438199875,21.0,16,1
2023-07-14,621294,4,1,0,1.375,4.0,3,0
2023-07-14,621366,7,1,0,1.977005,7.0,5,0
2023-07-14,621383,4,1,0,0.7519999999999999,4.0,3,0
2023-07-14,622075,3,1,0,0.111,3.0,2,0
2023-07-14,622098,7,1,2,2.901806,7.0,4,0
2023-07-14,622491,19,5,0,6.462367485380116,19.0,14,3
2023-07-14,623352,2,1,0,0.017,2.0,1,0
2023-07-14,628317,17,6,4,5.648339272727273,17.0,7,1
2023-07-14,628711,22,7,1,4.771508,22.0,12,2
2023-07-14,640448,7,2,0,2.664847826086956,7.0,5,1
2023-07-14,640451,3,1,0,0.139,3.0,2,0
2023-07-14,640455,5,0,2,1.6578060000000001,5.0,3,0
2023-07-14,641329,4,0,0,0.8,4.0,4,0
2023-07-14,641585,23,2,0,8.771042735042736,22.0,21,2
2023-07-14,641627,3,1,0,0.232,3.0,2,0
2023-07-14,641743,5,2,1,1.232903,5.0,2,0
2023-07-14,641941,6,1,1,0.8859030000000001,6.0,4,0
2023-07-14,642048,3,1,0,0.9139999999999999,3.0,2,0
2023-07-14,642100,3,1,0,0.39299999999999996,3.0,2,0
2023-07-14,642207,3,2,0,0.528,3.0,1,0
2023-07-14,642545,6,1,0,1.295,6.0,5,0
2023-07-14,642585,3,2,0,0.012,3.0,1,0
2023-07-14,643377,3,0,0,0.366,3.0,3,0
2023-07-14,643410,5,1,0,1.5561739130434782,5.0,4,1
2023-07-14,643493,2,0,0,1.5545000000000004,2.0,2,1
2023-07-14,643511,7,2,0,1.832,7.0,5,0
2023-07-14,645261,27,5,1,8.706436973384244,27.0,21,3
2023-07-14,650556,5,0,1,1.523903,5.0,4,0
2023-07-14,650633,9,4,1,1.7297106923076926,9.0,4,0
2023-07-14,650644,20,2,1,7.157851717948718,20.0,17,2
2023-07-14,650911,19,5,1,7.409912650349651,19.0,13,4
2023-07-14,656061,4,0,0,2.201,4.0,4,1
2023-07-14,656271,6,1,1,1.4889999999999999,5.0,4,0
2023-07-14,656529,3,0,1,2.543224428571429,3.0,2,1
2023-07-14,656546,4,2,0,0.7858888888888889,4.0,2,0
2023-07-14,656629,8,0,4,5.797617000000001,8.0,3,1
2023-07-14,656638,6,1,2,2.921917111111111,6.0,3,1
2023-07-14,656849,5,1,1,2.225903,5.0,3,0
2023-07-14,657053,23,4,4,8.293617000000001,23.0,14,0
2023-07-14,657097,7,1,2,2.876903,5.0,4,0
2023-07-14,657514,3,2,0,0.048,3.0,1,0
2023-07-14,657571,3,1,0,0.40349999999999997,3.0,2,0
2023-07-14,660261,6,3,0,2.395532258064516,6.0,3,1
2023-07-14,660271,25,7,3,7.252964,25.0,14,0
2023-07-14,660787,2,2,0,0.0,2.0,0,0
2023-07-14,660853,6,2,1,3.0893645384615382,6.0,3,1
2023-07-14,661395,6,0,0,2.433005,6.0,5,0
2023-07-14,661440,3,0,1,2.0756757272727273,3.0,2,1
2023-07-14,661527,4,1,1,1.3346172857142857,4.0,2,0
2023-07-14,663558,4,1,1,0.8019030000000001,4.0,2,0
2023-07-14,663752,9,1,1,6.3537390433604335,9.0,7,3
2023-07-14,663773,6,1,0,2.6756468531468527,6.0,5,2
2023-07-14,663855,7,1,0,1.9660000000000002,7.0,6,0
2023-07-14,663878,4,2,1,1.083903,4.0,1,0
2023-07-14,663947,4,2,0,0.409,4.0,2,0
2023-07-14,664208,1,0,0,0.057,1.0,1,0
2023-07-14,664875,5,2,1,2.5192030000000005,5.0,2,1
2023-07-14,665152,23,8,2,4.877477666666667,23.0,12,0
2023-07-14,665625,3,1,0,0.24,3.0,2,0
2023-07-14,665734,5,1,2,1.825806,5.0,2,0
2023-07-14,665871,9,2,0,3.569405405405406,9.0,7,1
2023-07-14,666168,1,0,0,0.021,1.0,1,0
2023-07-14,666364,4,2,0,0.374,4.0,2,0
2023-07-14,666808,3,0,0,0.595,3.0,3,0
2023-07-14,666974,5,1,0,2.7238888888888892,5.0,4,1
2023-07-14,667755,3,1,1,0.795903,3.0,1,0
2023-07-14,668674,6,4,1,0.701903,6.0,1,0
2023-07-14,668933,22,2,2,7.527011882352942,22.0,18,1
2023-07-14,668941,5,2,0,0.9650000000000001,4.0,2,0
2023-07-14,669194,24,3,0,7.704517857142857,24.0,21,1
2023-07-14,669203,23,13,2,4.762811,23.0,7,0
2023-07-14,669212,4,0,1,2.499903,4.0,3,0
2023-07-14,669459,3,0,0,0.9391923076923079,3.0,3,1
2023-07-14,669467,8,0,2,2.342806,8.0,6,0
2023-07-14,669674,4,0,1,1.102903,4.0,3,0
2023-07-14,670036,7,1,3,2.2647090000000003,7.0,3,0
2023-07-14,670059,4,0,1,2.198903,4.0,3,0
2023-07-14,670174,3,1,0,0.096,3.0,2,0
2023-07-14,670950,7,3,0,1.7783225806451612,7.0,4,1
2023-07-14,671345,4,2,0,1.1059999999999999,4.0,2,0
2023-07-14,676265,11,2,1,4.811741333333334,11.0,7,1
2023-07-14,676395,3,0,1,1.851903,3.0,2,0
2023-07-14,676680,4,1,1,0.7149030000000001,4.0,2,0
2023-07-14,678394,25,5,0,4.7,25.0,20,1
2023-07-14,679885,8,1,1,2.366903,8.0,6,0
2023-07-14,680704,3,1,0,1.2830050000000002,3.0,1,0
2023-07-14,686610,16,5,2,4.3310502434210525,16.0,9,1
2023-07-14,686654,5,1,0,1.6683529411764706,5.0,4,1
2023-07-15,458681,24,6,3,10.585205031746032,24.0,15,2
2023-07-15,472610,5,1,0,0.933,5.0,4,0
2023-07-15,493603,7,0,0,2.506005,7.0,6,0
2023-07-15,502043,28,1,2,9.657190615384616,28.0,25,0
2023-07-15,502171,24,5,2,9.398383712609972,23.0,17,2
2023-07-15,502179,13,0,0,5.1966,13.0,13,1
2023-07-15,518397,4,0,0,1.328,4.0,4,0
2023-07-15,518886,5,1,2,1.9008060000000002,5.0,2,0
2023-07-15,519043,5,0,0,2.613555555555555,5.0,5,1
2023-07-15,519151,8,1,0,4.54238641509434,8.0,7,2
2023-07-15,519293,5,2,0,0.14400000000000002,5.0,3,0
2023-07-15,542888,7,2,0,1.8039999999999998,7.0,5,0
2023-07-15,543272,3,1,0,0.057,3.0,2,0
2023-07-15,543507,4,0,0,1.109,3.0,4,0
2023-07-15,543518,6,2,1,2.3829286410256416,6.0,3,1
2023-07-15,543859,7,2,0,0.8320000000000001,7.0,5,0
2023-07-15,547179,25,7,5,5.094515,25.0,13,0
2023-07-15,547184,3,2,0,0.007,3.0,1,0
2023-07-15,547973,4,2,0,0.368,4.0,2,0
2023-07-15,548384,5,1,1,0.116,4.0,3,0
2023-07-15,554340,5,1,0,1.415,5.0,4,0
2023-07-15,570257,3,2,0,0.22,3.0,1,0
2023-07-15,571479,3,0,0,1.2624054054054057,3.0,3,1
2023-07-15,571656,4,1,1,1.7973084054054058,4.0,2,1
2023-07-15,571670,5,1,1,1.729903,5.0,3,0
2023-07-15,571760,23,4,1,5.444441461538461,23.0,18,0
2023-07-15,571863,6,1,0,1.068,6.0,5,0
2023-07-15,571927,20,4,3,6.479285329331046,19.0,13,2
2023-07-15,572020,16,4,3,5.975254,16.0,8,1
2023-07-15,573124,5,1,1,1.8069030000000001,5.0,3,0
2023-07-15,573186,21,3,1,4.501994666666667,21.0,17,1
2023-07-15,592094,3,1,0,0.257,3.0,2,0
2023-07-15,592454,4,0,1,1.826903,4.0,3,0
2023-07-15,592773,4,1,1,2.508903,4.0,2,0
2023-07-15,592836,20,3,3,5.377709,20.0,14,0
2023-07-15,592848,1,0,0,0.348,1.0,1,0
2023-07-15,593576,3,1,0,0.244,3.0,2,0
2023-07-15,593974,4,1,0,1.689,4.0,3,0
2023-07-15,594580,1,1,0,0.0,1.0,0,0
2023-07-15,595345,4,3,0,0.486,4.0,1,0
2023-07-15,605135,24,5,0,6.589576470588235,24.0,19,0
2023-07-15,605177,4,0,1,1.216903,3.0,2,0
2023-07-15,605242,5,1,2,1.725806,5.0,2,0
2023-07-15,605280,4,0,0,2.17865,4.0,4,1
2023-07-15,605463,7,1,1,4.279503,7.0,5,2
2023-07-15,605483,21,7,3,3.858709,20.0,10,0
2023-07-15,606303,3,2,0,0.206,3.0,1,0
2023-07-15,606965,7,1,0,3.555702570379437,7.0,6,2
2023-07-15,607192,26,7,2,8.469639333333333,26.0,17,2
2023-07-15,607259,5,1,1,3.087903,5.0,3,1
2023-07-15,607755,3,1,1,0.9969030000000001,3.0,1,0
2023-07-15,608032,4,1,1,0.004,3.0,2,0
2023-07-15,608638,2,0,0,0.092,2.0,2,0
2023-07-15,608665,5,1,0,2.420375,5.0,4,0
2023-07-15,608678,1,0,0,0.019,1.0,1,0
2023-07-15,612434,3,0,0,1.3557272727272727,3.0,3,1
2023-07-15,621016,4,2,0,1.0663529411764705,4.0,2,1
2023-07-15,621051,6,1,1,1.827903,6.0,4,0
2023-07-15,621295,5,0,0,2.0969499999999996,5.0,5,1
2023-07-15,621363,3,1,0,0.489,3.0,2,0
2023-07-15,621381,6,3,0,2.6685384615384615,6.0,3,1
2023-07-15,622065,3,1,0,0.201,3.0,2,0
2023-07-15,623211,5,0,0,2.4338344594594594,5.0,5,1
2023-07-15,623437,3,3,0,0.0,3.0,0,0
2023-07-15,623465,3,1,0,0.635,3.0,2,0
2023-07-15,624133,25,3,3,7.9645328866396765,25.0,19,2
2023-07-15,628708,4,0,0,1.158005,4.0,3,0
2023-07-15,641154,27,7,3,8.423726857142858,27.0,17,2
2023-07-15,641703,11,1,3,5.597714,11.0,6,0
2023-07-15,641712,15,2,0,3.978005,15.0,12,0
2023-07-15,641729,5,1,0,1.5699999999999998,4.0,4,0
2023-07-15,641871,6,2,2,2.098806,6.0,2,0
2023-07-15,642048,7,2,0,1.342,7.0,5,0
2023-07-15,642207,3,2,0,0.307,3.0,1,0
2023-07-15,642397,5,0,0,1.717005,5.0,4,0
2023-07-15,642547,21,6,2,4.569806,21.0,13,0
2023-07-15,642585,3,1,0,0.174,3.0,2,0
2023-07-15,642770,7,2,0,1.765,7.0,5,0
2023-07-15,643377,2,1,0,0.002,2.0,1,0
2023-07-15,643493,6,2,1,2.2109863333333335,6.0,3,0
2023-07-15,650556,2,1,0,0.9356111111111112,2.0,1,1
2023-07-15,650893,7,3,0,2.447,7.0,4,0
2023-07-15,650960,7,3,0,2.0010000000000003,7.0,4,0
2023-07-15,656353,7,1,0,2.157,7.0,6,0
2023-07-15,656382,7,2,0,1.101,7.0,5,0
2023-07-15,656814,6,2,2,2.626346,6.0,2,1
2023-07-15,657024,4,1,0,1.097,4.0,3,0
2023-07-15,657240,5,2,0,3.1281875,5.0,3,2
2023-07-15,657376,23,8,1,6.954408000000001,22.0,12,2
2023-07-15,657508,6,1,1,2.3569799230769237,6.0,4,1
2023-07-15,657571,5,2,1,1.3685696666666667,5.0,2,1
2023-07-15,657612,6,1,0,2.274,6.0,5,0
2023-07-15,657756,15,1,2,8.309282415094339,15.0,12,3
2023-07-15,660813,3,0,1,0.785903,3.0,2,0
2023-07-15,661383,5,1,0,1.193,4.0,3,0
2023-07-15,661395,3,2,0,0.057,3.0,1,0
2023-07-15,663462,3,2,0,0.694,3.0,1,0
2023-07-15,663558,3,1,1,2.2213030000000007,3.0,1,1
2023-07-15,663623,16,3,1,7.850864250000001,16.0,11,1
2023-07-15,663687,21,5,3,8.051325111111112,20.0,11,1
2023-07-15,663878,3,1,1,0.939903,3.0,1,0
2023-07-15,664062,16,3,1,7.775192246693502,16.0,12,3
2023-07-15,664126,4,1,0,1.326,4.0,3,0
2023-07-15,664199,3,2,0,0.122,3.0,1,0
2023-07-15,664208,3,0,1,0.362,2.0,2,0
2023-07-15,664285,28,13,2,8.641514291203235,28.0,13,2
2023-07-15,664294,4,3,0,0.726005,4.0,0,0
2023-07-15,665625,4,2,1,1.4479030000000002,4.0,1,0
2023-07-15,666129,21,5,1,7.985893476190476,21.0,15,1
2023-07-15,666142,20,3,2,5.062806,20.0,15,1
2023-07-15,666619,6,2,0,1.423,6.0,4,1
2023-07-15,666808,4,0,0,0.982,4.0,4,0
2023-07-15,666974,4,0,0,1.6707272727272728,4.0,4,1
2023-07-15,668678,22,5,3,7.212125666666667,22.0,14,0
2023-07-15,668909,22,4,4,7.565612,22.0,14,0
2023-07-15,668970,7,2,1,1.970903,7.0,4,0
2023-07-15,669169,5,1,0,1.706,5.0,4,0
2023-07-15,669387,3,0,1,1.379903,3.0,2,0
2023-07-15,669395,6,1,1,1.166,5.0,4,0
2023-07-15,669923,23,4,1,11.206946206793207,23.0,18,4
2023-07-15,670280,3,2,0,0.732,3.0,1,0
2023-07-15,670912,26,10,3,6.473289757575758,26.0,12,1
2023-07-15,670970,4,1,0,1.145,4.0,3,0
2023-07-15,671096,21,3,2,7.304181,21.0,16,1
2023-07-15,672282,25,6,3,7.2907090000000006,25.0,16,0
2023-07-15,672578,5,1,0,2.0713999999999997,5.0,4,0
2023-07-15,673540,24,9,2,7.211436,24.0,12,0
2023-07-15,675540,4,2,0,0.9,4.0,2,0
2023-07-15,675911,25,10,0,6.447176470588236,25.0,15,0
2023-07-15,676092,7,0,3,2.854709,7.0,4,0
2023-07-15,676206,12,2,3,5.631269606060606,12.0,7,2
2023-07-15,677960,22,2,2,7.662483419354839,22.0,18,3
2023-07-15,678606,5,0,0,3.3520000000000003,5.0,5,0
2023-07-15,679525,24,11,1,6.645526305282843,24.0,12,2
2023-07-15,681867,16,2,0,3.713,16.0,14,0
2023-07-15,681911,3,2,0,0.059,3.0,1,0
2023-07-15,681982,3,0,0,0.56,3.0,3,0
2023-07-15,682120,3,1,1,0.8359030000000001,3.0,1,0
2023-07-15,682175,3,1,0,0.209,3.0,2,0
2023-07-15,686294,7,1,0,1.198,7.0,6,0
2023-07-15,686839,4,2,1,0.7459030000000001,4.0,1,0
2023-07-15,687330,3,0,0,1.095,3.0,3,0
2023-07-15,687888,11,3,0,3.834,11.0,8,0
2023-07-15,689225,5,3,0,0.72,5.0,2,0
2023-07-15,689690,1,1,0,0.0,1.0,0,0
2023-07-15,694037,4,1,0,1.0669473684210526,4.0,3,0
2023-07-15,701643,6,1,0,3.2359999999999998,6.0,5,0
2023-07-16,453268,6,0,2,2.725108,5.0,3,0
2023-07-16,453286,24,6,3,5.736141432432433,24.0,15,1
2023-07-16,456501,11,1,1,2.7009030000000003,11.0,9,0
2023-07-16,489446,3,1,0,0.457,3.0,2,0
2023-07-16,502085,7,1,0,1.589,7.0,6,0
2023-07-16,502624,20,1,2,4.500811,20.0,16,0
2023-07-16,518397,5,0,1,1.462903,5.0,4,0
2023-07-16,518489,3,1,0,0.192,3.0,2,0
2023-07-16,518585,4,1,2,1.418806,4.0,1,0
2023-07-16,518617,1,1,0,0.0,1.0,0,0
2023-07-16,518886,3,1,0,0.21,3.0,2,0
2023-07-16,519293,4,1,0,0.587,4.0,3,0
2023-07-16,527048,23,2,4,10.311499179487178,23.0,17,3
2023-07-16,542881,17,5,2,6.149091487804878,17.0,9,1
2023-07-16,543037,22,11,1,4.1305723121693125,22.0,10,1
2023-07-16,543056,4,0,0,2.07,4.0,4,0
2023-07-16,543351,3,1,0,0.8939999999999999,3.0,2,0
2023-07-16,543518,5,0,1,3.390791888888889,5.0,4,1
2023-07-16,543521,10,2,1,3.5839030000000003,9.0,7,0
2023-07-16,548384,2,0,0,0.34600000000000003,2.0,2,0
2023-07-16,554340,3,0,0,1.0150000000000001,3.0,3,0
2023-07-16,554430,26,7,0,4.936155263157895,26.0,19,1
2023-07-16,571466,4,0,0,1.687,4.0,4,0
2023-07-16,571656,5,1,1,1.000903,5.0,3,0
2023-07-16,571863,2,0,0,0.299,2.0,2,0
2023-07-16,571882,4,0,1,2.237903,4.0,3,0
2023-07-16,571948,7,1,1,2.143903,7.0,5,0
2023-07-16,572955,5,1,2,2.280806,5.0,2,0
2023-07-16,573124,3,2,0,0.726005,3.0,0,0
2023-07-16,579328,20,4,3,5.934766619047619,20.0,11,0
2023-07-16,592454,5,1,1,1.819903,5.0,3,0
2023-07-16,592741,3,0,1,0.820903,3.0,2,0
2023-07-16,592848,7,4,0,1.258,7.0,3,0
2023-07-16,593974,3,1,0,0.585,3.0,2,0
2023-07-16,594902,15,3,0,4.229,14.0,11,1
2023-07-16,595345,5,0,0,3.55365188172043,5.0,5,2
2023-07-16,598286,3,1,0,2.499888888888889,3.0,2,1
2023-07-16,605130,3,0,0,0.621,3.0,3,0
2023-07-16,605280,3,0,0,2.240555555555556,3.0,3,1
2023-07-16,605288,25,5,2,7.622361555555556,25.0,18,1
2023-07-16,605347,5,1,1,1.316903,5.0,3,0
2023-07-16,606160,7,2,1,2.6226974736842106,7.0,3,0
2023-07-16,607179,5,0,2,5.304926689655172,5.0,3,2
2023-07-16,607188,14,3,4,4.8816120000000005,14.0,7,0
2023-07-16,607259,6,1,0,1.143,6.0,5,0
2023-07-16,607481,6,3,0,0.9985384615384614,6.0,3,0
2023-07-16,607625,22,5,0,8.513988311688312,22.0,17,3
2023-07-16,608032,5,0,0,1.849153846153846,5.0,5,1
2023-07-16,608371,4,0,1,2.551603,4.0,3,1
2023-07-16,608717,3,0,0,1.214,3.0,3,0
2023-07-16,612434,3,2,0,0.013,3.0,1,0
2023-07-16,621074,7,1,2,2.106806,7.0,4,0
2023-07-16,621107,15,0,0,7.633564734027583,15.0,15,3
2023-07-16,621294,2,1,0,0.014,2.0,1,0
2023-07-16,621366,5,2,0,1.8479999999999999,5.0,3,0
2023-07-16,621381,4,1,1,1.2929030000000001,4.0,2,0
2023-07-16,622072,18,1,3,5.564709000000001,18.0,14,0
2023-07-16,622780,5,2,0,0.23099999999999998,5.0,3,0
2023-07-16,623149,4,3,0,0.831,4.0,1,0
2023-07-16,623211,2,0,0,0.9910588235294117,2.0,2,0
2023-07-16,623352,5,1,0,1.677005,5.0,3,1
2023-07-16,623437,3,1,0,0.246,3.0,2,0
2023-07-16,623465,4,1,0,1.12,4.0,3,0
2023-07-16,625643,4,2,0,0.606,4.0,2,0
2023-07-16,628452,3,0,0,0.335,3.0,3,0
2023-07-16,628708,1,0,0,0.052,1.0,1,0
2023-07-16,630023,18,1,0,9.339893939393939,18.0,17,4
2023-07-16,640470,4,1,0,2.5552954545454547,4.0,3,1
2023-07-16,641329,2,0,0,0.015,2.0,2,0
2023-07-16,641360,4,1,0,1.145,4.0,3,0
2023-07-16,641627,4,0,1,2.468903,4.0,3,0
2023-07-16,641656,7,1,1,1.6061887142857145,7.0,5,0
2023-07-16,641835,1,0,0,0.304,1.0,1,0
2023-07-16,641941,4,1,0,1.7658043478260868,4.0,3,1
2023-07-16,642207,3,1,0,0.435,2.0,1,0
2023-07-16,642397,6,0,2,2.7081393333333335,6.0,4,0
2023-07-16,642545,7,0,1,5.055534578947369,7.0,6,2
2023-07-16,643511,4,0,2,1.8568060000000002,4.0,2,0
2023-07-16,647336,11,3,0,2.970727272727273,11.0,8,1
2023-07-16,656234,6,0,1,1.7889030000000001,6.0,5,0
2023-07-16,656302,22,6,3,4.928714,22.0,12,0
2023-07-16,656427,24,7,3,3.9857090000000004,24.0,14,0
2023-07-16,656464,5,0,0,1.5900588235294117,5.0,5,0
2023-07-16,656529,2,0,0,0.10200000000000001,2.0,2,0
2023-07-16,656546,6,1,0,0.873,6.0,5,0
2023-07-16,656945,4,1,1,1.002903,4.0,2,0
2023-07-16,657006,28,6,1,10.049220391304349,28.0,21,2
2023-07-16,657024,2,0,0,0.9,2.0,2,0
2023-07-16,657097,8,1,1,2.6739863333333336,8.0,6,0
2023-07-16,657612,5,0,0,1.006,4.0,5,0
2023-07-16,657746,24,7,3,8.406671142857142,24.0,13,0
2023-07-16,660261,4,1,0,0.504,4.0,3,0
2023-07-16,660787,8,1,2,4.128102343724365,7.0,5,2
2023-07-16,660813,1,0,0,0.419,1.0,1,0
2023-07-16,660825,4,0,0,2.382,4.0,4,0
2023-07-16,660853,3,0,0,1.5425714285714285,3.0,3,1
2023-07-16,661395,4,0,0,2.187693548387097,4.0,4,1
2023-07-16,662253,3,1,0,0.249,3.0,2,0
2023-07-16,663465,12,1,1,7.487903,12.0,10,1
2023-07-16,663903,30,4,0,7.307869864864865,30.0,25,2
2023-07-16,663941,11,3,0,1.9922857142857144,11.0,8,0
2023-07-16,663986,6,0,2,4.020520285714285,6.0,4,1
2023-07-16,664139,5,3,0,1.458,5.0,2,0
2023-07-16,664208,6,1,1,2.8727363333333336,6.0,4,1
2023-07-16,664299,21,7,2,6.817396635451505,21.0,12,2
2023-07-16,664747,3,1,0,0.864,3.0,2,0
2023-07-16,664875,4,3,0,0.6951052631578947,4.0,1,0
2023-07-16,666277,13,3,1,3.6878463333333333,13.0,7,0
2023-07-16,666374,3,2,0,0.457,3.0,1,0
2023-07-16,667755,5,1,1,1.9099744285714286,5.0,3,1
2023-07-16,668674,4,0,2,2.4328060000000002,4.0,2,0
2023-07-16,668941,6,2,1,1.037903,6.0,3,0
2023-07-16,668970,6,1,1,1.743,5.0,4,0
2023-07-16,669060,1,0,0,0.025,1.0,1,0
2023-07-16,669270,8,0,1,2.0179473684210527,7.0,7,0
2023-07-16,669438,7,2,1,2.565903,7.0,4,0
2023-07-16,669674,4,1,1,1.303903,4.0,2,0
2023-07-16,669947,4,1,0,0.119,4.0,3,0
2023-07-16,669952,5,1,3,2.3567090000000004,5.0,1,0
2023-07-16,670059,4,1,1,0.957903,4.0,2,0
2023-07-16,670280,3,1,0,0.238,3.0,2,0
2023-07-16,670950,5,2,2,1.391806,4.0,0,0
2023-07-16,672851,8,2,2,2.6152605454545457,8.0,4,0
2023-07-16,674003,12,4,0,2.8441388888888888,12.0,8,2
2023-07-16,674072,20,5,1,7.275474428571429,20.0,14,3
2023-07-16,674370,15,3,2,5.650811,15.0,9,0
2023-07-16,675989,4,2,0,1.186,4.0,2,0
2023-07-16,676254,3,1,0,0.059,3.0,2,0
2023-07-16,676272,19,5,1,4.3861344150943395,19.0,12,1
2023-07-16,676440,23,6,1,4.946903,23.0,16,0
2023-07-16,676664,24,7,0,5.518955,24.0,16,2
2023-07-16,676680,8,4,2,2.486806,8.0,2,0
2023-07-16,676710,22,9,4,5.096617,22.0,8,0
2023-07-16,676760,1,0,0,0.9356111111111112,1.0,1,1
2023-07-16,678606,3,0,0,0.6589999999999999,3.0,3,0
2023-07-16,679885,4,0,1,1.358903,4.0,3,0
2023-07-16,680686,27,2,1,9.748792615384614,27.0,23,1
2023-07-16,680694,27,8,1,6.659908000000001,27.0,17,0
2023-07-16,681517,3,0,1,1.6689030000000002,3.0,2,0
2023-07-16,681857,21,5,0,8.284,21.0,16,2
2023-07-16,681911,3,0,0,0.499,3.0,3,0
2023-07-16,682175,3,0,0,1.207,3.0,3,0
2023-07-16,682243,21,3,1,6.999102056603774,20.0,16,1
2023-07-16,687798,1,0,0,0.1,1.0,1,0
2023-07-17,455119,4,3,1,0.695903,4.0,0,0
2023-07-17,518489,3,0,1,0.900903,3.0,2,0
2023-07-17,518585,3,2,0,0.6239473684210527,3.0,1,0
2023-07-17,519043,5,1,1,2.797745105263158,5.0,3,1
2023-07-17,543243,26,5,4,9.25750588888889,26.0,16,1
2023-07-17,543475,21,4,1,5.416634578947368,21.0,16,1
2023-07-17,547184,7,2,0,1.3250000000000002,7.0,5,0
2023-07-17,547973,3,3,0,0.0,3.0,0,0
2023-07-17,571670,7,1,0,3.564432432432432,7.0,6,1
2023-07-17,571901,3,2,0,0.05,3.0,1,0
2023-07-17,571945,25,3,0,9.114025554774132,25.0,22,4
2023-07-17,572193,6,0,1,2.946908,6.0,4,0
2023-07-17,592094,4,1,0,0.9410000000000001,4.0,3,0
2023-07-17,592767,28,7,1,7.552913,28.0,18,0
2023-07-17,594580,4,2,0,0.012,4.0,2,0
2023-07-17,598286,8,3,1,1.932903,8.0,4,0
2023-07-17,600917,3,1,0,0.5235000000000001,3.0,2,0
2023-07-17,601713,20,13,2,1.719806,20.0,5,0
2023-07-17,605347,3,0,0,0.8154545454545454,3.0,3,0
2023-07-17,606149,4,1,0,0.748,4.0,3,0
2023-07-17,608371,3,2,0,0.726005,3.0,0,0
2023-07-17,608638,4,1,0,1.115,4.0,3,0
2023-07-17,621016,3,1,1,1.285903,3.0,1,0
2023-07-17,621112,27,3,2,9.573234571428571,27.0,22,1
2023-07-17,621363,5,2,1,1.2669030000000001,5.0,2,0
2023-07-17,622065,3,0,1,1.255903,3.0,2,0
2023-07-17,622075,3,1,0,1.045,3.0,2,0
2023-07-17,622103,7,2,2,1.867806,7.0,3,0
2023-07-17,622663,25,3,3,8.418267538461539,24.0,19,2
2023-07-17,623149,1,1,0,0.0,1.0,0,0
2023-07-17,623474,2,0,0,1.1607727272727273,2.0,2,1
2023-07-17,640448,5,3,0,1.244,5.0,2,0
2023-07-17,640462,4,1,1,1.5054629999999998,4.0,2,0
2023-07-17,641329,5,0,1,2.958155824858758,5.0,4,1
2023-07-17,641540,28,4,1,9.113165894736841,28.0,22,1
2023-07-17,642100,3,1,0,1.8713333333333335,3.0,2,1
2023-07-17,643410,3,0,0,0.137,3.0,3,0
2023-07-17,643511,3,0,1,0.775903,3.0,2,0
2023-07-17,650633,7,2,3,4.542649483870968,7.0,1,1
2023-07-17,656288,25,12,3,7.007709,25.0,10,1
2023-07-17,656529,4,1,0,0.618,4.0,3,0
2023-07-17,656638,3,2,0,0.249,3.0,1,0
2023-07-17,657240,3,1,0,0.268,3.0,2,0
2023-07-17,657277,24,7,0,4.791716666666667,23.0,16,1
2023-07-17,657508,3,0,0,1.025,3.0,3,0
2023-07-17,657514,7,2,0,1.950005,7.0,4,0
2023-07-17,657571,4,1,0,0.475,4.0,3,0
2023-07-17,660787,7,0,2,3.811169636363637,7.0,5,1
2023-07-17,661383,6,2,0,2.4494210526315787,6.0,4,1
2023-07-17,661403,4,3,0,0.226,4.0,1,0
2023-07-17,662253,6,3,1,1.572908,6.0,1,0
2023-07-17,663556,20,6,0,4.4786433637284695,19.0,13,1
2023-07-17,663752,4,2,1,1.2909030000000001,4.0,1,0
2023-07-17,663773,3,1,0,0.802,3.0,2,0
2023-07-17,663855,5,0,0,1.221,5.0,5,0
2023-07-17,663947,4,1,1,0.9669030000000001,4.0,2,0
2023-07-17,663989,8,1,0,1.6360000000000001,8.0,7,0
2023-07-17,664126,4,1,0,0.917,3.0,2,0
2023-07-17,664139,5,0,0,1.0550000000000002,5.0,5,0
2023-07-17,664199,5,1,1,2.153908,5.0,2,0
2023-07-17,664294,6,1,0,1.9390049999999999,6.0,4,0
2023-07-17,664747,3,1,0,0.136,3.0,2,0
2023-07-17,665734,9,2,2,2.486806,9.0,5,0
2023-07-17,666159,20,3,0,6.0789285714285715,20.0,17,0
2023-07-17,666168,6,1,0,1.75,6.0,5,0
2023-07-17,666200,20,2,3,6.586709,20.0,15,1
2023-07-17,666374,5,3,1,1.571903,5.0,1,0
2023-07-17,666808,3,2,0,0.226,3.0,1,0
2023-07-17,669022,27,6,2,9.825183294067434,27.0,19,3
2023-07-17,669302,23,5,1,8.495703,23.0,17,1
2023-07-17,669395,3,2,0,0.05,3.0,1,0
2023-07-17,670990,7,2,0,3.472805,7.0,4,1
2023-07-17,671345,5,1,1,0.909,4.0,3,0
2023-07-17,672578,4,1,1,1.190903,4.0,2,0
2023-07-17,675540,11,2,1,3.478903,11.0,8,0
2023-07-17,676254,3,1,0,0.033,3.0,2,0
2023-07-17,676760,5,1,1,1.011903,5.0,3,0
2023-07-17,680570,22,4,2,8.669469636363637,22.0,16,2
2023-07-17,680704,4,2,1,0.8509030000000001,4.0,1,0
2023-07-17,681911,3,2,0,0.362,3.0,1,0
2023-07-17,682227,24,3,3,9.283436272727272,24.0,18,2
2023-07-17,682990,25,2,2,9.169879412698412,25.0,21,2
2023-07-17,686218,23,2,3,7.487542333333334,23.0,18,1
2023-07-17,686654,5,1,0,2.9285,5.0,4,1
2023-07-17,686839,2,1,0,0.466,2.0,1,0
2023-07-17,694037,6,1,0,3.026017857142858,5.0,4,1
2023-07-18,453268,3,1,0,0.52,3.0,2,0
2023-07-18,471911,23,5,2,9.052504548387097,23.0,15,3
2023-07-18,472551,6,0,1,2.220903,6.0,5,0
2023-07-18,489446,6,0,1,2.751908,6.0,4,0
2023-07-18,493603,4,0,0,1.1660000000000001,4.0,4,0
2023-07-18,502085,6,0,2,2.5521393333333333,6.0,4,0
2023-07-18,502179,10,1,2,7.432806,10.0,7,0
2023-07-18,518397,4,3,0,0.591,4.0,1,0
2023-07-18,518585,3,1,0,0.55,3.0,2,0
2023-07-18,518886,4,1,0,0.9079999999999999,4.0,3,0
2023-07-18,519293,3,0,0,0.473,3.0,3,0
2023-07-18,527054,23,3,2,8.580744461538462,23.0,18,1
2023-07-18,542585,3,3,0,0.0,3.0,0,0
2023-07-18,542947,5,2,1,0.421,4.0,2,0
2023-07-18,543101,10,5,0,3.7935815508021387,10.0,5,1
2023-07-18,543135,24,2,3,7.911928285714286,24.0,18,1
2023-07-18,543351,7,1,0,1.137,7.0,6,0
2023-07-18,543507,4,1,0,0.8500000000000001,4.0,3,0
2023-07-18,543766,9,2,1,3.023908,9.0,5,0
2023-07-18,543859,12,1,0,3.7575333333333334,12.0,11,1
2023-07-18,548384,3,1,1,0.7119030000000001,3.0,1,0
2023-07-18,570257,3,0,0,0.766,3.0,3,0
2023-07-18,571578,22,6,1,6.772448454545455,22.0,15,1
2023-07-18,571656,6,1,2,3.0128060000000003,6.0,3,0
2023-07-18,571882,6,0,1,2.824117285714286,6.0,5,0
2023-07-18,572955,5,2,0,1.822,5.0,3,0
2023-07-18,573124,4,1,0,1.960784261715297,4.0,3,2
2023-07-18,592741,3,0,0,0.29500000000000004,3.0,3,0
2023-07-18,592773,2,2,0,0.0,2.0,0,0
2023-07-18,592791,24,4,1,7.7879565714285715,24.0,19,1
2023-07-18,593334,26,9,3,6.005867846153846,26.0,13,1
2023-07-18,593576,4,1,1,1.130903,4.0,2,0
2023-07-18,594580,3,1,0,0.517,3.0,2,0
2023-07-18,595345,3,1,1,2.216612677419355,3.0,1,1
2023-07-18,596001,6,1,0,3.16425,6.0,5,1
2023-07-18,596112,4,2,0,0.483,4.0,2,0
2023-07-18,596133,13,6,1,5.5699565714285715,13.0,6,2
2023-07-18,600917,4,0,1,1.242903,4.0,3,0
2023-07-18,605130,9,1,3,3.437709,9.0,5,0
2023-07-18,605200,21,1,3,10.850738863899542,21.0,17,4
2023-07-18,605242,4,3,0,0.032,4.0,1,0
2023-07-18,605397,24,7,1,5.372908,24.0,15,0
2023-07-18,605400,27,6,0,6.294280487804878,27.0,21,1
2023-07-18,605446,2,0,0,0.9398076923076926,2.0,2,0
2023-07-18,606149,4,1,0,1.2109999999999999,4.0,3,0
2023-07-18,608032,3,1,0,0.588,3.0,2,0
2023-07-18,608337,22,5,5,11.220196212121213,22.0,12,3
2023-07-18,608344,22,4,3,7.134279217391304,22.0,14,0
2023-07-18,608638,4,1,1,0.8139030000000002,4.0,2,0
2023-07-18,608717,5,3,0,1.32,5.0,2,0
2023-07-18,612434,3,1,0,0.224,3.0,2,0
2023-07-18,613534,5,0,0,2.8984594594594597,5.0,5,2
2023-07-18,614179,6,0,1,2.8365227183098587,6.0,5,1
2023-07-18,621294,3,0,0,1.6927727272727273,3.0,3,1
2023-07-18,621383,3,0,0,3.625140686061658,3.0,3,2
2023-07-18,622065,4,3,0,0.311,4.0,1,0
2023-07-18,622075,3,0,0,0.24300000000000002,3.0,3,0
2023-07-18,622780,3,2,0,0.105,3.0,1,0
2023-07-18,623211,4,2,0,0.878047619047619,4.0,2,0
2023-07-18,625643,5,2,1,1.317903,5.0,2,0
2023-07-18,628452,5,1,0,1.387,5.0,4,0
2023-07-18,640455,11,3,1,3.305908,11.0,6,0
2023-07-18,640462,4,0,1,1.997545454545455,3.0,3,1
2023-07-18,640470,6,2,1,1.928903,6.0,3,0
2023-07-18,641360,5,0,1,0.810903,5.0,4,0
2023-07-18,641627,4,0,0,2.6672432432432434,4.0,4,1
2023-07-18,641729,4,1,1,1.731617285714286,4.0,2,0
2023-07-18,641743,4,1,1,1.4695696666666667,4.0,2,0
2023-07-18,641871,4,1,1,0.7169030000000001,4.0,2,0
2023-07-18,641927,24,5,0,6.579580757575758,24.0,18,2
2023-07-18,641941,3,1,0,1.2554054054054056,3.0,2,1
2023-07-18,642048,10,3,1,2.961903,10.0,6,0
2023-07-18,642397,2,0,0,0.105,2.0,2,0
2023-07-18,642770,10,2,2,4.261323857142857,10.0,6,1
2023-07-18,650496,4,1,0,1.96,4.0,3,0
2023-07-18,650556,4,1,0,1.174,4.0,3,0
2023-07-18,650960,5,2,1,1.389903,5.0,2,0
2023-07-18,656061,7,4,0,1.288,7.0,3,0
2023-07-18,656234,7,2,0,3.1908938888888887,7.0,4,1
2023-07-18,656382,6,0,1,1.629903,6.0,5,0
2023-07-18,656457,3,0,0,0.738,3.0,3,0
2023-07-18,656464,3,3,0,0.0,3.0,0,0
2023-07-18,656605,30,1,2,13.001532470588234,30.0,27,2
2023-07-18,656730,5,1,0,1.341,5.0,4,0
2023-07-18,656756,25,5,2,8.710361555555556,25.0,18,1
2023-07-18,656945,6,4,0,0.587,6.0,2,0
2023-07-18,657097,2,1,0,0.101,2.0,1,0
2023-07-18,657508,8,4,0,1.525,8.0,4,0
2023-07-18,660261,4,0,0,1.053,3.0,3,0
2023-07-18,660853,3,1,0,0.6794545454545453,3.0,2,0
2023-07-18,661440,4,0,1,3.1898384838709677,4.0,3,1
2023-07-18,663462,6,3,1,0.7429030000000001,6.0,2,0
2023-07-18,663485,4,1,0,1.1260000000000001,4.0,3,0
2023-07-18,663574,9,1,3,5.5186018571428574,9.0,5,1
2023-07-18,663738,23,3,2,9.253623777777777,23.0,18,2
2023-07-18,663776,27,7,3,6.3048965,27.0,17,1
2023-07-18,663855,5,2,0,0.6930000000000001,5.0,3,0
2023-07-18,663878,9,1,1,3.95662804708098,9.0,7,2
2023-07-18,663986,5,1,0,1.186,5.0,4,0
2023-07-18,664875,3,1,0,0.242,3.0,2,0
2023-07-18,665622,21,6,1,4.118903,21.0,14,0
2023-07-18,665795,19,6,3,3.906814263157895,19.0,10,0
2023-07-18,666201,18,0,5,7.304807207792209,18.0,13,1
2023-07-18,666364,5,0,1,1.5950030000000002,5.0,4,1
2023-07-18,666808,4,0,1,1.671903,4.0,3,0
2023-07-18,668941,3,2,0,0.068,3.0,1,0
2023-07-18,668970,7,1,0,1.874,7.0,6,0
2023-07-18,669169,4,1,0,0.745,4.0,3,0
2023-07-18,669212,4,1,0,1.8437586206896552,4.0,3,1
2023-07-18,669330,14,2,2,5.880234571428572,14.0,10,1
2023-07-18,669373,20,3,1,7.045023,20.0,16,2
2023-07-18,669387,3,0,0,0.7710000000000001,3.0,3,0
2023-07-18,669395,5,0,2,2.1566948888888886,5.0,3,0
2023-07-18,669674,1,0,0,0.409,1.0,1,0
2023-07-18,669684,18,6,1,3.3390213333333336,17.0,10,2
2023-07-18,669952,10,1,1,3.764160246376812,10.0,8,1
2023-07-18,670990,6,0,0,3.708595744680851,6.0,6,1
2023-07-18,671106,17,8,1,3.7142508260869564,17.0,8,1
2023-07-18,671737,22,9,2,6.222499548387097,22.0,11,1
2023-07-18,672335,8,1,3,2.737709,8.0,4,0
2023-07-18,672578,4,3,0,0.728,4.0,1,0
2023-07-18,675627,21,4,2,7.9588893333333335,21.0,15,0
2023-07-18,676680,4,0,1,1.410903,4.0,3,0
2023-07-18,678606,5,0,1,1.45,4.0,4,0
2023-07-18,681982,6,0,0,2.4062777777777775,6.0,6,1
2023-07-18,682120,3,0,0,0.763,3.0,3,0
2023-07-18,682175,9,1,1,5.034171115942029,9.0,7,2
2023-07-18,682842,5,2,0,1.108,5.0,3,0
2023-07-18,686294,7,1,0,4.116005,7.0,5,1
2023-07-18,686613,23,7,0,6.4987374414715715,23.0,15,2
2023-07-18,686654,9,2,0,4.6241144918290225,9.0,7,2
2023-07-18,686747,3,1,0,1.081,3.0,2,0
2023-07-18,686839,6,0,0,3.637707173913044,5.0,4,1
2023-07-18,687798,9,2,0,2.982,9.0,7,0
2023-07-18,689225,6,0,1,2.808903,6.0,5,0
2023-07-18,689690,7,3,1,1.0169030000000001,7.0,3,0
2023-07-18,693433,22,4,3,9.861952782051283,22.0,14,2
2023-07-18,693821,18,4,1,6.103458555555555,17.0,13,1
2023-07-18,701643,7,3,1,1.7259030000000002,7.0,3,0
2023-07-19,434378,28,7,1,5.858257166666666,28.0,20,1
2023-07-19,445276,4,1,1,0.7039030000000001,4.0,2,0
2023-07-19,448179,26,1,1,10.725899108550948,25.0,24,2
2023-07-19,450203,26,4,3,9.133375666666668,25.0,18,1
2023-07-19,476595,5,0,1,1.926903,5.0,4,0
2023-07-19,493603,3,0,0,0.461,3.0,3,0
2023-07-19,506433,25,7,3,6.653709,25.0,15,0
2023-07-19,518617,3,0,1,1.202903,3.0,2,0
2023-07-19,519043,4,3,0,1.3821199999999996,4.0,1,1
2023-07-19,519151,4,1,0,3.2625485714285705,4.0,3,2
2023-07-19,542888,6,1,0,1.2075,6.0,5,0
2023-07-19,543056,8,3,0,0.403,8.0,5,0
2023-07-19,543272,4,1,1,1.3349030000000002,4.0,2,0
2023-07-19,543294,24,5,0,4.192005,23.0,18,0
2023-07-19,543507,4,1,1,1.071903,4.0,2,0
2023-07-19,543521,10,3,1,2.462903,10.0,6,0
2023-07-19,547184,3,2,0,0.294,3.0,1,0
2023-07-19,548389,22,2,0,8.687660000000001,22.0,20,2
2023-07-19,554340,4,1,0,0.9894545454545454,4.0,3,0
2023-07-19,570257,4,1,0,1.2,4.0,3,0
2023-07-19,571479,5,1,0,1.88,5.0,4,0
2023-07-19,571863,3,0,0,0.7340000000000001,3.0,3,0
2023-07-19,571901,3,1,0,0.352,3.0,2,0
2023-07-19,571948,3,2,0,0.137,3.0,1,0
2023-07-19,572193,5,1,0,2.197217142857143,5.0,4,1
2023-07-19,592351,19,4,1,7.705903,19.0,14,0
2023-07-19,592454,6,0,2,1.9238060000000001,6.0,4,0
2023-07-19,592773,3,1,0,0.132,3.0,2,0
2023-07-19,592866,23,1,2,8.81866646511628,23.0,20,1
2023-07-19,593958,26,7,0,7.203005,26.0,18,0
2023-07-19,593974,1,0,0,0.066,1.0,1,0
2023-07-19,596295,26,5,0,6.847510606060606,26.0,21,1
2023-07-19,606160,4,1,1,0.947903,4.0,2,0
2023-07-19,606303,3,2,0,0.054,3.0,1,0
2023-07-19,607067,21,3,0,6.096565217391304,21.0,18,0
2023-07-19,607074,22,3,5,8.85645887755102,22.0,14,2
2023-07-19,607179,7,3,2,2.6541589411764703,7.0,2,1
2023-07-19,607259,5,1,0,1.712,5.0,4,0
2023-07-19,608371,5,0,0,2.224005,5.0,4,0
2023-07-19,608717,5,1,0,1.658,5.0,4,0
2023-07-19,608718,3,2,0,0.063,3.0,1,0
2023-07-19,621051,3,0,0,0.5479999999999999,3.0,3,0
2023-07-19,621244,27,9,4,8.408995593406594,26.0,13,2
2023-07-19,621366,5,1,0,2.0757407407407404,5.0,4,1
2023-07-19,621381,3,0,0,1.2159999999999997,3.0,3,0
2023-07-19,622491,26,11,2,7.874848735042735,26.0,13,2
2023-07-19,623211,7,0,1,2.496903,7.0,6,0
2023-07-19,623352,4,2,0,0.726005,4.0,1,0
2023-07-19,623437,3,1,1,0.8839030000000001,3.0,1,0
2023-07-19,628317,21,9,0,6.705304347826087,21.0,12,1
2023-07-19,628708,5,0,1,1.116903,5.0,4,0
2023-07-19,628711,25,2,2,9.317856,25.0,21,1
2023-07-19,641360,5,0,1,1.6153529411764704,4.0,4,1
2023-07-19,641656,8,3,3,1.9118060000000001,7.0,2,0
2023-07-19,641712,14,1,0,6.036,14.0,13,1
2023-07-19,641793,15,4,0,6.7086115623506934,15.0,11,3
2023-07-19,641835,2,1,0,0.4726999999999999,2.0,1,0
2023-07-19,641941,3,2,0,0.003,3.0,1,0
2023-07-19,642100,1,1,0,0.0,1.0,0,0
2023-07-19,642207,4,2,0,1.251,4.0,2,0
2023-07-19,642232,23,4,0,8.277528208232447,23.0,19,3
2023-07-19,642585,4,1,0,0.993,4.0,3,0
2023-07-19,643377,3,1,0,2.034877551020408,3.0,2,1
2023-07-19,643410,4,0,0,1.092005,4.0,3,0
2023-07-19,645261,27,7,2,8.26043243678161,27.0,18,1
2023-07-19,650644,22,3,1,6.011429881720431,22.0,18,1
2023-07-19,650911,22,3,1,7.3639030000000005,22.0,18,0
2023-07-19,656232,21,4,3,6.020714,21.0,13,0
2023-07-19,656271,7,3,0,0.44499999999999995,7.0,4,0
2023-07-19,656464,5,0,1,1.3469030000000002,5.0,4,0
2023-07-19,656529,5,0,1,2.662903,5.0,4,0
2023-07-19,656546,5,1,1,1.452903,5.0,3,0
2023-07-19,656638,5,1,1,2.272908,5.0,2,0
2023-07-19,657053,27,3,4,8.880657,27.0,19,1
2023-07-19,657097,4,1,0,1.6516666666666666,4.0,3,0
2023-07-19,657240,8,0,0,3.841217391304348,8.0,8,1
2023-07-19,660853,3,0,1,1.729903,3.0,2,0
2023-07-19,661395,5,2,0,0.846005,5.0,2,0
2023-07-19,662253,7,1,2,3.314806,7.0,4,0
2023-07-19,663773,3,0,0,0.24,3.0,3,0
2023-07-19,664139,3,2,0,0.27,3.0,1,0
2023-07-19,664208,1,1,0,0.0,1.0,0,0
2023-07-19,664294,1,1,0,0.0,1.0,0,0
2023-07-19,664747,3,2,0,0.048,3.0,1,0
2023-07-19,665152,22,1,4,10.858109899159663,22.0,17,2
2023-07-19,665625,3,1,0,0.485375,3.0,2,0
2023-07-19,665734,5,2,0,0.782,5.0,3,0
2023-07-19,666168,6,1,2,2.734806,6.0,3,1
2023-07-19,666208,4,3,0,0.565,4.0,1,0
2023-07-19,666721,10,1,0,2.653,10.0,9,0
2023-07-19,666974,3,1,0,1.1400000000000001,3.0,2,0
2023-07-19,667755,5,1,1,2.812908,5.0,2,0
2023-07-19,668674,5,1,0,0.703,5.0,4,0
2023-07-19,668868,7,0,0,2.25,7.0,7,0
2023-07-19,668933,24,3,2,6.865811,23.0,17,0
2023-07-19,669194,24,5,1,8.580920857142859,24.0,18,3
2023-07-19,669459,3,1,0,0.007,3.0,2,0
2023-07-19,669467,7,1,1,2.000903,7.0,5,0
2023-07-19,669674,3,0,0,0.117,3.0,3,0
2023-07-19,669947,7,0,1,2.978278,7.0,6,0
2023-07-19,670059,3,0,0,0.384,3.0,3,0
2023-07-19,670174,9,4,0,1.201,9.0,5,0
2023-07-19,670280,3,1,0,0.267,3.0,2,0
2023-07-19,670950,7,1,0,1.304,7.0,6,0
2023-07-19,671345,4,0,1,0.8559030000000001,4.0,3,0
2023-07-19,672578,3,0,1,1.676903,3.0,2,0
2023-07-19,674003,4,0,0,1.254,4.0,4,0
2023-07-19,676254,6,2,0,1.5695000000000001,6.0,4,1
2023-07-19,676265,2,1,0,1.1903548387096774,2.0,1,1
2023-07-19,676534,5,1,0,1.0292857142857144,5.0,4,0
2023-07-19,676760,4,0,1,0.8459030000000001,4.0,3,0
2023-07-19,677865,7,2,1,2.297903,7.0,4,0
2023-07-19,678394,19,3,2,8.409614204458377,19.0,13,3
2023-07-19,680704,4,2,1,0.981903,4.0,1,0
2023-07-19,681217,23,10,2,4.897107538461539,23.0,11,2
2023-07-19,682967,5,0,1,2.8396302727272733,5.0,4,1
2023-07-19,686610,21,5,3,6.821109000000001,20.0,12,1
2023-07-19,686747,1,0,0,0.062,1.0,1,0
2023-07-19,687330,7,1,1,3.650925857142858,7.0,4,1
2023-07-19,694037,3,1,0,0.129,3.0,2,0
2023-07-20,425844,17,1,2,6.717306000000001,17.0,14,0
2023-07-20,472610,4,1,0,1.940655,4.0,2,1
2023-07-20,489446,4,2,0,2.322,4.0,2,1
2023-07-20,500779,20,3,0,6.563571428571429,20.0,17,0
2023-07-20,502043,27,8,2,8.241349461538462,27.0,16,0
2023-07-20,502171,24,0,4,12.701500888888889,24.0,20,1
2023-07-20,519151,3,1,0,0.6140000000000001,3.0,2,0
2023-07-20,547179,24,3,1,7.403332487179488,24.0,20,1
2023-07-20,571882,4,2,0,1.1075,4.0,2,1
2023-07-20,571927,19,6,1,3.708903,19.0,12,0
2023-07-20,573186,23,4,4,9.346596520123839,23.0,15,3
2023-07-20,592094,3,2,0,0.213,3.0,1,0
2023-07-20,592229,6,1,0,0.356,6.0,5,0
2023-07-20,592836,25,6,2,7.926357470588235,25.0,17,0
2023-07-20,596001,9,4,0,2.366,9.0,5,0
2023-07-20,596112,3,1,0,0.05,2.0,2,0
2023-07-20,605135,24,5,1,6.013908,24.0,17,0
2023-07-20,605347,8,2,0,4.551068571428572,8.0,3,1
2023-07-20,605447,3,0,0,1.026,3.0,3,0
2023-07-20,605483,25,4,7,9.018321,24.0,13,0
2023-07-20,606149,5,1,1,1.661503,5.0,3,0
2023-07-20,607192,27,9,0,4.525,27.0,18,0
2023-07-20,607481,7,1,1,1.5609030000000002,7.0,5,0
2023-07-20,607755,5,2,1,1.259903,5.0,2,0
2023-07-20,608665,3,1,0,1.032,3.0,2,0
2023-07-20,608678,3,2,0,0.085,3.0,1,0
2023-07-20,612434,5,0,1,3.643903,5.0,4,1
2023-07-20,621016,5,2,1,1.158903,5.0,2,0
2023-07-20,621051,4,1,1,0.825903,4.0,2,0
2023-07-20,621074,6,0,0,3.2713666666666668,6.0,6,1
2023-07-20,621294,3,0,0,0.503,3.0,3,0
2023-07-20,621295,6,2,0,0.742,6.0,4,0
2023-07-20,622098,7,1,1,2.5679030000000003,7.0,5,0
2023-07-20,623149,4,2,0,0.907,4.0,2,0
2023-07-20,628452,5,0,1,1.667903,5.0,4,0
2023-07-20,641154,23,7,2,8.668620760508308,23.0,14,2
2023-07-20,641329,4,1,1,2.079903,4.0,2,0
2023-07-20,641585,26,5,1,7.1711601924603166,26.0,20,3
2023-07-20,641627,3,1,0,0.134,3.0,2,0
2023-07-20,641835,3,0,1,0.7339030000000001,3.0,2,0
2023-07-20,642585,6,3,0,1.020005,6.0,2,0
2023-07-20,650556,4,2,1,0.695903,3.0,1,0
2023-07-20,656629,22,5,4,6.452345333333334,22.0,13,1
2023-07-20,656849,4,2,1,0.891903,4.0,1,0
2023-07-20,657024,4,1,1,1.372903,4.0,2,0
2023-07-20,661383,5,2,0,0.146,5.0,3,0
2023-07-20,661440,4,2,0,0.857,4.0,2,0
2023-07-20,663485,1,0,0,0.394,1.0,1,0
2023-07-20,663687,22,6,0,5.122,22.0,16,0
2023-07-20,663947,3,0,0,0.164,3.0,3,0
2023-07-20,664126,3,2,0,0.235,3.0,1,0
2023-07-20,665871,13,4,3,3.5947090000000004,13.0,6,0
2023-07-20,666374,3,1,0,0.311,3.0,2,0
2023-07-20,666619,3,1,0,0.48400000000000004,3.0,2,0
2023-07-20,666974,4,1,0,1.561,4.0,3,0
2023-07-20,668678,25,5,0,7.391505579937304,25.0,20,3
2023-07-20,668941,5,1,0,1.423,5.0,4,0
2023-07-20,669169,3,0,0,0.7050000000000001,2.0,2,0
2023-07-20,669203,28,10,1,4.067908,28.0,16,0
2023-07-20,669459,2,0,0,0.493,2.0,2,0
2023-07-20,669467,3,0,0,0.549,3.0,3,0
2023-07-20,669923,25,10,0,5.138005,25.0,14,0
2023-07-20,671096,26,6,2,6.164556,26.0,18,0
2023-07-20,671345,3,0,0,1.7412432432432432,3.0,3,1
2023-07-20,675911,24,13,1,6.19613785614192,24.0,9,3
2023-07-20,676206,12,1,2,5.764809246753247,12.0,9,2
2023-07-20,676680,4,0,0,1.7816521739130438,4.0,4,1
2023-07-20,680735,5,0,1,1.800403,5.0,4,0
2023-07-20,681517,6,0,2,3.3002704594594596,6.0,3,1
2023-07-20,682842,4,3,1,0.695903,4.0,0,0
2023-07-20,689690,2,1,0,0.223,2.0,1,0
2023-07-21,453268,5,1,1,1.687903,5.0,3,0
2023-07-21,455119,5,1,0,1.2810000000000001,5.0,4,0
2023-07-21,458681,30,6,3,11.424909092506939,30.0,21,4
2023-07-21,489446,5,3,2,1.391806,5.0,0,0
2023-07-21,502085,3,1,0,0.024,3.0,2,0
2023-07-21,518489,2,0,1,0.8549030000000001,2.0,1,0
2023-07-21,518585,6,2,0,2.083888888888889,6.0,4,1
2023-07-21,519043,3,2,0,0.087,3.0,1,0
2023-07-21,519151,4,1,1,0.7899030000000001,4.0,2,0
2023-07-21,542947,8,0,0,2.27,8.0,8,0
2023-07-21,543766,7,1,1,2.0219080000000003,7.0,4,0
2023-07-21,548384,5,2,1,1.551903,5.0,2,0
2023-07-21,554340,5,0,0,1.866,5.0,5,0
2023-07-21,571479,4,2,1,1.299903,4.0,1,0
2023-07-21,571656,3,1,0,0.02,3.0,2,0
2023-07-21,571670,5,0,0,0.988,5.0,5,0
2023-07-21,571760,21,3,3,7.7469262413793105,21.0,15,1
2023-07-21,571863,3,2,0,0.193,3.0,1,0
2023-07-21,571901,3,0,0,0.515,3.0,3,0
2023-07-21,572955,5,2,0,1.347,5.0,3,0
2023-07-21,579328,21,8,1,3.941903,20.0,11,1
2023-07-21,592454,4,1,0,1.061860465116279,4.0,3,1
2023-07-21,592741,4,1,0,1.1199999999999999,4.0,3,0
2023-07-21,593576,4,0,2,1.4478060000000001,4.0,2,0
2023-07-21,593974,3,0,0,1.3206060606060606,3.0,3,1
2023-07-21,594902,20,6,2,4.474806,20.0,12,0
2023-07-21,595345,5,1,2,2.2308060000000003,5.0,2,0
2023-07-21,600917,5,1,1,1.865903,5.0,3,0
2023-07-21,605242,3,1,2,1.391806,3.0,0,0
2023-07-21,605280,4,0,0,1.587,4.0,4,0
2023-07-21,605447,5,0,2,1.7422030000000004,3.0,3,1
2023-07-21,605463,5,2,0,1.7336935483870968,5.0,3,1
2023-07-21,606160,3,1,0,0.302,3.0,2,0
2023-07-21,607179,2,1,1,0.695903,2.0,0,0
2023-07-21,607259,5,1,0,3.343259803921568,5.0,4,1
2023-07-21,607625,26,7,3,6.837959,25.0,15,2
2023-07-21,608032,4,2,0,0.8873478260869564,4.0,2,1
2023-07-21,608371,5,0,2,3.583792270022883,5.0,3,1
2023-07-21,608678,4,1,0,0.46599999999999997,4.0,3,0
2023-07-21,608717,3,2,0,0.238,3.0,1,0
2023-07-21,613534,1,0,0,0.056,1.0,1,0
2023-07-21,614179,4,2,1,0.7499030000000001,4.0,1,0
2023-07-21,621107,24,8,1,5.822211823529412,24.0,15,0
2023-07-21,621294,3,1,1,1.045903,3.0,1,0
2023-07-21,621363,3,3,0,0.0,3.0,0,0
2023-07-21,621381,3,0,0,0.8360000000000001,3.0,3,0
2023-07-21,622065,1,0,0,0.008,1.0,1,0
2023-07-21,622072,19,1,2,9.011215306220096,19.0,15,2
2023-07-21,622780,5,2,1,1.446903,5.0,2,0
2023-07-21,623149,4,1,1,0.824903,4.0,2,0
2023-07-21,623352,3,1,0,0.015,3.0,2,0
2023-07-21,623437,3,2,0,0.39,3.0,1,0
2023-07-21,624133,25,5,2,8.18241711111111,24.0,18,2
2023-07-21,628708,4,1,0,1.068,4.0,3,0
2023-07-21,640448,3,0,0,0.26,3.0,3,0
2023-07-21,640470,5,0,0,1.260005,5.0,4,0
2023-07-21,641729,3,2,0,0.501,3.0,1,0
2023-07-21,641941,5,0,1,2.621188714285714,5.0,4,0
2023-07-21,642048,2,0,0,0.44199999999999995,2.0,2,0
2023-07-21,642100,3,1,0,0.16699999999999998,3.0,2,0
2023-07-21,642397,4,0,0,1.699,4.0,4,0
2023-07-21,642547,25,5,3,10.117988891774893,25.0,16,2
2023-07-21,643410,2,0,1,0.8719030000000001,2.0,1,0
2023-07-21,643493,6,3,0,0.9379999999999998,6.0,3,1
2023-07-21,647336,24,4,2,9.139984571428572,24.0,18,2
2023-07-21,650496,3,1,0,0.573,3.0,2,0
2023-07-21,650633,3,1,0,0.694,3.0,2,0
2023-07-21,656271,1,0,0,0.009,1.0,1,0
2023-07-21,656427,27,6,1,10.503962748427673,27.0,20,2
2023-07-21,656457,2,1,0,0.148,2.0,1,0
2023-07-21,656849,5,1,1,3.104903,5.0,3,0
2023-07-21,657006,27,9,1,6.462151243243243,27.0,16,1
2023-07-21,657024,5,1,1,0.9789030000000001,5.0,3,0
2023-07-21,657240,4,2,1,1.6089030000000002,4.0,1,0
2023-07-21,657376,24,2,1,8.733854808510639,24.0,20,3
2023-07-21,657514,5,2,0,0.6766666666666667,5.0,3,0
2023-07-21,657571,5,0,2,2.135806,5.0,3,0
2023-07-21,657746,26,10,1,5.16990594117647,26.0,15,2
2023-07-21,660261,4,1,0,0.8408888888888888,4.0,3,0
2023-07-21,660271,27,9,1,10.264764223712156,27.0,16,4
2023-07-21,660787,3,1,0,1.0050050000000001,3.0,1,0
2023-07-21,660813,3,0,0,0.423,3.0,3,0
2023-07-21,661403,3,0,0,1.066,3.0,3,0
2023-07-21,661440,3,0,0,0.9005,3.0,3,0
2023-07-21,663158,3,0,0,0.553,3.0,3,0
2023-07-21,663558,6,2,0,0.185,6.0,4,0
2023-07-21,663567,19,3,1,4.305569666666667,19.0,15,0
2023-07-21,663623,25,9,1,8.497572415292355,25.0,15,3
2023-07-21,663947,3,0,0,0.345,3.0,3,0
2023-07-21,663986,5,2,0,0.251,5.0,3,0
2023-07-21,664062,20,6,3,6.2458982857142855,19.0,10,2
2023-07-21,664126,4,3,1,0.695903,4.0,0,0
2023-07-21,664199,5,2,0,1.8547586206896551,5.0,3,1
2023-07-21,664208,4,0,0,1.301,4.0,4,0
2023-07-21,664285,24,4,2,8.838811,24.0,17,0
2023-07-21,664294,4,3,0,0.422,4.0,1,0
2023-07-21,664747,3,0,0,0.5369999999999999,3.0,3,0
2023-07-21,666129,17,5,0,7.641088564890488,17.0,11,3
2023-07-21,666208,4,0,3,1.6938060000000001,3.0,1,0
2023-07-21,666277,13,8,1,2.326712523809524,13.0,4,0
2023-07-21,666818,5,0,1,1.876903,5.0,4,0
2023-07-21,668909,20,3,4,7.649612,20.0,13,0
2023-07-21,668970,4,0,0,2.02485,4.0,4,0
2023-07-21,669060,9,5,0,1.2001,9.0,4,0
2023-07-21,669169,3,1,0,0.954,3.0,2,0
2023-07-21,669212,5,3,0,0.841,5.0,2,0
2023-07-21,669467,4,0,0,0.789,4.0,4,0
2023-07-21,669796,6,3,1,3.475826076923077,6.0,2,2
2023-07-21,670912,18,4,3,8.272155718146719,18.0,11,3
2023-07-21,670950,4,2,1,1.555903,4.0,1,0
2023-07-21,672335,3,2,0,0.003,3.0,1,0
2023-07-21,672860,5,1,3,2.2047090000000003,5.0,1,0
2023-07-21,673540,14,3,1,3.086903,14.0,10,0
2023-07-21,674003,5,0,0,0.40199999999999997,4.0,5,0
2023-07-21,674072,24,2,4,9.466222,24.0,16,0
2023-07-21,676254,11,3,0,2.195,11.0,8,0
2023-07-21,676664,26,1,1,10.11919012690818,26.0,24,4
2023-07-21,676710,16,2,0,6.252329660802658,16.0,14,3
2023-07-21,677865,4,0,1,1.637903,4.0,3,0
2023-07-21,678606,3,2,0,0.052,3.0,1,0
2023-07-21,679525,25,3,2,7.50292489292196,25.0,18,1
2023-07-21,679885,6,1,1,1.764375,5.0,4,0
2023-07-21,680694,25,5,1,7.438319020671834,25.0,19,2
2023-07-21,680704,6,1,1,3.3572120909090915,6.0,4,1
2023-07-21,681857,24,5,2,10.56935316981132,24.0,17,3
2023-07-21,681911,3,1,1,2.695903,3.0,1,1
2023-07-21,681982,11,4,1,4.755936571428572,11.0,5,2
2023-07-21,682120,3,0,3,2.0877090000000003,3.0,0,0
2023-07-21,682175,5,2,0,0.711,4.0,3,0
2023-07-21,682243,21,6,2,6.442493798036466,21.0,13,2
2023-07-21,686839,4,1,0,0.7969999999999999,4.0,3,0
2023-07-21,689225,3,0,0,0.601,3.0,3,0
2023-07-21,701643,6,1,0,2.107,6.0,5,1
2023-07-22,445276,2,0,0,0.9410000000000001,2.0,2,0
2023-07-22,453268,3,2,0,0.055,3.0,1,0
2023-07-22,453286,26,7,2,9.500755907120743,26.0,17,2
2023-07-22,456501,21,8,1,3.103908,21.0,11,0
2023-07-22,472610,3,2,0,0.313,3.0,1,0
2023-07-22,502624,26,6,1,6.388463,26.0,19,0
2023-07-22,518617,2,1,1,0.695903,2.0,0,0
2023-07-22,542585,6,1,0,2.2633529411764703,6.0,5,1
2023-07-22,542888,4,2,1,0.7309030000000001,4.0,1,0
2023-07-22,543037,24,10,1,4.094443,24.0,13,1
2023-07-22,543056,4,0,0,1.736,3.0,3,0
2023-07-22,543243,26,4,1,9.212569666666667,26.0,21,0
2023-07-22,543351,3,1,0,0.11900000000000001,3.0,2,0
2023-07-22,543507,5,2,2,1.5338060000000002,5.0,1,0
2023-07-22,543518,6,1,1,2.675903,6.0,4,0
2023-07-22,543521,3,0,0,0.22399999999999998,3.0,3,0
2023-07-22,543543,9,0,2,3.972160166666667,9.0,7,1
2023-07-22,543859,8,2,1,2.880278,8.0,5,0
2023-07-22,554340,4,1,0,1.6740050000000002,4.0,2,0
2023-07-22,554430,27,8,1,7.901903,26.0,17,1
2023-07-22,571945,27,3,1,8.780003,26.0,22,0
2023-07-22,572020,22,7,1,4.460903,22.0,14,0
2023-07-22,572403,4,2,0,1.179005,4.0,1,0
2023-07-22,592332,23,9,0,7.997572298725309,23.0,14,5
2023-07-22,592426,3,1,0,0.444,3.0,2,0
2023-07-22,592454,4,2,0,0.6945652173913043,4.0,2,0
2023-07-22,592741,4,3,0,1.4147586206896552,4.0,1,1
2023-07-22,592767,19,5,1,8.700903,19.0,13,1
2023-07-22,592773,5,0,0,2.129280487804878,5.0,5,1
2023-07-22,593974,2,0,0,0.42200000000000004,2.0,2,0
2023-07-22,601713,3,1,0,0.8180000000000001,3.0,2,0
2023-07-22,605177,3,1,0,0.369,3.0,2,0
2023-07-22,605242,9,2,1,3.0044585555555554,9.0,6,1
2023-07-22,605280,5,2,1,1.369903,5.0,2,0
2023-07-22,605288,26,10,2,8.580793719298246,26.0,14,4
2023-07-22,606303,3,1,0,0.117,3.0,2,0
2023-07-22,607481,3,1,0,0.024,3.0,2,0
2023-07-22,608638,5,1,0,3.107105263157895,5.0,4,1
2023-07-22,621057,5,0,0,3.26888,5.0,5,1
2023-07-22,621112,24,5,3,7.213442333333333,24.0,16,1
2023-07-22,621366,6,3,0,1.394005,6.0,2,0
2023-07-22,621381,3,0,0,0.365,3.0,3,0
2023-07-22,622065,2,0,0,0.004,2.0,2,0
2023-07-22,622075,3,1,0,0.504,3.0,2,0
2023-07-22,622098,3,0,0,1.103,3.0,3,0
2023-07-22,622103,8,2,1,2.6271294150943394,8.0,5,1
2023-07-22,623437,6,1,0,2.144,6.0,5,0
2023-07-22,640455,27,5,1,9.722908,27.0,20,1
2023-07-22,640462,3,2,0,0.002,3.0,1,0
2023-07-22,640470,4,2,0,1.178,4.0,2,0
2023-07-22,641360,9,0,1,3.233903,9.0,8,0
2023-07-22,641540,16,1,2,8.252369305613305,16.0,13,3
2023-07-22,641627,4,1,1,1.609903,4.0,2,0
2023-07-22,641703,9,3,1,1.262903,9.0,5,0
2023-07-22,641712,9,2,2,3.492306,9.0,5,1
2023-07-22,641729,5,1,0,2.1234761904761905,5.0,4,1
2023-07-22,641871,3,0,1,1.773303,3.0,2,0
2023-07-22,642100,3,0,1,1.7485696666666666,3.0,2,0
2023-07-22,642207,6,3,2,2.091806,6.0,1,0
2023-07-22,642216,18,5,1,4.614903,18.0,12,0
2023-07-22,642545,6,2,0,0.28300000000000003,6.0,4,0
2023-07-22,642585,3,2,0,0.524,3.0,1,0
2023-07-22,643377,5,1,1,1.211903,5.0,3,0
2023-07-22,643410,4,0,1,1.799903,4.0,3,0
2023-07-22,643493,1,0,0,0.281,1.0,1,0
2023-07-22,656234,4,0,0,2.034,4.0,4,0
2023-07-22,656302,22,9,2,4.9610910793650795,22.0,11,2
2023-07-22,656945,6,2,0,2.038005,6.0,3,0
2023-07-22,657240,3,2,0,0.614,3.0,1,0
2023-07-22,657248,14,3,3,6.090797888888889,14.0,8,2
2023-07-22,657277,10,2,1,3.4176344285714286,10.0,7,2
2023-07-22,657612,3,0,0,1.221,3.0,3,0
2023-07-22,660261,5,1,2,1.948806,5.0,2,0
2023-07-22,660853,3,1,0,0.21499999999999997,3.0,2,0
2023-07-22,661395,5,3,0,0.263,5.0,2,0
2023-07-22,661403,3,1,0,0.42000000000000004,3.0,2,0
2023-07-22,661527,2,0,0,0.314,2.0,2,0
2023-07-22,662253,3,1,0,1.383,3.0,2,0
2023-07-22,663462,4,0,1,2.302908,4.0,2,0
2023-07-22,663556,20,5,3,6.360709,20.0,12,0
2023-07-22,663878,5,0,0,2.5104644594594596,5.0,4,1
2023-07-22,663903,23,9,1,3.526903,23.0,13,0
2023-07-22,664126,4,0,0,1.54,3.0,4,0
2023-07-22,664139,4,1,0,0.683,4.0,3,0
2023-07-22,664208,3,0,2,1.853806,3.0,1,0
2023-07-22,664299,22,5,6,6.888810156862745,22.0,11,0
2023-07-22,664747,5,2,0,1.9651500000000002,5.0,3,0
2023-07-22,664875,3,0,1,0.916903,3.0,2,0
2023-07-22,665625,3,0,1,1.562903,3.0,2,0
2023-07-22,666159,8,2,2,2.899806,8.0,4,0
2023-07-22,666364,3,0,1,1.0349030000000001,3.0,2,0
2023-07-22,666374,6,2,1,1.380903,6.0,3,0
2023-07-22,666619,5,1,1,2.076903,5.0,3,0
2023-07-22,666720,10,5,0,2.59205,10.0,5,0
2023-07-22,666974,3,0,0,1.234,3.0,3,0
2023-07-22,668674,7,4,0,0.61,7.0,3,0
2023-07-22,668868,5,1,2,2.492806,5.0,2,0
2023-07-22,669270,4,1,0,3.282,4.0,3,1
2023-07-22,669302,24,5,1,9.13627581414238,24.0,18,2
2023-07-22,669387,6,3,0,0.285,6.0,3,0
2023-07-22,669395,3,0,0,1.7923650793650796,3.0,3,1
2023-07-22,669438,18,1,1,9.52098995652174,18.0,16,1
2023-07-22,669796,5,2,0,0.8619473684210527,5.0,3,0
2023-07-22,670097,5,0,0,1.9180000000000001,5.0,5,0
2023-07-22,670174,4,1,0,0.871,4.0,3,0
2023-07-22,670280,5,1,2,2.366811,5.0,1,0
2023-07-22,670329,4,2,0,0.613,4.0,2,0
2023-07-22,672282,24,9,2,7.700908,23.0,12,0
2023-07-22,672335,1,1,0,0.0,1.0,0,0
2023-07-22,672578,4,1,0,2.0851199999999994,4.0,3,1
2023-07-22,674370,13,3,1,4.671278,13.0,9,0
2023-07-22,676272,25,6,0,7.979604999999999,25.0,18,1
2023-07-22,676440,24,8,1,4.653798756302521,24.0,14,0
2023-07-22,676534,6,3,0,0.45,6.0,3,0
2023-07-22,677020,3,1,0,0.451,3.0,2,0
2023-07-22,680232,22,1,1,8.495829470588236,22.0,20,1
2023-07-22,680570,20,6,2,4.618806,20.0,12,0
2023-07-22,680686,26,4,3,8.415109000000001,26.0,19,1
2023-07-22,680735,3,1,1,0.911903,3.0,1,0
2023-07-22,682227,22,5,1,6.107503,20.0,15,0
2023-07-22,686747,3,0,0,0.135,3.0,3,0
2023-07-22,686839,8,0,2,3.4358060000000004,8.0,6,0
2023-07-22,687330,3,0,0,0.403,3.0,3,0
2023-07-22,694037,3,0,2,1.4438060000000001,3.0,1,0
2023-07-22,694297,24,6,0,5.402050454545454,24.0,17,1
2023-07-23,455119,1,1,0,0.0,1.0,0,0
2023-07-23,471911,17,2,2,6.666806,17.0,13,0
2023-07-23,493603,5,0,0,1.366005,5.0,4,0
2023-07-23,518397,4,0,0,1.472,4.0,4,0
2023-07-23,518489,4,0,0,0.497,4.0,4,0
2023-07-23,518585,3,2,0,0.631,3.0,1,0
2023-07-23,518617,3,0,1,0.757903,3.0,2,0
2023-07-23,518886,4,1,0,1.9367272727272726,4.0,3,1
2023-07-23,519043,4,1,0,0.863,4.0,3,0
2023-07-23,519293,3,0,0,1.258,3.0,3,0
2023-07-23,523260,4,3,0,1.420909090909091,4.0,1,1
2023-07-23,527048,26,6,2,8.695047642760962,26.0,18,2
2023-07-23,527054,21,5,0,4.614671666666666,21.0,15,0
2023-07-23,542881,27,5,1,8.659791542569238,27.0,21,3
2023-07-23,543101,23,2,2,8.966983083333332,23.0,19,1
2023-07-23,543272,4,1,0,0.503,3.0,3,0
2023-07-23,543475,24,3,1,12.128849856906534,24.0,20,2
2023-07-23,547184,4,1,1,0.7239030000000001,4.0,2,0
2023-07-23,547973,4,2,0,0.879,4.0,2,1
2023-07-23,570257,4,1,0,1.466,4.0,3,0
2023-07-23,571656,4,1,0,0.667,4.0,3,0
2023-07-23,571882,4,1,1,0.914903,4.0,2,0
2023-07-23,571948,3,1,0,0.7449333333333332,3.0,2,0
2023-07-23,572955,4,1,2,1.433903,3.0,1,0
2023-07-23,573124,3,1,0,0.32999999999999996,3.0,2,0
2023-07-23,592094,3,1,0,0.634,3.0,2,0
2023-07-23,592791,25,6,1,7.334443,25.0,18,1
2023-07-23,593576,5,0,1,1.6899030000000002,4.0,4,0
2023-07-23,594580,3,0,1,1.069903,3.0,2,0
2023-07-23,596001,7,2,0,1.154,7.0,5,0
2023-07-23,596133,22,1,2,10.205453857142858,22.0,18,2
2023-07-23,605130,6,0,2,1.546903,4.0,4,0
2023-07-23,605347,3,0,0,1.358,3.0,3,0
2023-07-23,605397,24,6,1,8.344847444444444,24.0,17,2
2023-07-23,605400,27,7,0,7.367223913043478,26.0,20,1
2023-07-23,605447,5,1,1,1.450908,4.0,2,0
2023-07-23,605463,5,1,1,2.764908,5.0,2,0
2023-07-23,607179,4,0,1,0.761903,3.0,2,0
2023-07-23,608032,4,1,1,0.999903,4.0,2,0
2023-07-23,608337,23,9,3,6.989941272727273,23.0,10,0
2023-07-23,608371,2,0,1,1.259903,2.0,1,0
2023-07-23,608665,7,0,1,3.351903,7.0,6,0
2023-07-23,608678,4,1,0,1.6643833333333335,4.0,3,1
2023-07-23,608718,6,2,0,0.582,6.0,4,0
2023-07-23,612434,6,0,1,3.688903,6.0,5,0
2023-07-23,614179,9,1,0,5.027546875,9.0,8,2
2023-07-23,621016,3,2,0,0.167,3.0,1,0
2023-07-23,621051,3,1,0,0.21500000000000002,3.0,2,0
2023-07-23,621074,2,0,1,0.775903,2.0,1,0
2023-07-23,621294,5,1,1,1.7089029999999998,5.0,3,0
2023-07-23,621295,1,0,0,0.01,1.0,1,0
2023-07-23,621363,4,0,0,0.671,4.0,4,0
2023-07-23,621383,9,1,2,1.621903,8.0,6,0
2023-07-23,621389,10,2,0,2.939,10.0,8,0
2023-07-23,622098,6,3,0,0.501,6.0,3,0
2023-07-23,622663,23,5,0,5.9572864791288564,23.0,18,1
2023-07-23,622780,5,2,0,1.2338928571428571,5.0,3,1
2023-07-23,623149,3,1,0,0.107,3.0,2,0
2023-07-23,623211,5,1,1,0.806,4.0,3,0
2023-07-23,623465,3,2,0,0.448,3.0,1,0
2023-07-23,625643,6,2,0,0.8230000000000001,6.0,4,0
2023-07-23,628452,3,3,0,0.0,3.0,0,0
2023-07-23,628708,3,0,0,0.16299999999999998,3.0,3,0
2023-07-23,640462,5,2,1,2.8579030000000003,5.0,2,1
2023-07-23,641627,3,1,0,0.603,3.0,2,0
2023-07-23,641656,4,2,0,1.0446060606060605,4.0,2,1
2023-07-23,641743,5,1,1,1.5969030000000002,5.0,3,0
2023-07-23,641793,7,3,0,0.755,6.0,4,0
2023-07-23,641835,4,1,0,0.5840000000000001,3.0,2,0
2023-07-23,641927,22,6,0,5.811766666666667,22.0,16,2
2023-07-23,641941,3,1,0,0.8991600000000002,3.0,2,1
2023-07-23,642048,4,0,1,1.0199030000000002,3.0,3,0
2023-07-23,642397,4,0,1,0.9709030000000001,4.0,3,0
2023-07-23,642585,5,3,0,0.46,5.0,2,0
2023-07-23,643377,3,1,0,0.236,3.0,2,0
2023-07-23,650496,3,1,0,0.6698,3.0,2,0
2023-07-23,650556,3,2,0,0.002,3.0,1,0
2023-07-23,650633,5,2,0,0.7230000000000001,5.0,3,0
2023-07-23,656271,3,0,0,0.46699999999999997,3.0,3,0
2023-07-23,656412,21,2,4,6.670933428571429,21.0,15,1
2023-07-23,656457,11,2,1,4.944903,11.0,8,0
2023-07-23,656529,6,2,0,2.450388888888889,6.0,4,2
2023-07-23,656546,3,0,2,1.891806,3.0,1,0
2023-07-23,656605,25,7,1,9.530099793721185,25.0,17,3
2023-07-23,656638,5,1,1,1.3389030000000002,5.0,3,0
2023-07-23,656756,28,4,2,9.454530457013576,28.0,21,1
2023-07-23,656849,3,2,0,0.911,3.0,1,0
2023-07-23,656945,3,0,0,1.514,3.0,3,0
2023-07-23,657024,3,1,0,0.216,3.0,2,0
2023-07-23,657097,5,2,1,1.6569030000000002,5.0,2,0
2023-07-23,657508,10,2,2,3.151194888888889,10.0,6,0
2023-07-23,657514,6,3,0,0.7330000000000001,6.0,3,0
2023-07-23,657756,10,1,1,3.9652508260869563,10.0,8,1
2023-07-23,660853,4,2,1,0.7629030000000001,4.0,1,0
2023-07-23,661383,10,3,0,2.332,10.0,7,0
2023-07-23,661395,4,2,0,1.0750000000000002,4.0,2,0
2023-07-23,661527,3,0,0,0.376,3.0,3,0
2023-07-23,663385,7,0,1,3.5578344705882348,7.0,5,1
2023-07-23,663462,4,0,0,1.772333333333333,4.0,4,1
2023-07-23,663986,5,1,1,1.9241199999999996,4.0,3,1
2023-07-23,664139,3,2,0,0.112,3.0,1,0
2023-07-23,664199,3,1,1,0.7099030000000001,3.0,1,0
2023-07-23,664294,2,1,0,0.208,2.0,1,0
2023-07-23,664875,3,1,0,0.33299999999999996,3.0,2,0
2023-07-23,665622,20,6,3,4.991269,20.0,11,0
2023-07-23,665625,6,0,0,3.00704,6.0,6,1
2023-07-23,665871,6,2,0,1.3639999999999999,6.0,4,0
2023-07-23,666168,3,0,0,2.210363636363637,3.0,3,1
2023-07-23,666200,27,13,2,7.968596043290043,27.0,12,1
2023-07-23,666201,24,6,4,10.665418465201466,24.0,13,3
2023-07-23,666818,4,0,0,0.8475,4.0,4,0
2023-07-23,666974,3,1,0,0.183,3.0,2,0
2023-07-23,668868,7,2,0,1.779,7.0,5,0
2023-07-23,669022,20,8,2,4.715806,20.0,10,0
2023-07-23,669212,4,1,0,0.904,4.0,3,0
2023-07-23,669330,20,5,4,7.043528779661018,20.0,9,1
2023-07-23,669459,5,2,0,0.369,5.0,3,0
2023-07-23,669674,4,0,0,1.498,4.0,4,0
2023-07-23,669684,15,3,2,4.758006,15.0,10,1
2023-07-23,669947,4,0,1,1.624,3.0,3,0
2023-07-23,670059,3,3,0,0.0,3.0,0,0
2023-07-23,670174,2,2,0,0.0,2.0,0,0
2023-07-23,670950,3,1,0,0.8129230769230769,3.0,2,1
2023-07-23,671345,3,0,0,0.59,3.0,3,0
2023-07-23,671737,21,6,1,8.352802305555555,21.0,14,3
2023-07-23,675540,12,3,3,4.868667307210032,12.0,6,1
2023-07-23,676680,4,0,0,0.9670000000000001,4.0,4,0
2023-07-23,676760,5,2,0,1.950588571428572,5.0,3,2
2023-07-23,677865,3,2,0,0.18,3.0,1,0
2023-07-23,678226,4,3,0,0.724,4.0,1,0
2023-07-23,680704,5,2,0,0.492,4.0,2,0
2023-07-23,681911,4,2,0,0.429,4.0,2,0
2023-07-23,682120,5,2,1,1.222903,5.0,2,0
2023-07-23,682175,4,0,0,0.975005,4.0,3,0
2023-07-23,682842,1,0,0,0.188,1.0,1,0
2023-07-23,686218,24,4,5,9.554435056100981,24.0,15,1
2023-07-23,686294,4,0,1,2.9902065714285726,4.0,3,1
2023-07-23,686613,25,4,2,10.209583727272728,25.0,18,2
2023-07-23,686651,3,1,1,0.874903,3.0,1,0
2023-07-23,686747,4,1,1,0.9549030000000001,4.0,2,0
2023-07-23,687888,4,0,1,0.822903,4.0,3,0
2023-07-23,689225,5,1,0,1.5150000000000001,5.0,4,0
2023-07-23,693433,24,7,1,5.620473,24.0,14,0
2023-07-23,693821,23,2,2,8.265897836734695,23.0,19,1
2023-07-24,425794,21,3,2,5.9622893333333336,21.0,16,0
2023-07-24,472610,3,1,0,0.064,3.0,2,0
2023-07-24,506433,23,3,3,10.350245713106295,23.0,17,4
2023-07-24,518397,4,1,0,0.6619999999999999,4.0,3,0
2023-07-24,518489,3,0,0,0.734,3.0,3,0
2023-07-24,518585,1,0,0,0.3965999999999999,1.0,1,0
2023-07-24,518886,5,1,1,1.050903,5.0,3,0
2023-07-24,519151,4,1,0,1.5718297872340425,4.0,3,1
2023-07-24,542585,6,2,0,0.9628076923076926,6.0,4,0
2023-07-24,543056,4,0,1,2.473903,4.0,3,0
2023-07-24,543272,3,1,0,0.855,3.0,2,0
2023-07-24,543351,7,2,1,1.588611111111111,6.0,4,1
2023-07-24,543518,3,0,0,0.878,3.0,3,0
2023-07-24,547973,7,2,2,3.132533272727273,7.0,3,1
2023-07-24,548389,28,3,0,8.53,27.0,24,0
2023-07-24,554340,4,2,0,0.33699999999999997,4.0,2,0
2023-07-24,571578,27,5,2,9.304246000000001,27.0,20,2
2023-07-24,571656,2,2,0,0.0,2.0,0,0
2023-07-24,571863,6,3,1,1.249903,6.0,2,0
2023-07-24,571882,5,1,2,2.425806,5.0,2,0
2023-07-24,571948,4,1,0,0.44,4.0,3,0
2023-07-24,592351,25,6,3,8.054556826086957,25.0,16,1
2023-07-24,592773,4,0,1,1.7573624594594595,4.0,3,1
2023-07-24,596057,7,2,0,1.189005,7.0,4,0
2023-07-24,600917,3,2,0,0.148,3.0,1,0
2023-07-24,605130,5,0,0,2.043,5.0,5,0
2023-07-24,605177,7,2,2,3.688806,7.0,3,0
2023-07-24,605347,3,0,0,0.857,3.0,3,0
2023-07-24,605447,3,1,0,0.373,3.0,2,0
2023-07-24,606149,6,1,0,1.7202962962962964,5.0,5,1
2023-07-24,606303,3,0,0,0.6369999999999999,3.0,3,0
2023-07-24,607067,23,5,1,7.997875972972973,23.0,17,3
2023-07-24,607259,4,3,0,0.566,4.0,1,0
2023-07-24,608717,6,2,2,3.0285202857142854,6.0,2,1
2023-07-24,613534,3,0,0,1.0835714285714286,3.0,3,0
2023-07-24,621016,5,1,1,1.982903,5.0,3,0
2023-07-24,621244,23,3,4,7.552906294294295,23.0,16,2
2023-07-24,621366,4,1,0,1.0799999999999998,4.0,3,0
2023-07-24,622065,3,0,1,0.9529030000000001,3.0,2,0
2023-07-24,622075,3,1,0,0.099,3.0,2,0
2023-07-24,622491,25,9,2,6.903051798319328,25.0,14,2
2023-07-24,623149,3,0,0,0.8089999999999999,2.0,3,0
2023-07-24,623437,3,1,0,0.058,2.0,1,0
2023-07-24,623465,4,0,0,0.9099999999999999,4.0,4,0
2023-07-24,628317,26,8,2,6.577880036544851,26.0,16,3
2023-07-24,641329,1,0,0,0.804,1.0,1,0
2023-07-24,641360,8,2,2,2.801806,8.0,4,0
2023-07-24,642207,3,2,0,0.107,3.0,1,0
2023-07-24,642232,24,1,0,6.925322580645162,24.0,23,1
2023-07-24,643377,5,1,0,1.2329999999999999,5.0,4,0
2023-07-24,650556,4,2,0,1.213,4.0,2,0
2023-07-24,650893,3,1,0,0.13,3.0,2,0
2023-07-24,650911,26,8,0,7.54525,26.0,18,2
2023-07-24,656232,24,5,4,8.47250088888889,24.0,15,1
2023-07-24,656234,7,0,0,1.6285999999999998,7.0,7,1
2023-07-24,656271,3,1,0,0.14600000000000002,3.0,2,0
2023-07-24,656464,2,0,0,0.6855714285714285,2.0,2,1
2023-07-24,656546,3,2,0,0.009,3.0,1,0
2023-07-24,656786,4,3,0,0.005,4.0,1,0
2023-07-24,657571,5,2,1,1.4039030000000001,5.0,2,0
2023-07-24,657612,4,1,0,0.762,4.0,3,0
2023-07-24,658648,10,3,3,3.0957090000000003,10.0,4,0
2023-07-24,660813,4,3,0,1.1182968749999995,4.0,1,1
2023-07-24,662253,6,2,1,2.037428571428572,5.0,3,1
2023-07-24,663558,2,0,0,0.686,2.0,2,0
2023-07-24,663855,5,1,1,1.1619030000000001,5.0,3,0
2023-07-24,663947,4,2,0,0.23099999999999998,4.0,2,0
2023-07-24,664208,4,0,2,3.059806,4.0,2,0
2023-07-24,664747,3,0,1,1.258903,3.0,2,0
2023-07-24,665152,26,3,2,5.869260545454545,26.0,21,0
2023-07-24,666154,15,0,1,3.353908,15.0,13,0
2023-07-24,666208,4,1,2,2.225806,4.0,1,0
2023-07-24,666364,4,1,0,1.147,4.0,3,0
2023-07-24,668933,23,8,4,7.192653666666667,23.0,11,1
2023-07-24,668941,6,0,0,2.484005,6.0,5,0
2023-07-24,668970,6,2,1,3.2103625454545455,6.0,2,1
2023-07-24,669194,27,1,3,10.096576171717171,27.0,23,2
2023-07-24,669373,17,9,0,1.667,17.0,8,0
2023-07-24,669387,7,1,1,1.585903,6.0,4,0
2023-07-24,670059,3,1,0,0.002,3.0,2,0
2023-07-24,670329,7,0,1,3.174903,7.0,6,0
2023-07-24,670950,6,0,2,4.184806,6.0,4,1
2023-07-24,671106,29,5,0,9.441039682539682,29.0,24,3
2023-07-24,671345,5,2,1,1.5189030000000001,5.0,2,0
2023-07-24,672335,5,0,1,2.020903,5.0,4,0
2023-07-24,672578,3,0,0,0.347,3.0,3,0
2023-07-24,675627,20,6,0,5.819758620689655,20.0,14,1
2023-07-24,676254,4,1,0,0.7335652173913043,4.0,3,0
2023-07-24,676265,10,1,2,4.129811,10.0,6,0
2023-07-24,682990,23,4,3,6.948817974358975,23.0,16,1
2023-07-25,425844,19,1,0,7.705276018099547,19.0,18,3
2023-07-25,434378,24,6,4,6.660612,24.0,14,0
2023-07-25,448179,22,3,2,8.250401604395604,22.0,17,2
2023-07-25,450203,21,1,5,8.971091428571428,21.0,14,0
2023-07-25,455119,1,1,0,0.0,1.0,0,0
2023-07-25,493603,4,1,1,0.7389030000000001,4.0,2,0
2023-07-25,502043,22,5,0,5.088693548387097,22.0,17,1
2023-07-25,502085,2,0,0,0.12,2.0,2,0
2023-07-25,502171,23,9,1,5.177908,23.0,12,0
2023-07-25,518876,25,5,2,7.134360550025138,25.0,18,0
2023-07-25,519043,4,2,0,0.0,2.0,0,0
2023-07-25,519151,5,0,0,3.8211341350601296,5.0,5,2
2023-07-25,542947,4,0,1,1.2970696666666668,4.0,3,0
2023-07-25,543272,3,0,1,2.582703,3.0,2,1
2023-07-25,543294,24,4,1,5.572188714285715,24.0,19,1
2023-07-25,543859,12,1,0,2.861005,12.0,10,0
2023-07-25,548384,4,0,1,1.971908,4.0,2,0
2023-07-25,570257,9,3,0,3.123,9.0,6,0
2023-07-25,571670,5,2,0,0.255,5.0,3,0
2023-07-25,571901,3,2,0,0.408,3.0,1,0
2023-07-25,571927,24,6,1,5.453903,24.0,17,0
2023-07-25,592094,3,1,0,1.170227272727273,3.0,2,1
2023-07-25,592741,5,1,0,0.651,3.0,2,0
2023-07-25,592836,25,4,3,10.170591432432433,25.0,18,3
2023-07-25,592866,25,3,0,8.164264976958526,25.0,22,1
2023-07-25,593334,26,9,1,9.517806644553644,26.0,16,3
2023-07-25,593576,5,1,1,2.186903,5.0,3,0
2023-07-25,593958,24,3,3,2.286709,7.0,1,0
2023-07-25,594580,3,0,1,0.585,2.0,2,0
2023-07-25,595345,3,1,0,1.0446111111111112,3.0,2,1
2023-07-25,596295,22,4,0,4.833333333333333,22.0,18,0
2023-07-25,598286,9,2,0,2.7515,9.0,7,0
2023-07-25,601713,18,5,1,4.162903,18.0,12,0
2023-07-25,605135,23,6,4,8.192612,23.0,13,1
2023-07-25,605242,3,1,1,1.121903,3.0,1,0
2023-07-25,605463,4,2,0,0.7773999999999999,4.0,2,0
2023-07-25,605483,25,4,5,7.297015,25.0,16,0
2023-07-25,607192,24,8,2,7.163656,24.0,14,3
2023-07-25,608032,9,3,1,4.30012,8.0,5,1
2023-07-25,608371,4,1,1,0.7029030000000001,4.0,2,0
2023-07-25,608678,3,1,1,1.3685696666666667,3.0,1,1
2023-07-25,608717,5,2,1,1.7848147647058825,5.0,2,1
2023-07-25,612434,4,2,2,1.391806,4.0,0,0
2023-07-25,621051,5,1,1,1.7539030000000002,5.0,3,0
2023-07-25,621295,3,0,0,1.313375,3.0,3,0
2023-07-25,621381,8,2,1,3.216745105263158,8.0,5,1
2023-07-25,621383,7,1,0,1.8519999999999999,7.0,6,0
2023-07-25,622075,3,2,0,0.937,3.0,1,1
2023-07-25,622780,2,0,0,2.631171666666667,2.0,1,1
2023-07-25,623149,4,0,0,2.3598333333333334,4.0,4,1
2023-07-25,623352,4,3,1,0.695903,4.0,0,0
2023-07-25,628708,6,1,1,1.312903,6.0,4,0
2023-07-25,628711,28,5,2,9.991737470588236,28.0,20,1
2023-07-25,640448,4,1,0,1.101,4.0,3,0
2023-07-25,640470,3,3,0,0.0,3.0,0,0
2023-07-25,641154,27,8,1,8.312053,27.0,18,2
2023-07-25,641585,26,3,2,8.868067904761904,26.0,21,0
2023-07-25,641729,3,3,0,0.0,3.0,0,0
2023-07-25,641835,4,1,0,2.1835,4.0,3,1
2023-07-25,641941,4,1,0,1.765945454545454,4.0,3,1
2023-07-25,642048,4,1,1,0.7029030000000001,3.0,1,0
2023-07-25,642100,3,3,0,0.0,3.0,0,0
2023-07-25,643410,4,1,0,0.7986666666666666,4.0,3,0
2023-07-25,643493,4,1,0,0.007,4.0,3,0
2023-07-25,643511,8,2,0,1.327,7.0,6,0
2023-07-25,650644,29,5,2,7.102806,29.0,22,0
2023-07-25,650893,7,3,0,0.719,7.0,4,0
2023-07-25,650960,5,0,1,2.235534578947368,5.0,4,1
2023-07-25,656061,4,1,1,1.544908,4.0,1,0
2023-07-25,656288,22,8,0,0.0,8.0,0,0
2023-07-25,656464,3,0,0,1.268,3.0,3,0
2023-07-25,656629,25,5,1,9.832954079622134,25.0,19,4
2023-07-25,656638,4,1,1,0.916903,4.0,2,0
2023-07-25,657024,8,1,1,2.534903,8.0,6,0
2023-07-25,657571,6,2,2,1.5508060000000001,6.0,2,0
2023-07-25,660261,6,3,0,0.823,6.0,3,0
2023-07-25,660787,7,2,0,1.5751764705882354,7.0,5,0
2023-07-25,660813,3,1,0,1.275,3.0,2,0
2023-07-25,661383,7,2,1,2.093908,7.0,3,0
2023-07-25,661403,3,0,0,1.0098333333333334,3.0,3,0
2023-07-25,663158,3,0,0,0.616,3.0,3,0
2023-07-25,663462,5,2,2,1.508806,5.0,1,0
2023-07-25,663558,3,0,2,1.9248060000000002,3.0,1,0
2023-07-25,664126,3,2,0,0.082,3.0,1,0
2023-07-25,664139,4,0,1,1.6699030000000001,4.0,3,0
2023-07-25,664294,6,2,0,3.9183124477861324,6.0,4,2
2023-07-25,664747,3,0,0,0.823005,3.0,2,0
2023-07-25,664875,8,1,1,3.137745105263158,8.0,6,1
2023-07-25,665795,11,0,2,3.723806,11.0,9,0
2023-07-25,666277,13,3,0,5.058053571428571,13.0,10,1
2023-07-25,666374,4,3,1,0.695903,4.0,0,0
2023-07-25,666720,9,3,1,2.0359030000000002,9.0,5,0
2023-07-25,666808,3,3,0,0.0,3.0,0,0
2023-07-25,666818,3,0,0,0.099,3.0,3,0
2023-07-25,666974,6,1,0,2.498,6.0,5,0
2023-07-25,667755,6,3,0,0.0,3.0,0,0
2023-07-25,668674,4,1,1,0.949903,4.0,2,0
2023-07-25,668941,5,0,0,2.3834761904761903,5.0,5,1
2023-07-25,668970,2,1,0,0.155,2.0,1,0
2023-07-25,669060,10,1,0,3.571636578947368,10.0,8,1
2023-07-25,669169,4,0,0,2.43025,4.0,4,0
2023-07-25,669203,23,6,1,4.913908,23.0,15,0
2023-07-25,669459,1,0,0,0.064,1.0,1,0
2023-07-25,669923,20,9,1,6.686038338345864,20.0,10,2
2023-07-25,669947,9,3,0,1.969,9.0,6,0
2023-07-25,669952,2,0,0,0.9459230769230769,2.0,2,1
2023-07-25,670167,6,0,1,3.452908,6.0,4,0
2023-07-25,671096,24,9,1,6.075153,24.0,14,0
2023-07-25,674003,21,3,0,8.202496031746032,21.0,18,2
2023-07-25,675921,3,0,0,0.07200000000000001,3.0,3,0
2023-07-25,676760,4,1,1,2.447903,4.0,2,0
2023-07-25,677865,8,0,3,4.028238432432432,7.0,5,1
2023-07-25,678226,6,1,1,1.871903,6.0,4,0
2023-07-25,678606,7,2,0,1.506,7.0,5,0
2023-07-25,680735,6,0,0,2.244565217391304,6.0,6,0
2023-07-25,682842,5,1,2,1.751806,5.0,2,0
2023-07-25,686294,3,1,0,1.467,3.0,2,0
2023-07-25,686610,18,6,2,3.824806,18.0,10,0
2023-07-25,686839,6,1,0,0.0,1.0,0,0
2023-07-25,689225,5,1,0,0.0,1.0,0,0
2023-07-25,701643,4,0,1,1.9179030000000001,4.0,3,0
2023-07-26,445276,4,1,0,1.193005,4.0,2,0
2023-07-26,453268,8,0,4,3.1507140000000002,7.0,3,0
2023-07-26,458681,25,5,2,8.160936689655172,25.0,16,1
2023-07-26,489446,5,0,1,2.754841461538461,4.0,3,1
2023-07-26,500779,27,5,3,8.433320111111112,26.0,18,0
2023-07-26,518397,2,0,0,0.21000000000000002,2.0,2,0
2023-07-26,518585,5,1,1,1.625903,5.0,3,0
2023-07-26,518886,3,2,0,0.003,3.0,1,0
2023-07-26,523260,4,1,2,2.117811,4.0,0,0
2023-07-26,542888,5,2,0,0.702,5.0,3,0
2023-07-26,543351,7,3,1,1.617903,7.0,3,0
2023-07-26,543518,6,1,0,4.3335,6.0,5,2
2023-07-26,547184,5,0,1,2.843903,5.0,4,0
2023-07-26,571760,22,3,3,6.860447333333333,22.0,15,1
2023-07-26,571863,1,0,0,0.108,1.0,1,0
2023-07-26,572955,4,0,0,1.216,4.0,4,0
2023-07-26,573186,22,4,2,8.693306,22.0,16,1
2023-07-26,579328,26,8,2,8.046811,26.0,15,0
2023-07-26,592426,4,2,0,0.216,4.0,2,0
2023-07-26,592454,3,1,0,0.21300000000000002,3.0,2,0
2023-07-26,592773,3,1,0,0.7801764705882352,3.0,2,0
2023-07-26,593974,3,2,0,0.574,3.0,1,0
2023-07-26,594902,27,3,0,8.964877551020408,27.0,24,1
2023-07-26,596001,7,1,1,3.997630272727273,7.0,5,1
2023-07-26,596112,4,1,1,1.150903,4.0,2,0
2023-07-26,600917,7,2,0,2.3966407563025207,7.0,5,1
2023-07-26,600921,3,2,0,0.976860465116279,3.0,1,1
2023-07-26,605280,3,1,0,0.077,3.0,2,0
2023-07-26,605498,11,2,0,5.139109677419355,11.0,9,1
2023-07-26,606149,2,1,0,0.841,2.0,1,0
2023-07-26,606160,5,1,1,0.9749030000000001,5.0,3,0
2023-07-26,606303,4,1,0,1.346,4.0,3,0
2023-07-26,607074,25,4,3,9.016714,25.0,17,1
2023-07-26,607179,4,1,0,0.849,4.0,3,0
2023-07-26,607259,5,2,0,2.002005,5.0,2,0
2023-07-26,607481,5,2,1,1.2099030000000002,5.0,2,0
2023-07-26,607625,24,8,0,6.773014361001318,24.0,16,3
2023-07-26,608344,4,2,0,0.791,4.0,2,0
2023-07-26,608665,4,1,0,1.524,4.0,3,0
2023-07-26,608718,6,1,0,0.5840000000000001,6.0,5,0
2023-07-26,621107,20,3,1,4.83025,18.0,16,0
2023-07-26,621295,3,0,0,2.014470515970516,3.0,3,1
2023-07-26,622065,1,0,0,0.147,1.0,1,0
2023-07-26,622072,9,0,0,2.105,9.0,9,0
2023-07-26,622098,3,0,1,0.8699030000000001,3.0,2,0
2023-07-26,622554,4,2,0,0.756,4.0,2,0
2023-07-26,623437,4,0,0,0.863,4.0,4,0
2023-07-26,624133,25,6,1,7.743223346320346,25.0,18,1
2023-07-26,640470,3,0,0,0.929,3.0,3,0
2023-07-26,641360,4,0,1,3.376425727272727,4.0,3,1
2023-07-26,641627,4,0,1,0.789903,4.0,3,0
2023-07-26,641835,1,0,0,0.453,1.0,1,0
2023-07-26,641871,5,2,1,3.9927686832298144,5.0,2,2
2023-07-26,642100,3,1,0,0.455,3.0,2,0
2023-07-26,642207,3,2,0,0.118,3.0,1,0
2023-07-26,642397,3,1,0,0.275,3.0,2,0
2023-07-26,642547,21,13,0,3.5022561919504644,21.0,8,1
2023-07-26,643410,3,1,0,0.087,3.0,2,0
2023-07-26,643511,4,2,0,0.6920000000000001,4.0,2,0
2023-07-26,645261,32,7,1,9.152979923076924,32.0,24,1
2023-07-26,650633,1,0,0,0.464,1.0,1,0
2023-07-26,656427,25,4,2,7.487298857142857,25.0,19,1
2023-07-26,656457,7,0,1,4.010903,7.0,6,0
2023-07-26,656786,9,2,0,2.741,9.0,7,0
2023-07-26,657053,3,0,0,0.437,3.0,3,0
2023-07-26,657240,7,2,0,1.407,7.0,5,0
2023-07-26,657508,1,0,0,0.159,1.0,1,0
2023-07-26,657514,1,0,0,0.126,1.0,1,0
2023-07-26,657746,20,7,2,8.158067904761905,20.0,11,3
2023-07-26,660853,5,0,0,1.2040000000000002,5.0,5,0
2023-07-26,661527,10,1,1,6.083236333333334,10.0,8,2
2023-07-26,662253,4,0,0,1.113,4.0,4,0
2023-07-26,663158,4,0,0,2.2004468085106383,4.0,4,1
2023-07-26,663567,22,2,1,6.173908,22.0,18,0
2023-07-26,663623,26,7,2,7.741373272727273,26.0,17,3
2023-07-26,663687,13,3,1,5.34251844011544,13.0,9,2
2023-07-26,664062,25,5,3,8.635994911680912,25.0,16,1
2023-07-26,664199,3,0,0,0.573,3.0,3,0
2023-07-26,664285,21,1,2,8.25910003654485,21.0,17,2
2023-07-26,665625,4,2,0,0.9770000000000001,4.0,2,0
2023-07-26,665734,7,3,1,1.713903,7.0,3,0
2023-07-26,665871,5,1,0,1.26,5.0,4,1
2023-07-26,666364,7,1,2,3.285101454545455,7.0,4,1
2023-07-26,666374,3,1,0,0.337,3.0,2,0
2023-07-26,668338,9,1,1,3.311903,9.0,7,0
2023-07-26,668678,27,8,2,11.281397951907742,27.0,17,3
2023-07-26,668909,17,5,2,5.691882923076924,17.0,10,1
2023-07-26,669169,8,2,2,3.7693602857142854,8.0,4,2
2023-07-26,669212,5,1,1,2.326903,5.0,3,0
2023-07-26,669387,3,1,0,0.313,3.0,2,0
2023-07-26,669391,8,2,1,2.7568759729729733,8.0,5,1
2023-07-26,669395,6,1,1,2.161903,6.0,4,0
2023-07-26,669459,3,0,0,1.683595744680851,3.0,3,1
2023-07-26,669467,7,1,1,1.254903,7.0,5,0
2023-07-26,669674,3,0,0,2.214428571428572,3.0,3,1
2023-07-26,670059,3,0,0,1.8831562500000008,3.0,3,1
2023-07-26,670167,3,0,0,1.3818421052631578,3.0,3,1
2023-07-26,670280,7,2,2,2.554811,7.0,2,0
2023-07-26,670912,23,5,3,5.688714,23.0,14,0
2023-07-26,670950,3,1,0,0.8428095238095238,3.0,2,0
2023-07-26,672335,3,0,1,1.8169080000000002,3.0,1,0
2023-07-26,675540,5,1,0,2.5426521739130443,5.0,4,1
2023-07-26,675911,26,10,1,7.747585051282051,26.0,15,2
2023-07-26,676206,12,4,1,4.136067473684211,12.0,7,0
2023-07-26,676254,9,3,1,2.1719030000000004,9.0,5,0
2023-07-26,676534,8,3,0,4.47574980237154,8.0,5,2
2023-07-26,678394,24,4,2,8.518655444444445,24.0,17,1
2023-07-26,679525,18,3,4,9.308417,18.0,10,1
2023-07-26,680694,27,3,2,7.445806,27.0,22,0
2023-07-26,680704,5,1,0,1.812,5.0,4,0
2023-07-26,680735,3,0,1,1.313903,3.0,2,0
2023-07-26,680739,13,4,0,2.31854,13.0,9,1
2023-07-26,681911,4,1,0,2.20188768115942,4.0,3,1
2023-07-26,682175,3,1,0,0.151,3.0,2,0
2023-07-26,682243,25,7,0,9.789151851195399,25.0,18,5
2023-07-26,686747,2,0,0,0.8377142857142859,2.0,2,0
2023-07-26,687330,3,1,0,0.417,3.0,2,0
2023-07-27,547179,20,7,1,4.450903,20.0,12,0
2023-07-27,548384,4,1,1,0.7629030000000001,4.0,2,0
2023-07-27,571901,1,0,0,0.926,1.0,1,0
2023-07-27,571945,3,1,0,0.821005,3.0,1,0
2023-07-27,572403,11,2,1,4.053908,11.0,7,0
2023-07-27,592741,5,0,0,1.319,5.0,5,0
2023-07-27,592848,4,1,1,1.880908,4.0,1,0
2023-07-27,605498,10,0,2,3.3645332727272725,10.0,8,1
2023-07-27,607179,3,1,0,0.965,3.0,2,0
2023-07-27,607481,4,1,0,1.597005,4.0,2,0
2023-07-27,621074,4,1,0,0.513,4.0,3,0
2023-07-27,622103,6,0,0,0.589,6.0,6,0
2023-07-27,622259,7,1,1,2.596036333333333,7.0,5,1
2023-07-27,640448,2,0,0,0.372,2.0,2,0
2023-07-27,641712,24,3,2,8.877638432432432,24.0,19,1
2023-07-27,641743,6,1,0,2.690153846153846,6.0,5,1
2023-07-27,642545,3,0,1,0.8759030000000001,3.0,2,0
2023-07-27,656302,27,5,2,9.714639333333334,27.0,20,0
2023-07-27,656657,18,5,0,5.097512580645161,18.0,13,3
2023-07-27,656849,8,0,0,1.838,8.0,8,0
2023-07-27,657006,25,4,3,8.490363761904762,25.0,18,1
2023-07-27,657097,4,1,1,1.842903,4.0,2,0
2023-07-27,660271,29,8,3,6.695632076923077,29.0,18,1
2023-07-27,661403,5,1,0,1.294,5.0,4,0
2023-07-27,663776,20,4,2,6.255806,20.0,14,0
2023-07-27,663986,5,1,0,0.859005,5.0,3,0
2023-07-27,666159,24,5,1,10.267688454545455,24.0,18,4
2023-07-27,666168,5,0,0,1.794005,5.0,4,0
2023-07-27,666619,7,1,0,2.112,7.0,6,0
2023-07-27,671111,5,2,1,0.902903,5.0,2,0
2023-07-27,673540,26,5,3,6.489714,24.0,15,0
2023-07-27,676440,27,6,2,11.047204412398413,27.0,19,2
2023-07-27,678606,1,0,0,0.841,1.0,1,0
2023-07-27,680686,24,4,3,7.167936391304348,24.0,15,1
2023-07-27,686839,8,1,2,3.737564620689656,8.0,5,1
2023-07-27,694037,3,2,0,0.0,3.0,1,0
2023-07-28,445276,3,2,0,1.0475333333333332,3.0,1,1
2023-07-28,453286,28,7,2,8.205765383753501,28.0,19,1
2023-07-28,455119,4,1,0,1.9189,4.0,3,1
2023-07-28,472610,7,2,2,2.740806,7.0,3,0
2023-07-28,489446,2,0,0,0.81,2.0,2,0
2023-07-28,493603,3,0,0,1.212,3.0,3,0
2023-07-28,518489,3,1,0,0.6624545454545454,3.0,2,0
2023-07-28,518886,4,0,1,1.8460630000000002,4.0,3,1
2023-07-28,519151,6,0,0,2.255005,6.0,5,0
2023-07-28,542585,4,1,0,0.7351600000000001,4.0,3,1
2023-07-28,543037,24,5,0,5.883,24.0,19,0
2023-07-28,543056,1,0,0,0.557,1.0,1,0
2023-07-28,543243,22,5,0,6.289208294930876,22.0,17,2
2023-07-28,543507,4,1,1,0.8309030000000001,4.0,2,0
2023-07-28,543518,2,1,0,0.072,2.0,1,0
2023-07-28,543521,5,2,0,1.416,5.0,3,0
2023-07-28,547184,6,1,1,1.744903,6.0,4,0
2023-07-28,548384,3,1,0,0.815,3.0,2,0
2023-07-28,554340,1,0,0,0.759,1.0,1,0
2023-07-28,554430,24,11,1,4.138603,24.0,12,0
2023-07-28,571670,2,0,0,0.385,2.0,2,0
2023-07-28,571863,6,0,1,3.031443,6.0,5,1
2023-07-28,571948,4,2,1,1.4437430000000002,4.0,1,1
2023-07-28,572955,3,1,0,0.86,3.0,2,0
2023-07-28,573124,6,1,0,1.8036,6.0,5,1
2023-07-28,592332,26,9,3,8.325675779661017,25.0,13,1
2023-07-28,592454,2,1,0,1.8560434782608692,2.0,1,1
2023-07-28,592767,16,6,1,3.5069030000000003,16.0,9,1
2023-07-28,593576,5,0,0,2.677255,5.0,4,0
2023-07-28,593974,1,0,0,0.175,1.0,1,0
2023-07-28,594580,4,0,1,1.5509030000000001,4.0,3,0
2023-07-28,596057,12,3,1,4.857944666666667,12.0,8,2
2023-07-28,596112,3,1,0,0.463,3.0,2,0
2023-07-28,600921,3,1,0,0.4,3.0,2,0
2023-07-28,605130,7,0,1,2.889908,7.0,5,0
2023-07-28,605288,21,3,2,8.611646,21.0,16,1
2023-07-28,605397,24,5,2,6.454437578947369,24.0,17,1
2023-07-28,605447,5,1,1,1.884903,5.0,3,0
2023-07-28,605463,4,0,0,1.072,4.0,4,0
2023-07-28,606149,4,1,0,0.8450000000000001,4.0,3,0
2023-07-28,607259,3,2,0,0.342,3.0,1,0
2023-07-28,607536,25,3,0,8.14445261904762,24.0,21,2
2023-07-28,608337,23,5,1,7.48376893939394,22.0,17,4
2023-07-28,608371,4,0,2,1.799806,4.0,2,0
2023-07-28,608638,4,0,1,1.6819030000000001,4.0,3,0
2023-07-28,608717,5,0,1,1.139903,5.0,4,0
2023-07-28,613534,6,2,1,1.797908,6.0,2,0
2023-07-28,621016,4,1,0,0.32,4.0,3,0
2023-07-28,621294,5,0,2,3.1855991034482756,5.0,3,1
2023-07-28,621363,3,1,0,0.32899999999999996,3.0,2,0
2023-07-28,621366,4,2,1,0.7639030000000001,4.0,1,0
2023-07-28,621383,10,2,0,1.467,10.0,8,0
2023-07-28,622065,4,1,0,2.2613000000000003,4.0,3,1
2023-07-28,622075,7,0,3,3.4223762173913044,6.0,3,0
2023-07-28,623149,4,1,1,1.140903,4.0,2,0
2023-07-28,623211,3,1,0,0.40700000000000003,3.0,2,0
2023-07-28,628452,3,1,0,0.55425,3.0,2,0
2023-07-28,630023,18,3,1,4.778903,18.0,14,0
2023-07-28,640462,5,3,0,2.0462499999999997,5.0,2,1
2023-07-28,640470,5,1,0,2.465892857142857,5.0,4,1
2023-07-28,641360,2,0,0,0.528,2.0,2,0
2023-07-28,641540,23,4,3,6.289340578947368,23.0,16,1
2023-07-28,641729,4,0,0,1.6807142857142856,4.0,4,1
2023-07-28,641835,5,2,0,0.925,5.0,3,0
2023-07-28,641941,3,1,0,1.186,3.0,2,0
2023-07-28,642397,2,0,0,0.465,2.0,2,0
2023-07-28,642585,3,2,0,0.022,3.0,1,0
2023-07-28,643377,4,0,0,1.29,4.0,4,0
2023-07-28,643493,5,0,1,1.629903,5.0,4,0
2023-07-28,650496,9,2,2,3.519806,9.0,5,0
2023-07-28,650556,4,2,1,0.7469030000000001,4.0,1,0
2023-07-28,650633,3,2,1,0.695903,3.0,0,0
2023-07-28,656546,3,2,0,0.762,3.0,1,0
2023-07-28,656605,25,8,3,9.697199683229814,25.0,14,2
2023-07-28,656756,25,3,4,10.570327418470418,25.0,17,3
2023-07-28,656945,5,0,1,2.651303,5.0,4,0
2023-07-28,657024,3,2,0,0.017,3.0,1,0
2023-07-28,657053,19,4,1,5.358903,19.0,14,0
2023-07-28,657097,3,0,0,0.5880000000000001,3.0,3,0
2023-07-28,657240,5,1,0,1.145,5.0,4,0
2023-07-28,657277,27,4,0,8.546916666666666,24.0,21,2
2023-07-28,657514,1,1,0,0.0,1.0,0,0
2023-07-28,657571,3,2,0,0.524,3.0,1,0
2023-07-28,657756,10,4,0,1.452,10.0,6,0
2023-07-28,660261,2,0,1,0.949903,2.0,1,0
2023-07-28,660787,6,0,1,1.523,5.0,5,0
2023-07-28,661395,4,1,2,2.4358316410256418,4.0,1,1
2023-07-28,662253,4,1,1,0.930903,4.0,2,0
2023-07-28,663556,23,6,0,6.246294670846396,23.0,17,2
2023-07-28,663558,3,0,0,0.463,2.0,3,0
2023-07-28,663903,24,10,2,7.1930095483870975,24.0,10,1
2023-07-28,664126,4,1,1,1.074903,4.0,2,0
2023-07-28,664139,4,1,0,1.463,4.0,3,0
2023-07-28,664199,3,1,0,0.23700000000000002,3.0,2,0
2023-07-28,664299,25,9,2,8.022175761904762,25.0,11,3
2023-07-28,664747,4,0,0,0.795,4.0,4,0
2023-07-28,666129,25,6,1,7.694913000000001,25.0,16,0
2023-07-28,666374,4,0,1,1.562903,4.0,3,0
2023-07-28,666619,5,2,0,1.091005,5.0,2,0
2023-07-28,666720,8,1,2,3.4652821904761906,8.0,5,1
2023-07-28,666818,8,2,1,3.9905080420168066,8.0,5,2
2023-07-28,666974,4,0,1,2.128903,4.0,3,0
2023-07-28,667755,7,4,0,1.602153846153846,7.0,3,1
2023-07-28,668674,2,0,0,0.7749999999999999,2.0,2,0
2023-07-28,668970,5,1,0,1.9828421052631577,5.0,4,1
2023-07-28,669022,23,2,4,9.674033052631579,23.0,17,2
2023-07-28,669060,8,1,0,5.363702194357367,8.0,7,2
2023-07-28,669302,28,5,0,8.697585714285715,28.0,23,2
2023-07-28,669387,1,0,0,0.48,1.0,1,0
2023-07-28,669467,3,1,0,0.8215,3.0,2,0
2023-07-28,669674,3,0,0,1.207111111111111,3.0,3,1
2023-07-28,669713,9,4,1,3.4953030000000003,9.0,4,1
2023-07-28,669796,3,2,1,0.695903,3.0,0,0
2023-07-28,670174,5,2,0,1.5979999999999999,5.0,3,0
2023-07-28,670329,5,2,0,2.3325178571428573,5.0,3,1
2023-07-28,671345,5,1,0,1.7009285714285716,5.0,4,0
2023-07-28,672578,4,1,1,1.7812363333333332,4.0,2,1
2023-07-28,674072,25,6,1,7.8235,24.0,18,1
2023-07-28,675540,13,0,3,5.653545158192092,13.0,10,1
2023-07-28,675921,8,2,2,1.623806,8.0,4,0
2023-07-28,676265,5,1,1,1.6579030000000001,5.0,3,0
2023-07-28,676272,20,6,0,3.8739999999999997,20.0,14,0
2023-07-28,676664,21,5,1,6.862908,21.0,14,1
2023-07-28,676680,4,1,1,1.571903,4.0,2,0
2023-07-28,676710,21,7,1,3.735903,21.0,13,0
2023-07-28,680570,23,4,2,7.100739333333333,23.0,17,0
2023-07-28,680704,5,3,1,0.7039030000000001,5.0,1,0
2023-07-28,680735,3,1,0,0.179,3.0,2,0
2023-07-28,681857,26,2,0,8.949146718146718,26.0,24,2
2023-07-28,681911,3,1,0,0.332,3.0,2,0
2023-07-28,682227,24,2,4,9.523920823529412,24.0,18,0
2023-07-28,687330,3,1,0,0.21400000000000002,3.0,2,0
2023-07-29,425794,25,3,3,9.305218345327336,25.0,19,3
2023-07-29,445276,1,0,0,0.9844210526315788,1.0,1,1
2023-07-29,456501,23,5,1,7.23459240092166,23.0,17,2
2023-07-29,471911,17,2,1,6.611903,17.0,14,0
2023-07-29,506433,23,9,2,4.542806000000001,23.0,12,0
2023-07-29,518585,3,2,0,0.277,3.0,1,0
2023-07-29,518617,6,0,1,2.544903,6.0,5,0
2023-07-29,523260,2,1,1,0.695903,2.0,0,0
2023-07-29,527048,27,1,3,9.532484,26.0,22,2
2023-07-29,527054,25,4,0,12.513332219316089,24.0,21,5
2023-07-29,542947,8,0,0,2.340005,7.0,7,0
2023-07-29,543272,3,2,0,0.194,3.0,1,0
2023-07-29,543351,4,1,1,1.359903,4.0,2,0
2023-07-29,543475,21,4,2,6.627158826086957,21.0,14,1
2023-07-29,543518,1,1,0,0.0,1.0,0,0
2023-07-29,543766,7,0,0,2.673958333333333,7.0,7,1
2023-07-29,543859,3,2,0,0.159,3.0,1,0
2023-07-29,554340,4,2,0,1.4421739130434783,4.0,2,1
2023-07-29,571578,24,2,0,10.696869359531046,24.0,21,3
2023-07-29,571656,3,1,0,0.007,3.0,2,0
2023-07-29,571901,7,0,2,2.6085529999999997,5.0,4,1
2023-07-29,572020,24,5,2,6.7488316410256415,24.0,17,1
2023-07-29,572403,4,1,0,0.8900000000000001,4.0,3,0
2023-07-29,592229,4,0,0,1.322,4.0,4,0
2023-07-29,592773,3,2,0,0.022,3.0,1,0
2023-07-29,592791,23,4,4,6.3808941428571435,23.0,15,1
2023-07-29,595345,4,1,0,1.09,4.0,3,0
2023-07-29,596133,23,2,2,6.675552153846153,23.0,19,1
2023-07-29,598286,6,1,0,1.87255,6.0,5,0
2023-07-29,600917,4,2,0,0.024999999999999998,4.0,2,0
2023-07-29,600921,6,1,0,3.7008924455825856,6.0,5,2
2023-07-29,605130,4,2,0,0.42700000000000005,4.0,2,0
2023-07-29,605177,3,1,1,1.146903,3.0,1,0
2023-07-29,605182,16,3,0,5.366053571428572,16.0,13,1
2023-07-29,605242,5,0,0,0.929,5.0,5,0
2023-07-29,605347,3,0,1,1.3819029999999999,3.0,2,0
2023-07-29,605400,26,6,3,9.603157888888889,26.0,17,1
2023-07-29,605463,6,0,0,2.933321428571429,6.0,6,1
2023-07-29,606160,6,3,1,1.8486924736842105,6.0,2,0
2023-07-29,607179,4,3,0,0.279,4.0,1,0
2023-07-29,608344,10,1,1,5.474303,10.0,8,1
2023-07-29,608638,5,2,0,1.815758620689655,5.0,3,1
2023-07-29,608678,4,0,1,1.666903,4.0,3,0
2023-07-29,608718,5,0,0,2.985,5.0,5,0
2023-07-29,612434,2,0,0,0.34800000000000003,2.0,2,0
2023-07-29,621016,5,0,1,3.1615724915254244,5.0,4,2
2023-07-29,621051,5,2,1,1.6659030000000001,5.0,2,0
2023-07-29,621112,25,7,0,7.225,25.0,18,1
2023-07-29,621366,3,1,1,0.912903,3.0,1,0
2023-07-29,621368,5,0,2,2.901533272727273,5.0,3,1
2023-07-29,621381,6,1,0,0.899,6.0,5,0
2023-07-29,622098,3,1,0,0.056,3.0,2,0
2023-07-29,622250,3,1,0,0.369,3.0,2,0
2023-07-29,623167,23,4,6,10.841230692307693,22.0,12,1
2023-07-29,623352,3,2,0,0.179,3.0,1,0
2023-07-29,623437,3,0,0,1.174,3.0,3,0
2023-07-29,623465,5,1,0,1.057,5.0,4,0
2023-07-29,625643,5,3,0,0.946,5.0,2,0
2023-07-29,628708,2,1,0,0.888,2.0,1,0
2023-07-29,640448,2,1,0,0.02,2.0,1,0
2023-07-29,640455,15,5,0,2.2800000000000002,15.0,10,0
2023-07-29,641329,7,3,1,1.7179030000000002,7.0,3,0
2023-07-29,641627,4,1,1,1.377603,4.0,2,0
2023-07-29,641656,6,3,0,0.244,6.0,3,0
2023-07-29,641871,6,1,0,1.109,6.0,5,0
2023-07-29,641927,24,5,0,8.891730961538462,24.0,18,2
2023-07-29,642100,4,2,0,0.899,4.0,2,0
2023-07-29,642545,7,1,0,4.040938461538461,7.0,6,1
2023-07-29,643410,5,0,1,2.614908,5.0,3,0
2023-07-29,643511,2,0,0,0.348,2.0,2,0
2023-07-29,650893,2,1,0,0.002,2.0,1,0
2023-07-29,650907,8,0,0,2.821734962406015,8.0,8,2
2023-07-29,656234,8,1,2,3.0128060000000003,8.0,5,0
2023-07-29,656382,10,3,0,4.038,10.0,7,0
2023-07-29,656464,4,3,0,0.105,4.0,1,0
2023-07-29,656529,5,0,0,2.485,5.0,5,0
2023-07-29,656638,3,1,0,0.619,3.0,2,0
2023-07-29,656730,9,3,0,3.4022805031446537,9.0,6,2
2023-07-29,656786,4,0,1,1.457903,4.0,3,0
2023-07-29,657376,22,2,1,6.91262919487909,22.0,18,1
2023-07-29,657508,7,0,0,1.775,7.0,7,0
2023-07-29,657571,6,1,1,2.750903,6.0,4,0
2023-07-29,657585,10,3,1,2.207903,10.0,6,0
2023-07-29,660787,3,0,1,1.755903,3.0,2,0
2023-07-29,660813,6,1,0,0.9079999999999999,6.0,5,0
2023-07-29,661440,6,3,2,1.055903,5.0,1,0
2023-07-29,662253,4,0,1,1.362903,4.0,3,0
2023-07-29,663158,3,1,0,0.34800000000000003,3.0,2,0
2023-07-29,663558,3,1,0,1.208,3.0,2,0
2023-07-29,663878,3,1,0,0.01,3.0,2,0
2023-07-29,663947,1,1,0,0.0,1.0,0,0
2023-07-29,664199,6,1,0,2.285,6.0,5,0
2023-07-29,665734,3,1,0,0.316,3.0,2,0
2023-07-29,665871,1,0,0,0.216,1.0,1,0
2023-07-29,666168,3,1,1,1.3549030000000002,3.0,1,0
2023-07-29,666201,22,6,3,7.566302486486486,21.0,11,2
2023-07-29,666214,19,6,1,3.9429030000000003,19.0,12,0
2023-07-29,666364,9,1,1,2.7194030000000002,9.0,7,0
2023-07-29,666808,5,1,1,2.303703,5.0,3,1
2023-07-29,669212,7,0,3,3.702709,6.0,3,1
2023-07-29,669330,14,1,3,8.691714,14.0,9,3
2023-07-29,669395,2,0,0,1.1220050000000001,2.0,1,0
2023-07-29,669459,3,2,0,0.891,3.0,1,0
2023-07-29,669467,8,2,0,1.5,8.0,6,0
2023-07-29,669674,3,1,0,0.202,3.0,2,0
2023-07-29,669947,4,2,0,0.6150588235294117,4.0,2,0
2023-07-29,670059,4,2,0,0.15,4.0,2,0
2023-07-29,670280,7,3,1,1.721903,7.0,3,0
2023-07-29,670950,5,4,1,0.0,4.0,0,0
2023-07-29,671106,26,4,3,11.365138320679321,26.0,19,3
2023-07-29,671345,4,1,1,0.814903,4.0,2,0
2023-07-29,671737,18,4,4,7.067255478260869,18.0,10,2
2023-07-29,672282,19,5,2,5.658181,19.0,12,0
2023-07-29,672335,6,1,0,1.059,6.0,5,0
2023-07-29,672578,3,3,0,0.0,3.0,0,0
2023-07-29,676254,9,3,0,0.904,9.0,6,0
2023-07-29,676534,13,2,1,7.043028080316985,13.0,10,3
2023-07-29,678226,4,1,1,1.481903,4.0,2,0
2023-07-29,680739,9,0,1,3.4983030000000004,9.0,8,1
2023-07-29,682842,4,0,1,2.5616616206896556,4.0,3,1
2023-07-29,682990,25,7,6,10.058170169811321,25.0,11,2
2023-07-29,686218,18,5,1,2.911403,18.0,12,1
2023-07-29,686613,24,4,2,7.334700367816092,24.0,17,3
2023-07-29,687330,3,1,0,1.2461764705882352,3.0,2,0
2023-07-29,689225,9,2,0,1.754,9.0,7,0
2023-07-29,693433,22,0,2,8.50328219047619,21.0,19,1
2023-07-29,693821,24,3,0,4.509428571428572,24.0,21,1
2023-07-29,694037,3,1,0,0.335,3.0,2,0
2023-07-29,694297,25,3,1,6.788653,25.0,21,1
2023-07-29,701643,7,2,0,2.620005,7.0,4,0
2023-07-30,434378,22,5,1,4.409903,22.0,16,0
2023-07-30,448179,22,7,3,8.109472620689655,22.0,11,1
2023-07-30,453268,4,1,1,1.7803812608695653,3.0,1,1
2023-07-30,455119,5,0,2,0.359,3.0,3,0
2023-07-30,489446,3,1,0,0.28,3.0,2,0
2023-07-30,493603,2,1,0,0.139,2.0,1,0
2023-07-30,500743,6,0,0,2.0713207894736843,6.0,5,0
2023-07-30,502085,3,1,0,0.135,3.0,2,0
2023-07-30,518397,5,1,0,0.8786666666666666,5.0,4,0
2023-07-30,518489,4,1,0,0.858,4.0,3,0
2023-07-30,518876,24,6,2,8.223798857142857,24.0,16,2
2023-07-30,518886,5,1,0,2.2630049999999997,5.0,3,1
2023-07-30,519043,8,0,2,2.221806,8.0,6,0
2023-07-30,519293,5,1,0,1.687,5.0,4,0
2023-07-30,541640,11,2,0,1.99,11.0,9,0
2023-07-30,542585,6,1,1,4.0784208571428575,6.0,4,1
2023-07-30,542881,27,2,1,10.245766636363637,26.0,23,2
2023-07-30,542947,3,0,0,0.466,3.0,3,0
2023-07-30,543056,4,3,0,0.524,4.0,1,0
2023-07-30,543294,29,2,1,12.314491836477988,29.0,26,2
2023-07-30,543351,3,1,0,0.98,3.0,2,0
2023-07-30,543521,7,0,1,3.766903,7.0,6,0
2023-07-30,548384,4,3,1,0.695903,4.0,0,0
2023-07-30,548389,17,3,0,4.847338333333334,17.0,13,0
2023-07-30,554340,4,1,0,0.9740833333333334,3.0,3,0
2023-07-30,571670,3,0,0,0.356,3.0,3,0
2023-07-30,571863,3,1,0,1.097,3.0,2,0
2023-07-30,571882,6,3,0,1.153,6.0,3,0
2023-07-30,571927,22,2,0,4.831565217391304,22.0,20,0
2023-07-30,571948,4,0,0,2.3481950464396286,4.0,4,2
2023-07-30,573124,4,0,1,2.181903,4.0,3,0
2023-07-30,592094,3,1,0,0.7406249999999999,3.0,2,0
2023-07-30,592866,23,2,4,8.529384727272728,23.0,17,1
2023-07-30,594580,2,2,0,0.0,2.0,0,0
2023-07-30,600917,4,0,0,2.874605,4.0,3,1
2023-07-30,605242,3,0,1,1.1959030000000002,3.0,2,0
2023-07-30,605347,2,1,0,0.055,2.0,1,0
2023-07-30,605483,23,9,4,6.472339272727273,23.0,10,1
2023-07-30,606149,6,2,0,0.441,6.0,4,0
2023-07-30,606160,3,1,0,0.195,3.0,2,0
2023-07-30,606303,5,2,0,2.0780000000000003,5.0,3,1
2023-07-30,607067,21,8,2,6.5535060000000005,21.0,11,1
2023-07-30,607259,6,2,0,2.633,6.0,4,0
2023-07-30,607755,1,0,0,0.7150416666666666,1.0,1,1
2023-07-30,608032,8,2,1,1.674903,8.0,5,0
2023-07-30,608665,4,1,1,1.7099030000000002,4.0,2,0
2023-07-30,608718,6,2,1,1.7729030000000001,6.0,3,0
2023-07-30,613534,5,2,1,1.7869030000000001,5.0,2,0
2023-07-30,621051,3,0,1,1.130903,3.0,2,0
2023-07-30,621244,27,6,2,6.593908,25.0,18,0
2023-07-30,621389,18,2,1,4.896836333333334,18.0,15,0
2023-07-30,622491,21,7,1,4.806135272727273,21.0,12,1
2023-07-30,622554,5,0,1,2.6209799230769235,5.0,4,1
2023-07-30,622663,22,5,2,9.039564620689655,22.0,15,2
2023-07-30,622780,3,1,0,0.267,3.0,2,0
2023-07-30,623352,6,1,2,2.017806,6.0,3,0
2023-07-30,623437,3,1,0,0.575,3.0,2,0
2023-07-30,628317,21,7,2,5.4377605454545455,21.0,12,1
2023-07-30,628452,3,3,0,0.0,3.0,0,0
2023-07-30,628708,5,1,0,1.98,5.0,4,0
2023-07-30,640462,5,1,1,2.335903,5.0,3,0
2023-07-30,641729,4,3,1,0.695903,4.0,0,0
2023-07-30,641793,23,4,0,6.5948303571428575,23.0,19,2
2023-07-30,641835,5,0,2,1.0709030000000002,4.0,3,0
2023-07-30,641941,3,0,0,1.1363333333333334,3.0,3,0
2023-07-30,642048,3,2,0,0.0,2.0,0,0
2023-07-30,642121,5,0,0,1.611,5.0,5,0
2023-07-30,642232,27,5,0,10.424,27.0,22,1
2023-07-30,642397,5,2,0,1.613,5.0,3,0
2023-07-30,643377,5,0,0,2.515005,5.0,4,0
2023-07-30,643493,3,0,0,0.666,3.0,3,0
2023-07-30,643511,6,1,1,2.433331571428572,6.0,4,1
2023-07-30,650644,22,4,2,7.750314771929825,22.0,16,1
2023-07-30,650893,5,0,0,1.836005,5.0,4,0
2023-07-30,650911,18,3,2,5.125071,18.0,10,0
2023-07-30,650960,3,1,0,0.591,3.0,2,0
2023-07-30,656061,9,3,1,3.7024682173913046,9.0,5,0
2023-07-30,656232,26,4,3,8.513983285714286,26.0,19,1
2023-07-30,656271,10,1,0,4.933673333333334,10.0,9,2
2023-07-30,656457,7,5,1,0.7589030000000001,7.0,1,0
2023-07-30,656546,3,1,0,0.659,3.0,2,0
2023-07-30,656629,23,2,5,9.083147783882785,23.0,16,2
2023-07-30,656849,7,2,0,1.8760050000000001,7.0,4,0
2023-07-30,656945,3,0,0,0.507,3.0,3,0
2023-07-30,657508,4,1,0,1.270714285714286,4.0,3,0
2023-07-30,657514,7,2,1,2.810913,7.0,2,0
2023-07-30,660261,8,4,1,1.430903,8.0,3,0
2023-07-30,660853,4,1,1,1.281903,4.0,2,0
2023-07-30,661403,4,0,0,0.832,4.0,4,0
2023-07-30,661440,3,0,0,1.526005,3.0,2,0
2023-07-30,663158,3,1,0,0.175,3.0,2,0
2023-07-30,663941,7,3,1,0.051000000000000004,6.0,3,0
2023-07-30,663947,6,1,0,3.091,6.0,5,1
2023-07-30,663986,3,0,0,0.676,3.0,3,0
2023-07-30,664208,10,2,1,3.78435952173913,10.0,7,1
2023-07-30,664294,3,1,0,0.6873157894736843,3.0,2,0
2023-07-30,664875,3,2,0,0.009,3.0,1,0
2023-07-30,665152,21,7,2,8.33953260762418,21.0,12,2
2023-07-30,665622,23,6,0,4.662005,23.0,16,1
2023-07-30,665625,3,0,1,1.8189030000000002,3.0,2,0
2023-07-30,665734,5,1,2,2.0378060000000002,5.0,2,0
2023-07-30,666200,24,3,3,8.424058206349207,24.0,18,1
2023-07-30,666277,6,2,1,1.359903,6.0,3,0
2023-07-30,666374,4,2,0,0.661,4.0,2,0
2023-07-30,666808,4,1,0,0.826,4.0,3,0
2023-07-30,666974,3,3,0,0.0,3.0,0,0
2023-07-30,668933,22,2,0,6.330005,22.0,19,0
2023-07-30,668941,4,2,0,0.712,4.0,2,0
2023-07-30,669373,19,4,0,5.038536796536796,19.0,15,1
2023-07-30,669387,7,3,0,0.448,7.0,4,0
2023-07-30,669395,3,2,0,0.199,3.0,1,0
2023-07-30,669684,15,1,0,3.353,15.0,14,0
2023-07-30,669796,3,0,2,1.391806,2.0,1,0
2023-07-30,670167,6,2,0,1.568,6.0,4,0
2023-07-30,670174,7,1,0,1.697,7.0,6,0
2023-07-30,670280,4,2,1,0.811903,4.0,1,0
2023-07-30,671111,3,0,0,0.199,3.0,3,0
2023-07-30,672578,4,2,1,0.7139030000000001,4.0,1,0
2023-07-30,674003,16,5,3,4.253709000000001,16.0,8,0
2023-07-30,675627,30,10,1,12.618856333333333,30.0,18,4
2023-07-30,676265,6,1,1,1.8309030000000002,6.0,4,0
2023-07-30,676760,9,4,0,1.460005,9.0,4,0
2023-07-30,679346,5,2,0,1.413714285714286,5.0,3,0
2023-07-30,681911,4,2,0,0.429,4.0,2,0
2023-07-30,681982,5,1,0,1.251,5.0,4,0
2023-07-30,686294,5,2,1,1.474903,5.0,2,0
2023-07-30,686539,8,0,1,2.781403,8.0,7,0
2023-07-30,686747,7,2,0,0.8650000000000001,7.0,5,0
2023-07-30,686839,7,0,0,2.498,7.0,7,0
2023-07-30,700363,23,3,4,8.10203282111437,23.0,16,2
2023-07-31,450203,28,8,3,11.48242839130435,27.0,16,2
2023-07-31,453268,3,0,2,2.184806,3.0,1,0
2023-07-31,502043,23,5,2,5.404595473684211,23.0,16,0
2023-07-31,518397,4,1,0,0.98,4.0,3,0
2023-07-31,518585,3,2,0,0.855,3.0,1,0
2023-07-31,518886,3,0,0,0.306,3.0,3,0
2023-07-31,519151,3,1,0,0.189,3.0,2,0
2023-07-31,543056,4,2,1,0.7199030000000001,4.0,1,0
2023-07-31,543272,2,0,0,0.373,2.0,2,0
2023-07-31,543518,3,2,0,0.05,3.0,1,0
2023-07-31,547184,6,1,4,3.624612,6.0,1,0
2023-07-31,571656,4,2,0,0.517,4.0,2,0
2023-07-31,571863,3,0,0,0.56,3.0,3,0
2023-07-31,571901,3,0,0,0.747,3.0,3,0
2023-07-31,571948,1,0,0,0.094,1.0,1,0
2023-07-31,572955,4,3,0,0.878,4.0,1,0
2023-07-31,573124,4,0,1,0.8495714285714284,2.0,3,1
2023-07-31,573186,17,2,2,6.449806,17.0,13,0
2023-07-31,592426,6,2,1,1.437903,6.0,3,0
2023-07-31,592773,3,0,1,2.181903,3.0,2,0
2023-07-31,592789,20,0,2,10.100452964703132,20.0,17,3
2023-07-31,592836,27,4,2,7.9552059999999996,27.0,21,1
2023-07-31,593334,18,4,2,7.091901744680851,18.0,12,2
2023-07-31,595345,8,2,0,1.825,7.0,6,0
2023-07-31,596001,10,3,0,1.2810000000000001,10.0,7,0
2023-07-31,596057,8,0,2,3.759998307692308,8.0,6,1
2023-07-31,596112,3,2,0,0.212,3.0,1,0
2023-07-31,596295,24,5,2,8.345999548387097,23.0,17,1
2023-07-31,601713,26,10,0,4.74725,26.0,16,1
2023-07-31,605135,26,7,2,6.693033272727273,26.0,17,1
2023-07-31,607179,3,0,0,0.771,3.0,3,0
2023-07-31,607192,25,8,2,7.498418289016526,25.0,15,3
2023-07-31,607259,5,1,1,0.908903,4.0,2,0
2023-07-31,607625,28,9,3,7.783209,28.0,16,1
2023-07-31,608371,5,2,1,1.7889080000000002,5.0,1,0
2023-07-31,612434,3,1,0,0.039,3.0,2,0
2023-07-31,621345,3,1,0,0.758,3.0,2,0
2023-07-31,621381,4,1,1,1.5983474444444445,4.0,2,0
2023-07-31,622065,1,0,0,0.361,1.0,1,0
2023-07-31,622072,11,2,2,2.737806,11.0,7,0
2023-07-31,623211,9,2,2,3.9319266896551723,9.0,5,1
2023-07-31,625643,7,3,2,1.652806,7.0,2,0
2023-07-31,640448,3,1,0,1.135,3.0,2,0
2023-07-31,640462,3,2,0,0.054,3.0,1,0
2023-07-31,641585,28,6,2,9.675806,28.0,20,0
2023-07-31,642048,3,0,1,1.137903,3.0,2,0
2023-07-31,642100,4,0,0,1.5850000000000002,4.0,4,0
2023-07-31,642585,7,3,2,1.746806,7.0,2,0
2023-07-31,643410,3,2,0,0.267,3.0,1,0
2023-07-31,643511,3,2,0,0.3965999999999999,3.0,1,0
2023-07-31,650556,4,2,1,0.7359030000000001,4.0,1,0
2023-07-31,656234,4,1,0,0.331,4.0,3,0
2023-07-31,656464,5,1,2,2.895427212121211,5.0,2,1
2023-07-31,656546,2,0,0,0.111,2.0,2,0
2023-07-31,656945,6,0,2,1.7444030000000001,5.0,4,0
2023-07-31,662253,1,1,0,0.0,1.0,0,0
2023-07-31,663462,6,1,0,2.1024324324324324,6.0,5,1
2023-07-31,663623,24,2,2,8.995644918918918,24.0,20,3
2023-07-31,663878,4,2,1,0.816903,4.0,1,0
2023-07-31,664126,4,2,1,1.228903,4.0,1,0
2023-07-31,664139,5,1,0,2.51165,5.0,4,1
2023-07-31,664747,3,1,0,0.5289999999999999,3.0,2,0
2023-07-31,664875,7,1,0,2.06695,7.0,6,1
2023-07-31,665625,6,0,1,3.459903,6.0,5,0
2023-07-31,665795,16,3,6,6.166418,16.0,7,0
2023-07-31,665871,15,4,3,4.267153444444444,15.0,8,1
2023-07-31,666168,3,0,0,0.5830000000000001,3.0,3,0
2023-07-31,666374,4,0,0,1.4457,4.0,4,0
2023-07-31,666745,18,4,0,7.6358822159298505,17.0,13,3
2023-07-31,666808,3,3,0,0.0,3.0,0,0
2023-07-31,666974,4,0,2,1.8448060000000002,4.0,2,0
2023-07-31,667755,7,1,2,2.357823,6.0,4,1
2023-07-31,669060,4,1,1,0.8689030000000001,4.0,2,0
2023-07-31,669194,27,1,3,8.577415451612904,27.0,23,3
2023-07-31,669203,25,5,3,7.483640034482759,25.0,17,1
2023-07-31,669212,5,0,1,2.8333196666666667,5.0,4,0
2023-07-31,669459,4,1,0,0.666,4.0,3,0
2023-07-31,669923,21,7,2,6.459306,21.0,12,0
2023-07-31,670102,7,2,0,1.193,7.0,5,0
2023-07-31,671096,18,5,3,7.326570096256685,18.0,10,2
2023-07-31,676680,6,3,1,1.6661696666666665,6.0,2,1
2023-07-31,678226,6,1,1,3.1967106923076924,6.0,4,0
2023-07-31,678606,4,0,0,2.1258,4.0,4,1
2023-07-31,680704,1,1,0,0.0,1.0,0,0
2023-07-31,681217,17,4,0,5.1472243478260875,17.0,13,2
2023-07-31,682175,7,0,1,2.681908,7.0,5,0
2023-07-31,694037,5,2,0,0.599,5.0,3,0
2023-08-01,425844,18,3,0,6.361066666666667,18.0,15,2
2023-08-01,445276,3,1,0,0.11,3.0,2,0
2023-08-01,455119,3,1,0,0.308,3.0,2,0
2023-08-01,458681,27,7,1,8.991690702499582,27.0,19,3
2023-08-01,493603,4,0,1,1.010903,4.0,3,0
2023-08-01,500779,27,2,2,9.455122102756894,26.0,23,2
2023-08-01,502085,6,1,1,3.940540575452717,6.0,4,2
2023-08-01,502171,21,4,1,7.684716609720618,21.0,16,2
2023-08-01,518585,3,0,0,1.3957125506072874,3.0,3,1
2023-08-01,519293,3,1,0,0.066,3.0,2,0
2023-08-01,542888,6,1,0,1.81585,6.0,5,0
2023-08-01,543766,3,0,0,0.149,3.0,3,0
2023-08-01,547943,23,3,1,9.506435432432433,22.0,19,2
2023-08-01,547973,4,3,0,0.234,4.0,1,0
2023-08-01,548384,3,0,0,1.3614545454545453,3.0,3,0
2023-08-01,571760,20,11,0,5.005357142857143,20.0,9,2
2023-08-01,571882,5,1,2,2.1608476666666667,5.0,2,1
2023-08-01,571912,9,0,0,6.131309090909091,9.0,9,2
2023-08-01,571945,28,7,1,9.31742152744956,28.0,20,3
2023-08-01,572403,3,1,0,0.242,3.0,2,0
2023-08-01,592741,3,0,0,0.778,3.0,3,0
2023-08-01,594580,5,3,0,0.5780000000000001,5.0,2,0
2023-08-01,594902,27,2,2,13.183586974025975,27.0,22,3
2023-08-01,598286,6,0,0,0.718,6.0,6,0
2023-08-01,600921,4,1,0,1.093,4.0,3,0
2023-08-01,605463,2,0,0,0.83,2.0,2,0
2023-08-01,606303,3,1,0,0.15399999999999997,3.0,2,0
2023-08-01,607074,19,5,4,7.102529948717948,19.0,10,2
2023-08-01,607216,4,2,0,0.154,4.0,2,0
2023-08-01,612434,4,1,1,2.5295345789473687,4.0,2,1
2023-08-01,613534,1,0,0,0.332,1.0,1,0
2023-08-01,621051,5,1,0,2.0140000000000002,5.0,4,1
2023-08-01,621107,20,5,0,4.283805405405405,20.0,15,2
2023-08-01,621295,4,0,0,0.426,4.0,4,0
2023-08-01,621345,4,1,0,0.298,4.0,3,0
2023-08-01,621363,6,0,0,2.498,6.0,6,1
2023-08-01,622098,4,1,1,0.813903,4.0,2,0
2023-08-01,622250,3,1,0,0.177,3.0,2,0
2023-08-01,622259,3,1,0,0.5945714285714285,3.0,2,0
2023-08-01,622554,3,1,0,0.211,3.0,2,0
2023-08-01,622780,3,1,0,1.3493142857142855,3.0,2,1
2023-08-01,623352,2,1,0,0.50125,2.0,1,0
2023-08-01,624133,28,3,2,9.399206,27.0,23,0
2023-08-01,628452,3,1,0,0.178,3.0,2,0
2023-08-01,628708,4,0,2,2.4527177647058824,4.0,2,1
2023-08-01,640455,2,0,0,0.094,1.0,1,0
2023-08-01,641154,21,5,0,4.769,21.0,16,0
2023-08-01,641627,2,1,0,0.295,2.0,1,0
2023-08-01,641656,10,1,2,2.821806,10.0,7,0
2023-08-01,641703,9,1,0,2.71016,9.0,8,1
2023-08-01,641729,1,0,0,0.105,1.0,1,0
2023-08-01,641743,9,0,2,4.624806,9.0,7,0
2023-08-01,641755,4,1,0,1.999459459459459,4.0,3,1
2023-08-01,641941,4,1,1,1.212603,4.0,2,0
2023-08-01,642207,3,1,0,0.047,3.0,2,0
2023-08-01,642397,4,1,0,0.778,4.0,3,0
2023-08-01,642547,24,7,2,5.676853619047619,24.0,15,0
2023-08-01,643377,5,0,0,1.222,5.0,5,0
2023-08-01,645261,27,5,1,7.441834034482759,27.0,21,1
2023-08-01,650893,7,0,1,2.444,6.0,6,1
2023-08-01,656061,3,0,1,0.8389030000000001,3.0,2,0
2023-08-01,656234,7,1,1,3.727903,7.0,5,0
2023-08-01,656382,9,2,0,2.4518043478260867,9.0,7,1
2023-08-01,656529,1,0,0,0.181,1.0,1,0
2023-08-01,657006,27,6,0,8.188545454545455,27.0,21,1
2023-08-01,657097,9,3,1,4.349816103448275,9.0,5,2
2023-08-01,657571,4,3,0,0.901,4.0,1,0
2023-08-01,657612,3,0,1,1.094903,3.0,2,0
2023-08-01,658648,20,7,3,6.50907407936508,19.0,10,1
2023-08-01,660813,5,0,2,2.029806,5.0,3,0
2023-08-01,660853,3,1,0,0.32999999999999996,3.0,2,0
2023-08-01,661395,4,2,0,1.7787142857142852,4.0,2,1
2023-08-01,663158,4,0,0,1.7523333333333333,4.0,4,0
2023-08-01,663423,8,3,0,2.28885,8.0,5,0
2023-08-01,663567,19,2,2,5.3786357872340425,19.0,15,1
2023-08-01,663776,20,3,4,8.012612,20.0,13,1
2023-08-01,663855,5,0,0,2.34,5.0,5,0
2023-08-01,663878,7,0,3,3.9310044545454548,7.0,4,1
2023-08-01,664126,1,1,0,0.0,1.0,0,0
2023-08-01,664285,27,7,1,4.768545857142858,27.0,19,0
2023-08-01,665048,4,0,1,1.6023624594594594,4.0,3,1
2023-08-01,666159,26,6,0,9.598161212121212,26.0,20,4
2023-08-01,666818,3,1,0,0.20500000000000002,3.0,2,0
2023-08-01,667463,4,0,0,1.9766666666666668,4.0,4,1
2023-08-01,668678,26,6,1,9.660879997052321,26.0,18,1
2023-08-01,668909,22,6,4,6.555897714285715,22.0,12,0
2023-08-01,669395,5,0,1,2.9329080000000003,5.0,3,0
2023-08-01,669674,4,0,2,0.9019030000000001,3.0,2,0
2023-08-01,669713,7,1,1,1.9474414615384616,7.0,5,0
2023-08-01,669912,6,0,1,1.971903,6.0,5,0
2023-08-01,669947,20,6,1,5.6916149565217395,20.0,13,1
2023-08-01,670174,5,2,1,0.9569030000000001,5.0,2,0
2023-08-01,670280,3,2,0,0.789,3.0,1,0
2023-08-01,670912,27,5,2,8.692480725274725,27.0,20,2
2023-08-01,670950,3,2,0,0.002,3.0,1,0
2023-08-01,672335,3,2,0,0.392,3.0,1,0
2023-08-01,672578,5,2,1,2.4991088823529415,5.0,2,1
2023-08-01,675540,7,3,0,1.46,7.0,4,0
2023-08-01,675911,27,9,2,7.073984913043478,27.0,15,1
2023-08-01,676206,13,3,3,5.123897697788697,13.0,7,2
2023-08-01,676254,8,0,0,2.278,8.0,8,0
2023-08-01,678394,27,7,2,9.924372102756893,27.0,18,2
2023-08-01,679525,4,1,1,0.7419030000000001,4.0,2,0
2023-08-01,680686,18,3,3,6.622559,18.0,12,0
2023-08-01,680694,26,7,1,7.929670857142857,26.0,18,2
2023-08-01,680735,6,1,1,1.9139030000000001,6.0,4,0
2023-08-01,682243,26,4,2,10.748509886639678,26.0,19,3
2023-08-01,682842,4,1,0,0.458,4.0,3,0
2023-08-01,682967,4,1,0,0.591,4.0,3,0
2023-08-01,682989,3,1,0,0.391,3.0,2,0
2023-08-01,686294,8,2,0,1.6375,8.0,6,0
2023-08-01,686539,4,1,0,2.200517857142857,4.0,3,1
2023-08-01,686610,16,5,3,5.951714,16.0,7,1
2023-08-01,686747,3,0,0,0.649,3.0,3,0
2023-08-01,701643,3,1,1,0.755903,3.0,1,0
2023-08-02,453268,5,1,1,4.8004744285714285,5.0,3,2
2023-08-02,472610,6,1,1,1.8719080000000001,6.0,3,0
2023-08-02,489119,16,5,2,5.072806,16.0,8,0
2023-08-02,489446,4,1,1,1.0269030000000001,4.0,2,0
2023-08-02,502085,4,1,0,1.964156250000001,4.0,3,1
2023-08-02,518489,4,0,2,1.901806,4.0,2,0
2023-08-02,518617,4,2,0,0.279,4.0,2,0
2023-08-02,518886,5,0,0,2.107,5.0,5,0
2023-08-02,519151,4,2,0,1.0924545454545456,4.0,2,0
2023-08-02,541640,10,0,0,2.7520000000000002,9.0,9,0
2023-08-02,542585,4,3,0,0.7580000000000001,4.0,1,0
2023-08-02,542947,5,1,0,1.3,5.0,4,0
2023-08-02,543037,25,8,2,8.616661555555556,24.0,14,3
2023-08-02,543518,6,0,0,0.55,6.0,6,0
2023-08-02,543521,5,0,0,2.1653000000000002,5.0,5,1
2023-08-02,543859,5,2,1,1.970120391304348,5.0,2,1
2023-08-02,554340,3,1,0,0.187,3.0,2,0
2023-08-02,554430,25,4,1,9.785092098510185,25.0,19,2
2023-08-02,571656,5,1,1,2.477125222222222,5.0,3,0
2023-08-02,571863,3,0,0,0.623,3.0,3,0
2023-08-02,571882,1,0,0,0.606,1.0,1,0
2023-08-02,571912,6,0,0,4.171627012987013,6.0,6,3
2023-08-02,571948,3,0,0,0.993,3.0,3,0
2023-08-02,572955,3,1,0,0.45,3.0,2,0
2023-08-02,573009,3,2,0,0.427,3.0,1,0
2023-08-02,573204,3,2,0,0.007,3.0,1,0
2023-08-02,579328,25,3,1,8.173745105263158,25.0,21,1
2023-08-02,592229,7,0,1,1.953005,6.0,5,0
2023-08-02,592454,4,3,0,0.424,4.0,1,0
2023-08-02,592767,20,7,0,5.246620689655172,20.0,13,2
2023-08-02,593576,3,2,0,0.028,3.0,1,0
2023-08-02,593958,25,5,1,6.0594030000000005,25.0,19,0
2023-08-02,595345,5,2,1,1.576903,5.0,2,0
2023-08-02,605130,6,3,0,0.9410000000000001,6.0,3,0
2023-08-02,605242,5,3,0,0.23399999999999999,5.0,2,0
2023-08-02,605280,4,2,0,0.448,4.0,2,0
2023-08-02,605347,5,0,0,1.7169999999999999,5.0,5,0
2023-08-02,606303,3,1,0,0.498,3.0,2,0
2023-08-02,607179,5,0,0,2.6439428571428576,5.0,5,1
2023-08-02,607259,10,3,0,2.7735583333333333,10.0,7,1
2023-08-02,607536,26,6,1,10.196984498183292,26.0,19,5
2023-08-02,608337,22,2,3,12.47153405246423,21.0,16,4
2023-08-02,608344,7,2,0,1.314,7.0,5,0
2023-08-02,608371,5,2,0,1.458,5.0,3,0
2023-08-02,608638,7,2,1,1.9549030000000003,6.0,3,0
2023-08-02,608717,4,1,0,1.9369999999999998,4.0,3,0
2023-08-02,608718,4,1,1,1.1779030000000001,4.0,2,0
2023-08-02,621016,5,0,1,1.930903,5.0,4,0
2023-08-02,621366,7,0,0,3.621649350649351,6.0,7,1
2023-08-02,621381,7,2,1,1.7419030000000002,7.0,4,0
2023-08-02,621383,17,1,2,7.367515677419354,17.0,14,1
2023-08-02,622065,10,1,0,4.008406779661017,10.0,9,1
2023-08-02,622075,8,3,2,3.0898060000000003,8.0,3,0
2023-08-02,623211,3,0,2,2.117811,3.0,0,0
2023-08-02,623437,1,0,0,0.08,1.0,1,0
2023-08-02,630023,20,5,1,5.002903,20.0,14,1
2023-08-02,640448,3,0,0,0.665,3.0,3,0
2023-08-02,641360,4,1,0,0.7285,4.0,3,0
2023-08-02,641540,27,11,1,5.572795857142857,27.0,15,1
2023-08-02,641712,25,7,3,8.627334689655171,25.0,14,2
2023-08-02,642100,3,1,0,1.084,3.0,2,0
2023-08-02,642207,4,0,1,1.831903,4.0,3,0
2023-08-02,642397,4,0,0,2.485323076923077,4.0,4,2
2023-08-02,642545,20,2,3,6.268578727272727,19.0,15,1
2023-08-02,643410,3,1,0,1.1235555555555554,3.0,2,1
2023-08-02,643493,6,2,0,1.1060050000000001,6.0,3,0
2023-08-02,643511,4,0,0,0.93,4.0,4,0
2023-08-02,650556,4,0,1,1.325903,4.0,3,0
2023-08-02,656302,16,1,3,7.609521692307693,16.0,11,0
2023-08-02,656457,8,1,0,3.4729000000000005,8.0,7,2
2023-08-02,656529,3,0,0,1.0390000000000001,3.0,3,0
2023-08-02,656546,4,0,2,1.487806,4.0,2,0
2023-08-02,656638,6,2,3,2.8377090000000003,6.0,1,0
2023-08-02,656786,3,0,0,0.9180416666666665,3.0,3,1
2023-08-02,656945,3,2,0,0.403,3.0,1,0
2023-08-02,657024,3,2,0,0.806,3.0,1,0
2023-08-02,657240,4,1,0,1.054,4.0,3,0
2023-08-02,657277,24,5,1,6.330791888888889,24.0,18,1
2023-08-02,657585,4,1,0,0.6090000000000001,4.0,3,0
2023-08-02,657746,23,4,1,10.162360371541503,23.0,17,4
2023-08-02,657756,6,0,1,2.986903,6.0,5,0
2023-08-02,660261,5,0,1,2.726913,5.0,2,0
2023-08-02,660787,9,0,1,3.159848454545454,9.0,8,1
2023-08-02,660853,3,1,0,0.678,3.0,2,0
2023-08-02,661440,5,1,1,1.1679030000000001,5.0,3,0
2023-08-02,662253,3,2,0,0.081,3.0,1,0
2023-08-02,663556,17,3,0,7.026058049535604,17.0,14,2
2023-08-02,663687,21,2,3,10.382194641025642,21.0,16,4
2023-08-02,663855,3,1,1,0.8369030000000001,3.0,1,0
2023-08-02,663947,1,1,0,0.0,1.0,0,0
2023-08-02,663986,3,2,0,0.661,3.0,1,0
2023-08-02,664062,21,3,2,8.148203084195996,21.0,16,2
2023-08-02,664199,6,0,2,2.9478060000000004,6.0,4,0
2023-08-02,664208,4,1,0,1.210243243243243,4.0,3,1
2023-08-02,664294,5,0,0,0.994,5.0,5,0
2023-08-02,665625,3,0,0,0.737,3.0,3,0
2023-08-02,665734,3,0,0,0.222,3.0,3,0
2023-08-02,666129,23,5,2,7.057806,23.0,16,0
2023-08-02,666142,25,8,1,5.353903,25.0,16,0
2023-08-02,666374,3,2,0,0.364,3.0,1,0
2023-08-02,666808,3,0,0,0.337,3.0,3,0
2023-08-02,668674,4,0,0,1.409,4.0,4,0
2023-08-02,668941,4,2,0,0.53,4.0,2,0
2023-08-02,669022,22,5,2,6.181444888888889,22.0,15,2
2023-08-02,669060,5,0,1,1.5205696666666668,5.0,4,0
2023-08-02,669302,25,5,3,7.950390045751634,25.0,17,0
2023-08-02,669467,4,0,0,1.827005,4.0,3,0
2023-08-02,669796,3,1,0,0.304,3.0,2,0
2023-08-02,669854,19,3,4,6.263829391304348,19.0,12,1
2023-08-02,669912,5,1,0,1.968282051282051,5.0,4,1
2023-08-02,670167,7,1,1,4.047841461538461,7.0,5,1
2023-08-02,671111,3,1,0,0.7751764705882354,3.0,2,0
2023-08-02,671345,5,2,1,1.934903,5.0,2,0
2023-08-02,672582,6,0,0,2.7913529411764704,6.0,6,1
2023-08-02,673540,28,6,2,10.220297034482758,28.0,20,1
2023-08-02,674370,15,3,1,6.703180727272727,15.0,10,1
2023-08-02,676440,24,4,4,10.039987,24.0,16,1
2023-08-02,676680,4,2,0,0.882,4.0,2,0
2023-08-02,676710,19,5,1,4.921514111111112,19.0,13,1
2023-08-02,677053,4,2,0,0.29400000000000004,4.0,2,0
2023-08-02,677944,18,2,1,6.982632468599034,18.0,15,2
2023-08-02,678061,11,6,3,2.6477090000000003,11.0,2,0
2023-08-02,678606,1,0,0,0.082,1.0,1,0
2023-08-02,679346,10,3,1,3.8115345789473682,10.0,6,1
2023-08-02,680570,21,6,2,5.011806,21.0,12,0
2023-08-02,680704,5,0,1,2.352653,5.0,4,1
2023-08-02,680739,10,4,0,2.214,10.0,6,1
2023-08-02,681911,3,1,0,0.41800000000000004,3.0,2,0
2023-08-02,682227,19,7,2,7.393948857142857,19.0,10,2
2023-08-02,687330,6,1,1,2.875903,6.0,4,0
2023-08-03,453286,26,9,2,5.737806,26.0,15,0
2023-08-03,456501,23,4,2,7.715564620689656,23.0,17,1
2023-08-03,471911,26,0,1,13.514997585985128,26.0,24,6
2023-08-03,518397,3,0,0,1.326,3.0,3,0
2023-08-03,518585,5,1,0,1.97065,5.0,4,1
2023-08-03,519043,3,1,0,0.076,3.0,2,0
2023-08-03,519293,4,2,0,0.41100000000000003,4.0,2,0
2023-08-03,543056,3,2,0,0.039,3.0,1,0
2023-08-03,543243,26,8,0,5.3145999999999995,26.0,18,1
2023-08-03,547179,30,5,1,10.530020559523809,30.0,24,2
2023-08-03,547973,5,1,0,1.264,5.0,4,1
2023-08-03,572403,5,3,1,0.792903,5.0,1,0
2023-08-03,573124,5,0,1,2.235903,5.0,4,0
2023-08-03,592332,22,6,2,6.351806,22.0,14,0
2023-08-03,592426,5,3,1,0.7119030000000001,5.0,1,0
2023-08-03,592454,3,0,0,0.461,3.0,3,0
2023-08-03,592791,23,5,2,8.501270285714286,23.0,16,1
2023-08-03,593974,3,0,0,2.310280487804878,3.0,3,1
2023-08-03,594580,4,2,0,0.7882142857142859,4.0,2,0
2023-08-03,594943,9,1,1,5.07711747196871,9.0,7,1
2023-08-03,595928,5,3,1,1.4559030000000002,5.0,1,0
2023-08-03,596133,18,5,4,6.794612,18.0,9,0
2023-08-03,605177,3,1,0,0.158,3.0,2,0
2023-08-03,605280,5,0,0,1.781,5.0,5,0
2023-08-03,605288,24,5,2,8.286528222222222,24.0,17,0
2023-08-03,606160,5,1,2,1.4418060000000001,4.0,1,0
2023-08-03,607481,5,1,0,0.5559999999999999,5.0,4,0
2023-08-03,608032,8,3,2,3.394618692307693,8.0,2,0
2023-08-03,608665,6,2,1,1.6679030000000001,5.0,2,0
2023-08-03,622250,3,2,0,0.03,3.0,1,0
2023-08-03,622554,4,1,0,0.8899999999999999,4.0,3,0
2023-08-03,625643,3,2,0,0.132,3.0,1,0
2023-08-03,628711,18,5,1,3.823903,18.0,12,0
2023-08-03,640455,3,0,1,1.053903,3.0,2,0
2023-08-03,640462,4,1,0,0.76,4.0,3,0
2023-08-03,640470,4,2,0,0.657,4.0,2,0
2023-08-03,641672,13,2,1,4.9447030000000005,12.0,10,1
2023-08-03,642100,3,2,0,0.831,3.0,1,0
2023-08-03,643377,4,2,0,1.3250000000000002,4.0,2,0
2023-08-03,643410,6,4,0,0.9010050000000001,6.0,1,0
2023-08-03,650496,8,4,0,2.0940000000000003,8.0,4,0
2023-08-03,650633,6,2,0,1.192,6.0,4,0
2023-08-03,650893,4,2,0,0.79,4.0,2,0
2023-08-03,650960,5,1,0,0.788,5.0,4,0
2023-08-03,656427,24,8,2,6.566139333333334,24.0,14,1
2023-08-03,656464,3,1,0,0.119,3.0,2,0
2023-08-03,656605,27,5,3,11.407507877551021,27.0,18,1
2023-08-03,656970,6,5,0,0.328,6.0,1,0
2023-08-03,657053,25,9,4,7.95430587755102,25.0,12,2
2023-08-03,657240,4,3,0,1.3343833333333337,4.0,1,1
2023-08-03,657376,20,4,1,6.644446461538461,20.0,14,0
2023-08-03,657508,4,1,0,0.881,4.0,3,0
2023-08-03,660271,16,4,1,2.888903,15.0,10,0
2023-08-03,661395,5,1,0,1.029,5.0,4,0
2023-08-03,662253,3,3,0,0.0,3.0,0,0
2023-08-03,663462,5,1,0,1.9505178571428572,5.0,4,1
2023-08-03,663903,26,4,0,6.849058823529412,25.0,21,0
2023-08-03,663941,13,3,0,2.059,13.0,10,0
2023-08-03,664139,4,0,1,0.791903,4.0,3,0
2023-08-03,664208,3,1,0,0.21899999999999997,3.0,2,0
2023-08-03,664294,8,0,2,3.6598059999999997,8.0,6,1
2023-08-03,664299,21,4,3,10.66058519047619,21.0,14,3
2023-08-03,664901,3,0,0,0.59,3.0,3,0
2023-08-03,664942,4,0,1,1.6216172857142859,4.0,3,0
2023-08-03,666619,6,1,0,2.003,6.0,5,0
2023-08-03,666808,5,1,0,1.8154594594594595,5.0,4,1
2023-08-03,666974,3,1,0,0.9650000000000001,3.0,2,0
2023-08-03,667755,9,3,0,3.6554210526315787,9.0,6,1
2023-08-03,668674,8,1,0,2.097,8.0,7,0
2023-08-03,668868,4,0,0,0.739,4.0,4,0
2023-08-03,669169,5,0,0,1.9086111111111113,5.0,5,1
2023-08-03,669461,25,1,2,10.081539333333334,25.0,22,2
2023-08-03,669796,6,1,0,0.996,6.0,5,0
2023-08-03,670059,5,1,1,1.224903,5.0,3,0
2023-08-03,670102,5,0,0,2.2370196078431372,5.0,5,1
2023-08-03,676664,26,5,3,8.335690428571429,25.0,16,3
2023-08-03,677020,5,0,0,2.393,5.0,5,0
2023-08-03,686218,14,3,1,4.442683487804878,14.0,10,2
2023-08-03,693433,23,6,2,4.963569666666666,22.0,15,0
2023-08-03,694297,24,7,1,5.521551351648353,23.0,16,3
2023-08-04,425794,20,5,2,8.784639333333335,20.0,13,2
2023-08-04,472610,1,0,0,0.043,1.0,1,0
2023-08-04,506433,26,4,0,7.287593705207836,26.0,22,4
2023-08-04,518489,3,1,0,0.039,3.0,2,0
2023-08-04,518876,26,9,1,9.03036771830986,26.0,15,2
2023-08-04,519043,4,2,0,1.8233214285714288,4.0,2,1
2023-08-04,519151,5,0,1,2.346903,5.0,4,0
2023-08-04,523260,5,1,1,1.660903,5.0,3,0
2023-08-04,542888,6,2,0,0.5960000000000001,6.0,4,0
2023-08-04,542947,4,0,0,1.6007727272727272,4.0,4,1
2023-08-04,543272,3,0,0,0.994,3.0,3,0
2023-08-04,543294,20,3,0,7.799372727272727,20.0,17,3
2023-08-04,543475,26,2,0,8.088972105263158,26.0,23,2
2023-08-04,543518,6,2,3,2.974555153846154,6.0,1,1
2023-08-04,543521,4,1,1,0.9769030000000001,4.0,2,0
2023-08-04,543766,3,1,0,1.201,3.0,2,0
2023-08-04,571466,4,0,0,1.086,4.0,4,0
2023-08-04,571578,24,2,1,9.394380856225931,24.0,21,2
2023-08-04,571670,4,1,0,1.334,4.0,3,0
2023-08-04,571863,4,0,0,0.801,4.0,4,0
2023-08-04,571901,5,0,1,2.997790179487179,5.0,4,2
2023-08-04,571948,3,0,0,0.148,3.0,3,0
2023-08-04,572020,26,4,2,8.044722126126127,26.0,19,3
2023-08-04,573204,4,2,0,0.827,4.0,2,0
2023-08-04,592229,3,0,0,0.63,3.0,3,0
2023-08-04,592741,3,0,0,1.441,3.0,3,0
2023-08-04,593576,5,2,1,1.973903,5.0,2,1
2023-08-04,595928,6,2,1,1.9109030000000002,6.0,3,0
2023-08-04,598286,11,1,1,2.369903,11.0,9,0
2023-08-04,600921,3,1,1,0.249,2.0,1,0
2023-08-04,605130,6,0,0,3.758005,6.0,5,0
2023-08-04,605182,23,2,1,7.33479495402299,23.0,20,2
2023-08-04,605347,8,1,1,3.351903,8.0,6,0
2023-08-04,605400,24,8,1,8.74732528739003,24.0,15,2
2023-08-04,605498,19,1,2,5.333613692307693,19.0,16,0
2023-08-04,606160,4,2,0,2.392,4.0,2,1
2023-08-04,607067,23,2,3,10.527551204301076,22.0,18,3
2023-08-04,607179,4,2,0,0.22399999999999998,4.0,2,0
2023-08-04,608331,20,8,0,2.051,20.0,12,0
2023-08-04,608344,4,2,0,0.492,4.0,2,0
2023-08-04,608678,4,1,1,1.172903,4.0,2,0
2023-08-04,608717,7,3,0,1.6793749999999998,7.0,4,0
2023-08-04,612434,3,0,0,0.992,3.0,3,0
2023-08-04,621016,4,1,1,1.422903,4.0,2,0
2023-08-04,621295,4,0,0,1.115,4.0,4,0
2023-08-04,621366,4,2,0,0.349,4.0,2,0
2023-08-04,622098,4,2,0,0.982,4.0,2,0
2023-08-04,622250,3,1,0,0.352,3.0,2,0
2023-08-04,622259,6,3,0,1.671,6.0,3,0
2023-08-04,622491,29,6,1,10.05390251933641,29.0,22,4
2023-08-04,622663,21,4,3,8.48574122323049,21.0,13,2
2023-08-04,623167,23,2,0,9.899834343434344,23.0,21,3
2023-08-04,623437,3,0,0,0.29800000000000004,3.0,3,0
2023-08-04,623465,5,0,0,1.805173913043478,5.0,5,1
2023-08-04,625643,5,1,0,1.214,5.0,4,0
2023-08-04,628708,8,1,1,3.091103,8.0,6,1
2023-08-04,640448,3,2,0,0.078,3.0,1,0
2023-08-04,640462,1,1,0,0.0,1.0,0,0
2023-08-04,641360,5,1,1,2.521555173913044,5.0,3,1
2023-08-04,641627,5,2,0,0.774,5.0,3,0
2023-08-04,641729,3,2,0,0.051,3.0,1,0
2023-08-04,641755,4,1,0,1.1052,4.0,3,1
2023-08-04,641793,21,1,1,6.748458555555556,19.0,17,1
2023-08-04,641835,4,1,1,1.6939030000000002,4.0,2,0
2023-08-04,641871,3,2,0,0.198,3.0,1,0
2023-08-04,641927,22,3,0,8.140366307113938,22.0,18,2
2023-08-04,641941,3,0,0,1.058,3.0,3,0
2023-08-04,642048,3,1,0,0.9010050000000001,3.0,1,0
2023-08-04,650960,1,1,0,0.0,1.0,0,0
2023-08-04,656061,8,1,2,2.695533272727273,8.0,5,1
2023-08-04,656234,9,1,1,5.513655380952381,9.0,7,2
2023-08-04,656546,5,2,0,0.42200000000000004,4.0,3,0
2023-08-04,656756,24,6,1,6.757397987468671,24.0,17,1
2023-08-04,656849,12,1,3,3.8397090000000005,12.0,8,0
2023-08-04,656970,4,0,0,1.186,4.0,4,0
2023-08-04,657097,7,2,3,2.617709,7.0,2,0
2023-08-04,657508,4,0,0,0.712,4.0,4,0
2023-08-04,657571,5,0,1,2.446908,5.0,3,0
2023-08-04,657585,7,0,2,5.152648445582585,7.0,5,2
2023-08-04,660261,4,0,0,1.366,4.0,4,1
2023-08-04,660787,4,2,0,0.939,4.0,2,0
2023-08-04,660853,4,1,0,1.3780000000000001,4.0,3,0
2023-08-04,661395,5,1,1,1.5721302727272728,5.0,3,0
2023-08-04,661403,4,1,1,1.255903,4.0,2,0
2023-08-04,661440,8,1,1,4.767141461538461,8.0,6,1
2023-08-04,663158,7,1,3,2.551806,6.0,3,0
2023-08-04,663855,4,1,0,0.661,4.0,3,0
2023-08-04,663986,4,1,0,1.932,4.0,3,0
2023-08-04,664747,7,3,0,1.5887586206896556,6.0,4,1
2023-08-04,664942,7,2,0,2.523,7.0,5,0
2023-08-04,665152,21,4,4,6.243778666666667,21.0,13,0
2023-08-04,666200,23,8,2,8.419295583333334,22.0,12,2
2023-08-04,666201,27,5,2,8.413845107402032,27.0,19,1
2023-08-04,666374,5,2,1,1.209903,5.0,2,0
2023-08-04,666818,1,1,0,0.0,1.0,0,0
2023-08-04,668933,31,5,2,11.963197634382567,30.0,22,3
2023-08-04,669060,10,2,0,4.2119871794871795,10.0,8,2
2023-08-04,669387,7,2,3,2.626709,7.0,2,0
2023-08-04,669395,2,1,1,0.695903,2.0,0,0
2023-08-04,669424,8,3,1,0.609,7.0,4,0
2023-08-04,669713,11,1,1,3.6043672857142854,11.0,9,1
2023-08-04,670059,3,2,0,0.171,3.0,1,0
2023-08-04,670097,3,0,0,0.027000000000000003,3.0,3,0
2023-08-04,670280,3,0,0,1.1404545454545456,3.0,3,0
2023-08-04,671106,24,5,4,7.486987,24.0,15,0
2023-08-04,672282,21,4,2,10.877528222222223,21.0,15,4
2023-08-04,672578,4,0,1,1.4659030000000002,4.0,3,0
2023-08-04,676272,18,3,1,6.087847444444445,18.0,14,1
2023-08-04,676680,3,0,1,1.1479030000000001,3.0,2,0
2023-08-04,677020,3,2,0,0.14,3.0,1,0
2023-08-04,678606,3,0,2,0.7289030000000001,2.0,1,0
2023-08-04,680735,3,1,0,0.872005,3.0,1,0
2023-08-04,681857,23,3,3,8.524209,22.0,16,1
2023-08-04,681911,6,0,1,1.874908,6.0,4,0
2023-08-04,682175,5,1,0,1.12,5.0,4,0
2023-08-04,682842,6,1,0,1.1520000000000001,6.0,5,0
2023-08-04,682990,21,3,3,7.837569465116279,21.0,15,1
2023-08-04,686294,4,1,0,1.318,4.0,3,0
2023-08-04,686613,23,4,1,6.341240391304348,23.0,18,2
2023-08-04,686839,4,3,0,0.423,4.0,1,0
2023-08-04,687330,3,1,0,0.272,3.0,2,0
2023-08-04,689225,5,2,0,1.7360000000000002,5.0,3,0
2023-08-05,434378,29,4,2,9.626320219114218,29.0,23,3
2023-08-05,455119,5,0,1,2.243903,5.0,4,0
2023-08-05,502043,26,9,1,5.159903,26.0,16,0
2023-08-05,518397,3,0,1,1.061,2.0,2,0
2023-08-05,518617,5,1,0,1.8,5.0,4,0
2023-08-05,518886,4,1,1,1.129903,4.0,2,0
2023-08-05,519293,5,0,1,2.117120391304348,5.0,4,1
2023-08-05,542585,5,3,1,1.4219080000000002,5.0,0,0
2023-08-05,542881,20,6,3,4.900986777777778,19.0,10,1
2023-08-05,543056,4,0,0,0.9229999999999999,4.0,4,0
2023-08-05,543507,5,1,0,1.505,5.0,4,0
2023-08-05,543766,6,2,0,1.608,6.0,4,0
2023-08-05,543859,5,2,0,0.9530000000000001,5.0,3,0
2023-08-05,547184,6,1,0,2.394,6.0,5,0
2023-08-05,547973,5,2,0,1.431,5.0,3,0
2023-08-05,548389,19,7,0,5.312748412698413,19.0,12,2
2023-08-05,554340,3,1,0,1.2312666666666665,3.0,2,1
2023-08-05,571882,9,0,0,1.799,9.0,9,0
2023-08-05,571901,5,2,1,1.166903,5.0,2,0
2023-08-05,571927,25,6,2,6.765806,25.0,17,0
2023-08-05,572955,4,1,0,1.3090000000000002,4.0,3,0
2023-08-05,573009,6,0,0,2.896196428571429,6.0,6,2
2023-08-05,592094,4,1,0,0.651,4.0,3,0
2023-08-05,592351,25,6,2,7.902190615384615,23.0,16,0
2023-08-05,592454,3,1,1,1.2949030000000001,3.0,1,0
2023-08-05,592789,27,3,0,10.236502357346856,27.0,23,2
2023-08-05,595345,3,2,0,0.002,3.0,1,0
2023-08-05,596112,4,1,0,2.431857142857143,4.0,3,1
2023-08-05,600921,3,1,0,0.696,3.0,2,0
2023-08-05,601713,19,2,2,6.457413142857143,19.0,15,1
2023-08-05,605177,5,2,2,1.4088060000000002,5.0,1,0
2023-08-05,605242,5,2,0,1.2369999999999999,5.0,3,0
2023-08-05,605280,3,1,0,0.7332857142857143,3.0,2,0
2023-08-05,605483,23,8,4,7.106177217391305,23.0,11,0
2023-08-05,606149,4,2,0,0.531,4.0,2,0
2023-08-05,606303,4,0,0,0.94,4.0,4,0
2023-08-05,607179,4,2,0,0.9359999999999999,4.0,2,0
2023-08-05,607259,7,1,1,1.207903,7.0,5,0
2023-08-05,607481,11,2,1,2.913908,11.0,7,0
2023-08-05,608348,7,0,0,3.112,7.0,7,0
2023-08-05,608665,5,0,1,2.625023689655172,5.0,4,1
2023-08-05,608678,8,2,1,2.628903,8.0,5,0
2023-08-05,621051,3,1,0,0.017,3.0,2,0
2023-08-05,621112,24,7,3,5.937709,24.0,13,0
2023-08-05,621244,23,6,0,8.552141752136752,23.0,16,3
2023-08-05,621345,5,1,0,3.3084067796610177,5.0,4,1
2023-08-05,621381,6,2,0,0.713,6.0,4,0
2023-08-05,621389,23,2,1,12.116188700811168,23.0,20,3
2023-08-05,622075,4,1,2,2.022806,4.0,1,0
2023-08-05,622554,5,1,2,1.849806,5.0,2,0
2023-08-05,622780,5,1,2,0.635,3.0,2,0
2023-08-05,623149,3,3,0,0.0,3.0,0,0
2023-08-05,623211,1,0,0,0.06,1.0,1,0
2023-08-05,628317,21,7,0,2.9930049999999997,21.0,13,1
2023-08-05,640448,3,0,1,0.8939030000000001,3.0,2,0
2023-08-05,640455,6,3,0,1.25,6.0,3,0
2023-08-05,640470,5,0,0,4.044724056603773,5.0,5,2
2023-08-05,641360,6,3,1,1.966903,6.0,2,0
2023-08-05,641482,14,8,1,2.7095029999999998,14.0,5,1
2023-08-05,641656,7,4,2,2.043806,7.0,1,0
2023-08-05,641835,4,0,0,0.6479999999999999,4.0,4,0
2023-08-05,642207,3,2,0,0.048,3.0,1,0
2023-08-05,642232,16,3,0,6.035703463203463,16.0,13,2
2023-08-05,643410,4,1,1,1.7809030000000001,4.0,2,0
2023-08-05,643493,3,1,1,1.234903,3.0,1,0
2023-08-05,650633,4,2,0,0.506,4.0,2,0
2023-08-05,650644,22,4,0,7.540538461538461,22.0,18,1
2023-08-05,650893,1,1,0,0.0,1.0,0,0
2023-08-05,650911,22,7,1,7.157619277278562,22.0,14,2
2023-08-05,650960,5,2,0,1.405,5.0,3,0
2023-08-05,656271,4,3,0,1.2835000000000003,4.0,1,1
2023-08-05,656353,5,0,0,3.4315454545454553,5.0,5,1
2023-08-05,656382,8,0,3,3.730709,8.0,5,0
2023-08-05,656457,9,5,1,5.242903,9.0,3,2
2023-08-05,656578,9,3,0,1.59,9.0,6,0
2023-08-05,656629,22,3,4,8.215829391304348,22.0,15,1
2023-08-05,656638,4,0,3,2.128709,4.0,1,0
2023-08-05,656731,23,3,0,10.738673232323233,23.0,20,3
2023-08-05,657024,4,0,0,2.07775,4.0,4,0
2023-08-05,657240,7,1,1,2.259903,7.0,5,0
2023-08-05,657514,5,1,1,2.615903,5.0,3,0
2023-08-05,657571,7,0,1,2.823903,7.0,6,0
2023-08-05,657756,8,2,0,1.877,8.0,6,0
2023-08-05,660787,3,0,0,0.21000000000000002,3.0,3,0
2023-08-05,660813,4,1,0,0.96,4.0,3,0
2023-08-05,662253,7,2,2,1.5309030000000001,6.0,3,0
2023-08-05,663558,6,1,3,2.7212474615384616,6.0,2,0
2023-08-05,663559,17,2,1,5.452903,17.0,14,0
2023-08-05,663947,3,1,0,0.278,3.0,2,0
2023-08-05,665625,3,1,1,0.787903,3.0,1,0
2023-08-05,665734,3,1,1,1.518903,3.0,1,0
2023-08-05,665871,17,3,2,6.552371217391304,17.0,12,0
2023-08-05,666277,15,4,3,5.0607489999999995,15.0,8,1
2023-08-05,666364,7,1,1,1.5127363333333332,7.0,5,0
2023-08-05,666374,3,0,0,0.6950000000000001,3.0,3,0
2023-08-05,666974,4,2,0,0.9463333333333332,4.0,2,0
2023-08-05,667755,5,1,1,1.865903,5.0,3,0
2023-08-05,669194,17,5,0,6.033544072948327,17.0,12,2
2023-08-05,669203,24,5,4,8.071612,24.0,15,0
2023-08-05,669212,7,3,2,2.1588060000000002,7.0,2,0
2023-08-05,669373,22,6,1,5.697903,22.0,15,0
2023-08-05,669467,7,2,0,2.839652173913044,7.0,5,1
2023-08-05,669923,24,5,0,6.9511240476190475,24.0,18,2
2023-08-05,670167,5,1,0,0.679,5.0,4,0
2023-08-05,670174,5,1,0,1.1500000000000001,5.0,4,0
2023-08-05,670280,5,0,0,1.6199999999999999,5.0,5,0
2023-08-05,671096,31,3,5,11.163115,31.0,23,0
2023-08-05,671345,4,0,0,0.712,4.0,4,0
2023-08-05,672582,14,1,0,4.2929811904761905,14.0,12,1
2023-08-05,672851,21,7,0,4.495459459459459,21.0,14,1
2023-08-05,675627,5,4,0,0.7,5.0,1,0
2023-08-05,676254,3,0,1,1.305903,2.0,2,0
2023-08-05,677960,21,5,4,7.28847632900433,20.0,12,3
2023-08-05,678061,3,0,0,0.515,3.0,3,0
2023-08-05,679525,18,4,2,9.200260545454546,18.0,12,2
2023-08-05,681911,1,0,0,0.025,1.0,1,0
2023-08-05,681982,4,1,2,1.4128060000000002,4.0,1,0
2023-08-05,682175,6,0,2,2.038903,5.0,4,0
2023-08-05,687330,2,1,0,0.002,2.0,1,0
2023-08-05,689225,1,1,0,0.0,1.0,0,0
2023-08-05,693821,24,3,3,13.35161406652889,24.0,18,4
2023-08-05,694037,4,0,3,2.298709,4.0,1,0
2023-08-05,701643,10,1,2,3.1868060000000002,10.0,7,0
2023-08-06,425844,18,4,0,7.919527472527472,18.0,14,1
2023-08-06,448179,17,4,1,4.600024111111111,17.0,10,0
2023-08-06,450203,22,4,4,8.732783666666666,22.0,13,0
2023-08-06,458681,23,6,2,8.753823857142859,23.0,15,2
2023-08-06,472610,4,1,1,1.973903,4.0,2,0
2023-08-06,489446,4,0,2,2.940023391304348,4.0,2,1
2023-08-06,493603,3,0,1,1.155903,3.0,2,0
2023-08-06,500779,26,6,2,6.873306,26.0,18,0
2023-08-06,502171,22,3,1,9.27374048917749,22.0,18,3
2023-08-06,518397,3,0,0,0.915,3.0,3,0
2023-08-06,518489,5,1,0,2.8531073891625613,5.0,4,2
2023-08-06,518585,6,5,0,0.834,6.0,1,0
2023-08-06,518617,3,1,0,0.246,3.0,2,0
2023-08-06,519043,4,2,0,0.866,4.0,2,0
2023-08-06,527048,4,1,0,1.1489310344827588,4.0,3,1
2023-08-06,541640,12,3,1,3.6969030000000003,12.0,8,0
2023-08-06,542888,5,1,1,2.369003,5.0,3,1
2023-08-06,542947,8,1,0,1.8210256410256414,8.0,7,1
2023-08-06,543272,3,0,0,0.915,3.0,3,0
2023-08-06,543351,3,1,0,0.3918,3.0,2,0
2023-08-06,543507,3,0,0,0.9607142857142859,3.0,3,0
2023-08-06,543521,4,0,1,2.417903,4.0,3,0
2023-08-06,571656,6,0,3,3.080709,6.0,3,0
2023-08-06,571670,5,1,1,1.902903,5.0,3,0
2023-08-06,571760,21,4,2,6.341806,21.0,15,1
2023-08-06,571948,3,0,0,0.406,3.0,3,0
2023-08-06,572403,4,0,0,0.855005,4.0,3,0
2023-08-06,572971,23,0,2,8.530806,23.0,21,0
2023-08-06,573204,4,1,0,2.44588614800759,4.0,3,1
2023-08-06,592094,5,2,1,2.5283030000000006,5.0,2,1
2023-08-06,592426,6,1,2,2.236806,6.0,3,0
2023-08-06,592741,5,2,1,1.328903,5.0,2,0
2023-08-06,592836,30,2,1,11.208146821138211,30.0,26,2
2023-08-06,593576,5,1,2,2.388806,5.0,2,0
2023-08-06,593974,9,3,1,4.795029819126819,9.0,5,2
2023-08-06,594580,4,2,0,0.54,4.0,2,0
2023-08-06,596001,4,1,0,0.41,4.0,3,0
2023-08-06,596112,5,3,1,1.182903,5.0,1,0
2023-08-06,596295,27,2,3,5.8383774285714285,26.0,22,1
2023-08-06,600917,3,0,0,0.10999999999999999,3.0,3,0
2023-08-06,600921,2,2,0,0.0,2.0,0,0
2023-08-06,605135,30,6,3,9.711555650717703,30.0,21,3
2023-08-06,605242,3,2,0,0.726005,3.0,0,0
2023-08-06,605540,18,9,0,3.970931818181818,18.0,9,1
2023-08-06,607074,13,5,2,3.2569694615384615,13.0,6,0
2023-08-06,607179,3,1,0,0.036000000000000004,3.0,2,0
2023-08-06,607755,3,1,1,0.905903,3.0,1,0
2023-08-06,608032,5,0,1,1.694903,5.0,4,0
2023-08-06,608344,3,1,0,0.09999999999999999,3.0,2,0
2023-08-06,608371,4,1,0,1.262,4.0,3,0
2023-08-06,608717,5,0,0,1.084,5.0,5,0
2023-08-06,608718,3,1,0,0.409,3.0,2,0
2023-08-06,621016,4,2,0,1.394,4.0,2,1
2023-08-06,621363,6,2,0,2.2142,6.0,4,1
2023-08-06,622065,3,0,1,1.333903,3.0,2,0
2023-08-06,622075,4,0,0,1.396,4.0,4,0
2023-08-06,622569,6,0,2,2.485806,6.0,4,0
2023-08-06,623149,3,0,1,4.405528,3.0,2,2
2023-08-06,623437,3,1,0,0.8538095238095238,3.0,2,0
2023-08-06,640448,5,2,0,2.365,5.0,3,0
2023-08-06,640470,4,1,0,0.955,4.0,3,0
2023-08-06,641585,17,4,3,5.344264555555555,17.0,10,1
2023-08-06,641627,3,1,0,0.464,3.0,2,0
2023-08-06,641729,6,0,1,2.474903,6.0,5,0
2023-08-06,641755,4,1,1,1.457903,4.0,2,0
2023-08-06,641871,6,3,0,0.596,6.0,3,0
2023-08-06,641941,5,1,1,1.592903,5.0,3,0
2023-08-06,642048,6,3,0,1.242,6.0,3,0
2023-08-06,642397,4,1,0,0.304,4.0,3,0
2023-08-06,642545,4,1,1,0.8220000000000001,3.0,2,0
2023-08-06,642585,4,1,0,1.407193548387097,4.0,3,1
2023-08-06,643377,5,2,2,1.5648060000000001,5.0,1,0
2023-08-06,643410,3,1,0,0.533,3.0,2,0
2023-08-06,643493,4,0,0,0.8720000000000001,4.0,4,0
2023-08-06,645261,26,7,0,7.596157342657343,26.0,19,2
2023-08-06,650496,10,3,1,4.731093483870968,10.0,5,1
2023-08-06,650556,7,2,2,4.668006,7.0,3,2
2023-08-06,656061,3,1,0,0.353,3.0,2,0
2023-08-06,656464,4,2,1,1.098903,4.0,1,0
2023-08-06,656529,4,2,0,0.486,4.0,2,0
2023-08-06,656546,3,1,0,0.013,3.0,2,0
2023-08-06,657006,27,7,4,10.585612000000001,27.0,16,1
2023-08-06,657514,5,2,0,1.19,5.0,3,0
2023-08-06,658648,20,7,1,6.611980922077922,20.0,12,2
2023-08-06,660261,3,2,0,0.185,3.0,1,0
2023-08-06,660813,3,0,0,1.7616060606060606,3.0,3,1
2023-08-06,660853,1,1,0,0.0,1.0,0,0
2023-08-06,661403,8,3,0,1.207,7.0,4,0
2023-08-06,661440,11,0,2,5.2938160000000005,11.0,7,0
2023-08-06,663423,4,1,0,1.643972972972973,4.0,3,1
2023-08-06,663462,3,0,0,0.15,3.0,3,0
2023-08-06,663623,20,6,2,6.673160838709677,20.0,12,1
2023-08-06,663704,8,1,0,2.4585000000000004,8.0,7,1
2023-08-06,663986,3,1,0,0.9759999999999999,3.0,2,0
2023-08-06,664126,3,1,0,0.5980000000000001,3.0,2,0
2023-08-06,664129,5,2,1,2.848903,5.0,2,1
2023-08-06,664139,4,1,0,1.11,4.0,3,0
2023-08-06,664208,4,1,2,2.117811,4.0,0,0
2023-08-06,664353,16,1,3,5.965251857142857,16.0,12,1
2023-08-06,664875,8,1,2,3.263811,8.0,4,0
2023-08-06,665622,21,3,5,9.094515000000001,21.0,13,0
2023-08-06,665734,3,3,0,0.0,3.0,0,0
2023-08-06,666159,29,3,1,11.728113128205127,29.0,24,4
2023-08-06,666745,7,2,2,1.742806,7.0,3,0
2023-08-06,667463,4,1,0,1.42165,4.0,3,1
2023-08-06,668674,5,2,2,1.4088060000000002,5.0,1,0
2023-08-06,668678,25,8,2,6.725811,25.0,14,0
2023-08-06,668868,15,8,1,3.408903,14.0,6,0
2023-08-06,668941,6,4,0,0.235,6.0,2,0
2023-08-06,669169,8,1,0,4.031545454545454,8.0,7,1
2023-08-06,669387,6,1,1,1.740903,6.0,4,0
2023-08-06,669424,4,0,0,1.9925714285714284,4.0,4,0
2023-08-06,669467,4,0,0,1.073,4.0,4,0
2023-08-06,669674,5,2,0,1.2429999999999999,5.0,3,0
2023-08-06,669684,16,3,2,5.807589908045977,16.0,11,2
2023-08-06,669912,3,3,0,0.0,3.0,0,0
2023-08-06,669947,23,6,1,7.201707195804197,23.0,16,2
2023-08-06,670059,4,1,0,1.023,4.0,3,0
2023-08-06,670102,4,1,0,0.366,4.0,3,0
2023-08-06,670912,24,6,3,4.921709,24.0,15,1
2023-08-06,671111,2,0,0,0.317,2.0,2,0
2023-08-06,672335,5,0,1,1.4059030000000001,5.0,4,0
2023-08-06,675540,19,4,0,5.35302356902357,19.0,15,2
2023-08-06,676254,2,0,1,0.777903,2.0,1,0
2023-08-06,676395,6,2,1,1.744903,6.0,3,0
2023-08-06,677053,4,2,0,0.5660000000000001,4.0,2,0
2023-08-06,678061,3,1,0,0.9580000000000001,3.0,2,0
2023-08-06,680689,16,2,3,8.106152207586065,16.0,11,3
2023-08-06,680694,21,5,5,6.64952,21.0,10,0
2023-08-06,680704,3,1,0,0.7090000000000001,3.0,2,0
2023-08-06,681217,27,12,1,6.288097211017741,27.0,14,3
2023-08-06,682010,4,0,0,0.541,4.0,4,0
2023-08-06,682243,20,10,0,4.075,20.0,10,0
2023-08-06,682842,3,2,0,0.9466,3.0,1,1
2023-08-06,686839,8,3,0,2.9438043478260867,8.0,5,1
2023-08-06,687798,5,1,1,2.681183487804878,5.0,3,1
2023-08-07,445276,3,2,0,0.039,3.0,1,0
2023-08-07,453268,3,2,0,0.105,3.0,1,0
2023-08-07,455119,3,1,0,0.292,3.0,2,0
2023-08-07,472610,8,3,0,2.31,8.0,5,0
2023-08-07,519043,1,1,0,0.0,1.0,0,0
2023-08-07,519293,4,1,1,0.910903,4.0,2,0
2023-08-07,523260,3,3,0,0.0,3.0,0,0
2023-08-07,543037,27,3,2,8.855525285714286,27.0,21,1
2023-08-07,543351,4,1,0,0.489,4.0,3,0
2023-08-07,543766,7,4,0,1.4240588235294118,7.0,3,0
2023-08-07,543859,10,1,1,2.723130272727273,10.0,8,0
2023-08-07,547943,13,2,1,3.2039030000000004,13.0,10,0
2023-08-07,547973,4,3,1,0.695903,4.0,0,0
2023-08-07,548384,7,2,0,1.907,7.0,5,0
2023-08-07,554340,3,0,0,1.5150000000000001,3.0,3,0
2023-08-07,571466,6,0,0,3.7472804878048778,6.0,6,1
2023-08-07,571901,5,2,0,1.677,5.0,3,0
2023-08-07,572955,5,2,2,1.910806,5.0,1,0
2023-08-07,573124,3,2,0,0.135,3.0,1,0
2023-08-07,592454,5,2,0,0.722,4.0,3,0
2023-08-07,592767,27,5,2,9.014887428571429,27.0,18,2
2023-08-07,595345,4,0,0,1.517,4.0,4,0
2023-08-07,605130,9,1,2,3.235903,8.0,6,1
2023-08-07,605177,3,1,0,0.896,3.0,2,0
2023-08-07,607625,19,2,2,8.515922161616162,19.0,15,3
2023-08-07,608032,6,0,2,2.456903,4.0,4,0
2023-08-07,608371,1,1,0,0.0,1.0,0,0
2023-08-07,621051,5,1,0,0.46900000000000003,5.0,4,0
2023-08-07,621295,4,1,0,0.403,4.0,3,0
2023-08-07,621345,4,1,0,1.921,4.0,3,0
2023-08-07,621366,2,0,0,0.894,2.0,2,0
2023-08-07,622098,1,1,0,0.0,1.0,0,0
2023-08-07,622250,4,1,0,0.858,4.0,3,0
2023-08-07,622780,4,2,0,0.74,4.0,2,0
2023-08-07,623211,6,4,1,1.4219080000000002,6.0,0,0
2023-08-07,628452,3,1,0,0.4701666666666666,3.0,2,0
2023-08-07,641154,26,8,0,4.522,26.0,18,0
2023-08-07,641540,25,6,3,6.405926391304348,25.0,16,1
2023-08-07,641703,4,0,0,1.05,4.0,4,0
2023-08-07,641835,2,0,0,0.9590000000000001,2.0,2,0
2023-08-07,642231,3,1,0,0.049,3.0,2,0
2023-08-07,642547,22,13,0,1.4541600000000001,22.0,9,1
2023-08-07,643511,5,0,0,1.146,5.0,5,0
2023-08-07,650893,3,0,0,0.7209285714285715,3.0,3,0
2023-08-07,656234,5,1,0,0.457,5.0,4,0
2023-08-07,656302,24,6,7,6.780321000000001,24.0,11,0
2023-08-07,656638,7,3,3,2.813714,7.0,0,0
2023-08-07,656945,4,2,1,0.7469030000000001,4.0,1,0
2023-08-07,657024,3,2,0,0.706,3.0,1,0
2023-08-07,657277,24,6,0,7.172942857142858,23.0,17,1
2023-08-07,657756,15,1,1,7.668292724310778,15.0,13,3
2023-08-07,660787,4,1,0,1.19,4.0,3,0
2023-08-07,660853,5,0,0,2.634945454545454,5.0,5,1
2023-08-07,663542,8,1,0,4.333619718309858,8.0,7,1
2023-08-07,663567,19,4,3,7.21355775,19.0,11,1
2023-08-07,663776,26,8,1,8.094047312393888,26.0,17,2
2023-08-07,663855,6,0,1,2.070908,6.0,4,0
2023-08-07,663941,1,1,0,0.0,1.0,0,0
2023-08-07,663947,3,0,0,0.136,3.0,3,0
2023-08-07,664062,26,3,1,12.390855125053813,26.0,22,3
2023-08-07,664139,5,1,0,1.1016428571428571,5.0,4,0
2023-08-07,664747,4,1,2,1.7158060000000002,4.0,1,0
2023-08-07,665625,3,2,0,0.053,3.0,1,0
2023-08-07,666142,25,11,1,5.0196616206896545,24.0,12,1
2023-08-07,666204,6,0,1,2.712903,5.0,5,0
2023-08-07,666214,20,2,1,8.452796650793651,20.0,17,4
2023-08-07,666808,3,3,0,0.0,3.0,0,0
2023-08-07,667755,3,1,0,1.8995454545454544,3.0,2,1
2023-08-07,668674,3,0,2,1.438806,3.0,1,0
2023-08-07,668873,2,0,0,0.683,2.0,2,0
2023-08-07,668909,24,12,1,2.7239079999999998,23.0,9,0
2023-08-07,669387,4,0,0,0.253,4.0,4,0
2023-08-07,669674,4,2,1,0.7119030000000001,4.0,1,0
2023-08-07,669796,4,0,1,1.2299030000000002,4.0,3,0
2023-08-07,669912,3,0,0,0.9868095238095238,3.0,3,0
2023-08-07,670097,4,1,0,1.649,4.0,3,0
2023-08-07,670174,3,0,0,2.547461538461538,3.0,3,1
2023-08-07,670280,4,0,0,1.037,4.0,4,1
2023-08-07,671345,5,2,1,1.769903,5.0,2,0
2023-08-07,672578,6,1,2,3.5709307472527474,5.0,3,2
2023-08-07,673540,26,6,2,8.677806,26.0,18,0
2023-08-07,674370,17,3,0,6.008705,17.0,13,2
2023-08-07,675911,16,3,3,5.692951580645161,16.0,10,2
2023-08-07,676680,4,0,0,1.4243000000000006,4.0,4,1
2023-08-07,678394,27,2,2,8.356121789473685,27.0,23,0
2023-08-07,680704,5,1,0,1.565,5.0,4,0
2023-08-07,682010,6,2,1,1.7896924736842106,6.0,3,0
2023-08-07,682227,24,9,0,4.209375,24.0,15,0
2023-08-07,686610,25,7,1,6.004363634547591,25.0,17,2
2023-08-07,687396,10,3,0,3.9632829156327545,10.0,6,2
2023-08-07,689225,6,0,0,1.008,6.0,6,0
2023-08-07,691587,21,7,2,7.766165962406015,20.0,11,2
2023-08-07,694037,6,0,2,2.5109598461538463,6.0,4,1
2023-08-08,453286,26,6,2,6.555174550368552,26.0,18,2
2023-08-08,471911,19,5,2,6.233437578947369,19.0,12,1
2023-08-08,489119,21,2,3,5.974640818181818,21.0,16,1
2023-08-08,489446,4,2,1,0.695903,3.0,1,0
2023-08-08,493603,5,2,0,1.8880000000000001,5.0,3,0
2023-08-08,502085,4,2,1,0.7119030000000001,4.0,1,0
2023-08-08,518397,3,0,0,1.47,3.0,3,0
2023-08-08,518489,4,2,0,0.64,4.0,2,0
2023-08-08,518585,3,3,0,0.0,3.0,0,0
2023-08-08,518886,4,2,0,1.54984,4.0,2,1
2023-08-08,519151,3,1,0,0.227,3.0,2,0
2023-08-08,542585,4,2,0,1.0979230769230768,4.0,2,1
2023-08-08,543243,25,10,0,7.37547619047619,25.0,15,2
2023-08-08,543272,3,1,0,0.831,3.0,2,0
2023-08-08,554430,26,6,0,7.890098081952921,26.0,20,2
2023-08-08,571656,4,1,0,1.4350049999999999,4.0,2,0
2023-08-08,571863,6,1,0,0.958,6.0,5,0
2023-08-08,571882,3,0,0,0.31,3.0,3,0
2023-08-08,571901,4,0,0,0.747,4.0,4,0
2023-08-08,571945,26,5,0,7.008880487804878,26.0,21,2
2023-08-08,572403,3,1,1,0.8619030000000001,3.0,1,0
2023-08-08,573009,4,0,0,1.2484594594594594,4.0,4,1
2023-08-08,579328,25,6,1,4.904903,25.0,18,0
2023-08-08,592094,4,1,2,2.439756,4.0,1,1
2023-08-08,592426,6,0,1,2.9298928571428573,5.0,5,1
2023-08-08,592773,3,1,0,0.261,3.0,2,0
2023-08-08,592791,24,7,0,5.1822944444444445,24.0,17,2
2023-08-08,592866,23,7,1,8.397736333333333,23.0,15,2
2023-08-08,593958,27,5,3,8.156709,27.0,19,0
2023-08-08,594580,4,0,0,0.98292,4.0,4,1
2023-08-08,594943,1,0,0,0.006,1.0,1,0
2023-08-08,596001,13,3,0,2.743333333333333,13.0,10,1
2023-08-08,596133,19,6,1,5.220903,19.0,12,0
2023-08-08,600921,5,2,1,1.051903,5.0,2,0
2023-08-08,605130,5,0,1,2.145903,5.0,4,0
2023-08-08,605177,3,0,2,1.6778060000000001,3.0,1,0
2023-08-08,606303,3,0,0,0.930005,3.0,2,0
2023-08-08,607179,3,2,0,0.082,3.0,1,0
2023-08-08,607216,1,0,0,0.012,1.0,1,0
2023-08-08,607259,13,1,1,4.059850368421053,13.0,11,0
2023-08-08,607536,24,4,0,8.921066666666666,24.0,20,1
2023-08-08,608337,25,7,3,5.000714,25.0,14,0
2023-08-08,608371,2,0,0,1.7509354838709676,2.0,2,1
2023-08-08,608678,7,1,0,1.4513636363636369,7.0,6,1
2023-08-08,608718,4,1,0,0.387,4.0,3,0
2023-08-08,612434,5,1,1,1.596903,5.0,3,0
2023-08-08,621107,26,8,0,3.45497275985663,26.0,18,1
2023-08-08,621366,3,0,0,2.4408888888888893,3.0,3,1
2023-08-08,621381,3,0,0,0.642,3.0,3,0
2023-08-08,621383,11,3,0,5.987878787878788,11.0,8,2
2023-08-08,622072,17,2,1,6.073313256410257,17.0,14,2
2023-08-08,622098,4,1,0,1.7860714285714288,4.0,3,1
2023-08-08,622554,2,0,1,0.884903,2.0,1,0
2023-08-08,623352,3,1,0,0.638,3.0,2,0
2023-08-08,623465,5,0,1,1.781903,5.0,4,0
2023-08-08,624133,25,5,2,7.673578727272727,25.0,18,1
2023-08-08,628452,5,1,1,1.3889030000000002,5.0,3,0
2023-08-08,628711,23,5,1,6.243293977443609,22.0,16,0
2023-08-08,630023,24,5,2,11.653508310427988,24.0,17,4
2023-08-08,640448,3,2,0,0.048,3.0,1,0
2023-08-08,640470,3,0,0,1.141,3.0,3,0
2023-08-08,641360,3,1,0,0.218,3.0,2,0
2023-08-08,641627,4,1,0,0.613,4.0,3,0
2023-08-08,641729,4,2,0,0.438,4.0,2,0
2023-08-08,642207,4,1,1,1.0730141111111111,4.0,2,0
2023-08-08,642397,3,1,0,0.164,3.0,2,0
2023-08-08,642528,3,1,0,0.2,3.0,2,0
2023-08-08,642585,6,2,1,3.6895649543650793,6.0,3,2
2023-08-08,650633,10,5,0,1.166,10.0,5,0
2023-08-08,650893,3,1,0,1.1793529411764705,3.0,2,1
2023-08-08,656271,6,1,0,0.646,6.0,5,0
2023-08-08,656353,3,2,0,0.023,3.0,1,0
2023-08-08,656546,6,1,1,2.2434030000000003,6.0,4,1
2023-08-08,656578,6,4,0,0.8642173913043478,6.0,2,1
2023-08-08,656605,24,4,0,8.993005,24.0,19,1
2023-08-08,656814,9,1,0,4.104611111111111,9.0,8,1
2023-08-08,656945,3,2,0,0.062,3.0,1,0
2023-08-08,657053,25,9,5,9.656982320261438,25.0,11,2
2023-08-08,657240,5,0,0,2.2546,5.0,5,1
2023-08-08,657376,22,7,1,3.487908,22.0,13,0
2023-08-08,657508,4,1,1,0.7409030000000001,4.0,2,0
2023-08-08,657514,3,0,1,0.713,2.0,2,0
2023-08-08,659275,11,1,1,4.595290518142235,11.0,9,1
2023-08-08,660813,4,1,0,0.847,4.0,3,0
2023-08-08,661309,20,5,3,7.9549063401162785,20.0,12,4
2023-08-08,661403,5,1,0,0.30100000000000005,4.0,3,0
2023-08-08,662253,4,1,0,1.12,4.0,3,0
2023-08-08,663158,3,1,0,0.199,3.0,2,0
2023-08-08,663903,27,4,2,8.877028222222222,27.0,21,1
2023-08-08,663986,4,1,0,1.2,4.0,3,0
2023-08-08,664126,4,1,0,2.0125172413793107,4.0,3,1
2023-08-08,664285,29,3,2,11.497001652173912,28.0,23,3
2023-08-08,664875,3,1,0,0.157,3.0,2,0
2023-08-08,665625,6,2,0,4.2748333333333335,6.0,4,2
2023-08-08,666129,24,3,0,7.075611111111111,22.0,19,0
2023-08-08,666374,5,1,1,1.5654414615384615,5.0,3,0
2023-08-08,666818,4,0,0,2.046,4.0,4,0
2023-08-08,666974,4,1,0,1.0410000000000001,4.0,3,0
2023-08-08,669302,22,12,0,5.424625,22.0,10,3
2023-08-08,669395,3,2,0,0.033,3.0,1,0
2023-08-08,669459,3,0,0,0.358,3.0,3,0
2023-08-08,669467,5,0,0,1.93,5.0,5,0
2023-08-08,670059,5,1,2,2.157811,5.0,1,0
2023-08-08,670280,8,1,2,2.464903,7.0,5,0
2023-08-08,671345,4,1,0,1.454,4.0,3,0
2023-08-08,672582,2,0,0,0.7014545454545453,2.0,2,0
2023-08-08,676440,27,6,0,6.753920789473685,27.0,20,0
2023-08-08,676664,22,6,1,7.039659827880513,22.0,15,2
2023-08-08,676710,20,6,2,7.316357065375303,20.0,11,2
2023-08-08,677020,1,1,0,0.0,1.0,0,0
2023-08-08,677053,3,1,0,0.166,3.0,2,0
2023-08-08,678061,10,2,1,3.802463,10.0,7,0
2023-08-08,678606,6,0,1,2.661903,6.0,5,0
2023-08-08,680570,27,4,2,8.202468142857143,27.0,20,1
2023-08-08,680686,22,5,2,8.911915307680655,22.0,15,4
2023-08-08,680739,11,3,1,5.280703,11.0,7,1
2023-08-08,681911,3,0,1,2.055903,3.0,2,0
2023-08-08,682842,5,2,2,1.5988060000000002,5.0,1,0
2023-08-08,686294,7,1,1,2.5946363333333333,7.0,5,1
2023-08-08,686539,8,5,1,2.182903,8.0,2,0
2023-08-08,686747,6,3,0,0.856,6.0,3,0
2023-08-08,687798,13,2,0,2.8254166666666665,13.0,11,0
2023-08-08,694297,22,5,2,6.047806,22.0,15,0
2023-08-09,445276,4,1,1,1.8059029999999998,4.0,2,1
2023-08-09,453268,3,3,0,0.0,3.0,0,0
2023-08-09,455119,4,0,0,2.107,4.0,4,0
2023-08-09,456501,20,5,1,6.4439812828282825,20.0,14,2
2023-08-09,493603,3,0,1,3.3857363333333335,3.0,2,1
2023-08-09,502085,4,1,0,1.056,4.0,3,0
2023-08-09,506433,25,4,2,9.067734076923077,25.0,18,1
2023-08-09,518617,3,1,0,0.202,3.0,2,0
2023-08-09,518876,23,2,1,6.946903,23.0,20,0
2023-08-09,519043,4,1,1,1.582903,4.0,2,0
2023-08-09,523260,4,2,1,0.8299030000000001,4.0,1,0
2023-08-09,542585,2,1,0,0.904,2.0,1,0
2023-08-09,542888,6,3,0,0.65,6.0,3,0
2023-08-09,543294,22,6,2,6.999806,22.0,14,1
2023-08-09,543475,30,6,1,9.550903,30.0,22,1
2023-08-09,543507,5,1,0,2.6034,5.0,4,0
2023-08-09,543518,3,0,0,1.143,3.0,3,0
2023-08-09,543521,9,4,0,2.534657142857143,9.0,5,1
2023-08-09,547179,31,5,4,8.274759394957984,31.0,22,1
2023-08-09,547184,3,1,0,1.395,3.0,2,0
2023-08-09,571863,3,2,0,0.481,3.0,1,0
2023-08-09,571948,6,2,0,1.657,6.0,4,0
2023-08-09,572403,3,2,0,2.0,3.0,1,1
2023-08-09,572955,4,1,1,1.804903,4.0,2,0
2023-08-09,592332,24,6,0,7.5424310344827585,23.0,17,2
2023-08-09,593576,3,2,0,0.157,3.0,1,0
2023-08-09,593974,6,2,1,1.170903,6.0,3,0
2023-08-09,594580,3,1,0,2.7175172413793103,3.0,2,1
2023-08-09,596112,4,0,0,1.0214594594594595,4.0,4,1
2023-08-09,598286,5,1,0,1.608,5.0,4,0
2023-08-09,601713,21,8,2,7.766916248447205,21.0,11,3
2023-08-09,605182,22,6,3,6.499309,21.0,12,0
2023-08-09,605288,20,5,1,5.633008263157895,20.0,14,0
2023-08-09,605347,6,1,0,3.001,6.0,5,0
2023-08-09,606149,3,1,0,0.386,3.0,2,0
2023-08-09,606160,4,2,0,0.336,4.0,2,0
2023-08-09,606303,4,2,1,0.695903,3.0,0,0
2023-08-09,607481,3,1,1,1.067903,3.0,1,0
2023-08-09,607755,1,0,0,0.379,1.0,1,0
2023-08-09,608032,5,0,0,2.3672058823529416,5.0,5,1
2023-08-09,608331,20,4,1,5.006908,20.0,14,0
2023-08-09,608665,4,1,0,1.94225,4.0,3,0
2023-08-09,608717,6,1,0,0.64,6.0,5,0
2023-08-09,608718,4,0,0,1.351,4.0,4,0
2023-08-09,612434,1,0,0,0.042,1.0,1,0
2023-08-09,621016,7,2,2,1.8238060000000003,7.0,3,0
2023-08-09,621051,6,1,1,4.455796888888889,6.0,3,2
2023-08-09,621345,3,1,0,0.084,3.0,2,0
2023-08-09,621363,4,0,1,1.234903,4.0,3,0
2023-08-09,622259,5,1,2,1.9008060000000002,5.0,2,0
2023-08-09,622663,12,2,1,5.7630696666666665,12.0,9,1
2023-08-09,622780,6,4,0,1.596,6.0,2,1
2023-08-09,623167,25,4,2,10.164138616487454,25.0,19,3
2023-08-09,623437,3,0,1,1.682903,3.0,2,0
2023-08-09,623465,3,0,0,1.3399999999999999,3.0,3,0
2023-08-09,628452,5,2,0,1.2890000000000001,5.0,3,0
2023-08-09,640455,14,6,1,2.4643624594594598,14.0,7,1
2023-08-09,640462,3,1,0,0.333,3.0,2,0
2023-08-09,641360,4,2,1,0.695903,3.0,1,0
2023-08-09,641627,5,1,1,1.4789080000000001,5.0,2,0
2023-08-09,641656,4,1,1,0.808903,4.0,2,0
2023-08-09,641712,23,2,1,6.990453454545454,23.0,19,1
2023-08-09,641755,3,3,0,0.0,3.0,0,0
2023-08-09,641835,3,1,0,0.7100000000000001,3.0,2,0
2023-08-09,641871,8,1,0,2.048,8.0,7,0
2023-08-09,641927,27,9,1,7.988236333333333,27.0,17,1
2023-08-09,641941,3,1,0,1.2743142857142857,3.0,2,1
2023-08-09,642100,2,0,0,1.274089285714286,2.0,2,1
2023-08-09,642207,3,1,0,0.6428333333333334,3.0,2,0
2023-08-09,643410,3,1,0,0.368,3.0,2,0
2023-08-09,643493,7,2,1,1.8693315714285714,7.0,4,1
2023-08-09,650556,6,1,2,1.9098060000000001,6.0,3,0
2023-08-09,656061,4,0,1,1.4319030000000001,4.0,3,0
2023-08-09,656222,10,1,1,2.9629030000000003,10.0,8,1
2023-08-09,656412,20,5,2,8.750638380952381,20.0,13,2
2023-08-09,656427,25,8,2,7.654693701754386,24.0,13,1
2023-08-09,656464,5,2,1,0.7499030000000001,5.0,2,0
2023-08-09,656529,5,0,0,1.728,5.0,5,0
2023-08-09,656756,26,5,1,7.774436333333334,26.0,20,2
2023-08-09,656849,16,5,2,6.725377428571429,15.0,8,1
2023-08-09,656945,4,3,0,0.174,4.0,1,0
2023-08-09,657024,4,1,0,0.278,4.0,3,0
2023-08-09,657097,3,3,0,0.0,3.0,0,0
2023-08-09,657240,1,1,0,0.0,1.0,0,0
2023-08-09,657508,8,0,0,4.377,8.0,8,0
2023-08-09,657571,2,0,0,0.433,2.0,2,0
2023-08-09,660261,5,0,3,2.6573518571428574,5.0,2,0
2023-08-09,660271,23,5,3,8.73703941958042,23.0,15,2
2023-08-09,663158,3,1,0,0.449,3.0,2,0
2023-08-09,663423,3,0,0,1.1833333333333331,3.0,3,1
2023-08-09,663462,5,2,1,1.583903,5.0,2,0
2023-08-09,663855,1,0,0,0.005,1.0,1,0
2023-08-09,663941,13,2,2,3.508373588235294,12.0,9,1
2023-08-09,663947,8,3,1,1.316903,8.0,4,0
2023-08-09,664139,3,2,0,0.861,3.0,1,0
2023-08-09,664299,22,3,3,6.222109000000001,22.0,16,1
2023-08-09,664747,5,0,1,2.3433624594594598,5.0,4,1
2023-08-09,664875,4,0,0,0.9304545454545454,4.0,4,0
2023-08-09,665734,5,2,0,1.012005,5.0,2,0
2023-08-09,666364,12,1,1,6.273450169811321,12.0,10,1
2023-08-09,666374,3,1,0,0.322,3.0,2,0
2023-08-09,666619,7,2,1,1.684903,7.0,4,0
2023-08-09,667463,3,0,0,0.79,3.0,3,0
2023-08-09,667755,6,0,2,1.643806,6.0,4,0
2023-08-09,668933,25,7,1,5.073236333333333,25.0,17,1
2023-08-09,668941,5,3,0,0.882,5.0,2,0
2023-08-09,669022,22,5,1,9.743847171129655,21.0,15,4
2023-08-09,669060,4,0,0,1.5954285714285719,3.0,4,1
2023-08-09,669212,7,4,0,0.7878000000000001,7.0,3,1
2023-08-09,669387,7,1,2,1.671903,6.0,4,0
2023-08-09,669424,4,0,1,3.46485952173913,4.0,3,1
2023-08-09,669459,4,0,2,2.455903,3.0,2,1
2023-08-09,669713,4,0,0,2.1710444444444446,4.0,4,1
2023-08-09,669796,4,2,1,0.911903,4.0,1,0
2023-08-09,669912,2,1,0,1.0440256410256414,2.0,1,1
2023-08-09,670167,3,1,0,0.069,3.0,2,0
2023-08-09,670174,3,2,0,0.013,3.0,1,0
2023-08-09,671106,21,3,3,6.104320111111111,21.0,15,1
2023-08-09,672335,3,1,0,0.514,3.0,2,0
2023-08-09,676106,20,3,3,4.466709,20.0,14,0
2023-08-09,676206,16,4,2,5.271859571428571,16.0,10,1
2023-08-09,676254,5,3,0,1.651005,5.0,1,0
2023-08-09,676265,9,4,1,2.240908,9.0,3,0
2023-08-09,676272,26,4,4,8.877972544217688,26.0,18,1
2023-08-09,676395,3,0,0,1.3433548387096774,3.0,3,1
2023-08-09,676680,4,0,0,1.9660000000000002,4.0,4,0
2023-08-09,677020,3,2,0,0.289,3.0,1,0
2023-08-09,681882,8,3,1,1.825,7.0,4,0
2023-08-09,682842,3,0,0,0.262,2.0,2,0
2023-08-09,682990,21,4,1,7.547903,21.0,16,0
2023-08-09,686839,4,1,0,1.968005,4.0,2,0
2023-08-09,687330,11,1,1,3.829903,11.0,9,0
2023-08-09,701643,8,2,0,1.8602272727272726,8.0,6,0
2023-08-10,445276,3,2,0,0.007,3.0,1,0
2023-08-10,453268,4,0,2,1.883806,4.0,2,0
2023-08-10,455119,3,2,0,0.138,3.0,1,0
2023-08-10,477132,18,4,0,4.658740740740741,18.0,14,1
2023-08-10,518886,4,1,0,0.992,4.0,3,0
2023-08-10,543272,8,1,1,3.049838333333333,7.0,5,0
2023-08-10,543859,3,0,0,0.8700000000000001,3.0,3,0
2023-08-10,554340,3,1,0,0.527,3.0,2,0
2023-08-10,571578,23,2,7,10.133864243243243,23.0,14,2
2023-08-10,571670,7,1,0,2.527,6.0,5,0
2023-08-10,572020,21,6,0,7.044860465116279,21.0,15,1
2023-08-10,592741,3,1,0,0.188,3.0,2,0
2023-08-10,592773,3,1,0,0.020999999999999998,3.0,2,0
2023-08-10,592789,25,5,2,9.517753857142857,25.0,17,1
2023-08-10,600921,4,0,1,1.8101696666666667,4.0,3,1
2023-08-10,605400,22,6,1,5.203950619047619,22.0,15,0
2023-08-10,621368,4,0,0,1.278,4.0,4,0
2023-08-10,621381,4,2,0,0.45599999999999996,4.0,2,0
2023-08-10,621389,22,2,2,6.8328109999999995,22.0,17,0
2023-08-10,622554,3,1,0,0.095,3.0,2,0
2023-08-10,628317,21,4,1,5.454903,21.0,16,1
2023-08-10,628708,6,3,0,1.794,6.0,3,0
2023-08-10,641672,13,2,0,3.7239310344827588,13.0,11,1
2023-08-10,641729,4,1,0,0.6839999999999999,4.0,3,0
2023-08-10,641793,25,5,0,9.761196614196615,25.0,20,2
2023-08-10,641835,5,1,1,0.529,4.0,3,0
2023-08-10,642232,9,4,0,1.289,9.0,5,0
2023-08-10,642585,7,0,2,2.5162226666666667,7.0,5,0
2023-08-10,650893,4,0,1,1.444,3.0,3,1
2023-08-10,656382,6,1,1,2.7329030000000003,6.0,4,0
2023-08-10,656529,3,2,0,0.066,3.0,1,0
2023-08-10,660813,3,1,0,0.443,3.0,2,0
2023-08-10,660853,4,0,1,2.4429030000000003,4.0,3,0
2023-08-10,661395,4,2,0,0.99,4.0,2,0
2023-08-10,661403,3,2,0,0.108,3.0,1,0
2023-08-10,663559,22,3,2,8.946006641025642,22.0,17,3
2023-08-10,663986,4,2,0,0.216,4.0,2,0
2023-08-10,664208,2,1,0,0.438,2.0,1,0
2023-08-10,665152,29,5,2,11.061006613248097,29.0,22,4
2023-08-10,666201,19,6,3,6.008637571428571,19.0,10,0
2023-08-10,666974,2,1,0,0.873,2.0,1,0
2023-08-10,668941,6,1,1,2.7699030000000002,6.0,4,0
2023-08-10,669461,25,7,0,5.208184523809524,25.0,18,0
2023-08-10,670059,5,3,0,1.456,5.0,2,0
2023-08-10,670102,3,0,0,0.28900000000000003,3.0,3,0
2023-08-10,670167,2,0,0,0.4886999999999999,2.0,2,0
2023-08-10,670174,5,2,1,2.098903,5.0,2,0
2023-08-10,672335,4,1,0,1.712388888888889,4.0,3,0
2023-08-10,678606,3,0,0,0.439,3.0,3,0
2023-08-10,679525,22,3,2,5.769931,22.0,17,1
2023-08-10,680704,1,0,0,0.169,1.0,1,0
2023-08-10,680735,7,2,0,1.8839090909090912,7.0,5,1
2023-08-10,681857,23,8,3,6.939063166666666,23.0,12,2
2023-08-10,681867,13,0,0,4.262406779661018,13.0,13,1
2023-08-10,686613,25,7,0,8.873674922450169,24.0,17,4
2023-08-10,686747,10,2,1,4.503222285714286,10.0,6,1
2023-08-10,689225,6,0,0,1.504,6.0,6,0
2023-08-10,693821,24,5,2,8.789717565656566,24.0,16,2
2023-08-11,425794,11,0,0,5.35087,11.0,11,2
2023-08-11,434378,24,7,0,5.243689931350114,24.0,17,2
2023-08-11,450203,24,4,7,8.548321000000001,24.0,13,0
2023-08-11,458681,20,9,1,4.772403,20.0,10,1
2023-08-11,489446,5,1,1,2.2676030000000003,5.0,3,0
2023-08-11,502043,28,4,2,13.871667827338664,28.0,22,4
2023-08-11,518397,4,2,1,0.697903,4.0,1,0
2023-08-11,518489,2,1,1,0.695903,2.0,0,0
2023-08-11,518617,7,0,2,3.4408060000000003,7.0,5,0
2023-08-11,519242,16,7,0,3.9880050000000002,16.0,8,1
2023-08-11,519293,4,0,0,1.158,4.0,4,1
2023-08-11,543272,5,0,1,1.9719030000000002,5.0,4,0
2023-08-11,543351,3,0,1,1.751903,3.0,2,0
2023-08-11,543518,8,2,1,3.081903,8.0,5,1
2023-08-11,543766,4,0,0,1.367,4.0,4,0
2023-08-11,547184,5,0,0,1.45,5.0,5,0
2023-08-11,547973,4,3,1,0.695903,4.0,0,0
2023-08-11,548389,20,3,0,8.01134,20.0,17,2
2023-08-11,571882,5,0,0,1.174,5.0,5,0
2023-08-11,572955,3,2,0,0.206,3.0,1,0
2023-08-11,572971,13,0,2,6.884811,13.0,10,1
2023-08-11,573009,4,1,1,0.9699030000000001,4.0,2,0
2023-08-11,573124,4,3,0,0.086,4.0,1,0
2023-08-11,592094,4,1,0,1.0375652173913044,4.0,3,0
2023-08-11,592229,8,4,1,1.702903,8.0,3,0
2023-08-11,592351,23,7,0,3.281375,23.0,16,0
2023-08-11,592426,4,0,1,1.6786616206896556,4.0,3,1
2023-08-11,592454,3,2,0,0.203,3.0,1,0
2023-08-11,592773,2,1,0,0.381,2.0,1,0
2023-08-11,595345,6,1,1,2.717903,6.0,4,0
2023-08-11,596057,9,4,4,3.2826120000000003,9.0,1,0
2023-08-11,596112,1,1,0,0.0,1.0,0,0
2023-08-11,596295,23,2,1,8.598550857142857,22.0,18,1
2023-08-11,605130,3,1,0,0.078,3.0,2,0
2023-08-11,605242,4,1,0,2.1667333333333336,4.0,3,1
2023-08-11,605280,3,1,0,0.8625714285714284,3.0,2,1
2023-08-11,605347,4,1,1,0.811903,4.0,2,0
2023-08-11,605483,23,7,4,6.238207744680851,22.0,11,1
2023-08-11,606160,3,1,0,0.15,3.0,2,0
2023-08-11,606303,5,1,2,1.4048060000000002,4.0,2,0
2023-08-11,607179,10,3,1,3.3890418888888885,10.0,6,1
2023-08-11,607457,7,3,1,2.252908,7.0,2,0
2023-08-11,607481,9,4,1,2.0839030000000003,9.0,4,0
2023-08-11,607755,5,3,0,0.9094,5.0,2,0
2023-08-11,608665,4,2,1,0.8439030000000001,4.0,1,0
2023-08-11,621051,3,1,1,1.2498363333333333,3.0,1,0
2023-08-11,621112,27,3,4,9.551112,27.0,20,1
2023-08-11,621244,23,3,0,8.26435,23.0,20,1
2023-08-11,621295,5,1,0,1.718005,5.0,3,0
2023-08-11,621345,4,2,0,1.3364324324324324,4.0,2,1
2023-08-11,621363,3,1,0,0.14600000000000002,3.0,2,0
2023-08-11,622075,6,3,0,0.453,6.0,3,0
2023-08-11,622491,22,8,2,4.911078727272727,22.0,12,1
2023-08-11,622780,4,2,0,0.631,4.0,2,0
2023-08-11,640470,4,2,1,0.927903,4.0,1,0
2023-08-11,641656,9,2,0,1.8088000000000002,9.0,7,1
2023-08-11,642048,3,1,0,0.127,3.0,2,0
2023-08-11,642207,3,3,0,0.0,3.0,0,0
2023-08-11,642231,15,2,2,7.820312666666667,15.0,11,2
2023-08-11,642528,4,0,0,0.446,4.0,4,0
2023-08-11,642545,3,1,0,0.359,3.0,2,0
2023-08-11,650644,24,2,1,6.1379174927536235,23.0,21,1
2023-08-11,650911,25,5,3,7.078831257053292,25.0,17,2
2023-08-11,656234,12,1,1,5.013601333333334,11.0,8,2
2023-08-11,656353,4,0,1,1.696903,4.0,3,0
2023-08-11,656457,3,1,0,1.6989999999999996,3.0,2,1
2023-08-11,656546,3,2,0,0.009,3.0,1,0
2023-08-11,656629,23,4,5,8.273244166666666,23.0,14,1
2023-08-11,656669,5,0,0,1.9290550000000002,5.0,4,0
2023-08-11,656731,25,3,1,9.56402561904762,25.0,21,2
2023-08-11,656924,4,2,1,1.207903,4.0,1,0
2023-08-11,657097,4,2,0,0.679,4.0,2,0
2023-08-11,657571,3,1,0,0.68,3.0,2,0
2023-08-11,663423,6,2,1,2.239903,6.0,3,0
2023-08-11,663704,4,0,0,1.019,4.0,4,0
2023-08-11,663989,5,0,1,1.485903,5.0,4,0
2023-08-11,664028,7,1,0,2.076,7.0,6,0
2023-08-11,664126,6,2,3,2.813714,6.0,0,0
2023-08-11,664208,1,0,0,0.438,1.0,1,0
2023-08-11,664942,2,0,0,0.419,2.0,2,0
2023-08-11,665625,6,0,0,1.7570000000000001,6.0,6,0
2023-08-11,665871,26,2,1,7.7580118235294115,26.0,23,0
2023-08-11,666200,19,2,1,11.787076809523809,19.0,16,3
2023-08-11,666277,16,6,3,4.744759,16.0,7,0
2023-08-11,666619,4,0,0,0.495,4.0,4,0
2023-08-11,666818,6,2,0,1.617,6.0,4,0
2023-08-11,668470,1,0,0,0.602,1.0,1,0
2023-08-11,668674,4,0,0,1.394005,4.0,3,0
2023-08-11,668868,16,5,0,2.9305,16.0,11,0
2023-08-11,669169,5,0,0,3.6770050000000003,5.0,4,1
2023-08-11,669194,16,2,1,7.220130272727273,16.0,13,2
2023-08-11,669203,27,5,3,8.897885470588236,27.0,19,1
2023-08-11,669373,24,3,2,8.164610347826088,24.0,19,1
2023-08-11,669395,6,0,3,3.1767140000000005,6.0,2,0
2023-08-11,669424,8,3,1,1.504,7.0,4,0
2023-08-11,669467,10,0,1,3.4469030000000003,10.0,9,0
2023-08-11,669674,9,1,1,4.2614845789473685,9.0,7,2
2023-08-11,669684,11,4,2,2.009806,11.0,5,0
2023-08-11,669796,7,4,1,1.3038315714285715,7.0,2,0
2023-08-11,670046,28,4,5,10.900943076923078,28.0,18,1
2023-08-11,670102,11,3,1,1.572903,11.0,7,0
2023-08-11,670912,25,4,2,10.666766454545455,25.0,16,1
2023-08-11,671096,21,9,0,2.8704054054054056,21.0,12,1
2023-08-11,672282,16,0,3,8.580175666666667,16.0,13,2
2023-08-11,672578,1,0,0,0.646,1.0,1,0
2023-08-11,672582,19,2,1,6.16324675,19.0,16,1
2023-08-11,672851,13,3,2,4.357806,13.0,8,0
2023-08-11,675540,23,1,2,7.635246487804878,23.0,20,3
2023-08-11,676254,4,0,0,0.705,4.0,4,0
2023-08-11,676265,6,1,1,1.7909030000000001,6.0,4,0
2023-08-11,676395,5,1,0,0.597,5.0,4,0
2023-08-11,676680,5,0,1,1.963908,5.0,3,0
2023-08-11,676684,5,0,2,1.664903,4.0,3,0
2023-08-11,677865,5,0,1,2.340908,5.0,3,0
2023-08-11,677944,7,1,0,2.243005,7.0,5,0
2023-08-11,678061,4,2,0,1.424,4.0,2,0
2023-08-11,678606,3,0,0,0.575,3.0,3,0
2023-08-11,680704,1,0,0,1.8574594594594591,1.0,1,1
2023-08-11,680739,12,1,2,6.283639333333333,12.0,9,0
2023-08-11,681190,15,2,1,6.432510142857143,15.0,12,2
2023-08-11,681882,8,1,0,3.468,7.0,7,0
2023-08-11,681911,3,2,0,0.049,3.0,1,0
2023-08-11,682842,3,0,0,0.464,3.0,3,0
2023-08-11,686839,3,1,1,1.103903,3.0,1,0
2023-08-11,687396,16,5,2,6.2399953939393935,16.0,9,2
2023-08-12,448179,18,4,1,7.059989274509804,18.0,13,2
2023-08-12,500779,24,4,3,7.628513347826087,24.0,17,1
2023-08-12,502171,23,3,2,9.355206,23.0,18,1
2023-08-12,518489,3,1,0,0.081,3.0,2,0
2023-08-12,541640,15,3,0,3.759,15.0,12,0
2023-08-12,542881,22,6,3,7.462023285714285,22.0,13,1
2023-08-12,542888,9,3,1,2.162903,9.0,5,0
2023-08-12,543766,3,1,0,0.8350000000000001,3.0,2,0
2023-08-12,543859,6,0,1,3.555853,6.0,5,1
2023-08-12,554340,4,1,1,1.371903,4.0,2,0
2023-08-12,571760,9,1,2,5.0456460000000005,9.0,6,1
2023-08-12,571863,5,1,0,1.2830050000000002,5.0,3,0
2023-08-12,571901,4,0,0,0.33399999999999996,4.0,4,0
2023-08-12,571927,22,5,0,5.957,22.0,17,1
2023-08-12,571948,4,1,0,0.16399999999999998,4.0,3,0
2023-08-12,572403,3,0,0,1.192,3.0,3,0
2023-08-12,573204,4,1,0,0.666,4.0,3,0
2023-08-12,592836,24,2,6,11.572612393939394,24.0,15,1
2023-08-12,593576,4,0,0,1.1294594594594596,4.0,4,1
2023-08-12,596001,3,1,0,0.759,3.0,2,0
2023-08-12,605135,23,6,2,9.143176129870131,23.0,15,3
2023-08-12,605242,3,1,0,0.87,3.0,2,0
2023-08-12,605540,25,5,1,7.30183307936508,24.0,17,1
2023-08-12,606149,4,0,0,0.8580000000000001,4.0,4,0
2023-08-12,607457,8,0,0,2.4201199999999994,8.0,8,1
2023-08-12,608344,18,6,1,4.021753,18.0,11,0
2023-08-12,608678,2,1,0,0.915,2.0,1,0
2023-08-12,608717,10,1,1,1.098903,10.0,8,0
2023-08-12,608718,3,0,0,0.42900000000000005,3.0,3,0
2023-08-12,612434,3,1,0,0.208,3.0,2,0
2023-08-12,621016,4,0,1,0.886903,3.0,2,0
2023-08-12,621345,5,1,1,2.2766302727272727,5.0,3,1
2023-08-12,621368,5,1,0,1.687727272727273,5.0,4,1
2023-08-12,621381,4,3,0,0.501,4.0,1,0
2023-08-12,622072,18,3,0,4.073666666666666,18.0,15,0
2023-08-12,622098,5,0,1,3.090831076923077,5.0,3,1
2023-08-12,622250,3,0,0,1.3644545454545454,3.0,3,0
2023-08-12,623149,4,1,0,0.761,4.0,3,0
2023-08-12,623465,3,3,0,0.0,3.0,0,0
2023-08-12,625643,4,2,0,0.6646666666666667,4.0,2,0
2023-08-12,628452,4,2,0,1.042,4.0,2,0
2023-08-12,628708,8,1,0,4.040400000000001,8.0,7,1
2023-08-12,640448,3,2,0,0.134,3.0,1,0
2023-08-12,640470,3,1,0,0.457,3.0,2,0
2023-08-12,641154,23,7,1,6.351791888888889,23.0,15,1
2023-08-12,641360,7,1,1,3.508643740740741,7.0,5,1
2023-08-12,641585,26,5,1,6.3095696666666665,26.0,20,1
2023-08-12,641627,4,1,0,1.063,4.0,3,0
2023-08-12,641871,4,0,0,0.862,4.0,4,0
2023-08-12,642207,4,3,0,0.758,4.0,1,0
2023-08-12,642216,28,9,2,7.109574666666667,27.0,16,0
2023-08-12,642397,5,1,1,3.122806381642512,5.0,3,2
2023-08-12,642545,9,0,2,3.885806,9.0,7,0
2023-08-12,642585,7,4,0,0.509,6.0,2,0
2023-08-12,643377,5,0,0,0.6441666666666667,5.0,5,0
2023-08-12,643410,3,0,1,1.1600696666666668,3.0,2,0
2023-08-12,643493,3,1,1,1.1619030000000001,3.0,1,0
2023-08-12,645261,33,10,2,7.965906,33.0,21,0
2023-08-12,650556,3,0,0,0.081,3.0,3,0
2023-08-12,650633,10,3,0,2.933727272727273,10.0,7,1
2023-08-12,656271,5,2,0,2.2812058823529417,5.0,3,1
2023-08-12,656464,3,0,0,1.176017391304348,3.0,3,1
2023-08-12,656546,4,2,0,0.925,4.0,2,0
2023-08-12,657006,21,7,0,6.565777832512316,21.0,14,2
2023-08-12,657024,3,1,0,0.114,3.0,2,0
2023-08-12,657097,3,1,1,1.2466924736842104,3.0,1,0
2023-08-12,657240,4,2,1,1.1733196666666665,4.0,1,0
2023-08-12,657508,5,0,1,2.523386870967742,5.0,4,1
2023-08-12,657514,3,1,0,1.775282051282051,3.0,2,1
2023-08-12,657585,13,3,2,5.628366000000001,13.0,8,2
2023-08-12,658648,17,2,0,5.333354838709678,17.0,15,1
2023-08-12,660593,26,4,4,10.034882765765765,26.0,17,1
2023-08-12,660813,3,1,0,0.773,3.0,2,0
2023-08-12,660853,3,0,0,0.4168333333333333,3.0,3,0
2023-08-12,660906,6,1,0,2.207846153846154,5.0,4,1
2023-08-12,661403,6,1,0,2.6337096774193545,6.0,5,1
2023-08-12,661440,2,2,0,0.0,2.0,0,0
2023-08-12,662253,5,1,0,0.981,5.0,4,0
2023-08-12,663567,25,4,1,9.643251917748918,25.0,20,3
2023-08-12,663623,27,6,0,8.888439494680851,27.0,21,3
2023-08-12,663704,4,0,1,2.445908,4.0,2,0
2023-08-12,663855,5,1,0,1.6740000000000002,5.0,4,0
2023-08-12,663947,3,0,0,0.606,3.0,3,0
2023-08-12,663986,5,3,0,1.138005,5.0,1,0
2023-08-12,664062,21,6,0,7.94283959115561,21.0,15,4
2023-08-12,664901,12,0,0,5.627685606060606,12.0,12,2
2023-08-12,665622,20,4,2,7.737082666666667,20.0,12,1
2023-08-12,665625,1,0,0,0.117,1.0,1,0
2023-08-12,665734,6,1,2,2.388806,6.0,3,0
2023-08-12,666142,24,5,4,9.805469142857143,24.0,15,2
2023-08-12,666159,21,1,3,7.082709,21.0,17,0
2023-08-12,666364,5,2,0,1.002,5.0,3,0
2023-08-12,666745,18,6,0,4.694243095238095,18.0,11,1
2023-08-12,666974,5,0,1,2.225966823529412,5.0,3,0
2023-08-12,668674,1,0,0,1.2597727272727273,1.0,1,1
2023-08-12,668678,23,8,1,5.096524212121211,23.0,14,1
2023-08-12,668909,20,10,0,6.086439343434344,20.0,9,2
2023-08-12,668941,7,0,0,1.569,7.0,7,0
2023-08-12,669212,6,1,1,1.9359030000000002,6.0,4,0
2023-08-12,669395,3,0,0,1.059005,3.0,2,0
2023-08-12,669912,3,0,0,1.448,3.0,3,0
2023-08-12,669923,29,7,0,4.4190000000000005,29.0,22,0
2023-08-12,669947,27,5,3,7.979632076923077,27.0,19,1
2023-08-12,670032,4,0,1,1.6360082631578947,4.0,3,0
2023-08-12,670167,3,3,0,0.0,3.0,0,0
2023-08-12,671345,5,0,0,1.673,5.0,5,0
2023-08-12,672335,1,0,0,0.054,1.0,1,0
2023-08-12,672578,5,2,1,1.449903,5.0,2,0
2023-08-12,675911,27,6,4,5.790612,27.0,17,0
2023-08-12,676596,14,1,0,4.6129999999999995,14.0,13,0
2023-08-12,677020,4,1,0,2.782888888888889,4.0,3,1
2023-08-12,678394,21,5,0,7.3956346153846155,21.0,16,0
2023-08-12,678606,4,0,0,0.28800000000000003,4.0,4,0
2023-08-12,681982,11,0,1,3.065903,11.0,10,0
2023-08-12,682010,6,1,0,0.8430000000000001,6.0,5,0
2023-08-12,687330,3,1,0,0.56,3.0,2,0
2023-08-12,689225,8,0,0,3.026740920096853,8.0,8,1
2023-08-13,445276,4,0,0,0.926,4.0,4,0
2023-08-13,453268,5,0,2,1.405903,4.0,3,0
2023-08-13,455119,5,0,0,1.1930476190476191,5.0,5,0
2023-08-13,489446,4,1,0,0.917,4.0,3,0
2023-08-13,493603,3,0,0,0.363,3.0,3,0
2023-08-13,518585,5,0,1,1.856903,5.0,4,0
2023-08-13,518617,11,1,1,3.911903,10.0,8,0
2023-08-13,518886,4,0,0,1.496,4.0,4,0
2023-08-13,519043,4,3,0,0.441,4.0,1,0
2023-08-13,519293,3,1,0,1.5153214285714287,3.0,2,1
2023-08-13,542585,5,0,0,2.0823650793650796,5.0,5,1
2023-08-13,543037,25,6,2,6.078806,25.0,17,0
2023-08-13,543243,23,7,3,6.441714,23.0,12,0
2023-08-13,543351,5,1,0,2.4819264705882347,5.0,4,1
2023-08-13,543507,7,0,2,3.713806,7.0,5,0
2023-08-13,543521,11,2,1,4.673436333333333,11.0,7,1
2023-08-13,547184,4,0,0,0.7429999999999999,4.0,4,0
2023-08-13,547943,19,3,2,4.497056,19.0,14,1
2023-08-13,547973,4,3,0,1.076153846153846,4.0,1,1
2023-08-13,548384,3,0,1,2.701903,3.0,2,1
2023-08-13,571656,3,1,1,1.2339030000000002,3.0,1,0
2023-08-13,571882,3,1,0,1.014,3.0,2,0
2023-08-13,573204,3,2,0,0.0,3.0,1,0
2023-08-13,592094,3,0,0,0.7,3.0,3,0
2023-08-13,592229,6,0,1,1.590903,6.0,5,0
2023-08-13,592454,2,0,1,1.646903,2.0,1,0
2023-08-13,592767,4,0,1,1.917903,4.0,3,0
2023-08-13,592773,1,0,0,0.289,1.0,1,0
2023-08-13,592791,21,2,2,11.088141047694753,21.0,16,2
2023-08-13,592866,21,4,2,11.379454136371665,21.0,15,5
2023-08-13,593958,26,8,1,9.056320748917749,26.0,17,3
2023-08-13,593974,5,2,1,0.9819030000000001,5.0,2,0
2023-08-13,594580,4,1,1,1.2769030000000001,4.0,2,0
2023-08-13,596112,3,2,0,0.239,3.0,1,0
2023-08-13,596133,18,7,1,6.700641601823708,18.0,10,2
2023-08-13,600917,5,1,1,0.524,4.0,3,0
2023-08-13,600921,4,1,0,1.825,4.0,3,0
2023-08-13,605177,3,0,0,1.264192307692308,3.0,3,1
2023-08-13,605280,6,1,1,1.7762363333333333,6.0,4,0
2023-08-13,605347,3,1,0,0.254,3.0,2,0
2023-08-13,606160,5,1,3,2.093709,5.0,1,0
2023-08-13,607259,7,2,1,2.053903,7.0,4,0
2023-08-13,607481,3,0,2,2.5101028749999994,3.0,1,1
2023-08-13,607536,22,1,1,7.216990629399587,22.0,20,3
2023-08-13,607625,20,4,0,5.782671666666666,20.0,15,0
2023-08-13,608032,3,2,0,0.009,3.0,1,0
2023-08-13,608371,3,1,2,1.391806,3.0,0,0
2023-08-13,608665,5,1,1,1.005903,5.0,3,0
2023-08-13,612434,1,1,0,0.0,1.0,0,0
2023-08-13,621107,18,3,1,6.697391888888889,18.0,14,2
2023-08-13,621363,3,3,0,0.0,3.0,0,0
2023-08-13,621366,5,1,0,1.252005,5.0,3,0
2023-08-13,622065,5,0,1,1.916992285714286,3.0,3,1
2023-08-13,622098,1,0,0,0.103,1.0,1,0
2023-08-13,622554,3,0,0,1.4319199999999999,3.0,3,1
2023-08-13,622780,4,1,1,1.158903,4.0,2,0
2023-08-13,623149,4,1,1,0.876903,4.0,2,0
2023-08-13,623211,14,3,4,5.552781491525424,14.0,7,1
2023-08-13,623437,3,1,0,1.128,3.0,2,0
2023-08-13,624133,27,8,3,7.682418521720052,27.0,16,2
2023-08-13,624647,4,1,0,0.579,4.0,3,0
2023-08-13,625643,4,0,0,3.4101353383458637,4.0,4,2
2023-08-13,628711,25,12,0,5.431792878787879,25.0,12,0
2023-08-13,630023,24,5,2,8.747311,24.0,16,0
2023-08-13,640462,4,4,0,0.0,4.0,0,0
2023-08-13,641540,28,12,0,6.783772727272727,28.0,16,1
2023-08-13,641672,6,0,0,1.7938095238095237,6.0,6,0
2023-08-13,641703,3,0,0,0.9339999999999999,3.0,3,0
2023-08-13,641755,6,1,1,2.596403,6.0,4,0
2023-08-13,641871,3,1,0,0.969,3.0,2,0
2023-08-13,641941,2,2,0,0.0,2.0,0,0
2023-08-13,642100,1,0,0,0.393,1.0,1,0
2023-08-13,642547,25,6,3,5.662709,25.0,16,0
2023-08-13,643377,4,0,0,2.346005,4.0,3,0
2023-08-13,650496,7,0,0,2.809,7.0,7,0
2023-08-13,650556,1,0,0,0.196,1.0,1,0
2023-08-13,650893,3,0,0,0.634,3.0,3,0
2023-08-13,650960,3,1,0,0.09499999999999999,3.0,2,0
2023-08-13,656302,27,7,2,6.445357545454545,26.0,18,1
2023-08-13,656464,7,1,2,2.7788060000000003,7.0,4,0
2023-08-13,656529,4,2,1,0.9709030000000001,4.0,1,0
2023-08-13,656578,18,5,2,7.821811,18.0,10,1
2023-08-13,656605,25,7,3,7.370593415584416,25.0,15,1
2023-08-13,656638,4,1,1,0.8209030000000002,4.0,2,0
2023-08-13,656786,4,0,0,2.4440000000000004,4.0,4,1
2023-08-13,657024,3,0,0,0.37800000000000006,3.0,3,0
2023-08-13,657277,33,6,1,9.012408,33.0,25,0
2023-08-13,657508,3,0,0,2.719947154471545,3.0,3,2
2023-08-13,657514,1,0,0,0.309,1.0,1,0
2023-08-13,660261,3,1,0,0.266,3.0,2,0
2023-08-13,661309,12,3,0,2.642,12.0,9,0
2023-08-13,661395,3,0,0,1.5021,3.0,3,0
2023-08-13,662253,5,1,1,1.8578458571428575,5.0,3,1
2023-08-13,663158,8,1,1,1.8204999999999998,7.0,6,0
2023-08-13,663423,5,1,0,1.52,5.0,4,0
2023-08-13,663878,5,2,1,1.657903,5.0,2,0
2023-08-13,663989,1,0,0,0.101,1.0,1,0
2023-08-13,664139,4,1,0,2.5408478260869565,4.0,3,1
2023-08-13,664353,18,7,0,2.628089285714286,18.0,11,1
2023-08-13,664747,5,1,1,0.9589030000000001,5.0,3,0
2023-08-13,666374,4,2,1,0.7339030000000001,4.0,1,0
2023-08-13,666808,6,1,1,1.371903,5.0,3,0
2023-08-13,666818,3,1,1,0.8349030000000001,3.0,1,0
2023-08-13,666974,3,1,0,0.649,3.0,2,0
2023-08-13,667755,5,1,1,1.715903,5.0,3,0
2023-08-13,668873,8,1,0,2.69201,8.0,5,0
2023-08-13,669459,1,0,0,0.105,1.0,1,0
2023-08-13,669713,10,3,2,3.245806,10.0,5,0
2023-08-13,669796,3,2,0,0.773,3.0,1,0
2023-08-13,669912,3,0,1,2.0469030000000004,3.0,2,0
2023-08-13,670059,4,2,0,1.1360399999999995,4.0,2,1
2023-08-13,670280,4,2,0,0.33999999999999997,4.0,2,0
2023-08-13,672335,3,2,0,0.139,3.0,1,0
2023-08-13,673540,24,7,2,7.739170681295716,24.0,15,3
2023-08-13,674370,4,1,0,1.005,4.0,3,0
2023-08-13,675989,5,0,1,2.7859030000000002,5.0,4,0
2023-08-13,676395,7,1,0,1.418,7.0,6,0
2023-08-13,676440,27,5,0,6.789,27.0,22,0
2023-08-13,676477,7,3,0,1.5602432432432431,7.0,4,1
2023-08-13,676710,19,2,1,5.610839818181818,19.0,15,1
2023-08-13,677865,5,2,1,1.682903,5.0,2,0
2023-08-13,680694,24,7,1,5.789903,24.0,16,0
2023-08-13,681217,21,5,2,6.451265459459459,21.0,14,1
2023-08-13,681882,4,1,1,1.246903,4.0,2,0
2023-08-13,681911,3,0,0,0.093,3.0,3,0
2023-08-13,682227,21,6,2,6.752717764705882,21.0,13,1
2023-08-13,682243,25,2,2,6.8076497499999995,24.0,21,1
2023-08-13,682842,3,1,0,1.138,3.0,2,0
2023-08-13,686539,7,0,1,3.302913,7.0,4,0
2023-08-13,686610,24,4,1,8.194658,24.0,18,1
2023-08-13,686747,9,4,0,2.538005,9.0,4,0
2023-08-13,686839,3,1,0,0.23500000000000001,3.0,2,0
2023-08-13,687330,4,1,0,0.5489999999999999,4.0,3,0
2023-08-13,691587,19,5,2,7.119132428571429,19.0,11,2
2023-08-13,694037,4,1,0,0.205,4.0,3,0
2023-08-13,694297,27,8,2,9.157089333333333,27.0,17,2
2023-08-13,701643,6,0,0,2.3529999999999998,6.0,6,1
2023-08-14,453286,22,11,1,3.8922363333333334,22.0,10,0
2023-08-14,471911,17,5,3,5.529709,16.0,8,0
2023-08-14,472610,4,1,0,2.448621212121211,4.0,3,1
2023-08-14,493603,3,2,0,0.013,3.0,1,0
2023-08-14,500871,5,0,0,1.3780000000000001,5.0,5,0
2023-08-14,502085,4,0,1,0.920903,4.0,3,0
2023-08-14,506433,28,6,1,4.983903,28.0,21,0
2023-08-14,518397,9,2,1,1.8559029999999999,9.0,6,0
2023-08-14,518876,24,11,1,6.466561514492754,24.0,12,2
2023-08-14,527048,6,1,0,0.935,6.0,5,0
2023-08-14,543518,3,0,0,1.475,3.0,3,0
2023-08-14,571863,3,2,0,0.229,3.0,1,0
2023-08-14,571901,5,0,1,3.9168414615384615,5.0,4,2
2023-08-14,571945,27,4,3,9.82489653968254,27.0,18,2
2023-08-14,572403,3,0,0,1.063,3.0,3,0
2023-08-14,572955,6,1,0,1.657,6.0,5,0
2023-08-14,573009,3,0,0,1.997,3.0,3,0
2023-08-14,573124,5,1,0,1.1705599999999998,5.0,4,0
2023-08-14,592426,7,3,1,3.1988464615384613,7.0,2,1
2023-08-14,593576,2,1,0,1.959714285714286,2.0,1,1
2023-08-14,594943,5,2,1,1.370903,5.0,2,0
2023-08-14,605347,3,0,0,1.222,3.0,3,0
2023-08-14,606149,4,0,0,1.479,4.0,4,0
2023-08-14,607192,23,7,3,6.872544714285715,23.0,13,0
2023-08-14,608331,24,2,1,5.540903,24.0,21,0
2023-08-14,608718,3,0,0,0.382,3.0,3,0
2023-08-14,612434,3,2,0,0.05,3.0,1,0
2023-08-14,621295,5,1,1,2.099903,5.0,3,0
2023-08-14,623167,24,6,1,6.737906968253968,24.0,17,1
2023-08-14,623437,3,2,0,0.093,3.0,1,0
2023-08-14,641360,4,0,1,1.7385029999999997,4.0,3,1
2023-08-14,641627,3,2,0,0.014,3.0,1,0
2023-08-14,641656,11,1,3,2.914709,11.0,7,0
2023-08-14,641729,5,2,1,1.6148340344827588,5.0,2,1
2023-08-14,642048,6,0,1,2.319903,6.0,5,0
2023-08-14,642585,4,0,2,1.7058060000000002,4.0,2,0
2023-08-14,656061,15,2,3,6.659173932126697,15.0,10,1
2023-08-14,656288,18,5,1,5.507086405529955,17.0,12,2
2023-08-14,656322,5,2,1,1.148903,5.0,2,0
2023-08-14,656945,7,1,1,3.163903,7.0,5,0
2023-08-14,657097,3,0,0,1.1213846153846154,3.0,3,0
2023-08-14,657376,18,3,2,8.193499548387097,18.0,13,1
2023-08-14,660906,4,2,1,1.4437430000000002,4.0,1,1
2023-08-14,663462,7,1,1,2.840903,7.0,5,0
2023-08-14,663776,19,6,6,6.607418,18.0,7,0
2023-08-14,663903,26,8,1,5.744463555555556,26.0,16,1
2023-08-14,663941,20,2,1,7.9325030000000005,20.0,17,1
2023-08-14,664285,30,4,1,10.459279324321303,30.0,25,2
2023-08-14,664875,3,3,0,0.0,3.0,0,0
2023-08-14,665734,4,1,3,2.0877090000000003,4.0,0,0
2023-08-14,666129,20,1,2,7.677806,20.0,17,0
2023-08-14,666374,4,0,0,1.857,4.0,4,0
2023-08-14,668338,8,0,2,3.262181,8.0,6,0
2023-08-14,668674,4,0,1,0.8529030000000001,4.0,3,0
2023-08-14,668941,5,2,0,0.9359999999999999,5.0,3,0
2023-08-14,669302,22,5,2,6.755101454545455,20.0,14,1
2023-08-14,669459,2,0,0,1.2630000000000001,2.0,2,0
2023-08-14,672578,5,2,0,1.8929999999999998,5.0,3,0
2023-08-14,674370,12,2,1,3.695903,12.0,9,1
2023-08-14,676254,8,4,1,1.7869030000000001,8.0,3,0
2023-08-14,676664,24,6,4,9.266345333333334,24.0,14,1
2023-08-14,676680,4,1,1,1.273903,4.0,2,0
2023-08-14,677053,4,0,1,2.1950794705882353,4.0,3,0
2023-08-14,680570,24,6,1,6.2919030000000005,24.0,17,1
2023-08-14,680735,3,0,2,1.511806,3.0,1,0
2023-08-14,682052,14,2,0,5.461005,14.0,11,0
2023-08-14,682990,25,3,3,10.595483619730553,25.0,19,2
2023-08-15,445276,3,1,0,0.21199999999999997,3.0,2,0
2023-08-15,455119,3,1,0,0.15,3.0,2,0
2023-08-15,456501,25,3,2,10.667103392566784,25.0,19,2
2023-08-15,472610,7,0,0,3.353809523809524,7.0,7,0
2023-08-15,489446,3,1,1,0.8439030000000001,3.0,1,0
2023-08-15,519151,4,2,0,1.0110000000000001,4.0,2,0
2023-08-15,519293,1,0,0,0.136,1.0,1,0
2023-08-15,541640,7,0,0,2.258,7.0,7,0
2023-08-15,542585,3,0,1,2.347903,3.0,2,0
2023-08-15,543294,27,4,2,8.259806,27.0,21,0
2023-08-15,543475,24,3,1,11.405203,24.0,20,4
2023-08-15,543510,5,0,0,1.8561999999999999,5.0,5,1
2023-08-15,547973,3,1,0,0.355,3.0,2,0
2023-08-15,548384,4,0,0,0.665,4.0,4,0
2023-08-15,554340,4,1,1,1.142903,4.0,2,0
2023-08-15,554430,26,5,4,6.634612,26.0,17,0
2023-08-15,571670,3,1,0,0.355,3.0,2,0
2023-08-15,571863,4,0,0,1.223,4.0,4,0
2023-08-15,571901,3,1,0,1.3368333333333333,3.0,2,1
2023-08-15,571948,4,0,0,0.655,4.0,4,0
2023-08-15,572403,3,0,0,0.857005,3.0,2,0
2023-08-15,573009,3,0,0,0.30700000000000005,3.0,3,0
2023-08-15,573204,3,1,0,0.336,3.0,2,0
2023-08-15,579328,21,7,0,3.617,21.0,14,0
2023-08-15,592426,3,3,0,0.0,3.0,0,0
2023-08-15,592454,6,3,2,1.6678060000000001,6.0,1,0
2023-08-15,593974,5,1,1,1.443908,5.0,2,0
2023-08-15,594943,12,2,1,5.938750826086957,12.0,9,1
2023-08-15,595345,6,1,0,0.571,6.0,5,0
2023-08-15,596001,16,7,1,3.7516924736842108,16.0,8,0
2023-08-15,600921,4,0,0,0.886,4.0,4,0
2023-08-15,601713,21,7,3,5.360709,21.0,11,0
2023-08-15,605130,6,2,0,1.0439999999999998,6.0,4,0
2023-08-15,605280,3,0,0,0.606,3.0,3,0
2023-08-15,605288,23,6,0,6.211688888888889,23.0,17,1
2023-08-15,605447,3,2,0,0.03,3.0,1,0
2023-08-15,605463,6,1,1,2.178834034482759,6.0,4,1
2023-08-15,606160,1,1,0,0.0,1.0,0,0
2023-08-15,607179,4,2,0,0.897,4.0,2,0
2023-08-15,607481,4,1,0,0.737,4.0,3,0
2023-08-15,607755,4,1,1,1.430908,4.0,1,0
2023-08-15,608337,27,5,2,8.266033272727272,27.0,19,1
2023-08-15,608379,20,5,1,5.198908,20.0,13,0
2023-08-15,608678,9,2,2,3.838806,9.0,5,0
2023-08-15,608717,4,0,0,1.2345333333333333,4.0,4,1
2023-08-15,608718,5,0,1,1.395903,4.0,3,0
2023-08-15,621051,6,0,0,1.849089285714286,6.0,6,1
2023-08-15,621345,4,0,1,1.184903,4.0,3,0
2023-08-15,621368,4,2,1,1.655146243243243,4.0,1,1
2023-08-15,621383,3,0,0,0.86,3.0,3,0
2023-08-15,621389,23,2,2,9.404593942612944,23.0,19,4
2023-08-15,622065,6,3,0,0.192,6.0,3,0
2023-08-15,622098,5,3,0,0.782,5.0,2,0
2023-08-15,622250,3,2,0,0.007,3.0,1,0
2023-08-15,622554,6,1,2,2.866811,6.0,2,0
2023-08-15,622663,21,5,2,7.702560999999999,21.0,13,2
2023-08-15,622780,1,1,0,0.0,1.0,0,0
2023-08-15,623149,6,1,0,2.411,6.0,5,0
2023-08-15,623437,5,2,0,1.998,5.0,3,0
2023-08-15,640451,3,1,0,0.214,3.0,2,0
2023-08-15,640455,13,5,2,2.675806,13.0,6,0
2023-08-15,640462,4,1,0,2.115545454545455,4.0,3,1
2023-08-15,640470,5,0,0,2.105,5.0,5,0
2023-08-15,641712,27,3,1,8.737812761904761,27.0,22,1
2023-08-15,641755,2,0,0,0.984,2.0,2,0
2023-08-15,641793,20,5,0,6.0317835420393555,20.0,15,2
2023-08-15,641927,21,6,3,7.089709,20.0,11,1
2023-08-15,641941,3,0,0,0.5930000000000001,3.0,3,0
2023-08-15,642048,3,0,0,0.384,3.0,3,0
2023-08-15,642100,5,1,0,1.903,5.0,4,0
2023-08-15,642232,10,2,0,2.226,10.0,8,1
2023-08-15,642528,3,0,0,0.6699999999999999,3.0,3,0
2023-08-15,643410,3,2,0,0.479,3.0,1,0
2023-08-15,643493,2,0,0,0.71025,2.0,2,0
2023-08-15,643511,1,0,0,0.283,1.0,1,0
2023-08-15,650556,3,1,0,0.186,3.0,2,0
2023-08-15,656234,3,0,0,0.989005,3.0,2,0
2023-08-15,656353,6,1,1,1.423005,4.0,3,0
2023-08-15,656412,18,6,1,3.076908,18.0,10,0
2023-08-15,656427,17,3,4,7.278572215053764,17.0,10,2
2023-08-15,656457,7,2,0,2.110347826086956,7.0,5,1
2023-08-15,656464,3,1,0,0.28500000000000003,3.0,2,0
2023-08-15,656546,1,0,0,0.084,1.0,1,0
2023-08-15,656756,24,9,0,4.262,24.0,15,0
2023-08-15,656849,20,5,6,7.699978555555556,20.0,8,1
2023-08-15,657053,20,4,5,8.27577152173913,20.0,11,1
2023-08-15,657093,21,4,2,8.24244672327044,21.0,15,3
2023-08-15,657240,4,2,0,2.3785066666666665,4.0,2,1
2023-08-15,657508,5,2,0,0.7515000000000001,5.0,3,0
2023-08-15,657514,2,0,0,0.23500000000000001,2.0,2,0
2023-08-15,660261,3,1,1,0.7429030000000001,3.0,1,0
2023-08-15,660853,4,3,0,1.2597727272727273,4.0,1,1
2023-08-15,661395,5,2,0,1.9246060606060607,5.0,3,1
2023-08-15,661403,4,1,0,1.036,4.0,3,0
2023-08-15,662253,9,0,2,3.328806,9.0,7,0
2023-08-15,663559,20,5,1,3.719096548387097,20.0,14,1
2023-08-15,663704,5,1,0,1.085,5.0,4,0
2023-08-15,663855,3,3,0,0.0,3.0,0,0
2023-08-15,663986,3,0,0,0.13199999999999998,3.0,3,0
2023-08-15,663989,11,1,0,3.7849473684210526,11.0,10,0
2023-08-15,664299,21,2,1,5.791630272727273,21.0,18,1
2023-08-15,664875,7,0,0,2.852,7.0,7,0
2023-08-15,666277,3,1,1,0.820903,3.0,1,0
2023-08-15,666619,5,3,0,0.252,5.0,2,0
2023-08-15,666721,8,0,1,4.078701103448275,8.0,6,1
2023-08-15,666818,8,0,1,4.49859996969697,8.0,7,2
2023-08-15,667463,2,0,0,0.65,2.0,2,0
2023-08-15,668933,30,2,2,9.526811,30.0,25,0
2023-08-15,668941,3,2,0,0.235,3.0,1,0
2023-08-15,669060,9,2,0,2.257,9.0,7,0
2023-08-15,669395,2,2,0,0.0,2.0,0,0
2023-08-15,670059,3,2,0,0.079,3.0,1,0
2023-08-15,670167,3,2,0,0.279,3.0,1,0
2023-08-15,670174,4,0,0,0.851,4.0,4,0
2023-08-15,670280,4,1,0,0.794,4.0,3,0
2023-08-15,671106,23,7,3,4.932709,23.0,13,0
2023-08-15,676106,21,1,0,7.421666666666667,21.0,20,1
2023-08-15,676130,13,5,3,3.569709,13.0,5,0
2023-08-15,676272,20,4,1,5.646969666666667,20.0,15,1
2023-08-15,676395,6,1,0,1.18,6.0,4,0
2023-08-15,676684,4,0,0,2.7079999999999997,4.0,4,1
2023-08-15,678606,3,0,0,0.658,3.0,3,0
2023-08-15,680686,17,4,3,6.863464852842809,17.0,10,1
2023-08-15,681882,7,2,2,4.114960385964912,7.0,3,2
2023-08-15,682010,4,1,0,0.832,4.0,3,0
2023-08-15,686613,7,1,1,2.166903,7.0,5,0
2023-08-15,686826,11,3,1,2.545903,11.0,7,0
2023-08-15,686839,6,2,1,3.1381920365448503,6.0,3,2
2023-08-15,687330,8,1,1,3.7857719994216312,8.0,6,1
2023-08-15,693821,22,3,3,4.430709,22.0,16,0
2023-08-15,701643,5,0,1,2.575908,5.0,3,0
2023-08-16,434378,26,2,2,11.147897666666667,26.0,22,2
2023-08-16,450203,23,10,1,5.6686807777777775,23.0,12,1
2023-08-16,453268,6,0,3,2.8677140000000003,6.0,2,0
2023-08-16,477132,19,2,2,6.224451238095238,19.0,15,1
2023-08-16,489119,25,2,2,7.985463142857143,25.0,19,1
2023-08-16,489446,3,1,0,0.616,3.0,2,0
2023-08-16,493603,4,1,1,2.3981294150943397,4.0,2,1
2023-08-16,518397,3,0,0,0.366,3.0,3,0
2023-08-16,518489,3,2,0,0.108,3.0,1,0
2023-08-16,518585,4,2,0,0.327,4.0,2,0
2023-08-16,518886,3,2,0,0.479,3.0,1,0
2023-08-16,543351,5,0,0,2.6444468085106383,5.0,5,1
2023-08-16,547973,4,1,0,0.493,4.0,3,0
2023-08-16,548384,3,0,0,0.293,3.0,3,0
2023-08-16,548389,28,3,0,12.144430030395137,28.0,25,3
2023-08-16,571670,2,0,0,0.646,2.0,2,0
2023-08-16,571882,3,0,0,1.203,3.0,3,0
2023-08-16,572020,24,3,1,7.59458815037594,24.0,20,2
2023-08-16,572955,3,1,0,0.131,3.0,2,0
2023-08-16,592094,3,1,1,0.8439030000000001,3.0,1,0
2023-08-16,592332,27,4,3,10.41260780952381,26.0,20,2
2023-08-16,592351,27,4,2,8.840038272727273,27.0,20,1
2023-08-16,592767,3,2,0,0.862,3.0,1,0
2023-08-16,592773,3,0,0,0.9915,3.0,3,0
2023-08-16,592789,25,3,2,10.06396706060606,25.0,19,3
2023-08-16,594580,3,2,0,0.069,3.0,1,0
2023-08-16,596057,8,1,1,2.449303,8.0,6,0
2023-08-16,596271,18,4,1,6.187903,18.0,13,1
2023-08-16,596295,24,1,3,9.274423285714287,24.0,20,1
2023-08-16,605177,5,1,1,2.3611203913043477,5.0,3,1
2023-08-16,605182,26,7,2,5.235811,26.0,16,0
2023-08-16,605242,3,3,0,0.0,3.0,0,0
2023-08-16,605347,6,0,3,2.7447090000000003,6.0,3,0
2023-08-16,605400,22,7,4,8.113933428571428,22.0,11,1
2023-08-16,605483,22,5,2,8.692115652865875,22.0,15,2
2023-08-16,606160,3,1,0,0.28200000000000003,3.0,2,0
2023-08-16,607179,4,0,0,2.7675,4.0,4,1
2023-08-16,607259,3,1,0,0.471,3.0,2,0
2023-08-16,607481,4,1,1,1.0249030000000001,4.0,2,0
2023-08-16,608032,5,2,0,1.937625,5.0,3,0
2023-08-16,608665,3,1,0,0.34099999999999997,3.0,2,0
2023-08-16,612434,7,2,0,2.5025399999999998,7.0,5,1
2023-08-16,621016,3,0,2,1.9138060000000001,3.0,1,0
2023-08-16,621112,26,8,1,7.1879029999999995,26.0,17,0
2023-08-16,621363,1,0,0,0.156,1.0,1,0
2023-08-16,621366,8,1,1,3.259875972972973,8.0,6,1
2023-08-16,621381,7,1,0,0.796,7.0,6,0
2023-08-16,622072,5,1,0,1.0550000000000002,5.0,4,0
2023-08-16,622250,4,1,0,2.236,4.0,3,1
2023-08-16,622491,30,3,1,11.087859629318393,30.0,26,3
2023-08-16,623149,4,2,0,0.443,4.0,2,0
2023-08-16,623352,4,2,0,1.5774444444444446,4.0,2,0
2023-08-16,625643,3,1,1,0.0,2.0,1,0
2023-08-16,628317,20,6,1,10.094903,20.0,13,2
2023-08-16,628452,3,1,0,0.216,3.0,2,0
2023-08-16,640448,4,0,1,0.924903,4.0,3,0
2023-08-16,640462,3,2,0,0.147,3.0,1,0
2023-08-16,641360,6,0,0,1.789005,6.0,5,0
2023-08-16,641427,3,0,0,1.311,3.0,3,0
2023-08-16,641627,3,0,0,0.563,3.0,3,0
2023-08-16,641755,5,1,0,2.7661538461538457,5.0,4,1
2023-08-16,641835,3,0,0,1.17,3.0,3,0
2023-08-16,641871,3,2,0,0.371,3.0,1,0
2023-08-16,641941,4,1,0,0.983,4.0,3,0
2023-08-16,642100,4,1,1,1.579903,4.0,2,0
2023-08-16,642397,3,1,0,0.151,3.0,2,0
2023-08-16,643377,7,0,1,4.330989904761905,7.0,6,2
2023-08-16,643410,3,1,0,0.24,3.0,2,0
2023-08-16,643493,10,2,1,4.223903,10.0,7,0
2023-08-16,650633,11,3,1,1.974903,11.0,7,0
2023-08-16,650644,22,5,1,5.086903,22.0,16,0
2023-08-16,650893,2,1,0,0.4726999999999999,2.0,1,0
2023-08-16,656234,5,1,0,1.2670833333333333,5.0,4,0
2023-08-16,656353,6,1,0,0.969,6.0,5,0
2023-08-16,656457,4,0,0,1.419,4.0,4,0
2023-08-16,656464,3,2,0,0.188,3.0,1,0
2023-08-16,656529,5,2,1,1.7249029999999999,5.0,2,0
2023-08-16,656638,3,2,0,0.247,3.0,1,0
2023-08-16,656730,3,2,0,0.102,3.0,1,0
2023-08-16,656731,22,5,4,7.940930295739348,22.0,13,2
2023-08-16,656786,4,1,1,0.850903,4.0,2,0
2023-08-16,657024,1,1,0,0.0,1.0,0,0
2023-08-16,657097,3,0,0,0.115,3.0,3,0
2023-08-16,660261,4,0,0,2.8188109890109887,4.0,4,2
2023-08-16,660431,5,0,1,2.322903,5.0,4,0
2023-08-16,660813,3,0,0,1.252005,3.0,2,0
2023-08-16,663158,4,0,0,1.2650000000000001,4.0,4,0
2023-08-16,663704,6,2,0,4.064714285714286,6.0,4,1
2023-08-16,663773,7,2,0,2.21105,7.0,5,0
2023-08-16,663947,7,5,0,0.5700000000000001,7.0,2,0
2023-08-16,664126,3,1,0,0.34299999999999997,3.0,2,0
2023-08-16,665152,25,4,2,6.797806,25.0,19,0
2023-08-16,665871,23,4,2,7.481875972972973,22.0,17,1
2023-08-16,666200,22,3,3,10.583464952380952,22.0,16,3
2023-08-16,666277,4,1,0,0.9470050000000001,4.0,2,0
2023-08-16,666364,3,1,0,0.6209999999999999,3.0,2,0
2023-08-16,666374,4,1,0,1.420652173913044,4.0,3,1
2023-08-16,666619,3,0,1,2.7032012456140353,3.0,2,1
2023-08-16,666818,3,1,2,1.391806,3.0,0,0
2023-08-16,669022,21,7,2,4.40226545945946,21.0,12,1
2023-08-16,669212,4,0,0,0.09000000000000001,4.0,4,0
2023-08-16,669395,5,1,1,1.4219030000000001,5.0,3,0
2023-08-16,669459,5,0,0,2.534657142857143,5.0,5,1
2023-08-16,669461,24,5,3,9.091108267399267,24.0,16,2
2023-08-16,669796,8,1,2,5.678551341614907,8.0,5,2
2023-08-16,670102,4,0,0,2.3728043478260865,4.0,4,1
2023-08-16,670167,4,0,0,1.6058,4.0,4,0
2023-08-16,670912,21,3,5,7.417098333333334,21.0,13,1
2023-08-16,670990,4,2,0,0.182,4.0,2,0
2023-08-16,671096,20,5,0,9.251506649616369,20.0,15,3
2023-08-16,671345,6,0,0,5.209566883116884,6.0,6,2
2023-08-16,672282,28,5,4,5.951612,28.0,19,0
2023-08-16,672335,2,0,0,0.812,1.0,1,0
2023-08-16,676254,5,2,1,1.623903,5.0,2,0
2023-08-16,676477,7,1,0,4.996928076923076,7.0,5,2
2023-08-16,676684,4,0,1,1.073903,4.0,3,0
2023-08-16,677053,4,1,1,1.319903,4.0,2,0
2023-08-16,677865,1,0,0,0.285,1.0,1,0
2023-08-16,677944,19,4,3,7.615909454545454,19.0,11,2
2023-08-16,678606,3,2,0,0.498,3.0,1,0
2023-08-16,679525,25,6,5,7.788696470588236,25.0,13,0
2023-08-16,680735,4,1,0,1.033005,4.0,2,0
2023-08-16,680739,4,0,1,2.4429863333333333,4.0,3,0
2023-08-16,681190,15,3,3,7.300359022904261,15.0,9,2
2023-08-16,681402,6,3,1,0.9639030000000001,6.0,2,0
2023-08-16,681857,16,3,1,6.456903,16.0,12,0
2023-08-16,682842,7,1,1,3.7373575454545453,7.0,5,1
2023-08-16,689225,6,1,2,2.010806,5.0,2,0
2023-08-17,425794,25,2,3,9.524250666666667,25.0,20,2
2023-08-17,448179,18,3,1,5.950607545454545,18.0,14,2
2023-08-17,458681,25,3,1,6.8910029999999995,25.0,21,0
2023-08-17,500779,25,5,4,8.02190611764706,25.0,16,1
2023-08-17,519242,19,3,3,6.304274,19.0,12,0
2023-08-17,571578,21,6,0,5.0488333333333335,21.0,15,1
2023-08-17,572403,3,0,0,2.6053700793650796,3.0,2,1
2023-08-17,600921,1,1,0,0.0,1.0,0,0
2023-08-17,606303,5,1,0,1.4222142857142859,4.0,3,0
2023-08-17,621368,3,1,1,1.341903,3.0,1,0
2023-08-17,622098,4,0,1,1.287903,4.0,3,0
2023-08-17,623465,4,2,1,0.7479030000000001,4.0,1,0
2023-08-17,640448,5,1,0,2.168,5.0,4,0
2023-08-17,640451,4,1,0,0.347,4.0,3,0
2023-08-17,641627,5,1,0,2.1390000000000002,5.0,4,0
2023-08-17,657571,3,0,0,1.951,3.0,3,0
2023-08-17,658648,15,4,1,3.884908,14.0,9,0
2023-08-17,661440,9,2,1,2.3310049999999998,8.0,5,0
2023-08-17,663423,3,0,0,0.13099999999999998,3.0,3,0
2023-08-17,663462,3,1,0,1.365,3.0,2,0
2023-08-17,663804,5,3,1,1.2379030000000002,5.0,1,0
2023-08-17,666374,3,1,0,0.9002222222222221,3.0,2,0
2023-08-17,666721,8,0,2,3.979811,8.0,5,1
2023-08-17,667463,4,0,0,2.1011694915254244,4.0,4,1
2023-08-17,668678,23,3,1,11.458391210019244,23.0,19,5
2023-08-17,669111,4,2,0,1.8506694915254245,4.0,2,1
2023-08-17,669203,25,9,2,4.850806,25.0,14,0
2023-08-17,669459,4,3,0,0.716,4.0,1,0
2023-08-17,669467,5,2,0,1.4609999999999999,5.0,3,0
2023-08-17,669684,7,1,1,3.353056846153846,7.0,5,1
2023-08-17,669923,24,2,0,9.739523290094338,24.0,22,2
2023-08-17,670174,6,0,0,2.622,6.0,6,0
2023-08-17,672578,3,0,0,2.643,3.0,3,1
2023-08-17,672582,20,6,2,6.340848258064517,20.0,10,1
2023-08-17,676395,8,2,2,5.557889333333334,8.0,4,1
2023-08-17,679885,6,3,2,1.7968060000000001,6.0,1,0
2023-08-17,701643,4,1,0,1.2092173913043478,4.0,3,1
2023-08-18,455119,2,1,0,0.526,2.0,1,0
2023-08-18,500743,3,0,0,0.392,3.0,3,0
2023-08-18,502043,24,6,0,8.130631578947368,24.0,18,1
2023-08-18,502085,4,1,0,0.85,4.0,3,0
2023-08-18,502171,28,3,2,10.437633368421054,28.0,22,1
2023-08-18,518397,3,0,1,0.4908333333333333,2.0,2,0
2023-08-18,519043,4,1,0,2.5488888888888894,4.0,3,1
2023-08-18,541640,16,3,1,5.770164160714286,16.0,12,1
2023-08-18,542585,6,0,1,2.8369030000000004,6.0,5,0
2023-08-18,542881,20,3,2,6.937811,20.0,14,0
2023-08-18,542888,5,2,0,0.40800000000000003,5.0,3,0
2023-08-18,543766,6,2,1,2.6176696666666666,6.0,3,1
2023-08-18,547179,19,1,1,6.797611513708514,19.0,17,1
2023-08-18,552640,3,0,0,1.5979999999999999,3.0,3,0
2023-08-18,554340,3,0,0,0.952,3.0,3,0
2023-08-18,571656,3,2,0,0.019,3.0,1,0
2023-08-18,571760,19,3,1,4.329903,18.0,14,0
2023-08-18,571901,2,0,0,0.976,2.0,2,0
2023-08-18,571948,3,1,0,0.148,3.0,2,0
2023-08-18,573009,3,0,1,1.484903,3.0,2,0
2023-08-18,573204,3,0,1,2.3049446666666666,3.0,2,1
2023-08-18,592094,5,3,0,1.251,5.0,2,0
2023-08-18,592229,9,1,1,3.594903,9.0,7,0
2023-08-18,592426,6,3,2,2.3158060000000003,6.0,1,0
2023-08-18,592767,3,1,0,0.395,3.0,2,0
2023-08-18,592791,23,3,0,8.73318205128205,23.0,20,1
2023-08-18,595345,5,1,2,2.229806,5.0,2,0
2023-08-18,596112,3,3,0,0.0,3.0,0,0
2023-08-18,600917,3,0,0,0.253,3.0,3,0
2023-08-18,600921,3,2,1,0.695903,3.0,0,0
2023-08-18,605130,3,0,0,0.6968,3.0,3,0
2023-08-18,605177,4,0,1,2.065903,4.0,3,0
2023-08-18,605242,4,0,1,1.2137363333333333,4.0,3,0
2023-08-18,605347,6,1,1,3.303903,6.0,4,0
2023-08-18,605463,6,1,0,0.868,6.0,5,0
2023-08-18,605498,6,1,1,2.033903,6.0,4,0
2023-08-18,605540,21,4,2,5.3779752722371965,21.0,15,2
2023-08-18,607179,4,2,0,1.2000000000000002,4.0,2,0
2023-08-18,607625,25,9,3,5.446709,25.0,13,0
2023-08-18,607755,3,0,2,1.4418060000000001,3.0,1,0
2023-08-18,608032,8,2,0,3.388005,8.0,5,0
2023-08-18,608371,4,2,1,0.698903,4.0,1,0
2023-08-18,608665,4,1,0,1.8752,4.0,3,1
2023-08-18,608678,3,0,0,0.804,3.0,3,0
2023-08-18,608717,8,1,0,1.3918888888888887,8.0,7,0
2023-08-18,612434,5,0,0,2.792605,4.0,4,1
2023-08-18,621016,4,0,0,2.6363142857142856,4.0,4,1
2023-08-18,621244,22,8,4,4.931612,22.0,10,0
2023-08-18,621345,1,0,0,0.651,1.0,1,0
2023-08-18,621363,5,1,0,2.3416,5.0,4,1
2023-08-18,621366,4,1,0,0.6717142857142858,4.0,3,0
2023-08-18,622250,5,1,1,2.4738458571428574,5.0,3,1
2023-08-18,622780,6,1,1,1.2081111111111111,5.0,4,0
2023-08-18,623352,3,3,0,0.0,3.0,0,0
2023-08-18,623437,5,1,0,0.233,5.0,4,0
2023-08-18,624647,6,2,0,0.119,6.0,4,0
2023-08-18,625643,5,2,0,1.031,5.0,3,0
2023-08-18,628452,3,2,0,0.013,3.0,1,0
2023-08-18,640448,4,1,0,2.1866071428571425,4.0,3,1
2023-08-18,640451,3,1,0,0.976,3.0,2,0
2023-08-18,641154,26,7,2,7.1793824285714285,25.0,16,0
2023-08-18,641360,2,1,1,0.695903,2.0,0,0
2023-08-18,641585,27,7,1,10.569000857142857,27.0,18,3
2023-08-18,641656,11,5,0,1.51,11.0,6,0
2023-08-18,641703,12,1,2,6.159564620689655,12.0,9,1
2023-08-18,641729,4,1,0,1.843005,4.0,2,0
2023-08-18,641871,3,1,1,1.031903,3.0,1,0
2023-08-18,641941,3,1,0,0.528,3.0,2,0
2023-08-18,642207,3,0,0,1.7695000000000003,3.0,3,1
2023-08-18,642397,5,0,0,1.538,5.0,5,0
2023-08-18,642701,10,1,2,3.235806,10.0,7,0
2023-08-18,643377,3,2,0,0.014,3.0,1,0
2023-08-18,645261,25,6,1,9.992193842490842,25.0,18,3
2023-08-18,650893,1,0,0,0.126,1.0,1,0
2023-08-18,656271,5,0,1,2.198,4.0,4,0
2023-08-18,656322,3,0,0,0.23800000000000002,3.0,3,0
2023-08-18,656529,4,2,1,1.3064414615384616,4.0,1,0
2023-08-18,656546,6,2,0,1.266375,6.0,4,0
2023-08-18,656578,20,6,3,8.37835223607427,20.0,11,2
2023-08-18,656629,22,1,4,10.614880571428571,22.0,17,3
2023-08-18,657024,5,2,1,0.8409030000000001,5.0,2,0
2023-08-18,657097,3,1,0,0.075,3.0,2,0
2023-08-18,657508,6,1,1,2.430903,6.0,4,0
2023-08-18,657514,3,1,0,1.8199999999999998,3.0,2,0
2023-08-18,660853,1,1,0,0.0,1.0,0,0
2023-08-18,660906,7,1,0,2.003111111111111,7.0,6,1
2023-08-18,661395,4,3,0,0.084,4.0,1,0
2023-08-18,661403,3,0,0,1.0112,3.0,3,0
2023-08-18,662253,4,0,0,0.772,4.0,4,0
2023-08-18,663158,3,1,0,0.774,3.0,2,0
2023-08-18,663567,24,5,1,8.809901412698412,24.0,18,4
2023-08-18,663855,2,0,0,1.7393142857142858,2.0,2,1
2023-08-18,663941,3,2,0,0.183,3.0,1,0
2023-08-18,663947,7,2,1,1.9487451052631581,7.0,4,1
2023-08-18,664028,20,2,1,6.178508,20.0,16,1
2023-08-18,664062,22,2,4,13.620821004024146,22.0,16,5
2023-08-18,664126,5,1,1,1.2829030000000001,5.0,3,0
2023-08-18,664139,3,0,0,0.065,3.0,3,0
2023-08-18,664192,23,5,2,6.417564620689656,23.0,16,1
2023-08-18,664199,3,1,0,0.839,3.0,2,0
2023-08-18,664353,8,3,0,1.4700000000000002,8.0,5,0
2023-08-18,664747,3,1,0,0.017,3.0,2,0
2023-08-18,664942,15,1,1,6.119848454545454,15.0,13,2
2023-08-18,665622,15,1,0,6.041088888888889,15.0,14,1
2023-08-18,665625,4,1,1,1.281903,4.0,2,0
2023-08-18,666142,27,9,2,7.209806,27.0,16,0
2023-08-18,666154,3,0,0,0.611,3.0,3,0
2023-08-18,666205,16,3,1,4.3799030000000005,16.0,12,0
2023-08-18,666214,21,3,2,6.146806,21.0,16,0
2023-08-18,666745,17,1,0,7.5612432432432435,17.0,16,1
2023-08-18,666974,4,2,0,1.6660000000000001,4.0,2,0
2023-08-18,667755,4,1,0,0.551,4.0,3,0
2023-08-18,668868,22,5,1,8.844198454545454,22.0,16,2
2023-08-18,668909,23,4,2,9.387419311688312,23.0,17,2
2023-08-18,669212,4,2,0,1.3952499999999999,4.0,2,1
2023-08-18,669373,22,7,1,5.097903,22.0,14,0
2023-08-18,669395,4,1,1,1.245903,4.0,2,0
2023-08-18,669711,8,2,0,1.711,8.0,6,0
2023-08-18,670990,6,1,0,2.55801,6.0,3,0
2023-08-18,671345,5,1,0,1.56325,5.0,4,0
2023-08-18,672335,3,2,0,0.168,3.0,1,0
2023-08-18,672578,4,2,1,1.054903,4.0,1,0
2023-08-18,672851,20,3,2,8.966397954022987,20.0,15,2
2023-08-18,675540,23,6,2,5.346190615384615,22.0,15,0
2023-08-18,675911,23,10,1,3.961223789473684,23.0,11,0
2023-08-18,675916,5,2,1,1.0889030000000002,5.0,2,0
2023-08-18,676395,3,0,0,1.1520000000000001,3.0,3,0
2023-08-18,676477,8,5,0,1.7377500000000001,8.0,3,1
2023-08-18,677865,3,0,0,0.317,3.0,3,0
2023-08-18,678394,23,4,1,5.184791888888888,23.0,18,1
2023-08-18,678606,3,1,0,0.3,3.0,2,0
2023-08-18,680704,4,1,1,2.081278,4.0,2,0
2023-08-18,680735,2,0,1,0.825903,2.0,1,0
2023-08-18,681402,8,2,2,2.522406,8.0,4,1
2023-08-18,681882,3,2,0,0.759,3.0,1,0
2023-08-18,681911,3,2,0,0.551,3.0,1,0
2023-08-18,681982,4,0,1,0.904903,3.0,2,0
2023-08-18,682120,6,2,0,1.5434,5.0,4,0
2023-08-18,682243,22,2,1,7.4427175628750675,22.0,19,3
2023-08-18,682842,3,0,0,1.1300000000000001,3.0,3,0
2023-08-18,686539,5,0,1,2.093403,5.0,4,0
2023-08-18,689225,6,2,1,1.4909029999999999,6.0,3,1
2023-08-18,694297,24,5,3,8.58156451948052,24.0,16,2
2023-08-19,472610,7,0,0,1.984,7.0,7,0
2023-08-19,489446,4,2,1,1.047903,4.0,1,0
2023-08-19,500871,6,0,1,2.199908,6.0,4,0
2023-08-19,502085,9,0,2,3.5732363333333335,8.0,7,0
2023-08-19,506433,25,7,1,9.411574666666667,25.0,16,0
2023-08-19,518489,4,1,0,0.51,4.0,3,0
2023-08-19,518585,5,1,1,1.5829030000000002,5.0,3,0
2023-08-19,518617,7,1,1,1.4399030000000002,7.0,5,0
2023-08-19,518876,23,3,4,8.972855032329988,23.0,16,2
2023-08-19,519043,3,1,1,0.8509030000000001,3.0,1,0
2023-08-19,527048,20,1,2,6.383425047619047,19.0,16,1
2023-08-19,543037,20,4,1,9.567590878787879,20.0,15,3
2023-08-19,543243,27,7,3,6.248959,27.0,17,0
2023-08-19,543272,4,1,0,1.96,4.0,3,0
2023-08-19,543507,4,0,0,1.4969999999999999,4.0,4,0
2023-08-19,543518,9,2,1,2.182903,9.0,6,0
2023-08-19,545121,7,0,1,4.936463555555556,7.0,5,1
2023-08-19,571479,3,1,0,0.043,3.0,2,0
2023-08-19,571670,6,2,2,1.8308060000000002,6.0,2,0
2023-08-19,571863,5,0,0,3.206,5.0,5,1
2023-08-19,571882,4,3,1,0.695903,4.0,0,0
2023-08-19,571945,23,4,2,9.498846,23.0,17,2
2023-08-19,571948,4,2,1,0.7529030000000001,4.0,1,0
2023-08-19,572955,4,1,0,1.5499999999999998,4.0,3,0
2023-08-19,592454,4,0,0,1.149,4.0,4,0
2023-08-19,592773,6,1,0,2.119005,6.0,4,0
2023-08-19,593576,6,1,0,2.9902272727272727,5.0,4,1
2023-08-19,600921,2,0,0,1.5825000000000002,2.0,2,1
2023-08-19,605130,8,4,0,1.697,8.0,4,0
2023-08-19,605135,22,6,1,4.663500222222222,22.0,15,2
2023-08-19,605242,3,0,0,0.744,3.0,3,0
2023-08-19,605447,5,1,1,1.684903,5.0,3,0
2023-08-19,605498,16,3,2,6.739806,16.0,11,1
2023-08-19,606160,3,2,0,0.074,3.0,1,0
2023-08-19,606303,4,2,0,0.982,4.0,2,0
2023-08-19,607192,28,7,0,9.634554111405835,28.0,21,4
2023-08-19,607259,11,3,3,4.09631506060606,11.0,5,1
2023-08-19,607536,23,6,1,6.639603,22.0,15,0
2023-08-19,607755,5,1,1,1.0529030000000001,5.0,3,0
2023-08-19,608344,21,3,1,6.917796333333333,21.0,15,1
2023-08-19,608718,6,1,0,0.621,6.0,5,0
2023-08-19,621051,5,3,1,1.118903,5.0,1,0
2023-08-19,621107,23,4,1,5.115612677419355,23.0,18,1
2023-08-19,621345,3,1,0,0.579,3.0,2,0
2023-08-19,621368,3,1,0,0.129,3.0,2,0
2023-08-19,621383,10,2,1,3.1874029999999998,10.0,7,0
2023-08-19,622065,4,1,1,1.129903,4.0,2,0
2023-08-19,622554,4,0,0,1.8323541666666667,4.0,4,1
2023-08-19,623149,6,0,2,2.8561267894736844,6.0,3,0
2023-08-19,623465,3,0,0,0.127,3.0,3,0
2023-08-19,623474,7,2,1,1.587903,7.0,4,0
2023-08-19,625643,4,2,0,1.165,4.0,2,0
2023-08-19,628452,3,2,0,0.097,3.0,1,0
2023-08-19,628711,26,5,0,9.87738,26.0,20,2
2023-08-19,630023,19,4,1,7.551675727272727,19.0,14,2
2023-08-19,640470,4,1,0,1.169,4.0,3,0
2023-08-19,641540,23,4,1,6.832823346320346,23.0,18,2
2023-08-19,641672,4,2,1,0.7179030000000001,4.0,1,0
2023-08-19,641835,3,1,1,0.9539030000000001,3.0,1,0
2023-08-19,642100,3,2,0,0.377,3.0,1,0
2023-08-19,642232,6,1,0,1.0291,6.0,5,0
2023-08-19,642528,3,1,0,0.066,3.0,2,0
2023-08-19,642545,18,3,2,9.270882870129869,17.0,13,3
2023-08-19,642547,23,11,2,3.565806,23.0,10,0
2023-08-19,642585,3,1,0,0.8388888888888888,3.0,2,0
2023-08-19,643410,2,1,0,0.948,2.0,1,0
2023-08-19,643511,8,3,0,2.899,8.0,5,1
2023-08-19,650911,25,5,0,6.732454545454545,25.0,20,0
2023-08-19,656061,16,1,2,7.167311,16.0,11,1
2023-08-19,656234,4,2,0,0.8400000000000001,4.0,2,0
2023-08-19,656288,13,5,1,4.481903,13.0,7,1
2023-08-19,656353,4,2,0,0.289,4.0,2,0
2023-08-19,656464,6,2,0,1.9082442434210523,6.0,4,1
2023-08-19,656605,25,12,1,6.380903,25.0,12,1
2023-08-19,656638,3,0,1,1.0249030000000001,3.0,2,0
2023-08-19,656730,3,2,0,0.361,3.0,1,0
2023-08-19,656786,5,2,0,1.7002756410256414,5.0,3,1
2023-08-19,656814,4,1,0,0.73,4.0,3,0
2023-08-19,656945,3,0,0,1.18,3.0,3,0
2023-08-19,657006,24,7,0,6.278004999999999,24.0,16,0
2023-08-19,657097,5,3,1,1.4219080000000002,5.0,0,0
2023-08-19,657240,6,3,2,1.7098060000000002,6.0,1,0
2023-08-19,657265,7,0,2,3.5055282222222224,7.0,5,0
2023-08-19,657277,26,5,0,9.870545454545455,26.0,21,1
2023-08-19,657571,5,0,0,2.1089230769230767,5.0,5,1
2023-08-19,657697,10,2,0,2.0600050000000003,10.0,7,0
2023-08-19,660261,4,2,0,0.254,4.0,2,0
2023-08-19,660813,5,0,0,1.779,5.0,5,0
2023-08-19,660825,5,2,0,1.7667748917748918,5.0,3,1
2023-08-19,661309,8,0,1,3.8576580000000003,8.0,6,0
2023-08-19,661440,6,3,0,1.7174324324324324,6.0,3,1
2023-08-19,663362,23,5,3,8.275673306220096,23.0,15,2
2023-08-19,663423,4,0,0,1.259,4.0,4,0
2023-08-19,663485,2,0,1,0.9789030000000001,2.0,1,0
2023-08-19,663623,26,7,2,8.407816,26.0,15,0
2023-08-19,663776,24,4,3,7.6483756666666665,24.0,17,0
2023-08-19,663804,3,0,0,0.498,3.0,3,0
2023-08-19,663855,3,2,0,0.322,3.0,1,0
2023-08-19,663903,23,3,2,7.2897457321428565,23.0,18,1
2023-08-19,663986,4,2,0,0.443,4.0,2,0
2023-08-19,664285,26,5,2,11.697391952380952,26.0,18,2
2023-08-19,666129,23,6,0,7.647769491525424,23.0,17,2
2023-08-19,666159,24,2,1,10.685103040003,24.0,21,3
2023-08-19,666277,3,2,0,0.131,3.0,1,0
2023-08-19,666364,9,0,3,6.005155808510638,9.0,6,1
2023-08-19,666974,5,1,0,1.434,4.0,4,0
2023-08-19,668674,5,2,1,1.5469030000000001,5.0,2,0
2023-08-19,669111,3,2,0,0.002,3.0,1,0
2023-08-19,669302,25,3,1,9.542980272727274,25.0,21,1
2023-08-19,669424,9,2,1,4.189812090909091,9.0,6,1
2023-08-19,669459,4,1,0,0.991,4.0,3,0
2023-08-19,669912,3,0,0,1.5474782608695652,3.0,3,1
2023-08-19,669947,20,2,5,6.454515000000001,20.0,13,0
2023-08-19,670059,5,1,1,2.4408613333333333,5.0,3,1
2023-08-19,670167,4,1,0,1.18225,4.0,3,0
2023-08-19,670280,6,0,1,2.8539030000000003,6.0,5,0
2023-08-19,670871,5,2,0,1.3800000000000001,5.0,3,0
2023-08-19,670950,3,0,0,1.368,3.0,3,0
2023-08-19,671345,3,2,0,0.679,3.0,1,0
2023-08-19,672335,3,2,1,0.0,2.0,0,0
2023-08-19,673540,24,5,2,5.485717764705883,24.0,17,1
2023-08-19,675916,4,0,1,1.861903,4.0,3,0
2023-08-19,676265,11,1,1,6.757219655941656,11.0,9,3
2023-08-19,676440,21,6,1,8.974236215697346,21.0,14,3
2023-08-19,676680,5,0,1,1.017903,4.0,4,0
2023-08-19,676684,4,0,0,2.224,4.0,4,0
2023-08-19,676710,22,5,2,5.9556510000000005,22.0,14,1
2023-08-19,677053,3,1,0,0.6519999999999999,3.0,2,0
2023-08-19,678606,4,1,1,1.6699030000000001,4.0,2,0
2023-08-19,679885,6,2,0,1.474,6.0,4,0
2023-08-19,680704,6,0,1,3.042458555555555,6.0,5,1
2023-08-19,681217,20,4,3,9.296638261083745,20.0,12,2
2023-08-19,681867,11,0,1,4.22724675,11.0,10,1
2023-08-19,682010,6,1,0,1.6976666666666667,6.0,5,0
2023-08-19,682052,4,1,0,0.889,4.0,3,0
2023-08-19,682120,1,1,0,0.0,1.0,0,0
2023-08-19,682227,27,6,1,7.921630272727273,27.0,20,1
2023-08-19,682842,1,1,0,0.0,1.0,0,0
2023-08-19,686610,24,7,3,8.957802708536047,23.0,14,2
2023-08-19,686752,19,5,1,4.832908000000001,19.0,12,0
2023-08-19,686826,12,0,1,7.591712628543498,12.0,11,3
2023-08-19,691587,20,10,0,2.926732330827068,20.0,10,1
2023-08-20,445276,5,2,0,1.3611716666666667,5.0,2,0
2023-08-20,453286,19,4,4,4.888617,19.0,10,0
2023-08-20,455119,4,0,0,2.5798888888888887,4.0,4,1
2023-08-20,471911,21,3,0,9.009858888888889,21.0,18,1
2023-08-20,489446,6,2,2,2.8438160000000003,6.0,0,0
2023-08-20,519151,5,1,0,1.7169999999999999,5.0,4,0
2023-08-20,519293,6,1,0,1.12,6.0,5,0
2023-08-20,543294,25,3,1,9.074334578947369,25.0,21,1
2023-08-20,543475,29,2,1,9.820590267465896,29.0,26,2
2023-08-20,543521,1,0,0,0.159,1.0,1,0
2023-08-20,543766,5,3,0,0.5760000000000001,5.0,2,0
2023-08-20,543859,9,4,1,1.706903,9.0,4,0
2023-08-20,547943,21,7,1,4.526903,21.0,13,0
2023-08-20,554430,28,5,1,7.556903,28.0,22,0
2023-08-20,571656,6,1,0,1.458,6.0,5,0
2023-08-20,571863,4,0,1,3.849812090909091,4.0,3,1
2023-08-20,571882,7,1,0,0.608,6.0,5,0
2023-08-20,572971,20,3,0,4.1820185758513935,20.0,17,1
2023-08-20,573124,3,1,2,1.391806,3.0,0,0
2023-08-20,573204,4,0,1,0.7389030000000001,4.0,3,0
2023-08-20,592426,3,0,0,0.841,3.0,3,0
2023-08-20,592473,3,0,0,1.226005,3.0,2,0
2023-08-20,592773,4,1,0,0.131,4.0,3,0
2023-08-20,592866,23,4,3,6.820226857142858,23.0,16,1
2023-08-20,593958,24,6,1,7.151528,24.0,17,1
2023-08-20,594580,4,0,1,0.8319030000000001,4.0,3,0
2023-08-20,594943,17,1,1,7.316116571428572,17.0,15,2
2023-08-20,596001,8,1,0,3.5353444940476186,8.0,7,2
2023-08-20,600917,5,3,1,1.047903,5.0,1,0
2023-08-20,601713,19,8,1,6.861206787878788,19.0,10,3
2023-08-20,605280,6,0,1,2.341903,6.0,5,0
2023-08-20,605288,22,7,1,5.933514111111111,22.0,14,2
2023-08-20,606149,2,1,0,0.941,2.0,1,0
2023-08-20,606160,5,3,0,1.0150000000000001,5.0,2,0
2023-08-20,607179,3,1,0,0.59,3.0,2,0
2023-08-20,607481,6,1,1,2.079903,6.0,4,0
2023-08-20,608331,27,6,1,11.916650359428395,27.0,20,3
2023-08-20,608665,6,2,1,1.6479030000000001,6.0,3,0
2023-08-20,608717,4,1,0,0.09,4.0,3,0
2023-08-20,621366,6,3,0,0.942,6.0,3,0
2023-08-20,622065,5,0,0,1.583,5.0,5,0
2023-08-20,622072,5,0,0,1.429,5.0,5,0
2023-08-20,622098,4,1,0,0.904,4.0,3,0
2023-08-20,623167,23,5,0,4.8174,23.0,18,0
2023-08-20,623437,4,1,2,1.879806,4.0,1,0
2023-08-20,640448,2,1,0,1.6155178571428572,2.0,1,1
2023-08-20,640451,4,1,0,0.883,4.0,3,0
2023-08-20,640470,6,0,0,2.311005,6.0,5,0
2023-08-20,641627,6,1,1,3.073903,6.0,4,0
2023-08-20,641712,22,7,2,7.61439295652174,22.0,13,2
2023-08-20,642048,5,0,0,3.2100049999999998,5.0,4,0
2023-08-20,642100,4,2,0,0.4556666666666666,4.0,2,0
2023-08-20,642207,1,0,0,0.449,1.0,1,0
2023-08-20,642528,4,0,0,1.485,4.0,4,0
2023-08-20,643377,2,2,0,0.0,2.0,0,0
2023-08-20,643410,2,0,0,0.402,2.0,2,0
2023-08-20,650556,3,2,0,0.7336,3.0,1,1
2023-08-20,650633,8,2,2,3.144612677419355,6.0,4,1
2023-08-20,650893,4,1,0,1.3599999999999999,4.0,3,0
2023-08-20,656234,5,0,0,1.6318400000000002,5.0,5,1
2023-08-20,656271,4,0,0,0.8092272727272727,4.0,4,0
2023-08-20,656302,24,6,2,9.193811,24.0,15,1
2023-08-20,656322,1,1,0,0.0,1.0,0,0
2023-08-20,656382,3,1,0,0.9138333333333335,3.0,2,1
2023-08-20,656529,3,0,0,1.104,3.0,3,0
2023-08-20,656638,3,0,0,0.29100000000000004,3.0,3,0
2023-08-20,656730,5,1,0,1.034,5.0,4,0
2023-08-20,656786,4,0,0,1.326,4.0,4,0
2023-08-20,656814,4,0,0,0.779,4.0,4,0
2023-08-20,657240,3,1,0,0.013,3.0,2,0
2023-08-20,657376,23,8,2,6.8212842608695645,23.0,13,1
2023-08-20,657514,1,0,0,0.009,1.0,1,0
2023-08-20,657585,6,1,0,1.0979999999999999,6.0,5,0
2023-08-20,660261,3,1,0,0.7060000000000001,3.0,2,0
2023-08-20,660853,6,3,0,2.2157777272727275,6.0,2,1
2023-08-20,660906,6,3,0,0.9940000000000001,6.0,3,0
2023-08-20,661395,4,2,0,0.196,4.0,2,0
2023-08-20,662253,3,1,0,0.358,3.0,2,0
2023-08-20,663423,7,1,0,1.055,7.0,6,0
2023-08-20,663462,6,1,1,1.32492,5.0,4,1
2023-08-20,663941,10,3,0,2.039,10.0,7,0
2023-08-20,663947,4,1,0,1.0006,4.0,3,0
2023-08-20,663989,7,1,0,3.2855384615384606,7.0,6,1
2023-08-20,664294,4,3,1,0.695903,4.0,0,0
2023-08-20,664875,3,0,0,0.9857,3.0,3,0
2023-08-20,665625,6,3,1,1.582903,6.0,2,0
2023-08-20,666168,4,0,0,1.177,4.0,4,0
2023-08-20,666374,5,2,0,0.326,5.0,3,0
2023-08-20,666619,4,1,0,0.529,3.0,2,0
2023-08-20,666808,6,3,1,0.113,5.0,2,0
2023-08-20,667463,4,2,0,0.774,4.0,2,0
2023-08-20,668881,24,4,3,10.362494407556035,24.0,17,4
2023-08-20,668941,3,0,0,0.7115714285714285,3.0,3,0
2023-08-20,669060,5,0,1,1.571903,5.0,4,0
2023-08-20,669212,4,0,0,0.619,4.0,4,0
2023-08-20,669467,4,1,0,1.181,4.0,3,0
2023-08-20,669796,3,1,0,0.982860465116279,3.0,2,1
2023-08-20,670102,11,4,0,3.7592264150943393,11.0,7,1
2023-08-20,670167,7,2,3,3.0580090000000006,7.0,2,1
2023-08-20,670174,4,2,1,0.7379030000000001,4.0,1,0
2023-08-20,671106,23,5,2,5.679889333333334,23.0,16,0
2023-08-20,674370,15,6,0,3.221005,15.0,8,0
2023-08-20,676106,8,2,0,2.125,8.0,6,0
2023-08-20,676664,22,4,2,11.458197045548653,22.0,16,3
2023-08-20,677865,3,0,1,0.291,2.0,2,0
2023-08-20,680694,21,8,1,5.956902360902256,21.0,11,1
2023-08-20,681882,3,3,0,0.0,3.0,0,0
2023-08-20,681982,5,1,1,1.4079030000000001,5.0,3,0
2023-08-20,686613,18,5,2,8.163335268960305,18.0,11,4
2023-08-21,493603,4,1,1,1.196903,4.0,2,0
2023-08-21,518397,5,2,0,1.721,5.0,3,0
2023-08-21,519151,4,1,0,1.274231884057971,4.0,3,0
2023-08-21,519293,5,0,1,1.07,4.0,4,0
2023-08-21,543272,7,1,1,2.408992285714286,5.0,5,1
2023-08-21,543507,3,2,0,0.6124545454545454,3.0,1,0
2023-08-21,543518,4,3,0,0.019,4.0,1,0
2023-08-21,543521,13,5,0,3.847,13.0,8,0
2023-08-21,547973,8,2,1,1.961,7.0,5,1
2023-08-21,572020,26,4,3,9.506227237082067,26.0,18,2
2023-08-21,573009,3,0,0,1.1340000000000001,3.0,3,0
2023-08-21,592229,5,0,2,3.1758110000000004,5.0,2,0
2023-08-21,593576,3,2,0,0.25,3.0,1,0
2023-08-21,596271,23,5,2,5.9326481052631586,23.0,16,1
2023-08-21,605242,6,1,1,3.4299030000000004,6.0,4,0
2023-08-21,605400,26,5,1,9.083093151515152,26.0,20,3
2023-08-21,607755,4,0,0,2.009,4.0,4,0
2023-08-21,608379,22,7,2,7.778806,22.0,13,2
2023-08-21,612434,3,0,0,1.075,3.0,3,0
2023-08-21,621016,3,1,1,0.7389030000000001,3.0,1,0
2023-08-21,621051,3,2,0,0.005,3.0,1,0
2023-08-21,621112,22,6,1,7.25285952173913,22.0,15,1
2023-08-21,621368,3,1,0,1.9766212121212112,3.0,2,1
2023-08-21,621381,3,2,0,0.042,3.0,1,0
2023-08-21,621383,10,2,0,3.1795605555555553,10.0,7,1
2023-08-21,622098,4,2,0,1.00792,4.0,2,1
2023-08-21,622491,26,9,0,6.18821111111111,26.0,17,1
2023-08-21,623149,3,1,0,0.166,3.0,2,0
2023-08-21,640455,12,3,2,4.913618727272727,12.0,7,2
2023-08-21,641360,5,3,0,0.478,5.0,2,0
2023-08-21,641672,12,1,1,4.191836333333334,12.0,9,0
2023-08-21,641703,11,2,1,5.864266851674642,11.0,7,2
2023-08-21,642216,23,4,1,7.401406322259136,23.0,18,2
2023-08-21,643410,5,1,0,1.5150000000000001,5.0,4,0
2023-08-21,650556,3,0,0,2.25169387755102,3.0,3,1
2023-08-21,656322,3,1,0,0.397,3.0,2,0
2023-08-21,656353,5,0,1,3.226903,5.0,3,0
2023-08-21,656412,24,4,2,5.510158941176471,24.0,18,1
2023-08-21,656464,5,2,1,1.062,4.0,2,0
2023-08-21,656546,2,0,0,0.762,2.0,2,0
2023-08-21,656756,26,6,1,7.733767367816092,26.0,19,1
2023-08-21,656849,22,4,2,10.881099875043875,22.0,16,3
2023-08-21,657053,23,3,4,11.833372281385282,23.0,16,3
2023-08-21,658648,4,1,0,1.249,4.0,3,0
2023-08-21,660825,6,2,1,1.970903,6.0,3,0
2023-08-21,661527,6,1,1,3.0389030000000004,6.0,4,0
2023-08-21,663158,4,1,1,1.7328458571428575,4.0,2,1
2023-08-21,663546,24,4,0,9.372232272727272,24.0,19,2
2023-08-21,663559,23,8,2,6.649113619047619,23.0,13,2
2023-08-21,663773,17,2,1,5.468223689655172,16.0,13,2
2023-08-21,664199,5,1,0,1.747,5.0,4,0
2023-08-21,664299,26,3,3,10.190196758620688,26.0,19,1
2023-08-21,665871,24,4,2,9.170666795454546,24.0,18,2
2023-08-21,666204,1,0,0,0.0,0.0,0,0
2023-08-21,668674,5,0,1,3.602834034482759,5.0,4,1
2023-08-21,669395,2,0,0,1.459605,2.0,1,1
2023-08-21,669684,20,4,0,5.9883096774193545,20.0,16,1
2023-08-21,669713,2,1,0,0.521,2.0,1,0
2023-08-21,669912,3,0,0,1.044,3.0,3,0
2023-08-21,670766,5,3,0,0.8691923076923079,5.0,2,1
2023-08-21,676680,3,1,0,0.005,3.0,2,0
2023-08-21,676684,3,1,0,0.7829999999999999,3.0,2,0
2023-08-21,677944,18,2,0,5.764088669950739,18.0,16,2
2023-08-21,677960,18,4,5,6.403348333333334,18.0,9,0
2023-08-21,679525,25,9,1,10.943666846153846,25.0,13,3
2023-08-21,679885,4,2,1,1.2019618235294116,4.0,1,0
2023-08-21,680723,24,4,4,11.124130434343435,24.0,16,5
2023-08-21,682010,5,1,0,1.7240000000000002,5.0,4,0
2023-08-21,686839,3,1,0,0.258,3.0,2,0
2023-08-21,689225,6,0,0,1.787,6.0,6,0
2023-08-21,694037,2,1,0,0.0,2.0,1,0
2023-08-22,425794,22,3,1,8.06357691774892,22.0,18,2
2023-08-22,425844,14,5,0,2.316,14.0,9,0
2023-08-22,434378,26,9,1,5.367908,26.0,15,0
2023-08-22,453268,6,0,0,3.7344104054054057,6.0,5,1
2023-08-22,472610,3,0,0,0.436,3.0,3,0
2023-08-22,489119,21,4,1,5.571953,21.0,16,0
2023-08-22,502085,4,1,1,1.448903,4.0,2,0
2023-08-22,518886,4,1,0,1.698,4.0,3,0
2023-08-22,542888,3,2,0,0.474,3.0,1,0
2023-08-22,543507,3,1,0,0.13,3.0,2,0
2023-08-22,543766,7,0,2,2.346811,7.0,4,0
2023-08-22,548384,1,1,0,0.0,1.0,0,0
2023-08-22,552640,4,1,0,0.46699999999999997,4.0,3,0
2023-08-22,554340,3,0,0,1.423005,3.0,2,0
2023-08-22,571670,9,2,0,2.566,9.0,7,0
2023-08-22,571863,3,0,0,0.434,3.0,3,0
2023-08-22,571901,4,1,0,0.525,4.0,3,0
2023-08-22,571948,4,1,0,1.96885,4.0,3,0
2023-08-22,572955,3,2,0,0.9462173913043478,3.0,1,1
2023-08-22,573124,3,0,1,1.7113575454545455,3.0,2,0
2023-08-22,579328,22,6,1,6.707103,22.0,15,1
2023-08-22,592351,20,5,3,7.764709,20.0,12,0
2023-08-22,592426,4,1,0,0.8576,4.0,3,1
2023-08-22,592454,4,2,0,0.3915,4.0,2,0
2023-08-22,592473,7,2,1,1.648903,6.0,4,0
2023-08-22,592767,22,4,3,9.461590310418904,22.0,15,3
2023-08-22,592773,4,0,0,0.982,4.0,4,0
2023-08-22,592789,23,4,1,10.796568377325377,23.0,18,6
2023-08-22,592836,23,7,2,7.199998307692308,23.0,14,1
2023-08-22,594580,3,1,0,0.245,3.0,2,0
2023-08-22,596112,3,1,0,0.008,3.0,2,0
2023-08-22,600917,6,1,0,0.751,6.0,5,0
2023-08-22,605130,4,1,0,1.084,4.0,3,0
2023-08-22,605182,25,4,4,10.029467,25.0,16,2
2023-08-22,605447,3,2,0,0.569,3.0,1,0
2023-08-22,605483,25,8,2,9.258437578947369,24.0,14,2
2023-08-22,606160,5,1,0,2.273120689655172,5.0,4,1
2023-08-22,606930,2,0,0,0.5519999999999999,2.0,2,0
2023-08-22,607074,22,1,0,9.443990050391937,22.0,19,1
2023-08-22,607259,6,0,1,1.945903,5.0,3,0
2023-08-22,607359,6,1,0,1.4218571428571427,6.0,5,0
2023-08-22,608337,27,9,2,6.749430718309859,27.0,15,1
2023-08-22,608665,5,2,1,1.730903,5.0,2,0
2023-08-22,608678,4,2,0,0.575,4.0,2,0
2023-08-22,608718,6,1,1,2.290903,6.0,4,0
2023-08-22,612434,1,0,0,0.384,1.0,1,0
2023-08-22,621016,6,0,2,3.341816,6.0,2,0
2023-08-22,621237,4,2,1,0.7089030000000001,4.0,1,0
2023-08-22,621345,4,0,0,0.859,4.0,4,0
2023-08-22,621363,3,2,1,0.695903,3.0,0,0
2023-08-22,621389,22,4,3,9.124954341614908,22.0,15,2
2023-08-22,622554,4,0,1,1.216903,4.0,3,0
2023-08-22,623149,6,1,1,2.7972255806451614,6.0,4,1
2023-08-22,623437,4,1,0,0.5740000000000001,4.0,3,0
2023-08-22,628452,4,0,1,1.720903,4.0,3,0
2023-08-22,640448,4,0,1,1.551903,4.0,3,0
2023-08-22,640451,3,2,0,0.591,3.0,1,0
2023-08-22,641729,3,2,0,0.377,3.0,1,0
2023-08-22,641793,24,6,1,7.073060142857143,24.0,17,1
2023-08-22,641835,5,0,1,0.707,4.0,4,0
2023-08-22,641871,5,1,2,1.761806,5.0,2,0
2023-08-22,641927,19,3,3,5.727663545454544,19.0,13,1
2023-08-22,642048,3,1,0,0.999,3.0,2,0
2023-08-22,642100,4,2,0,2.0565471698113207,4.0,2,1
2023-08-22,642397,4,2,0,0.307,4.0,2,0
2023-08-22,642528,3,1,0,0.46299999999999997,3.0,2,0
2023-08-22,642585,3,0,0,0.40299999999999997,3.0,3,0
2023-08-22,643511,4,2,0,1.245005,4.0,1,0
2023-08-22,656271,5,1,0,0.66,4.0,4,0
2023-08-22,656382,6,2,0,0.919,6.0,4,0
2023-08-22,656464,4,0,0,0.622,4.0,4,0
2023-08-22,656529,3,3,0,0.0,3.0,0,0
2023-08-22,656557,22,2,3,7.436124584415585,21.0,17,1
2023-08-22,656638,4,1,0,0.23399999999999999,4.0,3,0
2023-08-22,656730,3,1,0,0.056,3.0,2,0
2023-08-22,656731,26,5,2,10.516940856284856,26.0,19,4
2023-08-22,656945,4,1,0,1.389,4.0,3,0
2023-08-22,657024,3,3,0,0.0,3.0,0,0
2023-08-22,657097,3,1,0,0.857,3.0,2,0
2023-08-22,657508,5,1,0,3.3352444444444442,5.0,4,2
2023-08-22,657514,4,1,0,0.896,4.0,3,0
2023-08-22,657571,5,1,0,1.53,5.0,4,0
2023-08-22,657585,4,0,0,1.1948333333333334,4.0,4,1
2023-08-22,661383,4,0,2,1.608806,4.0,2,0
2023-08-22,661403,3,1,0,0.227,2.0,1,0
2023-08-22,661440,8,1,1,2.231903,8.0,6,0
2023-08-22,662253,1,1,0,0.0,1.0,0,0
2023-08-22,663423,2,0,1,0.759903,2.0,1,0
2023-08-22,663462,8,2,0,1.88,8.0,6,0
2023-08-22,663485,6,1,2,2.002806,6.0,3,0
2023-08-22,663542,7,1,1,2.400903,7.0,5,0
2023-08-22,663687,20,5,2,6.845023391304348,20.0,13,1
2023-08-22,663855,3,1,0,0.401,3.0,2,0
2023-08-22,663947,4,0,0,0.194,4.0,4,0
2023-08-22,663986,4,1,0,0.739,4.0,3,0
2023-08-22,664139,1,0,0,0.065,1.0,1,0
2023-08-22,664294,9,0,1,4.0954486349206345,9.0,8,1
2023-08-22,664747,3,1,0,0.9210050000000001,3.0,1,0
2023-08-22,666168,4,0,0,1.136,4.0,4,0
2023-08-22,666200,20,7,1,4.096117285714286,20.0,12,0
2023-08-22,666204,3,0,0,0.423,3.0,3,0
2023-08-22,666808,5,0,1,1.849005,4.0,3,0
2023-08-22,666974,5,2,0,0.881,5.0,3,0
2023-08-22,667463,7,1,1,1.793903,7.0,5,0
2023-08-22,667755,4,0,1,0.8299030000000001,3.0,2,0
2023-08-22,668678,25,11,1,6.326295307692308,25.0,13,2
2023-08-22,668933,27,10,2,8.133388637182637,27.0,15,3
2023-08-22,669060,6,3,0,0.529,6.0,3,0
2023-08-22,669111,3,2,0,0.462,3.0,1,0
2023-08-22,669424,7,1,0,1.344,6.0,5,0
2023-08-22,669459,3,0,0,1.8,3.0,3,0
2023-08-22,669467,3,0,0,0.602,3.0,3,0
2023-08-22,669713,10,5,2,2.2956616206896556,9.0,3,1
2023-08-22,669912,6,1,1,0.9420000000000001,5.0,4,0
2023-08-22,670059,6,2,1,2.218003,6.0,3,0
2023-08-22,670174,5,2,1,1.8964029999999998,5.0,2,1
2023-08-22,670280,4,1,0,1.308,4.0,3,0
2023-08-22,670912,20,5,1,5.50460129059829,19.0,13,1
2023-08-22,670950,3,2,0,0.227,3.0,1,0
2023-08-22,671345,4,0,0,2.071,4.0,4,0
2023-08-22,672335,1,1,0,0.0,1.0,0,0
2023-08-22,672582,16,4,1,6.283158,16.0,10,1
2023-08-22,676254,6,3,0,0.978,6.0,3,0
2023-08-22,676272,26,5,1,6.490712523809524,26.0,20,0
2023-08-22,677053,3,3,0,0.0,3.0,0,0
2023-08-22,677865,1,0,0,0.104,1.0,1,0
2023-08-22,679885,3,1,1,1.113303,3.0,1,0
2023-08-22,680570,26,5,2,7.727895285714286,26.0,19,1
2023-08-22,680686,24,4,5,12.107401582575132,24.0,14,4
2023-08-22,681857,22,7,3,7.352482745173745,22.0,12,2
2023-08-22,681982,4,0,1,0.872,3.0,3,0
2023-08-22,682010,4,1,0,1.6520000000000001,4.0,3,0
2023-08-22,686839,5,1,0,1.064,5.0,4,0
2023-08-22,690986,16,5,1,5.724308000000001,16.0,9,1
2023-08-22,693433,17,3,1,3.6769030000000003,17.0,13,0
2023-08-22,693821,21,3,3,5.890714,21.0,14,0
2023-08-22,694037,3,1,0,0.535,3.0,2,0
2023-08-23,445276,1,0,0,0.31,1.0,1,0
2023-08-23,450203,26,11,1,4.768913,25.0,11,0
2023-08-23,455119,5,0,1,2.221903,5.0,4,0
2023-08-23,477132,8,4,0,2.339847105263158,8.0,3,1
2023-08-23,489446,3,2,0,0.28,3.0,1,0
2023-08-23,500779,25,5,3,10.00556946511628,25.0,17,2
2023-08-23,502171,20,4,0,9.209959459459458,20.0,16,2
2023-08-23,518397,3,0,0,1.014,3.0,3,1
2023-08-23,518489,8,3,0,1.455,8.0,5,0
2023-08-23,518585,7,2,1,2.711096548387097,7.0,4,1
2023-08-23,518886,5,1,1,2.760908,5.0,2,0
2023-08-23,519043,6,2,0,2.5420399999999996,6.0,4,1
2023-08-23,519151,3,2,0,0.049,3.0,1,0
2023-08-23,519242,22,9,1,7.281037015594542,22.0,12,2
2023-08-23,542585,2,0,0,1.024,2.0,2,0
2023-08-23,542881,20,5,3,7.3100423333333335,20.0,12,1
2023-08-23,543766,6,1,0,0.6176249999999999,6.0,5,0
2023-08-23,543859,5,1,1,1.2539030000000002,5.0,3,0
2023-08-23,547179,27,4,3,8.860581222222223,27.0,20,2
2023-08-23,552640,2,0,0,1.539005,2.0,1,0
2023-08-23,571479,4,0,0,1.369,4.0,4,0
2023-08-23,571656,5,1,0,0.384,5.0,4,0
2023-08-23,571882,6,0,2,2.7148060000000003,6.0,4,0
2023-08-23,571901,3,0,0,0.772,3.0,3,0
2023-08-23,572403,4,1,0,1.476005,4.0,2,0
2023-08-23,573124,3,2,0,0.012,3.0,1,0
2023-08-23,573204,6,1,1,3.535787615384615,6.0,4,1
2023-08-23,592332,26,8,1,6.180950619047619,26.0,17,2
2023-08-23,592426,2,0,0,0.402,2.0,2,0
2023-08-23,592791,22,6,1,7.236361682126696,22.0,15,2
2023-08-23,593576,3,1,0,1.8955238095238094,3.0,2,1
2023-08-23,593974,4,3,0,0.514,4.0,1,0
2023-08-23,594580,6,0,1,1.9669029999999998,6.0,5,0
2023-08-23,596001,4,1,0,2.1228333333333333,4.0,3,0
2023-08-23,596133,6,5,0,0.227,6.0,1,0
2023-08-23,596295,26,4,2,7.81848279944095,26.0,20,3
2023-08-23,600921,3,2,0,0.153,3.0,1,0
2023-08-23,601713,3,2,1,0.695903,3.0,0,0
2023-08-23,606303,4,1,0,0.6359473684210527,4.0,3,0
2023-08-23,607481,6,3,1,1.553903,6.0,2,0
2023-08-23,607625,23,4,1,5.337903,23.0,18,0
2023-08-23,607755,3,0,1,1.6169030000000002,2.0,2,0
2023-08-23,608032,5,1,0,1.341005,5.0,3,0
2023-08-23,608371,6,3,1,0.7099030000000001,6.0,2,0
2023-08-23,608665,6,1,2,2.7544257183098586,5.0,2,1
2023-08-23,608678,4,0,1,1.732903,4.0,3,0
2023-08-23,608718,1,0,0,0.591,1.0,1,0
2023-08-23,621051,3,1,0,0.111,3.0,2,0
2023-08-23,621074,5,1,2,2.071806,5.0,2,0
2023-08-23,621363,5,2,2,2.196806,5.0,1,0
2023-08-23,621381,8,2,0,2.239333333333333,8.0,6,0
2023-08-23,622065,2,1,0,0.258,2.0,1,0
2023-08-23,622072,3,1,2,1.391806,3.0,0,0
2023-08-23,622663,24,2,2,7.396806,24.0,20,0
2023-08-23,623352,6,3,2,2.042806,6.0,1,0
2023-08-23,623437,1,0,0,0.0,0.0,0,0
2023-08-23,624647,4,0,2,1.5948060000000002,4.0,2,0
2023-08-23,625643,5,2,1,1.344903,5.0,2,0
2023-08-23,628317,20,6,2,6.625245782608696,20.0,11,1
2023-08-23,640462,4,1,0,0.8470000000000001,4.0,3,0
2023-08-23,640470,5,2,1,1.759903,5.0,2,0
2023-08-23,641360,8,2,0,3.6494285714285706,8.0,6,1
2023-08-23,641656,5,3,0,0.712,5.0,2,0
2023-08-23,641941,5,1,0,2.873714285714285,5.0,4,1
2023-08-23,642207,5,2,1,1.454908,5.0,1,0
2023-08-23,643377,4,0,0,0.8989999999999999,4.0,4,0
2023-08-23,643511,3,0,0,0.9100050000000001,3.0,2,0
2023-08-23,645261,29,3,3,11.02506580851064,29.0,23,3
2023-08-23,650556,3,2,0,0.017,3.0,1,0
2023-08-23,650644,20,9,0,4.9917454079650305,20.0,10,2
2023-08-23,650893,3,1,0,0.6859999999999999,3.0,2,0
2023-08-23,656234,6,2,1,1.154903,6.0,3,0
2023-08-23,656529,4,1,1,1.1569030000000002,4.0,2,0
2023-08-23,656546,3,1,0,0.869,3.0,2,0
2023-08-23,656629,17,5,4,4.0256170000000004,17.0,7,0
2023-08-23,656794,3,1,1,0.819903,3.0,1,0
2023-08-23,656887,3,1,0,0.324,3.0,2,0
2023-08-23,657097,3,1,0,0.40299999999999997,3.0,2,0
2023-08-23,657240,4,3,0,0.239,4.0,1,0
2023-08-23,660261,3,3,0,0.0,3.0,0,0
2023-08-23,660271,5,2,1,0.7639030000000001,5.0,2,0
2023-08-23,660813,3,1,1,0.907903,3.0,1,0
2023-08-23,660853,2,0,0,0.107,2.0,2,0
2023-08-23,660906,8,2,2,2.8852413333333335,7.0,3,1
2023-08-23,661309,11,3,1,4.797314779661018,11.0,6,1
2023-08-23,661395,8,1,1,2.696903,8.0,6,0
2023-08-23,661527,4,0,0,1.9064999999999999,4.0,4,1
2023-08-23,662253,5,3,0,1.7930000000000001,5.0,2,0
2023-08-23,663423,1,0,0,0.051,1.0,1,0
2023-08-23,663542,3,1,0,0.482,3.0,2,0
2023-08-23,663804,4,0,3,2.250709,4.0,1,0
2023-08-23,663941,5,3,2,1.391806,5.0,0,0
2023-08-23,664126,3,2,0,0.006,3.0,1,0
2023-08-23,664139,6,3,0,0.594,6.0,3,0
2023-08-23,664199,3,1,0,0.028,3.0,2,0
2023-08-23,664353,25,1,3,8.692467620689655,25.0,21,2
2023-08-23,664747,5,1,2,1.6918060000000001,5.0,2,0
2023-08-23,664875,8,1,1,2.834908,8.0,5,0
2023-08-23,665152,22,5,0,5.970026881720431,22.0,17,1
2023-08-23,665625,5,0,2,2.1668060000000002,5.0,3,0
2023-08-23,666142,20,11,0,2.458,20.0,9,0
2023-08-23,666205,15,3,2,4.6914536190476195,15.0,10,2
2023-08-23,666619,10,2,1,4.490908,10.0,6,1
2023-08-23,666808,3,0,2,3.2418060000000004,3.0,1,1
2023-08-23,666974,3,0,0,0.9750714285714287,3.0,3,1
2023-08-23,667755,3,1,0,0.227,3.0,2,0
2023-08-23,668868,22,5,1,8.17022308967223,22.0,15,2
2023-08-23,668941,8,3,0,2.076,8.0,5,0
2023-08-23,669022,20,4,1,9.337079470588236,20.0,15,2
2023-08-23,669203,26,5,1,9.130319666666667,26.0,20,2
2023-08-23,669212,6,2,1,2.729974428571429,6.0,3,1
2023-08-23,669373,25,7,1,6.24526260591133,25.0,17,2
2023-08-23,669467,7,0,2,2.306806,7.0,5,0
2023-08-23,669796,6,3,1,1.219903,6.0,2,0
2023-08-23,669923,25,9,0,7.809968222442899,25.0,16,1
2023-08-23,670046,9,3,2,3.2888893333333336,9.0,4,0
2023-08-23,670102,1,0,0,0.025,1.0,1,0
2023-08-23,670174,6,2,0,1.73,6.0,4,0
2023-08-23,670950,8,1,1,3.9094197464114835,8.0,6,1
2023-08-23,670990,9,3,1,2.453908,9.0,4,0
2023-08-23,671096,20,5,4,8.159212,20.0,11,1
2023-08-23,671111,5,1,1,1.174903,5.0,3,0
2023-08-23,672282,25,3,2,9.941392470588235,25.0,18,0
2023-08-23,672578,6,1,0,1.264005,6.0,4,0
2023-08-23,675540,11,1,0,4.666718899521531,11.0,10,1
2023-08-23,675916,5,2,0,1.4568297872340426,5.0,3,1
2023-08-23,676254,1,0,0,0.026,1.0,1,0
2023-08-23,676395,7,4,1,0.7529030000000001,7.0,2,0
2023-08-23,676477,8,1,1,3.158903,7.0,6,0
2023-08-23,676680,3,1,0,0.5800000000000001,3.0,2,0
2023-08-23,678606,7,1,0,3.3080333333333334,7.0,6,0
2023-08-23,679346,3,0,0,0.978005,3.0,2,0
2023-08-23,680689,20,3,3,8.621610699926089,20.0,14,2
2023-08-23,680704,8,1,2,2.7498060000000004,8.0,5,0
2023-08-23,681402,6,3,1,1.672903,6.0,2,0
2023-08-23,681882,9,1,2,2.313806,9.0,6,0
2023-08-23,681911,3,1,0,0.052,3.0,2,0
2023-08-23,682052,9,1,0,3.5119600000000006,9.0,8,2
2023-08-23,682120,8,1,1,3.208534578947369,8.0,6,1
2023-08-23,682842,3,2,0,0.29,3.0,1,0
2023-08-23,682847,22,5,5,8.042515,22.0,12,0
2023-08-23,689225,8,1,1,3.456953,8.0,6,0
2023-08-24,455117,10,0,1,6.0250924242713815,10.0,8,2
2023-08-24,502043,30,8,1,9.593433888030887,30.0,21,2
2023-08-24,518617,6,0,1,1.752903,6.0,5,0
2023-08-24,518876,22,12,0,2.476,22.0,10,0
2023-08-24,519293,3,0,0,1.6367142857142851,3.0,3,1
2023-08-24,541640,12,2,2,3.8848476666666665,12.0,8,1
2023-08-24,542888,8,2,0,2.431243243243243,8.0,6,1
2023-08-24,543507,4,0,0,0.796,4.0,4,0
2023-08-24,554340,4,1,0,1.103005,4.0,2,0
2023-08-24,571578,26,7,3,9.915082295416378,26.0,16,4
2023-08-24,571656,6,0,1,3.035819666666667,6.0,5,0
2023-08-24,571760,20,5,1,8.208390912087912,20.0,14,4
2023-08-24,571863,8,2,0,4.287005,8.0,5,1
2023-08-24,592094,6,5,0,0.4763333333333333,6.0,1,0
2023-08-24,592454,5,2,0,2.748347972972973,5.0,3,1
2023-08-24,600917,3,2,0,0.062,3.0,1,0
2023-08-24,605242,3,1,1,0.876903,3.0,1,0
2023-08-24,605280,7,0,0,2.631005,7.0,6,0
2023-08-24,606160,3,1,0,0.199,3.0,2,0
2023-08-24,607179,4,2,0,2.3747586206896547,4.0,2,2
2023-08-24,607359,3,1,0,1.014,3.0,2,0
2023-08-24,608717,6,2,0,1.88125,6.0,4,1
2023-08-24,612434,3,0,1,1.602903,3.0,2,0
2023-08-24,621244,26,4,0,11.460304838709678,26.0,22,3
2023-08-24,622065,5,0,1,1.707903,5.0,4,0
2023-08-24,622250,3,0,1,2.9955323706293706,3.0,2,1
2023-08-24,623149,4,2,1,0.7329030000000001,4.0,1,0
2023-08-24,623465,3,0,0,0.015,3.0,3,0
2023-08-24,640448,7,2,0,2.5803157894736843,7.0,5,0
2023-08-24,640451,4,1,1,0.7469030000000001,4.0,2,0
2023-08-24,640470,3,0,0,0.599,3.0,3,0
2023-08-24,641154,25,4,1,8.139471798449613,25.0,20,1
2023-08-24,641585,20,3,2,10.11917107936508,20.0,15,2
2023-08-24,641672,6,0,2,2.056903,5.0,4,0
2023-08-24,641835,4,1,0,1.417,4.0,3,0
2023-08-24,641871,4,3,0,0.056,4.0,1,0
2023-08-24,642232,16,2,1,5.918903,16.0,13,0
2023-08-24,642239,5,1,0,1.956,4.0,3,0
2023-08-24,642585,3,0,0,1.2970769230769237,3.0,3,1
2023-08-24,643377,3,1,1,0.8379030000000001,3.0,1,0
2023-08-24,650633,12,3,2,4.5671939551820735,11.0,7,2
2023-08-24,656061,4,0,1,0.790903,4.0,3,0
2023-08-24,656232,25,3,3,8.222135794871795,25.0,18,2
2023-08-24,656382,4,1,0,1.0285000000000002,4.0,3,1
2023-08-24,656578,24,2,0,6.0381904761904766,24.0,22,1
2023-08-24,657006,26,6,2,7.128639333333334,25.0,18,1
2023-08-24,657240,3,1,0,0.729,3.0,2,0
2023-08-24,657571,5,0,0,2.057005,5.0,4,0
2023-08-24,661440,7,3,0,1.7449999999999999,7.0,4,0
2023-08-24,663567,20,6,1,7.477783,20.0,12,1
2023-08-24,664126,4,3,0,0.129,4.0,1,0
2023-08-24,666204,3,0,0,0.41400000000000003,3.0,3,0
2023-08-24,666745,8,2,0,0.793,8.0,6,0
2023-08-24,668674,5,0,1,2.1370050000000003,4.0,3,0
2023-08-24,668909,24,5,2,8.107181,24.0,17,0
2023-08-24,669424,6,1,0,2.6354324324324323,6.0,5,1
2023-08-24,669459,4,2,1,0.804903,4.0,1,0
2023-08-24,669912,2,1,0,0.598,2.0,1,0
2023-08-24,669947,24,4,0,8.73788647623741,24.0,19,4
2023-08-24,670059,4,0,0,1.321005,4.0,3,0
2023-08-24,670280,4,0,0,0.989,4.0,4,0
2023-08-24,677865,1,1,0,0.0,1.0,0,0
2023-08-24,678394,32,4,3,11.722168459459459,32.0,25,1
2023-08-24,679346,3,1,1,1.017903,3.0,1,0
2023-08-24,680739,11,3,2,1.9598060000000002,11.0,6,0
2023-08-24,682010,4,0,0,1.4966060606060605,4.0,4,1
2023-08-24,682227,25,6,1,7.573514111111111,25.0,18,1
2023-08-24,683769,22,0,2,7.035793878787879,22.0,20,1
2023-08-24,686610,22,4,0,7.997372727272727,22.0,18,2
2023-08-24,686752,15,6,0,5.474517857142857,15.0,9,1
2023-08-24,694037,5,0,2,2.1312605454545457,5.0,3,0
2023-08-25,448179,13,0,2,5.594806,13.0,11,0
2023-08-25,458681,29,1,1,8.702692247311829,29.0,27,1
2023-08-25,472610,4,0,1,0.864903,4.0,3,0
2023-08-25,506433,19,3,1,6.761565142857143,19.0,14,1
2023-08-25,518617,3,1,0,0.76,3.0,2,0
2023-08-25,519043,4,1,0,0.101,3.0,3,0
2023-08-25,519151,6,2,0,2.4387777777777777,6.0,4,1
2023-08-25,527048,10,1,1,3.1679556190476195,10.0,7,1
2023-08-25,543037,27,11,0,5.358860215053764,27.0,16,2
2023-08-25,543056,1,1,0,0.0,1.0,0,0
2023-08-25,543243,27,4,0,7.999668533834586,27.0,22,3
2023-08-25,543294,25,4,1,6.533908,25.0,19,0
2023-08-25,543766,8,1,0,2.660005,8.0,6,0
2023-08-25,548384,3,0,1,0.7639999999999999,2.0,2,0
2023-08-25,571479,3,1,0,0.28500000000000003,3.0,2,0
2023-08-25,571882,2,1,1,0.695903,2.0,0,0
2023-08-25,571945,27,3,0,9.812611111111112,27.0,24,2
2023-08-25,573009,3,1,0,0.261,3.0,2,0
2023-08-25,592473,4,2,0,0.424,4.0,2,0
2023-08-25,592767,3,1,0,0.505,3.0,2,0
2023-08-25,594943,24,2,3,10.013385328502416,23.0,18,2
2023-08-25,595345,5,0,1,2.7051696666666665,5.0,4,1
2023-08-25,595978,7,1,0,3.1540049999999997,7.0,5,1
2023-08-25,601713,12,3,2,5.9323615555555556,12.0,7,1
2023-08-25,605135,25,5,2,6.095357022988505,23.0,18,2
2023-08-25,605177,6,1,0,3.4090050000000005,6.0,4,1
2023-08-25,605347,4,0,0,1.284,4.0,4,0
2023-08-25,605498,9,1,0,4.043911764705882,9.0,8,1
2023-08-25,605540,23,11,3,6.469423285714286,23.0,9,1
2023-08-25,607536,25,3,0,10.153054158040028,24.0,22,3
2023-08-25,608032,4,2,0,1.353,4.0,2,0
2023-08-25,608344,26,5,1,8.108019111111112,26.0,19,2
2023-08-25,608638,3,1,0,0.274,3.0,2,0
2023-08-25,608718,6,0,2,3.724344819875777,6.0,4,2
2023-08-25,621016,5,0,1,1.726903,5.0,4,0
2023-08-25,621107,26,11,1,5.609120391304348,26.0,14,1
2023-08-25,621237,3,2,0,0.3885,3.0,1,0
2023-08-25,621368,8,2,0,1.3571999999999997,8.0,6,1
2023-08-25,621383,12,1,0,5.035449444444445,12.0,10,0
2023-08-25,622072,13,2,1,4.666503,13.0,10,1
2023-08-25,623437,3,1,0,0.179,3.0,2,0
2023-08-25,623465,4,2,0,1.573,4.0,2,0
2023-08-25,625643,4,1,1,0.8429030000000001,4.0,2,0
2023-08-25,628452,4,2,0,1.1073000000000004,4.0,2,1
2023-08-25,640451,4,1,0,1.321,4.0,3,0
2023-08-25,640462,3,1,0,0.714,3.0,2,0
2023-08-25,641540,23,6,6,9.99177594117647,23.0,10,2
2023-08-25,641627,1,1,0,0.0,1.0,0,0
2023-08-25,641729,5,0,0,1.906,5.0,5,0
2023-08-25,642048,1,0,0,0.175,1.0,1,0
2023-08-25,642100,3,2,0,0.091,3.0,1,0
2023-08-25,642528,6,0,0,1.805005,6.0,5,0
2023-08-25,642585,2,1,0,0.105,2.0,1,0
2023-08-25,650556,3,0,0,0.489,3.0,3,0
2023-08-25,650893,1,0,0,0.036,1.0,1,0
2023-08-25,650911,23,6,0,5.42775,23.0,17,2
2023-08-25,656234,4,1,0,1.031,4.0,3,0
2023-08-25,656302,27,6,5,9.493515,27.0,16,0
2023-08-25,656322,4,1,2,1.9058060000000001,4.0,1,0
2023-08-25,656464,2,2,0,0.0,2.0,0,0
2023-08-25,656546,3,2,0,0.116,3.0,1,0
2023-08-25,656605,29,6,1,6.826908,29.0,21,0
2023-08-25,656638,5,0,1,1.524903,5.0,3,0
2023-08-25,656730,3,2,0,0.071,3.0,1,0
2023-08-25,656794,7,3,1,2.153903,7.0,3,0
2023-08-25,657024,3,0,0,1.04,3.0,3,0
2023-08-25,657277,21,1,1,7.107908405405405,21.0,19,2
2023-08-25,657514,3,1,1,1.292903,3.0,1,0
2023-08-25,660261,7,2,0,3.210274535809018,7.0,5,2
2023-08-25,660813,7,2,0,0.7240000000000001,7.0,5,0
2023-08-25,660853,3,2,0,0.033,3.0,1,0
2023-08-25,660906,7,2,0,1.2489999999999999,7.0,5,0
2023-08-25,661403,4,1,0,1.181,4.0,3,0
2023-08-25,662253,6,1,2,1.4619030000000002,5.0,3,0
2023-08-25,663462,3,1,0,0.14300000000000002,3.0,2,0
2023-08-25,663485,8,1,0,1.794,8.0,7,0
2023-08-25,663776,24,7,4,7.238307804195804,24.0,13,2
2023-08-25,663855,4,1,0,2.862909090909091,4.0,3,1
2023-08-25,663903,22,6,1,9.04977753416149,22.0,15,3
2023-08-25,663986,4,1,1,0.950903,4.0,2,0
2023-08-25,664028,22,2,3,8.856219,21.0,15,0
2023-08-25,664285,27,6,5,5.856631111111112,26.0,15,0
2023-08-25,665001,12,3,2,4.965502969696971,12.0,7,1
2023-08-25,666129,25,3,0,8.89278705128205,25.0,21,1
2023-08-25,666159,22,3,0,6.8502896222318705,21.0,18,2
2023-08-25,666168,5,0,0,2.6069999999999998,5.0,5,1
2023-08-25,666374,5,0,0,4.685829761904762,5.0,5,3
2023-08-25,668881,21,4,5,8.112015,21.0,12,0
2023-08-25,670102,3,3,0,0.0,3.0,0,0
2023-08-25,670167,7,0,1,3.343903,7.0,6,0
2023-08-25,670280,4,1,0,0.628,4.0,3,0
2023-08-25,672851,22,3,0,5.4599424999999995,22.0,18,1
2023-08-25,673540,27,10,3,7.9812140000000005,27.0,13,1
2023-08-25,675911,25,9,1,5.4125646161616165,25.0,15,1
2023-08-25,676092,5,1,1,1.5169030000000001,5.0,3,0
2023-08-25,676395,5,2,0,0.652,5.0,3,0
2023-08-25,676440,24,5,1,6.574662740259741,24.0,18,2
2023-08-25,676710,20,7,1,3.795903,20.0,12,0
2023-08-25,679885,5,1,1,4.031354808510638,5.0,2,1
2023-08-25,680735,6,2,0,2.884,6.0,4,0
2023-08-25,681911,1,0,0,0.886,1.0,1,0
2023-08-25,681982,6,1,1,4.441903,6.0,4,1
2023-08-25,682243,18,6,1,7.46918807936508,18.0,11,2
2023-08-25,682842,5,3,0,1.329,5.0,2,0
2023-08-25,686826,7,0,0,2.6743548387096774,7.0,7,1
2023-08-25,686839,6,3,1,1.108903,6.0,2,0
2023-08-25,694297,20,5,1,5.413147155844156,20.0,14,2
2023-08-26,453268,3,0,0,0.8365000000000001,3.0,3,1
2023-08-26,453286,26,10,1,6.080203,26.0,15,1
2023-08-26,455119,1,1,0,0.0,1.0,0,0
2023-08-26,471911,12,1,0,6.010693548387097,12.0,11,2
2023-08-26,489446,3,1,0,0.871,3.0,2,0
2023-08-26,493603,3,0,0,0.583,3.0,3,0
2023-08-26,502085,6,1,0,1.931805,6.0,4,1
2023-08-26,518585,5,4,0,0.6239473684210527,5.0,1,0
2023-08-26,542585,8,1,1,3.2229080000000003,8.0,5,1
2023-08-26,543056,3,2,1,0.695903,3.0,0,0
2023-08-26,543475,18,4,3,8.035801386602397,18.0,11,3
2023-08-26,543518,4,0,2,1.6138060000000003,4.0,2,0
2023-08-26,543766,5,1,2,2.197306,5.0,2,0
2023-08-26,547943,21,5,0,5.517742857142857,20.0,16,1
2023-08-26,547973,4,1,1,1.1369030000000002,4.0,2,0
2023-08-26,548384,5,0,1,0.701,4.0,4,0
2023-08-26,554340,4,3,0,0.726005,4.0,0,0
2023-08-26,554430,24,10,0,3.0945,24.0,14,1
2023-08-26,571670,4,0,1,2.203908,4.0,2,0
2023-08-26,571901,8,3,0,1.055,8.0,5,0
2023-08-26,572020,22,4,5,8.182668846153847,22.0,13,1
2023-08-26,572955,3,1,0,0.54,3.0,2,0
2023-08-26,573009,1,0,0,0.3965999999999999,1.0,1,0
2023-08-26,573124,3,1,0,1.3610000000000002,3.0,2,0
2023-08-26,573204,4,1,0,2.648652173913044,4.0,3,1
2023-08-26,592094,3,2,0,0.275,3.0,1,0
2023-08-26,592229,3,1,0,0.6849473684210527,3.0,2,0
2023-08-26,592426,4,0,0,3.1117449999999995,4.0,4,1
2023-08-26,592473,3,1,0,0.504,3.0,2,0
2023-08-26,592773,5,3,0,1.683,5.0,2,0
2023-08-26,593958,24,1,4,9.57106063327674,24.0,18,4
2023-08-26,593974,1,1,0,0.0,1.0,0,0
2023-08-26,594580,6,0,1,1.7119030000000002,5.0,5,0
2023-08-26,594902,22,5,0,8.423554914004914,22.0,17,3
2023-08-26,596001,9,0,0,3.905505,9.0,8,0
2023-08-26,596112,3,2,0,0.073,3.0,1,0
2023-08-26,596133,5,0,0,1.928,5.0,5,0
2023-08-26,605130,7,0,2,2.5288060000000003,7.0,5,0
2023-08-26,605200,21,5,2,6.016564620689655,21.0,14,1
2023-08-26,605498,5,2,1,0.8719030000000001,5.0,2,0
2023-08-26,606149,5,0,1,3.195040762237762,5.0,4,2
2023-08-26,606303,5,0,0,3.093727272727273,5.0,5,1
2023-08-26,607179,4,0,1,1.5908315714285717,4.0,3,0
2023-08-26,607192,21,4,2,6.769067904761905,20.0,14,0
2023-08-26,607481,7,4,1,1.9119030000000001,7.0,2,0
2023-08-26,607755,5,0,1,2.041903,5.0,4,0
2023-08-26,608032,3,0,0,0.485,3.0,3,0
2023-08-26,608331,26,8,2,6.674533272727273,26.0,16,1
2023-08-26,608371,3,2,0,0.0,2.0,1,0
2023-08-26,608665,3,2,0,0.047,3.0,1,0
2023-08-26,608678,6,2,2,2.4671393333333334,6.0,2,1
2023-08-26,612434,3,0,0,2.3513000000000006,3.0,3,1
2023-08-26,621345,5,0,0,1.3980000000000001,5.0,5,0
2023-08-26,621366,7,0,0,2.5522,7.0,7,1
2023-08-26,622098,4,1,0,1.2510000000000001,4.0,3,0
2023-08-26,622110,6,0,0,5.412010882352941,6.0,5,3
2023-08-26,622503,8,3,0,1.6647586206896556,8.0,5,1
2023-08-26,623149,5,0,1,2.705903,5.0,4,0
2023-08-26,623167,21,7,1,4.746908,21.0,12,0
2023-08-26,628711,26,9,1,8.30032503112203,26.0,16,2
2023-08-26,640448,3,0,0,0.697,3.0,3,0
2023-08-26,640455,16,5,2,5.5925202857142855,16.0,9,1
2023-08-26,640470,1,1,0,0.0,1.0,0,0
2023-08-26,641360,7,2,1,1.484903,7.0,4,0
2023-08-26,641672,9,1,0,1.99,9.0,8,0
2023-08-26,641712,25,1,5,10.58000893939394,25.0,19,1
2023-08-26,641835,1,0,0,0.238,1.0,1,0
2023-08-26,641871,6,2,2,2.361806,6.0,2,0
2023-08-26,641941,3,0,0,0.414,3.0,3,0
2023-08-26,642207,3,2,0,0.14,3.0,1,0
2023-08-26,642239,3,0,0,0.602,3.0,3,0
2023-08-26,642397,3,0,0,0.615,3.0,3,0
2023-08-26,642547,21,9,3,5.579936272727273,21.0,9,1
2023-08-26,643377,6,1,2,3.133811,6.0,2,0
2023-08-26,643410,5,3,0,0.269,5.0,2,0
2023-08-26,656271,4,1,0,0.98,4.0,3,0
2023-08-26,656353,5,1,1,1.97659687755102,5.0,3,1
2023-08-26,656382,5,0,1,1.6639030000000001,5.0,4,0
2023-08-26,656464,5,1,1,2.965848454545454,5.0,3,1
2023-08-26,656887,5,3,1,0.7229030000000001,5.0,1,0
2023-08-26,656945,3,1,0,0.487,3.0,2,0
2023-08-26,657024,2,0,0,1.11,2.0,2,0
2023-08-26,657053,20,4,3,5.120714,20.0,12,0
2023-08-26,657097,3,0,1,1.233903,3.0,2,0
2023-08-26,657376,27,5,0,7.522818831168831,27.0,22,2
2023-08-26,657514,1,1,0,0.0,1.0,0,0
2023-08-26,657746,20,7,2,6.489006,20.0,11,1
2023-08-26,658648,20,4,2,5.466811,20.0,13,0
2023-08-26,661395,3,2,0,0.672,3.0,1,0
2023-08-26,663158,3,2,0,0.005,3.0,1,0
2023-08-26,663423,5,3,1,0.7189030000000001,5.0,1,0
2023-08-26,663542,7,1,1,2.894908,7.0,4,0
2023-08-26,663623,24,3,3,9.378708999999999,24.0,18,3
2023-08-26,663752,12,3,3,4.659709,12.0,6,0
2023-08-26,663804,12,1,3,5.887502103448275,12.0,8,1
2023-08-26,664126,4,2,0,0.84,4.0,2,0
2023-08-26,664139,2,1,0,0.012,2.0,1,0
2023-08-26,664747,6,1,1,1.6459030000000001,6.0,4,0
2023-08-26,665625,7,1,1,2.085403,7.0,5,0
2023-08-26,666974,3,0,0,0.468,3.0,3,0
2023-08-26,667755,8,2,0,1.8510050000000002,8.0,5,0
2023-08-26,668674,8,3,2,2.5668316410256415,8.0,3,1
2023-08-26,669084,3,0,0,0.45399999999999996,3.0,3,0
2023-08-26,669212,3,0,0,0.454,3.0,3,0
2023-08-26,669302,24,7,1,5.694309779661018,24.0,16,1
2023-08-26,669424,4,2,1,0.761903,4.0,1,0
2023-08-26,669459,3,0,0,0.399,3.0,3,0
2023-08-26,669467,5,0,0,2.0384545454545453,5.0,5,0
2023-08-26,669713,10,1,1,3.738903,10.0,8,0
2023-08-26,669854,8,1,0,3.347,8.0,7,0
2023-08-26,670167,6,2,1,2.763839034482759,6.0,2,1
2023-08-26,670174,6,1,1,2.133903,6.0,4,0
2023-08-26,670950,6,2,0,1.8524054054054055,6.0,4,1
2023-08-26,671106,19,2,1,7.803923129870131,19.0,16,3
2023-08-26,671111,4,0,1,2.276903,4.0,3,0
2023-08-26,672582,4,1,0,0.43,4.0,3,0
2023-08-26,674370,17,1,5,7.224515,17.0,11,0
2023-08-26,675916,6,1,0,2.0440050000000003,5.0,3,0
2023-08-26,676254,8,3,2,2.600366,8.0,3,0
2023-08-26,676477,10,3,1,3.7249030000000003,10.0,6,0
2023-08-26,676664,28,8,2,7.484497965675057,27.0,18,1
2023-08-26,676680,4,0,0,0.8380000000000001,4.0,4,0
2023-08-26,676684,5,0,0,2.247,5.0,5,0
2023-08-26,677053,4,2,1,1.457903,4.0,1,0
2023-08-26,678606,4,2,0,0.53,4.0,2,0
2023-08-26,680694,25,8,1,7.754347444444444,25.0,16,1
2023-08-26,681217,13,3,2,3.9438060000000004,13.0,8,0
2023-08-26,681402,4,1,1,1.199903,4.0,2,0
2023-08-26,681882,6,3,0,1.5943333333333332,6.0,3,1
2023-08-26,686613,21,9,2,4.616666465116279,21.0,10,1
2023-08-26,686839,5,1,0,1.3150000000000002,5.0,4,0
2023-08-26,687145,5,2,1,1.375903,5.0,2,0
2023-08-26,689225,3,1,0,0.486,3.0,2,0
2023-08-26,691587,21,7,1,4.1278666363636365,21.0,13,1
2023-08-26,694037,4,1,2,2.123806,4.0,1,0
2023-08-26,696136,18,9,1,2.730903,18.0,8,0
2023-08-27,434378,22,7,2,8.484803584082584,22.0,10,2
2023-08-27,472610,4,0,0,2.256,4.0,4,0
2023-08-27,493603,3,1,0,0.5840000000000001,3.0,2,0
2023-08-27,518397,7,0,1,3.990950619047619,7.0,6,1
2023-08-27,518489,3,2,0,0.304,3.0,1,0
2023-08-27,518886,5,1,1,1.622903,5.0,3,0
2023-08-27,519043,5,2,0,1.432,5.0,3,0
2023-08-27,519293,1,1,0,0.0,1.0,0,0
2023-08-27,542888,3,0,0,1.4209999999999998,3.0,3,0
2023-08-27,543272,3,1,0,1.017,3.0,2,0
2023-08-27,543351,6,1,1,1.892772727272727,5.0,4,1
2023-08-27,543518,6,3,0,1.033,6.0,3,0
2023-08-27,543521,11,1,4,4.192709,9.0,6,0
2023-08-27,543859,4,3,0,0.05,4.0,1,0
2023-08-27,547973,6,3,2,2.195806,6.0,1,0
2023-08-27,554340,4,3,0,0.116,4.0,1,0
2023-08-27,571670,4,2,1,0.7389030000000001,4.0,1,0
2023-08-27,571948,3,0,0,0.45899999999999996,3.0,3,0
2023-08-27,572971,21,3,2,8.197280056603773,21.0,16,1
2023-08-27,573009,3,1,1,1.118278,3.0,1,0
2023-08-27,573124,3,1,0,0.345,3.0,2,0
2023-08-27,573204,3,2,0,0.253,3.0,1,0
2023-08-27,579328,25,8,2,8.422790520123838,25.0,15,2
2023-08-27,592094,3,0,0,0.7551923076923079,3.0,3,1
2023-08-27,592454,5,2,1,1.609903,5.0,2,0
2023-08-27,592773,4,2,0,2.6239473684210526,4.0,2,1
2023-08-27,592789,25,3,3,9.435220578947368,25.0,19,3
2023-08-27,592866,28,5,2,6.678189333333334,28.0,21,1
2023-08-27,593576,3,0,0,0.05,3.0,3,0
2023-08-27,593974,2,0,0,1.7315555555555555,2.0,2,1
2023-08-27,595345,3,0,0,0.344,3.0,3,0
2023-08-27,596112,3,1,0,1.101611111111111,3.0,2,1
2023-08-27,600917,4,1,1,1.635903,4.0,2,0
2023-08-27,605182,24,10,2,4.104806,24.0,12,0
2023-08-27,605288,11,2,1,4.293214355311356,11.0,8,1
2023-08-27,605400,23,9,1,4.454257838709678,23.0,13,1
2023-08-27,605447,8,2,2,2.6706460000000005,8.0,4,1
2023-08-27,606160,3,1,0,0.201,3.0,2,0
2023-08-27,606930,5,0,0,2.0850588235294114,5.0,5,0
2023-08-27,607074,21,7,2,6.535811,21.0,11,1
2023-08-27,607259,9,2,1,4.124944666666667,9.0,6,1
2023-08-27,607359,4,1,0,0.9359999999999999,4.0,3,0
2023-08-27,607755,7,0,1,3.1239030000000003,6.0,5,0
2023-08-27,608348,6,1,0,3.8304642857142857,6.0,5,1
2023-08-27,608371,6,1,2,1.971806,6.0,3,0
2023-08-27,608379,25,5,5,8.994732391304348,25.0,15,2
2023-08-27,608638,4,1,0,0.825,4.0,3,0
2023-08-27,608717,7,2,1,3.4938431709401714,7.0,4,1
2023-08-27,608723,7,1,0,2.27325,7.0,6,0
2023-08-27,621051,5,0,3,2.240006,4.0,2,1
2023-08-27,621112,27,6,2,9.143856,27.0,19,0
2023-08-27,621237,4,2,1,0.769903,4.0,1,0
2023-08-27,621383,5,1,1,1.603903,5.0,3,0
2023-08-27,621389,24,7,1,5.437278,24.0,16,0
2023-08-27,622098,4,2,0,1.4352264150943395,4.0,2,1
2023-08-27,622250,5,0,0,0.39,5.0,5,0
2023-08-27,622491,23,6,1,3.972903,22.0,15,0
2023-08-27,623437,3,2,0,0.386,3.0,1,0
2023-08-27,623465,4,1,0,0.562,4.0,3,0
2023-08-27,624522,7,5,0,0.463,7.0,2,0
2023-08-27,625643,4,0,1,2.837908,4.0,2,0
2023-08-27,640462,5,2,1,1.441908,5.0,1,0
2023-08-27,641656,8,1,0,3.32701,8.0,5,0
2023-08-27,641793,24,4,1,7.794838303981348,24.0,18,3
2023-08-27,641835,3,0,1,1.7379030000000002,3.0,2,0
2023-08-27,641927,18,4,1,6.4578152084284355,18.0,13,2
2023-08-27,641941,3,1,0,1.2254166666666666,3.0,2,0
2023-08-27,642100,4,0,0,1.9365000000000003,4.0,4,1
2023-08-27,642546,5,2,3,2.0877090000000003,5.0,0,0
2023-08-27,643511,4,1,0,0.367,4.0,3,0
2023-08-27,650893,3,0,0,0.9,3.0,3,0
2023-08-27,656061,5,1,0,1.4054595454545453,5.0,3,0
2023-08-27,656234,5,0,1,3.4007264519104083,5.0,4,2
2023-08-27,656271,4,0,1,2.291903,4.0,3,0
2023-08-27,656288,27,9,1,5.899661333333333,27.0,17,1
2023-08-27,656412,25,2,4,9.230553622103386,25.0,19,1
2023-08-27,656427,24,3,1,10.44419387755102,23.0,20,3
2023-08-27,656529,4,1,0,0.8590588235294117,4.0,3,0
2023-08-27,656557,19,4,2,6.563758111613876,19.0,13,2
2023-08-27,656730,9,5,0,1.746,9.0,4,0
2023-08-27,656756,22,4,2,5.332806,22.0,16,0
2023-08-27,656849,27,8,3,6.775790196581196,27.0,16,1
2023-08-27,656945,4,0,0,1.2710000000000001,4.0,4,0
2023-08-27,657044,3,1,0,0.134,3.0,2,0
2023-08-27,657571,5,0,1,1.552903,5.0,4,0
2023-08-27,660906,7,1,0,2.9210000000000003,7.0,6,0
2023-08-27,661395,3,0,0,0.802,3.0,3,0
2023-08-27,661403,7,2,1,0.542,6.0,4,0
2023-08-27,661440,3,1,0,0.61,3.0,2,0
2023-08-27,662253,3,3,0,0.0,3.0,0,0
2023-08-27,663559,22,3,1,8.523795857142858,21.0,17,1
2023-08-27,663773,17,5,1,2.895903,17.0,11,0
2023-08-27,663855,2,0,0,1.2109999999999999,2.0,2,0
2023-08-27,663941,17,5,1,3.895403,17.0,11,1
2023-08-27,663947,9,0,0,5.370897826086956,9.0,9,1
2023-08-27,663986,4,0,0,3.191282051282051,4.0,4,1
2023-08-27,664139,3,1,2,1.391806,3.0,0,0
2023-08-27,664208,6,3,1,1.8680236896551723,6.0,2,1
2023-08-27,664875,4,2,0,0.669,4.0,2,0
2023-08-27,664942,4,0,0,1.858,4.0,4,0
2023-08-27,665871,26,7,2,7.827360166666667,26.0,17,2
2023-08-27,666168,4,0,0,1.484,4.0,4,0
2023-08-27,666808,3,2,0,0.608,3.0,1,0
2023-08-27,666974,4,1,0,0.673,4.0,3,0
2023-08-27,667463,4,0,0,1.113,4.0,4,0
2023-08-27,668933,26,5,1,8.34370016981132,26.0,20,2
2023-08-27,669060,14,4,1,3.082903,14.0,9,0
2023-08-27,669111,3,2,0,0.206,3.0,1,0
2023-08-27,669684,21,4,0,6.809266666666667,21.0,17,0
2023-08-27,669796,12,2,1,4.865710692307693,12.0,9,0
2023-08-27,670097,8,0,1,4.689736468807153,8.0,7,1
2023-08-27,671345,1,1,0,0.0,1.0,0,0
2023-08-27,672335,1,1,0,0.0,1.0,0,0
2023-08-27,675989,9,4,1,2.295903,9.0,4,0
2023-08-27,676092,1,0,0,0.468,1.0,1,0
2023-08-27,676684,2,1,0,0.826,2.0,1,0
2023-08-27,677053,3,1,0,0.2,3.0,2,0
2023-08-27,677944,20,5,0,3.0627,20.0,15,0
2023-08-27,679525,24,9,2,8.870665838709677,24.0,12,2
2023-08-27,680704,5,1,1,1.4379080000000002,4.0,2,0
2023-08-27,680723,22,6,1,5.8849029999999996,22.0,15,1
2023-08-27,680735,3,1,0,0.118,3.0,2,0
2023-08-27,682010,3,2,0,0.113,3.0,1,0
2023-08-27,682842,4,0,3,2.813714,4.0,0,0
2023-08-27,694363,20,3,2,6.9365060000000005,20.0,15,1
2023-08-27,694813,25,2,0,10.72026623025623,25.0,21,3
2023-08-28,425794,28,1,3,11.26171541025641,27.0,24,2
2023-08-28,425844,20,2,2,5.514856,20.0,16,0
2023-08-28,453268,9,2,1,3.7652680793650797,9.0,6,2
2023-08-28,489119,22,1,0,8.021348484848485,22.0,21,2
2023-08-28,518489,3,0,0,1.2570000000000001,3.0,3,0
2023-08-28,518886,3,0,0,0.635,3.0,3,0
2023-08-28,519242,23,6,2,7.982583142857142,23.0,15,3
2023-08-28,527048,7,2,0,1.030005,6.0,4,0
2023-08-28,542585,6,1,1,2.108903,6.0,4,0
2023-08-28,543272,3,2,0,0.252,3.0,1,0
2023-08-28,548384,3,0,1,1.549903,3.0,2,0
2023-08-28,571656,6,3,1,1.0609030000000002,6.0,2,0
2023-08-28,571882,5,1,0,2.118,4.0,4,0
2023-08-28,571901,3,0,0,1.2425555555555554,3.0,3,1
2023-08-28,571948,3,1,0,0.448,3.0,2,0
2023-08-28,592332,24,7,2,7.681811,24.0,14,0
2023-08-28,592351,23,9,1,7.483677585921326,23.0,13,2
2023-08-28,592767,5,2,0,2.375709677419355,5.0,3,2
2023-08-28,592791,27,6,0,10.915917792792794,27.0,21,4
2023-08-28,592836,28,6,2,7.495908,27.0,19,0
2023-08-28,596057,11,1,1,7.648116333333333,11.0,9,3
2023-08-28,596295,13,1,2,6.442199103448276,13.0,10,2
2023-08-28,600917,4,2,1,1.6121992962962963,4.0,1,1
2023-08-28,600921,10,1,1,3.336903,10.0,8,0
2023-08-28,605280,4,1,0,0.8216249999999999,4.0,3,0
2023-08-28,605483,28,9,5,7.383515,28.0,14,0
2023-08-28,606303,4,1,0,0.977,4.0,3,0
2023-08-28,606930,10,0,1,2.528908,10.0,8,0
2023-08-28,607179,4,1,1,0.8849030000000001,4.0,2,0
2023-08-28,607457,31,1,5,16.761608482942634,31.0,22,3
2023-08-28,608337,25,6,4,9.501683212121211,25.0,15,3
2023-08-28,608665,4,1,1,0.7459030000000001,4.0,2,0
2023-08-28,608678,9,0,2,3.594560142857143,8.0,7,1
2023-08-28,621016,6,1,0,1.52,6.0,5,0
2023-08-28,621345,3,2,0,0.062,3.0,1,0
2023-08-28,621368,7,0,0,2.064,7.0,7,0
2023-08-28,621381,5,1,0,2.041,5.0,4,0
2023-08-28,622663,26,8,0,6.201866666666667,26.0,18,2
2023-08-28,623352,4,2,0,0.871,4.0,2,0
2023-08-28,628317,20,3,1,8.931838064935066,20.0,16,2
2023-08-28,641627,7,3,1,1.755,6.0,3,0
2023-08-28,641729,4,3,0,0.656,4.0,1,0
2023-08-28,642048,4,1,0,0.881005,4.0,2,0
2023-08-28,642397,3,1,0,0.321,3.0,2,0
2023-08-28,642528,3,1,0,0.79,3.0,2,0
2023-08-28,643511,5,2,0,1.408,5.0,3,0
2023-08-28,650893,3,0,0,0.514,3.0,3,0
2023-08-28,650960,7,2,0,0.792,7.0,5,0
2023-08-28,656322,3,0,1,0.928903,3.0,2,0
2023-08-28,656353,5,2,1,0.7079030000000001,5.0,2,0
2023-08-28,656382,9,1,1,3.545903,9.0,7,0
2023-08-28,656546,2,0,0,0.13,2.0,2,0
2023-08-28,656629,23,5,4,8.116028666666667,23.0,14,0
2023-08-28,656638,4,1,1,0.7279030000000001,4.0,2,0
2023-08-28,656731,23,8,1,8.059836333333333,23.0,14,0
2023-08-28,656887,4,1,0,0.623,4.0,3,0
2023-08-28,657097,3,0,1,1.666903,3.0,2,0
2023-08-28,657571,3,1,0,0.158,3.0,2,0
2023-08-28,660261,3,1,0,0.406,3.0,2,0
2023-08-28,660853,5,3,1,0.7419030000000001,5.0,1,0
2023-08-28,661309,18,1,1,5.593903,18.0,16,0
2023-08-28,663158,4,1,0,2.4395757575757573,4.0,3,1
2023-08-28,663423,4,0,0,0.9755384615384615,4.0,4,0
2023-08-28,663462,3,1,1,0.9579030000000001,3.0,1,0
2023-08-28,663804,4,1,0,1.1039999999999999,4.0,3,0
2023-08-28,663855,4,0,1,1.5289030000000001,4.0,3,0
2023-08-28,664299,24,4,6,10.279195210884353,24.0,14,2
2023-08-28,664353,17,1,2,4.878972666666667,17.0,14,0
2023-08-28,665625,4,1,1,1.023903,4.0,2,0
2023-08-28,666154,13,1,0,6.823668103448275,13.0,12,2
2023-08-28,666205,22,6,3,10.606563487262383,22.0,13,3
2023-08-28,666808,3,0,0,0.543,3.0,3,0
2023-08-28,668678,27,3,3,12.366282742923744,27.0,21,4
2023-08-28,669084,4,1,0,0.7250000000000001,4.0,3,0
2023-08-28,669212,6,4,1,0.8819030000000001,6.0,1,0
2023-08-28,669467,6,0,1,2.117903,6.0,5,0
2023-08-28,670912,30,5,2,6.114806000000001,30.0,23,0
2023-08-28,670950,6,1,0,1.141,6.0,5,0
2023-08-28,671096,18,6,3,5.600459724637681,18.0,9,2
2023-08-28,671111,10,2,1,2.276903,10.0,7,0
2023-08-28,672578,3,0,1,1.707903,3.0,2,0
2023-08-28,675540,13,2,1,4.869741333333334,13.0,9,0
2023-08-28,675916,5,1,1,1.351903,5.0,3,0
2023-08-28,676254,2,1,0,0.562,2.0,1,0
2023-08-28,676272,26,4,2,7.768717764705882,26.0,20,1
2023-08-28,676395,8,2,0,3.406935483870968,8.0,6,1
2023-08-28,678606,3,0,0,0.7785,3.0,3,0
2023-08-28,679346,8,0,0,4.531897857142857,8.0,7,1
2023-08-28,680570,20,6,1,5.498810709311965,20.0,13,2
2023-08-28,680686,14,2,4,6.4383847272727275,14.0,8,1
2023-08-28,680739,9,1,0,0.7989999999999999,9.0,8,0
2023-08-28,681857,21,10,4,5.655172,21.0,7,0
2023-08-28,681892,6,3,0,0.38,6.0,3,0
2023-08-28,681911,4,1,0,1.07,4.0,3,1
2023-08-28,686826,12,1,2,4.357806,12.0,9,0
2023-08-28,686839,5,1,0,0.522,5.0,4,0
2023-08-28,687145,5,0,1,1.587903,5.0,4,0
2023-08-28,689225,5,3,0,3.0162321867321866,5.0,2,2
2023-08-28,690986,24,11,2,5.298639333333333,24.0,11,0
2023-08-28,693433,20,5,1,3.271903,19.0,14,0
2023-08-28,693821,26,4,1,8.969903,25.0,20,1
2023-08-29,450203,24,8,2,7.74005861904762,24.0,13,3
2023-08-29,477132,20,5,3,5.842361173913044,20.0,12,1
2023-08-29,500779,22,5,3,6.62907407936508,22.0,14,1
2023-08-29,502171,30,8,1,5.378903,30.0,21,0
2023-08-29,518617,5,0,1,1.566903,5.0,4,0
2023-08-29,518876,27,1,3,10.208566142857142,27.0,23,0
2023-08-29,519293,3,0,0,0.27,3.0,3,0
2023-08-29,541640,7,1,0,1.4529999999999998,7.0,6,0
2023-08-29,542881,24,3,3,11.440290906832297,23.0,18,4
2023-08-29,543056,5,0,0,0.252,4.0,5,0
2023-08-29,543507,5,3,0,1.597,5.0,2,0
2023-08-29,543518,5,1,0,3.3494000000000006,5.0,4,2
2023-08-29,543766,9,0,1,5.971903,9.0,8,0
2023-08-29,547179,27,5,2,9.679193096774194,26.0,19,2
2023-08-29,547973,4,1,0,2.782422619047619,4.0,3,2
2023-08-29,571479,7,1,1,3.403903,7.0,5,1
2023-08-29,571760,21,7,1,4.926903,21.0,13,0
2023-08-29,571863,4,1,0,0.667,4.0,3,0
2023-08-29,571882,5,2,1,1.398903,5.0,2,0
2023-08-29,572955,3,2,0,0.07,3.0,1,0
2023-08-29,593576,3,0,0,0.5075000000000001,3.0,3,0
2023-08-29,593974,1,0,0,0.535,1.0,1,0
2023-08-29,594580,3,0,0,1.1859473684210526,3.0,3,0
2023-08-29,595345,4,1,0,1.301,4.0,3,0
2023-08-29,596112,4,1,0,0.536,4.0,3,0
2023-08-29,596133,17,0,0,8.415888888888889,17.0,17,2
2023-08-29,596271,16,2,0,2.7548095238095236,15.0,14,0
2023-08-29,605130,3,2,0,0.534,3.0,1,0
2023-08-29,605280,6,2,1,1.795903,6.0,3,0
2023-08-29,605347,11,2,2,4.231648105263158,11.0,7,1
2023-08-29,606160,6,2,1,1.475903,6.0,3,0
2023-08-29,607259,3,0,0,0.83292,3.0,3,1
2023-08-29,607481,5,1,2,2.394806,5.0,2,0
2023-08-29,607625,25,6,1,8.952818444770283,25.0,18,4
2023-08-29,608717,2,1,0,0.002,2.0,1,0
2023-08-29,608718,5,1,0,1.812,4.0,3,0
2023-08-29,612434,4,1,0,1.4546666666666668,4.0,3,0
2023-08-29,621237,4,1,0,1.0245,4.0,3,0
2023-08-29,621244,26,2,2,9.648406841750843,26.0,22,2
2023-08-29,621345,3,1,0,0.174,3.0,2,0
2023-08-29,621383,3,0,0,0.20600000000000002,3.0,3,0
2023-08-29,622098,5,1,1,2.971607545454546,5.0,3,1
2023-08-29,622554,3,0,0,0.5349999999999999,3.0,3,0
2023-08-29,623352,3,0,1,0.164,1.0,2,0
2023-08-29,624647,3,1,0,0.12,3.0,2,0
2023-08-29,628452,3,1,0,0.198,3.0,2,0
2023-08-29,640448,6,1,1,1.660903,6.0,4,0
2023-08-29,640451,5,0,0,1.879,5.0,5,0
2023-08-29,640470,3,1,0,1.375,3.0,2,1
2023-08-29,641154,29,5,3,8.791304689655172,29.0,21,1
2023-08-29,641360,7,2,1,2.8909030000000002,7.0,4,0
2023-08-29,641585,23,3,1,8.02554375630252,23.0,19,1
2023-08-29,641941,5,0,0,1.081,5.0,5,0
2023-08-29,642048,3,0,0,0.6900000000000001,3.0,3,0
2023-08-29,642545,11,1,0,4.887954675963905,11.0,10,2
2023-08-29,643410,3,1,0,0.666,3.0,2,0
2023-08-29,645261,26,4,2,8.491677625310174,25.0,18,2
2023-08-29,645444,3,0,0,0.385,3.0,3,0
2023-08-29,650556,5,1,2,1.6758060000000001,5.0,2,0
2023-08-29,650633,15,5,0,4.610098550724638,15.0,10,1
2023-08-29,650644,22,5,0,7.842047272727273,21.0,16,2
2023-08-29,656271,4,2,0,1.01,4.0,2,0
2023-08-29,656322,1,0,0,0.59,1.0,1,0
2023-08-29,656353,1,1,0,0.0,1.0,0,0
2023-08-29,656529,8,4,0,0.808,8.0,4,0
2023-08-29,656794,6,4,1,0.797903,6.0,1,0
2023-08-29,657006,24,8,1,7.814153,24.0,15,0
2023-08-29,657240,3,1,0,1.5034888888888889,3.0,2,1
2023-08-29,660261,6,0,0,3.3174594594594593,6.0,6,1
2023-08-29,661403,4,0,0,1.4291739130434782,4.0,4,1
2023-08-29,661440,3,0,0,0.159,3.0,3,0
2023-08-29,663158,5,2,0,2.0832727272727274,5.0,3,1
2023-08-29,663423,7,1,0,1.7650833333333333,7.0,6,0
2023-08-29,663462,4,1,0,1.7588095238095236,4.0,3,1
2023-08-29,663485,7,1,0,1.7369999999999999,7.0,6,0
2023-08-29,663567,25,2,0,10.071123900071495,25.0,22,4
2023-08-29,663986,3,0,1,1.5329863333333336,3.0,2,0
2023-08-29,665152,24,5,0,6.657644841269842,24.0,19,2
2023-08-29,666142,24,9,1,4.416903,24.0,14,0
2023-08-29,666168,7,2,1,2.295188714285714,7.0,4,0
2023-08-29,666204,3,2,0,0.6025652173913043,3.0,1,0
2023-08-29,666277,4,0,0,2.4751296296296297,4.0,4,2
2023-08-29,666374,4,1,0,0.7200000000000001,4.0,3,0
2023-08-29,666745,13,3,2,3.724806,13.0,8,0
2023-08-29,666974,1,0,0,1.2666315789473683,1.0,1,1
2023-08-29,667463,1,0,0,0.064,1.0,1,0
2023-08-29,667755,5,1,0,0.44499999999999995,4.0,4,0
2023-08-29,668338,6,2,0,1.8015714285714284,6.0,4,1
2023-08-29,668674,3,0,0,1.194005,3.0,2,0
2023-08-29,668868,21,3,4,6.967312,21.0,14,0
2023-08-29,668909,6,0,1,2.343908,6.0,4,0
2023-08-29,668941,7,3,0,1.27,7.0,4,0
2023-08-29,668970,8,0,1,2.543903,8.0,7,0
2023-08-29,669022,22,2,2,6.410080034141958,22.0,18,1
2023-08-29,669203,30,7,2,8.411811,30.0,20,0
2023-08-29,669373,24,9,2,6.900811,24.0,12,1
2023-08-29,669912,2,0,0,0.377,2.0,2,0
2023-08-29,669947,22,1,0,5.846,22.0,21,0
2023-08-29,670059,3,0,0,0.47,3.0,3,0
2023-08-29,670102,11,4,0,1.171,11.0,7,0
2023-08-29,670167,3,0,1,1.5853575454545454,3.0,2,0
2023-08-29,670174,9,0,1,3.127,8.0,8,1
2023-08-29,672578,3,0,0,2.193926470588235,3.0,3,1
2023-08-29,674444,9,1,3,4.548697888888889,9.0,5,1
2023-08-29,675989,6,2,0,1.537,6.0,4,0
2023-08-29,676684,3,2,0,0.108,3.0,1,0
2023-08-29,678394,20,2,2,8.647653552447553,20.0,16,2
2023-08-29,680704,3,0,0,0.351,3.0,3,0
2023-08-29,680735,3,1,0,0.7849999999999999,3.0,2,0
2023-08-29,681402,7,1,2,3.1978060000000004,7.0,4,0
2023-08-29,681882,6,1,0,1.292,6.0,5,0
2023-08-29,682010,1,0,0,0.305,1.0,1,0
2023-08-29,682051,8,0,1,4.306703,8.0,7,1
2023-08-29,682175,4,1,0,1.55,4.0,3,0
2023-08-29,682227,24,5,0,5.905419491525425,24.0,19,1
2023-08-29,682842,3,1,0,0.063,3.0,2,0
2023-08-29,682847,20,5,2,6.694481000000001,20.0,13,1
2023-08-29,683769,14,2,1,4.271257838709677,14.0,11,1
2023-08-29,686610,19,3,5,6.100568571428572,19.0,11,1
2023-08-30,445276,3,1,0,0.6823333333333332,3.0,2,0
2023-08-30,448179,17,2,1,7.2871252222222225,17.0,14,1
2023-08-30,455119,3,1,0,0.367,3.0,2,0
2023-08-30,472610,7,1,0,1.697,7.0,6,0
2023-08-30,489446,5,1,2,1.454806,5.0,2,0
2023-08-30,493603,5,0,1,2.5739080000000003,5.0,3,0
2023-08-30,502043,22,2,0,10.656415939849623,22.0,20,3
2023-08-30,502085,6,2,0,1.044,6.0,4,0
2023-08-30,518585,5,1,1,1.334528,5.0,3,0
2023-08-30,518886,7,2,1,3.1668657949183303,7.0,4,2
2023-08-30,519043,6,2,0,2.674125,6.0,4,1
2023-08-30,519151,4,1,0,0.822,4.0,3,0
2023-08-30,519293,6,2,1,0.807903,6.0,3,0
2023-08-30,527048,12,1,1,2.503,11.0,10,0
2023-08-30,542585,4,3,0,0.58725,4.0,1,0
2023-08-30,542888,6,1,1,1.377903,6.0,4,0
2023-08-30,543037,23,7,2,6.502152547314578,23.0,14,2
2023-08-30,543243,24,5,1,6.3319030000000005,24.0,18,0
2023-08-30,543294,25,6,2,6.4628060000000005,25.0,17,0
2023-08-30,543351,5,0,0,1.403,5.0,5,0
2023-08-30,543859,4,2,0,1.0132666666666665,4.0,2,1
2023-08-30,547973,3,0,2,1.4219080000000002,2.0,0,0
2023-08-30,548384,3,0,1,1.759903,3.0,2,0
2023-08-30,571578,25,5,1,7.233861646616542,25.0,19,0
2023-08-30,571901,4,1,1,0.892903,4.0,2,0
2023-08-30,571945,25,2,2,6.977894888888889,24.0,21,0
2023-08-30,572403,4,0,0,1.101,4.0,4,0
2023-08-30,573009,6,1,0,2.0780000000000003,6.0,5,0
2023-08-30,573124,1,0,0,0.024,1.0,1,0
2023-08-30,573204,3,0,1,1.464903,3.0,2,0
2023-08-30,592426,5,1,2,1.4978060000000002,5.0,2,0
2023-08-30,593576,5,1,1,0.7299030000000001,5.0,3,0
2023-08-30,594943,20,6,2,6.621004548387098,20.0,11,1
2023-08-30,600917,3,1,0,1.8849384615384612,3.0,2,1
2023-08-30,600921,8,1,1,1.456903,8.0,6,0
2023-08-30,605130,6,2,0,1.5705999999999998,6.0,4,0
2023-08-30,605135,28,3,1,7.71969747368421,28.0,23,0
2023-08-30,605540,23,8,1,6.368781298109011,23.0,12,2
2023-08-30,606303,6,1,1,1.575903,5.0,4,0
2023-08-30,607359,3,1,0,0.46900000000000003,3.0,2,0
2023-08-30,607536,26,3,1,11.369130272727272,26.0,22,3
2023-08-30,608032,3,2,0,0.268,3.0,1,0
2023-08-30,608371,3,0,0,1.068,3.0,3,0
2023-08-30,608665,4,0,1,1.862903,4.0,3,0
2023-08-30,608678,5,0,0,2.9534285714285717,5.0,5,1
2023-08-30,608723,9,2,1,1.936903,8.0,6,0
2023-08-30,612434,5,0,2,2.445806,5.0,3,0
2023-08-30,621107,22,4,0,7.912030913978494,21.0,17,3
2023-08-30,621363,3,2,0,0.03,3.0,1,0
2023-08-30,621366,1,1,0,0.0,1.0,0,0
2023-08-30,621381,3,1,0,0.46900000000000003,3.0,2,0
2023-08-30,622554,4,1,0,1.694,4.0,3,0
2023-08-30,623352,4,1,0,1.5906111111111112,4.0,3,1
2023-08-30,623437,4,0,0,1.2375384615384615,4.0,4,0
2023-08-30,625643,7,0,2,4.809909146853148,7.0,5,1
2023-08-30,628452,4,1,1,0.874903,4.0,2,0
2023-08-30,640462,4,1,3,2.0877090000000003,4.0,0,0
2023-08-30,640470,6,0,1,2.394908,6.0,4,0
2023-08-30,641540,19,4,2,5.984109571428571,18.0,12,0
2023-08-30,641627,3,1,0,0.7799230769230768,3.0,2,1
2023-08-30,641656,10,5,1,1.387903,10.0,4,0
2023-08-30,641672,3,0,1,0.8719030000000001,3.0,2,0
2023-08-30,641941,3,0,1,0.162,1.0,2,0
2023-08-30,642232,16,4,0,4.55,16.0,12,0
2023-08-30,642397,3,1,2,1.391806,3.0,0,0
2023-08-30,643377,3,1,0,0.632,3.0,2,0
2023-08-30,643410,4,0,2,1.847806,4.0,2,0
2023-08-30,643511,6,1,0,1.2874444444444446,6.0,5,0
2023-08-30,650911,21,5,0,6.955345864661655,20.0,16,1
2023-08-30,656234,3,1,0,0.223,3.0,2,0
2023-08-30,656257,8,1,2,2.757806,8.0,5,0
2023-08-30,656302,26,7,3,6.766714,26.0,15,0
2023-08-30,656546,4,1,0,0.544,4.0,3,0
2023-08-30,656578,20,7,2,6.666049333333334,20.0,11,2
2023-08-30,656887,5,2,3,2.0877090000000003,5.0,0,0
2023-08-30,656945,4,1,0,0.46199999999999997,4.0,3,0
2023-08-30,657097,5,2,2,1.518806,5.0,1,0
2023-08-30,657240,4,2,0,0.299,3.0,1,0
2023-08-30,657277,24,6,0,5.8965,24.0,18,0
2023-08-30,660593,19,3,0,6.05245652173913,19.0,16,1
2023-08-30,661395,5,1,1,1.4149030000000002,5.0,3,0
2023-08-30,661403,3,1,0,0.154,3.0,2,0
2023-08-30,661440,4,0,1,1.247903,4.0,3,0
2023-08-30,662253,3,1,0,0.265,3.0,2,0
2023-08-30,663752,6,0,1,1.617903,6.0,5,0
2023-08-30,663804,3,1,0,0.597,3.0,2,0
2023-08-30,663947,3,0,0,0.622,3.0,3,0
2023-08-30,663986,3,3,0,0.0,3.0,0,0
2023-08-30,664126,3,1,0,0.702,3.0,2,0
2023-08-30,664139,3,0,1,0.458,2.0,2,0
2023-08-30,664199,4,1,1,0.884903,4.0,2,0
2023-08-30,664285,23,5,0,7.064151215805471,23.0,18,2
2023-08-30,664747,4,1,1,0.8399030000000001,4.0,2,0
2023-08-30,664875,5,0,0,2.946652173913044,5.0,5,1
2023-08-30,665625,3,0,0,0.482,3.0,3,0
2023-08-30,666200,21,8,2,3.4038060000000003,21.0,11,0
2023-08-30,666204,2,0,0,0.7343157894736844,2.0,2,0
2023-08-30,666214,23,6,3,10.241526068878832,23.0,14,4
2023-08-30,666374,4,2,1,0.777903,4.0,1,0
2023-08-30,666619,4,1,0,1.414,4.0,3,0
2023-08-30,667463,4,0,0,1.059,3.0,4,0
2023-08-30,668674,3,1,0,0.5940000000000001,3.0,2,0
2023-08-30,668881,20,6,1,5.078074666666667,20.0,12,0
2023-08-30,669084,5,1,1,1.521903,5.0,3,0
2023-08-30,669424,6,1,0,1.706,6.0,5,0
2023-08-30,669459,2,2,0,0.0,2.0,0,0
2023-08-30,669467,3,0,0,0.906,3.0,3,0
2023-08-30,669912,5,1,1,2.278903,5.0,3,0
2023-08-30,670059,3,1,0,0.591,3.0,2,0
2023-08-30,670167,3,1,0,0.364,3.0,2,0
2023-08-30,670241,25,5,1,6.623408,25.0,18,1
2023-08-30,670280,4,1,0,0.501,4.0,3,0
2023-08-30,671345,4,1,0,1.038,4.0,3,0
2023-08-30,672282,19,3,3,7.736719000000001,19.0,11,0
2023-08-30,672335,5,1,0,0.587,5.0,4,0
2023-08-30,672582,22,3,2,9.695806000000001,22.0,17,1
2023-08-30,675916,4,2,1,1.135903,4.0,1,0
2023-08-30,676092,5,1,0,2.413,5.0,4,1
2023-08-30,676254,3,2,0,0.911,3.0,1,0
2023-08-30,676440,21,8,3,6.408709,21.0,10,0
2023-08-30,676477,12,2,2,4.477806,12.0,8,0
2023-08-30,676680,3,1,0,1.405005,3.0,1,0
2023-08-30,676710,15,1,1,5.820403,15.0,13,0
2023-08-30,677053,5,1,0,1.611005,5.0,3,0
2023-08-30,678606,3,1,0,0.235,3.0,2,0
2023-08-30,681892,2,0,0,2.018,2.0,2,1
2023-08-30,682175,1,1,0,0.0,1.0,0,0
2023-08-30,682243,24,5,0,8.600999999999999,24.0,19,1
2023-08-30,686752,19,3,1,3.384158,19.0,14,0
2023-08-30,686826,3,0,0,0.87,3.0,3,0
2023-08-30,686839,7,2,1,3.485913,7.0,2,0
2023-08-30,687145,5,1,0,0.896,5.0,4,0
2023-08-30,694297,23,4,2,8.813120671814673,23.0,17,3
2023-08-31,458681,23,1,2,10.944276306122449,23.0,19,3
2023-08-31,518397,4,0,0,1.507,4.0,4,0
2023-08-31,571946,3,0,0,0.8420000000000001,3.0,3,0
2023-08-31,572955,1,1,0,0.0,1.0,0,0
2023-08-31,592454,4,0,0,0.688,4.0,4,0
2023-08-31,595345,3,1,0,0.01,3.0,2,0
2023-08-31,596001,13,3,1,3.270658,13.0,8,1
2023-08-31,605280,3,2,0,0.143,3.0,1,0
2023-08-31,607179,3,1,0,0.445,3.0,2,0
2023-08-31,608638,3,0,1,0.890903,3.0,2,0
2023-08-31,621345,5,1,1,2.818841461538461,5.0,3,1
2023-08-31,624647,3,1,0,0.174,3.0,2,0
2023-08-31,628452,5,1,1,1.419403,5.0,3,0
2023-08-31,640455,17,2,5,5.6135150000000005,17.0,10,0
2023-08-31,640462,3,0,0,0.393,3.0,3,0
2023-08-31,641729,6,2,1,3.14685952173913,6.0,3,1
2023-08-31,641871,5,1,1,1.531903,5.0,3,0
2023-08-31,642528,3,0,1,0.173,2.0,2,0
2023-08-31,656061,6,2,2,1.895806,6.0,2,0
2023-08-31,656638,6,1,0,2.588459459459459,6.0,5,1
2023-08-31,657376,23,7,3,7.271509,23.0,13,1
2023-08-31,658648,19,5,2,5.458806,19.0,12,0
2023-08-31,660813,4,0,0,2.096892857142857,4.0,4,1
2023-08-31,663362,18,4,0,2.911,18.0,14,1
2023-08-31,663947,3,2,0,0.016,3.0,1,0
2023-08-31,666129,23,1,1,6.1089080000000004,23.0,20,0
2023-08-31,666159,20,4,2,6.139737034482759,19.0,13,1
2023-08-31,671345,3,0,0,0.425,3.0,3,0
2023-08-31,672851,25,3,1,9.352138185185185,25.0,19,3
2023-08-31,675911,24,9,2,6.005406,24.0,13,1
2023-08-31,676254,4,2,0,1.084,4.0,2,0
2023-08-31,676395,8,4,0,1.389,8.0,4,0
2023-08-31,678061,4,1,0,1.038,4.0,3,0
2023-08-31,681911,7,1,1,2.3920256410256413,6.0,5,1
2023-08-31,686747,5,0,0,2.438727272727273,5.0,5,1
2023-08-31,689225,3,1,0,0.688,3.0,2,0
2023-09-01,434378,26,3,1,11.659232209915942,26.0,22,5
2023-09-01,453268,8,2,2,3.026806,8.0,4,0
2023-09-01,453286,21,7,2,3.844806,21.0,12,0
2023-09-01,489446,4,1,1,1.160903,4.0,2,0
2023-09-01,502085,4,2,1,0.776903,4.0,1,0
2023-09-01,518397,3,2,0,0.051,3.0,1,0
2023-09-01,518489,3,0,0,0.445,3.0,3,0
2023-09-01,543475,29,7,0,4.971655,29.0,21,1
2023-09-01,543766,5,1,0,1.2209999999999999,5.0,4,0
2023-09-01,543859,1,1,0,0.0,1.0,0,0
2023-09-01,547943,20,3,2,5.382306,19.0,14,1
2023-09-01,554340,4,2,0,0.796,4.0,2,0
2023-09-01,554430,23,10,0,5.401833333333333,23.0,13,1
2023-09-01,571656,4,0,1,1.3845458571428573,4.0,3,0
2023-09-01,571882,7,0,1,3.3883575454545456,7.0,6,0
2023-09-01,571948,3,1,0,0.069,3.0,2,0
2023-09-01,572020,10,0,2,5.732911405405406,10.0,8,2
2023-09-01,572403,1,1,0,0.0,1.0,0,0
2023-09-01,572955,7,1,1,3.7179565714285716,7.0,5,1
2023-09-01,573204,3,0,0,0.633,3.0,3,0
2023-09-01,592426,5,2,0,0.821,5.0,3,0
2023-09-01,592767,13,4,1,3.116569666666667,13.0,8,0
2023-09-01,592773,3,0,0,0.8798333333333334,3.0,3,0
2023-09-01,593958,26,7,2,8.610533272727272,26.0,17,1
2023-09-01,593974,3,1,1,0.697903,3.0,1,0
2023-09-01,594580,2,1,0,0.109,2.0,1,0
2023-09-01,595345,2,1,1,0.695903,2.0,0,0
2023-09-01,605130,6,1,0,2.43701,6.0,3,0
2023-09-01,605200,23,6,1,6.3909080000000005,23.0,15,0
2023-09-01,605447,1,1,0,0.0,1.0,0,0
2023-09-01,606303,5,1,1,2.127903,5.0,3,0
2023-09-01,607074,20,4,1,5.568757782608695,20.0,14,2
2023-09-01,607179,5,1,2,0.790903,4.0,2,0
2023-09-01,607192,28,6,0,6.256,28.0,22,0
2023-09-01,607216,5,2,1,0.806903,5.0,2,0
2023-09-01,607259,6,2,0,1.201,6.0,4,0
2023-09-01,607359,5,1,1,2.032903,5.0,3,1
2023-09-01,608331,24,10,2,4.106806,24.0,12,0
2023-09-01,608344,24,4,1,9.77031362245375,24.0,19,4
2023-09-01,608371,5,2,1,1.168903,5.0,2,0
2023-09-01,608379,26,6,2,8.849836127041742,26.0,18,1
2023-09-01,608718,4,0,1,2.546903,4.0,3,0
2023-09-01,615698,23,2,3,7.486425666666667,23.0,18,1
2023-09-01,621016,3,1,0,0.9650000000000001,3.0,2,0
2023-09-01,621237,5,0,2,2.983806,5.0,3,0
2023-09-01,622072,13,1,1,3.8579030000000003,13.0,11,0
2023-09-01,622098,4,1,1,1.1209030000000002,4.0,2,0
2023-09-01,622103,4,1,0,1.7116833333333332,4.0,3,0
2023-09-01,622250,5,1,0,2.7857637362637364,5.0,4,3
2023-09-01,623149,4,2,0,0.725,4.0,2,0
2023-09-01,623167,25,0,1,10.369596548387097,25.0,24,3
2023-09-01,623474,6,1,0,2.2764761904761905,6.0,5,1
2023-09-01,624522,9,2,0,2.297005,9.0,6,0
2023-09-01,628711,24,4,2,10.519262552706554,24.0,18,4
2023-09-01,640448,7,0,0,1.758,7.0,7,0
2023-09-01,640451,3,2,0,0.103,3.0,1,0
2023-09-01,640470,5,2,0,3.137282051282051,5.0,3,1
2023-09-01,641360,4,0,0,0.924,4.0,4,1
2023-09-01,641712,26,0,2,7.8811393333333335,26.0,24,0
2023-09-01,642100,1,0,0,0.062,1.0,1,0
2023-09-01,642207,5,1,0,1.556892857142857,5.0,4,1
2023-09-01,642397,3,2,0,0.095,3.0,1,0
2023-09-01,642528,4,0,0,0.619,4.0,4,0
2023-09-01,642545,13,3,1,6.301080551020409,13.0,9,2
2023-09-01,642547,20,10,0,3.8549354838709675,20.0,10,1
2023-09-01,643338,7,0,0,2.9130000000000003,7.0,7,0
2023-09-01,643377,3,1,0,0.747,3.0,2,0
2023-09-01,643410,4,1,0,1.2730000000000001,3.0,3,0
2023-09-01,650893,2,0,0,1.3460399999999997,2.0,2,1
2023-09-01,650960,9,0,3,4.118885470588236,9.0,6,1
2023-09-01,656222,4,1,0,0.615,4.0,3,0
2023-09-01,656234,4,1,0,2.3732272727272727,4.0,3,1
2023-09-01,656271,6,1,0,3.0333214285714285,6.0,5,1
2023-09-01,656382,6,1,1,1.840903,6.0,4,0
2023-09-01,656464,6,2,0,1.7690892857142861,6.0,4,1
2023-09-01,656546,4,2,1,0.909903,4.0,1,0
2023-09-01,656605,26,8,3,7.891584,26.0,15,1
2023-09-01,656638,3,1,0,0.605,3.0,2,0
2023-09-01,656794,5,0,1,2.712903,5.0,4,0
2023-09-01,656945,7,1,0,2.302,7.0,6,1
2023-09-01,657053,24,6,2,7.764811,23.0,15,0
2023-09-01,657240,4,0,1,1.537908,3.0,1,0
2023-09-01,657248,5,1,1,1.0709030000000002,5.0,3,0
2023-09-01,657571,4,0,0,0.40299999999999997,4.0,4,0
2023-09-01,657746,21,7,0,6.767679829931972,21.0,13,2
2023-09-01,660261,5,2,0,1.232,5.0,3,0
2023-09-01,661395,3,1,0,0.891,3.0,2,0
2023-09-01,661403,3,0,0,0.741,3.0,3,0
2023-09-01,661440,3,0,0,1.1520000000000001,3.0,3,0
2023-09-01,662253,6,1,1,2.130903,6.0,4,0
2023-09-01,663623,21,4,3,7.730809,21.0,14,2
2023-09-01,663773,3,1,0,0.915,3.0,2,0
2023-09-01,663776,19,3,3,8.335709,19.0,13,2
2023-09-01,663855,4,0,0,0.616,4.0,4,0
2023-09-01,663941,17,0,0,8.979306565656564,17.0,17,3
2023-09-01,663986,5,2,1,1.757903,5.0,2,0
2023-09-01,664139,6,2,0,1.4409999999999998,6.0,4,0
2023-09-01,664208,3,0,0,0.161,3.0,3,0
2023-09-01,664747,4,1,0,0.653,4.0,3,0
2023-09-01,664854,3,1,0,0.9821600000000001,3.0,2,1
2023-09-01,666168,3,0,0,1.5691694915254244,3.0,3,1
2023-09-01,666277,6,2,0,1.526,6.0,4,0
2023-09-01,668674,3,0,0,1.161,3.0,3,0
2023-09-01,668933,21,6,1,6.511510142857143,21.0,14,1
2023-09-01,668941,9,2,1,2.025903,9.0,6,0
2023-09-01,668970,1,0,0,0.199,1.0,1,0
2023-09-01,669212,4,1,0,0.541,4.0,3,0
2023-09-01,669270,4,0,0,1.139005,4.0,3,0
2023-09-01,669302,27,9,0,9.93148721098721,27.0,18,4
2023-09-01,669387,3,2,0,0.455,3.0,1,0
2023-09-01,669459,3,0,0,0.812,3.0,3,0
2023-09-01,669713,11,6,1,1.4099030000000001,10.0,3,0
2023-09-01,670059,3,1,1,1.0409030000000001,3.0,1,0
2023-09-01,670280,3,0,0,1.671892857142857,3.0,3,1
2023-09-01,670950,3,1,0,0.54,3.0,2,0
2023-09-01,671111,4,0,0,2.169,4.0,4,0
2023-09-01,672335,1,0,0,0.231,1.0,1,0
2023-09-01,673540,26,12,2,7.132558164502165,26.0,12,1
2023-09-01,674444,5,2,1,1.422903,5.0,2,0
2023-09-01,676395,3,0,0,1.779,3.0,3,0
2023-09-01,676664,24,3,2,7.440061,24.0,18,1
2023-09-01,676684,2,1,0,0.166,2.0,1,0
2023-09-01,678606,3,0,0,0.541,3.0,3,0
2023-09-01,680689,20,4,5,6.652157857142857,20.0,11,1
2023-09-01,681190,8,2,0,2.268005,8.0,5,0
2023-09-01,681402,9,3,0,2.957,9.0,6,0
2023-09-01,681882,4,0,0,1.634,4.0,4,0
2023-09-01,682010,7,3,1,1.5309030000000001,7.0,3,0
2023-09-01,682175,9,2,1,2.7118365714285715,9.0,5,0
2023-09-01,687888,21,5,0,8.941985893416929,21.0,16,3
2023-09-01,689225,4,0,0,0.867,4.0,4,0
2023-09-01,691587,22,5,3,9.948634016743085,21.0,14,4
2023-09-01,694037,3,0,0,1.676657142857143,3.0,3,1
2023-09-01,696136,23,3,3,8.021042333333334,22.0,17,1
2023-09-02,456501,20,4,2,5.97429987755102,20.0,14,1
2023-09-02,472610,5,1,0,0.53,5.0,4,0
2023-09-02,493603,4,2,0,0.334,4.0,2,0
2023-09-02,518489,3,1,0,1.0257777777777775,3.0,2,1
2023-09-02,518617,4,2,0,0.08,3.0,1,0
2023-09-02,519043,4,2,0,0.059000000000000004,4.0,2,0
2023-09-02,519293,4,2,0,0.249,4.0,2,0
2023-09-02,527048,4,1,0,0.731,4.0,3,0
2023-09-02,542888,3,1,0,0.601,3.0,2,0
2023-09-02,543351,4,2,1,0.755903,4.0,1,0
2023-09-02,543507,5,0,2,0.804903,3.0,3,0
2023-09-02,543518,9,2,1,3.6152172857142855,9.0,6,1
2023-09-02,543859,3,1,0,0.232,3.0,2,0
2023-09-02,547973,5,1,1,3.6086757272727272,5.0,3,1
2023-09-02,554340,4,1,1,2.0223624594594596,4.0,2,1
2023-09-02,571479,7,2,0,1.072,6.0,4,0
2023-09-02,571656,2,0,0,0.266,2.0,2,0
2023-09-02,571670,3,0,0,1.0110000000000001,3.0,3,0
2023-09-02,571863,4,1,0,0.9,4.0,3,0
2023-09-02,571901,3,0,0,0.29900000000000004,3.0,3,0
2023-09-02,571946,3,2,0,0.012,3.0,1,0
2023-09-02,571948,3,0,1,1.1459030000000001,3.0,2,0
2023-09-02,572403,3,0,0,3.1233983333333333,3.0,2,1
2023-09-02,572971,16,2,1,6.593228822918501,16.0,13,2
2023-09-02,573009,5,1,0,0.903,5.0,4,0
2023-09-02,573124,3,0,0,0.46299999999999997,3.0,3,0
2023-09-02,573204,1,0,0,0.082,1.0,1,0
2023-09-02,579328,25,6,4,9.359071459459459,25.0,15,1
2023-09-02,592229,4,1,0,1.478,4.0,3,0
2023-09-02,592426,4,2,0,0.174,4.0,2,0
2023-09-02,592773,3,1,0,0.22799999999999998,3.0,2,0
2023-09-02,592866,24,3,0,13.530460225995444,24.0,21,5
2023-09-02,593576,3,3,0,0.0,3.0,0,0
2023-09-02,593974,2,0,0,0.814005,2.0,1,0
2023-09-02,594580,5,1,1,1.299903,5.0,3,0
2023-09-02,596112,4,3,1,0.0,3.0,0,0
2023-09-02,600917,3,1,0,1.0902666666666665,3.0,2,1
2023-09-02,601713,11,5,0,3.78267094017094,11.0,6,1
2023-09-02,605177,3,1,0,0.125,3.0,2,0
2023-09-02,605182,23,2,0,7.605799641148326,23.0,21,0
2023-09-02,605280,4,1,0,0.42000000000000004,4.0,3,0
2023-09-02,605400,24,5,3,7.673087461538461,24.0,16,1
2023-09-02,605483,25,8,4,7.512570333333334,25.0,13,0
2023-09-02,605498,2,0,1,1.376403,2.0,1,0
2023-09-02,606149,4,2,0,1.155,4.0,2,0
2023-09-02,606160,5,1,1,1.279903,5.0,3,0
2023-09-02,606930,5,0,1,2.4675696666666664,5.0,4,0
2023-09-02,606965,4,1,1,1.633903,4.0,2,0
2023-09-02,607067,16,6,0,6.328517241379311,16.0,10,3
2023-09-02,607216,4,1,0,2.314142857142857,4.0,3,2
2023-09-02,607359,3,0,2,1.995806,3.0,1,0
2023-09-02,608638,7,0,0,2.911214285714286,7.0,7,0
2023-09-02,608717,6,2,0,1.3780000000000001,6.0,4,0
2023-09-02,612434,3,1,0,0.298,3.0,2,0
2023-09-02,621016,1,0,0,0.222,1.0,1,0
2023-09-02,621112,21,4,3,6.152806,20.0,14,0
2023-09-02,621345,5,2,2,1.283153,4.0,1,0
2023-09-02,621363,3,1,0,0.515,3.0,2,0
2023-09-02,621366,3,1,0,0.47300000000000003,3.0,2,0
2023-09-02,621389,27,2,3,12.043423677419355,27.0,21,1
2023-09-02,622088,3,1,0,0.8009999999999999,3.0,2,0
2023-09-02,622491,26,2,2,10.540442578947369,26.0,21,2
2023-09-02,622554,3,3,0,0.0,3.0,0,0
2023-09-02,622663,18,3,1,5.647826076923077,18.0,14,1
2023-09-02,622766,3,2,0,0.178,3.0,1,0
2023-09-02,623437,5,0,0,1.098,5.0,5,0
2023-09-02,623465,5,1,0,0.8320000000000001,5.0,4,0
2023-09-02,625643,3,0,1,1.1369030000000002,3.0,2,0
2023-09-02,628452,4,1,0,0.154,4.0,3,0
2023-09-02,641360,3,1,0,1.1890769230769236,3.0,2,1
2023-09-02,641627,3,1,0,0.957111111111111,3.0,2,1
2023-09-02,641672,11,1,0,4.6997081457955225,11.0,9,1
2023-09-02,641729,3,1,0,0.8250000000000001,3.0,2,0
2023-09-02,641755,1,1,0,0.0,1.0,0,0
2023-09-02,641793,23,1,0,8.68853458667856,23.0,21,1
2023-09-02,641835,3,0,0,1.058,2.0,2,0
2023-09-02,641941,6,1,3,2.493709,6.0,2,0
2023-09-02,642048,4,0,1,1.9899744285714287,4.0,3,1
2023-09-02,642100,4,2,0,1.2765,4.0,2,1
2023-09-02,642207,6,1,1,2.405903,6.0,4,0
2023-09-02,643377,3,1,0,0.604,3.0,2,0
2023-09-02,643410,5,0,1,2.609908,5.0,3,0
2023-09-02,650556,4,1,0,1.3370000000000002,4.0,3,0
2023-09-02,650893,5,1,0,1.001,5.0,4,0
2023-09-02,656288,22,7,0,7.060439393939394,22.0,15,3
2023-09-02,656353,8,1,1,3.503903,8.0,6,0
2023-09-02,656412,3,1,0,0.6459999999999999,3.0,2,0
2023-09-02,656529,4,0,0,2.607333333333333,4.0,4,0
2023-09-02,656557,26,5,1,8.355318,26.0,17,0
2023-09-02,656730,8,5,1,2.144903,8.0,2,1
2023-09-02,656756,19,0,2,8.398653826086957,19.0,17,1
2023-09-02,656849,19,4,0,8.340296395045632,19.0,14,2
2023-09-02,656887,4,3,0,0.17,4.0,1,0
2023-09-02,657097,2,1,0,0.006,2.0,1,0
2023-09-02,660813,3,1,0,0.057,2.0,1,0
2023-09-02,660853,3,2,0,0.509,3.0,1,0
2023-09-02,661395,5,2,0,0.486,5.0,3,0
2023-09-02,661403,3,0,0,0.357,3.0,3,0
2023-09-02,663559,13,2,1,2.9062680793650797,13.0,10,1
2023-09-02,663704,3,2,0,0.173,3.0,1,0
2023-09-02,663804,10,2,1,3.858103,10.0,7,1
2023-09-02,664126,6,2,0,1.463,6.0,4,0
2023-09-02,664129,11,1,2,2.3518060000000003,11.0,8,0
2023-09-02,664208,5,2,1,1.5809030000000002,5.0,2,0
2023-09-02,664875,7,1,3,4.063554,7.0,2,1
2023-09-02,665625,2,0,0,0.212,2.0,2,0
2023-09-02,665871,28,7,1,8.564743,27.0,19,2
2023-09-02,666204,4,0,1,0.7219030000000001,4.0,3,0
2023-09-02,666374,5,2,1,1.1971530000000001,5.0,2,0
2023-09-02,666745,11,1,0,2.076,11.0,10,0
2023-09-02,666818,4,0,0,2.072005,4.0,3,0
2023-09-02,667463,5,1,0,2.471727272727273,5.0,4,1
2023-09-02,668970,5,2,2,2.7740324150943394,5.0,1,1
2023-09-02,669084,5,3,1,0.767903,5.0,1,0
2023-09-02,669467,3,0,0,0.412,3.0,3,0
2023-09-02,669674,2,0,0,0.169,2.0,2,0
2023-09-02,669912,4,0,0,2.4568400000000006,4.0,4,1
2023-09-02,670174,6,0,1,1.989903,6.0,5,0
2023-09-02,670280,5,1,0,1.494005,4.0,3,0
2023-09-02,671096,25,5,2,6.3376733684210524,25.0,18,1
2023-09-02,671106,21,5,0,6.5970839598997495,21.0,16,1
2023-09-02,672715,20,4,3,5.948709,20.0,13,0
2023-09-02,674003,3,1,0,0.093,3.0,2,0
2023-09-02,674444,3,1,0,0.5729333333333333,3.0,2,0
2023-09-02,675989,3,1,0,1.049,3.0,2,0
2023-09-02,676092,3,0,0,0.738,3.0,3,0
2023-09-02,676680,3,1,0,0.521,3.0,2,0
2023-09-02,677944,19,4,0,8.135339393939393,19.0,15,2
2023-09-02,678061,6,2,1,2.4562042962962964,6.0,2,1
2023-09-02,679346,4,1,0,0.371,4.0,3,0
2023-09-02,679525,17,1,2,9.293470755664755,17.0,14,2
2023-09-02,680694,25,6,3,5.414714,25.0,15,0
2023-09-02,680704,3,1,0,1.808446808510638,3.0,2,1
2023-09-02,680723,21,1,3,7.672709,21.0,17,0
2023-09-02,680739,3,0,0,1.226,3.0,3,0
2023-09-02,681806,4,1,0,0.7510000000000001,4.0,3,0
2023-09-02,681857,22,1,0,7.871313687600644,22.0,21,2
2023-09-02,681882,3,0,0,1.932295454545455,3.0,3,1
2023-09-02,681892,3,1,0,0.753,3.0,2,0
2023-09-02,681911,7,0,1,4.354556846153846,7.0,6,1
2023-09-02,686218,16,6,3,5.545709,16.0,7,1
2023-09-02,686294,12,2,0,2.1198333333333332,12.0,10,0
2023-09-02,686613,21,5,4,7.368469142857143,21.0,12,1
2023-09-02,686747,9,0,0,4.290375,9.0,9,0
2023-09-02,687396,3,1,0,0.035,3.0,2,0
2023-09-02,690986,24,5,2,10.847096786011374,24.0,17,4
2023-09-02,693821,26,4,4,9.392612,26.0,18,0
2023-09-02,701643,7,1,1,3.375961571428572,7.0,4,1
2023-09-03,425844,18,0,1,7.278004296296296,18.0,16,1
2023-09-03,445276,6,1,0,2.3800246768507636,6.0,5,1
2023-09-03,450203,19,3,3,6.224901307692308,19.0,13,1
2023-09-03,489119,26,4,3,9.607561619047619,26.0,18,3
2023-09-03,493603,5,3,1,1.0249030000000001,5.0,1,0
2023-09-03,502171,15,3,0,5.98473015873016,15.0,12,2
2023-09-03,502624,17,3,2,6.998597641929499,17.0,11,2
2023-09-03,518886,4,2,0,0.8919999999999999,4.0,2,0
2023-09-03,519242,19,5,2,4.447877428571429,19.0,12,0
2023-09-03,519293,2,0,1,0.7509030000000001,2.0,1,0
2023-09-03,542881,23,5,3,6.852380666666667,23.0,14,1
2023-09-03,543056,4,1,0,1.3618490566037735,4.0,3,1
2023-09-03,543272,4,1,0,1.0475714285714286,4.0,3,1
2023-09-03,543507,1,1,0,0.0,1.0,0,0
2023-09-03,543766,6,2,1,1.154903,6.0,3,0
2023-09-03,548384,5,2,0,0.33099999999999996,5.0,3,0
2023-09-03,552640,3,0,0,0.766,3.0,3,0
2023-09-03,571863,4,0,1,1.1369030000000002,4.0,3,0
2023-09-03,571882,3,0,0,2.332005,3.0,2,0
2023-09-03,571946,4,0,0,0.998,4.0,4,0
2023-09-03,572888,4,1,0,0.876,4.0,3,0
2023-09-03,592332,20,5,3,7.334976156862745,19.0,12,1
2023-09-03,592351,26,8,4,7.176312,26.0,14,1
2023-09-03,592454,6,1,0,0.9420000000000001,6.0,5,0
2023-09-03,592741,4,1,0,1.7725555555555554,4.0,3,1
2023-09-03,592791,24,7,0,9.201635150241914,24.0,16,4
2023-09-03,596112,3,2,0,0.057,3.0,1,0
2023-09-03,600917,4,1,2,2.292806,4.0,1,0
2023-09-03,605130,4,1,1,0.697903,4.0,2,0
2023-09-03,605177,4,0,1,1.053903,4.0,3,0
2023-09-03,605280,3,0,0,0.512,3.0,3,0
2023-09-03,605347,4,1,0,1.5704166666666666,4.0,3,0
2023-09-03,605447,3,0,0,0.223,3.0,3,0
2023-09-03,606149,3,1,0,0.9199999999999999,3.0,2,1
2023-09-03,607179,6,1,1,1.431,5.0,4,0
2023-09-03,607259,5,1,0,1.010005,5.0,3,0
2023-09-03,607481,6,1,1,4.151158000000001,6.0,3,1
2023-09-03,607625,22,4,1,6.128179887871854,22.0,17,3
2023-09-03,608371,4,1,0,0.8015714285714285,4.0,3,1
2023-09-03,608665,4,2,1,0.809903,4.0,1,0
2023-09-03,608678,7,1,2,2.753895285714286,7.0,4,0
2023-09-03,608717,4,0,0,0.307,4.0,4,0
2023-09-03,612434,4,2,0,1.3164999999999998,4.0,2,0
2023-09-03,621237,4,2,0,0.8839999999999999,4.0,2,0
2023-09-03,621294,10,0,1,3.050903,10.0,9,0
2023-09-03,621363,3,1,0,0.742,3.0,2,0
2023-09-03,621366,5,0,0,1.838,5.0,5,0
2023-09-03,621381,5,1,2,2.284652153846154,5.0,2,1
2023-09-03,621383,11,3,0,2.6845,10.0,7,0
2023-09-03,622554,4,0,0,0.315,4.0,4,0
2023-09-03,623352,4,3,1,0.695903,4.0,0,0
2023-09-03,624133,19,5,2,5.83217612987013,19.0,12,1
2023-09-03,624522,7,1,2,3.476306,7.0,4,0
2023-09-03,628317,25,3,2,9.640906,25.0,20,0
2023-09-03,640448,5,1,0,1.442,5.0,4,0
2023-09-03,640451,3,2,0,0.067,3.0,1,0
2023-09-03,641627,4,1,1,1.418903,4.0,2,0
2023-09-03,641755,4,1,1,0.802903,4.0,2,0
2023-09-03,641835,4,2,0,0.8759999999999999,4.0,2,0
2023-09-03,642239,7,1,0,1.151,7.0,6,0
2023-09-03,642528,4,0,0,1.9160000000000001,4.0,4,0
2023-09-03,643338,3,0,0,0.336,3.0,3,0
2023-09-03,645261,33,3,2,9.425972666666667,33.0,28,1
2023-09-03,650633,18,4,0,3.8680000000000003,18.0,14,0
2023-09-03,656271,5,2,0,1.663,5.0,3,0
2023-09-03,656382,7,0,1,4.088090192118226,7.0,6,2
2023-09-03,656427,22,7,1,8.082948454545456,22.0,14,2
2023-09-03,656529,4,0,0,0.761,4.0,4,0
2023-09-03,656546,3,2,0,0.439,3.0,1,0
2023-09-03,656629,10,2,5,4.290515,10.0,3,0
2023-09-03,656638,4,0,1,1.261903,4.0,3,0
2023-09-03,656731,23,6,2,9.627926168376934,23.0,14,2
2023-09-03,656945,5,1,0,1.094,5.0,4,0
2023-09-03,657044,3,0,0,0.265,3.0,3,0
2023-09-03,657514,4,1,0,1.15,4.0,3,0
2023-09-03,660813,4,1,1,1.114903,4.0,2,0
2023-09-03,660906,2,1,0,0.524,2.0,1,0
2023-09-03,661309,10,4,1,2.753555173913044,10.0,5,1
2023-09-03,661440,5,1,0,1.8604,5.0,4,0
2023-09-03,663423,7,2,0,2.228884615384615,7.0,5,1
2023-09-03,663462,6,2,0,1.612,6.0,4,0
2023-09-03,663485,10,4,2,4.699323857142858,10.0,4,1
2023-09-03,663704,5,1,0,1.34,5.0,4,0
2023-09-03,663855,3,1,0,0.7547999999999999,3.0,2,1
2023-09-03,663986,5,2,1,2.145703,5.0,2,1
2023-09-03,664028,12,1,1,4.55042988172043,12.0,10,1
2023-09-03,664126,2,0,0,0.863,2.0,2,0
2023-09-03,664139,5,2,0,1.62,5.0,3,0
2023-09-03,664199,3,1,0,0.142,3.0,2,0
2023-09-03,664299,22,8,0,4.756039964866052,22.0,14,1
2023-09-03,664353,10,2,0,5.212958333333334,10.0,8,2
2023-09-03,664747,3,0,0,1.197,2.0,3,0
2023-09-03,664875,6,1,1,2.412903,6.0,4,0
2023-09-03,665896,4,0,0,1.12,4.0,4,0
2023-09-03,666204,3,2,0,0.18,3.0,1,0
2023-09-03,666205,18,3,1,6.5587354757004,18.0,14,2
2023-09-03,666619,3,2,0,0.051,3.0,1,0
2023-09-03,666974,4,0,0,1.6217142857142854,4.0,4,1
2023-09-03,667755,7,0,2,2.8194363333333334,6.0,5,1
2023-09-03,668678,25,4,1,7.09636245945946,24.0,19,1
2023-09-03,668868,27,6,0,8.499740621878558,26.0,20,3
2023-09-03,668970,1,0,0,0.637,1.0,1,0
2023-09-03,669060,5,1,1,0.9779030000000001,4.0,3,0
2023-09-03,669212,7,1,0,2.036,7.0,6,0
2023-09-03,669276,3,1,0,1.134,3.0,2,0
2023-09-03,669373,28,7,2,6.994806,28.0,19,0
2023-09-03,669424,1,0,1,0.695903,1.0,0,0
2023-09-03,669459,3,0,0,1.065,3.0,3,0
2023-09-03,669467,6,0,2,1.967806,6.0,4,0
2023-09-03,669796,3,1,1,0.255,2.0,1,0
2023-09-03,669912,6,1,2,2.490806,6.0,3,0
2023-09-03,669923,16,3,0,6.837,16.0,13,1
2023-09-03,670167,4,2,1,0.812903,4.0,1,0
2023-09-03,670912,22,2,6,9.48837452173913,22.0,14,1
2023-09-03,670950,7,3,2,2.288806,7.0,2,0
2023-09-03,671345,3,0,0,1.2097894736842105,3.0,3,0
2023-09-03,671737,23,7,5,6.816515,23.0,11,0
2023-09-03,672335,3,1,0,0.502,3.0,2,0
2023-09-03,672578,5,1,1,1.7049030000000003,5.0,3,0
2023-09-03,674003,3,1,0,0.125,3.0,2,0
2023-09-03,675540,22,6,1,5.954361333333334,22.0,15,0
2023-09-03,675989,4,2,2,1.391806,4.0,0,0
2023-09-03,676272,25,5,1,6.1927730561009815,24.0,18,2
2023-09-03,676395,5,1,0,0.9989999999999999,5.0,4,0
2023-09-03,676775,20,2,1,4.737743,18.0,16,1
2023-09-03,678606,3,1,0,0.115,3.0,2,0
2023-09-03,680686,19,2,4,7.709690226544623,19.0,12,2
2023-09-03,680704,4,0,1,1.283903,4.0,3,0
2023-09-03,680735,8,2,0,2.62809022556391,8.0,6,1
2023-09-03,680739,1,0,0,2.0,1.0,1,1
2023-09-03,681806,4,0,0,2.1187119565217394,4.0,4,1
2023-09-03,681892,4,1,0,0.903,4.0,3,0
2023-09-03,682010,4,0,1,0.783903,3.0,2,0
2023-09-03,682842,4,1,1,1.4679030000000002,4.0,2,0
2023-09-03,686730,18,7,2,4.4953774285714285,18.0,9,0
2023-09-03,686826,10,2,3,3.5471684594594595,10.0,5,1
2023-09-03,687145,5,2,1,1.6739030000000001,5.0,2,0
2023-09-03,687330,4,1,0,0.408,4.0,3,0
2023-09-03,688427,3,1,0,0.379,3.0,2,0
2023-09-03,694037,5,2,0,1.283,5.0,3,0
2023-09-04,445276,3,0,0,0.956,3.0,3,0
2023-09-04,448179,13,3,2,7.052949174250832,13.0,8,2
2023-09-04,455119,3,2,0,0.197,3.0,1,0
2023-09-04,472610,5,1,0,0.933,5.0,4,0
2023-09-04,518617,3,2,0,0.125,3.0,1,0
2023-09-04,518876,24,12,1,4.780903,24.0,11,0
2023-09-04,518886,5,1,2,1.5408060000000001,5.0,2,0
2023-09-04,527048,8,1,0,4.3644589371980675,8.0,7,2
2023-09-04,541640,4,1,0,0.359,4.0,3,0
2023-09-04,543351,3,0,0,0.509,2.0,3,0
2023-09-04,552640,6,0,1,3.558632491525424,6.0,5,1
2023-09-04,554340,4,1,0,1.2150476190476192,4.0,3,1
2023-09-04,571479,5,1,0,1.611,5.0,4,0
2023-09-04,571656,7,2,0,1.584,7.0,5,0
2023-09-04,571670,3,1,0,0.286,3.0,2,0
2023-09-04,571760,23,1,4,7.726595021978023,23.0,17,1
2023-09-04,571948,4,2,0,0.6069333333333333,4.0,2,0
2023-09-04,592527,13,2,1,4.7783196666666665,13.0,10,1
2023-09-04,592773,2,0,0,1.254153846153846,2.0,2,1
2023-09-04,592836,24,4,3,8.22182011111111,24.0,17,1
2023-09-04,593576,4,1,1,0.7179030000000001,4.0,2,0
2023-09-04,594580,4,2,0,0.113,4.0,2,0
2023-09-04,595978,2,0,0,0.134,2.0,2,0
2023-09-04,596133,11,1,1,3.497903,11.0,9,0
2023-09-04,605447,6,2,1,2.5101088823529416,6.0,3,1
2023-09-04,606160,3,1,0,1.1754885714285714,3.0,2,0
2023-09-04,606965,4,1,0,2.746446808510638,4.0,3,1
2023-09-04,607359,5,0,2,1.7789030000000001,4.0,3,0
2023-09-04,608032,3,1,0,0.25,3.0,2,0
2023-09-04,608337,19,3,3,8.655780428571429,19.0,13,3
2023-09-04,608371,2,1,0,0.726005,2.0,0,0
2023-09-04,621016,3,1,0,0.965,3.0,2,0
2023-09-04,621237,5,2,2,1.511806,5.0,1,0
2023-09-04,621244,22,7,1,6.884648454545454,22.0,14,2
2023-09-04,622088,6,3,0,0.32,5.0,2,0
2023-09-04,622103,7,3,1,3.8204257272727267,7.0,3,1
2023-09-04,622250,9,0,2,6.234806000000001,9.0,7,1
2023-09-04,623149,5,0,1,1.7849030000000001,5.0,4,0
2023-09-04,641154,28,3,3,7.228709,28.0,22,0
2023-09-04,641585,24,5,3,11.474278230769231,24.0,16,5
2023-09-04,642048,5,0,0,1.673005,4.0,4,0
2023-09-04,642397,5,0,1,2.345903,5.0,4,0
2023-09-04,642545,4,0,1,1.626903,4.0,3,0
2023-09-04,650489,7,0,2,3.726806,7.0,5,0
2023-09-04,650556,3,1,0,0.597,3.0,2,0
2023-09-04,650644,21,12,3,4.554402548387096,21.0,6,1
2023-09-04,650893,3,1,0,1.132,3.0,2,0
2023-09-04,650960,4,0,0,2.1610571428571426,4.0,4,1
2023-09-04,656464,3,2,0,0.247,3.0,1,0
2023-09-04,656529,4,1,0,0.9349999999999999,4.0,3,0
2023-09-04,656546,2,1,0,0.161,2.0,1,0
2023-09-04,656794,8,2,0,0.495,8.0,6,0
2023-09-04,657006,27,12,2,5.384806,27.0,13,0
2023-09-04,657097,3,1,0,0.897,3.0,2,1
2023-09-04,657248,6,1,0,4.218958333333333,6.0,5,2
2023-09-04,657277,26,4,1,9.015268079365079,26.0,21,3
2023-09-04,657612,4,0,1,1.169903,4.0,3,0
2023-09-04,660853,7,0,2,3.785806,7.0,5,0
2023-09-04,660906,3,0,0,1.556,3.0,3,0
2023-09-04,663362,23,3,1,11.392079576576576,23.0,19,3
2023-09-04,663567,25,5,1,7.201903,25.0,19,0
2023-09-04,663941,7,0,1,2.231903,7.0,6,0
2023-09-04,664139,2,1,0,0.278,2.0,1,0
2023-09-04,664208,4,1,0,0.24500000000000002,4.0,3,0
2023-09-04,665622,19,3,3,7.634714000000001,19.0,12,0
2023-09-04,666142,19,7,0,2.344005,18.0,10,0
2023-09-04,666974,3,0,0,0.315,3.0,3,0
2023-09-04,668674,8,2,1,1.9799030000000002,8.0,5,0
2023-09-04,669060,4,1,0,0.458,4.0,3,0
2023-09-04,669084,4,1,0,1.4233142857142855,4.0,3,1
2023-09-04,669203,25,7,0,8.126068110318156,25.0,18,3
2023-09-04,669387,5,1,1,1.700903,5.0,3,0
2023-09-04,669947,20,1,1,11.852951888888889,20.0,18,3
2023-09-04,670046,26,4,2,6.0402605454545455,26.0,20,0
2023-09-04,670059,3,1,0,0.271,3.0,2,0
2023-09-04,670174,3,2,0,0.006,3.0,1,0
2023-09-04,670280,3,0,0,1.182,3.0,3,0
2023-09-04,671111,13,2,1,4.855292855072463,13.0,10,1
2023-09-04,674444,3,1,0,0.196,3.0,2,0
2023-09-04,676092,8,0,0,2.507280487804878,8.0,8,1
2023-09-04,676680,3,1,1,1.000903,3.0,1,0
2023-09-04,678394,23,7,2,5.0398060000000005,23.0,14,0
2023-09-04,679346,3,0,0,1.9560714285714287,3.0,3,1
2023-09-04,680570,24,7,2,6.708856,24.0,15,0
2023-09-04,681807,23,0,1,13.50760919690155,23.0,22,5
2023-09-04,682847,25,4,3,7.276714,25.0,17,0
2023-09-04,683232,6,2,0,0.72,6.0,4,0
2023-09-04,686539,6,0,2,2.528806,6.0,4,0
2023-09-04,687396,9,1,1,4.184938641025641,9.0,5,1
2023-09-04,693433,26,0,3,10.366444689655172,26.0,20,2
2023-09-05,445276,2,0,1,2.663028,2.0,1,1
2023-09-05,453178,7,2,0,3.378433571428571,7.0,4,1
2023-09-05,455119,3,1,0,1.153,3.0,2,0
2023-09-05,477132,23,3,5,9.991646818181819,23.0,15,3
2023-09-05,489446,4,1,0,0.299,4.0,3,0
2023-09-05,500779,25,4,1,6.441218789473684,25.0,20,0
2023-09-05,518397,4,1,0,0.8969999999999999,4.0,3,0
2023-09-05,518617,4,1,1,0.9119030000000001,4.0,2,0
2023-09-05,519043,6,3,0,1.419,6.0,3,0
2023-09-05,541640,4,0,0,0.629,4.0,4,0
2023-09-05,542585,4,1,1,2.841903,4.0,2,1
2023-09-05,542888,7,1,0,1.381,7.0,6,0
2023-09-05,543037,26,7,0,6.554,26.0,19,0
2023-09-05,543056,4,1,0,1.177,4.0,3,0
2023-09-05,543135,10,1,1,4.515468217391304,10.0,8,1
2023-09-05,543243,24,4,2,7.865192904761905,24.0,18,2
2023-09-05,543294,23,5,0,7.024042929292929,23.0,18,3
2023-09-05,543521,16,3,0,6.508970719602978,16.0,13,2
2023-09-05,543766,4,2,0,0.601,4.0,2,0
2023-09-05,543859,4,2,0,1.5241199999999995,4.0,2,1
2023-09-05,547179,28,1,3,12.139185470588236,27.0,23,2
2023-09-05,571578,21,2,1,10.700402695520163,20.0,17,4
2023-09-05,571863,3,0,0,0.251,3.0,3,0
2023-09-05,571882,6,0,0,2.3150894594594593,6.0,5,1
2023-09-05,571901,4,2,0,0.891,4.0,2,1
2023-09-05,571945,30,2,2,17.61336419603684,30.0,26,6
2023-09-05,572955,3,0,0,0.336,3.0,3,0
2023-09-05,573009,3,0,0,0.469,3.0,3,0
2023-09-05,573124,4,1,0,1.6549999999999998,4.0,3,0
2023-09-05,573204,3,0,0,0.6503333333333333,3.0,3,0
2023-09-05,592229,8,0,1,3.384903,7.0,6,0
2023-09-05,592426,6,2,0,2.173,6.0,4,1
2023-09-05,592454,3,1,0,0.235,3.0,2,0
2023-09-05,592741,6,1,2,1.7868060000000001,6.0,3,0
2023-09-05,592767,5,2,1,1.557903,5.0,2,0
2023-09-05,594943,4,1,3,2.0877090000000003,4.0,0,0
2023-09-05,595978,4,0,0,0.619,4.0,4,0
2023-09-05,596001,13,2,1,3.555903,13.0,10,1
2023-09-05,600921,10,1,0,3.778448478260869,10.0,8,1
2023-09-05,605135,29,7,0,8.066225544481359,29.0,22,2
2023-09-05,605177,4,1,0,0.153,4.0,3,0
2023-09-05,605280,4,1,0,1.839,4.0,3,0
2023-09-05,605347,5,2,0,2.092,5.0,3,0
2023-09-05,605540,24,6,2,5.621806,24.0,16,0
2023-09-05,606149,3,1,1,2.2293575454545453,3.0,1,1
2023-09-05,606965,3,0,0,2.038695652173913,3.0,3,2
2023-09-05,607216,1,0,0,0.018,1.0,1,0
2023-09-05,607359,4,1,0,0.772192307692308,4.0,3,1
2023-09-05,607481,4,1,0,0.575,4.0,3,0
2023-09-05,607536,26,2,3,8.430834,26.0,21,0
2023-09-05,608032,7,1,1,2.553903,7.0,5,0
2023-09-05,608678,5,0,1,3.9567822409430704,5.0,4,2
2023-09-05,621016,3,0,0,0.714,3.0,3,0
2023-09-05,621107,21,7,1,6.9620847676767665,21.0,12,2
2023-09-05,621363,3,2,1,0.695903,3.0,0,0
2023-09-05,622098,4,0,1,1.204903,4.0,3,0
2023-09-05,622766,3,2,0,0.058,3.0,1,0
2023-09-05,623437,6,0,1,2.8059030000000003,6.0,5,0
2023-09-05,623474,2,0,1,0.179,1.0,1,0
2023-09-05,625643,4,1,0,0.624,4.0,3,0
2023-09-05,640462,4,1,0,2.079153846153846,4.0,3,1
2023-09-05,641540,28,4,2,10.62453573578146,28.0,22,4
2023-09-05,641672,10,4,0,3.1923117647058827,10.0,6,1
2023-09-05,641755,3,0,0,0.443,3.0,3,0
2023-09-05,641941,3,1,0,0.105,3.0,2,0
2023-09-05,642100,2,0,1,0.8379030000000001,2.0,1,0
2023-09-05,642232,13,3,0,6.072300454545455,13.0,9,2
2023-09-05,642528,3,1,0,0.369,3.0,2,0
2023-09-05,643377,4,2,0,0.447,4.0,2,0
2023-09-05,643410,3,0,0,1.5884545454545456,3.0,3,0
2023-09-05,643511,7,0,1,3.891510142857143,7.0,6,1
2023-09-05,647336,14,6,1,4.680825727272728,13.0,7,2
2023-09-05,656234,3,2,0,0.084,3.0,1,0
2023-09-05,656302,26,7,2,12.142196292243908,26.0,17,4
2023-09-05,656322,5,0,2,3.336811,5.0,2,0
2023-09-05,656412,12,4,1,4.765153000000001,12.0,7,1
2023-09-05,656578,20,2,5,8.024191190476191,20.0,13,2
2023-09-05,656887,4,1,0,0.475,4.0,3,0
2023-09-05,656945,4,2,0,0.624,4.0,2,0
2023-09-05,657044,5,0,0,0.598,5.0,5,0
2023-09-05,657097,4,0,0,1.106,4.0,4,0
2023-09-05,657240,4,1,1,1.672903,4.0,2,0
2023-09-05,657514,4,2,1,1.355823,4.0,1,1
2023-09-05,658648,24,1,6,8.624418,24.0,17,0
2023-09-05,660261,3,2,0,0.13,3.0,1,0
2023-09-05,662253,2,0,0,0.288,2.0,2,0
2023-09-05,663804,3,1,0,0.197,3.0,2,0
2023-09-05,663903,24,2,1,10.522569666666667,24.0,21,3
2023-09-05,663986,8,1,2,3.679811,8.0,4,0
2023-09-05,664126,4,3,0,0.139,4.0,1,0
2023-09-05,664285,30,4,4,10.787806444444444,30.0,22,1
2023-09-05,664747,5,0,1,2.408125391304348,5.0,3,1
2023-09-05,664854,4,2,1,0.9699030000000001,4.0,1,0
2023-09-05,665152,21,5,3,5.328500979949875,21.0,13,1
2023-09-05,665625,5,0,0,0.886,5.0,5,0
2023-09-05,666200,23,6,1,4.851903,23.0,16,0
2023-09-05,666214,5,0,2,1.837806,5.0,3,0
2023-09-05,666374,4,1,1,0.908903,4.0,2,0
2023-09-05,666619,6,0,1,1.9000000000000001,5.0,5,0
2023-09-05,666818,4,0,0,1.494,4.0,4,0
2023-09-05,667463,1,0,0,0.061,1.0,1,0
2023-09-05,667755,3,0,0,0.828,3.0,3,0
2023-09-05,668984,5,0,1,1.287903,5.0,4,0
2023-09-05,669084,5,0,1,1.9720141111111111,5.0,4,1
2023-09-05,669212,4,1,0,0.526,4.0,3,0
2023-09-05,669270,7,1,0,2.69,7.0,6,0
2023-09-05,669467,4,0,0,1.707,4.0,4,0
2023-09-05,669674,12,0,3,6.244206,11.0,9,1
2023-09-05,669713,4,0,1,1.6510953076923078,4.0,3,1
2023-09-05,670102,3,3,0,0.0,3.0,0,0
2023-09-05,670167,7,2,1,0.8897894736842105,6.0,4,0
2023-09-05,670174,5,1,1,1.503903,5.0,3,0
2023-09-05,672282,27,5,1,9.372578,27.0,21,1
2023-09-05,672335,3,0,0,0.499,3.0,3,0
2023-09-05,672582,13,3,0,3.062047619047619,13.0,10,1
2023-09-05,676254,9,2,2,2.808806,9.0,5,0
2023-09-05,676440,24,4,5,10.737573974358975,23.0,15,3
2023-09-05,676680,1,1,0,0.0,1.0,0,0
2023-09-05,676684,4,2,0,0.8377142857142859,4.0,2,0
2023-09-05,676702,9,2,1,3.713751466107617,9.0,5,2
2023-09-05,676710,19,5,4,7.626103053122088,19.0,10,2
2023-09-05,677053,5,1,1,1.073903,5.0,3,0
2023-09-05,677076,3,0,0,3.0021694915254242,3.0,3,1
2023-09-05,678061,8,3,1,1.913903,8.0,4,0
2023-09-05,682175,7,1,1,3.271913,7.0,3,1
2023-09-05,682243,22,2,1,10.03612745945946,22.0,16,2
2023-09-05,683175,22,7,2,8.326510285714285,22.0,13,3
2023-09-05,685314,5,2,0,0.907,5.0,3,0
2023-09-05,686294,9,0,0,4.303071428571429,9.0,9,2
2023-09-05,686610,22,3,3,6.758709,22.0,16,0
2023-09-05,686839,5,1,1,2.9219030000000004,5.0,3,0
2023-09-05,687330,1,0,0,0.105,1.0,1,0
2023-09-05,694297,20,4,2,5.612971,20.0,13,1
2023-09-06,434378,27,6,1,6.580119216216216,26.0,19,2
2023-09-06,453286,18,4,2,7.119664620689655,18.0,12,2
2023-09-06,458681,26,1,3,10.127278718309858,25.0,20,3
2023-09-06,472610,5,1,1,1.4679030000000002,5.0,3,0
2023-09-06,502043,23,3,2,6.527102875,23.0,18,1
2023-09-06,519151,3,1,0,0.156,3.0,2,0
2023-09-06,542585,6,0,0,1.743,6.0,6,0
2023-09-06,543272,4,1,0,1.254,4.0,3,0
2023-09-06,543351,3,1,0,0.632,3.0,2,0
2023-09-06,543475,22,0,1,8.449625222222222,22.0,21,2
2023-09-06,543507,3,0,0,0.81,3.0,3,0
2023-09-06,543518,3,1,1,0.9599030000000001,3.0,1,0
2023-09-06,543766,4,2,1,0.936903,4.0,1,0
2023-09-06,547943,21,5,1,6.757736333333334,21.0,15,1
2023-09-06,547973,3,2,0,0.118,3.0,1,0
2023-09-06,548384,3,2,0,0.291,3.0,1,0
2023-09-06,554430,21,7,2,4.9426060000000005,21.0,12,1
2023-09-06,571948,2,1,0,0.578,2.0,1,0
2023-09-06,572403,6,1,0,1.069,6.0,5,0
2023-09-06,593974,7,3,2,1.4878060000000002,7.0,2,0
2023-09-06,594580,3,2,0,0.24,3.0,1,0
2023-09-06,595345,8,1,1,1.9179030000000001,8.0,6,0
2023-09-06,596112,3,1,0,0.027000000000000003,3.0,2,0
2023-09-06,596271,7,0,1,3.2884208571428575,7.0,6,1
2023-09-06,600917,3,1,0,0.7770050000000001,3.0,1,0
2023-09-06,601713,22,5,2,8.766897038406828,22.0,15,2
2023-09-06,605130,3,1,0,0.423,3.0,2,0
2023-09-06,605154,4,1,0,1.1639310344827587,4.0,3,1
2023-09-06,605200,19,2,3,9.018423677419355,19.0,13,1
2023-09-06,605280,3,1,0,0.20400000000000001,3.0,2,0
2023-09-06,607192,22,14,1,2.6533624594594594,21.0,6,1
2023-09-06,607259,9,4,1,2.3739030000000003,9.0,4,0
2023-09-06,607481,3,0,1,2.603960142857143,3.0,2,1
2023-09-06,608344,3,1,0,0.048,3.0,2,0
2023-09-06,608379,22,6,3,10.441209,22.0,13,2
2023-09-06,608638,4,2,1,1.0209030000000001,4.0,1,0
2023-09-06,608665,4,1,0,1.0559999999999998,4.0,3,1
2023-09-06,608717,8,0,2,4.443583155655095,8.0,6,1
2023-09-06,608718,6,1,0,2.749,6.0,5,0
2023-09-06,612434,4,1,0,0.8950049999999999,4.0,2,0
2023-09-06,621294,5,2,1,1.6569030000000002,5.0,2,0
2023-09-06,621363,4,0,0,2.073,4.0,4,0
2023-09-06,621381,5,2,0,1.868,5.0,3,0
2023-09-06,622072,13,2,1,5.202903,13.0,10,0
2023-09-06,622103,4,2,1,0.896903,4.0,1,0
2023-09-06,622554,3,0,0,0.255,3.0,3,0
2023-09-06,623167,14,3,2,6.334042111111111,14.0,8,2
2023-09-06,623437,2,0,0,0.472,2.0,2,0
2023-09-06,624647,6,1,0,1.928,6.0,5,0
2023-09-06,625643,3,2,1,0.695903,3.0,0,0
2023-09-06,640448,3,0,1,1.037903,3.0,2,0
2023-09-06,640451,3,1,0,0.9309999999999999,3.0,2,0
2023-09-06,640455,13,1,0,5.3832432432432435,13.0,12,2
2023-09-06,640462,4,0,0,1.9615000000000002,4.0,4,1
2023-09-06,641360,4,0,1,1.528908,3.0,2,0
2023-09-06,641627,4,0,0,2.114,4.0,4,0
2023-09-06,641712,25,2,3,11.782554000000001,25.0,19,3
2023-09-06,641729,5,1,0,1.7169499999999998,5.0,4,1
2023-09-06,642100,4,1,0,1.075,4.0,3,0
2023-09-06,642545,15,1,1,5.787007659498208,15.0,13,3
2023-09-06,642547,22,4,1,7.360386870967742,22.0,17,2
2023-09-06,643338,3,2,0,0.026,3.0,1,0
2023-09-06,643361,9,2,0,2.151,9.0,7,0
2023-09-06,650960,6,0,1,1.9159030000000001,6.0,5,0
2023-09-06,656271,8,2,1,5.139393909090909,8.0,5,2
2023-09-06,656353,7,1,0,3.8444210526315787,7.0,6,2
2023-09-06,656529,4,2,0,0.9430000000000001,4.0,2,0
2023-09-06,656546,5,2,1,1.424908,5.0,1,0
2023-09-06,656638,4,0,1,1.5599030000000003,4.0,3,0
2023-09-06,656730,3,2,0,0.841,3.0,1,0
2023-09-06,657053,22,6,3,7.099042333333333,22.0,13,2
2023-09-06,657376,24,6,0,6.10625,24.0,18,1
2023-09-06,657514,3,0,2,1.593806,3.0,1,0
2023-09-06,657612,6,0,1,3.1037918888888893,6.0,5,1
2023-09-06,657746,17,3,1,4.843458555555555,17.0,13,1
2023-09-06,660261,4,1,0,1.2069999999999999,4.0,3,0
2023-09-06,661403,3,1,0,0.117,3.0,2,0
2023-09-06,661440,11,1,1,3.3531030000000004,11.0,9,0
2023-09-06,662253,5,2,1,1.7875090606060606,5.0,2,1
2023-09-06,663559,12,3,0,3.6279999999999997,12.0,9,0
2023-09-06,663704,4,1,0,0.6589999999999999,4.0,3,0
2023-09-06,663773,6,1,0,3.1638,6.0,5,1
2023-09-06,663776,27,3,4,8.445278666666667,27.0,20,0
2023-09-06,663947,8,3,0,1.8079999999999998,8.0,5,0
2023-09-06,664126,4,2,0,0.649,4.0,2,0
2023-09-06,664199,6,2,0,1.065,6.0,4,0
2023-09-06,664875,5,0,0,1.189005,5.0,4,0
2023-09-06,665625,5,1,1,1.381,4.0,3,0
2023-09-06,665795,15,8,2,2.247806,15.0,5,0
2023-09-06,666159,5,1,1,1.993903,5.0,3,0
2023-09-06,666168,2,0,0,0.253,2.0,2,0
2023-09-06,666204,4,1,0,1.712225,4.0,3,2
2023-09-06,666374,3,1,0,0.69,3.0,2,0
2023-09-06,666619,2,0,0,0.776,2.0,2,0
2023-09-06,666808,3,2,0,0.168,3.0,1,0
2023-09-06,666818,3,2,0,0.018,3.0,1,0
2023-09-06,668909,20,4,4,5.791612000000001,20.0,12,0
2023-09-06,668970,8,3,2,2.850816,8.0,1,0
2023-09-06,669276,6,0,0,2.2504054054054055,6.0,6,1
2023-09-06,669302,25,9,2,6.796753368421053,25.0,14,0
2023-09-06,669387,3,0,0,0.877,3.0,3,0
2023-09-06,669459,3,1,0,0.213,3.0,2,0
2023-09-06,669467,1,0,0,0.5185,1.0,1,0
2023-09-06,669711,1,1,0,0.0,1.0,0,0
2023-09-06,670059,5,0,0,1.169,5.0,5,0
2023-09-06,670241,8,2,1,2.2532363333333336,8.0,5,0
2023-09-06,670280,4,2,0,1.6264594594594595,4.0,2,1
2023-09-06,670950,6,1,0,3.3035555555555556,6.0,5,1
2023-09-06,671345,3,1,0,0.241,3.0,2,0
2023-09-06,672335,3,0,0,0.156,3.0,3,0
2023-09-06,672851,25,6,3,5.691903,23.0,16,0
2023-09-06,674003,7,0,0,2.391,7.0,7,0
2023-09-06,675911,17,5,3,6.969195470588235,17.0,9,1
2023-09-06,675989,7,2,1,1.694903,7.0,4,0
2023-09-06,676130,25,6,1,5.527041888888888,25.0,18,1
2023-09-06,676254,4,1,1,1.232903,4.0,2,0
2023-09-06,676395,5,1,0,0.987,4.0,4,0
2023-09-06,676664,22,3,4,5.991383929824561,22.0,15,0
2023-09-06,680689,25,3,4,9.863337,25.0,18,3
2023-09-06,680704,3,2,0,0.723,3.0,1,0
2023-09-06,681402,9,1,0,2.902,9.0,8,0
2023-09-06,681432,4,2,0,0.879,4.0,2,0
2023-09-06,681882,7,2,3,3.4264817272727273,7.0,2,1
2023-09-06,681892,3,1,0,0.195,3.0,2,0
2023-09-06,682010,4,1,0,0.701,4.0,3,0
2023-09-06,682842,3,3,0,0.0,3.0,0,0
2023-09-06,683232,5,2,0,1.4353548387096773,5.0,3,1
2023-09-06,686826,7,1,1,2.568528,7.0,5,0
2023-09-06,686973,11,2,1,2.326903,11.0,8,0
2023-09-06,687145,6,0,1,2.237903,6.0,5,0
2023-09-06,689225,12,0,3,5.509653444444445,12.0,9,1
2023-09-06,694037,4,2,0,0.44799999999999995,4.0,2,0
2023-09-06,695243,6,3,0,0.031,6.0,3,0
2023-09-06,696136,28,1,0,7.765666666666667,27.0,26,0
2023-09-07,425794,28,4,3,14.689946436533845,28.0,21,6
2023-09-07,519043,5,0,1,2.492903,5.0,4,0
2023-09-07,552640,3,2,0,0.168,3.0,1,0
2023-09-07,571901,6,0,0,2.116,6.0,6,0
2023-09-07,572955,3,2,0,0.119,3.0,1,0
2023-09-07,573009,5,1,0,2.141,5.0,4,0
2023-09-07,593958,24,4,4,8.935628018306637,24.0,16,2
2023-09-07,606930,5,1,0,2.248383333333334,5.0,4,1
2023-09-07,607074,19,4,0,8.892819077141658,19.0,15,4
2023-09-07,608331,26,4,2,9.32460047368421,25.0,18,0
2023-09-07,608638,1,1,0,0.0,1.0,0,0
2023-09-07,615698,23,6,2,5.469354888888889,23.0,15,1
2023-09-07,621345,3,2,0,0.214,3.0,1,0
2023-09-07,622259,5,2,1,1.464903,5.0,2,0
2023-09-07,622491,26,8,4,8.009612,25.0,13,0
2023-09-07,622766,5,1,1,1.416903,5.0,3,0
2023-09-07,623149,1,0,0,0.518,1.0,1,0
2023-09-07,623465,3,1,0,0.13,3.0,2,0
2023-09-07,624522,11,2,3,3.5308296896551723,11.0,6,1
2023-09-07,628452,7,0,2,3.4703444615384615,7.0,5,0
2023-09-07,640454,3,2,0,0.216,3.0,1,0
2023-09-07,641793,29,4,1,6.629850368421053,29.0,24,0
2023-09-07,646242,7,0,1,3.426908,7.0,5,0
2023-09-07,656061,9,3,0,3.171,9.0,6,1
2023-09-07,656464,3,1,0,0.436,3.0,2,0
2023-09-07,656970,17,1,0,7.318717121212122,17.0,15,1
2023-09-07,657044,3,1,0,0.314,3.0,2,0
2023-09-07,657571,4,2,0,0.197,4.0,2,0
2023-09-07,660853,1,0,0,0.24,1.0,1,0
2023-09-07,661403,7,0,1,3.182,6.0,6,0
2023-09-07,662253,4,2,1,1.4219080000000002,4.0,0,0
2023-09-07,663462,4,3,0,0.2,4.0,1,0
2023-09-07,663986,3,2,0,0.161,3.0,1,0
2023-09-07,665871,23,0,1,11.003902959240238,23.0,22,3
2023-09-07,665896,3,0,0,1.6214285714285719,3.0,3,1
2023-09-07,666129,18,4,3,6.238380666666667,18.0,10,0
2023-09-07,666277,12,0,2,5.736498307692308,12.0,10,1
2023-09-07,666374,3,1,0,0.6819999999999999,3.0,2,0
2023-09-07,667755,4,0,1,1.448903,4.0,3,0
2023-09-07,669194,20,3,2,9.031714275058274,20.0,15,4
2023-09-07,669461,4,1,0,0.482,4.0,3,0
2023-09-07,669713,5,1,0,1.023,5.0,4,0
2023-09-07,669721,13,1,3,3.624709,13.0,9,0
2023-09-07,676684,3,2,0,0.166,3.0,1,0
2023-09-07,681190,12,5,2,4.362234571428571,12.0,5,1
2023-09-07,681806,6,1,1,1.1079999999999999,5.0,4,0
2023-09-07,685314,1,1,0,0.0,1.0,0,0
2023-09-07,686752,22,3,0,5.130478260869565,22.0,19,1
2023-09-08,453178,7,2,2,2.219806,7.0,3,0
2023-09-08,502085,3,1,1,1.089903,3.0,1,0
2023-09-08,518489,3,1,0,1.2725310344827587,3.0,2,1
2023-09-08,518585,5,2,1,2.252908,5.0,1,0
2023-09-08,542888,4,1,0,1.395,4.0,3,0
2023-09-08,543507,4,0,0,1.171,4.0,4,0
2023-09-08,543766,3,1,0,0.156,3.0,2,0
2023-09-08,571479,3,1,0,0.499,3.0,2,0
2023-09-08,571656,5,1,0,0.16999999999999998,5.0,4,0
2023-09-08,571863,6,0,0,4.100780487804878,6.0,6,1
2023-09-08,571882,4,1,0,0.873,4.0,3,0
2023-09-08,572403,3,0,0,1.0680049999999999,3.0,2,0
2023-09-08,572971,19,6,2,6.078999548387097,19.0,11,1
2023-09-08,573124,5,1,1,2.2014501698113205,5.0,3,1
2023-09-08,573204,4,2,0,1.47225,4.0,2,1
2023-09-08,579328,18,8,1,3.475303,18.0,9,0
2023-09-08,592454,4,1,0,0.987,4.0,3,0
2023-09-08,592741,3,1,0,0.8840000000000001,3.0,2,0
2023-09-08,592791,20,9,1,2.974903,19.0,9,0
2023-09-08,595345,4,2,0,1.3440050000000001,4.0,1,0
2023-09-08,596001,5,2,0,1.1179999999999999,5.0,3,0
2023-09-08,596271,4,0,1,1.844908,4.0,2,0
2023-09-08,600917,6,0,2,2.9725787272727273,6.0,4,1
2023-09-08,600921,1,0,0,0.044,1.0,1,0
2023-09-08,600986,3,1,0,1.0029473684210526,3.0,2,0
2023-09-08,605130,3,1,0,0.065,3.0,2,0
2023-09-08,605154,4,1,0,0.948,4.0,3,0
2023-09-08,605182,23,7,0,5.491200512820512,23.0,15,2
2023-09-08,605347,3,2,0,0.043,3.0,1,0
2023-09-08,605447,7,1,2,2.350806,7.0,4,0
2023-09-08,605483,26,8,3,8.762441186732186,26.0,15,2
2023-09-08,606149,5,2,1,1.3149030000000002,5.0,2,0
2023-09-08,606965,2,0,0,0.013999999999999999,2.0,2,0
2023-09-08,607067,19,6,2,7.407556,19.0,11,2
2023-09-08,607179,5,0,2,1.246403,3.0,3,0
2023-09-08,608678,5,1,0,1.2324,5.0,4,0
2023-09-08,621016,3,1,1,1.606903,3.0,1,0
2023-09-08,621112,18,5,3,8.909533219640009,18.0,10,3
2023-09-08,621294,3,0,0,0.452,3.0,3,0
2023-09-08,621381,5,1,0,2.7176730304772856,5.0,4,2
2023-09-08,621389,22,6,1,11.076825077922079,22.0,15,5
2023-09-08,622088,5,1,0,2.1573225806451615,5.0,4,1
2023-09-08,622259,3,2,0,0.121,3.0,1,0
2023-09-08,622554,5,1,1,3.4854202413793103,5.0,3,1
2023-09-08,622663,17,5,1,5.135455169811321,17.0,10,1
2023-09-08,623465,3,2,0,0.171,3.0,1,0
2023-09-08,623474,3,1,0,0.025,3.0,2,0
2023-09-08,624647,3,1,0,0.23800000000000002,3.0,2,0
2023-09-08,625643,3,1,0,0.7597500000000001,3.0,2,0
2023-09-08,640470,4,1,0,1.234,4.0,3,0
2023-09-08,641835,3,0,1,1.426903,3.0,2,0
2023-09-08,641941,3,0,0,0.539,3.0,3,0
2023-09-08,642397,3,1,0,0.20500000000000002,3.0,2,0
2023-09-08,642528,5,0,0,1.486,5.0,5,0
2023-09-08,643338,4,2,0,1.774,4.0,2,1
2023-09-08,643377,3,1,0,0.068,3.0,2,0
2023-09-08,643410,3,1,0,0.976,3.0,2,0
2023-09-08,650911,20,4,1,5.161903,20.0,15,0
2023-09-08,656234,7,1,0,1.789005,7.0,5,0
2023-09-08,656271,2,2,0,0.0,2.0,0,0
2023-09-08,656288,25,3,2,7.859533272727273,25.0,20,1
2023-09-08,656322,3,1,0,0.173,3.0,2,0
2023-09-08,656353,7,1,0,2.283,7.0,5,0
2023-09-08,656529,2,1,1,0.695903,2.0,0,0
2023-09-08,656557,25,5,2,8.924838307692308,25.0,18,2
2023-09-08,656605,29,4,0,14.331550454545456,29.0,24,2
2023-09-08,656730,3,1,0,0.325,3.0,2,0
2023-09-08,656756,25,6,1,9.813029984126985,25.0,18,2
2023-09-08,656887,5,2,1,2.407403,5.0,2,1
2023-09-08,656945,3,1,0,0.33099999999999996,3.0,2,0
2023-09-08,657097,3,1,0,0.357,3.0,2,0
2023-09-08,657240,3,3,0,0.0,3.0,0,0
2023-09-08,657514,3,0,1,2.3982578387096773,3.0,2,1
2023-09-08,661395,4,2,1,1.069903,4.0,1,0
2023-09-08,661403,3,0,0,0.712,3.0,3,0
2023-09-08,663462,4,1,1,1.763503,4.0,2,1
2023-09-08,663855,3,1,1,0.822903,3.0,1,0
2023-09-08,663947,4,0,0,2.559,4.0,4,0
2023-09-08,663986,3,0,0,0.23900000000000002,3.0,3,0
2023-09-08,664126,4,3,1,0.695903,4.0,0,0
2023-09-08,664208,2,1,0,0.063,2.0,1,0
2023-09-08,664353,19,3,2,7.202418142857143,19.0,13,2
2023-09-08,664854,3,2,0,0.149,3.0,1,0
2023-09-08,664875,1,0,0,0.042,1.0,1,0
2023-09-08,665896,7,1,1,2.228278,7.0,5,0
2023-09-08,666168,4,1,2,1.9298060000000001,4.0,1,0
2023-09-08,666204,3,0,1,0.946903,3.0,2,0
2023-09-08,666745,11,3,1,2.921903,11.0,7,0
2023-09-08,666808,5,1,0,1.9,4.0,3,1
2023-09-08,668674,3,2,0,0.5614545454545454,3.0,1,0
2023-09-08,668678,31,9,1,6.920783,29.0,18,0
2023-09-08,669022,18,4,2,7.865388983682984,18.0,12,3
2023-09-08,669060,4,0,1,1.7727106923076925,4.0,3,0
2023-09-08,669084,4,1,1,1.727503,4.0,2,1
2023-09-08,669276,4,0,0,1.904,4.0,4,0
2023-09-08,669461,5,3,1,0.999903,5.0,1,0
2023-09-08,669467,4,0,0,0.8440000000000001,4.0,4,0
2023-09-08,669711,8,2,0,2.311,8.0,6,1
2023-09-08,669796,7,4,1,0.809903,7.0,2,0
2023-09-08,669923,27,6,2,9.9356410621118,27.0,18,3
2023-09-08,670167,6,0,1,2.044704545454546,5.0,5,1
2023-09-08,670950,5,1,1,1.439903,5.0,3,0
2023-09-08,671096,19,3,3,6.345709,19.0,13,1
2023-09-08,671106,20,6,2,5.8383712173913045,20.0,12,0
2023-09-08,671737,27,5,2,9.523970453844507,27.0,20,4
2023-09-08,672578,5,0,2,2.393806,5.0,3,0
2023-09-08,673540,25,5,4,10.20420774468085,25.0,16,2
2023-09-08,676092,7,1,1,1.134903,7.0,5,0
2023-09-08,676395,4,1,1,1.616903,4.0,2,0
2023-09-08,676702,4,1,1,1.1519030000000001,4.0,2,0
2023-09-08,677053,5,0,1,1.1739030000000001,5.0,4,0
2023-09-08,678061,7,0,1,4.145858555555556,7.0,6,1
2023-09-08,678606,4,0,1,2.6219080000000003,4.0,2,0
2023-09-08,679525,17,6,2,3.512615523809524,16.0,8,0
2023-09-08,680694,22,9,0,6.49537012987013,22.0,13,2
2023-09-08,680704,5,1,1,3.6758807777777776,5.0,3,2
2023-09-08,680723,19,0,2,7.141406487804878,19.0,17,2
2023-09-08,680735,2,1,0,0.112,2.0,1,0
2023-09-08,681806,2,0,0,0.056,2.0,2,0
2023-09-08,681857,23,5,1,8.428071636363637,23.0,16,4
2023-09-08,681911,5,1,0,0.099,5.0,4,0
2023-09-08,682010,3,0,1,0.7459030000000001,3.0,2,0
2023-09-08,682175,6,0,2,2.734811,6.0,3,0
2023-09-08,682842,6,1,2,1.625806,6.0,3,0
2023-09-08,682967,6,2,0,0.863005,6.0,3,0
2023-09-08,686218,20,4,1,6.4277703684210525,20.0,15,2
2023-09-08,686294,7,1,1,2.193903,7.0,5,0
2023-09-08,686613,21,5,2,5.357222666666667,21.0,14,0
2023-09-08,686839,7,1,1,2.1986616206896556,7.0,5,1
2023-09-08,687145,4,1,2,2.117811,4.0,0,0
2023-09-08,687888,10,0,3,4.317709,10.0,7,0
2023-09-08,687922,7,1,2,3.570806,7.0,4,0
2023-09-08,688427,8,0,3,3.0677090000000002,8.0,5,0
2023-09-08,690986,23,5,2,7.55316560591133,22.0,15,2
2023-09-08,691587,22,4,3,6.181869000000001,22.0,15,1
2023-09-08,693821,26,9,1,7.092552199611933,26.0,16,1
2023-09-08,701643,3,0,0,1.253,3.0,3,1
2023-09-09,425844,18,4,1,6.671146243243244,18.0,13,1
2023-09-09,456501,18,3,3,7.866375666666667,18.0,12,1
2023-09-09,472610,3,1,0,0.321,3.0,2,0
2023-09-09,489119,18,3,3,3.8497090000000003,18.0,12,0
2023-09-09,489446,5,3,0,1.5904594594594594,5.0,2,1
2023-09-09,502624,18,3,2,7.103134641251223,18.0,13,3
2023-09-09,518397,5,1,0,0.923,5.0,4,0
2023-09-09,518489,5,1,1,1.7899030000000002,5.0,3,0
2023-09-09,518585,3,3,0,0.0,3.0,0,0
2023-09-09,518617,3,2,0,0.01,3.0,1,0
2023-09-09,518876,25,6,5,7.911869166666667,25.0,14,1
2023-09-09,518886,4,2,0,0.935,4.0,2,0
2023-09-09,519151,5,3,1,1.263903,5.0,1,0
2023-09-09,519242,20,5,2,6.056128258064516,20.0,13,2
2023-09-09,519293,5,1,0,1.415,5.0,4,0
2023-09-09,527048,10,3,1,1.394903,10.0,6,0
2023-09-09,542881,30,4,1,10.064509909184727,30.0,24,3
2023-09-09,543056,5,0,0,2.013,5.0,5,0
2023-09-09,543135,11,3,2,4.437056,11.0,6,1
2023-09-09,543859,6,2,0,2.729,6.0,4,0
2023-09-09,547973,5,1,2,1.4998060000000002,5.0,2,0
2023-09-09,570632,20,3,2,6.137964846153846,18.0,13,1
2023-09-09,571670,3,2,0,0.084,3.0,1,0
2023-09-09,571946,3,1,0,0.139,3.0,2,0
2023-09-09,571948,5,2,0,0.892,5.0,3,0
2023-09-09,573204,3,2,0,0.002,3.0,1,0
2023-09-09,592332,28,10,1,6.851903,28.0,16,1
2023-09-09,592426,3,0,0,0.813,3.0,3,0
2023-09-09,592848,8,2,0,3.519674369747899,8.0,6,2
2023-09-09,593576,2,0,0,0.018,2.0,2,0
2023-09-09,593974,3,1,1,0.913903,3.0,1,0
2023-09-09,594580,5,0,2,1.9220696666666668,4.0,3,0
2023-09-09,596112,1,1,0,0.0,1.0,0,0
2023-09-09,596133,19,2,2,7.462811,19.0,14,0
2023-09-09,596271,3,1,0,0.105,3.0,2,0
2023-09-09,600921,4,1,1,0.254,2.0,2,0
2023-09-09,605347,4,2,0,0.746,4.0,2,0
2023-09-09,605400,20,6,0,5.648,20.0,14,2
2023-09-09,606149,3,2,0,0.59,3.0,1,0
2023-09-09,606160,3,1,0,0.28200000000000003,3.0,2,0
2023-09-09,606303,4,1,0,0.775,4.0,3,0
2023-09-09,607179,3,0,0,1.204,3.0,3,0
2023-09-09,607259,5,0,0,2.888,5.0,5,0
2023-09-09,607625,23,2,3,10.919985470588236,23.0,18,2
2023-09-09,608032,3,1,0,0.112,3.0,2,0
2023-09-09,608337,25,9,0,6.164210031347961,25.0,16,2
2023-09-09,608371,4,0,0,0.6886249999999999,4.0,4,0
2023-09-09,608665,5,0,1,3.206014111111111,5.0,4,1
2023-09-09,608717,8,3,1,1.9932237894736844,8.0,3,0
2023-09-09,621237,4,1,0,0.41300000000000003,4.0,3,0
2023-09-09,621363,3,1,0,0.089,3.0,2,0
2023-09-09,621366,3,0,0,0.18700000000000003,3.0,3,0
2023-09-09,621383,3,0,0,1.076,3.0,3,0
2023-09-09,622098,6,1,2,4.1005646206896555,6.0,3,1
2023-09-09,623149,4,0,0,1.2304,4.0,4,0
2023-09-09,623437,3,2,0,0.059,3.0,1,0
2023-09-09,628317,23,2,1,7.70388314619883,23.0,19,1
2023-09-09,640448,6,1,2,2.152806,6.0,3,0
2023-09-09,640451,8,2,0,3.579005,8.0,5,1
2023-09-09,640454,4,0,2,1.950806,4.0,2,0
2023-09-09,640470,6,0,2,3.073806,6.0,4,0
2023-09-09,642048,4,0,1,1.8472030000000004,4.0,3,1
2023-09-09,642100,3,0,1,0.8098888888888887,1.0,1,1
2023-09-09,642397,3,1,0,0.42,3.0,2,0
2023-09-09,642528,8,0,0,2.23285,8.0,8,0
2023-09-09,646241,18,3,2,6.445369620689656,18.0,12,2
2023-09-09,650556,4,1,0,1.169,4.0,3,0
2023-09-09,650633,20,9,1,6.609552350649351,20.0,10,2
2023-09-09,650644,22,3,3,6.366047333333333,22.0,15,1
2023-09-09,650960,3,0,0,0.14100000000000001,3.0,3,0
2023-09-09,656257,6,3,0,3.0204680134680135,6.0,3,2
2023-09-09,656412,7,3,1,1.111903,7.0,3,0
2023-09-09,656427,19,3,1,7.775653,19.0,15,0
2023-09-09,656464,4,1,0,1.043,4.0,3,0
2023-09-09,656546,6,2,0,1.171,6.0,4,0
2023-09-09,656629,5,1,1,2.434056846153846,5.0,3,1
2023-09-09,656638,4,2,0,0.302,4.0,2,0
2023-09-09,656730,3,1,0,0.098,3.0,2,0
2023-09-09,656794,15,5,2,4.180894333333334,15.0,7,0
2023-09-09,656849,27,8,1,8.470200857142858,26.0,16,1
2023-09-09,657006,26,6,0,7.473,26.0,20,0
2023-09-09,657044,4,0,0,0.436,4.0,4,0
2023-09-09,657097,5,1,0,2.536,5.0,4,0
2023-09-09,657240,4,2,1,1.1579030000000001,4.0,1,0
2023-09-09,657277,21,4,1,6.591903,21.0,16,0
2023-09-09,660261,5,1,0,0.644,5.0,4,0
2023-09-09,660813,6,0,1,1.433,5.0,5,0
2023-09-09,660906,4,0,0,0.676,4.0,4,0
2023-09-09,661440,6,1,0,2.8324067796610177,6.0,5,1
2023-09-09,663423,8,3,1,1.8269030000000002,8.0,4,0
2023-09-09,663623,22,4,2,5.9224631428571435,22.0,16,1
2023-09-09,663704,6,1,0,0.8989999999999999,6.0,5,0
2023-09-09,663855,3,0,0,0.6403157894736843,3.0,3,0
2023-09-09,664139,8,1,0,2.375,8.0,7,0
2023-09-09,664208,3,0,0,1.1723225806451614,3.0,3,1
2023-09-09,664299,19,5,3,6.428509,19.0,11,1
2023-09-09,664854,3,1,1,0.7399030000000001,3.0,1,0
2023-09-09,665625,5,2,1,0.947903,5.0,2,0
2023-09-09,666205,12,1,2,3.233806,12.0,9,0
2023-09-09,666974,8,0,1,3.2357363333333335,8.0,7,1
2023-09-09,667463,4,2,0,0.379,4.0,2,0
2023-09-09,668674,5,0,3,2.734709,5.0,2,0
2023-09-09,668868,22,6,3,6.497709,22.0,13,0
2023-09-09,668970,7,0,1,2.462903,7.0,6,0
2023-09-09,669060,3,0,0,1.4769999999999999,3.0,3,0
2023-09-09,669373,19,9,1,4.289903,19.0,9,0
2023-09-09,669387,5,1,0,3.717,5.0,4,1
2023-09-09,669711,3,1,0,0.075,3.0,2,0
2023-09-09,670059,4,1,0,0.371,4.0,3,0
2023-09-09,670167,4,1,0,1.1019999999999999,4.0,3,0
2023-09-09,670241,11,1,0,2.6977931034482756,11.0,10,1
2023-09-09,670280,3,2,0,0.466,3.0,1,0
2023-09-09,670912,21,4,1,8.346817090909092,21.0,15,2
2023-09-09,671345,5,1,0,1.7850000000000001,5.0,4,0
2023-09-09,672335,7,1,0,2.5229999999999997,7.0,6,0
2023-09-09,672582,5,0,0,3.3753833333333336,5.0,5,1
2023-09-09,672715,7,2,3,2.898709,7.0,2,0
2023-09-09,674444,4,0,0,0.794,4.0,4,0
2023-09-09,675540,7,0,1,1.868903,7.0,6,0
2023-09-09,676254,4,1,0,1.517,4.0,3,0
2023-09-09,676272,30,8,2,8.818062297257228,30.0,19,2
2023-09-09,676395,5,2,1,2.038903,5.0,2,0
2023-09-09,676680,6,1,0,0.587,5.0,4,0
2023-09-09,676760,6,1,2,2.2528110000000003,6.0,2,0
2023-09-09,679346,3,2,0,0.005,3.0,1,0
2023-09-09,680767,6,2,0,3.182193548387097,6.0,4,1
2023-09-09,681402,4,0,1,0.072,1.0,2,0
2023-09-09,681882,5,3,1,0.808903,5.0,1,0
2023-09-09,681892,3,1,1,0.760903,3.0,1,0
2023-09-09,682175,6,1,1,1.201,4.0,3,0
2023-09-09,683232,5,1,0,0.42400000000000004,5.0,4,0
2023-09-09,685314,4,0,0,1.371,4.0,4,0
2023-09-09,686730,16,1,3,6.8556732857142855,16.0,12,1
2023-09-09,686973,5,2,0,3.8125,5.0,3,2
2023-09-09,687145,4,1,0,1.011,4.0,3,0
2023-09-09,687330,7,0,0,2.972047619047619,7.0,7,0
2023-09-09,689266,22,2,3,9.463810214574899,22.0,17,1
2023-09-09,694037,5,1,0,1.442005,3.0,2,0
2023-09-10,448179,15,3,2,5.584967390977444,15.0,9,2
2023-09-10,493603,5,2,1,2.120903,5.0,2,0
2023-09-10,502085,6,3,2,1.491806,6.0,1,0
2023-09-10,542888,4,1,0,1.7014545454545453,4.0,3,0
2023-09-10,543037,24,9,0,4.588058823529412,24.0,15,0
2023-09-10,543272,2,0,0,0.034,2.0,2,0
2023-09-10,543294,24,4,1,8.212903,24.0,19,0
2023-09-10,543518,3,1,1,0.7529030000000001,3.0,1,0
2023-09-10,543766,3,1,0,0.6990000000000001,3.0,2,0
2023-09-10,548384,3,2,0,0.5075714285714286,3.0,1,0
2023-09-10,554340,3,0,0,1.0290000000000001,3.0,3,0
2023-09-10,571656,3,1,0,0.186,3.0,2,0
2023-09-10,571760,17,6,1,3.703908,17.0,9,0
2023-09-10,571945,23,2,1,10.910474394258678,23.0,20,5
2023-09-10,571948,2,1,0,0.7571999999999999,2.0,1,1
2023-09-10,573009,6,0,0,1.934,6.0,6,0
2023-09-10,592229,4,1,1,0.9589030000000001,4.0,2,0
2023-09-10,592351,14,3,2,6.437765677419355,14.0,9,2
2023-09-10,592454,3,0,1,1.043903,3.0,2,0
2023-09-10,592866,25,4,4,10.30476288888889,24.0,16,1
2023-09-10,593833,7,2,1,2.003903,7.0,4,0
2023-09-10,593974,4,0,1,1.256903,4.0,3,0
2023-09-10,595345,5,1,0,3.6765454545454546,5.0,4,1
2023-09-10,596112,4,2,0,0.9640000000000001,4.0,2,0
2023-09-10,598286,9,1,0,3.4964782608695653,9.0,8,1
2023-09-10,600917,3,2,1,0.695903,3.0,0,0
2023-09-10,605177,4,2,0,1.9695,4.0,2,1
2023-09-10,605280,3,2,0,0.137,3.0,1,0
2023-09-10,605447,6,2,1,2.609953,6.0,3,0
2023-09-10,605498,6,1,1,3.045903,6.0,4,1
2023-09-10,606303,6,1,2,1.5269030000000001,5.0,3,0
2023-09-10,606930,4,2,0,1.149,4.0,2,0
2023-09-10,607216,4,0,1,1.832903,4.0,3,0
2023-09-10,608032,3,1,0,0.32099999999999995,3.0,2,0
2023-09-10,608344,11,3,0,4.756227222222222,11.0,7,1
2023-09-10,608678,4,2,1,1.3910082631578948,4.0,1,0
2023-09-10,608718,5,1,1,1.3109030000000002,5.0,3,0
2023-09-10,621016,1,0,0,0.408,1.0,1,0
2023-09-10,621107,24,6,2,6.7922226666666665,24.0,16,1
2023-09-10,621244,27,7,2,6.840753368421053,27.0,18,0
2023-09-10,621345,3,3,0,0.0,3.0,0,0
2023-09-10,621363,3,1,0,0.20600000000000002,3.0,2,0
2023-09-10,621366,3,1,0,0.164,3.0,2,0
2023-09-10,621381,4,2,1,1.220903,4.0,1,0
2023-09-10,622088,4,1,1,1.2393196666666666,4.0,2,0
2023-09-10,622554,5,1,0,2.426758620689655,5.0,4,1
2023-09-10,622766,3,0,0,0.672,3.0,3,0
2023-09-10,623474,4,3,0,0.058,4.0,1,0
2023-09-10,624133,24,10,3,6.722516692307693,24.0,11,0
2023-09-10,624647,3,0,1,1.505903,3.0,2,0
2023-09-10,628452,4,0,0,1.161,4.0,4,0
2023-09-10,640462,3,1,0,0.005,3.0,2,0
2023-09-10,641154,28,14,0,3.8620099999999997,28.0,12,0
2023-09-10,641360,4,1,1,1.3821252222222222,4.0,2,0
2023-09-10,641585,25,5,5,9.53653152173913,25.0,15,1
2023-09-10,641627,4,2,0,0.9413000000000005,4.0,2,1
2023-09-10,641672,6,0,1,1.663903,6.0,5,0
2023-09-10,641755,4,0,0,1.1650833333333335,4.0,4,0
2023-09-10,642207,3,2,0,0.07,3.0,1,0
2023-09-10,642216,25,8,0,6.7599230769230765,25.0,17,1
2023-09-10,642232,18,5,0,4.481005,18.0,12,0
2023-09-10,643377,6,2,0,1.623005,6.0,3,0
2023-09-10,643410,4,0,1,2.193903,4.0,3,0
2023-09-10,643511,3,1,0,0.20500000000000002,3.0,2,0
2023-09-10,650893,1,0,0,0.034,1.0,1,0
2023-09-10,656271,4,0,0,0.947,4.0,4,0
2023-09-10,656638,3,2,0,0.252,3.0,1,0
2023-09-10,656731,20,2,4,6.215987,20.0,14,0
2023-09-10,656786,5,1,0,2.188758620689655,5.0,4,1
2023-09-10,656945,6,3,1,1.588908,6.0,1,0
2023-09-10,657240,4,2,1,1.1619030000000001,4.0,1,0
2023-09-10,657571,3,0,0,1.412,3.0,3,0
2023-09-10,657612,6,0,0,2.98,6.0,6,0
2023-09-10,660813,3,1,0,0.219,3.0,2,0
2023-09-10,660825,8,3,0,1.9802222222222223,8.0,5,0
2023-09-10,661309,13,2,0,4.913575,13.0,11,2
2023-09-10,663362,21,1,2,8.232386555555555,21.0,18,1
2023-09-10,663567,24,2,2,10.534805697519662,24.0,20,2
2023-09-10,663773,13,2,1,5.0093097796610175,13.0,10,1
2023-09-10,663804,4,0,0,1.357,4.0,4,0
2023-09-10,663947,3,1,0,0.231,3.0,2,0
2023-09-10,664126,3,3,0,0.0,3.0,0,0
2023-09-10,664199,4,1,0,1.287,4.0,3,0
2023-09-10,664747,3,0,0,1.2622173913043477,3.0,3,1
2023-09-10,664948,4,0,1,0.854903,4.0,3,0
2023-09-10,665622,21,3,3,9.00234783838384,20.0,13,2
2023-09-10,666142,23,6,6,6.5013380000000005,23.0,11,1
2023-09-10,666168,5,1,0,3.101375,5.0,4,0
2023-09-10,666277,4,2,0,0.73,4.0,2,0
2023-09-10,666619,4,1,0,0.361,4.0,3,0
2023-09-10,666808,4,1,0,0.889,4.0,3,0
2023-09-10,668881,24,9,4,5.505612,24.0,11,0
2023-09-10,669203,26,7,2,5.816806000000001,26.0,17,0
2023-09-10,669212,4,0,1,1.424903,4.0,3,0
2023-09-10,669270,8,0,2,3.3218060000000005,8.0,6,0
2023-09-10,669467,4,1,1,1.1439030000000001,4.0,2,0
2023-09-10,669713,4,0,0,0.9339999999999999,4.0,4,0
2023-09-10,669947,24,4,2,6.507806,24.0,18,0
2023-09-10,670046,21,4,1,5.347377777777778,20.0,16,2
2023-09-10,670174,3,3,0,0.0,3.0,0,0
2023-09-10,674003,3,1,0,0.256,3.0,2,0
2023-09-10,676092,6,1,2,2.680806,6.0,3,0
2023-09-10,676254,3,1,0,0.519,3.0,2,0
2023-09-10,676440,23,8,0,3.6525,23.0,15,0
2023-09-10,676477,7,3,1,0.7399030000000001,7.0,3,0
2023-09-10,676684,4,0,1,2.231120391304348,4.0,3,1
2023-09-10,676775,23,9,0,3.887157142857143,23.0,14,1
2023-09-10,677053,4,1,2,2.098806,4.0,1,0
2023-09-10,678394,20,4,0,5.539721428571428,20.0,16,2
2023-09-10,678606,1,0,0,0.202,1.0,1,0
2023-09-10,680570,24,6,2,7.001005444444444,24.0,15,0
2023-09-10,681806,4,0,1,1.6119029999999999,4.0,3,0
2023-09-10,681882,5,0,1,3.4780965483870974,5.0,4,1
2023-09-10,681911,4,1,0,0.995,4.0,3,0
2023-09-10,682010,4,2,0,0.864,4.0,2,0
2023-09-10,682243,24,7,1,9.757737787234042,24.0,15,1
2023-09-10,682842,4,2,1,1.4758260769230769,4.0,1,1
2023-09-10,682847,21,0,2,8.619764333333334,21.0,19,1
2023-09-10,683232,5,2,1,1.8447125238095239,5.0,2,0
2023-09-10,686747,14,4,0,3.11,14.0,10,0
2023-09-10,687798,3,1,0,0.215,3.0,2,0
2023-09-10,687830,19,5,0,2.426,19.0,14,0
2023-09-10,687922,4,1,0,1.2644,4.0,3,0
2023-09-10,690829,4,0,1,1.5703624594594596,4.0,3,1
2023-09-10,694297,25,4,1,8.194908231724796,25.0,20,3
2023-09-11,450203,27,9,4,6.803012000000001,27.0,14,0
2023-09-11,453178,4,0,0,1.3655,4.0,4,0
2023-09-11,472610,4,0,0,1.381005,4.0,3,0
2023-09-11,489446,3,2,0,0.295,3.0,1,0
2023-09-11,500779,22,4,2,7.701431,22.0,16,0
2023-09-11,502171,20,2,1,6.51976574509804,20.0,17,1
2023-09-11,518489,3,3,0,0.0,3.0,0,0
2023-09-11,518617,4,2,1,0.765903,4.0,1,0
2023-09-11,518886,4,1,0,1.2069999999999999,4.0,3,0
2023-09-11,519043,4,1,0,0.8200000000000001,4.0,3,0
2023-09-11,527048,3,2,0,0.237,3.0,1,0
2023-09-11,543056,3,0,0,1.722,3.0,3,1
2023-09-11,543243,20,5,1,7.687519060606061,20.0,12,2
2023-09-11,543507,5,0,0,1.819,5.0,5,1
2023-09-11,547179,22,3,2,8.041836952380953,22.0,17,2
2023-09-11,548384,3,0,0,1.283,3.0,3,0
2023-09-11,571479,8,1,1,5.603573454545455,8.0,6,2
2023-09-11,571578,25,8,1,5.258903,25.0,16,0
2023-09-11,571670,7,2,1,3.1714551698113205,7.0,3,1
2023-09-11,571863,3,0,0,0.667,3.0,3,0
2023-09-11,571901,7,2,0,1.821,7.0,5,0
2023-09-11,571946,4,0,0,1.185,4.0,4,0
2023-09-11,572403,4,0,2,1.9658060000000002,4.0,2,0
2023-09-11,572955,4,4,0,0.0,4.0,0,0
2023-09-11,573124,5,2,0,0.9440833333333334,5.0,3,0
2023-09-11,592229,7,0,0,1.6159999999999999,6.0,6,0
2023-09-11,592426,6,1,2,1.313903,5.0,3,0
2023-09-11,592767,5,3,0,0.361,5.0,2,0
2023-09-11,592836,26,5,3,9.216231585812357,26.0,16,1
2023-09-11,605135,25,3,3,9.052749,25.0,19,1
2023-09-11,605154,3,1,1,1.091903,3.0,1,0
2023-09-11,605200,18,5,3,8.450403021639465,18.0,10,3
2023-09-11,605242,4,2,1,1.4219080000000002,4.0,0,0
2023-09-11,605347,3,0,0,0.679,3.0,3,0
2023-09-11,605498,4,0,2,2.1138060000000003,4.0,2,0
2023-09-11,605540,33,7,1,8.594903,33.0,25,1
2023-09-11,606160,6,1,0,3.512153846153846,6.0,5,1
2023-09-11,606930,2,0,0,0.574,2.0,2,0
2023-09-11,607179,6,1,1,1.454903,6.0,4,0
2023-09-11,607192,24,8,2,7.238272233766234,24.0,14,2
2023-09-11,607536,25,2,0,11.090083333333332,25.0,23,2
2023-09-11,607732,5,0,0,0.97,5.0,5,0
2023-09-11,608717,3,2,0,0.182,3.0,1,0
2023-09-11,621016,6,2,0,2.326005,6.0,3,0
2023-09-11,621237,5,1,0,1.552,5.0,4,0
2023-09-11,621345,3,2,0,0.178,3.0,1,0
2023-09-11,621381,3,1,0,0.15200000000000002,3.0,2,0
2023-09-11,622098,5,0,0,2.328,5.0,5,0
2023-09-11,623149,5,1,2,1.4058060000000001,4.0,2,0
2023-09-11,623352,7,1,2,3.811306,7.0,4,0
2023-09-11,623437,4,1,0,1.7076315789473686,4.0,3,1
2023-09-11,623451,15,5,1,3.8259429999999996,15.0,9,1
2023-09-11,623465,7,1,0,2.1728777777777775,6.0,6,1
2023-09-11,623474,3,1,0,0.06999999999999999,3.0,2,0
2023-09-11,625643,3,0,0,0.22999999999999998,3.0,3,0
2023-09-11,628452,5,1,0,1.6817096774193547,5.0,4,1
2023-09-11,641447,14,2,2,3.644806,14.0,10,0
2023-09-11,641540,26,7,3,7.730555153846154,26.0,16,1
2023-09-11,641627,5,0,0,2.433619718309859,5.0,5,1
2023-09-11,641712,23,2,3,10.033187260869566,23.0,18,1
2023-09-11,641729,2,1,0,0.166,2.0,1,0
2023-09-11,641755,6,0,1,3.071903,5.0,5,0
2023-09-11,642100,4,0,1,2.114903,4.0,3,0
2023-09-11,642397,4,1,0,1.932727272727273,4.0,3,1
2023-09-11,643338,3,1,1,0.7059030000000001,3.0,1,0
2023-09-11,643511,5,0,0,0.9840000000000001,5.0,5,0
2023-09-11,650893,7,1,3,4.123578727272728,6.0,3,1
2023-09-11,656464,3,2,0,0.0,3.0,1,0
2023-09-11,656529,3,1,0,1.452,3.0,2,0
2023-09-11,656546,4,2,0,0.226,4.0,2,0
2023-09-11,656578,18,1,2,8.806868121212121,18.0,15,2
2023-09-11,656887,4,3,1,0.695903,4.0,0,0
2023-09-11,657097,5,0,0,1.7691,5.0,5,0
2023-09-11,657140,18,3,2,7.00349353968254,18.0,12,2
2023-09-11,657571,3,1,0,1.331,3.0,2,0
2023-09-11,658648,18,2,3,10.821934744680851,18.0,12,2
2023-09-11,660261,5,1,1,1.248903,5.0,3,0
2023-09-11,660853,4,0,0,1.068,4.0,4,0
2023-09-11,661403,2,0,0,1.278,2.0,2,0
2023-09-11,662253,6,1,0,1.7210050000000001,6.0,4,0
2023-09-11,663158,3,1,0,0.438,3.0,2,0
2023-09-11,663423,3,1,0,1.2349999999999999,3.0,2,0
2023-09-11,663462,1,0,0,0.189,1.0,1,0
2023-09-11,664126,4,1,0,0.928005,4.0,2,0
2023-09-11,664208,3,2,0,0.063,3.0,1,0
2023-09-11,664285,25,10,1,8.023023,25.0,14,2
2023-09-11,664875,3,0,0,1.152,3.0,3,0
2023-09-11,665152,23,2,4,8.884862,23.0,17,1
2023-09-11,665896,3,0,1,2.2255965483870965,3.0,2,1
2023-09-11,666200,27,5,4,11.07805842857143,27.0,18,1
2023-09-11,666374,3,1,0,0.45599999999999996,3.0,2,0
2023-09-11,666808,6,0,1,1.3434166666666667,5.0,5,0
2023-09-11,666818,4,1,0,0.986005,4.0,2,0
2023-09-11,667755,4,1,0,0.9835,4.0,3,1
2023-09-11,668909,26,2,4,10.080804481203007,26.0,20,3
2023-09-11,669084,5,1,0,1.87,5.0,4,0
2023-09-11,669276,3,0,1,2.5408384838709677,3.0,2,1
2023-09-11,669302,27,5,1,6.9155441290322575,27.0,21,2
2023-09-11,669459,7,1,0,2.0488,7.0,6,0
2023-09-11,669467,8,1,0,3.801883333333334,8.0,7,1
2023-09-11,669796,3,0,0,0.332,2.0,2,0
2023-09-11,670102,9,1,2,2.9288060000000002,9.0,6,0
2023-09-11,672282,26,7,0,7.613872543623357,26.0,18,3
2023-09-11,675989,7,0,0,3.540798627002288,7.0,7,2
2023-09-11,676680,3,1,0,0.308,3.0,2,0
2023-09-11,676702,8,1,0,4.004931818181818,8.0,7,1
2023-09-11,678061,8,1,0,2.75084,8.0,7,1
2023-09-11,678606,3,1,0,1.055,3.0,2,1
2023-09-11,680739,8,0,3,3.502780428571429,8.0,5,1
2023-09-11,686610,19,3,1,3.4181352727272727,19.0,14,0
2023-09-11,687330,3,2,0,0.307,3.0,1,0
2023-09-11,687396,11,1,0,4.521704545454545,11.0,10,1
2023-09-11,694813,25,2,1,8.881528974025974,25.0,22,2
2023-09-11,695243,8,3,1,1.4999030000000002,8.0,4,0
2023-09-11,696136,21,2,1,4.247903,21.0,18,0
2023-09-12,425794,25,3,3,7.170709,25.0,19,0
2023-09-12,434378,29,7,0,11.75852100848554,29.0,22,5
2023-09-12,445276,2,0,1,1.555903,2.0,1,0
2023-09-12,448179,9,2,1,2.9149030000000002,9.0,6,0
2023-09-12,453286,19,2,1,4.320569666666667,19.0,16,0
2023-09-12,455119,4,2,0,0.71,4.0,2,0
2023-09-12,458681,28,3,2,10.403226,28.0,23,2
2023-09-12,493603,4,1,0,1.0962272727272726,4.0,3,0
2023-09-12,502083,5,1,1,1.5809030000000002,5.0,3,0
2023-09-12,502202,3,0,0,0.201,3.0,3,0
2023-09-12,518397,5,1,0,0.45,5.0,4,0
2023-09-12,518585,4,1,0,1.341,4.0,3,0
2023-09-12,518886,4,0,0,1.01725,4.0,4,0
2023-09-12,543272,3,1,0,0.349,3.0,2,0
2023-09-12,543475,22,3,0,8.063089285714286,22.0,19,1
2023-09-12,543507,3,1,0,0.9149999999999999,3.0,2,0
2023-09-12,543518,10,3,0,3.3005050000000002,10.0,6,0
2023-09-12,543766,6,3,0,0.6151666666666666,6.0,3,0
2023-09-12,543859,10,3,2,2.443806,10.0,5,0
2023-09-12,547943,24,5,1,5.423330843803056,24.0,18,1
2023-09-12,547973,4,2,0,1.5350322580645164,4.0,2,1
2023-09-12,552640,4,1,1,1.203903,4.0,2,0
2023-09-12,554340,4,1,0,0.861,4.0,3,0
2023-09-12,554430,25,4,3,8.997759574712644,25.0,18,1
2023-09-12,571656,3,1,0,0.491,3.0,2,0
2023-09-12,571948,4,1,0,0.917,4.0,3,0
2023-09-12,573009,6,2,1,1.6579030000000001,6.0,3,0
2023-09-12,573204,3,1,0,0.885,3.0,2,0
2023-09-12,592454,3,1,0,0.128,3.0,2,0
2023-09-12,592848,2,2,0,0.0,2.0,0,0
2023-09-12,593974,4,2,0,0.519,4.0,2,0
2023-09-12,598286,3,1,0,0.139,3.0,2,0
2023-09-12,600917,4,1,0,1.4164594594594595,4.0,3,1
2023-09-12,600921,3,0,0,0.946,3.0,3,0
2023-09-12,601713,22,10,1,4.667908,22.0,10,0
2023-09-12,605154,3,2,0,0.0,3.0,1,0
2023-09-12,605280,5,0,3,2.342709,5.0,2,0
2023-09-12,605347,7,2,1,2.572630272727273,7.0,4,1
2023-09-12,606149,3,1,0,0.5705,3.0,2,0
2023-09-12,606965,2,0,1,0.757903,2.0,1,0
2023-09-12,607074,23,9,4,7.874146004024144,23.0,10,2
2023-09-12,607481,5,4,0,0.28,5.0,1,0
2023-09-12,607644,20,1,0,6.489971212121211,20.0,19,2
2023-09-12,608331,20,6,2,5.534613692307693,20.0,12,0
2023-09-12,608344,8,1,0,1.6079999999999999,8.0,7,0
2023-09-12,608371,3,0,0,1.1670399999999996,3.0,3,1
2023-09-12,608379,22,3,3,9.527439186480187,22.0,16,2
2023-09-12,608638,3,0,0,0.5840000000000001,3.0,3,0
2023-09-12,608678,3,1,0,0.663,3.0,2,0
2023-09-12,608717,4,0,0,0.633,4.0,4,0
2023-09-12,612434,3,1,0,0.311,3.0,2,0
2023-09-12,615698,24,2,3,9.344890296296297,24.0,18,2
2023-09-12,621199,5,1,1,0.752,4.0,3,0
2023-09-12,621237,4,2,1,0.698903,4.0,1,0
2023-09-12,621345,3,2,1,0.695903,3.0,0,0
2023-09-12,621366,3,1,0,0.5690000000000001,3.0,2,0
2023-09-12,621383,6,2,0,0.548,6.0,4,0
2023-09-12,622554,6,1,0,1.8252857142857142,6.0,5,0
2023-09-12,623167,23,5,2,8.431635787234043,23.0,16,1
2023-09-12,625643,4,1,1,1.3239530000000002,4.0,2,0
2023-09-12,628452,5,1,0,2.4,5.0,4,0
2023-09-12,628708,6,1,1,1.6979030000000002,6.0,4,0
2023-09-12,640455,23,5,2,6.135811,23.0,15,0
2023-09-12,640462,4,2,0,1.146,4.0,2,1
2023-09-12,641360,4,0,1,0.883903,4.0,3,0
2023-09-12,641729,4,0,0,4.334588235294118,4.0,4,2
2023-09-12,641745,3,0,2,1.629806,3.0,1,0
2023-09-12,641793,26,8,0,6.799342481203007,26.0,18,3
2023-09-12,641835,2,1,0,0.917,2.0,1,0
2023-09-12,642207,3,1,0,0.191,3.0,2,0
2023-09-12,642547,21,9,0,3.766877551020408,21.0,12,1
2023-09-12,646242,13,3,1,2.477908,13.0,8,0
2023-09-12,650960,3,2,0,0.06,3.0,1,0
2023-09-12,656234,6,1,0,1.801945454545454,6.0,5,1
2023-09-12,656271,3,0,0,1.143,3.0,3,0
2023-09-12,656302,21,8,1,3.989736333333333,21.0,12,0
2023-09-12,656322,6,0,2,2.803811,6.0,3,0
2023-09-12,656629,5,1,1,2.240903,5.0,2,0
2023-09-12,656638,4,1,0,1.06,4.0,3,0
2023-09-12,656786,3,0,0,0.932005,3.0,2,0
2023-09-12,657024,3,0,0,0.615,3.0,3,0
2023-09-12,657053,13,1,2,8.26527545945946,13.0,8,1
2023-09-12,657514,3,1,0,0.953005,3.0,1,0
2023-09-12,657746,21,7,2,7.819106,21.0,12,1
2023-09-12,660825,7,2,0,0.586,7.0,5,0
2023-09-12,661395,3,0,0,0.223,3.0,3,0
2023-09-12,661403,3,0,0,2.076758620689655,3.0,3,1
2023-09-12,661440,7,1,1,1.315903,7.0,5,0
2023-09-12,663321,10,3,2,2.533811,10.0,4,0
2023-09-12,663559,21,4,1,7.44654675,21.0,16,2
2023-09-12,663776,25,4,0,10.560356451724376,25.0,21,2
2023-09-12,663804,6,2,1,1.113903,6.0,3,0
2023-09-12,663903,26,2,2,7.036806,26.0,22,0
2023-09-12,663947,5,0,0,1.366428571428572,5.0,5,1
2023-09-12,663986,4,0,0,1.623214285714286,4.0,4,0
2023-09-12,664139,4,2,0,0.588,4.0,2,0
2023-09-12,664199,5,2,1,1.4959446666666665,5.0,2,1
2023-09-12,664747,4,1,0,0.943005,4.0,2,0
2023-09-12,664854,3,0,0,1.3801764705882353,3.0,3,0
2023-09-12,664875,5,2,1,1.9459080000000002,5.0,1,0
2023-09-12,664948,4,1,1,1.3229030000000002,4.0,2,0
2023-09-12,665620,6,1,1,2.835296888888889,6.0,3,0
2023-09-12,665795,21,5,6,7.121024060606061,20.0,9,1
2023-09-12,665871,20,4,4,9.026419263525948,20.0,11,2
2023-09-12,666204,3,2,0,0.197,3.0,1,0
2023-09-12,666214,18,1,3,6.7267090000000005,18.0,14,0
2023-09-12,666277,6,0,0,2.286005,6.0,5,0
2023-09-12,666619,4,2,0,0.154,4.0,2,0
2023-09-12,666745,10,2,1,2.275903,10.0,7,0
2023-09-12,667463,3,0,1,0.9709030000000001,3.0,2,0
2023-09-12,668674,4,2,0,0.904,4.0,2,0
2023-09-12,669165,6,3,0,0.348,6.0,3,0
2023-09-12,669194,22,3,2,9.567056000000001,22.0,17,2
2023-09-12,669270,6,0,0,0.748,5.0,5,0
2023-09-12,669387,4,1,0,1.768,4.0,3,0
2023-09-12,669461,5,0,1,2.190403,5.0,4,1
2023-09-12,669713,3,1,0,0.045,3.0,2,0
2023-09-12,670059,4,0,1,1.4319030000000001,4.0,3,0
2023-09-12,670167,7,3,1,1.437903,7.0,3,0
2023-09-12,670174,6,0,2,2.603306,6.0,4,0
2023-09-12,670950,7,1,3,2.297806,6.0,3,0
2023-09-12,671345,4,0,0,1.116,4.0,4,0
2023-09-12,672335,2,0,0,0.745,2.0,2,0
2023-09-12,672578,5,1,1,1.577903,5.0,3,0
2023-09-12,672582,4,0,0,0.726,4.0,4,0
2023-09-12,672715,14,2,2,5.488806,14.0,10,0
2023-09-12,672851,26,4,6,10.886075000000002,24.0,16,3
2023-09-12,676092,4,0,0,0.949,4.0,4,0
2023-09-12,676130,20,7,3,4.7043756666666665,20.0,10,0
2023-09-12,676254,4,1,0,1.3800000000000001,4.0,3,0
2023-09-12,676395,5,1,2,0.924903,4.0,2,0
2023-09-12,676664,24,3,2,6.360533272727273,24.0,19,1
2023-09-12,676684,4,4,0,0.0,4.0,0,0
2023-09-12,676710,19,7,3,4.9587566190476196,19.0,9,0
2023-09-12,681190,15,3,1,6.170903,15.0,11,1
2023-09-12,681432,4,0,1,1.8629030000000002,4.0,3,0
2023-09-12,682010,5,1,1,2.192903,5.0,3,0
2023-09-12,682227,20,4,2,6.859361555555555,20.0,14,1
2023-09-12,682842,2,1,1,0.695903,2.0,0,0
2023-09-12,683232,4,0,1,1.3589030000000002,4.0,3,0
2023-09-12,686294,10,0,2,2.817083333333333,8.0,8,0
2023-09-12,686973,7,3,0,1.121,7.0,4,0
2023-09-12,687798,6,3,1,0.748,5.0,1,0
2023-09-12,689225,9,4,1,2.494903,9.0,4,0
2023-09-12,693433,21,8,0,4.622,21.0,13,0
2023-09-12,694037,10,3,1,3.686834034482759,10.0,6,1
2023-09-12,701643,6,0,1,2.3119080000000003,6.0,4,0
2023-09-13,453178,3,1,0,0.29300000000000004,3.0,2,0
2023-09-13,489446,3,1,0,0.5946428571428571,3.0,2,0
2023-09-13,502043,25,4,3,8.938186532139854,24.0,18,2
2023-09-13,502085,5,3,1,1.5889030000000002,5.0,1,0
2023-09-13,502202,3,1,0,0.16599999999999998,3.0,2,0
2023-09-13,518585,3,2,1,0.695903,3.0,0,0
2023-09-13,518617,2,1,0,0.524,2.0,1,0
2023-09-13,519151,6,1,1,1.820903,6.0,4,0
2023-09-13,523260,6,2,2,2.205806,6.0,2,0
2023-09-13,527048,3,0,0,1.101,3.0,3,0
2023-09-13,542888,3,1,0,0.8389583333333335,3.0,2,1
2023-09-13,543272,3,2,0,0.016,3.0,1,0
2023-09-13,571670,2,0,0,0.323,2.0,2,0
2023-09-13,571863,4,0,2,2.672806,4.0,2,0
2023-09-13,571901,3,1,0,0.711,3.0,2,0
2023-09-13,571946,3,2,0,0.5,3.0,1,0
2023-09-13,572971,22,3,3,8.174292870967742,22.0,16,2
2023-09-13,573204,3,2,0,0.058,3.0,1,0
2023-09-13,579328,22,3,2,8.989588828282828,22.0,17,2
2023-09-13,592229,5,1,0,1.686,5.0,4,0
2023-09-13,592767,4,1,1,1.309603,4.0,2,0
2023-09-13,592791,24,5,1,7.968528,24.0,18,2
2023-09-13,593576,3,1,0,0.278,3.0,2,0
2023-09-13,593958,24,5,5,6.871015000000001,24.0,14,1
2023-09-13,594580,1,0,0,0.159,1.0,1,0
2023-09-13,596112,1,1,0,0.0,1.0,0,0
2023-09-13,596271,3,0,1,0.917903,3.0,2,0
2023-09-13,600921,3,2,0,0.055,3.0,1,0
2023-09-13,605177,3,1,0,1.4096197183098587,3.0,2,1
2023-09-13,605182,23,7,0,6.31475,23.0,16,1
2023-09-13,605483,20,8,1,2.538903,20.0,11,0
2023-09-13,606149,3,2,0,0.021,3.0,1,0
2023-09-13,606160,3,1,0,0.424,3.0,2,0
2023-09-13,607067,17,3,1,5.1669030000000005,17.0,13,0
2023-09-13,607259,4,0,0,0.887,4.0,4,0
2023-09-13,607481,3,1,1,1.4219080000000002,3.0,0,0
2023-09-13,608371,2,1,1,0.695903,2.0,0,0
2023-09-13,612434,4,2,1,0.779903,4.0,1,0
2023-09-13,621112,16,2,3,7.224209,16.0,11,1
2023-09-13,621363,3,0,1,1.2074744285714285,3.0,2,0
2023-09-13,621366,4,0,1,0.9859030000000001,4.0,3,0
2023-09-13,621389,25,4,1,7.967928641025641,24.0,19,1
2023-09-13,622072,13,1,0,3.395625,13.0,12,0
2023-09-13,622088,3,1,1,0.7479030000000001,3.0,1,0
2023-09-13,622098,5,0,1,0.9989030000000001,5.0,4,0
2023-09-13,622491,24,8,3,4.84849847368421,24.0,13,0
2023-09-13,622766,2,1,0,0.028,2.0,1,0
2023-09-13,623437,4,1,1,1.6939030000000002,4.0,2,0
2023-09-13,623474,3,0,0,1.2469999999999999,3.0,3,0
2023-09-13,628708,2,0,0,0.395,2.0,2,0
2023-09-13,641627,3,0,0,0.14100000000000001,3.0,3,0
2023-09-13,641755,6,1,0,0.7530000000000001,6.0,5,0
2023-09-13,641941,8,2,0,1.365,8.0,6,0
2023-09-13,643338,6,1,1,3.4169744285714287,6.0,4,1
2023-09-13,643377,4,1,0,2.291,4.0,3,1
2023-09-13,643511,4,0,0,1.63,4.0,4,0
2023-09-13,650556,3,1,0,0.016,3.0,2,0
2023-09-13,650893,3,1,0,0.18200000000000002,3.0,2,0
2023-09-13,650911,31,10,1,10.055722934640523,31.0,20,2
2023-09-13,650960,4,0,0,0.799,4.0,4,0
2023-09-13,656353,3,0,0,1.387,3.0,3,0
2023-09-13,656412,10,3,1,2.218903,10.0,6,0
2023-09-13,656529,3,1,0,1.0010000000000001,3.0,2,0
2023-09-13,656730,4,1,0,0.651,4.0,3,0
2023-09-13,656756,25,3,1,4.5041203913043475,24.0,20,1
2023-09-13,656945,4,1,0,0.756,4.0,3,0
2023-09-13,657097,4,1,1,0.913903,4.0,2,0
2023-09-13,660261,3,1,0,0.565,3.0,2,0
2023-09-13,660761,7,2,1,1.0960050000000001,6.0,3,0
2023-09-13,660853,5,1,0,1.771,5.0,4,0
2023-09-13,660906,4,0,0,1.581,4.0,4,0
2023-09-13,661403,4,2,0,0.631,4.0,2,0
2023-09-13,662253,4,2,0,0.544,3.0,1,0
2023-09-13,663158,3,3,0,0.0,3.0,0,0
2023-09-13,663704,4,0,0,0.99,4.0,4,0
2023-09-13,663855,5,1,1,0.9679030000000001,5.0,3,0
2023-09-13,664139,5,1,0,1.3939285714285716,5.0,4,0
2023-09-13,664192,28,2,3,9.159726890772129,28.0,23,2
2023-09-13,664747,4,2,1,0.998903,4.0,1,0
2023-09-13,664854,4,2,0,0.9784838709677416,4.0,2,1
2023-09-13,665896,6,1,0,1.3314545454545454,6.0,5,0
2023-09-13,666129,23,7,2,6.2368060000000005,23.0,14,1
2023-09-13,666205,8,0,1,2.631903,8.0,7,0
2023-09-13,666374,5,3,1,1.321903,5.0,1,0
2023-09-13,666808,4,1,0,0.567,4.0,3,0
2023-09-13,666818,4,1,0,0.7000000000000001,4.0,3,0
2023-09-13,667463,3,0,1,1.077903,3.0,2,0
2023-09-13,667755,3,2,0,0.395,3.0,1,0
2023-09-13,668678,26,4,2,11.093663941176471,26.0,19,2
2023-09-13,668970,7,2,1,1.237903,7.0,4,0
2023-09-13,669060,11,2,1,3.056095307692308,11.0,8,1
2023-09-13,669084,2,1,0,0.899,2.0,1,0
2023-09-13,669212,4,0,0,2.349005,4.0,3,0
2023-09-13,669387,2,1,0,0.5614545454545454,2.0,1,0
2023-09-13,669713,7,2,1,3.083509060606061,7.0,4,1
2023-09-13,670059,3,1,0,0.32999999999999996,3.0,2,0
2023-09-13,670102,5,1,0,2.337,5.0,4,0
2023-09-13,670280,7,1,2,1.942806,7.0,4,0
2023-09-13,671106,23,5,3,7.662709,23.0,15,0
2023-09-13,671111,10,2,1,2.486903,10.0,7,0
2023-09-13,671131,21,2,1,7.957587782608696,21.0,18,1
2023-09-13,671737,21,7,3,8.172820143695015,21.0,11,3
2023-09-13,674444,8,4,0,2.417860465116279,8.0,4,1
2023-09-13,675540,3,0,2,1.4898060000000002,3.0,1,0
2023-09-13,675911,27,9,2,6.891806,27.0,16,0
2023-09-13,676395,6,3,0,0.132,6.0,3,0
2023-09-13,676680,4,2,0,0.45,4.0,2,0
2023-09-13,677053,4,1,0,0.9299999999999999,4.0,3,0
2023-09-13,679525,18,5,2,4.4076136923076925,18.0,11,0
2023-09-13,680704,3,0,0,0.266,3.0,3,0
2023-09-13,680723,21,7,3,5.895569215053764,21.0,11,1
2023-09-13,681806,7,1,0,0.928,7.0,6,0
2023-09-13,681882,5,3,0,1.798,5.0,2,0
2023-09-13,681911,4,3,0,0.012,4.0,1,0
2023-09-13,682010,4,0,1,2.084303,4.0,3,0
2023-09-13,682967,5,1,1,1.4594744285714287,5.0,3,0
2023-09-13,682990,17,4,1,6.29005640442986,17.0,12,2
2023-09-13,683175,21,3,4,8.248800333333334,21.0,13,1
2023-09-13,685314,5,0,0,1.6683999999999999,5.0,5,0
2023-09-13,686613,18,7,2,4.281811,18.0,8,0
2023-09-13,686747,5,0,1,2.9589030000000003,5.0,4,0
2023-09-13,686752,23,5,0,6.160471428571429,23.0,18,2
2023-09-13,687330,7,1,0,1.148,7.0,6,0
2023-09-13,687922,4,1,0,1.4190769230769238,4.0,3,1
2023-09-13,690829,3,2,0,0.7820833333333334,3.0,1,0
2023-09-13,690986,21,3,1,7.477224428571429,21.0,17,1
2023-09-14,455119,5,0,0,2.452,5.0,5,0
2023-09-14,502083,3,1,0,1.055,3.0,2,0
2023-09-14,518876,25,7,4,6.942066545454546,25.0,14,0
2023-09-14,519293,2,0,0,0.39599999999999996,2.0,2,0
2023-09-14,542585,4,1,0,1.7213529411764705,4.0,3,1
2023-09-14,542888,3,1,0,0.304,3.0,2,0
2023-09-14,543135,16,3,3,5.995280428571429,16.0,10,1
2023-09-14,543518,6,1,0,2.824871453900709,6.0,5,2
2023-09-14,543766,3,1,1,0.9719030000000001,3.0,1,0
2023-09-14,554340,5,1,1,1.3851302727272727,4.0,3,0
2023-09-14,570632,26,8,0,8.094487445887447,26.0,18,4
2023-09-14,571656,10,2,1,3.9649080000000003,10.0,6,1
2023-09-14,571882,6,1,0,1.6340050000000002,6.0,4,0
2023-09-14,573009,7,0,2,1.9678060000000002,7.0,5,0
2023-09-14,592332,26,5,6,10.658898952380953,26.0,15,2
2023-09-14,592454,7,4,1,1.075903,7.0,2,0
2023-09-14,592848,8,0,1,2.8492363333333333,8.0,7,0
2023-09-14,593974,4,0,0,0.592,4.0,4,0
2023-09-14,594580,5,0,1,0.9890000000000001,4.0,4,0
2023-09-14,594902,18,4,0,5.3428047619047625,18.0,14,2
2023-09-14,595345,4,0,0,1.416,4.0,4,0
2023-09-14,596112,3,1,0,0.023,3.0,2,0
2023-09-14,600917,5,3,1,1.347903,5.0,1,0
2023-09-14,605288,20,5,0,6.86073843137255,20.0,15,3
2023-09-14,605347,3,1,0,0.262,3.0,2,0
2023-09-14,606303,4,1,0,1.0,4.0,3,0
2023-09-14,607179,2,1,0,0.15,2.0,1,0
2023-09-14,608638,1,0,0,0.403,1.0,1,0
2023-09-14,621199,6,1,1,2.5650724915254246,6.0,4,1
2023-09-14,621363,3,2,0,0.174,3.0,1,0
2023-09-14,628317,26,8,1,4.4996924736842105,26.0,17,0
2023-09-14,641360,3,1,0,0.027999999999999997,3.0,2,0
2023-09-14,641835,4,1,0,0.45999999999999996,4.0,3,0
2023-09-14,642207,3,0,0,0.675,3.0,3,0
2023-09-14,642546,3,1,0,0.107,3.0,2,0
2023-09-14,650633,20,8,1,6.839178641025642,20.0,11,2
2023-09-14,650644,19,8,1,6.09145952173913,19.0,10,2
2023-09-14,656257,8,2,0,2.106,8.0,6,0
2023-09-14,656557,25,7,3,6.385756619047619,25.0,15,0
2023-09-14,656605,27,7,1,5.058903,26.0,19,0
2023-09-14,657024,4,1,0,1.8920000000000001,4.0,3,0
2023-09-14,657376,25,3,3,9.913486727272728,25.0,18,1
2023-09-14,657514,10,1,2,4.791715090909092,10.0,7,1
2023-09-14,661440,7,0,1,2.415931034482759,6.0,6,1
2023-09-14,663773,3,1,1,0.8919030000000001,3.0,1,0
2023-09-14,663947,3,1,0,0.9470000000000001,3.0,2,0
2023-09-14,664126,3,3,0,0.0,3.0,0,0
2023-09-14,664874,2,0,0,0.077,2.0,2,0
2023-09-14,665620,11,3,3,3.248709,11.0,5,1
2023-09-14,665625,3,2,0,0.141,3.0,1,0
2023-09-14,666277,5,2,1,1.109903,5.0,2,0
2023-09-14,666974,3,0,0,1.254,2.0,2,0
2023-09-14,669711,9,3,0,2.212,9.0,6,0
2023-09-14,670102,4,1,1,1.813908,4.0,1,0
2023-09-14,670167,5,2,0,2.4517192857142853,5.0,2,1
2023-09-14,670280,3,0,0,0.6943333333333332,3.0,3,0
2023-09-14,670950,5,0,2,2.4839618235294116,4.0,3,0
2023-09-14,671111,2,0,0,1.2189999999999999,2.0,2,0
2023-09-14,671345,1,0,0,0.094,1.0,1,0
2023-09-14,673540,22,10,2,5.524284260869566,22.0,10,1
2023-09-14,674003,10,4,1,2.391903,10.0,5,1
2023-09-14,676477,6,1,0,1.1159999999999999,6.0,5,0
2023-09-14,676684,3,1,0,0.51,3.0,2,0
2023-09-14,678606,3,2,0,0.176,3.0,1,0
2023-09-14,680686,24,10,0,6.757107246376811,24.0,14,2
2023-09-14,680694,27,5,0,9.548257748260594,27.0,22,2
2023-09-14,680739,4,1,0,0.476,4.0,3,0
2023-09-14,681857,22,7,4,7.7171520000000005,22.0,11,1
2023-09-14,682842,4,0,1,1.256903,4.0,3,0
2023-09-14,687396,4,1,0,0.868,4.0,3,0
2023-09-14,687798,4,1,1,0.7279030000000001,4.0,2,0
2023-09-14,687888,10,2,0,2.768,10.0,8,0
2023-09-14,691587,19,7,0,4.566421052631579,18.0,12,1
2023-09-15,425844,10,1,1,3.047903,10.0,8,0
2023-09-15,453178,8,3,2,3.2628829230769236,8.0,3,1
2023-09-15,456501,20,2,0,5.7346242609182525,19.0,16,1
2023-09-15,472610,3,1,0,0.115,3.0,2,0
2023-09-15,489119,23,3,2,6.980912060606061,23.0,18,1
2023-09-15,500871,5,0,0,0.842,5.0,5,0
2023-09-15,502083,6,2,0,1.554005,6.0,3,0
2023-09-15,502085,5,0,1,1.940903,5.0,4,0
2023-09-15,502624,26,7,5,5.739515,26.0,14,0
2023-09-15,518489,5,1,0,1.218005,5.0,3,0
2023-09-15,518617,5,3,1,1.490903,5.0,1,0
2023-09-15,518886,6,2,3,2.101709,6.0,1,0
2023-09-15,543037,23,4,3,7.985709,23.0,16,0
2023-09-15,543272,6,1,1,3.088005,5.0,3,0
2023-09-15,543766,6,2,0,0.886,6.0,4,0
2023-09-15,571760,13,3,1,6.122601412698413,13.0,9,2
2023-09-15,571863,1,1,0,0.0,1.0,0,0
2023-09-15,572403,4,2,1,0.8739030000000001,4.0,1,0
2023-09-15,572955,6,0,1,2.125953,6.0,5,0
2023-09-15,573186,8,3,1,2.2739030000000002,8.0,4,0
2023-09-15,592351,21,3,2,8.417656000000001,21.0,14,1
2023-09-15,595978,3,0,0,0.419,3.0,3,0
2023-09-15,596271,4,1,0,2.2377931034482756,4.0,3,1
2023-09-15,598286,4,0,0,0.347,4.0,4,0
2023-09-15,600921,4,2,0,1.1800000000000002,4.0,2,0
2023-09-15,605130,3,2,0,0.08,3.0,1,0
2023-09-15,605280,3,1,0,0.16899999999999998,3.0,2,0
2023-09-15,605400,23,1,1,6.150680777777778,23.0,21,1
2023-09-15,605447,3,2,0,0.003,3.0,1,0
2023-09-15,606160,4,1,1,1.470903,4.0,2,0
2023-09-15,606965,3,2,0,0.5880500000000001,3.0,1,0
2023-09-15,607179,3,0,0,0.749,3.0,3,0
2023-09-15,607625,23,7,1,8.29612194934334,23.0,15,3
2023-09-15,608337,23,12,1,2.798903,23.0,10,0
2023-09-15,608371,3,0,2,1.436806,3.0,1,0
2023-09-15,608638,5,0,1,2.348617285714286,5.0,4,0
2023-09-15,608665,5,1,1,1.042903,5.0,3,0
2023-09-15,621107,22,8,0,3.9595555555555553,22.0,14,1
2023-09-15,621237,7,1,2,2.757806,7.0,4,0
2023-09-15,621244,26,8,0,5.024228571428572,26.0,18,1
2023-09-15,621381,1,1,0,0.0,1.0,0,0
2023-09-15,621383,8,2,1,1.6859030000000002,8.0,5,0
2023-09-15,622098,2,0,0,0.005,2.0,2,0
2023-09-15,622259,5,2,0,2.9539999999999997,5.0,3,1
2023-09-15,622554,4,2,0,0.7920050000000001,4.0,1,0
2023-09-15,622766,4,2,0,0.9300588235294116,4.0,2,0
2023-09-15,623149,3,0,0,2.502076923076923,3.0,3,1
2023-09-15,623437,3,1,0,0.524,3.0,2,0
2023-09-15,623465,5,1,0,1.336,5.0,4,0
2023-09-15,640451,5,2,0,2.6545757575757576,5.0,3,1
2023-09-15,640462,4,3,0,0.626,4.0,1,0
2023-09-15,641329,11,0,0,3.6865714285714284,11.0,11,1
2023-09-15,641360,3,0,0,0.492,3.0,3,0
2023-09-15,641672,7,2,1,2.382903,7.0,4,0
2023-09-15,641729,3,2,0,0.35,3.0,1,0
2023-09-15,641927,20,6,0,5.035421052631579,20.0,14,1
2023-09-15,642100,3,2,0,0.726005,3.0,0,0
2023-09-15,642207,3,3,0,0.0,3.0,0,0
2023-09-15,643377,4,1,0,0.215,4.0,3,0
2023-09-15,646242,10,0,2,6.409425718309859,10.0,8,1
2023-09-15,656288,27,7,1,8.646304976284584,27.0,19,2
2023-09-15,656427,19,6,1,7.701949594982079,19.0,12,2
2023-09-15,656464,4,2,0,1.039005,4.0,1,0
2023-09-15,656529,3,2,0,0.111,3.0,1,0
2023-09-15,656546,5,0,1,1.8457363333333334,5.0,4,0
2023-09-15,656629,8,2,0,2.918,8.0,6,0
2023-09-15,656730,5,1,0,0.571,5.0,4,0
2023-09-15,656794,17,2,3,7.767467333333334,17.0,11,2
2023-09-15,656849,25,10,2,6.82213335042735,25.0,13,1
2023-09-15,656945,3,1,0,0.316,3.0,2,0
2023-09-15,656986,1,1,0,0.0,1.0,0,0
2023-09-15,657006,27,5,2,7.566120285714286,26.0,20,1
2023-09-15,657044,3,1,0,0.365,3.0,2,0
2023-09-15,657097,3,0,0,1.1249285714285715,3.0,3,0
2023-09-15,657277,27,6,0,5.6105,27.0,21,1
2023-09-15,657571,4,2,0,1.278,4.0,2,0
2023-09-15,660813,2,0,0,0.432,2.0,2,0
2023-09-15,660906,2,1,1,0.695903,2.0,0,0
2023-09-15,661309,21,3,3,8.070714,21.0,14,0
2023-09-15,663158,4,2,1,0.899903,4.0,1,0
2023-09-15,663423,4,1,0,1.4644285714285719,4.0,3,1
2023-09-15,663623,21,6,5,8.779848333333334,21.0,10,2
2023-09-15,663855,3,1,0,0.9778421052631581,3.0,2,1
2023-09-15,664139,5,1,1,2.255903,5.0,3,0
2023-09-15,664199,4,3,0,2.0,4.0,1,1
2023-09-15,664208,5,2,1,2.205636333333333,5.0,2,1
2023-09-15,664299,21,6,1,7.645219993464052,21.0,14,2
2023-09-15,664747,5,2,0,1.0962142857142858,5.0,3,0
2023-09-15,664875,1,1,0,0.0,1.0,0,0
2023-09-15,664948,5,1,1,2.4349030000000003,5.0,3,0
2023-09-15,665896,3,2,0,0.068,3.0,1,0
2023-09-15,666374,2,0,0,1.248,2.0,2,0
2023-09-15,666808,4,0,1,2.009903,4.0,3,0
2023-09-15,668868,21,4,2,8.745959846153847,20.0,14,2
2023-09-15,668881,22,6,1,5.445403,22.0,15,1
2023-09-15,669084,3,0,0,1.317,3.0,3,0
2023-09-15,669212,8,3,1,4.49835952173913,8.0,4,1
2023-09-15,669373,26,9,0,4.083768461538462,26.0,16,0
2023-09-15,669387,3,1,0,0.706,3.0,2,0
2023-09-15,669459,4,1,1,4.05647809881423,4.0,2,2
2023-09-15,669461,5,2,0,0.721,5.0,3,0
2023-09-15,669467,3,0,0,0.7330000000000001,3.0,3,0
2023-09-15,669684,6,3,0,0.154,6.0,3,0
2023-09-15,669923,25,7,2,7.3430610000000005,25.0,15,0
2023-09-15,669947,23,5,3,7.978147596491228,23.0,15,1
2023-09-15,670059,9,0,2,4.437806,9.0,7,0
2023-09-15,670912,23,7,5,6.797615,23.0,11,1
2023-09-15,672335,4,0,0,1.061,4.0,4,0
2023-09-15,672578,3,0,1,1.008903,3.0,2,0
2023-09-15,672582,15,5,1,4.858560142857144,15.0,9,1
2023-09-15,676092,4,0,0,1.097,4.0,4,0
2023-09-15,676272,24,7,2,7.71841206060606,24.0,15,1
2023-09-15,676395,1,0,0,0.064,1.0,1,0
2023-09-15,677053,3,0,0,1.284,3.0,3,0
2023-09-15,678394,24,10,1,4.867403,24.0,13,1
2023-09-15,681882,3,2,0,0.071,3.0,1,0
2023-09-15,681892,4,2,1,0.7569030000000001,4.0,1,0
2023-09-15,682842,3,0,0,0.757,3.0,3,0
2023-09-15,682967,6,0,1,3.7593474444444444,6.0,5,1
2023-09-15,683232,8,2,2,3.734806,8.0,4,0
2023-09-15,685314,2,0,0,0.938,2.0,2,0
2023-09-15,686973,7,4,0,0.9892857142857143,7.0,3,0
2023-09-15,693821,24,6,0,8.382138003872559,24.0,17,1
2023-09-15,694297,20,6,1,4.486903,20.0,13,0
2023-09-15,701643,8,3,0,2.90269887755102,8.0,4,1
2023-09-16,455119,5,1,0,1.768,5.0,4,0
2023-09-16,477132,15,4,2,5.51774164993565,15.0,9,2
2023-09-16,489446,6,1,2,3.1250060000000004,6.0,3,1
2023-09-16,493603,3,2,0,0.211,3.0,1,0
2023-09-16,518397,4,0,0,0.521,4.0,4,0
2023-09-16,518489,2,2,0,0.0,2.0,0,0
2023-09-16,518585,6,1,0,0.9721600000000001,6.0,5,1
2023-09-16,519242,21,10,2,4.117806,21.0,9,0
2023-09-16,519293,4,0,1,2.554903,4.0,3,0
2023-09-16,523260,4,2,0,0.33399999999999996,4.0,2,0
2023-09-16,527048,7,0,0,2.307,7.0,7,0
2023-09-16,541640,13,5,1,4.966653,13.0,7,1
2023-09-16,542881,24,7,5,7.728286111111112,24.0,12,2
2023-09-16,543294,24,3,1,9.263706571428571,24.0,20,1
2023-09-16,543766,4,1,1,1.568908,4.0,1,0
2023-09-16,543859,3,0,1,2.6776757272727276,3.0,2,1
2023-09-16,548384,4,3,0,0.071,4.0,1,0
2023-09-16,548389,16,3,2,5.918901555555555,16.0,11,2
2023-09-16,552640,3,0,0,0.366,3.0,3,0
2023-09-16,571539,6,1,0,1.113,6.0,5,0
2023-09-16,571882,5,0,0,1.765,5.0,5,0
2023-09-16,571945,25,2,0,8.630736296296297,25.0,23,4
2023-09-16,571948,3,0,0,0.608,3.0,3,0
2023-09-16,573009,8,1,1,3.404405405405406,7.0,6,2
2023-09-16,573124,2,1,1,0.695903,2.0,0,0
2023-09-16,573186,4,1,0,1.4740000000000002,4.0,3,0
2023-09-16,592229,6,0,2,2.607806,6.0,4,0
2023-09-16,592426,4,1,0,1.107,4.0,3,0
2023-09-16,592767,9,1,1,1.736903,7.0,7,0
2023-09-16,592848,6,1,1,1.316903,6.0,4,0
2023-09-16,592866,12,1,2,5.293806,12.0,9,0
2023-09-16,593576,7,0,1,3.294903,7.0,6,0
2023-09-16,594580,3,0,0,0.719,3.0,3,0
2023-09-16,595345,4,0,0,4.075714285714286,4.0,4,2
2023-09-16,596001,17,5,1,4.234903,17.0,11,0
2023-09-16,596133,18,7,2,5.103764949096879,18.0,9,2
2023-09-16,600917,4,0,0,2.3649999999999998,4.0,4,0
2023-09-16,600921,8,0,0,3.968842105263158,7.0,8,1
2023-09-16,605130,6,1,2,2.5738060000000003,6.0,3,0
2023-09-16,605135,27,5,3,7.940298285714287,27.0,19,1
2023-09-16,605154,4,1,0,1.1515,4.0,3,1
2023-09-16,605200,19,5,2,5.220737034482759,19.0,12,1
2023-09-16,605280,3,1,0,0.131,3.0,2,0
2023-09-16,605447,7,2,1,0.5660000000000001,6.0,4,0
2023-09-16,606160,3,0,1,1.4858260769230769,3.0,2,1
2023-09-16,606303,6,1,0,1.7850000000000001,6.0,5,0
2023-09-16,606930,5,1,0,0.8690000000000001,5.0,4,0
2023-09-16,607179,3,1,0,0.103,3.0,2,0
2023-09-16,607192,21,4,2,8.357088051282052,21.0,15,1
2023-09-16,607481,6,3,1,1.019903,6.0,2,0
2023-09-16,607536,13,1,1,4.008903,13.0,11,0
2023-09-16,608032,5,2,2,1.394806,5.0,1,0
2023-09-16,608718,10,1,2,4.223054243243244,10.0,6,1
2023-09-16,612434,4,1,0,0.684,4.0,3,0
2023-09-16,621016,3,1,1,1.2622187894736845,3.0,1,0
2023-09-16,621345,4,3,1,0.695903,4.0,0,0
2023-09-16,621383,4,1,2,1.393806,4.0,1,0
2023-09-16,623149,3,1,0,0.35,3.0,2,0
2023-09-16,623352,4,1,0,0.4,4.0,3,0
2023-09-16,623437,5,0,0,2.510005,5.0,4,0
2023-09-16,623451,14,4,2,4.898306,14.0,8,0
2023-09-16,623465,6,0,1,1.269,5.0,5,0
2023-09-16,623474,3,2,0,0.005,3.0,1,0
2023-09-16,624133,26,5,4,10.96559180061817,26.0,17,3
2023-09-16,625643,3,1,0,0.5529999999999999,3.0,2,0
2023-09-16,628708,4,1,1,1.850903,4.0,2,0
2023-09-16,640448,6,0,1,3.3694208571428574,6.0,5,1
2023-09-16,641154,22,8,0,4.758787878787878,22.0,14,1
2023-09-16,641540,23,5,3,8.616714,23.0,14,0
2023-09-16,641585,22,0,4,8.537454105263159,22.0,18,1
2023-09-16,641627,6,1,2,2.197806,6.0,3,0
2023-09-16,641656,3,1,0,0.598,3.0,2,0
2023-09-16,641672,7,3,0,1.409,7.0,4,0
2023-09-16,641755,6,1,1,2.185903,6.0,4,0
2023-09-16,641835,4,3,0,0.012,4.0,1,0
2023-09-16,642048,4,1,0,1.001,4.0,3,0
2023-09-16,642100,3,1,1,0.78,2.0,1,0
2023-09-16,642397,1,0,0,0.148,1.0,1,0
2023-09-16,643338,4,0,1,0.162,3.0,3,0
2023-09-16,643410,3,0,0,0.663,3.0,3,0
2023-09-16,643511,5,0,0,1.542,4.0,5,0
2023-09-16,650960,5,2,1,1.051903,5.0,2,0
2023-09-16,656234,4,1,0,0.584,4.0,3,0
2023-09-16,656464,3,1,0,0.115,3.0,2,0
2023-09-16,656529,3,1,0,0.353,3.0,2,0
2023-09-16,656546,4,2,1,0.9639030000000001,4.0,1,0
2023-09-16,656638,6,2,0,3.6094233449477353,6.0,4,2
2023-09-16,656731,26,2,2,9.270344461538462,26.0,22,1
2023-09-16,656945,5,0,0,2.1517586206896553,4.0,4,1
2023-09-16,657024,2,0,0,0.14,2.0,2,0
2023-09-16,657044,5,0,1,1.851908,5.0,3,0
2023-09-16,657053,18,8,1,4.454023689655172,18.0,9,1
2023-09-16,657240,7,1,0,0.637,6.0,5,0
2023-09-16,657508,4,1,1,0.900903,4.0,2,0
2023-09-16,657514,1,0,0,0.146,1.0,1,0
2023-09-16,660761,5,0,1,1.718903,5.0,4,0
2023-09-16,660813,3,1,0,1.3834594594594596,3.0,2,1
2023-09-16,660853,2,0,0,0.33499999999999996,2.0,2,0
2023-09-16,661395,3,1,0,0.111,3.0,2,0
2023-09-16,661403,3,1,0,0.939,3.0,2,0
2023-09-16,661440,3,0,0,1.025,3.0,3,0
2023-09-16,662253,3,2,0,0.346,3.0,1,0
2023-09-16,663158,4,1,0,0.19,4.0,3,0
2023-09-16,663362,23,5,1,6.6476616206896555,23.0,17,1
2023-09-16,663462,6,1,1,3.080903,6.0,4,0
2023-09-16,663704,4,2,0,0.058,4.0,2,0
2023-09-16,663773,18,2,1,7.302143740740741,18.0,15,2
2023-09-16,663855,4,1,0,0.9550000000000001,4.0,3,0
2023-09-16,664199,1,0,0,0.075,1.0,1,0
2023-09-16,664208,5,0,0,0.911,5.0,5,0
2023-09-16,665622,18,7,4,6.4246170000000005,18.0,6,0
2023-09-16,665625,5,2,0,0.609,5.0,3,0
2023-09-16,666142,27,7,2,9.667627428571429,27.0,18,1
2023-09-16,666154,16,4,3,5.353667333333334,16.0,9,1
2023-09-16,666204,4,1,1,0.768903,4.0,2,0
2023-09-16,666277,7,0,0,1.945,7.0,7,0
2023-09-16,666374,4,1,0,0.9359999999999999,4.0,3,0
2023-09-16,666619,8,0,2,2.330806,8.0,6,0
2023-09-16,666745,9,3,0,2.122335714285714,9.0,6,0
2023-09-16,666818,4,0,1,1.666903,4.0,3,0
2023-09-16,667755,4,2,0,1.2340833333333334,4.0,2,0
2023-09-16,668674,5,1,0,0.193,5.0,4,0
2023-09-16,668970,10,2,1,2.5532363333333334,10.0,7,0
2023-09-16,669203,25,9,3,7.423226857142858,25.0,13,1
2023-09-16,669270,4,1,0,1.9762804878048779,4.0,3,1
2023-09-16,669467,7,1,0,1.304,6.0,6,0
2023-09-16,669713,4,0,1,1.660903,4.0,3,0
2023-09-16,669796,1,1,0,0.0,1.0,0,0
2023-09-16,670167,5,0,0,2.366,5.0,5,0
2023-09-16,670174,5,1,3,2.225709,5.0,1,0
2023-09-16,671096,20,5,3,7.429589,20.0,11,1
2023-09-16,671345,3,0,0,0.367,3.0,3,0
2023-09-16,672578,6,0,1,3.0904429999999996,6.0,5,1
2023-09-16,676092,5,0,1,2.5138363333333333,5.0,4,0
2023-09-16,676254,7,2,3,3.277709,7.0,2,0
2023-09-16,676440,21,4,0,5.4765,21.0,17,0
2023-09-16,676684,4,2,0,0.861,4.0,2,1
2023-09-16,676702,9,2,1,3.1249029999999998,9.0,6,0
2023-09-16,676775,17,5,2,6.574990523809523,17.0,10,3
2023-09-16,677053,5,1,1,2.151908,5.0,2,0
2023-09-16,678606,4,1,0,0.48600000000000004,4.0,3,0
2023-09-16,680570,29,7,0,7.006,29.0,22,0
2023-09-16,680739,8,2,0,2.5429999999999997,8.0,6,0
2023-09-16,680767,8,1,0,2.7198333333333333,8.0,7,0
2023-09-16,681806,3,1,0,0.855,3.0,2,0
2023-09-16,681911,3,1,0,1.2919999999999998,3.0,2,0
2023-09-16,682010,3,0,0,1.843,3.0,3,0
2023-09-16,682243,21,4,1,4.977903,21.0,16,1
2023-09-16,682847,26,2,6,11.571473882352942,26.0,18,1
2023-09-16,685314,11,0,2,3.723903,10.0,9,0
2023-09-16,686218,10,5,0,0.62,10.0,5,0
2023-09-16,686294,8,1,2,3.631039333333333,8.0,5,1
2023-09-16,687145,3,0,1,0.7649030000000001,3.0,2,0
2023-09-16,687798,5,1,1,1.3210000000000002,4.0,3,0
2023-09-16,687830,20,11,3,5.392467620689655,20.0,6,1
2023-09-16,687922,8,1,0,2.0643333333333334,8.0,7,0
2023-09-16,689225,6,3,0,0.46900000000000003,6.0,3,0
2023-09-16,694363,17,2,2,7.955661033259423,17.0,13,2
2023-09-16,695243,8,2,3,3.586709,8.0,3,0
2023-09-17,450203,25,5,5,10.58032,25.0,14,1
2023-09-17,500779,28,2,1,11.023777285714285,28.0,25,2
2023-09-17,502202,5,2,1,0.949903,5.0,2,0
2023-09-17,518617,2,0,0,0.167,1.0,2,0
2023-09-17,519043,6,2,1,1.710903,6.0,3,0
2023-09-17,542585,3,2,1,0.695903,3.0,0,0
2023-09-17,542888,4,1,0,0.9810000000000001,4.0,3,0
2023-09-17,543056,3,0,0,0.578,3.0,3,0
2023-09-17,543243,26,6,0,5.522555555555556,26.0,20,1
2023-09-17,543475,27,6,1,8.572256434343434,27.0,18,2
2023-09-17,547943,22,2,2,6.042056,22.0,18,1
2023-09-17,548384,3,1,0,0.279,3.0,2,0
2023-09-17,554340,6,2,1,1.339903,6.0,3,0
2023-09-17,571539,3,1,0,1.4233437499999995,3.0,2,1
2023-09-17,571578,22,2,2,4.278806,21.0,18,0
2023-09-17,571863,6,0,0,3.0870256410256416,6.0,6,2
2023-09-17,571901,4,2,1,1.045903,4.0,1,0
2023-09-17,571946,4,1,0,1.337,4.0,3,0
2023-09-17,571948,3,0,0,1.298,3.0,3,0
2023-09-17,573124,1,0,0,0.478,1.0,1,0
2023-09-17,592346,6,1,0,2.9760769230769237,6.0,5,1
2023-09-17,592426,4,2,0,1.092,4.0,2,0
2023-09-17,592836,30,3,1,11.444429827972568,30.0,26,3
2023-09-17,594580,3,0,0,0.266,3.0,3,0
2023-09-17,596112,4,1,0,1.111,4.0,3,0
2023-09-17,600986,7,1,1,2.0890794705882354,7.0,5,0
2023-09-17,601713,24,6,0,5.479305,24.0,17,1
2023-09-17,605154,4,0,0,2.312,4.0,4,1
2023-09-17,605177,1,0,0,0.153,1.0,1,0
2023-09-17,605347,6,1,0,3.6931039661147476,6.0,5,2
2023-09-17,605446,16,0,3,9.604909757575758,16.0,13,2
2023-09-17,605540,21,6,0,4.748083870967742,21.0,15,2
2023-09-17,606149,3,0,0,2.9227983333333336,3.0,3,2
2023-09-17,607074,27,10,0,5.3582166023166025,27.0,17,2
2023-09-17,607259,10,5,0,1.5658333333333334,10.0,5,0
2023-09-17,607732,4,0,0,1.572,4.0,4,0
2023-09-17,608638,4,2,0,1.124,4.0,2,0
2023-09-17,608665,4,0,0,0.806,4.0,4,0
2023-09-17,608678,8,2,1,2.347560142857143,8.0,5,1
2023-09-17,612434,3,2,0,0.058,3.0,1,0
2023-09-17,621016,6,1,0,1.01905,6.0,5,0
2023-09-17,621363,4,3,0,0.528,4.0,1,0
2023-09-17,621366,2,1,0,0.356,2.0,1,0
2023-09-17,622098,1,0,0,0.03,1.0,1,0
2023-09-17,622554,4,0,0,2.4809384615384613,4.0,4,1
2023-09-17,622766,5,1,1,1.816903,5.0,3,0
2023-09-17,623167,22,5,0,7.791985183426138,22.0,16,2
2023-09-17,623474,3,2,0,0.433,3.0,1,0
2023-09-17,640448,5,1,1,1.059903,5.0,3,0
2023-09-17,640451,6,2,0,0.6276666666666667,6.0,4,0
2023-09-17,640455,24,3,0,8.468176470588235,24.0,21,1
2023-09-17,641712,22,3,3,9.854973770114942,21.0,15,3
2023-09-17,641745,7,0,3,3.110709,7.0,4,0
2023-09-17,641793,18,3,0,4.837942857142857,18.0,15,1
2023-09-17,641941,5,1,1,1.9214618235294116,5.0,3,0
2023-09-17,642207,5,2,2,1.468806,5.0,1,0
2023-09-17,642232,21,7,2,5.713806,21.0,12,0
2023-09-17,642546,15,1,1,4.551005,14.0,12,0
2023-09-17,643338,4,2,0,0.7032499999999999,4.0,2,0
2023-09-17,643377,3,1,0,0.311,3.0,2,0
2023-09-17,643511,6,1,1,3.072903,6.0,4,0
2023-09-17,650556,3,0,0,2.0607333333333333,3.0,3,1
2023-09-17,650893,5,1,1,1.819908,5.0,2,0
2023-09-17,656257,5,0,1,2.24874009273183,5.0,4,1
2023-09-17,656302,25,5,3,7.690209,25.0,17,1
2023-09-17,656353,4,1,0,1.141111111111111,4.0,3,0
2023-09-17,656578,18,3,2,6.645861960548885,18.0,13,1
2023-09-17,656638,3,1,0,0.722,3.0,2,0
2023-09-17,656641,6,1,0,0.272,6.0,5,0
2023-09-17,657024,4,2,0,1.6557272727272727,4.0,2,1
2023-09-17,657044,3,0,0,1.06,3.0,3,0
2023-09-17,658648,11,5,1,1.3389030000000002,11.0,5,0
2023-09-17,660261,4,1,1,2.1716961034482756,4.0,2,1
2023-09-17,660825,8,0,0,2.37,8.0,8,0
2023-09-17,660906,3,0,0,0.09000000000000001,3.0,3,0
2023-09-17,663562,6,2,0,0.478,6.0,4,0
2023-09-17,663804,3,1,0,0.126,3.0,2,0
2023-09-17,663947,4,0,0,0.522,4.0,4,0
2023-09-17,664126,9,4,0,2.9218490566037736,9.0,5,1
2023-09-17,664285,26,5,1,7.505961823529411,26.0,20,0
2023-09-17,664854,5,2,1,2.0919030000000003,5.0,2,0
2023-09-17,665152,19,5,2,5.459751454545454,19.0,12,1
2023-09-17,665896,3,1,1,0.8849030000000001,3.0,1,0
2023-09-17,666200,25,8,2,8.506082014492755,25.0,14,2
2023-09-17,666214,19,7,1,4.873389486486486,19.0,11,2
2023-09-17,666808,7,1,0,2.029197307692308,7.0,5,1
2023-09-17,666818,7,0,0,2.6029999999999998,7.0,7,0
2023-09-17,666974,4,0,0,0.667,3.0,3,0
2023-09-17,667463,7,1,1,1.889903,7.0,5,0
2023-09-17,668909,24,7,2,4.444153,23.0,15,0
2023-09-17,669060,3,0,1,1.069903,2.0,1,0
2023-09-17,669084,3,0,0,0.448,3.0,3,0
2023-09-17,669194,16,3,3,5.831709,16.0,10,1
2023-09-17,669302,24,6,1,7.919658755755756,24.0,17,2
2023-09-17,669387,3,1,0,0.196,3.0,2,0
2023-09-17,669461,6,2,1,1.8499029999999999,6.0,3,0
2023-09-17,669684,2,1,0,0.151,2.0,1,0
2023-09-17,670032,9,0,1,4.042924978021978,9.0,8,0
2023-09-17,670046,24,3,2,8.317355032530067,24.0,19,3
2023-09-17,670280,4,3,0,1.5994067796610176,4.0,1,1
2023-09-17,671212,12,4,2,2.135806,12.0,6,0
2023-09-17,671345,2,0,0,0.352,2.0,2,0
2023-09-17,672335,1,0,0,0.086,1.0,1,0
2023-09-17,672715,11,2,0,3.5903548387096773,11.0,9,1
2023-09-17,674003,16,2,0,7.637657142857143,16.0,14,2
2023-09-17,675540,3,1,0,0.9688888888888888,3.0,2,0
2023-09-17,676395,8,1,2,2.2329030000000003,6.0,5,0
2023-09-17,676477,3,1,0,2.3229384615384614,3.0,2,1
2023-09-17,676680,6,1,0,2.044,6.0,5,0
2023-09-17,678061,7,5,0,1.830884615384615,7.0,2,1
2023-09-17,680704,5,2,0,1.0425,5.0,3,0
2023-09-17,681190,6,0,0,1.696,5.0,5,0
2023-09-17,681432,4,1,0,1.7590050000000002,4.0,2,0
2023-09-17,681806,4,1,1,0.7299030000000001,4.0,2,0
2023-09-17,681882,7,0,1,1.633403,7.0,6,0
2023-09-17,682227,20,2,1,6.172508,19.0,16,0
2023-09-17,682967,8,2,1,3.9789479999999995,8.0,4,1
2023-09-17,686610,21,2,0,7.856420289855073,20.0,19,2
2023-09-17,686730,20,3,2,6.452425718309859,20.0,15,1
2023-09-17,686826,6,1,0,1.679,6.0,5,0
2023-09-17,687145,5,0,1,2.9749030000000003,4.0,4,0
2023-09-17,687798,4,1,0,1.5077272727272728,4.0,3,1
2023-09-17,694037,3,2,0,0.861,3.0,1,0
2023-09-17,694813,13,5,2,4.377023391304348,13.0,6,1
2023-09-17,696136,23,5,4,7.70907145945946,22.0,14,1
2023-09-18,425794,25,3,2,6.376520285714286,25.0,20,0
2023-09-18,434378,27,5,1,8.715125222222222,27.0,21,2
2023-09-18,453268,4,1,0,0.253,4.0,3,0
2023-09-18,455119,4,2,0,0.969,4.0,2,0
2023-09-18,458681,24,6,2,7.930186241779497,24.0,15,2
2023-09-18,472610,4,1,0,0.807,4.0,3,0
2023-09-18,476595,6,3,0,0.5176249999999999,6.0,3,0
2023-09-18,493603,3,2,0,0.256,3.0,1,0
2023-09-18,502085,5,2,0,2.236,5.0,3,0
2023-09-18,519151,7,3,1,3.4035242121212113,7.0,3,1
2023-09-18,519293,5,1,2,2.712096548387097,4.0,2,1
2023-09-18,523260,3,2,0,0.307,3.0,1,0
2023-09-18,542585,10,2,2,4.872346,10.0,6,1
2023-09-18,543056,4,0,1,2.741448454545455,4.0,3,1
2023-09-18,543859,12,3,1,5.402010142857143,12.0,8,2
2023-09-18,554430,23,5,2,6.670434787878788,23.0,16,1
2023-09-18,571882,3,0,0,0.424,3.0,3,0
2023-09-18,571946,3,1,0,0.392,3.0,2,0
2023-09-18,572971,14,2,2,4.267806,14.0,10,0
2023-09-18,592229,4,1,0,1.448,4.0,3,0
2023-09-18,593576,4,3,0,0.449,4.0,1,0
2023-09-18,593958,15,1,1,7.372817315569487,15.0,13,2
2023-09-18,605130,3,3,0,0.0,3.0,0,0
2023-09-18,605182,33,7,0,6.718582051282051,33.0,26,2
2023-09-18,606160,6,1,0,3.325354838709677,6.0,5,2
2023-09-18,607644,21,1,3,9.281173912280702,21.0,17,1
2023-09-18,608379,21,6,0,4.567,21.0,15,0
2023-09-18,608717,5,0,1,3.1116061746031747,5.0,4,1
2023-09-18,615698,22,3,0,8.528929347826088,22.0,19,3
2023-09-18,621381,3,1,0,0.335,3.0,2,0
2023-09-18,621389,21,3,2,11.28081968837782,21.0,16,5
2023-09-18,622065,5,2,0,1.304,5.0,3,0
2023-09-18,622259,6,2,0,0.214,6.0,4,0
2023-09-18,623352,3,0,0,0.725,3.0,3,0
2023-09-18,623437,3,1,0,0.9039999999999999,3.0,2,1
2023-09-18,625643,1,1,0,0.0,1.0,0,0
2023-09-18,640462,6,2,1,0.725,5.0,3,0
2023-09-18,641360,3,0,0,0.5618571428571428,3.0,3,0
2023-09-18,642048,4,1,1,1.581903,4.0,2,1
2023-09-18,642397,3,2,0,0.274,3.0,1,0
2023-09-18,642547,22,6,0,6.4619583333333335,22.0,16,2
2023-09-18,656234,4,1,0,1.6320000000000001,4.0,3,0
2023-09-18,656271,1,1,0,0.0,1.0,0,0
2023-09-18,656353,5,0,2,1.517903,4.0,3,0
2023-09-18,656529,3,0,0,0.392,3.0,3,0
2023-09-18,656756,25,8,0,5.272,25.0,17,0
2023-09-18,656945,6,2,0,1.4929285714285714,6.0,4,0
2023-09-18,657097,4,1,1,1.491903,4.0,2,0
2023-09-18,657140,21,5,4,9.029405972880374,21.0,12,3
2023-09-18,657508,5,0,0,3.003,5.0,5,1
2023-09-18,657571,3,3,0,0.0,3.0,0,0
2023-09-18,657746,23,5,3,7.2955367777777775,23.0,15,3
2023-09-18,660261,4,0,0,1.8900588235294116,4.0,4,0
2023-09-18,660853,2,1,0,0.723,2.0,1,0
2023-09-18,663321,8,2,2,4.009289260869565,8.0,3,1
2023-09-18,663423,4,0,0,1.9220000000000002,4.0,4,0
2023-09-18,663462,4,0,1,1.512903,4.0,3,0
2023-09-18,663658,5,2,1,2.161912523809524,5.0,2,1
2023-09-18,663704,3,1,0,0.046,3.0,2,0
2023-09-18,663804,4,2,0,0.5880000000000001,4.0,2,0
2023-09-18,663903,25,4,2,8.046159103448275,25.0,19,1
2023-09-18,663986,6,0,3,3.3772140000000004,6.0,2,0
2023-09-18,664854,4,2,0,0.363,4.0,2,0
2023-09-18,665795,20,4,1,4.167903,20.0,15,0
2023-09-18,666205,14,0,1,4.749569666666667,14.0,13,0
2023-09-18,666974,1,1,0,0.0,1.0,0,0
2023-09-18,667463,3,0,0,2.028,3.0,3,0
2023-09-18,669060,4,0,0,1.35,4.0,4,0
2023-09-18,670174,5,3,2,1.391806,5.0,0,0
2023-09-18,672335,3,0,0,0.896047619047619,3.0,3,0
2023-09-18,672851,25,5,2,11.115683565982405,25.0,18,3
2023-09-18,676130,22,6,1,5.040903,22.0,15,0
2023-09-18,676265,9,1,1,2.601903,9.0,7,0
2023-09-18,676477,3,0,0,0.735,3.0,3,0
2023-09-18,676664,27,6,4,10.586317,27.0,16,1
2023-09-18,676680,6,1,1,1.943903,6.0,4,0
2023-09-18,676684,4,2,0,0.002,4.0,2,0
2023-09-18,676710,22,7,0,4.715354838709677,22.0,15,1
2023-09-18,678606,4,0,0,1.585,4.0,4,0
2023-09-18,680767,9,1,2,2.8958060000000003,9.0,6,0
2023-09-18,681911,3,1,0,0.7108095238095238,3.0,2,0
2023-09-18,682842,3,2,0,0.275,3.0,1,0
2023-09-18,683175,26,7,1,6.653884026425038,26.0,18,2
2023-09-18,683232,4,0,0,1.057,4.0,4,0
2023-09-18,693433,21,6,4,5.187612000000001,21.0,11,0
2023-09-18,701643,4,1,0,0.142,4.0,3,0
2023-09-19,502043,20,5,2,6.99221693643199,20.0,13,2
2023-09-19,502083,7,0,0,3.45224,7.0,7,2
2023-09-19,502171,13,1,1,3.5989079999999998,13.0,10,0
2023-09-19,518397,4,1,0,0.518,4.0,3,0
2023-09-19,518585,6,4,1,1.2409029999999999,6.0,1,0
2023-09-19,542888,4,0,0,1.401005,4.0,3,0
2023-09-19,543135,21,3,3,7.145714,21.0,14,0
2023-09-19,543766,4,0,1,2.073503,4.0,3,1
2023-09-19,547179,7,0,3,3.914709,7.0,4,1
2023-09-19,547184,7,1,1,2.709903,7.0,5,0
2023-09-19,547973,5,3,0,0.201,5.0,2,0
2023-09-19,554340,3,1,0,0.9950000000000001,3.0,2,0
2023-09-19,570632,21,4,0,3.9268,21.0,17,1
2023-09-19,571656,3,0,1,1.116903,3.0,2,0
2023-09-19,571670,4,0,0,1.403,4.0,4,0
2023-09-19,571760,4,1,1,1.8498474444444446,4.0,2,1
2023-09-19,571882,6,2,0,0.485,6.0,4,0
2023-09-19,571901,7,0,2,3.897806,7.0,5,0
2023-09-19,571948,1,0,0,0.506,1.0,1,0
2023-09-19,572403,4,1,1,0.944903,4.0,2,0
2023-09-19,573204,3,2,0,0.002,3.0,1,0
2023-09-19,579328,19,7,1,4.5270030000000006,19.0,11,1
2023-09-19,592229,4,0,1,1.493903,4.0,3,0
2023-09-19,592767,3,3,0,0.0,3.0,0,0
2023-09-19,592848,5,1,1,1.326903,5.0,3,0
2023-09-19,594902,22,4,4,7.348612,22.0,14,0
2023-09-19,596112,5,1,0,2.5427333333333335,5.0,4,1
2023-09-19,596271,5,2,1,1.349903,5.0,2,0
2023-09-19,598286,6,1,0,2.721243243243243,6.0,5,1
2023-09-19,600917,3,1,0,0.22999999999999998,3.0,2,0
2023-09-19,605177,4,1,1,1.6659030000000001,4.0,2,0
2023-09-19,605347,3,0,0,0.8838095238095238,3.0,3,0
2023-09-19,605483,25,10,4,5.195612000000001,25.0,11,0
2023-09-19,606303,4,0,0,0.37800000000000006,4.0,4,0
2023-09-19,607067,20,2,3,6.501209,20.0,15,0
2023-09-19,607481,4,1,1,1.7649029999999999,4.0,2,0
2023-09-19,608717,3,1,0,0.04,3.0,2,0
2023-09-19,612434,3,1,0,0.184,3.0,2,0
2023-09-19,621016,3,1,0,0.182,3.0,2,0
2023-09-19,621112,20,4,1,5.692861333333333,20.0,15,1
2023-09-19,621345,3,1,0,0.069,3.0,2,0
2023-09-19,622065,3,0,1,2.54685952173913,3.0,2,1
2023-09-19,622072,22,2,1,6.769908,22.0,18,0
2023-09-19,622491,27,8,3,7.972436272727274,27.0,16,1
2023-09-19,622554,3,0,0,1.1924761904761905,3.0,3,1
2023-09-19,622766,5,1,1,2.843103,5.0,3,1
2023-09-19,623149,3,2,0,0.159,3.0,1,0
2023-09-19,623352,4,0,0,1.309,4.0,4,0
2023-09-19,628317,17,8,1,2.859014111111111,17.0,8,0
2023-09-19,628708,9,3,1,3.269661620689655,9.0,5,1
2023-09-19,640448,6,1,1,2.906903,6.0,4,1
2023-09-19,640451,3,0,0,0.087,3.0,3,0
2023-09-19,640462,5,1,0,2.379,5.0,4,0
2023-09-19,641627,5,0,1,1.764005,3.0,3,0
2023-09-19,641729,3,2,0,0.217,3.0,1,0
2023-09-19,641755,4,2,1,1.0359030000000002,4.0,1,0
2023-09-19,641941,3,2,0,1.4706935483870966,3.0,1,1
2023-09-19,643410,3,1,1,0.8289030000000001,3.0,1,0
2023-09-19,650911,18,2,1,7.559023689655172,18.0,15,1
2023-09-19,650960,5,0,1,1.3589030000000002,5.0,4,0
2023-09-19,656427,9,2,0,3.814005,9.0,6,0
2023-09-19,656464,4,1,1,1.7558147647058824,4.0,2,1
2023-09-19,656557,19,4,4,5.631112000000001,19.0,11,1
2023-09-19,656638,8,0,1,3.882908,8.0,6,0
2023-09-19,656730,7,2,1,3.6534585555555554,7.0,4,1
2023-09-19,656945,6,0,0,2.3410142857142864,6.0,6,1
2023-09-19,656986,5,3,0,1.0343478260869563,5.0,2,1
2023-09-19,657376,21,1,2,7.897444248847926,21.0,18,1
2023-09-19,657514,2,1,0,0.2,2.0,1,0
2023-09-19,657571,4,3,0,0.5663157894736843,4.0,1,0
2023-09-19,657585,9,3,1,1.436903,9.0,5,0
2023-09-19,660813,3,0,0,0.749,3.0,3,0
2023-09-19,660825,3,0,0,0.14200000000000002,3.0,3,0
2023-09-19,660906,1,0,0,0.243,1.0,1,0
2023-09-19,661440,6,1,1,1.8759863333333333,6.0,4,0
2023-09-19,663158,3,2,0,0.063,3.0,1,0
2023-09-19,663372,20,5,2,4.418811,20.0,12,0
2023-09-19,663559,6,1,2,2.2322605454545457,6.0,3,0
2023-09-19,663704,3,3,0,0.0,3.0,0,0
2023-09-19,663765,11,3,2,2.7659171111111114,11.0,6,1
2023-09-19,663776,21,7,3,6.604654454545454,21.0,11,1
2023-09-19,663855,3,1,0,0.232,3.0,2,0
2023-09-19,663878,3,1,0,0.887,3.0,2,0
2023-09-19,663947,12,2,0,3.7311428571428573,12.0,10,1
2023-09-19,664192,25,5,2,8.006292190476191,25.0,16,1
2023-09-19,664199,5,1,1,2.1176616206896557,5.0,3,1
2023-09-19,664208,4,1,0,1.085,4.0,3,0
2023-09-19,664353,7,0,1,4.497836333333334,7.0,6,1
2023-09-19,664875,5,0,2,1.839903,4.0,3,0
2023-09-19,665871,21,8,1,5.579943,21.0,12,1
2023-09-19,666129,23,7,0,5.020809523809524,23.0,16,0
2023-09-19,666374,5,1,1,1.833823,5.0,3,1
2023-09-19,666974,3,0,1,1.118903,3.0,2,0
2023-09-19,667755,4,2,0,0.155,4.0,2,0
2023-09-19,668674,5,3,0,0.5980000000000001,5.0,2,0
2023-09-19,668678,22,6,3,7.241709,22.0,13,1
2023-09-19,668970,8,3,0,1.339005,7.0,3,0
2023-09-19,669084,3,1,0,0.324,3.0,2,0
2023-09-19,669212,3,1,0,0.6040500000000001,3.0,2,0
2023-09-19,669467,4,0,0,0.555,4.0,4,0
2023-09-19,669684,3,0,0,1.608005,3.0,2,0
2023-09-19,669711,6,0,1,2.466903,6.0,5,0
2023-09-19,669796,5,0,0,3.36,5.0,5,1
2023-09-19,670167,5,2,2,1.753806,5.0,1,0
2023-09-19,670950,3,2,0,0.733,3.0,1,0
2023-09-19,671106,16,1,2,6.817539333333333,16.0,13,1
2023-09-19,671111,3,0,0,0.903,3.0,3,0
2023-09-19,671131,25,2,1,9.062725222222223,24.0,21,3
2023-09-19,671345,5,0,0,1.9569999999999999,5.0,5,0
2023-09-19,671737,19,6,1,4.997175727272728,19.0,12,1
2023-09-19,672335,1,1,0,0.0,1.0,0,0
2023-09-19,672578,4,0,1,3.13259687755102,4.0,3,1
2023-09-19,674444,10,2,4,4.696916347826088,10.0,4,1
2023-09-19,675540,4,0,0,1.5219999999999998,4.0,4,1
2023-09-19,675911,25,11,0,5.416865465116279,25.0,13,1
2023-09-19,675916,4,2,0,1.012,4.0,2,0
2023-09-19,676092,3,0,0,0.667,3.0,3,0
2023-09-19,676395,2,1,0,0.003,2.0,1,0
2023-09-19,677053,4,0,0,0.817,4.0,4,0
2023-09-19,679525,19,2,1,7.1006029999999996,19.0,16,1
2023-09-19,680704,4,1,0,1.117,4.0,3,0
2023-09-19,680723,18,3,2,7.392211952380953,18.0,13,2
2023-09-19,681432,4,3,1,0.695903,4.0,0,0
2023-09-19,681892,5,2,1,1.979903,5.0,2,0
2023-09-19,681911,3,1,0,0.033,3.0,2,0
2023-09-19,682842,4,1,1,1.0369030000000001,4.0,2,0
2023-09-19,682967,9,0,2,4.833265459459459,9.0,7,1
2023-09-19,682990,25,2,2,9.464734571428572,25.0,21,2
2023-09-19,685314,3,0,1,0.890903,3.0,2,0
2023-09-19,686613,25,5,2,11.32594371757068,25.0,17,4
2023-09-19,686752,24,4,1,6.157514111111111,24.0,19,1
2023-09-19,687330,7,2,0,1.7734811904761905,7.0,4,1
2023-09-19,687922,7,1,1,2.103,6.0,5,0
2023-09-19,689225,10,1,1,3.796403,10.0,8,1
2023-09-19,690829,5,2,2,1.4338060000000001,5.0,1,0
2023-09-19,693312,7,0,2,3.656618692307693,7.0,4,0
2023-09-20,425844,16,5,0,4.200394838709677,16.0,11,2
2023-09-20,445926,9,0,1,2.255903,9.0,8,0
2023-09-20,456501,9,0,0,5.255314285714285,9.0,9,3
2023-09-20,472610,5,1,1,1.3740416666666666,4.0,3,1
2023-09-20,502085,2,0,0,0.766,2.0,2,0
2023-09-20,502202,3,1,0,0.8585384615384615,3.0,2,0
2023-09-20,502624,23,3,2,7.707578727272727,23.0,18,1
2023-09-20,518489,5,0,0,1.8010000000000002,5.0,5,0
2023-09-20,518876,26,5,3,7.537829553359684,26.0,18,3
2023-09-20,518886,3,1,1,0.7369030000000001,3.0,1,0
2023-09-20,519151,3,0,0,0.958,3.0,3,0
2023-09-20,519293,6,1,0,2.808,6.0,5,0
2023-09-20,527048,16,5,1,2.508903,16.0,10,0
2023-09-20,541640,13,4,2,4.227106454545455,13.0,6,1
2023-09-20,543056,3,0,0,1.684,3.0,3,0
2023-09-20,543272,3,1,0,0.382,3.0,2,0
2023-09-20,547184,6,0,1,2.142903,6.0,5,0
2023-09-20,548384,4,2,0,1.923,4.0,2,1
2023-09-20,552640,3,3,0,0.0,3.0,0,0
2023-09-20,572955,3,0,0,0.53,3.0,3,0
2023-09-20,592332,24,10,3,5.434709,24.0,11,0
2023-09-20,592351,12,1,1,6.104675727272728,12.0,10,2
2023-09-20,592454,6,0,4,2.900612,6.0,2,0
2023-09-20,592848,4,2,1,1.2179030000000002,4.0,1,0
2023-09-20,593576,5,0,0,1.858,5.0,5,0
2023-09-20,594580,4,1,1,0.8200000000000001,3.0,2,0
2023-09-20,595345,4,2,0,0.7801666666666667,4.0,2,0
2023-09-20,596271,11,1,1,3.6377106923076927,11.0,9,0
2023-09-20,600921,3,0,0,0.498,3.0,3,0
2023-09-20,605130,3,1,0,0.589,3.0,2,0
2023-09-20,605288,23,4,2,7.324737034482759,23.0,17,1
2023-09-20,605400,24,8,0,8.056666666666667,24.0,16,1
2023-09-20,606303,6,0,0,1.937005,6.0,5,0
2023-09-20,606930,6,2,0,2.047,6.0,4,0
2023-09-20,607625,26,7,2,10.530616256410259,26.0,17,2
2023-09-20,608032,4,1,0,0.868,4.0,3,0
2023-09-20,608337,27,6,3,9.340682571428571,26.0,17,2
2023-09-20,608638,3,1,0,0.6415384615384615,3.0,2,0
2023-09-20,608665,3,1,0,0.665,3.0,2,0
2023-09-20,621016,4,1,0,2.3994067796610175,4.0,3,1
2023-09-20,621237,3,2,0,0.204,3.0,1,0
2023-09-20,621345,7,1,4,2.471709,6.0,2,0
2023-09-20,621366,4,0,0,2.1123548387096776,4.0,4,1
2023-09-20,621381,3,0,0,0.6893750000000001,3.0,3,0
2023-09-20,621383,5,0,0,1.294,5.0,5,0
2023-09-20,622098,3,1,1,0.759903,3.0,1,0
2023-09-20,622766,5,2,1,1.0209030000000001,5.0,2,0
2023-09-20,623352,4,0,0,1.08,4.0,4,0
2023-09-20,623437,4,1,1,0.9539030000000001,4.0,2,0
2023-09-20,623465,5,0,0,4.104522727272727,5.0,5,1
2023-09-20,623474,8,1,1,3.191760142857143,8.0,6,0
2023-09-20,628452,3,1,0,0.082,3.0,2,0
2023-09-20,641360,2,0,0,1.296,2.0,2,0
2023-09-20,641627,3,1,0,0.121,3.0,2,0
2023-09-20,641656,9,1,2,4.248160838709677,9.0,6,1
2023-09-20,641927,22,3,3,7.574341622377623,22.0,15,2
2023-09-20,642397,3,1,0,0.36300000000000004,3.0,2,0
2023-09-20,642546,4,3,0,0.0,3.0,0,0
2023-09-20,643338,3,2,0,0.244,3.0,1,0
2023-09-20,643377,4,1,1,1.0529030000000001,4.0,2,0
2023-09-20,643410,6,0,1,2.9784585555555556,6.0,5,1
2023-09-20,650556,4,1,0,0.677,4.0,3,0
2023-09-20,650633,26,13,0,3.617,26.0,13,0
2023-09-20,650644,17,7,0,7.168334787234043,17.0,9,2
2023-09-20,656222,9,5,1,1.6359029999999999,9.0,3,0
2023-09-20,656266,3,1,0,0.431,3.0,2,0
2023-09-20,656546,3,1,0,0.8354545454545453,3.0,2,0
2023-09-20,656605,27,6,1,12.939137347826088,27.0,19,3
2023-09-20,656629,5,1,0,1.640005,5.0,3,0
2023-09-20,657006,17,6,0,5.538,17.0,11,0
2023-09-20,657024,5,1,0,3.370057142857143,5.0,4,1
2023-09-20,657044,1,1,0,0.0,1.0,0,0
2023-09-20,657097,4,0,0,1.9428471052631577,4.0,3,1
2023-09-20,657277,27,4,2,8.584806,27.0,21,0
2023-09-20,657508,4,1,1,1.18556,3.0,2,0
2023-09-20,657514,5,0,0,1.155005,5.0,4,0
2023-09-20,660261,3,0,2,1.8248060000000002,3.0,1,0
2023-09-20,660813,3,1,0,0.28200000000000003,3.0,2,0
2023-09-20,660853,5,2,0,1.5779310344827588,5.0,3,1
2023-09-20,660906,3,0,2,1.4368060000000002,3.0,1,0
2023-09-20,661309,10,4,0,2.294192307692308,9.0,5,1
2023-09-20,661395,4,2,1,0.8509030000000001,4.0,1,0
2023-09-20,662253,3,1,0,0.9333225806451613,3.0,2,1
2023-09-20,663546,6,1,0,1.176,6.0,5,0
2023-09-20,663658,10,1,2,2.212806,10.0,7,0
2023-09-20,663855,3,1,0,0.321,3.0,2,0
2023-09-20,664139,6,0,0,2.675,6.0,6,0
2023-09-20,664299,20,11,2,3.3398648235294117,20.0,7,0
2023-09-20,664747,4,0,1,1.8149030000000002,4.0,3,0
2023-09-20,664875,4,1,0,2.545321428571429,4.0,3,1
2023-09-20,665620,8,0,1,4.362946478260869,8.0,7,1
2023-09-20,666204,3,3,0,0.0,3.0,0,0
2023-09-20,666277,8,2,1,3.765103,8.0,5,1
2023-09-20,666818,4,1,1,1.166903,4.0,2,0
2023-09-20,668868,21,4,1,7.946331571428571,21.0,16,2
2023-09-20,668881,25,14,1,4.263408,24.0,9,0
2023-09-20,669060,4,0,1,0.902903,4.0,3,0
2023-09-20,669387,3,1,1,1.285903,3.0,1,0
2023-09-20,669459,3,1,0,0.956047619047619,3.0,2,0
2023-09-20,669711,1,0,0,0.521,1.0,1,0
2023-09-20,669713,5,2,1,2.9215227183098587,5.0,2,1
2023-09-20,669923,28,3,0,9.016354365370505,28.0,25,2
2023-09-20,669947,15,1,2,9.689376491585229,15.0,11,3
2023-09-20,670059,4,2,0,0.7120000000000001,4.0,2,0
2023-09-20,670167,6,1,1,2.9882578387096776,6.0,4,1
2023-09-20,672282,19,7,2,4.892806,19.0,10,0
2023-09-20,672582,19,4,0,4.058788819875776,18.0,14,1
2023-09-20,672715,8,0,2,3.242806,8.0,6,0
2023-09-20,673540,25,3,2,10.754534571428572,25.0,20,2
2023-09-20,675916,3,1,1,0.7209030000000001,3.0,1,0
2023-09-20,676254,6,2,1,3.273417166666667,6.0,3,3
2023-09-20,676272,23,7,1,7.014908,23.0,14,0
2023-09-20,676684,7,2,0,2.5274,7.0,5,0
2023-09-20,676702,3,1,0,0.327,3.0,2,0
2023-09-20,678394,20,2,4,10.58694254945055,20.0,13,1
2023-09-20,678606,3,0,0,0.33699999999999997,3.0,3,0
2023-09-20,680686,23,4,3,7.4833506666666665,23.0,16,3
2023-09-20,680694,21,9,2,4.510806,20.0,9,0
2023-09-20,680739,9,2,0,2.000843137254902,9.0,7,0
2023-09-20,681432,1,0,0,0.177,1.0,1,0
2023-09-20,681806,10,2,1,3.468903,10.0,7,0
2023-09-20,681857,22,5,2,7.080413142857143,22.0,15,1
2023-09-20,682010,7,0,2,2.766806,7.0,5,0
2023-09-20,683155,25,2,1,12.349946808510639,24.0,20,5
2023-09-20,683232,4,1,0,0.8888076923076926,4.0,3,0
2023-09-20,687798,13,2,1,5.926921548129198,13.0,10,2
2023-09-20,691587,15,2,3,4.292734641025642,15.0,10,1
2023-09-20,693821,18,0,5,9.246973193979933,18.0,13,2
2023-09-20,694037,10,2,1,3.3834794285714285,10.0,6,1
2023-09-21,489119,23,7,2,5.8917290769230775,23.0,14,1
2023-09-21,489446,4,2,0,0.739,4.0,2,0
2023-09-21,502202,5,0,1,2.904903,5.0,4,0
2023-09-21,518397,7,1,0,3.7205,7.0,6,0
2023-09-21,518489,2,0,1,0.695903,2.0,1,0
2023-09-21,518617,3,1,0,0.08700000000000001,3.0,2,0
2023-09-21,518886,5,2,0,1.348,5.0,3,0
2023-09-21,523260,3,1,0,0.351,3.0,2,0
2023-09-21,527054,6,0,0,2.819,6.0,6,0
2023-09-21,542888,6,0,1,2.844908,6.0,4,0
2023-09-21,543037,26,9,0,4.495188596491228,25.0,16,0
2023-09-21,543294,28,5,2,9.19766646511628,28.0,21,1
2023-09-21,543507,3,1,0,1.8596499999999998,3.0,2,1
2023-09-21,552640,5,0,0,1.627,5.0,5,0
2023-09-21,571945,25,4,1,9.799915105263159,25.0,20,3
2023-09-21,571946,5,2,0,1.099,5.0,3,0
2023-09-21,592426,5,1,0,1.7861666666666665,5.0,4,0
2023-09-21,592767,4,2,1,0.7369030000000001,4.0,1,0
2023-09-21,600921,5,1,0,1.263,5.0,4,0
2023-09-21,605154,3,1,0,0.4273999999999999,3.0,2,0
2023-09-21,605280,7,0,1,2.322903,7.0,6,0
2023-09-21,605347,3,0,0,1.3619999999999999,3.0,3,0
2023-09-21,605498,10,2,1,2.482403,10.0,7,0
2023-09-21,608032,7,1,1,2.980403,7.0,5,0
2023-09-21,608331,22,7,1,4.786984196581197,22.0,14,1
2023-09-21,621107,22,10,1,4.963903,22.0,11,0
2023-09-21,621237,4,2,0,0.38199999999999995,4.0,2,0
2023-09-21,621244,24,6,0,9.82012142857143,24.0,18,2
2023-09-21,621363,3,0,0,0.514,3.0,3,0
2023-09-21,621366,1,0,0,0.03,1.0,1,0
2023-09-21,623451,8,0,2,2.886806,8.0,6,0
2023-09-21,623465,3,2,0,0.24,3.0,1,0
2023-09-21,624133,29,6,2,5.863199888888889,29.0,20,0
2023-09-21,625643,4,2,0,0.491,4.0,2,0
2023-09-21,641729,4,1,0,0.459,4.0,3,0
2023-09-21,641835,4,1,1,1.8269030000000002,4.0,2,0
2023-09-21,656257,9,3,2,4.382806,9.0,4,1
2023-09-21,656266,5,2,0,0.898,5.0,3,0
2023-09-21,656288,22,7,3,7.0234466007326,22.0,11,1
2023-09-21,656529,4,1,0,1.391,4.0,3,0
2023-09-21,656546,1,0,0,0.007,1.0,1,0
2023-09-21,656849,19,7,2,5.982539333333333,19.0,10,1
2023-09-21,657097,5,0,2,1.7928060000000001,5.0,3,0
2023-09-21,657240,4,0,2,2.839648105263158,4.0,2,1
2023-09-21,657508,1,0,0,0.6802272727272727,1.0,1,0
2023-09-21,661403,5,2,1,0.786903,4.0,1,0
2023-09-21,663623,18,1,3,6.744709,18.0,14,1
2023-09-21,663878,9,1,2,4.412806,9.0,6,1
2023-09-21,663986,6,1,0,2.826421052631579,6.0,5,1
2023-09-21,665622,23,5,1,6.029632936507937,22.0,17,1
2023-09-21,665896,5,1,1,1.744903,5.0,3,0
2023-09-21,667755,4,1,0,0.9139999999999999,4.0,3,0
2023-09-21,669084,4,1,0,0.362,4.0,3,0
2023-09-21,669212,6,3,0,0.524,6.0,3,0
2023-09-21,669373,22,10,1,3.808683405405406,22.0,11,1
2023-09-21,669461,3,0,0,0.369,3.0,3,0
2023-09-21,669724,9,2,0,3.5489545454545453,9.0,7,1
2023-09-21,670059,5,0,1,2.413903,5.0,4,0
2023-09-21,670280,5,2,0,2.3794000000000004,5.0,3,1
2023-09-21,670912,28,5,5,8.94552,28.0,17,0
2023-09-21,672335,3,0,1,1.846908,3.0,1,0
2023-09-21,676265,23,8,0,7.397504832915622,22.0,13,4
2023-09-21,678606,4,1,1,1.7179030000000002,4.0,2,0
2023-09-21,680570,22,7,3,6.179209,22.0,12,1
2023-09-21,681882,5,0,0,2.17,5.0,5,0
2023-09-21,681911,4,1,0,2.125,4.0,3,1
2023-09-21,683769,12,1,2,2.585806,12.0,9,0
2023-09-21,686218,18,9,4,3.7676170000000004,18.0,4,0
2023-09-21,687922,5,2,1,1.070903,5.0,2,0
2023-09-21,690829,4,0,0,1.051005,4.0,3,0
2023-09-21,690986,20,2,1,5.517233186480187,20.0,17,1
2023-09-21,694037,2,2,0,0.0,2.0,0,0
2023-09-21,695243,10,2,1,1.777903,9.0,6,0
2023-09-21,701643,7,3,0,0.926,7.0,4,0
2023-09-22,450203,5,1,2,2.335648105263158,5.0,2,1
2023-09-22,455119,3,0,0,0.98,3.0,3,0
2023-09-22,456501,3,0,0,0.7709999999999999,3.0,3,0
2023-09-22,472610,4,1,1,2.199903,4.0,2,0
2023-09-22,493603,2,0,1,0.303,1.0,1,0
2023-09-22,518585,4,4,0,0.0,4.0,0,0
2023-09-22,518617,3,2,0,0.005,3.0,1,0
2023-09-22,518886,4,1,0,2.046,4.0,3,1
2023-09-22,519242,19,7,1,5.3759429999999995,18.0,11,1
2023-09-22,541640,3,0,0,0.771,3.0,3,0
2023-09-22,542585,3,1,0,0.547,3.0,2,0
2023-09-22,543056,3,1,1,0.941903,3.0,1,0
2023-09-22,543272,5,1,1,1.776903,5.0,3,0
2023-09-22,543766,3,1,0,0.729005,3.0,1,0
2023-09-22,543859,9,0,0,3.1584,9.0,9,0
2023-09-22,547973,7,2,1,2.612903,7.0,4,0
2023-09-22,548384,4,0,1,0.820903,3.0,3,0
2023-09-22,571578,18,1,1,11.114589507936508,18.0,16,3
2023-09-22,571656,5,2,0,3.701986596736597,5.0,3,2
2023-09-22,571760,9,2,1,2.520496137254902,9.0,6,0
2023-09-22,571882,2,1,0,0.231,2.0,1,0
2023-09-22,572403,4,1,0,0.264,4.0,3,0
2023-09-22,572955,3,0,0,1.4055,3.0,3,0
2023-09-22,573009,5,0,1,1.006903,5.0,4,0
2023-09-22,573204,5,1,0,1.7436111111111112,5.0,4,1
2023-09-22,592094,3,0,0,2.44269387755102,3.0,3,1
2023-09-22,592767,8,2,2,2.9808060000000003,8.0,4,0
2023-09-22,592773,3,1,0,0.054,3.0,2,0
2023-09-22,592791,25,7,4,5.584612,25.0,14,0
2023-09-22,592836,23,4,1,7.467989868686868,23.0,18,1
2023-09-22,593576,3,1,0,1.437280487804878,3.0,2,1
2023-09-22,594943,3,2,0,0.045,3.0,1,0
2023-09-22,595345,6,1,3,2.9765551538461543,6.0,2,1
2023-09-22,596133,20,3,0,6.178,20.0,17,0
2023-09-22,600921,7,1,1,3.469303,7.0,5,1
2023-09-22,605130,5,0,1,1.876903,5.0,4,0
2023-09-22,605135,26,8,0,6.57356,26.0,18,0
2023-09-22,605177,4,1,0,1.2120000000000002,4.0,3,1
2023-09-22,605347,4,1,0,1.418,4.0,3,0
2023-09-22,605447,5,1,1,1.278403,5.0,3,0
2023-09-22,606160,5,2,0,0.837,5.0,3,0
2023-09-22,607179,5,1,1,2.6995395789473684,5.0,2,1
2023-09-22,607192,23,7,4,5.707612,23.0,12,0
2023-09-22,607732,9,0,0,2.808005,9.0,8,0
2023-09-22,608371,3,0,1,0.914903,3.0,2,0
2023-09-22,608638,4,0,2,1.7618060000000002,4.0,2,0
2023-09-22,608717,4,1,2,2.025806,4.0,1,0
2023-09-22,608718,6,1,1,2.234908,6.0,3,0
2023-09-22,621366,3,0,0,0.12,3.0,3,0
2023-09-22,621381,3,0,0,0.468,3.0,3,0
2023-09-22,622098,3,1,0,1.25,3.0,2,0
2023-09-22,622259,7,1,1,1.896908,7.0,4,0
2023-09-22,622554,5,2,2,1.4418060000000001,5.0,1,0
2023-09-22,625643,3,1,0,0.9149999999999999,3.0,1,0
2023-09-22,628452,5,2,0,2.1550000000000002,5.0,3,0
2023-09-22,640455,23,2,0,5.532329787234042,23.0,21,1
2023-09-22,641154,24,7,1,6.404701701298702,24.0,16,2
2023-09-22,641360,6,1,1,1.72,5.0,4,0
2023-09-22,641540,23,2,2,8.765334809523809,23.0,18,1
2023-09-22,641712,25,2,1,9.124510142857142,25.0,22,1
2023-09-22,642048,4,0,2,1.8888060000000002,4.0,2,0
2023-09-22,642100,4,1,0,0.747,4.0,3,0
2023-09-22,642133,4,1,0,0.424,4.0,3,0
2023-09-22,642232,16,5,1,3.541903,16.0,10,0
2023-09-22,642397,4,1,0,1.4065333333333332,4.0,3,1
2023-09-22,643511,6,1,1,2.751903,6.0,4,0
2023-09-22,646242,12,1,3,4.130637571428571,12.0,8,0
2023-09-22,650960,5,0,3,3.2757140000000002,5.0,1,0
2023-09-22,656546,1,0,0,0.011,1.0,1,0
2023-09-22,656578,6,2,2,2.372811,6.0,1,0
2023-09-22,656730,5,0,3,2.731709,5.0,2,0
2023-09-22,656731,25,6,1,7.209092731934732,25.0,17,2
2023-09-22,657053,25,2,2,7.862006,24.0,21,1
2023-09-22,657571,3,0,1,1.505903,3.0,2,0
2023-09-22,660261,2,0,0,0.9199999999999999,2.0,2,0
2023-09-22,660761,9,3,2,3.2668060000000003,9.0,4,0
2023-09-22,660853,7,1,2,2.330903,6.0,4,0
2023-09-22,661395,7,1,2,2.148806,7.0,4,0
2023-09-22,661403,6,1,0,2.006005,6.0,4,0
2023-09-22,661440,3,0,0,1.0710000000000002,3.0,3,0
2023-09-22,663158,6,1,0,0.894,6.0,5,0
2023-09-22,663362,22,9,2,3.800726,22.0,11,1
2023-09-22,663423,2,0,0,1.086,2.0,2,0
2023-09-22,663462,5,2,0,0.495,5.0,3,0
2023-09-22,663562,22,4,3,8.678236222222223,22.0,14,2
2023-09-22,663704,6,2,0,0.528,6.0,4,0
2023-09-22,663773,20,1,0,10.198690830721002,20.0,18,3
2023-09-22,663804,5,0,1,2.986555173913044,5.0,4,1
2023-09-22,663855,5,3,0,0.124,4.0,1,0
2023-09-22,663947,3,2,0,1.6922058823529416,3.0,1,1
2023-09-22,664139,6,1,1,1.928903,6.0,4,0
2023-09-22,664208,2,0,1,0.759903,2.0,1,0
2023-09-22,664285,27,10,3,8.406566723704866,26.0,12,2
2023-09-22,665152,21,3,2,7.742806,21.0,16,0
2023-09-22,666142,25,5,4,10.082268645401383,25.0,16,4
2023-09-22,666204,4,1,1,1.4239030000000001,4.0,2,0
2023-09-22,666277,9,0,2,4.99526252173913,9.0,7,1
2023-09-22,666745,13,3,0,4.476141296296297,13.0,9,2
2023-09-22,666808,4,2,0,0.199,4.0,2,0
2023-09-22,666974,4,0,1,1.498192307692308,3.0,3,1
2023-09-22,668674,4,1,0,0.859,4.0,3,0
2023-09-22,668970,5,0,0,3.0608333333333335,5.0,5,1
2023-09-22,669060,5,0,0,3.2672,5.0,5,2
2023-09-22,669084,4,0,0,1.159,4.0,4,0
2023-09-22,669203,18,6,2,4.661014333333333,18.0,10,0
2023-09-22,669330,6,1,0,0.257,6.0,5,0
2023-09-22,669387,3,1,1,0.935903,3.0,1,0
2023-09-22,669456,22,5,1,6.926555882205514,22.0,16,1
2023-09-22,669461,4,1,0,2.3623072527472524,4.0,3,1
2023-09-22,669713,4,0,1,2.001903,4.0,3,0
2023-09-22,669721,21,6,5,7.403621060606061,21.0,10,2
2023-09-22,669796,3,1,0,0.753,3.0,2,0
2023-09-22,670241,16,1,3,4.934375666666667,16.0,12,0
2023-09-22,670280,5,1,2,1.609806,5.0,2,0
2023-09-22,670990,1,0,0,0.7478400000000002,1.0,1,1
2023-09-22,671096,18,7,2,3.755806,18.0,9,0
2023-09-22,675916,4,1,1,0.8449030000000001,4.0,2,0
2023-09-22,676092,5,1,1,1.232903,5.0,3,0
2023-09-22,676395,4,1,0,1.091,4.0,3,0
2023-09-22,676477,10,2,1,3.4398363333333335,10.0,7,0
2023-09-22,676680,2,1,0,0.143,2.0,1,0
2023-09-22,676684,4,1,0,2.6092,4.0,3,1
2023-09-22,676702,4,0,0,1.1519428571428574,4.0,4,1
2023-09-22,676979,5,1,1,2.530146243243243,5.0,3,1
2023-09-22,677944,10,2,0,3.3472000000000004,10.0,8,1
2023-09-22,680767,3,2,0,0.128,3.0,1,0
2023-09-22,682243,20,2,1,8.430717832535885,20.0,17,3
2023-09-22,682847,18,5,2,4.516806,18.0,11,0
2023-09-22,686610,22,7,0,4.456354782608695,22.0,15,2
2023-09-22,686747,6,2,0,1.1789999999999998,6.0,4,0
2023-09-22,686973,3,1,0,0.094,3.0,2,0
2023-09-22,687330,7,1,0,1.8720050000000001,7.0,5,0
2023-09-22,687830,21,4,3,6.096097888888889,21.0,14,0
2023-09-22,694297,22,8,0,7.583466762314681,22.0,14,4
2023-09-22,694813,18,5,2,5.290136487804878,18.0,11,1
2023-09-23,477132,19,5,2,5.488764333333334,19.0,12,1
2023-09-23,500779,28,10,0,9.266262166405024,28.0,18,2
2023-09-23,518585,3,0,1,2.9635965483870965,3.0,2,1
2023-09-23,519043,5,0,0,0.607,5.0,5,0
2023-09-23,523260,3,2,0,0.352,3.0,1,0
2023-09-23,542888,5,0,0,2.423,5.0,5,0
2023-09-23,543243,23,8,0,5.76053021978022,23.0,15,2
2023-09-23,543475,19,3,2,3.998472666666667,19.0,14,0
2023-09-23,543507,7,3,1,1.614903,7.0,3,0
2023-09-23,543766,5,2,0,1.508,5.0,3,0
2023-09-23,547184,6,4,0,0.22999999999999998,6.0,2,0
2023-09-23,547943,24,2,3,9.320254,24.0,18,3
2023-09-23,547973,3,0,1,1.9079030000000001,3.0,2,0
2023-09-23,548389,22,4,3,10.126491040104622,22.0,15,2
2023-09-23,552640,3,1,0,0.9730000000000001,3.0,2,0
2023-09-23,554340,3,2,0,0.835,3.0,1,0
2023-09-23,554430,30,6,1,7.072908,30.0,22,0
2023-09-23,571670,1,0,0,0.154,1.0,1,0
2023-09-23,571863,6,2,1,4.211781341013825,6.0,3,2
2023-09-23,571882,1,0,0,0.0,0.0,0,0
2023-09-23,571948,5,1,1,1.513903,5.0,3,0
2023-09-23,572403,3,1,1,0.761903,3.0,1,0
2023-09-23,573124,6,3,1,1.380903,6.0,2,0
2023-09-23,573186,15,2,1,5.142362770114942,15.0,12,1
2023-09-23,596001,5,1,0,0.784,5.0,4,0
2023-09-23,596271,7,1,2,0.402,5.0,4,0
2023-09-23,600917,5,2,0,1.096,5.0,3,0
2023-09-23,601713,24,7,1,6.93504675,24.0,16,2
2023-09-23,605130,8,2,1,1.353,7.0,5,0
2023-09-23,605154,6,1,1,3.5209565714285715,6.0,4,1
2023-09-23,605177,1,0,0,0.4061666666666666,1.0,1,0
2023-09-23,605447,6,1,0,2.92,6.0,5,0
2023-09-23,605540,23,6,2,7.674806,23.0,15,1
2023-09-23,606160,3,2,0,0.005,3.0,1,0
2023-09-23,606303,5,1,2,1.8688060000000002,5.0,2,0
2023-09-23,606930,4,0,1,1.9586363333333332,4.0,3,1
2023-09-23,606965,4,2,0,1.171,4.0,2,0
2023-09-23,607259,16,3,3,3.786709,16.0,10,0
2023-09-23,607481,5,1,2,1.730806,5.0,2,0
2023-09-23,607644,25,4,1,6.392529212121211,25.0,19,1
2023-09-23,608032,4,2,0,0.742005,4.0,1,0
2023-09-23,608371,4,1,0,1.593,4.0,3,0
2023-09-23,615698,21,4,4,7.502612,21.0,13,0
2023-09-23,621016,4,1,1,1.2689030000000001,4.0,2,0
2023-09-23,621237,3,1,0,0.39299999999999996,3.0,2,0
2023-09-23,621363,3,0,0,0.32599999999999996,3.0,3,0
2023-09-23,622065,6,0,0,3.226,6.0,6,0
2023-09-23,622766,5,1,1,1.9864363333333335,5.0,3,1
2023-09-23,623167,22,1,2,8.700661844155844,22.0,19,3
2023-09-23,623352,3,2,0,0.191,3.0,1,0
2023-09-23,623437,4,1,0,0.337,3.0,2,0
2023-09-23,623474,3,2,0,0.65992,3.0,1,1
2023-09-23,640462,5,1,0,1.6434285714285717,5.0,4,1
2023-09-23,641585,21,5,1,5.953278,21.0,15,0
2023-09-23,641793,27,6,1,7.595127285714286,27.0,18,0
2023-09-23,641941,3,2,0,0.057,3.0,1,0
2023-09-23,642397,5,2,1,1.359903,5.0,2,0
2023-09-23,643338,6,3,0,0.301,6.0,3,0
2023-09-23,650556,3,3,0,0.0,3.0,0,0
2023-09-23,650893,1,1,0,0.0,1.0,0,0
2023-09-23,656234,5,1,0,1.097,5.0,4,0
2023-09-23,656302,27,11,0,6.4415,27.0,15,0
2023-09-23,656353,3,0,0,2.3120000000000003,3.0,3,1
2023-09-23,656756,28,6,2,9.189624744473917,28.0,20,2
2023-09-23,656945,3,2,0,0.531,3.0,1,0
2023-09-23,656986,6,1,0,1.0419473684210527,6.0,5,0
2023-09-23,657240,6,3,2,2.411406,6.0,1,1
2023-09-23,657571,3,1,0,1.1070256410256414,3.0,2,1
2023-09-23,657585,8,1,0,2.704,7.0,6,0
2023-09-23,658648,11,2,2,3.764806,11.0,7,0
2023-09-23,663158,3,0,0,0.588,3.0,3,0
2023-09-23,663559,16,1,1,9.021746131868133,16.0,14,2
2023-09-23,663765,17,1,2,5.642265459459459,17.0,14,1
2023-09-23,664126,4,0,3,2.813714,4.0,0,0
2023-09-23,664139,3,1,0,0.507,3.0,2,0
2023-09-23,664199,6,1,0,1.458005,6.0,4,0
2023-09-23,664294,8,3,0,0.975,8.0,5,0
2023-09-23,664747,7,0,0,3.844005,7.0,6,0
2023-09-23,664854,6,2,3,2.1517090000000003,6.0,1,0
2023-09-23,664875,3,1,0,1.1137045454545453,3.0,2,0
2023-09-23,665871,16,6,0,1.929005,16.0,9,0
2023-09-23,666200,20,4,3,4.543042333333333,20.0,13,0
2023-09-23,666204,5,2,3,2.0877090000000003,5.0,0,0
2023-09-23,666214,19,5,0,3.935282051282051,19.0,14,1
2023-09-23,666374,4,1,0,1.103,4.0,3,0
2023-09-23,666974,2,1,0,0.009,2.0,1,0
2023-09-23,667463,4,0,1,1.585903,4.0,3,0
2023-09-23,667755,3,1,0,1.357005,3.0,1,0
2023-09-23,668674,4,3,1,0.695903,4.0,0,0
2023-09-23,669302,26,2,4,6.262709,25.0,20,0
2023-09-23,669387,5,1,0,1.621,5.0,4,0
2023-09-23,669467,5,0,2,1.861806,5.0,3,0
2023-09-23,669796,2,1,1,0.695903,2.0,0,0
2023-09-23,670046,21,5,2,6.5018476666666665,21.0,14,1
2023-09-23,670174,8,3,0,1.4609999999999999,8.0,5,0
2023-09-23,670950,2,0,0,0.2,2.0,2,0
2023-09-23,671212,24,5,1,5.4639744285714285,24.0,18,0
2023-09-23,671345,6,0,1,3.006183487804878,6.0,5,1
2023-09-23,672335,3,0,0,0.669,3.0,3,0
2023-09-23,672578,4,1,1,0.757903,4.0,2,0
2023-09-23,675540,14,3,1,3.208903,14.0,10,0
2023-09-23,675627,7,3,1,1.390545857142857,7.0,3,0
2023-09-23,676092,5,2,0,2.4875238095238092,5.0,3,1
2023-09-23,676680,2,0,1,1.176903,2.0,1,0
2023-09-23,677053,4,2,0,0.800005,4.0,1,0
2023-09-23,678061,1,0,0,0.332,1.0,1,0
2023-09-23,680739,8,0,1,2.351903,8.0,7,0
2023-09-23,681882,6,0,1,2.633903,6.0,5,0
2023-09-23,682842,3,2,0,0.789,3.0,1,0
2023-09-23,683175,24,9,3,6.063709,24.0,12,0
2023-09-23,683232,3,0,3,2.0877090000000003,3.0,0,0
2023-09-23,690829,3,0,0,0.324,3.0,3,0
2023-09-23,693312,9,2,2,3.344806,9.0,5,0
2023-09-24,445926,2,0,1,1.214903,2.0,1,0
2023-09-24,448179,3,1,0,0.33899999999999997,3.0,2,0
2023-09-24,453268,5,1,2,1.5948060000000002,5.0,2,0
2023-09-24,458681,25,6,3,8.120981727272728,25.0,16,1
2023-09-24,502043,27,4,1,8.055908,26.0,20,0
2023-09-24,502083,1,0,0,0.0,1.0,1,0
2023-09-24,502085,4,2,0,0.428,4.0,2,0
2023-09-24,518489,1,0,0,0.009,1.0,1,0
2023-09-24,519043,3,1,0,0.19899999999999998,3.0,2,0
2023-09-24,519151,5,1,2,1.5508060000000001,5.0,2,0
2023-09-24,527048,8,1,2,2.495806,8.0,5,0
2023-09-24,527054,15,2,2,8.744767538461538,15.0,11,3
2023-09-24,541640,5,2,0,2.3417727272727276,5.0,3,1
2023-09-24,543056,3,1,0,0.6803999999999999,3.0,2,0
2023-09-24,543135,22,6,2,7.9681631428571436,22.0,14,2
2023-09-24,547179,3,1,0,0.238,3.0,2,0
2023-09-24,554340,5,1,0,2.150406779661018,5.0,4,1
2023-09-24,571656,5,1,2,2.346806,5.0,2,0
2023-09-24,571670,5,2,0,1.4180000000000001,5.0,3,0
2023-09-24,571946,4,1,1,0.196,3.0,2,0
2023-09-24,579328,20,7,0,7.628133103448276,19.0,12,2
2023-09-24,592426,5,2,0,0.41900000000000004,5.0,3,0
2023-09-24,593576,3,1,0,0.026000000000000002,3.0,2,0
2023-09-24,593958,27,5,4,9.83461183277592,27.0,18,0
2023-09-24,594580,2,1,0,0.384,2.0,1,0
2023-09-24,594943,4,2,0,0.795,3.0,2,0
2023-09-24,596271,6,0,0,3.548459459459459,6.0,6,1
2023-09-24,600917,4,2,0,1.0219999999999998,4.0,2,0
2023-09-24,605182,24,0,0,9.644046734693877,23.0,22,2
2023-09-24,605498,15,1,1,4.6379030000000006,15.0,13,0
2023-09-24,607074,24,4,1,7.920703,24.0,19,1
2023-09-24,607179,3,1,1,0.697903,3.0,1,0
2023-09-24,608334,18,2,1,7.21285627586207,18.0,14,2
2023-09-24,608371,5,0,0,0.865,5.0,5,0
2023-09-24,608379,27,6,1,7.223951138957816,27.0,20,1
2023-09-24,608665,3,1,1,0.816903,3.0,1,0
2023-09-24,608717,3,0,0,2.09,3.0,3,0
2023-09-24,608718,3,0,0,0.471,3.0,3,0
2023-09-24,621016,3,1,0,0.6839999999999999,3.0,2,0
2023-09-24,621345,5,1,0,0.892,5.0,4,0
2023-09-24,621363,6,1,1,1.4203999999999999,5.0,4,0
2023-09-24,621389,26,5,3,10.421548787234043,26.0,16,2
2023-09-24,622072,4,1,0,0.989,4.0,3,0
2023-09-24,623437,4,1,0,0.688,4.0,3,0
2023-09-24,623465,6,1,1,1.153005,4.0,3,0
2023-09-24,628452,6,0,0,4.912883333333333,6.0,6,1
2023-09-24,640448,4,0,0,1.3545471698113203,4.0,4,1
2023-09-24,640451,3,0,0,0.20600000000000002,3.0,3,0
2023-09-24,641627,3,1,0,0.019,3.0,2,0
2023-09-24,641729,4,1,0,0.9550000000000001,4.0,3,0
2023-09-24,641743,5,2,0,2.132005,5.0,2,0
2023-09-24,642100,3,1,0,1.4393636363636368,3.0,2,1
2023-09-24,642216,23,6,2,9.27687503177371,23.0,14,2
2023-09-24,642545,3,1,0,0.267,3.0,2,0
2023-09-24,642546,5,0,0,1.6572,5.0,5,1
2023-09-24,642547,17,4,0,8.04863888888889,17.0,13,1
2023-09-24,643511,4,1,1,1.450903,4.0,2,0
2023-09-24,650911,24,10,1,6.066228757575757,24.0,13,1
2023-09-24,656266,8,1,0,2.875,7.0,6,0
2023-09-24,656271,1,1,0,0.0,1.0,0,0
2023-09-24,656353,2,0,0,0.456,2.0,2,0
2023-09-24,656464,6,2,2,1.528806,6.0,2,0
2023-09-24,656529,7,2,1,1.858903,7.0,4,0
2023-09-24,656578,6,4,0,1.226,6.0,2,0
2023-09-24,656638,5,2,0,1.324,5.0,3,0
2023-09-24,656945,3,3,0,0.0,3.0,0,0
2023-09-24,657024,5,2,1,1.0809030000000002,5.0,2,0
2023-09-24,657044,3,1,0,0.178,3.0,2,0
2023-09-24,657140,11,2,0,2.724333333333333,11.0,9,0
2023-09-24,657240,5,1,2,2.420306,5.0,2,0
2023-09-24,657746,24,10,0,5.256264069264069,24.0,14,0
2023-09-24,660813,3,0,0,1.061,2.0,2,0
2023-09-24,660825,8,1,1,3.5303079140049136,8.0,6,2
2023-09-24,660853,3,0,0,1.112,3.0,3,0
2023-09-24,661309,9,2,1,4.332908,9.0,5,0
2023-09-24,662253,4,0,0,0.885005,4.0,3,0
2023-09-24,663474,12,0,6,6.626418,12.0,6,0
2023-09-24,663658,3,0,0,1.237005,3.0,2,0
2023-09-24,663704,4,1,0,1.6704999999999999,4.0,3,0
2023-09-24,663855,4,0,1,1.277903,4.0,3,0
2023-09-24,663941,16,3,0,4.035299999999999,16.0,13,2
2023-09-24,663986,3,1,0,0.982,3.0,2,0
2023-09-24,664139,3,0,0,1.147,3.0,3,0
2023-09-24,664353,10,2,1,2.563903,10.0,7,0
2023-09-24,664744,5,2,2,1.4448060000000003,5.0,1,0
2023-09-24,664747,5,2,2,1.7518060000000002,5.0,1,0
2023-09-24,665795,22,5,2,5.014644333333333,22.0,14,0
2023-09-24,665896,9,0,2,5.131103619047619,9.0,7,3
2023-09-24,666205,4,0,0,2.086,4.0,4,0
2023-09-24,666808,2,0,0,0.805,2.0,2,0
2023-09-24,666818,7,1,2,1.853806,7.0,4,0
2023-09-24,668678,23,8,2,6.145337746031746,23.0,13,1
2023-09-24,668970,3,1,0,0.416,3.0,2,0
2023-09-24,669084,3,1,0,0.47200000000000003,3.0,2,0
2023-09-24,669212,8,2,0,1.793,8.0,6,0
2023-09-24,669684,2,0,0,0.194,2.0,2,0
2023-09-24,669796,4,0,0,1.402,4.0,4,0
2023-09-24,670950,8,2,1,1.7499030000000002,8.0,5,0
2023-09-24,671131,19,4,2,5.657106000000001,19.0,13,1
2023-09-24,671345,3,1,0,1.061,3.0,2,0
2023-09-24,671737,30,4,2,8.898257470588236,30.0,24,2
2023-09-24,672578,4,0,0,1.2115,4.0,4,1
2023-09-24,672851,23,5,4,10.35662180392157,23.0,14,3
2023-09-24,674444,6,0,0,1.931,6.0,6,0
2023-09-24,675911,25,4,1,7.822545857142857,25.0,20,0
2023-09-24,675916,4,1,0,0.9460000000000001,4.0,3,0
2023-09-24,676130,18,5,2,7.767212779661017,18.0,11,1
2023-09-24,676254,3,2,0,0.146,3.0,1,0
2023-09-24,676265,4,1,0,1.072,4.0,3,1
2023-09-24,676395,7,2,0,2.4624545454545452,7.0,5,0
2023-09-24,676664,23,7,2,8.043806,23.0,14,0
2023-09-24,676710,23,7,3,4.824709,23.0,13,0
2023-09-24,677053,5,1,0,0.88,5.0,4,0
2023-09-24,678606,5,1,1,1.698603,5.0,3,0
2023-09-24,679525,23,6,2,8.462225027149321,22.0,13,1
2023-09-24,680704,4,2,1,1.418903,4.0,1,0
2023-09-24,680723,23,4,1,11.249023467836256,23.0,18,3
2023-09-24,681190,13,2,2,3.341806,13.0,9,0
2023-09-24,681806,9,1,1,3.2809030000000003,9.0,7,0
2023-09-24,681892,6,2,1,1.778908,6.0,2,0
2023-09-24,681911,3,1,0,0.505,3.0,2,0
2023-09-24,682227,18,3,1,6.291601974358975,18.0,14,3
2023-09-24,682990,25,4,5,9.14212,25.0,15,1
2023-09-24,686613,16,4,1,7.4199890919540215,16.0,11,4
2023-09-24,686747,5,0,0,1.741,5.0,5,0
2023-09-24,686973,4,2,0,0.171,3.0,2,0
2023-09-24,689147,3,2,0,0.068,3.0,1,0
2023-09-24,693433,17,6,2,8.433690057971015,17.0,9,3
2023-09-24,694037,3,1,0,0.164,3.0,2,0
2023-09-24,696136,23,3,1,7.014383140692641,22.0,19,3
2023-09-24,701643,7,2,1,2.6159030000000003,7.0,4,0
2023-09-25,434378,27,8,1,3.614903,27.0,18,0
2023-09-25,518876,20,5,2,7.965245560439561,20.0,13,1
2023-09-25,571760,4,0,0,1.4649428571428573,4.0,4,1
2023-09-25,592351,22,7,0,4.390354166666667,22.0,15,1
2023-09-25,598286,3,0,0,1.617,3.0,3,0
2023-09-25,605280,3,2,0,0.154,3.0,1,0
2023-09-25,605483,25,7,2,7.181548012987013,25.0,15,1
2023-09-25,608334,3,1,0,1.419945454545454,3.0,2,1
2023-09-25,608678,6,2,1,1.936908,6.0,2,0
2023-09-25,612434,2,0,0,0.628,2.0,2,0
2023-09-25,622491,27,8,1,10.450832061784897,26.0,17,3
2023-09-25,623474,6,0,0,4.731448701298702,6.0,6,2
2023-09-25,641656,9,2,1,3.458908,9.0,5,0
2023-09-25,642048,3,0,1,0.8819030000000001,3.0,2,0
2023-09-25,642545,10,0,1,3.7971530000000002,10.0,9,0
2023-09-25,642546,8,2,0,1.858,8.0,6,0
2023-09-25,650556,3,1,0,0.219,3.0,2,0
2023-09-25,656464,6,1,2,2.8598060000000003,6.0,3,0
2023-09-25,657044,5,1,0,4.451333333333333,5.0,4,2
2023-09-25,657277,34,7,0,10.123197307692308,34.0,26,1
2023-09-25,657376,19,3,3,7.283261169811321,19.0,12,1
2023-09-25,660761,6,0,0,0.9089999999999999,6.0,6,0
2023-09-25,663158,8,0,2,2.6609030000000002,7.0,6,0
2023-09-25,663423,3,0,0,0.643,3.0,3,0
2023-09-25,663776,15,2,5,7.155175,15.0,8,1
2023-09-25,669711,7,3,0,1.029,7.0,4,0
2023-09-25,676680,3,0,0,0.269,3.0,3,0
2023-09-25,685314,4,0,1,1.247903,4.0,3,0
2023-09-26,425844,16,5,1,4.063303,16.0,10,0
2023-09-26,453268,7,2,2,2.799811,7.0,2,0
2023-09-26,502624,20,4,2,5.790734571428572,20.0,14,0
2023-09-26,518585,6,2,0,1.292,6.0,4,0
2023-09-26,518886,4,1,0,1.5563437499999995,4.0,3,1
2023-09-26,519293,4,1,1,1.2709030000000001,4.0,2,0
2023-09-26,523260,3,2,0,0.597,3.0,1,0
2023-09-26,542888,6,3,0,1.5512322727272727,6.0,2,0
2023-09-26,543272,3,1,0,0.43,3.0,2,0
2023-09-26,570632,21,2,3,7.453553155844157,21.0,16,2
2023-09-26,571863,11,2,2,4.270889333333334,11.0,7,0
2023-09-26,571945,28,5,2,6.768853619047619,28.0,21,0
2023-09-26,571948,3,1,0,1.0470000000000002,3.0,2,0
2023-09-26,572403,3,1,0,0.138,3.0,2,0
2023-09-26,572955,4,2,0,0.949,4.0,2,0
2023-09-26,592332,25,5,2,8.683859571428572,25.0,18,2
2023-09-26,592767,6,2,2,2.1458060000000003,6.0,2,0
2023-09-26,592773,4,1,0,1.45854,4.0,3,1
2023-09-26,592779,4,2,0,0.555,3.0,1,0
2023-09-26,594580,8,1,1,1.712,6.0,5,0
2023-09-26,594943,8,2,1,2.024192307692308,7.0,5,1
2023-09-26,605154,5,2,0,1.413621212121211,5.0,3,1
2023-09-26,605177,4,1,1,1.179903,4.0,2,0
2023-09-26,605200,18,3,1,8.001509060606061,18.0,14,1
2023-09-26,605280,4,0,0,1.141,4.0,4,0
2023-09-26,605288,20,5,2,3.9211615555555555,20.0,13,1
2023-09-26,605400,23,8,0,4.786545454545455,23.0,15,1
2023-09-26,605447,5,2,0,1.871363636363637,5.0,3,1
2023-09-26,606160,4,0,1,2.641903,4.0,3,0
2023-09-26,607067,3,2,0,0.726005,3.0,0,0
2023-09-26,607179,3,2,0,0.147,3.0,1,0
2023-09-26,607625,32,7,3,9.384121698412699,32.0,22,1
2023-09-26,608337,19,5,5,9.080511271929824,19.0,9,3
2023-09-26,608371,3,1,0,0.09899999999999999,3.0,2,0
2023-09-26,608717,6,0,0,2.4619999999999997,6.0,6,0
2023-09-26,608718,5,2,0,1.563,5.0,3,0
2023-09-26,621016,3,1,0,1.487176470588235,3.0,2,1
2023-09-26,621107,20,4,0,8.545657797521628,20.0,16,3
2023-09-26,621112,17,3,4,7.3882014736842105,17.0,10,1
2023-09-26,621237,3,2,0,0.189,3.0,1,0
2023-09-26,621363,5,2,0,0.97,5.0,3,0
2023-09-26,621366,3,1,0,0.126,3.0,2,0
2023-09-26,621381,1,0,0,0.588,1.0,1,0
2023-09-26,622072,21,5,3,5.477024789473685,21.0,13,0
2023-09-26,623352,1,1,0,0.0,1.0,0,0
2023-09-26,623437,3,0,0,2.149005,3.0,2,0
2023-09-26,623451,10,0,0,2.779,8.0,9,0
2023-09-26,628452,4,2,0,0.491,4.0,2,0
2023-09-26,641755,5,1,0,1.6874644594594594,5.0,3,1
2023-09-26,641927,16,8,0,1.6720000000000002,16.0,8,0
2023-09-26,643377,4,1,0,1.3940000000000001,4.0,3,0
2023-09-26,650633,23,5,5,5.492015,23.0,13,0
2023-09-26,656234,4,0,0,1.7872083333333333,4.0,4,0
2023-09-26,656546,4,1,1,1.041903,4.0,2,0
2023-09-26,656557,20,2,0,9.309067727272728,20.0,17,2
2023-09-26,656605,22,6,2,7.2896948888888895,22.0,14,2
2023-09-26,656641,9,2,2,3.3122605454545457,9.0,5,0
2023-09-26,656986,4,2,0,0.08,4.0,2,0
2023-09-26,657006,22,6,1,7.320283084151472,22.0,15,2
2023-09-26,657024,3,1,0,0.6724000000000001,3.0,2,0
2023-09-26,657514,3,1,0,0.921,3.0,2,0
2023-09-26,657571,6,0,1,3.7553575454545456,6.0,5,0
2023-09-26,660906,4,0,2,2.100806,4.0,2,0
2023-09-26,661440,3,1,0,0.079,3.0,2,0
2023-09-26,662253,6,0,0,3.397005,6.0,5,1
2023-09-26,663372,16,0,1,4.692903,16.0,15,0
2023-09-26,663546,8,1,1,1.888903,8.0,6,0
2023-09-26,663804,3,0,1,1.7669030000000001,3.0,2,0
2023-09-26,663947,4,2,0,0.078,4.0,2,0
2023-09-26,663978,11,4,1,4.412403,11.0,6,1
2023-09-26,664126,3,3,0,0.0,3.0,0,0
2023-09-26,664199,5,1,0,4.6989664596273295,5.0,4,3
2023-09-26,664208,4,2,0,0.539,4.0,2,0
2023-09-26,664294,5,3,0,0.201,5.0,2,0
2023-09-26,664299,20,6,3,5.579709,20.0,11,0
2023-09-26,664747,4,0,1,1.281903,4.0,3,0
2023-09-26,664854,3,3,0,0.0,3.0,0,0
2023-09-26,664875,5,1,0,1.7610050000000002,5.0,3,0
2023-09-26,665871,5,2,1,1.7790082631578947,5.0,2,0
2023-09-26,665896,5,1,1,0.932903,5.0,3,0
2023-09-26,666374,7,2,0,1.8870714285714287,7.0,5,1
2023-09-26,666745,7,1,1,2.4749030000000003,7.0,5,0
2023-09-26,666974,3,3,0,0.0,3.0,0,0
2023-09-26,668881,18,3,1,7.519700554697555,18.0,14,3
2023-09-26,668970,7,2,1,3.8212029999999997,7.0,4,1
2023-09-26,669060,6,2,1,1.305903,6.0,3,0
2023-09-26,669194,17,4,2,3.375472666666667,17.0,11,0
2023-09-26,669212,5,2,1,0.9539030000000001,5.0,2,0
2023-09-26,669387,4,1,1,1.835903,4.0,2,0
2023-09-26,669459,3,0,0,0.311,3.0,3,0
2023-09-26,669684,3,0,1,1.5929030000000002,2.0,2,0
2023-09-26,669923,23,4,1,4.803315789473684,22.0,18,0
2023-09-26,670167,3,1,0,0.355,3.0,2,0
2023-09-26,670174,6,1,0,0.761,6.0,5,0
2023-09-26,670280,2,1,0,0.286,2.0,1,0
2023-09-26,670990,6,0,0,1.456,6.0,6,0
2023-09-26,671111,10,0,3,5.000862846153846,10.0,7,1
2023-09-26,671345,4,1,1,1.450903,4.0,2,0
2023-09-26,672282,29,7,4,8.353728111111112,29.0,17,1
2023-09-26,674003,19,3,0,6.961285714285714,19.0,16,1
2023-09-26,675540,12,2,2,6.2109824705882355,12.0,8,1
2023-09-26,675627,5,2,0,1.0739999999999998,5.0,3,0
2023-09-26,675916,4,1,0,1.849,4.0,3,0
2023-09-26,676092,4,0,1,0.903903,4.0,3,0
2023-09-26,676254,5,3,1,2.541783,5.0,1,1
2023-09-26,676272,26,9,0,5.8664000000000005,26.0,17,0
2023-09-26,676395,3,0,1,1.0159030000000002,3.0,2,0
2023-09-26,677161,3,0,0,0.371,3.0,3,0
2023-09-26,680686,24,7,2,7.861892956521739,24.0,15,1
2023-09-26,680694,28,4,2,6.9765332727272735,28.0,22,1
2023-09-26,680704,4,3,0,0.8049583333333334,4.0,1,1
2023-09-26,680767,11,3,0,2.533,11.0,8,0
2023-09-26,681857,23,7,2,6.313158941176471,23.0,14,2
2023-09-26,681911,3,0,0,0.273,3.0,3,0
2023-09-26,682010,6,1,1,2.764903,6.0,4,0
2023-09-26,685107,6,0,1,2.198903,6.0,5,1
2023-09-26,686539,4,1,0,2.224,4.0,3,1
2023-09-26,686752,23,9,1,7.238890134502924,23.0,13,3
2023-09-26,686826,1,0,0,0.248,1.0,1,0
2023-09-26,687330,6,1,0,2.043613095238095,6.0,5,2
2023-09-26,688427,5,3,0,1.16,5.0,2,0
2023-09-26,689225,5,2,0,1.881,5.0,3,0
2023-09-26,693821,22,2,4,8.464612,22.0,16,0
2023-09-26,695243,11,3,2,2.200448857142857,11.0,6,0
2023-09-27,445926,4,1,0,0.877,4.0,3,0
2023-09-27,456501,18,4,1,6.920339950146627,18.0,13,2
2023-09-27,489119,20,2,1,6.119056846153846,20.0,17,1
2023-09-27,489446,6,1,1,2.535908,6.0,3,0
2023-09-27,493603,8,2,1,1.6560000000000001,7.0,5,0
2023-09-27,502085,3,3,0,0.0,3.0,0,0
2023-09-27,518489,4,1,0,0.604,4.0,3,0
2023-09-27,518617,4,1,1,0.7169030000000001,4.0,2,0
2023-09-27,519043,5,1,1,1.1493888888888888,4.0,3,0
2023-09-27,519151,6,1,1,1.7709030000000001,6.0,4,0
2023-09-27,543037,29,5,0,7.112628458498023,28.0,23,2
2023-09-27,543056,4,1,0,0.781,4.0,3,0
2023-09-27,543351,5,0,1,1.4419030000000002,5.0,4,0
2023-09-27,543766,3,0,1,1.075903,3.0,2,0
2023-09-27,543859,7,3,0,1.209,7.0,4,0
2023-09-27,547973,3,1,0,0.12,3.0,2,0
2023-09-27,548384,5,1,1,2.113236333333333,5.0,3,1
2023-09-27,552640,4,1,0,1.158,4.0,3,0
2023-09-27,571578,24,2,4,9.022842465116279,24.0,18,2
2023-09-27,571656,3,1,0,0.131,3.0,2,0
2023-09-27,572971,7,2,1,2.206908,7.0,3,0
2023-09-27,573204,4,2,0,1.056,4.0,2,0
2023-09-27,592229,4,2,0,1.612,4.0,2,0
2023-09-27,592767,3,1,0,0.24,3.0,2,0
2023-09-27,592791,23,3,1,5.194777285714286,23.0,19,2
2023-09-27,593576,4,3,1,0.695903,4.0,0,0
2023-09-27,594902,3,2,0,0.056,3.0,1,0
2023-09-27,595345,3,3,0,0.0,3.0,0,0
2023-09-27,596112,3,3,0,0.0,3.0,0,0
2023-09-27,596271,2,1,0,0.481,2.0,1,0
2023-09-27,600917,4,2,1,0.776903,4.0,1,0
2023-09-27,600921,6,2,0,2.1067096774193548,5.0,4,1
2023-09-27,605130,5,1,1,2.3701937142857146,5.0,2,0
2023-09-27,605154,6,0,1,0.587,5.0,5,0
2023-09-27,605177,5,0,1,1.7039030000000002,5.0,4,0
2023-09-27,606303,3,2,0,0.006,3.0,1,0
2023-09-27,606930,3,0,0,0.77505,3.0,3,0
2023-09-27,606965,3,2,0,1.10369387755102,3.0,1,1
2023-09-27,607192,17,9,1,2.428528,16.0,6,0
2023-09-27,608032,6,1,0,4.016519607843137,6.0,5,2
2023-09-27,608638,5,1,0,2.0929090909090915,5.0,4,1
2023-09-27,608665,3,1,0,0.929,3.0,2,0
2023-09-27,608678,4,1,0,1.088,4.0,3,0
2023-09-27,621016,2,0,0,0.388,2.0,2,0
2023-09-27,621244,25,10,3,7.649639333333333,24.0,12,1
2023-09-27,621383,3,0,0,0.647,3.0,3,0
2023-09-27,622065,3,2,0,0.4,3.0,1,0
2023-09-27,622098,6,1,2,1.4478060000000001,6.0,3,0
2023-09-27,622259,3,0,0,2.3292000000000006,3.0,3,1
2023-09-27,622554,5,2,1,1.108903,5.0,2,0
2023-09-27,622766,6,1,0,0.43700000000000006,6.0,5,0
2023-09-27,623149,4,2,0,0.991,4.0,2,0
2023-09-27,623352,4,2,1,0.933903,4.0,1,0
2023-09-27,623437,8,0,1,1.511,7.0,7,0
2023-09-27,624133,24,4,2,9.363806,24.0,18,0
2023-09-27,625643,4,1,1,1.2459030000000002,4.0,2,0
2023-09-27,640455,24,8,0,4.042400000000001,24.0,16,1
2023-09-27,640462,6,2,0,0.40900000000000003,6.0,4,0
2023-09-27,641154,19,6,1,4.7149030000000005,19.0,12,0
2023-09-27,641360,6,2,1,1.976908,6.0,2,0
2023-09-27,641540,25,7,1,4.594850368421053,25.0,17,0
2023-09-27,641627,5,1,0,1.5090000000000001,5.0,4,0
2023-09-27,641743,3,0,0,1.1130256410256414,3.0,3,1
2023-09-27,641941,4,3,0,0.279,4.0,1,0
2023-09-27,642100,4,0,1,0.843,3.0,3,0
2023-09-27,642207,5,1,2,2.285806,5.0,2,0
2023-09-27,642397,3,3,0,0.0,3.0,0,0
2023-09-27,643377,1,1,0,0.0,1.0,0,0
2023-09-27,643410,3,0,0,2.241,3.0,3,1
2023-09-27,643511,3,1,0,0.541,3.0,2,0
2023-09-27,646241,16,2,2,7.007976,16.0,10,1
2023-09-27,650556,8,4,2,2.132806,8.0,2,0
2023-09-27,650893,3,0,0,1.217,3.0,3,0
2023-09-27,650960,7,1,1,1.396903,6.0,4,0
2023-09-27,656288,25,5,2,8.128716693301998,25.0,18,3
2023-09-27,656353,1,0,0,0.002,1.0,1,0
2023-09-27,656382,6,1,2,1.988506,6.0,3,0
2023-09-27,657044,4,2,0,0.3,4.0,2,0
2023-09-27,657097,3,2,0,0.146,3.0,1,0
2023-09-27,657240,4,1,0,1.0270000000000001,4.0,3,0
2023-09-27,660813,3,1,0,0.40800000000000003,3.0,2,0
2023-09-27,661395,3,3,0,0.0,3.0,0,0
2023-09-27,661403,3,0,0,0.6839999999999999,3.0,3,0
2023-09-27,661440,3,0,0,0.517,3.0,3,0
2023-09-27,663158,4,0,1,1.041903,4.0,3,0
2023-09-27,663362,24,2,2,6.844153169811321,24.0,20,2
2023-09-27,663423,5,0,1,1.4603474444444444,5.0,4,0
2023-09-27,663562,22,4,2,9.498076,22.0,14,1
2023-09-27,663658,6,1,1,2.474908,6.0,3,0
2023-09-27,663804,9,1,2,2.9568060000000003,9.0,6,0
2023-09-27,663986,5,1,0,1.7104545454545454,5.0,4,0
2023-09-27,664139,4,1,1,1.537903,4.0,2,0
2023-09-27,664192,26,3,2,9.039515459459459,26.0,21,3
2023-09-27,664285,22,7,5,9.202921779661018,22.0,10,1
2023-09-27,664875,3,1,0,2.309758620689655,3.0,2,1
2023-09-27,665620,7,1,0,1.897217391304348,7.0,6,1
2023-09-27,666129,17,2,2,7.999789835005574,17.0,13,3
2023-09-27,666154,4,1,0,1.7207586206896548,4.0,3,1
2023-09-27,666204,6,0,0,1.619,6.0,6,0
2023-09-27,666205,3,1,0,1.0868076923076926,3.0,2,0
2023-09-27,666374,5,1,0,1.201,5.0,4,0
2023-09-27,666808,4,1,0,0.9810000000000001,4.0,3,0
2023-09-27,666818,1,0,0,0.003,1.0,1,0
2023-09-27,668674,5,0,0,2.0860000000000003,5.0,5,0
2023-09-27,668868,23,5,1,5.544908,23.0,16,0
2023-09-27,669330,3,2,0,0.16,3.0,1,0
2023-09-27,669373,14,8,0,2.6985,14.0,6,0
2023-09-27,669456,22,7,0,5.1049999999999995,22.0,15,0
2023-09-27,669461,6,1,1,2.004,5.0,4,0
2023-09-27,669684,3,2,0,0.15,3.0,1,0
2023-09-27,669724,8,1,0,1.8969999999999998,8.0,7,0
2023-09-27,669796,4,0,1,2.5908348181818184,4.0,3,1
2023-09-27,670167,5,1,1,1.014903,5.0,3,0
2023-09-27,670241,24,5,2,9.24263348447205,24.0,17,3
2023-09-27,670912,25,6,2,9.855137470588234,24.0,15,1
2023-09-27,670950,6,3,1,3.576903,6.0,2,1
2023-09-27,670990,3,1,0,0.20400000000000001,3.0,2,0
2023-09-27,671096,12,1,0,5.06467619047619,12.0,11,2
2023-09-27,672582,9,2,1,2.567903,9.0,6,0
2023-09-27,672715,12,3,2,4.685806,12.0,7,0
2023-09-27,673540,21,8,3,6.195978841269841,20.0,9,2
2023-09-27,674444,10,3,3,2.9287140000000003,10.0,3,0
2023-09-27,676254,4,1,0,0.6720000000000002,4.0,3,0
2023-09-27,676265,3,3,0,0.0,3.0,0,0
2023-09-27,676680,3,0,0,0.41000000000000003,3.0,3,0
2023-09-27,676702,3,3,0,0.0,3.0,0,0
2023-09-27,676979,4,0,1,0.878903,3.0,3,0
2023-09-27,677053,4,2,1,0.698903,4.0,1,0
2023-09-27,678394,27,3,2,7.797992429512516,27.0,22,1
2023-09-27,680570,22,5,0,4.839,22.0,17,0
2023-09-27,680742,9,2,0,3.6957096774193547,9.0,7,1
2023-09-27,680983,2,0,1,1.9486530000000002,2.0,1,1
2023-09-27,681806,3,1,0,0.504,3.0,2,0
2023-09-27,681882,5,3,1,0.798903,5.0,1,0
2023-09-27,681911,4,1,0,1.4180000000000001,4.0,3,0
2023-09-27,682243,18,4,1,6.674896243243243,18.0,13,2
2023-09-27,682842,5,2,1,0.9959030000000001,5.0,2,0
2023-09-27,683155,22,5,1,6.375757056603773,22.0,15,1
2023-09-27,683232,9,1,1,2.576908,9.0,6,0
2023-09-27,685314,4,2,0,0.317,4.0,2,0
2023-09-27,686218,24,10,0,7.149110276210276,23.0,13,3
2023-09-27,689147,5,2,1,1.7079030000000002,5.0,2,0
2023-09-27,690829,4,1,1,1.949903,4.0,2,0
2023-09-27,694037,3,0,0,1.817,3.0,3,0
2023-09-27,694297,23,8,0,4.933,23.0,15,1
2023-09-27,701643,3,0,0,0.482,3.0,3,0
2023-09-28,500743,5,0,1,1.515903,5.0,4,0
2023-09-28,502083,6,0,1,4.106643740740741,6.0,5,1
2023-09-28,518886,3,2,0,0.08,3.0,1,0
2023-09-28,519242,17,2,1,6.311712523809524,17.0,14,1
2023-09-28,527054,13,4,0,2.482192307692308,13.0,9,1
2023-09-28,542585,3,1,0,0.443,3.0,2,0
2023-09-28,543243,16,4,1,4.695903,16.0,11,0
2023-09-28,543507,3,1,0,0.118,3.0,2,0
2023-09-28,543766,3,1,0,0.352,3.0,2,0
2023-09-28,547179,10,2,1,3.8362578387096775,10.0,7,1
2023-09-28,547973,3,0,1,1.759903,3.0,2,0
2023-09-28,554340,1,0,0,0.146,1.0,1,0
2023-09-28,554430,17,5,1,5.845903,17.0,11,0
2023-09-28,571760,4,2,1,0.7059030000000001,4.0,1,0
2023-09-28,571946,7,1,0,0.9885,7.0,6,0
2023-09-28,573009,5,1,0,0.676,5.0,4,0
2023-09-28,573186,11,2,0,5.567177662337663,11.0,9,3
2023-09-28,596133,19,6,1,5.93212919047619,19.0,12,2
2023-09-28,600917,3,1,0,0.8554761904761905,3.0,2,1
2023-09-28,605135,29,12,1,3.588,28.0,16,0
2023-09-28,606930,4,1,0,0.213,4.0,3,0
2023-09-28,607481,5,1,0,0.7789999999999999,5.0,4,0
2023-09-28,608718,3,2,0,0.7336,3.0,1,1
2023-09-28,612434,4,3,0,0.371,4.0,1,0
2023-09-28,621345,5,1,0,1.818,5.0,4,0
2023-09-28,621366,3,0,0,0.6799999999999999,3.0,3,0
2023-09-28,621381,6,1,0,1.8411666666666666,6.0,5,0
2023-09-28,621383,3,1,0,0.956,3.0,2,1
2023-09-28,623167,25,3,2,11.01758070483277,25.0,20,2
2023-09-28,623465,2,1,0,0.301,2.0,1,0
2023-09-28,628317,13,5,2,3.47349987755102,13.0,6,1
2023-09-28,628452,3,1,0,0.099,3.0,2,0
2023-09-28,641712,22,3,3,8.154441432432433,22.0,16,3
2023-09-28,641729,3,2,0,0.0,3.0,1,0
2023-09-28,641835,5,1,0,1.285,5.0,4,0
2023-09-28,642100,5,3,0,0.198,5.0,2,0
2023-09-28,642232,24,2,1,8.93465430952381,24.0,21,3
2023-09-28,642546,3,0,0,0.5601666666666666,3.0,3,0
2023-09-28,656234,6,0,0,1.459,6.0,6,0
2023-09-28,656546,3,0,0,1.053,3.0,3,0
2023-09-28,656638,3,0,0,0.29600000000000004,3.0,3,0
2023-09-28,656756,24,5,2,7.981578727272727,24.0,17,1
2023-09-28,656849,27,8,4,7.134772,27.0,15,1
2023-09-28,657053,18,4,3,5.818709,18.0,11,1
2023-09-28,657140,12,4,1,2.768908,12.0,6,0
2023-09-28,657514,1,1,0,0.0,1.0,0,0
2023-09-28,657571,7,1,0,3.092,7.0,6,0
2023-09-28,657756,5,0,0,2.285,5.0,5,0
2023-09-28,662253,1,0,0,0.179,1.0,1,0
2023-09-28,663462,4,1,1,0.818903,4.0,2,0
2023-09-28,663629,5,1,2,1.399806,5.0,2,0
2023-09-28,664294,4,1,0,0.396,4.0,3,0
2023-09-28,665152,20,8,1,3.461903,20.0,11,0
2023-09-28,665622,24,4,3,7.719010296296297,24.0,16,1
2023-09-28,665871,9,3,1,3.2866807272727274,9.0,4,1
2023-09-28,666142,27,8,4,8.512461056603774,27.0,15,1
2023-09-28,666200,27,10,1,6.873337782608695,26.0,16,1
2023-09-28,666204,4,1,0,0.99,4.0,3,1
2023-09-28,666818,4,2,0,0.165,4.0,2,0
2023-09-28,666974,3,1,0,0.186,3.0,2,0
2023-09-28,668674,6,1,3,2.6433756666666666,6.0,2,0
2023-09-28,669084,5,1,0,0.415,5.0,4,0
2023-09-28,669203,18,4,1,5.475903,18.0,13,0
2023-09-28,669302,21,5,0,5.305039426523297,21.0,16,2
2023-09-28,669330,3,0,0,0.151,3.0,3,0
2023-09-28,669387,4,1,0,1.142,4.0,3,0
2023-09-28,669459,5,1,0,1.88165,5.0,4,1
2023-09-28,669467,6,1,1,1.624903,6.0,4,0
2023-09-28,669711,6,0,0,3.524421052631579,6.0,6,1
2023-09-28,669713,8,3,1,1.526003,8.0,4,0
2023-09-28,670174,6,2,0,1.736005,6.0,3,0
2023-09-28,670280,4,2,1,1.1722363333333332,4.0,1,0
2023-09-28,671345,5,0,0,1.47,5.0,5,0
2023-09-28,672335,1,0,0,0.117,1.0,1,0
2023-09-28,672578,5,0,0,2.7018604651162788,5.0,5,1
2023-09-28,672782,8,4,0,1.819005,8.0,3,0
2023-09-28,676684,3,2,0,0.049,3.0,1,0
2023-09-28,677053,3,1,0,0.456,3.0,2,0
2023-09-28,677161,6,0,2,1.827806,6.0,4,0
2023-09-28,681432,7,2,1,2.9633354324324324,7.0,4,1
2023-09-28,682847,21,4,2,8.094846,21.0,15,2
2023-09-28,685107,6,1,1,2.6037255806451616,6.0,4,1
2023-09-28,686539,5,1,1,0.9579030000000001,5.0,3,0
2023-09-28,686826,10,1,1,2.9880904999999993,10.0,8,1
2023-09-28,686973,5,3,0,0.42900000000000005,5.0,2,0
2023-09-28,687830,22,6,2,6.317857948051948,22.0,14,2
2023-09-28,700363,13,2,1,4.036012523809524,13.0,10,1
2023-09-28,701643,4,1,0,0.978005,4.0,2,0
2023-09-29,445926,8,2,0,3.425,8.0,6,1
2023-09-29,458681,23,4,4,6.393604857142857,23.0,15,1
2023-09-29,472610,3,0,0,1.399,3.0,3,0
2023-09-29,502083,1,1,0,0.0,1.0,0,0
2023-09-29,502085,3,1,0,0.33699999999999997,3.0,2,0
2023-09-29,518489,4,1,1,1.3149030000000002,4.0,2,0
2023-09-29,519151,5,1,0,1.4539117647058826,5.0,4,1
2023-09-29,519293,3,1,0,0.228,3.0,2,0
2023-09-29,523260,4,1,1,1.437903,4.0,2,0
2023-09-29,541640,17,4,0,7.986933004926108,17.0,13,4
2023-09-29,542585,8,3,1,2.2129030000000003,8.0,4,0
2023-09-29,543135,18,5,2,9.127017779661017,18.0,10,3
2023-09-29,543272,4,2,0,2.0251694915254244,4.0,2,1
2023-09-29,543294,21,2,3,5.238709,21.0,16,0
2023-09-29,543351,7,2,0,1.645005,7.0,4,0
2023-09-29,543475,23,4,1,8.449237051036683,22.0,18,2
2023-09-29,543766,4,0,1,2.3883735882352943,4.0,3,1
2023-09-29,554340,3,2,0,0.107,3.0,1,0
2023-09-29,573204,1,0,0,0.029,1.0,1,0
2023-09-29,579328,20,4,2,7.6343021538461535,20.0,14,2
2023-09-29,592767,5,1,1,1.186903,5.0,3,0
2023-09-29,592779,5,1,0,1.572,5.0,4,0
2023-09-29,592866,20,4,2,6.006811,20.0,13,0
2023-09-29,593576,5,0,1,2.165903,5.0,4,0
2023-09-29,595345,6,1,0,1.378,6.0,5,0
2023-09-29,596271,10,2,0,4.890584427875837,10.0,7,2
2023-09-29,598286,3,0,0,1.576005,3.0,2,0
2023-09-29,600921,3,1,0,0.18,3.0,2,0
2023-09-29,601713,23,10,1,5.468167912280702,23.0,12,2
2023-09-29,605130,4,1,0,2.3378815789473686,4.0,3,1
2023-09-29,605347,5,2,1,1.3999030000000001,5.0,2,0
2023-09-29,605498,17,3,1,6.386685051282051,17.0,13,3
2023-09-29,606930,6,1,0,1.1011,6.0,5,1
2023-09-29,607067,16,6,0,2.618,16.0,10,0
2023-09-29,607074,8,0,2,6.520751454545454,8.0,6,2
2023-09-29,607179,7,1,2,1.239903,6.0,4,0
2023-09-29,607259,19,8,2,3.610806,19.0,9,0
2023-09-29,607644,22,4,0,6.769146718146718,22.0,18,2
2023-09-29,607755,5,1,1,1.353903,5.0,3,0
2023-09-29,608638,5,2,1,1.594903,4.0,1,0
2023-09-29,608678,5,0,2,1.631806,5.0,3,0
2023-09-29,615698,24,3,1,9.530528346320347,24.0,19,3
2023-09-29,621016,2,0,0,0.8170000000000001,2.0,2,0
2023-09-29,621199,9,1,0,3.5525599999999997,9.0,8,0
2023-09-29,621363,4,2,0,0.899,4.0,2,1
2023-09-29,621366,4,1,0,1.2967272727272727,4.0,3,1
2023-09-29,621389,24,4,2,10.709094870967743,23.0,16,3
2023-09-29,622250,3,3,0,0.0,3.0,0,0
2023-09-29,622259,4,2,0,0.35500000000000004,4.0,2,0
2023-09-29,623211,3,2,0,0.427,3.0,1,0
2023-09-29,623352,5,0,1,3.487483757575758,5.0,3,1
2023-09-29,623451,6,2,0,0.363,6.0,4,0
2023-09-29,625643,5,1,0,2.4097931034482754,5.0,4,1
2023-09-29,640448,4,1,0,1.286,4.0,3,0
2023-09-29,640451,7,2,0,2.129,7.0,5,0
2023-09-29,640470,4,1,1,1.9672680793650796,3.0,1,1
2023-09-29,641755,5,1,0,2.0545,5.0,4,0
2023-09-29,641793,10,1,2,3.727806,10.0,7,0
2023-09-29,641871,6,0,1,2.6508759729729734,6.0,5,1
2023-09-29,641941,4,1,0,0.766,4.0,3,0
2023-09-29,642048,3,1,0,0.9209999999999999,3.0,2,0
2023-09-29,642216,24,2,2,9.367955209486167,24.0,20,3
2023-09-29,643338,6,2,1,2.824903,6.0,3,0
2023-09-29,643410,3,0,1,2.080903,3.0,2,0
2023-09-29,650644,9,3,2,2.1693774285714285,9.0,4,0
2023-09-29,656271,3,1,0,1.7493650793650797,3.0,2,1
2023-09-29,656302,22,7,2,5.680903,21.0,13,0
2023-09-29,656353,4,1,0,1.374,4.0,3,0
2023-09-29,656464,3,1,0,0.059,3.0,2,0
2023-09-29,656529,4,0,0,1.9574324324324324,4.0,4,1
2023-09-29,656641,7,2,1,1.503903,7.0,4,0
2023-09-29,656945,3,0,0,0.665,3.0,3,0
2023-09-29,657044,3,1,0,0.40499999999999997,3.0,2,0
2023-09-29,657240,5,2,0,1.077,5.0,3,0
2023-09-29,657746,23,6,1,9.111630272727274,23.0,16,3
2023-09-29,660261,6,1,1,1.791903,6.0,4,0
2023-09-29,660813,3,1,0,0.331,3.0,2,0
2023-09-29,660825,5,3,2,1.391806,5.0,0,0
2023-09-29,660853,4,1,0,1.012,4.0,3,0
2023-09-29,660906,3,0,0,0.865,3.0,3,0
2023-09-29,661309,8,0,0,3.058153846153846,8.0,8,1
2023-09-29,661403,4,0,0,2.8262030075187967,4.0,4,1
2023-09-29,663158,6,1,1,3.4299799230769237,6.0,4,1
2023-09-29,663423,5,1,0,0.841,5.0,4,0
2023-09-29,663462,4,2,1,0.7029030000000001,4.0,1,0
2023-09-29,663546,12,4,0,1.602005,12.0,7,0
2023-09-29,663704,4,1,0,1.657,4.0,3,0
2023-09-29,663765,12,0,1,8.6431755220523,12.0,11,3
2023-09-29,663947,8,0,0,3.285,8.0,8,0
2023-09-29,664208,3,1,0,0.98,3.0,2,0
2023-09-29,664353,22,2,3,6.713869000000001,22.0,17,1
2023-09-29,664875,7,3,1,2.053903,7.0,3,0
2023-09-29,665620,5,1,1,1.3669030000000002,5.0,3,0
2023-09-29,665795,19,3,3,6.849640034482759,19.0,13,1
2023-09-29,666214,18,2,3,10.961357295454546,18.0,13,3
2023-09-29,668678,26,7,1,8.631510142857143,26.0,18,1
2023-09-29,668970,8,0,1,5.61835952173913,8.0,7,2
2023-09-29,669060,4,1,0,0.8979999999999999,4.0,3,0
2023-09-29,669387,4,0,1,2.296303,4.0,3,0
2023-09-29,669461,3,1,0,0.41300000000000003,3.0,2,0
2023-09-29,669721,18,2,1,4.293903,17.0,14,0
2023-09-29,670990,6,1,2,2.828811,6.0,2,0
2023-09-29,671111,3,2,0,0.314,3.0,1,0
2023-09-29,671737,5,1,0,1.59,5.0,4,0
2023-09-29,674370,8,2,1,2.908903,8.0,5,0
2023-09-29,675989,4,1,0,0.14100000000000001,3.0,3,0
2023-09-29,676477,7,3,0,0.967,7.0,4,0
2023-09-29,676680,3,0,1,1.007903,3.0,2,0
2023-09-29,676702,7,0,0,1.7425000000000002,7.0,7,1
2023-09-29,676775,22,5,0,8.516467193126022,22.0,16,3
2023-09-29,676961,10,5,2,2.638498744680851,9.0,3,1
2023-09-29,677076,8,2,1,3.076555173913044,8.0,5,2
2023-09-29,678606,4,1,0,1.9820000000000002,4.0,3,0
2023-09-29,680742,5,1,0,1.084,5.0,4,0
2023-09-29,681190,17,6,2,5.796806,17.0,9,0
2023-09-29,681217,16,3,3,6.567556105263158,16.0,9,1
2023-09-29,681882,5,0,1,3.00026807936508,5.0,4,1
2023-09-29,681892,7,3,1,1.695903,7.0,3,0
2023-09-29,682010,2,1,0,0.298,2.0,1,0
2023-09-29,682227,24,2,2,7.230698857142857,24.0,20,1
2023-09-29,685314,2,1,0,0.494,2.0,1,0
2023-09-29,686610,26,3,3,9.966027461538461,26.0,19,1
2023-09-29,686730,10,1,0,2.623,10.0,9,0
2023-09-29,686747,3,1,0,0.106,2.0,1,0
2023-09-29,693312,6,3,0,0.75525,6.0,3,0
2023-09-29,693433,17,5,3,4.844714,17.0,8,0
2023-09-30,434378,20,5,3,5.510120764705882,20.0,12,1
2023-09-30,472610,5,0,0,1.557,4.0,4,0
2023-09-30,477132,23,5,2,6.578183886977886,22.0,15,2
2023-09-30,489446,3,0,0,1.6954761904761906,3.0,3,1
2023-09-30,493603,6,1,1,1.7148315714285716,6.0,4,0
2023-09-30,500779,21,5,0,6.814411779661018,21.0,15,1
2023-09-30,502043,22,4,1,7.483403,21.0,16,1
2023-09-30,502085,3,2,0,0.04,3.0,1,0
2023-09-30,518585,9,0,0,6.848568918918919,9.0,9,4
2023-09-30,518617,3,0,0,0.30200000000000005,3.0,3,0
2023-09-30,518876,26,5,2,8.238778432432433,26.0,19,2
2023-09-30,518886,3,3,0,0.0,3.0,0,0
2023-09-30,519043,5,1,0,1.696005,5.0,3,0
2023-09-30,542888,5,0,2,1.894806,5.0,3,0
2023-09-30,543507,3,1,0,0.074,3.0,2,0
2023-09-30,543766,3,0,0,0.376,3.0,3,0
2023-09-30,547943,16,1,0,7.019760821716801,16.0,15,2
2023-09-30,548384,3,2,0,0.462,3.0,1,0
2023-09-30,552640,3,1,0,0.186,3.0,2,0
2023-09-30,554340,3,0,0,0.24,3.0,3,0
2023-09-30,571656,6,1,1,2.3949030000000002,6.0,4,0
2023-09-30,571760,19,2,1,4.326903,19.0,16,0
2023-09-30,571863,4,2,0,0.46599999999999997,4.0,2,0
2023-09-30,571948,4,1,0,1.4031666666666667,4.0,3,0
2023-09-30,572403,4,1,0,0.78485,4.0,3,0
2023-09-30,572955,3,3,0,0.0,3.0,0,0
2023-09-30,572971,17,4,3,7.074759,17.0,10,1
2023-09-30,573009,3,2,0,0.015,3.0,1,0
2023-09-30,573204,3,1,0,1.17,3.0,2,1
2023-09-30,592791,16,3,1,4.193503,16.0,12,1
2023-09-30,592836,30,3,4,7.879109857142858,30.0,22,2
2023-09-30,593423,7,1,1,2.030903,7.0,5,0
2023-09-30,593576,5,1,1,1.6519030000000001,5.0,3,0
2023-09-30,594580,4,1,1,1.200903,4.0,2,0
2023-09-30,594902,11,0,2,4.020806,11.0,9,0
2023-09-30,595345,2,0,0,0.925,2.0,2,0
2023-09-30,596112,3,1,0,0.281,3.0,2,0
2023-09-30,596271,3,0,0,0.6430500000000001,3.0,3,0
2023-09-30,600917,4,2,0,0.172,4.0,2,0
2023-09-30,600921,4,1,0,0.9650000000000001,4.0,3,0
2023-09-30,605182,14,2,2,6.568806,14.0,10,0
2023-09-30,605280,3,2,0,0.07,3.0,1,0
2023-09-30,605447,4,0,0,1.3119999999999998,4.0,4,0
2023-09-30,606303,3,1,0,0.507,3.0,2,0
2023-09-30,606965,8,1,0,2.63454,8.0,7,1
2023-09-30,607179,3,1,0,2.193,3.0,2,1
2023-09-30,607755,4,2,0,0.858005,4.0,1,0
2023-09-30,608371,4,1,0,0.810005,4.0,2,0
2023-09-30,608379,25,7,1,5.592903,25.0,17,0
2023-09-30,608638,3,0,0,1.022,3.0,3,0
2023-09-30,608665,4,0,1,1.6999030000000002,3.0,3,0
2023-09-30,612434,3,1,0,0.863,3.0,2,0
2023-09-30,621237,3,2,0,0.049,3.0,1,0
2023-09-30,621345,5,1,0,1.063,5.0,4,0
2023-09-30,621383,9,3,1,2.247903,9.0,5,0
2023-09-30,622065,1,0,0,0.058,1.0,1,0
2023-09-30,622098,3,0,0,0.065,3.0,3,0
2023-09-30,622250,6,0,0,1.951,6.0,6,0
2023-09-30,622491,18,4,5,6.276515000000001,18.0,9,0
2023-09-30,622766,8,2,0,2.561,8.0,6,0
2023-09-30,623437,4,2,0,0.783,4.0,2,0
2023-09-30,628452,4,1,0,1.1900384615384616,4.0,3,0
2023-09-30,640462,9,3,0,1.991,9.0,6,0
2023-09-30,641360,4,3,0,0.726005,4.0,0,0
2023-09-30,641656,6,1,0,2.121,6.0,5,0
2023-09-30,641778,24,2,4,12.363084115384616,24.0,18,3
2023-09-30,641941,3,0,0,0.645,3.0,3,0
2023-09-30,642048,2,1,0,0.005,2.0,1,0
2023-09-30,642100,4,3,0,0.104,4.0,1,0
2023-09-30,642207,3,2,0,0.5075714285714286,3.0,1,0
2023-09-30,643377,5,2,1,0.9889030000000001,5.0,2,0
2023-09-30,643511,3,1,0,1.056,3.0,2,0
2023-09-30,650556,4,1,1,1.6649030000000002,4.0,2,0
2023-09-30,650893,2,0,0,1.9693333333333332,2.0,2,1
2023-09-30,650911,3,1,0,0.11599999999999999,3.0,2,0
2023-09-30,656382,11,3,2,6.262595010989012,11.0,6,3
2023-09-30,656427,6,2,0,1.911005,6.0,3,0
2023-09-30,656546,1,1,0,0.0,1.0,0,0
2023-09-30,656638,3,1,1,0.918903,3.0,1,0
2023-09-30,656730,5,2,0,1.7071031746031746,5.0,3,0
2023-09-30,656731,27,7,2,6.271806,27.0,18,0
2023-09-30,656814,3,2,0,0.634,3.0,1,0
2023-09-30,656945,4,3,0,0.229,4.0,1,0
2023-09-30,657024,4,0,1,1.5489030000000001,4.0,3,0
2023-09-30,657097,6,1,0,2.001,6.0,5,0
2023-09-30,657376,19,3,0,5.94,19.0,16,0
2023-09-30,657571,3,2,0,0.386,3.0,1,0
2023-09-30,657585,11,4,0,1.6866716666666666,11.0,6,0
2023-09-30,660825,4,1,0,0.8921999999999999,4.0,3,1
2023-09-30,661395,3,0,1,1.105903,3.0,2,0
2023-09-30,661440,7,1,0,2.918,7.0,6,0
2023-09-30,662253,5,2,1,1.5689030000000002,5.0,2,0
2023-09-30,663432,5,1,1,0.9929030000000001,5.0,3,0
2023-09-30,663474,19,1,3,7.468932333333334,19.0,15,2
2023-09-30,663855,11,2,2,3.3812578387096774,9.0,6,1
2023-09-30,663941,21,3,1,6.624291888888889,21.0,17,1
2023-09-30,663947,4,0,1,2.7376126774193548,4.0,3,1
2023-09-30,663978,11,4,0,1.957,11.0,7,0
2023-09-30,664126,4,0,1,1.8012918888888891,4.0,3,0
2023-09-30,664139,5,0,1,2.534903,5.0,4,0
2023-09-30,664208,4,1,0,1.066005,4.0,2,0
2023-09-30,664294,3,0,0,0.675,3.0,3,0
2023-09-30,664747,3,0,2,2.253806,3.0,1,0
2023-09-30,665871,7,4,0,0.661,7.0,3,0
2023-09-30,666154,23,2,2,8.612711,23.0,18,2
2023-09-30,666204,4,2,0,0.679,4.0,2,0
2023-09-30,666277,11,4,0,2.641,10.0,7,0
2023-09-30,666374,7,1,2,3.064811,7.0,3,0
2023-09-30,666808,4,1,0,0.982,3.0,2,0
2023-09-30,666818,1,0,0,0.614,1.0,1,0
2023-09-30,667463,6,0,1,3.522403,6.0,5,0
2023-09-30,667755,4,2,0,2.1868333333333334,4.0,2,1
2023-09-30,669145,8,2,0,1.736,8.0,6,0
2023-09-30,669212,6,1,0,1.686,6.0,5,0
2023-09-30,669461,2,0,0,0.648,2.0,2,0
2023-09-30,669467,7,0,0,3.6519117647058823,7.0,7,1
2023-09-30,669711,3,2,1,0.695903,3.0,0,0
2023-09-30,669713,8,3,2,2.990556,8.0,3,0
2023-09-30,669724,6,0,0,2.4539999999999997,6.0,6,0
2023-09-30,669796,9,2,1,2.8773548387096777,8.0,6,1
2023-09-30,670046,17,6,0,2.067833333333333,17.0,11,0
2023-09-30,670174,6,2,0,1.3219999999999998,6.0,4,0
2023-09-30,670950,7,2,1,2.2882863333333336,7.0,4,1
2023-09-30,671111,7,4,0,0.954,7.0,3,0
2023-09-30,671212,24,6,2,6.4425014545454555,24.0,16,1
2023-09-30,672582,14,5,0,2.960243243243243,14.0,9,1
2023-09-30,672715,8,0,0,1.5030000000000001,8.0,8,0
2023-09-30,672851,20,5,2,6.254265459459459,20.0,13,1
2023-09-30,674003,6,2,0,2.4665,6.0,4,1
2023-09-30,674444,4,1,0,0.769,4.0,3,0
2023-09-30,674681,23,4,0,12.164469968944099,23.0,16,5
2023-09-30,675540,7,0,1,2.9269030000000003,7.0,6,0
2023-09-30,675627,5,1,0,0.315,5.0,4,0
2023-09-30,675911,25,7,3,7.2865590000000005,25.0,15,0
2023-09-30,675916,6,0,3,4.534528000819001,6.0,3,2
2023-09-30,675989,4,0,0,1.182,3.0,3,0
2023-09-30,676092,5,1,2,3.144806,5.0,2,0
2023-09-30,676254,7,1,1,1.489903,7.0,5,0
2023-09-30,676265,4,0,0,1.7088461538461541,4.0,4,1
2023-09-30,676684,4,0,0,0.664,4.0,4,0
2023-09-30,676710,19,7,0,2.7753035714285716,19.0,12,0
2023-09-30,677053,5,1,1,1.4119030000000001,5.0,3,0
2023-09-30,678061,4,2,0,1.583733333333333,4.0,2,1
2023-09-30,679525,21,6,3,8.682500395045633,20.0,12,1
2023-09-30,680704,2,1,0,0.079,2.0,1,0
2023-09-30,680723,23,7,3,6.873442333333333,22.0,12,1
2023-09-30,680767,7,3,1,1.336903,7.0,3,0
2023-09-30,680983,6,1,1,1.616903,5.0,4,0
2023-09-30,681806,8,2,1,3.1204484545454543,8.0,5,1
2023-09-30,681867,16,3,2,6.90328875862069,16.0,11,1
2023-09-30,682842,6,1,2,2.769806,6.0,3,0
2023-09-30,682990,27,3,1,9.725741333333334,26.0,22,1
2023-09-30,683175,3,0,3,2.0877090000000003,3.0,0,0
2023-09-30,686747,3,1,1,1.4219080000000002,3.0,0,0
2023-09-30,689147,6,2,1,1.704903,6.0,3,0
2023-09-30,689225,10,2,2,2.4248060000000002,10.0,6,0
2023-09-30,690829,4,0,1,2.0929029999999997,4.0,3,0
2023-09-30,696136,12,1,1,7.346133818414322,12.0,10,2
2023-10-01,425844,19,2,2,7.372806,19.0,15,0
2023-10-01,445926,5,0,1,1.4069030000000002,4.0,3,0
2023-10-01,448179,7,3,0,0.6539999999999999,7.0,4,0
2023-10-01,527048,12,4,0,1.554005,12.0,7,0
2023-10-01,543056,6,2,0,1.6112857142857142,6.0,4,0
2023-10-01,543272,3,0,1,1.146903,2.0,2,0
2023-10-01,543766,4,0,1,1.578903,4.0,3,0
2023-10-01,543859,8,0,3,3.4408060000000003,6.0,5,0
2023-10-01,547179,3,1,0,0.218,3.0,2,0
2023-10-01,548389,12,2,0,1.633,12.0,10,0
2023-10-01,552640,4,0,0,1.609,4.0,4,0
2023-10-01,570632,23,3,3,6.872809,23.0,17,0
2023-10-01,571863,3,1,0,0.514,3.0,2,0
2023-10-01,571945,27,10,0,10.40020425055393,27.0,17,5
2023-10-01,572888,8,2,2,2.585806,8.0,4,0
2023-10-01,573124,5,1,0,3.3931694915254242,5.0,4,1
2023-10-01,592767,6,0,3,2.451709,6.0,3,0
2023-10-01,592779,1,1,0,0.0,1.0,0,0
2023-10-01,593958,27,5,1,9.193874428571428,27.0,21,2
2023-10-01,594943,4,1,1,1.5029080000000001,4.0,1,0
2023-10-01,605130,4,1,1,1.130903,4.0,2,0
2023-10-01,605154,3,1,1,1.144903,3.0,1,0
2023-10-01,605177,5,0,0,0.992,5.0,5,0
2023-10-01,605288,20,5,2,5.75615894117647,20.0,13,1
2023-10-01,606160,5,1,0,1.491,5.0,4,0
2023-10-01,608334,18,3,3,4.114709,18.0,12,0
2023-10-01,608337,26,4,4,10.302515846153845,26.0,18,1
2023-10-01,608344,6,1,0,0.987,6.0,5,0
2023-10-01,608648,7,3,0,1.9794642857142857,7.0,4,1
2023-10-01,608718,3,1,0,0.314,3.0,2,0
2023-10-01,612434,4,1,1,0.930903,4.0,2,0
2023-10-01,621381,3,2,0,0.462,3.0,1,0
2023-10-01,622065,3,1,0,0.9345555555555554,3.0,2,1
2023-10-01,622554,1,0,0,0.137,1.0,1,0
2023-10-01,623211,4,3,0,0.426,4.0,1,0
2023-10-01,623352,3,1,0,0.006,3.0,2,0
2023-10-01,623465,3,1,0,0.8540000000000001,3.0,2,0
2023-10-01,623474,5,1,0,2.0721666666666665,5.0,4,0
2023-10-01,624647,3,1,0,0.222,3.0,2,0
2023-10-01,640448,5,1,0,2.9014,5.0,4,1
2023-10-01,640451,5,1,0,1.4298173913043477,5.0,4,1
2023-10-01,641149,26,3,3,10.582630666666667,26.0,19,1
2023-10-01,641427,6,2,0,1.853652173913044,6.0,4,1
2023-10-01,641540,15,4,1,4.137703,15.0,10,1
2023-10-01,641729,4,0,0,1.679,4.0,4,0
2023-10-01,641743,4,1,1,1.6119744285714288,4.0,2,1
2023-10-01,641755,4,1,0,0.574,4.0,3,0
2023-10-01,641835,4,2,0,1.7785178571428573,4.0,2,1
2023-10-01,641927,22,9,0,4.038217391304348,22.0,13,2
2023-10-01,642397,3,2,0,0.141,3.0,1,0
2023-10-01,642546,3,2,0,0.019,3.0,1,0
2023-10-01,643338,3,1,0,0.456,3.0,2,0
2023-10-01,650633,19,1,0,10.411637606837607,19.0,18,3
2023-10-01,650893,5,2,0,0.725,5.0,3,0
2023-10-01,656234,5,2,1,1.5589030000000001,5.0,2,0
2023-10-01,656557,22,6,3,6.151209,22.0,13,0
2023-10-01,656578,14,2,1,3.131903,13.0,10,0
2023-10-01,656638,4,2,0,0.9279999999999999,4.0,2,0
2023-10-01,656669,2,0,0,0.057,1.0,1,0
2023-10-01,656793,20,3,2,6.714510545454545,20.0,15,1
2023-10-01,656986,4,1,0,0.9072272727272727,4.0,3,0
2023-10-01,657024,4,1,0,0.8180000000000001,4.0,3,0
2023-10-01,657514,3,1,0,1.0384210526315787,3.0,2,1
2023-10-01,657756,18,5,1,3.667903,18.0,12,0
2023-10-01,658648,20,7,0,2.836005,20.0,12,0
2023-10-01,660261,4,0,1,0.9849030000000001,4.0,3,0
2023-10-01,660593,13,2,1,4.2839030000000005,12.0,9,0
2023-10-01,660761,15,2,1,5.254680777777778,15.0,12,1
2023-10-01,660853,4,0,1,1.5209030000000001,4.0,3,0
2023-10-01,660896,9,4,2,2.317648105263158,9.0,3,1
2023-10-01,663423,3,1,0,0.18,3.0,2,0
2023-10-01,663462,4,1,0,1.033,4.0,3,0
2023-10-01,663704,7,4,0,0.40700000000000003,7.0,3,0
2023-10-01,663773,8,1,2,3.392806,8.0,5,0
2023-10-01,663986,5,2,1,1.963120391304348,5.0,2,1
2023-10-01,664199,5,0,0,3.7565,5.0,5,2
2023-10-01,664294,3,3,0,0.0,3.0,0,0
2023-10-01,664299,22,4,2,6.073406,22.0,16,0
2023-10-01,664854,5,2,0,1.326,5.0,3,0
2023-10-01,664875,4,2,1,1.651903,4.0,1,0
2023-10-01,665620,5,1,2,1.619806,5.0,2,0
2023-10-01,666205,7,2,1,2.600560142857143,7.0,4,1
2023-10-01,666745,12,6,0,1.955,12.0,6,0
2023-10-01,666818,8,2,0,3.010798423005565,8.0,6,2
2023-10-01,666974,1,1,0,0.0,1.0,0,0
2023-10-01,667463,3,2,0,0.079,3.0,1,0
2023-10-01,668881,26,6,1,8.872830391304348,25.0,17,1
2023-10-01,668970,5,1,1,1.9989080000000001,5.0,2,0
2023-10-01,669084,4,3,0,0.69,4.0,1,0
2023-10-01,669194,3,1,0,0.7395333333333334,3.0,2,1
2023-10-01,669330,4,3,1,0.695903,4.0,0,0
2023-10-01,669459,4,1,1,2.328236333333333,4.0,2,1
2023-10-01,669711,4,1,1,0.7139030000000001,3.0,2,0
2023-10-01,669923,20,7,0,3.89,20.0,13,1
2023-10-01,670167,5,1,1,1.208903,5.0,3,0
2023-10-01,670280,3,2,0,0.07,3.0,1,0
2023-10-01,670950,5,0,0,2.359,5.0,5,0
2023-10-01,670990,5,2,1,1.481903,5.0,2,0
2023-10-01,671131,24,4,2,9.517817811594202,24.0,16,2
2023-10-01,671737,5,0,0,3.1730294117647064,5.0,5,1
2023-10-01,672335,8,1,3,3.367709,8.0,4,0
2023-10-01,672578,4,1,1,1.259903,4.0,2,0
2023-10-01,672860,3,2,0,0.278,3.0,1,0
2023-10-01,674370,7,2,0,1.333,6.0,4,0
2023-10-01,676083,9,3,0,1.78,9.0,6,0
2023-10-01,676130,25,4,2,6.955306,25.0,19,0
2023-10-01,676265,8,2,2,3.001806,8.0,4,0
2023-10-01,676272,14,4,1,1.743903,14.0,9,0
2023-10-01,676664,18,4,2,6.483981787878788,17.0,12,2
2023-10-01,676680,5,1,1,0.231,4.0,3,0
2023-10-01,676684,3,1,0,0.199,3.0,2,0
2023-10-01,676979,3,2,0,0.021,3.0,1,0
2023-10-01,677960,22,5,3,4.922709,22.0,14,0
2023-10-01,678061,5,3,1,1.053903,5.0,1,0
2023-10-01,678606,2,0,0,0.179,2.0,2,0
2023-10-01,679885,8,1,1,2.135903,8.0,6,0
2023-10-01,680694,7,5,1,1.219903,7.0,1,0
2023-10-01,680704,3,1,0,0.17,3.0,2,0
2023-10-01,681432,6,4,1,0.7309030000000001,6.0,1,0
2023-10-01,681892,4,3,0,0.179,4.0,1,0
2023-10-01,682052,27,4,2,9.676377666666667,27.0,20,2
2023-10-01,683232,5,2,2,1.4478060000000001,5.0,1,0
2023-10-01,686539,4,0,0,1.746,4.0,4,0
2023-10-01,686613,4,0,1,1.031903,4.0,3,0
2023-10-01,686752,14,3,1,5.206610194357366,14.0,9,2
2023-10-01,686826,13,3,0,3.6642968749999993,13.0,10,1
2023-10-01,687330,9,3,1,2.7390746666666668,9.0,4,0
2023-10-01,687798,3,1,0,0.44499999999999995,3.0,2,0
2023-10-01,689266,28,1,1,10.34040696825397,28.0,26,2
2023-10-01,690986,20,4,2,5.527821,20.0,11,0
2023-10-01,693312,4,2,0,0.47800000000000004,4.0,2,0
2023-10-01,694037,8,4,0,1.7570000000000001,8.0,4,0
2023-10-01,695243,12,3,2,4.6902675217391305,12.0,6,1
