game_date,pitcher,pa,strikeouts,walks,xwoba_num,xwoba_denom,bbe,barrels
2026-03-25,608331,23,4,1,6.985599,23.0,17,0
2026-03-25,656234,2,1,0,0.067,2.0,1,0
2026-03-25,657277,26,7,1,9.603599,26.0,17,2
2026-03-25,664141,7,2,1,1.971829,7.0,4,0
2026-03-25,666808,4,0,0,0.7810000000000001,4.0,4,0
2026-03-25,668873,3,1,0,0.222,3.0,2,0
2026-03-25,676775,4,2,1,1.455829,4.0,1,1
2026-03-25,687396,5,1,1,2.158829,5.0,3,1
2026-03-26,472610,6,2,0,1.698,6.0,4,0
2026-03-26,519141,3,0,0,0.864,3.0,3,0
2026-03-26,542888,3,2,0,2.0,3.0,1,1
2026-03-26,543135,22,7,0,5.858,22.0,15,1
2026-03-26,547973,3,0,0,0.46599999999999997,3.0,3,0
2026-03-26,571510,17,7,1,8.579829,17.0,9,3
2026-03-26,571948,5,0,0,1.90777,5.0,4,0
2026-03-26,572955,3,0,0,1.648,2.0,3,1
2026-03-26,573124,4,1,0,1.108,4.0,3,0
2026-03-26,592773,6,1,3,2.326487,6.0,2,0
2026-03-26,593974,4,0,0,0.754,4.0,4,0
2026-03-26,594580,3,1,0,0.683,3.0,2,0
2026-03-26,595014,4,1,0,0.6839999999999999,4.0,3,0
2026-03-26,601713,19,4,3,8.165487,19.0,12,1
2026-03-26,605447,4,1,1,1.070829,4.0,2,0
2026-03-26,623437,5,0,0,1.0350000000000001,5.0,5,0
2026-03-26,623454,8,0,2,5.265658,8.0,6,1
2026-03-26,641302,3,0,0,0.323,3.0,3,0
2026-03-26,641401,4,1,0,1.1520000000000001,4.0,3,0
2026-03-26,642100,6,1,0,2.9429999999999996,6.0,5,1
2026-03-26,642397,3,2,0,0.75,3.0,1,0
2026-03-26,642547,21,7,0,5.305,21.0,14,1
2026-03-26,642701,4,1,1,0.827829,4.0,2,0
2026-03-26,643377,3,0,0,2.17,3.0,3,1
2026-03-26,647315,4,0,1,1.469829,4.0,3,0
2026-03-26,650911,21,10,0,3.2319999999999998,21.0,11,2
2026-03-26,656222,5,2,0,1.297,5.0,3,0
2026-03-26,656271,2,0,0,0.89,2.0,2,0
2026-03-26,656457,6,0,1,4.155829,6.0,5,2
2026-03-26,656794,10,1,1,2.343,8.0,8,0
2026-03-26,656876,20,2,0,5.303,20.0,18,1
2026-03-26,656945,3,0,0,0.18000000000000002,3.0,3,0
2026-03-26,657044,3,1,0,0.533,3.0,2,0
2026-03-26,657097,5,2,0,2.3289999999999997,4.0,2,1
2026-03-26,657746,19,7,2,3.838658,19.0,10,1
2026-03-26,661395,3,1,0,0.43,3.0,2,0
2026-03-26,663765,4,3,0,1.432,4.0,1,1
2026-03-26,663855,7,0,4,3.7493160000000003,7.0,3,0
2026-03-26,663947,3,0,1,0.893829,3.0,2,0
2026-03-26,664076,3,0,0,1.7109999999999999,3.0,3,1
2026-03-26,664199,5,0,0,4.60477,5.0,4,2
2026-03-26,664854,4,3,0,0.422,4.0,1,0
2026-03-26,664875,5,0,0,3.765,5.0,5,2
2026-03-26,666661,5,1,1,1.237829,5.0,3,0
2026-03-26,667755,24,7,4,5.541487,23.0,13,0
2026-03-26,668678,19,2,2,9.247658,19.0,15,3
2026-03-26,668933,3,1,1,0.697829,2.0,0,0
2026-03-26,668941,4,0,0,1.579,4.0,4,0
2026-03-26,668964,10,1,0,1.577,10.0,9,0
2026-03-26,668984,6,2,1,2.820599,6.0,2,1
2026-03-26,669084,6,3,2,1.7296580000000001,6.0,1,0
2026-03-26,669302,21,7,0,4.482,21.0,14,2
2026-03-26,669330,4,1,0,0.746,4.0,3,0
2026-03-26,669373,22,6,0,4.683,22.0,16,1
2026-03-26,669432,27,5,4,7.995086000000001,27.0,17,1
2026-03-26,669461,24,2,2,6.814658,24.0,20,1
2026-03-26,670990,9,3,1,1.3058290000000001,9.0,5,0
2026-03-26,671096,24,4,1,5.239829,20.0,15,1
2026-03-26,671922,3,1,0,0.6869999999999999,3.0,2,0
2026-03-26,672335,3,2,0,1.882,3.0,1,1
2026-03-26,672782,9,1,1,2.67,8.0,7,0
2026-03-26,673929,3,0,0,0.792,3.0,3,0
2026-03-26,676440,20,7,2,8.078658,20.0,11,3
2026-03-26,676477,4,2,0,0.6890000000000001,4.0,2,0
2026-03-26,676571,5,0,1,1.544829,5.0,4,0
2026-03-26,676617,5,2,0,0.5589999999999999,5.0,3,0
2026-03-26,676684,3,1,0,0.5660000000000001,3.0,2,0
2026-03-26,676755,7,1,2,3.016658,7.0,4,0
2026-03-26,676760,9,2,0,2.927,9.0,7,1
2026-03-26,676879,3,2,0,0.359,3.0,1,0
2026-03-26,676917,17,5,3,4.504487,17.0,9,1
2026-03-26,676962,13,3,1,3.297829,13.0,9,1
2026-03-26,676979,24,8,2,5.896658,22.0,12,1
2026-03-26,677865,3,0,1,1.658829,3.0,2,0
2026-03-26,678606,4,0,0,1.131,4.0,4,0
2026-03-26,679775,4,0,0,2.739,4.0,4,1
2026-03-26,680742,4,0,0,0.705,4.0,4,0
2026-03-26,681217,1,0,0,0.092,1.0,1,0
2026-03-26,681343,11,2,2,4.013658,11.0,6,0
2026-03-26,681867,4,1,1,2.754829,4.0,2,1
2026-03-26,681870,4,3,0,0.028,4.0,1,0
2026-03-26,681892,4,0,1,1.3778290000000002,4.0,3,0
2026-03-26,681982,3,1,0,0.5820000000000001,3.0,2,0
2026-03-26,682254,8,2,3,3.6064870000000004,8.0,3,1
2026-03-26,683175,5,1,1,2.025829,5.0,3,0
2026-03-26,685005,6,1,2,3.811658,6.0,3,1
2026-03-26,686580,4,2,1,0.794829,4.0,1,0
2026-03-26,686613,22,9,4,4.805316,22.0,9,0
2026-03-26,687911,6,1,0,2.40877,6.0,4,0
2026-03-26,688158,5,1,1,1.8928289999999999,5.0,3,0
2026-03-26,688297,4,0,0,1.053,4.0,4,0
2026-03-26,690925,5,1,2,1.9706580000000002,5.0,2,0
2026-03-26,691945,6,1,1,1.7695990000000001,6.0,3,0
2026-03-26,693855,5,0,0,2.807,5.0,5,0
2026-03-26,694335,4,0,0,1.5630000000000002,4.0,4,0
2026-03-26,694361,3,1,0,0.35400000000000004,3.0,2,0
2026-03-26,694819,20,11,3,5.3644870000000004,20.0,6,1
2026-03-26,694851,8,0,2,3.251428,8.0,5,0
2026-03-26,694973,9,1,2,3.402428,9.0,5,0
2026-03-26,695418,10,1,0,3.979,10.0,9,1
2026-03-26,699134,6,3,0,0.385,6.0,3,0
2026-03-26,699151,8,0,2,3.665658,8.0,6,1
2026-03-26,700712,4,1,1,1.9978290000000003,4.0,2,1
2026-03-26,805123,9,3,0,2.219,9.0,6,1
2026-03-26,808967,21,6,0,5.878,21.0,15,1
2026-03-27,445276,3,3,0,0.0,3.0,0,0
2026-03-27,518585,3,0,1,0.8598290000000001,3.0,2,0
2026-03-27,519242,23,6,3,7.845257,23.0,13,0
2026-03-27,579328,22,3,1,7.940829,22.0,18,1
2026-03-27,592332,19,11,0,3.979,19.0,8,2
2026-03-27,592662,21,4,0,5.956,21.0,17,3
2026-03-27,593974,3,0,0,1.206,3.0,3,0
2026-03-27,595345,5,3,0,0.07500000000000001,5.0,2,0
2026-03-27,605130,6,0,0,1.372,6.0,6,0
2026-03-27,605447,3,2,0,0.434,3.0,1,0
2026-03-27,607536,21,2,2,7.336428,21.0,16,1
2026-03-27,621242,4,2,1,0.7408290000000001,4.0,1,0
2026-03-27,621366,3,0,1,1.207829,3.0,2,0
2026-03-27,622663,20,3,3,6.050487,20.0,14,1
2026-03-27,623474,6,1,0,1.7970000000000002,6.0,5,0
2026-03-27,640448,4,2,1,0.707829,4.0,1,0
2026-03-27,641755,3,1,0,0.157,3.0,2,0
2026-03-27,642528,4,1,0,0.36,4.0,3,0
2026-03-27,643511,4,0,1,1.417829,4.0,3,0
2026-03-27,645261,25,5,2,5.171658,25.0,18,0
2026-03-27,646241,4,2,0,0.151,4.0,2,0
2026-03-27,650633,20,6,4,6.182086,20.0,9,1
2026-03-27,656464,5,0,0,2.024,5.0,5,1
2026-03-27,656546,5,4,0,1.839,5.0,1,1
2026-03-27,656638,3,1,0,0.388,3.0,2,0
2026-03-27,656945,1,1,0,0.0,1.0,0,0
2026-03-27,657044,3,0,0,0.85,3.0,3,0
2026-03-27,657424,3,0,1,1.2978290000000001,3.0,2,0
2026-03-27,657514,1,0,0,0.13,1.0,1,0
2026-03-27,657612,3,2,0,0.064,3.0,1,0
2026-03-27,660825,4,1,1,0.722829,4.0,2,0
2026-03-27,662253,4,2,0,0.936,4.0,2,0
2026-03-27,663158,5,1,0,2.222,5.0,4,0
2026-03-27,663559,14,4,0,2.669,14.0,10,0
2026-03-27,663687,5,0,1,1.151829,5.0,4,0
2026-03-27,664126,4,1,0,0.9079999999999999,4.0,3,0
2026-03-27,664285,25,5,1,6.951829,25.0,19,1
2026-03-27,666142,21,5,4,9.019316,21.0,12,3
2026-03-27,666171,6,2,0,0.649,6.0,4,0
2026-03-27,666374,4,0,0,2.273,4.0,4,0
2026-03-27,666808,3,3,0,0.0,3.0,0,0
2026-03-27,668909,22,7,6,7.092974,22.0,9,2
2026-03-27,669062,3,0,0,0.6869999999999999,3.0,3,0
2026-03-27,669093,6,2,3,2.185487,6.0,1,0
2026-03-27,669194,19,4,3,8.482487,19.0,12,3
2026-03-27,669276,3,0,0,0.663,3.0,3,0
2026-03-27,669622,2,1,0,0.723,2.0,1,0
2026-03-27,669923,22,6,2,5.683428,21.0,12,0
2026-03-27,670059,5,1,1,2.759829,5.0,3,1
2026-03-27,670280,4,0,1,1.278829,4.0,3,0
2026-03-27,670970,7,1,0,1.2839999999999998,6.0,5,0
2026-03-27,675848,7,1,0,1.424,7.0,6,0
2026-03-27,676130,4,2,0,2.6870000000000003,4.0,2,1
2026-03-27,676254,3,1,1,1.2938290000000001,3.0,1,0
2026-03-27,676263,5,1,0,1.238,5.0,4,0
2026-03-27,676508,4,1,1,1.614829,4.0,2,0
2026-03-27,677053,3,2,0,0.54,3.0,1,0
2026-03-27,680802,6,2,1,2.5988290000000003,6.0,3,1
2026-03-27,681217,2,0,0,0.525,2.0,2,0
2026-03-27,681347,26,6,2,8.222658000000001,26.0,18,2
2026-03-27,681911,4,0,0,1.321,4.0,4,0
2026-03-27,682610,5,0,3,2.283487,5.0,2,0
2026-03-27,683618,3,1,0,0.098,3.0,2,0
2026-03-27,686218,16,6,2,5.958658,16.0,8,1
2026-03-27,686973,4,1,1,1.802829,4.0,2,0
2026-03-27,686993,5,0,0,1.296,5.0,5,0
2026-03-27,688158,5,0,1,1.790829,5.0,4,0
2026-03-27,688883,6,2,0,1.803,6.0,4,1
2026-03-27,693645,17,8,0,2.346,17.0,9,0
2026-03-27,696147,5,3,2,1.395658,5.0,0,0
2026-03-28,455119,3,1,0,1.299,3.0,2,0
2026-03-28,472610,6,0,1,2.837829,6.0,5,0
2026-03-28,542888,4,1,1,1.303829,4.0,2,0
2026-03-28,543056,4,1,1,1.623829,4.0,2,0
2026-03-28,543243,21,5,1,6.639829,15.0,9,2
2026-03-28,547179,22,4,0,8.88354,22.0,16,2
2026-03-28,547184,6,1,0,2.987,6.0,5,1
2026-03-28,547973,3,1,0,1.268,3.0,2,1
2026-03-28,548384,3,2,0,0.019,3.0,1,0
2026-03-28,571945,25,4,3,6.262487,24.0,17,1
2026-03-28,572955,3,0,0,0.936,3.0,3,0
2026-03-28,573204,4,1,1,0.7308290000000001,4.0,2,0
2026-03-28,592773,6,2,0,1.9569999999999999,6.0,4,0
2026-03-28,593958,20,5,2,5.443658,20.0,13,0
2026-03-28,594580,4,0,0,0.84677,3.0,2,0
2026-03-28,596001,6,2,0,1.306,6.0,4,0
2026-03-28,596133,4,0,0,0.842,4.0,4,0
2026-03-28,605130,5,1,1,1.5859999999999999,4.0,3,0
2026-03-28,605400,22,7,2,8.711658,22.0,13,3
2026-03-28,605452,3,0,0,0.34900000000000003,3.0,3,0
2026-03-28,605488,22,2,3,6.934487,22.0,17,0
2026-03-28,606303,3,0,1,1.6708290000000001,3.0,2,0
2026-03-28,606996,6,3,0,0.71,6.0,3,0
2026-03-28,607192,23,6,1,5.517829,23.0,16,0
2026-03-28,607455,4,2,1,1.426599,4.0,0,0
2026-03-28,607481,3,0,0,1.3,3.0,3,1
2026-03-28,608032,7,0,2,4.395658,7.0,5,1
2026-03-28,608379,20,7,1,3.612829,20.0,12,0
2026-03-28,608650,7,1,1,2.685829,7.0,5,1
2026-03-28,608718,6,2,1,1.161829,6.0,3,0
2026-03-28,621237,4,2,0,1.517,4.0,2,0
2026-03-28,621242,3,0,0,0.704,3.0,3,0
2026-03-28,621366,4,1,0,1.276,4.0,3,1
2026-03-28,621381,4,1,0,0.5720000000000001,4.0,3,0
2026-03-28,621383,3,0,0,0.905,3.0,3,0
2026-03-28,622554,4,0,0,1.859,4.0,4,1
2026-03-28,623149,1,0,0,0.665,1.0,1,1
2026-03-28,623211,2,1,0,0.117,2.0,1,0
2026-03-28,623437,3,1,0,0.288,3.0,2,0
2026-03-28,625643,22,3,2,7.196658,22.0,17,1
2026-03-28,641302,5,1,0,1.2667700000000002,5.0,3,0
2026-03-28,641329,3,2,0,0.035,3.0,1,0
2026-03-28,641401,4,2,0,2.563,4.0,2,2
2026-03-28,641816,17,5,1,6.445829,17.0,11,3
2026-03-28,641835,8,2,1,1.921829,8.0,5,0
2026-03-28,641941,5,2,0,1.683,5.0,3,1
2026-03-28,642100,1,0,0,0.059,1.0,1,0
2026-03-28,642121,10,2,1,3.615829,9.0,6,2
2026-03-28,642207,5,2,1,1.203829,5.0,2,0
2026-03-28,642397,5,3,1,0.7398290000000001,5.0,1,0
2026-03-28,642528,4,1,0,0.6120000000000001,4.0,3,0
2026-03-28,642701,3,0,1,1.604829,3.0,2,0
2026-03-28,643377,3,0,1,0.919829,2.0,2,0
2026-03-28,643410,5,0,0,2.43977,5.0,4,0
2026-03-28,643511,3,2,0,0.224,3.0,1,0
2026-03-28,650556,6,3,2,2.032658,6.0,1,0
2026-03-28,656222,3,1,0,0.608,3.0,2,0
2026-03-28,656234,5,2,0,0.493,5.0,3,0
2026-03-28,656302,22,12,2,5.721658,22.0,8,0
2026-03-28,656427,21,2,4,10.457316,21.0,15,1
2026-03-28,656605,21,3,0,4.52,21.0,18,1
2026-03-28,656641,14,3,1,3.472829,14.0,10,2
2026-03-28,656849,25,3,2,6.948658,25.0,20,0
2026-03-28,657097,4,0,2,1.9636580000000001,4.0,2,0
2026-03-28,657424,3,1,0,0.255,3.0,2,0
2026-03-28,657514,3,0,0,1.314,3.0,3,1
2026-03-28,657612,4,1,0,0.804,4.0,3,0
2026-03-28,657756,8,3,0,1.7369999999999999,8.0,5,0
2026-03-28,660825,5,1,2,2.198658,5.0,2,0
2026-03-28,661395,5,2,0,1.76,5.0,3,0
2026-03-28,662253,5,1,0,1.916,5.0,4,1
2026-03-28,663485,4,2,1,0.796829,4.0,1,0
2026-03-28,663542,6,2,2,1.966658,6.0,2,0
2026-03-28,663574,5,3,2,1.395658,5.0,0,0
2026-03-28,663687,5,0,1,1.4928290000000002,5.0,4,0
2026-03-28,663893,5,2,1,2.405829,5.0,2,1
2026-03-28,663903,20,5,2,7.7004280000000005,19.0,11,2
2026-03-28,663992,5,1,0,1.468,5.0,4,0
2026-03-28,664126,3,1,0,0.006,3.0,2,0
2026-03-28,664141,1,0,0,0.0,1.0,1,0
2026-03-28,664192,6,0,2,3.1436580000000003,6.0,4,1
2026-03-28,664208,2,1,0,0.089,2.0,1,0
2026-03-28,664299,21,1,4,8.221856,21.0,14,2
2026-03-28,664875,4,2,2,1.395658,4.0,0,0
2026-03-28,665622,3,1,1,0.904,2.0,1,0
2026-03-28,665660,6,2,2,1.674658,6.0,2,0
2026-03-28,666661,4,0,1,2.859829,4.0,3,1
2026-03-28,666974,2,1,0,0.54,2.0,1,0
2026-03-28,667297,4,1,0,0.417,4.0,3,0
2026-03-28,668390,5,2,1,1.154829,5.0,2,0
2026-03-28,668674,4,0,1,1.229829,4.0,3,0
2026-03-28,668933,5,2,1,1.376829,4.0,1,0
2026-03-28,668941,3,1,0,1.252,3.0,2,0
2026-03-28,668984,4,1,0,1.209,4.0,3,1
2026-03-28,669062,4,1,1,1.709829,4.0,2,0
2026-03-28,669084,3,1,1,1.221829,3.0,1,0
2026-03-28,669276,4,2,0,1.051,4.0,2,0
2026-03-28,669371,3,1,0,0.016,3.0,2,0
2026-03-28,669684,4,1,1,1.3738290000000002,4.0,2,0
2026-03-28,669711,6,2,1,4.014829,6.0,3,1
2026-03-28,670036,5,1,0,0.644,5.0,4,0
2026-03-28,670245,10,1,3,2.703487,9.0,5,0
2026-03-28,670280,4,1,1,1.763829,4.0,2,0
2026-03-28,671212,21,4,0,5.73,20.0,16,1
2026-03-28,671737,19,9,3,5.321487,19.0,7,0
2026-03-28,671922,6,2,1,1.531,5.0,3,0
2026-03-28,672282,21,9,0,4.45077,21.0,11,0
2026-03-28,672582,4,0,0,2.287,4.0,4,0
2026-03-28,674370,3,3,0,0.0,3.0,0,0
2026-03-28,676254,3,1,0,0.31,3.0,2,0
2026-03-28,676282,18,5,3,6.568487,18.0,10,1
2026-03-28,676395,4,1,1,1.632829,4.0,2,0
2026-03-28,676428,5,1,0,2.273,5.0,4,0
2026-03-28,676477,3,1,0,0.609,3.0,2,0
2026-03-28,676534,4,1,0,0.9470000000000001,4.0,3,0
2026-03-28,676617,4,0,0,1.581,4.0,4,0
2026-03-28,676684,1,0,0,0.08,1.0,1,0
2026-03-28,676775,3,1,0,0.617,3.0,2,0
2026-03-28,676879,7,4,2,1.5356580000000002,7.0,1,0
2026-03-28,677955,6,1,0,1.173,6.0,5,0
2026-03-28,677961,3,1,0,0.02,2.0,1,0
2026-03-28,678906,9,2,1,2.016829,9.0,6,0
2026-03-28,679358,5,0,1,0.907829,5.0,4,0
2026-03-28,680694,19,4,3,4.6384870000000005,19.0,12,1
2026-03-28,680732,20,5,1,5.732829,20.0,14,1
2026-03-28,680755,1,0,0,0.501,1.0,1,0
2026-03-28,681190,23,8,3,5.785487,23.0,12,1
2026-03-28,681870,4,1,2,1.401658,4.0,1,0
2026-03-28,681892,4,2,0,1.556,4.0,2,0
2026-03-28,681911,3,0,0,0.199,3.0,3,0
2026-03-28,682120,4,0,0,0.883,4.0,4,0
2026-03-28,682274,1,1,0,0.0,1.0,0,0
2026-03-28,682842,3,2,0,0.239,3.0,1,0
2026-03-28,682995,8,0,1,4.466599,8.0,6,1
2026-03-28,683175,5,3,0,0.66,5.0,2,0
2026-03-28,686580,3,1,1,1.621829,3.0,1,0
2026-03-28,686610,9,2,2,4.955658,9.0,5,1
2026-03-28,686973,4,1,1,1.2898290000000001,4.0,2,0
2026-03-28,687396,3,1,0,0.738,3.0,2,0
2026-03-28,687911,4,2,1,0.718829,4.0,1,0
2026-03-28,688642,5,2,1,1.073829,5.0,2,0
2026-03-28,689254,2,0,0,0.385,2.0,2,0
2026-03-28,689296,6,3,0,0.554,6.0,3,0
2026-03-28,690990,22,4,1,6.230829,21.0,16,1
2026-03-28,691587,27,8,1,9.529829,27.0,18,3
2026-03-28,691799,6,1,1,1.723829,6.0,4,0
2026-03-28,693433,23,9,1,4.958829,23.0,13,0
2026-03-28,693686,4,1,1,0.840829,4.0,2,0
2026-03-28,694335,5,0,1,1.762829,5.0,4,0
2026-03-28,694361,4,1,0,0.131,4.0,3,0
2026-03-28,694477,19,4,1,5.486829,19.0,14,2
2026-03-28,695243,4,2,1,0.717829,4.0,1,0
2026-03-28,699151,1,0,0,0.07,1.0,1,0
2026-03-28,700241,21,5,2,7.354658000000001,21.0,14,2
2026-03-28,700712,11,1,2,3.5388290000000002,10.0,8,0
2026-03-28,701542,19,3,2,5.985658,19.0,14,0
2026-03-28,701552,4,0,1,2.387829,4.0,3,1
2026-03-29,455119,1,0,0,0.555,1.0,1,0
2026-03-29,500779,19,2,4,6.721316,18.0,13,2
2026-03-29,519141,8,0,2,2.28677,5.0,5,0
2026-03-29,571927,21,2,1,8.778829,21.0,18,2
2026-03-29,571948,5,0,0,2.101,5.0,5,1
2026-03-29,572955,3,0,0,1.451,3.0,3,0
2026-03-29,595345,3,0,1,0.7548290000000001,3.0,2,0
2026-03-29,596133,5,1,2,1.534658,4.0,2,0
2026-03-29,607455,1,0,0,0.089,1.0,1,0
2026-03-29,607625,24,3,0,10.241,24.0,21,4
2026-03-29,621381,2,0,0,0.553,2.0,2,0
2026-03-29,622554,4,0,1,2.992829,4.0,3,1
2026-03-29,622608,10,3,1,1.7368290000000002,10.0,6,0
2026-03-29,623211,5,0,0,0.599,5.0,5,0
2026-03-29,623474,2,2,0,0.0,2.0,0,0
2026-03-29,640451,4,0,0,0.5830000000000001,4.0,4,0
2026-03-29,640455,7,2,2,2.975658,7.0,3,0
2026-03-29,641329,3,0,0,1.184,3.0,3,0
2026-03-29,641743,21,5,4,7.881316,20.0,11,1
2026-03-29,641745,3,1,0,0.896,3.0,2,0
2026-03-29,641778,20,9,1,3.934829,20.0,10,1
2026-03-29,641927,17,1,1,6.278829,17.0,15,1
2026-03-29,641941,5,0,1,1.04,4.0,4,1
2026-03-29,642701,3,1,0,0.502,3.0,2,0
2026-03-29,647315,6,1,1,1.665599,6.0,3,0
2026-03-29,650556,3,0,2,1.448658,3.0,1,0
2026-03-29,656271,5,0,1,2.880829,4.0,3,1
2026-03-29,656546,4,2,0,0.623,4.0,2,0
2026-03-29,656550,22,4,2,5.059658,22.0,16,1
2026-03-29,656730,4,2,0,0.95,4.0,2,0
2026-03-29,656848,3,2,0,0.003,3.0,1,0
2026-03-29,657649,3,3,0,0.0,3.0,0,0
2026-03-29,663558,8,2,1,2.250829,7.0,4,1
2026-03-29,663574,5,2,2,2.1436580000000003,5.0,1,0
2026-03-29,663623,20,7,1,5.885829,20.0,12,3
2026-03-29,663765,6,1,0,2.83,6.0,5,2
2026-03-29,663855,1,1,0,0.0,1.0,0,0
2026-03-29,663969,8,2,0,1.8377700000000001,8.0,5,0
2026-03-29,663992,6,1,2,3.064658,6.0,3,0
2026-03-29,664076,6,1,2,2.176658,6.0,3,0
2026-03-29,664208,5,1,1,2.057599,5.0,2,0
2026-03-29,664353,4,0,1,1.193829,3.0,2,0
2026-03-29,664854,5,1,0,2.291,5.0,4,0
2026-03-29,664991,4,2,0,1.4929999999999999,4.0,2,1
2026-03-29,666200,25,7,1,6.6288290000000005,25.0,17,2
2026-03-29,666277,3,0,0,0.316,3.0,3,0
2026-03-29,666974,1,1,0,0.0,1.0,0,0
2026-03-29,667297,3,1,0,1.0170000000000001,3.0,2,0
2026-03-29,667463,3,2,0,0.608,3.0,1,0
2026-03-29,668390,2,0,0,0.898,2.0,2,0
2026-03-29,668674,3,1,0,0.529,3.0,2,0
2026-03-29,669022,22,7,3,5.803257,22.0,11,1
2026-03-29,669160,22,3,1,9.450829,22.0,18,0
2026-03-29,669330,6,2,2,2.747658,6.0,2,0
2026-03-29,669358,21,4,0,6.12277,21.0,16,2
2026-03-29,669372,12,2,1,1.896829,12.0,9,0
2026-03-29,669387,20,8,0,4.507000000000001,20.0,12,0
2026-03-29,669438,6,1,0,4.454000000000001,6.0,5,2
2026-03-29,669684,5,1,1,2.100829,5.0,3,0
2026-03-29,669711,4,1,1,2.712829,4.0,2,1
2026-03-29,670059,9,2,1,2.6068290000000003,9.0,6,1
2026-03-29,670167,4,1,0,2.0,4.0,3,1
2026-03-29,670329,1,1,0,0.0,1.0,0,0
2026-03-29,670990,5,2,1,0.963829,5.0,2,0
2026-03-29,672335,4,1,0,1.799,4.0,3,1
2026-03-29,673929,6,2,0,1.012,6.0,4,0
2026-03-29,676106,19,9,1,2.447599,19.0,8,0
2026-03-29,676395,3,1,1,0.980829,3.0,1,0
2026-03-29,676571,3,1,1,1.239829,3.0,1,0
2026-03-29,676755,3,2,0,0.155,3.0,1,0
2026-03-29,676974,23,5,2,8.220658,23.0,16,2
2026-03-29,677865,8,2,1,1.703829,8.0,5,0
2026-03-29,677944,24,5,3,9.917027000000001,24.0,14,2
2026-03-29,679775,5,1,1,2.226829,5.0,3,0
2026-03-29,680755,5,2,0,0.614,5.0,3,0
2026-03-29,680767,6,1,0,3.73377,6.0,4,1
2026-03-29,681217,4,1,0,1.416,4.0,3,1
2026-03-29,681402,4,1,0,0.14200000000000002,4.0,3,0
2026-03-29,681867,10,5,0,2.685,10.0,5,1
2026-03-29,681982,8,3,1,1.795829,8.0,4,0
2026-03-29,682254,5,3,0,1.077,5.0,2,0
2026-03-29,682274,5,1,3,2.703487,5.0,1,1
2026-03-29,682610,10,4,1,4.024829,10.0,5,1
2026-03-29,684007,22,7,2,7.906658,22.0,13,2
2026-03-29,685005,1,1,0,0.0,1.0,0,0
2026-03-29,686799,22,3,5,7.843145000000001,22.0,14,1
2026-03-29,687075,18,3,4,8.992316,18.0,11,2
2026-03-29,687330,4,1,0,1.663,4.0,3,1
2026-03-29,687911,3,2,0,0.209,3.0,1,0
2026-03-29,688297,8,0,1,1.996829,7.0,7,0
2026-03-29,688883,9,1,1,3.1445990000000004,9.0,6,0
2026-03-29,689254,1,1,0,0.0,1.0,0,0
2026-03-29,690155,7,1,1,2.869829,7.0,5,0
2026-03-29,690925,3,0,0,1.085,3.0,3,0
2026-03-29,690953,20,4,4,9.035487,19.0,12,0
2026-03-29,690997,22,8,2,5.946428,22.0,11,1
2026-03-29,691799,5,3,1,0.925829,5.0,1,0
2026-03-29,691945,9,2,4,3.9223160000000004,9.0,3,0
2026-03-29,694037,4,1,0,2.224,4.0,3,1
2026-03-29,695076,20,5,2,4.701658,19.0,12,1
2026-03-29,696147,8,2,2,3.5136580000000004,8.0,4,0
2026-03-29,800311,15,4,1,4.351829,15.0,10,1
2026-03-29,805123,6,2,0,0.101,6.0,4,0
2026-03-29,806960,20,5,2,9.985658,20.0,13,3
2026-03-29,813349,21,6,2,7.084658,21.0,13,2
2026-03-29,837227,15,4,4,5.418316,15.0,7,0
2026-03-30,434378,19,1,2,9.003658,19.0,16,2
2026-03-30,518585,2,2,0,0.0,2.0,0,0
2026-03-30,542888,4,0,0,0.698,4.0,4,0
2026-03-30,547184,4,1,0,1.802,4.0,3,1
2026-03-30,548384,4,0,0,1.383,4.0,4,0
2026-03-30,573124,3,1,0,0.02,3.0,2,0
2026-03-30,592836,29,2,3,10.817487,29.0,24,0
2026-03-30,593974,3,0,0,0.582,3.0,3,0
2026-03-30,596001,3,0,0,0.908,3.0,3,0
2026-03-30,605135,25,3,4,9.060086,25.0,17,0
2026-03-30,605280,23,5,3,8.164487,23.0,15,2
2026-03-30,605452,8,1,1,5.054829,8.0,6,1
2026-03-30,607067,13,4,0,4.457,13.0,9,1
2026-03-30,607259,24,3,0,7.37,24.0,21,1
2026-03-30,607481,4,2,0,1.439,4.0,2,1
2026-03-30,608372,18,4,2,5.908658,18.0,12,1
2026-03-30,608650,7,4,1,1.171829,7.0,2,0
2026-03-30,621111,19,3,2,7.250428,19.0,13,1
2026-03-30,621112,8,0,1,2.337829,8.0,7,0
2026-03-30,621121,24,9,1,7.047829,24.0,14,2
2026-03-30,621237,6,1,2,2.2046580000000002,6.0,3,0
2026-03-30,622491,21,7,2,3.588658,21.0,12,1
2026-03-30,623149,3,1,0,0.469,3.0,2,0
2026-03-30,623168,14,0,1,7.576829,14.0,13,2
2026-03-30,623437,2,1,0,0.082,2.0,1,0
2026-03-30,624133,20,3,1,8.887829,20.0,16,2
2026-03-30,628452,3,0,0,0.39,3.0,3,0
2026-03-30,640448,1,0,0,0.105,1.0,1,0
2026-03-30,641302,3,2,0,0.008,3.0,1,0
2026-03-30,641312,11,1,2,3.0626580000000003,11.0,8,0
2026-03-30,641835,6,2,0,0.185,6.0,4,0
2026-03-30,642100,4,2,0,0.444,4.0,2,0
2026-03-30,642207,3,1,0,0.036,3.0,2,0
2026-03-30,643377,3,1,0,0.736,3.0,2,0
2026-03-30,643410,3,0,0,0.7919999999999999,3.0,3,0
2026-03-30,643511,3,1,0,0.495,3.0,2,0
2026-03-30,646241,9,1,2,3.476658,9.0,6,1
2026-03-30,647336,20,10,1,7.071829,20.0,9,3
2026-03-30,656222,5,1,0,1.789,5.0,4,0
2026-03-30,656234,4,0,0,0.543,4.0,4,0
2026-03-30,656464,3,1,0,0.634,3.0,2,0
2026-03-30,656492,21,5,0,8.04577,21.0,15,3
2026-03-30,656730,5,1,1,1.511829,5.0,3,0
2026-03-30,656794,12,5,1,2.9298290000000002,12.0,6,0
2026-03-30,656848,3,1,0,0.32899999999999996,3.0,2,0
2026-03-30,656945,4,2,0,0.908,4.0,2,0
2026-03-30,657044,3,0,2,1.7816580000000002,3.0,1,0
2026-03-30,657424,3,0,0,0.43899999999999995,3.0,3,0
2026-03-30,660825,2,0,0,0.21000000000000002,2.0,2,0
2026-03-30,663158,4,0,0,1.352,4.0,4,0
2026-03-30,663436,21,6,2,8.445428,21.0,12,1
2026-03-30,663460,22,4,3,7.311487,22.0,15,2
2026-03-30,663738,3,1,0,0.151,3.0,2,0
2026-03-30,663855,5,1,1,1.377829,5.0,3,0
2026-03-30,663893,7,1,1,2.967829,7.0,5,0
2026-03-30,663947,5,1,2,1.4496580000000001,5.0,2,0
2026-03-30,663978,21,6,0,6.6667700000000005,20.0,14,2
2026-03-30,664074,10,3,1,2.427829,10.0,6,0
2026-03-30,664076,5,2,2,1.386829,4.0,1,0
2026-03-30,664192,7,2,1,1.449829,7.0,4,0
2026-03-30,664199,3,1,0,0.978,3.0,2,1
2026-03-30,664238,3,0,0,0.907,2.0,2,0
2026-03-30,664875,3,3,0,0.0,3.0,0,0
2026-03-30,665660,4,1,0,1.9829999999999999,4.0,3,1
2026-03-30,665795,19,5,1,2.994829,19.0,13,0
2026-03-30,666277,8,0,1,1.332,7.0,7,0
2026-03-30,666374,4,1,0,1.407,4.0,3,0
2026-03-30,666661,1,0,0,0.111,1.0,1,0
2026-03-30,666808,1,0,0,0.099,1.0,1,0
2026-03-30,667463,4,0,1,0.815829,4.0,3,0
2026-03-30,668933,4,3,0,0.181,4.0,1,0
2026-03-30,668964,4,3,0,0.008,4.0,1,0
2026-03-30,669199,11,3,1,1.410829,11.0,7,0
2026-03-30,669330,6,1,0,1.438,6.0,5,0
2026-03-30,669371,5,1,1,1.306829,5.0,3,0
2026-03-30,670167,4,0,0,1.292,4.0,4,0
2026-03-30,670329,6,3,0,1.109,6.0,3,0
2026-03-30,670912,19,3,1,8.704599,18.0,13,3
2026-03-30,671922,5,0,0,1.3880000000000001,5.0,5,0
2026-03-30,672582,3,2,0,0.003,3.0,1,0
2026-03-30,676254,5,1,1,2.608829,5.0,3,1
2026-03-30,676428,8,0,0,3.551,8.0,8,1
2026-03-30,676755,4,1,1,1.582829,4.0,2,1
2026-03-30,676760,6,2,0,0.493,6.0,4,0
2026-03-30,676775,3,3,0,0.0,3.0,0,0
2026-03-30,676879,7,3,0,3.348,7.0,4,2
2026-03-30,677952,25,3,4,7.766316,24.0,17,0
2026-03-30,677955,1,0,0,0.144,1.0,1,0
2026-03-30,677960,19,7,2,5.434658,19.0,10,0
2026-03-30,678606,3,0,0,0.919,3.0,3,0
2026-03-30,680573,20,2,1,5.098829,20.0,17,1
2026-03-30,680736,17,2,1,5.018829,17.0,14,0
2026-03-30,680742,7,1,0,1.312,6.0,5,0
2026-03-30,680802,7,3,1,1.104829,7.0,3,0
2026-03-30,681517,24,1,2,10.412658,24.0,21,3
2026-03-30,681870,4,1,0,0.062,4.0,3,0
2026-03-30,681892,7,3,1,2.846829,7.0,3,1
2026-03-30,682052,22,0,5,6.995145,22.0,17,0
2026-03-30,683004,24,8,1,6.061829,24.0,15,2
2026-03-30,683175,5,1,2,1.7436580000000002,5.0,2,0
2026-03-30,683232,3,1,0,0.39,3.0,2,0
2026-03-30,683742,7,0,0,2.126,7.0,7,0
2026-03-30,686973,7,3,0,1.084,7.0,4,0
2026-03-30,686993,3,2,0,0.0,3.0,1,0
2026-03-30,687330,1,0,0,0.547,1.0,1,0
2026-03-30,687396,4,2,0,0.9960000000000001,4.0,2,0
2026-03-30,688158,8,2,1,1.035,7.0,5,0
2026-03-30,690986,20,8,1,4.482829,20.0,11,0
2026-03-30,693686,9,2,1,4.397829,8.0,5,1
2026-03-30,693821,23,5,1,6.305829,23.0,17,0
2026-03-30,693855,3,1,0,1.21777,3.0,1,0
2026-03-30,694335,10,3,2,3.9484280000000003,10.0,4,0
2026-03-30,694738,21,7,2,4.919658,21.0,12,0
2026-03-30,695418,13,3,1,3.334599,13.0,8,0
2026-03-30,695505,19,7,3,3.944487,18.0,8,0
2026-03-30,696270,21,2,4,7.571316,21.0,15,0
2026-03-30,800048,20,5,0,5.616,20.0,15,0
2026-03-30,801403,19,5,2,7.615658,19.0,12,4
2026-03-30,808963,18,4,2,5.126658,17.0,12,1
2026-03-31,445276,2,1,0,1.215,2.0,1,1
2026-03-31,453286,22,4,1,7.712829,22.0,17,2
2026-03-31,455119,6,1,0,3.02777,6.0,4,0
2026-03-31,519141,5,2,0,0.5870000000000001,5.0,3,0
2026-03-31,527048,14,3,0,3.167,14.0,11,0
2026-03-31,571948,1,0,0,0.048,1.0,1,0
2026-03-31,572955,5,1,0,3.3360000000000003,5.0,4,1
2026-03-31,592773,4,1,1,2.285829,4.0,2,1
2026-03-31,592791,20,3,4,6.684487,19.0,13,2
2026-03-31,594580,3,1,0,0.008,2.0,1,0
2026-03-31,594798,20,7,0,5.399,20.0,13,2
2026-03-31,596001,4,1,0,1.1660000000000001,4.0,3,0
2026-03-31,605130,3,0,0,0.517,3.0,3,0
2026-03-31,605447,3,1,1,1.207829,3.0,1,0
2026-03-31,605540,19,6,0,5.545,19.0,13,2
2026-03-31,606303,4,2,0,2.11,4.0,2,1
2026-03-31,606996,11,2,1,4.199829,11.0,8,1
2026-03-31,607200,21,4,1,5.482829,21.0,16,0
2026-03-31,608331,25,6,1,5.795599,25.0,17,0
2026-03-31,608566,18,1,1,6.761829,18.0,16,0
2026-03-31,621107,17,7,2,5.218658,17.0,8,2
2026-03-31,621242,6,2,1,1.895599,6.0,2,0
2026-03-31,621383,8,2,0,2.152,8.0,6,0
2026-03-31,623149,3,3,0,0.0,3.0,0,0
2026-03-31,623454,5,2,0,0.982,5.0,3,0
2026-03-31,641745,4,0,1,0.8518290000000001,4.0,3,0
2026-03-31,641793,23,1,2,8.653658,23.0,20,2
2026-03-31,642121,8,0,0,4.069,8.0,8,2
2026-03-31,642397,6,1,1,2.298599,6.0,3,0
2026-03-31,642701,3,0,0,1.072,3.0,3,0
2026-03-31,643410,5,1,0,1.304,5.0,4,0
2026-03-31,650644,20,3,1,6.027829,20.0,16,1
2026-03-31,656271,7,2,1,1.347829,7.0,4,0
2026-03-31,656546,4,1,0,0.935,4.0,3,0
2026-03-31,657277,25,5,4,8.386316,25.0,16,0
2026-03-31,657514,4,1,0,1.241,4.0,3,0
2026-03-31,657612,3,0,0,0.508,3.0,3,0
2026-03-31,657649,4,1,0,1.285,4.0,3,0
2026-03-31,660271,23,6,3,6.660257,23.0,13,1
2026-03-31,660761,18,6,3,4.9044870000000005,18.0,9,1
2026-03-31,661395,4,2,0,0.53,4.0,2,0
2026-03-31,663372,11,4,1,2.551829,11.0,6,0
2026-03-31,663465,11,5,1,2.761829,11.0,5,1
2026-03-31,663542,8,1,1,2.024829,7.0,6,0
2026-03-31,663554,22,9,2,7.590658,22.0,11,2
2026-03-31,663556,19,4,3,5.455487,19.0,12,0
2026-03-31,663558,7,2,0,2.054,7.0,5,1
2026-03-31,663687,5,0,2,1.428658,5.0,3,0
2026-03-31,663992,9,2,1,2.601,8.0,6,1
2026-03-31,664126,3,3,0,0.0,3.0,0,0
2026-03-31,664141,7,1,0,2.156,7.0,6,0
2026-03-31,664208,6,1,2,2.685658,6.0,3,0
2026-03-31,664991,7,2,0,2.622,7.0,5,0
2026-03-31,666974,5,0,0,2.075,5.0,5,0
2026-03-31,667755,21,4,2,5.860658,20.0,15,1
2026-03-31,668390,5,1,1,0.801829,5.0,3,0
2026-03-31,668941,3,1,0,0.198,3.0,2,0
2026-03-31,668984,5,1,0,0.195,5.0,4,0
2026-03-31,669093,4,2,0,1.5419999999999998,4.0,2,1
2026-03-31,669302,24,6,3,5.967487,23.0,14,0
2026-03-31,669467,21,3,3,6.922487,21.0,15,1
2026-03-31,669622,6,1,1,0.962829,6.0,4,0
2026-03-31,670036,8,2,0,2.653,8.0,6,0
2026-03-31,670245,8,2,2,3.620658,8.0,4,0
2026-03-31,670990,2,2,0,0.0,2.0,0,0
2026-03-31,672582,4,0,1,1.002829,4.0,3,0
2026-03-31,672782,9,2,2,2.350829,8.0,5,1
2026-03-31,673540,25,9,3,7.078487,25.0,13,1
2026-03-31,675848,8,0,1,3.916829,8.0,7,0
2026-03-31,675989,13,5,1,3.315829,13.0,7,1
2026-03-31,676083,19,5,1,4.884829,19.0,13,0
2026-03-31,676130,4,2,0,1.1099999999999999,4.0,2,0
2026-03-31,676263,4,1,1,0.932829,4.0,2,0
2026-03-31,676395,3,1,0,0.763,3.0,2,0
2026-03-31,676440,18,4,2,6.654658,18.0,12,1
2026-03-31,676534,3,2,0,0.42,3.0,1,0
2026-03-31,676571,3,1,0,0.427,3.0,2,0
2026-03-31,676617,3,0,0,0.321,3.0,3,0
2026-03-31,676684,5,0,2,2.8456580000000002,5.0,3,1
2026-03-31,676962,12,5,1,2.329829,12.0,6,0
2026-03-31,677053,3,2,0,0.055,3.0,1,0
2026-03-31,677955,4,2,1,1.613829,4.0,1,0
2026-03-31,677961,8,3,0,2.128,8.0,5,0
2026-03-31,678394,25,2,3,12.022487,25.0,20,4
2026-03-31,680755,4,0,0,1.985,4.0,4,1
2026-03-31,681217,5,1,1,1.665829,5.0,3,0
2026-03-31,681911,3,1,0,0.348,3.0,2,0
2026-03-31,681982,4,1,0,1.0010000000000001,4.0,3,0
2026-03-31,682227,22,3,2,12.299658,22.0,17,3
2026-03-31,682274,6,0,1,3.491829,6.0,5,1
2026-03-31,682842,5,0,1,1.240829,5.0,4,0
2026-03-31,682995,11,3,1,4.486829,10.0,6,1
2026-03-31,686610,6,0,0,0.876,6.0,6,0
2026-03-31,686613,21,8,2,4.410658,21.0,11,0
2026-03-31,686993,5,2,1,1.022829,5.0,2,0
2026-03-31,687396,4,1,0,0.539,4.0,3,0
2026-03-31,688158,4,1,0,0.801,4.0,3,0
2026-03-31,688642,13,3,1,4.101,12.0,9,0
2026-03-31,689254,3,1,0,0.942,3.0,2,0
2026-03-31,689296,8,2,0,2.49,8.0,6,1
2026-03-31,691725,21,8,1,2.327829,21.0,12,0
2026-03-31,694297,24,3,1,4.810829,24.0,20,1
2026-03-31,694851,7,3,1,1.152829,7.0,3,0
2026-03-31,696149,19,6,6,6.410974,19.0,7,1
2026-03-31,699134,6,1,0,1.329,6.0,5,0
2026-03-31,699151,7,0,1,4.138828999999999,7.0,6,2
2026-03-31,700669,2,0,0,1.234,2.0,2,0
2026-04-01,518585,2,1,0,0.0,2.0,1,0
2026-04-01,519242,19,3,0,3.3160000000000003,19.0,16,1
2026-04-01,542888,4,1,0,1.3639999999999999,4.0,3,0
2026-04-01,543056,4,0,0,1.625,4.0,4,1
2026-04-01,543135,23,5,3,10.803487,23.0,15,3
2026-04-01,544150,12,2,1,4.031829,12.0,9,1
2026-04-01,548384,3,2,0,0.307,3.0,1,0
2026-04-01,571510,20,10,2,3.7126580000000002,20.0,8,0
2026-04-01,573204,3,2,0,0.61,3.0,1,1
2026-04-01,579328,26,5,4,8.942316,26.0,17,1
2026-04-01,592332,21,10,0,3.295,21.0,11,0
2026-04-01,592773,4,1,0,1.448,4.0,2,0
2026-04-01,595014,3,1,0,0.386,3.0,2,0
2026-04-01,596133,3,1,0,1.5030000000000001,3.0,2,1
2026-04-01,601713,18,8,2,2.464658,18.0,8,0
2026-04-01,605288,25,4,1,6.742829,25.0,20,1
2026-04-01,607455,4,1,0,0.327,4.0,3,0
2026-04-01,607536,22,6,1,7.741369,22.0,13,0
2026-04-01,608371,9,1,1,3.351599,9.0,6,1
2026-04-01,608718,9,4,0,2.028,9.0,5,1
2026-04-01,621237,4,0,0,0.901,3.0,3,0
2026-04-01,621366,1,0,0,0.229,1.0,1,0
2026-04-01,622608,7,3,0,1.003,7.0,4,0
2026-04-01,622663,18,7,5,6.6591450000000005,18.0,6,0
2026-04-01,623211,3,1,0,0.81,3.0,2,0
2026-04-01,623474,3,0,0,1.045,3.0,3,1
2026-04-01,628452,4,1,0,1.1400000000000001,4.0,3,0
2026-04-01,640448,5,0,2,1.6046580000000001,5.0,3,0
2026-04-01,640451,6,3,0,0.924,6.0,3,1
2026-04-01,641302,7,0,2,2.808658,6.0,5,0
2026-04-01,641745,6,1,0,2.042,6.0,5,0
2026-04-01,641941,7,2,0,4.15377,7.0,4,1
2026-04-01,642207,4,1,1,0.7498290000000001,4.0,2,0
2026-04-01,642397,3,2,0,0.021,3.0,1,0
2026-04-01,642528,4,0,0,0.6659999999999999,4.0,4,0
2026-04-01,642547,21,7,2,5.042658,21.0,12,0
2026-04-01,643377,5,0,1,2.266829,4.0,4,0
2026-04-01,643511,5,0,0,1.7469999999999999,5.0,5,0
2026-04-01,645261,31,7,0,5.31177,31.0,23,1
2026-04-01,647315,3,1,0,0.124,3.0,2,0
2026-04-01,650556,4,3,0,1.809,4.0,1,1
2026-04-01,650911,24,7,4,6.586316,24.0,13,1
2026-04-01,656546,3,3,0,0.0,3.0,0,0
2026-04-01,656638,6,1,3,3.120257,6.0,1,0
2026-04-01,656641,3,0,0,0.063,3.0,3,0
2026-04-01,656876,20,8,1,6.365829,20.0,11,2
2026-04-01,656945,2,1,0,1.215,2.0,1,1
2026-04-01,657514,3,0,0,0.5720000000000001,3.0,3,0
2026-04-01,657746,20,3,0,7.93677,20.0,16,4
2026-04-01,661395,2,1,0,0.802,2.0,1,0
2026-04-01,663158,3,1,0,0.886,3.0,2,0
2026-04-01,663559,6,0,2,3.219658,6.0,4,0
2026-04-01,663574,3,1,0,0.922,3.0,2,0
2026-04-01,663687,6,2,0,0.569,6.0,4,0
2026-04-01,663738,8,2,3,3.2074870000000004,8.0,3,0
2026-04-01,663893,5,1,1,0.45099999999999996,3.0,3,0
2026-04-01,664199,4,2,0,0.762,4.0,2,0
2026-04-01,664875,3,1,0,0.39199999999999996,3.0,2,0
2026-04-01,665622,7,1,0,1.74,7.0,6,1
2026-04-01,665660,4,0,0,2.0060000000000002,4.0,4,1
2026-04-01,666171,5,1,1,1.3888289999999999,5.0,3,0
2026-04-01,666661,3,1,0,0.552,3.0,2,0
2026-04-01,666808,5,1,1,2.599829,5.0,3,0
2026-04-01,667297,4,1,2,1.7376580000000001,4.0,1,0
2026-04-01,668674,2,0,0,0.393,2.0,2,0
2026-04-01,668678,21,2,0,7.627,21.0,19,2
2026-04-01,668873,5,2,0,1.093,5.0,3,0
2026-04-01,668909,23,10,3,5.151487,23.0,10,0
2026-04-01,668933,4,2,0,0.9289999999999999,4.0,2,0
2026-04-01,668941,4,1,0,0.766,4.0,3,0
2026-04-01,668964,6,1,1,1.085,5.0,4,0
2026-04-01,669084,5,3,0,1.32477,5.0,1,0
2026-04-01,669093,3,2,0,0.206,3.0,1,0
2026-04-01,669276,4,1,0,0.911,4.0,3,0
2026-04-01,669371,5,0,1,3.096829,5.0,4,0
2026-04-01,669373,25,3,0,10.081,25.0,22,2
2026-04-01,669432,24,3,1,5.629829,24.0,20,0
2026-04-01,669438,5,0,0,1.387,5.0,5,0
2026-04-01,669461,22,2,1,7.093829,22.0,19,2
2026-04-01,669684,10,3,1,3.261829,10.0,6,1
2026-04-01,669711,3,1,0,0.6930000000000001,3.0,2,0
2026-04-01,669923,24,6,3,6.765487,24.0,15,1
2026-04-01,670280,7,1,0,3.058,7.0,6,0
2026-04-01,670970,8,1,1,2.382829,8.0,6,0
2026-04-01,671096,24,5,3,9.095487,23.0,15,2
2026-04-01,671922,4,0,0,2.914,4.0,4,2
2026-04-01,672335,5,0,0,4.01,5.0,5,2
2026-04-01,673929,4,1,0,2.67,4.0,3,2
2026-04-01,674444,2,1,0,0.07,2.0,1,0
2026-04-01,676130,8,1,4,4.109316,8.0,3,0
2026-04-01,676477,6,1,2,2.490658,6.0,3,0
2026-04-01,676571,3,0,2,1.4476580000000001,3.0,1,0
2026-04-01,676617,4,2,0,0.9219999999999999,4.0,2,0
2026-04-01,676755,5,0,0,1.587,5.0,5,0
2026-04-01,676879,3,0,1,0.839829,3.0,2,0
2026-04-01,676917,25,3,2,8.446198,25.0,18,0
2026-04-01,676979,23,7,0,8.68154,23.0,14,2
2026-04-01,677865,4,0,1,0.939829,4.0,3,0
2026-04-01,678606,3,2,0,0.019,3.0,1,0
2026-04-01,678906,4,1,0,0.798,4.0,3,0
2026-04-01,680742,4,1,0,1.761,4.0,3,0
2026-04-01,680767,4,0,0,1.014,4.0,4,0
2026-04-01,681343,19,1,2,6.776657999999999,19.0,16,0
2026-04-01,681347,24,6,3,7.171257,24.0,14,1
2026-04-01,681867,8,1,0,2.765,7.0,6,1
2026-04-01,681870,1,1,0,0.0,1.0,0,0
2026-04-01,681982,3,1,0,0.063,3.0,2,0
2026-04-01,682254,4,1,1,2.226829,4.0,2,1
2026-04-01,683175,3,0,2,1.440658,3.0,1,0
2026-04-01,683232,3,2,0,0.875,3.0,1,0
2026-04-01,687849,11,2,3,5.750487,11.0,6,2
2026-04-01,687911,3,2,0,0.242,3.0,1,0
2026-04-01,688297,3,0,2,1.4976580000000002,3.0,1,0
2026-04-01,689254,2,2,0,0.0,2.0,0,0
2026-04-01,689520,9,2,2,4.558428,9.0,4,0
2026-04-01,690925,4,0,0,0.849,4.0,4,0
2026-04-01,691945,9,2,1,3.773829,9.0,6,1
2026-04-01,693645,21,7,0,3.7920000000000003,21.0,14,1
2026-04-01,693855,6,2,0,0.5800000000000001,6.0,4,0
2026-04-01,694037,4,1,0,1.208,4.0,3,0
2026-04-01,694361,7,1,2,2.715658,7.0,4,1
2026-04-01,694819,25,7,2,7.171428000000001,25.0,15,1
2026-04-01,694973,20,5,2,3.601658,20.0,13,0
2026-04-01,695243,5,3,0,0.885,5.0,2,0
2026-04-01,700669,2,0,0,0.388,2.0,2,0
2026-04-01,701552,3,1,0,1.218,3.0,2,1
2026-04-01,702070,20,5,1,5.369829,20.0,14,2
2026-04-01,805123,3,1,0,0.193,3.0,2,0
2026-04-01,808967,22,2,1,8.573599,22.0,18,2
2026-04-02,543510,10,0,0,8.98,10.0,10,4
2026-04-02,573124,1,1,0,0.0,1.0,0,0
2026-04-02,592662,22,7,3,7.457487,22.0,12,2
2026-04-02,605452,11,1,3,4.876487,11.0,7,1
2026-04-02,621381,4,2,0,0.7627700000000001,4.0,1,0
2026-04-02,623437,4,1,1,0.949829,4.0,2,0
2026-04-02,625643,20,3,1,5.077829,19.0,15,1
2026-04-02,640455,17,2,2,6.656658,17.0,13,2
2026-04-02,641755,3,1,0,0.493,3.0,2,0
2026-04-02,656464,5,0,1,2.9458290000000003,5.0,4,1
2026-04-02,656849,24,5,2,8.742658,23.0,16,1
2026-04-02,663485,4,0,0,1.125,4.0,4,0
2026-04-02,666142,21,8,1,4.016829,20.0,11,1
2026-04-02,669194,21,3,3,10.663487,21.0,15,3
2026-04-02,670167,6,1,2,1.425829,5.0,3,0
2026-04-02,671737,24,3,1,7.619829,24.0,20,2
2026-04-02,674370,12,1,1,4.625599,12.0,9,0
2026-04-02,674444,6,1,0,4.522,6.0,5,3
2026-04-02,676254,2,1,0,0.345,2.0,1,0
2026-04-02,681892,3,1,0,0.126,3.0,2,0
2026-04-02,694851,5,2,1,1.611829,5.0,2,0
2026-04-02,694918,9,2,0,2.15,9.0,7,0
2026-04-03,455119,5,0,0,1.8719999999999999,5.0,5,1
2026-04-03,472610,4,1,0,0.965,4.0,3,0
2026-04-03,519141,5,0,1,1.393829,5.0,4,0
2026-04-03,542888,3,1,0,0.244,3.0,2,0
2026-04-03,543243,22,3,0,5.26,22.0,19,1
2026-04-03,547179,23,2,2,11.816658,23.0,19,2
2026-04-03,547184,7,2,3,2.467487,7.0,2,0
2026-04-03,547973,4,1,1,0.795829,4.0,2,0
2026-04-03,548384,2,1,0,0.073,2.0,1,0
2026-04-03,571945,25,4,1,14.382829,25.0,20,6
2026-04-03,571948,6,0,0,3.4450000000000003,6.0,6,1
2026-04-03,593958,26,3,1,5.592829,26.0,22,0
2026-04-03,593974,6,2,0,1.657,6.0,4,0
2026-04-03,594580,4,1,1,1.0638290000000001,4.0,2,0
2026-04-03,595014,4,0,1,2.816829,4.0,3,1
2026-04-03,596001,3,1,0,0.595,3.0,2,0
2026-04-03,605400,25,9,1,6.212829,25.0,15,1
2026-04-03,605447,3,2,0,0.691,3.0,1,0
2026-04-03,605488,21,7,1,5.099829,21.0,13,2
2026-04-03,607067,14,4,1,4.778829,13.0,9,1
2026-04-03,607455,5,0,0,1.03777,5.0,4,0
2026-04-03,608650,6,2,3,2.308487,6.0,1,0
2026-04-03,608718,7,0,1,1.608,6.0,6,0
2026-04-03,622554,5,2,0,0.883,5.0,3,0
2026-04-03,623149,4,1,0,3.974,4.0,3,2
2026-04-03,623211,4,1,0,1.157,4.0,3,0
2026-04-03,623437,4,2,0,0.936,4.0,2,0
2026-04-03,628452,3,0,0,0.584,3.0,3,0
2026-04-03,640448,5,1,1,1.316829,5.0,3,0
2026-04-03,640451,5,0,1,4.071829,5.0,4,2
2026-04-03,641401,3,0,0,1.361,3.0,3,1
2026-04-03,641816,23,4,2,10.393658,23.0,17,2
2026-04-03,641835,3,2,0,0.051,3.0,1,0
2026-04-03,641927,18,4,2,5.859658,18.0,12,1
2026-04-03,641941,3,1,0,0.494,3.0,2,0
2026-04-03,642100,3,1,0,0.295,3.0,2,0
2026-04-03,642232,3,0,0,0.99877,3.0,2,0
2026-04-03,642397,4,3,0,1.019,4.0,1,1
2026-04-03,642701,3,1,0,0.632,3.0,2,0
2026-04-03,643511,5,0,1,0.793,3.0,4,0
2026-04-03,647315,4,3,1,0.697829,4.0,0,0
2026-04-03,650633,24,5,1,8.989829,24.0,17,3
2026-04-03,656234,3,2,0,1.233,3.0,1,1
2026-04-03,656302,22,6,3,5.5694870000000005,21.0,12,0
2026-04-03,656546,4,1,0,0.9109999999999999,3.0,2,0
2026-04-03,656550,21,4,3,6.695487,21.0,14,1
2026-04-03,656605,26,4,4,8.899316,26.0,18,0
2026-04-03,656794,3,0,0,1.554,3.0,3,0
2026-04-03,656848,5,1,1,2.958829,5.0,3,1
2026-04-03,657044,1,0,0,0.017,1.0,1,0
2026-04-03,657097,5,1,1,2.150829,5.0,3,0
2026-04-03,657424,8,2,1,3.512829,8.0,5,1
2026-04-03,657612,1,0,0,0.218,1.0,1,0
2026-04-03,662253,3,3,0,0.0,3.0,0,0
2026-04-03,663158,3,0,0,0.89,3.0,3,0
2026-04-03,663574,3,0,0,0.23900000000000002,3.0,3,0
2026-04-03,663893,3,1,0,0.45099999999999996,3.0,2,0
2026-04-03,663903,22,5,1,8.042829,22.0,16,2
2026-04-03,663947,3,1,0,0.462,3.0,2,0
2026-04-03,663969,10,3,2,2.990658,10.0,5,1
2026-04-03,663992,6,1,1,1.637829,6.0,4,0
2026-04-03,664141,8,2,2,4.9606580000000005,8.0,4,1
2026-04-03,664285,24,5,2,5.297658,24.0,17,0
2026-04-03,664299,21,2,5,8.517145000000001,21.0,14,2
2026-04-03,666277,4,0,0,1.4667700000000001,4.0,3,0
2026-04-03,666374,3,2,0,0.07,3.0,1,0
2026-04-03,666661,3,1,0,0.729,3.0,2,0
2026-04-03,668390,5,1,0,1.7930000000000001,5.0,4,0
2026-04-03,668873,1,1,0,0.0,1.0,0,0
2026-04-03,668933,5,2,0,0.631,5.0,3,0
2026-04-03,669022,24,9,0,6.753,24.0,15,3
2026-04-03,669062,5,1,1,2.125829,5.0,3,0
2026-04-03,669199,6,2,2,2.762658,6.0,2,0
2026-04-03,669276,4,1,0,0.318,4.0,3,0
2026-04-03,669330,6,2,0,0.195,6.0,4,0
2026-04-03,669372,10,1,1,3.765829,10.0,8,0
2026-04-03,669711,3,1,0,0.111,3.0,2,0
2026-04-03,670036,2,0,0,0.067,2.0,2,0
2026-04-03,670329,3,0,0,0.401,3.0,3,0
2026-04-03,670990,4,0,1,2.029829,4.0,3,0
2026-04-03,671212,25,9,3,7.266487,25.0,13,0
2026-04-03,671922,4,3,0,0.357,4.0,1,0
2026-04-03,672282,26,4,4,7.076316,26.0,18,1
2026-04-03,672782,6,1,0,1.664,6.0,5,1
2026-04-03,673929,5,1,1,2.752829,5.0,3,1
2026-04-03,676263,1,1,0,0.0,1.0,0,0
2026-04-03,676282,21,6,2,4.169658,21.0,13,0
2026-04-03,676508,3,1,0,1.3850000000000002,3.0,2,1
2026-04-03,676684,4,2,0,0.998,4.0,2,0
2026-04-03,676760,3,1,0,0.34600000000000003,3.0,2,0
2026-04-03,677865,4,0,0,2.532,4.0,4,1
2026-04-03,678368,20,7,1,6.263829,20.0,12,1
2026-04-03,679358,8,0,1,1.628829,8.0,7,0
2026-04-03,679775,2,1,0,0.234,2.0,1,0
2026-04-03,680694,19,6,3,5.512487,19.0,10,2
2026-04-03,680732,22,7,0,6.34,22.0,15,0
2026-04-03,680755,6,3,0,1.805,6.0,3,0
2026-04-03,680802,11,2,0,4.498,11.0,9,1
2026-04-03,681217,1,1,0,0.0,1.0,0,0
2026-04-03,681402,5,1,1,2.879829,5.0,3,0
2026-04-03,681892,1,0,0,0.266,1.0,1,0
2026-04-03,682254,2,1,0,0.109,2.0,1,0
2026-04-03,682610,10,2,2,4.701658,10.0,6,1
2026-04-03,683618,7,1,1,2.931829,7.0,5,0
2026-04-03,685801,3,1,1,0.718829,3.0,1,0
2026-04-03,686218,27,2,3,10.585487,27.0,22,2
2026-04-03,686580,3,1,0,0.156,3.0,2,0
2026-04-03,686610,9,3,1,3.428599,9.0,4,2
2026-04-03,686973,3,1,0,1.077,3.0,2,0
2026-04-03,687330,7,1,2,3.201428,6.0,2,0
2026-04-03,687396,3,2,0,0.017,3.0,1,0
2026-04-03,688297,3,1,0,0.796,3.0,2,0
2026-04-03,689520,3,1,0,0.33199999999999996,3.0,2,0
2026-04-03,690990,4,0,1,0.834829,4.0,3,0
2026-04-03,690997,19,4,2,3.983658,19.0,13,1
2026-04-03,691587,20,4,6,7.667744,20.0,9,2
2026-04-03,691799,3,1,0,0.09,3.0,2,0
2026-04-03,693433,23,6,1,3.824599,23.0,15,1
2026-04-03,700241,20,4,0,10.054,20.0,16,4
2026-04-03,700669,4,0,2,3.5296580000000004,4.0,2,1
2026-04-03,701542,21,6,0,4.807,21.0,15,2
2026-04-03,701552,9,0,2,3.864658,9.0,7,1
2026-04-04,445276,2,1,1,0.697829,2.0,0,0
2026-04-04,518585,2,1,0,0.01,2.0,1,0
2026-04-04,519141,1,0,0,0.144,1.0,1,0
2026-04-04,543056,2,1,0,0.078,2.0,1,0
2026-04-04,547184,5,0,1,1.119829,5.0,4,0
2026-04-04,547973,5,1,0,2.724,5.0,4,1
2026-04-04,571927,22,8,2,4.010658,22.0,12,0
2026-04-04,573124,5,0,0,2.585,5.0,5,0
2026-04-04,595345,3,1,0,0.138,3.0,2,0
2026-04-04,605280,26,4,2,6.1496580000000005,26.0,20,0
2026-04-04,605447,3,1,0,0.123,3.0,2,0
2026-04-04,607192,24,9,2,5.520658,24.0,13,1
2026-04-04,607455,4,1,0,0.82777,4.0,2,0
2026-04-04,607625,21,7,2,4.9476580000000006,21.0,12,0
2026-04-04,621112,8,2,0,2.624,8.0,6,0
2026-04-04,621237,2,1,1,0.697829,2.0,0,0
2026-04-04,621366,7,1,0,3.729,7.0,6,1
2026-04-04,622554,5,1,1,1.8898290000000002,5.0,3,0
2026-04-04,623149,3,2,0,0.023,3.0,1,0
2026-04-04,623454,5,1,0,2.79077,5.0,3,1
2026-04-04,623474,4,2,0,0.46299999999999997,4.0,2,0
2026-04-04,641302,4,1,0,0.5299999999999999,4.0,3,0
2026-04-04,641743,19,0,2,9.147658,19.0,17,2
2026-04-04,641745,4,0,0,1.073,4.0,4,0
2026-04-04,641755,3,1,0,0.28600000000000003,3.0,2,0
2026-04-04,641941,5,1,2,2.193658,5.0,2,0
2026-04-04,642121,9,3,2,3.937658,9.0,4,0
2026-04-04,642528,3,0,0,0.637,3.0,3,0
2026-04-04,642701,3,1,0,0.715,3.0,2,0
2026-04-04,647336,22,3,3,8.581257,22.0,15,2
2026-04-04,656222,4,0,0,2.5119999999999996,4.0,4,1
2026-04-04,656427,22,6,4,7.656626,21.0,9,1
2026-04-04,656638,8,4,1,1.7228290000000002,8.0,3,1
2026-04-04,656641,3,2,0,0.005,3.0,1,0
2026-04-04,656730,5,2,2,2.112658,5.0,1,1
2026-04-04,656794,2,0,1,0.823829,2.0,1,0
2026-04-04,656848,7,0,3,4.171487000000001,7.0,4,1
2026-04-04,656945,4,1,0,1.1960000000000002,4.0,3,0
2026-04-04,657514,5,0,2,2.186658,5.0,3,0
2026-04-04,657612,3,0,0,0.5780000000000001,3.0,3,0
2026-04-04,657649,6,0,2,1.244,4.0,4,0
2026-04-04,660825,5,2,0,0.35,5.0,3,0
2026-04-04,661395,3,1,0,0.233,3.0,2,0
2026-04-04,663574,3,1,0,0.74,3.0,2,0
2026-04-04,663623,22,4,2,9.027658,22.0,16,2
2026-04-04,663687,9,1,2,4.286658,9.0,6,0
2026-04-04,663738,7,3,0,1.0830000000000002,7.0,4,0
2026-04-04,663855,4,0,1,1.169829,4.0,3,0
2026-04-04,663893,4,1,0,2.6790000000000003,4.0,3,1
2026-04-04,663947,4,0,0,1.66477,4.0,3,0
2026-04-04,664192,3,0,1,1.714599,3.0,1,0
2026-04-04,664199,3,1,0,0.194,3.0,2,0
2026-04-04,664854,4,0,1,1.773,3.0,3,1
2026-04-04,664991,4,2,0,0.329,4.0,2,0
2026-04-04,665622,10,4,2,4.6976580000000006,10.0,4,1
2026-04-04,665660,9,0,2,4.091658,9.0,7,2
2026-04-04,666200,25,11,0,5.963,24.0,13,1
2026-04-04,666661,3,1,0,0.044,3.0,2,0
2026-04-04,666808,4,1,0,1.811,4.0,3,0
2026-04-04,667297,5,1,0,0.757,5.0,4,0
2026-04-04,667463,2,1,0,0.018,2.0,1,0
2026-04-04,668873,3,1,0,0.655,3.0,2,0
2026-04-04,668933,4,1,1,0.844829,4.0,2,0
2026-04-04,668964,6,1,0,0.993,6.0,5,0
2026-04-04,669084,7,2,1,1.584829,7.0,4,0
2026-04-04,669093,3,0,0,1.268,3.0,3,1
2026-04-04,669160,19,4,2,6.637428,18.0,11,3
2026-04-04,669212,12,5,1,2.2728289999999998,12.0,6,0
2026-04-04,669358,25,5,3,6.934257000000001,25.0,16,1
2026-04-04,669371,7,2,0,1.4209999999999998,7.0,5,0
2026-04-04,669387,21,5,3,7.582487,21.0,13,0
2026-04-04,669438,3,1,0,0.225,3.0,2,0
2026-04-04,669622,4,1,0,1.23177,4.0,2,0
2026-04-04,669684,5,0,0,0.905,5.0,5,0
2026-04-04,670167,4,0,2,2.155658,4.0,2,0
2026-04-04,670245,6,1,1,3.041829,6.0,4,1
2026-04-04,670280,7,2,1,1.531829,7.0,4,0
2026-04-04,670329,2,0,1,0.7478290000000001,2.0,1,0
2026-04-04,670970,5,2,0,0.7360000000000001,5.0,3,0
2026-04-04,674444,3,1,0,0.012,3.0,2,0
2026-04-04,675848,4,1,0,1.0010000000000001,4.0,3,0
2026-04-04,676106,25,5,0,7.771,24.0,19,2
2026-04-04,676428,3,0,1,0.8848290000000001,3.0,2,0
2026-04-04,676508,5,1,0,1.952,5.0,4,1
2026-04-04,676534,4,2,1,0.809829,4.0,1,0
2026-04-04,676684,4,1,0,0.974,4.0,3,0
2026-04-04,676755,4,1,1,1.618829,4.0,2,0
2026-04-04,676775,6,1,1,1.490829,6.0,4,0
2026-04-04,676879,10,3,1,3.154829,10.0,6,0
2026-04-04,676974,21,6,3,7.594487,20.0,11,2
2026-04-04,677053,4,1,3,2.093487,4.0,0,0
2026-04-04,677161,3,1,0,0.07100000000000001,3.0,2,0
2026-04-04,677865,5,1,1,1.189829,5.0,3,0
2026-04-04,677955,3,1,1,0.797829,3.0,1,0
2026-04-04,677958,23,3,1,6.8038289999999995,23.0,19,0
2026-04-04,677960,19,4,3,6.730487,19.0,12,1
2026-04-04,678906,9,3,0,3.365,9.0,6,1
2026-04-04,679883,19,4,3,8.526487000000001,18.0,11,2
2026-04-04,680755,5,1,1,2.383829,5.0,3,0
2026-04-04,680767,4,0,0,0.88,4.0,4,0
2026-04-04,681190,23,3,1,7.986829,23.0,19,2
2026-04-04,681217,3,2,0,0.065,3.0,1,0
2026-04-04,681402,5,2,0,1.354,5.0,3,0
2026-04-04,681751,14,3,2,3.815658,14.0,9,0
2026-04-04,682842,4,1,0,0.267,4.0,3,0
2026-04-04,682995,10,1,3,3.4024870000000003,10.0,6,0
2026-04-04,683232,3,0,0,0.311,3.0,3,0
2026-04-04,683618,4,0,0,1.73677,4.0,3,0
2026-04-04,683766,3,0,0,0.736,3.0,3,1
2026-04-04,686580,4,1,0,0.961,4.0,3,0
2026-04-04,686799,23,7,2,8.027658,23.0,14,2
2026-04-04,687075,17,4,3,5.965487,16.0,10,1
2026-04-04,687396,3,0,1,1.2959999999999998,2.0,2,1
2026-04-04,687849,9,0,2,3.806658,9.0,7,1
2026-04-04,688297,7,2,2,3.0756580000000002,7.0,3,1
2026-04-04,689254,6,0,1,1.965,5.0,5,1
2026-04-04,689296,6,0,1,1.493829,6.0,5,0
2026-04-04,689520,3,1,0,0.756,3.0,2,0
2026-04-04,690953,22,3,3,8.170027000000001,22.0,14,0
2026-04-04,691799,3,1,0,0.881,3.0,2,1
2026-04-04,691945,3,1,0,0.21699999999999997,3.0,2,0
2026-04-04,693821,24,8,1,3.675829,24.0,15,0
2026-04-04,694335,10,1,1,3.338829,10.0,8,0
2026-04-04,694477,21,3,3,5.818487,20.0,14,2
2026-04-04,694738,23,7,1,5.231829,23.0,15,0
2026-04-04,695076,23,4,2,6.103658,23.0,17,1
2026-04-04,695243,3,3,0,0.0,3.0,0,0
2026-04-04,695418,12,0,1,5.278829,12.0,11,0
2026-04-04,696147,3,0,0,0.951,3.0,3,1
2026-04-04,701656,9,3,1,2.435829,9.0,5,0
2026-04-04,801403,18,6,1,4.867829,18.0,11,1
2026-04-04,806960,22,0,6,9.980744,22.0,15,1
2026-04-04,813349,19,4,4,6.976316000000001,19.0,11,1
2026-04-04,837227,22,9,3,4.618487,22.0,10,0
2026-04-05,455119,6,1,0,2.267,6.0,5,0
2026-04-05,518585,3,2,1,0.697829,3.0,0,0
2026-04-05,527048,20,1,1,7.585829,19.0,18,0
2026-04-05,542888,6,2,1,2.548829,6.0,3,1
2026-04-05,543056,1,0,0,0.123,1.0,1,0
2026-04-05,571948,3,0,0,0.97077,3.0,2,0
2026-04-05,572955,3,1,1,1.876829,3.0,1,1
2026-04-05,573009,4,3,0,0.084,4.0,1,0
2026-04-05,573124,4,0,2,1.460658,4.0,2,0
2026-04-05,573204,5,0,1,0.921829,5.0,4,0
2026-04-05,592773,4,2,1,0.702829,4.0,1,0
2026-04-05,592836,23,4,2,10.544658,23.0,17,3
2026-04-05,593974,3,0,0,1.423,3.0,3,1
2026-04-05,594580,1,1,0,0.0,1.0,0,0
2026-04-05,595345,3,0,1,2.6798290000000002,3.0,2,1
2026-04-05,596133,3,0,0,0.1,3.0,3,0
2026-04-05,605130,4,0,2,3.697658,4.0,2,1
2026-04-05,605135,15,0,2,7.567198,15.0,11,1
2026-04-05,606303,1,0,0,0.791,1.0,1,1
2026-04-05,606996,9,0,1,2.344829,9.0,8,0
2026-04-05,607259,20,4,1,4.733829,20.0,15,1
2026-04-05,608331,27,4,3,6.217487,27.0,20,0
2026-04-05,608372,23,5,1,7.150829,23.0,17,2
2026-04-05,608718,9,3,2,3.561658,9.0,4,1
2026-04-05,608723,12,1,1,3.3928290000000003,12.0,10,0
2026-04-05,621111,14,4,3,4.188487,14.0,7,0
2026-04-05,621121,18,4,3,5.342487,18.0,11,1
2026-04-05,621242,3,1,0,0.395,3.0,2,0
2026-04-05,621381,6,1,1,2.227829,6.0,4,0
2026-04-05,621383,3,1,0,0.299,3.0,2,0
2026-04-05,622491,20,4,1,7.071599,19.0,14,2
2026-04-05,623211,4,0,0,1.456,4.0,4,0
2026-04-05,623437,4,0,1,2.016829,4.0,3,1
2026-04-05,624133,18,2,2,7.225658,18.0,14,2
2026-04-05,628452,3,1,0,0.104,3.0,2,0
2026-04-05,641312,8,1,1,2.135599,8.0,5,0
2026-04-05,641329,3,2,0,0.048,3.0,1,0
2026-04-05,641401,5,0,1,1.844829,4.0,4,0
2026-04-05,641755,5,0,1,1.947829,5.0,4,0
2026-04-05,641778,12,0,3,4.769487,12.0,9,0
2026-04-05,641835,3,1,0,0.8,3.0,2,0
2026-04-05,642100,3,0,1,0.085,1.0,2,0
2026-04-05,642207,4,1,0,1.508,4.0,3,0
2026-04-05,642232,6,3,0,0.682,6.0,3,0
2026-04-05,642528,6,1,0,1.581,6.0,5,0
2026-04-05,643377,8,0,1,2.234829,8.0,7,0
2026-04-05,643410,5,0,1,2.117829,5.0,4,0
2026-04-05,646241,11,3,0,1.964,10.0,8,0
2026-04-05,650556,3,0,1,2.709829,3.0,2,1
2026-04-05,656222,1,0,0,0.019,1.0,1,0
2026-04-05,656234,3,0,1,2.301599,3.0,1,0
2026-04-05,656271,3,3,0,0.0,3.0,0,0
2026-04-05,656464,4,1,0,0.9319999999999999,4.0,3,0
2026-04-05,656492,22,6,3,8.230487,22.0,13,1
2026-04-05,656641,4,1,1,0.881829,4.0,2,0
2026-04-05,656730,4,0,0,1.742,4.0,4,0
2026-04-05,656945,4,1,0,0.948,4.0,3,0
2026-04-05,657044,6,1,1,1.211,5.0,4,1
2026-04-05,657097,5,0,1,3.734829,5.0,4,1
2026-04-05,657277,28,3,1,7.9558290000000005,28.0,23,1
2026-04-05,657514,3,2,0,0.239,3.0,1,0
2026-04-05,657756,9,1,2,2.280658,8.0,5,0
2026-04-05,662253,3,1,0,0.549,3.0,2,0
2026-04-05,663158,3,3,0,0.0,3.0,0,0
2026-04-05,663436,23,6,2,6.7746580000000005,23.0,15,0
2026-04-05,663460,22,8,3,6.643487,21.0,10,2
2026-04-05,663485,6,1,0,1.851,6.0,5,0
2026-04-05,663542,4,1,0,1.7970000000000002,4.0,3,0
2026-04-05,663687,7,2,2,2.051829,6.0,3,0
2026-04-05,663978,22,4,4,8.378316,22.0,14,2
2026-04-05,664126,7,1,1,3.791829,6.0,4,2
2026-04-05,664141,5,0,1,1.8008290000000002,5.0,4,0
2026-04-05,664199,4,1,0,0.337,4.0,3,0
2026-04-05,664353,6,3,0,1.5430000000000001,6.0,3,0
2026-04-05,665660,2,1,0,0.118,2.0,1,0
2026-04-05,665795,22,4,5,6.917145,21.0,13,1
2026-04-05,666171,7,5,0,0.95277,7.0,1,0
2026-04-05,666277,4,0,2,2.3376580000000002,4.0,2,0
2026-04-05,666374,3,1,0,0.718,2.0,2,1
2026-04-05,666974,1,1,0,0.0,1.0,0,0
2026-04-05,667463,1,0,0,0.142,1.0,1,0
2026-04-05,668390,4,1,0,0.11699999999999999,4.0,3,0
2026-04-05,668674,6,1,1,2.659829,6.0,4,0
2026-04-05,668941,6,1,1,1.6188289999999999,6.0,4,0
2026-04-05,668984,7,0,0,3.0527699999999998,7.0,6,1
2026-04-05,669062,5,2,0,1.3860000000000001,5.0,3,1
2026-04-05,669093,3,1,0,0.6150000000000001,3.0,2,0
2026-04-05,669276,5,0,0,2.2809999999999997,5.0,5,1
2026-04-05,669372,6,1,0,2.13,6.0,5,1
2026-04-05,669622,7,2,3,2.281658,6.0,2,1
2026-04-05,669684,4,1,1,0.703829,4.0,2,0
2026-04-05,669711,5,3,0,1.5670000000000002,5.0,2,1
2026-04-05,670036,5,1,0,1.9069999999999998,5.0,4,1
2026-04-05,671922,6,2,2,2.285658,6.0,2,0
2026-04-05,672335,5,0,2,3.477658,5.0,3,0
2026-04-05,672456,17,3,1,3.634829,17.0,13,0
2026-04-05,672582,6,1,1,2.986829,6.0,4,1
2026-04-05,673540,22,7,2,6.302658,22.0,13,1
2026-04-05,673929,4,1,0,0.749,4.0,3,1
2026-04-05,674444,5,1,2,1.001829,4.0,2,0
2026-04-05,676263,4,1,1,2.599829,4.0,2,1
2026-04-05,676395,4,0,2,2.333658,4.0,2,0
2026-04-05,676534,4,1,1,1.4828290000000002,4.0,2,1
2026-04-05,676571,8,2,0,3.585,8.0,6,2
2026-04-05,676617,3,1,0,0.5569999999999999,3.0,2,0
2026-04-05,676775,3,0,0,1.429,3.0,3,0
2026-04-05,676962,10,0,2,3.6786580000000004,10.0,8,0
2026-04-05,677053,3,1,0,1.0899999999999999,3.0,2,1
2026-04-05,677161,4,0,0,2.741,4.0,4,2
2026-04-05,677944,21,6,1,5.237599,21.0,13,1
2026-04-05,677952,21,8,0,3.463,21.0,13,1
2026-04-05,677955,4,0,0,1.062,4.0,4,0
2026-04-05,677961,5,2,1,1.461829,5.0,2,0
2026-04-05,678606,7,1,0,2.07,6.0,6,0
2026-04-05,679775,3,2,0,0.027,3.0,1,0
2026-04-05,680573,26,4,2,9.414658000000001,26.0,20,2
2026-04-05,680767,5,3,0,0.57,5.0,2,0
2026-04-05,681517,23,4,3,8.830487,23.0,16,2
2026-04-05,681799,3,0,0,0.796,3.0,3,0
2026-04-05,681870,3,1,0,0.9380000000000001,3.0,2,0
2026-04-05,681892,1,0,0,0.229,1.0,1,0
2026-04-05,681911,5,0,1,3.197829,5.0,4,1
2026-04-05,681982,5,1,1,2.206829,5.0,3,1
2026-04-05,682052,21,6,5,6.862145,21.0,10,1
2026-04-05,682120,3,2,0,0.015,3.0,1,0
2026-04-05,682254,6,3,0,1.526,6.0,3,0
2026-04-05,682842,3,1,0,1.794,3.0,2,0
2026-04-05,683004,20,9,1,4.799829,20.0,10,1
2026-04-05,683175,5,1,1,3.426829,5.0,3,2
2026-04-05,683232,5,0,1,1.460829,4.0,3,0
2026-04-05,684007,19,4,1,3.5538290000000003,19.0,14,0
2026-04-05,685005,5,0,1,1.304829,5.0,4,0
2026-04-05,686993,6,1,1,2.217829,6.0,4,0
2026-04-05,687330,3,1,0,0.887,3.0,2,1
2026-04-05,687911,7,1,1,0.924829,6.0,4,0
2026-04-05,688497,3,0,0,0.43700000000000006,3.0,3,0
2026-04-05,688883,4,2,0,1.1567699999999999,4.0,1,0
2026-04-05,690925,6,2,0,2.948,6.0,4,2
2026-04-05,690986,21,6,2,7.490428,21.0,12,2
2026-04-05,691946,16,4,5,7.968145,16.0,7,3
2026-04-05,693686,8,2,0,2.226,8.0,6,0
2026-04-05,694037,3,1,0,0.503,3.0,2,0
2026-04-05,694297,21,2,2,7.590658,21.0,17,2
2026-04-05,695243,3,3,0,0.0,3.0,0,0
2026-04-05,695505,24,9,1,5.975829,24.0,14,1
2026-04-05,696147,8,2,0,1.446,7.0,5,0
2026-04-05,699134,8,2,0,1.745,8.0,6,0
2026-04-05,700249,24,2,3,8.801487,24.0,19,1
2026-04-05,700413,11,2,1,4.1578289999999996,11.0,8,1
2026-04-05,701552,1,0,0,0.402,1.0,1,0
2026-04-05,800048,20,6,3,5.414487,20.0,11,1
2026-04-05,805123,13,1,2,5.907658,13.0,10,1
2026-04-05,808963,23,5,3,8.632487,23.0,15,2
2026-04-06,453286,9,2,1,4.602829,9.0,6,2
2026-04-06,500743,6,0,1,2.284599,6.0,4,0
2026-04-06,519242,21,7,2,8.646198,21.0,10,2
2026-04-06,543056,4,0,1,1.767829,4.0,3,0
2026-04-06,573009,5,1,2,4.179658,5.0,2,2
2026-04-06,592773,5,1,0,2.1390000000000002,5.0,4,1
2026-04-06,592791,25,4,0,8.339,25.0,21,2
2026-04-06,594798,18,6,1,4.816829,17.0,10,2
2026-04-06,596001,3,0,0,1.4487700000000001,3.0,2,0
2026-04-06,605288,28,3,2,10.952658,28.0,23,3
2026-04-06,605447,1,0,0,0.005,1.0,1,0
2026-04-06,605540,28,4,2,7.806428,27.0,20,1
2026-04-06,606303,3,1,0,0.9430000000000001,3.0,2,0
2026-04-06,607200,22,4,1,6.716829,22.0,17,2
2026-04-06,607455,4,1,0,2.544,4.0,3,1
2026-04-06,607481,3,1,0,0.23399999999999999,3.0,2,0
2026-04-06,608371,7,2,0,1.134,6.0,4,0
2026-04-06,608379,26,3,3,11.026257,26.0,19,3
2026-04-06,608566,21,4,1,5.939829,21.0,16,2
2026-04-06,621237,3,1,0,0.43,3.0,2,0
2026-04-06,621366,4,0,1,1.186829,4.0,3,0
2026-04-06,621381,5,1,1,1.8258290000000001,5.0,3,1
2026-04-06,623168,3,0,0,1.075,3.0,3,0
2026-04-06,623454,13,4,2,2.031658,13.0,7,0
2026-04-06,623474,7,1,0,1.101,7.0,6,0
2026-04-06,641302,3,1,0,0.9660000000000001,3.0,2,0
2026-04-06,641329,4,2,0,1.699,4.0,2,1
2026-04-06,641745,4,2,0,0.46299999999999997,4.0,2,0
2026-04-06,641793,22,6,3,5.854487,22.0,13,0
2026-04-06,641835,3,1,0,0.408,3.0,2,0
2026-04-06,641941,3,0,0,0.465,3.0,3,0
2026-04-06,642397,4,1,1,1.106829,4.0,2,0
2026-04-06,656222,4,0,1,0.916829,4.0,3,0
2026-04-06,656271,1,1,0,0.0,1.0,0,0
2026-04-06,657424,4,1,1,0.697829,3.0,1,0
2026-04-06,657746,22,7,3,5.323487,22.0,12,0
2026-04-06,660853,4,0,0,1.5230000000000001,4.0,4,0
2026-04-06,661395,4,0,0,1.7389999999999999,4.0,4,1
2026-04-06,663372,24,1,2,12.494658,24.0,21,5
2026-04-06,663465,10,2,1,2.672,9.0,7,2
2026-04-06,663554,24,4,3,9.738487,24.0,17,1
2026-04-06,663556,17,5,4,6.296316,17.0,8,2
2026-04-06,663558,11,4,1,1.210829,11.0,6,0
2026-04-06,663574,4,1,1,0.9888290000000001,4.0,2,0
2026-04-06,663969,6,1,1,3.153829,6.0,4,1
2026-04-06,664208,5,1,1,3.775829,5.0,3,2
2026-04-06,664854,6,1,2,2.398658,6.0,3,0
2026-04-06,664875,5,2,0,2.089,5.0,3,1
2026-04-06,667297,10,3,0,5.031000000000001,10.0,7,2
2026-04-06,667755,26,10,0,7.349,26.0,16,4
2026-04-06,668390,1,0,0,0.294,1.0,1,0
2026-04-06,668674,3,1,0,0.959,3.0,2,1
2026-04-06,668873,4,1,1,1.434599,4.0,1,0
2026-04-06,668941,5,0,1,2.129829,5.0,4,0
2026-04-06,669302,23,5,0,5.926,23.0,18,1
2026-04-06,669330,7,2,1,1.322829,7.0,4,0
2026-04-06,669467,22,2,4,7.212316,22.0,16,1
2026-04-06,670245,5,0,0,1.461,4.0,5,1
2026-04-06,670329,3,1,0,0.42000000000000004,3.0,2,0
2026-04-06,670990,7,0,0,4.281,7.0,7,1
2026-04-06,672335,4,0,0,3.001,4.0,4,1
2026-04-06,672582,5,0,0,2.9219999999999997,5.0,5,1
2026-04-06,674370,6,1,0,1.32877,6.0,4,0
2026-04-06,675848,6,1,1,0.10900000000000001,5.0,4,0
2026-04-06,675989,17,5,2,3.888658,16.0,10,0
2026-04-06,676083,29,3,1,7.083829,28.0,24,1
2026-04-06,676395,3,0,0,0.357,3.0,3,0
2026-04-06,676428,5,2,2,2.311658,5.0,1,0
2026-04-06,676440,20,3,1,5.134829,20.0,16,2
2026-04-06,676477,6,2,2,3.796658,6.0,2,1
2026-04-06,676596,18,1,2,8.460428,18.0,14,1
2026-04-06,676755,5,2,0,2.123,5.0,3,0
2026-04-06,676760,7,1,1,2.340829,7.0,5,0
2026-04-06,676879,6,0,1,1.824829,6.0,5,0
2026-04-06,677865,5,0,2,3.0186580000000003,5.0,3,0
2026-04-06,678394,20,5,4,4.982316,19.0,11,0
2026-04-06,678606,3,2,0,0.173,3.0,1,0
2026-04-06,679358,3,1,1,0.7558290000000001,3.0,1,0
2026-04-06,680736,21,2,4,7.260316,21.0,15,1
2026-04-06,680742,3,2,0,0.085,3.0,1,0
2026-04-06,680802,19,4,2,6.696658,19.0,13,1
2026-04-06,681217,5,1,1,2.937829,5.0,3,1
2026-04-06,681867,5,0,2,1.749829,4.0,3,0
2026-04-06,681892,4,0,3,2.167487,4.0,1,0
2026-04-06,681982,3,0,0,0.433,3.0,3,0
2026-04-06,682120,1,0,0,0.085,1.0,1,0
2026-04-06,682227,24,4,1,7.069829,24.0,19,2
2026-04-06,683618,3,2,0,0.103,3.0,1,0
2026-04-06,685801,5,0,0,0.699,5.0,5,0
2026-04-06,686610,10,2,2,5.523658,10.0,6,2
2026-04-06,687064,18,2,2,4.970658,18.0,14,1
2026-04-06,687330,3,1,0,0.497,3.0,2,0
2026-04-06,688158,8,1,3,2.7124870000000003,8.0,4,0
2026-04-06,688642,5,0,0,2.685,5.0,5,1
2026-04-06,688883,8,3,0,4.264,8.0,5,2
2026-04-06,689520,5,2,0,0.606,5.0,3,0
2026-04-06,691725,21,1,1,8.466829,21.0,19,1
2026-04-06,691799,4,1,0,0.878,4.0,3,0
2026-04-06,693686,5,1,0,2.849,5.0,4,1
2026-04-06,693855,6,1,0,2.127,6.0,5,2
2026-04-06,694335,5,1,0,3.5519999999999996,5.0,4,1
2026-04-06,694361,8,2,0,2.085,7.0,5,0
2026-04-06,694918,4,2,1,1.717829,4.0,1,1
2026-04-06,696149,21,4,4,9.102316,21.0,13,2
2026-04-06,701552,6,0,2,2.821658,5.0,4,0
2026-04-06,702303,3,0,0,0.566,3.0,3,0
2026-04-07,472610,7,0,0,2.165,6.0,6,0
2026-04-07,518585,6,1,2,1.781658,6.0,3,0
2026-04-07,542888,5,2,2,1.3986580000000002,5.0,1,0
2026-04-07,543135,26,7,2,6.097658,26.0,17,0
2026-04-07,547973,3,0,1,0.897829,3.0,2,0
2026-04-07,548384,4,2,0,0.944,4.0,2,0
2026-04-07,571948,6,0,0,1.8840000000000001,6.0,6,0
2026-04-07,572955,2,1,0,0.094,2.0,1,0
2026-04-07,573124,4,2,0,1.2229999999999999,4.0,2,0
2026-04-07,573204,1,0,0,0.061,1.0,1,0
2026-04-07,579328,22,8,1,4.920829,22.0,13,0
2026-04-07,592332,24,5,2,6.132658,23.0,17,1
2026-04-07,592662,26,7,3,7.0534870000000005,26.0,16,0
2026-04-07,593974,4,1,1,1.477829,4.0,2,0
2026-04-07,595014,3,0,0,0.703,3.0,3,0
2026-04-07,595345,4,0,1,1.629829,4.0,3,0
2026-04-07,596001,5,0,0,1.39,5.0,5,0
2026-04-07,596133,3,1,0,0.884,3.0,2,0
2026-04-07,601713,20,8,1,2.301829,20.0,11,0
2026-04-07,607481,3,0,1,2.244599,3.0,1,0
2026-04-07,607536,24,5,1,5.870599,24.0,17,0
2026-04-07,621242,5,3,1,1.179829,5.0,1,0
2026-04-07,621383,3,2,0,0.066,3.0,1,0
2026-04-07,622608,8,3,0,1.334,8.0,5,0
2026-04-07,623149,2,0,0,1.1749999999999998,2.0,2,0
2026-04-07,623211,3,0,0,1.8119999999999998,3.0,3,0
2026-04-07,623437,3,0,1,1.2088290000000002,2.0,1,0
2026-04-07,625643,21,7,2,6.649428,21.0,11,1
2026-04-07,628452,6,3,0,0.6970000000000001,6.0,3,0
2026-04-07,641312,15,4,1,5.009829,15.0,10,0
2026-04-07,641755,3,2,0,0.159,3.0,1,0
2026-04-07,641941,5,2,2,1.411658,5.0,1,0
2026-04-07,642121,10,2,1,2.8738289999999997,10.0,7,0
2026-04-07,642207,5,2,0,1.555,5.0,3,0
2026-04-07,642397,3,1,0,0.299,3.0,2,0
2026-04-07,642528,5,1,0,3.044,5.0,4,1
2026-04-07,642547,22,5,3,6.369257,21.0,13,0
2026-04-07,643410,7,0,0,5.148,7.0,7,1
2026-04-07,645261,30,6,2,5.461658,30.0,22,0
2026-04-07,647315,3,0,0,1.028,3.0,3,0
2026-04-07,650644,22,6,4,7.219316,22.0,11,2
2026-04-07,650911,24,6,0,9.823,24.0,18,4
2026-04-07,656234,3,1,0,0.986,3.0,2,1
2026-04-07,656464,3,1,0,0.357,3.0,2,0
2026-04-07,656546,6,2,1,1.127,5.0,3,0
2026-04-07,656641,6,2,0,0.6900000000000001,6.0,4,0
2026-04-07,656794,7,1,1,1.6688290000000001,7.0,5,0
2026-04-07,657044,3,0,0,0.706,3.0,3,0
2026-04-07,657097,4,1,1,1.026829,4.0,2,0
2026-04-07,657756,9,2,1,1.988829,9.0,6,0
2026-04-07,663158,4,2,1,0.705829,4.0,1,0
2026-04-07,663485,3,0,2,2.131658,3.0,1,0
2026-04-07,663542,4,0,1,1.915599,3.0,2,0
2026-04-07,663738,4,1,0,0.756,4.0,3,0
2026-04-07,663765,1,0,0,0.349,1.0,1,0
2026-04-07,663855,7,2,0,1.411,6.0,4,0
2026-04-07,663947,4,1,0,1.3679999999999999,4.0,3,1
2026-04-07,664208,6,1,0,3.43077,6.0,4,1
2026-04-07,664854,4,2,1,0.705829,4.0,1,0
2026-04-07,664991,3,2,0,0.72877,3.0,0,0
2026-04-07,665871,19,3,2,3.898658,19.0,14,0
2026-04-07,666277,6,3,0,1.845,6.0,3,1
2026-04-07,666661,3,0,0,0.193,3.0,3,0
2026-04-07,666974,3,1,0,0.184,3.0,2,0
2026-04-07,667463,3,0,1,0.201,2.0,2,0
2026-04-07,668678,23,5,4,6.342316,23.0,14,1
2026-04-07,668909,22,8,5,7.922145,22.0,9,2
2026-04-07,668933,3,0,0,0.775,3.0,3,0
2026-04-07,669084,9,1,1,2.834829,9.0,7,1
2026-04-07,669270,1,0,0,0.335,1.0,1,0
2026-04-07,669276,2,0,0,0.122,2.0,2,0
2026-04-07,669371,5,1,0,1.21,5.0,4,0
2026-04-07,669373,24,7,2,8.800658,24.0,15,2
2026-04-07,669432,25,6,0,4.926,24.0,18,0
2026-04-07,669438,19,2,1,6.380829,19.0,16,1
2026-04-07,669461,25,6,2,11.726658,24.0,17,2
2026-04-07,669622,3,1,1,0.717829,3.0,1,0
2026-04-07,669684,4,0,1,1.8608289999999998,4.0,3,1
2026-04-07,669923,28,4,0,7.621,28.0,24,2
2026-04-07,670167,4,0,1,1.765829,4.0,3,0
2026-04-07,670280,3,1,0,0.056,3.0,2,0
2026-04-07,670970,7,1,0,2.984,7.0,6,0
2026-04-07,670990,3,2,0,0.097,3.0,1,0
2026-04-07,671096,24,2,2,7.152658,24.0,20,2
2026-04-07,671737,27,10,0,6.94054,27.0,15,1
2026-04-07,671922,3,2,0,0.203,3.0,1,0
2026-04-07,672782,16,1,1,9.840829,16.0,14,3
2026-04-07,673929,4,2,0,2.107,4.0,2,1
2026-04-07,676254,6,1,1,1.108829,6.0,4,0
2026-04-07,676477,3,1,0,0.43900000000000006,3.0,2,0
2026-04-07,676534,5,1,2,3.389658,5.0,2,1
2026-04-07,676571,6,2,2,3.388658,6.0,2,1
2026-04-07,676617,4,2,0,1.00977,4.0,1,0
2026-04-07,676755,3,0,0,1.557,3.0,3,1
2026-04-07,676760,2,0,0,0.044,2.0,2,0
2026-04-07,676775,3,0,0,0.116,3.0,3,0
2026-04-07,676917,20,3,4,7.219316,20.0,13,1
2026-04-07,676979,27,7,2,7.109428,26.0,17,0
2026-04-07,677161,2,0,0,0.5940000000000001,2.0,2,0
2026-04-07,678906,3,0,0,0.448,3.0,3,0
2026-04-07,679358,4,2,0,1.736,4.0,2,0
2026-04-07,681343,19,8,5,5.868915,19.0,5,0
2026-04-07,681347,23,3,1,8.942829,23.0,19,1
2026-04-07,681402,5,1,1,2.059829,5.0,3,1
2026-04-07,681870,3,2,0,0.039,3.0,1,0
2026-04-07,681911,4,1,1,0.7368290000000001,4.0,2,0
2026-04-07,682120,2,0,1,1.291829,2.0,1,0
2026-04-07,683232,4,2,1,0.7598290000000001,4.0,1,0
2026-04-07,683742,8,2,2,1.679658,8.0,4,0
2026-04-07,685005,3,1,0,0.982,3.0,2,0
2026-04-07,686973,4,2,0,0.618,4.0,2,0
2026-04-07,686993,7,1,0,2.605,7.0,6,1
2026-04-07,687396,5,3,2,1.395658,5.0,0,0
2026-04-07,687606,6,1,1,2.0245990000000003,6.0,3,0
2026-04-07,689147,6,0,1,1.508829,6.0,5,0
2026-04-07,689254,5,2,0,0.972,5.0,3,0
2026-04-07,689296,1,1,0,0.0,1.0,0,0
2026-04-07,690925,5,0,2,1.625829,4.0,3,1
2026-04-07,693645,20,7,0,4.813,19.0,13,1
2026-04-07,694819,22,10,4,6.215086,22.0,7,0
2026-04-07,694973,23,6,2,6.415428,23.0,14,1
2026-04-07,699134,4,0,0,0.745,4.0,4,0
2026-04-07,700669,9,2,2,2.859658,9.0,5,0
2026-04-07,702070,24,5,1,8.986829,24.0,18,0
2026-04-07,808967,24,6,1,5.960829,24.0,17,1
2026-04-07,815083,4,0,1,1.6598290000000002,4.0,3,0
2026-04-08,455119,3,1,0,0.66,3.0,2,0
2026-04-08,543243,24,2,2,7.838658000000001,24.0,20,2
2026-04-08,547179,26,4,2,6.4046579999999995,26.0,20,0
2026-04-08,571945,17,3,3,5.501487,17.0,11,0
2026-04-08,571948,3,1,0,0.20900000000000002,3.0,2,0
2026-04-08,572955,4,1,0,1.074,4.0,3,0
2026-04-08,594580,9,2,0,2.23254,8.0,4,0
2026-04-08,595014,3,1,1,0.7618290000000001,3.0,1,0
2026-04-08,605130,5,4,0,0.022,5.0,1,0
2026-04-08,605400,23,3,1,7.803829,23.0,19,1
2026-04-08,606303,1,1,0,0.0,1.0,0,0
2026-04-08,606996,5,0,1,1.5298289999999999,5.0,4,0
2026-04-08,607067,20,2,2,4.758428,20.0,15,0
2026-04-08,607455,6,1,0,1.8250000000000002,6.0,5,0
2026-04-08,608371,4,1,1,1.447829,4.0,2,0
2026-04-08,608718,7,2,1,2.888829,7.0,4,1
2026-04-08,621237,5,2,0,1.5590000000000002,4.0,3,0
2026-04-08,622663,22,7,5,6.056145,22.0,10,0
2026-04-08,623437,2,0,0,0.5289999999999999,2.0,2,0
2026-04-08,640448,4,0,2,1.533658,4.0,2,0
2026-04-08,640451,3,1,0,0.622,3.0,2,0
2026-04-08,640455,18,2,2,6.709658,18.0,14,2
2026-04-08,641401,5,3,0,0.534,5.0,2,0
2026-04-08,641816,24,6,4,6.754316,24.0,14,0
2026-04-08,641927,24,2,1,6.997829,24.0,21,1
2026-04-08,642100,3,2,0,0.291,3.0,1,0
2026-04-08,643511,7,2,1,1.194,6.0,4,0
2026-04-08,646241,5,1,2,2.007658,5.0,2,0
2026-04-08,647315,2,0,0,0.716,2.0,2,0
2026-04-08,650556,6,2,2,2.345658,6.0,2,0
2026-04-08,650633,24,4,3,8.313487,24.0,17,2
2026-04-08,656302,23,8,4,6.811086,23.0,10,0
2026-04-08,656546,5,2,1,1.383829,5.0,2,0
2026-04-08,656550,28,6,3,8.616487,28.0,19,1
2026-04-08,656605,22,4,1,4.892829,22.0,17,0
2026-04-08,656638,9,2,0,3.356,9.0,7,2
2026-04-08,656794,4,2,0,1.337,4.0,2,0
2026-04-08,656848,5,2,0,0.515,5.0,3,0
2026-04-08,656849,23,6,2,8.558658,22.0,14,1
2026-04-08,657044,1,0,0,0.017,1.0,1,0
2026-04-08,657424,3,1,0,1.046,3.0,2,0
2026-04-08,657612,5,0,0,1.2779999999999998,5.0,5,0
2026-04-08,660271,24,2,1,5.0888290000000005,24.0,21,0
2026-04-08,660761,7,3,0,1.3199999999999998,7.0,4,0
2026-04-08,660825,3,0,0,1.639,3.0,3,0
2026-04-08,660853,9,2,1,1.721829,9.0,6,0
2026-04-08,663485,2,1,0,0.701,2.0,1,0
2026-04-08,663542,2,0,0,0.056999999999999995,2.0,2,0
2026-04-08,663687,4,2,2,1.395658,4.0,0,0
2026-04-08,663765,15,1,2,5.369658,15.0,12,0
2026-04-08,663855,3,0,1,1.377829,3.0,2,0
2026-04-08,663903,17,3,0,8.513,17.0,14,1
2026-04-08,664199,3,0,0,0.368,3.0,3,0
2026-04-08,664285,29,2,2,11.354428,29.0,24,0
2026-04-08,664299,6,1,0,2.669,6.0,5,0
2026-04-08,664353,12,3,0,2.093,12.0,9,0
2026-04-08,664875,7,2,0,3.362,7.0,5,2
2026-04-08,664991,4,1,0,1.29977,4.0,2,0
2026-04-08,665660,2,1,0,0.074,2.0,1,0
2026-04-08,666142,5,2,1,2.145829,5.0,2,1
2026-04-08,666171,9,2,2,3.2076580000000003,9.0,5,0
2026-04-08,666808,4,1,0,0.46,4.0,3,0
2026-04-08,668390,4,1,0,1.07,4.0,3,0
2026-04-08,668873,3,1,1,0.8578290000000001,3.0,1,0
2026-04-08,669022,17,9,2,3.919658,17.0,6,0
2026-04-08,669062,3,2,0,0.129,3.0,1,0
2026-04-08,669093,4,0,0,2.893,4.0,4,1
2026-04-08,669194,24,5,0,4.479,24.0,19,0
2026-04-08,669199,3,2,0,0.01,3.0,1,0
2026-04-08,669270,3,1,0,0.648,3.0,2,0
2026-04-08,669330,5,1,1,2.693599,5.0,2,1
2026-04-08,669371,7,3,1,1.804599,7.0,2,0
2026-04-08,669711,3,2,0,0.113,3.0,1,0
2026-04-08,669947,17,4,1,4.757829,17.0,12,0
2026-04-08,670036,5,1,1,0.911829,5.0,3,0
2026-04-08,670245,3,0,0,0.465,3.0,3,0
2026-04-08,670280,5,2,0,1.843,5.0,3,0
2026-04-08,670329,5,2,2,1.533658,5.0,1,0
2026-04-08,671212,21,3,3,8.379487,20.0,14,1
2026-04-08,672282,22,4,2,5.720428,21.0,14,2
2026-04-08,672335,5,1,2,1.9026580000000002,5.0,2,0
2026-04-08,674444,10,3,2,4.249658,10.0,5,1
2026-04-08,675660,15,2,4,5.695316,15.0,9,0
2026-04-08,676263,5,0,1,2.8018289999999997,5.0,4,1
2026-04-08,676282,21,9,2,4.052658,21.0,10,2
2026-04-08,676508,5,0,1,0.9968290000000001,5.0,4,0
2026-04-08,676571,3,0,1,1.121829,3.0,2,0
2026-04-08,676617,3,0,0,0.23099999999999998,3.0,3,0
2026-04-08,676684,3,1,0,0.473,3.0,2,0
2026-04-08,676879,3,2,0,0.079,3.0,1,0
2026-04-08,676962,8,3,0,1.683,8.0,5,0
2026-04-08,677053,3,0,0,0.796,3.0,3,0
2026-04-08,677865,1,0,0,0.157,1.0,1,0
2026-04-08,678606,4,0,1,1.001829,3.0,2,0
2026-04-08,678906,4,1,0,0.9099999999999999,4.0,3,0
2026-04-08,679883,15,2,1,5.563829,15.0,12,1
2026-04-08,680694,23,7,3,7.228487,23.0,13,1
2026-04-08,680732,20,3,2,5.649428,20.0,14,0
2026-04-08,680742,4,1,0,0.887,4.0,3,0
2026-04-08,681168,6,2,0,0.544,6.0,4,0
2026-04-08,681870,4,1,0,0.533,4.0,3,0
2026-04-08,681892,4,0,1,2.445599,4.0,2,0
2026-04-08,681982,6,1,2,2.231658,6.0,3,0
2026-04-08,683175,9,0,2,2.795658,9.0,7,1
2026-04-08,685005,9,1,3,4.149027,9.0,3,0
2026-04-08,686475,2,0,0,0.5930000000000001,2.0,2,0
2026-04-08,686973,3,1,0,0.315,3.0,2,0
2026-04-08,687396,4,1,0,1.227,4.0,3,0
2026-04-08,687473,3,1,0,1.736,3.0,2,1
2026-04-08,688642,11,2,0,1.8559999999999999,11.0,9,0
2026-04-08,689254,3,0,2,1.4756580000000001,3.0,1,0
2026-04-08,689296,3,1,0,0.341,3.0,2,0
2026-04-08,689520,6,2,0,1.5327700000000002,6.0,3,0
2026-04-08,691587,24,6,2,7.631428,24.0,15,2
2026-04-08,693433,22,2,2,6.446658,22.0,18,1
2026-04-08,694335,6,1,1,2.2008289999999997,6.0,4,0
2026-04-08,694851,9,2,1,2.489829,9.0,6,0
2026-04-08,694918,3,0,0,0.603,3.0,3,0
2026-04-08,695243,3,2,0,0.147,3.0,1,0
2026-04-08,695418,10,2,0,2.547,10.0,8,1
2026-04-08,696147,4,1,1,1.465829,4.0,2,1
2026-04-08,700241,21,1,0,5.699,21.0,20,0
2026-04-08,701542,23,5,3,8.175487,23.0,15,0
2026-04-08,701719,4,3,1,0.697829,4.0,0,0
2026-04-08,805123,10,0,3,4.207487,9.0,7,1
2026-04-08,805326,7,1,1,2.0588290000000002,7.0,5,0
2026-04-09,472610,5,0,1,3.120829,5.0,4,1
2026-04-09,593958,25,3,2,9.899658,25.0,20,2
2026-04-09,596133,5,0,0,2.2119999999999997,5.0,5,1
2026-04-09,605488,25,6,2,4.1256580000000005,25.0,17,0
2026-04-09,607625,24,4,4,8.728316,24.0,16,1
2026-04-09,621112,4,1,0,1.0110000000000001,4.0,3,0
2026-04-09,622554,4,2,1,1.334829,4.0,1,0
2026-04-09,623474,3,0,0,1.8579999999999999,3.0,3,1
2026-04-09,641743,24,6,2,8.653198,24.0,14,1
2026-04-09,656271,2,1,0,0.097,2.0,1,0
2026-04-09,656427,23,6,3,7.4284870000000005,23.0,14,1
2026-04-09,657514,5,1,0,2.476,5.0,4,0
2026-04-09,663687,3,1,0,0.017,3.0,2,0
2026-04-09,663947,6,2,1,3.132829,6.0,3,1
2026-04-09,663969,12,4,1,2.696829,12.0,7,1
2026-04-09,663992,5,1,0,1.0430000000000001,5.0,4,0
2026-04-09,664199,4,0,0,1.3940000000000001,4.0,4,0
2026-04-09,669093,7,1,2,2.476658,6.0,4,0
2026-04-09,669212,8,1,1,2.2888290000000002,7.0,5,0
2026-04-09,669622,4,1,0,1.376,4.0,3,0
2026-04-09,670167,3,0,0,0.232,3.0,3,0
2026-04-09,670183,8,2,0,1.51777,8.0,5,0
2026-04-09,670970,4,0,0,2.005,4.0,4,0
2026-04-09,673929,4,2,1,1.153829,4.0,1,0
2026-04-09,675848,4,1,1,2.436829,4.0,2,0
2026-04-09,676428,1,0,0,0.034,1.0,1,0
2026-04-09,676684,6,1,1,2.205829,6.0,4,0
2026-04-09,676974,23,4,3,7.969487,23.0,16,1
2026-04-09,677955,5,2,0,1.127,5.0,3,0
2026-04-09,677960,30,7,0,11.488,29.0,23,2
2026-04-09,678368,4,0,2,1.849,1.0,2,1
2026-04-09,679358,3,1,0,1.2970000000000002,3.0,2,0
2026-04-09,680767,9,0,2,3.407658,9.0,7,0
2026-04-09,681190,23,8,0,8.64277,23.0,14,3
2026-04-09,683742,12,2,3,4.530487,12.0,7,0
2026-04-09,686993,4,1,1,1.4088289999999999,4.0,2,0
2026-04-09,688158,6,1,0,1.19377,5.0,4,0
2026-04-09,688497,6,3,0,1.003,6.0,3,0
2026-04-09,690953,25,6,3,9.514486999999999,25.0,16,3
2026-04-09,690997,23,8,2,4.253658,23.0,13,0
2026-04-09,691799,6,1,0,1.6119999999999999,6.0,5,0
2026-04-09,695076,26,2,2,11.702658,26.0,22,4
2026-04-09,695243,3,3,0,0.0,3.0,0,0
2026-04-09,699134,4,1,0,0.316,4.0,3,0
2026-04-09,801403,20,3,1,5.238829,20.0,16,2
2026-04-10,445276,3,1,0,0.118,3.0,2,0
2026-04-10,544150,7,1,0,2.902,7.0,6,1
2026-04-10,571578,21,3,1,10.559369,20.0,15,4
2026-04-10,571927,20,7,2,5.531428,20.0,10,1
2026-04-10,573009,3,3,0,0.0,3.0,0,0
2026-04-10,573124,7,1,0,3.043,7.0,6,1
2026-04-10,573204,5,0,0,4.252,5.0,5,1
2026-04-10,592094,1,0,0,0.058,1.0,1,0
2026-04-10,592773,3,1,0,0.053,3.0,2,0
2026-04-10,594580,3,0,2,1.595658,3.0,1,0
2026-04-10,595345,5,2,0,0.16,5.0,3,0
2026-04-10,605130,2,1,0,0.106,2.0,1,0
2026-04-10,605280,23,3,3,7.417487,23.0,17,0
2026-04-10,606303,1,0,0,0.363,1.0,1,0
2026-04-10,606996,4,0,1,1.9178290000000002,4.0,3,0
2026-04-10,607192,24,7,1,7.321829,24.0,16,1
2026-04-10,607455,9,1,1,4.412829,8.0,7,1
2026-04-10,607481,1,0,0,0.008,1.0,1,0
2026-04-10,608372,22,3,0,9.35,22.0,19,5
2026-04-10,621111,20,4,0,4.632000000000001,20.0,16,0
2026-04-10,621242,8,2,1,2.911,7.0,5,1
2026-04-10,621381,3,0,0,0.5810000000000001,3.0,3,0
2026-04-10,621383,4,1,0,0.364,4.0,3,0
2026-04-10,622608,6,3,2,1.4576580000000001,6.0,1,0
2026-04-10,623149,4,0,0,1.179,4.0,4,0
2026-04-10,623437,5,0,0,1.363,5.0,5,1
2026-04-10,640448,3,0,1,1.218829,3.0,2,0
2026-04-10,641329,5,1,0,1.764,5.0,4,0
2026-04-10,641585,15,3,4,6.0160860000000005,15.0,7,1
2026-04-10,641745,3,0,0,0.272,3.0,3,0
2026-04-10,641755,3,0,0,0.909,3.0,3,0
2026-04-10,642100,4,0,0,1.88677,4.0,3,0
2026-04-10,642232,8,0,2,3.2246580000000002,8.0,6,0
2026-04-10,642397,5,0,2,1.816658,5.0,3,0
2026-04-10,642528,3,3,0,0.0,3.0,0,0
2026-04-10,642701,3,2,0,0.003,3.0,1,0
2026-04-10,643377,3,2,0,0.589,3.0,1,0
2026-04-10,643410,4,1,0,1.349,4.0,3,0
2026-04-10,647336,26,10,2,9.281198,25.0,11,3
2026-04-10,656222,4,0,0,0.63,4.0,4,0
2026-04-10,656234,5,2,0,0.599,5.0,3,0
2026-04-10,656641,3,2,0,1.437,3.0,1,1
2026-04-10,656730,5,0,0,1.43077,3.0,4,0
2026-04-10,656945,3,2,0,0.401,3.0,1,0
2026-04-10,657424,1,0,0,0.015,1.0,1,0
2026-04-10,660761,7,1,1,3.950829,7.0,5,0
2026-04-10,660825,3,0,0,0.461,3.0,3,0
2026-04-10,660853,4,1,0,0.7190000000000001,4.0,3,0
2026-04-10,661563,19,2,3,6.941257,19.0,13,1
2026-04-10,662253,5,1,2,2.386658,5.0,2,1
2026-04-10,663436,26,3,0,9.446,26.0,23,2
2026-04-10,663460,24,11,1,3.936829,24.0,12,0
2026-04-10,663465,6,1,0,2.581,6.0,5,0
2026-04-10,663558,5,2,1,0.874,4.0,2,0
2026-04-10,663623,22,5,5,8.308145,22.0,12,3
2026-04-10,663978,25,4,1,6.868829,25.0,20,0
2026-04-10,663992,1,0,0,0.312,1.0,1,0
2026-04-10,664141,4,1,2,1.454658,4.0,1,0
2026-04-10,664731,3,1,0,0.10200000000000001,3.0,2,0
2026-04-10,665660,4,1,0,1.6680000000000001,4.0,3,1
2026-04-10,666200,22,8,3,6.486487,22.0,11,0
2026-04-10,666374,1,0,0,0.058,1.0,1,0
2026-04-10,666661,5,3,0,0.741,5.0,2,0
2026-04-10,666808,3,0,0,0.487,3.0,3,0
2026-04-10,666974,3,1,0,1.83,3.0,2,1
2026-04-10,667297,3,1,0,0.324,3.0,2,0
2026-04-10,668674,3,0,0,1.37,3.0,3,1
2026-04-10,668834,3,0,0,1.52,3.0,3,1
2026-04-10,668941,5,1,0,2.80377,5.0,3,1
2026-04-10,668964,13,1,0,4.757,13.0,12,0
2026-04-10,669160,23,4,0,6.24377,23.0,18,1
2026-04-10,669199,8,3,0,2.927,8.0,4,1
2026-04-10,669276,3,1,0,0.248,3.0,2,0
2026-04-10,669358,25,4,2,9.459658,25.0,19,2
2026-04-10,669372,14,4,1,2.6838290000000002,14.0,9,0
2026-04-10,669387,23,2,3,7.395487,23.0,18,1
2026-04-10,669711,4,1,0,0.902,4.0,3,0
2026-04-10,670036,5,0,0,3.751,5.0,5,1
2026-04-10,670970,6,0,0,2.487,6.0,6,0
2026-04-10,672335,3,0,0,0.611,3.0,3,0
2026-04-10,672456,21,7,1,2.914829,21.0,13,0
2026-04-10,672582,5,0,1,1.221829,5.0,4,0
2026-04-10,674370,3,0,1,1.933829,3.0,2,1
2026-04-10,675848,4,0,1,3.230829,4.0,3,1
2026-04-10,675919,6,0,1,3.088829,6.0,5,1
2026-04-10,676106,19,5,2,4.919658,18.0,11,0
2026-04-10,676395,6,0,1,2.511829,6.0,5,0
2026-04-10,676428,3,1,0,0.388,3.0,2,0
2026-04-10,676571,3,0,0,0.667,3.0,3,0
2026-04-10,676617,3,1,0,0.315,3.0,2,0
2026-04-10,676755,4,0,1,1.810829,4.0,3,0
2026-04-10,676775,3,0,0,0.5940000000000001,3.0,3,0
2026-04-10,676879,10,4,0,2.57,10.0,6,1
2026-04-10,677161,5,0,1,2.4058289999999998,5.0,4,0
2026-04-10,677944,23,3,1,10.772829,23.0,19,3
2026-04-10,677955,1,0,0,0.194,1.0,1,0
2026-04-10,677958,21,5,2,7.293658000000001,21.0,14,2
2026-04-10,677961,5,0,0,3.6927700000000003,5.0,4,1
2026-04-10,678022,9,3,0,2.428,9.0,6,0
2026-04-10,680573,20,2,1,7.459829,19.0,16,3
2026-04-10,680742,4,1,0,0.369,4.0,3,0
2026-04-10,680755,7,4,0,1.1807699999999999,7.0,2,0
2026-04-10,680802,13,4,2,5.389658,13.0,7,1
2026-04-10,681168,7,0,1,3.333,6.0,6,1
2026-04-10,681799,4,1,0,1.6497700000000002,4.0,2,0
2026-04-10,681911,4,3,1,0.697829,4.0,0,0
2026-04-10,682254,3,2,1,0.697829,3.0,0,0
2026-04-10,682842,4,2,0,0.9359999999999999,4.0,2,0
2026-04-10,683175,6,3,0,0.6849999999999999,6.0,3,0
2026-04-10,684007,19,9,1,4.364829,19.0,9,1
2026-04-10,685801,4,1,0,1.636,4.0,3,1
2026-04-10,686799,27,2,4,9.868316,23.0,17,3
2026-04-10,686973,4,1,1,0.817829,4.0,2,0
2026-04-10,687396,4,1,0,1.053,3.0,3,0
2026-04-10,687606,5,1,0,1.621,5.0,3,0
2026-04-10,688883,7,1,2,2.815658,7.0,4,0
2026-04-10,689147,4,0,0,0.527,3.0,4,0
2026-04-10,690925,3,1,0,0.182,3.0,2,0
2026-04-10,693312,6,1,2,4.293658,5.0,2,1
2026-04-10,693821,21,3,3,6.797487,21.0,15,1
2026-04-10,693855,3,1,0,1.097,3.0,2,1
2026-04-10,694477,12,0,1,4.272829,12.0,11,0
2026-04-10,694738,25,4,2,6.874658,25.0,19,0
2026-04-10,694918,6,1,0,2.728,6.0,5,1
2026-04-10,695243,3,3,0,0.0,3.0,0,0
2026-04-10,695505,27,2,4,13.933316,27.0,21,5
2026-04-10,701474,3,0,1,1.996829,3.0,2,1
2026-04-10,701719,4,1,2,3.156658,4.0,1,1
2026-04-10,702303,3,1,0,0.11599999999999999,3.0,2,0
2026-04-10,813349,21,5,2,7.655428000000001,21.0,13,1
2026-04-10,815083,9,2,1,3.616829,9.0,6,1
2026-04-10,837227,7,0,4,3.940086,7.0,2,0
2026-04-11,455119,4,2,0,1.865,4.0,2,1
2026-04-11,472610,4,1,0,0.648,3.0,2,0
2026-04-11,518585,3,1,0,0.988,3.0,2,0
2026-04-11,518886,4,2,0,1.453,4.0,2,0
2026-04-11,527048,19,2,3,5.429487,19.0,14,1
2026-04-11,542888,5,2,1,1.963829,5.0,2,1
2026-04-11,543056,1,0,0,0.003,1.0,1,0
2026-04-11,547179,4,0,0,1.39977,4.0,3,0
2026-04-11,548384,4,1,1,3.121829,4.0,2,2
2026-04-11,571948,3,0,0,1.4140000000000001,3.0,3,0
2026-04-11,572955,5,3,0,1.492,5.0,2,1
2026-04-11,573204,5,3,1,0.171,4.0,1,0
2026-04-11,592094,1,0,0,0.278,1.0,1,0
2026-04-11,592836,19,6,2,6.082658,18.0,10,1
2026-04-11,593974,6,2,1,1.372829,6.0,3,0
2026-04-11,595014,4,1,1,1.500829,4.0,2,0
2026-04-11,595345,3,0,0,2.04,3.0,3,1
2026-04-11,596133,7,1,1,4.172829,7.0,5,1
2026-04-11,605135,21,2,1,7.1258289999999995,21.0,18,0
2026-04-11,606303,3,1,0,1.149,3.0,2,0
2026-04-11,607200,21,4,1,5.708369,21.0,14,2
2026-04-11,607259,22,4,3,9.326487,22.0,15,2
2026-04-11,607481,4,0,2,1.6306580000000002,4.0,2,0
2026-04-11,608331,30,6,0,6.222,29.0,23,0
2026-04-11,608379,28,7,1,7.275829,28.0,20,1
2026-04-11,608566,20,5,2,8.845658,20.0,13,3
2026-04-11,608718,12,2,0,1.603,11.0,9,0
2026-04-11,621121,19,4,2,7.870658000000001,19.0,13,1
2026-04-11,621237,2,0,0,0.80677,2.0,1,0
2026-04-11,621366,7,3,0,1.822,7.0,4,0
2026-04-11,622491,21,3,1,10.530829,21.0,17,3
2026-04-11,623211,9,3,0,2.1310000000000002,9.0,6,0
2026-04-11,623454,12,2,2,2.235658,12.0,8,0
2026-04-11,623474,3,0,0,2.042,3.0,3,1
2026-04-11,624133,22,6,2,6.502658,22.0,14,0
2026-04-11,641302,9,2,1,1.9148290000000001,9.0,6,0
2026-04-11,641329,6,0,1,2.007829,6.0,5,0
2026-04-11,641401,1,0,0,0.147,1.0,1,0
2026-04-11,641745,6,2,1,2.273829,6.0,3,0
2026-04-11,641755,3,0,1,1.849829,3.0,2,0
2026-04-11,641778,26,3,5,8.914145,25.0,17,2
2026-04-11,641835,3,1,0,0.946,3.0,2,0
2026-04-11,641941,4,0,1,1.219829,4.0,3,0
2026-04-11,642121,4,0,0,0.828,4.0,4,0
2026-04-11,642397,1,0,0,0.015,1.0,1,0
2026-04-11,642701,6,0,2,3.827658,6.0,4,1
2026-04-11,643377,2,1,1,0.697829,2.0,0,0
2026-04-11,643410,3,3,0,0.0,3.0,0,0
2026-04-11,650556,5,1,3,2.698487,5.0,1,0
2026-04-11,656464,4,2,1,0.7288290000000001,4.0,1,0
2026-04-11,656492,20,1,3,5.568487,20.0,16,1
2026-04-11,656794,6,1,0,0.917,6.0,5,0
2026-04-11,656848,3,0,0,1.287,3.0,3,1
2026-04-11,656945,3,0,0,1.116,3.0,3,0
2026-04-11,657044,3,3,0,0.0,3.0,0,0
2026-04-11,657097,3,2,0,0.676,3.0,1,0
2026-04-11,657277,26,6,3,8.020487,25.0,16,1
2026-04-11,657514,4,1,1,0.31300000000000006,3.0,2,0
2026-04-11,657612,1,0,0,0.351,1.0,1,0
2026-04-11,657746,24,5,1,4.6395990000000005,24.0,17,1
2026-04-11,660825,5,2,0,1.039,5.0,3,0
2026-04-11,661395,3,1,0,0.18,3.0,2,0
2026-04-11,662253,6,1,2,2.2846580000000003,6.0,3,0
2026-04-11,663372,22,4,3,9.461487,21.0,14,3
2026-04-11,663485,5,0,0,3.211,5.0,5,1
2026-04-11,663554,25,5,1,6.383829,25.0,19,2
2026-04-11,663574,3,1,0,0.177,3.0,2,0
2026-04-11,663855,4,1,0,0.459,4.0,3,0
2026-04-11,664854,4,0,0,1.2810000000000001,4.0,4,0
2026-04-11,664875,4,0,1,2.214829,4.0,3,0
2026-04-11,664991,3,1,0,0.17600000000000002,3.0,2,0
2026-04-11,665622,3,1,0,0.257,3.0,2,0
2026-04-11,665795,25,4,3,10.081487000000001,25.0,18,3
2026-04-11,666171,8,1,0,2.0100000000000002,7.0,6,1
2026-04-11,666374,5,0,1,2.2300000000000004,4.0,4,1
2026-04-11,666974,1,0,0,0.222,1.0,1,0
2026-04-11,667463,5,2,1,1.471599,5.0,1,0
2026-04-11,668674,3,1,0,0.255,3.0,2,0
2026-04-11,668873,4,2,1,1.962829,4.0,1,1
2026-04-11,668933,3,0,0,1.8980000000000001,3.0,3,1
2026-04-11,668984,6,2,0,1.0339999999999998,6.0,4,0
2026-04-11,669084,2,0,1,0.717829,2.0,1,0
2026-04-11,669270,4,0,0,1.608,4.0,4,0
2026-04-11,669622,5,0,1,1.075829,5.0,4,0
2026-04-11,669711,4,0,1,1.526829,4.0,2,0
2026-04-11,670245,5,0,0,1.30577,5.0,4,0
2026-04-11,670280,5,1,1,0.5720000000000001,4.0,3,0
2026-04-11,670329,3,1,0,0.011,3.0,2,0
2026-04-11,670990,10,2,3,1.568829,8.0,5,0
2026-04-11,672335,3,1,0,0.5449999999999999,3.0,2,0
2026-04-11,673540,17,3,2,6.783658,17.0,12,2
2026-04-11,674370,12,1,2,3.032658,12.0,9,1
2026-04-11,676083,22,4,2,8.276658,22.0,15,1
2026-04-11,676263,3,3,0,0.0,3.0,0,0
2026-04-11,676395,4,0,1,1.5458290000000001,4.0,3,0
2026-04-11,676477,4,2,0,2.085,4.0,2,1
2026-04-11,676755,5,1,0,2.087,5.0,4,0
2026-04-11,676760,6,2,0,2.008,6.0,4,0
2026-04-11,676962,8,3,1,2.579829,8.0,4,0
2026-04-11,677865,3,1,0,0.771,3.0,2,1
2026-04-11,677952,20,9,1,4.203829,20.0,10,1
2026-04-11,678606,4,1,0,0.259,4.0,3,0
2026-04-11,678906,3,2,1,0.697829,3.0,0,0
2026-04-11,681217,5,1,4,2.791316,5.0,0,0
2026-04-11,681517,17,2,3,8.221257,17.0,11,3
2026-04-11,681870,3,2,0,0.288,3.0,1,0
2026-04-11,681892,5,0,1,2.065829,5.0,4,0
2026-04-11,681911,1,1,0,0.0,1.0,0,0
2026-04-11,681982,2,1,0,0.365,2.0,1,0
2026-04-11,682052,25,5,3,9.740487,25.0,17,2
2026-04-11,682227,21,3,6,8.206744,21.0,11,1
2026-04-11,682254,4,2,0,1.248,4.0,2,0
2026-04-11,683004,19,4,4,8.663316,19.0,11,3
2026-04-11,683175,4,0,2,2.123658,4.0,2,0
2026-04-11,685801,5,0,2,2.463829,4.0,3,1
2026-04-11,686218,22,6,1,7.209829,22.0,15,2
2026-04-11,686993,6,1,1,1.556829,6.0,4,0
2026-04-11,687075,15,3,3,5.817487,15.0,9,1
2026-04-11,687330,1,1,0,0.0,1.0,0,0
2026-04-11,687911,4,1,1,1.007829,4.0,2,0
2026-04-11,688642,8,0,3,4.155487,8.0,5,0
2026-04-11,689147,3,1,0,0.086,3.0,2,0
2026-04-11,689296,4,2,0,0.059,4.0,2,0
2026-04-11,690925,7,2,2,2.086829,6.0,3,0
2026-04-11,690986,19,1,1,6.388599,19.0,16,0
2026-04-11,691946,16,2,5,7.125145,16.0,9,1
2026-04-11,693686,12,2,1,2.677829,12.0,9,0
2026-04-11,693855,5,3,0,0.486,5.0,2,0
2026-04-11,694037,4,0,1,1.042829,4.0,3,0
2026-04-11,694297,28,6,3,11.983257,28.0,18,3
2026-04-11,694335,10,1,1,6.009829,10.0,8,1
2026-04-11,694363,2,0,0,0.313,2.0,2,0
2026-04-11,695418,6,3,1,0.41600000000000004,5.0,2,0
2026-04-11,699134,5,1,1,1.975829,5.0,3,0
2026-04-11,700669,10,2,1,2.4595990000000003,10.0,6,0
2026-04-11,800048,26,5,2,6.982658,26.0,19,0
2026-04-11,805123,3,0,0,1.2999999999999998,3.0,3,0
2026-04-12,453286,15,3,2,8.178428,15.0,9,2
2026-04-12,519141,3,1,0,2.337,3.0,2,1
2026-04-12,519242,26,6,1,8.082829,26.0,19,3
2026-04-12,543056,1,0,0,0.306,1.0,1,0
2026-04-12,573009,8,1,0,2.81977,8.0,6,0
2026-04-12,592791,26,10,2,8.036428,26.0,13,2
2026-04-12,593974,3,1,0,0.342,3.0,2,0
2026-04-12,594580,9,1,3,3.4544870000000003,8.0,3,0
2026-04-12,594798,25,9,3,5.537658,23.0,12,1
2026-04-12,595978,1,0,0,0.482,1.0,1,0
2026-04-12,596001,4,2,1,1.008829,4.0,1,0
2026-04-12,601713,9,4,0,1.057,9.0,5,0
2026-04-12,605130,4,0,1,1.7528290000000002,4.0,3,0
2026-04-12,605288,21,3,2,6.995658,21.0,16,1
2026-04-12,605540,23,6,1,4.992,22.0,16,2
2026-04-12,606996,10,1,1,3.5525990000000003,10.0,7,0
2026-04-12,608371,3,1,0,0.28,3.0,2,0
2026-04-12,621237,3,0,0,0.993,2.0,2,0
2026-04-12,622554,4,2,1,0.982829,4.0,1,0
2026-04-12,623149,3,2,0,0.016,3.0,1,0
2026-04-12,623437,3,0,0,0.849,3.0,3,0
2026-04-12,623474,6,0,1,2.662599,5.0,4,0
2026-04-12,640448,5,0,0,1.202,5.0,5,0
2026-04-12,640455,9,4,0,1.418,9.0,5,0
2026-04-12,641793,21,3,0,9.282,21.0,18,3
2026-04-12,641835,3,1,0,1.236,3.0,2,1
2026-04-12,642121,4,0,1,3.277829,4.0,3,1
2026-04-12,642232,5,1,0,1.475,5.0,4,0
2026-04-12,642528,3,0,0,0.40900000000000003,3.0,3,0
2026-04-12,642547,25,6,3,10.283487000000001,25.0,16,2
2026-04-12,643511,3,0,0,1.116,3.0,3,0
2026-04-12,645261,30,4,2,12.062658,30.0,24,3
2026-04-12,647315,9,1,0,4.138,9.0,8,1
2026-04-12,650556,5,1,1,1.8098290000000001,5.0,3,0
2026-04-12,650644,20,3,0,6.147,20.0,17,0
2026-04-12,656271,6,0,1,2.4218290000000002,6.0,5,1
2026-04-12,656464,3,1,1,1.320829,3.0,1,0
2026-04-12,656546,3,2,0,0.011,3.0,1,0
2026-04-12,656638,4,2,1,0.710829,4.0,1,0
2026-04-12,656641,5,0,1,1.995829,5.0,4,0
2026-04-12,656794,3,0,1,1.314829,3.0,2,0
2026-04-12,656876,19,7,0,3.293,19.0,12,1
2026-04-12,657044,1,0,0,0.003,1.0,1,0
2026-04-12,657424,4,1,1,1.101829,4.0,2,0
2026-04-12,657514,1,0,0,0.071,1.0,1,0
2026-04-12,657756,5,1,0,1.113,5.0,4,1
2026-04-12,660853,4,0,0,0.387,4.0,4,0
2026-04-12,663465,18,1,1,8.936599,18.0,15,2
2026-04-12,663542,4,3,0,0.335,4.0,1,0
2026-04-12,663687,3,2,0,0.031,3.0,1,0
2026-04-12,663738,4,1,0,0.87577,4.0,2,0
2026-04-12,663765,5,0,0,1.7970000000000002,5.0,5,0
2026-04-12,663855,5,0,0,1.764,5.0,5,0
2026-04-12,663969,9,2,1,3.293829,9.0,6,0
2026-04-12,664141,4,0,1,1.531829,4.0,3,0
2026-04-12,664199,4,0,0,0.571,4.0,4,0
2026-04-12,664353,5,0,1,2.700829,5.0,4,1
2026-04-12,664875,6,2,2,2.259658,6.0,2,0
2026-04-12,665660,1,0,0,0.067,1.0,1,0
2026-04-12,666277,3,1,0,0.538,3.0,2,0
2026-04-12,666808,3,0,0,0.659,3.0,3,0
2026-04-12,667297,3,1,0,0.363,3.0,2,0
2026-04-12,667755,26,10,3,6.332487,25.0,12,1
2026-04-12,668390,5,1,1,1.133829,5.0,3,0
2026-04-12,668678,22,2,1,9.492829,22.0,19,2
2026-04-12,669062,5,1,1,0.955829,5.0,3,0
2026-04-12,669270,3,0,0,0.36000000000000004,3.0,3,0
2026-04-12,669302,24,7,1,6.578829,24.0,16,2
2026-04-12,669330,8,1,0,4.002,8.0,7,1
2026-04-12,669371,3,0,2,2.767658,3.0,1,1
2026-04-12,669373,24,7,2,6.178428,24.0,14,0
2026-04-12,669438,7,1,1,4.495,6.0,5,2
2026-04-12,669467,27,2,1,12.403369,27.0,22,2
2026-04-12,670167,6,1,1,1.19277,3.0,2,0
2026-04-12,671096,18,1,2,7.503658,18.0,15,1
2026-04-12,671737,23,7,4,7.113316,23.0,12,0
2026-04-12,672582,7,0,1,3.961829,6.0,6,0
2026-04-12,673929,5,0,1,0.963829,5.0,4,0
2026-04-12,675989,9,1,4,5.006086,9.0,3,0
2026-04-12,676254,5,2,0,1.716,5.0,3,0
2026-04-12,676263,3,0,0,0.202,3.0,3,0
2026-04-12,676440,24,4,1,8.508829,24.0,19,0
2026-04-12,676508,6,1,2,2.905658,6.0,3,0
2026-04-12,676571,5,0,0,1.326,5.0,5,0
2026-04-12,676879,3,1,0,0.751,3.0,2,0
2026-04-12,677161,7,2,0,2.67,7.0,5,1
2026-04-12,678368,24,1,4,13.270086000000001,24.0,18,3
2026-04-12,678394,27,2,2,9.179658,27.0,23,1
2026-04-12,678606,3,0,0,0.24,3.0,3,0
2026-04-12,680704,4,0,0,1.31377,4.0,3,0
2026-04-12,680742,4,2,1,0.813829,4.0,1,0
2026-04-12,680767,3,1,1,0.8808290000000001,3.0,1,0
2026-04-12,681151,11,3,3,2.8054870000000003,11.0,5,0
2026-04-12,681402,3,1,0,0.182,3.0,2,0
2026-04-12,681799,3,1,0,1.09977,3.0,1,0
2026-04-12,681867,3,1,0,0.9440000000000001,3.0,2,0
2026-04-12,682842,4,0,0,1.031,4.0,4,1
2026-04-12,682995,8,1,2,2.281658,8.0,5,0
2026-04-12,683175,3,1,0,0.867,3.0,2,0
2026-04-12,683232,3,1,1,0.697829,3.0,1,0
2026-04-12,683618,5,0,2,1.8296580000000002,5.0,3,0
2026-04-12,685005,13,2,1,5.111599,13.0,9,0
2026-04-12,685126,6,1,0,1.8639999999999999,5.0,5,0
2026-04-12,686563,3,0,3,2.093487,3.0,0,0
2026-04-12,686610,6,1,0,1.109,6.0,5,0
2026-04-12,686973,3,3,0,0.0,3.0,0,0
2026-04-12,687330,5,0,0,1.536,5.0,5,0
2026-04-12,687396,5,0,0,1.552,3.0,5,0
2026-04-12,688158,6,4,1,0.714829,6.0,1,0
2026-04-12,689254,3,2,0,0.021,3.0,1,0
2026-04-12,689266,10,2,0,1.985,10.0,8,0
2026-04-12,689296,1,1,0,0.0,1.0,0,0
2026-04-12,691725,19,7,1,3.527829,18.0,11,0
2026-04-12,691799,6,2,0,2.3280000000000003,6.0,4,1
2026-04-12,693312,10,0,3,3.2844870000000004,10.0,7,0
2026-04-12,693645,23,8,1,6.144829,23.0,14,0
2026-04-12,694037,4,2,1,0.914829,4.0,1,0
2026-04-12,694361,8,4,1,1.063,7.0,3,0
2026-04-12,694363,13,1,2,3.536658,13.0,10,0
2026-04-12,696147,7,1,3,2.662487,6.0,2,0
2026-04-12,696149,23,4,2,7.5456579999999995,23.0,17,1
2026-04-12,699134,4,2,0,0.459,4.0,2,0
2026-04-12,700249,24,5,0,5.711,24.0,19,2
2026-04-12,702070,23,4,2,9.581658,23.0,17,3
2026-04-12,702193,15,2,0,3.299,15.0,13,0
2026-04-12,702303,5,2,0,0.588,5.0,3,0
2026-04-12,801403,4,0,0,1.238,3.0,4,0
2026-04-12,808963,22,6,5,8.537145,22.0,11,1
2026-04-13,518585,3,0,2,2.694658,3.0,1,1
2026-04-13,518886,3,0,0,1.286,3.0,3,0
2026-04-13,519141,4,2,0,1.8900000000000001,4.0,2,1
2026-04-13,543135,26,7,2,7.438428,26.0,16,1
2026-04-13,544150,10,0,1,4.537829,10.0,9,1
2026-04-13,579328,19,3,4,12.244316,19.0,12,4
2026-04-13,605447,5,0,2,3.2086580000000002,5.0,3,1
2026-04-13,607481,7,2,0,3.184,7.0,5,1
2026-04-13,621112,3,0,0,0.183,3.0,3,0
2026-04-13,622663,26,7,3,11.207487,26.0,16,4
2026-04-13,641312,12,1,1,6.462829,12.0,10,2
2026-04-13,641585,8,0,0,4.837,8.0,8,1
2026-04-13,641927,26,7,1,8.824599,26.0,17,3
2026-04-13,642528,5,0,1,3.2065989999999998,5.0,3,0
2026-04-13,650911,26,8,3,6.3514870000000005,26.0,15,0
2026-04-13,656212,17,1,3,6.6362570000000005,17.0,12,0
2026-04-13,656234,7,1,0,3.772,7.0,6,1
2026-04-13,656550,17,3,2,4.706658,17.0,12,0
2026-04-13,656849,25,7,4,8.997086,25.0,13,0
2026-04-13,656945,3,0,0,1.204,3.0,3,0
2026-04-13,657097,2,1,0,0.017,2.0,1,0
2026-04-13,657612,7,0,0,2.339,7.0,7,0
2026-04-13,660761,9,1,0,2.427,9.0,8,0
2026-04-13,663558,9,2,2,2.469658,9.0,5,0
2026-04-13,664353,9,0,0,3.448,9.0,9,1
2026-04-13,664854,3,2,0,0.072,3.0,1,0
2026-04-13,665152,21,9,0,8.18,21.0,12,4
2026-04-13,665622,5,1,1,1.2938290000000001,5.0,3,0
2026-04-13,665871,26,3,2,11.506658,26.0,21,2
2026-04-13,666374,1,0,0,0.641,1.0,1,0
2026-04-13,666808,6,1,0,2.904,6.0,5,1
2026-04-13,667463,1,0,0,0.128,1.0,1,0
2026-04-13,668909,22,4,2,8.224658,22.0,16,2
2026-04-13,669194,22,7,2,5.362658,22.0,12,0
2026-04-13,669199,8,4,1,1.759829,8.0,3,0
2026-04-13,669461,23,2,3,8.979487,23.0,18,1
2026-04-13,669622,3,1,0,0.6649999999999999,3.0,2,0
2026-04-13,669923,29,6,1,7.851829,29.0,22,1
2026-04-13,670183,7,3,2,1.875658,7.0,2,0
2026-04-13,670245,8,2,0,4.465999999999999,8.0,6,3
2026-04-13,670329,3,0,0,0.397,3.0,3,0
2026-04-13,671131,12,2,2,5.019658,12.0,8,1
2026-04-13,671922,4,0,0,0.917,4.0,4,0
2026-04-13,676534,5,2,3,2.093487,5.0,0,0
2026-04-13,676917,12,2,3,5.728257,12.0,6,0
2026-04-13,676979,18,0,3,10.321257000000001,18.0,14,3
2026-04-13,677053,3,1,0,0.271,3.0,2,0
2026-04-13,677865,5,1,1,2.665829,5.0,3,1
2026-04-13,677961,4,0,1,3.208829,4.0,3,2
2026-04-13,678022,11,4,1,3.676829,11.0,6,0
2026-04-13,679358,7,0,1,2.304829,7.0,6,0
2026-04-13,680702,9,5,1,2.368829,9.0,3,0
2026-04-13,680736,25,2,0,7.584,25.0,23,1
2026-04-13,681168,8,1,0,2.6790000000000003,8.0,7,1
2026-04-13,681347,30,3,1,9.762829,30.0,26,1
2026-04-13,681676,9,2,0,3.132,9.0,7,0
2026-04-13,681870,3,0,0,0.767,3.0,3,0
2026-04-13,681895,9,3,1,2.531599,9.0,4,0
2026-04-13,682120,5,1,1,1.7288290000000002,5.0,3,0
2026-04-13,683769,6,1,1,1.569829,6.0,4,0
2026-04-13,686751,13,1,2,5.275428,13.0,9,1
2026-04-13,686894,7,0,1,3.0335989999999997,7.0,5,0
2026-04-13,687377,3,0,0,0.376,3.0,3,0
2026-04-13,687606,10,4,0,2.549,10.0,6,1
2026-04-13,688497,6,1,1,3.455829,6.0,4,1
2026-04-13,689147,5,3,0,0.34700000000000003,5.0,2,0
2026-04-13,691548,12,3,1,5.140829,12.0,8,2
2026-04-13,691587,20,2,2,7.1996579999999994,20.0,16,3
2026-04-13,694851,5,1,0,1.921,5.0,4,1
2026-04-13,694973,20,6,1,4.587829,20.0,13,2
2026-04-13,695418,6,1,1,3.912829,6.0,4,2
2026-04-13,700669,5,1,1,2.534829,5.0,3,1
2026-04-13,701542,17,6,1,5.544599,17.0,9,0
2026-04-13,701719,6,0,0,1.09,6.0,6,0
2026-04-13,815083,6,1,0,1.81,6.0,5,0
2026-04-14,445276,4,0,0,0.901,4.0,4,0
2026-04-14,455119,1,1,0,0.0,1.0,0,0
2026-04-14,518876,24,3,4,10.480316,23.0,17,3
2026-04-14,542888,4,1,0,1.5270000000000001,4.0,3,0
2026-04-14,543243,22,1,1,10.162599,22.0,19,3
2026-04-14,547179,18,3,1,6.877829,18.0,14,1
2026-04-14,547973,4,3,0,0.72877,4.0,0,0
2026-04-14,548384,6,1,2,1.6728290000000001,4.0,3,0
2026-04-14,571945,14,0,2,4.6336580000000005,14.0,12,0
2026-04-14,573124,5,1,1,1.398829,5.0,3,0
2026-04-14,573204,4,2,1,1.499829,4.0,1,0
2026-04-14,592094,3,0,1,0.777829,3.0,2,0
2026-04-14,592332,24,5,3,8.411487000000001,24.0,16,1
2026-04-14,592662,20,6,4,8.133316,17.0,7,3
2026-04-14,592773,6,0,0,2.117,6.0,6,0
2026-04-14,595014,1,1,0,0.0,1.0,0,0
2026-04-14,595345,4,1,1,0.715829,4.0,2,0
2026-04-14,605400,23,5,2,7.239658,23.0,16,0
2026-04-14,605488,23,5,2,6.704658,23.0,16,1
2026-04-14,607067,22,5,0,6.695,22.0,17,1
2026-04-14,608371,8,1,1,2.628829,7.0,6,0
2026-04-14,621112,7,1,1,3.5058290000000003,7.0,5,0
2026-04-14,621381,5,1,1,1.3698290000000002,5.0,3,0
2026-04-14,621383,7,1,1,3.5458290000000003,7.0,5,1
2026-04-14,622608,12,3,0,2.291,12.0,9,0
2026-04-14,623149,3,1,0,0.264,3.0,2,0
2026-04-14,625643,21,6,3,6.707487,21.0,12,0
2026-04-14,628452,3,2,0,0.012,3.0,1,0
2026-04-14,641302,6,2,1,2.436829,6.0,3,0
2026-04-14,641329,1,0,0,0.02,1.0,1,0
2026-04-14,641745,3,2,0,0.552,3.0,1,0
2026-04-14,641755,3,0,0,1.184,3.0,3,0
2026-04-14,641835,6,0,2,2.8274280000000003,6.0,3,0
2026-04-14,641941,3,1,0,1.1569999999999998,3.0,2,1
2026-04-14,643410,3,2,0,0.123,3.0,1,0
2026-04-14,643511,4,0,0,0.5960000000000001,4.0,4,0
2026-04-14,650633,25,5,2,8.129198,25.0,16,1
2026-04-14,656546,7,1,3,2.553658,6.0,3,0
2026-04-14,656605,21,3,4,10.202086,21.0,13,1
2026-04-14,656730,6,0,1,3.6228290000000003,6.0,5,1
2026-04-14,656848,7,1,0,1.4800000000000002,7.0,6,0
2026-04-14,657044,1,0,0,0.212,1.0,1,0
2026-04-14,657097,3,0,0,1.197,3.0,3,0
2026-04-14,660787,9,1,2,3.102658,9.0,6,0
2026-04-14,660853,1,1,0,0.0,1.0,0,0
2026-04-14,663158,6,1,0,2.26,6.0,5,0
2026-04-14,663485,4,1,0,0.785,4.0,3,0
2026-04-14,663542,3,1,0,0.833,3.0,2,0
2026-04-14,663556,23,4,4,8.371316,23.0,14,2
2026-04-14,663574,4,1,1,1.590829,4.0,2,0
2026-04-14,663687,4,0,2,1.545658,4.0,2,0
2026-04-14,663767,8,3,1,2.2638290000000003,8.0,4,0
2026-04-14,663855,4,0,0,0.938,4.0,4,0
2026-04-14,663903,25,1,0,5.75677,24.0,22,1
2026-04-14,664126,7,1,0,2.60277,7.0,5,1
2026-04-14,664199,4,1,0,0.7909999999999999,4.0,3,0
2026-04-14,664285,26,1,2,5.773658,26.0,23,1
2026-04-14,664991,4,3,0,0.304,4.0,1,0
2026-04-14,665660,1,0,0,0.632,1.0,1,0
2026-04-14,666142,21,1,4,8.646316,21.0,16,1
2026-04-14,666171,4,2,0,0.575,4.0,2,0
2026-04-14,666277,4,1,1,1.082829,4.0,2,0
2026-04-14,666661,6,0,2,2.526658,6.0,4,0
2026-04-14,666974,3,2,0,0.221,3.0,1,0
2026-04-14,668873,4,1,1,2.020829,4.0,2,0
2026-04-14,668933,3,2,0,0.0,2.0,0,0
2026-04-14,668941,5,0,1,1.8458290000000002,5.0,4,0
2026-04-14,668984,6,1,0,1.697,6.0,5,0
2026-04-14,669020,3,0,0,0.326,3.0,3,0
2026-04-14,669022,22,5,6,6.967974000000001,21.0,11,0
2026-04-14,669084,2,0,0,0.185,2.0,2,0
2026-04-14,669276,3,2,0,0.322,3.0,1,0
2026-04-14,669432,23,6,1,5.976829,22.0,15,1
2026-04-14,669438,4,1,0,1.315,4.0,3,0
2026-04-14,670329,4,2,0,0.301,4.0,2,0
2026-04-14,670970,3,1,0,1.0110000000000001,3.0,2,0
2026-04-14,670990,6,2,0,1.3729999999999998,6.0,4,0
2026-04-14,671922,5,1,0,1.186,5.0,4,0
2026-04-14,672282,25,9,0,6.508,25.0,16,1
2026-04-14,672335,3,0,1,1.622829,3.0,2,0
2026-04-14,672582,3,1,0,0.484,3.0,2,0
2026-04-14,672782,8,1,1,4.303829,8.0,6,1
2026-04-14,675848,4,1,0,1.9220000000000002,4.0,3,0
2026-04-14,675919,4,0,0,1.95377,4.0,3,0
2026-04-14,676254,3,0,0,0.43500000000000005,3.0,3,0
2026-04-14,676282,21,4,2,8.228658,21.0,15,2
2026-04-14,676395,6,3,1,1.148829,6.0,2,0
2026-04-14,676467,20,5,0,7.97377,19.0,13,2
2026-04-14,676571,4,1,0,1.042,4.0,3,0
2026-04-14,676617,3,1,0,0.255,3.0,2,0
2026-04-14,676684,3,3,0,0.0,3.0,0,0
2026-04-14,676755,7,1,0,2.005,7.0,6,0
2026-04-14,676775,3,2,0,0.04,3.0,1,0
2026-04-14,676974,21,5,1,7.408829,21.0,15,1
2026-04-14,677960,22,10,2,9.611658,22.0,10,5
2026-04-14,678906,6,2,2,1.536658,6.0,2,0
2026-04-14,680730,10,5,0,1.781,10.0,5,0
2026-04-14,680755,4,2,0,1.4289999999999998,4.0,2,1
2026-04-14,681217,3,1,0,0.027999999999999997,3.0,2,0
2026-04-14,681252,11,4,1,3.903829,11.0,6,1
2026-04-14,681402,5,1,1,2.576829,5.0,3,1
2026-04-14,681870,5,2,1,1.677829,5.0,2,1
2026-04-14,681911,3,3,0,0.0,3.0,0,0
2026-04-14,681982,5,0,1,1.944,4.0,4,1
2026-04-14,682120,1,0,0,0.099,1.0,1,0
2026-04-14,682254,4,2,0,0.604,4.0,2,0
2026-04-14,682842,5,1,0,1.96,5.0,4,0
2026-04-14,683232,6,0,1,2.5428290000000002,6.0,5,0
2026-04-14,685126,8,1,1,2.755829,7.0,6,0
2026-04-14,685801,5,0,2,2.121658,5.0,3,0
2026-04-14,686973,6,2,0,0.754,6.0,4,0
2026-04-14,686993,3,1,0,0.247,3.0,2,0
2026-04-14,687396,5,0,1,2.117829,5.0,4,0
2026-04-14,687911,7,2,0,2.33,7.0,5,0
2026-04-14,688642,3,2,0,0.224,3.0,1,0
2026-04-14,689254,4,2,1,0.697829,3.0,1,0
2026-04-14,690925,2,0,0,0.9450000000000001,2.0,2,0
2026-04-14,690953,26,10,0,5.41877,26.0,15,0
2026-04-14,690997,25,8,2,6.1416580000000005,25.0,15,1
2026-04-14,693433,29,3,1,7.903829,29.0,25,1
2026-04-14,694335,3,2,0,0.12,3.0,1,0
2026-04-14,694819,21,5,0,4.7860000000000005,21.0,16,1
2026-04-14,695243,3,1,0,0.081,3.0,2,0
2026-04-14,700241,20,2,1,10.896829,20.0,17,4
2026-04-14,702273,20,4,4,6.870316,19.0,12,0
2026-04-14,702303,3,1,0,0.15000000000000002,3.0,2,0
2026-04-14,805123,6,1,1,2.271829,6.0,4,1
2026-04-14,808967,28,7,1,8.064829,28.0,20,2
2026-04-15,445276,4,1,0,0.7090000000000001,4.0,3,0
2026-04-15,500779,18,1,4,9.155316,18.0,13,3
2026-04-15,518585,4,0,0,1.49977,4.0,3,0
2026-04-15,519141,4,0,0,1.151,4.0,4,0
2026-04-15,543056,3,0,0,0.20099999999999998,3.0,3,0
2026-04-15,572955,4,1,0,0.44899999999999995,4.0,3,0
2026-04-15,593958,25,3,4,10.107316,25.0,18,2
2026-04-15,593974,5,1,1,1.887829,5.0,3,0
2026-04-15,595014,4,1,0,1.2510000000000001,3.0,2,1
2026-04-15,595345,3,1,0,1.589,3.0,2,0
2026-04-15,605130,4,1,0,1.421,4.0,3,0
2026-04-15,605280,21,4,1,7.802599,21.0,15,2
2026-04-15,605447,4,0,1,2.171829,4.0,3,1
2026-04-15,607455,6,1,0,1.8137699999999999,6.0,4,0
2026-04-15,607625,23,7,0,4.455,23.0,16,0
2026-04-15,621237,3,1,0,0.235,3.0,2,0
2026-04-15,621366,3,1,0,0.598,3.0,2,0
2026-04-15,623437,4,0,1,1.6828290000000001,3.0,2,0
2026-04-15,624512,3,0,0,0.082,3.0,3,0
2026-04-15,628452,4,3,0,0.63,4.0,1,0
2026-04-15,640448,5,0,0,1.899,5.0,5,1
2026-04-15,641401,7,0,1,2.522829,6.0,6,0
2026-04-15,641755,3,1,0,0.164,3.0,2,0
2026-04-15,641816,24,6,5,11.274145,22.0,11,5
2026-04-15,642100,4,0,0,2.028,4.0,4,1
2026-04-15,642121,9,1,1,3.770829,9.0,7,1
2026-04-15,642207,5,1,1,3.370829,5.0,3,2
2026-04-15,642397,3,2,0,0.214,3.0,1,0
2026-04-15,642701,4,0,0,1.70777,4.0,3,0
2026-04-15,643410,5,1,1,2.750829,5.0,3,1
2026-04-15,643511,7,0,1,1.16,6.0,6,0
2026-04-15,650556,5,2,1,0.8708290000000001,5.0,2,0
2026-04-15,656222,5,2,1,1.255829,4.0,2,0
2026-04-15,656271,3,1,0,1.151,3.0,2,0
2026-04-15,656302,22,6,3,5.622487,22.0,13,0
2026-04-15,656427,22,7,3,4.204487,22.0,12,1
2026-04-15,656457,9,2,2,3.992658,9.0,5,1
2026-04-15,656464,8,4,0,0.338,8.0,4,0
2026-04-15,656641,3,0,0,0.46599999999999997,3.0,3,0
2026-04-15,656945,3,0,0,0.655,3.0,3,0
2026-04-15,657044,3,0,0,0.877,3.0,3,0
2026-04-15,657612,3,0,0,0.479,3.0,3,0
2026-04-15,660271,22,10,2,5.017658,22.0,10,1
2026-04-15,660825,3,0,0,0.403,3.0,3,0
2026-04-15,660853,3,2,0,0.335,3.0,1,0
2026-04-15,661563,22,5,2,9.040658,22.0,15,3
2026-04-15,662253,7,1,1,3.555829,7.0,5,0
2026-04-15,663158,2,0,0,0.267,2.0,2,0
2026-04-15,663542,3,1,0,0.273,3.0,2,0
2026-04-15,663623,23,5,3,7.526257,23.0,14,0
2026-04-15,663687,2,1,0,0.075,2.0,1,0
2026-04-15,663738,1,1,0,0.0,1.0,0,0
2026-04-15,663947,4,0,0,2.628,4.0,4,0
2026-04-15,663978,19,4,0,5.203,19.0,15,1
2026-04-15,664141,9,2,1,4.076829,9.0,6,0
2026-04-15,664199,3,0,0,0.9319999999999999,3.0,3,0
2026-04-15,664238,5,0,1,1.7435990000000001,5.0,3,0
2026-04-15,664854,3,2,0,0.055,3.0,1,0
2026-04-15,664991,4,0,0,1.06,4.0,4,0
2026-04-15,666200,27,4,1,10.619829,27.0,22,1
2026-04-15,666661,3,1,0,0.201,3.0,2,0
2026-04-15,666974,1,1,0,0.0,1.0,0,0
2026-04-15,667463,7,1,0,3.4997700000000003,7.0,5,1
2026-04-15,668390,6,2,1,3.0668290000000002,6.0,3,1
2026-04-15,668933,4,0,1,1.4268290000000001,4.0,3,0
2026-04-15,668941,4,1,0,0.216,4.0,3,0
2026-04-15,668964,9,2,0,3.997,9.0,7,2
2026-04-15,669084,2,0,0,1.2850000000000001,2.0,2,0
2026-04-15,669160,22,4,1,5.209829,21.0,16,0
2026-04-15,669165,6,3,0,2.42177,6.0,2,0
2026-04-15,669212,6,1,1,1.960829,6.0,4,0
2026-04-15,669270,4,2,0,0.66,4.0,2,0
2026-04-15,669276,2,1,1,0.697829,2.0,0,0
2026-04-15,669330,6,0,0,4.024,5.0,6,1
2026-04-15,669372,21,3,4,7.181316,21.0,14,1
2026-04-15,669387,23,5,2,5.095428,23.0,15,0
2026-04-15,669438,4,1,0,1.075,3.0,2,0
2026-04-15,669947,19,3,2,6.916428,19.0,13,1
2026-04-15,670036,11,3,0,2.76077,11.0,7,0
2026-04-15,670245,7,0,1,4.617829,7.0,6,2
2026-04-15,670280,3,2,0,0.28,3.0,1,0
2026-04-15,674370,5,0,1,3.099829,5.0,4,1
2026-04-15,676106,23,6,1,7.219829,22.0,15,3
2026-04-15,676477,5,2,1,0.957829,5.0,2,0
2026-04-15,676534,3,1,0,0.56,3.0,2,0
2026-04-15,676617,3,2,0,0.158,3.0,1,0
2026-04-15,676760,9,2,1,4.038829,9.0,6,1
2026-04-15,676879,5,3,1,0.834829,5.0,1,0
2026-04-15,676962,6,0,0,1.91,6.0,6,0
2026-04-15,677053,7,1,0,5.592,7.0,6,2
2026-04-15,677865,5,1,1,1.7898290000000001,5.0,3,0
2026-04-15,677944,20,4,5,5.055145,20.0,11,0
2026-04-15,677955,2,0,1,0.936829,2.0,1,0
2026-04-15,677958,23,6,4,6.6890860000000005,23.0,12,1
2026-04-15,678606,1,0,0,0.722,1.0,1,0
2026-04-15,679358,3,1,0,0.485,3.0,2,0
2026-04-15,679775,8,3,0,2.492,8.0,5,1
2026-04-15,680573,27,3,3,9.124487,26.0,21,1
2026-04-15,680694,27,4,1,7.148829,26.0,21,0
2026-04-15,680732,25,2,3,11.471487,24.0,20,2
2026-04-15,680755,1,0,0,0.126,1.0,1,0
2026-04-15,681190,21,6,4,10.244316,21.0,11,4
2026-04-15,681293,27,10,4,8.737856,27.0,11,1
2026-04-15,681432,5,1,0,2.636,5.0,4,1
2026-04-15,681810,4,1,0,1.6880000000000002,4.0,3,1
2026-04-15,681892,3,2,0,0.674,3.0,1,0
2026-04-15,682120,3,0,1,0.281,2.0,2,0
2026-04-15,682254,4,1,0,1.203,4.0,3,1
2026-04-15,682842,3,1,0,0.865,3.0,2,0
2026-04-15,684007,22,11,1,5.279829,22.0,10,2
2026-04-15,685299,14,4,1,3.992829,14.0,9,2
2026-04-15,686560,1,1,0,0.0,1.0,0,0
2026-04-15,686799,27,6,4,7.704316,27.0,17,1
2026-04-15,687396,3,0,0,1.18,3.0,3,0
2026-04-15,689254,3,0,0,0.898,3.0,3,0
2026-04-15,689296,3,1,0,0.614,3.0,2,0
2026-04-15,689690,9,3,1,3.059599,9.0,4,1
2026-04-15,693821,23,7,2,5.419428,23.0,13,0
2026-04-15,693855,6,1,2,2.6786580000000004,6.0,3,0
2026-04-15,694477,24,2,2,5.406658,24.0,20,0
2026-04-15,694918,3,1,0,0.387,3.0,2,0
2026-04-15,695076,25,4,1,7.194829,22.0,17,0
2026-04-15,695418,10,2,0,2.98077,10.0,7,0
2026-04-15,813349,23,5,2,8.348428,23.0,15,3
2026-04-16,518585,5,2,1,1.661829,5.0,2,0
2026-04-16,571578,21,6,1,6.392829,20.0,13,1
2026-04-16,571927,22,4,1,10.011829,22.0,17,3
2026-04-16,573009,4,1,0,0.42000000000000004,3.0,3,0
2026-04-16,592094,5,0,0,2.56677,5.0,4,1
2026-04-16,594580,3,1,0,0.7470000000000001,3.0,2,0
2026-04-16,596001,7,0,1,1.286,6.0,6,0
2026-04-16,605130,5,0,2,1.8546580000000001,5.0,3,0
2026-04-16,608331,22,3,3,5.195487,22.0,16,1
2026-04-16,608371,4,1,2,1.521658,4.0,1,0
2026-04-16,608718,10,2,2,4.400658,10.0,6,1
2026-04-16,615698,3,0,0,0.8,3.0,3,0
2026-04-16,621111,20,7,1,7.071829,20.0,12,1
2026-04-16,622491,26,3,3,10.892487000000001,26.0,20,1
2026-04-16,622554,5,1,1,2.807599,5.0,2,0
2026-04-16,623454,4,0,1,1.545829,2.0,2,0
2026-04-16,623474,4,1,1,1.524829,4.0,2,0
2026-04-16,641302,3,0,0,0.355,3.0,3,0
2026-04-16,641329,4,0,1,0.802829,4.0,3,0
2026-04-16,641743,14,1,1,5.092599,14.0,11,0
2026-04-16,642232,12,0,1,3.58577,11.0,10,1
2026-04-16,642701,5,0,0,0.983,5.0,5,0
2026-04-16,643377,4,1,1,1.466829,4.0,2,0
2026-04-16,646241,5,1,0,1.838,5.0,4,0
2026-04-16,656271,5,2,0,1.579,5.0,3,1
2026-04-16,656492,24,7,1,6.729829,24.0,16,2
2026-04-16,656638,5,2,0,1.666,5.0,3,0
2026-04-16,656641,2,0,0,0.07500000000000001,2.0,2,0
2026-04-16,656730,3,2,0,0.075,3.0,1,0
2026-04-16,656794,6,3,0,0.696,6.0,3,0
2026-04-16,657756,5,2,0,1.4739999999999998,5.0,3,1
2026-04-16,663460,21,3,3,10.558487,21.0,15,3
2026-04-16,663738,3,1,0,0.475,3.0,2,0
2026-04-16,663855,6,1,1,1.001,5.0,4,0
2026-04-16,663947,2,0,0,0.796,2.0,2,0
2026-04-16,664875,5,0,0,2.18077,5.0,4,0
2026-04-16,665622,7,1,1,3.0948290000000003,6.0,4,2
2026-04-16,667297,5,0,2,2.576658,4.0,3,0
2026-04-16,668674,6,1,1,2.851829,6.0,4,0
2026-04-16,669062,4,3,1,0.697829,4.0,0,0
2026-04-16,669330,1,1,0,0.0,1.0,0,0
2026-04-16,669358,26,6,3,9.105487,26.0,17,1
2026-04-16,670167,2,1,0,1.918,2.0,1,1
2026-04-16,670970,5,2,0,0.367,4.0,2,0
2026-04-16,670990,6,2,1,1.71677,5.0,2,0
2026-04-16,671382,8,3,1,1.639829,8.0,4,0
2026-04-16,671922,5,0,0,2.3049999999999997,5.0,5,1
2026-04-16,672335,4,2,0,0.8620000000000001,4.0,2,0
2026-04-16,672456,25,5,0,7.368,25.0,20,1
2026-04-16,672582,4,0,0,1.4140000000000001,4.0,4,0
2026-04-16,673929,5,0,1,1.362829,5.0,4,0
2026-04-16,675848,6,2,0,2.49077,6.0,3,0
2026-04-16,676254,3,1,0,0.187,3.0,2,0
2026-04-16,676395,1,0,0,0.036,1.0,1,0
2026-04-16,676571,3,0,0,1.654,3.0,3,0
2026-04-16,676755,4,0,1,2.443829,4.0,3,1
2026-04-16,676775,3,2,0,0.054,3.0,1,0
2026-04-16,676879,2,0,0,0.5700000000000001,2.0,2,0
2026-04-16,677952,25,7,2,4.718428,24.0,15,0
2026-04-16,677955,6,1,2,1.641829,5.0,3,0
2026-04-16,677961,7,3,0,1.73377,7.0,3,0
2026-04-16,678022,4,0,0,1.12677,4.0,3,0
2026-04-16,678906,7,0,0,2.466,7.0,7,0
2026-04-16,680704,5,1,1,3.0538290000000003,5.0,3,1
2026-04-16,680767,4,0,1,1.169829,4.0,3,0
2026-04-16,680802,16,3,4,6.352316,16.0,9,1
2026-04-16,681217,4,1,0,0.587,4.0,3,0
2026-04-16,681402,2,0,0,0.9019999999999999,2.0,2,1
2026-04-16,681867,4,0,0,0.859,4.0,4,0
2026-04-16,681895,3,1,0,1.1749999999999998,3.0,2,0
2026-04-16,682052,22,5,4,4.935316,22.0,13,0
2026-04-16,683004,27,3,3,13.284257,27.0,20,3
2026-04-16,683175,6,2,1,2.4555990000000003,6.0,2,0
2026-04-16,683232,5,0,0,3.773,5.0,5,3
2026-04-16,683409,5,2,2,3.395658,5.0,1,1
2026-04-16,685005,6,0,0,2.467,6.0,6,1
2026-04-16,686973,3,1,0,0.922,3.0,2,0
2026-04-16,686993,9,1,1,3.944,7.0,7,1
2026-04-16,687075,24,6,1,5.418829,23.0,17,1
2026-04-16,687330,7,2,1,3.104829,7.0,4,1
2026-04-16,687377,3,1,0,0.624,3.0,2,0
2026-04-16,687606,3,0,0,2.749,3.0,3,1
2026-04-16,690925,7,1,2,2.374428,7.0,3,0
2026-04-16,691799,6,3,1,1.329829,6.0,2,0
2026-04-16,691951,8,2,1,2.874829,8.0,5,1
2026-04-16,693312,2,0,0,0.0,1.0,1,0
2026-04-16,694738,21,6,2,5.959198000000001,20.0,10,0
2026-04-16,695243,3,3,0,0.0,3.0,0,0
2026-04-16,695505,18,4,1,2.771829,17.0,12,0
2026-04-16,696147,9,2,0,1.465,9.0,7,0
2026-04-16,699134,3,0,1,1.634829,3.0,2,0
2026-04-16,800048,27,9,2,6.504658,27.0,16,1
2026-04-16,801403,19,9,2,3.7834280000000002,19.0,7,0
2026-04-16,805123,10,2,2,4.205658,10.0,6,1
2026-04-17,527048,26,4,2,9.036198,26.0,18,1
2026-04-17,542888,3,0,2,2.124428,3.0,0,0
2026-04-17,547973,5,1,1,2.629829,5.0,3,0
2026-04-17,571948,3,0,0,1.1,3.0,3,0
2026-04-17,573009,5,1,0,1.2149999999999999,4.0,4,0
2026-04-17,592773,7,3,2,2.942658,7.0,2,1
2026-04-17,592836,23,4,3,10.373257,23.0,15,3
2026-04-17,593974,7,3,0,2.199,7.0,4,0
2026-04-17,594798,18,3,2,4.470658,17.0,12,0
2026-04-17,595345,4,0,1,0.7328290000000001,3.0,2,0
2026-04-17,605135,22,2,4,6.910316,22.0,16,0
2026-04-17,605447,4,3,0,0.34,4.0,1,0
2026-04-17,606996,3,1,0,0.21699999999999997,3.0,2,0
2026-04-17,607192,24,7,2,6.301658,24.0,15,2
2026-04-17,607259,26,3,3,9.811487,26.0,20,1
2026-04-17,608372,23,3,2,13.933658,23.0,18,5
2026-04-17,608379,24,6,3,7.187487,24.0,15,1
2026-04-17,621383,5,1,1,1.919829,5.0,3,0
2026-04-17,623149,3,1,0,0.003,3.0,2,0
2026-04-17,623211,5,1,0,1.295,5.0,4,0
2026-04-17,623437,3,0,0,2.525,3.0,3,1
2026-04-17,624133,26,4,1,6.077829,26.0,21,2
2026-04-17,640448,4,0,1,1.4388290000000001,4.0,3,0
2026-04-17,640455,19,2,1,6.9958290000000005,19.0,16,2
2026-04-17,641302,2,0,0,0.372,2.0,2,0
2026-04-17,641312,6,2,0,1.323,6.0,4,1
2026-04-17,641401,6,2,0,1.7240000000000002,6.0,4,1
2026-04-17,641585,8,1,1,2.160829,8.0,6,1
2026-04-17,641778,22,4,1,9.188829,22.0,16,2
2026-04-17,641793,23,4,1,13.056829,23.0,18,5
2026-04-17,641835,6,0,0,1.189,6.0,6,0
2026-04-17,641941,3,1,0,0.14800000000000002,3.0,2,0
2026-04-17,642397,3,0,0,0.431,3.0,3,0
2026-04-17,642528,5,1,0,1.8570000000000002,5.0,4,0
2026-04-17,642701,5,1,1,1.612829,5.0,3,0
2026-04-17,643377,3,0,0,2.066,3.0,3,1
2026-04-17,647336,26,5,0,7.155,25.0,21,1
2026-04-17,650556,6,0,1,2.607829,6.0,5,1
2026-04-17,650644,27,4,1,9.045770000000001,26.0,21,1
2026-04-17,656222,4,1,1,0.913829,4.0,2,0
2026-04-17,656638,5,2,0,2.101,5.0,3,1
2026-04-17,656641,3,0,0,0.476,3.0,3,0
2026-04-17,656730,4,2,0,1.733,4.0,2,1
2026-04-17,657097,6,1,0,2.6420000000000003,6.0,5,0
2026-04-17,657277,27,6,2,9.855658,27.0,19,2
2026-04-17,657424,4,1,0,2.6399999999999997,4.0,3,1
2026-04-17,657514,4,1,0,0.8579999999999999,3.0,2,0
2026-04-17,657746,22,6,0,6.259,22.0,16,2
2026-04-17,660761,12,1,1,3.7878290000000003,12.0,10,0
2026-04-17,660825,3,2,0,0.393,3.0,1,0
2026-04-17,663362,21,4,1,7.213599,21.0,15,1
2026-04-17,663436,24,4,2,7.571658,24.0,18,3
2026-04-17,663485,4,2,1,0.801829,4.0,1,0
2026-04-17,663554,23,7,1,4.781599,23.0,14,1
2026-04-17,663567,24,8,1,8.386369,24.0,13,2
2026-04-17,663574,4,0,0,1.4260000000000002,4.0,4,1
2026-04-17,663767,4,0,0,1.795,4.0,4,1
2026-04-17,663969,8,3,3,3.383487,8.0,2,1
2026-04-17,663992,7,1,2,2.2686580000000003,7.0,4,0
2026-04-17,664126,3,1,0,0.039,3.0,2,0
2026-04-17,664854,4,1,1,0.788829,4.0,2,0
2026-04-17,664991,5,2,1,0.5690000000000001,4.0,2,0
2026-04-17,665660,11,3,3,5.748487,11.0,5,2
2026-04-17,665795,25,4,2,9.299658,25.0,19,3
2026-04-17,666277,3,1,0,0.42800000000000005,3.0,2,0
2026-04-17,666808,4,1,0,0.32599999999999996,4.0,3,0
2026-04-17,666974,4,1,1,1.7648290000000002,4.0,2,0
2026-04-17,667463,4,2,0,0.19,4.0,2,0
2026-04-17,667755,23,8,4,5.908316,23.0,11,1
2026-04-17,668390,4,1,1,1.562829,4.0,2,0
2026-04-17,668873,4,2,1,0.7418290000000001,4.0,1,0
2026-04-17,668933,5,0,1,1.481829,5.0,4,0
2026-04-17,668941,4,0,0,1.633,4.0,4,1
2026-04-17,668984,13,2,1,5.580599,12.0,9,1
2026-04-17,669084,3,1,0,1.351,3.0,2,1
2026-04-17,669212,5,0,2,3.2446580000000003,5.0,3,0
2026-04-17,669302,24,7,1,9.356599,24.0,15,2
2026-04-17,670280,4,2,1,0.8638290000000001,4.0,1,0
2026-04-17,670329,3,0,0,0.8160000000000001,3.0,3,0
2026-04-17,672582,6,1,1,1.623829,6.0,4,0
2026-04-17,672782,10,3,2,3.791658,9.0,5,1
2026-04-17,673540,18,3,3,5.656487,18.0,12,1
2026-04-17,676083,24,3,2,8.155428,24.0,18,1
2026-04-17,676263,7,3,1,0.840829,7.0,3,0
2026-04-17,676428,1,0,0,0.758,1.0,1,1
2026-04-17,676440,25,5,3,8.557487,25.0,17,1
2026-04-17,676477,3,1,0,0.335,3.0,2,0
2026-04-17,676534,7,1,1,2.414829,7.0,5,0
2026-04-17,676571,3,1,0,0.57,3.0,2,0
2026-04-17,676684,7,2,1,1.322829,7.0,4,0
2026-04-17,677865,3,0,0,1.647,3.0,3,0
2026-04-17,678606,5,1,0,2.231,5.0,4,0
2026-04-17,680755,4,0,0,1.897,4.0,4,1
2026-04-17,680951,9,1,2,2.616658,9.0,6,0
2026-04-17,681217,1,0,0,0.674,1.0,1,0
2026-04-17,681517,22,6,0,4.723,22.0,15,1
2026-04-17,681870,4,1,1,3.116829,4.0,2,1
2026-04-17,681892,3,0,0,0.46599999999999997,3.0,3,0
2026-04-17,681982,3,0,1,0.8578290000000001,3.0,2,0
2026-04-17,682227,23,2,4,8.103086,23.0,16,1
2026-04-17,682254,4,2,0,0.9720000000000001,4.0,2,0
2026-04-17,682842,4,1,2,1.6046580000000001,4.0,1,0
2026-04-17,683175,2,1,0,0.229,2.0,1,0
2026-04-17,683769,3,3,0,0.0,3.0,0,0
2026-04-17,686560,6,2,1,1.652829,6.0,3,0
2026-04-17,686993,8,4,0,1.839,8.0,4,1
2026-04-17,687396,3,1,0,0.011,2.0,1,0
2026-04-17,687606,11,1,0,4.931,11.0,10,2
2026-04-17,688158,8,1,2,4.040428,8.0,4,0
2026-04-17,688642,15,4,1,5.339829,15.0,10,2
2026-04-17,689147,5,0,0,1.949,5.0,5,1
2026-04-17,689296,3,1,0,2.697,3.0,2,2
2026-04-17,689441,21,4,1,7.0008289999999995,21.0,16,2
2026-04-17,693645,24,6,2,8.083658,24.0,16,2
2026-04-17,693686,7,1,1,2.164829,7.0,5,0
2026-04-17,694918,3,0,0,1.28377,3.0,2,0
2026-04-17,696149,22,3,1,5.522829,22.0,18,0
2026-04-17,699134,3,0,0,0.29300000000000004,3.0,3,0
2026-04-17,702303,4,1,0,1.151,3.0,3,0
2026-04-18,445276,4,0,0,1.419,4.0,4,0
2026-04-18,453286,22,1,1,5.455829,22.0,20,0
2026-04-18,518886,4,0,1,1.560829,4.0,3,0
2026-04-18,519242,26,7,1,4.673829,26.0,18,0
2026-04-18,543135,25,3,1,8.911829000000001,25.0,21,1
2026-04-18,544150,7,1,0,2.808,7.0,6,1
2026-04-18,548384,3,0,0,2.299,3.0,3,1
2026-04-18,572955,4,2,0,1.838,4.0,2,1
2026-04-18,573204,3,2,0,0.005,3.0,1,0
2026-04-18,579328,22,8,1,4.972599,22.0,12,0
2026-04-18,592094,6,1,0,1.3599999999999999,6.0,5,0
2026-04-18,592791,24,4,3,8.180487,24.0,17,2
2026-04-18,594580,3,1,1,1.557829,3.0,1,0
2026-04-18,596133,2,0,0,0.9470000000000001,2.0,2,1
2026-04-18,605288,27,1,2,11.159428,26.0,23,3
2026-04-18,605540,25,4,1,6.569829,25.0,20,0
2026-04-18,607200,20,3,4,7.4173160000000005,20.0,13,2
2026-04-18,608371,2,0,0,0.287,1.0,2,0
2026-04-18,608566,20,5,2,7.259658,20.0,13,2
2026-04-18,615698,13,5,2,4.238658,13.0,6,2
2026-04-18,621112,9,1,1,3.1758290000000002,9.0,7,0
2026-04-18,621121,25,4,3,8.082027,25.0,16,1
2026-04-18,621237,4,1,0,0.41200000000000003,4.0,3,0
2026-04-18,621366,1,1,0,0.0,1.0,0,0
2026-04-18,621383,6,2,2,2.858658,6.0,2,0
2026-04-18,622554,5,1,2,0.700829,4.0,2,0
2026-04-18,622663,25,3,4,11.115856,24.0,16,2
2026-04-18,623437,3,1,0,0.6519999999999999,3.0,2,0
2026-04-18,641312,1,0,0,0.972,1.0,1,1
2026-04-18,641329,6,2,1,1.649829,6.0,3,0
2026-04-18,641745,3,1,1,0.715829,3.0,1,0
2026-04-18,642100,4,1,2,1.400658,4.0,1,0
2026-04-18,642121,5,1,1,0.324,4.0,3,0
2026-04-18,642397,4,1,1,0.893829,4.0,2,0
2026-04-18,642547,23,3,2,7.771428,23.0,17,2
2026-04-18,643377,4,2,1,0.558,3.0,1,0
2026-04-18,643410,4,1,2,0.707829,3.0,1,0
2026-04-18,643511,3,0,0,0.178,3.0,3,0
2026-04-18,645261,24,1,6,9.779974000000001,24.0,17,1
2026-04-18,650911,28,8,1,6.808828999999999,28.0,19,1
2026-04-18,656271,5,1,1,1.6438290000000002,5.0,3,0
2026-04-18,656464,4,2,0,0.887,4.0,2,0
2026-04-18,656546,7,2,1,2.3328290000000003,7.0,4,1
2026-04-18,656794,8,0,0,2.736,8.0,8,1
2026-04-18,656876,15,3,2,4.878658,15.0,10,2
2026-04-18,657044,4,0,0,1.208,4.0,4,0
2026-04-18,657424,3,0,0,0.327,3.0,3,0
2026-04-18,657514,4,2,0,0.85977,4.0,1,0
2026-04-18,660825,5,0,2,1.4066580000000002,5.0,3,0
2026-04-18,662253,1,1,0,0.0,1.0,0,0
2026-04-18,663158,3,2,0,0.008,3.0,1,0
2026-04-18,663372,23,5,1,7.356829,23.0,17,2
2026-04-18,663485,5,0,0,0.8919999999999999,4.0,5,0
2026-04-18,663542,6,2,2,2.036829,5.0,2,0
2026-04-18,663558,11,3,1,1.844829,11.0,7,0
2026-04-18,663574,3,2,0,0.017,3.0,1,0
2026-04-18,663687,6,0,0,3.2137700000000002,6.0,5,1
2026-04-18,663765,9,0,0,4.398,9.0,9,0
2026-04-18,663855,5,0,1,0.806,4.0,4,0
2026-04-18,663947,6,2,0,1.112,6.0,4,0
2026-04-18,663992,7,2,1,0.861,6.0,4,0
2026-04-18,664875,6,1,0,2.24977,6.0,4,0
2026-04-18,665152,22,7,2,5.600658,22.0,13,0
2026-04-18,666171,7,0,2,2.7316580000000004,7.0,5,0
2026-04-18,666277,4,1,2,3.161658,4.0,1,1
2026-04-18,666374,1,0,0,0.263,1.0,1,0
2026-04-18,666661,5,2,0,0.24100000000000002,5.0,3,0
2026-04-18,667463,4,1,1,0.9928290000000001,4.0,2,0
2026-04-18,668678,25,3,0,6.537,24.0,22,1
2026-04-18,668873,7,2,1,0.492,6.0,4,0
2026-04-18,668909,26,11,1,5.833829,26.0,14,2
2026-04-18,669062,3,2,0,0.0,3.0,1,0
2026-04-18,669199,9,1,2,1.9876580000000001,9.0,6,0
2026-04-18,669270,5,0,0,2.753,5.0,5,0
2026-04-18,669276,3,1,0,0.613,3.0,2,0
2026-04-18,669373,23,10,2,4.858658,23.0,11,0
2026-04-18,669438,3,0,1,1.999829,3.0,2,1
2026-04-18,669467,21,5,3,6.350487,21.0,13,2
2026-04-18,669622,7,2,2,2.871428,7.0,2,0
2026-04-18,669711,4,0,0,0.89,4.0,4,0
2026-04-18,669923,26,5,2,7.019658,26.0,19,1
2026-04-18,670970,5,2,1,0.917829,5.0,2,0
2026-04-18,670990,13,1,2,3.907829,12.0,10,1
2026-04-18,671096,24,3,3,8.803487,24.0,18,0
2026-04-18,671737,25,5,2,7.120658000000001,25.0,18,0
2026-04-18,671922,3,3,0,0.0,3.0,0,0
2026-04-18,672335,8,0,0,2.65,8.0,8,1
2026-04-18,672782,5,1,1,1.2248290000000002,5.0,3,0
2026-04-18,673929,6,0,1,5.603829,6.0,5,3
2026-04-18,676254,10,2,2,2.18,8.0,6,0
2026-04-18,676467,12,5,1,3.593829,12.0,6,1
2026-04-18,676617,2,1,0,0.196,2.0,1,0
2026-04-18,676742,6,2,1,2.024829,6.0,3,1
2026-04-18,676755,3,0,0,0.8540000000000001,3.0,3,1
2026-04-18,676917,19,5,0,5.38,19.0,14,1
2026-04-18,676962,10,1,1,3.051829,10.0,8,1
2026-04-18,677161,4,0,0,2.371,4.0,4,1
2026-04-18,677955,6,1,1,3.257829,6.0,3,1
2026-04-18,677961,7,1,2,3.6066580000000004,7.0,4,1
2026-04-18,678022,11,3,2,3.751428,10.0,4,0
2026-04-18,678394,20,4,3,10.097487000000001,20.0,13,3
2026-04-18,678606,2,0,0,0.883,2.0,2,0
2026-04-18,679358,4,1,0,1.355,4.0,3,0
2026-04-18,680704,9,2,2,4.348658,9.0,5,0
2026-04-18,680730,13,2,0,4.08,13.0,11,1
2026-04-18,680767,5,0,0,0.625,5.0,5,0
2026-04-18,681402,5,2,0,1.4129999999999998,5.0,3,0
2026-04-18,681892,3,0,0,2.12477,3.0,2,1
2026-04-18,681895,9,2,0,2.121,8.0,6,0
2026-04-18,681911,3,1,0,0.48300000000000004,3.0,2,0
2026-04-18,682842,2,0,0,0.367,2.0,2,0
2026-04-18,683618,3,2,0,0.014,3.0,1,0
2026-04-18,683769,4,2,0,0.5469999999999999,4.0,2,0
2026-04-18,685801,3,0,0,0.495,3.0,3,0
2026-04-18,686218,21,4,2,5.752658,21.0,15,0
2026-04-18,687330,6,2,1,0.437,5.0,3,0
2026-04-18,687765,21,3,5,7.794145,21.0,13,1
2026-04-18,693312,3,3,0,0.0,3.0,0,0
2026-04-18,693855,7,3,0,1.7770000000000001,7.0,4,1
2026-04-18,694335,5,1,3,2.365487,5.0,1,0
2026-04-18,694361,6,0,0,1.9889999999999999,6.0,6,0
2026-04-18,694973,16,5,0,4.096,16.0,10,0
2026-04-18,695243,5,2,1,1.076829,5.0,2,0
2026-04-18,700669,6,1,0,0.752,6.0,5,0
2026-04-18,701542,25,11,0,7.489,25.0,14,3
2026-04-18,702070,22,3,2,11.811658,22.0,17,5
2026-04-18,805123,5,2,0,0.598,5.0,3,0
2026-04-19,518886,2,1,0,0.0,2.0,1,0
2026-04-19,542888,3,1,0,0.677,3.0,2,0
2026-04-19,547179,22,3,1,7.453829,22.0,18,1
2026-04-19,548384,3,0,0,0.352,3.0,3,0
2026-04-19,571945,17,4,1,4.087829,16.0,11,1
2026-04-19,573124,2,0,0,1.3699999999999999,2.0,2,1
2026-04-19,573204,4,1,0,0.098,4.0,3,0
2026-04-19,592332,25,4,1,9.884829,25.0,20,3
2026-04-19,592662,26,7,1,9.343829,26.0,18,3
2026-04-19,592773,3,0,0,0.691,3.0,3,0
2026-04-19,595014,4,0,0,4.077999999999999,4.0,4,2
2026-04-19,595345,2,1,0,0.738,2.0,1,0
2026-04-19,596001,6,0,2,3.502428,6.0,3,0
2026-04-19,596133,4,0,0,1.162,4.0,4,0
2026-04-19,605130,4,2,0,0.7737700000000001,4.0,1,0
2026-04-19,605488,25,7,1,9.570829,25.0,17,4
2026-04-19,606996,3,0,0,1.82977,2.0,2,1
2026-04-19,607481,2,0,0,0.834,2.0,2,0
2026-04-19,608718,3,0,1,1.2088290000000002,3.0,2,0
2026-04-19,621242,4,0,1,2.436829,3.0,2,0
2026-04-19,622554,5,1,1,1.4325990000000002,5.0,2,0
2026-04-19,622608,9,2,0,2.751,9.0,7,1
2026-04-19,623211,3,1,2,1.395658,3.0,0,0
2026-04-19,623474,5,1,0,1.504,5.0,4,1
2026-04-19,628452,5,1,1,1.657829,5.0,3,0
2026-04-19,640448,4,1,0,0.015,4.0,3,0
2026-04-19,641302,3,1,0,0.885,3.0,2,0
2026-04-19,641755,5,1,1,1.4805990000000002,5.0,2,0
2026-04-19,641835,6,2,1,1.364829,6.0,3,0
2026-04-19,641927,26,10,4,6.874316,26.0,12,1
2026-04-19,641941,5,0,0,1.613,5.0,5,0
2026-04-19,642100,4,2,0,0.67,4.0,2,0
2026-04-19,642207,5,3,0,0.7,5.0,2,0
2026-04-19,650633,20,6,4,4.917086,19.0,8,0
2026-04-19,656222,3,1,0,0.091,3.0,2,0
2026-04-19,656550,19,4,1,6.8598289999999995,19.0,14,1
2026-04-19,656605,25,5,0,5.818,25.0,20,0
2026-04-19,656686,4,1,0,0.675,4.0,3,0
2026-04-19,656848,6,1,0,1.1059999999999999,6.0,5,1
2026-04-19,656849,14,1,0,4.113770000000001,12.0,10,1
2026-04-19,657097,4,2,0,0.7829999999999999,4.0,2,0
2026-04-19,657756,5,2,0,0.823,5.0,3,0
2026-04-19,660853,4,1,0,1.061,4.0,3,1
2026-04-19,662253,4,3,0,0.39,4.0,1,0
2026-04-19,663158,3,1,0,0.28600000000000003,3.0,2,0
2026-04-19,663542,4,1,0,2.15,4.0,3,0
2026-04-19,663556,21,5,0,7.443,21.0,16,2
2026-04-19,663767,4,1,1,1.484829,4.0,2,0
2026-04-19,663903,27,2,4,8.412316,26.0,20,0
2026-04-19,664126,3,2,0,0.174,3.0,1,0
2026-04-19,664141,3,0,0,1.163,3.0,3,1
2026-04-19,664285,23,7,2,7.311658,23.0,14,2
2026-04-19,665622,3,1,0,0.137,3.0,2,0
2026-04-19,665871,20,3,0,5.723,19.0,17,1
2026-04-19,666142,25,6,8,12.218632,25.0,11,3
2026-04-19,667297,3,0,0,0.7450000000000001,3.0,3,0
2026-04-19,668933,4,1,1,1.766829,4.0,2,0
2026-04-19,668941,5,0,1,2.840829,5.0,4,0
2026-04-19,668964,7,2,1,2.048829,7.0,4,0
2026-04-19,669022,23,5,1,13.054829,23.0,17,6
2026-04-19,669084,5,1,2,2.003658,5.0,2,0
2026-04-19,669165,3,1,0,0.11199999999999999,3.0,2,0
2026-04-19,669194,10,1,1,5.295829,10.0,8,1
2026-04-19,669212,4,1,1,1.064829,4.0,2,0
2026-04-19,669276,4,0,1,1.620829,4.0,3,0
2026-04-19,669330,6,5,0,0.261,6.0,1,0
2026-04-19,669432,24,5,2,11.094658,24.0,17,3
2026-04-19,669438,10,3,1,4.24,9.0,6,2
2026-04-19,669461,23,4,2,4.900658,23.0,17,1
2026-04-19,670036,3,0,0,0.32,3.0,3,0
2026-04-19,670167,3,0,0,1.4,3.0,3,0
2026-04-19,670183,8,2,1,2.223,7.0,5,1
2026-04-19,670245,5,0,0,0.8800000000000001,5.0,5,0
2026-04-19,671382,7,2,2,2.060658,7.0,3,0
2026-04-19,673929,1,0,0,0.003,1.0,1,0
2026-04-19,674841,16,5,0,3.895,16.0,11,1
2026-04-19,676263,3,1,0,0.043,2.0,1,0
2026-04-19,676282,22,6,3,8.400257,22.0,12,2
2026-04-19,676534,1,0,0,0.311,1.0,1,0
2026-04-19,676571,4,0,0,2.2640000000000002,4.0,4,1
2026-04-19,676617,4,2,0,0.726,4.0,2,0
2026-04-19,676684,3,0,1,1.268829,3.0,2,0
2026-04-19,676755,3,1,0,0.020999999999999998,3.0,2,0
2026-04-19,676760,5,1,2,1.8666580000000002,5.0,2,0
2026-04-19,676775,3,1,0,0.16699999999999998,3.0,2,0
2026-04-19,676979,24,8,2,9.156658,24.0,14,2
2026-04-19,677053,3,0,2,1.7016580000000001,3.0,1,0
2026-04-19,677865,3,0,0,0.812,3.0,3,0
2026-04-19,677960,26,8,1,5.635829,26.0,17,1
2026-04-19,678906,8,3,1,2.743829,8.0,4,0
2026-04-19,679775,4,1,0,0.6639999999999999,4.0,3,0
2026-04-19,680755,3,0,0,0.5269999999999999,3.0,3,0
2026-04-19,680767,7,1,1,3.669829,7.0,5,1
2026-04-19,681252,11,0,1,3.950829,11.0,10,1
2026-04-19,681347,19,7,2,4.414658,19.0,10,0
2026-04-19,681870,4,3,1,0.697829,4.0,0,0
2026-04-19,681911,1,0,0,0.831,1.0,1,0
2026-04-19,681982,2,0,0,0.6130000000000001,2.0,2,0
2026-04-19,683175,4,1,1,0.7298290000000001,4.0,2,0
2026-04-19,683409,8,1,1,1.700599,8.0,5,0
2026-04-19,686560,2,0,1,1.013829,2.0,1,0
2026-04-19,686751,3,1,0,1.3119999999999998,3.0,2,1
2026-04-19,686930,9,1,2,2.791658,9.0,6,0
2026-04-19,687911,11,1,0,4.813540000000001,11.0,8,0
2026-04-19,688883,6,2,0,1.43,6.0,4,0
2026-04-19,689147,4,0,1,0.763829,4.0,3,0
2026-04-19,689254,5,1,0,1.312,5.0,4,1
2026-04-19,691587,21,7,1,6.275829,21.0,13,1
2026-04-19,691725,19,4,1,7.326599,19.0,13,2
2026-04-19,691799,9,3,1,2.1998290000000003,8.0,4,0
2026-04-19,692230,8,3,0,1.994,8.0,5,0
2026-04-19,693312,5,1,0,1.703,5.0,4,0
2026-04-19,693433,26,6,1,7.912599,26.0,18,2
2026-04-19,693855,6,1,0,2.753,6.0,5,1
2026-04-19,694297,24,3,2,6.317658,24.0,19,1
2026-04-19,694361,4,1,0,1.049,4.0,3,0
2026-04-19,694819,23,9,3,6.631257000000001,23.0,10,0
2026-04-19,694851,9,3,1,3.603829,9.0,5,1
2026-04-19,695243,3,2,0,0.173,3.0,1,0
2026-04-19,696062,4,1,0,1.962,4.0,3,1
2026-04-19,696131,9,2,1,2.951829,9.0,6,1
2026-04-19,696147,7,3,0,1.529,7.0,4,1
2026-04-19,699134,6,2,1,0.151,5.0,3,0
2026-04-19,700669,2,0,0,0.339,2.0,2,0
2026-04-19,700712,24,8,2,4.002658,24.0,14,0
2026-04-19,702193,9,2,2,3.654658,9.0,5,0
2026-04-19,702273,18,6,1,2.629829,18.0,11,0
2026-04-19,702303,4,2,0,0.594,4.0,2,0
2026-04-19,808963,22,2,2,8.690428,22.0,17,1
2026-04-20,500779,25,1,1,9.444829,25.0,23,2
2026-04-20,543056,4,0,1,1.6425990000000001,4.0,2,0
2026-04-20,543243,11,2,1,4.716829,11.0,8,1
2026-04-20,547973,3,1,0,0.795,3.0,2,1
2026-04-20,571948,6,0,2,2.3696580000000003,6.0,4,0
2026-04-20,572955,4,0,1,1.762829,4.0,3,0
2026-04-20,595345,4,0,0,0.864,4.0,4,0
2026-04-20,605400,22,5,4,9.187316000000001,22.0,13,1
2026-04-20,606303,3,1,0,0.261,3.0,2,0
2026-04-20,607067,28,5,2,7.493658,28.0,21,1
2026-04-20,607481,1,0,0,0.167,1.0,1,0
2026-04-20,607625,24,7,4,8.146316,24.0,13,2
2026-04-20,621381,3,3,0,0.0,3.0,0,0
2026-04-20,623454,7,1,0,4.76,7.0,6,1
2026-04-20,641312,8,0,1,2.437829,7.0,7,0
2026-04-20,641401,4,1,0,1.6059999999999999,4.0,3,1
2026-04-20,641755,3,2,0,0.042,3.0,1,0
2026-04-20,642121,3,0,0,0.136,3.0,3,0
2026-04-20,642759,7,1,2,2.660658,7.0,4,0
2026-04-20,643410,5,1,0,1.311,5.0,4,0
2026-04-20,643511,3,0,0,0.42000000000000004,2.0,2,0
2026-04-20,656271,3,2,0,0.081,3.0,1,0
2026-04-20,656302,22,12,2,5.071658,22.0,8,0
2026-04-20,656427,20,3,6,7.117974,20.0,11,1
2026-04-20,656546,4,3,0,0.915,4.0,1,0
2026-04-20,656638,7,2,1,3.810829,7.0,4,1
2026-04-20,656686,4,0,1,1.4828290000000002,4.0,3,0
2026-04-20,663558,3,0,2,1.968658,3.0,1,0
2026-04-20,663623,19,4,0,8.16354,19.0,13,2
2026-04-20,663687,5,2,0,0.682,5.0,3,0
2026-04-20,663738,4,2,0,0.5469999999999999,4.0,2,0
2026-04-20,663767,7,2,0,1.19,7.0,5,0
2026-04-20,663947,7,1,2,2.620658,7.0,4,0
2026-04-20,664126,4,2,0,0.822,4.0,2,0
2026-04-20,664854,3,2,0,0.16,3.0,1,0
2026-04-20,664991,4,1,0,1.65677,4.0,2,0
2026-04-20,666374,4,1,1,0.816829,4.0,2,0
2026-04-20,666974,3,0,0,0.20800000000000002,3.0,3,0
2026-04-20,668674,6,0,3,3.147487,6.0,3,0
2026-04-20,668984,6,0,1,2.613829,6.0,5,0
2026-04-20,669270,5,0,0,2.236,5.0,5,0
2026-04-20,669372,23,6,1,6.340829,23.0,16,2
2026-04-20,669622,2,2,0,0.0,2.0,0,0
2026-04-20,669711,3,3,0,0.0,3.0,0,0
2026-04-20,669947,26,6,0,8.60077,26.0,19,2
2026-04-20,670036,7,1,0,2.669,7.0,6,1
2026-04-20,670167,3,0,0,0.631,3.0,3,0
2026-04-20,670245,8,0,0,5.597,8.0,8,2
2026-04-20,670329,4,1,1,1.464829,4.0,2,0
2026-04-20,671109,5,0,1,1.794829,5.0,4,0
2026-04-20,671382,6,1,1,2.424829,6.0,4,0
2026-04-20,672282,26,5,2,7.755428,26.0,18,1
2026-04-20,676106,20,3,0,9.783,20.0,17,4
2026-04-20,676428,10,2,0,2.46,10.0,8,0
2026-04-20,676477,3,0,0,1.944,3.0,3,1
2026-04-20,676534,3,1,0,0.525,3.0,2,0
2026-04-20,676571,3,0,1,1.893829,3.0,2,0
2026-04-20,676974,23,8,2,5.078198,23.0,11,0
2026-04-20,677053,4,0,0,0.106,4.0,4,0
2026-04-20,677161,6,1,0,1.981,6.0,5,0
2026-04-20,677944,27,2,2,13.424658,27.0,23,4
2026-04-20,678606,6,0,0,1.5777700000000001,6.0,5,0
2026-04-20,679775,2,1,0,0.013,2.0,1,0
2026-04-20,680694,27,7,3,10.244487,27.0,17,2
2026-04-20,680736,29,3,0,8.681000000000001,29.0,26,2
2026-04-20,680755,3,0,1,1.024829,3.0,2,0
2026-04-20,681151,8,2,1,2.1478289999999998,8.0,5,0
2026-04-20,681217,4,1,0,0.386,3.0,3,0
2026-04-20,681293,25,3,4,9.483086,25.0,17,0
2026-04-20,681676,5,1,2,2.218658,5.0,2,0
2026-04-20,681867,4,0,0,1.208,4.0,4,0
2026-04-20,682120,5,0,1,2.342829,5.0,4,0
2026-04-20,683175,6,0,2,2.670658,6.0,4,0
2026-04-20,683618,5,2,0,2.439,5.0,3,1
2026-04-20,685299,22,6,3,6.767658,19.0,13,1
2026-04-20,686751,5,2,1,1.010829,5.0,2,0
2026-04-20,686973,4,3,0,0.351,4.0,1,0
2026-04-20,689296,7,1,1,2.4418290000000002,6.0,5,0
2026-04-20,693821,27,6,2,8.768428,27.0,18,2
2026-04-20,694335,6,0,2,3.364658,6.0,4,1
2026-04-20,694680,9,2,0,2.578,9.0,7,1
2026-04-20,695076,24,3,2,6.733658,24.0,19,1
2026-04-20,695418,11,1,0,3.862,11.0,10,1
2026-04-20,700241,23,3,2,6.977658,22.0,17,2
2026-04-20,805123,4,1,1,0.9888290000000001,4.0,2,0
2026-04-21,518876,26,5,3,14.709487,26.0,18,6
2026-04-21,519141,7,1,1,2.372,6.0,5,1
2026-04-21,542888,3,0,0,0.215,3.0,3,0
2026-04-21,543510,4,0,1,1.774829,4.0,3,0
2026-04-21,571578,18,3,2,4.911658,18.0,13,0
2026-04-21,571927,17,4,4,7.452316,17.0,9,3
2026-04-21,572955,4,2,0,0.9410000000000001,4.0,2,0
2026-04-21,573204,2,0,0,0.099,2.0,2,0
2026-04-21,592094,3,1,0,0.156,3.0,2,0
2026-04-21,592773,6,2,3,2.794487,6.0,1,0
2026-04-21,594580,6,0,0,1.216,6.0,6,0
2026-04-21,596001,4,0,0,0.408,4.0,4,0
2026-04-21,605130,6,2,1,1.292829,6.0,3,0
2026-04-21,606303,6,1,2,2.786658,6.0,3,1
2026-04-21,607455,3,2,0,0.087,3.0,1,0
2026-04-21,607481,3,1,0,0.751,3.0,2,0
2026-04-21,608371,5,1,2,2.128658,5.0,2,0
2026-04-21,621237,5,1,1,2.222599,5.0,2,0
2026-04-21,621366,4,1,0,0.475,4.0,3,0
2026-04-21,621381,7,1,1,1.9098290000000002,7.0,5,0
2026-04-21,621383,8,1,2,3.266658,8.0,5,0
2026-04-21,622491,22,6,2,6.430658,21.0,13,2
2026-04-21,623211,4,2,0,0.652,4.0,2,0
2026-04-21,623437,3,1,0,0.536,3.0,2,0
2026-04-21,623474,3,3,0,0.0,3.0,0,0
2026-04-21,625643,11,1,3,6.847487,11.0,7,1
2026-04-21,641401,3,0,0,0.762,2.0,3,0
2026-04-21,641656,7,1,2,3.2446580000000003,7.0,4,0
2026-04-21,641745,2,0,0,0.186,2.0,2,0
2026-04-21,641835,6,1,1,3.3488290000000003,6.0,4,1
2026-04-21,642100,5,0,0,2.277,5.0,5,1
2026-04-21,642207,5,0,3,2.166487,4.0,2,0
2026-04-21,642528,6,2,1,1.390829,6.0,3,0
2026-04-21,643377,6,3,1,2.160829,6.0,2,1
2026-04-21,643511,3,0,0,0.255,3.0,3,0
2026-04-21,646241,13,1,2,7.385658,13.0,10,1
2026-04-21,656464,3,1,0,0.18000000000000002,3.0,2,0
2026-04-21,656492,24,3,1,8.559829,24.0,20,3
2026-04-21,656546,5,1,0,3.1425400000000003,5.0,2,0
2026-04-21,656641,3,2,0,0.662,3.0,1,0
2026-04-21,656730,3,1,0,0.07200000000000001,3.0,2,0
2026-04-21,656945,4,1,1,2.031829,4.0,2,1
2026-04-21,657044,3,0,1,1.822599,3.0,1,0
2026-04-21,657097,4,0,0,1.108,4.0,4,0
2026-04-21,657424,3,0,1,1.095829,3.0,2,0
2026-04-21,657514,5,2,0,0.842,5.0,3,0
2026-04-21,657612,3,0,0,0.28400000000000003,3.0,3,0
2026-04-21,657756,6,0,0,2.50277,6.0,5,0
2026-04-21,660761,13,4,4,3.718316,13.0,5,0
2026-04-21,660825,5,1,0,1.763,5.0,4,1
2026-04-21,660853,4,0,1,1.743829,4.0,3,0
2026-04-21,661563,24,2,3,7.137257,24.0,18,1
2026-04-21,663460,24,3,3,9.831487000000001,24.0,18,1
2026-04-21,663485,6,3,0,0.532,6.0,3,0
2026-04-21,663687,1,0,0,0.189,1.0,1,0
2026-04-21,663765,11,2,0,4.141,11.0,9,0
2026-04-21,663969,10,3,1,1.645829,10.0,6,0
2026-04-21,663978,24,7,1,6.999829,24.0,16,1
2026-04-21,664199,5,0,0,0.8389999999999999,4.0,5,0
2026-04-21,664854,4,1,2,1.395658,3.0,0,0
2026-04-21,664875,3,2,0,0.025,3.0,1,0
2026-04-21,664991,3,0,0,0.883,3.0,3,0
2026-04-21,666200,24,3,4,9.182086,24.0,16,1
2026-04-21,666277,1,1,0,0.0,1.0,0,0
2026-04-21,667463,4,2,0,0.512,4.0,2,0
2026-04-21,668390,4,2,0,0.885,4.0,2,0
2026-04-21,668670,5,1,0,2.016,5.0,4,0
2026-04-21,668674,3,0,1,1.118829,3.0,2,0
2026-04-21,669062,5,1,1,1.0558290000000001,5.0,3,0
2026-04-21,669160,22,5,1,7.001829000000001,21.0,15,1
2026-04-21,669358,29,4,2,9.735658,29.0,23,0
2026-04-21,669387,21,6,2,8.234658,21.0,13,1
2026-04-21,670280,4,1,0,0.565,4.0,3,0
2026-04-21,670329,4,2,0,1.514,4.0,2,1
2026-04-21,670970,3,2,0,0.035,3.0,1,0
2026-04-21,671922,5,1,1,1.795829,5.0,3,1
2026-04-21,672335,6,0,2,2.697658,6.0,4,0
2026-04-21,672456,22,3,1,5.453829,22.0,18,1
2026-04-21,672782,11,2,2,5.105428,11.0,6,1
2026-04-21,674370,13,2,4,5.040316,13.0,7,0
2026-04-21,675848,4,1,0,0.54,4.0,3,0
2026-04-21,676254,3,2,0,0.165,3.0,1,0
2026-04-21,676467,5,1,0,1.795,5.0,4,0
2026-04-21,676617,4,1,0,0.31,4.0,3,0
2026-04-21,676775,1,1,0,0.0,1.0,0,0
2026-04-21,676879,5,2,2,1.403658,5.0,1,0
2026-04-21,677865,7,0,0,2.95754,7.0,5,0
2026-04-21,677958,23,5,1,6.980829,23.0,17,1
2026-04-21,677961,12,3,2,4.745829,11.0,7,1
2026-04-21,678022,6,2,0,1.716,6.0,4,1
2026-04-21,678906,8,2,1,1.361829,8.0,5,0
2026-04-21,680573,22,2,3,7.159487,22.0,17,1
2026-04-21,680704,3,1,0,0.136,3.0,2,0
2026-04-21,680732,22,3,1,7.252829,22.0,18,1
2026-04-21,680802,19,4,4,7.019316,19.0,11,1
2026-04-21,681190,24,5,0,4.67277,24.0,18,0
2026-04-21,681252,10,2,0,4.04,10.0,8,1
2026-04-21,681402,4,1,0,1.1400000000000001,4.0,3,0
2026-04-21,681810,3,3,0,0.0,3.0,0,0
2026-04-21,681895,4,2,0,0.7509999999999999,4.0,2,0
2026-04-21,681982,5,1,0,0.226,5.0,4,0
2026-04-21,682052,24,1,2,6.156658,24.0,21,1
2026-04-21,682120,4,0,0,0.95777,4.0,3,0
2026-04-21,683232,3,0,0,0.8290000000000001,3.0,3,0
2026-04-21,684007,26,1,1,5.821829,26.0,24,0
2026-04-21,685801,7,1,2,3.4336580000000003,7.0,4,0
2026-04-21,686799,23,1,2,8.473428,23.0,19,0
2026-04-21,686973,1,0,0,0.068,1.0,1,0
2026-04-21,687396,3,1,0,0.6,3.0,2,0
2026-04-21,687911,5,0,2,1.939829,4.0,3,0
2026-04-21,688883,4,0,1,1.1908290000000001,4.0,3,0
2026-04-21,689147,3,0,2,1.466658,3.0,1,0
2026-04-21,689254,1,1,0,0.0,1.0,0,0
2026-04-21,689266,6,2,1,1.65,5.0,3,0
2026-04-21,690925,4,2,0,0.888,4.0,2,0
2026-04-21,690986,17,3,3,7.040257,17.0,10,1
2026-04-21,690997,25,10,0,5.131,25.0,15,1
2026-04-21,693312,9,2,5,4.147145,9.0,2,0
2026-04-21,693686,5,1,0,1.984,5.0,4,0
2026-04-21,693855,4,1,1,2.285829,4.0,2,1
2026-04-21,694738,20,7,5,4.996145,20.0,8,0
2026-04-21,695505,23,8,2,5.264658,22.0,12,1
2026-04-21,696062,9,0,3,3.7394870000000004,9.0,6,0
2026-04-21,696147,4,1,0,1.0430000000000001,4.0,3,0
2026-04-21,701719,6,3,1,2.070829,6.0,2,0
2026-04-21,702303,5,2,1,3.188829,5.0,2,1
2026-04-21,800048,20,4,1,7.521599,20.0,14,0
2026-04-21,801403,24,9,1,4.829369,24.0,12,0
2026-04-21,808967,28,7,2,8.868658,28.0,19,2
2026-04-21,810938,4,0,0,2.1870000000000003,4.0,4,1
2026-04-21,813349,23,4,3,9.018257,22.0,14,2
2026-04-22,445276,6,1,2,2.7846580000000003,6.0,3,0
2026-04-22,527048,12,4,0,5.072,12.0,8,2
2026-04-22,548384,4,1,1,1.4188290000000001,4.0,2,0
2026-04-22,571510,19,5,0,4.844,19.0,14,0
2026-04-22,571948,4,2,0,0.845,4.0,2,0
2026-04-22,573009,6,2,1,1.1768290000000001,6.0,3,0
2026-04-22,573124,3,0,1,1.565829,3.0,2,0
2026-04-22,592836,21,1,1,9.009829,21.0,19,4
2026-04-22,593958,24,4,3,10.736487,24.0,17,2
2026-04-22,593974,5,1,0,1.786,5.0,4,1
2026-04-22,595345,3,0,0,1.276,3.0,3,0
2026-04-22,596133,6,3,1,0.996829,6.0,2,0
2026-04-22,605135,25,3,2,10.733658,25.0,20,2
2026-04-22,605280,27,3,1,9.378829,27.0,23,1
2026-04-22,605447,5,2,0,1.501,5.0,3,0
2026-04-22,606996,9,0,0,2.1919999999999997,9.0,9,0
2026-04-22,607259,30,6,1,10.062829,30.0,23,3
2026-04-22,608331,29,9,2,7.025658,29.0,18,2
2026-04-22,608371,5,2,0,1.758,5.0,3,1
2026-04-22,608372,23,4,1,5.335829,23.0,18,0
2026-04-22,608379,25,5,2,12.420658,25.0,18,3
2026-04-22,608718,3,2,0,0.247,3.0,1,0
2026-04-22,621111,19,2,3,8.910487,19.0,14,1
2026-04-22,622608,8,0,1,2.343829,8.0,7,0
2026-04-22,623149,5,1,1,1.364829,5.0,3,0
2026-04-22,623437,3,0,1,2.1558289999999998,3.0,2,0
2026-04-22,624133,21,4,2,8.699658,21.0,15,2
2026-04-22,640448,3,1,0,0.659,3.0,2,0
2026-04-22,641302,7,2,0,1.084,7.0,5,0
2026-04-22,641743,22,1,3,10.550487,22.0,18,3
2026-04-22,641755,5,1,2,1.394829,4.0,2,0
2026-04-22,641778,24,3,2,8.109658,24.0,19,3
2026-04-22,641793,28,1,2,12.720658,28.0,25,4
2026-04-22,641816,26,5,2,6.466658,26.0,19,0
2026-04-22,642397,6,3,0,1.501,6.0,3,0
2026-04-22,642701,3,2,0,0.022,3.0,1,0
2026-04-22,642759,3,0,0,0.865,3.0,3,0
2026-04-22,643410,5,1,0,1.6300000000000001,5.0,4,1
2026-04-22,650644,23,5,1,7.7618290000000005,23.0,17,1
2026-04-22,656222,3,1,0,2.04,3.0,2,1
2026-04-22,656271,3,0,0,0.609,3.0,3,0
2026-04-22,656638,3,1,0,0.261,3.0,2,0
2026-04-22,656686,3,0,0,0.84,3.0,3,0
2026-04-22,656794,9,0,1,4.832829,9.0,8,1
2026-04-22,656848,3,3,0,0.0,3.0,0,0
2026-04-22,657044,5,1,1,3.121829,5.0,3,1
2026-04-22,660271,23,7,0,4.06,23.0,16,0
2026-04-22,660604,12,5,0,3.275,12.0,7,0
2026-04-22,660853,6,1,1,1.494829,6.0,4,0
2026-04-22,662253,4,1,0,3.302,4.0,3,1
2026-04-22,663158,4,0,0,0.985,4.0,4,0
2026-04-22,663542,5,2,1,1.338829,5.0,2,0
2026-04-22,663554,24,7,3,4.9604870000000005,23.0,13,0
2026-04-22,663567,24,8,3,4.7714870000000005,24.0,13,0
2026-04-22,663574,2,0,0,0.314,2.0,2,0
2026-04-22,663855,3,0,1,1.288829,3.0,2,0
2026-04-22,664126,2,1,0,0.009,2.0,1,0
2026-04-22,664199,4,0,0,1.05,4.0,4,0
2026-04-22,666171,6,1,1,0.9148290000000001,6.0,4,0
2026-04-22,666374,3,0,0,0.306,3.0,3,0
2026-04-22,666661,4,2,0,0.8079999999999999,4.0,2,0
2026-04-22,666974,4,0,0,3.209,4.0,4,2
2026-04-22,667297,6,2,1,1.687829,6.0,3,0
2026-04-22,667755,20,4,0,5.183,20.0,16,0
2026-04-22,668390,4,1,0,1.573,4.0,3,0
2026-04-22,668873,4,0,0,1.0270000000000001,4.0,4,0
2026-04-22,669084,7,2,2,2.969658,7.0,3,2
2026-04-22,669165,3,1,0,0.032,3.0,2,0
2026-04-22,669199,3,0,1,2.140829,3.0,2,1
2026-04-22,669212,8,1,0,4.187,8.0,7,1
2026-04-22,669270,5,0,0,2.636,5.0,5,0
2026-04-22,669276,3,0,0,0.114,3.0,3,0
2026-04-22,669302,22,3,2,9.490428,21.0,15,0
2026-04-22,669330,5,0,0,0.991,5.0,5,0
2026-04-22,669620,3,0,0,2.363,3.0,3,1
2026-04-22,669622,4,1,0,1.1139999999999999,4.0,3,0
2026-04-22,670036,4,2,1,0.962829,4.0,1,0
2026-04-22,676083,17,2,1,4.799829,17.0,14,1
2026-04-22,676254,4,0,1,2.077829,4.0,3,1
2026-04-22,676263,6,0,0,2.928,5.0,6,1
2026-04-22,676440,24,3,2,7.267658,24.0,19,1
2026-04-22,676684,5,0,0,0.485,5.0,5,0
2026-04-22,676962,10,5,0,2.523,10.0,5,0
2026-04-22,677053,4,2,0,0.9670000000000001,4.0,2,0
2026-04-22,677161,3,2,0,0.009,3.0,1,0
2026-04-22,677952,25,5,2,6.068658,25.0,18,1
2026-04-22,677955,6,3,1,1.659829,6.0,2,0
2026-04-22,678606,8,2,1,2.638829,7.0,5,0
2026-04-22,679358,3,2,0,0.12,3.0,1,0
2026-04-22,679775,5,1,0,0.45,4.0,3,0
2026-04-22,680730,6,0,1,2.221829,6.0,5,1
2026-04-22,680755,4,1,1,1.117829,4.0,2,0
2026-04-22,681217,4,0,0,1.696,4.0,4,0
2026-04-22,681517,25,2,3,9.118257,25.0,19,0
2026-04-22,681676,6,2,0,0.88,6.0,4,0
2026-04-22,681867,3,1,0,0.301,3.0,2,0
2026-04-22,681870,4,1,0,1.653,4.0,3,0
2026-04-22,682227,22,3,3,9.173257,22.0,15,1
2026-04-22,683004,22,5,2,6.420658,22.0,15,1
2026-04-22,683175,8,1,0,3.44677,8.0,6,0
2026-04-22,683769,3,0,0,0.208,3.0,3,0
2026-04-22,686560,3,0,0,0.96077,3.0,2,0
2026-04-22,686993,4,2,0,0.7929999999999999,4.0,2,0
2026-04-22,687330,3,1,0,0.43600000000000005,3.0,2,0
2026-04-22,687396,5,0,0,1.9540000000000002,5.0,5,0
2026-04-22,687570,17,6,0,4.417,17.0,11,2
2026-04-22,688158,9,3,1,2.733829,9.0,5,1
2026-04-22,689296,4,2,0,0.41600000000000004,4.0,2,0
2026-04-22,692230,9,2,0,1.118,9.0,7,0
2026-04-22,694335,3,1,0,0.11699999999999999,3.0,2,0
2026-04-22,694477,19,2,1,8.805829000000001,19.0,16,3
2026-04-22,696070,8,0,3,4.158487,8.0,5,1
2026-04-22,696131,4,1,1,1.710829,4.0,2,0
2026-04-22,700669,4,0,0,1.559,4.0,4,0
2026-04-22,700842,10,3,0,1.867,10.0,7,0
2026-04-22,800311,18,7,1,5.988829,18.0,10,2
2026-04-22,805123,3,1,0,0.094,3.0,2,0
2026-04-23,471911,3,1,0,0.734,3.0,2,0
2026-04-23,518886,5,1,1,2.237829,5.0,3,0
2026-04-23,543056,5,2,0,2.081,5.0,3,0
2026-04-23,571948,4,0,2,1.547658,4.0,2,0
2026-04-23,572143,6,1,1,1.897829,5.0,4,0
2026-04-23,573204,1,0,0,0.513,1.0,1,0
2026-04-23,594798,23,10,1,7.364828999999999,23.0,12,1
2026-04-23,596001,3,0,0,2.276,3.0,3,1
2026-04-23,607192,25,9,1,3.571829,25.0,15,0
2026-04-23,607455,3,0,1,1.650829,3.0,2,1
2026-04-23,621237,5,1,1,0.615,4.0,3,0
2026-04-23,621383,4,1,1,1.2349999999999999,3.0,2,0
2026-04-23,622554,3,2,0,0.641,3.0,1,0
2026-04-23,623149,5,0,2,2.910658,4.0,3,1
2026-04-23,623211,3,0,0,1.6309999999999998,3.0,3,1
2026-04-23,641745,4,0,0,1.495,4.0,4,1
2026-04-23,642207,5,2,0,2.54,5.0,3,1
2026-04-23,642528,1,0,0,1.09,1.0,1,1
2026-04-23,642759,8,2,0,1.8909999999999998,8.0,6,1
2026-04-23,647336,22,6,1,6.352829,22.0,15,0
2026-04-23,650911,30,4,2,11.522658,30.0,24,3
2026-04-23,656222,3,2,0,0.301,3.0,1,0
2026-04-23,656464,6,2,0,1.568,6.0,4,0
2026-04-23,656730,3,0,0,0.261,3.0,3,0
2026-04-23,656849,15,2,1,4.491829,15.0,12,1
2026-04-23,656945,3,0,0,0.175,3.0,3,0
2026-04-23,657097,3,1,1,1.284829,3.0,1,0
2026-04-23,657277,29,5,2,9.562428,29.0,21,1
2026-04-23,657514,2,0,0,0.248,2.0,2,0
2026-04-23,657746,25,5,2,8.458658,25.0,18,2
2026-04-23,663362,26,3,3,8.426487,25.0,20,1
2026-04-23,663372,9,3,1,2.344829,9.0,5,0
2026-04-23,663436,24,7,1,7.788829,24.0,16,0
2026-04-23,663767,4,0,0,1.64477,4.0,3,0
2026-04-23,663947,5,0,1,1.782829,5.0,4,0
2026-04-23,663992,4,1,0,1.03,3.0,3,0
2026-04-23,664875,4,0,0,1.103,4.0,4,0
2026-04-23,665795,28,5,0,6.817,28.0,23,2
2026-04-23,665871,3,0,0,1.56,3.0,3,0
2026-04-23,666661,5,2,0,1.399,5.0,3,1
2026-04-23,668964,9,3,0,2.381,9.0,6,0
2026-04-23,669276,3,2,0,0.271,3.0,1,0
2026-04-23,669373,24,5,0,4.881,24.0,19,0
2026-04-23,669711,4,1,1,1.822,3.0,2,0
2026-04-23,670245,2,2,0,0.0,2.0,0,0
2026-04-23,670280,3,0,0,0.325,3.0,3,0
2026-04-23,670970,4,1,0,2.19,4.0,3,1
2026-04-23,670990,4,1,0,0.939,4.0,3,0
2026-04-23,672335,4,1,2,1.675658,4.0,1,0
2026-04-23,672582,4,2,0,2.875,4.0,2,1
2026-04-23,675848,9,3,1,1.949829,9.0,5,0
2026-04-23,676428,1,0,0,0.079,1.0,1,0
2026-04-23,676760,9,0,0,3.6870000000000003,9.0,9,0
2026-04-23,676879,3,0,1,1.335829,3.0,2,0
2026-04-23,676917,23,10,0,4.90577,23.0,12,0
2026-04-23,678020,4,2,1,1.395829,4.0,1,0
2026-04-23,680767,7,2,1,2.321829,7.0,4,1
2026-04-23,681035,10,1,5,4.421915,10.0,3,0
2026-04-23,681402,5,1,0,2.755,5.0,4,1
2026-04-23,681895,7,2,2,1.438658,7.0,3,0
2026-04-23,681982,1,1,0,0.0,1.0,0,0
2026-04-23,682608,3,1,0,0.297,3.0,2,0
2026-04-23,682842,2,1,0,1.63,2.0,1,1
2026-04-23,686560,3,0,1,1.7875990000000002,3.0,1,0
2026-04-23,687075,21,4,2,6.924658,21.0,15,1
2026-04-23,688642,15,3,1,5.243829,14.0,11,2
2026-04-23,689147,5,1,1,1.604829,5.0,3,1
2026-04-23,691799,7,3,0,1.282,7.0,4,1
2026-04-23,693645,28,5,1,6.986829,28.0,22,2
2026-04-23,694918,8,2,1,1.963829,8.0,5,0
2026-04-23,695243,3,0,0,1.007,3.0,3,0
2026-04-23,696149,23,4,3,10.007257000000001,23.0,15,2
2026-04-23,701719,6,1,0,1.234,6.0,5,0
2026-04-23,702193,10,4,0,1.956,9.0,6,0
2026-04-23,702275,27,7,2,9.134658,26.0,17,2
2026-04-23,702303,5,1,2,1.409658,5.0,2,0
2026-04-23,801139,22,11,1,3.279829,22.0,10,0
2026-04-24,445276,4,1,0,2.073,4.0,3,1
2026-04-24,453286,16,0,3,7.312487,16.0,13,3
2026-04-24,518585,6,3,0,4.234,6.0,3,2
2026-04-24,519141,6,1,1,2.628829,6.0,4,0
2026-04-24,543135,25,3,1,10.879829,25.0,21,4
2026-04-24,547179,26,3,0,8.888,26.0,23,2
2026-04-24,552640,3,0,0,0.5820000000000001,3.0,3,0
2026-04-24,571945,14,1,0,4.67,13.0,12,2
2026-04-24,572955,2,0,0,0.684,2.0,2,0
2026-04-24,573009,6,1,0,1.58,6.0,5,0
2026-04-24,579328,22,5,2,7.156658,22.0,15,2
2026-04-24,592791,22,4,3,7.480487,21.0,14,1
2026-04-24,595014,5,2,0,2.61,5.0,3,1
2026-04-24,605288,23,3,1,10.019829,23.0,19,2
2026-04-24,605540,21,3,2,6.884658,21.0,16,2
2026-04-24,606303,4,0,0,0.962,4.0,4,0
2026-04-24,607200,24,1,4,8.198316,24.0,18,0
2026-04-24,607455,2,0,0,0.843,2.0,2,0
2026-04-24,607481,4,0,0,1.187,4.0,4,0
2026-04-24,615698,12,2,0,4.919,12.0,10,2
2026-04-24,621121,24,3,4,9.506316,23.0,16,2
2026-04-24,621366,5,0,1,1.9498289999999998,5.0,4,0
2026-04-24,621381,3,0,0,0.558,3.0,3,0
2026-04-24,622554,4,2,0,0.937,4.0,2,0
2026-04-24,622608,4,1,0,2.012,4.0,3,1
2026-04-24,622663,26,5,1,7.605829,26.0,20,2
2026-04-24,623454,3,2,0,0.088,3.0,1,0
2026-04-24,640448,6,4,0,2.424,6.0,2,1
2026-04-24,640455,15,7,1,3.792599,14.0,6,0
2026-04-24,641312,5,2,1,1.6588289999999999,5.0,2,0
2026-04-24,641329,3,1,0,0.28400000000000003,3.0,2,0
2026-04-24,641835,6,1,1,1.454,5.0,4,0
2026-04-24,642100,3,1,0,1.326,3.0,2,0
2026-04-24,642121,4,0,0,1.02,4.0,4,0
2026-04-24,642232,8,2,1,1.487829,8.0,5,0
2026-04-24,642547,27,8,3,6.6464870000000005,27.0,16,0
2026-04-24,645261,26,4,1,8.815829,26.0,21,0
2026-04-24,650556,3,1,0,0.532,3.0,2,0
2026-04-24,656271,4,1,0,0.84177,4.0,2,0
2026-04-24,656550,28,4,3,11.424487,28.0,21,3
2026-04-24,656686,3,1,0,1.173,3.0,2,1
2026-04-24,656794,1,1,0,0.0,1.0,0,0
2026-04-24,656876,24,6,1,5.725829,24.0,17,1
2026-04-24,656945,4,0,0,3.835,4.0,4,1
2026-04-24,660825,1,0,0,0.466,1.0,1,0
2026-04-24,662253,4,2,0,1.887,4.0,2,1
2026-04-24,663158,5,1,1,1.601829,4.0,2,0
2026-04-24,663542,4,1,1,1.044829,4.0,2,0
2026-04-24,663558,11,1,1,3.645829,11.0,9,1
2026-04-24,663574,6,1,0,3.716,6.0,5,1
2026-04-24,663687,4,2,0,0.7230000000000001,4.0,2,0
2026-04-24,663738,1,1,0,0.0,1.0,0,0
2026-04-24,663767,2,0,0,0.74777,2.0,1,0
2026-04-24,663992,4,0,1,0.835,3.0,3,0
2026-04-24,664141,13,3,1,4.408829,13.0,9,1
2026-04-24,664285,21,4,5,9.134145,19.0,10,2
2026-04-24,665622,3,0,0,1.19,3.0,3,1
2026-04-24,666171,3,2,0,0.081,3.0,1,0
2026-04-24,666277,2,0,0,0.043000000000000003,2.0,2,0
2026-04-24,666374,3,0,0,1.312,3.0,3,0
2026-04-24,666974,1,0,0,0.05,1.0,1,0
2026-04-24,667297,3,3,0,0.0,3.0,0,0
2026-04-24,667463,4,1,1,0.901829,4.0,2,0
2026-04-24,668674,4,2,1,0.8558290000000001,4.0,1,0
2026-04-24,668873,5,0,1,1.469829,5.0,4,0
2026-04-24,668909,27,4,2,11.136658,27.0,21,5
2026-04-24,668933,4,0,1,0.812829,3.0,2,0
2026-04-24,669020,10,1,0,2.9610000000000003,10.0,9,0
2026-04-24,669199,8,1,0,2.085,8.0,7,0
2026-04-24,669467,23,8,3,7.4604870000000005,23.0,12,2
2026-04-24,669923,24,2,1,6.062599,24.0,20,0
2026-04-24,670245,10,2,0,4.009,10.0,8,0
2026-04-24,671096,19,4,2,9.013658,19.0,13,3
2026-04-24,671382,8,1,1,1.846829,8.0,6,0
2026-04-24,671737,29,3,3,13.334487000000001,28.0,23,4
2026-04-24,671922,4,0,0,2.191,4.0,4,1
2026-04-24,673929,4,1,0,2.129,4.0,3,2
2026-04-24,675660,19,2,1,6.473829,19.0,16,1
2026-04-24,676428,3,1,0,0.374,2.0,1,0
2026-04-24,676467,14,0,2,6.726829,13.0,12,1
2026-04-24,676571,7,1,0,1.91977,7.0,5,0
2026-04-24,676684,5,1,1,3.051829,4.0,2,1
2026-04-24,676755,4,1,1,1.839829,4.0,2,1
2026-04-24,677865,5,0,2,2.281428,5.0,2,0
2026-04-24,677955,5,0,0,2.534,5.0,5,0
2026-04-24,678394,23,2,1,12.641829000000001,23.0,20,6
2026-04-24,679358,3,2,0,0.041,3.0,1,0
2026-04-24,679775,3,0,0,0.712,3.0,3,0
2026-04-24,680755,4,0,1,0.8518290000000001,4.0,3,0
2026-04-24,681151,3,0,0,1.084,3.0,3,0
2026-04-24,681870,3,1,0,1.226,3.0,2,1
2026-04-24,681911,5,1,1,2.048829,5.0,3,0
2026-04-24,682254,3,1,0,0.899,3.0,2,0
2026-04-24,683000,12,1,4,4.636316,11.0,7,1
2026-04-24,683232,3,0,2,1.4576580000000001,3.0,1,0
2026-04-24,683618,1,0,0,0.224,1.0,1,0
2026-04-24,683769,3,0,0,0.65,3.0,3,0
2026-04-24,686218,24,10,1,5.140599,24.0,12,1
2026-04-24,686993,2,0,0,0.331,2.0,2,0
2026-04-24,687064,25,5,1,7.396829,25.0,19,2
2026-04-24,689254,3,2,0,0.008,3.0,1,0
2026-04-24,691725,28,1,2,11.977658,28.0,25,2
2026-04-24,693312,7,0,3,3.936487,7.0,4,0
2026-04-24,693686,9,2,0,1.967,9.0,7,0
2026-04-24,694680,7,1,1,3.618829,7.0,5,2
2026-04-24,694973,22,7,0,2.794,22.0,15,0
2026-04-24,700669,6,2,0,1.955,6.0,4,1
2026-04-24,701542,24,6,1,6.352829,24.0,17,0
2026-04-24,702070,28,6,3,11.332487,28.0,19,2
2026-04-25,518585,3,2,1,0.697829,3.0,0,0
2026-04-25,543056,4,1,0,1.392,4.0,3,0
2026-04-25,544150,18,2,3,4.952487,17.0,12,0
2026-04-25,554430,20,6,3,5.4894870000000004,20.0,11,1
2026-04-25,572143,8,3,1,0.891829,7.0,3,0
2026-04-25,573124,3,0,1,1.973829,3.0,2,0
2026-04-25,592094,4,0,0,1.138,4.0,4,0
2026-04-25,592332,25,3,0,6.13,25.0,22,0
2026-04-25,592662,21,4,3,6.265487,21.0,14,0
2026-04-25,592773,3,0,0,0.987,3.0,3,0
2026-04-25,592826,8,1,0,1.056,8.0,7,0
2026-04-25,594580,3,1,1,0.918829,3.0,1,0
2026-04-25,595345,3,0,0,0.247,3.0,3,0
2026-04-25,596001,4,0,0,1.018,4.0,4,0
2026-04-25,605130,3,0,0,0.8300000000000001,3.0,3,0
2026-04-25,605447,7,0,1,2.954599,7.0,5,0
2026-04-25,605488,26,4,2,6.324428,26.0,19,1
2026-04-25,607067,20,4,4,9.553316,20.0,12,2
2026-04-25,608566,26,2,1,8.039599,26.0,22,1
2026-04-25,621237,4,0,0,1.439,4.0,4,0
2026-04-25,621383,3,0,0,2.116,3.0,3,0
2026-04-25,623454,10,5,2,3.291658,10.0,3,2
2026-04-25,624428,3,0,1,1.215829,3.0,2,0
2026-04-25,641312,7,1,1,3.499829,7.0,5,0
2026-04-25,641401,3,2,0,0.209,3.0,1,0
2026-04-25,641745,4,1,0,1.0450000000000002,4.0,3,1
2026-04-25,641755,5,1,1,1.417829,5.0,3,0
2026-04-25,641927,23,3,2,6.650428,22.0,16,1
2026-04-25,641941,4,0,0,1.279,4.0,4,0
2026-04-25,642215,8,0,0,4.965,8.0,8,1
2026-04-25,642397,3,1,0,0.355,3.0,2,0
2026-04-25,642528,3,1,0,0.136,3.0,2,0
2026-04-25,642701,5,1,1,1.071,4.0,3,1
2026-04-25,643410,3,1,0,0.663,3.0,2,0
2026-04-25,643511,3,1,0,0.34299999999999997,3.0,2,0
2026-04-25,656222,3,1,0,0.158,3.0,2,0
2026-04-25,656234,3,1,0,0.444,3.0,2,0
2026-04-25,656427,14,4,2,6.090428,12.0,6,2
2026-04-25,656605,22,6,2,8.108658,22.0,14,1
2026-04-25,656641,3,1,0,0.273,3.0,2,0
2026-04-25,656986,5,0,4,3.715316,5.0,1,0
2026-04-25,657424,5,0,1,1.383829,5.0,4,0
2026-04-25,657612,4,1,0,1.859,4.0,3,1
2026-04-25,657756,3,0,1,0.957829,3.0,2,0
2026-04-25,660761,7,3,1,2.4578290000000003,7.0,3,0
2026-04-25,662253,3,1,1,0.7658290000000001,3.0,1,0
2026-04-25,663556,21,7,2,5.957658,21.0,12,2
2026-04-25,663623,23,9,0,4.39977,23.0,13,0
2026-04-25,663738,3,0,0,1.194,3.0,3,1
2026-04-25,663855,5,1,2,1.945658,5.0,2,0
2026-04-25,663903,24,3,0,8.579,23.0,20,3
2026-04-25,663947,6,0,1,3.043829,5.0,4,0
2026-04-25,663969,11,0,3,5.400487,11.0,8,1
2026-04-25,664199,7,0,1,1.8747699999999998,6.0,5,0
2026-04-25,665871,16,2,2,7.313658,16.0,12,1
2026-04-25,666142,23,11,0,5.391,23.0,12,2
2026-04-25,666277,5,1,0,3.2569999999999997,5.0,4,2
2026-04-25,666374,4,1,0,0.87877,3.0,1,0
2026-04-25,666808,4,1,1,0.984829,4.0,2,0
2026-04-25,668390,3,1,0,0.273,3.0,2,0
2026-04-25,668678,10,3,0,2.112,10.0,7,0
2026-04-25,668933,4,1,1,1.4588290000000002,3.0,1,1
2026-04-25,668941,4,0,0,1.4460000000000002,3.0,4,0
2026-04-25,669022,25,7,3,7.981487,25.0,15,1
2026-04-25,669062,4,2,1,1.040829,4.0,1,0
2026-04-25,669165,4,1,0,1.214,4.0,3,0
2026-04-25,669211,9,2,0,5.181,9.0,7,1
2026-04-25,669276,4,2,0,1.5790000000000002,4.0,2,1
2026-04-25,669330,5,1,0,1.156,5.0,4,0
2026-04-25,669432,11,2,2,4.493658,11.0,7,1
2026-04-25,669461,19,3,1,10.345829,18.0,14,3
2026-04-25,669622,4,1,0,1.805,4.0,3,0
2026-04-25,669711,5,1,0,0.788,5.0,4,0
2026-04-25,670036,5,3,0,0.124,5.0,2,0
2026-04-25,670167,4,1,0,0.758,4.0,3,0
2026-04-25,670183,5,2,0,1.151,5.0,3,0
2026-04-25,670970,5,2,1,0.905829,5.0,2,0
2026-04-25,670990,3,2,0,0.154,3.0,1,0
2026-04-25,671109,3,1,0,0.877,3.0,2,1
2026-04-25,672335,5,1,2,1.534658,5.0,2,0
2026-04-25,672582,4,1,1,1.108829,4.0,2,0
2026-04-25,673929,7,2,3,2.527658,6.0,2,0
2026-04-25,674370,1,0,0,0.138,1.0,1,0
2026-04-25,676254,4,0,0,1.2650000000000001,4.0,4,0
2026-04-25,676263,3,2,1,0.697829,3.0,0,0
2026-04-25,676282,22,4,1,7.431829,22.0,17,1
2026-04-25,676617,9,1,1,4.380599,9.0,6,0
2026-04-25,676755,3,0,0,0.505,3.0,3,0
2026-04-25,676775,3,0,0,0.23199999999999998,3.0,3,0
2026-04-25,676879,7,4,0,1.05,7.0,3,0
2026-04-25,676979,22,7,2,5.312658,22.0,13,1
2026-04-25,677865,3,0,0,0.679,3.0,3,0
2026-04-25,677960,21,4,0,6.93,21.0,17,2
2026-04-25,678606,10,1,1,2.3755990000000002,10.0,7,0
2026-04-25,678906,3,0,0,0.38,3.0,3,0
2026-04-25,679358,4,1,0,1.3940000000000001,4.0,3,0
2026-04-25,679775,5,0,0,1.407,5.0,5,0
2026-04-25,680704,4,2,0,0.73777,4.0,1,0
2026-04-25,680730,8,3,2,2.567428,8.0,2,0
2026-04-25,681151,6,0,1,1.882829,6.0,5,0
2026-04-25,681217,6,0,2,2.5106580000000003,6.0,4,0
2026-04-25,681347,21,8,3,6.016487,21.0,10,2
2026-04-25,681402,4,1,0,0.749,3.0,3,1
2026-04-25,681867,9,3,0,3.31477,9.0,5,1
2026-04-25,681982,2,0,0,1.169,2.0,2,0
2026-04-25,682254,4,1,1,1.118829,4.0,2,0
2026-04-25,682842,3,1,0,0.309,3.0,2,0
2026-04-25,683175,2,1,0,0.178,2.0,1,0
2026-04-25,685801,3,2,0,0.039,3.0,1,0
2026-04-25,686973,7,2,1,1.805829,7.0,4,0
2026-04-25,687330,7,1,0,2.013,7.0,6,0
2026-04-25,688883,7,1,2,2.4736580000000004,7.0,4,0
2026-04-25,689147,5,1,1,1.160829,5.0,3,0
2026-04-25,689254,1,1,0,0.0,1.0,0,0
2026-04-25,691587,24,6,2,9.723658,24.0,16,2
2026-04-25,691799,3,2,0,0.409,3.0,1,0
2026-04-25,693433,18,1,0,11.729,18.0,17,4
2026-04-25,693821,28,2,1,8.462829,28.0,25,0
2026-04-25,694297,13,5,3,6.459487,13.0,5,1
2026-04-25,694335,3,1,1,1.046829,3.0,1,0
2026-04-25,694361,5,2,0,0.8240000000000001,5.0,3,0
2026-04-25,694680,5,1,0,1.55777,5.0,3,0
2026-04-25,694819,26,9,1,7.8153690000000005,26.0,14,0
2026-04-25,694851,5,1,1,2.4428289999999997,5.0,3,1
2026-04-25,695243,3,0,0,0.353,3.0,3,0
2026-04-25,695418,4,0,0,0.847,4.0,4,0
2026-04-25,696131,5,2,0,2.445,5.0,3,1
2026-04-25,699823,4,2,1,0.705829,4.0,1,0
2026-04-25,700669,3,0,0,1.821,3.0,3,0
2026-04-25,700712,21,3,5,7.791145,21.0,13,1
2026-04-25,701719,3,0,0,0.582,3.0,3,0
2026-04-25,702273,25,8,4,8.048316,24.0,12,2
2026-04-25,805123,7,0,2,4.410658,7.0,5,1
2026-04-25,808963,23,5,1,9.345599,23.0,16,2
2026-04-26,500779,20,5,2,3.721658,20.0,13,0
2026-04-26,519141,2,0,0,1.826,2.0,2,1
2026-04-26,519242,22,9,2,5.201428,22.0,10,1
2026-04-26,547973,3,2,0,1.323,3.0,1,1
2026-04-26,548384,3,1,0,0.77,3.0,2,0
2026-04-26,552640,3,1,0,0.059,3.0,2,0
2026-04-26,571578,21,4,2,7.304658,20.0,14,0
2026-04-26,571948,4,0,0,2.269,4.0,4,1
2026-04-26,572955,4,1,0,2.971,4.0,3,1
2026-04-26,592773,3,3,0,0.0,3.0,0,0
2026-04-26,593974,3,0,1,0.799829,3.0,2,0
2026-04-26,594580,3,1,0,2.108,3.0,2,1
2026-04-26,596133,3,0,0,0.533,3.0,3,0
2026-04-26,605218,13,5,3,3.012487,13.0,5,0
2026-04-26,605400,25,6,3,9.042487,25.0,16,3
2026-04-26,605441,5,2,0,1.674,5.0,3,0
2026-04-26,606303,3,1,0,0.10300000000000001,3.0,2,0
2026-04-26,607455,2,1,0,0.252,2.0,1,0
2026-04-26,607481,5,1,0,1.446,5.0,4,1
2026-04-26,607625,33,3,1,12.166829,33.0,29,3
2026-04-26,608718,6,0,1,1.648829,6.0,5,0
2026-04-26,621112,10,2,0,2.393,10.0,8,1
2026-04-26,622554,4,0,0,3.727,4.0,4,2
2026-04-26,623211,7,1,1,1.8378290000000002,7.0,5,0
2026-04-26,623437,4,1,0,0.534,4.0,3,0
2026-04-26,640448,4,1,0,0.596,4.0,3,0
2026-04-26,641302,5,0,0,1.563,5.0,5,0
2026-04-26,641329,3,1,0,0.11499999999999999,3.0,2,0
2026-04-26,641835,4,0,0,1.27,4.0,4,0
2026-04-26,642100,3,0,1,2.0948290000000003,3.0,2,1
2026-04-26,642121,5,2,0,0.8190000000000001,5.0,3,0
2026-04-26,642207,3,2,0,0.132,3.0,1,0
2026-04-26,642232,4,2,0,0.19999999999999998,4.0,2,0
2026-04-26,642528,4,0,0,1.9080000000000001,4.0,4,0
2026-04-26,643377,8,2,1,1.589829,8.0,5,0
2026-04-26,643511,3,1,0,0.46599999999999997,3.0,2,0
2026-04-26,650633,22,8,1,4.221829,22.0,13,1
2026-04-26,656271,6,1,2,3.289658,6.0,3,2
2026-04-26,656464,4,0,0,2.168,4.0,4,1
2026-04-26,656492,26,8,2,8.287428,25.0,15,2
2026-04-26,656546,4,1,1,0.924829,4.0,2,0
2026-04-26,656638,7,2,3,3.400487,7.0,2,1
2026-04-26,656730,5,2,1,1.553829,5.0,2,0
2026-04-26,656794,3,0,1,0.151,2.0,2,0
2026-04-26,657044,4,0,0,0.734,4.0,4,0
2026-04-26,660825,4,1,0,1.1509999999999998,4.0,3,1
2026-04-26,660853,7,0,0,3.3689999999999998,7.0,7,1
2026-04-26,661563,20,0,3,9.567257,20.0,16,1
2026-04-26,663158,3,1,0,0.101,3.0,2,0
2026-04-26,663485,2,0,0,0.477,2.0,2,0
2026-04-26,663542,3,1,0,0.32,3.0,2,0
2026-04-26,663687,4,1,1,2.608829,4.0,2,1
2026-04-26,663767,3,1,0,0.386,3.0,2,0
2026-04-26,663992,5,2,1,0.32799999999999996,4.0,2,0
2026-04-26,664192,4,1,1,2.049829,4.0,2,1
2026-04-26,664875,3,0,0,0.842,3.0,3,0
2026-04-26,664991,3,0,0,1.403,3.0,3,0
2026-04-26,666171,6,1,1,1.565829,6.0,4,0
2026-04-26,666661,4,2,0,0.219,4.0,2,0
2026-04-26,666974,4,0,0,0.784,3.0,3,0
2026-04-26,668674,4,2,1,0.794829,4.0,1,0
2026-04-26,668941,4,2,0,2.037,4.0,2,1
2026-04-26,669062,4,1,0,1.13,4.0,3,0
2026-04-26,669165,3,0,0,0.534,3.0,3,0
2026-04-26,669194,24,4,2,8.706658000000001,24.0,18,2
2026-04-26,669212,2,0,0,1.431,2.0,2,0
2026-04-26,669270,3,1,1,0.697829,3.0,1,0
2026-04-26,669372,14,2,1,5.0065990000000005,14.0,10,1
2026-04-26,669387,18,4,1,7.616829,18.0,12,3
2026-04-26,669622,3,0,0,0.724,3.0,3,0
2026-04-26,669724,4,0,0,1.5979999999999999,3.0,3,1
2026-04-26,669947,20,1,3,5.507487,20.0,16,1
2026-04-26,670059,4,2,0,0.952,4.0,2,1
2026-04-26,670329,3,1,0,0.835,3.0,2,0
2026-04-26,672282,21,5,1,6.6738290000000005,21.0,15,1
2026-04-26,672456,22,5,2,6.7026580000000004,21.0,14,3
2026-04-26,673540,15,1,3,6.978257,15.0,10,1
2026-04-26,675848,5,2,0,0.079,5.0,3,0
2026-04-26,676106,27,4,2,11.151428,27.0,20,2
2026-04-26,676263,4,1,0,1.04977,4.0,2,0
2026-04-26,676428,3,0,0,0.917,3.0,3,0
2026-04-26,676477,5,1,0,1.395,5.0,4,0
2026-04-26,676510,4,1,0,1.352,4.0,3,0
2026-04-26,676534,6,0,1,3.545829,6.0,5,1
2026-04-26,676684,3,1,0,0.40199999999999997,3.0,2,0
2026-04-26,676742,8,1,1,1.3218290000000001,7.0,6,0
2026-04-26,676760,6,0,0,1.807,6.0,6,0
2026-04-26,676879,6,2,2,1.4786580000000002,6.0,2,0
2026-04-26,676974,21,5,1,7.079599,21.0,14,2
2026-04-26,677053,7,1,2,3.693658,6.0,4,1
2026-04-26,677161,1,0,0,0.01,1.0,1,0
2026-04-26,677944,24,5,1,6.504829,24.0,18,2
2026-04-26,677955,6,1,1,1.794829,6.0,4,0
2026-04-26,677958,25,3,2,9.701658,24.0,19,2
2026-04-26,678020,4,0,1,1.531829,4.0,3,0
2026-04-26,678022,7,3,0,1.8039999999999998,7.0,4,1
2026-04-26,678606,3,0,0,0.245,3.0,3,0
2026-04-26,680573,22,2,3,8.040487,22.0,17,1
2026-04-26,680694,21,3,4,9.832316,21.0,14,3
2026-04-26,680732,25,4,0,4.07,24.0,20,0
2026-04-26,680736,27,6,4,7.846086000000001,27.0,16,1
2026-04-26,680755,7,2,2,2.147829,6.0,3,0
2026-04-26,680767,3,2,0,0.044,3.0,1,0
2026-04-26,681293,26,8,1,8.922599,26.0,16,2
2026-04-26,681402,3,1,0,0.52,3.0,2,0
2026-04-26,681810,6,1,0,0.674,6.0,5,0
2026-04-26,681892,4,0,1,0.816829,4.0,3,0
2026-04-26,681895,6,2,0,2.1977700000000002,6.0,3,0
2026-04-26,682052,7,1,2,1.765658,6.0,4,0
2026-04-26,682120,3,1,0,0.011,3.0,2,0
2026-04-26,682608,6,1,2,1.598829,4.0,3,0
2026-04-26,682842,3,2,0,0.92,3.0,1,0
2026-04-26,683232,3,1,0,1.7530000000000001,3.0,2,1
2026-04-26,683618,5,1,2,1.8456580000000002,5.0,2,0
2026-04-26,683742,9,2,2,3.394658,7.0,3,1
2026-04-26,684007,25,6,3,9.355487,25.0,16,3
2026-04-26,686560,4,1,0,0.679,4.0,3,0
2026-04-26,686973,4,2,0,0.49,4.0,2,0
2026-04-26,686993,4,2,0,0.531,4.0,2,0
2026-04-26,687606,4,2,0,0.9390000000000001,4.0,2,0
2026-04-26,687911,3,1,0,0.11800000000000001,3.0,2,0
2026-04-26,688158,5,0,0,1.4929999999999999,5.0,5,0
2026-04-26,688642,4,0,0,0.871,4.0,4,1
2026-04-26,689296,4,1,1,1.870829,4.0,2,0
2026-04-26,690986,19,12,1,2.787829,19.0,6,0
2026-04-26,690997,21,7,2,7.080658,21.0,12,1
2026-04-26,694335,5,1,0,1.832,5.0,4,0
2026-04-26,694738,27,6,2,6.205658000000001,27.0,19,0
2026-04-26,695076,22,7,1,6.895829,22.0,14,1
2026-04-26,696147,7,0,2,1.9716580000000001,7.0,5,0
2026-04-26,699134,5,0,1,1.7918290000000001,5.0,4,0
2026-04-26,700241,22,6,0,7.085,22.0,16,1
2026-04-26,801403,26,7,2,7.007658,26.0,17,0
2026-04-26,813349,24,4,1,6.480829,24.0,19,1
2026-04-27,519141,5,2,0,1.668,5.0,3,1
2026-04-27,571510,22,4,2,7.925658,22.0,16,2
2026-04-27,571927,25,2,1,7.736829,25.0,22,1
2026-04-27,573009,4,2,0,0.869,4.0,2,0
2026-04-27,573124,3,0,1,1.5438290000000001,3.0,2,0
2026-04-27,592094,4,1,0,0.297,4.0,3,0
2026-04-27,608331,21,5,2,4.490658,21.0,14,0
2026-04-27,622491,25,3,2,10.420428,25.0,19,3
2026-04-27,624133,25,10,1,2.048829,25.0,14,0
2026-04-27,641329,5,2,0,1.334,5.0,3,0
2026-04-27,641743,22,2,2,10.164198,22.0,16,3
2026-04-27,642397,3,0,0,0.855,3.0,3,0
2026-04-27,642701,8,0,2,4.654658,8.0,6,2
2026-04-27,656302,27,5,3,10.358257,27.0,18,1
2026-04-27,656848,5,2,1,1.7318289999999998,5.0,2,1
2026-04-27,656945,4,3,1,0.697829,4.0,0,0
2026-04-27,657097,4,1,0,3.134,4.0,3,2
2026-04-27,657612,5,0,2,2.368658,5.0,3,0
2026-04-27,663542,1,0,0,0.233,1.0,1,0
2026-04-27,663855,3,0,0,0.9470000000000001,3.0,3,0
2026-04-27,663969,2,1,0,0.525,2.0,1,0
2026-04-27,663978,17,1,1,4.897829,17.0,15,1
2026-04-27,664126,5,0,3,3.197658,4.0,2,1
2026-04-27,664208,6,2,0,1.252,6.0,4,0
2026-04-27,664875,3,1,0,1.021,3.0,2,0
2026-04-27,666277,4,1,0,1.1640000000000001,4.0,3,0
2026-04-27,666808,4,2,0,1.962,4.0,2,1
2026-04-27,667297,4,0,1,1.306829,4.0,3,0
2026-04-27,667463,3,0,0,1.204,3.0,3,1
2026-04-27,669160,25,2,2,6.453658,24.0,20,0
2026-04-27,669711,4,0,0,0.906,4.0,4,0
2026-04-27,670036,1,0,0,0.016,1.0,1,0
2026-04-27,670059,6,1,0,1.982,6.0,5,1
2026-04-27,670280,6,1,0,1.702,6.0,5,0
2026-04-27,670970,6,2,1,1.3978290000000002,6.0,3,0
2026-04-27,671109,3,0,0,1.637,3.0,3,1
2026-04-27,674370,10,2,0,5.042,10.0,8,2
2026-04-27,676534,3,1,0,0.861,3.0,2,0
2026-04-27,676742,1,1,0,0.0,1.0,0,0
2026-04-27,676755,1,1,0,0.0,1.0,0,0
2026-04-27,676962,9,1,1,1.816829,9.0,7,0
2026-04-27,677053,5,1,1,1.574829,5.0,3,0
2026-04-27,677961,9,1,2,2.467658,9.0,6,0
2026-04-27,680704,3,0,0,1.60077,3.0,2,0
2026-04-27,681190,23,4,3,10.668487,23.0,16,3
2026-04-27,681676,6,4,0,0.45199999999999996,6.0,2,0
2026-04-27,681870,4,1,1,1.583829,4.0,2,0
2026-04-27,681895,3,0,0,0.357,3.0,3,0
2026-04-27,681911,4,3,1,0.697829,4.0,0,0
2026-04-27,682254,3,1,0,0.171,3.0,2,0
2026-04-27,682608,9,1,2,5.003658,9.0,6,2
2026-04-27,683004,26,4,1,10.451599,26.0,20,3
2026-04-27,683618,3,1,0,0.373,3.0,2,0
2026-04-27,683769,4,0,0,2.947,4.0,4,1
2026-04-27,686560,3,0,0,0.93177,3.0,2,0
2026-04-27,686799,25,5,1,6.284829,25.0,19,0
2026-04-27,687570,19,5,3,4.377487,19.0,11,1
2026-04-27,691799,8,2,0,2.558,8.0,6,0
2026-04-27,693855,4,2,1,0.705829,4.0,1,0
2026-04-27,695243,6,1,0,1.581,6.0,5,0
2026-04-27,695380,10,3,3,4.3274870000000005,10.0,4,0
2026-04-27,695445,5,1,0,1.479,5.0,4,1
2026-04-27,696062,12,3,0,1.608,12.0,9,0
2026-04-27,702193,13,2,1,5.807829,13.0,10,1
2026-04-27,800048,22,9,2,3.210658,22.0,11,0
2026-04-27,808967,24,4,4,8.993316,24.0,16,1
2026-04-27,820862,3,2,0,0.163,3.0,1,0
2026-04-28,472610,6,0,0,3.60177,6.0,5,0
2026-04-28,518585,5,2,1,1.803829,5.0,2,0
2026-04-28,518876,25,1,5,12.577316,23.0,18,3
2026-04-28,518886,3,3,0,0.0,3.0,0,0
2026-04-28,527048,21,5,4,6.564316,21.0,12,1
2026-04-28,543510,3,0,0,0.55,2.0,2,0
2026-04-28,552640,6,3,1,0.6,5.0,2,0
2026-04-28,571948,4,1,0,0.116,4.0,3,0
2026-04-28,572143,8,4,1,2.166829,8.0,3,0
2026-04-28,593974,6,0,0,3.84977,6.0,5,1
2026-04-28,594798,22,5,0,7.171,22.0,17,4
2026-04-28,595014,4,1,0,0.738,4.0,3,0
2026-04-28,595345,3,0,0,1.715,2.0,3,0
2026-04-28,596001,3,0,0,0.5680000000000001,3.0,3,0
2026-04-28,605130,4,1,0,0.9527700000000001,4.0,2,0
2026-04-28,605280,22,6,1,5.748829000000001,22.0,15,0
2026-04-28,606996,4,1,1,1.546829,4.0,2,0
2026-04-28,607259,25,4,1,3.972829,24.0,20,0
2026-04-28,607481,5,0,0,2.9080000000000004,5.0,5,1
2026-04-28,607536,20,4,1,6.557829,19.0,14,1
2026-04-28,608718,4,1,0,1.8070000000000002,4.0,3,1
2026-04-28,621111,22,4,3,7.190257,22.0,14,0
2026-04-28,621381,6,2,1,1.840829,6.0,3,0
2026-04-28,622554,3,1,1,0.9758290000000001,3.0,1,0
2026-04-28,641401,5,0,0,0.956,5.0,5,0
2026-04-28,641755,5,2,0,0.748,5.0,3,0
2026-04-28,641793,20,1,3,9.077487,20.0,16,2
2026-04-28,641816,22,3,3,6.632487,22.0,16,1
2026-04-28,641835,3,2,0,0.15,3.0,1,0
2026-04-28,642100,3,0,0,0.14200000000000002,3.0,3,0
2026-04-28,642121,5,2,1,1.135,4.0,2,1
2026-04-28,643410,3,1,0,1.153,3.0,2,0
2026-04-28,643511,3,1,0,0.552,3.0,2,0
2026-04-28,650644,21,3,1,8.052829,20.0,16,2
2026-04-28,656222,4,1,0,1.912,4.0,3,0
2026-04-28,656271,4,2,0,1.428,4.0,2,0
2026-04-28,656546,3,2,0,0.054,3.0,1,0
2026-04-28,656794,6,3,1,1.9978289999999999,6.0,2,0
2026-04-28,656848,4,0,0,2.448,4.0,4,0
2026-04-28,656945,4,1,0,0.946,4.0,3,0
2026-04-28,656986,3,3,0,0.0,3.0,0,0
2026-04-28,657044,2,1,0,0.01,2.0,1,0
2026-04-28,657424,5,1,1,1.413829,5.0,3,0
2026-04-28,657746,24,6,1,6.999829,23.0,16,1
2026-04-28,660271,27,9,3,7.2772570000000005,26.0,14,0
2026-04-28,660825,4,0,0,2.355,4.0,4,1
2026-04-28,663436,26,7,1,8.137599,26.0,17,1
2026-04-28,663460,24,6,4,6.616086,24.0,13,0
2026-04-28,663485,5,1,0,2.696,5.0,4,2
2026-04-28,663554,11,3,1,4.250829,11.0,7,1
2026-04-28,663574,5,1,1,1.1708290000000001,5.0,3,0
2026-04-28,663687,5,1,2,2.956658,5.0,2,1
2026-04-28,663738,4,0,0,0.972,4.0,4,1
2026-04-28,663765,11,2,0,2.94,11.0,9,1
2026-04-28,663947,7,1,0,2.42,7.0,6,1
2026-04-28,663969,4,0,0,0.899,4.0,4,0
2026-04-28,664192,4,1,1,2.218829,4.0,2,0
2026-04-28,664199,4,0,0,0.23299999999999998,4.0,4,0
2026-04-28,664854,3,0,0,0.774,3.0,3,0
2026-04-28,665795,25,7,1,7.876599,25.0,16,3
2026-04-28,666200,23,8,0,2.703,23.0,15,0
2026-04-28,666374,3,2,0,0.108,3.0,1,0
2026-04-28,667463,2,0,0,0.17,2.0,2,0
2026-04-28,667755,24,6,3,8.652487,23.0,14,2
2026-04-28,668390,4,1,0,1.972,4.0,3,1
2026-04-28,668674,5,1,1,1.356829,5.0,3,0
2026-04-28,668933,4,0,0,1.157,4.0,4,0
2026-04-28,668964,7,2,1,1.1668290000000001,7.0,4,0
2026-04-28,669020,6,2,0,0.925,6.0,4,0
2026-04-28,669302,24,4,1,7.344599,24.0,18,2
2026-04-28,669358,24,6,1,6.559829000000001,24.0,17,1
2026-04-28,669622,3,0,0,0.261,3.0,3,0
2026-04-28,670167,2,0,0,0.593,2.0,2,0
2026-04-28,670245,6,1,0,2.38577,6.0,4,0
2026-04-28,670280,6,0,0,2.26077,6.0,5,0
2026-04-28,670329,1,1,0,0.0,1.0,0,0
2026-04-28,673929,4,2,0,1.889,4.0,2,1
2026-04-28,675660,3,1,0,0.20400000000000001,3.0,2,0
2026-04-28,676083,23,4,1,6.700829000000001,23.0,18,0
2026-04-28,676263,4,2,0,0.247,4.0,2,0
2026-04-28,676428,9,1,0,1.755,9.0,8,1
2026-04-28,676440,22,6,3,5.499487,22.0,13,0
2026-04-28,676760,8,1,1,1.882829,8.0,6,0
2026-04-28,677161,5,2,1,1.6788290000000001,5.0,2,0
2026-04-28,677865,6,1,1,2.722829,6.0,4,0
2026-04-28,677952,22,7,3,9.987487,22.0,12,4
2026-04-28,678022,3,1,0,0.198,3.0,2,0
2026-04-28,678906,13,2,0,5.694,13.0,11,1
2026-04-28,680802,15,3,2,5.672658,15.0,10,1
2026-04-28,681517,23,7,0,9.493,23.0,16,2
2026-04-28,681867,3,1,0,0.449,3.0,2,0
2026-04-28,681892,6,0,1,2.0988290000000003,6.0,5,0
2026-04-28,682120,6,0,1,1.393829,6.0,5,0
2026-04-28,682995,23,3,2,8.339428,23.0,17,1
2026-04-28,683232,3,2,0,0.909,3.0,1,1
2026-04-28,685299,15,3,0,5.855,15.0,12,3
2026-04-28,686973,3,3,0,0.0,3.0,0,0
2026-04-28,686993,5,0,0,1.4370000000000003,5.0,5,1
2026-04-28,687330,1,0,0,1.09,1.0,1,1
2026-04-28,687396,5,1,1,1.556829,5.0,3,0
2026-04-28,688158,4,1,1,1.579829,4.0,2,0
2026-04-28,688883,4,1,1,1.121829,4.0,2,0
2026-04-28,689147,3,2,0,0.086,3.0,1,0
2026-04-28,689254,3,0,1,0.7948290000000001,3.0,2,0
2026-04-28,689296,6,2,0,1.967,6.0,4,0
2026-04-28,693645,23,8,2,5.972658,23.0,13,1
2026-04-28,693855,4,1,2,0.697829,2.0,1,0
2026-04-28,694335,4,3,0,1.763,4.0,1,1
2026-04-28,694477,20,5,5,6.8531450000000005,19.0,10,0
2026-04-28,694851,11,0,1,3.706829,11.0,9,0
2026-04-28,694918,11,2,1,3.024829,11.0,8,0
2026-04-28,695418,8,1,0,1.4,8.0,7,0
2026-04-28,695505,26,9,1,6.332829,23.0,13,1
2026-04-28,700669,4,0,0,0.451,4.0,4,0
2026-04-28,701552,8,1,2,2.222658,8.0,5,0
2026-04-28,701719,3,0,0,0.973,3.0,3,0
2026-04-28,702056,20,3,0,3.356,20.0,17,1
2026-04-28,800311,7,1,1,1.918829,7.0,5,0
2026-04-28,801139,20,4,4,5.6513160000000005,20.0,12,1
2026-04-28,820862,7,1,0,2.34754,7.0,4,0
2026-04-29,445276,2,0,1,2.171829,2.0,1,1
2026-04-29,518585,4,2,0,0.452,4.0,2,0
2026-04-29,519141,4,0,2,1.655829,3.0,2,0
2026-04-29,543135,26,7,1,7.020599,26.0,17,0
2026-04-29,571948,1,1,0,0.0,1.0,0,0
2026-04-29,573009,3,1,0,1.1440000000000001,3.0,2,0
2026-04-29,573124,3,0,0,1.584,3.0,3,1
2026-04-29,579328,9,1,1,2.0908290000000003,9.0,7,0
2026-04-29,592094,5,1,1,1.007829,5.0,3,0
2026-04-29,592773,4,0,2,2.045658,4.0,2,0
2026-04-29,592791,25,6,1,6.054829,25.0,18,3
2026-04-29,593958,23,4,4,8.178316,23.0,15,3
2026-04-29,605218,12,6,1,3.444829,12.0,5,1
2026-04-29,606965,4,1,0,0.673,4.0,3,0
2026-04-29,607192,24,9,6,7.224145,23.0,9,2
2026-04-29,607200,26,6,0,5.712,26.0,20,2
2026-04-29,607455,4,2,1,0.700829,4.0,1,0
2026-04-29,608372,22,2,3,6.059487,22.0,17,0
2026-04-29,608379,25,5,4,7.596316,24.0,16,1
2026-04-29,622554,3,1,0,0.34299999999999997,3.0,2,0
2026-04-29,622663,25,8,2,3.709658,25.0,15,0
2026-04-29,623149,3,1,0,1.023,3.0,2,0
2026-04-29,623474,7,3,0,3.39,7.0,4,2
2026-04-29,624431,9,0,0,5.132,9.0,9,1
2026-04-29,625643,6,2,0,1.4260000000000002,6.0,4,1
2026-04-29,640448,5,1,2,1.637658,5.0,2,0
2026-04-29,640455,18,4,2,7.938428,18.0,11,3
2026-04-29,641778,19,1,1,9.730829,19.0,17,3
2026-04-29,642100,6,2,1,2.2328289999999997,6.0,3,0
2026-04-29,642701,3,0,0,1.7519999999999998,3.0,3,1
2026-04-29,643410,2,1,1,0.697829,2.0,0,0
2026-04-29,645261,27,4,2,8.169658,27.0,21,2
2026-04-29,656234,5,0,0,0.9159999999999999,5.0,5,0
2026-04-29,656464,5,3,0,0.652,5.0,2,0
2026-04-29,656638,4,0,1,1.185829,4.0,3,0
2026-04-29,656641,7,1,0,1.8739999999999999,7.0,6,0
2026-04-29,656686,3,0,3,2.093487,3.0,0,0
2026-04-29,656849,19,5,3,5.884487,19.0,11,0
2026-04-29,656876,24,6,1,5.955829,24.0,17,0
2026-04-29,657514,5,1,0,1.087,5.0,4,0
2026-04-29,657612,1,0,0,0.309,1.0,1,0
2026-04-29,660825,3,0,0,0.965,3.0,3,0
2026-04-29,662253,3,2,0,0.009,3.0,1,0
2026-04-29,663362,22,1,1,7.257599,22.0,19,2
2026-04-29,663542,4,2,0,0.5730000000000001,4.0,2,0
2026-04-29,663558,11,0,1,3.317599,11.0,9,0
2026-04-29,664199,3,1,0,0.34600000000000003,3.0,2,0
2026-04-29,666171,8,4,0,1.86677,8.0,3,0
2026-04-29,666277,6,1,1,1.512829,6.0,4,0
2026-04-29,666661,3,1,0,0.29100000000000004,3.0,2,0
2026-04-29,667297,3,0,0,0.6970000000000001,3.0,3,0
2026-04-29,667463,3,1,0,0.6020000000000001,3.0,2,0
2026-04-29,668909,29,9,0,7.19177,29.0,19,0
2026-04-29,668941,4,1,1,1.3098290000000001,4.0,2,0
2026-04-29,668984,5,0,1,2.5588290000000002,5.0,4,1
2026-04-29,669084,9,3,1,2.617829,9.0,5,0
2026-04-29,669165,3,1,0,0.019,3.0,2,0
2026-04-29,669270,7,0,1,2.200829,7.0,6,0
2026-04-29,669276,5,4,0,0.538,5.0,1,0
2026-04-29,669373,24,7,0,7.678,24.0,17,1
2026-04-29,669467,24,6,0,5.186,24.0,18,0
2026-04-29,669711,4,1,0,1.131,4.0,3,0
2026-04-29,669923,25,5,2,6.669658,25.0,18,0
2026-04-29,670970,4,0,1,1.682829,4.0,3,0
2026-04-29,670990,5,2,1,0.09999999999999999,4.0,2,0
2026-04-29,671737,27,7,2,7.344658,27.0,18,4
2026-04-29,671922,4,2,0,0.879,4.0,2,0
2026-04-29,672335,3,0,0,2.873,3.0,3,2
2026-04-29,672782,8,1,0,1.9969999999999999,8.0,7,0
2026-04-29,675848,4,3,0,0.592,4.0,1,0
2026-04-29,676477,4,0,0,1.6789999999999998,4.0,4,1
2026-04-29,676534,5,0,3,1.427658,3.0,2,0
2026-04-29,676571,3,1,0,0.851,3.0,2,1
2026-04-29,676617,4,1,0,1.3820000000000001,4.0,3,0
2026-04-29,676917,27,10,2,7.884658,27.0,15,2
2026-04-29,676962,4,1,0,1.3030000000000002,4.0,3,1
2026-04-29,677053,3,1,1,1.2008290000000001,3.0,1,0
2026-04-29,678394,18,2,2,7.040658,18.0,14,0
2026-04-29,678606,2,1,0,0.0,2.0,1,0
2026-04-29,679358,5,1,2,2.2476580000000004,5.0,2,0
2026-04-29,679883,5,2,0,2.7600000000000002,5.0,3,1
2026-04-29,680755,5,1,0,1.095,5.0,4,0
2026-04-29,681217,4,0,2,1.5806580000000001,4.0,2,0
2026-04-29,681867,1,0,0,0.207,1.0,1,0
2026-04-29,681870,1,1,0,0.0,1.0,0,0
2026-04-29,681895,6,2,1,1.625599,6.0,2,0
2026-04-29,681911,1,0,0,0.0,1.0,1,0
2026-04-29,681982,5,2,0,3.6399999999999997,5.0,3,2
2026-04-29,682227,16,4,4,4.903316,16.0,8,1
2026-04-29,682825,9,4,1,3.196599,9.0,3,1
2026-04-29,683742,14,3,1,6.772829,14.0,10,3
2026-04-29,687075,20,5,2,7.223658,20.0,13,2
2026-04-29,687396,4,1,0,0.639,4.0,3,0
2026-04-29,687606,5,1,0,1.8039999999999998,5.0,4,0
2026-04-29,693686,7,3,1,1.0358289999999999,7.0,3,0
2026-04-29,694361,10,3,1,1.777,8.0,5,0
2026-04-29,695243,4,1,1,0.940829,4.0,2,0
2026-04-29,695684,20,3,4,7.623086,20.0,12,1
2026-04-29,696131,4,0,0,0.592,4.0,4,0
2026-04-29,696147,2,0,0,0.34099999999999997,2.0,2,0
2026-04-29,696149,22,6,4,7.264316,22.0,12,1
2026-04-29,699134,6,0,1,1.774829,6.0,5,0
2026-04-29,699823,2,0,0,0.532,2.0,2,0
2026-04-29,702153,7,0,1,1.1848290000000001,7.0,6,0
2026-04-29,702275,25,4,4,8.269316,25.0,17,1
2026-04-29,815083,14,3,2,4.065658,14.0,9,0
2026-04-30,543510,6,0,2,2.4786580000000002,6.0,4,0
2026-04-30,547179,23,5,3,7.765487,22.0,14,3
2026-04-30,548384,3,2,0,0.014,3.0,1,0
2026-04-30,571945,16,3,1,4.840829,16.0,12,2
2026-04-30,573009,2,0,0,1.029,2.0,2,1
2026-04-30,592332,23,2,2,8.850658,23.0,19,4
2026-04-30,592773,4,1,0,0.567,4.0,3,0
2026-04-30,595345,5,0,1,1.829829,5.0,4,1
2026-04-30,596133,5,1,0,2.242,5.0,4,1
2026-04-30,605130,4,0,1,1.689829,4.0,3,1
2026-04-30,605135,28,7,1,6.339829,27.0,19,0
2026-04-30,605288,19,2,2,7.563658,19.0,15,2
2026-04-30,605488,16,4,1,6.152599,16.0,10,1
2026-04-30,605540,6,2,1,1.762829,6.0,3,0
2026-04-30,606303,4,1,1,2.435829,4.0,2,1
2026-04-30,606965,6,2,0,2.383,6.0,4,2
2026-04-30,607455,3,0,0,0.43400000000000005,3.0,3,0
2026-04-30,607481,3,1,1,0.762829,3.0,1,0
2026-04-30,621121,24,9,4,5.773316,24.0,11,0
2026-04-30,621237,5,1,1,1.454829,5.0,3,0
2026-04-30,621366,4,0,1,2.249829,4.0,3,0
2026-04-30,621383,6,2,0,1.125,6.0,4,0
2026-04-30,622608,7,1,1,2.162,6.0,5,1
2026-04-30,623437,3,0,1,0.925829,3.0,2,0
2026-04-30,623454,8,2,1,0.744,7.0,5,0
2026-04-30,640448,4,1,0,0.662,4.0,3,0
2026-04-30,641745,4,3,0,0.72877,4.0,0,0
2026-04-30,641755,6,1,1,1.9208290000000001,6.0,4,0
2026-04-30,641835,9,2,1,2.838829,9.0,6,0
2026-04-30,641927,24,2,2,7.027658,24.0,20,1
2026-04-30,641941,6,0,0,1.534,6.0,6,0
2026-04-30,642207,4,0,0,0.892,3.0,3,0
2026-04-30,642528,4,1,1,1.383829,4.0,2,0
2026-04-30,642547,25,6,3,8.150487,25.0,16,0
2026-04-30,647336,21,2,2,9.094658,21.0,17,1
2026-04-30,650556,7,3,2,2.234658,7.0,2,0
2026-04-30,650911,27,7,3,8.347487000000001,27.0,17,2
2026-04-30,656638,3,0,0,0.756,3.0,3,1
2026-04-30,656730,3,1,0,0.15200000000000002,3.0,2,0
2026-04-30,657277,27,6,2,8.799658,27.0,19,1
2026-04-30,657424,2,0,0,0.502,1.0,2,0
2026-04-30,660761,6,2,2,2.247658,6.0,2,0
2026-04-30,660853,5,2,1,1.4348290000000001,5.0,2,0
2026-04-30,663567,18,3,3,5.000487,18.0,12,0
2026-04-30,663574,3,1,0,0.866,3.0,2,0
2026-04-30,663765,3,2,0,0.46,3.0,1,0
2026-04-30,663767,5,2,0,1.009,5.0,3,0
2026-04-30,663992,3,0,0,2.104,3.0,3,1
2026-04-30,664285,25,8,0,6.57677,25.0,16,0
2026-04-30,664744,4,0,0,1.361,4.0,4,0
2026-04-30,665622,14,1,2,5.751428000000001,13.0,9,0
2026-04-30,666974,3,2,0,0.357,3.0,1,0
2026-04-30,667297,4,3,0,0.029,4.0,1,0
2026-04-30,668873,7,2,0,1.1340000000000001,7.0,5,0
2026-04-30,668941,4,2,1,2.722829,4.0,1,1
2026-04-30,669062,3,1,0,0.171,3.0,2,0
2026-04-30,669211,4,1,0,1.44,4.0,3,0
2026-04-30,669330,4,0,0,0.521,4.0,4,0
2026-04-30,669620,5,0,0,2.054,5.0,5,1
2026-04-30,669920,11,1,3,4.047487,11.0,7,1
2026-04-30,670167,7,0,1,1.336,6.0,6,0
2026-04-30,670329,1,0,0,0.288,1.0,1,0
2026-04-30,670950,11,3,1,3.512829,11.0,7,0
2026-04-30,670990,4,1,0,0.844,4.0,3,0
2026-04-30,671096,25,5,2,6.076658,21.0,14,0
2026-04-30,671382,10,2,1,2.847829,10.0,7,0
2026-04-30,675660,16,4,0,3.525,16.0,12,1
2026-04-30,675989,5,0,1,2.154829,5.0,4,0
2026-04-30,676254,5,1,0,1.303,5.0,4,0
2026-04-30,676510,11,1,1,3.271829,11.0,9,0
2026-04-30,676755,7,0,2,4.799658,7.0,5,1
2026-04-30,676775,10,0,3,3.365658,8.0,7,0
2026-04-30,677865,3,0,0,0.495,3.0,3,0
2026-04-30,678022,4,1,0,1.119,4.0,3,0
2026-04-30,680730,12,0,1,4.977829,10.0,11,0
2026-04-30,680742,5,1,1,2.133829,5.0,3,1
2026-04-30,680767,6,1,1,3.278829,6.0,4,1
2026-04-30,681402,5,1,0,1.5590000000000002,5.0,4,1
2026-04-30,681982,2,2,0,0.0,2.0,0,0
2026-04-30,682254,4,0,1,1.591829,4.0,3,0
2026-04-30,683175,5,3,1,1.426599,5.0,0,0
2026-04-30,687064,25,2,2,12.842658,25.0,21,2
2026-04-30,689147,4,0,0,0.837,4.0,4,0
2026-04-30,689254,6,1,2,2.660658,6.0,3,1
2026-04-30,689296,7,0,0,2.529,7.0,7,0
2026-04-30,690928,19,4,5,6.717145,19.0,10,2
2026-04-30,691769,8,1,1,1.894829,8.0,6,0
2026-04-30,693821,26,5,3,7.899487,26.0,18,1
2026-04-30,694297,4,2,0,1.639,4.0,2,1
2026-04-30,694335,5,0,0,1.911,5.0,5,0
2026-04-30,694973,23,9,0,7.129,22.0,14,2
2026-04-30,700669,5,1,0,1.31177,5.0,3,0
2026-04-30,702070,27,5,2,8.367658,27.0,20,2
2026-04-30,702153,4,2,1,1.0518290000000001,4.0,1,0
2026-04-30,702193,5,0,0,1.439,5.0,5,0
2026-04-30,805123,3,1,0,0.11900000000000001,3.0,2,0
2026-05-01,472610,3,0,0,0.797,3.0,3,0
2026-05-01,500779,23,3,0,8.20377,23.0,19,1
2026-05-01,518585,2,0,0,0.302,2.0,2,0
2026-05-01,543056,3,0,0,1.341,3.0,3,0
2026-05-01,544150,13,3,4,3.6723160000000004,13.0,6,0
2026-05-01,547973,4,1,0,1.7030000000000003,4.0,3,1
2026-05-01,548384,3,1,0,0.123,3.0,2,0
2026-05-01,554430,23,8,2,5.1866579999999995,23.0,13,1
2026-05-01,571578,23,4,1,8.125599,23.0,17,3
2026-05-01,572143,9,3,0,3.987,9.0,6,1
2026-05-01,572955,7,0,2,2.932658,7.0,5,0
2026-05-01,573124,4,0,0,1.3860000000000001,4.0,4,0
2026-05-01,592662,22,5,0,4.295,22.0,17,1
2026-05-01,593974,7,2,1,1.958829,7.0,4,0
2026-05-01,594580,2,1,0,0.173,2.0,1,0
2026-05-01,596001,3,0,0,0.21000000000000002,3.0,3,0
2026-05-01,596133,3,2,0,0.189,3.0,1,0
2026-05-01,607067,25,6,0,8.882,25.0,19,3
2026-05-01,608566,24,2,5,10.123145,23.0,16,2
2026-05-01,608718,4,1,0,1.104,4.0,3,0
2026-05-01,621237,3,1,0,1.033,3.0,2,0
2026-05-01,621381,4,2,1,0.841829,4.0,1,0
2026-05-01,623211,3,1,0,0.157,3.0,2,0
2026-05-01,624431,4,1,1,0.825829,4.0,2,0
2026-05-01,641302,4,0,0,1.709,4.0,4,0
2026-05-01,641329,3,1,0,0.096,3.0,2,0
2026-05-01,641401,4,1,0,0.908,4.0,3,0
2026-05-01,641745,5,2,1,1.802829,5.0,2,0
2026-05-01,642121,3,1,0,0.199,3.0,2,0
2026-05-01,642207,3,2,0,0.204,3.0,1,0
2026-05-01,643511,3,2,0,0.192,3.0,1,0
2026-05-01,646241,4,1,1,0.822829,4.0,2,0
2026-05-01,656222,6,1,0,1.585,6.0,5,1
2026-05-01,656234,4,1,1,0.9178290000000001,4.0,2,0
2026-05-01,656427,19,4,3,6.441487,19.0,12,1
2026-05-01,656464,3,0,0,0.507,3.0,3,0
2026-05-01,656546,6,1,0,2.447,6.0,5,1
2026-05-01,656550,25,4,3,9.063487,25.0,18,2
2026-05-01,656605,26,6,1,7.605829,26.0,19,0
2026-05-01,656641,3,1,0,0.426,3.0,2,0
2026-05-01,656986,3,1,0,0.20099999999999998,3.0,2,0
2026-05-01,657044,6,0,1,3.309829,6.0,5,1
2026-05-01,657097,7,3,1,0.933829,7.0,3,0
2026-05-01,663158,4,1,0,0.625,4.0,3,0
2026-05-01,663556,20,5,0,4.412,20.0,15,0
2026-05-01,663623,25,5,4,9.480316,25.0,16,2
2026-05-01,663687,6,2,0,0.9450000000000001,6.0,4,0
2026-05-01,663738,5,2,0,2.66,5.0,3,1
2026-05-01,663855,4,1,0,0.719,4.0,3,0
2026-05-01,663903,19,1,2,9.839658,18.0,15,3
2026-05-01,664141,6,1,0,1.1749999999999998,6.0,5,0
2026-05-01,664208,3,2,0,0.003,3.0,1,0
2026-05-01,664875,3,0,0,0.29400000000000004,3.0,3,0
2026-05-01,666142,23,8,3,7.830487,23.0,12,2
2026-05-01,666277,5,1,1,1.553829,5.0,3,0
2026-05-01,666808,3,2,0,0.052,3.0,1,0
2026-05-01,668390,4,1,1,1.827829,4.0,2,0
2026-05-01,668674,3,1,0,0.019,3.0,2,0
2026-05-01,668678,21,3,3,8.463487,21.0,15,1
2026-05-01,668834,3,1,1,0.967829,3.0,1,0
2026-05-01,669020,6,2,1,2.850829,6.0,3,1
2026-05-01,669022,18,3,3,4.352487,18.0,12,0
2026-05-01,669165,3,2,0,0.124,3.0,1,0
2026-05-01,669199,7,3,0,0.893,7.0,4,0
2026-05-01,669270,5,1,1,1.098829,5.0,3,0
2026-05-01,669330,7,1,0,2.523,7.0,6,0
2026-05-01,669372,23,4,5,8.676145,23.0,14,1
2026-05-01,669461,23,4,2,8.506658,23.0,17,1
2026-05-01,669620,6,1,1,2.617829,6.0,4,0
2026-05-01,669724,4,1,0,0.569,3.0,3,0
2026-05-01,670036,2,0,0,0.137,2.0,2,0
2026-05-01,671922,4,1,0,0.765,4.0,3,0
2026-05-01,672335,8,0,0,1.312,8.0,8,0
2026-05-01,674370,7,1,1,2.818829,7.0,5,0
2026-05-01,675848,7,1,2,3.188829,6.0,4,1
2026-05-01,676263,6,1,0,1.9249999999999998,6.0,5,0
2026-05-01,676282,20,2,3,7.796487,19.0,15,1
2026-05-01,676428,4,2,0,1.3177699999999999,4.0,1,0
2026-05-01,676477,5,0,0,1.545,5.0,5,0
2026-05-01,676760,10,1,1,4.543829,10.0,8,1
2026-05-01,676879,12,4,2,2.706658,12.0,6,0
2026-05-01,677161,6,2,0,1.027,5.0,3,0
2026-05-01,677955,4,1,1,1.6318290000000002,4.0,2,0
2026-05-01,677961,5,1,2,2.5066580000000003,5.0,2,0
2026-05-01,678606,6,1,0,1.482,6.0,5,0
2026-05-01,679358,9,1,1,1.749829,9.0,7,0
2026-05-01,680573,25,2,1,10.501599,25.0,21,3
2026-05-01,680704,7,0,1,1.074829,6.0,5,0
2026-05-01,680742,5,0,1,2.595829,5.0,4,0
2026-05-01,680755,2,1,0,0.86,2.0,1,1
2026-05-01,681035,19,8,0,5.38077,19.0,10,1
2026-05-01,681217,2,0,0,0.722,2.0,2,0
2026-05-01,681347,26,3,1,8.112599,26.0,21,1
2026-05-01,681870,3,2,0,0.743,3.0,1,0
2026-05-01,681895,3,2,0,0.003,3.0,1,0
2026-05-01,682120,5,0,1,1.111829,5.0,4,0
2026-05-01,682825,4,1,1,1.020829,4.0,2,0
2026-05-01,683232,3,0,1,1.2008290000000001,3.0,2,0
2026-05-01,683618,7,0,1,2.969599,7.0,5,0
2026-05-01,683627,6,0,1,1.6748290000000001,6.0,5,0
2026-05-01,683769,4,0,2,2.585658,4.0,2,0
2026-05-01,686218,22,8,0,8.523,22.0,14,2
2026-05-01,686973,5,2,1,1.381829,5.0,2,0
2026-05-01,686993,5,1,1,0.967829,5.0,3,0
2026-05-01,687209,8,1,2,5.738658,8.0,5,2
2026-05-01,687562,20,3,2,9.279658,20.0,15,2
2026-05-01,687606,5,1,0,0.997,5.0,4,0
2026-05-01,687911,4,0,0,1.83,4.0,4,0
2026-05-01,688642,7,1,2,2.718658,7.0,4,0
2026-05-01,689147,4,1,0,1.10677,4.0,2,0
2026-05-01,691587,22,6,2,7.1416580000000005,22.0,14,1
2026-05-01,693433,25,2,0,10.132,25.0,23,4
2026-05-01,693855,4,0,0,1.218,4.0,4,0
2026-05-01,694335,4,0,0,1.796,4.0,4,0
2026-05-01,694819,18,8,2,4.026658,18.0,8,0
2026-05-01,695380,3,3,0,0.0,3.0,0,0
2026-05-01,699823,3,1,0,0.029,3.0,2,0
2026-05-01,700249,20,4,2,8.766658,19.0,13,2
2026-05-01,700669,5,1,1,1.957829,5.0,3,0
2026-05-01,700712,19,4,3,5.516487,19.0,12,1
2026-05-01,701542,23,9,1,6.152829,23.0,13,2
2026-05-01,701552,8,1,1,2.115829,8.0,6,0
2026-05-01,702273,22,2,3,6.611487,22.0,17,0
2026-05-01,800311,3,0,0,1.20877,3.0,2,0
2026-05-01,805299,6,2,0,1.278,6.0,4,0
2026-05-01,806188,11,1,1,5.039599,11.0,8,1
2026-05-01,820862,4,1,0,1.721,4.0,3,1
2026-05-02,472610,4,0,1,1.6768290000000001,4.0,3,0
2026-05-02,518886,5,1,1,0.719,4.0,3,0
2026-05-02,519242,27,11,3,6.3034870000000005,27.0,13,1
2026-05-02,592773,5,1,1,1.507829,5.0,3,0
2026-05-02,594580,8,2,1,1.927829,7.0,4,0
2026-05-02,605130,6,1,0,1.87454,6.0,3,0
2026-05-02,606965,2,0,0,0.506,2.0,2,0
2026-05-02,606996,3,1,0,0.174,3.0,2,0
2026-05-02,607455,7,0,1,3.217829,7.0,6,1
2026-05-02,607625,26,6,2,6.848658,25.0,17,0
2026-05-02,608650,3,1,0,1.424,3.0,2,0
2026-05-02,615698,12,2,2,4.3116579999999995,12.0,8,1
2026-05-02,621112,7,2,1,2.0308289999999998,7.0,4,1
2026-05-02,621366,4,1,0,0.056,4.0,3,0
2026-05-02,621381,3,0,0,0.15100000000000002,3.0,3,0
2026-05-02,621383,6,1,1,2.176829,6.0,4,0
2026-05-02,622554,2,1,0,0.076,2.0,1,0
2026-05-02,623211,4,1,0,0.56,4.0,3,0
2026-05-02,623437,3,1,0,2.044,3.0,2,1
2026-05-02,623454,9,3,0,1.964,9.0,6,0
2026-05-02,624431,11,0,0,4.89677,11.0,10,2
2026-05-02,642397,3,1,0,0.593,3.0,2,0
2026-05-02,642528,1,0,0,0.062,1.0,1,0
2026-05-02,643377,10,2,1,4.648829,10.0,7,2
2026-05-02,650633,25,5,3,9.698487,25.0,17,3
2026-05-02,656234,4,0,1,1.858829,4.0,3,0
2026-05-02,656271,10,2,1,4.362829,10.0,7,0
2026-05-02,656302,28,7,1,6.182829,27.0,19,2
2026-05-02,656464,2,0,1,1.007829,2.0,1,0
2026-05-02,656492,26,3,4,8.091316,26.0,19,1
2026-05-02,656730,3,0,0,0.548,3.0,3,0
2026-05-02,656986,3,0,1,2.305829,3.0,2,0
2026-05-02,657424,3,0,1,0.705829,3.0,2,0
2026-05-02,657514,5,1,0,2.1350000000000002,5.0,4,1
2026-05-02,657612,1,0,0,0.204,1.0,1,0
2026-05-02,660825,3,1,0,0.501,3.0,2,0
2026-05-02,660853,6,1,0,2.299,6.0,5,0
2026-05-02,662253,5,1,0,1.601,5.0,4,0
2026-05-02,663542,3,0,0,0.247,3.0,3,0
2026-05-02,663687,4,0,1,1.425829,4.0,3,0
2026-05-02,664076,4,1,0,0.9219999999999999,4.0,3,0
2026-05-02,664199,3,1,1,0.7318290000000001,3.0,1,0
2026-05-02,664991,3,2,0,0.614,3.0,1,0
2026-05-02,666171,7,1,1,1.176,6.0,4,0
2026-05-02,666619,6,1,2,2.4546580000000002,6.0,3,0
2026-05-02,666661,4,2,0,0.5670000000000001,4.0,2,0
2026-05-02,666808,3,1,1,1.044829,3.0,1,0
2026-05-02,668674,3,2,0,0.151,3.0,1,0
2026-05-02,668933,4,2,1,1.141829,4.0,1,0
2026-05-02,668941,3,2,0,0.071,3.0,1,0
2026-05-02,668964,12,0,1,3.257829,12.0,11,0
2026-05-02,668984,3,1,0,0.653,3.0,2,0
2026-05-02,669084,1,0,0,0.103,1.0,1,0
2026-05-02,669093,3,3,0,0.0,3.0,0,0
2026-05-02,669194,23,4,2,9.693829000000001,21.0,16,4
2026-05-02,669211,4,0,0,1.309,4.0,4,0
2026-05-02,669276,3,1,0,1.096,3.0,2,0
2026-05-02,669387,28,10,2,10.702428,28.0,15,4
2026-05-02,669622,3,2,0,0.316,3.0,1,0
2026-05-02,669947,12,3,0,4.317,12.0,9,1
2026-05-02,670036,3,0,1,0.7258290000000001,2.0,1,0
2026-05-02,670059,6,0,0,1.02,6.0,6,0
2026-05-02,670245,13,4,1,2.986829,13.0,8,1
2026-05-02,670950,8,2,2,2.634658,8.0,4,1
2026-05-02,670990,7,2,0,2.374,7.0,5,1
2026-05-02,671109,4,0,0,2.5820000000000003,4.0,4,2
2026-05-02,672282,27,8,0,6.542,27.0,19,1
2026-05-02,672456,26,2,2,11.153658,26.0,22,3
2026-05-02,675919,4,1,1,1.126829,4.0,2,0
2026-05-02,676106,27,14,0,4.212,27.0,13,0
2026-05-02,676617,7,2,0,2.494,7.0,5,1
2026-05-02,676702,3,1,0,0.5720000000000001,3.0,2,0
2026-05-02,676962,6,1,0,0.903,6.0,5,0
2026-05-02,676974,22,7,1,4.352829,22.0,14,1
2026-05-02,677053,3,1,0,0.5650000000000001,3.0,2,0
2026-05-02,677944,25,3,0,8.974,24.0,21,2
2026-05-02,677958,12,2,0,5.875,12.0,10,2
2026-05-02,677960,21,5,2,7.036658,20.0,13,1
2026-05-02,678906,5,2,1,0.962829,5.0,2,0
2026-05-02,679883,6,1,0,1.2229999999999999,6.0,5,0
2026-05-02,680694,21,4,4,9.937487,20.0,13,4
2026-05-02,680732,23,8,1,4.7458290000000005,23.0,14,1
2026-05-02,681293,23,4,5,10.106145,23.0,14,2
2026-05-02,681810,5,0,1,2.549829,5.0,4,0
2026-05-02,681867,3,1,0,0.262,3.0,2,0
2026-05-02,681892,5,0,1,2.161829,5.0,4,0
2026-05-02,681911,4,1,1,1.158829,4.0,2,0
2026-05-02,681982,3,0,0,1.052,3.0,3,0
2026-05-02,682052,25,5,1,6.250829,25.0,19,0
2026-05-02,682120,4,1,0,1.505,4.0,3,1
2026-05-02,682608,9,2,1,2.9498290000000003,9.0,6,0
2026-05-02,682842,5,1,0,1.1920000000000002,5.0,4,0
2026-05-02,683175,4,0,4,2.791316,4.0,0,0
2026-05-02,683742,4,2,0,0.927,4.0,2,0
2026-05-02,683769,4,1,1,1.390829,4.0,2,0
2026-05-02,684007,26,5,1,6.445829,26.0,20,1
2026-05-02,685299,10,4,0,3.2720000000000002,10.0,6,2
2026-05-02,686560,4,1,0,0.237,4.0,3,0
2026-05-02,687330,5,1,0,0.48000000000000004,4.0,3,0
2026-05-02,687377,3,1,0,0.15,3.0,2,0
2026-05-02,687570,20,4,2,7.460428,19.0,12,2
2026-05-02,687911,3,0,0,0.155,3.0,3,0
2026-05-02,689254,3,0,0,0.191,3.0,3,0
2026-05-02,689296,4,0,2,2.187658,4.0,2,0
2026-05-02,690986,24,5,1,6.778829,24.0,18,1
2026-05-02,690997,18,6,1,4.716829,18.0,11,0
2026-05-02,691725,25,7,3,8.278487,25.0,15,1
2026-05-02,691799,7,2,2,2.421658,7.0,3,0
2026-05-02,693686,3,0,0,0.9700000000000001,3.0,3,1
2026-05-02,694738,23,6,2,6.432658,21.0,14,0
2026-05-02,695076,13,1,4,7.010316,13.0,8,0
2026-05-02,695418,12,2,2,3.253829,11.0,8,0
2026-05-02,696147,5,3,0,0.04,4.0,1,0
2026-05-02,699134,3,0,0,1.6629999999999998,2.0,3,1
2026-05-02,700241,20,3,3,6.068487,20.0,14,0
2026-05-02,701719,9,0,0,3.19777,9.0,8,0
2026-05-02,801403,27,3,3,9.094487,26.0,20,3
2026-05-02,804619,3,0,0,0.18800000000000003,3.0,3,0
2026-05-02,806960,13,2,4,5.995316,13.0,7,1
2026-05-02,808963,26,4,2,8.958428,26.0,19,4
2026-05-02,813349,20,3,3,8.203486999999999,20.0,14,4
2026-05-03,518585,3,0,0,0.374,3.0,3,0
2026-05-03,518876,24,5,3,8.876487,24.0,16,1
2026-05-03,519141,3,1,0,0.042,3.0,2,0
2026-05-03,547973,4,2,0,0.748,4.0,2,0
2026-05-03,548384,4,2,0,1.148,4.0,2,0
2026-05-03,552640,8,0,0,3.625,8.0,8,1
2026-05-03,571510,22,5,1,7.106829,22.0,16,1
2026-05-03,571927,22,1,2,7.3516580000000005,22.0,19,2
2026-05-03,571948,4,0,0,1.291,4.0,4,0
2026-05-03,572143,4,0,0,1.1320000000000001,4.0,4,0
2026-05-03,573009,4,0,0,1.968,4.0,4,1
2026-05-03,573124,12,3,0,3.49177,12.0,8,0
2026-05-03,592094,4,1,0,1.3230000000000002,4.0,3,1
2026-05-03,595014,1,0,0,0.127,1.0,1,0
2026-05-03,595345,4,1,0,2.346,4.0,3,1
2026-05-03,596133,5,3,0,0.867,5.0,2,0
2026-05-03,605280,26,6,3,7.197487000000001,26.0,17,0
2026-05-03,607481,6,2,0,2.323,5.0,4,1
2026-05-03,607536,24,7,3,9.458487,24.0,14,2
2026-05-03,608331,24,6,3,6.654487,24.0,15,0
2026-05-03,608650,4,0,1,2.006829,4.0,3,0
2026-05-03,622491,26,5,2,10.425428,26.0,18,2
2026-05-03,622608,11,1,1,4.589829,11.0,9,0
2026-05-03,623149,2,2,0,0.0,2.0,0,0
2026-05-03,623437,6,0,0,3.98,6.0,6,1
2026-05-03,623474,7,0,1,1.8478290000000002,7.0,6,0
2026-05-03,624133,16,3,1,4.304829,16.0,12,0
2026-05-03,625643,5,1,1,1.269829,5.0,3,0
2026-05-03,640448,4,1,0,1.2309999999999999,4.0,3,1
2026-05-03,641302,4,0,0,1.574,4.0,4,0
2026-05-03,641329,3,1,0,0.109,3.0,2,0
2026-05-03,641743,21,5,1,6.977829,20.0,14,3
2026-05-03,641755,4,2,0,2.0,3.0,1,1
2026-05-03,641793,13,1,1,5.499829,12.0,11,1
2026-05-03,641816,22,5,1,4.872829,22.0,16,0
2026-05-03,642048,3,2,0,0.72877,3.0,0,0
2026-05-03,642397,4,2,0,0.925,4.0,2,0
2026-05-03,643410,3,1,0,0.74,3.0,2,0
2026-05-03,650556,8,1,1,2.228599,7.0,5,0
2026-05-03,650644,26,3,2,6.946658,26.0,21,1
2026-05-03,656288,19,7,3,6.044487,19.0,9,2
2026-05-03,656546,3,0,0,0.721,3.0,3,0
2026-05-03,656686,5,2,1,1.342829,5.0,2,0
2026-05-03,656945,3,2,0,0.555,3.0,1,0
2026-05-03,657044,2,0,0,0.193,2.0,2,0
2026-05-03,657424,3,1,1,0.8488290000000001,3.0,1,0
2026-05-03,657746,2,1,1,0.697829,2.0,0,0
2026-05-03,660853,4,1,0,1.558,4.0,3,0
2026-05-03,663158,4,0,0,2.2350000000000003,4.0,4,0
2026-05-03,663460,26,7,2,5.311658,26.0,17,0
2026-05-03,663542,5,2,0,0.84,5.0,3,0
2026-05-03,663558,3,1,1,2.536829,3.0,1,1
2026-05-03,663574,6,0,2,4.219658,6.0,4,1
2026-05-03,663738,4,3,0,0.211,4.0,1,0
2026-05-03,663765,3,1,1,1.155829,3.0,1,0
2026-05-03,663767,5,0,0,1.2,5.0,5,0
2026-05-03,663947,3,1,0,0.527,3.0,2,0
2026-05-03,663969,13,3,0,3.629,13.0,10,0
2026-05-03,663978,18,1,3,8.256487,17.0,13,4
2026-05-03,663992,3,1,0,0.502,3.0,2,0
2026-05-03,664208,6,1,1,1.963599,6.0,3,0
2026-05-03,664991,5,0,0,1.875,5.0,5,1
2026-05-03,666200,27,10,0,7.14277,27.0,16,1
2026-05-03,666974,2,0,0,0.8039999999999999,2.0,2,0
2026-05-03,667297,4,2,0,1.5430000000000001,4.0,2,0
2026-05-03,667463,4,1,0,1.724,4.0,3,0
2026-05-03,668873,6,0,1,1.677,5.0,5,0
2026-05-03,669160,25,3,2,8.619428000000001,25.0,19,0
2026-05-03,669270,4,0,1,1.1648290000000001,4.0,3,0
2026-05-03,669276,3,2,0,0.096,3.0,1,0
2026-05-03,669711,6,1,0,2.812,6.0,5,0
2026-05-03,669724,6,1,0,0.893,6.0,5,0
2026-05-03,670059,9,2,0,3.2199999999999998,9.0,7,0
2026-05-03,670167,3,0,1,1.2588290000000002,3.0,2,0
2026-05-03,670280,4,2,0,0.231,4.0,2,0
2026-05-03,670329,3,1,0,0.719,3.0,2,0
2026-05-03,670970,8,4,0,2.3249999999999997,8.0,4,1
2026-05-03,673929,3,1,0,0.32,3.0,2,0
2026-05-03,675911,19,6,5,7.173145,19.0,8,1
2026-05-03,675989,12,3,1,7.0888290000000005,12.0,8,2
2026-05-03,676254,5,0,1,1.777829,3.0,4,0
2026-05-03,676428,12,2,1,2.9458290000000003,12.0,9,0
2026-05-03,676477,5,2,0,0.069,4.0,3,0
2026-05-03,676534,3,1,0,0.368,3.0,2,0
2026-05-03,676568,7,2,1,1.8218290000000001,7.0,4,0
2026-05-03,676571,8,2,1,1.181829,8.0,5,0
2026-05-03,676775,3,0,0,0.985,3.0,3,0
2026-05-03,677161,5,0,2,2.282658,4.0,3,0
2026-05-03,677865,5,2,1,1.8795990000000002,5.0,1,0
2026-05-03,677952,27,6,2,6.147658,27.0,19,0
2026-05-03,677961,5,0,2,2.143658,5.0,3,0
2026-05-03,679358,6,2,1,1.711829,6.0,3,1
2026-05-03,680704,6,0,1,2.794829,6.0,5,1
2026-05-03,680730,6,2,0,1.077,6.0,4,0
2026-05-03,680736,25,0,1,9.924829,24.0,23,2
2026-05-03,680755,5,1,1,2.4048290000000003,5.0,3,1
2026-05-03,680767,3,1,1,0.785829,3.0,1,0
2026-05-03,681402,3,0,0,0.779,3.0,3,0
2026-05-03,681892,1,0,0,0.07,1.0,1,0
2026-05-03,683004,26,10,1,6.877829,26.0,15,1
2026-05-03,685801,8,3,0,1.823,8.0,5,0
2026-05-03,686560,3,2,0,0.003,3.0,1,0
2026-05-03,686799,28,6,3,8.514257,28.0,18,1
2026-05-03,686993,3,1,0,0.066,3.0,2,0
2026-05-03,687396,5,1,0,1.1199999999999999,5.0,4,0
2026-05-03,688883,8,1,3,3.957487,8.0,4,0
2026-05-03,689147,3,0,0,0.519,3.0,3,0
2026-05-03,689546,4,1,1,1.481829,4.0,2,0
2026-05-03,693855,3,0,0,0.462,3.0,3,0
2026-05-03,694297,14,1,3,4.986487,14.0,10,0
2026-05-03,694346,21,2,2,9.030657999999999,21.0,17,3
2026-05-03,694361,7,0,1,3.297829,7.0,6,0
2026-05-03,694363,10,0,1,1.542,9.0,9,0
2026-05-03,694795,3,0,0,1.036,3.0,3,0
2026-05-03,695243,4,3,0,0.107,4.0,1,0
2026-05-03,695380,4,1,0,1.438,4.0,3,1
2026-05-03,695505,24,7,1,4.445829,24.0,16,0
2026-05-03,699823,4,0,1,1.0458290000000001,4.0,3,0
2026-05-03,701656,21,8,0,3.277,21.0,13,0
2026-05-03,701719,4,0,1,1.3038290000000001,3.0,3,0
2026-05-03,702056,20,6,3,4.650487,20.0,11,0
2026-05-03,702153,7,0,0,3.116,7.0,7,1
2026-05-03,702193,14,3,1,2.356829,14.0,10,0
2026-05-03,800048,21,6,0,6.787,21.0,15,3
2026-05-03,800311,2,0,0,0.40900000000000003,2.0,2,0
2026-05-03,805123,15,5,2,5.308428,15.0,7,1
2026-05-04,445276,3,1,1,1.163829,3.0,1,0
2026-05-04,471911,5,1,0,1.278,5.0,4,0
2026-05-04,518886,4,1,0,0.894,4.0,3,0
2026-05-04,547973,3,1,0,0.162,3.0,2,0
2026-05-04,571948,3,0,1,0.9898290000000001,3.0,2,0
2026-05-04,573009,3,0,0,1.468,3.0,3,0
2026-05-04,592773,3,1,0,0.33,3.0,2,0
2026-05-04,593974,4,1,1,1.1968290000000001,4.0,2,0
2026-05-04,595014,4,3,0,0.72877,4.0,0,0
2026-05-04,595345,6,1,1,2.997829,6.0,4,0
2026-05-04,605400,22,5,0,4.942,21.0,16,1
2026-05-04,606996,1,1,0,0.0,1.0,0,0
2026-05-04,607259,21,4,1,6.925829,21.0,16,1
2026-05-04,607481,5,1,1,1.882829,5.0,3,0
2026-05-04,608372,20,1,2,10.396658,20.0,17,5
2026-05-04,608379,26,3,1,7.369829,26.0,22,1
2026-05-04,608718,4,1,0,1.36,4.0,3,0
2026-05-04,621112,4,0,0,0.745,4.0,4,0
2026-05-04,621237,3,1,0,0.114,3.0,2,0
2026-05-04,621381,3,0,0,0.819,3.0,3,0
2026-05-04,621383,4,1,0,0.251,4.0,3,0
2026-05-04,623211,4,0,0,0.89777,4.0,3,0
2026-05-04,641329,1,0,0,0.02,1.0,1,0
2026-05-04,641401,6,1,0,1.6190000000000002,6.0,5,0
2026-05-04,641745,4,0,0,1.646,4.0,4,0
2026-05-04,641755,5,2,1,1.521829,5.0,2,0
2026-05-04,641778,19,2,1,6.587829,19.0,16,1
2026-05-04,641941,4,1,0,2.372,4.0,3,1
2026-05-04,642121,3,1,0,0.193,3.0,2,0
2026-05-04,642152,9,0,3,4.649487000000001,9.0,6,0
2026-05-04,642207,3,1,0,0.365,3.0,2,0
2026-05-04,642215,1,0,0,0.008,1.0,1,0
2026-05-04,646241,8,2,1,3.220829,8.0,5,0
2026-05-04,650556,4,3,0,1.349,4.0,1,1
2026-05-04,656234,1,1,0,0.0,1.0,0,0
2026-05-04,656271,3,1,1,1.001829,3.0,1,0
2026-05-04,656638,3,0,0,0.867,3.0,3,0
2026-05-04,656794,6,4,0,0.0,6.0,2,0
2026-05-04,656849,15,6,0,5.538,15.0,9,2
2026-05-04,656986,3,0,0,0.17300000000000001,3.0,3,0
2026-05-04,657514,3,0,0,1.261,3.0,3,0
2026-05-04,657612,4,2,0,1.218,4.0,2,0
2026-05-04,660825,3,1,0,0.733,3.0,2,0
2026-05-04,662253,4,2,0,0.6599999999999999,4.0,2,0
2026-05-04,663436,25,10,0,6.577,25.0,15,2
2026-05-04,663765,5,2,0,1.419,5.0,3,0
2026-05-04,663947,5,1,0,1.771,5.0,4,0
2026-05-04,664208,1,0,0,0.072,1.0,1,0
2026-05-04,665795,27,8,2,10.981658,27.0,17,3
2026-05-04,666277,4,1,1,0.958829,4.0,2,0
2026-05-04,666808,4,1,0,0.979,4.0,3,0
2026-05-04,666974,3,0,0,0.79,3.0,3,0
2026-05-04,667297,3,1,0,1.347,3.0,2,0
2026-05-04,667463,2,0,0,0.264,2.0,2,0
2026-05-04,667755,23,5,3,12.185487,23.0,15,3
2026-05-04,668873,4,2,0,2.059,4.0,2,1
2026-05-04,668933,8,2,3,1.7756580000000002,7.0,3,0
2026-05-04,668941,4,0,1,1.788829,4.0,3,0
2026-05-04,668984,4,0,0,2.621,4.0,4,0
2026-05-04,669020,3,3,0,0.0,3.0,0,0
2026-05-04,669084,6,2,0,0.801,6.0,4,0
2026-05-04,669165,4,2,1,0.931829,4.0,1,0
2026-05-04,669199,7,1,0,0.9850000000000001,7.0,6,0
2026-05-04,669211,2,0,0,0.499,2.0,2,0
2026-05-04,669302,25,4,2,14.279658,25.0,19,4
2026-05-04,669358,26,4,5,11.404316,25.0,17,4
2026-05-04,670036,7,1,1,2.419829,7.0,5,1
2026-05-04,675660,6,1,1,1.864829,6.0,4,0
2026-05-04,675848,6,5,0,0.22,6.0,1,0
2026-05-04,676083,22,6,0,5.385,22.0,16,1
2026-05-04,676263,4,2,0,0.7959999999999999,4.0,2,0
2026-05-04,676440,19,4,2,5.314658,19.0,13,2
2026-05-04,676477,6,2,1,2.783829,6.0,3,0
2026-05-04,676534,4,1,0,1.117,4.0,3,0
2026-05-04,676568,6,0,1,1.9468290000000001,6.0,5,0
2026-05-04,676617,2,0,0,0.11,2.0,2,0
2026-05-04,676775,3,0,0,0.20700000000000002,3.0,3,0
2026-05-04,676962,5,1,1,1.592829,4.0,2,0
2026-05-04,677955,3,2,0,0.886,3.0,1,0
2026-05-04,678606,5,1,0,0.8480000000000001,5.0,4,0
2026-05-04,678906,7,2,0,2.2270000000000003,7.0,5,1
2026-05-04,680744,20,7,0,3.3200000000000003,20.0,13,0
2026-05-04,680802,25,5,4,10.297316,25.0,16,2
2026-05-04,681190,24,2,2,5.429658,23.0,20,1
2026-05-04,681517,25,5,2,9.420428000000001,25.0,17,2
2026-05-04,681810,7,3,0,1.038,7.0,4,0
2026-05-04,681982,2,0,0,0.495,2.0,2,0
2026-05-04,686790,24,8,0,6.44577,24.0,15,1
2026-05-04,687330,2,1,0,0.202,2.0,1,0
2026-05-04,688883,4,1,1,0.7548290000000001,4.0,2,0
2026-05-04,689254,2,1,0,0.403,2.0,1,0
2026-05-04,693645,25,4,3,9.133487,25.0,18,1
2026-05-04,693686,7,1,0,1.413,7.0,6,0
2026-05-04,693855,7,2,1,2.3608290000000003,7.0,4,0
2026-05-04,694477,20,4,3,7.336658,18.0,13,2
2026-05-04,695534,23,1,2,8.826658,23.0,20,2
2026-05-04,699134,4,0,0,1.004,4.0,4,0
2026-05-04,700669,4,0,0,4.769,4.0,4,2
2026-05-04,702275,24,2,6,8.631744,23.0,14,1
2026-05-04,801139,25,8,1,6.2455989999999995,25.0,15,2
2026-05-04,808967,23,8,1,8.769829,23.0,14,3
2026-05-04,815083,18,3,0,6.3260000000000005,18.0,15,0
2026-05-05,472610,3,0,1,1.424829,3.0,2,0
2026-05-05,518585,6,1,1,2.582599,6.0,3,0
2026-05-05,519141,5,1,0,1.2730000000000001,5.0,4,0
2026-05-05,552640,4,1,1,1.370829,4.0,2,0
2026-05-05,572143,7,4,0,0.557,7.0,3,0
2026-05-05,592094,3,0,0,0.387,3.0,3,0
2026-05-05,592332,24,3,1,6.787829,23.0,20,0
2026-05-05,592791,23,5,1,6.517829,23.0,17,2
2026-05-05,593958,26,7,3,7.462487,26.0,16,1
2026-05-05,594580,1,0,0,0.164,1.0,1,0
2026-05-05,594798,27,7,1,9.260829,27.0,19,2
2026-05-05,605130,3,1,0,0.268,3.0,2,0
2026-05-05,605135,21,3,3,8.994027,21.0,13,0
2026-05-05,607200,21,2,2,10.462658,21.0,17,3
2026-05-05,607455,3,1,0,0.397,3.0,2,0
2026-05-05,621053,8,1,0,5.129,8.0,7,4
2026-05-05,621111,23,5,0,7.322,23.0,18,2
2026-05-05,621366,4,0,0,1.633,4.0,4,0
2026-05-05,622663,24,3,2,8.989658,24.0,19,2
2026-05-05,628452,4,2,0,1.022,4.0,2,0
2026-05-05,641302,5,0,1,2.589829,5.0,4,1
2026-05-05,642121,3,0,0,0.661,3.0,3,0
2026-05-05,642528,3,0,0,2.499,3.0,3,1
2026-05-05,642701,6,0,0,2.867,6.0,6,0
2026-05-05,643410,6,1,1,3.113829,6.0,4,0
2026-05-05,643511,5,0,0,1.822,5.0,5,0
2026-05-05,645261,25,5,3,9.537487,25.0,17,2
2026-05-05,646241,3,2,0,0.166,3.0,1,0
2026-05-05,650911,29,10,1,5.550599,28.0,17,0
2026-05-05,656222,4,0,1,1.7280000000000002,3.0,3,1
2026-05-05,656546,4,1,0,0.6519999999999999,4.0,3,0
2026-05-05,656848,3,2,0,0.007,3.0,1,0
2026-05-05,656876,25,5,1,10.456828999999999,25.0,19,4
2026-05-05,657097,4,1,0,1.07,4.0,3,1
2026-05-05,657277,20,4,0,7.62477,20.0,15,2
2026-05-05,657612,3,0,0,1.488,3.0,3,0
2026-05-05,660271,26,8,0,5.82677,26.0,17,1
2026-05-05,661395,7,2,3,3.069487,7.0,2,0
2026-05-05,662253,5,2,1,2.764829,5.0,2,1
2026-05-05,663158,3,2,0,0.158,3.0,1,0
2026-05-05,663542,3,0,0,0.527,3.0,3,0
2026-05-05,663558,8,3,2,2.9576580000000003,8.0,3,0
2026-05-05,663567,27,4,4,8.838316,27.0,19,1
2026-05-05,663568,22,3,0,6.5809999999999995,22.0,19,1
2026-05-05,663574,5,1,0,2.838,5.0,4,1
2026-05-05,663738,4,0,1,1.491829,4.0,3,0
2026-05-05,664141,7,1,2,2.632658,7.0,4,0
2026-05-05,664285,22,3,1,10.675369,22.0,16,3
2026-05-05,664991,2,2,0,0.0,2.0,0,0
2026-05-05,665871,4,1,0,0.284,4.0,3,0
2026-05-05,666171,7,3,2,2.1744280000000002,7.0,1,0
2026-05-05,666619,8,0,0,3.435,8.0,8,0
2026-05-05,666711,4,0,0,0.497,4.0,4,0
2026-05-05,668674,4,1,1,1.4058290000000002,4.0,2,1
2026-05-05,668909,27,7,2,11.894658,27.0,18,4
2026-05-05,668984,5,0,1,0.89,4.0,4,0
2026-05-05,669020,4,2,1,1.041829,4.0,1,0
2026-05-05,669093,6,2,0,1.271,6.0,4,0
2026-05-05,669211,3,1,0,0.434,3.0,2,0
2026-05-05,669276,3,3,0,0.0,3.0,0,0
2026-05-05,669622,2,0,0,0.712,2.0,2,0
2026-05-05,669724,11,2,1,2.856829,11.0,8,0
2026-05-05,669923,26,5,1,6.393829,26.0,20,1
2026-05-05,670059,6,3,0,0.29700000000000004,6.0,3,0
2026-05-05,670280,6,2,0,1.537,6.0,4,1
2026-05-05,670329,5,2,1,1.247829,5.0,2,0
2026-05-05,670990,7,0,1,3.7363690000000003,7.0,4,0
2026-05-05,671096,24,4,4,9.243316,24.0,16,0
2026-05-05,671737,25,8,2,6.730658,25.0,15,2
2026-05-05,673929,3,2,0,0.003,3.0,1,0
2026-05-05,676760,3,1,0,0.16,3.0,2,0
2026-05-05,676917,22,2,3,6.754257,22.0,16,2
2026-05-05,677053,7,0,2,4.118658,7.0,5,0
2026-05-05,678394,25,7,1,6.835829,25.0,17,1
2026-05-05,678606,3,2,0,0.0,3.0,1,0
2026-05-05,679358,5,1,0,2.698,5.0,4,2
2026-05-05,681895,6,0,0,1.556,6.0,6,0
2026-05-05,681911,3,1,0,0.905,3.0,2,1
2026-05-05,683175,7,2,1,2.897829,7.0,4,0
2026-05-05,683232,3,1,0,0.803,3.0,2,0
2026-05-05,683742,5,0,2,1.553658,5.0,3,0
2026-05-05,685801,4,2,1,0.7468290000000001,4.0,1,0
2026-05-05,686973,2,1,0,0.286,2.0,1,0
2026-05-05,687377,6,1,2,2.118658,6.0,3,0
2026-05-05,687396,4,3,0,0.306,4.0,1,0
2026-05-05,687531,3,1,0,0.35100000000000003,3.0,2,0
2026-05-05,687606,7,1,1,2.3998290000000004,7.0,5,1
2026-05-05,687911,9,2,0,1.719,9.0,7,0
2026-05-05,687941,3,2,0,0.184,3.0,1,0
2026-05-05,689296,6,1,0,4.582,6.0,5,2
2026-05-05,691951,18,0,2,8.087658,18.0,16,2
2026-05-05,693821,23,9,3,4.721487,22.0,11,1
2026-05-05,694037,4,0,0,1.489,4.0,4,0
2026-05-05,694795,3,2,0,0.927,3.0,1,1
2026-05-05,695684,24,2,4,10.504086000000001,24.0,17,1
2026-05-05,696147,7,3,0,1.338,7.0,4,0
2026-05-05,696149,22,4,6,7.625974,22.0,12,2
2026-05-05,699823,4,1,0,0.319,4.0,3,0
2026-05-05,701552,11,0,0,4.27877,11.0,10,2
2026-05-05,805299,3,2,0,0.114,3.0,1,0
2026-05-05,820862,4,2,0,0.6459999999999999,4.0,2,0
2026-05-06,472610,4,0,0,3.338,4.0,4,2
2026-05-06,519141,2,1,0,0.72877,2.0,0,0
2026-05-06,527048,22,5,1,7.158829,22.0,16,1
2026-05-06,543135,27,8,0,9.10077,27.0,18,2
2026-05-06,543243,20,2,2,6.755658,20.0,16,1
2026-05-06,547179,26,2,3,10.887487,26.0,21,2
2026-05-06,548384,4,2,1,0.7518290000000001,4.0,1,0
2026-05-06,554430,25,4,1,6.161829,25.0,20,1
2026-05-06,571578,22,1,2,9.788428,22.0,18,0
2026-05-06,571945,19,3,0,5.139,19.0,16,1
2026-05-06,571948,6,1,1,2.810829,5.0,4,1
2026-05-06,572143,4,1,1,1.469829,4.0,2,0
2026-05-06,572955,1,0,0,0.186,1.0,1,0
2026-05-06,592779,3,2,0,0.374,3.0,1,0
2026-05-06,594580,3,0,0,1.129,3.0,3,0
2026-05-06,595014,5,0,0,3.302,5.0,5,1
2026-05-06,596133,4,2,0,0.9430000000000001,4.0,2,0
2026-05-06,605288,23,3,1,6.453829,22.0,19,1
2026-05-06,605488,23,4,0,8.945,23.0,19,3
2026-05-06,607067,24,5,3,8.439487,24.0,16,1
2026-05-06,607192,4,2,0,1.568,4.0,2,1
2026-05-06,608718,5,0,2,2.5876580000000002,5.0,3,0
2026-05-06,621121,15,4,3,5.665487,15.0,8,1
2026-05-06,621237,4,2,1,0.449,3.0,1,0
2026-05-06,622088,3,2,0,1.645,3.0,1,1
2026-05-06,623437,8,1,2,4.5246580000000005,8.0,5,1
2026-05-06,623454,8,3,3,2.553487,8.0,2,0
2026-05-06,640448,4,0,2,1.607658,4.0,2,0
2026-05-06,640455,5,1,0,2.3947700000000003,5.0,3,0
2026-05-06,641329,3,1,0,0.14100000000000001,3.0,2,0
2026-05-06,641745,6,1,2,2.481658,6.0,3,0
2026-05-06,641755,3,0,0,1.069,3.0,3,0
2026-05-06,641835,2,1,0,0.23,2.0,1,0
2026-05-06,641927,23,3,2,7.334658,23.0,18,1
2026-05-06,642207,2,2,0,0.0,2.0,0,0
2026-05-06,642232,6,2,1,1.171829,6.0,3,0
2026-05-06,642397,4,1,1,0.8968290000000001,4.0,2,0
2026-05-06,642547,21,1,2,7.291658,21.0,18,0
2026-05-06,647336,27,6,2,9.504658,27.0,19,3
2026-05-06,656271,5,1,3,0.697829,2.0,1,0
2026-05-06,656427,21,10,1,4.807599,21.0,9,0
2026-05-06,656464,2,0,0,0.28400000000000003,2.0,2,0
2026-05-06,656638,5,0,1,1.225829,5.0,4,0
2026-05-06,656641,4,1,1,1.6038290000000002,4.0,2,0
2026-05-06,656686,3,0,0,2.287,3.0,3,1
2026-05-06,656730,5,2,0,1.4209999999999998,5.0,3,0
2026-05-06,656945,3,0,0,0.529,3.0,3,0
2026-05-06,657097,5,1,0,0.506,5.0,4,0
2026-05-06,657424,2,0,0,0.2,2.0,2,0
2026-05-06,660787,12,5,1,2.811829,12.0,6,0
2026-05-06,660825,5,1,0,2.821,5.0,4,0
2026-05-06,660853,3,0,0,0.653,3.0,3,0
2026-05-06,663362,17,7,0,2.531,17.0,10,0
2026-05-06,663423,2,0,0,0.493,2.0,2,0
2026-05-06,663556,20,4,1,4.858829,20.0,15,1
2026-05-06,663687,4,0,0,1.319,4.0,4,0
2026-05-06,663855,3,1,1,0.697829,2.0,0,0
2026-05-06,663903,25,6,1,7.738599000000001,25.0,17,1
2026-05-06,663967,4,0,0,0.546,4.0,4,0
2026-05-06,664076,1,1,0,0.0,1.0,0,0
2026-05-06,664199,3,1,0,0.6920000000000001,3.0,2,0
2026-05-06,664208,3,1,0,0.622,3.0,2,0
2026-05-06,664991,4,0,0,2.413,4.0,4,1
2026-05-06,666142,13,4,2,2.7086580000000002,13.0,7,0
2026-05-06,666661,4,0,0,0.96277,4.0,3,0
2026-05-06,666711,3,1,0,0.323,3.0,2,0
2026-05-06,668933,5,1,0,2.297,5.0,4,1
2026-05-06,668964,7,0,0,2.553,7.0,7,1
2026-05-06,669084,3,1,0,0.055,3.0,2,0
2026-05-06,669165,3,2,0,0.481,3.0,1,0
2026-05-06,669467,27,3,2,9.238428,27.0,21,2
2026-05-06,669711,3,0,0,0.652,3.0,3,0
2026-05-06,669920,23,5,2,8.322658,22.0,15,2
2026-05-06,670036,3,2,0,0.003,3.0,1,0
2026-05-06,670167,6,0,0,1.861,6.0,6,0
2026-05-06,670329,3,1,1,0.7438290000000001,3.0,1,0
2026-05-06,670970,7,4,0,0.941,7.0,3,0
2026-05-06,671922,4,3,0,0.201,4.0,1,0
2026-05-06,672021,4,2,1,1.147829,4.0,1,0
2026-05-06,674370,9,0,0,3.4495400000000003,9.0,7,0
2026-05-06,676254,7,0,2,3.904658,7.0,5,1
2026-05-06,676263,7,1,0,1.765,7.0,6,0
2026-05-06,676282,20,1,3,5.136487,19.0,15,0
2026-05-06,676428,2,1,0,0.503,2.0,1,0
2026-05-06,676775,3,0,1,0.915829,3.0,2,0
2026-05-06,676879,7,1,1,0.8688290000000001,7.0,5,0
2026-05-06,677161,5,2,2,1.859658,5.0,1,0
2026-05-06,678022,8,2,1,2.437829,8.0,5,0
2026-05-06,678606,3,1,0,1.536,3.0,2,1
2026-05-06,679883,9,2,2,2.750658,9.0,5,0
2026-05-06,680730,8,2,0,0.524,8.0,6,0
2026-05-06,680755,5,2,1,1.147829,5.0,2,0
2026-05-06,681217,7,4,0,0.577,7.0,3,0
2026-05-06,681867,3,1,0,0.404,3.0,2,0
2026-05-06,681870,5,2,1,1.206829,5.0,2,0
2026-05-06,681892,4,2,1,0.777829,4.0,1,0
2026-05-06,682842,4,0,0,1.124,4.0,4,0
2026-05-06,683618,6,1,0,1.174,6.0,5,0
2026-05-06,683769,3,0,1,1.5148290000000002,3.0,2,1
2026-05-06,686973,6,0,2,2.6758290000000002,5.0,4,0
2026-05-06,686993,2,0,0,0.66,2.0,2,0
2026-05-06,687064,25,5,3,6.577487,25.0,17,0
2026-05-06,687075,16,5,3,4.896257,16.0,7,0
2026-05-06,687330,5,0,0,1.355,5.0,5,1
2026-05-06,687849,4,0,0,0.469,4.0,4,0
2026-05-06,688642,18,1,1,8.415599,18.0,15,3
2026-05-06,689147,1,0,0,0.079,1.0,1,0
2026-05-06,689254,1,0,0,0.306,1.0,1,0
2026-05-06,689296,4,1,0,0.532,4.0,3,0
2026-05-06,690978,16,3,2,4.414658,16.0,11,1
2026-05-06,691587,24,6,5,8.026915,24.0,12,1
2026-05-06,691799,5,1,1,1.8338290000000002,5.0,3,0
2026-05-06,693433,21,9,2,3.1196580000000003,21.0,10,0
2026-05-06,693855,3,1,0,0.661,3.0,2,0
2026-05-06,694335,6,2,1,3.3408290000000003,6.0,3,1
2026-05-06,694363,7,1,0,1.834,7.0,6,0
2026-05-06,694973,26,7,0,3.776,26.0,19,0
2026-05-06,695243,3,2,0,0.092,3.0,1,0
2026-05-06,699134,3,0,0,0.7110000000000001,3.0,3,0
2026-05-06,700712,22,5,3,5.991487,22.0,14,2
2026-05-06,701542,22,7,3,8.112487,22.0,12,2
2026-05-06,701719,7,3,1,0.810829,7.0,3,0
2026-05-06,702193,4,1,0,1.079,4.0,3,0
2026-05-06,702273,21,3,4,9.560316,21.0,14,3
2026-05-06,800311,9,4,1,2.032829,9.0,4,0
2026-05-07,500779,22,2,2,4.358658,21.0,18,0
2026-05-07,518886,7,2,1,3.912829,7.0,4,1
2026-05-07,552640,4,1,0,0.286,4.0,3,0
2026-05-07,573124,7,2,0,1.833,7.0,5,0
2026-05-07,592094,5,0,1,1.577829,5.0,4,0
2026-05-07,593974,4,0,2,1.871658,4.0,2,0
2026-05-07,596117,3,0,0,1.117,3.0,3,0
2026-05-07,607455,4,0,1,1.455599,4.0,2,0
2026-05-07,607625,22,5,4,9.581316000000001,22.0,13,1
2026-05-07,608650,7,1,1,2.614829,7.0,5,1
2026-05-07,621112,5,0,2,3.236428,5.0,2,1
2026-05-07,621139,5,1,0,1.6119999999999999,5.0,4,1
2026-05-07,621383,9,2,1,2.717829,9.0,6,0
2026-05-07,622608,8,2,1,2.230829,8.0,5,0
2026-05-07,623149,4,0,1,1.351829,4.0,3,0
2026-05-07,623211,6,1,2,2.315658,6.0,3,0
2026-05-07,641302,5,1,1,1.6928290000000001,5.0,3,0
2026-05-07,641401,7,1,1,4.167829,7.0,5,2
2026-05-07,642121,3,1,0,0.265,3.0,2,0
2026-05-07,642397,3,1,0,0.487,3.0,2,0
2026-05-07,642701,3,0,1,1.2528290000000002,3.0,2,0
2026-05-07,643377,17,3,1,4.148829,17.0,13,0
2026-05-07,650633,21,6,2,5.198658,21.0,13,1
2026-05-07,656222,3,1,1,1.577829,3.0,1,0
2026-05-07,656234,4,0,1,0.824829,4.0,3,0
2026-05-07,656605,23,4,2,7.977658,23.0,17,3
2026-05-07,656638,5,1,1,1.780829,5.0,3,0
2026-05-07,656848,3,1,0,0.5740000000000001,3.0,2,0
2026-05-07,657044,3,2,0,0.205,3.0,1,0
2026-05-07,657514,1,0,0,0.085,1.0,1,0
2026-05-07,657612,7,1,0,2.578,7.0,6,0
2026-05-07,663423,5,0,1,3.269829,5.0,4,1
2026-05-07,663623,22,2,1,9.065599,22.0,18,2
2026-05-07,663738,4,2,0,0.80077,4.0,1,0
2026-05-07,663767,9,2,1,4.539829,9.0,6,2
2026-05-07,663992,5,1,2,2.124428,4.0,1,0
2026-05-07,664076,4,1,0,0.995,4.0,3,0
2026-05-07,666277,3,1,0,0.279,3.0,2,0
2026-05-07,666808,5,1,0,1.444,5.0,4,1
2026-05-07,666974,6,0,0,1.471,6.0,6,0
2026-05-07,668390,3,0,0,1.576,3.0,3,0
2026-05-07,668678,28,5,2,11.057428,28.0,20,3
2026-05-07,668941,3,1,0,0.38,3.0,2,0
2026-05-07,668970,11,1,4,6.306316000000001,11.0,6,2
2026-05-07,669022,25,3,3,7.459487,25.0,19,1
2026-05-07,669211,5,1,0,0.7989999999999999,5.0,4,0
2026-05-07,669372,27,8,1,7.861829,27.0,18,1
2026-05-07,669461,21,6,3,6.376487,21.0,12,1
2026-05-07,669711,3,0,1,1.136829,3.0,2,0
2026-05-07,670245,15,2,1,6.399829,14.0,12,2
2026-05-07,671922,3,2,0,0.118,3.0,1,0
2026-05-07,672021,10,3,3,3.827487,10.0,4,2
2026-05-07,675848,5,2,2,1.400658,5.0,1,0
2026-05-07,676534,4,1,0,0.63,4.0,3,0
2026-05-07,676571,5,2,1,0.922,4.0,2,0
2026-05-07,676617,3,1,0,0.281,3.0,2,0
2026-05-07,676755,1,1,0,0.0,1.0,0,0
2026-05-07,676974,22,5,2,7.854658,22.0,15,2
2026-05-07,677053,3,1,0,1.865,3.0,2,1
2026-05-07,677944,23,3,3,8.419487,23.0,17,1
2026-05-07,680573,18,2,2,8.823428,17.0,13,1
2026-05-07,680742,3,1,0,0.454,3.0,2,0
2026-05-07,681035,19,6,2,4.063658,19.0,11,0
2026-05-07,681402,5,2,0,0.37,5.0,3,0
2026-05-07,681810,5,1,2,1.651658,5.0,2,0
2026-05-07,681870,1,1,0,0.0,1.0,0,0
2026-05-07,682120,3,0,1,1.119829,3.0,2,0
2026-05-07,682254,4,0,1,1.752829,4.0,3,0
2026-05-07,682608,6,1,1,2.212829,6.0,4,0
2026-05-07,682825,9,1,1,2.888599,8.0,5,1
2026-05-07,683175,8,0,1,2.885829,8.0,7,1
2026-05-07,683232,4,0,0,1.37,4.0,4,0
2026-05-07,683742,8,1,1,1.742829,8.0,6,1
2026-05-07,683769,5,0,0,1.295,5.0,5,1
2026-05-07,684007,28,10,3,9.279487,28.0,15,3
2026-05-07,685801,6,1,0,0.8339999999999999,6.0,5,0
2026-05-07,686560,1,0,0,0.215,1.0,1,0
2026-05-07,687330,4,0,0,0.402,4.0,4,0
2026-05-07,687377,4,1,0,0.177,4.0,3,0
2026-05-07,687396,5,1,1,1.218829,5.0,3,0
2026-05-07,687562,22,1,2,6.054658,22.0,19,0
2026-05-07,691725,20,2,3,11.206487,20.0,15,5
2026-05-07,694037,1,1,0,0.0,1.0,0,0
2026-05-07,694341,13,1,3,6.252487,13.0,9,2
2026-05-07,694795,5,0,1,2.488829,5.0,4,0
2026-05-07,695076,13,1,4,6.337316,13.0,8,2
2026-05-07,699134,5,2,0,0.605,5.0,3,0
2026-05-07,700249,14,1,2,5.266428,14.0,10,1
2026-05-07,701719,2,0,0,0.061,2.0,2,0
2026-05-07,804619,6,1,1,2.070829,6.0,4,0
2026-05-07,805299,3,1,0,0.814,3.0,2,0
2026-05-08,489446,4,1,0,1.465,4.0,3,1
2026-05-08,519242,27,7,0,9.21077,27.0,19,2
2026-05-08,547973,3,2,0,0.377,3.0,1,0
2026-05-08,548384,4,0,0,0.769,4.0,4,0
2026-05-08,572955,6,2,1,1.4748290000000002,6.0,3,0
2026-05-08,592662,23,7,4,8.785316,23.0,12,2
2026-05-08,592773,3,1,0,1.161,3.0,2,0
2026-05-08,592779,4,1,1,1.000829,4.0,2,0
2026-05-08,593974,4,0,0,0.832,4.0,4,0
2026-05-08,596001,5,1,1,3.040829,5.0,3,1
2026-05-08,596133,6,1,2,2.323658,6.0,3,0
2026-05-08,605130,3,1,0,0.535,3.0,2,0
2026-05-08,607455,6,0,1,2.975599,6.0,4,0
2026-05-08,607481,3,0,0,0.2,3.0,3,0
2026-05-08,608331,26,5,3,7.496487,26.0,18,0
2026-05-08,608718,3,2,0,0.218,3.0,1,0
2026-05-08,615698,16,2,2,5.289658,16.0,12,1
2026-05-08,621237,4,2,0,0.72877,4.0,1,0
2026-05-08,622088,4,0,0,0.742,3.0,3,0
2026-05-08,622554,3,2,0,0.039,3.0,1,0
2026-05-08,623474,5,2,0,1.097,5.0,3,0
2026-05-08,624431,5,0,0,1.782,5.0,5,0
2026-05-08,640448,4,0,1,2.564829,4.0,3,0
2026-05-08,641302,3,0,0,0.56,3.0,3,0
2026-05-08,641745,6,2,0,2.4290000000000003,6.0,4,0
2026-05-08,641835,7,2,0,1.643,7.0,5,0
2026-05-08,642207,3,1,0,0.5660000000000001,3.0,2,0
2026-05-08,642528,2,0,0,0.27,2.0,2,0
2026-05-08,656288,22,5,2,5.9236580000000005,22.0,15,0
2026-05-08,656302,25,10,0,6.318,25.0,15,2
2026-05-08,656464,4,1,0,1.306,4.0,3,0
2026-05-08,656492,27,9,1,6.633829,27.0,17,2
2026-05-08,656546,4,1,0,0.749,4.0,3,0
2026-05-08,656794,6,0,0,2.2257700000000002,6.0,5,0
2026-05-08,656945,3,1,0,0.533,3.0,2,0
2026-05-08,657424,4,0,1,1.155829,4.0,3,0
2026-05-08,657514,4,1,1,2.430829,4.0,2,0
2026-05-08,660825,3,0,0,0.944,3.0,3,0
2026-05-08,661395,4,2,0,1.048,4.0,2,0
2026-05-08,663460,24,5,4,8.364316,24.0,15,1
2026-05-08,663574,4,0,0,3.388,4.0,4,2
2026-05-08,663687,2,1,1,0.697829,2.0,0,0
2026-05-08,663947,3,1,0,0.301,3.0,2,0
2026-05-08,663969,9,2,1,3.124829,9.0,6,0
2026-05-08,664875,4,0,0,2.66477,4.0,3,0
2026-05-08,665645,8,2,0,2.543,8.0,6,0
2026-05-08,665871,12,1,1,3.833829,12.0,10,0
2026-05-08,666157,21,2,1,10.088599,20.0,16,5
2026-05-08,666200,18,6,3,5.565487,18.0,9,1
2026-05-08,666201,3,1,0,0.041999999999999996,3.0,2,0
2026-05-08,666661,4,2,0,0.812,4.0,2,1
2026-05-08,667463,3,1,1,1.235829,3.0,1,0
2026-05-08,668674,5,0,1,1.354829,5.0,4,0
2026-05-08,668873,6,0,2,2.823658,6.0,4,0
2026-05-08,668964,3,2,0,0.006,3.0,1,0
2026-05-08,669020,4,0,2,2.273658,4.0,2,0
2026-05-08,669165,5,1,0,0.9960000000000001,5.0,4,0
2026-05-08,669194,23,7,1,5.347829,23.0,15,3
2026-05-08,669270,3,0,0,0.258,3.0,3,0
2026-05-08,669387,23,1,0,9.554,23.0,22,1
2026-05-08,669438,13,3,0,1.655,13.0,10,0
2026-05-08,669622,3,1,0,0.311,3.0,2,0
2026-05-08,669947,21,4,4,6.921257,20.0,12,2
2026-05-08,670036,5,2,0,2.609,5.0,3,1
2026-05-08,670059,3,1,1,1.768829,3.0,1,1
2026-05-08,670167,4,0,0,1.6440000000000001,4.0,4,1
2026-05-08,670950,6,1,0,3.2969999999999997,6.0,5,1
2026-05-08,671922,4,1,0,0.939,4.0,3,0
2026-05-08,672282,20,3,6,6.518974,20.0,10,0
2026-05-08,672456,22,4,1,7.558829,22.0,17,4
2026-05-08,672782,1,0,0,0.058,1.0,1,0
2026-05-08,673513,12,2,1,3.155829,11.0,8,0
2026-05-08,675660,10,3,0,0.976,10.0,7,0
2026-05-08,675848,4,1,0,0.717,4.0,3,0
2026-05-08,676106,26,4,3,9.787487,26.0,19,3
2026-05-08,676428,7,1,1,2.423829,7.0,5,0
2026-05-08,676477,3,2,0,0.01,3.0,1,0
2026-05-08,676571,2,0,1,0.806829,2.0,1,0
2026-05-08,676742,4,3,0,0.66,4.0,1,0
2026-05-08,676760,3,2,0,0.056,3.0,1,0
2026-05-08,676775,3,1,0,0.34099999999999997,3.0,2,0
2026-05-08,676962,13,3,1,2.337829,13.0,9,0
2026-05-08,677955,4,0,0,0.683,4.0,4,0
2026-05-08,677958,18,3,3,7.810487,18.0,12,2
2026-05-08,678022,4,2,1,0.992829,4.0,1,0
2026-05-08,679358,3,0,0,0.996,3.0,3,0
2026-05-08,679883,4,1,0,1.029,4.0,3,0
2026-05-08,680694,28,10,1,5.344599,28.0,16,0
2026-05-08,680732,23,4,2,9.629198,23.0,15,2
2026-05-08,680742,6,1,0,1.0150000000000001,5.0,4,0
2026-05-08,680767,7,2,1,0.9750000000000001,6.0,4,0
2026-05-08,681006,4,2,0,2.143,4.0,2,1
2026-05-08,681347,25,6,1,7.137829,24.0,17,1
2026-05-08,681799,4,0,1,1.5028290000000002,4.0,3,0
2026-05-08,681892,5,0,0,0.986,5.0,5,0
2026-05-08,681895,4,1,0,0.40700000000000003,4.0,3,0
2026-05-08,681911,1,0,0,0.03,1.0,1,0
2026-05-08,682052,21,5,2,5.6336580000000005,21.0,14,2
2026-05-08,682120,4,0,0,0.726,4.0,4,0
2026-05-08,683232,2,0,0,0.857,2.0,2,0
2026-05-08,686218,20,7,1,5.759829,20.0,12,2
2026-05-08,686973,3,0,0,0.425,3.0,3,0
2026-05-08,686993,2,0,0,0.292,2.0,2,0
2026-05-08,687570,23,6,2,6.451428000000001,23.0,14,1
2026-05-08,689147,4,1,0,0.613,4.0,3,0
2026-05-08,690997,22,6,1,5.430599,22.0,14,1
2026-05-08,694346,10,2,1,2.758829,10.0,7,1
2026-05-08,694361,5,1,1,1.754829,5.0,3,0
2026-05-08,694819,22,11,2,4.635658,22.0,9,0
2026-05-08,695380,7,1,0,3.00677,7.0,5,0
2026-05-08,695418,6,2,0,0.724,6.0,4,0
2026-05-08,699823,6,0,1,3.882829,6.0,5,1
2026-05-08,700241,21,9,2,4.584658,21.0,10,0
2026-05-08,700669,6,0,0,1.027,6.0,6,0
2026-05-08,701121,4,2,0,0.94,4.0,2,0
2026-05-08,702281,22,2,4,8.171316000000001,22.0,16,1
2026-05-08,800048,24,7,1,8.233829,24.0,16,2
2026-05-08,801403,24,5,5,9.032145,24.0,14,1
2026-05-08,805123,4,1,0,0.5589999999999999,4.0,3,0
2026-05-08,805299,3,0,0,0.403,3.0,3,0
2026-05-08,813349,26,8,1,6.088599,26.0,16,0
2026-05-08,820862,4,2,0,1.134,4.0,2,1
2026-05-09,472610,3,0,0,0.126,3.0,3,0
2026-05-09,518585,3,0,1,0.799829,3.0,2,0
2026-05-09,518876,26,6,3,8.929658,25.0,17,4
2026-05-09,518886,5,1,2,1.405658,5.0,2,0
2026-05-09,552640,6,1,1,2.754829,6.0,4,0
2026-05-09,572143,4,0,0,1.6520000000000001,4.0,4,0
2026-05-09,572955,3,0,0,1.025,3.0,3,1
2026-05-09,573009,3,0,0,0.851,3.0,3,0
2026-05-09,573124,3,1,0,0.194,3.0,2,0
2026-05-09,592094,3,0,0,0.927,3.0,3,0
2026-05-09,595345,3,0,0,0.099,2.0,2,0
2026-05-09,605130,4,2,1,0.7258290000000001,4.0,1,0
2026-05-09,605280,24,6,2,7.153658,24.0,16,2
2026-05-09,605400,22,4,2,6.733658,22.0,16,1
2026-05-09,605483,18,5,2,5.504658,18.0,11,0
2026-05-09,607536,26,4,0,11.001,25.0,21,3
2026-05-09,608379,27,6,2,4.247428,27.0,18,0
2026-05-09,608650,5,1,0,0.497,5.0,4,0
2026-05-09,621366,4,0,0,0.9540000000000001,4.0,4,0
2026-05-09,621381,5,1,0,1.244,5.0,4,0
2026-05-09,621383,6,3,0,1.029,6.0,3,0
2026-05-09,622491,18,6,0,6.32777,18.0,11,1
2026-05-09,623149,3,2,0,1.019,3.0,1,1
2026-05-09,624428,9,0,1,4.965829,9.0,8,0
2026-05-09,625643,10,1,1,4.644829,10.0,8,1
2026-05-09,641743,21,5,2,4.626658,19.0,13,0
2026-05-09,641793,18,0,1,5.335829,18.0,17,0
2026-05-09,641835,1,0,0,0.438,1.0,1,0
2026-05-09,642152,9,3,0,0.808,9.0,6,0
2026-05-09,643410,6,1,0,1.9789999999999999,6.0,5,0
2026-05-09,643511,6,0,0,3.517,6.0,6,0
2026-05-09,650556,1,0,0,1.244,1.0,1,1
2026-05-09,650644,23,6,3,6.901487,22.0,14,0
2026-05-09,656222,4,1,0,0.244,4.0,3,0
2026-05-09,656271,3,1,0,0.185,2.0,1,0
2026-05-09,656848,6,0,0,3.067,6.0,6,2
2026-05-09,657097,6,1,1,2.328829,6.0,4,0
2026-05-09,657424,3,1,0,1.2810000000000001,3.0,2,0
2026-05-09,657612,2,0,0,0.29000000000000004,2.0,2,0
2026-05-09,657746,24,5,3,8.123257,24.0,15,1
2026-05-09,660761,11,3,2,3.1654280000000004,9.0,5,0
2026-05-09,660853,3,2,0,0.513,3.0,1,0
2026-05-09,663542,5,1,1,0.7598290000000001,5.0,3,0
2026-05-09,663687,3,2,0,0.116,3.0,1,0
2026-05-09,663767,4,3,0,0.72877,4.0,0,0
2026-05-09,663947,5,0,0,0.826,5.0,5,0
2026-05-09,663992,7,3,1,2.0748290000000003,7.0,3,0
2026-05-09,664141,6,1,0,2.587,6.0,5,0
2026-05-09,664199,3,0,0,1.4,3.0,3,1
2026-05-09,665795,21,6,1,7.688829,21.0,14,2
2026-05-09,666619,8,0,1,2.376829,8.0,7,0
2026-05-09,666808,4,0,0,1.452,4.0,4,0
2026-05-09,667297,5,1,0,2.177,5.0,4,0
2026-05-09,667463,1,0,0,0.031,1.0,1,0
2026-05-09,668390,3,1,0,0.87,3.0,2,0
2026-05-09,668933,3,2,0,1.215,3.0,1,1
2026-05-09,669084,4,1,1,0.905829,4.0,2,0
2026-05-09,669093,3,1,0,0.133,3.0,2,0
2026-05-09,669160,24,7,2,10.545658,24.0,15,4
2026-05-09,669199,4,2,0,0.73477,4.0,1,0
2026-05-09,669270,3,0,0,0.491,3.0,3,0
2026-05-09,669276,4,0,0,0.6960000000000001,4.0,4,0
2026-05-09,669358,22,5,3,7.309487000000001,22.0,14,1
2026-05-09,670059,3,2,0,0.016,3.0,1,0
2026-05-09,670280,3,1,0,0.217,3.0,2,0
2026-05-09,670970,4,1,0,1.8297700000000001,4.0,2,0
2026-05-09,672782,1,0,0,0.044,1.0,1,0
2026-05-09,674444,3,2,0,0.235,3.0,1,0
2026-05-09,675911,21,8,2,4.360658,21.0,11,1
2026-05-09,676083,26,6,2,11.334658000000001,26.0,18,4
2026-05-09,676254,6,1,1,1.8058290000000001,5.0,3,0
2026-05-09,676263,4,0,0,1.867,4.0,4,0
2026-05-09,676440,22,9,2,4.919428,22.0,10,0
2026-05-09,676742,8,0,3,4.752257,8.0,4,0
2026-05-09,676879,7,3,1,0.855,6.0,3,0
2026-05-09,677053,3,0,0,0.164,3.0,3,0
2026-05-09,677865,4,2,0,0.787,4.0,2,0
2026-05-09,677952,26,6,0,6.209,26.0,20,0
2026-05-09,679358,8,0,3,2.730829,6.0,5,0
2026-05-09,680730,9,1,1,5.1738290000000005,9.0,7,1
2026-05-09,680744,21,5,2,6.656658,21.0,14,2
2026-05-09,680755,3,0,0,0.368,3.0,3,0
2026-05-09,681006,4,1,0,2.12,4.0,3,1
2026-05-09,681190,20,6,0,7.378,20.0,14,1
2026-05-09,681293,25,5,3,7.477487,23.0,16,0
2026-05-09,681799,7,0,2,2.157658,7.0,5,0
2026-05-09,681810,5,1,0,2.146,5.0,4,1
2026-05-09,681870,3,2,0,0.22,3.0,1,0
2026-05-09,681892,3,0,2,1.395658,2.0,1,0
2026-05-09,681895,3,1,0,0.17300000000000001,3.0,2,0
2026-05-09,683004,23,6,5,6.535145,23.0,12,0
2026-05-09,683618,7,1,1,2.0228289999999998,7.0,5,0
2026-05-09,683766,7,0,0,3.349,7.0,7,0
2026-05-09,683769,3,1,0,0.518,3.0,2,0
2026-05-09,685299,13,3,0,2.306,13.0,10,0
2026-05-09,686560,8,1,1,2.030829,8.0,6,0
2026-05-09,686799,25,0,2,11.712428000000001,25.0,22,1
2026-05-09,687396,6,1,1,3.087829,6.0,4,1
2026-05-09,687849,4,1,0,1.2530000000000001,4.0,3,1
2026-05-09,688883,8,3,1,2.396829,8.0,4,1
2026-05-09,689147,3,1,0,0.634,3.0,2,0
2026-05-09,689254,3,2,0,0.073,3.0,1,0
2026-05-09,689546,4,0,0,2.291,4.0,4,1
2026-05-09,690986,20,6,4,6.836316,20.0,10,2
2026-05-09,691799,7,3,1,1.569829,7.0,3,0
2026-05-09,693645,21,6,0,3.5250000000000004,21.0,15,0
2026-05-09,694335,4,1,0,2.245,4.0,3,1
2026-05-09,694477,10,5,1,1.869829,10.0,4,0
2026-05-09,694738,18,8,3,3.7774870000000003,18.0,7,0
2026-05-09,695243,7,4,2,1.597658,7.0,1,0
2026-05-09,695505,23,2,3,7.603487,23.0,18,1
2026-05-09,702056,17,6,2,5.417428,17.0,8,1
2026-05-09,702193,3,1,1,1.306829,3.0,1,0
2026-05-09,801434,14,5,1,3.415829,14.0,8,0
2026-05-09,805326,3,0,0,0.366,3.0,3,0
2026-05-09,815083,15,2,0,5.804,15.0,13,2
2026-05-10,445276,3,2,0,0.036,3.0,1,0
2026-05-10,472610,6,0,1,2.132829,4.0,4,0
2026-05-10,518585,5,3,0,0.862,5.0,2,0
2026-05-10,571948,3,0,0,0.8230000000000001,3.0,3,0
2026-05-10,592773,3,2,0,0.746,3.0,1,0
2026-05-10,592791,22,4,2,8.783428,22.0,15,3
2026-05-10,593958,31,4,3,9.960487,31.0,24,1
2026-05-10,594580,3,1,0,0.15400000000000003,3.0,2,0
2026-05-10,594798,24,10,0,4.058,24.0,14,0
2026-05-10,605135,23,6,1,6.018599,23.0,15,0
2026-05-10,607074,21,4,5,6.659915,20.0,11,0
2026-05-10,607259,25,3,0,7.51054,25.0,20,0
2026-05-10,607455,4,2,0,0.032,4.0,2,0
2026-05-10,608372,22,2,1,10.924828999999999,22.0,19,3
2026-05-10,621111,21,2,0,8.064,21.0,19,2
2026-05-10,621112,4,1,1,0.8578290000000001,4.0,2,0
2026-05-10,621366,7,1,2,1.842829,6.0,4,0
2026-05-10,622088,3,2,0,0.423,3.0,1,0
2026-05-10,622554,6,1,1,2.0918289999999997,5.0,3,0
2026-05-10,622663,25,4,4,8.893316,24.0,17,2
2026-05-10,623211,6,0,3,2.364487,6.0,3,0
2026-05-10,623454,11,4,0,3.782,11.0,7,1
2026-05-10,628452,3,1,0,0.09,3.0,2,0
2026-05-10,640448,6,0,2,2.672658,6.0,4,0
2026-05-10,640455,4,2,1,0.875829,4.0,1,0
2026-05-10,641329,5,1,1,1.4308290000000001,5.0,3,0
2026-05-10,641755,5,1,1,2.6118289999999997,5.0,3,1
2026-05-10,641778,21,4,2,9.588658,21.0,15,3
2026-05-10,641816,24,8,2,6.733658,24.0,14,1
2026-05-10,642397,4,1,0,0.728,4.0,3,0
2026-05-10,642701,4,0,0,1.061,4.0,4,0
2026-05-10,645261,24,3,2,7.405658,24.0,19,1
2026-05-10,646241,7,1,0,1.513,7.0,6,1
2026-05-10,650911,27,7,0,4.417,27.0,20,0
2026-05-10,656234,2,2,0,0.0,2.0,0,0
2026-05-10,656529,2,0,1,0.810829,2.0,1,0
2026-05-10,656638,5,0,1,2.6678290000000002,5.0,4,1
2026-05-10,656641,6,1,0,1.423,6.0,5,0
2026-05-10,656730,4,1,1,1.161829,4.0,2,0
2026-05-10,656794,4,1,0,1.018,4.0,3,0
2026-05-10,656849,22,3,0,5.644,22.0,19,1
2026-05-10,657612,3,0,0,1.299,3.0,3,0
2026-05-10,660825,6,1,1,3.499,4.0,4,2
2026-05-10,661395,3,2,0,0.053,3.0,1,0
2026-05-10,663158,6,0,1,3.100829,6.0,4,1
2026-05-10,663436,23,9,2,5.104428,22.0,10,1
2026-05-10,663542,4,1,0,1.094,4.0,3,0
2026-05-10,663558,4,0,1,1.209829,4.0,3,0
2026-05-10,663738,5,1,1,1.335829,5.0,3,0
2026-05-10,664076,3,3,0,0.0,3.0,0,0
2026-05-10,664208,4,2,0,0.032,3.0,2,0
2026-05-10,664875,4,1,1,0.978,3.0,2,0
2026-05-10,665622,6,4,0,0.307,6.0,2,0
2026-05-10,666171,3,2,0,0.014,3.0,1,0
2026-05-10,666277,3,1,1,0.7468290000000001,3.0,1,0
2026-05-10,666661,3,0,1,1.332829,3.0,2,0
2026-05-10,666711,7,0,1,2.332599,7.0,5,0
2026-05-10,667297,3,0,0,0.817,3.0,3,0
2026-05-10,667755,29,7,1,8.261829,29.0,21,0
2026-05-10,668873,5,0,2,2.088658,5.0,3,0
2026-05-10,668909,27,6,1,8.956829,27.0,20,1
2026-05-10,668933,3,2,0,0.0,2.0,0,0
2026-05-10,668941,4,2,0,0.24,4.0,2,0
2026-05-10,668964,4,2,0,1.144,3.0,2,1
2026-05-10,669084,5,0,2,2.365658,5.0,3,0
2026-05-10,669093,3,2,1,0.697829,3.0,0,0
2026-05-10,669211,3,2,0,0.227,3.0,1,0
2026-05-10,669302,19,9,0,3.754,19.0,10,2
2026-05-10,669711,3,0,1,0.958829,3.0,2,0
2026-05-10,669724,4,0,0,0.392,4.0,4,0
2026-05-10,670090,3,0,0,1.108,3.0,3,0
2026-05-10,670167,4,1,1,1.038829,4.0,2,0
2026-05-10,670280,3,2,0,1.367,3.0,1,1
2026-05-10,670329,4,1,1,1.2938290000000001,4.0,2,0
2026-05-10,670970,1,0,0,0.003,1.0,1,0
2026-05-10,670990,12,2,3,3.654369,10.0,5,0
2026-05-10,671096,21,5,1,4.113829,21.0,15,0
2026-05-10,672782,3,0,0,0.325,3.0,3,0
2026-05-10,674444,5,2,1,1.1968290000000001,5.0,2,0
2026-05-10,675989,11,4,3,5.560487,11.0,4,1
2026-05-10,676428,5,1,1,0.9958290000000001,5.0,3,0
2026-05-10,676534,6,0,1,1.388829,6.0,5,0
2026-05-10,676571,1,0,0,0.031,1.0,1,0
2026-05-10,676617,5,3,0,2.601,5.0,2,1
2026-05-10,676755,4,0,0,2.436,4.0,4,1
2026-05-10,676760,6,3,0,1.653,6.0,3,1
2026-05-10,676775,4,0,0,0.704,4.0,4,0
2026-05-10,676879,4,3,0,0.723,4.0,1,0
2026-05-10,676917,25,4,1,10.377139,25.0,17,2
2026-05-10,677053,3,2,0,0.248,3.0,1,0
2026-05-10,677161,3,0,1,1.592829,3.0,2,0
2026-05-10,678020,6,0,1,1.520829,6.0,5,0
2026-05-10,678606,6,0,0,1.98777,6.0,5,0
2026-05-10,678906,15,1,1,6.000599,15.0,12,1
2026-05-10,680736,34,7,1,10.292599,34.0,25,2
2026-05-10,680742,3,1,0,0.442,3.0,2,0
2026-05-10,680916,7,1,0,1.857,6.0,5,0
2026-05-10,681151,4,0,0,0.659,4.0,4,0
2026-05-10,681402,5,1,2,3.065658,5.0,2,0
2026-05-10,681517,21,5,4,8.143316,21.0,12,1
2026-05-10,681916,3,0,1,0.721829,3.0,2,0
2026-05-10,682120,5,1,1,1.46,3.0,3,1
2026-05-10,682254,5,1,0,0.688,5.0,4,0
2026-05-10,682842,4,1,1,1.374829,4.0,2,0
2026-05-10,683232,4,1,0,1.8599999999999999,4.0,3,1
2026-05-10,686580,3,1,0,0.101,3.0,2,0
2026-05-10,686993,3,2,1,0.697829,3.0,0,0
2026-05-10,687330,4,1,0,1.256,4.0,3,0
2026-05-10,687377,3,1,0,0.287,3.0,2,0
2026-05-10,687606,2,1,0,0.157,2.0,1,0
2026-05-10,688642,7,1,0,0.541,7.0,6,0
2026-05-10,689296,5,1,2,1.415658,5.0,2,0
2026-05-10,693686,11,2,0,2.449,11.0,9,0
2026-05-10,693821,22,8,4,6.769316,22.0,10,0
2026-05-10,694037,4,1,0,2.0940000000000003,4.0,3,1
2026-05-10,694795,1,0,0,0.397,1.0,1,0
2026-05-10,696070,17,5,3,5.946487,17.0,9,2
2026-05-10,696147,1,0,0,0.039,1.0,1,0
2026-05-10,696149,21,3,1,5.339829,21.0,17,1
2026-05-10,699134,3,0,0,0.181,3.0,3,0
2026-05-10,700669,3,0,2,0.711829,2.0,1,0
2026-05-10,701121,3,1,0,0.266,3.0,2,0
2026-05-10,701519,10,2,2,2.796658,10.0,6,0
2026-05-10,701656,19,5,1,7.303829,19.0,13,4
2026-05-10,701719,2,0,0,0.758,1.0,2,0
2026-05-10,702070,20,4,3,8.195487,20.0,13,2
2026-05-10,702193,3,0,0,0.917,3.0,3,0
2026-05-10,801139,20,4,0,4.192,19.0,16,1
2026-05-10,805123,5,0,1,2.497829,4.0,3,1
2026-05-11,489446,5,1,1,1.867829,5.0,3,0
2026-05-11,573009,4,0,0,0.946,4.0,4,0
2026-05-11,592332,24,5,0,8.007,24.0,19,3
2026-05-11,595014,3,0,0,1.579,3.0,3,1
2026-05-11,595345,3,1,0,0.517,3.0,2,0
2026-05-11,596001,10,2,0,2.514,10.0,8,1
2026-05-11,608650,6,1,0,0.596,6.0,5,0
2026-05-11,608718,8,1,1,3.057829,8.0,6,0
2026-05-11,623149,4,1,0,0.7597700000000001,4.0,2,0
2026-05-11,641302,5,2,0,0.599,5.0,3,0
2026-05-11,641329,3,2,0,0.713,3.0,1,0
2026-05-11,647336,22,5,1,6.211829,22.0,16,0
2026-05-11,656222,5,1,1,1.538829,5.0,3,0
2026-05-11,656876,23,6,1,5.023829,23.0,16,0
2026-05-11,657424,5,1,0,0.76,5.0,4,0
2026-05-11,660825,4,3,1,0.697829,4.0,0,0
2026-05-11,662253,4,1,0,1.225,4.0,3,0
2026-05-11,663567,27,6,1,8.449829,27.0,20,1
2026-05-11,664141,3,1,0,0.079,3.0,2,0
2026-05-11,664199,3,0,0,0.961,3.0,3,0
2026-05-11,666201,22,2,5,8.456145000000001,22.0,15,1
2026-05-11,666808,3,1,0,0.054,3.0,2,0
2026-05-11,668390,6,1,1,2.194,5.0,4,1
2026-05-11,669923,23,7,2,7.418658000000001,23.0,14,0
2026-05-11,670036,6,1,1,3.013599,6.0,3,0
2026-05-11,670059,5,3,1,1.018829,5.0,1,0
2026-05-11,670090,9,0,4,4.3222570000000005,8.0,4,0
2026-05-11,670329,3,2,0,0.006,3.0,1,0
2026-05-11,676263,4,0,0,1.205,4.0,4,0
2026-05-11,676282,24,4,1,6.402829,24.0,19,1
2026-05-11,676775,4,1,0,0.859,4.0,3,0
2026-05-11,677960,23,9,3,5.167487,23.0,11,1
2026-05-11,680755,5,0,0,1.9057700000000002,5.0,4,0
2026-05-11,681867,3,1,0,0.187,3.0,2,0
2026-05-11,681911,5,1,1,2.1948290000000004,5.0,3,0
2026-05-11,682608,9,2,0,1.91,9.0,7,1
2026-05-11,684320,3,2,1,0.697829,3.0,0,0
2026-05-11,685801,5,1,0,0.23500000000000001,5.0,4,0
2026-05-11,686790,26,4,2,8.877658,26.0,20,1
2026-05-11,687064,22,5,3,5.650487,22.0,14,2
2026-05-11,687396,4,1,0,1.849,4.0,3,1
2026-05-11,687911,4,0,0,0.9560000000000001,4.0,4,0
2026-05-11,688883,5,1,0,1.662,5.0,4,0
2026-05-11,689254,4,0,0,0.473,4.0,4,0
2026-05-11,689296,4,1,0,0.8799999999999999,3.0,2,0
2026-05-11,689546,4,1,0,1.016,4.0,3,0
2026-05-11,693855,4,1,1,2.895829,4.0,2,1
2026-05-11,694361,3,1,0,0.731,3.0,2,0
2026-05-11,805299,2,1,0,0.003,2.0,1,0
2026-05-11,808963,23,5,1,8.231599,23.0,16,2
2026-05-11,820862,6,0,3,3.193487,6.0,3,0
2026-05-12,518585,4,1,0,0.47,4.0,3,0
2026-05-12,519141,5,0,1,1.207829,5.0,4,0
2026-05-12,547179,21,5,2,7.8836580000000005,21.0,14,2
2026-05-12,548384,5,1,0,2.557,5.0,4,0
2026-05-12,552640,3,0,0,0.6970000000000001,3.0,3,0
2026-05-12,554430,27,4,0,11.18477,26.0,21,2
2026-05-12,571578,23,1,1,8.467829,23.0,21,2
2026-05-12,571945,16,2,2,6.646658,15.0,11,2
2026-05-12,572143,5,1,2,1.623658,5.0,2,0
2026-05-12,572955,5,0,1,2.033829,5.0,4,1
2026-05-12,592773,4,1,1,0.717829,4.0,2,0
2026-05-12,593974,9,2,0,1.8900000000000001,9.0,7,0
2026-05-12,594580,4,0,1,2.746829,4.0,3,1
2026-05-12,595014,5,0,1,2.057,4.0,4,1
2026-05-12,605130,4,1,1,1.648829,4.0,2,0
2026-05-12,605288,23,4,3,8.299257,23.0,15,2
2026-05-12,605488,25,5,3,8.193487000000001,25.0,17,0
2026-05-12,607067,20,1,1,11.585829,20.0,18,5
2026-05-12,607200,22,2,1,7.771829,22.0,19,3
2026-05-12,621139,5,1,0,0.8280000000000001,5.0,4,0
2026-05-12,621237,2,1,0,0.566,2.0,1,0
2026-05-12,621381,4,1,0,2.336,4.0,3,1
2026-05-12,622554,3,0,0,1.2389999999999999,3.0,3,0
2026-05-12,623474,5,1,1,2.181829,5.0,3,0
2026-05-12,628452,3,1,0,0.762,3.0,2,0
2026-05-12,641927,29,7,0,3.307,29.0,22,1
2026-05-12,642121,3,0,1,2.009829,3.0,2,0
2026-05-12,642397,5,0,0,2.073,5.0,5,1
2026-05-12,642547,25,7,1,5.7668289999999995,25.0,17,1
2026-05-12,643410,3,1,0,0.255,3.0,2,0
2026-05-12,643511,3,1,1,1.0398290000000001,3.0,1,0
2026-05-12,646241,6,1,0,1.685,6.0,5,0
2026-05-12,656234,3,0,0,2.019,3.0,3,0
2026-05-12,656427,20,2,3,9.379487000000001,20.0,15,1
2026-05-12,656529,6,2,2,1.991658,6.0,2,0
2026-05-12,656546,5,2,0,2.624,5.0,3,1
2026-05-12,656550,17,5,4,6.480316,17.0,8,1
2026-05-12,656641,3,0,0,1.533,3.0,3,1
2026-05-12,656730,5,3,0,1.517,5.0,2,0
2026-05-12,657044,3,1,0,0.635,3.0,2,0
2026-05-12,657097,3,1,0,0.494,3.0,2,0
2026-05-12,657424,1,1,0,0.0,1.0,0,0
2026-05-12,657612,2,0,0,0.12,2.0,2,0
2026-05-12,661395,5,2,1,1.411829,5.0,2,0
2026-05-12,663362,17,3,2,6.412658,17.0,12,1
2026-05-12,663423,5,1,0,1.177,5.0,4,0
2026-05-12,663542,3,0,0,0.981,3.0,3,0
2026-05-12,663556,18,7,1,3.572829,18.0,10,1
2026-05-12,663558,4,2,0,1.68,4.0,2,1
2026-05-12,663568,23,6,3,8.287487,23.0,14,3
2026-05-12,663574,2,1,0,1.754,2.0,1,1
2026-05-12,663738,4,2,0,0.777,4.0,2,0
2026-05-12,663903,18,2,1,7.808829,17.0,14,4
2026-05-12,663947,4,3,0,0.012,4.0,1,0
2026-05-12,664076,4,0,1,1.137829,4.0,3,0
2026-05-12,666277,5,0,0,4.191,5.0,5,2
2026-05-12,666711,3,0,0,1.02777,3.0,2,0
2026-05-12,666974,3,0,0,0.46,3.0,3,0
2026-05-12,667297,7,3,2,1.7976580000000002,7.0,2,0
2026-05-12,668670,1,0,0,0.053,1.0,1,0
2026-05-12,668678,24,4,2,8.246428,24.0,17,2
2026-05-12,668873,4,1,0,0.6499999999999999,4.0,3,0
2026-05-12,668941,3,2,0,0.08,3.0,1,0
2026-05-12,668984,8,2,0,1.7930000000000001,8.0,6,0
2026-05-12,669020,7,2,1,2.121829,7.0,4,0
2026-05-12,669022,28,5,1,8.283829,28.0,22,2
2026-05-12,669199,4,1,0,0.949,4.0,3,0
2026-05-12,669270,5,1,0,1.742,5.0,4,0
2026-05-12,669276,3,0,0,0.532,3.0,3,0
2026-05-12,669330,5,1,2,1.772658,5.0,2,0
2026-05-12,669432,21,3,3,9.094487,21.0,15,2
2026-05-12,669467,21,4,3,5.756487,20.0,13,1
2026-05-12,670280,3,1,0,0.112,3.0,2,0
2026-05-12,671922,4,2,0,0.312,4.0,2,0
2026-05-12,673513,7,3,0,0.291,6.0,3,0
2026-05-12,675660,2,2,0,0.0,2.0,0,0
2026-05-12,676263,4,2,0,0.105,4.0,2,0
2026-05-12,676568,9,1,1,3.0308289999999998,9.0,7,0
2026-05-12,676617,3,0,1,1.084829,3.0,2,0
2026-05-12,677020,7,3,1,1.480829,7.0,3,0
2026-05-12,677161,3,1,0,0.442,3.0,2,0
2026-05-12,677944,18,7,1,4.152829,18.0,10,0
2026-05-12,677955,1,0,0,0.0,1.0,1,0
2026-05-12,678020,3,1,0,1.563,3.0,2,0
2026-05-12,678394,24,5,1,6.976829,24.0,18,2
2026-05-12,679883,5,2,1,1.2528290000000002,5.0,2,0
2026-05-12,680755,5,0,1,2.3728290000000003,5.0,4,1
2026-05-12,680767,6,0,1,1.219829,5.0,4,0
2026-05-12,680916,4,0,1,2.295829,4.0,3,1
2026-05-12,681151,13,0,0,5.771,13.0,13,2
2026-05-12,681217,5,0,2,2.045658,5.0,3,0
2026-05-12,681810,9,3,2,3.372658,9.0,4,1
2026-05-12,681870,5,3,2,1.395658,5.0,0,0
2026-05-12,682120,3,1,0,0.815,3.0,2,0
2026-05-12,682445,5,1,1,1.677829,5.0,3,0
2026-05-12,682825,9,5,1,3.242829,8.0,2,1
2026-05-12,682842,4,1,1,1.386829,4.0,2,0
2026-05-12,683175,7,2,1,2.107829,7.0,4,0
2026-05-12,683618,4,1,0,0.784,4.0,3,0
2026-05-12,683769,5,0,0,1.867,5.0,5,1
2026-05-12,686560,4,0,3,2.575487,4.0,1,0
2026-05-12,686973,5,1,1,1.102829,5.0,3,0
2026-05-12,687075,23,6,2,7.048658,23.0,15,1
2026-05-12,687330,4,1,0,0.5559999999999999,4.0,3,0
2026-05-12,687606,9,3,1,2.254829,9.0,5,0
2026-05-12,687849,6,2,0,1.21,6.0,4,0
2026-05-12,691587,25,8,3,8.501257,25.0,13,2
2026-05-12,691799,8,3,0,1.712,8.0,5,0
2026-05-12,693433,24,9,2,4.973658,24.0,13,0
2026-05-12,693855,4,2,0,0.347,4.0,2,0
2026-05-12,694297,11,5,0,2.719,11.0,6,1
2026-05-12,694477,3,1,0,0.242,3.0,2,0
2026-05-12,694795,6,1,3,2.379487,6.0,2,0
2026-05-12,694973,27,10,0,4.74277,26.0,15,0
2026-05-12,695380,6,2,0,1.586,6.0,4,0
2026-05-12,695418,11,3,0,2.887,10.0,6,0
2026-05-12,699134,3,1,0,0.20400000000000001,3.0,2,0
2026-05-12,700712,18,4,1,3.617829,18.0,13,0
2026-05-12,701542,24,6,1,3.737829,24.0,17,0
2026-05-12,701719,3,1,1,1.273829,3.0,1,0
2026-05-12,800311,10,3,1,2.689829,10.0,6,0
2026-05-12,805123,11,1,3,4.722487,11.0,7,0
2026-05-12,805326,4,0,1,3.163829,4.0,3,1
2026-05-12,808967,25,8,0,6.6899999999999995,25.0,17,2
2026-05-12,820862,3,0,0,2.12,3.0,3,1
2026-05-12,837227,21,3,3,11.773027,21.0,13,3
2026-05-13,445276,3,3,0,0.0,3.0,0,0
2026-05-13,472610,7,1,0,1.747,7.0,6,0
2026-05-13,500779,19,2,3,7.360487,19.0,14,0
2026-05-13,527048,3,2,0,0.068,3.0,1,0
2026-05-13,543243,20,6,1,6.153829,20.0,13,1
2026-05-13,547973,5,3,2,1.395658,5.0,0,0
2026-05-13,548384,4,1,1,0.7508290000000001,4.0,2,0
2026-05-13,592094,4,0,0,0.5619999999999999,4.0,4,0
2026-05-13,592662,23,2,2,10.390658,23.0,19,2
2026-05-13,595345,4,2,0,0.64,4.0,2,0
2026-05-13,596133,5,1,1,0.961829,5.0,3,0
2026-05-13,605156,4,0,2,2.008658,4.0,2,1
2026-05-13,607625,25,4,2,10.826658,24.0,19,4
2026-05-13,608331,13,2,1,4.377829,13.0,10,0
2026-05-13,608650,3,0,1,1.278829,3.0,2,0
2026-05-13,615698,4,1,0,0.7589999999999999,4.0,3,0
2026-05-13,621112,10,1,2,3.758658,10.0,7,0
2026-05-13,621121,24,6,2,7.317658,24.0,16,1
2026-05-13,621383,3,1,0,0.757,3.0,2,0
2026-05-13,622088,8,2,0,1.581,7.0,5,0
2026-05-13,622554,5,1,0,2.89,5.0,4,1
2026-05-13,622608,10,2,0,2.404,10.0,8,1
2026-05-13,623149,6,1,1,2.604829,6.0,4,0
2026-05-13,623211,7,2,0,0.458,7.0,5,0
2026-05-13,623437,7,2,1,1.338829,7.0,4,0
2026-05-13,623454,2,1,0,0.357,2.0,1,0
2026-05-13,628452,3,0,1,0.909829,3.0,2,0
2026-05-13,640448,5,1,0,0.895,4.0,3,0
2026-05-13,641302,5,1,1,1.023829,5.0,3,0
2026-05-13,641329,6,1,4,3.490316,6.0,1,1
2026-05-13,641745,3,3,0,0.0,3.0,0,0
2026-05-13,641755,3,0,0,1.155,3.0,3,0
2026-05-13,641835,3,0,0,1.1789999999999998,3.0,3,0
2026-05-13,642121,4,0,0,0.338,4.0,4,0
2026-05-13,642207,4,1,1,0.913829,4.0,2,0
2026-05-13,642232,13,4,0,2.441,13.0,9,0
2026-05-13,643377,20,1,4,7.757316,19.0,15,0
2026-05-13,643511,4,1,1,1.251829,4.0,2,0
2026-05-13,650556,4,1,1,0.803829,4.0,2,0
2026-05-13,650633,25,5,2,6.916658,25.0,18,0
2026-05-13,656222,4,0,2,1.7316580000000001,4.0,2,0
2026-05-13,656271,7,1,0,1.531,6.0,5,0
2026-05-13,656302,26,9,3,6.7532570000000005,26.0,13,0
2026-05-13,656464,3,1,0,0.081,3.0,2,0
2026-05-13,656546,5,0,0,1.52,5.0,5,0
2026-05-13,656605,24,3,1,10.376829,24.0,20,2
2026-05-13,656638,3,1,0,1.46177,3.0,1,1
2026-05-13,656641,4,0,1,2.633829,4.0,3,0
2026-05-13,656794,4,1,0,1.02677,4.0,2,0
2026-05-13,656945,4,0,0,1.505,4.0,4,0
2026-05-13,657514,3,0,0,0.298,3.0,3,0
2026-05-13,660271,26,8,2,7.404658,26.0,16,1
2026-05-13,660825,5,0,0,1.9267699999999999,5.0,4,0
2026-05-13,660853,4,2,0,0.457,4.0,2,0
2026-05-13,662253,4,3,0,0.916,4.0,1,0
2026-05-13,663158,5,2,1,1.721829,5.0,2,0
2026-05-13,663574,4,0,0,1.927,4.0,4,1
2026-05-13,663623,18,4,4,10.118086,18.0,9,2
2026-05-13,663687,2,1,0,0.911,2.0,1,0
2026-05-13,663855,5,3,0,1.14577,5.0,1,0
2026-05-13,663941,8,0,0,1.633,8.0,8,0
2026-05-13,663969,4,1,0,0.16599999999999998,4.0,3,0
2026-05-13,663992,4,0,1,1.674829,3.0,2,0
2026-05-13,664076,3,1,0,1.62077,3.0,1,0
2026-05-13,664208,5,1,0,3.457,5.0,4,2
2026-05-13,664285,28,7,2,8.776428000000001,28.0,18,1
2026-05-13,664875,7,0,1,2.855829,7.0,6,1
2026-05-13,665622,3,0,0,0.629,3.0,3,0
2026-05-13,666157,22,6,3,7.924257000000001,21.0,11,1
2026-05-13,666171,4,2,0,0.9450000000000001,4.0,2,0
2026-05-13,666661,1,0,0,0.414,1.0,1,0
2026-05-13,666711,4,0,1,1.116829,4.0,3,0
2026-05-13,666974,4,0,1,1.254829,4.0,3,0
2026-05-13,667463,4,1,0,2.041,4.0,3,1
2026-05-13,668390,5,1,0,2.246,5.0,4,0
2026-05-13,668933,4,1,1,0.711829,3.0,1,0
2026-05-13,669093,4,0,0,0.452,4.0,4,0
2026-05-13,669165,4,2,0,0.921,4.0,2,0
2026-05-13,669194,26,8,0,5.64577,26.0,17,0
2026-05-13,669211,3,0,0,0.611,3.0,3,0
2026-05-13,669276,3,2,0,0.003,3.0,1,0
2026-05-13,669372,26,3,1,8.551829,24.0,21,1
2026-05-13,669461,24,5,2,10.675658,24.0,17,3
2026-05-13,670036,1,0,0,0.047,1.0,1,0
2026-05-13,670167,6,1,1,3.948829,6.0,4,1
2026-05-13,671922,3,3,0,0.0,3.0,0,0
2026-05-13,672282,25,6,2,9.705428000000001,25.0,16,2
2026-05-13,674444,5,2,1,0.858829,5.0,2,0
2026-05-13,676477,3,1,0,0.234,3.0,2,0
2026-05-13,676571,5,1,1,2.028829,3.0,1,1
2026-05-13,676879,3,2,0,0.342,3.0,1,0
2026-05-13,676974,27,9,2,10.372658,27.0,16,3
2026-05-13,677865,3,0,0,0.593,3.0,3,0
2026-05-13,677955,3,1,0,0.078,3.0,2,0
2026-05-13,677958,21,3,4,7.166316,21.0,14,0
2026-05-13,678022,5,1,0,0.7737700000000001,5.0,3,0
2026-05-13,680573,20,1,4,9.727316,19.0,14,2
2026-05-13,680694,21,7,3,4.121487,21.0,11,0
2026-05-13,680730,10,2,1,2.2808289999999998,10.0,7,0
2026-05-13,681006,2,0,1,0.704829,2.0,1,0
2026-05-13,681035,22,5,2,8.062428,22.0,14,0
2026-05-13,681402,4,0,0,1.205,3.0,3,0
2026-05-13,681867,4,0,1,1.427829,4.0,3,0
2026-05-13,681870,4,3,1,0.697829,4.0,0,0
2026-05-13,681895,4,2,0,0.133,4.0,2,0
2026-05-13,682243,25,3,1,6.066,23.0,21,0
2026-05-13,682608,2,0,0,0.185,2.0,2,0
2026-05-13,682842,6,1,1,2.429829,6.0,4,0
2026-05-13,684007,24,6,0,5.489,24.0,18,1
2026-05-13,684049,4,0,0,2.52,3.0,4,2
2026-05-13,685801,3,0,0,0.634,3.0,3,0
2026-05-13,686580,4,0,0,1.466,4.0,4,0
2026-05-13,686973,6,2,1,1.7088290000000002,6.0,3,0
2026-05-13,686993,4,1,0,1.498,4.0,3,0
2026-05-13,687330,1,0,0,0.494,1.0,1,0
2026-05-13,687377,3,1,0,0.069,3.0,2,0
2026-05-13,687911,7,0,3,3.310487,7.0,4,0
2026-05-13,689147,3,0,0,1.403,3.0,3,1
2026-05-13,689254,1,0,0,0.003,1.0,1,0
2026-05-13,689546,3,0,0,0.45699999999999996,3.0,3,0
2026-05-13,691725,19,4,0,6.23377,18.0,14,2
2026-05-13,694335,4,1,0,0.65,4.0,3,0
2026-05-13,694795,4,2,1,0.714829,4.0,1,0
2026-05-13,694819,25,10,0,4.233,25.0,15,0
2026-05-13,695243,4,2,0,1.056,4.0,2,0
2026-05-13,695380,1,0,0,0.388,1.0,1,0
2026-05-13,696147,4,1,0,0.696,4.0,3,0
2026-05-13,699823,6,2,1,1.605829,6.0,3,0
2026-05-13,700669,6,0,0,2.45,6.0,6,2
2026-05-13,701519,10,3,0,2.297,10.0,7,1
2026-05-13,702273,19,3,5,8.583145,19.0,11,1
2026-05-13,702275,18,4,3,4.741487,18.0,11,0
2026-05-13,800048,25,7,3,7.004487,24.0,15,1
2026-05-14,518886,3,1,0,0.47300000000000003,3.0,2,0
2026-05-14,519242,25,8,2,7.000658,25.0,15,0
2026-05-14,571948,7,1,0,2.689,7.0,6,1
2026-05-14,592773,3,1,1,2.219829,3.0,1,1
2026-05-14,594580,3,1,0,0.7889999999999999,3.0,2,0
2026-05-14,605130,4,0,0,1.191,4.0,4,1
2026-05-14,607481,4,1,0,0.279,4.0,3,0
2026-05-14,621237,6,1,0,2.01677,6.0,4,0
2026-05-14,621366,4,0,0,1.053,4.0,4,0
2026-05-14,622491,24,6,3,9.138487,24.0,15,2
2026-05-14,624133,21,8,1,4.239829,21.0,12,0
2026-05-14,625643,7,1,1,4.039829,7.0,5,1
2026-05-14,641743,27,4,2,8.653198,26.0,18,1
2026-05-14,641745,4,2,0,0.103,4.0,2,0
2026-05-14,642701,3,0,0,0.08499999999999999,3.0,3,0
2026-05-14,643410,3,2,0,0.083,3.0,1,0
2026-05-14,646241,5,0,1,2.4578290000000003,4.0,4,1
2026-05-14,656288,14,2,4,6.1593160000000005,14.0,8,0
2026-05-14,656492,23,7,3,10.625257,23.0,12,3
2026-05-14,656638,3,0,0,1.068,3.0,3,0
2026-05-14,656794,7,1,0,1.8039999999999998,7.0,6,0
2026-05-14,656945,3,2,0,0.141,3.0,1,0
2026-05-14,657097,4,1,0,0.3,4.0,3,0
2026-05-14,657424,4,1,1,2.2728289999999998,4.0,2,0
2026-05-14,657514,6,0,0,1.166,6.0,6,0
2026-05-14,661395,4,3,1,0.697829,4.0,0,0
2026-05-14,663362,7,4,0,1.507,7.0,3,1
2026-05-14,663460,20,4,3,8.815487000000001,20.0,13,1
2026-05-14,663947,3,0,0,2.3579999999999997,3.0,3,1
2026-05-14,664141,3,1,1,0.7378290000000001,3.0,1,0
2026-05-14,664208,4,2,0,0.387,4.0,2,0
2026-05-14,666129,13,3,5,5.451145,13.0,5,1
2026-05-14,666200,23,4,1,5.862599,22.0,17,1
2026-05-14,667463,7,0,1,2.096829,7.0,6,0
2026-05-14,668674,4,1,0,0.778,4.0,3,0
2026-05-14,668941,6,0,1,1.971829,6.0,5,0
2026-05-14,668964,4,1,0,2.426,4.0,3,1
2026-05-14,669084,4,1,1,0.794829,4.0,2,0
2026-05-14,669199,6,2,0,0.311,6.0,4,0
2026-05-14,669270,2,0,0,1.44577,2.0,1,1
2026-05-14,669387,20,2,3,7.248487,20.0,15,1
2026-05-14,669622,6,1,0,1.612,6.0,5,1
2026-05-14,669724,4,0,0,3.348,4.0,4,2
2026-05-14,670245,3,2,0,0.059,3.0,1,0
2026-05-14,670990,3,1,1,1.140829,3.0,1,0
2026-05-14,672456,20,2,2,9.076658,20.0,16,2
2026-05-14,673513,7,3,1,0.714829,7.0,3,0
2026-05-14,675848,3,1,0,0.189,3.0,2,0
2026-05-14,675989,15,2,2,5.243658,15.0,11,1
2026-05-14,676477,3,2,0,0.005,3.0,1,0
2026-05-14,676534,6,1,0,2.138,6.0,5,0
2026-05-14,676568,7,0,1,4.481829,7.0,6,1
2026-05-14,676617,4,2,0,0.73377,4.0,1,0
2026-05-14,676760,12,2,2,4.487658,12.0,8,1
2026-05-14,676962,15,7,1,2.8995990000000003,15.0,6,0
2026-05-14,677161,6,1,0,2.0237700000000003,6.0,4,0
2026-05-14,678022,6,0,0,2.61977,6.0,5,0
2026-05-14,679883,7,2,2,1.8226580000000001,7.0,3,0
2026-05-14,680767,5,1,1,1.882829,5.0,3,0
2026-05-14,681347,27,4,3,9.508487,27.0,20,3
2026-05-14,681895,3,1,0,0.6110000000000001,3.0,2,0
2026-05-14,681911,4,1,1,1.1928290000000001,4.0,2,0
2026-05-14,681982,5,0,1,1.3898290000000002,5.0,4,0
2026-05-14,682052,23,2,3,7.999487,22.0,18,1
2026-05-14,682254,4,3,0,0.566,4.0,1,0
2026-05-14,682445,8,2,1,2.493829,8.0,5,0
2026-05-14,682825,5,2,1,1.3258290000000001,4.0,1,0
2026-05-14,683175,3,0,0,0.396,3.0,3,0
2026-05-14,683618,3,1,0,0.008,3.0,2,0
2026-05-14,685299,15,5,1,3.045829,15.0,9,0
2026-05-14,686218,23,6,2,4.704428,23.0,14,0
2026-05-14,686580,3,1,0,0.916,3.0,2,0
2026-05-14,686894,9,0,1,4.538829,9.0,8,1
2026-05-14,686993,3,0,0,1.33,3.0,3,0
2026-05-14,687849,10,2,0,2.876,10.0,8,0
2026-05-14,689546,5,0,1,1.319829,5.0,4,0
2026-05-14,690986,20,7,0,4.979,20.0,13,0
2026-05-14,690997,28,7,3,11.147257,28.0,17,1
2026-05-14,694037,4,2,0,1.111,4.0,2,0
2026-05-14,694335,4,2,0,0.503,4.0,2,0
2026-05-14,694738,24,7,2,8.252658,24.0,15,2
2026-05-14,695505,23,7,2,4.920658,21.0,11,1
2026-05-14,696070,9,3,2,2.2366580000000003,9.0,4,0
2026-05-14,699823,3,0,0,0.44699999999999995,3.0,3,0
2026-05-14,700241,23,3,1,11.866829,23.0,19,3
2026-05-14,701719,3,0,0,2.544,3.0,3,1
2026-05-14,702153,9,2,1,2.253829,9.0,6,0
2026-05-14,801403,9,0,1,5.055829,9.0,8,1
2026-05-14,805673,25,5,1,5.117829,25.0,19,0
2026-05-15,445276,3,2,0,0.965,3.0,1,0
2026-05-15,489446,3,2,0,0.379,3.0,1,0
2026-05-15,518585,5,1,0,0.951,5.0,4,0
2026-05-15,518876,31,3,0,8.408,31.0,28,3
2026-05-15,518886,4,0,0,2.947,4.0,4,1
2026-05-15,547973,3,2,0,0.079,3.0,1,0
2026-05-15,572143,5,1,0,0.735,5.0,4,0
2026-05-15,572955,4,2,0,0.7170000000000001,4.0,2,0
2026-05-15,573009,4,0,0,1.914,3.0,3,1
2026-05-15,573124,5,0,0,1.984,5.0,5,1
2026-05-15,592094,4,1,1,1.970829,4.0,2,1
2026-05-15,592773,5,2,1,1.02,4.0,2,0
2026-05-15,595014,3,1,0,1.181,3.0,2,0
2026-05-15,605280,23,8,2,7.207658,23.0,12,1
2026-05-15,605400,18,2,3,8.874487,17.0,13,2
2026-05-15,607455,3,0,0,1.604,3.0,3,0
2026-05-15,607536,22,3,4,8.729316,22.0,15,0
2026-05-15,608379,23,5,1,9.313599,23.0,16,2
2026-05-15,608718,3,0,0,0.672,3.0,3,0
2026-05-15,621237,4,3,0,0.443,4.0,1,0
2026-05-15,621366,3,1,0,1.31977,3.0,1,0
2026-05-15,621381,4,1,1,1.7128290000000002,4.0,2,0
2026-05-15,622088,4,0,0,1.599,4.0,4,1
2026-05-15,623454,12,1,0,1.549,12.0,11,0
2026-05-15,628452,5,2,1,1.546829,5.0,2,0
2026-05-15,641755,4,0,0,1.8570000000000002,4.0,4,2
2026-05-15,641793,20,3,2,8.654428,20.0,14,3
2026-05-15,641816,25,6,1,5.675829,23.0,17,1
2026-05-15,641835,5,2,0,2.608,5.0,3,1
2026-05-15,642397,7,0,2,3.099658,7.0,5,0
2026-05-15,642701,4,0,0,3.327,4.0,4,1
2026-05-15,650644,22,2,1,8.465829,22.0,19,2
2026-05-15,656212,4,0,1,1.353829,4.0,3,0
2026-05-15,656271,5,1,2,1.436658,5.0,2,0
2026-05-15,656529,3,1,0,0.108,3.0,2,0
2026-05-15,656546,5,2,1,0.587,4.0,2,0
2026-05-15,656730,3,1,0,0.519,3.0,2,0
2026-05-15,656848,4,1,0,0.392,3.0,2,0
2026-05-15,657746,23,7,1,5.061829,22.0,14,2
2026-05-15,660761,5,1,0,1.689,5.0,4,0
2026-05-15,663158,4,1,0,0.518,4.0,3,0
2026-05-15,663423,6,2,0,1.306,6.0,4,0
2026-05-15,663542,7,0,0,2.74977,7.0,6,0
2026-05-15,663558,6,3,0,1.113,6.0,3,1
2026-05-15,663574,4,1,0,0.731,4.0,3,0
2026-05-15,663687,4,1,0,0.703,4.0,3,0
2026-05-15,663738,5,2,1,1.314829,5.0,2,0
2026-05-15,663767,7,1,0,1.7349999999999999,7.0,6,0
2026-05-15,663855,7,1,4,3.626316,7.0,2,0
2026-05-15,663941,3,1,0,0.022,3.0,2,0
2026-05-15,663992,3,1,1,1.2758289999999999,3.0,1,0
2026-05-15,665622,4,1,1,1.637829,4.0,2,0
2026-05-15,665795,19,2,3,6.5294870000000005,19.0,14,2
2026-05-15,665871,8,1,0,3.958,8.0,7,1
2026-05-15,666277,3,1,0,1.278,3.0,2,0
2026-05-15,668390,6,3,0,2.58277,6.0,2,0
2026-05-15,668674,5,2,0,1.519,5.0,3,0
2026-05-15,668933,4,0,3,2.810487,4.0,1,0
2026-05-15,668941,5,1,1,1.4208290000000001,5.0,3,0
2026-05-15,668964,7,1,1,1.3458290000000002,7.0,5,0
2026-05-15,668984,6,0,0,2.036,6.0,6,0
2026-05-15,669020,4,0,1,3.1308290000000003,4.0,3,1
2026-05-15,669160,26,3,4,7.460316,26.0,19,1
2026-05-15,669165,4,0,1,1.770829,4.0,3,0
2026-05-15,669270,4,2,0,0.837,4.0,2,0
2026-05-15,669276,3,1,0,0.441,3.0,2,0
2026-05-15,669358,30,4,3,11.752487,29.0,22,3
2026-05-15,669711,4,0,0,0.36700000000000005,4.0,4,0
2026-05-15,669724,4,1,0,1.533,4.0,3,0
2026-05-15,669947,21,4,0,4.0489999999999995,21.0,17,1
2026-05-15,670036,2,0,0,0.72877,2.0,1,0
2026-05-15,670090,4,1,1,0.8948290000000001,4.0,2,0
2026-05-15,670167,1,0,0,0.72,1.0,1,0
2026-05-15,670280,5,0,1,2.010829,5.0,4,0
2026-05-15,670950,2,1,0,0.104,2.0,1,0
2026-05-15,670970,4,1,1,0.7518290000000001,4.0,2,0
2026-05-15,671096,22,2,3,7.673487,22.0,17,1
2026-05-15,672782,1,1,0,0.0,1.0,0,0
2026-05-15,674444,4,0,1,0.443,2.0,3,0
2026-05-15,674841,13,5,1,4.368829,13.0,7,2
2026-05-15,675911,18,4,3,4.164487,18.0,11,0
2026-05-15,676083,28,4,3,8.006487,28.0,21,1
2026-05-15,676106,22,6,1,7.410829,22.0,15,1
2026-05-15,676263,4,2,1,0.711829,4.0,1,0
2026-05-15,676428,5,1,2,2.0146580000000003,5.0,2,0
2026-05-15,676440,28,2,2,8.125658,28.0,24,1
2026-05-15,676617,3,0,0,1.064,3.0,3,0
2026-05-15,676879,8,1,0,2.304,8.0,7,0
2026-05-15,677020,3,1,0,0.09300000000000001,3.0,2,0
2026-05-15,677053,4,2,0,0.079,4.0,2,0
2026-05-15,677952,28,5,0,10.24554,28.0,21,1
2026-05-15,678020,5,1,1,1.1548289999999999,5.0,3,0
2026-05-15,678606,3,1,0,1.224,3.0,2,1
2026-05-15,680732,23,5,1,9.224829,23.0,17,3
2026-05-15,680742,6,2,0,1.124,6.0,4,0
2026-05-15,680744,2,0,0,0.502,2.0,2,0
2026-05-15,680755,3,1,1,0.837829,3.0,1,0
2026-05-15,681190,22,3,0,8.45977,22.0,18,1
2026-05-15,681293,27,5,4,7.592316,27.0,18,1
2026-05-15,681402,3,1,1,0.7368290000000001,3.0,1,0
2026-05-15,681810,7,2,1,1.931829,7.0,4,1
2026-05-15,681867,5,0,0,1.627,5.0,5,0
2026-05-15,681911,4,3,0,0.477,4.0,1,0
2026-05-15,682120,5,0,1,2.0010000000000003,4.0,4,1
2026-05-15,682254,5,0,0,2.978,5.0,5,1
2026-05-15,682842,4,1,1,1.8338290000000002,4.0,2,0
2026-05-15,683004,27,6,3,9.006487,27.0,18,3
2026-05-15,683232,5,1,1,1.471,4.0,3,0
2026-05-15,683618,3,2,0,0.085,3.0,1,0
2026-05-15,684049,3,2,0,0.673,3.0,1,1
2026-05-15,686799,27,4,2,12.860658,27.0,21,4
2026-05-15,687911,5,1,0,0.269,4.0,3,0
2026-05-15,688642,17,1,0,4.745,17.0,16,1
2026-05-15,688883,6,2,0,2.3000000000000003,6.0,4,0
2026-05-15,689147,4,1,1,1.021829,4.0,2,0
2026-05-15,689441,20,3,0,4.53977,19.0,15,0
2026-05-15,691799,3,2,0,0.138,3.0,1,0
2026-05-15,693645,24,9,2,6.893658,24.0,13,3
2026-05-15,693855,8,2,0,2.492,8.0,6,1
2026-05-15,694361,8,2,0,2.28077,8.0,5,0
2026-05-15,695243,7,4,1,1.127829,7.0,2,0
2026-05-15,695380,5,0,0,1.516,5.0,5,0
2026-05-15,696270,5,1,1,1.504829,5.0,3,0
2026-05-15,700669,4,0,1,0.8788290000000001,4.0,3,0
2026-05-15,701719,1,0,0,0.713,1.0,1,0
2026-05-15,702056,24,6,3,5.067487,24.0,15,0
2026-05-15,702193,6,0,0,2.11,6.0,6,1
2026-05-15,800311,4,1,0,1.67077,4.0,2,0
2026-05-15,805326,6,0,1,3.812829,6.0,5,2
2026-05-15,813349,22,6,0,7.47477,22.0,15,3
2026-05-16,445276,3,1,0,0.432,3.0,2,0
2026-05-16,527048,3,2,0,0.012,3.0,1,0
2026-05-16,547973,6,0,2,2.588658,6.0,4,0
2026-05-16,548384,6,1,0,2.01677,6.0,4,0
2026-05-16,552640,3,0,0,1.8909999999999998,3.0,3,1
2026-05-16,572955,3,0,1,1.9738289999999998,3.0,2,1
2026-05-16,592094,3,1,0,0.156,3.0,2,0
2026-05-16,592791,24,2,1,13.600829,24.0,21,5
2026-05-16,593958,23,6,0,6.914,23.0,17,1
2026-05-16,593974,3,1,0,0.497,3.0,2,0
2026-05-16,594580,6,2,1,1.3490000000000002,5.0,3,0
2026-05-16,594798,23,4,0,7.482,23.0,19,2
2026-05-16,595014,4,1,1,1.253829,4.0,2,0
2026-05-16,595345,3,2,0,0.306,3.0,1,0
2026-05-16,596133,6,2,0,1.004,6.0,4,0
2026-05-16,605130,6,2,0,1.6869999999999998,6.0,4,0
2026-05-16,605135,23,4,1,7.590599,23.0,17,2
2026-05-16,607074,17,6,3,5.229487,17.0,8,2
2026-05-16,607259,23,4,1,7.268829,23.0,18,3
2026-05-16,608372,22,1,2,11.150428,22.0,18,3
2026-05-16,608650,4,0,0,1.238,4.0,4,0
2026-05-16,615698,6,1,1,1.647829,6.0,4,0
2026-05-16,621111,22,6,2,7.411658,22.0,14,1
2026-05-16,621112,4,1,1,1.154829,4.0,2,0
2026-05-16,622608,5,1,1,1.611829,5.0,3,0
2026-05-16,622663,30,7,2,9.088658,30.0,21,1
2026-05-16,623211,4,2,0,0.0,3.0,1,0
2026-05-16,624428,2,0,0,0.322,2.0,2,0
2026-05-16,640448,5,0,1,1.683829,5.0,4,0
2026-05-16,641329,5,3,0,0.985,5.0,2,0
2026-05-16,642207,3,1,0,0.40700000000000003,3.0,2,0
2026-05-16,642528,3,0,0,1.2249999999999999,3.0,3,0
2026-05-16,643410,8,2,0,2.474,8.0,6,0
2026-05-16,643511,4,1,0,0.195,4.0,3,0
2026-05-16,645261,25,6,0,5.644,25.0,19,0
2026-05-16,650556,6,0,1,2.367829,6.0,5,0
2026-05-16,650911,32,13,0,8.145,32.0,19,2
2026-05-16,656212,4,1,0,1.135,4.0,3,1
2026-05-16,656234,3,1,0,0.418,3.0,2,0
2026-05-16,656464,3,1,0,0.485,3.0,2,0
2026-05-16,656849,22,8,3,6.550257,22.0,10,0
2026-05-16,657424,3,0,0,0.185,3.0,3,0
2026-05-16,657612,3,0,0,0.863,3.0,3,0
2026-05-16,657756,3,1,0,0.315,3.0,2,0
2026-05-16,660853,4,0,0,1.538,4.0,4,0
2026-05-16,663436,23,7,0,4.883,22.0,15,2
2026-05-16,663554,19,4,0,2.711,19.0,15,1
2026-05-16,663559,9,0,1,3.242829,9.0,8,0
2026-05-16,663947,5,0,0,1.4400000000000002,5.0,5,0
2026-05-16,663978,23,3,1,6.8445990000000005,23.0,18,0
2026-05-16,664076,4,2,0,2.003,4.0,2,1
2026-05-16,664126,5,2,1,0.906829,5.0,2,0
2026-05-16,664199,2,0,0,0.334,2.0,2,0
2026-05-16,664875,5,1,1,1.435829,5.0,3,0
2026-05-16,666201,14,2,3,6.278487,14.0,9,2
2026-05-16,666277,4,0,0,3.718,4.0,4,1
2026-05-16,666808,2,0,0,0.33899999999999997,2.0,2,0
2026-05-16,667297,4,1,0,0.14500000000000002,3.0,2,0
2026-05-16,667755,24,6,6,9.267744,24.0,11,1
2026-05-16,668873,3,2,0,1.899,3.0,1,1
2026-05-16,669020,3,1,0,0.097,3.0,2,0
2026-05-16,669062,4,1,2,1.990658,4.0,1,0
2026-05-16,669093,5,0,1,2.487829,5.0,4,0
2026-05-16,669199,7,0,2,5.455658,7.0,5,2
2026-05-16,669211,7,0,2,3.749658,7.0,5,0
2026-05-16,669302,27,5,2,7.316657999999999,27.0,20,3
2026-05-16,669622,3,1,0,0.6970000000000001,3.0,2,0
2026-05-16,670059,6,1,0,1.182,6.0,5,0
2026-05-16,670090,5,0,2,2.059658,5.0,3,0
2026-05-16,670950,8,2,0,1.828,8.0,6,0
2026-05-16,670970,3,1,0,0.332,3.0,2,0
2026-05-16,670990,5,3,0,1.2240000000000002,5.0,2,0
2026-05-16,671922,4,2,1,1.2528290000000002,4.0,1,0
2026-05-16,672782,4,0,0,0.90977,4.0,3,0
2026-05-16,675848,7,0,2,2.157658,7.0,5,0
2026-05-16,676282,22,4,4,6.748316,21.0,14,1
2026-05-16,676571,4,0,1,2.787829,4.0,3,1
2026-05-16,676755,5,2,1,1.008829,5.0,2,0
2026-05-16,676917,26,8,0,8.235,26.0,18,2
2026-05-16,677020,6,1,1,3.0548290000000002,6.0,4,1
2026-05-16,677053,3,0,0,0.365,3.0,3,0
2026-05-16,677865,3,0,0,0.25,3.0,3,0
2026-05-16,677955,5,2,0,0.8,5.0,3,0
2026-05-16,678906,22,7,4,6.817086,21.0,9,1
2026-05-16,679358,9,1,1,3.617829,9.0,7,1
2026-05-16,680736,26,5,1,6.844829,26.0,20,2
2026-05-16,680755,4,2,0,0.912,4.0,2,1
2026-05-16,681217,4,0,0,2.18177,4.0,3,1
2026-05-16,681517,25,2,3,10.241487000000001,25.0,20,2
2026-05-16,681799,6,3,1,0.832829,6.0,2,0
2026-05-16,681870,1,1,0,0.0,1.0,0,0
2026-05-16,681895,7,3,1,1.6528289999999999,7.0,3,0
2026-05-16,682445,5,0,0,2.813,5.0,5,1
2026-05-16,682825,4,1,2,1.630658,4.0,1,0
2026-05-16,683175,7,2,2,2.3576580000000003,7.0,3,0
2026-05-16,683769,3,0,0,0.789,3.0,3,0
2026-05-16,684049,5,0,1,1.786829,5.0,4,0
2026-05-16,685126,6,0,2,2.3896580000000003,6.0,4,0
2026-05-16,685801,10,0,2,4.546658,10.0,8,0
2026-05-16,686790,26,5,1,7.524599,24.0,17,1
2026-05-16,686973,8,2,0,1.574,8.0,6,0
2026-05-16,687330,3,1,0,0.372,3.0,2,0
2026-05-16,687377,4,2,0,0.674,4.0,2,0
2026-05-16,687396,7,3,1,1.4868290000000002,7.0,3,0
2026-05-16,687570,23,8,2,5.503658000000001,23.0,13,1
2026-05-16,687606,4,2,1,0.711829,4.0,1,0
2026-05-16,687911,3,0,1,1.294829,3.0,2,0
2026-05-16,689254,5,3,0,0.557,5.0,2,0
2026-05-16,689546,4,1,2,2.038658,4.0,1,0
2026-05-16,689690,3,0,1,1.778829,3.0,2,0
2026-05-16,693686,15,5,2,3.774658,14.0,7,0
2026-05-16,693821,32,3,0,9.95,32.0,29,1
2026-05-16,694477,13,3,0,2.753,13.0,10,0
2026-05-16,696149,16,2,4,6.387487,15.0,10,1
2026-05-16,700669,4,0,0,0.6990000000000001,4.0,4,0
2026-05-16,701656,22,7,1,6.437829,22.0,14,1
2026-05-16,702070,23,4,0,4.144,23.0,19,0
2026-05-16,801139,28,3,1,9.105829,28.0,24,2
2026-05-16,805123,4,0,2,2.147658,4.0,2,0
2026-05-16,805299,4,0,1,2.293599,4.0,2,0
2026-05-16,820862,4,1,0,1.189,4.0,3,0
2026-05-17,472610,6,1,1,1.5238289999999999,6.0,4,0
2026-05-17,489446,3,2,0,0.003,3.0,1,0
2026-05-17,518585,4,0,1,0.839829,4.0,3,0
2026-05-17,543135,27,8,2,6.725428,27.0,16,0
2026-05-17,547179,26,5,3,10.502487,25.0,18,2
2026-05-17,554430,25,8,1,6.937829,25.0,16,1
2026-05-17,571945,24,4,1,9.616829,24.0,19,2
2026-05-17,571948,5,2,0,0.978,5.0,3,0
2026-05-17,572143,5,1,0,1.088,5.0,4,0
2026-05-17,573009,4,0,1,1.221829,4.0,3,0
2026-05-17,573124,3,0,0,1.018,3.0,3,0
2026-05-17,592332,22,5,0,5.268,22.0,17,1
2026-05-17,605288,25,3,5,10.779145,25.0,17,1
2026-05-17,605488,24,3,1,7.017829,24.0,20,2
2026-05-17,607067,21,4,1,7.289599,21.0,15,2
2026-05-17,607200,19,2,4,8.591316,19.0,13,1
2026-05-17,607455,4,2,1,1.089829,4.0,1,0
2026-05-17,608337,20,3,3,4.9182570000000005,20.0,13,0
2026-05-17,621383,3,0,0,0.45,3.0,3,0
2026-05-17,622088,5,1,0,2.50877,5.0,3,1
2026-05-17,622554,6,1,1,3.576829,6.0,4,1
2026-05-17,623149,4,0,1,1.022829,4.0,3,0
2026-05-17,623437,3,0,1,1.007829,3.0,2,0
2026-05-17,625643,8,2,0,1.053,8.0,6,0
2026-05-17,640455,19,3,2,6.223428,18.0,12,0
2026-05-17,641329,4,0,0,1.696,4.0,4,0
2026-05-17,641755,5,1,0,0.763,5.0,4,0
2026-05-17,641927,23,1,2,12.114658,22.0,20,4
2026-05-17,642207,3,1,1,0.808829,3.0,1,0
2026-05-17,642232,6,0,1,3.157829,6.0,5,0
2026-05-17,642547,23,4,6,9.666974,23.0,13,3
2026-05-17,642701,4,2,0,1.745,4.0,2,1
2026-05-17,643511,4,1,1,1.104829,4.0,2,0
2026-05-17,646241,7,0,1,1.5438290000000001,7.0,6,0
2026-05-17,647336,25,8,2,8.522658,25.0,15,1
2026-05-17,656234,3,1,0,0.511,3.0,2,0
2026-05-17,656271,5,1,1,2.2668290000000004,5.0,3,1
2026-05-17,656427,24,4,0,7.688,24.0,20,2
2026-05-17,656529,3,2,0,0.111,3.0,1,0
2026-05-17,656550,24,4,1,6.055829,24.0,19,1
2026-05-17,656794,8,1,0,3.21777,8.0,6,1
2026-05-17,656876,24,2,2,9.925428,24.0,19,0
2026-05-17,657044,1,0,0,0.109,1.0,1,0
2026-05-17,657097,5,3,0,0.861,5.0,2,0
2026-05-17,657612,3,0,0,0.7747700000000001,2.0,2,0
2026-05-17,660761,7,1,1,0.8540000000000001,6.0,5,0
2026-05-17,663542,5,0,1,1.757599,4.0,3,0
2026-05-17,663567,24,6,2,6.887428,24.0,15,1
2026-05-17,663568,24,3,1,6.971599,24.0,19,0
2026-05-17,663738,6,1,0,2.037,6.0,5,1
2026-05-17,663765,4,1,0,0.693,4.0,3,0
2026-05-17,663903,20,6,1,7.672829,20.0,13,4
2026-05-17,663969,11,0,2,2.447658,10.0,8,0
2026-05-17,663992,6,1,0,3.043,6.0,5,1
2026-05-17,664076,5,1,1,2.251829,5.0,3,0
2026-05-17,664199,3,0,0,0.9319999999999999,3.0,3,0
2026-05-17,664208,5,0,1,2.1718290000000002,5.0,4,1
2026-05-17,664875,3,1,0,0.774,3.0,2,0
2026-05-17,665622,5,0,1,3.044829,5.0,4,0
2026-05-17,666126,5,0,1,1.623829,5.0,4,0
2026-05-17,666661,3,0,0,0.136,3.0,3,0
2026-05-17,666711,3,0,0,0.94,3.0,3,0
2026-05-17,666808,3,0,0,1.05,3.0,3,0
2026-05-17,666974,4,1,1,1.806829,4.0,2,1
2026-05-17,667463,3,0,0,0.08600000000000001,3.0,3,0
2026-05-17,668674,4,0,1,2.121829,4.0,3,0
2026-05-17,668909,25,7,0,9.254,25.0,18,3
2026-05-17,669020,2,0,0,1.367,1.0,2,1
2026-05-17,669084,5,2,1,1.330829,5.0,2,0
2026-05-17,669330,9,2,0,2.351,9.0,7,0
2026-05-17,669467,27,7,0,4.831,27.0,20,0
2026-05-17,669923,24,6,2,9.941658,24.0,16,4
2026-05-17,670245,12,4,3,3.322487,12.0,5,1
2026-05-17,670280,7,1,1,3.547829,7.0,5,1
2026-05-17,670329,4,2,0,0.936,4.0,2,0
2026-05-17,670990,3,3,0,0.0,3.0,0,0
2026-05-17,673513,8,2,2,2.658658,8.0,4,0
2026-05-17,675989,13,2,0,3.4240000000000004,13.0,11,1
2026-05-17,676051,9,2,1,2.443829,9.0,6,0
2026-05-17,676755,5,0,0,1.83277,5.0,4,0
2026-05-17,676775,4,1,0,1.237,4.0,3,0
2026-05-17,677865,3,1,1,1.241829,3.0,1,0
2026-05-17,678020,4,2,0,0.45199999999999996,4.0,2,0
2026-05-17,678394,26,1,3,11.904487,26.0,22,2
2026-05-17,680570,21,4,4,9.239316,21.0,13,2
2026-05-17,680604,10,3,1,3.3098289999999997,10.0,6,1
2026-05-17,680742,4,1,0,1.0699999999999998,4.0,3,0
2026-05-17,680767,3,1,0,0.432,3.0,2,0
2026-05-17,681867,3,1,1,1.545829,3.0,1,0
2026-05-17,681911,3,2,0,0.008,3.0,1,0
2026-05-17,681982,6,2,0,1.136,6.0,4,1
2026-05-17,682120,4,3,1,0.697829,4.0,0,0
2026-05-17,682445,6,2,1,3.1318289999999998,6.0,3,1
2026-05-17,683175,10,1,2,6.564658,10.0,7,2
2026-05-17,684320,5,1,0,1.275,5.0,4,0
2026-05-17,686560,6,2,0,0.8180000000000001,6.0,4,0
2026-05-17,686993,3,0,0,0.29000000000000004,3.0,3,0
2026-05-17,687064,19,3,3,7.071487,18.0,12,1
2026-05-17,687330,4,1,0,1.153,4.0,3,0
2026-05-17,687606,4,2,0,1.232,4.0,2,1
2026-05-17,688107,20,3,2,7.0759680000000005,20.0,12,1
2026-05-17,689296,4,3,0,0.369,4.0,1,0
2026-05-17,690155,3,1,0,0.7717700000000001,3.0,1,0
2026-05-17,691587,23,5,4,9.027316,23.0,14,3
2026-05-17,691799,6,1,0,1.161,6.0,5,0
2026-05-17,693855,2,1,0,0.708,2.0,1,0
2026-05-17,694037,5,0,1,0.403,4.0,4,0
2026-05-17,694297,5,0,1,2.8145990000000003,5.0,3,0
2026-05-17,694335,4,0,1,1.960829,4.0,3,0
2026-05-17,694646,4,1,0,0.883,4.0,3,0
2026-05-17,694973,23,7,1,7.612599,23.0,14,1
2026-05-17,695380,7,1,0,1.708,7.0,6,0
2026-05-17,695418,5,2,0,1.59077,5.0,2,0
2026-05-17,695684,20,1,1,6.067599,20.0,17,0
2026-05-17,696270,10,2,1,2.995829,10.0,7,0
2026-05-17,699134,7,3,0,0.716,7.0,4,0
2026-05-17,699823,6,1,3,0.777829,4.0,2,0
2026-05-17,702193,3,1,0,0.16,3.0,2,0
2026-05-17,808963,24,8,0,5.468,23.0,15,1
2026-05-17,815083,6,3,1,1.129829,6.0,2,0
2026-05-17,820862,2,0,0,2.185,2.0,2,1
2026-05-18,500779,25,4,1,7.409829,25.0,20,2
2026-05-18,518585,4,3,1,0.697829,4.0,0,0
2026-05-18,518886,5,0,0,1.04,5.0,5,0
2026-05-18,543243,24,9,1,4.819599,24.0,13,1
2026-05-18,547973,3,1,0,0.15200000000000002,3.0,2,0
2026-05-18,548384,5,0,2,2.432658,5.0,3,0
2026-05-18,552640,3,1,0,0.4,3.0,2,0
2026-05-18,571578,20,3,3,8.710487,20.0,14,2
2026-05-18,573124,2,1,0,0.286,2.0,1,0
2026-05-18,592094,5,0,1,1.802829,5.0,4,0
2026-05-18,592662,26,1,2,12.624658,25.0,23,3
2026-05-18,596001,3,0,0,0.896,3.0,3,0
2026-05-18,596133,5,2,0,1.05877,5.0,2,0
2026-05-18,607481,11,1,5,6.571145,11.0,5,2
2026-05-18,607625,25,5,2,9.080658,25.0,18,2
2026-05-18,608650,9,0,3,4.309487,9.0,6,1
2026-05-18,621112,5,1,0,1.475,5.0,4,0
2026-05-18,621237,5,0,1,2.192829,5.0,4,0
2026-05-18,621366,7,1,0,1.968,7.0,6,1
2026-05-18,621389,9,2,0,2.425,9.0,7,0
2026-05-18,622088,2,0,1,0.781829,2.0,1,0
2026-05-18,622761,4,0,0,0.9530000000000001,4.0,4,0
2026-05-18,623211,10,1,2,2.4578290000000003,8.0,7,0
2026-05-18,623437,7,0,1,2.6495990000000003,7.0,5,0
2026-05-18,641745,4,1,0,1.34,4.0,3,1
2026-05-18,641755,3,1,0,0.517,3.0,2,0
2026-05-18,642215,4,0,0,1.658,4.0,4,0
2026-05-18,642528,4,0,0,0.33999999999999997,4.0,4,0
2026-05-18,646241,5,2,1,2.541829,5.0,2,1
2026-05-18,650633,24,9,2,6.783658,24.0,13,1
2026-05-18,656222,5,0,0,1.49,5.0,5,0
2026-05-18,656271,1,0,0,0.151,1.0,1,0
2026-05-18,656546,4,1,0,0.661,4.0,3,0
2026-05-18,656638,6,1,0,1.479,6.0,5,0
2026-05-18,657044,4,1,0,1.381,4.0,3,0
2026-05-18,657514,5,0,1,1.850829,5.0,4,0
2026-05-18,657756,10,2,0,2.649,10.0,8,0
2026-05-18,660825,5,1,1,2.476829,5.0,3,1
2026-05-18,661395,3,2,0,0.481,3.0,1,0
2026-05-18,662253,3,1,0,0.84,3.0,2,1
2026-05-18,663556,23,6,2,7.683658,23.0,15,1
2026-05-18,663623,18,6,1,5.646829,18.0,11,1
2026-05-18,663855,4,2,0,0.734,4.0,2,0
2026-05-18,664141,9,1,0,2.895,9.0,8,0
2026-05-18,664285,23,3,4,8.458316,23.0,16,2
2026-05-18,666157,24,3,5,8.708915000000001,24.0,15,2
2026-05-18,666171,5,0,2,3.231658,5.0,3,0
2026-05-18,667463,3,1,0,0.46699999999999997,3.0,2,0
2026-05-18,668390,3,1,0,0.21600000000000003,3.0,2,0
2026-05-18,668678,23,5,1,7.1288290000000005,23.0,17,1
2026-05-18,668933,8,0,0,2.777,8.0,8,0
2026-05-18,668964,7,1,1,2.6318289999999998,7.0,5,0
2026-05-18,669022,8,2,2,2.041658,8.0,4,0
2026-05-18,669165,4,0,0,0.385,3.0,3,0
2026-05-18,669199,3,0,0,0.157,3.0,3,0
2026-05-18,669372,28,10,1,7.075599,28.0,16,1
2026-05-18,669432,22,3,2,7.773658,22.0,17,1
2026-05-18,670036,2,1,0,0.829,2.0,1,0
2026-05-18,670167,4,2,0,0.492,4.0,2,0
2026-05-18,670280,6,2,2,1.743658,6.0,2,0
2026-05-18,670950,6,1,1,1.577829,6.0,4,0
2026-05-18,671382,10,0,2,5.311658,9.0,7,2
2026-05-18,671936,3,0,0,0.851,3.0,3,0
2026-05-18,672782,3,0,2,1.3986580000000002,3.0,1,0
2026-05-18,674444,4,0,1,1.7888290000000002,4.0,3,0
2026-05-18,675660,16,5,0,3.8129999999999997,16.0,11,1
2026-05-18,675848,4,1,0,1.312,4.0,3,0
2026-05-18,676428,4,0,2,1.595658,3.0,2,0
2026-05-18,676477,4,1,0,1.242,4.0,3,0
2026-05-18,676534,5,2,1,1.577829,5.0,2,0
2026-05-18,676571,5,1,1,1.020829,5.0,3,0
2026-05-18,676974,22,6,2,5.537658,22.0,14,0
2026-05-18,677944,27,4,2,7.589658,26.0,20,2
2026-05-18,677955,4,3,0,0.877,4.0,1,0
2026-05-18,677960,23,7,0,6.752,23.0,16,2
2026-05-18,678391,6,0,0,3.984,6.0,6,3
2026-05-18,678606,5,1,0,0.505,5.0,4,0
2026-05-18,679358,4,1,0,0.212,4.0,3,0
2026-05-18,680573,5,1,1,1.440829,5.0,3,0
2026-05-18,680730,11,2,0,3.343,11.0,9,1
2026-05-18,680755,6,1,0,3.365,6.0,5,1
2026-05-18,680767,3,0,2,2.189658,3.0,1,1
2026-05-18,681035,20,5,3,7.145257,20.0,11,0
2026-05-18,681151,8,0,2,3.773658,8.0,6,1
2026-05-18,681217,1,0,0,0.262,1.0,1,0
2026-05-18,681402,7,0,1,2.266,6.0,6,1
2026-05-18,681799,8,0,1,1.971829,8.0,7,0
2026-05-18,681810,7,1,1,1.5718290000000001,7.0,5,0
2026-05-18,682608,12,3,1,3.296829,12.0,8,0
2026-05-18,684007,24,2,3,10.933487,24.0,19,2
2026-05-18,684320,5,0,1,4.530829,5.0,4,3
2026-05-18,685126,3,0,0,0.6479999999999999,3.0,3,0
2026-05-18,685801,3,1,0,0.606,3.0,2,0
2026-05-18,686560,5,0,1,1.890829,5.0,4,0
2026-05-18,686580,3,2,0,0.109,3.0,1,0
2026-05-18,686678,17,4,1,6.006829,17.0,12,1
2026-05-18,687075,21,5,3,7.163257,21.0,12,1
2026-05-18,687377,3,0,0,0.304,3.0,3,0
2026-05-18,687606,7,0,1,2.204,5.0,6,0
2026-05-18,688883,5,0,1,1.557599,5.0,3,0
2026-05-18,689147,1,0,0,0.153,1.0,1,0
2026-05-18,691725,22,3,2,5.482658,22.0,17,0
2026-05-18,693433,22,8,2,5.048658,22.0,12,0
2026-05-18,695243,5,1,2,1.5436580000000002,5.0,2,0
2026-05-18,696070,15,3,1,3.991599,15.0,10,0
2026-05-18,696147,7,2,0,0.788,7.0,5,0
2026-05-18,700712,26,4,2,7.068428,26.0,19,1
2026-05-18,702193,4,0,1,1.472829,4.0,3,0
2026-05-18,702273,23,6,0,8.78054,23.0,15,3
2026-05-18,702275,21,4,1,7.304369,21.0,14,0
2026-05-18,800311,4,2,1,0.836829,4.0,1,0
2026-05-18,805123,7,1,1,1.567829,7.0,5,0
2026-05-18,805299,4,1,0,0.637,4.0,3,0
2026-05-18,808967,26,8,2,6.520658,26.0,16,0
2026-05-18,837227,18,5,0,5.7860000000000005,18.0,13,2
2026-05-19,527048,23,10,2,5.950658,23.0,11,2
2026-05-19,572143,3,0,0,0.425,3.0,3,0
2026-05-19,572955,4,2,1,1.2328290000000002,4.0,1,0
2026-05-19,573204,4,0,0,0.933,3.0,3,0
2026-05-19,592773,3,0,1,1.082829,3.0,2,0
2026-05-19,594580,3,1,0,0.22,3.0,2,0
2026-05-19,595014,4,0,1,0.281,3.0,3,0
2026-05-19,595345,3,3,0,0.0,3.0,0,0
2026-05-19,605130,3,0,0,0.21500000000000002,3.0,3,0
2026-05-19,607455,3,0,0,1.179,3.0,3,0
2026-05-19,608718,5,1,0,1.401,4.0,3,0
2026-05-19,621383,4,0,1,1.114829,4.0,3,0
2026-05-19,622491,11,4,2,2.602428,11.0,4,0
2026-05-19,624133,19,3,3,5.462487,19.0,13,0
2026-05-19,628452,4,1,0,1.513,4.0,3,0
2026-05-19,641302,4,1,0,1.36177,4.0,2,0
2026-05-19,641329,3,1,0,1.259,3.0,2,1
2026-05-19,641743,22,5,3,6.269027,22.0,12,0
2026-05-19,642397,3,3,0,0.0,3.0,0,0
2026-05-19,642528,3,0,0,0.808,3.0,3,0
2026-05-19,643377,18,6,1,3.641829,18.0,11,0
2026-05-19,650556,2,0,0,0.73177,2.0,1,0
2026-05-19,650960,8,1,0,1.803,7.0,6,1
2026-05-19,656222,1,0,0,0.005,1.0,1,0
2026-05-19,656234,3,1,0,1.01677,3.0,1,0
2026-05-19,656288,20,5,1,5.682829,20.0,14,2
2026-05-19,656302,23,9,4,6.750316,22.0,9,1
2026-05-19,656464,4,3,1,0.697829,4.0,0,0
2026-05-19,656492,24,5,0,6.83877,24.0,18,2
2026-05-19,656605,22,3,1,6.782599,21.0,16,1
2026-05-19,656730,3,2,0,0.027,3.0,1,0
2026-05-19,656848,6,1,2,1.557658,6.0,3,0
2026-05-19,656945,5,2,1,1.503829,5.0,2,1
2026-05-19,657097,5,0,0,2.4829999999999997,5.0,5,1
2026-05-19,657424,1,0,0,1.151,1.0,1,1
2026-05-19,657612,4,1,1,0.9768290000000001,4.0,2,0
2026-05-19,660853,4,0,0,1.294,4.0,4,0
2026-05-19,662253,4,2,0,0.455,4.0,2,0
2026-05-19,663158,4,0,1,0.998829,4.0,3,0
2026-05-19,663423,5,0,1,1.846829,5.0,4,0
2026-05-19,663542,3,1,0,0.45699999999999996,3.0,2,0
2026-05-19,663558,3,3,0,0.0,3.0,0,0
2026-05-19,663559,12,2,3,4.939487,12.0,7,0
2026-05-19,663574,3,2,0,0.023,3.0,1,0
2026-05-19,663687,6,1,0,2.67377,6.0,4,0
2026-05-19,663767,6,3,1,1.011829,6.0,2,0
2026-05-19,663947,7,2,0,0.7150000000000001,6.0,5,0
2026-05-19,663992,3,1,0,0.037,2.0,1,0
2026-05-19,664208,3,1,0,0.51,3.0,2,0
2026-05-19,664954,3,0,1,1.461829,3.0,2,0
2026-05-19,666129,15,2,3,4.9654869999999995,14.0,9,1
2026-05-19,666200,23,5,2,7.065658,23.0,16,1
2026-05-19,666277,3,1,0,0.427,3.0,2,0
2026-05-19,666808,6,0,1,2.3888290000000003,6.0,5,0
2026-05-19,666974,4,1,0,1.87977,3.0,1,1
2026-05-19,668873,6,1,0,2.945,6.0,4,0
2026-05-19,668941,5,2,0,2.194,5.0,3,1
2026-05-19,668984,3,1,1,0.795829,3.0,1,0
2026-05-19,669062,4,0,3,3.533487,4.0,1,1
2026-05-19,669093,4,1,0,1.354,4.0,3,1
2026-05-19,669194,31,3,2,12.327658,31.0,26,3
2026-05-19,669199,7,2,0,3.44177,7.0,4,1
2026-05-19,669211,3,1,0,1.041,3.0,2,0
2026-05-19,669212,9,0,0,5.599,9.0,9,1
2026-05-19,669270,5,2,0,1.37477,5.0,2,0
2026-05-19,669276,6,2,0,1.261,6.0,4,0
2026-05-19,669461,23,9,2,7.444658,23.0,12,1
2026-05-19,669622,5,1,0,1.6,5.0,4,1
2026-05-19,669920,23,4,1,5.164829,23.0,18,0
2026-05-19,670059,4,1,0,0.76,4.0,3,0
2026-05-19,670167,4,2,0,0.774,4.0,2,0
2026-05-19,670329,3,1,0,1.1989999999999998,3.0,2,1
2026-05-19,670970,4,1,0,1.07,4.0,3,0
2026-05-19,671111,7,1,2,3.2824280000000003,7.0,3,0
2026-05-19,671922,5,3,0,1.2069999999999999,5.0,2,0
2026-05-19,671936,3,1,0,0.6619999999999999,3.0,2,0
2026-05-19,672282,27,8,2,7.961658,27.0,17,1
2026-05-19,672456,21,1,4,5.347316,20.0,16,0
2026-05-19,676477,3,1,0,0.743,3.0,2,0
2026-05-19,676534,7,2,3,2.4144870000000003,7.0,2,0
2026-05-19,676617,7,0,1,4.625369,7.0,4,0
2026-05-19,676684,3,1,0,0.163,3.0,2,0
2026-05-19,676760,1,1,0,0.0,1.0,0,0
2026-05-19,676775,3,1,1,0.7478290000000001,3.0,1,0
2026-05-19,676879,7,2,1,2.603829,7.0,4,0
2026-05-19,676962,25,6,2,7.720658,25.0,17,1
2026-05-19,677053,6,3,0,2.219,6.0,3,1
2026-05-19,677161,3,0,0,1.64,3.0,3,0
2026-05-19,677958,28,7,3,7.973487,28.0,18,0
2026-05-19,678020,7,0,2,4.224658,7.0,5,0
2026-05-19,678022,8,0,0,2.99577,8.0,7,1
2026-05-19,678606,1,1,0,0.0,1.0,0,0
2026-05-19,679883,10,3,1,1.6468289999999999,9.0,5,1
2026-05-19,680694,23,6,3,8.195487,22.0,13,3
2026-05-19,680742,4,0,1,1.1708290000000001,4.0,3,0
2026-05-19,681870,4,2,1,0.958829,4.0,1,0
2026-05-19,681895,6,0,2,3.874658,5.0,4,1
2026-05-19,681911,2,0,0,0.13,2.0,2,0
2026-05-19,682052,21,2,3,8.604487,21.0,16,1
2026-05-19,682120,3,1,1,1.426599,3.0,0,0
2026-05-19,682243,19,7,1,3.404829,19.0,11,1
2026-05-19,682254,2,0,0,2.133,2.0,2,1
2026-05-19,682842,3,1,0,0.20600000000000002,3.0,2,0
2026-05-19,683232,7,2,0,1.9649999999999999,7.0,5,0
2026-05-19,683618,5,1,1,0.801829,5.0,3,0
2026-05-19,683769,3,0,1,1.104829,3.0,2,0
2026-05-19,684049,5,1,1,2.2238290000000003,5.0,3,1
2026-05-19,685299,31,5,1,15.581829,31.0,25,5
2026-05-19,686218,18,2,1,7.405829,18.0,15,3
2026-05-19,686580,3,2,0,0.075,3.0,1,0
2026-05-19,686973,3,1,0,0.628,3.0,2,0
2026-05-19,686993,1,0,0,0.017,1.0,1,0
2026-05-19,687330,3,0,0,1.335,3.0,3,0
2026-05-19,687396,5,2,0,0.991,5.0,3,0
2026-05-19,687911,5,1,0,1.615,5.0,4,0
2026-05-19,689254,4,1,0,1.536,4.0,3,0
2026-05-19,689296,2,1,0,0.51,2.0,1,0
2026-05-19,690997,31,5,2,10.018198,31.0,22,2
2026-05-19,691799,3,3,0,0.0,3.0,0,0
2026-05-19,693855,4,1,0,0.299,4.0,3,0
2026-05-19,694361,3,1,0,0.33499999999999996,3.0,2,0
2026-05-19,694477,1,0,0,0.121,1.0,1,0
2026-05-19,694738,23,3,0,6.924,23.0,20,1
2026-05-19,694819,22,8,1,3.474829,22.0,13,0
2026-05-19,695243,3,0,1,0.806829,3.0,2,0
2026-05-19,695418,10,3,0,3.731,10.0,7,1
2026-05-19,695445,3,0,2,1.440658,3.0,1,0
2026-05-19,695505,20,9,0,4.494,20.0,11,1
2026-05-19,696270,11,0,1,6.0728290000000005,11.0,10,3
2026-05-19,699134,3,2,0,0.481,3.0,1,0
2026-05-19,699823,6,4,1,1.561829,6.0,1,1
2026-05-19,700669,5,1,0,0.7640000000000001,5.0,4,0
2026-05-19,701519,6,1,0,0.652,6.0,5,0
2026-05-19,701542,22,3,1,5.4638290000000005,21.0,18,0
2026-05-19,701719,3,1,0,1.092,3.0,2,0
2026-05-19,800048,21,6,3,6.668487,21.0,12,0
2026-05-19,800311,3,0,1,0.8568290000000001,3.0,2,0
2026-05-19,805673,23,6,0,6.582,23.0,17,2
2026-05-19,820862,3,0,1,0.9938290000000001,3.0,2,0
2026-05-20,445276,4,1,1,0.707829,4.0,2,0
2026-05-20,489446,5,1,1,3.402599,5.0,2,1
2026-05-20,518876,26,4,0,12.12,26.0,22,5
2026-05-20,518886,10,2,0,2.508,9.0,8,0
2026-05-20,519242,25,8,0,6.737,25.0,17,1
2026-05-20,547973,4,1,0,0.218,4.0,3,0
2026-05-20,571927,17,5,2,4.230658,17.0,10,1
2026-05-20,571948,4,1,0,0.34099999999999997,4.0,3,0
2026-05-20,593974,6,0,1,2.766829,6.0,5,0
2026-05-20,594580,4,1,0,0.65,4.0,3,0
2026-05-20,595014,3,1,0,0.548,3.0,2,0
2026-05-20,596001,3,0,0,0.384,3.0,3,0
2026-05-20,605130,4,1,0,0.86177,4.0,2,0
2026-05-20,605400,23,5,0,7.531000000000001,23.0,18,1
2026-05-20,607536,22,4,2,9.724658,22.0,16,2
2026-05-20,608379,25,8,2,7.178658,25.0,15,2
2026-05-20,621237,5,1,0,3.008,5.0,4,1
2026-05-20,622608,8,1,0,2.061,8.0,7,0
2026-05-20,623149,3,1,0,0.073,3.0,2,0
2026-05-20,623454,18,7,2,3.146658,18.0,9,0
2026-05-20,640448,5,1,0,1.121,5.0,4,0
2026-05-20,641302,3,2,0,0.014,3.0,1,0
2026-05-20,641745,3,0,0,0.608,3.0,3,0
2026-05-20,641793,20,3,0,7.323,20.0,17,3
2026-05-20,641816,23,6,0,6.849,23.0,17,1
2026-05-20,641835,7,2,0,2.265,7.0,5,0
2026-05-20,642048,1,0,0,0.166,1.0,1,0
2026-05-20,642701,3,1,0,0.6859999999999999,3.0,2,0
2026-05-20,643410,3,1,0,0.541,3.0,2,0
2026-05-20,643511,3,1,0,0.253,3.0,2,0
2026-05-20,650644,21,2,2,10.781658,21.0,17,4
2026-05-20,656234,3,1,0,0.182,3.0,2,0
2026-05-20,656271,4,0,0,2.6279999999999997,4.0,4,1
2026-05-20,656529,5,0,1,0.949829,5.0,4,0
2026-05-20,656546,2,0,0,0.13999999999999999,2.0,2,0
2026-05-20,656638,5,1,0,1.12,4.0,3,1
2026-05-20,656641,7,4,0,0.444,7.0,3,0
2026-05-20,656794,8,1,0,3.72777,8.0,6,1
2026-05-20,657514,4,1,0,1.269,4.0,2,0
2026-05-20,657746,22,9,0,3.675,22.0,13,1
2026-05-20,660271,19,4,2,5.473658,19.0,13,0
2026-05-20,660825,6,1,1,1.691829,6.0,4,0
2026-05-20,663423,5,2,0,1.774,5.0,3,1
2026-05-20,663558,1,1,0,0.0,1.0,0,0
2026-05-20,663687,5,1,2,1.1218290000000002,4.0,2,0
2026-05-20,663738,6,0,1,2.043829,6.0,5,0
2026-05-20,663855,2,0,0,2.173,2.0,2,1
2026-05-20,663878,3,0,0,0.395,3.0,3,0
2026-05-20,663947,5,1,0,1.352,5.0,4,0
2026-05-20,663969,12,2,1,2.645829,12.0,9,1
2026-05-20,664199,1,0,0,0.142,1.0,1,0
2026-05-20,664208,5,1,1,2.3168290000000002,5.0,3,0
2026-05-20,664875,4,2,0,1.01777,4.0,1,0
2026-05-20,665622,7,2,0,1.278,7.0,5,0
2026-05-20,665795,16,2,2,6.083658,16.0,11,0
2026-05-20,666171,3,0,0,1.49854,3.0,1,0
2026-05-20,666374,4,2,0,0.405,4.0,2,0
2026-05-20,666711,3,1,0,0.855,2.0,1,0
2026-05-20,668933,3,2,0,0.434,3.0,1,0
2026-05-20,669020,5,1,0,1.034,5.0,4,0
2026-05-20,669084,6,2,1,1.4188290000000001,6.0,3,0
2026-05-20,669165,4,1,0,1.3479999999999999,4.0,3,0
2026-05-20,669330,3,0,0,0.623,3.0,3,0
2026-05-20,669358,22,6,3,5.707487,22.0,13,2
2026-05-20,669387,19,1,1,5.618829,19.0,17,0
2026-05-20,669711,5,1,0,0.6910000000000001,5.0,4,0
2026-05-20,669947,19,4,1,9.183829,19.0,14,3
2026-05-20,670059,2,2,0,0.0,2.0,0,0
2026-05-20,670329,2,0,0,1.4449999999999998,2.0,2,0
2026-05-20,670990,6,1,1,3.8915990000000003,6.0,3,1
2026-05-20,671096,22,3,3,7.026487,22.0,15,1
2026-05-20,671922,4,1,0,0.562,4.0,3,0
2026-05-20,672442,6,3,0,1.223,6.0,3,0
2026-05-20,672782,7,5,0,0.888,7.0,2,1
2026-05-20,673513,6,2,2,2.406658,6.0,2,1
2026-05-20,674444,4,1,0,2.468,4.0,3,1
2026-05-20,674841,14,5,1,5.005829,14.0,8,1
2026-05-20,675848,3,1,0,0.674,3.0,2,0
2026-05-20,676083,23,3,0,7.438,23.0,20,2
2026-05-20,676106,22,4,3,7.960487,22.0,15,0
2026-05-20,676428,4,0,1,1.219829,4.0,3,0
2026-05-20,676440,28,5,1,10.002829,28.0,22,2
2026-05-20,676684,5,1,0,1.874,4.0,4,0
2026-05-20,676760,6,1,0,3.337,6.0,5,1
2026-05-20,676775,3,3,0,0.0,3.0,0,0
2026-05-20,677865,6,2,0,0.257,6.0,4,0
2026-05-20,677955,5,0,0,1.7,5.0,5,0
2026-05-20,678606,4,3,0,0.513,4.0,1,0
2026-05-20,680732,22,5,3,7.173027,22.0,12,0
2026-05-20,681190,21,0,3,11.587487,21.0,18,4
2026-05-20,681217,5,2,1,0.59,4.0,2,0
2026-05-20,681347,27,2,3,10.547257,27.0,21,3
2026-05-20,681810,6,0,0,3.142,6.0,6,0
2026-05-20,681867,4,1,0,1.057,4.0,3,0
2026-05-20,681870,3,1,2,1.395658,3.0,0,0
2026-05-20,681895,3,1,0,0.009,3.0,2,0
2026-05-20,682989,6,0,1,2.076829,6.0,5,0
2026-05-20,683004,24,5,2,7.488658,24.0,17,1
2026-05-20,683175,3,1,0,0.056,3.0,2,0
2026-05-20,683618,3,1,0,0.202,3.0,2,0
2026-05-20,685126,3,1,1,0.7368290000000001,3.0,1,0
2026-05-20,686799,25,7,4,5.375257,24.0,13,0
2026-05-20,686973,5,2,0,0.8630000000000001,5.0,3,0
2026-05-20,689147,5,2,0,2.686,5.0,3,1
2026-05-20,689254,3,0,0,0.632,3.0,3,0
2026-05-20,689296,6,0,1,2.8048290000000002,6.0,5,0
2026-05-20,690155,6,2,2,2.2686580000000003,6.0,2,0
2026-05-20,690986,23,11,1,3.427829,23.0,11,0
2026-05-20,691594,4,1,0,1.093,4.0,3,1
2026-05-20,693645,27,7,2,6.982658,26.0,18,0
2026-05-20,693855,3,0,0,0.6859999999999999,3.0,3,0
2026-05-20,694037,5,2,1,1.792829,5.0,2,0
2026-05-20,694297,3,0,0,1.101,3.0,3,0
2026-05-20,694335,7,1,0,2.9419999999999997,7.0,6,0
2026-05-20,694361,3,1,0,0.9580000000000001,3.0,2,0
2026-05-20,696147,5,1,0,0.768,5.0,4,0
2026-05-20,700241,26,1,1,10.065829,26.0,24,2
2026-05-20,702056,20,8,0,3.0709999999999997,20.0,12,0
2026-05-20,702193,3,1,0,0.114,3.0,2,0
2026-05-20,804267,19,3,2,8.108658,19.0,14,2
2026-05-20,805123,3,1,0,0.928,3.0,2,0
2026-05-20,805299,3,0,1,0.802829,3.0,2,0
2026-05-20,813349,27,5,1,8.949829,27.0,21,3
2026-05-21,489446,5,1,1,1.245829,5.0,3,0
2026-05-21,542888,3,2,1,0.697829,3.0,0,0
2026-05-21,548384,3,2,0,0.075,3.0,1,0
2026-05-21,572143,5,1,1,2.734829,5.0,3,1
2026-05-21,593958,24,4,1,6.045829,24.0,19,1
2026-05-21,596133,4,1,1,0.774829,4.0,2,0
2026-05-21,607074,21,7,3,4.018487,21.0,11,0
2026-05-21,621112,7,2,0,2.015,7.0,5,1
2026-05-21,622663,23,10,0,4.411,23.0,13,1
2026-05-21,623149,3,1,0,0.003,3.0,2,0
2026-05-21,623211,3,0,0,0.648,3.0,3,0
2026-05-21,642207,4,1,0,0.20199999999999999,4.0,3,0
2026-05-21,643410,3,1,0,1.085,3.0,2,0
2026-05-21,643511,3,0,1,1.018829,3.0,2,0
2026-05-21,645261,25,3,0,7.313000000000001,23.0,21,2
2026-05-21,646241,5,2,0,0.788,5.0,3,0
2026-05-21,656464,2,0,0,0.048,2.0,2,0
2026-05-21,656546,3,2,0,0.589,3.0,1,0
2026-05-21,656849,23,3,3,8.028487,22.0,16,1
2026-05-21,663158,3,1,0,0.304,3.0,2,0
2026-05-21,663554,24,4,0,4.508,24.0,20,0
2026-05-21,664126,4,2,0,1.284,4.0,2,1
2026-05-21,666171,6,0,2,2.287599,5.0,3,0
2026-05-21,666661,5,1,1,2.6045990000000003,5.0,2,0
2026-05-21,666808,3,0,0,0.452,3.0,3,0
2026-05-21,667755,26,7,1,5.361829,26.0,18,1
2026-05-21,669160,25,7,2,6.122428,25.0,15,1
2026-05-21,669270,5,0,1,3.854829,5.0,4,2
2026-05-21,669276,3,1,0,0.8859999999999999,3.0,2,0
2026-05-21,670036,2,1,0,0.84,2.0,1,0
2026-05-21,671936,5,2,0,1.813,5.0,3,1
2026-05-21,672442,3,0,0,1.40277,3.0,2,0
2026-05-21,675848,5,1,2,1.875658,4.0,2,0
2026-05-21,675911,24,9,2,5.695658,24.0,13,2
2026-05-21,676051,2,1,0,0.01,2.0,1,0
2026-05-21,676282,23,6,3,5.900487,23.0,14,0
2026-05-21,676917,27,9,1,8.308369,27.0,15,2
2026-05-21,677865,5,0,0,2.3739999999999997,5.0,5,1
2026-05-21,677952,27,9,2,7.049658,27.0,16,1
2026-05-21,678020,5,2,2,0.7348290000000001,4.0,1,0
2026-05-21,680604,11,1,3,4.901257,11.0,6,0
2026-05-21,680755,5,4,1,0.697829,5.0,0,0
2026-05-21,681217,1,0,0,0.462,1.0,1,0
2026-05-21,682120,3,1,0,0.7759999999999999,3.0,2,0
2026-05-21,682254,3,0,0,0.9770000000000001,3.0,3,0
2026-05-21,683769,4,2,0,0.904,4.0,2,0
2026-05-21,686993,3,1,0,0.377,3.0,2,0
2026-05-21,687377,6,1,0,2.7279999999999998,5.0,5,1
2026-05-21,687396,3,1,0,0.885,3.0,2,0
2026-05-21,688642,17,4,1,2.955829,17.0,12,0
2026-05-21,689266,4,2,0,0.796,4.0,2,0
2026-05-21,690155,3,1,0,0.7360000000000001,3.0,2,0
2026-05-21,690925,4,2,1,0.9898290000000001,4.0,1,0
2026-05-21,693686,16,6,1,4.118829,16.0,9,0
2026-05-21,694335,5,1,0,1.771,5.0,4,0
2026-05-21,696062,6,2,0,2.084,6.0,4,0
2026-05-21,700669,1,0,0,0.218,1.0,1,0
2026-05-21,806188,11,4,1,3.738369,11.0,4,0
2026-05-21,820862,6,1,2,1.154829,5.0,3,0
2026-05-22,455119,5,0,0,3.416,5.0,5,1
2026-05-22,518585,2,2,0,0.0,2.0,0,0
2026-05-22,543037,22,2,3,5.5854870000000005,22.0,17,0
2026-05-22,571945,17,3,0,5.798,17.0,14,2
2026-05-22,571948,2,0,0,0.89,2.0,2,0
2026-05-22,592094,3,0,0,1.487,3.0,3,0
2026-05-22,592332,27,8,1,6.767829,25.0,17,1
2026-05-22,592791,23,5,1,8.920829,23.0,17,2
2026-05-22,594027,4,1,1,1.032829,4.0,2,0
2026-05-22,594798,18,3,3,11.078487,18.0,12,3
2026-05-22,595345,3,0,0,2.154,3.0,3,1
2026-05-22,605135,20,4,0,6.223,20.0,16,1
2026-05-22,605488,24,3,3,9.523487,24.0,18,3
2026-05-22,607259,26,1,1,11.536829000000001,26.0,24,1
2026-05-22,607455,4,1,0,1.011,4.0,3,0
2026-05-22,608372,27,3,1,11.725829,27.0,23,5
2026-05-22,608718,4,0,1,1.608829,4.0,3,0
2026-05-22,615698,14,0,1,5.855599,14.0,12,1
2026-05-22,621111,22,4,4,6.4333160000000005,22.0,14,1
2026-05-22,621366,9,2,1,2.279599,9.0,5,0
2026-05-22,622608,5,0,0,1.49577,5.0,4,0
2026-05-22,628452,3,1,0,0.371,3.0,2,0
2026-05-22,640448,6,0,2,3.071658,6.0,4,1
2026-05-22,640455,15,3,0,3.605,15.0,12,0
2026-05-22,641329,4,1,1,2.432829,4.0,2,1
2026-05-22,641755,3,2,0,0.026,3.0,1,0
2026-05-22,642048,1,0,0,0.492,1.0,1,0
2026-05-22,642546,3,0,0,0.585,3.0,3,0
2026-05-22,642701,7,2,1,2.423829,7.0,4,1
2026-05-22,646241,4,1,0,1.491,4.0,3,0
2026-05-22,647336,23,2,0,5.19377,23.0,20,0
2026-05-22,650556,4,0,1,1.573599,4.0,2,0
2026-05-22,650911,28,6,2,8.937658,28.0,20,1
2026-05-22,656222,4,0,0,2.5629999999999997,4.0,4,1
2026-05-22,656427,19,7,0,6.58,19.0,12,2
2026-05-22,656638,3,0,0,0.412,3.0,3,0
2026-05-22,656848,3,1,0,0.901,2.0,1,0
2026-05-22,657044,7,1,0,1.734,7.0,6,0
2026-05-22,657097,3,2,0,0.071,3.0,1,0
2026-05-22,657514,3,0,0,0.198,2.0,3,0
2026-05-22,657612,5,0,1,1.746,4.0,4,0
2026-05-22,657756,6,0,0,1.055,6.0,6,0
2026-05-22,660761,1,0,0,0.01,1.0,1,0
2026-05-22,660825,4,3,0,0.029,4.0,1,0
2026-05-22,660853,5,1,0,1.356,5.0,4,1
2026-05-22,661395,4,1,0,1.661,4.0,3,1
2026-05-22,662253,3,0,0,1.348,3.0,3,0
2026-05-22,663158,5,0,0,2.322,5.0,5,1
2026-05-22,663436,26,7,2,7.025658,26.0,17,0
2026-05-22,663992,4,0,0,0.533,4.0,4,0
2026-05-22,664126,4,2,1,0.709829,4.0,1,0
2026-05-22,664141,11,1,2,4.2826580000000005,11.0,8,0
2026-05-22,664199,4,0,1,1.600829,4.0,3,0
2026-05-22,664208,5,1,2,2.121658,5.0,2,0
2026-05-22,664875,5,1,2,1.6106580000000001,5.0,2,0
2026-05-22,666374,5,1,0,1.932,5.0,4,0
2026-05-22,666661,4,1,1,1.167829,4.0,2,0
2026-05-22,666808,2,0,0,0.3,2.0,2,0
2026-05-22,666974,3,2,0,0.129,3.0,1,0
2026-05-22,668909,27,11,0,6.654,27.0,16,1
2026-05-22,668964,6,0,1,2.501829,6.0,5,1
2026-05-22,669062,4,2,1,0.847829,4.0,1,0
2026-05-22,669093,3,1,0,0.213,3.0,2,0
2026-05-22,669211,4,2,0,1.467,4.0,2,1
2026-05-22,669212,3,0,0,0.5,3.0,3,0
2026-05-22,669276,5,0,1,2.120829,5.0,4,0
2026-05-22,669302,21,6,2,4.715658,21.0,13,1
2026-05-22,669330,3,1,0,1.127,3.0,2,1
2026-05-22,669711,5,0,0,2.0887700000000002,5.0,4,0
2026-05-22,670280,4,3,0,0.437,4.0,1,0
2026-05-22,670329,2,1,0,0.008,2.0,1,0
2026-05-22,670950,3,2,0,0.036,3.0,1,0
2026-05-22,670970,4,3,0,0.041,4.0,1,0
2026-05-22,671922,3,1,0,0.06899999999999999,3.0,2,0
2026-05-22,672782,3,1,0,0.45,3.0,2,0
2026-05-22,675660,8,2,2,2.477658,8.0,4,0
2026-05-22,676428,6,2,1,0.979,5.0,3,0
2026-05-22,676879,6,0,1,2.231599,6.0,4,0
2026-05-22,677053,3,2,0,0.089,3.0,1,0
2026-05-22,678022,9,2,0,2.82877,9.0,6,0
2026-05-22,679358,4,1,1,0.8768290000000001,4.0,2,0
2026-05-22,680570,25,5,2,10.476658,25.0,18,2
2026-05-22,680730,7,1,1,1.764829,7.0,5,0
2026-05-22,680736,24,4,2,9.143658,24.0,18,2
2026-05-22,681293,23,5,4,7.170856000000001,23.0,12,0
2026-05-22,681402,4,1,0,1.166,4.0,3,0
2026-05-22,681799,7,2,1,1.954829,7.0,4,0
2026-05-22,683232,5,0,1,2.392829,5.0,4,1
2026-05-22,684049,4,1,1,1.892829,4.0,2,1
2026-05-22,685126,4,2,1,0.911829,4.0,1,0
2026-05-22,686580,7,1,1,4.357829,7.0,5,1
2026-05-22,686790,18,4,1,6.243369,18.0,11,0
2026-05-22,686973,6,3,0,0.8150000000000001,6.0,3,0
2026-05-22,687330,1,0,0,0.423,1.0,1,0
2026-05-22,687377,7,0,2,2.207658,7.0,5,0
2026-05-22,687396,3,0,0,1.289,3.0,3,0
2026-05-22,687570,22,1,3,8.940487000000001,20.0,17,2
2026-05-22,687606,3,1,0,0.8029999999999999,3.0,2,0
2026-05-22,687911,5,0,0,1.25,5.0,5,1
2026-05-22,689254,3,0,1,1.298829,3.0,2,0
2026-05-22,689296,3,2,0,0.252,3.0,1,0
2026-05-22,690925,3,2,0,0.074,3.0,1,0
2026-05-22,691587,20,5,0,7.487,20.0,15,4
2026-05-22,693821,24,4,1,6.212829,24.0,19,1
2026-05-22,693855,7,2,0,1.498,7.0,5,0
2026-05-22,694477,4,0,0,0.263,4.0,4,0
2026-05-22,696147,5,0,0,2.45377,5.0,4,0
2026-05-22,696149,23,11,3,5.501487,23.0,8,1
2026-05-22,699134,5,0,1,1.153829,5.0,4,0
2026-05-22,699823,5,1,0,1.236,5.0,4,0
2026-05-22,701519,7,3,1,2.039829,7.0,3,1
2026-05-22,701656,20,7,3,4.846487,19.0,9,0
2026-05-22,701719,3,0,0,1.05677,3.0,2,0
2026-05-22,702070,23,8,2,5.360658,23.0,13,0
2026-05-22,800311,5,1,0,0.887,5.0,4,0
2026-05-22,801139,25,9,2,4.369658,25.0,14,0
2026-05-22,801434,8,0,1,3.036829,7.0,6,0
2026-05-22,804636,9,2,1,0.997829,9.0,6,0
2026-05-22,805299,1,0,0,0.064,1.0,1,0
2026-05-22,815083,4,1,0,1.4300000000000002,4.0,3,1
2026-05-23,489446,3,1,0,0.194,3.0,2,0
2026-05-23,542888,4,1,0,1.3319999999999999,3.0,2,0
2026-05-23,543135,30,6,2,9.111428,29.0,20,2
2026-05-23,547179,24,5,1,8.341829,24.0,18,2
2026-05-23,554430,21,6,1,4.730829,21.0,14,1
2026-05-23,571578,23,7,0,3.9090000000000003,23.0,16,0
2026-05-23,572955,6,1,0,0.9570000000000001,4.0,3,0
2026-05-23,573124,1,1,0,0.0,1.0,0,0
2026-05-23,592094,4,3,0,0.822,4.0,1,0
2026-05-23,592773,4,1,1,1.769829,4.0,2,0
2026-05-23,594580,4,0,0,1.3419999999999999,2.0,2,1
2026-05-23,595345,3,1,0,0.11499999999999999,3.0,2,0
2026-05-23,605130,4,0,1,1.001829,4.0,3,0
2026-05-23,605288,21,5,0,6.053,21.0,16,1
2026-05-23,607067,27,4,3,8.764487,27.0,20,4
2026-05-23,607200,21,3,2,7.679658,20.0,15,1
2026-05-23,608337,21,2,5,7.919145,21.0,14,0
2026-05-23,623149,3,1,0,0.20900000000000002,3.0,2,0
2026-05-23,624522,13,2,2,3.392658,13.0,9,0
2026-05-23,641302,4,0,1,1.215829,4.0,3,0
2026-05-23,641745,3,1,0,0.062,3.0,2,0
2026-05-23,641755,3,2,0,0.051,3.0,1,0
2026-05-23,642048,3,1,0,1.172,3.0,2,1
2026-05-23,642546,3,1,0,0.458,3.0,2,0
2026-05-23,642547,30,9,2,5.558658,30.0,19,0
2026-05-23,656271,6,0,2,1.950658,4.0,2,0
2026-05-23,656464,4,0,1,1.126829,4.0,3,0
2026-05-23,656529,4,2,1,0.700829,4.0,1,0
2026-05-23,656546,3,3,0,0.0,3.0,0,0
2026-05-23,656550,22,10,2,6.895658,22.0,10,3
2026-05-23,656945,4,3,0,0.166,4.0,1,0
2026-05-23,657424,5,4,0,0.276,5.0,1,0
2026-05-23,660761,10,4,1,2.6148290000000003,10.0,5,0
2026-05-23,660853,3,1,0,0.063,3.0,2,0
2026-05-23,661395,4,1,0,0.699,4.0,3,0
2026-05-23,663423,5,0,1,1.819,4.0,4,1
2026-05-23,663542,4,1,0,0.475,4.0,3,0
2026-05-23,663558,6,1,0,2.381,6.0,5,0
2026-05-23,663568,30,2,1,5.848829,29.0,26,0
2026-05-23,663574,7,1,2,2.500658,7.0,4,1
2026-05-23,663623,16,7,1,1.927829,16.0,8,0
2026-05-23,663765,14,1,4,6.491316,13.0,9,0
2026-05-23,663978,24,5,3,8.157487,23.0,15,0
2026-05-23,663992,3,1,0,0.303,3.0,2,0
2026-05-23,666171,4,1,0,2.258,4.0,3,1
2026-05-23,666277,3,0,0,0.107,3.0,3,0
2026-05-23,666711,7,1,0,1.181,7.0,6,0
2026-05-23,668390,3,0,0,1.849,3.0,3,0
2026-05-23,668678,24,6,2,6.364658,24.0,16,1
2026-05-23,668933,6,3,0,0.45799999999999996,6.0,3,0
2026-05-23,668941,4,1,1,0.674,2.0,1,0
2026-05-23,669020,3,1,0,0.718,3.0,2,0
2026-05-23,669084,7,0,2,3.223658,7.0,5,0
2026-05-23,669093,4,0,1,1.022829,4.0,3,0
2026-05-23,669165,5,1,2,0.786829,3.0,2,0
2026-05-23,669270,7,2,0,1.276,7.0,5,0
2026-05-23,669372,14,4,6,5.215744,14.0,3,0
2026-05-23,669467,20,3,1,5.096829,18.0,14,1
2026-05-23,669622,4,3,0,0.126,4.0,1,0
2026-05-23,669923,27,3,0,9.534,27.0,24,1
2026-05-23,670036,5,2,2,1.4536580000000001,5.0,1,0
2026-05-23,670245,7,3,0,1.8459999999999999,7.0,4,1
2026-05-23,670950,9,1,1,1.758829,9.0,7,0
2026-05-23,670970,3,0,0,0.426,3.0,3,0
2026-05-23,670990,6,1,0,1.714,6.0,5,1
2026-05-23,671737,18,7,2,3.755658,18.0,9,0
2026-05-23,671936,2,0,0,0.96877,2.0,1,0
2026-05-23,673929,6,1,0,3.3680000000000003,6.0,5,1
2026-05-23,676617,6,2,1,0.845829,4.0,2,0
2026-05-23,676974,25,8,3,5.318257,25.0,13,0
2026-05-23,677053,4,0,0,1.698,4.0,4,0
2026-05-23,677865,3,0,0,1.292,2.0,3,0
2026-05-23,677944,22,5,1,5.863829,22.0,16,0
2026-05-23,678020,1,1,0,0.0,1.0,0,0
2026-05-23,678394,24,5,1,7.261829,24.0,18,0
2026-05-23,678906,21,6,3,5.042487,20.0,11,0
2026-05-23,680755,4,2,1,0.965829,4.0,1,0
2026-05-23,681217,1,1,0,0.0,1.0,0,0
2026-05-23,681517,24,8,2,9.652658,23.0,14,3
2026-05-23,681676,6,4,0,1.653,6.0,2,1
2026-05-23,681895,3,1,0,0.317,3.0,2,0
2026-05-23,681911,4,2,1,0.8808290000000001,4.0,1,0
2026-05-23,681982,5,0,1,1.436829,5.0,4,0
2026-05-23,683175,6,1,2,3.185658,6.0,3,1
2026-05-23,683742,12,1,3,4.543487,12.0,8,1
2026-05-23,684320,4,0,2,1.6466580000000002,4.0,2,0
2026-05-23,687911,4,1,0,1.562,4.0,3,0
2026-05-23,688107,21,4,4,6.538316,21.0,13,1
2026-05-23,688883,6,1,3,2.504487,6.0,2,0
2026-05-23,689147,3,2,0,0.0,2.0,0,0
2026-05-23,689266,10,3,0,1.725,10.0,7,1
2026-05-23,689546,5,1,2,1.458658,5.0,2,0
2026-05-23,694297,7,0,0,2.532,7.0,7,1
2026-05-23,694335,4,2,1,1.226829,4.0,1,0
2026-05-23,694973,24,2,1,9.636829,24.0,21,1
2026-05-23,695243,3,2,0,0.202,3.0,1,0
2026-05-23,695380,3,0,0,1.48,3.0,3,0
2026-05-23,695418,12,3,0,2.78777,12.0,8,0
2026-05-23,695534,22,1,1,9.837599,22.0,19,1
2026-05-23,696070,12,3,1,1.888829,11.0,8,0
2026-05-23,700669,3,1,1,1.0838290000000002,3.0,1,0
2026-05-23,700712,23,6,3,8.872487,23.0,14,2
2026-05-23,701719,3,0,0,1.28,3.0,3,0
2026-05-23,702193,6,0,3,3.186487,6.0,3,0
2026-05-23,702752,3,0,0,0.40700000000000003,3.0,3,0
2026-05-23,808963,21,4,2,6.6016580000000005,21.0,15,2
2026-05-23,820862,6,1,2,1.6186580000000002,6.0,3,0
2026-05-24,445276,6,0,2,3.465658,6.0,4,1
2026-05-24,471911,4,0,0,1.6887699999999999,4.0,3,0
2026-05-24,500779,10,0,0,5.074,10.0,10,2
2026-05-24,518585,5,0,1,1.128,4.0,4,0
2026-05-24,527048,22,2,2,8.248658,22.0,18,2
2026-05-24,543056,4,1,1,0.708829,4.0,2,0
2026-05-24,543243,19,4,2,5.9584280000000005,19.0,12,0
2026-05-24,544150,15,1,0,5.273000000000001,15.0,14,1
2026-05-24,548384,4,0,1,1.520829,4.0,3,0
2026-05-24,552640,2,0,1,0.7448290000000001,2.0,1,0
2026-05-24,573124,3,0,0,1.3439999999999999,3.0,3,1
2026-05-24,573204,5,1,1,1.191829,4.0,3,0
2026-05-24,592662,21,3,7,8.051803,20.0,11,1
2026-05-24,593974,6,2,1,1.265829,6.0,3,0
2026-05-24,594027,4,2,0,1.0350000000000001,4.0,2,0
2026-05-24,596001,8,4,0,1.275,8.0,4,0
2026-05-24,596133,3,1,0,0.41800000000000004,3.0,2,0
2026-05-24,605130,2,1,0,0.005,2.0,1,0
2026-05-24,607455,2,0,0,0.24500000000000002,2.0,2,0
2026-05-24,607625,27,3,2,11.533658,27.0,22,4
2026-05-24,608650,4,1,0,0.196,4.0,3,0
2026-05-24,621383,4,1,0,0.641,3.0,2,0
2026-05-24,622554,4,2,0,0.9129999999999999,4.0,2,0
2026-05-24,623211,3,0,0,0.757,3.0,3,0
2026-05-24,623454,9,4,2,2.313658,9.0,3,0
2026-05-24,625643,9,2,2,2.9216580000000003,9.0,5,0
2026-05-24,640448,5,0,1,2.9058289999999998,5.0,4,1
2026-05-24,641835,2,0,0,1.087,2.0,2,0
2026-05-24,641927,22,3,0,6.429,22.0,19,3
2026-05-24,642207,5,0,2,3.082829,3.0,3,1
2026-05-24,642397,5,1,1,1.446599,5.0,2,0
2026-05-24,643410,4,0,1,1.622829,4.0,3,0
2026-05-24,650556,4,0,1,1.483829,4.0,3,0
2026-05-24,650633,20,4,4,6.040316,19.0,11,1
2026-05-24,656302,19,8,1,6.491829,19.0,10,2
2026-05-24,656492,22,6,1,5.371599,22.0,14,1
2026-05-24,656605,25,5,3,7.717257,25.0,16,1
2026-05-24,656848,4,2,0,0.199,4.0,2,0
2026-05-24,656876,24,6,1,4.970829,24.0,17,1
2026-05-24,656945,3,2,0,0.048,3.0,1,0
2026-05-24,657424,4,0,0,1.27,4.0,4,1
2026-05-24,657514,3,2,0,0.193,3.0,1,0
2026-05-24,657612,5,2,1,1.657829,5.0,2,0
2026-05-24,663558,3,2,0,0.022,3.0,1,0
2026-05-24,663567,24,5,4,9.287086,24.0,14,1
2026-05-24,663687,3,1,2,1.395658,3.0,0,0
2026-05-24,663738,3,0,0,1.057,3.0,3,0
2026-05-24,663878,4,0,1,1.809829,4.0,3,0
2026-05-24,663947,4,2,0,0.493,4.0,2,0
2026-05-24,663969,16,4,2,3.895658,16.0,10,0
2026-05-24,663992,3,0,1,1.1968290000000001,3.0,2,0
2026-05-24,664126,4,1,1,1.769829,4.0,2,0
2026-05-24,664199,3,1,0,0.16,3.0,2,0
2026-05-24,664208,3,0,0,0.031,3.0,3,0
2026-05-24,664285,22,5,2,7.565658,22.0,15,1
2026-05-24,664954,3,0,0,0.9950000000000001,3.0,3,0
2026-05-24,665622,5,1,0,1.438,5.0,4,0
2026-05-24,667463,3,0,1,1.854599,3.0,1,0
2026-05-24,668674,7,1,0,2.261,7.0,6,0
2026-05-24,668873,3,3,0,0.0,3.0,0,0
2026-05-24,669022,21,7,2,5.162658,21.0,12,0
2026-05-24,669062,3,1,0,0.162,3.0,2,0
2026-05-24,669194,31,3,3,8.295487,31.0,25,0
2026-05-24,669211,7,1,2,2.128658,7.0,4,0
2026-05-24,669432,20,2,2,8.355658,20.0,16,2
2026-05-24,669622,4,0,1,2.114829,4.0,3,1
2026-05-24,669711,5,1,1,0.8828290000000001,5.0,3,0
2026-05-24,670059,2,0,1,1.002829,2.0,1,0
2026-05-24,670167,4,1,0,1.917,4.0,3,0
2026-05-24,670245,5,1,1,2.775829,5.0,3,0
2026-05-24,670990,3,0,1,0.903829,3.0,2,0
2026-05-24,671922,3,1,0,0.546,3.0,2,0
2026-05-24,672282,25,14,0,3.067,25.0,11,1
2026-05-24,672782,7,2,1,2.648599,7.0,3,0
2026-05-24,674841,6,1,1,2.254829,6.0,4,0
2026-05-24,675512,22,3,3,8.171486999999999,22.0,16,1
2026-05-24,675660,11,5,0,2.7390000000000003,11.0,6,1
2026-05-24,676477,3,1,0,1.502,3.0,2,0
2026-05-24,676534,6,1,0,1.514,6.0,5,0
2026-05-24,676684,3,1,0,0.521,3.0,2,0
2026-05-24,676760,11,2,1,2.529829,11.0,8,0
2026-05-24,676775,8,1,1,2.382829,7.0,5,0
2026-05-24,677960,26,4,3,5.728487,26.0,19,0
2026-05-24,678020,6,1,0,2.892,6.0,5,0
2026-05-24,678606,1,0,0,0.275,1.0,1,0
2026-05-24,679358,3,2,0,0.109,3.0,1,0
2026-05-24,680604,14,3,0,3.79277,14.0,10,0
2026-05-24,680742,4,1,0,2.0949999999999998,4.0,3,1
2026-05-24,680755,3,1,0,0.355,3.0,2,0
2026-05-24,681035,24,5,2,7.673428,24.0,16,0
2026-05-24,681402,4,0,0,1.544,4.0,4,0
2026-05-24,681799,3,1,0,0.396,3.0,2,0
2026-05-24,681867,8,0,0,1.8860000000000001,7.0,8,0
2026-05-24,682052,19,3,1,6.274829,19.0,15,0
2026-05-24,682120,4,1,1,2.226829,4.0,2,1
2026-05-24,682254,5,2,0,0.496,5.0,3,0
2026-05-24,683769,4,2,0,0.86,4.0,2,0
2026-05-24,684007,26,6,1,8.338599,26.0,18,2
2026-05-24,684320,4,1,0,0.97177,4.0,2,0
2026-05-24,685126,5,2,0,2.126,5.0,3,1
2026-05-24,686560,4,1,0,1.58477,4.0,2,0
2026-05-24,686993,4,1,0,1.176,4.0,3,1
2026-05-24,687064,28,4,2,7.958658,28.0,22,2
2026-05-24,687075,21,7,4,7.106086,21.0,9,0
2026-05-24,687330,5,0,1,2.9498290000000003,5.0,4,1
2026-05-24,687377,2,1,0,0.268,2.0,1,0
2026-05-24,689254,4,2,1,1.287829,4.0,1,0
2026-05-24,691725,24,3,2,6.135658,24.0,19,0
2026-05-24,691799,3,0,1,1.981829,3.0,2,1
2026-05-24,692230,8,0,2,2.501658,8.0,6,0
2026-05-24,693433,23,4,2,5.757829,22.0,17,0
2026-05-24,694361,3,2,0,0.116,3.0,1,0
2026-05-24,695380,7,1,2,2.4986580000000003,7.0,4,0
2026-05-24,695445,7,0,2,2.2876580000000004,7.0,5,0
2026-05-24,696147,6,2,1,1.673829,6.0,3,0
2026-05-24,699134,7,3,1,2.416829,7.0,3,0
2026-05-24,699823,7,1,0,1.008,7.0,6,0
2026-05-24,701519,1,0,0,0.625,1.0,1,0
2026-05-24,702273,20,1,1,8.152369,19.0,16,3
2026-05-24,800048,24,6,2,6.826658,24.0,16,0
2026-05-24,800311,1,1,0,0.0,1.0,0,0
2026-05-24,805123,8,0,1,3.293829,8.0,7,1
2026-05-24,808967,27,3,1,8.187599,27.0,22,0
2026-05-25,455119,5,0,1,1.898829,5.0,4,0
2026-05-25,518876,26,4,2,6.821658,26.0,20,2
2026-05-25,594580,3,3,0,0.0,3.0,0,0
2026-05-25,595014,1,1,0,0.0,1.0,0,0
2026-05-25,595345,4,1,1,0.7358290000000001,4.0,2,0
2026-05-25,608379,27,5,2,9.233658,27.0,20,1
2026-05-25,608650,5,1,0,0.436,4.0,4,0
2026-05-25,622088,3,0,0,1.683,3.0,3,0
2026-05-25,622491,17,6,2,3.9866580000000003,17.0,9,0
2026-05-25,622554,4,2,0,0.596,4.0,2,0
2026-05-25,641329,3,1,0,0.277,3.0,2,0
2026-05-25,641743,24,5,1,7.590599,24.0,17,2
2026-05-25,641745,4,1,1,0.697829,3.0,1,0
2026-05-25,641793,27,7,2,6.203658,27.0,18,0
2026-05-25,642397,3,1,0,0.23199999999999998,3.0,2,0
2026-05-25,642528,4,0,0,1.1079999999999999,4.0,4,0
2026-05-25,643511,5,0,1,2.0508290000000002,5.0,4,0
2026-05-25,650644,22,2,1,8.254829,22.0,19,2
2026-05-25,656234,4,1,1,2.777829,4.0,2,1
2026-05-25,656271,3,0,0,0.7489999999999999,3.0,3,0
2026-05-25,656288,24,5,3,9.464487,24.0,16,3
2026-05-25,656529,4,1,1,0.938,3.0,2,0
2026-05-25,657097,5,2,0,2.439,5.0,3,1
2026-05-25,657514,4,0,0,2.49077,4.0,3,1
2026-05-25,657612,2,1,0,0.064,2.0,1,0
2026-05-25,661395,4,1,0,1.487,4.0,3,1
2026-05-25,663423,5,0,0,2.747,5.0,5,1
2026-05-25,663542,4,0,0,1.3159999999999998,4.0,4,1
2026-05-25,663556,21,3,2,7.080428,21.0,15,1
2026-05-25,663738,3,1,0,0.314,3.0,2,0
2026-05-25,664059,3,0,0,0.83277,3.0,2,0
2026-05-25,664141,10,1,1,2.131829,10.0,8,0
2026-05-25,664991,3,1,0,0.9790000000000001,3.0,2,0
2026-05-25,666157,26,7,0,7.62054,24.0,16,1
2026-05-25,666200,24,6,2,5.929428,24.0,15,0
2026-05-25,666711,4,0,1,2.0228289999999998,4.0,3,0
2026-05-25,666974,1,1,0,0.0,1.0,0,0
2026-05-25,667463,4,0,0,1.107,4.0,4,0
2026-05-25,668674,6,0,0,1.707,6.0,6,0
2026-05-25,668933,3,2,0,0.163,3.0,1,0
2026-05-25,668964,4,3,0,0.385,4.0,1,0
2026-05-25,668984,7,2,0,2.026,7.0,5,0
2026-05-25,669093,1,1,0,0.0,1.0,0,0
2026-05-25,669165,4,1,0,2.327,4.0,3,1
2026-05-25,669199,5,3,0,0.472,5.0,2,0
2026-05-25,669270,1,1,0,0.0,1.0,0,0
2026-05-25,669330,7,3,0,2.685,7.0,4,1
2026-05-25,669387,22,2,3,7.903487,22.0,17,1
2026-05-25,669461,24,10,2,6.590658,22.0,10,1
2026-05-25,669947,9,1,0,6.088,9.0,8,2
2026-05-25,670036,7,1,0,1.9929999999999999,7.0,6,1
2026-05-25,670280,4,0,1,0.965829,4.0,3,0
2026-05-25,670329,9,1,2,2.162829,7.0,5,0
2026-05-25,671106,19,7,1,5.820829,19.0,11,2
2026-05-25,671936,3,1,0,0.8779999999999999,3.0,2,0
2026-05-25,673513,7,1,1,3.1718290000000002,7.0,5,1
2026-05-25,675848,5,0,2,1.599658,5.0,3,0
2026-05-25,676083,23,3,0,7.41,23.0,20,1
2026-05-25,676440,16,3,0,9.759,16.0,13,6
2026-05-25,676571,7,0,1,3.521829,7.0,6,1
2026-05-25,676879,6,1,0,1.798,6.0,5,1
2026-05-25,676962,24,7,2,8.212658,24.0,15,3
2026-05-25,677053,3,1,0,0.87077,3.0,1,0
2026-05-25,677955,2,0,0,1.028,2.0,2,0
2026-05-25,677958,22,5,2,5.7324280000000005,22.0,14,1
2026-05-25,678022,18,7,0,3.743,18.0,11,1
2026-05-25,680573,8,1,1,1.853829,8.0,6,0
2026-05-25,680694,25,3,2,8.527658,25.0,20,3
2026-05-25,681084,3,0,0,1.07,3.0,3,1
2026-05-25,681810,7,3,1,2.155829,7.0,3,0
2026-05-25,681911,3,0,0,0.865,3.0,3,0
2026-05-25,682243,18,4,0,4.614,18.0,14,1
2026-05-25,682608,14,2,0,4.81177,14.0,11,1
2026-05-25,685299,21,3,1,4.876829,21.0,17,1
2026-05-25,685801,4,0,2,1.920658,4.0,2,0
2026-05-25,686218,24,8,1,6.636599,24.0,14,0
2026-05-25,687396,3,0,0,0.076,3.0,3,0
2026-05-25,689147,3,2,0,0.118,3.0,1,0
2026-05-25,689254,1,1,0,0.0,1.0,0,0
2026-05-25,689296,5,0,0,3.209,5.0,5,1
2026-05-25,690997,19,6,2,7.930198,19.0,9,2
2026-05-25,691799,4,1,0,0.701,4.0,3,0
2026-05-25,693855,10,2,2,1.494,7.0,6,0
2026-05-25,694361,3,2,0,0.261,3.0,1,0
2026-05-25,694738,24,7,1,8.698829,24.0,16,1
2026-05-25,694819,24,12,1,3.4498290000000003,23.0,10,0
2026-05-25,695001,6,1,0,0.948,6.0,5,0
2026-05-25,696062,10,4,0,1.7200000000000002,10.0,6,0
2026-05-25,700327,3,0,0,0.541,3.0,3,0
2026-05-25,701542,24,3,3,7.227487,24.0,18,1
2026-05-25,702056,27,6,2,7.376658,27.0,19,1
2026-05-25,702752,9,3,1,1.384829,9.0,5,0
2026-05-25,802408,14,2,2,4.430658,14.0,10,0
2026-05-25,805299,3,1,0,0.7717700000000001,3.0,1,0
2026-05-25,805673,25,6,1,6.933599,25.0,17,2
2026-05-25,806188,4,1,1,1.1398290000000002,4.0,2,0
2026-05-25,837227,20,2,4,6.321316,20.0,14,1
2026-05-26,489446,4,1,1,1.007829,4.0,2,0
2026-05-26,500743,11,0,0,5.969,11.0,11,2
2026-05-26,518886,4,2,0,0.355,4.0,2,0
2026-05-26,542888,4,1,0,0.241,4.0,3,0
2026-05-26,543056,3,1,0,0.768,3.0,2,0
2026-05-26,552640,3,1,0,0.08,3.0,2,0
2026-05-26,571948,6,1,0,3.244,6.0,5,0
2026-05-26,572955,3,0,0,0.814,3.0,3,0
2026-05-26,573124,3,1,0,0.485,3.0,2,0
2026-05-26,593958,25,6,2,9.789658,25.0,17,2
2026-05-26,593974,6,0,2,2.314428,6.0,3,0
2026-05-26,594027,8,4,0,2.544,8.0,4,1
2026-05-26,594580,4,2,0,0.23600000000000002,4.0,2,0
2026-05-26,596001,3,0,0,0.735,3.0,3,0
2026-05-26,605400,21,5,0,4.753,21.0,16,1
2026-05-26,607455,3,1,0,0.735,2.0,1,0
2026-05-26,607536,22,4,0,12.90977,22.0,17,4
2026-05-26,621345,4,2,0,0.375,4.0,2,0
2026-05-26,621366,9,1,2,3.067658,9.0,6,0
2026-05-26,623149,4,1,0,0.9510000000000001,4.0,3,0
2026-05-26,624133,25,4,3,9.952257,25.0,17,2
2026-05-26,628452,7,1,0,2.391,7.0,6,1
2026-05-26,640455,14,6,2,2.471658,14.0,6,0
2026-05-26,641745,6,1,1,3.4738290000000003,6.0,4,1
2026-05-26,641778,22,4,1,6.930829,22.0,17,3
2026-05-26,641816,20,3,3,5.588487,20.0,14,0
2026-05-26,642100,4,1,0,1.50177,4.0,2,1
2026-05-26,642232,12,0,1,2.589829,12.0,11,0
2026-05-26,642546,7,3,1,1.121829,7.0,3,0
2026-05-26,642701,5,1,1,1.355829,5.0,3,0
2026-05-26,643377,11,3,0,2.536,11.0,8,0
2026-05-26,645261,31,4,1,14.453909,31.0,22,4
2026-05-26,656222,5,1,0,4.343,5.0,4,2
2026-05-26,656271,1,0,0,0.098,1.0,1,0
2026-05-26,656464,4,2,0,2.079,4.0,2,2
2026-05-26,656641,5,2,0,3.306,5.0,3,1
2026-05-26,656730,4,0,0,1.302,4.0,4,0
2026-05-26,656794,6,2,0,0.733,6.0,4,0
2026-05-26,656849,26,4,3,9.684487,26.0,19,1
2026-05-26,657746,30,9,0,7.4485399999999995,30.0,19,1
2026-05-26,660761,7,1,0,2.71077,7.0,5,0
2026-05-26,661395,3,2,0,0.047,3.0,1,0
2026-05-26,662253,5,1,0,1.4200000000000002,5.0,4,1
2026-05-26,663158,3,1,0,0.7969999999999999,3.0,2,0
2026-05-26,663542,3,2,0,0.549,3.0,1,0
2026-05-26,663559,16,0,0,9.588,16.0,16,3
2026-05-26,663574,3,0,0,0.6950000000000001,3.0,3,0
2026-05-26,663687,3,1,0,0.128,3.0,2,0
2026-05-26,663947,5,3,0,1.074,5.0,2,1
2026-05-26,664076,6,3,0,0.8690000000000001,6.0,3,0
2026-05-26,664954,4,0,0,1.187,4.0,4,0
2026-05-26,664991,4,0,0,1.892,4.0,4,0
2026-05-26,666661,5,1,1,1.561829,5.0,3,0
2026-05-26,669020,9,1,1,3.181829,9.0,7,1
2026-05-26,669062,5,2,1,2.736829,5.0,2,1
2026-05-26,669212,7,0,1,4.494829,7.0,6,1
2026-05-26,669276,5,1,0,0.907,5.0,4,1
2026-05-26,669358,29,9,2,7.836658,29.0,18,1
2026-05-26,669711,4,1,0,1.224,4.0,3,0
2026-05-26,669724,4,0,0,1.933,4.0,4,0
2026-05-26,669920,27,4,2,10.044428,27.0,20,3
2026-05-26,670059,3,1,0,0.933,3.0,2,1
2026-05-26,670970,3,1,0,1.312,3.0,2,0
2026-05-26,671936,2,0,0,0.591,2.0,2,0
2026-05-26,672456,26,7,1,8.255599,26.0,17,2
2026-05-26,672782,4,1,0,1.4569999999999999,4.0,3,0
2026-05-26,674444,8,4,1,3.196829,8.0,3,1
2026-05-26,675911,21,5,3,5.789487,21.0,13,1
2026-05-26,676051,8,0,1,4.101829,8.0,7,1
2026-05-26,676106,22,3,2,6.719428,22.0,16,1
2026-05-26,676282,13,1,4,6.503316,12.0,7,1
2026-05-26,676684,9,1,1,4.267829,9.0,7,2
2026-05-26,676775,5,1,0,1.484,5.0,4,0
2026-05-26,676917,25,7,2,6.606658,25.0,16,0
2026-05-26,677865,7,2,0,1.769,7.0,5,0
2026-05-26,677952,29,5,1,8.844369,29.0,21,1
2026-05-26,678606,4,0,0,0.656,4.0,4,0
2026-05-26,679883,17,1,2,5.874658,17.0,14,1
2026-05-26,680730,14,5,1,3.748599,14.0,7,0
2026-05-26,680732,25,8,2,5.135658,25.0,15,1
2026-05-26,680755,4,1,0,0.244,4.0,3,0
2026-05-26,681084,8,1,2,1.933658,8.0,5,0
2026-05-26,681190,26,2,1,14.024829,25.0,22,4
2026-05-26,681217,3,1,0,0.10300000000000001,3.0,2,0
2026-05-26,681676,5,3,1,2.557829,5.0,1,1
2026-05-26,681982,3,1,0,0.907,3.0,2,0
2026-05-26,682842,5,2,1,1.0738290000000001,5.0,2,0
2026-05-26,683004,26,4,3,9.787027,26.0,17,1
2026-05-26,684049,5,3,0,0.16,5.0,2,0
2026-05-26,684320,3,0,0,0.57,3.0,3,0
2026-05-26,686475,7,0,1,3.656829,7.0,6,1
2026-05-26,686799,20,4,2,6.055428,20.0,13,0
2026-05-26,686993,4,1,0,0.6479999999999999,4.0,3,0
2026-05-26,688642,14,1,1,7.013599,14.0,11,1
2026-05-26,689147,4,3,1,0.697829,4.0,0,0
2026-05-26,690155,3,1,0,0.626,3.0,2,0
2026-05-26,690986,23,2,0,7.5,23.0,21,0
2026-05-26,693645,22,6,0,4.92,22.0,16,1
2026-05-26,693686,17,3,1,3.643829,17.0,13,0
2026-05-26,694037,4,1,0,1.072,4.0,3,1
2026-05-26,694680,14,1,2,6.014658,14.0,11,1
2026-05-26,695505,22,8,2,6.154658,22.0,12,2
2026-05-26,695611,25,5,1,7.733599,25.0,18,0
2026-05-26,696136,24,5,1,8.945599,24.0,17,2
2026-05-26,699134,4,1,0,0.304,4.0,3,0
2026-05-26,699823,6,1,1,1.553829,6.0,4,0
2026-05-26,700241,22,6,3,6.9044870000000005,22.0,13,2
2026-05-26,700327,4,2,0,1.147,4.0,2,0
2026-05-26,702021,12,3,0,2.963,12.0,9,0
2026-05-26,702193,2,0,0,0.35200000000000004,2.0,2,0
2026-05-26,800311,3,0,1,1.274829,3.0,2,0
2026-05-26,805123,8,0,0,3.089,8.0,8,0
2026-05-26,806188,9,2,0,2.52,9.0,7,0
2026-05-26,815083,10,3,3,4.454487,10.0,4,1
2026-05-26,820862,4,3,0,0.054,4.0,1,0
2026-05-27,445276,3,0,1,1.481829,3.0,2,0
2026-05-27,455119,5,0,0,1.359,5.0,5,0
2026-05-27,471911,17,2,0,6.634,17.0,15,3
2026-05-27,518585,4,0,0,0.369,4.0,4,0
2026-05-27,543037,23,10,0,5.032,23.0,13,0
2026-05-27,548384,7,1,1,2.469599,7.0,4,1
2026-05-27,552640,4,3,1,0.697829,4.0,0,0
2026-05-27,571927,18,2,2,9.235658,18.0,14,1
2026-05-27,571945,17,1,0,4.495,17.0,16,0
2026-05-27,573204,4,1,0,0.8510000000000001,4.0,3,0
2026-05-27,592094,3,0,0,0.156,3.0,3,0
2026-05-27,592332,22,5,2,7.941428,22.0,14,0
2026-05-27,592791,21,4,2,7.749658,21.0,15,3
2026-05-27,594798,23,6,1,7.159829,23.0,16,1
2026-05-27,596133,5,1,0,1.4260000000000002,5.0,4,0
2026-05-27,605488,23,7,1,7.517829,23.0,15,1
2026-05-27,606115,5,0,2,2.055658,5.0,3,0
2026-05-27,608372,20,3,1,8.895829,20.0,16,2
2026-05-27,608718,12,2,0,3.194,12.0,10,0
2026-05-27,621111,18,2,0,6.15577,18.0,15,2
2026-05-27,621237,4,2,0,0.542,4.0,2,0
2026-05-27,622608,6,0,1,3.083829,6.0,5,1
2026-05-27,623149,3,1,0,0.523,3.0,2,0
2026-05-27,623211,5,2,1,0.938829,5.0,2,0
2026-05-27,623454,9,3,0,0.728,8.0,5,0
2026-05-27,640448,3,0,0,0.839,3.0,3,0
2026-05-27,641302,4,0,1,2.9828289999999997,3.0,3,1
2026-05-27,642207,6,3,3,2.093487,6.0,0,0
2026-05-27,642701,7,1,2,2.172428,7.0,3,0
2026-05-27,643511,3,0,0,0.196,3.0,3,0
2026-05-27,647336,22,3,0,4.09,22.0,19,1
2026-05-27,650911,27,9,0,7.676,27.0,18,2
2026-05-27,656464,3,0,0,0.347,3.0,3,0
2026-05-27,656546,4,2,0,1.239,4.0,2,0
2026-05-27,656638,2,0,0,0.554,2.0,2,0
2026-05-27,656730,4,1,0,0.534,4.0,3,0
2026-05-27,656848,5,0,2,1.823829,4.0,3,1
2026-05-27,656945,4,2,0,0.464,4.0,2,0
2026-05-27,657044,3,0,1,0.8498290000000001,3.0,2,0
2026-05-27,657097,3,3,0,0.0,3.0,0,0
2026-05-27,657424,3,1,0,0.429,3.0,2,0
2026-05-27,657514,4,0,0,0.22299999999999998,4.0,4,0
2026-05-27,657571,5,1,0,1.229,5.0,3,0
2026-05-27,660271,23,7,4,5.442086,23.0,11,0
2026-05-27,660761,5,0,0,2.957,5.0,5,0
2026-05-27,660825,4,1,0,0.23700000000000002,4.0,3,0
2026-05-27,660853,5,3,0,0.088,5.0,2,0
2026-05-27,663554,14,6,1,2.827829,14.0,7,1
2026-05-27,663992,5,0,1,4.031829,5.0,4,0
2026-05-27,664126,3,1,0,0.683,3.0,2,0
2026-05-27,664208,4,1,1,1.505829,4.0,2,0
2026-05-27,664875,10,3,2,4.284658,10.0,5,1
2026-05-27,665622,10,2,1,5.218829,10.0,7,1
2026-05-27,666808,3,0,0,0.429,3.0,3,0
2026-05-27,666974,3,0,0,1.3159999999999998,3.0,3,0
2026-05-27,667463,3,1,0,0.512,2.0,1,0
2026-05-27,667755,24,4,4,8.169316,24.0,16,2
2026-05-27,668873,6,1,0,0.431,6.0,5,0
2026-05-27,668909,26,4,2,8.091428,26.0,19,1
2026-05-27,668941,5,1,0,1.151,5.0,4,0
2026-05-27,668964,4,0,0,1.83,4.0,4,0
2026-05-27,669093,4,1,0,1.701,4.0,3,0
2026-05-27,669160,25,9,0,5.42877,25.0,14,1
2026-05-27,669165,3,1,0,0.517,3.0,2,0
2026-05-27,669169,19,2,0,9.108,19.0,17,2
2026-05-27,669211,5,0,0,1.851,5.0,5,0
2026-05-27,669270,6,0,1,2.244829,6.0,5,0
2026-05-27,669302,24,6,2,7.704658,24.0,16,1
2026-05-27,669724,2,0,1,0.806829,2.0,1,0
2026-05-27,670167,2,0,0,0.37,2.0,2,0
2026-05-27,670245,8,1,1,3.862829,8.0,6,0
2026-05-27,670950,3,0,0,0.7330000000000001,3.0,3,0
2026-05-27,670970,3,0,0,0.935,3.0,3,0
2026-05-27,670990,5,0,0,2.00877,5.0,4,0
2026-05-27,671096,24,4,1,10.496829,24.0,19,3
2026-05-27,671922,5,2,0,1.062,5.0,3,0
2026-05-27,675660,7,1,0,1.571,7.0,6,1
2026-05-27,676571,3,1,1,1.574829,3.0,1,0
2026-05-27,676760,4,0,0,1.647,4.0,4,2
2026-05-27,676879,7,2,1,2.172829,7.0,4,0
2026-05-27,677053,5,2,0,2.167,5.0,3,2
2026-05-27,679358,9,1,0,4.063,9.0,8,0
2026-05-27,680604,2,1,0,0.04,2.0,1,0
2026-05-27,680742,3,0,0,0.181,3.0,3,0
2026-05-27,681347,27,6,1,7.992829,27.0,20,2
2026-05-27,681402,3,0,0,1.229,3.0,3,0
2026-05-27,681799,4,0,1,1.0538290000000001,4.0,3,0
2026-05-27,681867,8,1,1,2.142829,8.0,6,0
2026-05-27,681895,4,1,1,1.578829,4.0,2,0
2026-05-27,682120,3,2,0,0.011,3.0,1,0
2026-05-27,683232,6,1,2,3.243658,6.0,3,0
2026-05-27,685126,8,1,0,2.545,8.0,7,1
2026-05-27,685801,4,1,0,1.033,4.0,3,0
2026-05-27,686560,7,2,2,1.709829,6.0,3,0
2026-05-27,686790,28,6,2,7.738428,28.0,19,0
2026-05-27,686973,4,1,0,0.8500000000000001,4.0,3,0
2026-05-27,687209,5,0,1,3.297829,5.0,4,0
2026-05-27,687377,4,0,0,1.334,4.0,4,0
2026-05-27,687570,23,5,3,7.418487,22.0,15,1
2026-05-27,687911,3,1,1,1.651829,3.0,1,1
2026-05-27,689254,3,0,0,1.47977,3.0,2,0
2026-05-27,689266,3,0,0,1.387,3.0,3,0
2026-05-27,689296,3,0,0,0.254,3.0,3,0
2026-05-27,689818,19,4,0,3.5309999999999997,19.0,15,1
2026-05-27,690925,4,0,1,1.725829,4.0,3,0
2026-05-27,691587,15,9,0,3.23877,15.0,5,0
2026-05-27,693821,20,1,1,7.728829,19.0,18,0
2026-05-27,694346,24,1,4,10.480316,24.0,19,2
2026-05-27,694361,3,0,0,0.791,3.0,3,0
2026-05-27,694477,17,4,1,6.3838289999999995,17.0,12,0
2026-05-27,696131,8,2,1,2.730829,8.0,5,1
2026-05-27,696149,24,5,2,8.747658,24.0,17,2
2026-05-27,701519,9,2,2,5.698658,9.0,5,2
2026-05-27,702070,20,4,1,5.5168289999999995,20.0,15,1
2026-05-27,804636,19,1,4,7.5263160000000005,18.0,13,1
2026-05-27,805299,1,1,0,0.0,1.0,0,0
2026-05-27,813349,28,7,3,9.050487,28.0,18,1
2026-05-28,519141,3,1,0,0.452,3.0,2,0
2026-05-28,519242,25,8,3,7.8142570000000005,23.0,12,0
2026-05-28,543056,3,0,2,1.736658,3.0,1,0
2026-05-28,543135,27,6,2,9.415658,27.0,19,3
2026-05-28,571578,21,4,1,6.728829,21.0,16,1
2026-05-28,571948,3,1,0,0.631,3.0,2,0
2026-05-28,573124,3,0,0,0.488,3.0,3,0
2026-05-28,573204,5,2,2,2.420658,5.0,1,1
2026-05-28,594027,2,0,0,0.231,2.0,2,0
2026-05-28,595345,3,0,0,0.74677,3.0,2,0
2026-05-28,605135,24,2,1,6.222599,23.0,19,1
2026-05-28,607067,23,5,3,7.667257,23.0,14,1
2026-05-28,607455,4,0,1,1.122829,3.0,2,0
2026-05-28,615698,7,1,0,1.438,7.0,6,0
2026-05-28,625643,7,0,0,2.912,7.0,7,0
2026-05-28,641755,4,1,0,0.657,4.0,3,0
2026-05-28,643511,4,1,0,1.201,4.0,3,0
2026-05-28,650556,3,2,0,0.065,3.0,1,0
2026-05-28,656427,24,9,1,5.172,23.0,14,1
2026-05-28,656546,4,2,0,0.6140000000000001,4.0,2,0
2026-05-28,660853,3,1,1,0.697829,3.0,1,0
2026-05-28,663423,6,0,0,1.393,6.0,6,0
2026-05-28,663436,22,5,2,4.228658,21.0,14,0
2026-05-28,663558,7,2,0,1.9360000000000002,7.0,5,1
2026-05-28,663878,4,2,1,0.697829,3.0,0,0
2026-05-28,664991,4,0,0,1.596,4.0,4,0
2026-05-28,666171,5,1,2,1.690658,5.0,2,0
2026-05-28,669711,5,0,1,2.859829,5.0,4,1
2026-05-28,669724,4,1,0,0.6659999999999999,3.0,2,0
2026-05-28,670245,5,1,0,3.781,5.0,4,2
2026-05-28,670990,6,1,1,1.890829,6.0,4,0
2026-05-28,672782,4,2,0,0.89,4.0,2,0
2026-05-28,673929,4,0,0,1.844,4.0,4,1
2026-05-28,676568,11,1,2,4.664658,11.0,8,1
2026-05-28,680570,19,5,2,4.566658,19.0,12,0
2026-05-28,680573,16,4,3,5.1464870000000005,16.0,9,0
2026-05-28,680755,2,1,0,0.127,2.0,1,0
2026-05-28,681293,23,3,1,7.232369,23.0,17,1
2026-05-28,682254,5,2,0,0.475,5.0,3,0
2026-05-28,684049,8,1,2,4.977658,8.0,5,1
2026-05-28,686973,5,0,0,0.46,4.0,4,0
2026-05-28,687721,3,1,1,1.143829,3.0,1,0
2026-05-28,689266,3,2,0,0.003,3.0,1,0
2026-05-28,689296,7,2,3,2.349658,5.0,2,1
2026-05-28,691799,4,1,0,1.083,4.0,3,0
2026-05-28,694973,23,10,3,3.953487,23.0,10,0
2026-05-28,696147,6,1,2,2.0136580000000004,6.0,3,0
2026-05-28,699823,5,2,0,0.998,5.0,3,0
2026-05-28,701519,3,1,0,0.32399999999999995,3.0,2,0
2026-05-28,702193,6,3,0,1.1869999999999998,6.0,3,0
2026-05-28,801139,21,7,2,5.0006580000000005,21.0,12,0
2026-05-28,805427,1,1,0,0.0,1.0,0,0
2026-05-28,820862,3,1,1,0.933829,3.0,1,0
2026-05-29,518585,1,0,0,0.204,1.0,1,0
2026-05-29,542888,2,1,0,0.058,2.0,1,0
2026-05-29,547179,18,2,2,6.380658,18.0,14,0
2026-05-29,548384,1,1,0,0.0,1.0,0,0
2026-05-29,554430,23,4,1,6.538829,23.0,18,2
2026-05-29,571948,1,0,0,0.04,1.0,1,0
2026-05-29,573124,3,1,0,2.35,3.0,2,1
2026-05-29,592094,3,0,0,1.23,3.0,3,0
2026-05-29,592773,4,1,0,1.26,4.0,3,0
2026-05-29,595345,6,1,0,2.33277,6.0,4,0
2026-05-29,596133,5,0,0,1.1800000000000002,5.0,5,0
2026-05-29,605130,5,0,1,3.007829,5.0,4,2
2026-05-29,607074,23,3,2,6.695658,22.0,17,1
2026-05-29,607200,19,3,3,5.532487,19.0,13,0
2026-05-29,607259,27,5,0,7.552,27.0,22,1
2026-05-29,607455,4,1,2,1.861658,4.0,1,0
2026-05-29,608337,16,1,4,7.059316,16.0,11,1
2026-05-29,608718,8,2,0,1.4900000000000002,7.0,6,0
2026-05-29,608723,19,0,4,9.984316,19.0,15,4
2026-05-29,621112,9,1,1,2.463829,9.0,7,0
2026-05-29,621345,3,2,0,0.17,3.0,1,0
2026-05-29,622554,3,1,0,0.142,3.0,2,0
2026-05-29,622663,7,1,0,1.7530000000000001,7.0,6,0
2026-05-29,623211,5,0,1,0.8688290000000001,5.0,4,0
2026-05-29,623454,3,1,0,1.08,3.0,2,1
2026-05-29,624522,4,1,0,0.11699999999999999,3.0,3,0
2026-05-29,628708,6,1,1,2.80377,5.0,3,0
2026-05-29,640448,5,0,0,1.671,4.0,5,0
2026-05-29,641302,1,0,0,0.253,1.0,1,0
2026-05-29,641329,6,2,2,1.7776580000000002,6.0,2,0
2026-05-29,641755,4,1,0,0.727,4.0,3,0
2026-05-29,641835,7,1,0,1.475,7.0,6,1
2026-05-29,642100,1,1,0,0.0,1.0,0,0
2026-05-29,642397,3,1,0,0.289,3.0,2,0
2026-05-29,642528,3,1,0,0.32799999999999996,3.0,2,0
2026-05-29,642547,22,5,1,8.322829,22.0,16,1
2026-05-29,643410,4,1,0,1.091,4.0,3,0
2026-05-29,650556,3,0,2,1.416658,3.0,1,0
2026-05-29,656222,4,0,0,1.26,4.0,4,0
2026-05-29,656550,21,5,1,7.434829000000001,20.0,14,2
2026-05-29,656730,3,2,0,0.008,3.0,1,0
2026-05-29,656794,8,3,1,1.816829,8.0,4,0
2026-05-29,656848,3,1,0,0.11800000000000001,3.0,2,0
2026-05-29,656945,3,1,0,0.21500000000000002,3.0,2,0
2026-05-29,657277,20,5,3,5.371257,20.0,11,0
2026-05-29,657424,3,0,0,1.167,3.0,3,0
2026-05-29,657571,6,3,0,1.197,6.0,3,0
2026-05-29,657756,5,1,0,0.621,5.0,4,0
2026-05-29,660761,6,1,0,2.595,6.0,5,0
2026-05-29,660825,6,0,1,2.767829,6.0,5,1
2026-05-29,662253,7,1,0,2.48177,7.0,5,0
2026-05-29,663158,4,1,0,0.8769999999999999,4.0,3,0
2026-05-29,663542,3,1,0,0.124,2.0,2,0
2026-05-29,663568,23,5,1,7.192829000000001,23.0,17,2
2026-05-29,663687,4,1,0,0.5690000000000001,4.0,3,0
2026-05-29,663978,22,0,3,9.862487,21.0,18,2
2026-05-29,664126,2,0,0,0.715,2.0,2,0
2026-05-29,664199,1,0,0,0.554,1.0,1,0
2026-05-29,664208,5,1,0,1.964,5.0,4,0
2026-05-29,665622,5,2,1,1.040829,5.0,2,0
2026-05-29,666171,5,0,1,4.313829,5.0,4,2
2026-05-29,666277,3,1,0,0.492,3.0,2,0
2026-05-29,666374,6,1,2,2.358658,6.0,3,0
2026-05-29,666661,3,1,1,0.408,2.0,1,0
2026-05-29,666711,3,1,0,0.7210000000000001,3.0,2,0
2026-05-29,666974,4,0,0,1.7000000000000002,4.0,4,1
2026-05-29,668678,21,2,1,9.573829,21.0,18,4
2026-05-29,668873,7,1,0,4.197,7.0,6,2
2026-05-29,668941,3,2,0,0.662,3.0,1,0
2026-05-29,668964,5,0,0,1.994,4.0,4,1
2026-05-29,669022,24,3,1,8.731599000000001,24.0,19,1
2026-05-29,669062,4,1,0,0.536,4.0,3,0
2026-05-29,669084,7,3,2,1.712658,6.0,1,0
2026-05-29,669093,5,2,0,0.86,5.0,3,0
2026-05-29,669211,2,0,0,0.8180000000000001,2.0,2,0
2026-05-29,669212,6,2,0,1.51177,6.0,3,0
2026-05-29,669270,8,0,0,2.847,8.0,8,1
2026-05-29,669276,3,3,0,0.0,3.0,0,0
2026-05-29,669330,3,1,0,0.449,3.0,2,0
2026-05-29,669371,10,2,1,4.272599,10.0,5,1
2026-05-29,669432,24,3,1,8.501829,24.0,20,2
2026-05-29,669467,18,3,1,6.538829,18.0,14,1
2026-05-29,669622,3,1,0,0.621,3.0,2,0
2026-05-29,669923,22,4,1,7.052829,22.0,17,1
2026-05-29,670059,4,1,0,0.859,4.0,3,0
2026-05-29,670329,4,1,0,1.286,4.0,3,0
2026-05-29,670970,4,2,0,0.387,4.0,2,0
2026-05-29,671737,19,6,2,6.674658,19.0,11,1
2026-05-29,671922,4,3,0,0.917,4.0,1,0
2026-05-29,671936,7,1,0,2.978,7.0,6,0
2026-05-29,672021,4,2,0,0.688,4.0,2,0
2026-05-29,672782,3,1,1,1.210829,3.0,1,0
2026-05-29,673513,8,1,0,1.80277,8.0,6,0
2026-05-29,674444,5,1,1,1.439829,5.0,3,0
2026-05-29,674841,15,1,2,5.892658,15.0,12,0
2026-05-29,675512,28,1,1,9.107829,28.0,26,1
2026-05-29,675848,7,0,0,3.54077,7.0,6,1
2026-05-29,676534,2,0,0,0.596,2.0,2,0
2026-05-29,676617,4,0,0,2.279,4.0,4,1
2026-05-29,676684,3,1,0,0.367,3.0,2,0
2026-05-29,676775,6,0,0,3.759,6.0,6,1
2026-05-29,676879,4,2,0,0.802,4.0,2,0
2026-05-29,676974,27,6,3,8.805487000000001,26.0,17,2
2026-05-29,677865,5,1,0,1.5087700000000002,5.0,3,0
2026-05-29,677944,19,3,0,5.236,19.0,16,0
2026-05-29,677955,5,2,0,0.6679999999999999,5.0,3,0
2026-05-29,678020,6,2,0,2.127,6.0,4,0
2026-05-29,678394,24,5,0,6.764,24.0,19,0
2026-05-29,678606,3,0,0,0.726,3.0,3,0
2026-05-29,678906,22,7,4,6.589316,22.0,11,1
2026-05-29,679358,6,3,0,1.4589999999999999,6.0,3,0
2026-05-29,680730,9,1,0,3.758,9.0,8,2
2026-05-29,680736,23,9,0,4.914,23.0,14,1
2026-05-29,680755,4,0,0,0.963,4.0,4,0
2026-05-29,681799,6,2,0,1.711,6.0,4,0
2026-05-29,681810,3,1,0,0.817,3.0,2,0
2026-05-29,681867,3,0,0,0.547,3.0,3,0
2026-05-29,681895,2,1,0,0.044,2.0,1,0
2026-05-29,681911,1,1,0,0.0,1.0,0,0
2026-05-29,681982,3,0,0,0.043000000000000003,3.0,3,0
2026-05-29,682120,3,0,0,0.598,3.0,3,0
2026-05-29,682842,6,1,1,0.56,4.0,4,0
2026-05-29,683003,21,6,2,8.111658,21.0,13,1
2026-05-29,683618,4,0,0,1.965,4.0,4,1
2026-05-29,683769,5,0,0,1.797,5.0,5,0
2026-05-29,684007,23,2,1,10.070369,23.0,18,4
2026-05-29,685126,4,1,0,0.5439999999999999,4.0,3,0
2026-05-29,685801,3,0,2,2.128658,3.0,1,1
2026-05-29,686560,6,2,2,2.218658,6.0,2,0
2026-05-29,686993,3,0,0,0.752,3.0,3,0
2026-05-29,687209,8,1,0,1.242,7.0,6,0
2026-05-29,687330,3,1,0,0.184,3.0,2,0
2026-05-29,687377,3,0,0,0.377,3.0,3,0
2026-05-29,687396,4,0,1,2.105829,4.0,3,0
2026-05-29,687606,6,1,1,2.521829,6.0,4,0
2026-05-29,687911,6,0,0,1.492,6.0,6,0
2026-05-29,689254,4,1,0,0.627,4.0,3,0
2026-05-29,689441,18,1,2,8.723658,18.0,15,3
2026-05-29,689520,4,1,0,0.42100000000000004,4.0,3,0
2026-05-29,694297,8,3,0,3.234,8.0,5,2
2026-05-29,695001,3,1,0,0.35000000000000003,3.0,2,0
2026-05-29,695243,6,2,2,2.129658,6.0,2,0
2026-05-29,696062,10,4,0,1.209,10.0,6,0
2026-05-29,700327,3,0,1,1.6468289999999999,3.0,2,0
2026-05-29,700669,3,0,0,0.908,3.0,3,0
2026-05-29,700712,26,5,3,7.211257,26.0,17,0
2026-05-29,701719,9,2,0,3.366,9.0,7,0
2026-05-29,800311,5,1,0,1.289,5.0,4,0
2026-05-29,805299,4,2,0,0.478,4.0,2,0
2026-05-29,806188,3,1,1,1.590829,3.0,1,0
2026-05-30,455119,5,0,1,1.894829,5.0,4,1
2026-05-30,519141,5,1,2,1.900658,5.0,2,0
2026-05-30,527048,20,2,3,8.077487,19.0,14,1
2026-05-30,542888,5,1,0,1.8739999999999999,5.0,4,0
2026-05-30,543056,3,1,0,0.194,3.0,2,0
2026-05-30,543243,24,7,3,7.704487,24.0,14,1
2026-05-30,544150,5,0,1,1.830829,5.0,4,0
2026-05-30,593974,6,0,1,1.9248290000000001,6.0,5,0
2026-05-30,594027,3,1,0,0.56,3.0,2,0
2026-05-30,594580,1,1,0,0.0,1.0,0,0
2026-05-30,595014,3,2,0,0.003,3.0,1,0
2026-05-30,596001,5,2,0,1.813,5.0,3,0
2026-05-30,605130,4,0,3,2.258487,4.0,1,0
2026-05-30,605288,22,4,2,8.708428,22.0,15,1
2026-05-30,607625,26,6,0,6.57077,25.0,19,1
2026-05-30,621237,2,0,0,0.484,2.0,2,0
2026-05-30,621366,10,0,0,3.0789999999999997,10.0,10,1
2026-05-30,622088,5,0,1,2.224829,5.0,4,0
2026-05-30,622554,3,1,0,0.376,3.0,2,0
2026-05-30,623211,3,3,0,0.0,3.0,0,0
2026-05-30,628452,3,1,0,0.677,2.0,1,1
2026-05-30,641302,4,1,0,0.732,4.0,3,0
2026-05-30,641743,22,3,1,7.751829,22.0,18,2
2026-05-30,641745,3,1,0,0.063,3.0,2,0
2026-05-30,641755,3,1,0,0.609,3.0,2,0
2026-05-30,641927,27,3,1,13.127829,27.0,22,3
2026-05-30,642121,4,1,0,2.054,4.0,3,1
2026-05-30,642207,3,1,0,0.256,3.0,2,0
2026-05-30,642397,5,0,1,2.8728290000000003,5.0,4,1
2026-05-30,642701,2,2,0,0.0,2.0,0,0
2026-05-30,643511,3,0,0,0.315,3.0,3,0
2026-05-30,650633,25,2,1,10.732599,25.0,21,3
2026-05-30,656234,5,1,0,2.39977,5.0,3,0
2026-05-30,656271,4,1,0,1.8290000000000002,4.0,3,1
2026-05-30,656492,21,5,2,9.113428,21.0,13,3
2026-05-30,656529,8,1,2,4.778658,8.0,5,1
2026-05-30,656546,7,1,2,4.313428,7.0,3,0
2026-05-30,656605,23,5,1,8.588829,23.0,17,2
2026-05-30,656638,3,1,0,0.846,3.0,2,0
2026-05-30,656876,18,4,2,6.199658,18.0,12,1
2026-05-30,656945,6,0,0,3.0060000000000002,6.0,6,1
2026-05-30,657044,6,0,0,1.72,6.0,6,0
2026-05-30,657097,4,1,1,0.800829,4.0,2,0
2026-05-30,657514,4,1,0,1.145,4.0,3,1
2026-05-30,657756,2,0,1,1.2638289999999999,2.0,1,0
2026-05-30,661395,3,0,0,0.9750000000000001,3.0,3,0
2026-05-30,663158,3,0,0,0.44899999999999995,3.0,3,0
2026-05-30,663372,20,2,0,7.401,20.0,18,1
2026-05-30,663567,22,3,3,7.172487,22.0,16,0
2026-05-30,663574,3,1,0,0.063,2.0,1,0
2026-05-30,663687,5,2,1,1.302829,5.0,2,0
2026-05-30,663738,5,0,1,2.290829,5.0,4,0
2026-05-30,663765,2,1,0,0.77,2.0,1,1
2026-05-30,663903,22,2,4,9.386316,19.0,13,2
2026-05-30,663969,21,2,1,7.3868290000000005,20.0,18,1
2026-05-30,664076,3,0,0,0.311,3.0,3,0
2026-05-30,664141,3,2,0,1.077,3.0,1,1
2026-05-30,664199,4,0,0,1.166,4.0,4,0
2026-05-30,664285,27,4,2,8.547658,27.0,21,2
2026-05-30,666200,25,6,2,7.071658,25.0,17,2
2026-05-30,666808,1,0,0,0.061,1.0,1,0
2026-05-30,668674,5,0,0,2.7560000000000002,5.0,5,1
2026-05-30,668984,5,0,0,2.028,5.0,5,2
2026-05-30,669165,3,1,0,0.212,3.0,2,0
2026-05-30,669194,24,3,0,12.51477,24.0,20,5
2026-05-30,669199,11,2,1,5.143829,11.0,8,1
2026-05-30,669211,5,1,1,1.524829,5.0,3,0
2026-05-30,669276,4,1,0,1.154,4.0,3,0
2026-05-30,669372,24,4,3,8.298487,24.0,17,1
2026-05-30,670036,4,2,1,2.305829,4.0,1,1
2026-05-30,670167,2,0,0,0.064,2.0,2,0
2026-05-30,670950,4,1,0,0.9760000000000001,4.0,3,0
2026-05-30,670990,3,1,0,0.17,3.0,2,0
2026-05-30,672282,23,7,3,6.462487,23.0,13,2
2026-05-30,672335,3,1,0,0.602,3.0,2,0
2026-05-30,676051,7,1,0,1.7627700000000002,7.0,5,0
2026-05-30,676962,23,6,1,6.312829,22.0,15,2
2026-05-30,677865,3,0,0,2.07577,3.0,2,0
2026-05-30,677958,24,2,3,8.414487,24.0,19,2
2026-05-30,677960,29,10,3,10.413487,29.0,16,3
2026-05-30,678022,5,2,2,2.115658,5.0,1,0
2026-05-30,680604,10,2,0,5.168,10.0,8,3
2026-05-30,680689,3,1,0,1.857,2.0,1,1
2026-05-30,681035,21,8,2,6.880658,21.0,11,2
2026-05-30,681217,4,1,0,0.42100000000000004,4.0,3,0
2026-05-30,681402,6,1,3,2.638487,6.0,2,0
2026-05-30,681517,21,4,0,7.4247700000000005,21.0,16,1
2026-05-30,681676,6,1,2,2.195658,6.0,3,0
2026-05-30,681806,11,1,2,5.697198,11.0,6,1
2026-05-30,681810,5,2,1,1.197829,5.0,2,0
2026-05-30,681867,4,0,0,0.871,4.0,4,0
2026-05-30,681892,8,0,2,2.6426580000000004,8.0,6,0
2026-05-30,681895,5,2,1,0.789829,5.0,2,0
2026-05-30,681911,3,1,1,0.7298290000000001,3.0,1,0
2026-05-30,682254,6,0,2,2.317658,6.0,4,0
2026-05-30,682608,4,2,0,0.844,4.0,2,0
2026-05-30,684320,4,1,1,2.048829,4.0,2,0
2026-05-30,686580,6,2,1,1.9328290000000001,6.0,3,0
2026-05-30,686973,3,1,0,1.307,3.0,2,1
2026-05-30,686993,3,0,0,0.45099999999999996,3.0,3,0
2026-05-30,687064,27,7,1,8.953599,27.0,18,1
2026-05-30,687075,21,4,0,8.96054,21.0,15,3
2026-05-30,687531,3,0,0,0.324,3.0,3,0
2026-05-30,689147,5,2,0,1.741,5.0,3,0
2026-05-30,689225,7,3,0,3.632,7.0,4,2
2026-05-30,689296,3,1,0,1.476,3.0,2,0
2026-05-30,690155,10,0,1,4.1818290000000005,10.0,8,0
2026-05-30,690925,6,1,2,1.617658,6.0,3,0
2026-05-30,691799,6,4,0,0.459,6.0,2,0
2026-05-30,692230,17,3,2,6.224658,17.0,12,1
2026-05-30,693433,23,9,0,3.774,23.0,14,0
2026-05-30,693855,5,1,2,1.702658,5.0,2,0
2026-05-30,694037,4,0,0,1.872,4.0,4,0
2026-05-30,695380,4,0,1,1.366829,4.0,3,0
2026-05-30,695418,6,2,1,1.4048289999999999,6.0,3,0
2026-05-30,696147,5,1,1,1.388829,5.0,3,0
2026-05-30,699134,6,2,1,1.4888290000000002,6.0,3,0
2026-05-30,700669,7,2,0,3.6530000000000005,7.0,5,2
2026-05-30,701121,3,2,0,0.007,3.0,1,0
2026-05-30,702021,9,2,2,4.000428,9.0,4,0
2026-05-30,702056,21,4,7,8.290803,20.0,10,0
2026-05-30,800048,22,4,2,6.439829,21.0,16,1
2026-05-30,804619,10,1,3,4.432487,10.0,6,1
2026-05-30,805123,10,4,0,1.2810000000000001,10.0,6,0
2026-05-30,808963,20,7,1,4.191829,20.0,12,1
2026-05-30,820862,4,1,2,1.433658,4.0,1,0
2026-05-31,518585,5,0,0,2.785,5.0,5,1
2026-05-31,518876,27,2,2,11.401428,27.0,21,2
2026-05-31,519141,5,1,2,1.8726580000000002,5.0,2,0
2026-05-31,547184,10,2,2,5.557658,10.0,6,1
2026-05-31,547973,4,2,0,0.5569999999999999,4.0,2,0
2026-05-31,592094,4,1,0,0.8380000000000001,4.0,3,0
2026-05-31,592662,19,6,2,5.293658,19.0,11,2
2026-05-31,594027,3,1,0,1.387,3.0,2,1
2026-05-31,594580,2,0,1,0.914829,2.0,1,0
2026-05-31,608379,26,5,4,7.358487,24.0,17,0
2026-05-31,608718,3,0,0,0.579,3.0,3,0
2026-05-31,621383,9,2,1,3.391829,9.0,6,1
2026-05-31,622491,20,3,2,5.172658,18.0,15,1
2026-05-31,623454,6,0,0,3.1590000000000003,6.0,6,1
2026-05-31,624133,25,10,2,8.241428,25.0,12,0
2026-05-31,624522,10,2,0,4.684,10.0,8,1
2026-05-31,625643,4,2,0,0.46,4.0,2,0
2026-05-31,641329,4,1,0,1.049,4.0,3,0
2026-05-31,641793,25,5,2,6.138658,24.0,17,0
2026-05-31,642528,3,0,1,0.142,1.0,2,0
2026-05-31,642546,8,1,0,2.796,8.0,7,1
2026-05-31,643410,3,0,1,0.808829,3.0,2,0
2026-05-31,656222,5,0,0,1.954,4.0,5,0
2026-05-31,656271,4,1,0,0.591,3.0,2,0
2026-05-31,656288,21,3,2,8.325658,21.0,16,2
2026-05-31,656464,2,2,0,0.0,2.0,0,0
2026-05-31,656641,4,1,0,0.462,4.0,3,0
2026-05-31,656730,3,2,0,0.064,3.0,1,0
2026-05-31,656849,15,3,1,3.290829,15.0,11,1
2026-05-31,657514,5,1,1,1.393829,5.0,3,0
2026-05-31,657612,8,0,1,6.342599,8.0,6,2
2026-05-31,660761,3,1,0,0.29400000000000004,3.0,2,0
2026-05-31,663423,7,1,1,1.101829,6.0,5,0
2026-05-31,663542,5,1,0,0.587,5.0,4,0
2026-05-31,663556,19,3,0,5.826,19.0,16,2
2026-05-31,663558,5,1,0,0.272,5.0,4,0
2026-05-31,663574,5,0,1,2.4178290000000002,5.0,4,0
2026-05-31,663767,7,2,0,2.3970000000000002,7.0,5,1
2026-05-31,663878,3,0,0,0.991,3.0,3,0
2026-05-31,663941,7,0,1,3.253829,7.0,6,1
2026-05-31,664141,5,1,0,1.042,5.0,4,0
2026-05-31,664208,3,1,0,0.249,3.0,2,0
2026-05-31,664954,9,1,0,3.471,9.0,8,1
2026-05-31,665622,6,4,0,0.06,5.0,1,0
2026-05-31,666157,29,4,4,11.040316,27.0,19,2
2026-05-31,666661,8,5,1,1.898829,8.0,2,0
2026-05-31,666711,8,1,1,1.265829,8.0,6,0
2026-05-31,667463,7,2,0,3.483,7.0,5,2
2026-05-31,668873,4,2,1,0.957829,4.0,1,0
2026-05-31,668984,7,1,0,1.7839999999999998,7.0,6,1
2026-05-31,669020,8,0,3,4.100487,8.0,5,0
2026-05-31,669093,3,0,1,1.171829,3.0,2,0
2026-05-31,669212,5,1,0,1.70077,5.0,3,0
2026-05-31,669330,8,0,1,5.5278290000000005,8.0,7,1
2026-05-31,669461,20,4,1,5.295829,20.0,15,1
2026-05-31,669622,5,1,0,1.616,5.0,4,1
2026-05-31,669684,5,0,3,2.7734870000000003,5.0,2,0
2026-05-31,669711,4,1,0,0.5880000000000001,4.0,3,0
2026-05-31,669724,3,0,0,1.183,3.0,3,0
2026-05-31,670059,3,0,1,1.130829,3.0,2,0
2026-05-31,670280,5,1,1,1.102829,5.0,3,0
2026-05-31,670329,3,0,0,0.367,3.0,3,0
2026-05-31,670970,3,0,0,0.518,3.0,3,0
2026-05-31,671936,7,1,0,0.973,7.0,6,0
2026-05-31,672456,20,4,0,2.98,20.0,16,0
2026-05-31,673513,3,1,0,0.573,3.0,2,0
2026-05-31,674444,4,1,1,1.786829,4.0,2,0
2026-05-31,675848,5,1,1,1.901829,5.0,3,0
2026-05-31,675911,24,8,2,7.2906580000000005,24.0,14,2
2026-05-31,676051,3,0,0,1.5390000000000001,3.0,3,0
2026-05-31,676440,24,5,1,9.054829,24.0,18,3
2026-05-31,676510,6,0,2,2.545658,6.0,4,0
2026-05-31,676534,6,2,2,2.205658,6.0,2,0
2026-05-31,676742,3,1,0,0.11000000000000001,3.0,2,0
2026-05-31,677952,22,11,0,3.564,22.0,11,1
2026-05-31,678022,7,0,0,0.5409999999999999,7.0,7,0
2026-05-31,680694,27,4,3,7.027487,27.0,20,1
2026-05-31,680732,21,6,2,4.384658,20.0,12,0
2026-05-31,681799,6,2,0,1.943,6.0,4,0
2026-05-31,682052,13,3,2,3.7206580000000002,13.0,8,0
2026-05-31,682120,4,1,2,2.261658,4.0,1,0
2026-05-31,682243,17,6,1,2.980829,17.0,10,0
2026-05-31,682608,2,1,0,0.0,1.0,0,0
2026-05-31,682842,3,1,0,0.22799999999999998,3.0,2,0
2026-05-31,683004,23,10,2,5.869658,23.0,11,1
2026-05-31,683618,4,1,1,1.3098290000000001,4.0,2,0
2026-05-31,684049,7,2,0,1.074,7.0,5,1
2026-05-31,684320,4,0,0,1.7080000000000002,4.0,4,1
2026-05-31,685126,1,1,0,0.0,1.0,0,0
2026-05-31,685299,17,2,1,6.492599,16.0,12,1
2026-05-31,686560,6,0,2,4.148428,6.0,3,1
2026-05-31,686799,16,1,4,7.377316,16.0,11,1
2026-05-31,687330,6,1,0,1.733,6.0,5,0
2026-05-31,687377,6,2,1,2.291829,6.0,3,1
2026-05-31,687531,6,3,0,1.823,6.0,3,0
2026-05-31,687985,8,1,4,5.541086,8.0,2,1
2026-05-31,688642,11,2,1,6.556,10.0,8,3
2026-05-31,689254,3,3,0,0.0,3.0,0,0
2026-05-31,689266,4,1,0,1.3479999999999999,4.0,3,1
2026-05-31,690925,3,1,0,0.352,3.0,2,0
2026-05-31,690928,15,4,0,6.27,15.0,11,3
2026-05-31,690997,23,2,5,8.304915,23.0,15,1
2026-05-31,691594,3,0,0,1.701,3.0,3,1
2026-05-31,691725,18,3,1,8.421829,18.0,14,3
2026-05-31,693686,17,2,3,7.782487,16.0,12,2
2026-05-31,694361,3,0,1,1.010829,3.0,2,0
2026-05-31,694819,25,8,0,6.40677,25.0,16,1
2026-05-31,695001,6,2,0,0.47400000000000003,6.0,4,0
2026-05-31,696131,3,1,0,0.8340000000000001,3.0,2,0
2026-05-31,696136,10,1,0,2.4219999999999997,10.0,9,0
2026-05-31,696522,7,0,2,3.383658,7.0,5,1
2026-05-31,699823,2,0,0,0.474,2.0,2,0
2026-05-31,701542,27,5,3,9.038487,27.0,19,2
2026-05-31,702021,8,3,0,2.315,8.0,5,0
2026-05-31,702474,17,3,3,6.119487,17.0,10,0
2026-05-31,800311,5,2,1,1.257829,5.0,2,0
2026-05-31,805299,3,0,0,0.574,3.0,3,0
2026-05-31,805673,22,7,2,7.545428,22.0,12,4
2026-05-31,806188,5,1,0,0.627,5.0,4,0
2026-05-31,808967,22,10,2,5.187428,22.0,9,0
2026-05-31,815083,17,4,3,4.251487,17.0,10,0
2026-05-31,837227,23,5,2,6.541658,22.0,16,1
2026-06-01,489446,5,0,0,2.561,5.0,5,0
2026-06-01,548384,4,1,0,1.7670000000000001,4.0,3,0
2026-06-01,592773,3,1,0,0.86477,3.0,1,0
2026-06-01,593958,24,3,1,8.675829,24.0,20,2
2026-06-01,594798,21,8,1,5.5358290000000006,21.0,12,1
2026-06-01,596001,3,1,0,0.16999999999999998,3.0,2,0
2026-06-01,596133,4,1,0,0.935,4.0,3,0
2026-06-01,605335,30,3,3,11.792658,27.0,22,4
2026-06-01,607536,28,4,1,9.051829,28.0,23,3
2026-06-01,608718,1,0,0,0.082,1.0,1,0
2026-06-01,621345,2,1,0,0.805,2.0,1,0
2026-06-01,622608,6,0,1,1.898829,6.0,5,0
2026-06-01,623149,3,0,0,0.41700000000000004,3.0,3,0
2026-06-01,640448,4,1,0,0.40199999999999997,4.0,3,0
2026-06-01,640455,16,4,1,3.348829,16.0,11,1
2026-06-01,641302,3,1,0,0.643,3.0,2,0
2026-06-01,642100,3,2,0,0.005,3.0,1,0
2026-06-01,642121,6,1,0,3.441,5.0,5,2
2026-06-01,642207,3,2,0,0.048,3.0,1,0
2026-06-01,643377,20,5,1,9.911829,19.0,13,5
2026-06-01,645261,27,5,0,9.346,26.0,21,2
2026-06-01,656638,3,2,0,0.313,3.0,1,0
2026-06-01,656641,3,2,0,0.238,3.0,1,0
2026-06-01,656848,4,1,1,1.1648290000000001,4.0,2,0
2026-06-01,657424,8,1,2,4.404658,8.0,5,0
2026-06-01,657571,8,2,0,2.849,8.0,6,0
2026-06-01,657746,27,9,0,10.31,27.0,18,4
2026-06-01,662253,3,1,0,0.276,3.0,2,0
2026-06-01,663765,3,2,0,0.129,3.0,1,0
2026-06-01,663947,5,1,0,0.994,5.0,4,0
2026-06-01,663992,5,0,0,3.1637700000000004,4.0,4,1
2026-06-01,664076,4,1,1,0.707829,4.0,2,0
2026-06-01,664126,3,1,0,0.196,3.0,2,0
2026-06-01,664199,3,2,0,0.828,3.0,1,1
2026-06-01,666171,4,1,1,1.556829,4.0,2,0
2026-06-01,666277,5,2,0,0.546,5.0,3,0
2026-06-01,666374,3,1,0,0.84577,3.0,1,0
2026-06-01,667755,25,7,7,10.739343,25.0,9,1
2026-06-01,669084,10,2,3,3.812487,10.0,5,0
2026-06-01,669212,6,3,1,1.886829,6.0,2,0
2026-06-01,669371,7,2,1,4.054829,7.0,4,2
2026-06-01,669724,3,0,2,3.395658,3.0,1,1
2026-06-01,670167,3,1,1,0.788829,3.0,1,0
2026-06-01,670950,6,0,0,1.823,6.0,6,0
2026-06-01,671083,9,0,2,4.631658,9.0,7,1
2026-06-01,672782,4,1,0,0.588,4.0,3,0
2026-06-01,675660,17,5,2,6.514658,17.0,10,3
2026-06-01,676106,20,7,0,6.805,20.0,13,3
2026-06-01,676263,5,0,0,2.283,5.0,5,1
2026-06-01,676684,8,2,0,1.743,8.0,6,0
2026-06-01,676917,23,6,3,6.661487,22.0,14,0
2026-06-01,677865,5,1,0,0.8260000000000001,5.0,4,0
2026-06-01,677955,3,0,2,1.5766580000000001,3.0,1,0
2026-06-01,678020,5,1,0,2.528,5.0,4,1
2026-06-01,678576,11,1,2,4.999658,11.0,8,0
2026-06-01,678606,3,1,0,1.05,3.0,2,0
2026-06-01,679883,21,5,4,4.984316,20.0,11,0
2026-06-01,680689,7,2,2,3.9844280000000003,7.0,2,1
2026-06-01,680744,15,4,2,5.969658,15.0,9,2
2026-06-01,681217,5,1,0,2.232,5.0,4,1
2026-06-01,681810,4,0,0,1.61677,4.0,3,1
2026-06-01,681892,4,0,1,0.9958290000000001,4.0,3,0
2026-06-01,681911,2,1,0,0.461,2.0,1,0
2026-06-01,681982,3,0,0,0.929,3.0,3,0
2026-06-01,682608,4,2,0,0.988,4.0,2,1
2026-06-01,685126,3,1,0,0.354,3.0,2,0
2026-06-01,686218,22,3,0,5.242999999999999,22.0,19,3
2026-06-01,687606,7,2,0,1.2489999999999999,7.0,5,0
2026-06-01,689225,4,0,3,2.122487,4.0,1,0
2026-06-01,689818,23,4,4,9.784316,23.0,15,2
2026-06-01,694477,3,1,0,0.10900000000000001,3.0,2,0
2026-06-01,694680,15,1,1,6.4055990000000005,15.0,12,1
2026-06-01,694738,23,4,5,9.128145,23.0,14,1
2026-06-01,696131,5,1,0,1.995,5.0,4,0
2026-06-01,699823,5,1,0,1.794,5.0,4,0
2026-06-01,700241,23,1,2,8.294658,23.0,20,0
2026-06-01,701519,5,1,0,1.828,5.0,4,0
2026-06-01,805299,3,0,0,0.31,3.0,3,0
2026-06-01,805427,3,0,1,1.3038290000000001,3.0,2,0
2026-06-01,820862,8,2,2,5.059658,8.0,4,1
2026-06-02,542888,3,1,0,0.126,3.0,2,0
2026-06-02,543135,31,7,1,10.086599,30.0,22,1
2026-06-02,552640,4,1,0,1.354,4.0,3,0
2026-06-02,571927,11,2,0,8.391,11.0,9,5
2026-06-02,571945,25,4,2,10.231658,24.0,18,3
2026-06-02,571948,5,1,0,1.6350000000000002,5.0,4,0
2026-06-02,592094,2,0,0,0.29500000000000004,2.0,2,0
2026-06-02,592155,7,1,0,0.668,7.0,6,0
2026-06-02,592332,25,8,2,5.7636579999999995,25.0,15,0
2026-06-02,592791,26,6,1,8.616829,26.0,19,2
2026-06-02,594580,5,2,1,1.426599,4.0,0,0
2026-06-02,595014,2,0,1,1.389829,2.0,1,0
2026-06-02,595345,5,1,2,2.0836580000000002,5.0,2,0
2026-06-02,596001,4,1,0,0.334,4.0,3,0
2026-06-02,605130,4,1,1,1.449829,4.0,2,0
2026-06-02,605400,19,8,0,4.675,19.0,11,2
2026-06-02,607455,5,3,1,0.7478290000000001,5.0,1,0
2026-06-02,608372,23,5,2,8.835428,23.0,15,3
2026-06-02,615698,1,0,0,0.584,1.0,1,0
2026-06-02,621237,3,0,0,0.384,3.0,3,0
2026-06-02,621345,5,1,1,1.040829,4.0,2,0
2026-06-02,621381,4,0,0,1.315,4.0,4,1
2026-06-02,622088,4,2,1,1.0638290000000001,4.0,1,0
2026-06-02,623211,9,0,1,4.414829,9.0,8,1
2026-06-02,628452,5,1,0,1.4140000000000001,5.0,4,0
2026-06-02,641329,3,0,0,0.8800000000000001,3.0,3,0
2026-06-02,641745,4,0,0,0.404,4.0,4,0
2026-06-02,641778,20,1,1,6.214829,20.0,18,0
2026-06-02,642232,4,2,1,0.7258290000000001,4.0,1,0
2026-06-02,642397,2,2,0,0.0,2.0,0,0
2026-06-02,642528,8,1,2,3.1608289999999997,6.0,5,1
2026-06-02,642701,5,1,1,2.036829,5.0,3,0
2026-06-02,646241,11,4,0,2.322,11.0,7,1
2026-06-02,647336,25,6,1,7.8868290000000005,25.0,18,1
2026-06-02,650556,6,2,1,1.423829,6.0,3,0
2026-06-02,656222,6,2,0,1.516,6.0,4,0
2026-06-02,656271,4,1,1,1.076829,4.0,2,0
2026-06-02,656427,22,6,2,5.5296579999999995,22.0,14,0
2026-06-02,656464,3,1,0,0.665,3.0,2,0
2026-06-02,656529,3,0,2,1.4476580000000001,3.0,1,0
2026-06-02,656730,3,1,0,0.195,3.0,2,0
2026-06-02,656794,6,1,0,1.62077,6.0,4,0
2026-06-02,656848,4,2,0,0.937,4.0,2,0
2026-06-02,656945,4,1,0,0.46,3.0,3,0
2026-06-02,657612,5,1,0,0.911,5.0,4,0
2026-06-02,657756,1,0,0,0.19,1.0,1,0
2026-06-02,660825,4,0,0,1.963,4.0,4,0
2026-06-02,660853,3,2,0,0.0,2.0,1,0
2026-06-02,661395,3,3,0,0.0,3.0,0,0
2026-06-02,663158,4,2,0,0.9369999999999999,4.0,2,0
2026-06-02,663436,25,2,3,10.045487,25.0,20,0
2026-06-02,663687,1,0,0,0.011,1.0,1,0
2026-06-02,663941,9,1,1,3.352829,8.0,7,1
2026-06-02,663992,9,2,3,2.3174870000000003,9.0,4,0
2026-06-02,666277,3,2,0,0.295,3.0,1,0
2026-06-02,666661,4,2,0,0.355,4.0,2,0
2026-06-02,666808,7,2,0,1.479,7.0,5,0
2026-06-02,667463,5,0,0,0.766,5.0,5,0
2026-06-02,668674,6,2,2,2.695658,6.0,2,1
2026-06-02,668873,4,0,1,1.877829,4.0,3,0
2026-06-02,668941,4,1,0,1.4117700000000002,3.0,2,0
2026-06-02,668984,5,2,0,0.654,5.0,3,0
2026-06-02,669062,3,1,0,0.48,3.0,2,0
2026-06-02,669093,4,1,1,1.274829,4.0,2,0
2026-06-02,669160,24,9,2,6.049658,24.0,13,1
2026-06-02,669165,6,1,3,3.2734870000000003,6.0,2,1
2026-06-02,669199,9,3,1,2.168829,9.0,5,0
2026-06-02,669298,3,0,0,1.254,3.0,3,1
2026-06-02,669302,22,8,1,7.553599,22.0,12,2
2026-06-02,669358,26,6,2,5.963658000000001,26.0,18,0
2026-06-02,669622,2,1,0,0.005,2.0,1,0
2026-06-02,669711,5,3,0,0.156,5.0,2,0
2026-06-02,670036,3,1,0,0.33299999999999996,3.0,2,0
2026-06-02,670059,4,2,0,0.6970000000000001,4.0,2,0
2026-06-02,670167,2,1,0,0.602,2.0,1,0
2026-06-02,670329,3,2,0,0.023,3.0,1,0
2026-06-02,670950,5,1,0,0.9160000000000001,5.0,4,0
2026-06-02,671096,27,5,4,8.572316,27.0,18,2
2026-06-02,672335,8,3,0,3.036,8.0,5,2
2026-06-02,672782,4,2,0,0.998,4.0,2,0
2026-06-02,673513,4,1,1,1.061829,4.0,2,0
2026-06-02,675848,4,1,0,0.636,4.0,3,0
2026-06-02,676282,21,4,3,8.133487,21.0,14,2
2026-06-02,676534,4,2,0,1.008,4.0,2,0
2026-06-02,676617,7,2,1,3.910829,7.0,4,0
2026-06-02,676879,7,1,0,2.623,7.0,6,0
2026-06-02,680570,21,3,3,10.265487,21.0,15,2
2026-06-02,680604,6,2,0,0.6950000000000001,6.0,4,0
2026-06-02,680730,5,0,0,3.018,4.0,5,1
2026-06-02,680755,3,1,0,0.355,3.0,2,0
2026-06-02,681190,20,3,1,6.65,19.0,16,2
2026-06-02,681347,25,3,5,12.227145,25.0,17,3
2026-06-02,681867,7,3,1,1.138829,7.0,3,0
2026-06-02,682120,3,1,0,0.531,3.0,2,0
2026-06-02,682842,6,0,0,1.31,6.0,6,0
2026-06-02,683618,5,0,0,1.96,5.0,5,0
2026-06-02,683769,5,2,0,0.813,5.0,3,0
2026-06-02,686790,22,4,3,6.958487,22.0,15,1
2026-06-02,686993,3,0,0,0.092,3.0,3,0
2026-06-02,687209,4,1,1,0.7488290000000001,4.0,2,0
2026-06-02,687396,6,4,1,1.0558290000000001,6.0,1,0
2026-06-02,687473,11,3,0,3.6559999999999997,11.0,8,0
2026-06-02,687570,27,7,2,8.101658,27.0,17,1
2026-06-02,689147,5,1,1,2.234829,5.0,3,0
2026-06-02,689254,3,0,0,0.731,3.0,3,0
2026-06-02,690986,23,12,2,6.326658,23.0,9,1
2026-06-02,691951,22,5,2,4.815658,22.0,15,0
2026-06-02,693645,20,3,0,6.63477,20.0,16,1
2026-06-02,693821,27,6,1,5.7268289999999995,27.0,20,1
2026-06-02,693855,11,1,3,3.813658,10.0,7,0
2026-06-02,694037,3,1,0,0.31,3.0,2,0
2026-06-02,694361,7,1,1,2.735829,7.0,5,0
2026-06-02,695611,25,5,1,5.954599,24.0,17,1
2026-06-02,696062,10,3,2,2.310658,10.0,5,0
2026-06-02,696149,23,3,2,6.284658,23.0,18,0
2026-06-02,699134,4,0,1,2.153829,4.0,3,0
2026-06-02,700669,2,1,0,0.219,2.0,1,0
2026-06-02,701719,9,2,1,1.876829,9.0,6,0
2026-06-02,702070,22,8,0,3.388,21.0,13,1
2026-06-02,702193,4,2,0,0.97377,4.0,1,0
2026-06-02,804636,19,4,2,5.690658,19.0,13,1
2026-06-02,805123,5,3,0,1.103,5.0,2,1
2026-06-02,810938,4,0,1,2.260829,4.0,3,0
2026-06-02,813349,23,6,1,7.170829,22.0,16,2
2026-06-03,489446,4,2,0,0.489,4.0,2,0
2026-06-03,518585,4,3,0,0.555,4.0,1,0
2026-06-03,519141,4,0,0,1.271,4.0,4,0
2026-06-03,543037,23,2,1,6.466829000000001,23.0,20,2
2026-06-03,544150,14,2,1,5.257829,14.0,11,1
2026-06-03,547179,22,5,2,9.932658,22.0,15,3
2026-06-03,548384,4,1,1,0.7258290000000001,4.0,2,0
2026-06-03,571578,23,1,2,8.022658,23.0,20,1
2026-06-03,571948,2,1,0,1.025,2.0,1,1
2026-06-03,573124,4,0,0,0.8039999999999999,4.0,4,0
2026-06-03,573204,4,0,0,3.2089999999999996,4.0,4,1
2026-06-03,592094,5,2,0,2.9,5.0,3,2
2026-06-03,592773,6,1,0,0.9159999999999999,6.0,5,0
2026-06-03,593974,4,0,0,1.398,4.0,4,0
2026-06-03,596133,3,2,0,0.229,3.0,1,0
2026-06-03,605135,16,1,2,6.974658,16.0,13,1
2026-06-03,605488,18,3,1,6.774829,18.0,14,2
2026-06-03,607067,21,3,2,8.924658,21.0,16,3
2026-06-03,607200,18,2,1,5.089829,18.0,15,0
2026-06-03,607259,22,1,1,10.025829,21.0,20,2
2026-06-03,615698,2,1,0,0.123,2.0,1,0
2026-06-03,621111,24,6,2,7.076829,23.0,16,3
2026-06-03,621112,5,1,0,1.074,5.0,4,0
2026-06-03,622088,3,1,0,0.43,3.0,2,0
2026-06-03,623352,4,1,1,0.816829,4.0,2,0
2026-06-03,623454,3,1,0,0.098,3.0,2,0
2026-06-03,624522,13,3,0,7.218,13.0,10,3
2026-06-03,641745,7,1,1,3.289599,7.0,4,0
2026-06-03,641755,4,2,0,1.508,4.0,2,1
2026-06-03,642397,4,0,1,2.1868290000000004,4.0,3,0
2026-06-03,642528,1,1,0,0.0,1.0,0,0
2026-06-03,642546,7,3,1,1.100829,7.0,3,0
2026-06-03,642547,24,6,2,8.115658,24.0,16,2
2026-06-03,643410,2,0,0,0.227,2.0,2,0
2026-06-03,650911,26,8,1,5.211829,25.0,16,1
2026-06-03,656550,25,4,2,9.888428000000001,25.0,18,3
2026-06-03,656638,5,2,1,1.757829,5.0,2,0
2026-06-03,657044,8,2,0,3.386,8.0,6,0
2026-06-03,657097,4,1,0,1.111,4.0,3,0
2026-06-03,657277,23,4,1,3.797829,23.0,18,0
2026-06-03,657571,4,1,0,0.6859999999999999,4.0,3,0
2026-06-03,657612,4,1,0,2.0820000000000003,4.0,3,1
2026-06-03,660271,20,6,1,4.426829000000001,20.0,13,1
2026-06-03,660761,5,1,0,1.976,5.0,4,0
2026-06-03,660825,5,2,0,2.4779999999999998,5.0,3,0
2026-06-03,661395,3,2,0,0.641,3.0,1,0
2026-06-03,663158,5,1,0,1.721,5.0,4,0
2026-06-03,663568,28,8,2,6.933658,27.0,17,2
2026-06-03,663574,5,0,1,3.156829,4.0,4,1
2026-06-03,663687,3,2,0,0.114,3.0,1,0
2026-06-03,663738,4,1,0,1.208,4.0,3,0
2026-06-03,663878,7,3,1,4.406829,7.0,3,2
2026-06-03,664126,5,1,0,1.66877,5.0,3,0
2026-06-03,664199,5,1,1,1.431829,5.0,3,0
2026-06-03,664208,2,0,0,0.877,2.0,2,1
2026-06-03,664875,6,1,1,2.967369,6.0,2,0
2026-06-03,664991,3,2,0,0.01,3.0,1,0
2026-06-03,665622,4,1,1,1.675829,4.0,2,0
2026-06-03,666171,5,0,0,2.246,5.0,5,0
2026-06-03,668678,25,1,2,10.732658,25.0,22,1
2026-06-03,668909,21,6,1,8.032829,21.0,14,2
2026-06-03,668941,5,2,1,2.097829,5.0,2,0
2026-06-03,669020,1,0,0,0.151,1.0,1,0
2026-06-03,669022,26,5,3,9.090487,26.0,18,1
2026-06-03,669062,3,0,1,1.456829,3.0,2,0
2026-06-03,669270,4,1,0,0.957,4.0,3,0
2026-06-03,669276,4,1,1,1.144829,4.0,2,0
2026-06-03,669298,3,0,0,0.266,3.0,3,0
2026-06-03,669438,19,3,0,5.27677,19.0,15,0
2026-06-03,669467,23,5,2,6.625428,23.0,15,0
2026-06-03,669684,9,3,0,1.9507700000000001,9.0,5,0
2026-06-03,669923,23,5,1,7.239829,23.0,17,0
2026-06-03,670059,3,2,0,0.484,3.0,1,0
2026-06-03,670245,13,2,2,4.4476580000000006,13.0,9,1
2026-06-03,670990,9,2,0,2.8040000000000003,9.0,7,1
2026-06-03,671737,25,5,5,10.812145000000001,25.0,15,1
2026-06-03,671922,4,1,0,1.976,4.0,3,1
2026-06-03,671936,4,0,0,1.9529999999999998,4.0,4,1
2026-06-03,674841,18,5,1,6.504829,18.0,12,1
2026-06-03,675512,29,5,2,8.848658,29.0,22,1
2026-06-03,676263,4,0,0,0.743,4.0,4,0
2026-06-03,676534,4,1,1,0.941829,4.0,2,0
2026-06-03,676617,4,0,1,1.8218290000000001,4.0,3,1
2026-06-03,676775,5,1,0,1.209,5.0,4,0
2026-06-03,676974,24,7,2,4.626658,24.0,15,0
2026-06-03,678020,5,0,1,1.7528290000000002,5.0,4,0
2026-06-03,678606,3,1,0,0.523,3.0,2,0
2026-06-03,679358,7,2,1,2.317829,7.0,4,0
2026-06-03,680702,3,0,0,0.41000000000000003,3.0,3,0
2026-06-03,681168,6,0,0,1.843,6.0,6,0
2026-06-03,681293,19,3,1,8.068599,19.0,14,1
2026-06-03,681402,5,0,1,3.169829,5.0,4,1
2026-06-03,681799,3,0,0,1.403,3.0,3,0
2026-06-03,681867,4,1,0,0.33499999999999996,4.0,3,0
2026-06-03,682120,2,1,0,0.044,2.0,1,0
2026-06-03,682254,5,2,1,1.9588290000000002,5.0,2,1
2026-06-03,683769,3,0,0,0.122,3.0,3,0
2026-06-03,684049,2,1,1,0.697829,2.0,0,0
2026-06-03,684320,5,0,1,1.8968289999999999,5.0,4,0
2026-06-03,685112,4,2,1,0.855,3.0,1,0
2026-06-03,686993,3,1,0,0.634,3.0,2,0
2026-06-03,687377,4,1,1,1.2898290000000001,4.0,2,0
2026-06-03,687606,2,0,1,0.718829,2.0,1,0
2026-06-03,687911,5,1,0,1.393,5.0,4,0
2026-06-03,688107,21,5,1,5.079829,21.0,15,1
2026-06-03,689296,9,2,0,1.94777,9.0,6,0
2026-06-03,689520,7,2,1,4.000829,7.0,4,1
2026-06-03,690925,8,3,1,2.3008290000000002,7.0,3,0
2026-06-03,691799,7,3,0,0.797,7.0,4,0
2026-06-03,694037,3,1,0,0.243,3.0,2,0
2026-06-03,694297,9,1,2,4.020428,9.0,5,1
2026-06-03,694477,16,4,2,4.904658,16.0,10,0
2026-06-03,694973,23,7,1,5.347829,23.0,15,0
2026-06-03,695001,5,1,2,1.8386580000000001,5.0,2,0
2026-06-03,695239,4,2,0,0.267,4.0,2,0
2026-06-03,695380,8,1,0,1.506,8.0,7,0
2026-06-03,695418,7,2,3,2.372487,7.0,2,0
2026-06-03,695505,24,9,1,6.223829,24.0,14,2
2026-06-03,696522,3,0,0,1.5390000000000001,3.0,3,1
2026-06-03,700712,24,7,3,6.833487,24.0,14,1
2026-06-03,801139,26,5,2,7.121658,26.0,19,0
2026-06-03,805123,5,2,1,1.156829,5.0,2,0
2026-06-04,518585,3,0,0,0.876,3.0,3,0
2026-06-04,519242,29,6,2,9.824428000000001,29.0,20,1
2026-06-04,552640,4,1,0,1.4969999999999999,4.0,3,1
2026-06-04,554430,25,8,3,7.172487,25.0,14,1
2026-06-04,573124,4,0,0,1.421,3.0,4,0
2026-06-04,592454,9,1,2,4.662658,9.0,6,1
2026-06-04,593974,5,1,0,2.298,5.0,4,1
2026-06-04,595345,7,2,0,0.933,7.0,5,0
2026-06-04,605130,5,0,0,2.863,5.0,5,1
2026-06-04,605288,21,5,3,5.535487,21.0,13,1
2026-06-04,607074,23,7,3,5.849487,23.0,13,0
2026-06-04,607455,3,0,0,1.125,3.0,3,0
2026-06-04,607625,22,4,1,9.887829,22.0,17,4
2026-06-04,608337,18,5,1,6.461829,18.0,12,1
2026-06-04,621237,5,1,1,2.9658290000000003,5.0,3,1
2026-06-04,621381,3,0,0,1.083,3.0,3,0
2026-06-04,623149,4,2,0,0.927,4.0,2,0
2026-06-04,625643,9,1,1,3.617829,9.0,7,0
2026-06-04,643410,3,2,0,0.082,3.0,1,0
2026-06-04,643511,3,0,0,0.425,3.0,3,0
2026-06-04,650556,4,3,1,0.697829,4.0,0,0
2026-06-04,656529,3,1,1,1.246829,3.0,1,0
2026-06-04,656546,3,1,0,0.48000000000000004,3.0,2,0
2026-06-04,656638,5,0,1,1.663829,5.0,4,0
2026-06-04,656945,2,1,0,2.0,2.0,1,1
2026-06-04,660853,4,1,0,1.697,4.0,3,1
2026-06-04,663423,7,0,2,2.690658,7.0,5,0
2026-06-04,663558,8,3,1,1.951829,8.0,4,0
2026-06-04,663738,4,1,0,0.7569999999999999,4.0,3,0
2026-06-04,663765,16,1,0,6.415,16.0,15,1
2026-06-04,663941,4,0,0,0.425,4.0,4,0
2026-06-04,664141,10,1,2,4.513658,9.0,6,1
2026-06-04,664875,5,2,2,1.766658,5.0,1,0
2026-06-04,665622,2,0,0,0.986,2.0,2,0
2026-06-04,666974,1,0,0,0.101,1.0,1,0
2026-06-04,668873,4,1,0,2.145,4.0,3,1
2026-06-04,669020,5,3,0,0.349,5.0,2,0
2026-06-04,669084,8,1,0,1.9989999999999999,8.0,7,0
2026-06-04,669165,4,2,0,1.141,4.0,2,0
2026-06-04,669194,26,3,2,7.043658,26.0,21,0
2026-06-04,669211,4,1,0,0.792,4.0,3,0
2026-06-04,669270,6,0,0,2.577,6.0,6,1
2026-06-04,669330,3,1,0,0.726,3.0,2,0
2026-06-04,669372,21,8,1,5.126599,21.0,11,1
2026-06-04,669387,15,3,0,4.477,15.0,12,1
2026-06-04,669432,22,3,1,5.132829,22.0,18,0
2026-06-04,670036,3,2,0,0.157,3.0,1,0
2026-06-04,670167,4,2,0,1.1469999999999998,4.0,2,1
2026-06-04,670280,3,0,0,0.909,3.0,3,0
2026-06-04,670970,6,0,1,2.706829,6.0,5,0
2026-06-04,672782,3,2,1,0.697829,3.0,0,0
2026-06-04,673513,4,2,1,0.843829,4.0,1,0
2026-06-04,676051,5,1,1,1.217829,5.0,3,0
2026-06-04,676760,4,2,0,0.8919999999999999,4.0,2,0
2026-06-04,677944,21,4,1,5.543829,21.0,16,0
2026-06-04,678394,26,4,3,10.110257,26.0,18,2
2026-06-04,678576,4,0,2,1.889658,4.0,2,0
2026-06-04,678906,23,1,2,8.172658,23.0,20,1
2026-06-04,679358,5,0,1,1.6038290000000002,5.0,4,0
2026-06-04,680736,24,4,0,7.337,24.0,20,1
2026-06-04,680755,3,1,0,1.245,3.0,2,1
2026-06-04,681911,3,0,0,0.5790000000000001,3.0,3,0
2026-06-04,681982,7,1,0,2.025,7.0,6,0
2026-06-04,683003,21,4,2,7.416658,21.0,15,2
2026-06-04,684007,24,5,1,8.515829,24.0,18,3
2026-06-04,686973,4,1,0,1.045,4.0,3,0
2026-06-04,687396,4,1,1,1.125829,4.0,2,0
2026-06-04,689147,5,1,1,1.480829,5.0,3,0
2026-06-04,689149,15,2,2,3.527658,15.0,11,0
2026-06-04,689254,6,1,1,2.0708290000000003,6.0,4,0
2026-06-04,689266,3,1,0,0.732,3.0,2,0
2026-06-04,689441,18,2,2,7.339658,18.0,14,0
2026-06-04,694361,4,1,1,1.883829,4.0,2,1
2026-06-04,702193,12,2,1,3.525829,12.0,9,0
2026-06-04,702474,15,1,1,2.933829,15.0,13,0
2026-06-04,800311,5,1,0,0.521,5.0,4,0
2026-06-04,805299,3,0,0,1.749,3.0,3,1
2026-06-05,489446,1,0,0,1.19,1.0,1,1
2026-06-05,518876,25,4,3,11.919257,25.0,17,3
2026-06-05,527048,20,5,2,4.217658,20.0,13,1
2026-06-05,542888,3,0,0,0.36,3.0,3,0
2026-06-05,543056,2,1,0,0.013,2.0,1,0
2026-06-05,543243,27,3,2,9.991658000000001,27.0,22,1
2026-06-05,547973,5,1,2,1.482658,5.0,2,0
2026-06-05,571948,7,0,0,4.0337700000000005,7.0,6,0
2026-06-05,573204,3,0,0,0.181,3.0,3,0
2026-06-05,592155,4,3,1,0.697829,4.0,0,0
2026-06-05,592662,21,4,5,6.248145,21.0,12,0
2026-06-05,595014,1,0,0,0.117,1.0,1,0
2026-06-05,596133,3,0,0,0.947,3.0,3,1
2026-06-05,607455,4,2,0,1.222,4.0,2,1
2026-06-05,608348,5,0,0,2.785,5.0,5,1
2026-06-05,608379,25,2,0,10.27,25.0,23,1
2026-06-05,621112,6,2,0,0.363,6.0,4,0
2026-06-05,621345,4,0,0,1.7349999999999999,4.0,4,0
2026-06-05,622554,2,1,1,0.697829,2.0,0,0
2026-06-05,622608,10,4,0,2.02,10.0,6,1
2026-06-05,623168,1,0,0,0.863,1.0,1,0
2026-06-05,623211,4,2,0,0.41800000000000004,4.0,2,0
2026-06-05,623352,3,3,0,0.0,3.0,0,0
2026-06-05,623454,8,1,0,1.9809999999999999,8.0,7,0
2026-06-05,628452,4,1,1,1.810829,4.0,2,0
2026-06-05,640448,2,1,0,0.04,2.0,1,0
2026-06-05,641743,21,4,2,8.817658,21.0,15,2
2026-06-05,641745,4,0,0,0.998,4.0,4,0
2026-06-05,642121,4,2,0,0.329,4.0,2,0
2026-06-05,642701,3,1,0,0.11599999999999999,3.0,2,0
2026-06-05,650633,23,4,0,9.793,23.0,19,3
2026-06-05,656222,1,1,0,0.0,1.0,0,0
2026-06-05,656271,5,1,1,1.353829,5.0,3,0
2026-06-05,656492,17,4,0,4.768,17.0,13,1
2026-06-05,656605,25,4,3,9.672257,25.0,17,3
2026-06-05,656641,8,3,1,1.227829,8.0,4,0
2026-06-05,656730,7,1,1,2.315829,7.0,5,0
2026-06-05,656876,22,9,0,3.298,22.0,13,0
2026-06-05,656945,3,1,0,0.039,2.0,2,0
2026-06-05,657514,1,0,0,0.2,1.0,1,0
2026-06-05,657756,7,0,0,4.096,7.0,7,1
2026-06-05,660825,3,0,0,0.389,3.0,3,0
2026-06-05,660853,5,2,0,1.0190000000000001,5.0,3,0
2026-06-05,661395,3,2,0,0.103,3.0,1,0
2026-06-05,663158,3,0,0,1.488,3.0,3,1
2026-06-05,663372,22,4,2,6.119428,22.0,15,1
2026-06-05,663542,5,0,1,2.850829,5.0,4,0
2026-06-05,663567,24,4,4,8.189316,24.0,16,2
2026-06-05,663903,20,6,3,6.169487,20.0,11,1
2026-06-05,663947,4,0,0,1.432,4.0,4,0
2026-06-05,663969,24,3,3,9.468487,24.0,17,1
2026-06-05,664208,6,1,1,2.749829,6.0,4,0
2026-06-05,664285,22,5,2,6.720428,22.0,14,0
2026-06-05,664991,2,0,0,0.736,2.0,2,0
2026-06-05,665795,20,6,1,7.779829,20.0,13,3
2026-06-05,666200,27,2,2,11.513428,27.0,22,3
2026-06-05,666808,3,2,0,0.173,3.0,1,0
2026-06-05,666974,3,0,0,0.23099999999999998,3.0,3,0
2026-06-05,669276,3,1,0,0.9520000000000001,3.0,2,0
2026-06-05,669371,10,1,0,2.71977,10.0,8,0
2026-06-05,669704,7,1,3,3.566487,7.0,3,0
2026-06-05,670036,4,2,0,0.188,4.0,2,0
2026-06-05,670950,4,0,0,1.216,4.0,4,0
2026-06-05,671936,5,3,1,0.707829,5.0,1,0
2026-06-05,672282,21,6,2,5.561658,21.0,13,0
2026-06-05,673513,1,1,0,0.0,1.0,0,0
2026-06-05,674444,5,2,0,1.506,5.0,3,0
2026-06-05,675848,6,1,2,3.278658,6.0,3,0
2026-06-05,676604,5,1,1,1.244829,5.0,3,0
2026-06-05,676684,5,2,1,1.822829,5.0,2,0
2026-06-05,676879,5,1,1,2.475599,5.0,2,0
2026-06-05,677955,4,1,1,1.366829,4.0,2,0
2026-06-05,677958,22,5,1,6.795829,22.0,16,2
2026-06-05,677960,26,4,1,9.829829,26.0,21,4
2026-06-05,678020,3,1,1,0.7428290000000001,3.0,1,0
2026-06-05,678022,19,6,2,6.254658,19.0,11,1
2026-06-05,680728,10,0,0,5.51277,10.0,9,1
2026-06-05,680742,5,2,0,0.9870000000000001,4.0,2,0
2026-06-05,681035,21,3,2,6.062658,21.0,16,0
2026-06-05,681217,4,1,1,0.830829,4.0,2,0
2026-06-05,681517,19,1,2,9.008658,19.0,16,1
2026-06-05,681799,8,2,0,4.15,8.0,6,1
2026-06-05,681895,6,3,1,2.4048290000000003,6.0,2,0
2026-06-05,681916,3,2,0,0.058,3.0,1,0
2026-06-05,682608,5,2,0,0.376,5.0,3,0
2026-06-05,682825,6,0,3,3.127257,6.0,2,0
2026-06-05,683618,4,3,0,0.72877,4.0,0,0
2026-06-05,684049,5,2,1,0.8708290000000001,5.0,2,0
2026-06-05,684320,8,1,1,2.7328289999999997,8.0,6,0
2026-06-05,684974,8,3,2,1.7996580000000002,8.0,3,0
2026-06-05,685112,10,2,1,3.906599,10.0,6,0
2026-06-05,685126,3,2,0,0.014,3.0,1,0
2026-06-05,686580,3,0,0,0.203,3.0,3,0
2026-06-05,686930,14,7,2,2.762658,14.0,5,0
2026-06-05,687064,26,4,0,9.641,25.0,20,3
2026-06-05,687075,23,2,2,10.382658,23.0,19,2
2026-06-05,687209,5,1,1,2.623829,5.0,3,1
2026-06-05,687473,10,1,1,3.766829,10.0,8,1
2026-06-05,687531,5,1,0,0.81,5.0,4,0
2026-06-05,687606,8,2,0,3.084,8.0,6,1
2026-06-05,687911,3,1,1,0.829829,3.0,1,0
2026-06-05,688158,7,2,0,1.532,7.0,5,0
2026-06-05,689296,4,1,0,1.37,4.0,3,1
2026-06-05,690928,19,6,2,5.917657999999999,19.0,11,0
2026-06-05,691769,10,2,1,5.719829,10.0,7,2
2026-06-05,693313,15,1,1,7.3708290000000005,15.0,13,2
2026-06-05,693433,27,7,0,7.2829999999999995,27.0,20,1
2026-06-05,694360,4,2,0,0.356,4.0,2,0
2026-06-05,695243,4,1,0,1.8940000000000001,4.0,3,0
2026-06-05,695380,5,3,0,1.815,5.0,2,1
2026-06-05,696147,4,2,0,1.37077,4.0,1,0
2026-06-05,699823,3,0,0,1.098,3.0,3,0
2026-06-05,701519,5,0,0,1.484,5.0,5,0
2026-06-05,702056,24,5,2,8.318658,24.0,17,2
2026-06-05,702153,3,1,0,0.089,3.0,2,0
2026-06-05,800048,23,4,1,8.107829,23.0,18,3
2026-06-05,800311,3,0,0,0.568,2.0,2,0
2026-06-05,805673,27,2,4,10.126316000000001,27.0,21,2
2026-06-05,808963,25,10,2,4.894658,25.0,13,0
2026-06-06,519141,4,0,0,1.131,4.0,4,0
2026-06-06,544150,7,3,0,0.837,7.0,4,0
2026-06-06,573124,4,1,0,0.28099999999999997,4.0,3,0
2026-06-06,573204,3,2,0,2.005,3.0,1,1
2026-06-06,592094,4,0,0,2.622,4.0,4,0
2026-06-06,592773,3,0,0,0.162,3.0,3,0
2026-06-06,593958,25,5,1,8.841829,25.0,19,2
2026-06-06,594580,5,1,0,2.242,4.0,4,1
2026-06-06,608718,12,2,0,3.677,12.0,10,1
2026-06-06,615698,10,2,1,3.5045990000000002,10.0,6,0
2026-06-06,621381,4,0,0,0.704,4.0,4,0
2026-06-06,621383,8,2,0,0.885,8.0,6,0
2026-06-06,622088,6,2,1,0.437,5.0,3,0
2026-06-06,628452,4,1,0,0.595,4.0,3,0
2026-06-06,641755,5,1,0,1.127,5.0,4,0
2026-06-06,641793,19,4,1,5.467599,19.0,13,0
2026-06-06,641835,3,1,0,0.274,2.0,2,0
2026-06-06,642100,4,0,1,1.405829,4.0,3,0
2026-06-06,642528,3,1,1,0.8728290000000001,3.0,1,0
2026-06-06,643511,3,1,0,0.314,2.0,1,0
2026-06-06,656288,19,6,2,4.273658,19.0,11,0
2026-06-06,656529,1,0,0,0.55,1.0,1,0
2026-06-06,656546,3,1,0,2.058,3.0,2,1
2026-06-06,656638,5,3,0,2.14377,5.0,1,1
2026-06-06,656794,8,3,0,1.891,8.0,5,0
2026-06-06,656848,6,2,1,1.895599,6.0,2,0
2026-06-06,657097,8,1,1,1.471829,8.0,6,0
2026-06-06,657514,7,1,1,3.998829,7.0,5,1
2026-06-06,657746,26,5,2,6.741658,26.0,19,2
2026-06-06,660761,8,2,1,2.506829,8.0,5,0
2026-06-06,663556,25,6,2,7.315428,24.0,15,1
2026-06-06,663574,1,1,0,0.0,1.0,0,0
2026-06-06,663738,3,0,0,0.168,3.0,3,0
2026-06-06,663767,4,3,1,0.697829,4.0,0,0
2026-06-06,664126,7,0,3,3.2574870000000002,7.0,4,0
2026-06-06,665660,8,3,0,1.268,8.0,5,0
2026-06-06,666126,4,0,1,0.964829,3.0,2,0
2026-06-06,666157,25,3,1,9.668829,25.0,21,1
2026-06-06,666171,8,3,2,2.1036580000000002,8.0,3,0
2026-06-06,666277,4,0,0,0.513,4.0,4,0
2026-06-06,666374,4,1,1,1.084829,4.0,2,0
2026-06-06,666661,3,1,1,0.697829,2.0,1,0
2026-06-06,667463,2,0,0,0.80677,2.0,1,0
2026-06-06,668674,4,1,1,0.708829,4.0,2,0
2026-06-06,668873,5,1,1,1.288829,5.0,3,0
2026-06-06,668984,6,3,0,1.805,6.0,3,0
2026-06-06,669020,4,2,1,0.7498290000000001,4.0,1,0
2026-06-06,669062,5,1,0,2.18577,5.0,3,0
2026-06-06,669199,9,3,0,1.696,9.0,6,0
2026-06-06,669211,8,0,0,1.322,6.0,7,0
2026-06-06,669276,4,2,1,1.0798290000000001,4.0,1,0
2026-06-06,669298,8,3,0,2.0540000000000003,8.0,5,0
2026-06-06,669461,21,4,3,6.971487,21.0,14,1
2026-06-06,669622,5,2,0,1.193,5.0,3,0
2026-06-06,670970,3,2,0,0.044,3.0,1,0
2026-06-06,670990,6,2,0,1.143,6.0,4,0
2026-06-06,672456,22,1,1,10.008599,22.0,19,3
2026-06-06,672782,3,0,1,1.261829,3.0,2,0
2026-06-06,675848,4,1,0,0.655,4.0,3,0
2026-06-06,675911,21,3,2,6.333658,21.0,16,2
2026-06-06,676263,4,1,0,3.073,4.0,3,1
2026-06-06,676440,27,3,2,8.179658,26.0,21,0
2026-06-06,676534,9,3,1,2.9208290000000003,9.0,5,0
2026-06-06,676604,1,1,0,0.0,1.0,0,0
2026-06-06,676617,6,1,1,2.074829,6.0,4,0
2026-06-06,676775,6,1,0,3.594,6.0,5,1
2026-06-06,676962,19,5,1,3.815599,19.0,12,0
2026-06-06,677952,25,5,0,8.898769999999999,25.0,19,1
2026-06-06,678606,4,1,1,0.916829,4.0,2,0
2026-06-06,679358,6,0,0,1.049,5.0,6,0
2026-06-06,679883,18,3,3,5.780487,18.0,12,1
2026-06-06,680604,12,2,2,4.661658,12.0,8,0
2026-06-06,680694,21,3,3,7.376487,21.0,15,0
2026-06-06,680723,4,2,0,1.2739999999999998,4.0,2,1
2026-06-06,680730,3,0,0,1.257,3.0,3,1
2026-06-06,680732,21,7,5,6.775145,21.0,9,2
2026-06-06,680744,13,3,0,3.04977,13.0,9,0
2026-06-06,680755,5,2,1,1.476829,5.0,2,0
2026-06-06,681168,2,0,0,1.416,2.0,2,0
2026-06-06,681810,8,1,0,3.0989999999999998,8.0,7,3
2026-06-06,681982,4,1,1,0.800829,4.0,2,0
2026-06-06,682120,3,1,0,1.0737700000000001,3.0,1,0
2026-06-06,682243,20,9,2,3.7086580000000002,20.0,9,1
2026-06-06,682254,4,0,1,1.074829,4.0,3,0
2026-06-06,683004,23,2,3,8.112487,23.0,18,2
2026-06-06,685126,5,2,0,0.65,5.0,3,0
2026-06-06,686753,7,1,2,3.153658,7.0,4,0
2026-06-06,686799,8,1,1,4.254829,8.0,6,1
2026-06-06,686973,3,0,0,0.859,3.0,3,0
2026-06-06,687330,5,2,1,1.5308290000000002,5.0,2,0
2026-06-06,687377,3,0,1,1.254829,3.0,2,0
2026-06-06,688642,15,1,3,8.950487,15.0,11,2
2026-06-06,689254,5,3,0,2.001,5.0,2,1
2026-06-06,689266,4,3,1,0.697829,4.0,0,0
2026-06-06,690997,24,5,3,6.280487,22.0,15,0
2026-06-06,691725,25,4,2,9.117428,25.0,18,1
2026-06-06,691799,3,3,0,0.0,3.0,0,0
2026-06-06,693686,16,5,1,5.267829,16.0,10,1
2026-06-06,694037,5,1,0,2.289,5.0,4,0
2026-06-06,694738,22,5,3,6.282487000000001,22.0,14,1
2026-06-06,694819,29,8,3,7.2052570000000005,29.0,17,0
2026-06-06,695001,9,3,2,3.412658,9.0,4,0
2026-06-06,695034,22,4,3,6.244487,22.0,15,1
2026-06-06,695239,7,0,0,2.815,7.0,7,0
2026-06-06,695243,4,1,1,0.7258290000000001,4.0,2,0
2026-06-06,695418,6,1,0,1.251,6.0,5,0
2026-06-06,696519,7,3,1,1.475829,7.0,3,1
2026-06-06,699134,4,1,0,1.2429999999999999,4.0,3,1
2026-06-06,700669,6,1,0,2.273,6.0,5,1
2026-06-06,805123,6,2,0,0.6759999999999999,6.0,4,0
2026-06-06,805427,4,3,0,0.674,4.0,1,0
2026-06-06,808967,26,4,0,4.379,26.0,22,1
2026-06-06,837227,24,8,3,6.337257,24.0,12,1
2026-06-07,518585,3,0,0,0.593,3.0,3,0
2026-06-07,519141,4,1,0,0.571,4.0,3,0
2026-06-07,548384,3,2,0,0.003,3.0,1,0
2026-06-07,571927,6,0,2,1.972658,6.0,4,0
2026-06-07,592332,20,5,0,7.084,20.0,15,3
2026-06-07,592773,2,1,0,0.163,2.0,1,0
2026-06-07,592791,7,2,2,3.040658,7.0,3,0
2026-06-07,593974,6,0,1,2.498829,6.0,5,0
2026-06-07,594027,2,1,0,0.0,1.0,0,0
2026-06-07,594580,4,0,1,2.440829,4.0,3,0
2026-06-07,594798,23,6,2,5.277658,23.0,15,0
2026-06-07,595014,6,1,1,1.1808290000000001,5.0,4,0
2026-06-07,595345,3,1,0,0.086,3.0,2,0
2026-06-07,595978,7,0,0,2.401,7.0,7,0
2026-06-07,596133,5,0,0,2.318,5.0,5,1
2026-06-07,605400,23,4,4,7.154316000000001,22.0,15,1
2026-06-07,607536,22,2,1,8.085829,22.0,19,2
2026-06-07,621237,5,2,0,0.94577,5.0,2,0
2026-06-07,621345,4,0,0,1.036,4.0,4,1
2026-06-07,622491,21,5,1,5.547829,21.0,15,2
2026-06-07,623211,4,0,2,1.683658,4.0,2,0
2026-06-07,623454,5,2,0,0.925,5.0,3,0
2026-06-07,624133,25,6,0,7.3,25.0,19,2
2026-06-07,624522,17,3,0,7.365,17.0,14,2
2026-06-07,625643,6,2,1,2.034829,6.0,3,0
2026-06-07,640448,5,0,1,2.584829,5.0,4,0
2026-06-07,640455,17,3,1,5.4478290000000005,16.0,12,1
2026-06-07,641302,4,0,0,1.595,4.0,4,0
2026-06-07,641755,3,0,1,1.056829,3.0,2,0
2026-06-07,641835,3,0,0,1.361,3.0,3,0
2026-06-07,642100,3,1,0,0.191,3.0,2,0
2026-06-07,642121,5,2,1,0.544,4.0,2,0
2026-06-07,642207,5,2,1,1.593829,5.0,2,0
2026-06-07,642546,12,1,1,7.873829,12.0,10,2
2026-06-07,643377,17,4,2,5.6976580000000006,17.0,11,1
2026-06-07,643410,3,2,0,0.326,3.0,1,0
2026-06-07,643511,4,1,1,1.242829,4.0,2,0
2026-06-07,645261,25,7,1,9.268599,25.0,16,1
2026-06-07,647336,26,6,2,6.084658,26.0,18,1
2026-06-07,650556,3,2,0,0.433,3.0,1,0
2026-06-07,656271,4,0,1,1.701829,4.0,3,1
2026-06-07,656427,22,7,1,7.752829,22.0,14,2
2026-06-07,656457,4,1,0,1.78,4.0,3,0
2026-06-07,656464,3,0,0,1.4309999999999998,3.0,3,1
2026-06-07,656848,3,2,0,0.146,3.0,1,0
2026-06-07,657097,2,1,0,0.005,2.0,1,0
2026-06-07,657571,4,1,1,1.211829,4.0,2,0
2026-06-07,657612,3,0,0,0.964,3.0,3,0
2026-06-07,657756,3,0,1,0.967829,3.0,2,0
2026-06-07,660825,3,1,0,0.178,3.0,2,0
2026-06-07,662253,5,0,2,2.480658,5.0,3,0
2026-06-07,663423,4,0,1,1.258829,4.0,3,0
2026-06-07,663542,6,0,2,3.4576580000000003,6.0,4,0
2026-06-07,663574,4,0,0,0.8360000000000001,4.0,4,0
2026-06-07,663687,4,1,0,0.893,4.0,3,0
2026-06-07,663878,7,2,1,0.923829,7.0,4,0
2026-06-07,663947,2,0,0,1.053,2.0,2,0
2026-06-07,663978,9,2,0,2.246,9.0,7,1
2026-06-07,664076,5,2,1,1.074829,5.0,2,0
2026-06-07,664141,4,0,0,1.155,4.0,4,0
2026-06-07,664199,3,1,0,0.41100000000000003,3.0,2,0
2026-06-07,664875,3,1,0,0.301,3.0,2,0
2026-06-07,664991,3,1,0,0.565,3.0,2,0
2026-06-07,665871,21,5,1,3.927599,20.0,14,0
2026-06-07,666277,5,1,0,2.167,5.0,4,1
2026-06-07,666974,2,0,0,0.273,2.0,2,0
2026-06-07,667755,27,2,2,9.432658,27.0,23,2
2026-06-07,668674,4,0,0,1.471,4.0,4,0
2026-06-07,668873,3,1,0,0.282,3.0,2,0
2026-06-07,668941,3,1,0,1.102,3.0,2,0
2026-06-07,669062,4,1,1,1.052829,4.0,2,0
2026-06-07,669165,6,3,0,0.774,6.0,3,0
2026-06-07,669330,2,0,0,0.21000000000000002,2.0,2,0
2026-06-07,669358,26,3,1,11.688829,26.0,22,3
2026-06-07,669622,4,1,0,0.41800000000000004,4.0,3,0
2026-06-07,670167,3,0,0,0.646,3.0,3,0
2026-06-07,670280,3,1,0,0.681,3.0,2,0
2026-06-07,670329,3,1,0,1.531,3.0,2,1
2026-06-07,670950,8,1,0,4.7330000000000005,8.0,7,1
2026-06-07,671936,4,2,0,1.116,4.0,2,0
2026-06-07,673513,6,1,0,3.954,6.0,5,2
2026-06-07,675660,24,4,1,6.550829,24.0,19,2
2026-06-07,676263,4,2,0,0.315,4.0,2,0
2026-06-07,676282,25,7,2,10.035658,25.0,16,4
2026-06-07,676617,4,1,0,0.88,4.0,3,0
2026-06-07,676684,3,1,0,1.18977,3.0,1,0
2026-06-07,676760,10,3,1,2.8105990000000003,10.0,5,0
2026-06-07,676775,5,1,1,1.807829,5.0,3,0
2026-06-07,676917,22,2,1,10.895829,22.0,19,3
2026-06-07,677955,7,0,2,5.111658,7.0,5,2
2026-06-07,678606,3,0,2,1.512658,3.0,1,0
2026-06-07,680742,6,3,0,1.461,6.0,3,0
2026-06-07,681168,4,1,0,1.306,4.0,3,1
2026-06-07,681190,22,3,2,10.790658,22.0,17,3
2026-06-07,681217,5,2,1,1.648829,5.0,2,1
2026-06-07,681347,26,3,2,9.781658,26.0,21,2
2026-06-07,681402,3,1,0,0.212,3.0,2,0
2026-06-07,681867,3,0,0,1.367,3.0,3,0
2026-06-07,681895,6,1,0,1.0619999999999998,6.0,5,1
2026-06-07,681911,5,2,2,1.9496580000000001,5.0,1,0
2026-06-07,681916,3,1,0,0.043000000000000003,3.0,2,0
2026-06-07,682254,6,2,2,2.376658,6.0,2,0
2026-06-07,682608,4,1,0,0.9580000000000001,4.0,3,0
2026-06-07,683000,11,1,3,4.874487,11.0,7,2
2026-06-07,683618,5,3,0,0.382,5.0,2,0
2026-06-07,684974,4,2,0,1.064,4.0,2,1
2026-06-07,686218,9,2,2,3.219658,9.0,5,0
2026-06-07,686580,6,2,1,2.821829,6.0,3,1
2026-06-07,686747,2,1,0,1.594,2.0,1,1
2026-06-07,686790,21,6,3,5.824487,21.0,12,0
2026-06-07,686973,5,2,0,0.393,5.0,3,0
2026-06-07,686993,2,1,0,0.45,2.0,1,0
2026-06-07,687396,2,0,0,0.5680000000000001,2.0,2,0
2026-06-07,687570,18,7,1,4.780829,18.0,10,0
2026-06-07,689147,5,2,1,0.8588290000000001,5.0,2,0
2026-06-07,689520,10,3,2,4.463658000000001,10.0,5,1
2026-06-07,689818,16,6,3,5.276487,16.0,7,2
2026-06-07,693645,22,5,1,6.224829,21.0,15,2
2026-06-07,693821,22,4,2,4.846658,22.0,16,1
2026-06-07,694037,3,1,0,0.22,3.0,2,0
2026-06-07,694360,5,0,1,4.438829,5.0,4,1
2026-06-07,694477,5,1,0,1.875,5.0,4,0
2026-06-07,695076,16,4,5,5.540915,16.0,6,0
2026-06-07,695611,24,3,3,7.719487,24.0,18,1
2026-06-07,696131,3,1,0,0.14,3.0,2,0
2026-06-07,696147,1,1,0,0.0,1.0,0,0
2026-06-07,696149,20,7,2,4.650658,20.0,11,0
2026-06-07,699823,6,1,1,2.887829,6.0,4,0
2026-06-07,700241,23,5,0,6.017,23.0,18,2
2026-06-07,702021,10,1,1,3.0878289999999997,10.0,8,0
2026-06-07,702070,23,7,0,3.598,23.0,16,0
2026-06-07,702193,8,4,0,3.061,8.0,4,1
2026-06-07,800311,5,2,0,1.049,5.0,3,0
2026-06-07,805427,4,1,1,0.72877,2.0,1,0
2026-06-07,815083,3,3,0,0.0,3.0,0,0
2026-06-08,489446,5,1,1,1.9138290000000002,5.0,3,0
2026-06-08,542888,5,0,2,2.294829,4.0,3,1
2026-06-08,543056,5,0,2,1.687658,5.0,3,0
2026-06-08,544150,9,3,1,2.7568289999999998,9.0,5,1
2026-06-08,571578,18,3,4,8.242086,17.0,9,1
2026-06-08,571945,17,2,0,3.177,17.0,15,0
2026-06-08,592094,4,3,1,0.697829,4.0,0,0
2026-06-08,592155,4,1,0,0.432,3.0,2,0
2026-06-08,594027,5,2,0,0.7949999999999999,5.0,3,0
2026-06-08,605130,7,1,1,3.8360000000000003,6.0,5,1
2026-06-08,605488,25,3,2,9.881658,24.0,19,2
2026-06-08,621111,22,4,2,8.216658,22.0,16,1
2026-06-08,621112,4,1,0,2.451,4.0,3,1
2026-06-08,622088,6,0,0,1.151,4.0,6,0
2026-06-08,623352,3,3,0,0.0,3.0,0,0
2026-06-08,641329,4,1,0,0.913,4.0,3,0
2026-06-08,641745,5,1,1,1.6638290000000002,5.0,3,0
2026-06-08,642232,3,0,1,1.072829,3.0,2,0
2026-06-08,643410,4,1,2,1.630658,4.0,1,0
2026-06-08,650556,3,1,0,0.8599999999999999,3.0,2,0
2026-06-08,650911,26,10,1,5.708829,26.0,15,2
2026-06-08,656234,3,2,1,0.697829,3.0,0,0
2026-06-08,657277,27,7,0,7.695,27.0,20,2
2026-06-08,657612,3,0,0,0.07100000000000001,3.0,3,0
2026-06-08,660761,7,4,0,0.306,7.0,3,0
2026-06-08,660825,5,0,1,3.817829,5.0,4,1
2026-06-08,660853,5,1,0,2.86,5.0,4,1
2026-06-08,661395,4,0,0,1.247,4.0,4,0
2026-06-08,662253,4,2,1,0.836829,4.0,1,0
2026-06-08,663687,7,3,1,2.046829,7.0,3,0
2026-06-08,663992,5,1,0,2.5380000000000003,5.0,4,0
2026-06-08,664076,3,1,0,0.286,3.0,2,0
2026-06-08,665622,7,2,0,2.77,7.0,5,1
2026-06-08,666171,5,3,2,1.395658,5.0,0,0
2026-06-08,666374,4,1,1,1.866599,4.0,1,0
2026-06-08,666808,3,0,0,1.201,3.0,3,0
2026-06-08,667297,4,1,0,1.381,4.0,3,0
2026-06-08,668909,22,5,3,8.733487,21.0,13,2
2026-06-08,668984,4,1,0,0.514,4.0,3,0
2026-06-08,669270,6,4,0,0.41300000000000003,6.0,2,0
2026-06-08,669711,3,1,1,0.841829,3.0,1,0
2026-06-08,670059,3,1,1,0.7658290000000001,3.0,1,0
2026-06-08,670280,6,3,1,1.3498290000000002,6.0,2,0
2026-06-08,670970,5,1,0,0.505,5.0,4,0
2026-06-08,671096,24,6,2,6.132658,24.0,16,0
2026-06-08,671922,5,3,0,0.641,5.0,2,0
2026-06-08,671936,3,1,1,0.7528290000000001,3.0,1,0
2026-06-08,676106,21,3,2,8.593428,21.0,15,2
2026-06-08,676775,6,1,0,3.72877,6.0,4,1
2026-06-08,676879,9,3,0,3.609,9.0,6,1
2026-06-08,680570,25,6,2,8.440829,24.0,17,2
2026-06-08,680573,13,3,0,2.764,13.0,10,0
2026-06-08,680723,7,2,0,2.547,7.0,5,1
2026-06-08,680730,8,2,0,4.869,8.0,6,1
2026-06-08,681293,26,7,4,7.377086,26.0,14,1
2026-06-08,681402,5,2,1,2.272829,5.0,2,1
2026-06-08,681867,6,0,1,1.956829,6.0,5,0
2026-06-08,681916,1,0,0,0.01,1.0,1,0
2026-06-08,681982,9,3,1,1.248829,9.0,5,0
2026-06-08,682120,3,1,0,0.583,3.0,2,0
2026-06-08,682842,5,2,1,0.085,4.0,2,0
2026-06-08,683769,4,0,0,2.724,4.0,4,0
2026-06-08,685112,7,0,0,3.7560000000000002,7.0,7,1
2026-06-08,686993,2,1,0,0.169,2.0,1,0
2026-06-08,687330,4,1,0,1.66377,4.0,2,0
2026-06-08,687396,3,1,1,0.700829,3.0,1,0
2026-06-08,687911,4,0,0,1.327,4.0,4,0
2026-06-08,687941,2,1,0,1.331,2.0,1,1
2026-06-08,689296,9,2,1,1.457829,9.0,6,0
2026-06-08,690925,7,0,0,2.17577,5.0,6,0
2026-06-08,690986,17,4,2,8.478658,17.0,11,4
2026-06-08,691951,4,1,0,0.253,3.0,2,0
2026-06-08,693855,14,5,1,2.830829,14.0,8,1
2026-06-08,694346,19,0,1,8.464829,19.0,18,1
2026-06-08,694477,4,2,1,0.0,2.0,1,0
2026-06-08,695243,3,3,0,0.0,3.0,0,0
2026-06-08,696147,4,1,1,1.481829,4.0,2,0
2026-06-08,696519,2,1,0,0.03,2.0,1,0
2026-06-08,699134,4,0,1,3.152829,4.0,3,1
2026-06-08,701542,20,5,2,6.917428,20.0,11,1
2026-06-08,813349,23,6,4,6.569086,23.0,12,0
2026-06-09,471911,8,0,1,3.895829,8.0,7,0
2026-06-09,489446,3,2,0,0.247,3.0,1,0
2026-06-09,518585,6,4,1,0.784829,6.0,1,0
2026-06-09,519141,3,0,0,0.236,3.0,3,0
2026-06-09,542888,3,0,0,1.455,3.0,3,0
2026-06-09,543037,21,4,2,6.885428,21.0,13,1
2026-06-09,543135,23,3,3,10.950487,23.0,17,5
2026-06-09,552640,6,1,0,1.93,6.0,5,0
2026-06-09,554430,24,5,0,6.74477,24.0,18,2
2026-06-09,571948,5,1,1,0.892,4.0,3,0
2026-06-09,573124,4,1,1,0.840829,4.0,2,0
2026-06-09,592094,5,1,2,1.4146580000000002,5.0,2,0
2026-06-09,592454,4,1,0,0.987,4.0,3,0
2026-06-09,594580,3,2,0,0.247,3.0,1,0
2026-06-09,595014,5,3,2,1.395658,5.0,0,0
2026-06-09,605288,18,6,0,6.1587700000000005,18.0,11,3
2026-06-09,607067,26,2,3,12.979257,26.0,20,3
2026-06-09,607200,23,4,0,8.37777,22.0,16,3
2026-06-09,607259,27,2,0,7.764,27.0,25,1
2026-06-09,608337,20,3,5,6.394145,20.0,12,0
2026-06-09,608372,22,3,2,8.143658,22.0,17,1
2026-06-09,608718,9,3,1,2.053829,9.0,5,0
2026-06-09,621112,8,1,0,2.7039999999999997,8.0,7,0
2026-06-09,621237,2,1,0,0.267,2.0,1,0
2026-06-09,622088,4,2,0,0.673,4.0,2,0
2026-06-09,622554,3,0,1,0.8808290000000001,3.0,2,0
2026-06-09,622608,5,1,1,1.786829,5.0,3,0
2026-06-09,623454,3,2,1,0.697829,3.0,0,0
2026-06-09,628452,6,2,0,1.063,6.0,4,1
2026-06-09,640448,6,3,1,1.1178290000000002,6.0,2,0
2026-06-09,641329,3,0,0,0.511,3.0,3,0
2026-06-09,641778,20,5,0,5.378,20.0,15,1
2026-06-09,642100,4,0,0,1.3107700000000002,4.0,3,0
2026-06-09,642547,28,5,2,8.438198,28.0,19,1
2026-06-09,642701,7,1,2,2.780658,7.0,4,0
2026-06-09,646241,4,0,1,0.911829,4.0,3,0
2026-06-09,656222,5,0,0,3.942,5.0,5,2
2026-06-09,656234,3,0,1,1.572829,3.0,2,0
2026-06-09,656271,5,1,1,0.406,4.0,3,0
2026-06-09,656302,22,11,1,3.935829,22.0,10,0
2026-06-09,656457,3,0,1,0.9958290000000001,3.0,2,0
2026-06-09,656464,3,1,0,1.772,3.0,2,0
2026-06-09,656529,5,1,2,1.632658,5.0,2,0
2026-06-09,656546,4,2,0,0.393,4.0,2,0
2026-06-09,656550,18,2,2,6.644428,18.0,13,1
2026-06-09,656638,4,2,1,0.719829,4.0,1,0
2026-06-09,656848,6,1,2,2.371658,6.0,3,0
2026-06-09,656945,5,1,0,1.79,5.0,4,0
2026-06-09,657044,3,0,0,0.483,3.0,3,0
2026-06-09,657514,3,1,0,0.056,3.0,2,0
2026-06-09,657571,3,0,1,0.412,2.0,2,0
2026-06-09,657612,1,0,0,0.035,1.0,1,0
2026-06-09,661395,3,0,0,1.067,3.0,3,0
2026-06-09,663158,3,0,0,0.46099999999999997,3.0,3,0
2026-06-09,663568,23,3,1,7.741829,23.0,19,1
2026-06-09,663574,5,1,0,1.798,5.0,4,0
2026-06-09,663738,4,0,0,1.82,4.0,4,0
2026-06-09,663941,8,1,0,2.602,8.0,7,1
2026-06-09,663947,3,1,0,1.04477,3.0,1,0
2026-06-09,663992,1,0,0,0.255,1.0,1,0
2026-06-09,664126,5,2,1,0.8568290000000001,5.0,2,0
2026-06-09,664141,4,2,0,0.479,4.0,2,0
2026-06-09,664199,5,0,1,3.310829,5.0,4,1
2026-06-09,664875,6,2,2,1.474658,6.0,2,0
2026-06-09,665660,4,4,0,0.0,4.0,0,0
2026-06-09,666808,3,0,0,1.203,3.0,3,0
2026-06-09,668390,2,0,0,0.098,2.0,2,0
2026-06-09,668678,26,3,1,9.562829,26.0,22,1
2026-06-09,669020,5,1,1,1.800829,5.0,3,0
2026-06-09,669062,3,0,2,2.314658,3.0,1,1
2026-06-09,669160,22,6,1,5.317829000000001,22.0,15,1
2026-06-09,669211,5,0,0,0.397,5.0,5,0
2026-06-09,669270,5,1,1,2.024829,5.0,3,0
2026-06-09,669302,23,5,2,7.202658,23.0,16,3
2026-06-09,669330,3,1,0,0.775,3.0,2,0
2026-06-09,669372,28,5,3,8.896487,28.0,20,1
2026-06-09,669432,24,3,1,9.902829,23.0,19,2
2026-06-09,669622,2,2,0,0.0,2.0,0,0
2026-06-09,669724,3,0,0,0.83077,3.0,2,0
2026-06-09,670036,3,0,0,1.229,3.0,3,0
2026-06-09,670059,4,0,1,1.044829,3.0,2,0
2026-06-09,670167,2,1,0,0.005,2.0,1,0
2026-06-09,670329,4,0,0,2.531,4.0,4,2
2026-06-09,670970,5,3,0,1.129,5.0,2,0
2026-06-09,671737,23,3,3,10.130487,23.0,17,4
2026-06-09,672335,3,0,0,1.103,3.0,3,0
2026-06-09,673513,4,1,0,2.03,4.0,3,1
2026-06-09,674444,4,2,0,0.945,4.0,2,1
2026-06-09,674841,21,4,5,6.983145,21.0,12,0
2026-06-09,675512,23,5,0,7.04477,23.0,17,2
2026-06-09,676477,4,1,0,1.774,4.0,3,0
2026-06-09,676534,4,0,1,1.982829,4.0,3,0
2026-06-09,676604,4,1,2,2.124428,4.0,0,0
2026-06-09,676974,25,5,2,9.335428,24.0,16,2
2026-06-09,677865,7,2,0,2.382,7.0,5,1
2026-06-09,677944,23,7,2,7.305658,23.0,14,1
2026-06-09,677955,4,1,0,0.647,4.0,3,0
2026-06-09,678020,4,0,1,1.596829,4.0,3,0
2026-06-09,678606,8,1,1,4.459829,8.0,6,2
2026-06-09,678906,25,5,3,9.216027,25.0,15,0
2026-06-09,679358,5,1,0,2.25477,5.0,3,2
2026-06-09,680702,9,1,0,3.568,9.0,8,1
2026-06-09,681799,5,0,1,2.043829,5.0,4,0
2026-06-09,681916,4,1,1,1.000829,4.0,2,0
2026-06-09,682120,6,1,1,2.392829,6.0,4,1
2026-06-09,682997,5,0,1,2.165829,5.0,4,0
2026-06-09,684049,8,1,3,3.722487,8.0,4,0
2026-06-09,685126,6,1,1,2.549829,6.0,4,0
2026-06-09,686930,6,4,0,0.9199999999999999,6.0,2,0
2026-06-09,686973,5,1,1,1.683829,5.0,3,0
2026-06-09,687209,3,0,0,0.497,3.0,3,0
2026-06-09,687330,3,0,0,0.854,3.0,3,0
2026-06-09,687377,4,0,0,2.448,4.0,4,1
2026-06-09,688107,25,7,2,7.505658,25.0,16,2
2026-06-09,688158,8,4,1,1.613829,8.0,3,0
2026-06-09,689147,4,2,0,0.5700000000000001,4.0,2,0
2026-06-09,689254,3,1,0,0.45899999999999996,3.0,2,0
2026-06-09,689266,7,1,2,3.8866579999999997,7.0,4,1
2026-06-09,689441,9,0,1,0.9450000000000001,8.0,8,0
2026-06-09,689520,3,1,0,0.236,3.0,2,0
2026-06-09,689546,5,1,0,1.41277,5.0,3,0
2026-06-09,690925,3,1,0,0.051,3.0,2,0
2026-06-09,691799,8,1,0,1.506,8.0,7,0
2026-06-09,694335,3,1,0,0.39,3.0,2,0
2026-06-09,694361,4,3,0,0.209,4.0,1,0
2026-06-09,694973,25,7,2,8.753658,25.0,16,3
2026-06-09,695001,10,0,1,3.223829,10.0,9,1
2026-06-09,695239,4,0,0,0.498,4.0,4,0
2026-06-09,695243,3,2,0,0.022,3.0,1,0
2026-06-09,695380,4,1,0,0.984,4.0,3,0
2026-06-09,695418,14,1,2,4.055658,14.0,11,0
2026-06-09,695505,24,7,2,6.7986580000000005,24.0,15,2
2026-06-09,696062,6,0,1,4.532829,6.0,5,1
2026-06-09,699134,5,2,0,1.179,5.0,3,0
2026-06-09,699823,2,0,0,0.519,2.0,2,0
2026-06-09,700712,24,7,5,6.332915,24.0,11,0
2026-06-09,801139,28,3,1,7.762599,25.0,20,1
2026-06-09,805123,9,2,2,2.331658,9.0,5,0
2026-06-09,805299,6,0,1,2.15577,5.0,4,0
2026-06-10,453286,18,4,3,5.2394870000000004,18.0,11,1
2026-06-10,519242,25,6,1,8.201599,25.0,17,0
2026-06-10,547179,19,7,2,2.863658,19.0,10,0
2026-06-10,571927,3,0,0,2.439,3.0,3,1
2026-06-10,573124,3,2,0,0.17,3.0,1,0
2026-06-10,573204,4,2,0,0.006,4.0,2,0
2026-06-10,592662,24,3,0,8.912,24.0,21,2
2026-06-10,593974,4,0,1,1.3578290000000002,4.0,3,0
2026-06-10,596001,6,3,0,2.19977,6.0,2,0
2026-06-10,605130,3,1,0,0.906,3.0,2,0
2026-06-10,607074,25,7,3,8.098487,25.0,15,1
2026-06-10,607455,6,1,1,0.8658290000000001,6.0,4,0
2026-06-10,607625,13,2,1,4.726829,13.0,10,1
2026-06-10,621237,4,2,0,0.849,4.0,2,0
2026-06-10,621381,5,1,0,1.837,5.0,4,1
2026-06-10,622554,3,0,0,0.34400000000000003,3.0,3,0
2026-06-10,622608,4,1,0,1.225,4.0,3,0
2026-06-10,623352,3,0,0,0.364,3.0,3,0
2026-06-10,641302,5,1,0,1.4100000000000001,5.0,4,1
2026-06-10,641745,2,0,0,0.563,2.0,2,0
2026-06-10,642121,3,1,1,2.688829,3.0,1,1
2026-06-10,642232,8,2,1,2.818829,8.0,5,1
2026-06-10,642397,5,0,0,2.5340000000000003,5.0,5,1
2026-06-10,642528,5,0,0,1.376,5.0,5,0
2026-06-10,643511,4,0,0,0.9380000000000001,4.0,4,0
2026-06-10,650556,2,0,0,1.181,2.0,2,0
2026-06-10,650633,30,3,3,11.688487,29.0,24,2
2026-06-10,656492,24,5,0,7.058,24.0,19,1
2026-06-10,656546,4,1,1,0.929829,4.0,2,0
2026-06-10,656638,7,1,2,3.050658,7.0,4,0
2026-06-10,656641,4,1,1,1.582829,4.0,2,0
2026-06-10,656730,4,2,0,0.6100000000000001,4.0,2,0
2026-06-10,656794,6,1,1,2.284829,6.0,4,0
2026-06-10,656849,20,1,2,9.113658000000001,20.0,17,4
2026-06-10,656876,24,13,1,4.324599,24.0,9,0
2026-06-10,657097,6,1,0,2.01,6.0,5,0
2026-06-10,657514,4,0,1,1.370829,4.0,3,0
2026-06-10,657571,3,0,0,2.299,3.0,3,1
2026-06-10,660271,29,6,3,10.152257,29.0,19,1
2026-06-10,660761,3,0,0,0.748,3.0,3,0
2026-06-10,660853,5,0,2,1.165829,3.0,3,0
2026-06-10,661395,4,1,0,1.376,4.0,3,0
2026-06-10,663436,25,6,0,8.76777,25.0,18,1
2026-06-10,663542,4,0,1,1.2448290000000002,4.0,3,0
2026-06-10,663567,24,6,0,5.987,24.0,18,3
2026-06-10,663574,3,1,0,0.75,3.0,2,0
2026-06-10,663687,3,0,0,0.44799999999999995,3.0,3,0
2026-06-10,663738,3,0,1,1.058829,3.0,2,0
2026-06-10,663767,5,0,3,2.7774870000000003,5.0,2,0
2026-06-10,663903,24,5,1,5.5168289999999995,24.0,18,0
2026-06-10,664076,5,1,1,1.973829,5.0,3,1
2026-06-10,664208,4,1,0,1.893,4.0,3,0
2026-06-10,664285,23,2,2,9.531198,23.0,17,2
2026-06-10,664991,5,0,1,1.3018290000000001,5.0,4,0
2026-06-10,665622,7,2,0,1.013,7.0,5,0
2026-06-10,665660,3,2,0,0.097,3.0,1,0
2026-06-10,665665,8,2,0,2.602,8.0,6,1
2026-06-10,666171,4,2,1,0.043,3.0,1,0
2026-06-10,666200,25,8,4,6.181316,24.0,12,0
2026-06-10,666661,1,1,0,0.0,1.0,0,0
2026-06-10,666974,4,2,0,0.30000000000000004,4.0,2,0
2026-06-10,667297,4,0,0,1.234,4.0,4,0
2026-06-10,668674,4,1,2,2.124428,4.0,0,0
2026-06-10,668941,4,1,0,1.5757700000000001,4.0,2,0
2026-06-10,668984,1,0,0,0.074,1.0,1,0
2026-06-10,669022,26,6,3,9.790487,26.0,17,1
2026-06-10,669165,5,0,2,3.757658,5.0,3,1
2026-06-10,669194,22,2,1,12.021369,22.0,17,2
2026-06-10,669199,9,3,1,1.8358290000000002,9.0,5,0
2026-06-10,669276,1,1,0,0.0,1.0,0,0
2026-06-10,669387,17,3,3,8.395487,17.0,11,2
2026-06-10,669467,24,5,2,6.584428,24.0,16,1
2026-06-10,669711,1,1,0,0.0,1.0,0,0
2026-06-10,669724,4,0,0,1.1199999999999999,4.0,4,0
2026-06-10,669923,27,10,3,9.145487,27.0,14,4
2026-06-10,670036,4,0,1,1.8878290000000002,4.0,3,0
2026-06-10,670167,3,1,0,0.312,3.0,2,0
2026-06-10,670245,9,0,0,2.589,9.0,9,0
2026-06-10,672282,22,9,0,4.638,22.0,13,2
2026-06-10,672335,5,3,0,0.44,5.0,2,0
2026-06-10,672782,6,1,1,3.623829,6.0,4,1
2026-06-10,674444,5,1,1,1.290829,5.0,3,0
2026-06-10,675848,3,2,0,0.08,3.0,1,0
2026-06-10,675916,4,1,0,1.423,4.0,3,1
2026-06-10,676051,6,1,2,2.467658,6.0,3,0
2026-06-10,676105,5,1,1,2.296829,5.0,3,0
2026-06-10,676263,4,1,0,1.621,4.0,3,1
2026-06-10,676760,6,1,0,1.5739999999999998,6.0,5,0
2026-06-10,676879,5,0,1,1.5378290000000001,5.0,4,0
2026-06-10,678022,20,4,3,9.223487,20.0,13,2
2026-06-10,680730,2,0,0,0.5700000000000001,2.0,2,0
2026-06-10,680742,1,0,0,0.008,1.0,1,0
2026-06-10,680744,4,1,1,1.6358290000000002,4.0,2,0
2026-06-10,680755,4,1,1,1.890829,4.0,2,0
2026-06-10,681217,4,1,0,1.995,4.0,3,1
2026-06-10,681402,3,0,1,2.588829,3.0,2,1
2026-06-10,681810,7,1,2,3.158658,7.0,4,0
2026-06-10,681895,1,1,0,0.0,1.0,0,0
2026-06-10,681911,2,0,0,0.384,2.0,2,0
2026-06-10,682445,12,0,2,6.441658,12.0,9,1
2026-06-10,682608,5,0,0,1.205,5.0,5,0
2026-06-10,683003,16,4,1,4.974829,16.0,11,1
2026-06-10,684007,19,7,2,3.426658,19.0,10,0
2026-06-10,686580,5,0,0,2.5909999999999997,5.0,5,2
2026-06-10,686753,10,1,1,2.781599,10.0,7,0
2026-06-10,687064,25,5,2,7.082658,25.0,18,0
2026-06-10,687075,21,3,1,4.472829,20.0,16,0
2026-06-10,687209,4,1,0,0.884,4.0,3,0
2026-06-10,687377,3,1,0,0.128,3.0,2,0
2026-06-10,687396,4,0,0,1.237,4.0,4,0
2026-06-10,687473,16,4,1,3.741829,16.0,11,1
2026-06-10,687531,8,3,2,1.7776580000000002,8.0,3,0
2026-06-10,687562,23,4,1,4.66,21.0,18,2
2026-06-10,687606,10,1,3,5.188487,10.0,6,1
2026-06-10,687911,1,1,0,0.0,1.0,0,0
2026-06-10,689225,7,0,1,2.1838290000000002,7.0,6,0
2026-06-10,689254,3,1,0,2.347,3.0,2,1
2026-06-10,693313,10,1,1,4.571829,10.0,8,0
2026-06-10,693686,5,2,0,0.926,5.0,3,0
2026-06-10,694037,3,0,1,1.537829,3.0,2,0
2026-06-10,694335,6,1,0,2.2920000000000003,6.0,5,1
2026-06-10,694477,3,0,0,4.555,3.0,3,2
2026-06-10,695534,3,0,0,0.8290000000000001,3.0,3,1
2026-06-10,696131,9,2,2,5.157428,9.0,4,1
2026-06-10,696147,4,1,0,1.595,4.0,3,0
2026-06-10,701519,6,3,1,2.016829,6.0,2,0
2026-06-10,702021,9,3,0,1.9969999999999999,9.0,6,0
2026-06-10,702193,7,3,1,2.212829,7.0,3,0
2026-06-10,702474,13,4,2,3.012428,13.0,6,0
2026-06-10,702752,10,2,0,3.838,10.0,8,1
2026-06-10,800048,25,4,3,6.075487,25.0,18,1
2026-06-10,800311,4,0,0,0.624,3.0,3,0
2026-06-10,805427,4,0,1,1.755829,4.0,3,0
2026-06-10,806188,4,0,0,0.673,4.0,4,0
2026-06-11,518876,23,1,2,6.272658,23.0,20,0
2026-06-11,548384,4,1,1,1.032829,4.0,2,0
2026-06-11,552640,4,0,0,0.771,4.0,4,0
2026-06-11,571948,3,0,0,1.194,3.0,3,0
2026-06-11,596133,3,0,0,0.859,3.0,3,1
2026-06-11,608379,29,2,1,9.425829,29.0,26,0
2026-06-11,621053,7,3,0,2.623,7.0,4,1
2026-06-11,621345,4,0,0,2.2439999999999998,4.0,4,1
2026-06-11,623149,4,1,0,0.51,4.0,3,0
2026-06-11,642207,3,2,0,0.099,3.0,1,0
2026-06-11,642701,3,0,0,0.952,3.0,3,0
2026-06-11,656577,6,0,1,1.727829,6.0,5,1
2026-06-11,656605,24,3,4,12.067856,24.0,15,1
2026-06-11,656641,6,3,0,0.844,6.0,3,0
2026-06-11,656848,4,1,0,1.3517700000000001,4.0,2,0
2026-06-11,656945,4,3,0,0.115,4.0,1,0
2026-06-11,663372,20,3,3,7.470487,20.0,14,1
2026-06-11,663947,6,2,0,1.919,6.0,4,0
2026-06-11,663969,18,5,2,3.8856580000000003,18.0,11,1
2026-06-11,664126,3,2,0,0.165,3.0,1,0
2026-06-11,664208,4,1,0,1.1059999999999999,4.0,3,0
2026-06-11,664991,1,0,0,0.112,1.0,1,0
2026-06-11,665795,22,5,2,8.637658,21.0,14,2
2026-06-11,666277,4,1,0,0.297,4.0,3,0
2026-06-11,668390,3,0,1,1.741829,3.0,2,0
2026-06-11,668941,5,1,0,1.3190000000000002,5.0,4,1
2026-06-11,669020,4,2,0,0.9129999999999999,4.0,2,0
2026-06-11,669330,10,4,1,1.707829,10.0,5,0
2026-06-11,669622,5,3,1,1.433829,5.0,1,0
2026-06-11,670329,4,0,0,0.9329999999999999,4.0,4,0
2026-06-11,670990,8,1,2,2.503658,8.0,5,0
2026-06-11,671111,8,3,0,3.33177,8.0,4,1
2026-06-11,672456,24,4,1,5.592829,24.0,19,0
2026-06-11,676263,3,2,0,0.045,3.0,1,0
2026-06-11,676534,3,2,0,0.335,3.0,1,0
2026-06-11,677865,3,1,0,1.384,3.0,2,0
2026-06-11,677958,20,3,2,7.361658,20.0,15,0
2026-06-11,680604,12,2,0,4.213,11.0,9,1
2026-06-11,680694,21,5,3,8.447487,21.0,13,2
2026-06-11,680736,21,1,2,9.491658,21.0,18,3
2026-06-11,681035,22,6,1,8.673829,22.0,15,3
2026-06-11,681895,7,1,1,2.4395990000000003,7.0,4,0
2026-06-11,681911,1,1,0,0.0,1.0,0,0
2026-06-11,683618,5,1,0,1.136,5.0,4,0
2026-06-11,684049,7,2,1,1.286829,7.0,4,0
2026-06-11,689225,3,1,0,0.382,3.0,2,0
2026-06-11,689520,6,1,1,2.097829,6.0,4,1
2026-06-11,689546,4,1,0,0.481,4.0,3,0
2026-06-11,690928,20,5,0,7.2170000000000005,20.0,15,2
2026-06-11,693433,23,4,1,10.896599,23.0,17,3
2026-06-11,694360,8,4,0,1.266,8.0,4,0
2026-06-11,694361,7,2,1,2.157829,7.0,4,0
2026-06-11,695239,4,1,0,0.9209999999999999,4.0,3,0
2026-06-11,695380,7,2,2,1.552658,7.0,3,0
2026-06-11,700669,2,1,0,0.447,2.0,1,0
2026-06-11,805299,4,2,1,0.7238290000000001,4.0,1,0
2026-06-11,805673,28,4,1,9.365829,28.0,23,4
2026-06-12,518585,5,2,1,1.0418290000000001,5.0,2,0
2026-06-12,543056,4,0,0,1.772,4.0,4,0
2026-06-12,543243,23,7,0,3.6020000000000003,23.0,16,0
2026-06-12,548384,5,1,0,2.3520000000000003,5.0,4,1
2026-06-12,552640,3,0,0,0.887,3.0,3,0
2026-06-12,571948,3,0,0,0.43999999999999995,3.0,3,0
2026-06-12,573124,4,2,2,1.395658,4.0,0,0
2026-06-12,592454,3,1,0,0.07700000000000001,3.0,2,0
2026-06-12,592773,7,1,0,3.816,7.0,6,2
2026-06-12,593958,15,3,5,6.730145,15.0,7,1
2026-06-12,593974,8,3,2,2.076829,7.0,3,0
2026-06-12,594027,3,0,0,0.461,3.0,3,0
2026-06-12,595014,4,0,0,1.7810000000000001,4.0,4,0
2026-06-12,595345,9,0,0,3.118,9.0,9,0
2026-06-12,607455,3,0,0,0.983,3.0,3,0
2026-06-12,615698,9,1,0,4.49454,9.0,6,1
2026-06-12,621074,3,1,0,0.27,3.0,2,0
2026-06-12,621097,5,1,1,1.8518290000000002,5.0,3,0
2026-06-12,621381,4,0,0,2.48,4.0,4,1
2026-06-12,621383,6,2,2,1.989658,6.0,2,0
2026-06-12,622088,5,0,0,0.269,3.0,3,0
2026-06-12,623149,3,1,0,0.085,3.0,2,0
2026-06-12,623211,5,4,0,0.126,5.0,1,0
2026-06-12,623352,3,0,0,0.792,3.0,3,1
2026-06-12,623454,6,1,0,2.08,6.0,5,0
2026-06-12,641743,22,7,1,5.7063690000000005,21.0,11,0
2026-06-12,641793,10,0,1,6.724829,10.0,9,2
2026-06-12,641835,4,2,0,1.214,4.0,2,1
2026-06-12,642207,6,2,0,1.695,6.0,4,0
2026-06-12,642528,3,1,0,0.23600000000000002,3.0,2,0
2026-06-12,642546,10,1,4,3.832316,10.0,5,0
2026-06-12,643511,3,1,0,0.358,3.0,2,0
2026-06-12,645261,30,7,1,6.450829,30.0,22,1
2026-06-12,656234,5,1,0,1.736,5.0,4,0
2026-06-12,656271,7,0,2,2.941829,6.0,5,1
2026-06-12,656288,24,6,5,9.952145,24.0,13,3
2026-06-12,656427,13,1,1,4.384829,13.0,11,0
2026-06-12,656464,5,0,1,1.37,4.0,4,0
2026-06-12,656529,3,0,0,0.255,3.0,3,0
2026-06-12,657044,5,1,1,2.901829,5.0,3,1
2026-06-12,657514,3,2,0,0.231,3.0,1,0
2026-06-12,657746,24,8,0,7.753,24.0,16,1
2026-06-12,660853,4,1,0,1.754,4.0,3,0
2026-06-12,663423,7,2,0,2.512,7.0,5,1
2026-06-12,663542,3,0,0,0.622,3.0,3,0
2026-06-12,663556,21,7,1,6.856829,21.0,13,1
2026-06-12,663687,4,2,0,0.837,4.0,2,0
2026-06-12,663767,4,1,0,1.099,4.0,3,0
2026-06-12,663878,7,1,0,1.392,7.0,6,1
2026-06-12,664141,7,1,0,1.2899999999999998,7.0,6,0
2026-06-12,664199,8,2,2,3.774658,8.0,4,1
2026-06-12,665871,21,5,1,3.753829,21.0,15,0
2026-06-12,666157,26,5,1,7.5791390000000005,25.0,16,0
2026-06-12,666171,2,1,1,0.697829,2.0,0,0
2026-06-12,666277,3,0,0,0.983,3.0,3,0
2026-06-12,666808,5,2,1,1.458829,5.0,2,0
2026-06-12,666974,3,3,0,0.0,3.0,0,0
2026-06-12,667463,4,2,0,0.436,4.0,2,0
2026-06-12,668674,8,0,1,1.576829,8.0,7,0
2026-06-12,669062,2,0,0,1.7859999999999998,2.0,2,1
2026-06-12,669211,4,0,0,2.646,4.0,4,3
2026-06-12,669212,3,0,0,0.984,3.0,3,0
2026-06-12,669358,24,1,2,9.353428000000001,23.0,19,1
2026-06-12,669438,18,3,2,4.510829,14.0,11,2
2026-06-12,669684,3,0,0,1.755,3.0,3,1
2026-06-12,670950,6,2,0,0.42800000000000005,6.0,4,0
2026-06-12,671922,3,1,0,0.355,3.0,2,0
2026-06-12,672335,5,0,0,1.438,5.0,5,1
2026-06-12,672782,4,0,0,1.381,4.0,4,0
2026-06-12,674444,6,1,0,0.728,6.0,5,0
2026-06-12,675911,17,3,1,7.1075990000000004,17.0,12,2
2026-06-12,676105,4,1,1,0.792829,4.0,2,0
2026-06-12,676254,3,1,0,0.5930000000000001,3.0,2,0
2026-06-12,676440,25,8,2,9.084658000000001,24.0,14,3
2026-06-12,677952,22,4,2,6.878658000000001,22.0,16,1
2026-06-12,677960,20,2,1,6.591599,19.0,15,2
2026-06-12,678020,5,1,1,4.433829,5.0,3,2
2026-06-12,679358,4,1,1,1.653829,4.0,2,0
2026-06-12,679883,10,0,3,5.464487,10.0,7,1
2026-06-12,680744,7,3,0,0.849,7.0,4,0
2026-06-12,680755,6,1,1,1.9388290000000001,6.0,4,1
2026-06-12,681168,7,0,1,2.697829,7.0,6,0
2026-06-12,681217,4,2,0,1.043,4.0,2,0
2026-06-12,681402,4,1,0,1.189,4.0,3,1
2026-06-12,681517,22,5,1,8.207829,22.0,16,4
2026-06-12,682243,26,7,0,8.722,25.0,18,2
2026-06-12,683000,17,2,2,3.923658,17.0,13,0
2026-06-12,683004,25,3,2,8.125658,25.0,20,0
2026-06-12,683618,3,2,0,0.873,3.0,1,0
2026-06-12,683769,3,0,0,0.395,2.0,2,0
2026-06-12,686930,6,1,0,0.9440000000000001,6.0,5,0
2026-06-12,686973,3,2,0,0.44,3.0,1,0
2026-06-12,686993,4,1,0,2.585,4.0,3,1
2026-06-12,687209,6,1,2,2.102658,6.0,3,0
2026-06-12,687396,4,1,1,1.288829,4.0,2,0
2026-06-12,687606,9,1,0,2.6959999999999997,9.0,8,0
2026-06-12,687911,5,1,1,2.0565990000000003,5.0,2,0
2026-06-12,688158,5,2,0,2.10277,5.0,2,0
2026-06-12,688642,16,2,2,5.689428,16.0,11,1
2026-06-12,689254,4,1,0,1.157,4.0,3,0
2026-06-12,689296,4,2,1,0.821829,4.0,1,0
2026-06-12,690997,18,6,4,4.955316,18.0,8,0
2026-06-12,691725,24,3,3,7.825487,23.0,18,2
2026-06-12,691951,21,4,3,5.889487,21.0,14,0
2026-06-12,694738,20,5,2,6.005658,20.0,13,1
2026-06-12,694819,27,15,0,2.327,27.0,12,0
2026-06-12,695611,21,6,1,5.294829,21.0,14,0
2026-06-12,696062,12,2,3,6.252487,12.0,7,1
2026-06-12,696131,13,3,3,6.789257,13.0,6,2
2026-06-12,699008,9,1,1,2.663829,9.0,7,0
2026-06-12,700669,4,0,2,2.4746580000000002,4.0,2,1
2026-06-12,702056,25,3,6,9.553974,25.0,16,1
2026-06-12,702193,3,0,0,0.599,3.0,3,0
2026-06-12,702275,18,5,2,4.272829,17.0,11,0
2026-06-12,805123,7,2,1,2.089829,7.0,4,0
2026-06-12,805427,4,2,0,1.204,4.0,2,0
2026-06-12,807743,12,2,0,1.7367700000000001,12.0,9,0
2026-06-12,808963,23,4,3,8.685487,23.0,16,2
2026-06-12,815083,13,2,2,3.094658,11.0,7,0
2026-06-12,837227,7,1,1,2.8818289999999998,7.0,5,0
2026-06-13,445276,3,2,0,0.013,3.0,1,0
2026-06-13,489446,3,1,0,1.106,3.0,2,1
2026-06-13,518585,6,1,3,2.1324870000000002,6.0,2,0
2026-06-13,518886,4,1,0,1.863,4.0,3,0
2026-06-13,527048,20,4,1,5.590829,20.0,15,0
2026-06-13,543056,2,0,0,0.11599999999999999,2.0,2,0
2026-06-13,544150,17,1,0,7.795,17.0,16,3
2026-06-13,547973,4,2,0,0.465,4.0,2,0
2026-06-13,573204,5,1,0,2.045,5.0,4,1
2026-06-13,592094,4,0,0,1.116,4.0,4,0
2026-06-13,592155,6,2,1,1.425829,6.0,3,0
2026-06-13,592332,25,7,2,3.654658,24.0,15,0
2026-06-13,592773,3,1,0,0.075,3.0,2,0
2026-06-13,594027,4,1,0,2.6857699999999998,4.0,2,1
2026-06-13,594798,23,5,0,5.428,23.0,18,0
2026-06-13,605130,4,0,1,1.032829,4.0,3,0
2026-06-13,605400,22,3,2,7.411658,22.0,17,2
2026-06-13,607536,27,4,0,7.757,27.0,23,1
2026-06-13,608718,5,0,0,1.593,5.0,5,0
2026-06-13,621237,5,1,0,2.4939999999999998,5.0,4,1
2026-06-13,621381,3,0,0,2.00577,3.0,2,1
2026-06-13,622491,27,4,2,7.675657999999999,27.0,20,1
2026-06-13,624133,23,7,2,4.192658,23.0,14,0
2026-06-13,628452,4,1,1,1.5908289999999998,4.0,2,0
2026-06-13,640448,6,0,0,1.238,6.0,6,0
2026-06-13,640455,22,6,0,6.4,22.0,16,2
2026-06-13,641745,8,1,2,2.930658,8.0,5,0
2026-06-13,641835,2,0,0,0.989,2.0,2,0
2026-06-13,642100,1,0,0,0.137,1.0,1,0
2026-06-13,642121,8,2,1,5.773829,8.0,5,1
2026-06-13,642397,4,1,0,0.7849999999999999,4.0,3,0
2026-06-13,643377,20,5,0,5.808,20.0,15,1
2026-06-13,643410,4,1,0,0.548,3.0,2,0
2026-06-13,643511,5,1,0,1.364,5.0,4,0
2026-06-13,647336,23,7,0,5.60677,23.0,15,2
2026-06-13,650556,3,0,0,1.405,3.0,3,0
2026-06-13,650960,3,1,0,0.209,3.0,2,0
2026-06-13,656529,5,2,0,1.72377,5.0,2,0
2026-06-13,656638,7,1,1,2.190829,7.0,5,1
2026-06-13,656730,5,3,1,0.558,4.0,1,0
2026-06-13,656848,6,3,0,0.489,6.0,3,0
2026-06-13,657571,4,1,1,0.881829,3.0,1,0
2026-06-13,660761,8,0,2,3.306428,8.0,5,0
2026-06-13,660825,3,1,0,0.802,3.0,2,0
2026-06-13,660853,4,0,1,2.1068290000000003,4.0,3,0
2026-06-13,661395,3,1,0,0.222,3.0,2,0
2026-06-13,663158,3,1,0,0.7569999999999999,3.0,2,0
2026-06-13,663574,3,0,0,0.339,3.0,3,0
2026-06-13,663738,3,0,0,0.549,3.0,3,0
2026-06-13,663947,3,0,0,0.52,3.0,3,0
2026-06-13,663992,6,0,1,2.390829,6.0,5,0
2026-06-13,664076,3,1,0,1.5190000000000001,3.0,2,0
2026-06-13,664208,5,1,1,1.320829,5.0,3,0
2026-06-13,664875,6,2,0,4.569,6.0,4,2
2026-06-13,665660,3,2,0,0.202,3.0,1,0
2026-06-13,665665,7,2,1,4.226829,7.0,4,2
2026-06-13,666661,4,3,0,1.645,4.0,1,1
2026-06-13,667463,4,0,0,1.763,4.0,4,1
2026-06-13,667755,19,5,2,4.903658,19.0,12,0
2026-06-13,668390,4,2,0,0.46,4.0,2,0
2026-06-13,668873,4,2,0,1.422,4.0,2,1
2026-06-13,668941,2,0,0,0.262,2.0,2,0
2026-06-13,669199,9,4,1,1.9005990000000001,9.0,3,0
2026-06-13,669211,4,0,1,1.545829,4.0,3,0
2026-06-13,669270,3,1,0,0.917,3.0,2,0
2026-06-13,669276,3,1,0,0.682,3.0,2,0
2026-06-13,669373,21,4,1,5.569599,20.0,15,1
2026-06-13,669461,18,4,1,8.125829,18.0,13,3
2026-06-13,669622,7,2,1,2.132599,7.0,3,0
2026-06-13,670059,5,2,0,1.96177,5.0,2,1
2026-06-13,670167,7,3,0,2.072,7.0,4,1
2026-06-13,670280,3,3,0,0.0,3.0,0,0
2026-06-13,670970,1,0,0,0.458,1.0,1,0
2026-06-13,670990,5,3,1,0.925829,5.0,1,0
2026-06-13,671922,6,2,1,1.390829,6.0,3,0
2026-06-13,673513,4,2,0,0.916,4.0,2,0
2026-06-13,675660,23,7,0,5.932,23.0,16,1
2026-06-13,675848,4,1,0,0.31,4.0,3,0
2026-06-13,676254,4,0,0,1.0997700000000001,4.0,3,0
2026-06-13,676282,21,4,0,5.491,21.0,17,1
2026-06-13,676477,3,1,0,0.469,3.0,2,0
2026-06-13,676534,5,1,1,1.182829,5.0,3,0
2026-06-13,676571,3,1,1,1.202829,3.0,1,0
2026-06-13,676617,6,1,3,2.4334870000000004,6.0,2,0
2026-06-13,676760,3,0,0,1.70177,3.0,2,0
2026-06-13,676917,20,5,0,6.1077699999999995,20.0,14,1
2026-06-13,676962,23,3,3,9.027487,23.0,17,1
2026-06-13,677955,5,0,2,1.606599,4.0,2,0
2026-06-13,678020,4,1,1,1.189829,4.0,2,0
2026-06-13,678606,4,0,1,1.483829,4.0,3,0
2026-06-13,680723,8,3,2,1.692658,8.0,3,0
2026-06-13,680732,22,6,5,8.794145,22.0,11,1
2026-06-13,681190,23,5,2,5.911658,22.0,15,1
2026-06-13,681347,24,5,2,7.473658,24.0,17,1
2026-06-13,681799,4,2,0,1.17077,4.0,1,0
2026-06-13,681810,9,3,0,3.31,9.0,6,1
2026-06-13,681911,2,0,0,0.14500000000000002,2.0,2,0
2026-06-13,681916,5,2,0,0.5609999999999999,5.0,3,0
2026-06-13,682120,3,2,0,0.855,3.0,1,0
2026-06-13,682254,6,0,0,2.113,6.0,6,0
2026-06-13,682608,5,0,0,2.5810000000000004,5.0,5,1
2026-06-13,683155,18,4,1,4.741829,18.0,13,1
2026-06-13,683769,4,0,1,1.658829,4.0,3,0
2026-06-13,685126,5,1,0,2.064,5.0,4,1
2026-06-13,686580,4,1,0,0.4,4.0,3,0
2026-06-13,686790,20,4,3,9.389257,20.0,12,3
2026-06-13,686973,5,1,0,3.292,5.0,4,2
2026-06-13,687377,3,0,0,1.1340000000000001,3.0,3,0
2026-06-13,687570,26,2,2,10.388428000000001,26.0,21,2
2026-06-13,687911,3,1,0,0.486,3.0,2,0
2026-06-13,688297,3,0,1,0.9668289999999999,3.0,2,0
2026-06-13,689147,3,0,0,0.617,3.0,3,0
2026-06-13,693645,29,7,4,8.516316,29.0,18,0
2026-06-13,694335,5,2,0,0.135,5.0,3,0
2026-06-13,694346,22,7,5,6.595915,22.0,9,1
2026-06-13,694477,8,1,0,3.974,8.0,7,1
2026-06-13,695001,5,0,0,0.445,5.0,5,0
2026-06-13,695076,25,6,2,7.5114279999999995,24.0,15,1
2026-06-13,695239,3,1,1,1.034829,3.0,1,0
2026-06-13,695380,3,2,0,0.109,3.0,1,0
2026-06-13,695418,6,2,1,1.008829,5.0,2,0
2026-06-13,695534,8,1,0,1.80377,7.0,5,0
2026-06-13,696149,22,6,1,5.710599,22.0,14,0
2026-06-13,696519,8,2,2,1.424658,8.0,4,0
2026-06-13,697812,16,3,5,6.738685,16.0,6,1
2026-06-13,699134,5,0,1,1.362829,5.0,4,0
2026-06-13,699823,3,1,0,0.691,3.0,2,0
2026-06-13,701519,9,1,1,4.666829,9.0,7,1
2026-06-13,702070,20,1,0,8.342,20.0,19,2
2026-06-13,800311,3,3,0,0.0,3.0,0,0
2026-06-13,806188,7,1,1,2.3768290000000003,7.0,5,0
2026-06-13,808967,27,7,0,6.688,27.0,20,1
2026-06-14,518886,4,0,2,2.176428,4.0,1,0
2026-06-14,519141,8,0,0,2.836,8.0,8,1
2026-06-14,543135,26,6,1,5.916829,26.0,19,0
2026-06-14,571578,18,3,0,5.283,18.0,15,1
2026-06-14,571945,23,3,0,4.938,23.0,20,0
2026-06-14,571948,3,0,0,0.34900000000000003,2.0,3,0
2026-06-14,592094,3,0,0,1.276,3.0,3,0
2026-06-14,592454,4,1,1,1.0958290000000002,4.0,2,0
2026-06-14,594580,3,0,0,0.077,1.0,1,0
2026-06-14,595014,4,1,0,0.7110000000000001,4.0,3,0
2026-06-14,596001,5,1,0,1.897,5.0,4,0
2026-06-14,605130,6,1,2,4.605658,6.0,3,1
2026-06-14,605488,20,5,0,4.452,18.0,13,1
2026-06-14,607067,24,2,3,7.776257,23.0,18,1
2026-06-14,607200,13,4,2,2.912829,12.0,7,0
2026-06-14,607455,3,0,1,1.655829,3.0,2,0
2026-06-14,608372,26,2,2,8.206658000000001,26.0,22,1
2026-06-14,608718,6,0,0,2.949,6.0,6,1
2026-06-14,621074,4,2,0,1.258,4.0,2,1
2026-06-14,621111,21,5,0,5.361,21.0,16,0
2026-06-14,621345,2,1,0,0.364,2.0,1,0
2026-06-14,621383,4,1,0,0.8200000000000001,4.0,3,0
2026-06-14,622088,5,0,0,0.915,4.0,4,0
2026-06-14,622554,6,2,2,2.7046580000000002,6.0,2,0
2026-06-14,623149,4,1,1,0.972829,4.0,2,0
2026-06-14,623211,3,0,0,0.437,3.0,3,0
2026-06-14,625643,5,1,2,1.6006580000000001,5.0,2,0
2026-06-14,641329,4,2,0,1.02977,4.0,1,0
2026-06-14,642546,3,0,0,0.9830000000000001,3.0,3,0
2026-06-14,642547,20,2,1,4.9158290000000004,20.0,17,0
2026-06-14,650911,25,3,1,9.440829,25.0,21,3
2026-06-14,650960,5,1,1,1.782829,5.0,3,0
2026-06-14,656234,4,1,0,1.7630000000000001,4.0,3,1
2026-06-14,656464,5,2,0,1.153,5.0,3,0
2026-06-14,656546,3,2,0,0.273,3.0,1,0
2026-06-14,656641,4,2,0,0.179,4.0,2,0
2026-06-14,656794,8,4,1,2.241829,8.0,3,1
2026-06-14,657097,1,0,0,0.005,1.0,1,0
2026-06-14,657277,30,7,0,6.258,30.0,23,0
2026-06-14,657612,3,1,0,0.106,3.0,2,0
2026-06-14,662253,2,0,1,1.2798289999999999,2.0,1,0
2026-06-14,663542,4,0,0,3.07,4.0,3,2
2026-06-14,663568,26,4,1,7.671829,26.0,21,1
2026-06-14,663738,3,0,0,0.328,3.0,3,0
2026-06-14,663767,5,1,0,1.265,5.0,4,0
2026-06-14,663878,4,2,0,1.5939999999999999,4.0,2,1
2026-06-14,663978,5,0,1,2.368829,4.0,4,0
2026-06-14,664076,2,2,0,0.0,2.0,0,0
2026-06-14,664126,4,2,0,2.396,4.0,2,1
2026-06-14,665622,10,0,1,3.520829,9.0,8,1
2026-06-14,666126,9,0,2,3.302658,8.0,6,0
2026-06-14,666171,3,1,0,0.44,3.0,2,0
2026-06-14,666277,8,3,0,3.244,8.0,5,1
2026-06-14,666661,3,0,0,0.786,2.0,2,0
2026-06-14,666808,3,2,0,0.531,3.0,1,0
2026-06-14,666974,6,2,0,2.086,6.0,4,0
2026-06-14,667297,3,0,1,2.3658289999999997,3.0,2,1
2026-06-14,668678,25,4,2,9.861428,25.0,18,3
2026-06-14,668873,3,2,0,0.123,3.0,1,0
2026-06-14,668941,5,1,1,2.891829,5.0,3,0
2026-06-14,668984,7,1,0,2.80777,7.0,5,0
2026-06-14,669020,4,0,0,0.474,4.0,4,0
2026-06-14,669432,24,4,2,5.0726580000000006,24.0,18,0
2026-06-14,669620,11,1,0,3.413,11.0,10,1
2026-06-14,669711,5,1,0,1.363,5.0,4,0
2026-06-14,670245,8,1,0,3.41977,8.0,6,0
2026-06-14,670280,5,0,0,2.189,5.0,5,0
2026-06-14,670329,5,1,1,2.8128290000000002,5.0,3,1
2026-06-14,670970,4,0,0,0.602,4.0,4,0
2026-06-14,671096,21,5,3,6.6944870000000005,20.0,12,1
2026-06-14,671737,27,7,1,7.990829,27.0,19,2
2026-06-14,672335,4,0,1,0.939829,4.0,3,0
2026-06-14,672782,3,1,0,0.887,3.0,2,1
2026-06-14,674444,2,1,0,0.055,2.0,1,0
2026-06-14,675916,3,2,1,0.697829,3.0,0,0
2026-06-14,676106,21,2,0,7.436,21.0,19,2
2026-06-14,676263,6,1,0,2.895,6.0,5,1
2026-06-14,676534,5,1,0,1.90277,5.0,3,1
2026-06-14,676571,5,0,0,1.782,5.0,5,1
2026-06-14,676604,3,0,0,0.44,3.0,3,0
2026-06-14,676755,6,1,2,1.774658,6.0,3,0
2026-06-14,676879,7,3,0,0.382,7.0,4,0
2026-06-14,676974,28,9,3,7.850257,28.0,15,0
2026-06-14,678606,4,1,0,0.8510000000000001,4.0,3,0
2026-06-14,680570,12,1,2,5.740428,12.0,8,1
2026-06-14,680604,4,0,0,3.265,4.0,4,1
2026-06-14,680755,5,1,1,1.955829,5.0,3,1
2026-06-14,681217,3,1,0,0.8,3.0,2,0
2026-06-14,681293,26,7,1,6.451829,26.0,18,0
2026-06-14,681799,6,0,2,2.142658,6.0,4,0
2026-06-14,681895,3,0,0,0.752,3.0,3,0
2026-06-14,682769,12,2,0,4.51077,12.0,9,0
2026-06-14,682842,4,0,0,1.143,4.0,4,0
2026-06-14,683627,6,2,0,2.215,6.0,4,0
2026-06-14,684049,7,1,0,2.64277,7.0,5,0
2026-06-14,686218,21,8,1,5.709599,21.0,11,2
2026-06-14,687209,5,2,1,1.068829,5.0,2,0
2026-06-14,687330,7,3,0,0.9139999999999999,7.0,4,1
2026-06-14,687396,3,1,0,0.069,3.0,2,0
2026-06-14,689254,4,0,1,1.268829,4.0,3,0
2026-06-14,689266,4,1,2,1.635658,4.0,1,0
2026-06-14,689296,4,0,1,1.794829,4.0,3,0
2026-06-14,689546,5,2,1,1.5798290000000001,5.0,2,0
2026-06-14,690925,3,2,0,0.381,3.0,1,0
2026-06-14,690986,21,3,0,4.87277,21.0,17,0
2026-06-14,691799,8,1,0,2.36,8.0,7,2
2026-06-14,693686,10,2,1,2.184829,10.0,7,0
2026-06-14,693821,24,2,2,9.713658,24.0,20,1
2026-06-14,693855,16,3,3,4.066257,16.0,9,0
2026-06-14,694973,23,10,1,5.673829,23.0,12,2
2026-06-14,695001,3,0,0,1.388,3.0,3,0
2026-06-14,695243,4,3,0,0.564,4.0,1,0
2026-06-14,695380,4,1,0,1.036,4.0,3,0
2026-06-14,696147,9,1,2,4.312658,9.0,6,1
2026-06-14,699134,5,2,1,0.955829,4.0,2,0
2026-06-14,700241,25,2,2,10.343658,25.0,21,1
2026-06-14,701542,21,1,3,7.288487,21.0,17,0
2026-06-14,702193,4,3,0,0.129,4.0,1,0
2026-06-14,813349,27,3,2,8.076658,26.0,21,2
2026-06-15,547179,22,5,1,7.158599000000001,22.0,15,1
2026-06-15,554430,23,9,3,4.245487,23.0,11,0
2026-06-15,571927,8,1,0,2.095,8.0,7,1
2026-06-15,573124,1,1,0,0.0,1.0,0,0
2026-06-15,573204,5,2,1,2.604829,5.0,2,1
2026-06-15,592155,3,2,1,0.697829,3.0,0,0
2026-06-15,593974,3,1,0,0.439,3.0,2,0
2026-06-15,595345,2,2,0,0.0,2.0,0,0
2026-06-15,605452,3,0,0,0.197,3.0,3,0
2026-06-15,606996,7,1,0,1.6059999999999999,7.0,6,1
2026-06-15,607259,22,6,1,7.388829,22.0,15,1
2026-06-15,608337,23,2,3,8.065487,23.0,18,1
2026-06-15,621097,6,1,0,1.766,6.0,5,1
2026-06-15,622608,5,0,1,1.5378290000000001,5.0,4,1
2026-06-15,623149,4,2,0,1.7359999999999998,4.0,2,2
2026-06-15,623454,12,5,2,2.398658,12.0,5,0
2026-06-15,640448,5,1,1,1.7368290000000002,5.0,3,0
2026-06-15,641778,26,4,3,9.041257,24.0,18,2
2026-06-15,641835,3,1,0,0.41600000000000004,3.0,2,0
2026-06-15,642528,3,0,0,0.552,3.0,3,0
2026-06-15,642701,3,2,0,0.288,3.0,1,0
2026-06-15,646241,3,1,0,0.55,3.0,2,0
2026-06-15,650556,4,2,0,1.036,4.0,2,1
2026-06-15,656271,5,1,1,3.387829,5.0,3,1
2026-06-15,656849,13,1,2,4.464658,12.0,9,0
2026-06-15,656945,3,1,0,0.222,3.0,2,0
2026-06-15,657097,4,1,0,1.189,4.0,3,0
2026-06-15,657514,3,0,1,2.126829,3.0,2,0
2026-06-15,657571,5,2,2,2.195658,5.0,1,0
2026-06-15,663767,4,1,0,1.9529999999999998,4.0,3,0
2026-06-15,663947,6,2,0,2.266,6.0,4,1
2026-06-15,664208,3,0,1,1.7185990000000002,3.0,1,0
2026-06-15,668964,11,1,3,4.1144870000000004,10.0,6,0
2026-06-15,669022,27,10,2,6.0246580000000005,27.0,15,2
2026-06-15,669160,28,9,1,4.324829,27.0,17,1
2026-06-15,669165,4,2,0,0.924,4.0,2,0
2026-06-15,669194,29,5,0,7.7677700000000005,29.0,23,1
2026-06-15,669372,26,3,2,8.336658,26.0,21,1
2026-06-15,669387,18,2,1,3.630829,18.0,15,1
2026-06-15,672782,4,1,0,0.523,4.0,3,0
2026-06-15,674841,18,5,1,5.740829,18.0,12,0
2026-06-15,675848,4,1,2,1.6486580000000002,4.0,1,0
2026-06-15,676684,5,0,0,1.87277,5.0,4,0
2026-06-15,677955,3,2,1,0.697829,3.0,0,0
2026-06-15,678020,2,0,1,1.589829,2.0,1,0
2026-06-15,678906,20,9,2,9.316198,20.0,7,3
2026-06-15,679358,6,1,0,0.781,6.0,5,0
2026-06-15,680742,5,2,0,0.829,5.0,3,0
2026-06-15,680767,5,0,2,2.304658,5.0,3,0
2026-06-15,681151,9,3,0,2.841,9.0,6,1
2026-06-15,681402,4,1,0,0.23099999999999998,4.0,3,0
2026-06-15,681911,1,0,0,0.447,1.0,1,0
2026-06-15,682608,3,1,0,1.051,3.0,2,0
2026-06-15,683003,21,4,1,6.698829,20.0,15,1
2026-06-15,684007,22,3,1,5.522829,22.0,18,1
2026-06-15,686930,8,1,0,3.0980000000000003,8.0,7,1
2026-06-15,686993,4,2,1,0.703829,4.0,1,0
2026-06-15,687473,26,1,3,12.475487,26.0,22,4
2026-06-15,687531,8,2,0,2.13777,8.0,5,0
2026-06-15,687765,20,1,1,6.476829,20.0,18,0
2026-06-15,690925,4,2,1,0.889829,4.0,1,0
2026-06-15,694037,4,3,1,0.697829,4.0,0,0
2026-06-15,694360,7,2,2,1.7156580000000001,7.0,3,0
2026-06-15,694361,3,0,0,0.877,3.0,3,0
2026-06-15,695418,11,2,1,3.557829,11.0,8,0
2026-06-15,695505,22,7,3,5.302487,22.0,12,0
2026-06-15,695534,7,1,0,0.8440000000000001,6.0,5,1
2026-06-15,696131,8,0,1,3.2438290000000003,8.0,7,1
2026-06-15,700712,30,3,2,8.884428,30.0,24,1
2026-06-15,702193,3,2,0,0.046,3.0,1,0
2026-06-15,702474,18,2,0,8.00177,18.0,15,1
2026-06-15,702752,15,4,0,3.77977,14.0,9,1
2026-06-15,805123,9,2,2,3.181658,9.0,5,0
2026-06-15,806188,6,1,1,1.5298289999999999,6.0,4,0
2026-06-15,820862,5,0,1,1.7008290000000001,5.0,4,0
2026-06-16,489446,4,1,1,0.7628290000000001,4.0,2,0
2026-06-16,518876,27,4,1,12.459829,27.0,22,4
2026-06-16,543037,23,6,2,4.360658,18.0,10,1
2026-06-16,543309,6,0,0,2.43,6.0,6,0
2026-06-16,552640,1,0,0,0.07,1.0,1,0
2026-06-16,592155,3,1,0,0.26,3.0,2,0
2026-06-16,592454,6,0,1,1.9148290000000001,6.0,5,0
2026-06-16,592662,23,8,2,5.797658,23.0,13,2
2026-06-16,592773,3,2,0,0.032,3.0,1,0
2026-06-16,593974,4,0,0,1.3050000000000002,4.0,4,0
2026-06-16,594580,6,2,1,3.128829,6.0,3,1
2026-06-16,595345,1,0,0,0.014,1.0,1,0
2026-06-16,596133,3,3,0,0.0,3.0,0,0
2026-06-16,605288,7,2,1,4.134829,7.0,4,1
2026-06-16,605452,7,1,0,0.64,7.0,6,0
2026-06-16,608379,26,3,1,6.591599,26.0,21,0
2026-06-16,615698,6,0,1,2.125,5.0,5,0
2026-06-16,621383,4,1,0,1.3639999999999999,4.0,3,0
2026-06-16,622088,5,2,2,1.395658,4.0,0,0
2026-06-16,623211,3,2,1,0.697829,3.0,0,0
2026-06-16,623352,4,1,0,0.511,4.0,3,0
2026-06-16,625643,7,1,0,1.482,7.0,6,0
2026-06-16,641302,9,1,1,2.791829,9.0,7,0
2026-06-16,642232,10,3,0,1.039,10.0,7,0
2026-06-16,642397,5,2,0,2.146,5.0,3,0
2026-06-16,643410,4,0,0,1.226,4.0,4,0
2026-06-16,643511,4,0,0,0.997,4.0,4,0
2026-06-16,650633,22,1,3,9.498257,21.0,16,1
2026-06-16,656271,4,0,0,0.6970000000000001,4.0,4,0
2026-06-16,656302,23,7,4,6.781316,23.0,12,0
2026-06-16,656492,26,6,2,7.805428,25.0,16,0
2026-06-16,656546,3,1,0,0.155,3.0,2,0
2026-06-16,656550,13,2,3,5.017487,13.0,8,0
2026-06-16,656605,24,7,4,8.063316,24.0,13,0
2026-06-16,656730,3,2,0,0.08,3.0,1,0
2026-06-16,656876,26,7,0,7.324,26.0,19,1
2026-06-16,656945,3,2,0,0.125,3.0,1,0
2026-06-16,657044,3,1,0,1.022,3.0,2,0
2026-06-16,657514,5,0,1,3.128829,5.0,4,1
2026-06-16,657756,5,0,1,2.237829,5.0,4,1
2026-06-16,660825,3,1,0,0.095,3.0,2,0
2026-06-16,660853,3,1,0,0.32,3.0,2,0
2026-06-16,662253,4,1,0,0.7140000000000001,4.0,3,0
2026-06-16,663372,23,7,3,8.196487,23.0,13,0
2026-06-16,663423,5,0,2,1.782658,5.0,3,0
2026-06-16,663436,21,4,3,8.684487,19.0,12,2
2026-06-16,663574,4,2,0,0.159,3.0,1,0
2026-06-16,663687,6,1,1,1.883829,6.0,4,0
2026-06-16,663738,7,1,2,3.515658,7.0,4,1
2026-06-16,663903,22,5,3,7.508027,22.0,12,0
2026-06-16,663969,21,4,3,10.137487,21.0,14,3
2026-06-16,663992,3,0,0,1.101,3.0,3,0
2026-06-16,664208,5,1,1,1.7638289999999999,5.0,3,0
2026-06-16,664285,27,6,3,6.868487,27.0,18,1
2026-06-16,664991,3,0,1,1.545829,2.0,2,0
2026-06-16,665660,4,0,0,2.16,4.0,4,1
2026-06-16,665795,18,3,2,5.736658,18.0,13,1
2026-06-16,666200,28,9,2,6.110658,28.0,17,1
2026-06-16,667297,5,1,1,3.689829,5.0,3,1
2026-06-16,667463,3,1,0,0.18,3.0,2,0
2026-06-16,668873,2,2,0,0.0,2.0,0,0
2026-06-16,668970,4,1,1,0.717829,3.0,1,0
2026-06-16,669020,6,3,0,0.893,6.0,3,0
2026-06-16,669165,3,1,0,0.189,3.0,2,0
2026-06-16,669199,3,0,0,0.397,3.0,3,0
2026-06-16,669211,4,0,1,1.228829,4.0,3,0
2026-06-16,669270,2,0,0,1.074,2.0,2,0
2026-06-16,669302,25,10,1,6.506599,25.0,13,2
2026-06-16,669467,24,6,0,5.518,24.0,18,1
2026-06-16,669684,6,2,1,2.347829,6.0,3,0
2026-06-16,669711,3,0,0,0.192,3.0,3,0
2026-06-16,670036,3,1,0,0.46799999999999997,3.0,2,0
2026-06-16,670059,2,0,0,0.87877,2.0,1,0
2026-06-16,670245,8,1,1,2.830829,8.0,6,1
2026-06-16,670990,3,0,1,0.487,2.0,2,0
2026-06-16,672282,24,3,0,4.642,24.0,21,0
2026-06-16,672335,6,2,0,1.748,6.0,4,0
2026-06-16,672456,7,2,0,2.225,7.0,5,0
2026-06-16,673513,6,1,1,2.265829,6.0,4,1
2026-06-16,673540,17,5,4,6.877316,17.0,8,2
2026-06-16,675916,3,0,0,0.083,3.0,3,0
2026-06-16,676617,4,0,1,1.081829,4.0,3,0
2026-06-16,676661,4,2,0,1.1030000000000002,4.0,2,0
2026-06-16,676684,3,0,1,1.0718290000000001,3.0,2,0
2026-06-16,676760,7,1,1,3.4475990000000003,7.0,4,0
2026-06-16,676879,6,2,2,2.290658,6.0,2,0
2026-06-16,677944,22,4,2,5.951658,22.0,16,2
2026-06-16,677955,3,0,0,0.139,3.0,3,0
2026-06-16,677958,20,4,2,9.781658,20.0,14,2
2026-06-16,678022,22,6,2,6.953658,22.0,14,1
2026-06-16,680604,4,1,0,0.8150000000000001,4.0,3,0
2026-06-16,680736,21,5,0,6.4190000000000005,21.0,16,0
2026-06-16,680767,3,0,0,0.645,3.0,3,0
2026-06-16,681217,4,2,0,0.409,4.0,2,0
2026-06-16,681402,4,1,1,2.277829,4.0,2,1
2026-06-16,681810,4,1,0,0.734,3.0,2,0
2026-06-16,681895,4,2,0,0.479,4.0,2,0
2026-06-16,681916,6,1,1,2.323829,6.0,4,0
2026-06-16,682254,4,2,1,0.8668290000000001,4.0,1,0
2026-06-16,682668,6,0,1,2.164829,6.0,5,0
2026-06-16,682842,4,2,1,0.7508290000000001,4.0,1,0
2026-06-16,683627,9,0,0,3.666,9.0,9,1
2026-06-16,683769,4,0,0,2.8890000000000002,4.0,4,1
2026-06-16,686613,22,7,3,5.623487,21.0,11,1
2026-06-16,686753,8,3,0,1.71,8.0,5,0
2026-06-16,686973,6,3,1,1.3298290000000001,6.0,2,0
2026-06-16,686993,4,2,0,0.587,3.0,1,0
2026-06-16,687064,26,2,4,7.257316,25.0,20,0
2026-06-16,687377,3,0,1,1.5958290000000002,3.0,2,0
2026-06-16,687606,4,1,0,0.88,4.0,3,0
2026-06-16,687911,5,0,1,1.231829,5.0,4,0
2026-06-16,688107,20,5,2,4.413658,20.0,13,0
2026-06-16,689266,8,1,0,2.464,8.0,7,1
2026-06-16,689520,4,1,1,0.710829,3.0,1,0
2026-06-16,690978,7,2,1,1.026829,7.0,4,0
2026-06-16,694361,3,0,1,1.229829,3.0,2,0
2026-06-16,697812,13,4,1,4.909829,13.0,8,0
2026-06-16,701519,3,3,0,0.0,3.0,0,0
2026-06-16,801139,21,6,2,6.904658,21.0,13,2
2026-06-16,805299,3,2,0,0.245,3.0,1,0
2026-06-16,805427,1,0,0,0.14,1.0,1,0
2026-06-16,805673,28,4,0,8.612,28.0,24,1
2026-06-17,471911,17,2,0,4.74677,16.0,14,0
2026-06-17,542888,3,2,0,0.005,3.0,1,0
2026-06-17,543056,5,1,0,1.313,5.0,4,0
2026-06-17,548384,5,0,0,1.2149999999999999,5.0,5,0
2026-06-17,571948,5,0,0,1.03,5.0,5,0
2026-06-17,573204,3,1,1,0.697829,3.0,1,0
2026-06-17,592094,3,0,0,1.15977,3.0,2,0
2026-06-17,593958,27,5,3,9.953486999999999,27.0,19,1
2026-06-17,594027,6,3,0,0.223,6.0,3,0
2026-06-17,596117,1,0,0,0.013,1.0,1,0
2026-06-17,605130,5,0,0,4.49054,5.0,3,1
2026-06-17,606996,4,1,0,0.877,4.0,3,0
2026-06-17,607074,22,7,1,7.8868290000000005,22.0,14,1
2026-06-17,621074,5,3,1,1.455829,5.0,1,1
2026-06-17,621097,6,1,0,1.625,6.0,5,0
2026-06-17,621112,11,2,1,4.978829,11.0,8,2
2026-06-17,621381,2,0,0,1.328,2.0,2,1
2026-06-17,621383,7,0,0,4.846,6.0,7,2
2026-06-17,623352,4,3,0,0.117,4.0,1,0
2026-06-17,623474,5,2,0,0.5469999999999999,5.0,3,0
2026-06-17,640448,7,0,2,4.608658,7.0,5,1
2026-06-17,641743,21,2,1,7.203599,21.0,17,1
2026-06-17,641793,24,2,2,10.482658,24.0,20,3
2026-06-17,641835,7,3,0,0.376,7.0,4,0
2026-06-17,642121,4,0,0,1.48,4.0,4,0
2026-06-17,642701,3,2,0,0.032,3.0,1,0
2026-06-17,643511,4,0,0,1.1079999999999999,4.0,4,0
2026-06-17,645261,28,6,1,7.584829,28.0,21,0
2026-06-17,650644,20,2,2,9.774658,20.0,16,4
2026-06-17,656234,4,1,0,3.299,4.0,3,2
2026-06-17,656288,20,2,3,6.677487,20.0,15,0
2026-06-17,656529,4,1,0,0.893,4.0,3,0
2026-06-17,656546,4,0,0,0.5920000000000001,4.0,4,0
2026-06-17,656638,4,0,0,1.05977,4.0,3,0
2026-06-17,656794,5,0,0,3.199,5.0,5,0
2026-06-17,656848,3,3,0,0.0,3.0,0,0
2026-06-17,657097,4,1,0,1.448,4.0,3,1
2026-06-17,657424,5,1,0,2.6529999999999996,5.0,4,2
2026-06-17,660271,27,5,1,7.706599,27.0,20,1
2026-06-17,660761,11,2,0,2.199,11.0,9,0
2026-06-17,660853,3,1,0,0.486,3.0,2,0
2026-06-17,663554,21,3,1,8.589829,21.0,17,2
2026-06-17,663556,19,3,5,7.576145,19.0,11,0
2026-06-17,663567,24,5,0,4.02477,24.0,18,0
2026-06-17,663767,4,0,0,3.078,4.0,4,2
2026-06-17,663941,2,1,0,0.275,2.0,1,0
2026-06-17,663978,19,2,1,6.230829,19.0,16,1
2026-06-17,664076,4,1,1,0.7378290000000001,4.0,2,0
2026-06-17,664141,3,0,0,0.585,3.0,3,0
2026-06-17,664199,3,2,0,0.056,3.0,1,0
2026-06-17,664854,5,2,0,2.2220000000000004,5.0,3,1
2026-06-17,665622,13,6,2,3.320658,13.0,5,0
2026-06-17,665871,22,1,0,7.431,22.0,21,3
2026-06-17,666157,25,2,2,10.832658,23.0,20,0
2026-06-17,666661,3,0,0,0.328,3.0,3,0
2026-06-17,666974,2,0,1,0.7258290000000001,2.0,1,0
2026-06-17,667463,4,2,0,0.71,4.0,2,0
2026-06-17,668674,3,1,0,0.45399999999999996,3.0,2,0
2026-06-17,668909,24,4,2,9.029658,23.0,18,3
2026-06-17,668984,4,0,1,2.605829,4.0,3,0
2026-06-17,669711,5,1,0,1.021,5.0,4,0
2026-06-17,669923,25,5,0,6.862,24.0,19,1
2026-06-17,670167,3,0,0,1.102,3.0,3,0
2026-06-17,670950,10,1,2,5.384658,10.0,7,2
2026-06-17,670970,3,0,0,0.472,3.0,3,0
2026-06-17,676254,4,2,0,0.927,4.0,2,0
2026-06-17,676263,2,1,0,0.25,2.0,1,0
2026-06-17,676571,5,0,1,1.971829,5.0,4,0
2026-06-17,676604,3,1,0,0.669,3.0,2,0
2026-06-17,676661,3,1,0,0.851,3.0,2,0
2026-06-17,676755,4,2,0,1.613,4.0,2,1
2026-06-17,676879,3,0,0,0.107,3.0,3,0
2026-06-17,677865,3,0,0,1.17,3.0,3,0
2026-06-17,677952,25,7,3,5.836487,25.0,15,0
2026-06-17,679883,21,5,1,4.242829,20.0,14,0
2026-06-17,680573,14,1,3,5.551487,14.0,10,1
2026-06-17,680694,28,12,2,6.203658,28.0,14,1
2026-06-17,680730,10,0,1,4.518829,9.0,9,1
2026-06-17,680742,4,0,0,0.383,3.0,3,0
2026-06-17,680755,6,0,2,2.227658,6.0,4,0
2026-06-17,681517,24,7,1,5.229829,24.0,16,1
2026-06-17,681799,4,0,1,2.924829,4.0,3,1
2026-06-17,681810,5,0,1,0.969829,4.0,3,0
2026-06-17,681895,4,1,0,1.605,4.0,3,1
2026-06-17,681911,6,1,3,1.8906580000000002,5.0,2,0
2026-06-17,681982,3,0,0,0.22799999999999998,3.0,3,0
2026-06-17,682982,3,2,0,0.01,3.0,1,0
2026-06-17,683618,4,0,0,0.418,4.0,4,0
2026-06-17,685126,3,2,0,0.061,3.0,1,0
2026-06-17,686973,3,3,0,0.0,3.0,0,0
2026-06-17,687075,15,6,2,3.609658,15.0,7,1
2026-06-17,687330,9,1,1,4.792829,9.0,7,1
2026-06-17,687396,2,1,0,0.01,2.0,1,0
2026-06-17,687562,20,5,0,4.01977,20.0,14,1
2026-06-17,687606,4,1,0,0.271,3.0,2,0
2026-06-17,687931,23,2,2,7.514658,23.0,19,0
2026-06-17,688297,11,1,2,6.755428,11.0,7,2
2026-06-17,688642,10,2,2,2.863658,10.0,6,0
2026-06-17,689147,7,2,2,2.631428,7.0,2,0
2026-06-17,689254,3,1,1,0.924829,3.0,1,0
2026-06-17,689546,3,0,0,0.478,3.0,3,0
2026-06-17,690997,27,9,1,5.360599000000001,25.0,14,0
2026-06-17,691725,14,3,2,6.536658,14.0,9,2
2026-06-17,691951,19,1,3,7.316257,19.0,14,1
2026-06-17,693686,6,1,1,1.369829,6.0,4,0
2026-06-17,694335,5,1,0,0.7200000000000001,5.0,4,0
2026-06-17,694477,12,7,1,1.808829,12.0,4,0
2026-06-17,695049,16,2,1,4.469829,16.0,13,0
2026-06-17,695380,4,1,1,1.139829,4.0,2,0
2026-06-17,699134,4,1,0,0.6960000000000001,4.0,3,0
2026-06-17,699823,3,1,0,1.335,3.0,2,1
2026-06-17,702021,7,1,0,3.1109999999999998,7.0,6,0
2026-06-17,702275,22,4,3,9.408487000000001,22.0,15,3
2026-06-17,805427,1,0,0,0.089,1.0,1,0
2026-06-17,807743,23,2,2,5.420658,23.0,19,0
2026-06-17,820862,4,0,0,1.673,4.0,4,0
2026-06-18,518585,3,1,0,0.741,3.0,2,0
2026-06-18,543243,27,4,1,6.672829,27.0,22,1
2026-06-18,547973,5,1,0,0.33799999999999997,5.0,4,0
2026-06-18,573124,3,0,1,1.758829,3.0,2,0
2026-06-18,596133,3,3,0,0.0,3.0,0,0
2026-06-18,605400,24,6,1,5.795829,24.0,17,1
2026-06-18,608718,6,2,0,1.137,6.0,4,0
2026-06-18,615698,10,1,0,3.92,10.0,9,1
2026-06-18,621237,7,1,1,3.180829,7.0,5,0
2026-06-18,621345,2,0,0,0.307,2.0,2,0
2026-06-18,623211,4,1,1,1.734829,4.0,2,0
2026-06-18,640455,23,5,1,6.549599000000001,23.0,16,0
2026-06-18,642207,6,1,1,2.217829,6.0,4,0
2026-06-18,657612,3,1,0,1.45754,3.0,0,0
2026-06-18,657746,20,7,2,4.239658,20.0,11,1
2026-06-18,660825,3,1,0,0.255,3.0,2,0
2026-06-18,662253,5,1,2,1.629658,5.0,2,0
2026-06-18,663542,6,2,0,1.4969999999999999,6.0,4,1
2026-06-18,663687,5,3,0,1.146,5.0,2,0
2026-06-18,664875,5,2,0,0.953,5.0,3,0
2026-06-18,666171,5,1,2,1.686658,5.0,2,0
2026-06-18,666808,7,1,0,3.425,7.0,6,2
2026-06-18,667297,3,0,0,0.426,3.0,3,0
2026-06-18,668390,3,1,0,0.237,3.0,2,0
2026-06-18,669060,7,0,1,2.768829,7.0,6,0
2026-06-18,669270,5,0,1,2.454829,5.0,4,1
2026-06-18,669358,28,9,2,7.990658,28.0,17,0
2026-06-18,669461,13,2,0,7.197,13.0,11,2
2026-06-18,670059,3,0,1,1.566599,3.0,1,0
2026-06-18,670329,3,1,0,0.509,3.0,2,0
2026-06-18,671922,6,2,2,1.5756580000000002,6.0,2,0
2026-06-18,675660,21,3,3,6.8012570000000006,21.0,14,0
2026-06-18,677865,12,2,0,1.938,12.0,10,0
2026-06-18,677960,22,8,1,5.810829,22.0,13,1
2026-06-18,679358,5,1,0,0.412,5.0,4,0
2026-06-18,680723,7,3,2,2.304658,7.0,2,0
2026-06-18,680732,26,8,1,8.230829,25.0,16,2
2026-06-18,681982,5,1,2,3.171658,5.0,2,1
2026-06-18,682120,3,0,2,1.469658,3.0,1,0
2026-06-18,682608,3,2,0,0.152,3.0,1,0
2026-06-18,683004,20,4,2,7.958658,20.0,14,2
2026-06-18,683769,4,2,1,1.5998290000000002,4.0,1,0
2026-06-18,684974,4,2,0,0.40700000000000003,4.0,2,0
2026-06-18,686580,4,1,0,0.956,4.0,3,0
2026-06-18,686751,3,2,0,0.176,3.0,1,0
2026-06-18,686930,5,1,1,2.227829,5.0,3,1
2026-06-18,689254,3,0,0,0.052000000000000005,3.0,3,0
2026-06-18,689520,6,0,0,2.266,6.0,6,1
2026-06-18,691008,8,1,0,2.0940000000000003,8.0,7,1
2026-06-18,693433,25,9,1,6.449829,25.0,15,1
2026-06-18,694360,10,2,2,3.3696580000000003,10.0,6,0
2026-06-18,695239,6,0,1,2.646829,6.0,5,0
2026-06-18,695611,25,7,3,5.939487,24.0,14,0
2026-06-18,696131,11,0,2,4.8276580000000004,11.0,9,1
2026-06-18,696270,25,2,1,9.172829,25.0,22,2
2026-06-18,700669,11,0,2,7.031658,11.0,9,3
2026-06-18,702056,26,6,0,4.881,25.0,20,1
2026-06-18,702070,27,6,2,10.588428,27.0,18,1
2026-06-18,702193,1,0,0,0.122,1.0,1,0
2026-06-18,800048,25,9,3,6.604658,24.0,13,0
2026-06-19,445276,3,1,0,0.486,3.0,2,0
2026-06-19,489446,3,0,1,1.990599,3.0,1,0
2026-06-19,527048,25,5,2,6.158829,24.0,18,0
2026-06-19,542888,3,1,0,0.396,3.0,2,0
2026-06-19,552640,4,1,0,1.287,4.0,3,0
2026-06-19,571927,6,1,0,1.4569999999999999,6.0,5,0
2026-06-19,571945,26,2,1,9.085829,26.0,23,2
2026-06-19,571948,3,2,0,0.44,3.0,1,0
2026-06-19,592094,4,1,0,1.709,4.0,3,1
2026-06-19,592332,17,3,4,7.919316,17.0,10,1
2026-06-19,592454,5,1,1,1.877829,5.0,3,1
2026-06-19,593974,6,0,1,1.239829,6.0,5,0
2026-06-19,594798,27,9,3,7.428658,26.0,15,1
2026-06-19,595014,3,2,0,0.266,3.0,1,0
2026-06-19,595345,6,3,0,0.525,6.0,3,0
2026-06-19,596001,8,1,0,3.3110000000000004,8.0,7,1
2026-06-19,605130,3,2,0,0.257,3.0,1,0
2026-06-19,605488,18,4,4,9.783316,18.0,10,3
2026-06-19,607200,19,4,1,5.722829,19.0,14,0
2026-06-19,607536,26,8,0,5.885,26.0,18,2
2026-06-19,607625,23,0,3,6.774487000000001,23.0,20,0
2026-06-19,621381,5,0,1,2.208829,5.0,4,0
2026-06-19,622491,19,4,0,4.966,19.0,15,0
2026-06-19,622554,3,0,0,0.7769999999999999,3.0,3,0
2026-06-19,622608,5,1,1,1.669829,5.0,3,0
2026-06-19,623149,4,1,1,1.010829,4.0,2,0
2026-06-19,623454,5,3,0,0.722,5.0,2,1
2026-06-19,624133,24,5,3,6.087487,24.0,16,0
2026-06-19,628452,5,1,1,1.862829,5.0,3,0
2026-06-19,641329,3,1,0,0.041,3.0,2,0
2026-06-19,642528,4,0,0,0.53,4.0,4,0
2026-06-19,643377,18,5,0,8.637,18.0,13,3
2026-06-19,643511,7,0,1,2.563829,7.0,6,0
2026-06-19,647336,4,0,0,2.029,4.0,4,1
2026-06-19,656234,3,2,0,0.423,3.0,1,0
2026-06-19,656464,5,1,1,4.527829,5.0,3,2
2026-06-19,656529,4,0,0,1.19677,4.0,3,0
2026-06-19,656638,2,0,0,0.612,2.0,2,0
2026-06-19,656641,5,0,0,1.956,5.0,5,1
2026-06-19,656848,5,1,0,2.4259999999999997,5.0,4,1
2026-06-19,657044,5,1,0,1.21,5.0,4,0
2026-06-19,657571,5,0,0,1.539,5.0,5,0
2026-06-19,660761,8,3,0,0.718,8.0,5,0
2026-06-19,663158,7,0,1,3.239829,7.0,6,0
2026-06-19,663738,3,0,0,0.96,3.0,3,0
2026-06-19,663893,8,1,3,3.129487,8.0,4,0
2026-06-19,664076,2,0,0,0.783,2.0,2,0
2026-06-19,664126,3,0,0,0.481,3.0,3,0
2026-06-19,664199,4,0,0,3.155,4.0,4,1
2026-06-19,664702,9,0,1,3.072829,9.0,8,0
2026-06-19,664854,6,0,2,2.5506580000000003,6.0,4,0
2026-06-19,665660,6,2,0,1.084,6.0,4,0
2026-06-19,666277,5,0,1,3.4988289999999997,5.0,4,1
2026-06-19,666974,1,1,0,0.0,1.0,0,0
2026-06-19,667297,5,0,0,1.232,5.0,5,0
2026-06-19,667463,5,1,0,1.956,5.0,4,0
2026-06-19,667755,24,6,4,8.302316,24.0,14,2
2026-06-19,668970,4,0,0,1.246,4.0,4,0
2026-06-19,669062,1,1,0,0.0,1.0,0,0
2026-06-19,669165,3,1,0,0.247,3.0,2,0
2026-06-19,669199,9,1,2,4.551658,9.0,6,1
2026-06-19,669276,3,1,0,1.279,3.0,2,0
2026-06-19,669330,7,3,0,1.3050000000000002,7.0,4,0
2026-06-19,669373,26,8,1,10.116829,25.0,16,2
2026-06-19,669622,4,0,0,0.328,4.0,4,0
2026-06-19,669684,3,1,0,0.532,3.0,2,0
2026-06-19,669711,3,1,0,0.723,3.0,2,0
2026-06-19,670036,5,0,0,2.997,5.0,5,1
2026-06-19,670167,3,1,0,0.46499999999999997,3.0,2,0
2026-06-19,670280,3,2,0,1.151,3.0,1,1
2026-06-19,670990,4,0,0,1.0,4.0,4,0
2026-06-19,673513,7,3,1,1.472829,7.0,3,0
2026-06-19,676254,3,0,1,0.772,2.0,2,0
2026-06-19,676263,3,1,0,0.921,3.0,2,0
2026-06-19,676440,22,7,2,5.791658,22.0,13,1
2026-06-19,676534,2,0,0,0.918,2.0,2,0
2026-06-19,676571,7,1,0,1.869,7.0,6,0
2026-06-19,676604,4,1,0,1.469,4.0,3,0
2026-06-19,676684,3,0,1,1.6688290000000001,3.0,2,0
2026-06-19,676962,22,4,0,6.482,22.0,18,3
2026-06-19,677955,4,0,0,1.64377,4.0,3,0
2026-06-19,680755,5,0,1,2.309829,5.0,4,0
2026-06-19,681190,21,1,3,9.667487,21.0,17,2
2026-06-19,681217,5,1,1,1.930829,5.0,3,1
2026-06-19,681347,4,1,0,1.4589999999999999,4.0,3,0
2026-06-19,681799,3,1,0,0.29000000000000004,3.0,2,0
2026-06-19,681870,3,1,1,1.3968289999999999,3.0,1,1
2026-06-19,681916,4,0,1,2.4658290000000003,4.0,3,0
2026-06-19,682243,16,7,0,2.323,16.0,9,0
2026-06-19,682254,5,1,0,1.2349999999999999,5.0,4,1
2026-06-19,682842,4,2,0,0.396,4.0,2,0
2026-06-19,682982,6,2,0,1.6260000000000001,6.0,4,1
2026-06-19,684974,4,1,0,0.844,4.0,3,1
2026-06-19,685126,6,2,0,2.04,6.0,4,1
2026-06-19,686580,1,1,0,0.0,1.0,0,0
2026-06-19,686753,9,1,2,2.8776580000000003,9.0,6,0
2026-06-19,686993,9,1,1,2.930829,9.0,7,1
2026-06-19,687209,6,1,2,3.057658,6.0,3,1
2026-06-19,687330,3,0,0,0.8359999999999999,3.0,3,0
2026-06-19,687396,4,0,1,1.537829,4.0,3,0
2026-06-19,687570,30,4,3,11.362487,30.0,23,3
2026-06-19,688158,4,0,0,0.975,4.0,4,0
2026-06-19,689520,2,0,0,0.117,2.0,2,0
2026-06-19,693645,23,13,0,4.7087699999999995,23.0,9,1
2026-06-19,693686,4,0,1,1.854829,4.0,3,0
2026-06-19,694335,7,1,1,1.5158289999999999,7.0,5,0
2026-06-19,694346,26,8,4,8.318316,25.0,13,0
2026-06-19,694361,4,0,1,1.296829,4.0,3,0
2026-06-19,694738,25,7,1,5.834829,25.0,17,1
2026-06-19,694819,24,7,1,5.145829,24.0,16,0
2026-06-19,695076,25,5,3,10.036487,25.0,17,3
2026-06-19,696147,5,0,0,2.082,5.0,5,1
2026-06-19,696149,26,1,2,8.007198,26.0,21,2
2026-06-19,696519,1,0,1,0.697829,1.0,0,0
2026-06-19,700241,23,2,1,8.842829,23.0,20,2
2026-06-19,701519,9,4,1,2.759829,9.0,4,0
2026-06-19,805299,4,2,1,0.789829,4.0,1,0
2026-06-19,806188,5,1,0,0.752,5.0,4,0
2026-06-19,808963,21,6,1,6.0118290000000005,21.0,14,1
2026-06-19,815083,10,3,2,4.083658,9.0,4,0
2026-06-19,837227,24,11,0,5.598,24.0,13,1
2026-06-20,445276,5,0,1,1.486829,5.0,4,0
2026-06-20,489446,3,2,0,0.256,3.0,1,0
2026-06-20,518886,3,0,0,1.146,3.0,3,0
2026-06-20,519242,23,7,1,6.128829,23.0,15,0
2026-06-20,543056,3,0,0,0.352,3.0,3,0
2026-06-20,545121,6,0,2,2.077658,6.0,4,0
2026-06-20,552640,3,0,1,2.651829,3.0,2,1
2026-06-20,571578,20,4,3,7.959487,20.0,13,0
2026-06-20,573204,3,0,1,2.0428290000000002,3.0,2,0
2026-06-20,592094,5,2,0,2.098,5.0,3,1
2026-06-20,592155,6,0,0,3.423,6.0,6,1
2026-06-20,594027,3,2,0,0.746,3.0,1,0
2026-06-20,605130,5,1,0,1.534,5.0,4,0
2026-06-20,605452,6,0,1,3.262829,6.0,5,1
2026-06-20,606996,2,1,0,0.262,2.0,1,0
2026-06-20,607067,19,3,0,4.251,19.0,16,1
2026-06-20,607455,4,1,0,0.352,4.0,3,0
2026-06-20,608372,22,5,0,6.9270000000000005,22.0,17,2
2026-06-20,621074,4,2,0,0.7687700000000001,4.0,1,0
2026-06-20,621111,21,7,1,4.505829,21.0,13,1
2026-06-20,622088,7,1,0,0.521,7.0,6,0
2026-06-20,623474,4,2,1,0.914829,4.0,1,0
2026-06-20,641302,3,0,1,1.181829,3.0,2,0
2026-06-20,642121,6,4,0,0.374,6.0,2,0
2026-06-20,642232,8,2,0,3.657,8.0,6,0
2026-06-20,642546,4,1,0,0.267,3.0,2,0
2026-06-20,642547,19,2,1,6.926829,19.0,16,1
2026-06-20,650556,3,0,0,1.314,3.0,3,0
2026-06-20,650911,24,5,1,6.3708290000000005,24.0,18,0
2026-06-20,656234,4,0,0,1.2690000000000001,4.0,4,0
2026-06-20,656271,5,0,0,1.388,5.0,5,0
2026-06-20,656546,5,1,1,1.732599,5.0,2,0
2026-06-20,656641,3,1,0,0.11399999999999999,3.0,2,0
2026-06-20,656730,3,1,0,0.263,3.0,2,0
2026-06-20,656794,9,4,0,1.6,9.0,5,0
2026-06-20,657097,5,2,0,2.871,5.0,3,1
2026-06-20,657424,5,0,1,3.756599,5.0,3,1
2026-06-20,657514,5,2,0,0.894,5.0,3,0
2026-06-20,657612,1,0,0,0.294,1.0,1,0
2026-06-20,661395,4,2,0,0.5349999999999999,4.0,2,0
2026-06-20,663423,5,1,0,3.5547700000000004,5.0,3,1
2026-06-20,663878,6,0,0,2.812,6.0,6,0
2026-06-20,663941,6,1,0,1.416,6.0,5,1
2026-06-20,663947,8,2,0,1.7919999999999998,8.0,6,0
2026-06-20,664126,3,2,0,0.041,3.0,1,0
2026-06-20,664129,13,1,1,3.812829,13.0,11,2
2026-06-20,664141,9,2,1,3.154829,9.0,6,1
2026-06-20,664875,8,2,4,4.549316,8.0,2,0
2026-06-20,664991,1,0,0,0.062,1.0,1,0
2026-06-20,666171,6,3,1,0.787829,6.0,2,0
2026-06-20,666974,4,1,0,0.919,4.0,3,0
2026-06-20,668390,4,0,0,1.189,3.0,4,0
2026-06-20,668678,26,2,2,9.533658,26.0,22,1
2026-06-20,668964,10,1,0,3.6630000000000003,10.0,9,0
2026-06-20,669020,1,0,0,0.14,1.0,1,0
2026-06-20,669022,23,6,2,7.228658,23.0,15,1
2026-06-20,669276,4,1,0,1.0190000000000001,4.0,3,0
2026-06-20,669372,26,5,3,7.365487,26.0,18,0
2026-06-20,669387,8,2,1,1.4218290000000002,8.0,5,0
2026-06-20,669432,23,6,2,5.286658,23.0,15,1
2026-06-20,669622,4,0,0,1.694,4.0,4,1
2026-06-20,669684,4,1,0,0.391,4.0,3,0
2026-06-20,670036,4,2,0,0.769,4.0,2,0
2026-06-20,670097,3,0,0,0.613,3.0,3,0
2026-06-20,670329,3,2,0,0.58,3.0,1,0
2026-06-20,670950,4,1,0,2.097,4.0,3,1
2026-06-20,670970,8,5,0,1.56177,8.0,2,0
2026-06-20,671096,23,6,3,8.633487,23.0,13,1
2026-06-20,671737,20,4,2,5.016658,20.0,14,1
2026-06-20,672335,10,3,0,4.197,10.0,7,1
2026-06-20,672782,3,1,0,0.444,3.0,2,0
2026-06-20,675512,23,5,3,4.987257,23.0,14,1
2026-06-20,675916,3,1,0,0.45,3.0,2,0
2026-06-20,676106,22,6,2,7.938658,22.0,14,1
2026-06-20,676282,28,9,1,6.680829,28.0,18,1
2026-06-20,676477,3,1,0,0.301,3.0,2,0
2026-06-20,676604,4,2,0,0.7030000000000001,4.0,2,0
2026-06-20,676661,8,1,0,2.617,8.0,7,1
2026-06-20,676879,3,1,0,0.875,3.0,2,0
2026-06-20,676917,16,1,3,5.853487,14.0,10,0
2026-06-20,676974,23,7,2,6.803658,23.0,14,2
2026-06-20,677955,3,1,0,0.80177,3.0,1,0
2026-06-20,678606,3,0,0,0.727,3.0,3,0
2026-06-20,679358,7,0,1,2.448829,7.0,6,0
2026-06-20,680474,5,0,1,2.151829,5.0,4,0
2026-06-20,680730,8,2,1,1.843829,8.0,5,0
2026-06-20,681293,24,8,0,7.40677,22.0,14,3
2026-06-20,681751,9,0,2,4.007658,9.0,7,1
2026-06-20,681799,4,0,0,0.753,4.0,4,0
2026-06-20,681911,4,2,1,0.710829,4.0,1,0
2026-06-20,682608,4,2,0,0.73177,4.0,1,0
2026-06-20,682842,2,0,0,0.121,2.0,2,0
2026-06-20,683618,4,2,1,0.8608290000000001,4.0,1,0
2026-06-20,686790,20,1,3,7.787797,19.0,12,0
2026-06-20,686973,7,2,0,0.32699999999999996,7.0,5,0
2026-06-20,689254,3,0,1,2.056829,3.0,2,0
2026-06-20,689546,5,1,2,1.8606580000000001,5.0,2,0
2026-06-20,690925,6,2,2,0.962829,5.0,2,0
2026-06-20,690986,23,7,0,4.487,23.0,16,1
2026-06-20,691769,11,1,2,3.6996580000000003,11.0,8,1
2026-06-20,693855,22,4,0,7.78977,22.0,17,2
2026-06-20,694973,24,8,2,7.6021980000000005,24.0,12,1
2026-06-20,695243,4,2,0,0.891,4.0,2,1
2026-06-20,695380,3,2,0,0.586,3.0,1,0
2026-06-20,695418,11,5,0,2.8177700000000003,11.0,5,1
2026-06-20,695534,4,1,0,0.6719999999999999,4.0,3,0
2026-06-20,696519,6,2,1,1.6948290000000001,6.0,3,0
2026-06-20,697812,14,1,2,6.025658,14.0,11,0
2026-06-20,699823,5,0,3,2.306487,5.0,2,0
2026-06-20,700270,10,0,1,6.918829000000001,10.0,9,2
2026-06-20,700712,20,6,0,4.71577,20.0,13,1
2026-06-20,701542,28,8,2,10.100658,27.0,17,2
2026-06-20,800311,6,1,0,2.496,6.0,5,0
2026-06-20,805123,3,3,0,0.0,3.0,0,0
2026-06-20,806188,5,1,1,2.241829,5.0,3,0
2026-06-20,808967,26,6,2,7.079658,26.0,18,0
2026-06-20,813349,24,7,2,5.993968000000001,24.0,12,0
2026-06-21,500743,3,0,0,0.731,3.0,3,0
2026-06-21,518585,2,0,0,0.003,2.0,2,0
2026-06-21,543056,4,0,1,1.181829,4.0,3,0
2026-06-21,543135,25,9,1,5.420829,25.0,15,0
2026-06-21,547179,24,5,1,8.647829,24.0,18,1
2026-06-21,548384,5,0,0,1.72477,5.0,4,0
2026-06-21,554430,23,7,3,5.852487,23.0,13,0
2026-06-21,592773,4,1,0,1.629,4.0,3,1
2026-06-21,593974,4,0,0,2.047,4.0,4,1
2026-06-21,594580,5,1,1,1.139829,5.0,3,0
2026-06-21,595345,4,3,1,0.697829,4.0,0,0
2026-06-21,596001,5,1,0,1.1749999999999998,5.0,4,0
2026-06-21,605154,7,1,0,1.834,7.0,6,0
2026-06-21,606996,4,2,0,0.72877,3.0,1,0
2026-06-21,607259,24,5,3,9.095487,24.0,16,2
2026-06-21,607455,3,1,0,0.81,3.0,2,1
2026-06-21,608337,20,2,2,8.509658,20.0,16,1
2026-06-21,608718,5,0,0,2.815,5.0,5,1
2026-06-21,621112,4,0,0,0.29300000000000004,4.0,4,0
2026-06-21,621237,4,2,0,0.972,4.0,2,0
2026-06-21,621345,3,0,0,0.137,3.0,3,0
2026-06-21,621381,5,0,1,0.988,4.0,4,0
2026-06-21,622554,6,1,0,1.688,6.0,5,0
2026-06-21,623352,3,2,0,0.003,3.0,1,0
2026-06-21,625643,11,3,1,3.0828290000000003,11.0,6,0
2026-06-21,640448,3,1,0,0.402,3.0,2,0
2026-06-21,640454,3,0,1,1.008829,3.0,2,0
2026-06-21,641329,3,0,0,0.541,3.0,3,0
2026-06-21,642100,3,2,0,0.717,3.0,1,1
2026-06-21,642397,5,1,1,1.786829,5.0,3,0
2026-06-21,642546,11,2,2,4.202829,10.0,7,1
2026-06-21,642701,6,0,0,2.412,6.0,6,0
2026-06-21,656464,5,0,1,2.5508290000000002,5.0,4,1
2026-06-21,656848,3,0,0,1.8639999999999999,3.0,3,1
2026-06-21,656849,20,5,2,6.980658,20.0,13,1
2026-06-21,657044,6,0,0,1.718,6.0,6,0
2026-06-21,657277,30,5,1,6.986829,28.0,23,1
2026-06-21,657571,4,1,0,0.302,4.0,3,0
2026-06-21,657612,3,0,0,1.062,3.0,3,0
2026-06-21,657756,5,2,0,0.80577,4.0,1,0
2026-06-21,660825,3,1,0,0.07400000000000001,3.0,2,0
2026-06-21,661395,4,3,0,0.899,4.0,1,0
2026-06-21,662253,4,2,0,0.9530000000000001,4.0,2,0
2026-06-21,663436,24,4,3,6.863487,24.0,17,0
2026-06-21,663542,4,1,0,0.191,4.0,3,0
2026-06-21,663568,15,0,1,6.874599,14.0,12,2
2026-06-21,663574,6,1,0,1.21,6.0,5,0
2026-06-21,663687,5,0,0,2.51277,5.0,4,1
2026-06-21,663855,1,0,0,0.314,1.0,1,0
2026-06-21,664076,4,2,0,0.706,4.0,2,0
2026-06-21,664991,6,0,0,1.017,6.0,6,0
2026-06-21,665622,4,1,0,0.135,4.0,3,0
2026-06-21,665660,6,3,0,1.102,6.0,3,0
2026-06-21,666277,4,0,1,1.205829,4.0,3,0
2026-06-21,666661,7,1,0,2.037,7.0,6,0
2026-06-21,666808,6,2,1,1.036829,6.0,3,0
2026-06-21,667463,5,0,0,1.562,5.0,5,1
2026-06-21,668674,6,1,0,1.61477,6.0,4,0
2026-06-21,668941,4,2,0,1.182,4.0,2,1
2026-06-21,669160,13,2,1,7.628829,13.0,10,2
2026-06-21,669199,3,0,1,0.883829,3.0,2,0
2026-06-21,669211,7,1,1,0.714829,6.0,4,0
2026-06-21,669302,22,8,2,5.651658,22.0,12,1
2026-06-21,670059,3,1,0,0.881,3.0,2,0
2026-06-21,670245,3,2,0,0.211,3.0,1,0
2026-06-21,670990,7,3,1,2.1735990000000003,7.0,2,0
2026-06-21,672282,27,4,4,9.621316,27.0,19,1
2026-06-21,672456,27,3,0,8.088,27.0,24,2
2026-06-21,672782,4,0,1,0.971829,4.0,3,0
2026-06-21,673513,4,1,1,0.756829,3.0,1,0
2026-06-21,674444,10,3,1,4.841829,10.0,6,1
2026-06-21,674841,16,6,0,3.1310000000000002,15.0,9,0
2026-06-21,675848,9,0,0,5.477,8.0,8,1
2026-06-21,676263,4,2,1,1.088829,4.0,1,0
2026-06-21,676534,4,0,0,1.03077,4.0,3,0
2026-06-21,676617,7,1,0,3.87577,6.0,5,1
2026-06-21,676684,3,0,0,0.313,3.0,3,0
2026-06-21,676760,4,0,1,1.588829,4.0,3,0
2026-06-21,677944,25,1,2,7.7428289999999995,23.0,22,1
2026-06-21,678022,21,8,2,5.4526580000000004,21.0,11,1
2026-06-21,678906,23,4,1,5.694829,23.0,18,2
2026-06-21,680742,1,1,0,0.0,1.0,0,0
2026-06-21,681217,4,2,1,0.843829,4.0,1,0
2026-06-21,681402,10,2,1,4.009829,10.0,7,1
2026-06-21,681810,8,2,1,4.097829,8.0,5,1
2026-06-21,681895,8,3,0,2.271,8.0,5,0
2026-06-21,682608,3,2,0,0.076,3.0,1,0
2026-06-21,683003,12,3,2,3.366658,12.0,7,0
2026-06-21,683618,3,1,0,0.016,3.0,2,0
2026-06-21,683769,4,1,0,0.994,4.0,3,0
2026-06-21,685126,3,0,0,1.458,3.0,3,0
2026-06-21,686218,21,4,3,8.793487,21.0,14,2
2026-06-21,687064,22,5,2,6.280658,22.0,15,0
2026-06-21,687330,3,2,0,0.907,3.0,1,0
2026-06-21,687377,6,2,1,2.948829,6.0,3,1
2026-06-21,687396,3,0,0,0.156,3.0,3,0
2026-06-21,687473,18,6,2,5.393658,18.0,10,0
2026-06-21,687606,4,0,0,0.46299999999999997,4.0,4,0
2026-06-21,687911,3,1,0,1.081,3.0,2,0
2026-06-21,688107,23,7,1,5.483829,23.0,15,0
2026-06-21,689147,3,1,0,0.283,3.0,2,0
2026-06-21,689520,4,1,0,0.811,4.0,3,0
2026-06-21,691008,6,2,1,1.695829,6.0,3,0
2026-06-21,691799,5,1,1,2.845829,5.0,3,1
2026-06-21,693821,32,6,2,12.549658,32.0,24,2
2026-06-21,694335,4,1,1,1.569829,4.0,2,0
2026-06-21,694360,7,1,0,1.676,7.0,6,0
2026-06-21,694477,11,2,0,3.909,11.0,9,1
2026-06-21,694646,6,0,0,1.753,6.0,6,1
2026-06-21,695239,3,0,1,0.890829,3.0,2,0
2026-06-21,695505,21,7,3,5.353487,21.0,11,0
2026-06-21,695684,19,4,2,6.534658,19.0,12,1
2026-06-21,696147,3,0,0,0.6050000000000001,3.0,3,0
2026-06-21,700669,3,0,0,0.976,3.0,3,0
2026-06-21,702193,3,1,1,1.488829,3.0,1,1
2026-06-21,702474,23,1,3,8.591487,22.0,19,1
2026-06-21,703615,18,3,0,4.80277,18.0,14,1
2026-06-21,801139,25,2,2,9.491658,25.0,21,3
2026-06-21,805299,3,1,0,0.256,2.0,2,0
2026-06-21,805427,3,3,0,0.0,3.0,0,0
2026-06-22,489446,4,3,0,0.107,4.0,1,0
2026-06-22,518876,26,2,3,8.820487,26.0,21,1
2026-06-22,518886,3,0,0,0.492,3.0,3,0
2026-06-22,542888,5,1,0,0.579,5.0,4,0
2026-06-22,543037,24,5,1,9.608829,24.0,17,2
2026-06-22,547973,4,0,0,1.244,4.0,4,0
2026-06-22,573124,4,1,0,0.921,4.0,3,0
2026-06-22,592155,3,0,0,0.41100000000000003,3.0,3,0
2026-06-22,592773,4,0,0,2.285,4.0,4,1
2026-06-22,594027,3,0,0,0.5700000000000001,3.0,3,0
2026-06-22,594580,3,2,0,0.54,3.0,1,0
2026-06-22,596001,4,0,1,2.452829,4.0,3,0
2026-06-22,605540,19,10,0,3.669,19.0,9,0
2026-06-22,608379,27,5,1,5.732829,27.0,21,0
2026-06-22,608718,8,3,0,2.094,8.0,5,0
2026-06-22,621112,5,2,0,0.747,5.0,3,0
2026-06-22,622088,3,1,0,0.971,3.0,2,0
2026-06-22,622554,4,1,1,1.777829,4.0,2,0
2026-06-22,623454,6,2,0,2.4157699999999998,6.0,3,1
2026-06-22,641302,3,1,0,0.251,3.0,2,0
2026-06-22,641743,24,8,2,5.288428,24.0,13,1
2026-06-22,641778,21,2,3,7.307487,21.0,16,4
2026-06-22,641835,6,2,0,1.746,6.0,4,0
2026-06-22,642121,3,2,0,0.0,3.0,1,0
2026-06-22,642232,8,0,2,1.757658,7.0,6,0
2026-06-22,642528,1,0,0,0.557,1.0,1,0
2026-06-22,643511,5,0,1,1.8938290000000002,5.0,4,0
2026-06-22,650633,27,5,0,8.138,27.0,22,1
2026-06-22,656271,1,1,0,0.0,1.0,0,0
2026-06-22,656302,23,8,4,5.155316,23.0,11,0
2026-06-22,656492,27,9,0,5.166,27.0,18,2
2026-06-22,656550,21,4,5,7.956145,21.0,12,1
2026-06-22,656638,3,1,0,0.12,3.0,2,0
2026-06-22,656641,6,2,1,1.28,5.0,3,0
2026-06-22,656730,3,1,0,1.024,3.0,2,0
2026-06-22,656848,4,1,0,1.1139999999999999,4.0,3,0
2026-06-22,656876,24,5,2,8.576658,24.0,17,1
2026-06-22,656945,3,0,0,0.512,3.0,3,0
2026-06-22,657514,4,0,0,1.9500000000000002,4.0,4,0
2026-06-22,660604,21,4,0,5.5867700000000005,21.0,16,1
2026-06-22,660853,6,2,0,0.827,6.0,4,0
2026-06-22,663372,25,2,4,6.986316,25.0,19,0
2026-06-22,663542,5,3,1,0.697829,5.0,1,0
2026-06-22,663574,4,0,1,0.7508290000000001,3.0,3,0
2026-06-22,663767,6,2,1,0.681,5.0,3,0
2026-06-22,663903,25,7,2,5.622658,23.0,14,1
2026-06-22,663969,24,4,3,8.474487,24.0,17,1
2026-06-22,663992,2,2,0,0.0,2.0,0,0
2026-06-22,664199,6,2,1,1.879599,6.0,2,0
2026-06-22,664285,24,8,2,6.322658,24.0,14,2
2026-06-22,666277,1,0,0,0.0,1.0,1,0
2026-06-22,668909,20,8,1,5.656829,20.0,11,1
2026-06-22,668941,3,0,0,0.924,3.0,3,1
2026-06-22,669165,4,1,0,1.123,4.0,3,0
2026-06-22,669270,4,0,0,0.986,3.0,3,0
2026-06-22,669467,24,2,0,8.25877,24.0,21,1
2026-06-22,669622,2,1,1,0.697829,2.0,0,0
2026-06-22,669684,2,1,0,0.003,2.0,1,0
2026-06-22,670167,4,2,1,0.697829,3.0,0,0
2026-06-22,670329,4,1,0,1.899,4.0,3,1
2026-06-22,670970,3,2,0,0.089,3.0,1,0
2026-06-22,671922,8,3,1,1.619829,8.0,4,0
2026-06-22,675916,6,1,1,1.219829,6.0,4,0
2026-06-22,676477,5,0,0,3.27,5.0,5,0
2026-06-22,676534,6,0,1,2.711829,6.0,5,0
2026-06-22,676617,3,0,0,0.755,3.0,3,0
2026-06-22,676684,4,2,0,0.6699999999999999,4.0,2,0
2026-06-22,676879,3,2,0,0.786,3.0,1,0
2026-06-22,677958,19,9,0,2.735,19.0,10,0
2026-06-22,679358,3,1,0,1.408,3.0,2,1
2026-06-22,680694,30,9,1,7.316829,30.0,20,0
2026-06-22,680755,4,0,0,0.418,4.0,4,0
2026-06-22,680767,7,0,2,2.384658,7.0,5,0
2026-06-22,682120,4,1,0,0.954,4.0,3,0
2026-06-22,682842,3,1,0,0.025,2.0,1,0
2026-06-22,686613,17,4,2,5.124198,17.0,9,1
2026-06-22,686751,6,0,0,2.6270000000000002,6.0,6,1
2026-06-22,686973,3,1,1,1.010829,3.0,1,0
2026-06-22,687562,21,9,0,1.893,21.0,12,0
2026-06-22,687911,3,1,1,0.8988290000000001,3.0,1,0
2026-06-22,689266,6,3,1,1.505829,6.0,2,0
2026-06-22,690925,3,1,0,1.29,3.0,2,0
2026-06-22,690978,3,1,0,0.015,3.0,2,0
2026-06-22,691799,7,2,2,3.4666580000000002,7.0,3,0
2026-06-22,691951,21,3,1,8.944829,21.0,17,3
2026-06-22,694361,6,2,1,3.618829,6.0,3,1
2026-06-22,695239,3,1,0,0.5589999999999999,3.0,2,0
2026-06-22,695243,5,2,1,1.258829,5.0,2,0
2026-06-22,701121,5,0,0,1.9160000000000001,5.0,5,0
2026-06-22,702193,5,1,1,0.964,4.0,3,0
2026-06-22,800311,1,1,0,0.0,1.0,0,0
2026-06-22,805123,10,1,2,5.111658,9.0,7,1
2026-06-22,805427,3,0,0,0.511,3.0,3,0
2026-06-22,805673,26,5,2,9.983658,26.0,19,2
2026-06-22,820862,6,3,0,1.384,6.0,3,0
2026-06-23,471911,7,0,0,3.5820000000000003,6.0,7,1
2026-06-23,518585,3,1,1,0.8598290000000001,3.0,1,0
2026-06-23,543243,30,11,3,7.5454870000000005,30.0,16,1
2026-06-23,544150,9,3,1,1.864829,9.0,5,1
2026-06-23,571927,12,2,0,3.452,12.0,10,1
2026-06-23,571948,3,0,1,1.285829,3.0,2,0
2026-06-23,572955,2,2,0,0.0,2.0,0,0
2026-06-23,573124,10,0,2,5.177658,10.0,8,1
2026-06-23,592662,29,6,4,7.182316,29.0,19,0
2026-06-23,592779,5,1,0,0.899,5.0,4,0
2026-06-23,593958,25,5,3,6.917487,25.0,17,1
2026-06-23,593974,3,2,0,0.145,3.0,1,0
2026-06-23,595345,5,1,0,2.371,5.0,4,0
2026-06-23,605452,11,2,1,3.641829,11.0,8,1
2026-06-23,606996,9,3,1,3.253829,9.0,5,1
2026-06-23,607074,22,5,2,8.135658,22.0,15,1
2026-06-23,608723,25,2,1,9.159829,25.0,22,0
2026-06-23,615698,9,1,0,3.774,9.0,8,2
2026-06-23,621345,4,1,0,0.881,4.0,3,0
2026-06-23,621381,4,1,1,0.7288290000000001,4.0,2,0
2026-06-23,623149,6,1,0,2.968,6.0,5,1
2026-06-23,623352,3,1,0,0.398,3.0,2,0
2026-06-23,628452,5,1,0,1.842,5.0,4,0
2026-06-23,640448,4,4,0,0.0,4.0,0,0
2026-06-23,640454,6,2,1,1.9428290000000001,6.0,3,0
2026-06-23,641793,16,5,0,5.562,16.0,11,1
2026-06-23,642701,4,1,1,0.703829,4.0,2,0
2026-06-23,643511,7,0,0,3.1310000000000002,7.0,6,0
2026-06-23,645261,27,4,3,7.4494869999999995,27.0,20,0
2026-06-23,646241,3,1,0,0.211,3.0,2,0
2026-06-23,650644,18,5,0,4.69377,18.0,12,2
2026-06-23,656288,8,2,1,4.374599,8.0,4,1
2026-06-23,656464,3,1,0,0.474,3.0,2,0
2026-06-23,656546,3,1,1,0.784829,3.0,1,0
2026-06-23,656605,26,4,1,8.049829,26.0,21,1
2026-06-23,656730,3,0,0,0.398,3.0,3,0
2026-06-23,656794,9,2,1,2.736829,9.0,6,1
2026-06-23,657571,3,0,0,0.39,3.0,3,0
2026-06-23,657756,8,2,1,2.8968290000000003,8.0,5,0
2026-06-23,660761,6,1,1,1.330829,6.0,4,0
2026-06-23,660825,5,2,1,1.836829,5.0,2,0
2026-06-23,660853,7,0,0,3.0810000000000004,7.0,7,1
2026-06-23,662253,3,3,0,0.0,3.0,0,0
2026-06-23,663554,25,6,1,8.043829,25.0,18,1
2026-06-23,663556,25,4,1,11.459829,24.0,20,4
2026-06-23,663567,23,6,3,6.360487,23.0,14,1
2026-06-23,663767,4,1,0,1.551,4.0,3,1
2026-06-23,663878,6,2,1,1.963829,6.0,3,0
2026-06-23,663947,5,2,1,1.482829,5.0,2,0
2026-06-23,663992,4,1,1,2.103599,4.0,1,1
2026-06-23,664126,6,1,0,3.50577,6.0,4,1
2026-06-23,664208,5,2,1,3.790829,5.0,2,2
2026-06-23,665795,22,4,4,6.628316,22.0,14,0
2026-06-23,666157,15,6,1,2.456829,14.0,7,0
2026-06-23,666171,3,3,0,0.0,3.0,0,0
2026-06-23,666200,28,13,3,6.391487,28.0,12,0
2026-06-23,666661,2,1,1,0.697829,2.0,0,0
2026-06-23,667297,5,1,1,0.287,4.0,3,0
2026-06-23,668873,5,1,1,1.513829,4.0,2,0
2026-06-23,668964,10,1,2,3.438658,10.0,7,0
2026-06-23,669020,3,2,0,0.014,3.0,1,0
2026-06-23,669199,2,1,0,0.013,2.0,1,0
2026-06-23,669276,4,0,0,0.22999999999999998,4.0,4,0
2026-06-23,669358,24,5,1,6.5038290000000005,24.0,18,1
2026-06-23,669456,19,2,0,12.446,19.0,17,5
2026-06-23,669923,27,5,2,9.691658,27.0,20,2
2026-06-23,670059,1,1,0,0.0,1.0,0,0
2026-06-23,670062,7,3,2,1.524658,7.0,2,0
2026-06-23,670280,4,0,0,0.947,4.0,4,0
2026-06-23,670970,4,1,0,0.118,4.0,3,0
2026-06-23,672335,7,1,0,1.194,7.0,6,0
2026-06-23,673513,11,3,1,2.829,10.0,7,1
2026-06-23,673540,20,6,5,7.9519150000000005,20.0,8,2
2026-06-23,674444,4,0,0,1.173,4.0,4,0
2026-06-23,675848,4,0,0,0.857,4.0,4,0
2026-06-23,676477,4,1,0,0.491,4.0,3,0
2026-06-23,676571,3,1,0,0.501,3.0,2,0
2026-06-23,676604,5,1,0,2.616,5.0,4,1
2026-06-23,676755,3,1,0,0.755,3.0,2,0
2026-06-23,676879,3,2,0,0.324,3.0,1,0
2026-06-23,678606,3,0,0,1.268,3.0,3,1
2026-06-23,679883,22,6,4,5.650086,21.0,10,0
2026-06-23,680730,6,1,0,1.042,6.0,5,0
2026-06-23,680732,27,6,1,7.354599,25.0,18,1
2026-06-23,680736,28,3,2,10.344658,28.0,23,3
2026-06-23,680742,1,1,0,0.0,1.0,0,0
2026-06-23,680755,8,2,1,1.098,6.0,5,1
2026-06-23,681151,6,2,1,2.279829,6.0,3,1
2026-06-23,681217,3,1,0,0.722,3.0,2,0
2026-06-23,681517,24,3,2,6.751658,23.0,18,3
2026-06-23,682254,4,3,0,0.84,4.0,1,0
2026-06-23,682842,3,1,0,0.7,3.0,2,0
2026-06-23,683618,3,1,0,0.4,3.0,2,0
2026-06-23,686580,3,0,0,0.6609999999999999,3.0,3,0
2026-06-23,686930,6,3,2,1.557829,5.0,1,0
2026-06-23,687075,19,10,0,3.56277,17.0,6,0
2026-06-23,687377,3,1,0,0.28500000000000003,3.0,2,0
2026-06-23,687396,6,1,0,2.964,6.0,5,1
2026-06-23,687606,5,1,1,3.139829,5.0,3,1
2026-06-23,688158,4,0,1,1.310829,4.0,3,0
2026-06-23,688642,14,1,1,5.868829,14.0,12,0
2026-06-23,689147,7,2,1,3.888599,7.0,3,1
2026-06-23,689254,3,1,0,0.222,3.0,2,0
2026-06-23,690925,2,0,0,0.613,2.0,2,0
2026-06-23,691008,6,1,1,1.094829,6.0,4,0
2026-06-23,692030,19,3,2,6.044658,19.0,14,2
2026-06-23,693686,6,3,0,1.647,6.0,3,0
2026-06-23,694335,5,1,1,1.7998290000000001,5.0,3,1
2026-06-23,694360,4,0,0,2.3729999999999998,4.0,4,1
2026-06-23,695243,6,3,0,0.868,6.0,3,0
2026-06-23,695418,8,2,1,6.553829,8.0,5,2
2026-06-23,695534,9,3,1,2.877829,9.0,5,1
2026-06-23,696070,10,4,3,2.756487,10.0,3,0
2026-06-23,696147,3,1,0,0.221,3.0,2,0
2026-06-23,696270,19,8,1,2.835829,19.0,10,0
2026-06-23,696519,3,0,1,1.349829,3.0,2,0
2026-06-23,700669,4,0,2,1.442658,4.0,2,0
2026-06-23,701121,7,0,0,1.898,6.0,7,1
2026-06-23,701519,7,4,1,0.703829,6.0,2,0
2026-06-23,702275,24,7,4,6.589316,24.0,13,1
2026-06-23,800048,27,10,1,6.163829,27.0,16,2
2026-06-23,805299,1,1,0,0.0,1.0,0,0
2026-06-23,807743,24,3,5,9.081145,24.0,16,3
2026-06-23,810938,5,0,0,2.133,5.0,5,0
2026-06-24,518585,5,4,0,0.277,5.0,1,0
2026-06-24,527048,20,4,4,7.572316,20.0,12,1
2026-06-24,542888,6,0,2,2.016658,5.0,4,0
2026-06-24,543056,2,0,0,0.629,2.0,2,0
2026-06-24,548384,5,0,1,2.612829,5.0,4,0
2026-06-24,552640,3,1,1,1.082829,3.0,1,0
2026-06-24,571945,16,1,0,5.197,16.0,15,1
2026-06-24,571948,5,1,1,1.209829,4.0,2,0
2026-06-24,573204,4,2,0,0.706,4.0,2,0
2026-06-24,592094,3,0,0,0.138,3.0,3,0
2026-06-24,593974,4,0,0,1.137,4.0,4,0
2026-06-24,594027,6,1,0,2.1767700000000003,6.0,4,0
2026-06-24,594580,7,0,2,1.957829,5.0,4,0
2026-06-24,594798,23,8,2,5.432658,22.0,13,0
2026-06-24,595345,4,1,0,0.274,4.0,3,0
2026-06-24,596133,4,1,1,1.210829,4.0,2,0
2026-06-24,605400,21,5,2,7.125428,21.0,13,2
2026-06-24,607200,20,2,3,8.255487,20.0,15,0
2026-06-24,607455,5,2,0,1.64477,5.0,2,0
2026-06-24,607536,29,4,1,12.469829,29.0,24,7
2026-06-24,621053,6,2,0,0.942,6.0,4,0
2026-06-24,621074,8,3,0,2.021,8.0,5,0
2026-06-24,621097,6,2,0,0.9127700000000001,6.0,3,0
2026-06-24,621237,5,1,1,1.0898290000000002,5.0,3,0
2026-06-24,621345,5,1,0,0.8160000000000001,5.0,4,0
2026-06-24,622088,5,2,0,1.16,5.0,3,1
2026-06-24,622608,6,2,0,0.9470000000000001,6.0,4,0
2026-06-24,623211,6,4,0,0.30000000000000004,6.0,2,0
2026-06-24,623352,4,2,1,0.8948290000000001,4.0,1,0
2026-06-24,623474,3,2,0,0.514,3.0,1,0
2026-06-24,624133,27,9,1,5.864829,27.0,17,0
2026-06-24,640455,19,4,2,5.709658,19.0,13,0
2026-06-24,641302,3,2,0,0.005,3.0,1,0
2026-06-24,641329,4,2,0,1.085,4.0,2,1
2026-06-24,641656,3,2,0,0.262,3.0,1,0
2026-06-24,641755,3,1,0,0.644,2.0,1,0
2026-06-24,641816,19,4,2,8.018658,19.0,13,2
2026-06-24,642121,4,2,0,0.858,4.0,2,0
2026-06-24,642207,7,1,0,1.823,7.0,6,0
2026-06-24,642528,3,1,0,0.174,3.0,2,0
2026-06-24,643377,24,7,2,8.150428,24.0,14,1
2026-06-24,646241,5,2,0,0.5439999999999999,5.0,3,0
2026-06-24,656271,3,0,1,0.784829,3.0,2,0
2026-06-24,656529,1,0,0,1.588,1.0,1,1
2026-06-24,656546,6,2,1,2.036,5.0,3,1
2026-06-24,656848,3,3,0,0.0,3.0,0,0
2026-06-24,656945,4,2,0,0.434,4.0,2,0
2026-06-24,657044,8,2,0,1.736,8.0,6,0
2026-06-24,657097,5,1,2,2.5346580000000003,5.0,2,0
2026-06-24,657746,27,9,1,8.180829,27.0,17,2
2026-06-24,660271,24,8,2,5.475658,24.0,14,0
2026-06-24,661395,3,3,0,0.0,3.0,0,0
2026-06-24,663423,4,1,0,1.369,4.0,3,0
2026-06-24,663687,4,2,0,0.312,4.0,2,0
2026-06-24,663738,3,0,0,0.66,3.0,3,0
2026-06-24,663992,2,0,0,1.144,2.0,2,1
2026-06-24,664076,3,1,0,0.285,3.0,2,0
2026-06-24,664126,4,0,0,3.321,4.0,4,2
2026-06-24,664199,4,0,0,0.8560000000000001,4.0,4,0
2026-06-24,664854,3,2,0,0.121,3.0,1,0
2026-06-24,664991,3,1,0,0.115,3.0,2,0
2026-06-24,665622,5,2,2,1.395658,4.0,1,0
2026-06-24,665660,4,0,0,3.79,4.0,4,2
2026-06-24,665871,21,5,2,9.981658,21.0,14,4
2026-06-24,666808,3,0,1,0.992829,3.0,2,0
2026-06-24,666974,4,2,2,1.395658,4.0,0,0
2026-06-24,667297,3,1,0,0.638,3.0,2,0
2026-06-24,667463,4,1,0,1.471,4.0,3,1
2026-06-24,667755,17,4,2,8.320658,17.0,11,2
2026-06-24,668390,5,0,1,3.6708290000000003,5.0,4,1
2026-06-24,668674,3,1,0,0.7489999999999999,3.0,2,0
2026-06-24,668970,4,1,0,2.219,4.0,3,1
2026-06-24,669020,4,0,1,1.6158290000000002,4.0,3,0
2026-06-24,669062,4,1,1,0.035,3.0,2,0
2026-06-24,669165,5,1,2,1.395658,5.0,2,0
2026-06-24,669211,4,1,0,0.32699999999999996,4.0,3,0
2026-06-24,669270,7,0,2,3.227428,6.0,3,0
2026-06-24,669330,6,4,1,1.069829,6.0,1,0
2026-06-24,669373,22,9,0,5.3870000000000005,22.0,13,3
2026-06-24,669387,11,3,0,4.7989999999999995,11.0,8,2
2026-06-24,669461,26,3,2,8.738658000000001,26.0,21,3
2026-06-24,669622,5,2,0,0.932,5.0,3,0
2026-06-24,669684,4,2,0,0.099,4.0,2,0
2026-06-24,670059,1,0,0,0.632,1.0,1,0
2026-06-24,670280,4,1,0,1.0150000000000001,4.0,3,0
2026-06-24,670329,6,1,1,2.350829,6.0,4,0
2026-06-24,671922,6,1,1,6.959829,6.0,4,3
2026-06-24,672782,3,0,0,0.032,3.0,3,0
2026-06-24,675660,20,5,3,6.443487,18.0,10,0
2026-06-24,675916,4,1,0,0.536,4.0,3,0
2026-06-24,676254,3,1,0,0.585,3.0,2,0
2026-06-24,676440,21,3,1,7.581599000000001,21.0,16,0
2026-06-24,676571,4,1,0,0.748,4.0,3,0
2026-06-24,676664,25,5,2,8.446658,24.0,17,2
2026-06-24,677865,10,2,1,3.3738289999999997,10.0,7,0
2026-06-24,677952,23,10,0,4.136,23.0,13,0
2026-06-24,677960,26,6,2,11.942658,26.0,18,2
2026-06-24,679775,3,0,0,0.5810000000000001,3.0,3,0
2026-06-24,680742,3,1,0,2.16077,3.0,1,1
2026-06-24,681217,5,1,0,1.4200000000000002,5.0,4,0
2026-06-24,681347,21,3,1,3.767829,21.0,17,0
2026-06-24,681810,3,2,0,0.544,3.0,1,0
2026-06-24,681870,4,1,0,1.57,4.0,3,0
2026-06-24,681911,5,3,0,1.54,5.0,2,0
2026-06-24,681916,5,1,0,2.96977,5.0,3,1
2026-06-24,681982,6,0,2,2.568658,6.0,4,1
2026-06-24,682120,1,0,0,0.078,1.0,1,0
2026-06-24,683352,13,3,2,3.631658,13.0,8,0
2026-06-24,683769,4,0,0,1.4060000000000001,4.0,4,0
2026-06-24,684007,20,4,1,6.057829,20.0,15,3
2026-06-24,684974,6,0,1,3.176829,5.0,4,1
2026-06-24,685126,5,3,0,0.07100000000000001,5.0,2,0
2026-06-24,686580,7,1,0,2.998,6.0,6,0
2026-06-24,686751,3,0,0,0.5860000000000001,3.0,3,0
2026-06-24,686753,9,1,0,3.698,9.0,8,2
2026-06-24,686993,3,0,0,0.709,3.0,3,0
2026-06-24,687223,12,3,1,3.975829,12.0,8,1
2026-06-24,687330,3,0,0,1.625,3.0,3,0
2026-06-24,687377,3,1,1,0.814829,3.0,1,0
2026-06-24,687911,3,0,0,0.795,3.0,3,0
2026-06-24,688158,4,1,0,0.643,4.0,3,0
2026-06-24,689254,6,0,2,2.029658,5.0,4,0
2026-06-24,689266,3,0,1,0.944829,2.0,2,0
2026-06-24,689546,8,0,1,3.225829,8.0,7,0
2026-06-24,690997,28,9,2,10.239198,28.0,15,3
2026-06-24,691587,17,1,0,4.328,15.0,14,2
2026-06-24,691799,5,1,0,0.671,5.0,4,0
2026-06-24,693433,20,4,2,6.970658,20.0,14,1
2026-06-24,694346,18,5,2,4.630658,18.0,11,0
2026-06-24,694360,5,0,1,1.104829,5.0,4,0
2026-06-24,694477,9,1,3,3.959487,9.0,5,0
2026-06-24,695076,27,6,1,11.696598999999999,26.0,18,4
2026-06-24,695239,1,1,0,0.0,1.0,0,0
2026-06-24,695380,6,0,0,2.4130000000000003,6.0,6,0
2026-06-24,695611,18,9,1,4.014829,18.0,8,0
2026-06-24,696147,3,1,0,0.995,3.0,2,1
2026-06-24,696519,5,2,0,0.554,5.0,3,0
2026-06-24,697812,10,4,3,3.0114870000000002,10.0,3,0
2026-06-24,700669,9,0,2,3.535658,9.0,7,1
2026-06-24,702056,25,5,5,6.316145000000001,25.0,15,0
2026-06-24,702070,27,5,3,7.680428,24.0,18,0
2026-06-24,702193,3,0,0,0.483,3.0,3,0
2026-06-24,702752,11,3,2,5.331428,10.0,5,1
2026-06-24,800311,4,0,1,1.548829,4.0,3,0
2026-06-24,815083,7,1,1,2.135599,7.0,4,0
2026-06-24,820862,4,1,0,0.424,4.0,3,0
2026-06-25,445276,5,0,0,1.237,5.0,5,0
2026-06-25,518886,5,2,1,2.634829,5.0,2,1
2026-06-25,543056,1,0,0,0.045,1.0,1,0
2026-06-25,547973,6,0,1,1.008829,6.0,5,0
2026-06-25,548384,4,1,0,1.438,4.0,3,0
2026-06-25,571510,21,4,4,6.779316,21.0,13,1
2026-06-25,571948,3,0,0,2.425,3.0,3,1
2026-06-25,573204,3,2,0,0.015,3.0,1,0
2026-06-25,592332,28,4,2,11.472658,28.0,22,4
2026-06-25,596001,3,1,0,0.431,3.0,2,0
2026-06-25,596133,3,3,0,0.0,3.0,0,0
2026-06-25,605488,21,6,2,5.632658,21.0,13,0
2026-06-25,607625,24,3,2,8.452658,23.0,18,2
2026-06-25,621112,4,1,0,1.028,4.0,3,1
2026-06-25,621237,3,2,0,0.049,3.0,1,0
2026-06-25,621381,3,1,0,0.069,3.0,2,0
2026-06-25,640448,3,1,0,0.29900000000000004,3.0,2,0
2026-06-25,640454,3,1,1,1.4388290000000001,3.0,1,0
2026-06-25,641835,3,0,0,0.438,3.0,3,0
2026-06-25,642100,1,0,0,0.398,1.0,1,0
2026-06-25,642207,3,1,0,0.288,3.0,2,0
2026-06-25,642232,3,0,0,0.81677,3.0,2,0
2026-06-25,642397,3,1,0,0.13,3.0,2,0
2026-06-25,642547,24,5,1,5.828829,24.0,18,0
2026-06-25,650911,25,6,1,7.488599,25.0,17,2
2026-06-25,656641,5,2,0,3.089,5.0,3,1
2026-06-25,657097,5,0,1,1.800829,5.0,4,0
2026-06-25,657424,1,0,0,0.442,1.0,1,0
2026-06-25,657612,3,0,0,0.503,3.0,3,0
2026-06-25,657756,5,1,0,2.199,5.0,4,1
2026-06-25,660787,4,0,1,0.905829,3.0,3,0
2026-06-25,660825,3,1,0,0.264,3.0,2,0
2026-06-25,660853,4,0,0,2.903,4.0,4,1
2026-06-25,663423,3,0,0,0.606,3.0,3,0
2026-06-25,663767,3,2,0,0.003,3.0,1,0
2026-06-25,663947,4,0,0,1.306,4.0,4,0
2026-06-25,664129,7,1,1,1.725829,7.0,5,0
2026-06-25,664208,7,2,0,4.25577,7.0,4,1
2026-06-25,668873,7,1,1,2.779829,7.0,5,0
2026-06-25,668984,4,0,0,0.555,4.0,4,0
2026-06-25,669022,25,5,1,5.835829,25.0,19,0
2026-06-25,669062,3,0,1,1.334829,3.0,2,0
2026-06-25,669711,4,0,1,2.0508290000000002,4.0,3,0
2026-06-25,670990,3,0,2,1.803658,3.0,1,0
2026-06-25,675512,20,6,0,3.464,20.0,14,1
2026-06-25,676254,4,0,0,1.109,4.0,4,0
2026-06-25,676477,3,1,0,0.037,3.0,2,0
2026-06-25,676917,25,7,1,8.433599,25.0,16,1
2026-06-25,680573,11,1,4,4.820316,11.0,6,1
2026-06-25,680730,5,1,2,2.7446580000000003,5.0,2,0
2026-06-25,681402,11,2,0,6.97,11.0,9,3
2026-06-25,681799,4,0,1,0.834829,4.0,3,0
2026-06-25,681810,5,2,1,1.216829,5.0,2,0
2026-06-25,681895,6,0,1,2.969599,6.0,4,0
2026-06-25,681916,5,2,0,1.807,5.0,3,1
2026-06-25,682243,22,11,0,6.035,22.0,11,3
2026-06-25,682254,4,2,0,0.068,4.0,2,0
2026-06-25,686475,9,0,0,5.107,9.0,9,1
2026-06-25,686930,3,1,0,0.684,3.0,2,0
2026-06-25,686993,2,1,0,2.0,2.0,1,1
2026-06-25,689147,4,2,0,0.905,4.0,2,0
2026-06-25,690925,4,0,2,1.732658,4.0,2,0
2026-06-25,693645,25,9,2,5.886428,25.0,12,0
2026-06-25,693855,21,7,1,2.936829,21.0,13,0
2026-06-25,694738,24,6,1,6.621599,24.0,16,0
2026-06-25,695380,7,1,1,2.709829,7.0,5,0
2026-06-25,696149,23,4,3,7.999487,23.0,16,1
2026-06-25,805123,7,3,0,0.8049999999999999,7.0,4,0
2026-06-25,813349,24,9,1,6.486829,24.0,14,2
2026-06-25,837227,21,10,1,4.160829,21.0,10,1
2026-06-26,489446,3,2,0,0.061,3.0,1,0
2026-06-26,518886,4,1,1,1.4788290000000002,4.0,2,0
2026-06-26,543135,26,9,1,4.947829,26.0,16,0
2026-06-26,554430,25,5,1,6.182829,25.0,19,1
2026-06-26,571578,21,5,1,7.159599,21.0,14,1
2026-06-26,572955,3,1,0,0.614,3.0,2,0
2026-06-26,592094,3,1,0,0.435,3.0,2,0
2026-06-26,592155,1,0,0,0.123,1.0,1,0
2026-06-26,592454,4,0,0,1.77,4.0,4,1
2026-06-26,592779,4,0,1,1.147829,4.0,3,0
2026-06-26,593974,3,0,0,0.73,3.0,3,0
2026-06-26,596001,5,2,0,2.072,5.0,3,0
2026-06-26,605154,4,0,0,0.711,4.0,4,0
2026-06-26,605288,8,1,0,1.577,8.0,7,0
2026-06-26,607067,23,4,3,5.746487,22.0,16,0
2026-06-26,607259,23,3,0,6.668,23.0,20,2
2026-06-26,607455,5,0,0,3.411,5.0,5,1
2026-06-26,608372,23,2,1,9.065829,23.0,20,2
2026-06-26,608718,11,2,0,4.048,11.0,8,0
2026-06-26,621111,20,5,3,5.647487,20.0,12,2
2026-06-26,622088,4,0,0,1.38777,4.0,3,0
2026-06-26,622491,22,4,1,6.5938289999999995,22.0,17,2
2026-06-26,622608,6,1,0,1.552,6.0,5,0
2026-06-26,623211,6,1,1,2.371829,6.0,4,0
2026-06-26,623474,2,0,1,0.125,1.0,1,0
2026-06-26,625643,12,1,0,5.218,12.0,11,1
2026-06-26,628452,3,0,0,0.522,3.0,3,0
2026-06-26,642100,3,0,0,1.2239999999999998,3.0,3,1
2026-06-26,642232,5,1,1,1.850829,5.0,3,0
2026-06-26,642546,8,1,2,3.758658,8.0,5,0
2026-06-26,642701,4,2,0,0.541,4.0,2,0
2026-06-26,646241,7,2,1,2.343829,7.0,4,0
2026-06-26,650556,3,1,0,0.8099999999999999,3.0,2,0
2026-06-26,656271,4,2,1,0.718829,4.0,1,0
2026-06-26,656529,3,1,0,1.039,3.0,2,0
2026-06-26,656638,7,1,2,3.0116579999999997,7.0,4,0
2026-06-26,656641,4,0,1,0.708829,4.0,3,0
2026-06-26,656730,4,0,1,0.949829,4.0,3,0
2026-06-26,656848,4,1,0,1.033,4.0,3,0
2026-06-26,657424,3,1,1,0.705829,3.0,1,0
2026-06-26,657571,4,1,0,1.048,4.0,3,0
2026-06-26,660787,4,1,0,1.015,4.0,3,0
2026-06-26,661395,4,1,0,0.857,4.0,3,0
2026-06-26,662253,3,2,0,0.091,3.0,1,0
2026-06-26,663687,3,2,1,0.697829,3.0,0,0
2026-06-26,663738,3,0,0,1.7389999999999999,3.0,3,0
2026-06-26,663855,3,1,0,0.131,3.0,2,0
2026-06-26,663878,10,1,2,2.926658,10.0,7,0
2026-06-26,664076,3,0,0,1.573,3.0,3,0
2026-06-26,664854,3,1,0,0.124,3.0,2,0
2026-06-26,664991,3,2,0,0.18,3.0,1,0
2026-06-26,665622,7,3,2,2.2366580000000003,7.0,2,0
2026-06-26,665660,3,1,0,0.309,3.0,2,0
2026-06-26,666277,7,0,2,2.921658,7.0,5,0
2026-06-26,668674,5,0,0,2.539,5.0,5,1
2026-06-26,668678,27,0,2,14.303599,26.0,24,5
2026-06-26,668941,3,0,0,0.829,3.0,3,0
2026-06-26,669276,6,0,0,0.996,5.0,6,1
2026-06-26,669330,2,0,0,0.306,2.0,2,0
2026-06-26,669372,26,5,1,8.880829,26.0,20,2
2026-06-26,669432,24,7,0,5.563,24.0,17,1
2026-06-26,670036,5,1,0,2.064,5.0,4,0
2026-06-26,670167,8,1,0,3.0469999999999997,8.0,7,1
2026-06-26,670245,4,0,0,1.55,4.0,4,0
2026-06-26,670950,3,2,0,0.524,3.0,1,0
2026-06-26,670970,4,0,0,1.129,4.0,4,0
2026-06-26,671096,24,6,1,7.671829000000001,24.0,17,3
2026-06-26,671737,27,7,3,6.732487,27.0,17,2
2026-06-26,671936,5,1,2,1.585658,5.0,2,0
2026-06-26,672335,7,1,0,2.475,6.0,5,0
2026-06-26,672456,26,3,1,6.105829,26.0,22,0
2026-06-26,673513,4,0,1,0.5870000000000001,3.0,3,0
2026-06-26,674444,5,3,1,0.820829,5.0,1,0
2026-06-26,674841,21,5,3,6.718487,20.0,12,0
2026-06-26,675848,3,0,0,0.958,3.0,3,0
2026-06-26,676263,3,0,1,0.309,2.0,2,0
2026-06-26,676282,20,9,2,5.000658,20.0,9,1
2026-06-26,676534,3,1,0,0.981,3.0,2,0
2026-06-26,676694,3,0,0,1.146,3.0,3,0
2026-06-26,676755,3,1,0,0.9159999999999999,3.0,2,0
2026-06-26,676879,5,0,2,2.344658,5.0,3,0
2026-06-26,676974,25,5,2,4.773428,25.0,17,0
2026-06-26,677865,1,0,0,0.106,1.0,1,0
2026-06-26,678020,4,1,0,0.6789999999999999,4.0,3,0
2026-06-26,678606,3,1,0,0.32,3.0,2,0
2026-06-26,679358,4,0,1,2.161829,4.0,3,1
2026-06-26,681151,11,4,1,5.438829,11.0,6,3
2026-06-26,681293,19,7,5,8.344145000000001,19.0,7,2
2026-06-26,681799,5,0,1,3.289829,5.0,4,1
2026-06-26,681892,6,1,0,2.251,6.0,5,0
2026-06-26,682120,5,0,2,1.6166580000000002,5.0,3,0
2026-06-26,682254,4,2,0,1.6139999999999999,4.0,2,1
2026-06-26,682842,4,0,0,1.589,4.0,4,0
2026-06-26,682982,4,1,2,2.305658,4.0,1,0
2026-06-26,683618,3,1,0,0.538,3.0,2,0
2026-06-26,683769,2,2,0,0.0,2.0,0,0
2026-06-26,684049,3,1,0,0.35300000000000004,3.0,2,0
2026-06-26,685126,4,1,0,0.736,4.0,3,0
2026-06-26,686228,6,0,0,0.953,6.0,6,0
2026-06-26,686475,4,0,1,2.257829,4.0,3,0
2026-06-26,686790,24,3,1,5.757829,24.0,20,0
2026-06-26,686973,4,1,0,0.6619999999999999,4.0,3,0
2026-06-26,687330,4,0,0,1.088,4.0,4,0
2026-06-26,687765,15,2,3,5.923487,15.0,10,0
2026-06-26,687849,5,2,1,0.776829,5.0,2,0
2026-06-26,689147,3,1,0,0.799,3.0,2,1
2026-06-26,689266,3,0,0,0.304,3.0,3,0
2026-06-26,689818,22,6,3,5.803487,22.0,13,1
2026-06-26,691008,5,0,2,3.110658,5.0,3,1
2026-06-26,693686,9,3,0,1.756,9.0,6,1
2026-06-26,694360,6,2,0,1.953,6.0,4,0
2026-06-26,694462,12,3,4,4.466316,12.0,5,0
2026-06-26,694819,23,8,4,6.496316,23.0,11,1
2026-06-26,694973,23,7,2,6.143658,23.0,14,1
2026-06-26,695239,3,0,1,0.8628290000000001,3.0,2,0
2026-06-26,695418,13,5,3,3.650487,13.0,5,0
2026-06-26,700241,22,4,1,6.695829,22.0,17,0
2026-06-26,700712,21,5,2,5.824658,21.0,14,1
2026-06-26,701542,27,0,3,12.946487000000001,27.0,24,3
2026-06-26,702193,3,0,0,0.379,3.0,3,0
2026-06-26,800311,1,1,0,0.0,1.0,0,0
2026-06-26,801139,24,7,2,6.148658,24.0,15,0
2026-06-26,804267,23,7,1,6.818829,23.0,15,1
2026-06-26,808963,20,2,5,8.893915,20.0,12,3
2026-06-26,820862,4,1,0,1.3840000000000001,4.0,3,0
2026-06-27,489446,3,1,0,0.013000000000000001,3.0,2,0
2026-06-27,500743,3,0,0,1.096,3.0,3,0
2026-06-27,542888,4,0,0,4.29577,4.0,3,1
2026-06-27,543037,24,5,1,8.438829,24.0,18,2
2026-06-27,547179,25,1,0,7.57077,25.0,23,1
2026-06-27,547973,4,1,1,1.226829,4.0,2,0
2026-06-27,552640,4,2,0,1.106,4.0,2,0
2026-06-27,573124,3,1,1,0.057,2.0,1,0
2026-06-27,592826,3,0,0,0.637,3.0,3,0
2026-06-27,594580,5,0,2,3.295658,5.0,3,1
2026-06-27,595345,6,0,1,1.224829,6.0,5,0
2026-06-27,596133,3,2,0,0.162,3.0,1,0
2026-06-27,605452,8,2,0,4.271,8.0,6,1
2026-06-27,606996,9,2,1,3.096829,9.0,6,1
2026-06-27,608379,29,7,1,8.054829,29.0,21,1
2026-06-27,615698,15,5,1,2.2238290000000003,15.0,9,0
2026-06-27,621053,1,1,0,0.0,1.0,0,0
2026-06-27,621097,5,0,1,1.836829,4.0,4,0
2026-06-27,621112,3,0,0,0.663,3.0,3,0
2026-06-27,621345,5,1,0,0.593,5.0,4,0
2026-06-27,622088,1,1,0,0.0,1.0,0,0
2026-06-27,623211,4,0,0,0.9629999999999999,4.0,4,0
2026-06-27,623352,3,1,0,0.09999999999999999,3.0,2,0
2026-06-27,623454,5,1,1,2.053829,5.0,3,0
2026-06-27,623474,2,0,0,0.221,2.0,2,0
2026-06-27,640454,5,1,0,2.3307700000000002,5.0,3,0
2026-06-27,641302,3,0,0,0.403,3.0,3,0
2026-06-27,641329,3,0,0,0.5860000000000001,3.0,3,0
2026-06-27,641835,5,1,0,2.313,5.0,4,1
2026-06-27,642121,7,1,0,2.08,7.0,6,1
2026-06-27,642207,4,1,1,1.284829,4.0,2,0
2026-06-27,642397,7,1,2,3.564658,7.0,3,0
2026-06-27,643511,4,0,0,0.8330000000000001,4.0,4,0
2026-06-27,656302,23,10,5,6.601145,23.0,8,0
2026-06-27,656464,3,1,1,0.7288290000000001,3.0,1,0
2026-06-27,656492,26,9,2,5.311658,26.0,15,0
2026-06-27,656529,3,1,0,0.134,3.0,2,0
2026-06-27,656546,4,1,0,1.304,4.0,3,1
2026-06-27,656550,13,4,0,3.1479999999999997,13.0,9,0
2026-06-27,656794,8,2,2,2.743658,8.0,4,0
2026-06-27,656849,20,2,0,6.457,20.0,18,1
2026-06-27,657097,3,2,0,0.015,3.0,1,0
2026-06-27,657277,24,6,2,6.705658,24.0,16,1
2026-06-27,657514,3,1,0,0.185,3.0,2,0
2026-06-27,657571,4,1,0,1.022,4.0,3,0
2026-06-27,657649,4,1,0,0.299,4.0,3,0
2026-06-27,660604,18,4,2,4.888658,18.0,12,0
2026-06-27,660710,5,0,0,1.706,5.0,5,2
2026-06-27,663423,4,0,1,1.6508289999999999,4.0,3,0
2026-06-27,663436,20,3,1,4.074829,20.0,16,1
2026-06-27,663738,4,0,0,1.309,4.0,4,0
2026-06-27,664129,4,0,0,0.688,4.0,4,0
2026-06-27,664199,3,0,0,1.354,3.0,3,0
2026-06-27,664285,26,2,0,7.179,26.0,24,1
2026-06-27,664854,5,1,0,0.638,5.0,4,0
2026-06-27,664875,5,0,1,1.989829,5.0,4,0
2026-06-27,666171,3,2,0,0.106,3.0,1,0
2026-06-27,666661,4,2,1,0.821829,4.0,1,0
2026-06-27,666808,2,1,0,0.057,2.0,1,0
2026-06-27,667297,5,2,0,1.6139999999999999,5.0,3,1
2026-06-27,667463,4,1,0,0.5660000000000001,4.0,3,0
2026-06-27,668984,7,1,0,2.405,7.0,6,1
2026-06-27,669165,5,0,2,2.718658,5.0,3,0
2026-06-27,669199,9,1,1,2.341829,9.0,7,0
2026-06-27,669211,8,2,1,1.026829,8.0,5,0
2026-06-27,669270,4,1,0,1.61,4.0,3,1
2026-06-27,669302,28,7,0,6.906,28.0,21,0
2026-06-27,669467,28,4,1,8.322829,28.0,23,0
2026-06-27,669622,5,2,0,0.9159999999999999,5.0,3,0
2026-06-27,670059,3,1,1,0.778829,3.0,1,0
2026-06-27,670167,2,1,0,0.503,2.0,1,0
2026-06-27,670329,5,1,0,1.078,5.0,4,0
2026-06-27,670990,9,2,0,2.82577,9.0,6,0
2026-06-27,671922,5,1,0,2.53777,5.0,3,0
2026-06-27,672282,24,8,3,7.865487,24.0,13,1
2026-06-27,675627,10,4,0,3.014,10.0,6,1
2026-06-27,676254,4,0,1,1.6058290000000002,4.0,3,0
2026-06-27,676263,5,1,0,1.673,4.0,3,0
2026-06-27,676477,3,0,0,0.24400000000000002,3.0,3,0
2026-06-27,676571,3,1,0,0.585,3.0,2,0
2026-06-27,676604,3,1,0,0.435,3.0,2,0
2026-06-27,676684,7,2,0,2.7729999999999997,7.0,5,0
2026-06-27,676755,3,2,0,1.432,3.0,1,1
2026-06-27,676760,11,1,3,4.580487,11.0,7,1
2026-06-27,677865,7,2,0,1.137,7.0,5,0
2026-06-27,677944,24,4,2,7.251658,24.0,18,1
2026-06-27,678022,21,5,1,7.323599,21.0,14,1
2026-06-27,678606,3,1,0,0.321,3.0,2,0
2026-06-27,678906,22,1,1,9.902599,22.0,19,1
2026-06-27,679775,6,1,1,2.744829,6.0,4,0
2026-06-27,680742,4,1,1,1.346829,4.0,2,0
2026-06-27,680755,4,0,0,2.25,4.0,4,2
2026-06-27,680767,4,1,0,0.28,4.0,3,0
2026-06-27,681035,18,6,2,6.637658,18.0,10,1
2026-06-27,681190,19,1,1,11.408828999999999,19.0,17,3
2026-06-27,681217,1,1,0,0.0,1.0,0,0
2026-06-27,681870,1,1,0,0.0,1.0,0,0
2026-06-27,681892,6,0,1,3.442829,6.0,5,1
2026-06-27,681895,3,0,1,1.185829,3.0,2,0
2026-06-27,681911,2,1,0,0.04,2.0,1,0
2026-06-27,681982,7,0,2,4.139658,7.0,5,0
2026-06-27,682608,8,4,0,0.9249999999999999,8.0,4,0
2026-06-27,683003,20,4,1,6.303829,19.0,15,2
2026-06-27,683769,4,1,0,0.8959999999999999,4.0,3,0
2026-06-27,686580,2,2,0,0.0,2.0,0,0
2026-06-27,686751,4,2,1,0.7478290000000001,4.0,1,0
2026-06-27,686930,2,0,0,0.8500000000000001,2.0,2,0
2026-06-27,686993,4,2,0,0.44899999999999995,4.0,2,0
2026-06-27,687064,24,8,2,7.251658,24.0,14,1
2026-06-27,687330,5,2,0,2.619,5.0,3,1
2026-06-27,687377,3,0,0,3.229,3.0,3,1
2026-06-27,687396,4,3,1,0.697829,4.0,0,0
2026-06-27,687473,15,4,1,3.632599,15.0,9,0
2026-06-27,687562,23,3,2,6.496658,23.0,18,1
2026-06-27,687911,3,1,0,0.307,3.0,2,0
2026-06-27,688158,5,2,0,1.075,5.0,3,0
2026-06-27,688642,5,1,1,2.697829,5.0,3,0
2026-06-27,689254,4,0,1,2.008829,4.0,3,0
2026-06-27,690925,3,2,0,0.138,3.0,1,0
2026-06-27,690986,19,9,1,2.535829,19.0,9,0
2026-06-27,691799,6,4,0,0.128,6.0,2,0
2026-06-27,693821,17,4,1,6.458829,17.0,12,2
2026-06-27,694335,3,0,1,1.611829,3.0,2,0
2026-06-27,694397,9,1,2,4.779658,9.0,6,1
2026-06-27,694477,6,0,2,3.9856580000000004,6.0,4,1
2026-06-27,695239,4,0,0,2.714,4.0,4,1
2026-06-27,695505,27,10,0,7.644,27.0,17,1
2026-06-27,695534,4,0,1,1.529829,4.0,3,0
2026-06-27,696147,6,1,2,3.629658,6.0,3,1
2026-06-27,702474,24,2,0,10.406,24.0,22,4
2026-06-27,703615,23,4,2,8.002658,23.0,17,2
2026-06-27,805123,8,2,0,2.09,8.0,6,1
2026-06-27,805427,1,0,0,0.004,1.0,1,0
2026-06-27,808967,24,4,2,9.361658,24.0,18,2
2026-06-28,445276,7,1,1,2.444829,7.0,5,0
2026-06-28,518585,4,0,0,1.4849999999999999,4.0,4,0
2026-06-28,518876,27,3,2,12.838658,27.0,22,2
2026-06-28,518886,3,1,0,0.737,3.0,2,0
2026-06-28,519242,26,10,1,3.556829,26.0,15,0
2026-06-28,542888,4,2,0,0.49400000000000005,4.0,2,0
2026-06-28,543243,24,9,1,4.5038290000000005,24.0,14,0
2026-06-28,544150,11,2,0,3.4210000000000003,11.0,9,1
2026-06-28,547973,6,2,1,1.674829,6.0,3,0
2026-06-28,572955,6,2,2,4.223658,6.0,2,2
2026-06-28,573204,4,2,1,0.697829,4.0,1,0
2026-06-28,592094,4,0,0,0.767,4.0,4,0
2026-06-28,592662,30,2,1,7.684829,30.0,27,0
2026-06-28,592773,2,0,0,0.28900000000000003,2.0,2,0
2026-06-28,593974,6,2,0,1.297,6.0,4,0
2026-06-28,594027,2,0,0,0.558,2.0,2,0
2026-06-28,595345,1,0,0,0.01,1.0,1,0
2026-06-28,605540,20,6,2,4.753658,20.0,12,1
2026-06-28,607074,21,6,4,4.637316,21.0,11,0
2026-06-28,607455,5,2,1,1.67077,4.0,1,0
2026-06-28,621053,3,1,0,0.21,3.0,2,0
2026-06-28,621074,5,0,2,2.226658,4.0,3,0
2026-06-28,621097,2,0,0,0.257,2.0,2,0
2026-06-28,621112,6,1,0,1.079,6.0,5,0
2026-06-28,621237,5,2,0,1.0567700000000002,5.0,2,0
2026-06-28,621381,3,0,0,0.41100000000000003,3.0,3,0
2026-06-28,622554,4,2,0,1.266,4.0,2,0
2026-06-28,623352,6,2,3,2.183487,6.0,1,0
2026-06-28,640448,7,3,1,2.999829,7.0,3,1
2026-06-28,641302,3,1,0,0.458,3.0,2,0
2026-06-28,641743,21,2,1,7.923599,21.0,17,1
2026-06-28,641755,3,0,0,0.527,3.0,3,0
2026-06-28,641793,20,3,2,8.958658,20.0,15,2
2026-06-28,642100,5,0,0,0.675,5.0,5,0
2026-06-28,642528,4,1,0,0.741,4.0,3,0
2026-06-28,642701,5,1,2,1.667658,5.0,2,0
2026-06-28,650556,4,0,1,2.1068290000000003,3.0,3,0
2026-06-28,650633,22,5,4,7.470856,21.0,11,0
2026-06-28,650644,22,2,1,7.460829,22.0,19,1
2026-06-28,656271,3,1,0,0.235,3.0,2,0
2026-06-28,656427,20,9,3,3.404487,20.0,8,0
2026-06-28,656546,5,2,0,0.735,4.0,2,0
2026-06-28,656605,23,4,1,8.216599,23.0,17,1
2026-06-28,656638,3,0,0,1.228,3.0,3,0
2026-06-28,656730,4,3,0,0.466,4.0,1,0
2026-06-28,656876,24,5,1,4.712369,24.0,16,0
2026-06-28,656945,5,2,0,1.99777,5.0,2,0
2026-06-28,657097,5,3,1,1.593829,5.0,1,0
2026-06-28,657514,1,0,0,0.257,1.0,1,0
2026-06-28,660761,6,2,0,1.748,5.0,3,1
2026-06-28,660825,2,1,0,0.718,2.0,1,1
2026-06-28,660853,6,1,1,3.518829,6.0,4,1
2026-06-28,661395,4,0,1,1.0458290000000001,4.0,3,0
2026-06-28,663372,22,0,0,6.487,22.0,22,2
2026-06-28,663542,5,1,1,2.653829,5.0,3,0
2026-06-28,663767,5,1,1,3.808829,5.0,3,1
2026-06-28,663855,4,2,0,0.761,4.0,2,0
2026-06-28,663903,24,6,0,9.06477,24.0,17,3
2026-06-28,663947,7,0,0,1.345,7.0,7,1
2026-06-28,663969,27,1,0,9.728,27.0,26,4
2026-06-28,663992,1,0,0,0.055,1.0,1,0
2026-06-28,664076,4,2,0,1.945,4.0,2,1
2026-06-28,664991,3,1,0,0.945,3.0,2,0
2026-06-28,665660,3,1,0,0.504,3.0,2,0
2026-06-28,666171,4,2,2,1.395658,4.0,0,0
2026-06-28,666200,22,6,3,5.603487,22.0,13,0
2026-06-28,666277,3,2,0,0.12,3.0,1,0
2026-06-28,668390,8,2,0,2.1510000000000002,8.0,6,1
2026-06-28,668674,3,0,1,0.968829,3.0,2,0
2026-06-28,668873,5,1,0,1.4169999999999998,5.0,4,1
2026-06-28,668909,25,6,3,6.468487,25.0,16,0
2026-06-28,668941,5,1,0,0.992,5.0,4,0
2026-06-28,668964,15,3,0,5.594,15.0,12,0
2026-06-28,669020,7,2,0,2.6329999999999996,7.0,5,1
2026-06-28,669060,17,4,0,4.426,17.0,13,0
2026-06-28,669270,7,1,2,2.7905990000000003,6.0,3,0
2026-06-28,669276,2,2,0,0.0,2.0,0,0
2026-06-28,669330,5,1,0,3.161,5.0,4,2
2026-06-28,669387,10,1,1,4.006829,10.0,8,0
2026-06-28,669456,24,4,4,10.839316,24.0,16,1
2026-06-28,669684,3,0,0,1.71,3.0,3,1
2026-06-28,670036,6,0,1,2.651829,6.0,5,0
2026-06-28,670062,7,2,3,2.211487,7.0,2,0
2026-06-28,670280,6,1,0,1.5279999999999998,6.0,5,0
2026-06-28,670950,4,1,0,0.595,4.0,3,0
2026-06-28,671922,6,1,0,2.8209999999999997,6.0,5,1
2026-06-28,671936,7,1,2,2.947658,7.0,4,0
2026-06-28,672335,3,2,0,0.969,3.0,1,1
2026-06-28,672782,3,0,0,1.1560000000000001,3.0,3,0
2026-06-28,673513,6,2,0,0.8740000000000001,6.0,4,0
2026-06-28,673540,20,4,1,5.533829,20.0,15,1
2026-06-28,674444,3,1,0,0.10999999999999999,3.0,2,0
2026-06-28,675848,3,1,0,0.5840000000000001,3.0,2,0
2026-06-28,676106,25,6,3,6.820487,25.0,16,0
2026-06-28,676571,6,0,1,2.322829,6.0,5,1
2026-06-28,676617,3,1,0,0.3,3.0,2,0
2026-06-28,676879,5,1,2,2.109658,5.0,2,0
2026-06-28,677958,23,5,1,5.473829,23.0,17,1
2026-06-28,678020,5,0,0,2.566,5.0,5,1
2026-06-28,679775,3,0,0,1.197,3.0,3,0
2026-06-28,679883,20,4,3,8.952487,20.0,13,1
2026-06-28,680694,19,2,5,5.734145,19.0,12,0
2026-06-28,680730,8,2,1,3.1928289999999997,8.0,5,1
2026-06-28,681006,5,0,1,1.456829,5.0,4,0
2026-06-28,681517,20,5,3,5.398487,19.0,12,1
2026-06-28,681799,3,0,1,1.536829,3.0,2,0
2026-06-28,681911,3,1,0,1.5290000000000001,3.0,2,1
2026-06-28,682120,5,0,0,2.17077,5.0,4,0
2026-06-28,682842,5,1,0,0.181,5.0,4,0
2026-06-28,683618,3,0,1,1.553829,3.0,2,1
2026-06-28,685112,4,0,3,2.469487,4.0,1,0
2026-06-28,686218,20,5,2,6.1764280000000005,19.0,12,1
2026-06-28,686580,5,1,0,1.2029999999999998,4.0,4,0
2026-06-28,686613,26,4,2,7.302658,25.0,19,0
2026-06-28,686753,3,1,0,0.563,3.0,2,0
2026-06-28,686973,4,3,0,0.51,4.0,1,0
2026-06-28,687570,26,10,0,5.33554,25.0,14,0
2026-06-28,687911,3,0,0,1.122,3.0,3,0
2026-06-28,689147,6,1,3,2.153487,6.0,2,0
2026-06-28,691951,21,4,1,7.656829,21.0,16,1
2026-06-28,694360,5,1,1,1.747829,5.0,3,0
2026-06-28,694361,6,2,0,1.77877,6.0,3,0
2026-06-28,694680,4,1,0,0.591,4.0,3,0
2026-06-28,696136,3,0,1,0.8688290000000001,3.0,2,0
2026-06-28,696519,5,2,0,0.595,5.0,3,0
2026-06-28,702193,4,2,0,0.019,4.0,2,0
2026-06-28,800311,4,0,1,2.046829,4.0,3,0
2026-06-28,806188,1,1,0,0.0,1.0,0,0
2026-06-28,820862,6,1,0,0.965,6.0,5,0
2026-06-29,543056,3,0,1,0.828829,3.0,2,0
2026-06-29,571945,30,3,0,10.169,30.0,27,1
2026-06-29,573204,3,0,1,0.513,2.0,2,0
2026-06-29,592094,5,1,0,1.044,5.0,4,0
2026-06-29,593958,27,1,0,9.187,25.0,25,4
2026-06-29,594027,4,2,0,0.688,3.0,1,0
2026-06-29,594580,4,1,0,0.967,3.0,3,0
2026-06-29,596001,5,1,0,1.255,5.0,4,0
2026-06-29,605400,23,5,2,9.513658,23.0,16,3
2026-06-29,606996,3,1,1,0.697829,3.0,1,0
2026-06-29,622088,2,0,0,2.181,2.0,2,1
2026-06-29,622608,7,0,1,3.8518290000000004,7.0,6,1
2026-06-29,623149,6,0,0,3.13,6.0,6,1
2026-06-29,623454,3,1,0,0.672,3.0,2,0
2026-06-29,624133,24,8,1,7.084829,24.0,15,1
2026-06-29,640454,4,1,1,3.178829,4.0,2,1
2026-06-29,640455,23,4,2,7.088428,23.0,16,0
2026-06-29,641302,4,2,0,0.485,4.0,2,0
2026-06-29,641778,28,2,1,7.191829,28.0,25,1
2026-06-29,641816,19,3,3,5.725487,19.0,13,0
2026-06-29,641835,8,2,1,2.266829,8.0,5,1
2026-06-29,642232,4,1,1,1.461829,4.0,2,0
2026-06-29,642397,4,1,0,2.367,4.0,3,1
2026-06-29,642546,7,1,1,2.987829,7.0,5,0
2026-06-29,643511,5,0,1,2.074,4.0,4,1
2026-06-29,645261,27,3,5,8.863145,26.0,18,0
2026-06-29,656234,5,2,0,0.85677,5.0,2,0
2026-06-29,656288,20,3,2,5.871428,20.0,14,0
2026-06-29,656464,4,1,1,1.9268290000000001,4.0,2,1
2026-06-29,656529,3,0,2,2.281658,3.0,1,0
2026-06-29,656641,6,1,0,1.6629999999999998,6.0,5,0
2026-06-29,656730,3,2,0,0.035,3.0,1,0
2026-06-29,656848,5,1,0,3.158,5.0,4,1
2026-06-29,657612,4,0,0,0.907,4.0,4,0
2026-06-29,660787,9,0,0,3.385,9.0,9,0
2026-06-29,663423,3,1,0,0.655,3.0,2,0
2026-06-29,663554,22,10,0,2.124,22.0,12,0
2026-06-29,663567,25,4,3,9.084487,25.0,18,2
2026-06-29,663767,6,2,1,2.673829,6.0,3,1
2026-06-29,663878,6,0,1,1.8238290000000001,6.0,5,0
2026-06-29,663978,19,1,0,6.734,19.0,18,2
2026-06-29,664126,5,1,0,1.628,5.0,4,0
2026-06-29,664141,11,0,1,3.394829,11.0,10,1
2026-06-29,664991,4,1,0,2.33977,4.0,2,1
2026-06-29,666157,20,4,4,7.454086,20.0,11,0
2026-06-29,666808,3,3,0,0.0,3.0,0,0
2026-06-29,666974,5,0,0,2.167,5.0,5,0
2026-06-29,668970,5,2,1,1.365829,5.0,2,0
2026-06-29,669165,3,3,0,0.0,3.0,0,0
2026-06-29,669358,27,6,4,7.543316,27.0,17,1
2026-06-29,669684,3,0,1,0.7508290000000001,3.0,2,0
2026-06-29,669923,30,7,1,8.039829000000001,30.0,22,2
2026-06-29,670036,1,1,0,0.0,1.0,0,0
2026-06-29,670059,4,3,0,0.119,4.0,1,0
2026-06-29,670329,2,0,0,0.6930000000000001,2.0,2,0
2026-06-29,670970,5,2,1,0.788829,5.0,2,0
2026-06-29,670990,3,1,1,1.227829,3.0,1,0
2026-06-29,672782,2,0,0,2.263,2.0,2,1
2026-06-29,676263,3,1,1,0.908829,3.0,1,0
2026-06-29,676477,4,2,0,0.543,4.0,2,0
2026-06-29,676534,3,0,0,0.242,3.0,3,0
2026-06-29,676879,4,1,0,0.325,4.0,3,0
2026-06-29,677020,3,1,0,0.194,3.0,2,0
2026-06-29,677952,24,8,1,9.405829,24.0,15,3
2026-06-29,677960,14,3,1,5.552829,14.0,10,0
2026-06-29,678606,4,1,1,1.219829,4.0,2,0
2026-06-29,680702,3,2,0,0.014,3.0,1,0
2026-06-29,680732,23,8,3,5.718487,23.0,12,2
2026-06-29,680767,6,0,0,3.0709999999999997,6.0,6,1
2026-06-29,681810,7,2,2,2.279658,7.0,3,0
2026-06-29,681870,5,1,1,1.387829,4.0,2,0
2026-06-29,681895,5,1,0,1.22577,4.0,3,0
2026-06-29,682254,4,2,1,0.797829,4.0,1,0
2026-06-29,684007,27,4,0,7.2410000000000005,26.0,23,1
2026-06-29,685126,3,3,0,0.0,3.0,0,0
2026-06-29,686751,6,4,1,0.938829,6.0,1,0
2026-06-29,686973,5,2,1,1.411829,5.0,2,0
2026-06-29,686993,4,2,0,0.6950000000000001,4.0,2,0
2026-06-29,687396,4,0,0,1.5190000000000001,4.0,4,1
2026-06-29,687849,3,1,1,0.712829,3.0,1,0
2026-06-29,688107,24,5,1,7.208829000000001,23.0,18,2
2026-06-29,688642,8,1,1,2.160829,8.0,6,0
2026-06-29,689254,1,0,0,0.0,0.0,0,0
2026-06-29,691799,6,2,0,0.303,6.0,4,0
2026-06-29,694477,6,2,0,1.457,6.0,4,0
2026-06-29,695034,13,2,1,3.651829,13.0,10,1
2026-06-29,695239,4,0,1,0.10300000000000001,3.0,3,0
2026-06-29,695243,3,0,0,0.99,3.0,3,0
2026-06-29,695534,11,1,2,4.642658,11.0,8,1
2026-06-29,695611,24,5,0,10.324,24.0,19,2
2026-06-29,696270,20,3,0,5.49977,20.0,16,1
2026-06-29,699044,8,4,0,1.74,8.0,4,0
2026-06-29,699134,4,2,0,0.9670000000000001,4.0,2,0
2026-06-29,701519,7,1,2,3.928658,7.0,4,1
2026-06-29,702056,25,3,0,9.47977,25.0,21,3
2026-06-29,800048,28,5,0,6.067,27.0,23,0
2026-06-29,805299,1,1,0,0.0,1.0,0,0
2026-06-29,805427,6,2,1,2.4458290000000003,6.0,3,1
2026-06-29,805673,25,7,1,8.625829,24.0,16,4
2026-06-29,807743,23,5,2,6.713428,23.0,15,1
2026-06-29,815083,13,3,2,8.069658,13.0,8,3
2026-06-30,518886,3,0,0,0.849,3.0,3,0
2026-06-30,527048,23,1,3,10.333487,23.0,19,2
2026-06-30,542888,4,1,0,1.2439999999999998,4.0,3,1
2026-06-30,543056,4,0,1,2.389829,4.0,3,0
2026-06-30,544150,10,4,0,1.431,10.0,6,0
2026-06-30,548384,3,2,0,0.126,3.0,1,0
2026-06-30,552640,4,2,0,0.798,4.0,2,0
2026-06-30,571510,24,2,0,9.55777,24.0,21,3
2026-06-30,592155,4,1,1,0.7378290000000001,3.0,1,0
2026-06-30,592332,25,7,2,8.018658,25.0,16,1
2026-06-30,592454,8,0,1,3.983829,8.0,7,2
2026-06-30,592779,4,1,1,0.944829,4.0,2,0
2026-06-30,593974,7,0,0,1.44,6.0,6,0
2026-06-30,594798,25,9,0,6.029,25.0,16,1
2026-06-30,595345,3,2,0,0.004,3.0,1,0
2026-06-30,596133,3,0,0,0.628,3.0,3,0
2026-06-30,605154,10,1,0,6.143,10.0,9,2
2026-06-30,605288,22,1,1,6.8068290000000005,22.0,20,1
2026-06-30,605488,28,2,4,11.089316,28.0,22,3
2026-06-30,607200,23,3,3,6.892487,23.0,17,0
2026-06-30,608718,8,3,1,3.222829,8.0,4,1
2026-06-30,621053,3,1,0,0.149,3.0,2,0
2026-06-30,621074,3,0,1,0.9958290000000001,3.0,2,0
2026-06-30,621097,7,2,0,0.727,7.0,5,0
2026-06-30,623352,3,2,0,0.014,3.0,1,0
2026-06-30,628452,3,1,0,0.526,3.0,2,0
2026-06-30,641656,5,1,1,2.067829,5.0,3,0
2026-06-30,642121,4,1,0,2.489,4.0,3,1
2026-06-30,642152,4,1,0,1.203,4.0,3,0
2026-06-30,642207,4,0,0,1.17,4.0,4,0
2026-06-30,642232,9,0,0,2.007,9.0,9,1
2026-06-30,643377,22,5,0,8.025,22.0,17,2
2026-06-30,650911,26,9,2,4.502658,26.0,15,0
2026-06-30,656234,4,0,0,1.499,4.0,4,0
2026-06-30,656641,3,2,0,0.049,3.0,1,0
2026-06-30,657044,2,0,0,0.135,2.0,2,0
2026-06-30,657571,4,1,1,1.582829,4.0,2,0
2026-06-30,657649,3,0,0,0.583,3.0,3,0
2026-06-30,657746,21,5,3,6.403487,21.0,13,2
2026-06-30,657756,4,0,1,2.271599,4.0,2,0
2026-06-30,660825,5,0,1,2.616829,5.0,4,0
2026-06-30,660853,3,1,0,0.202,3.0,2,0
2026-06-30,662253,3,1,0,0.377,3.0,2,0
2026-06-30,663947,6,0,1,1.5478290000000001,6.0,5,0
2026-06-30,664129,15,1,1,5.267829,15.0,13,1
2026-06-30,664199,4,0,0,3.851,4.0,4,2
2026-06-30,664954,8,0,1,2.860829,8.0,7,0
2026-06-30,665660,2,0,0,0.65,2.0,2,1
2026-06-30,665871,14,1,2,6.246658,14.0,11,1
2026-06-30,666171,3,1,0,0.73,3.0,2,0
2026-06-30,666277,6,1,1,1.044829,6.0,4,0
2026-06-30,666661,3,0,0,0.498,3.0,3,0
2026-06-30,667297,7,2,1,1.9128290000000001,7.0,4,0
2026-06-30,667755,22,9,1,5.330829,22.0,12,0
2026-06-30,668674,3,0,0,0.5630000000000001,3.0,3,0
2026-06-30,668941,6,1,0,2.277,6.0,5,0
2026-06-30,669020,1,0,0,0.125,1.0,1,0
2026-06-30,669199,2,0,0,0.274,2.0,2,0
2026-06-30,669373,20,9,0,3.1287700000000003,20.0,10,1
2026-06-30,669461,21,9,4,5.491086,21.0,7,0
2026-06-30,669711,7,1,1,2.108829,7.0,5,0
2026-06-30,670062,9,3,0,2.8019999999999996,9.0,6,1
2026-06-30,670090,3,3,0,0.0,3.0,0,0
2026-06-30,670245,3,0,0,0.197,3.0,3,0
2026-06-30,670329,3,1,0,1.048,3.0,2,0
2026-06-30,671936,1,1,0,0.0,1.0,0,0
2026-06-30,672021,10,0,7,5.588803,10.0,3,0
2026-06-30,672442,6,3,0,0.44200000000000006,6.0,3,0
2026-06-30,674444,3,1,0,0.08399999999999999,3.0,2,0
2026-06-30,675916,4,1,1,1.110829,4.0,2,0
2026-06-30,676440,26,2,0,6.711,26.0,24,1
2026-06-30,676617,4,0,0,1.441,4.0,4,1
2026-06-30,676664,25,4,3,11.860487000000001,25.0,18,3
2026-06-30,676755,3,0,0,0.514,3.0,3,0
2026-06-30,676760,11,1,3,5.229487,11.0,7,1
2026-06-30,676917,23,13,0,1.909,23.0,10,0
2026-06-30,677020,6,1,0,2.463,6.0,5,0
2026-06-30,678020,8,0,1,2.869829,8.0,7,0
2026-06-30,679358,7,3,0,1.14677,6.0,2,0
2026-06-30,680736,27,11,0,7.49,27.0,16,2
2026-06-30,680742,5,3,1,1.628829,5.0,1,0
2026-06-30,681217,6,3,1,2.0698290000000004,6.0,2,0
2026-06-30,681347,23,3,2,9.394428,23.0,17,1
2026-06-30,681676,4,1,2,1.606658,4.0,1,0
2026-06-30,681982,4,2,0,0.767,4.0,2,0
2026-06-30,682608,4,1,0,0.928,4.0,3,0
2026-06-30,682982,3,2,0,0.533,3.0,1,0
2026-06-30,682997,1,0,0,0.168,1.0,1,0
2026-06-30,684049,7,2,1,3.819829,7.0,4,1
2026-06-30,685299,24,4,0,7.03077,24.0,19,2
2026-06-30,686580,4,2,0,0.46699999999999997,4.0,2,0
2026-06-30,686753,4,1,1,1.405829,4.0,2,0
2026-06-30,687075,22,7,2,4.954658,21.0,12,2
2026-06-30,687377,4,0,0,1.623,4.0,4,0
2026-06-30,687849,4,0,0,1.505,4.0,4,0
2026-06-30,687911,3,1,0,0.886,3.0,2,0
2026-06-30,689254,4,1,0,0.949,4.0,3,1
2026-06-30,689266,3,2,0,0.382,3.0,1,0
2026-06-30,690997,25,7,2,7.130658,25.0,16,0
2026-06-30,691587,22,8,4,4.978086,22.0,9,1
2026-06-30,693433,25,5,1,6.102829,24.0,18,0
2026-06-30,693645,20,5,1,12.627829,20.0,14,7
2026-06-30,694297,19,2,1,4.654829,19.0,16,2
2026-06-30,694346,21,5,6,12.299974,21.0,10,2
2026-06-30,694350,9,2,2,2.419658,9.0,5,0
2026-06-30,694360,4,1,0,0.6950000000000001,4.0,3,0
2026-06-30,694397,8,1,0,1.708,8.0,7,0
2026-06-30,694477,5,1,0,0.259,5.0,4,0
2026-06-30,694738,19,4,6,7.217974,19.0,9,1
2026-06-30,695076,26,8,1,8.515829,25.0,17,1
2026-06-30,696149,29,6,2,7.4664280000000005,28.0,20,0
2026-06-30,702070,21,0,3,11.659487,20.0,18,2
2026-06-30,805326,15,3,0,1.708,14.0,11,0
2026-06-30,806188,5,2,0,1.647,5.0,3,1
2026-06-30,813349,15,5,2,4.339658,15.0,8,0
2026-07-01,518585,5,1,0,1.611,5.0,4,1
2026-07-01,552640,3,0,0,0.192,3.0,3,0
2026-07-01,554430,24,10,1,6.038829,24.0,13,0
2026-07-01,571578,18,5,0,5.977,18.0,13,2
2026-07-01,572955,4,0,0,1.448,4.0,4,0
2026-07-01,573124,3,1,0,0.11399999999999999,3.0,2,0
2026-07-01,606996,12,4,2,5.657658,12.0,6,2
2026-07-01,607067,25,5,3,9.943027,25.0,15,1
2026-07-01,607536,21,7,1,4.661829,21.0,13,0
2026-07-01,607625,26,7,0,9.56377,26.0,18,1
2026-07-01,621016,8,3,0,1.693,8.0,5,0
2026-07-01,621111,23,6,4,8.216487,22.0,13,3
2026-07-01,621112,6,1,1,0.9048290000000001,6.0,4,0
2026-07-01,621345,4,1,0,0.903,4.0,3,0
2026-07-01,621381,3,0,0,0.7390000000000001,3.0,3,0
2026-07-01,622088,4,0,1,1.401829,4.0,3,0
2026-07-01,623454,10,1,0,3.8360000000000003,9.0,9,1
2026-07-01,623474,3,0,0,0.988,3.0,3,0
2026-07-01,625643,18,6,1,4.239829,18.0,11,1
2026-07-01,628452,3,1,0,0.15000000000000002,3.0,2,0
2026-07-01,641941,2,1,0,0.72877,2.0,0,0
2026-07-01,642121,4,2,0,1.107,4.0,2,0
2026-07-01,642528,5,1,0,0.8540000000000001,5.0,4,0
2026-07-01,642547,22,4,3,6.5374870000000005,22.0,15,0
2026-07-01,642701,5,2,0,3.0900000000000003,5.0,3,1
2026-07-01,650556,7,3,0,0.775,7.0,4,0
2026-07-01,656212,34,2,2,14.864658,34.0,30,3
2026-07-01,656271,5,0,1,2.291829,5.0,4,0
2026-07-01,656730,4,1,0,0.602,4.0,3,0
2026-07-01,657044,3,0,0,0.72,3.0,3,0
2026-07-01,657514,3,1,0,1.112,3.0,2,0
2026-07-01,660710,14,0,1,4.592829,14.0,13,1
2026-07-01,661395,4,1,0,1.2109999999999999,4.0,3,0
2026-07-01,663423,3,0,0,0.046,3.0,3,0
2026-07-01,663542,3,0,0,1.554,3.0,3,0
2026-07-01,663556,20,4,0,5.673,20.0,16,1
2026-07-01,663558,7,3,2,1.637658,7.0,2,0
2026-07-01,663687,5,4,0,0.281,5.0,1,0
2026-07-01,663855,5,2,1,1.619829,5.0,2,0
2026-07-01,663878,6,1,1,1.789599,5.0,2,0
2026-07-01,664076,4,1,1,1.338829,4.0,2,0
2026-07-01,664199,3,0,0,1.4929999999999999,3.0,3,1
2026-07-01,665152,22,4,1,6.190829,22.0,17,1
2026-07-01,665622,7,3,1,1.4908290000000002,7.0,3,0
2026-07-01,666808,7,0,3,2.222658,6.0,4,0
2026-07-01,667463,3,1,0,0.199,3.0,2,0
2026-07-01,668390,5,0,0,1.095,5.0,5,0
2026-07-01,668678,24,4,1,9.853829000000001,24.0,19,3
2026-07-01,668873,3,2,0,0.072,3.0,1,0
2026-07-01,669022,24,7,1,5.385829,23.0,16,1
2026-07-01,669062,5,2,1,1.122829,5.0,2,0
2026-07-01,669276,3,2,0,0.03,3.0,1,0
2026-07-01,669330,6,2,0,0.617,6.0,4,0
2026-07-01,669372,25,4,5,9.219145,25.0,16,2
2026-07-01,670036,3,0,0,0.35000000000000003,3.0,3,0
2026-07-01,670059,6,1,0,0.992,6.0,5,0
2026-07-01,670245,8,1,1,2.363829,8.0,6,0
2026-07-01,670950,7,2,2,1.992658,7.0,3,0
2026-07-01,670990,7,4,1,1.3018290000000001,7.0,2,0
2026-07-01,671096,25,3,5,8.584145,25.0,17,1
2026-07-01,671737,21,11,3,4.142487,21.0,7,0
2026-07-01,672335,8,2,1,3.118829,8.0,5,1
2026-07-01,672456,7,3,1,0.18,5.0,3,0
2026-07-01,672782,5,1,0,0.289,5.0,4,0
2026-07-01,674841,17,6,1,3.594599,17.0,9,1
2026-07-01,675512,22,7,1,4.115829,22.0,14,0
2026-07-01,675660,23,7,1,6.402829,23.0,15,3
2026-07-01,675848,8,3,1,3.024829,8.0,4,1
2026-07-01,676254,4,0,0,1.6840000000000002,4.0,4,0
2026-07-01,676263,3,3,0,0.0,3.0,0,0
2026-07-01,676282,23,4,5,8.128915000000001,22.0,12,0
2026-07-01,676604,4,0,0,2.048,4.0,4,1
2026-07-01,676742,8,2,2,2.441658,8.0,4,0
2026-07-01,676879,5,2,0,0.525,5.0,3,0
2026-07-01,676974,25,5,0,8.752,25.0,20,3
2026-07-01,677865,4,0,1,1.654829,4.0,3,0
2026-07-01,679775,5,1,0,2.14654,5.0,2,0
2026-07-01,680702,4,0,1,1.104829,4.0,3,0
2026-07-01,680755,4,1,1,1.6928290000000001,4.0,2,1
2026-07-01,681870,4,2,0,1.643,4.0,2,1
2026-07-01,681916,4,1,0,1.074,4.0,3,0
2026-07-01,682120,1,0,0,0.162,1.0,1,0
2026-07-01,682842,2,0,0,0.8260000000000001,2.0,2,0
2026-07-01,683000,7,2,1,2.338829,7.0,4,0
2026-07-01,683769,3,1,1,1.597829,3.0,1,0
2026-07-01,685126,4,1,0,2.7510000000000003,4.0,3,1
2026-07-01,686751,6,1,2,2.097658,6.0,3,0
2026-07-01,686790,19,5,0,2.863,19.0,14,0
2026-07-01,687223,5,1,0,1.06,5.0,4,0
2026-07-01,687330,5,0,0,1.661,5.0,5,0
2026-07-01,687396,4,1,0,0.738,4.0,3,0
2026-07-01,687941,13,1,4,5.902316000000001,12.0,7,1
2026-07-01,689147,5,0,0,1.351,5.0,5,0
2026-07-01,689266,3,1,0,0.917,3.0,2,0
2026-07-01,689520,6,0,1,2.459829,6.0,5,0
2026-07-01,691008,5,1,2,1.486658,5.0,2,0
2026-07-01,692437,9,1,1,3.486829,9.0,7,1
2026-07-01,693686,11,5,1,1.894829,11.0,5,0
2026-07-01,694973,22,5,2,7.688428,22.0,14,2
2026-07-01,695418,11,1,2,2.228658,11.0,8,0
2026-07-01,696136,13,2,0,3.878,13.0,11,1
2026-07-01,699044,6,3,0,0.094,6.0,3,0
2026-07-01,700241,22,3,1,7.687829,22.0,18,2
2026-07-01,700669,4,1,0,1.284,4.0,3,0
2026-07-01,701542,22,7,0,6.246,22.0,14,1
2026-07-01,702193,5,0,0,1.60477,5.0,4,0
2026-07-01,702273,18,7,4,5.951316,18.0,7,1
2026-07-01,800311,3,1,0,0.794,3.0,2,1
2026-07-01,801139,20,5,3,8.791487,20.0,12,3
2026-07-01,805123,10,3,0,1.946,10.0,7,0
2026-07-01,805299,4,1,0,0.8280000000000001,4.0,3,0
2026-07-01,805427,2,1,0,0.056,2.0,1,0
2026-07-01,837227,13,2,5,9.328145,13.0,6,3
2026-07-02,445276,2,0,1,0.712829,2.0,1,0
2026-07-02,542888,4,0,0,0.337,4.0,4,0
2026-07-02,543135,22,9,1,6.417829,22.0,12,1
2026-07-02,547179,23,1,6,8.647974,23.0,16,1
2026-07-02,592155,4,1,0,1.956,4.0,3,1
2026-07-02,592779,3,0,0,0.922,3.0,3,0
2026-07-02,593974,9,2,0,3.8049999999999997,9.0,7,0
2026-07-02,594580,5,1,0,1.77077,5.0,3,0
2026-07-02,608566,13,1,3,5.333487,13.0,9,1
2026-07-02,621237,6,2,0,3.029,6.0,4,1
2026-07-02,622088,2,1,0,0.062,2.0,1,0
2026-07-02,640448,6,1,0,1.9919999999999998,6.0,5,1
2026-07-02,641302,4,1,1,1.613829,4.0,2,0
2026-07-02,641329,3,1,0,0.219,3.0,2,0
2026-07-02,641656,8,0,0,2.285,8.0,8,0
2026-07-02,641755,4,0,1,1.530829,4.0,3,0
2026-07-02,641835,5,1,0,1.302,5.0,4,0
2026-07-02,642152,7,2,2,2.717658,7.0,3,1
2026-07-02,642397,3,1,0,0.11,3.0,2,0
2026-07-02,656271,3,1,0,0.662,3.0,2,0
2026-07-02,656794,6,1,2,2.376658,6.0,3,0
2026-07-02,656945,2,0,0,1.183,2.0,2,0
2026-07-02,657514,5,0,0,1.447,5.0,5,0
2026-07-02,657649,4,0,2,2.429658,4.0,2,1
2026-07-02,660604,18,4,4,6.269316,18.0,10,1
2026-07-02,660825,3,2,0,0.0,3.0,1,0
2026-07-02,662253,5,0,1,2.195829,5.0,4,0
2026-07-02,663436,19,0,5,8.706145,19.0,14,1
2026-07-02,663568,11,0,1,3.168829,11.0,10,0
2026-07-02,663738,3,1,0,0.191,3.0,2,0
2026-07-02,664076,4,0,0,0.571,4.0,4,0
2026-07-02,664285,26,1,2,9.578658,26.0,23,1
2026-07-02,666277,4,0,1,0.959829,4.0,3,0
2026-07-02,667463,7,1,1,3.196829,7.0,5,1
2026-07-02,668390,5,1,0,2.226,5.0,4,0
2026-07-02,668831,5,1,1,1.601829,5.0,3,0
2026-07-02,668941,4,1,0,0.755,4.0,3,0
2026-07-02,669160,9,1,2,4.216658,9.0,6,0
2026-07-02,669270,6,0,0,2.828,6.0,6,0
2026-07-02,669276,4,0,0,2.228,4.0,4,0
2026-07-02,669387,11,0,0,2.727,11.0,11,0
2026-07-02,669684,5,0,0,0.505,5.0,5,0
2026-07-02,670167,3,0,0,0.188,3.0,3,0
2026-07-02,673513,7,1,2,2.984658,7.0,4,1
2026-07-02,674444,4,0,1,1.799829,4.0,3,0
2026-07-02,675916,6,0,1,2.537829,6.0,5,1
2026-07-02,676534,5,1,1,1.979829,5.0,3,0
2026-07-02,677865,10,2,0,1.73977,10.0,7,0
2026-07-02,677944,25,3,1,8.920829,25.0,21,3
2026-07-02,677976,18,2,1,5.243829,17.0,14,0
2026-07-02,679775,4,1,0,0.886,4.0,3,0
2026-07-02,680742,5,2,0,0.845,5.0,3,0
2026-07-02,680767,4,0,0,0.6759999999999999,4.0,4,0
2026-07-02,681190,16,0,1,6.528829,16.0,15,1
2026-07-02,681676,5,0,0,1.5419999999999998,5.0,5,0
2026-07-02,681911,4,1,1,1.366829,4.0,2,0
2026-07-02,681982,6,2,0,1.0979999999999999,6.0,4,1
2026-07-02,682120,3,1,0,1.361,3.0,2,1
2026-07-02,682243,24,8,0,3.7920000000000003,24.0,16,0
2026-07-02,682254,3,3,0,0.0,3.0,0,0
2026-07-02,682608,4,1,1,1.019829,4.0,2,0
2026-07-02,682982,7,2,1,2.367829,7.0,4,0
2026-07-02,683003,16,6,2,3.702658,16.0,8,0
2026-07-02,683618,3,1,0,0.265,3.0,2,0
2026-07-02,685126,4,1,0,1.953,4.0,3,1
2026-07-02,686560,4,1,0,1.0130000000000001,4.0,3,0
2026-07-02,687473,16,2,2,6.699428,16.0,11,1
2026-07-02,688642,7,2,0,1.56,7.0,5,0
2026-07-02,689225,6,1,0,2.343,6.0,5,1
2026-07-02,691594,7,0,1,2.1205990000000003,7.0,5,0
2026-07-02,691799,7,2,2,2.123658,7.0,3,0
2026-07-02,693855,23,8,1,6.303829,23.0,14,1
2026-07-02,694335,3,2,0,0.014,3.0,1,0
2026-07-02,694361,7,3,0,0.615,7.0,4,0
2026-07-02,694462,22,4,1,5.818599,22.0,16,1
2026-07-02,694819,21,10,0,3.797,20.0,11,1
2026-07-02,695239,2,1,0,0.759,2.0,1,0
2026-07-02,695505,23,4,2,7.146658,23.0,17,3
2026-07-02,696147,4,1,0,0.665,4.0,3,0
2026-07-02,696519,4,3,0,0.192,4.0,1,0
2026-07-02,700669,3,0,0,0.45999999999999996,3.0,3,0
2026-07-02,700712,24,6,4,6.510856,24.0,12,0
2026-07-02,801434,4,1,2,2.1836580000000003,4.0,1,1
2026-07-02,805427,5,0,1,1.288829,5.0,4,0
2026-07-02,806188,10,0,0,2.7377700000000003,10.0,9,0
2026-07-02,808963,18,3,2,7.4846580000000005,18.0,13,5
2026-07-03,489446,3,2,0,0.879,3.0,1,0
2026-07-03,518585,6,0,2,2.504658,6.0,4,0
2026-07-03,519141,3,0,0,0.14500000000000002,2.0,2,0
2026-07-03,543037,20,7,0,4.62,20.0,13,3
2026-07-03,547973,4,1,0,1.407,4.0,3,0
2026-07-03,592773,3,1,0,0.34800000000000003,3.0,2,0
2026-07-03,595345,4,2,0,0.338,4.0,2,0
2026-07-03,607259,21,3,1,8.237599,21.0,16,2
2026-07-03,621074,4,0,0,1.69,4.0,4,0
2026-07-03,621112,3,2,0,0.337,3.0,1,0
2026-07-03,621345,4,0,0,2.292,4.0,4,1
2026-07-03,622491,26,4,1,7.833829,25.0,21,0
2026-07-03,622554,3,1,2,1.395658,3.0,0,0
2026-07-03,623149,4,0,0,1.027,4.0,4,1
2026-07-03,628452,6,1,0,1.772,6.0,5,0
2026-07-03,641329,3,1,0,0.7979999999999999,3.0,2,0
2026-07-03,641743,14,2,2,2.769658,13.0,10,0
2026-07-03,642528,5,1,0,1.452,5.0,4,0
2026-07-03,643410,4,2,0,0.72877,3.0,0,0
2026-07-03,650633,23,5,2,4.9606580000000005,23.0,16,0
2026-07-03,656302,24,9,1,4.310829,24.0,14,0
2026-07-03,656464,4,1,0,1.028,4.0,3,0
2026-07-03,656492,20,2,1,7.830829,20.0,17,2
2026-07-03,656546,4,2,1,0.799829,4.0,1,0
2026-07-03,656550,22,2,1,5.4928289999999995,22.0,19,1
2026-07-03,656605,26,1,0,13.449,26.0,25,5
2026-07-03,656730,4,0,0,3.37,4.0,4,1
2026-07-03,656794,2,0,0,0.401,2.0,2,0
2026-07-03,656848,4,1,2,1.3986580000000002,4.0,1,0
2026-07-03,656849,23,3,3,10.634487,23.0,17,1
2026-07-03,656945,3,3,0,0.0,3.0,0,0
2026-07-03,657044,7,2,1,1.80977,5.0,3,0
2026-07-03,657277,21,2,2,11.514658,21.0,17,2
2026-07-03,657424,10,1,2,4.5726580000000006,10.0,7,2
2026-07-03,657571,4,1,0,0.997,4.0,3,0
2026-07-03,660271,27,9,2,7.057658,27.0,16,1
2026-07-03,660761,5,0,1,3.120829,5.0,4,0
2026-07-03,660853,8,2,0,1.806,8.0,6,0
2026-07-03,663372,24,9,0,5.995,24.0,15,1
2026-07-03,663542,4,2,0,1.072,4.0,2,0
2026-07-03,663855,4,3,0,0.895,4.0,1,0
2026-07-03,663903,21,6,5,7.157145,21.0,10,1
2026-07-03,663969,18,2,2,9.249658,18.0,14,1
2026-07-03,664141,5,2,1,1.2008290000000001,5.0,2,0
2026-07-03,664199,3,1,0,0.7,3.0,2,0
2026-07-03,664849,3,0,1,1.124829,3.0,2,0
2026-07-03,664875,5,1,2,1.938658,5.0,2,0
2026-07-03,666661,3,1,0,0.662,3.0,2,0
2026-07-03,666974,4,0,0,0.179,2.0,2,0
2026-07-03,668909,20,6,2,7.465658,19.0,12,2
2026-07-03,668970,4,0,0,1.47277,4.0,3,1
2026-07-03,668984,3,0,0,0.54,3.0,3,0
2026-07-03,669060,21,4,1,9.393369,21.0,14,1
2026-07-03,669165,4,1,1,1.8848289999999999,4.0,2,0
2026-07-03,669199,6,1,0,2.061,6.0,5,1
2026-07-03,669330,3,1,0,0.712,3.0,2,0
2026-07-03,669432,22,4,5,7.030145,20.0,11,1
2026-07-03,669467,24,2,1,5.615829,24.0,21,2
2026-07-03,669684,3,2,0,0.009,3.0,1,0
2026-07-03,670059,3,1,0,0.72,3.0,2,0
2026-07-03,670062,3,0,0,0.016,2.0,2,0
2026-07-03,670280,3,3,0,0.0,3.0,0,0
2026-07-03,670329,8,2,1,2.276829,8.0,5,0
2026-07-03,670950,8,3,1,2.135829,8.0,4,1
2026-07-03,670970,7,0,2,3.4908289999999997,6.0,5,1
2026-07-03,671922,3,0,0,1.226,3.0,3,0
2026-07-03,672282,26,5,3,9.441487,25.0,18,2
2026-07-03,673540,10,4,0,2.552,10.0,6,1
2026-07-03,676254,12,1,2,3.431658,12.0,9,1
2026-07-03,676477,1,0,0,0.13,1.0,1,0
2026-07-03,676534,3,2,0,0.262,3.0,1,0
2026-07-03,676604,5,1,0,1.1159999999999999,5.0,4,0
2026-07-03,676755,8,1,1,4.739829,8.0,6,2
2026-07-03,676879,4,0,1,1.028829,4.0,3,0
2026-07-03,678022,23,8,4,9.466316,23.0,11,2
2026-07-03,678606,4,1,1,2.363829,4.0,2,1
2026-07-03,679358,9,0,1,4.378829,8.0,8,1
2026-07-03,680702,1,0,0,0.461,1.0,1,0
2026-07-03,680916,4,1,0,0.445,4.0,3,0
2026-07-03,681035,18,7,4,6.768316,18.0,7,3
2026-07-03,681293,19,4,1,5.111829,19.0,14,1
2026-07-03,681870,3,2,0,0.306,3.0,1,0
2026-07-03,681892,6,2,0,1.234,6.0,4,1
2026-07-03,681982,7,1,1,1.664,6.0,5,0
2026-07-03,682842,4,1,0,1.393,4.0,3,0
2026-07-03,682997,5,0,2,2.828658,5.0,3,0
2026-07-03,683618,3,1,0,0.17099999999999999,3.0,2,0
2026-07-03,683769,4,1,0,1.599,4.0,3,1
2026-07-03,686930,11,2,2,5.320658,11.0,7,2
2026-07-03,686973,4,1,0,1.062,4.0,3,0
2026-07-03,686993,4,0,0,1.135,4.0,4,1
2026-07-03,687312,11,1,1,3.6108290000000003,11.0,9,0
2026-07-03,687330,5,0,0,0.759,5.0,5,0
2026-07-03,687377,4,2,0,0.28,4.0,2,0
2026-07-03,687396,3,2,0,0.333,3.0,1,0
2026-07-03,687531,3,1,0,0.259,3.0,2,0
2026-07-03,687562,28,6,0,8.395999999999999,28.0,22,2
2026-07-03,687849,13,1,0,5.839,13.0,12,2
2026-07-03,689266,4,1,0,0.635,4.0,3,0
2026-07-03,689546,3,0,0,0.8220000000000001,3.0,3,0
2026-07-03,690925,1,1,0,0.0,1.0,0,0
2026-07-03,690986,15,3,1,3.615829,15.0,11,0
2026-07-03,691008,9,3,0,1.466,9.0,6,0
2026-07-03,694477,11,2,0,1.5679999999999998,11.0,9,0
2026-07-03,695534,5,0,0,1.796,5.0,5,0
2026-07-03,699134,4,0,1,1.065829,4.0,3,0
2026-07-03,702474,18,2,2,5.396658,18.0,14,1
2026-07-03,703615,19,3,3,10.071487000000001,19.0,13,1
2026-07-03,800311,5,1,0,1.093,5.0,4,0
2026-07-03,805299,5,1,1,1.528829,5.0,3,0
2026-07-03,815083,7,1,0,3.8939999999999997,7.0,6,1
2026-07-03,820862,4,2,0,0.92,4.0,2,0
2026-07-04,455119,4,1,0,1.502,4.0,3,0
2026-07-04,518876,25,6,2,11.927658000000001,25.0,17,4
2026-07-04,518886,5,1,0,1.0350000000000001,5.0,4,0
2026-07-04,519242,24,3,2,10.438428,24.0,18,2
2026-07-04,542888,4,1,0,0.529,4.0,3,0
2026-07-04,543243,22,7,2,7.328658,22.0,13,1
2026-07-04,552640,3,1,0,0.634,3.0,2,0
2026-07-04,573124,3,0,0,0.7747700000000001,3.0,2,0
2026-07-04,573204,4,1,0,0.548,4.0,3,0
2026-07-04,592662,25,4,3,7.124487,24.0,17,1
2026-07-04,592773,4,1,0,1.133,4.0,3,0
2026-07-04,592779,3,0,0,0.791,3.0,3,0
2026-07-04,593974,4,0,1,1.779829,4.0,3,0
2026-07-04,594580,3,1,0,0.142,2.0,1,0
2026-07-04,605447,4,2,0,1.0050000000000001,4.0,2,0
2026-07-04,605540,14,6,1,3.590829,14.0,7,1
2026-07-04,606996,7,3,0,1.217,7.0,4,0
2026-07-04,608379,26,7,1,10.042829,26.0,18,4
2026-07-04,608718,9,0,0,3.877,9.0,9,0
2026-07-04,615698,21,2,1,7.214599,21.0,17,2
2026-07-04,620443,3,0,0,1.481,3.0,3,0
2026-07-04,621016,5,0,0,2.7119999999999997,5.0,5,1
2026-07-04,621053,5,2,0,2.5727700000000002,5.0,2,1
2026-07-04,622608,4,0,0,1.067,4.0,4,0
2026-07-04,623149,4,2,0,1.8530000000000002,4.0,2,1
2026-07-04,623352,4,1,1,0.828829,4.0,2,0
2026-07-04,640455,24,4,1,8.179369,24.0,17,2
2026-07-04,641302,3,2,0,0.555,3.0,1,0
2026-07-04,641793,22,3,1,5.936829,21.0,17,1
2026-07-04,641835,3,1,0,0.5549999999999999,3.0,2,0
2026-07-04,642121,6,0,1,2.083829,6.0,5,0
2026-07-04,642232,7,2,1,2.893829,7.0,4,1
2026-07-04,642528,4,1,0,1.105,4.0,3,0
2026-07-04,642701,3,1,0,0.503,3.0,2,0
2026-07-04,645261,31,8,1,7.053599,31.0,21,0
2026-07-04,650644,21,6,2,5.9816579999999995,21.0,13,1
2026-07-04,656234,5,0,1,2.5195990000000004,5.0,3,0
2026-07-04,656288,16,4,2,3.679658,16.0,10,1
2026-07-04,656427,21,5,0,5.92677,21.0,15,1
2026-07-04,656529,3,1,0,0.40599999999999997,3.0,2,0
2026-07-04,656876,22,2,1,8.889599,22.0,18,3
2026-07-04,657612,4,1,1,1.447829,4.0,2,1
2026-07-04,657649,8,2,1,1.457,7.0,5,0
2026-07-04,660761,3,0,1,1.5558290000000001,3.0,2,0
2026-07-04,663423,5,1,0,1.786,5.0,4,1
2026-07-04,663558,3,2,0,0.254,3.0,1,0
2026-07-04,663878,5,0,2,1.961658,5.0,3,0
2026-07-04,663947,1,0,0,0.034,1.0,1,0
2026-07-04,664076,3,1,0,0.931,3.0,2,0
2026-07-04,664299,9,4,1,2.6928289999999997,9.0,4,0
2026-07-04,664702,3,0,0,0.502,3.0,3,0
2026-07-04,664991,3,0,1,1.244829,3.0,2,0
2026-07-04,665660,2,1,1,0.697829,2.0,0,0
2026-07-04,666171,6,2,1,1.465599,6.0,2,0
2026-07-04,666200,23,9,0,3.09777,23.0,13,0
2026-07-04,666277,3,2,0,0.124,3.0,1,0
2026-07-04,666661,3,1,0,0.884,3.0,2,0
2026-07-04,666808,7,2,0,1.556,6.0,4,0
2026-07-04,666974,5,0,1,0.9568290000000002,3.0,2,0
2026-07-04,667297,3,1,0,1.4889999999999999,3.0,2,1
2026-07-04,668674,5,0,1,2.249829,5.0,4,0
2026-07-04,668873,5,2,0,1.352,5.0,3,0
2026-07-04,668881,20,7,4,8.693316,19.0,8,1
2026-07-04,668941,5,2,1,1.541829,5.0,2,0
2026-07-04,668984,2,0,1,2.546829,2.0,1,1
2026-07-04,669020,4,1,1,1.622829,4.0,2,0
2026-07-04,669276,3,3,0,0.0,3.0,0,0
2026-07-04,669302,23,7,0,3.239,23.0,16,0
2026-07-04,669330,5,0,1,1.306829,5.0,4,0
2026-07-04,669456,21,3,3,8.802487,21.0,15,2
2026-07-04,669711,3,0,1,0.9798290000000001,3.0,2,0
2026-07-04,670036,6,0,1,3.125829,6.0,5,1
2026-07-04,670062,6,1,0,1.647,6.0,5,0
2026-07-04,670990,5,1,3,2.224487,5.0,1,0
2026-07-04,671936,9,2,0,1.83077,9.0,6,0
2026-07-04,672456,10,0,1,3.358829,10.0,9,1
2026-07-04,675848,5,2,1,0.9068290000000001,5.0,2,0
2026-07-04,676604,5,1,0,1.14177,5.0,3,0
2026-07-04,676617,3,1,1,1.169829,3.0,1,0
2026-07-04,676742,3,1,0,0.62,3.0,2,0
2026-07-04,677952,23,7,2,7.812658,22.0,13,1
2026-07-04,677961,5,1,0,0.975,5.0,4,0
2026-07-04,680702,5,0,2,2.570658,5.0,3,1
2026-07-04,680732,25,11,0,4.815,24.0,13,1
2026-07-04,680742,4,3,0,0.481,4.0,1,0
2026-07-04,680755,3,3,0,0.0,3.0,0,0
2026-07-04,681217,3,2,0,0.074,3.0,1,0
2026-07-04,681517,20,6,2,4.877428,20.0,11,0
2026-07-04,681810,12,1,1,5.963599,12.0,9,2
2026-07-04,681911,1,1,0,0.0,1.0,0,0
2026-07-04,681916,4,0,1,0.833829,4.0,3,0
2026-07-04,682120,4,1,0,2.514,4.0,3,1
2026-07-04,682254,1,1,0,0.0,1.0,0,0
2026-07-04,683000,11,3,2,2.883658,11.0,6,0
2026-07-04,683769,3,2,0,0.055,3.0,1,0
2026-07-04,684007,19,8,3,5.650487,19.0,8,1
2026-07-04,684974,8,1,0,1.365,8.0,7,0
2026-07-04,685126,6,2,0,0.266,6.0,4,0
2026-07-04,686613,22,3,4,9.561316,22.0,15,2
2026-07-04,687064,25,5,3,8.237487,23.0,15,0
2026-07-04,687223,8,3,0,2.37177,8.0,4,0
2026-07-04,687239,8,1,0,2.447,8.0,7,1
2026-07-04,687396,4,2,0,0.307,4.0,2,0
2026-07-04,687911,4,2,0,1.02,4.0,2,0
2026-07-04,687941,3,0,0,0.14600000000000002,3.0,3,0
2026-07-04,689147,3,2,0,0.297,3.0,1,0
2026-07-04,691799,4,1,1,0.8318290000000002,4.0,2,0
2026-07-04,691951,18,2,4,7.753316,18.0,12,2
2026-07-04,694341,18,3,2,7.624658,18.0,13,4
2026-07-04,694360,5,1,1,1.716829,5.0,3,0
2026-07-04,694361,3,2,0,0.049,3.0,1,0
2026-07-04,694397,8,2,1,2.040829,8.0,5,0
2026-07-04,695034,18,0,2,6.861658,18.0,16,0
2026-07-04,695076,14,0,3,3.579658,12.0,10,0
2026-07-04,695243,4,0,0,2.06477,4.0,3,0
2026-07-04,696519,7,0,1,3.440599,7.0,5,1
2026-07-04,701519,7,1,1,2.681829,7.0,5,0
2026-07-04,702193,2,1,0,0.643,2.0,1,0
2026-07-04,702275,14,4,1,4.485599,14.0,8,1
2026-07-04,800048,23,3,3,7.003487,23.0,17,0
2026-07-04,805299,4,0,0,1.179,4.0,4,0
2026-07-04,805673,20,5,4,8.027316,20.0,11,2
2026-07-04,807743,32,4,2,15.273428000000001,32.0,25,4
2026-07-04,808967,25,10,2,3.932658,25.0,13,0
2026-07-05,445276,3,0,0,0.102,3.0,3,0
2026-07-05,471911,12,1,2,8.075658,12.0,9,2
2026-07-05,489446,3,1,0,0.22399999999999998,3.0,2,0
2026-07-05,518886,3,0,0,0.936,3.0,3,0
2026-07-05,519141,4,1,0,0.883,4.0,3,0
2026-07-05,527048,20,1,2,8.651658,20.0,17,1
2026-07-05,542888,5,0,2,2.5026580000000003,5.0,3,0
2026-07-05,547973,4,2,0,1.928,4.0,2,1
2026-07-05,548384,3,1,0,0.304,3.0,2,0
2026-07-05,592155,4,3,0,0.093,4.0,1,0
2026-07-05,593958,23,3,0,8.517,22.0,20,4
2026-07-05,594027,7,1,1,1.404829,7.0,5,0
2026-07-05,595345,4,1,0,0.223,4.0,3,0
2026-07-05,596133,3,2,0,0.013,3.0,1,0
2026-07-05,605288,3,0,0,0.558,3.0,3,0
2026-07-05,605400,28,7,0,5.796,28.0,21,0
2026-07-05,605447,4,2,0,1.018,4.0,2,0
2026-07-05,607200,24,4,1,8.733829,24.0,19,1
2026-07-05,621053,3,0,0,2.341,3.0,3,1
2026-07-05,621112,5,1,1,1.722829,5.0,3,0
2026-07-05,621381,5,1,1,1.619829,5.0,3,0
2026-07-05,622088,3,2,0,0.024,3.0,1,0
2026-07-05,623211,6,1,1,2.847829,6.0,4,1
2026-07-05,623352,4,2,1,0.8528290000000001,4.0,1,0
2026-07-05,623454,4,0,0,1.885,4.0,4,1
2026-07-05,623474,5,1,0,1.03477,5.0,3,0
2026-07-05,624133,15,5,0,4.015,15.0,10,0
2026-07-05,641755,2,0,0,0.134,2.0,2,0
2026-07-05,641816,21,5,0,4.463,21.0,16,0
2026-07-05,641941,6,1,2,2.566658,6.0,3,0
2026-07-05,642048,2,1,0,0.299,2.0,1,0
2026-07-05,642100,3,0,0,0.094,3.0,3,0
2026-07-05,642207,5,2,0,1.2029999999999998,5.0,3,0
2026-07-05,642397,8,2,1,3.249829,8.0,5,1
2026-07-05,642701,4,0,0,1.2429999999999999,4.0,4,0
2026-07-05,643511,3,1,0,0.008,3.0,2,0
2026-07-05,656234,7,1,0,2.055,7.0,6,1
2026-07-05,656271,3,0,0,0.14200000000000002,2.0,2,0
2026-07-05,656464,5,1,0,1.448,4.0,3,0
2026-07-05,656529,1,1,0,0.0,1.0,0,0
2026-07-05,656638,3,0,0,0.956,3.0,3,0
2026-07-05,656730,4,0,1,1.3458290000000002,4.0,3,0
2026-07-05,656794,6,2,1,1.106829,6.0,3,0
2026-07-05,656848,2,1,0,0.248,2.0,1,0
2026-07-05,657097,8,1,1,2.835829,8.0,6,0
2026-07-05,657514,5,0,1,1.8448289999999998,4.0,4,0
2026-07-05,657746,25,9,1,4.161829,24.0,14,2
2026-07-05,662253,4,1,0,1.158,4.0,3,0
2026-07-05,663554,27,4,2,9.369658,27.0,21,1
2026-07-05,663567,21,6,1,4.573829,21.0,14,1
2026-07-05,663687,5,1,1,1.552599,5.0,2,0
2026-07-05,663738,3,1,0,1.1059999999999999,3.0,2,1
2026-07-05,664126,7,1,1,2.696829,7.0,5,0
2026-07-05,664199,3,0,0,0.028999999999999998,3.0,3,0
2026-07-05,664849,4,2,0,0.29900000000000004,4.0,2,0
2026-07-05,664875,7,2,1,1.740829,7.0,4,0
2026-07-05,665622,6,1,2,3.2064280000000003,6.0,2,0
2026-07-05,665660,6,1,1,1.9218290000000002,6.0,4,0
2026-07-05,665871,17,2,2,4.280658,17.0,13,0
2026-07-05,666157,26,4,2,9.204658,25.0,19,2
2026-07-05,666808,7,1,1,2.511829,7.0,5,1
2026-07-05,668390,7,3,0,0.8260000000000001,7.0,4,0
2026-07-05,669020,4,1,0,1.1680000000000001,4.0,3,0
2026-07-05,669062,4,2,0,0.277,3.0,1,0
2026-07-05,669165,7,0,1,2.552829,7.0,6,1
2026-07-05,669199,6,0,2,4.260658,6.0,4,2
2026-07-05,669438,24,9,1,5.476829,24.0,14,2
2026-07-05,669461,23,3,2,7.402968,23.0,15,0
2026-07-05,669684,6,1,1,2.861829,6.0,4,1
2026-07-05,669711,4,2,0,0.218,4.0,2,0
2026-07-05,670059,3,0,1,1.662829,3.0,2,0
2026-07-05,670167,5,1,0,1.163,5.0,4,0
2026-07-05,670329,1,0,0,0.0,1.0,1,0
2026-07-05,670950,5,2,0,0.908,5.0,3,0
2026-07-05,670970,9,3,1,2.6878290000000002,9.0,5,0
2026-07-05,671922,3,0,0,0.247,3.0,3,0
2026-07-05,672782,4,0,0,1.85,4.0,4,0
2026-07-05,673513,4,0,2,1.6606580000000002,4.0,2,0
2026-07-05,676106,24,5,2,5.979658000000001,24.0,17,1
2026-07-05,676263,6,2,1,0.8210000000000001,5.0,3,0
2026-07-05,676440,19,1,1,9.535829,19.0,17,4
2026-07-05,676477,3,2,0,0.268,3.0,1,0
2026-07-05,676571,4,0,1,1.308829,4.0,3,0
2026-07-05,676664,17,5,2,3.947658,17.0,10,0
2026-07-05,676755,4,1,0,1.254,4.0,3,0
2026-07-05,676879,4,0,1,2.656829,4.0,3,1
2026-07-05,676917,15,3,2,4.722658,15.0,10,1
2026-07-05,677958,18,4,1,6.629829,18.0,13,1
2026-07-05,677960,19,6,2,5.909428,19.0,10,0
2026-07-05,678868,7,3,1,1.118829,7.0,3,0
2026-07-05,679775,3,1,0,0.513,3.0,2,0
2026-07-05,679883,18,4,1,4.799829,17.0,13,1
2026-07-05,680694,29,5,1,6.393829,25.0,19,1
2026-07-05,680723,1,1,0,0.0,1.0,0,0
2026-07-05,680767,5,2,1,1.217829,5.0,2,0
2026-07-05,680916,4,1,1,0.812829,4.0,2,0
2026-07-05,681217,6,1,1,2.404829,6.0,4,0
2026-07-05,681676,4,2,0,0.02,4.0,2,0
2026-07-05,681870,4,0,1,0.262,3.0,3,0
2026-07-05,681916,6,1,0,3.52177,6.0,4,1
2026-07-05,681982,5,0,0,1.027,5.0,5,0
2026-07-05,682120,1,1,0,0.0,1.0,0,0
2026-07-05,682254,3,1,0,0.243,3.0,2,0
2026-07-05,682608,5,0,1,1.01,4.0,4,0
2026-07-05,682842,5,1,1,1.612829,4.0,3,0
2026-07-05,683409,5,1,0,1.113,5.0,4,1
2026-07-05,683769,3,1,0,0.72,3.0,2,0
2026-07-05,685299,23,7,2,8.885658,23.0,14,2
2026-07-05,686218,19,5,3,4.127487,19.0,11,0
2026-07-05,686560,6,3,1,0.704829,6.0,2,0
2026-07-05,686580,5,1,0,0.9400000000000001,5.0,4,0
2026-07-05,686751,3,0,2,1.452658,3.0,1,0
2026-07-05,686753,3,1,0,0.36,3.0,2,0
2026-07-05,686930,8,0,0,5.091,8.0,8,2
2026-07-05,686993,4,0,0,1.5510000000000002,4.0,4,1
2026-07-05,687075,20,4,3,7.152487,20.0,13,0
2026-07-05,687377,3,2,0,0.278,3.0,1,0
2026-07-05,687911,4,0,0,0.9930000000000001,4.0,4,0
2026-07-05,689254,6,2,0,1.787,6.0,4,1
2026-07-05,689266,3,1,0,0.081,3.0,2,0
2026-07-05,690997,25,5,1,6.472599,25.0,18,1
2026-07-05,691587,21,8,0,1.214,21.0,13,0
2026-07-05,694335,10,2,0,3.21477,10.0,7,0
2026-07-05,695239,5,0,1,2.959829,5.0,3,0
2026-07-05,695243,3,1,0,0.163,3.0,2,0
2026-07-05,695418,9,0,1,4.779829,8.0,7,1
2026-07-05,695611,21,1,3,9.081428,20.0,16,3
2026-07-05,696149,21,0,4,7.962316,21.0,17,1
2026-07-05,696270,20,6,1,7.982829,20.0,13,2
2026-07-05,699134,3,1,1,0.714829,3.0,1,0
2026-07-05,702056,24,7,2,5.694658,24.0,15,1
2026-07-05,702193,3,2,0,0.241,3.0,1,0
2026-07-05,801434,9,2,1,1.781829,9.0,6,0
2026-07-05,805427,1,1,0,0.0,1.0,0,0
2026-07-05,815083,3,1,0,0.531,3.0,2,0
2026-07-05,820862,7,1,1,1.605829,7.0,5,0
2026-07-06,548384,1,1,0,0.0,1.0,0,0
2026-07-06,571945,27,3,2,10.757658,27.0,22,2
2026-07-06,592332,26,8,5,8.906316,24.0,13,2
2026-07-06,592773,4,0,1,1.7408290000000002,4.0,3,0
2026-07-06,592779,3,2,0,0.064,3.0,1,0
2026-07-06,596117,8,0,1,3.443829,8.0,7,0
2026-07-06,596133,6,1,2,2.109829,5.0,3,0
2026-07-06,607536,23,2,0,10.493,23.0,21,4
2026-07-06,621016,7,3,0,1.701,7.0,4,0
2026-07-06,621111,24,4,1,7.846599,24.0,18,3
2026-07-06,621345,5,1,0,1.046,5.0,4,0
2026-07-06,621383,4,1,0,0.28200000000000003,4.0,3,0
2026-07-06,622608,5,2,1,0.683,3.0,2,0
2026-07-06,623474,4,0,1,0.395,2.0,3,0
2026-07-06,625643,20,5,2,5.590658,20.0,13,1
2026-07-06,628452,6,1,0,3.175,6.0,5,1
2026-07-06,641755,3,1,1,0.7518290000000001,3.0,1,0
2026-07-06,641778,26,3,2,7.590428,26.0,20,1
2026-07-06,642121,3,1,0,1.426,3.0,2,1
2026-07-06,642152,7,1,2,2.493428,7.0,3,0
2026-07-06,642207,6,0,1,2.703829,6.0,5,1
2026-07-06,642547,23,6,1,6.787599,23.0,15,1
2026-07-06,643377,18,10,2,4.271658,18.0,6,1
2026-07-06,650911,21,1,1,11.542829,21.0,19,4
2026-07-06,656730,4,2,0,0.54,4.0,2,0
2026-07-06,656945,7,2,2,1.892829,6.0,3,0
2026-07-06,657044,8,4,0,0.941,8.0,4,0
2026-07-06,657514,3,0,0,1.167,3.0,3,0
2026-07-06,660853,4,2,1,1.363829,4.0,1,0
2026-07-06,663878,3,1,0,0.744,3.0,2,0
2026-07-06,667297,7,0,1,3.393829,7.0,6,1
2026-07-06,668984,3,2,0,0.017,3.0,1,0
2026-07-06,669160,18,7,0,4.432,18.0,11,0
2026-07-06,669276,4,0,2,1.857658,4.0,2,0
2026-07-06,669371,9,2,1,4.198829,9.0,6,2
2026-07-06,670280,3,1,0,0.387,3.0,2,0
2026-07-06,670871,4,1,1,0.7488290000000001,4.0,2,0
2026-07-06,671936,5,0,0,3.524,5.0,5,1
2026-07-06,672335,5,3,0,0.39899999999999997,5.0,2,0
2026-07-06,674444,5,2,1,1.0028290000000002,5.0,2,0
2026-07-06,675660,26,2,2,8.799658,25.0,22,1
2026-07-06,676760,5,2,0,1.017,5.0,3,0
2026-07-06,677865,6,0,1,1.928829,6.0,5,0
2026-07-06,679775,7,1,0,2.776,7.0,6,1
2026-07-06,681347,25,3,2,10.203658,25.0,20,2
2026-07-06,681676,3,0,0,0.939,3.0,3,0
2026-07-06,681911,5,0,2,1.565658,5.0,3,0
2026-07-06,683618,7,0,2,2.1676580000000003,6.0,5,0
2026-07-06,686751,3,1,1,0.9818290000000001,3.0,1,0
2026-07-06,686753,8,1,0,2.515,8.0,7,1
2026-07-06,688297,8,4,0,2.1,8.0,4,2
2026-07-06,688642,10,1,0,2.002,10.0,9,0
2026-07-06,689690,11,3,0,1.427,11.0,8,0
2026-07-06,690925,4,1,0,0.787,4.0,3,0
2026-07-06,693645,28,8,0,3.513,28.0,20,0
2026-07-06,694297,19,6,0,3.1069999999999998,19.0,13,0
2026-07-06,694360,5,1,1,1.479829,5.0,3,0
2026-07-06,694477,6,2,0,0.30900000000000005,6.0,4,0
2026-07-06,694738,30,5,2,7.433658,30.0,23,1
2026-07-06,700669,7,2,1,2.499829,7.0,4,1
2026-07-06,702070,26,7,5,8.994145,26.0,14,3
2026-07-06,702352,3,2,0,0.074,3.0,1,0
2026-07-06,702566,5,1,0,1.8437700000000001,5.0,3,0
2026-07-06,800311,6,1,0,2.159,6.0,5,0
2026-07-06,805123,8,3,0,3.016,8.0,5,1
2026-07-07,455119,4,0,0,1.416,4.0,4,0
2026-07-07,543056,4,0,1,2.119829,4.0,3,0
2026-07-07,547179,27,5,3,7.854487,27.0,19,2
2026-07-07,554430,25,14,0,2.782,25.0,11,0
2026-07-07,571510,23,7,2,6.725428,23.0,13,2
2026-07-07,571578,9,2,0,1.425,9.0,7,0
2026-07-07,572955,4,0,1,0.7978290000000001,4.0,3,0
2026-07-07,573124,3,1,1,0.961829,3.0,1,0
2026-07-07,592155,2,1,0,0.536,2.0,1,0
2026-07-07,592773,2,0,1,0.873829,2.0,1,0
2026-07-07,594580,4,1,0,1.0710000000000002,3.0,2,0
2026-07-07,594798,21,7,2,6.164658,21.0,12,2
2026-07-07,595345,5,3,0,1.212,5.0,2,0
2026-07-07,605288,18,5,1,2.797829,18.0,12,0
2026-07-07,605447,5,1,1,1.320829,5.0,3,0
2026-07-07,607625,24,4,2,9.146658,23.0,17,2
2026-07-07,608566,20,4,3,5.795487,20.0,13,0
2026-07-07,608718,2,1,0,0.891,2.0,1,0
2026-07-07,621053,3,1,0,0.7170000000000001,3.0,2,0
2026-07-07,621074,3,0,1,1.546829,3.0,2,0
2026-07-07,621097,6,1,0,1.025,6.0,5,0
2026-07-07,621112,5,1,1,0.8488290000000001,5.0,3,0
2026-07-07,621345,3,2,0,0.016,3.0,1,0
2026-07-07,621381,6,0,1,2.030829,6.0,5,0
2026-07-07,622554,5,2,1,2.451829,5.0,2,1
2026-07-07,622761,6,0,1,2.8168290000000002,6.0,5,0
2026-07-07,623211,10,2,2,4.353658,10.0,6,0
2026-07-07,623352,3,1,1,0.832829,3.0,1,0
2026-07-07,623454,7,2,0,2.4295400000000003,7.0,3,0
2026-07-07,623465,4,2,0,0.851,4.0,2,0
2026-07-07,640448,3,0,0,0.458,3.0,3,0
2026-07-07,640454,5,1,1,2.365599,5.0,2,0
2026-07-07,641302,4,2,0,1.4180000000000001,4.0,2,1
2026-07-07,641329,4,1,0,0.87,4.0,3,0
2026-07-07,642048,5,2,0,1.795,5.0,3,1
2026-07-07,642100,6,0,2,3.517658,5.0,3,1
2026-07-07,642528,3,0,0,0.5229999999999999,3.0,3,0
2026-07-07,650556,4,1,0,0.127,3.0,2,0
2026-07-07,656464,3,0,0,0.301,3.0,3,0
2026-07-07,656546,2,1,0,0.086,2.0,1,0
2026-07-07,656848,3,1,0,0.194,3.0,2,0
2026-07-07,657097,2,1,0,0.27,2.0,1,0
2026-07-07,657571,3,0,0,0.615,3.0,3,0
2026-07-07,657612,6,0,0,1.441,6.0,6,0
2026-07-07,660825,3,1,0,0.191,3.0,2,0
2026-07-07,660853,4,0,0,1.185,4.0,4,0
2026-07-07,661395,4,3,0,0.0,3.0,0,0
2026-07-07,662253,3,1,0,0.02,3.0,2,0
2026-07-07,663423,3,1,0,0.33999999999999997,3.0,2,0
2026-07-07,663494,8,0,1,4.127829,8.0,7,0
2026-07-07,663738,5,0,1,2.355829,5.0,4,1
2026-07-07,663855,3,2,0,0.063,3.0,1,0
2026-07-07,664076,4,2,0,0.8739999999999999,4.0,2,0
2026-07-07,664126,4,2,0,0.843,4.0,2,0
2026-07-07,664875,1,1,0,0.0,1.0,0,0
2026-07-07,665660,5,3,1,1.593829,5.0,1,0
2026-07-07,666745,4,1,0,0.6240000000000001,4.0,3,0
2026-07-07,667463,5,0,1,1.6238290000000002,5.0,4,0
2026-07-07,667755,23,4,2,6.203428,22.0,16,0
2026-07-07,668390,3,0,0,0.805,3.0,3,0
2026-07-07,668674,3,0,0,0.307,3.0,3,0
2026-07-07,668678,26,5,3,11.852487,26.0,18,3
2026-07-07,668941,5,1,1,0.953,4.0,3,0
2026-07-07,669020,5,2,1,1.6888290000000001,5.0,2,0
2026-07-07,669145,21,2,1,5.473829,21.0,18,0
2026-07-07,669358,26,3,3,8.848487,26.0,20,1
2026-07-07,669372,18,4,2,5.1844280000000005,18.0,11,1
2026-07-07,669373,22,9,2,5.434658,22.0,11,1
2026-07-07,669387,6,2,0,0.6300000000000001,6.0,4,0
2026-07-07,670036,4,0,0,2.193,4.0,4,1
2026-07-07,670062,3,0,1,0.806829,3.0,2,0
2026-07-07,670167,5,0,1,2.447829,5.0,4,0
2026-07-07,670245,3,2,0,0.509,3.0,1,0
2026-07-07,670950,3,1,1,1.278829,3.0,1,0
2026-07-07,671096,23,8,0,6.304,22.0,14,2
2026-07-07,671162,17,2,1,4.199829,17.0,14,0
2026-07-07,671737,24,10,0,4.644,24.0,14,1
2026-07-07,672335,5,1,0,0.845,5.0,4,0
2026-07-07,672782,1,1,0,0.0,1.0,0,0
2026-07-07,673513,3,1,0,1.315,3.0,2,0
2026-07-07,673540,17,4,4,8.188316,17.0,9,2
2026-07-07,674841,27,3,5,8.433915,27.0,18,0
2026-07-07,675848,7,1,0,2.296,7.0,6,0
2026-07-07,675919,3,0,0,0.901,3.0,3,0
2026-07-07,676254,4,0,0,0.668,4.0,4,0
2026-07-07,676263,2,0,0,0.167,1.0,2,0
2026-07-07,676282,25,7,3,5.815487,25.0,15,0
2026-07-07,676477,3,0,0,1.345,3.0,3,0
2026-07-07,676534,7,1,1,2.991599,7.0,4,1
2026-07-07,676702,6,0,0,3.417,6.0,6,0
2026-07-07,676879,5,1,0,1.1440000000000001,5.0,4,0
2026-07-07,676910,15,2,4,6.136316000000001,15.0,9,2
2026-07-07,676974,21,4,2,6.4526580000000004,20.0,14,1
2026-07-07,677865,8,1,1,1.957829,8.0,6,0
2026-07-07,678606,3,1,0,0.51,3.0,2,0
2026-07-07,680736,28,9,2,6.721428,28.0,16,0
2026-07-07,680742,1,1,0,0.0,1.0,0,0
2026-07-07,680916,4,0,0,0.401,4.0,4,0
2026-07-07,681810,6,0,1,3.236599,6.0,4,1
2026-07-07,681870,5,1,0,1.239,5.0,4,0
2026-07-07,682052,14,4,1,4.456829,14.0,9,0
2026-07-07,682608,4,2,0,0.129,4.0,2,0
2026-07-07,682842,4,1,1,0.8698290000000001,4.0,2,0
2026-07-07,683000,5,3,0,1.456,5.0,2,1
2026-07-07,684974,4,1,0,0.829,4.0,3,0
2026-07-07,685126,9,0,2,3.663658,9.0,7,0
2026-07-07,686580,2,2,0,0.0,2.0,0,0
2026-07-07,686790,18,0,1,6.904829,18.0,17,0
2026-07-07,686973,3,1,0,0.14800000000000002,3.0,2,0
2026-07-07,687223,3,0,1,0.931829,3.0,2,0
2026-07-07,687330,6,1,0,3.052,6.0,5,0
2026-07-07,687396,3,2,0,0.011,3.0,1,0
2026-07-07,687911,4,1,0,1.5799999999999998,4.0,3,1
2026-07-07,688107,29,4,1,9.305599,29.0,23,1
2026-07-07,689147,5,0,3,2.226487,5.0,2,0
2026-07-07,689254,3,1,0,0.264,3.0,2,0
2026-07-07,689296,10,2,0,2.77,10.0,8,0
2026-07-07,690928,22,4,3,6.760487,22.0,15,0
2026-07-07,693433,25,5,1,9.783829,25.0,19,2
2026-07-07,693686,18,1,0,4.382,18.0,17,0
2026-07-07,693855,21,12,0,4.878,21.0,9,1
2026-07-07,694335,4,1,0,1.501,4.0,3,1
2026-07-07,694360,2,0,0,1.505,2.0,2,1
2026-07-07,694361,4,0,1,1.965829,4.0,3,0
2026-07-07,694363,12,2,3,6.126487,12.0,7,1
2026-07-07,694462,22,2,5,9.833915000000001,22.0,14,2
2026-07-07,694819,25,11,0,4.75277,25.0,13,1
2026-07-07,694973,25,4,1,5.9478290000000005,25.0,20,0
2026-07-07,695001,4,1,0,1.39,4.0,3,0
2026-07-07,695243,3,2,0,0.071,3.0,1,0
2026-07-07,696147,8,0,0,2.798,8.0,8,1
2026-07-07,699134,3,0,0,0.261,3.0,3,0
2026-07-07,700669,3,0,0,0.936,3.0,3,0
2026-07-07,701542,21,3,2,9.322658,21.0,16,1
2026-07-07,702193,3,1,0,0.681,3.0,2,0
2026-07-07,702273,25,3,3,11.443257,23.0,17,3
2026-07-07,801139,21,6,1,4.1208290000000005,21.0,14,0
2026-07-07,806188,3,0,0,0.402,3.0,3,0
2026-07-07,837227,18,3,3,7.301487,18.0,12,1
2026-07-08,518585,3,1,0,0.218,3.0,2,0
2026-07-08,519141,7,0,0,3.186,7.0,7,1
2026-07-08,542888,4,0,2,1.433658,4.0,2,0
2026-07-08,543037,27,6,1,8.532829,27.0,20,2
2026-07-08,543309,5,0,0,2.72877,5.0,4,0
2026-07-08,544150,4,0,0,1.3780000000000001,4.0,4,0
2026-07-08,548384,4,0,0,1.496,4.0,4,0
2026-07-08,573124,5,2,0,0.737,4.0,3,0
2026-07-08,573204,6,2,0,4.942,6.0,4,2
2026-07-08,605488,23,4,4,7.068316,23.0,15,1
2026-07-08,606996,9,0,0,2.544,9.0,9,0
2026-07-08,607067,22,2,2,10.149658,22.0,18,1
2026-07-08,621016,4,1,1,1.6139999999999999,3.0,2,0
2026-07-08,621237,8,2,3,2.6354870000000004,8.0,3,0
2026-07-08,621381,1,1,0,0.0,1.0,0,0
2026-07-08,621383,5,0,0,3.641,5.0,5,3
2026-07-08,622554,3,1,1,0.707829,3.0,1,0
2026-07-08,622608,6,2,0,2.872,6.0,4,0
2026-07-08,628452,4,2,1,0.7438290000000001,4.0,1,0
2026-07-08,641329,4,3,0,0.524,4.0,1,0
2026-07-08,641745,4,1,1,0.857829,4.0,2,0
2026-07-08,641835,4,2,0,0.782,4.0,2,0
2026-07-08,642121,6,3,0,0.742,6.0,3,0
2026-07-08,642701,5,2,0,2.5250000000000004,5.0,3,1
2026-07-08,643511,3,0,0,1.6769999999999998,3.0,3,1
2026-07-08,650633,23,4,2,7.204658,23.0,17,0
2026-07-08,656271,6,2,1,1.957829,6.0,3,0
2026-07-08,656302,28,11,3,6.7874870000000005,28.0,14,1
2026-07-08,656492,25,9,0,4.383,25.0,16,0
2026-07-08,656550,20,5,1,5.723599,20.0,13,1
2026-07-08,656638,7,0,1,3.295599,7.0,5,0
2026-07-08,656848,3,1,0,0.156,3.0,2,0
2026-07-08,656945,3,2,0,0.039,3.0,1,0
2026-07-08,657044,5,0,0,1.8127700000000002,5.0,4,0
2026-07-08,657097,3,0,0,0.47,3.0,3,0
2026-07-08,657277,30,2,2,8.977658,30.0,26,0
2026-07-08,657514,3,0,0,0.633,3.0,3,0
2026-07-08,657571,3,1,1,0.772829,3.0,1,0
2026-07-08,657649,4,0,0,2.583,4.0,4,1
2026-07-08,660604,16,5,3,4.680487,16.0,8,1
2026-07-08,660761,7,4,0,0.979,7.0,3,0
2026-07-08,663423,2,0,0,0.97,2.0,2,0
2026-07-08,663436,20,2,2,9.579658,19.0,16,2
2026-07-08,663542,4,2,0,0.9027700000000001,4.0,1,0
2026-07-08,663556,22,5,0,3.5900000000000003,22.0,17,0
2026-07-08,663558,3,2,0,0.458,3.0,1,0
2026-07-08,663878,4,1,1,0.7518290000000001,4.0,2,0
2026-07-08,663947,3,1,0,0.995,3.0,2,0
2026-07-08,663969,21,3,2,7.150428,21.0,15,0
2026-07-08,664126,4,2,0,0.922,4.0,2,0
2026-07-08,664199,7,0,0,3.513,7.0,7,1
2026-07-08,664299,6,0,2,2.7476580000000004,6.0,4,0
2026-07-08,664875,4,0,0,1.1720000000000002,4.0,4,0
2026-07-08,664991,5,0,2,2.465658,5.0,3,1
2026-07-08,665152,22,4,1,8.137829,21.0,16,2
2026-07-08,666171,4,2,0,0.552,4.0,2,0
2026-07-08,666661,6,0,0,1.8820000000000001,6.0,6,0
2026-07-08,668831,6,3,0,0.991,6.0,3,0
2026-07-08,668941,4,2,1,0.756829,4.0,1,0
2026-07-08,668964,10,1,1,5.336829,10.0,8,1
2026-07-08,669022,25,7,1,9.544829,25.0,17,3
2026-07-08,669276,3,2,0,0.101,3.0,1,0
2026-07-08,669330,3,1,0,0.7100000000000001,3.0,2,0
2026-07-08,669684,5,2,0,1.53477,5.0,2,0
2026-07-08,669711,3,0,0,0.64,3.0,3,0
2026-07-08,669923,24,7,0,9.376,24.0,17,3
2026-07-08,670036,6,1,1,3.0508290000000002,6.0,4,1
2026-07-08,670059,4,0,0,1.334,4.0,4,0
2026-07-08,670329,6,1,1,1.6668290000000001,6.0,4,0
2026-07-08,670950,9,4,0,1.6680000000000001,9.0,5,1
2026-07-08,671922,4,2,1,0.701829,4.0,1,0
2026-07-08,672456,8,1,1,2.629829,8.0,6,0
2026-07-08,672782,4,0,1,2.163829,4.0,3,1
2026-07-08,674444,4,2,0,2.188,4.0,2,1
2026-07-08,675512,22,9,1,5.182829,22.0,12,1
2026-07-08,675540,5,1,1,2.0948290000000003,5.0,3,0
2026-07-08,676254,7,0,1,3.894829,7.0,6,2
2026-07-08,676263,3,1,0,0.492,3.0,2,0
2026-07-08,676617,4,1,0,1.093,4.0,3,0
2026-07-08,676661,5,0,0,0.9690000000000001,4.0,4,0
2026-07-08,676755,5,1,0,1.248,5.0,4,0
2026-07-08,676760,5,0,0,3.417,5.0,5,1
2026-07-08,677944,17,4,1,6.2458290000000005,17.0,12,0
2026-07-08,677976,23,2,3,8.358487,23.0,18,2
2026-07-08,679358,3,1,2,1.395658,3.0,0,0
2026-07-08,681035,19,5,1,4.717829,19.0,13,1
2026-07-08,681293,25,2,6,13.595974,25.0,17,3
2026-07-08,681870,3,0,3,2.093487,3.0,0,0
2026-07-08,681892,5,3,0,0.688,5.0,2,0
2026-07-08,681911,5,2,1,0.625,4.0,2,0
2026-07-08,681982,5,2,0,0.601,5.0,3,0
2026-07-08,682120,2,0,0,1.244,2.0,2,1
2026-07-08,682254,4,2,0,0.884,4.0,2,0
2026-07-08,683003,18,8,0,1.667,18.0,10,0
2026-07-08,683409,3,0,0,1.044,3.0,3,0
2026-07-08,683618,1,0,0,0.016,1.0,1,0
2026-07-08,683769,4,0,0,0.6090000000000001,4.0,4,0
2026-07-08,686560,6,0,1,2.128829,6.0,5,0
2026-07-08,686930,5,0,2,1.7826579999999999,5.0,3,0
2026-07-08,686993,2,0,0,0.503,2.0,2,0
2026-07-08,687239,3,1,0,0.7290000000000001,3.0,2,0
2026-07-08,687312,24,7,2,5.329658,24.0,15,0
2026-07-08,687377,5,1,0,0.934,5.0,4,0
2026-07-08,687562,25,4,1,7.382829,25.0,20,1
2026-07-08,687570,21,6,2,7.999658,21.0,13,2
2026-07-08,689225,4,1,0,0.9059999999999999,4.0,3,0
2026-07-08,689266,3,0,0,0.41000000000000003,3.0,3,0
2026-07-08,689546,6,0,0,1.197,6.0,6,0
2026-07-08,690986,17,2,0,6.414,17.0,15,2
2026-07-08,695001,8,0,1,2.298829,8.0,7,0
2026-07-08,695076,10,2,0,3.562,8.0,5,1
2026-07-08,695239,5,1,0,2.4930000000000003,5.0,4,1
2026-07-08,695505,23,2,6,8.174974,22.0,14,2
2026-07-08,696519,6,5,0,0.175,6.0,1,0
2026-07-08,700241,24,6,1,5.597829,24.0,17,2
2026-07-08,700712,17,3,5,5.1031450000000005,17.0,9,0
2026-07-08,701519,4,1,1,0.800829,4.0,2,0
2026-07-08,702352,7,1,1,2.421829,7.0,5,0
2026-07-08,703615,21,2,2,5.724428,21.0,16,0
2026-07-08,703725,3,0,0,0.383,3.0,3,0
2026-07-08,800311,4,2,0,0.7869999999999999,4.0,2,0
2026-07-08,805299,2,2,0,0.0,2.0,0,0
2026-07-08,806188,6,3,0,0.974,6.0,3,0
2026-07-08,808963,23,5,1,6.517829000000001,23.0,17,2
2026-07-08,815083,3,2,0,0.146,3.0,1,0
2026-07-08,820862,4,2,0,0.599,4.0,2,0
2026-07-09,445276,5,1,1,2.241829,5.0,3,0
2026-07-09,489446,3,0,0,0.743,2.0,3,0
2026-07-09,518876,25,6,3,6.986487,24.0,15,1
2026-07-09,518886,5,1,0,1.259,5.0,4,0
2026-07-09,543135,27,10,2,7.590658,27.0,14,1
2026-07-09,547973,3,0,0,0.44699999999999995,3.0,3,0
2026-07-09,552640,4,0,0,1.283,4.0,4,0
2026-07-09,573204,2,1,0,0.185,2.0,1,0
2026-07-09,592155,6,2,0,1.611,6.0,4,1
2026-07-09,593974,3,1,0,0.312,3.0,2,0
2026-07-09,594027,7,1,0,1.101,7.0,6,0
2026-07-09,594580,2,2,0,0.0,2.0,0,0
2026-07-09,608379,23,5,3,8.202257,23.0,14,1
2026-07-09,608718,6,2,0,1.23977,6.0,3,0
2026-07-09,621016,5,2,1,1.345829,5.0,2,0
2026-07-09,621053,3,1,0,1.45754,3.0,0,0
2026-07-09,621074,9,1,0,3.7510000000000003,9.0,8,0
2026-07-09,621112,8,3,0,2.7039999999999997,8.0,5,1
2026-07-09,622088,4,0,0,0.511,4.0,4,0
2026-07-09,623149,3,2,0,0.016,3.0,1,0
2026-07-09,623211,3,2,0,0.154,3.0,1,0
2026-07-09,640448,3,1,0,0.534,3.0,2,0
2026-07-09,640455,27,6,1,9.221829,26.0,19,3
2026-07-09,641302,2,1,0,0.906,2.0,1,0
2026-07-09,641743,22,4,2,7.2164280000000005,21.0,15,0
2026-07-09,641927,19,5,1,5.933829,19.0,13,1
2026-07-09,642207,4,1,0,0.77,4.0,3,0
2026-07-09,642232,5,0,0,1.467,5.0,5,0
2026-07-09,642397,3,0,0,0.384,3.0,3,0
2026-07-09,642701,8,1,2,3.1158289999999997,6.0,5,1
2026-07-09,643410,5,2,0,1.58877,5.0,2,0
2026-07-09,656234,4,0,1,1.928829,4.0,3,1
2026-07-09,656288,20,5,0,5.414,19.0,15,0
2026-07-09,656464,3,1,0,0.058,3.0,2,0
2026-07-09,656605,15,3,2,5.201658,15.0,10,1
2026-07-09,656641,7,3,1,1.810829,7.0,3,0
2026-07-09,656849,20,2,4,9.075316,20.0,14,1
2026-07-09,656876,14,2,0,5.3469999999999995,14.0,12,0
2026-07-09,657612,4,0,0,1.446,4.0,4,1
2026-07-09,660761,4,2,0,0.024,4.0,2,0
2026-07-09,661395,5,2,0,1.6847699999999999,5.0,2,0
2026-07-09,663372,23,3,4,9.417316,23.0,16,3
2026-07-09,663687,6,2,1,3.646829,6.0,3,2
2026-07-09,663776,19,5,1,5.575829,19.0,13,0
2026-07-09,663855,5,2,0,0.258,5.0,3,0
2026-07-09,663903,28,5,1,9.583369000000001,27.0,19,0
2026-07-09,664141,4,1,0,0.456,4.0,3,0
2026-07-09,664285,26,9,0,5.11554,26.0,15,0
2026-07-09,664849,1,0,0,0.165,1.0,1,0
2026-07-09,665622,6,1,0,1.169,6.0,5,0
2026-07-09,666171,3,1,0,0.22,3.0,2,0
2026-07-09,666200,26,11,2,4.598428,24.0,10,0
2026-07-09,666808,4,0,1,1.760599,4.0,2,0
2026-07-09,666974,4,0,0,1.5030000000000001,4.0,4,0
2026-07-09,668390,1,0,0,0.725,1.0,1,1
2026-07-09,668674,5,0,0,1.258,5.0,5,0
2026-07-09,668873,5,2,0,0.313,5.0,3,0
2026-07-09,668909,26,11,1,5.364599,26.0,13,1
2026-07-09,668970,6,1,2,2.400658,6.0,3,1
2026-07-09,668984,12,2,3,5.254428,10.0,6,1
2026-07-09,669020,4,0,1,1.939829,4.0,3,1
2026-07-09,669062,3,2,0,0.262,3.0,1,0
2026-07-09,669199,7,3,0,1.059,7.0,4,1
2026-07-09,669298,13,3,1,6.216829000000001,13.0,9,1
2026-07-09,669330,5,1,0,1.008,5.0,4,0
2026-07-09,669432,23,4,2,8.977658,23.0,17,1
2026-07-09,669467,25,2,2,8.419658,25.0,21,1
2026-07-09,670970,3,2,0,0.094,3.0,1,0
2026-07-09,670990,7,2,1,2.063829,7.0,4,1
2026-07-09,671922,3,2,0,0.236,3.0,1,0
2026-07-09,672282,20,6,1,9.073829,20.0,13,4
2026-07-09,673513,6,0,2,3.406658,6.0,4,1
2026-07-09,675916,4,1,1,1.865829,4.0,2,0
2026-07-09,676083,21,5,4,6.073316,21.0,12,1
2026-07-09,676477,3,2,0,0.021,3.0,1,0
2026-07-09,676534,2,0,0,0.7130000000000001,2.0,2,0
2026-07-09,676604,4,1,0,0.937,4.0,3,0
2026-07-09,676702,6,2,0,1.7610000000000001,6.0,4,0
2026-07-09,676742,7,2,3,4.244487,7.0,2,1
2026-07-09,676879,5,1,1,0.895829,5.0,3,0
2026-07-09,677961,3,0,1,1.311829,3.0,2,0
2026-07-09,678022,13,2,2,4.131658,13.0,9,1
2026-07-09,680742,3,1,0,0.19,3.0,2,0
2026-07-09,680767,7,3,1,2.303829,7.0,3,0
2026-07-09,681217,3,0,0,2.795,3.0,3,2
2026-07-09,681892,3,0,0,0.43400000000000005,3.0,3,0
2026-07-09,682243,28,3,4,8.302316,28.0,21,1
2026-07-09,682608,5,1,1,2.385829,5.0,3,0
2026-07-09,682842,4,0,1,1.263829,4.0,3,0
2026-07-09,682989,4,2,0,0.919,4.0,2,0
2026-07-09,683409,6,3,0,0.757,6.0,3,0
2026-07-09,683769,3,1,0,0.242,3.0,2,0
2026-07-09,686580,3,1,0,0.361,3.0,2,0
2026-07-09,687396,8,3,0,1.892,8.0,5,0
2026-07-09,687531,5,0,2,4.1976580000000006,5.0,3,1
2026-07-09,687931,23,4,4,8.946316,23.0,15,2
2026-07-09,688297,5,0,1,2.385829,5.0,4,0
2026-07-09,689266,3,0,0,0.86,3.0,3,1
2026-07-09,691799,4,0,1,1.750829,4.0,3,1
2026-07-09,693821,20,3,2,9.564658,20.0,14,3
2026-07-09,694335,4,1,0,0.8,4.0,3,0
2026-07-09,694360,4,0,0,2.659,4.0,4,1
2026-07-09,694477,6,2,0,2.431,6.0,4,1
2026-07-09,696070,11,3,3,3.605487,11.0,5,1
2026-07-09,696147,3,1,0,0.259,3.0,2,0
2026-07-09,699134,4,2,0,0.076,4.0,2,0
2026-07-09,699823,4,0,1,0.910829,3.0,2,0
2026-07-09,700669,7,4,1,0.9908290000000001,7.0,2,0
2026-07-09,701656,21,4,1,5.927599,21.0,15,1
2026-07-09,702275,8,1,2,3.817658,8.0,5,1
2026-07-09,703725,5,1,0,2.23,5.0,4,1
2026-07-09,808970,4,1,0,0.806,4.0,3,0
2026-07-09,810938,3,0,0,0.167,3.0,3,0
2026-07-10,455119,4,0,0,2.681,4.0,4,1
2026-07-10,489446,4,0,0,1.596,4.0,4,0
2026-07-10,518585,2,2,0,0.0,2.0,0,0
2026-07-10,519242,11,5,1,3.044829,11.0,5,1
2026-07-10,543243,23,3,1,5.958829,23.0,19,2
2026-07-10,552640,4,1,0,0.34800000000000003,4.0,3,0
2026-07-10,592662,23,4,6,8.623974,23.0,13,1
2026-07-10,592773,4,0,1,1.003829,4.0,3,0
2026-07-10,592779,6,2,1,2.880829,6.0,3,1
2026-07-10,593958,25,5,1,9.548829,25.0,19,3
2026-07-10,593974,3,0,0,0.074,3.0,3,0
2026-07-10,594027,4,0,0,1.453,4.0,4,0
2026-07-10,595345,3,2,0,0.015,3.0,1,0
2026-07-10,596117,3,0,0,0.8920000000000001,3.0,3,0
2026-07-10,605400,20,8,2,5.970658,20.0,10,3
2026-07-10,605447,6,0,3,3.1244870000000002,6.0,3,0
2026-07-10,607259,20,1,1,6.375829,20.0,18,1
2026-07-10,615698,23,1,1,6.139829,23.0,21,1
2026-07-10,621097,4,0,0,1.2189999999999999,4.0,4,0
2026-07-10,621345,7,1,0,3.18,7.0,6,1
2026-07-10,621381,5,2,0,2.189,5.0,3,1
2026-07-10,622491,25,4,1,7.892829000000001,25.0,20,3
2026-07-10,622608,3,1,0,0.724,3.0,2,0
2026-07-10,623465,5,2,0,1.013,5.0,3,0
2026-07-10,623474,6,1,1,1.392829,6.0,4,0
2026-07-10,640454,3,0,0,1.587,3.0,3,0
2026-07-10,641302,3,1,0,0.9949999999999999,3.0,2,0
2026-07-10,641755,3,1,1,0.7478290000000001,3.0,1,0
2026-07-10,641793,15,5,0,4.6739999999999995,15.0,10,2
2026-07-10,641835,8,1,2,3.561658,7.0,5,2
2026-07-10,641941,3,3,0,0.0,3.0,0,0
2026-07-10,642121,2,1,0,0.059,2.0,1,0
2026-07-10,642528,3,2,0,0.063,3.0,1,0
2026-07-10,643511,3,0,0,0.264,3.0,3,0
2026-07-10,645261,26,8,0,7.108,26.0,18,2
2026-07-10,650644,14,4,1,4.460829,14.0,9,1
2026-07-10,656234,2,0,0,0.041999999999999996,2.0,2,0
2026-07-10,656271,4,1,0,0.679,4.0,3,0
2026-07-10,656427,24,6,3,7.886257,24.0,14,2
2026-07-10,656529,5,3,0,0.878,5.0,2,0
2026-07-10,656546,3,1,0,0.157,3.0,2,0
2026-07-10,657514,3,0,1,1.346829,3.0,2,0
2026-07-10,657612,3,0,0,2.747,3.0,3,2
2026-07-10,660825,3,2,0,0.815,3.0,1,0
2026-07-10,663423,3,0,0,0.686,3.0,3,0
2026-07-10,663738,3,1,0,0.598,3.0,2,0
2026-07-10,663765,11,3,0,4.009,11.0,8,2
2026-07-10,664076,4,2,0,0.998,4.0,2,0
2026-07-10,664849,4,1,0,1.9209999999999998,4.0,3,2
2026-07-10,664875,6,1,2,3.694658,6.0,3,1
2026-07-10,665660,6,3,0,1.5699999999999998,6.0,3,1
2026-07-10,666126,6,1,0,2.6879999999999997,6.0,5,1
2026-07-10,666277,6,1,0,1.294,6.0,5,1
2026-07-10,666745,12,2,1,3.075829,12.0,9,1
2026-07-10,668390,4,0,0,1.1560000000000001,4.0,4,0
2026-07-10,668873,4,0,1,1.578829,4.0,3,0
2026-07-10,668881,25,12,1,6.140829,25.0,12,0
2026-07-10,668941,3,1,0,1.3419999999999999,3.0,2,1
2026-07-10,669062,4,1,0,0.8220000000000001,4.0,3,0
2026-07-10,669165,9,1,1,3.858829,9.0,7,1
2026-07-10,669456,22,4,3,8.923487,22.0,15,1
2026-07-10,669711,4,0,0,2.4579999999999997,4.0,4,1
2026-07-10,670059,3,1,0,0.6739999999999999,3.0,2,0
2026-07-10,670280,7,0,0,2.25577,7.0,6,0
2026-07-10,670329,3,1,0,0.057999999999999996,3.0,2,0
2026-07-10,671922,3,0,0,0.039,3.0,3,0
2026-07-10,672335,7,1,3,2.887487,7.0,3,1
2026-07-10,673540,3,1,0,0.082,3.0,2,0
2026-07-10,674444,3,1,0,0.436,3.0,2,0
2026-07-10,675540,1,0,0,0.017,1.0,1,0
2026-07-10,675848,1,0,0,0.112,1.0,1,0
2026-07-10,676263,4,1,0,0.9119999999999999,4.0,3,0
2026-07-10,676477,5,0,0,1.432,5.0,5,0
2026-07-10,676617,3,2,0,0.729,3.0,1,1
2026-07-10,676661,7,0,1,3.444829,7.0,6,2
2026-07-10,676664,19,3,1,5.797829,19.0,15,0
2026-07-10,676680,3,0,1,1.280829,3.0,2,0
2026-07-10,676760,3,0,0,0.217,3.0,3,0
2026-07-10,676775,3,0,0,0.639,3.0,3,0
2026-07-10,677865,6,1,0,1.52877,6.0,4,0
2026-07-10,677960,23,6,0,4.781,23.0,17,0
2026-07-10,677961,4,0,0,1.1420000000000001,4.0,4,0
2026-07-10,678606,5,0,0,2.5229999999999997,5.0,5,1
2026-07-10,679883,24,3,3,10.381487,24.0,18,1
2026-07-10,680570,23,0,1,8.416599,23.0,21,0
2026-07-10,680732,24,9,0,5.22577,24.0,14,1
2026-07-10,681517,10,2,0,1.553,10.0,8,0
2026-07-10,681870,3,0,1,1.970829,3.0,2,1
2026-07-10,681911,4,2,0,0.95,4.0,2,0
2026-07-10,681916,3,1,0,0.551,3.0,2,0
2026-07-10,682052,5,1,0,0.063,5.0,4,0
2026-07-10,682989,6,3,0,0.391,6.0,3,0
2026-07-10,683618,8,2,1,1.2878290000000001,7.0,5,0
2026-07-10,683769,4,1,0,1.9420000000000002,4.0,3,1
2026-07-10,684007,23,5,1,8.289829000000001,23.0,17,1
2026-07-10,685299,23,1,1,7.819,22.0,21,1
2026-07-10,686613,25,4,5,9.301145,25.0,16,2
2026-07-10,686753,5,0,0,2.23,5.0,5,0
2026-07-10,686930,7,0,1,2.868829,7.0,6,0
2026-07-10,686973,6,1,0,2.492,6.0,5,0
2026-07-10,686993,5,0,2,4.365658,5.0,3,2
2026-07-10,687064,27,5,1,7.837829,27.0,21,1
2026-07-10,687223,12,4,0,3.272,12.0,8,1
2026-07-10,687330,6,1,0,1.034,6.0,5,0
2026-07-10,687473,6,1,0,0.766,6.0,5,0
2026-07-10,687911,8,1,1,4.959829,7.0,6,2
2026-07-10,689149,4,1,0,0.483,4.0,3,0
2026-07-10,689225,7,1,0,1.298,7.0,6,0
2026-07-10,689254,1,1,0,0.0,1.0,0,0
2026-07-10,689546,2,0,0,0.29400000000000004,2.0,2,0
2026-07-10,690925,1,1,0,0.0,1.0,0,0
2026-07-10,690997,26,7,2,8.779428,25.0,16,2
2026-07-10,694361,7,2,2,1.8346580000000001,7.0,3,0
2026-07-10,696147,4,2,1,0.8948290000000001,4.0,1,0
2026-07-10,696519,8,2,1,2.556829,8.0,5,0
2026-07-10,699823,7,2,1,2.216829,7.0,4,0
2026-07-10,701519,3,1,0,0.41700000000000004,3.0,2,0
2026-07-10,702193,7,2,0,2.011,7.0,5,0
2026-07-10,800048,22,1,4,6.3133159999999995,21.0,17,1
2026-07-10,800311,6,1,1,1.609829,6.0,4,0
2026-07-10,805299,3,2,0,0.009,3.0,1,0
2026-07-10,805427,1,0,0,0.221,1.0,1,0
2026-07-10,805673,26,3,2,9.579658,26.0,21,2
2026-07-11,445276,4,1,0,1.002,4.0,3,0
2026-07-11,455119,5,1,0,1.183,5.0,4,1
2026-07-11,518585,3,0,0,0.757,3.0,3,0
2026-07-11,519141,5,0,1,2.854829,5.0,4,1
2026-07-11,542888,2,0,0,0.735,2.0,2,0
2026-07-11,543056,8,0,3,2.745487,8.0,5,0
2026-07-11,548384,3,0,0,0.508,3.0,3,0
2026-07-11,571945,15,0,1,5.516829,15.0,14,0
2026-07-11,572955,4,0,1,1.566829,4.0,3,0
2026-07-11,573204,4,2,0,0.6639999999999999,4.0,2,0
2026-07-11,592155,7,5,0,1.268,7.0,2,0
2026-07-11,607200,15,3,1,3.685829,15.0,11,0
2026-07-11,607536,24,9,0,6.008,24.0,15,1
2026-07-11,621074,5,0,0,0.497,5.0,5,0
2026-07-11,621111,13,1,4,4.604316,13.0,8,0
2026-07-11,621345,4,2,0,1.286,4.0,2,1
2026-07-11,622088,3,1,0,0.111,3.0,2,0
2026-07-11,623211,2,1,0,0.543,2.0,1,0
2026-07-11,623454,4,2,0,0.078,4.0,2,0
2026-07-11,625643,21,3,1,6.8678289999999995,21.0,17,2
2026-07-11,640454,6,1,1,1.577829,6.0,4,0
2026-07-11,641816,29,4,3,9.902487,29.0,22,1
2026-07-11,642100,2,0,0,1.077,2.0,2,1
2026-07-11,642397,5,0,1,1.564829,5.0,4,0
2026-07-11,642547,21,6,5,6.687145,20.0,10,2
2026-07-11,642701,3,1,0,0.40700000000000003,3.0,2,0
2026-07-11,643377,21,3,3,8.453487,20.0,15,1
2026-07-11,650911,29,7,1,8.282829,29.0,21,1
2026-07-11,656271,2,0,0,0.781,1.0,1,0
2026-07-11,656464,3,1,0,0.767,3.0,2,0
2026-07-11,656794,6,1,1,2.466829,6.0,4,0
2026-07-11,657097,4,1,1,0.8508290000000001,4.0,2,0
2026-07-11,657571,4,0,0,0.8989999999999999,4.0,4,0
2026-07-11,657746,26,6,2,9.274658,26.0,18,1
2026-07-11,660853,3,1,0,0.8989999999999999,3.0,2,0
2026-07-11,661395,3,0,0,0.394,3.0,3,0
2026-07-11,663362,12,3,1,3.684829,12.0,8,0
2026-07-11,663423,1,0,0,0.179,1.0,1,0
2026-07-11,663542,3,0,0,0.355,3.0,3,0
2026-07-11,663554,24,5,2,7.387658,24.0,17,0
2026-07-11,663558,6,1,1,1.6868290000000001,6.0,4,0
2026-07-11,663567,23,7,1,4.528599,23.0,14,1
2026-07-11,663687,3,2,0,0.904,3.0,1,0
2026-07-11,663947,3,1,0,0.8009999999999999,3.0,2,1
2026-07-11,664076,5,2,1,1.671829,5.0,2,1
2026-07-11,664141,7,2,0,3.062,7.0,5,1
2026-07-11,664991,3,2,0,0.367,3.0,1,0
2026-07-11,665622,5,2,0,0.74877,5.0,2,0
2026-07-11,665871,20,4,0,7.695,20.0,16,3
2026-07-11,666157,22,4,3,8.216487,22.0,15,1
2026-07-11,666277,3,2,0,0.019,3.0,1,0
2026-07-11,666661,3,2,0,0.069,3.0,1,0
2026-07-11,666974,1,1,0,0.0,1.0,0,0
2026-07-11,667297,5,2,0,0.7759999999999999,5.0,3,0
2026-07-11,668964,8,0,0,4.154,8.0,8,1
2026-07-11,668984,3,0,0,1.325,3.0,3,0
2026-07-11,669020,4,1,1,2.314829,4.0,2,0
2026-07-11,669060,3,0,0,0.5900000000000001,3.0,3,0
2026-07-11,669212,4,1,0,1.627,4.0,3,1
2026-07-11,669302,30,5,2,11.665829,29.0,23,4
2026-07-11,669330,3,1,0,0.064,3.0,2,0
2026-07-11,669387,14,2,2,6.048658,14.0,10,1
2026-07-11,669461,22,6,1,5.065829,22.0,15,0
2026-07-11,669684,5,0,1,2.345829,5.0,4,0
2026-07-11,669711,4,2,0,0.449,4.0,2,0
2026-07-11,670059,3,0,0,0.794,3.0,3,0
2026-07-11,670062,5,2,1,0.8498290000000001,5.0,2,0
2026-07-11,670280,4,1,0,1.194,4.0,3,0
2026-07-11,670970,3,1,0,0.43599999999999994,3.0,2,0
2026-07-11,670990,5,0,0,2.40677,5.0,4,1
2026-07-11,671936,8,2,1,2.92077,6.0,3,0
2026-07-11,672782,5,1,1,1.442829,5.0,3,0
2026-07-11,673513,4,0,1,1.507599,4.0,2,0
2026-07-11,675660,25,6,0,5.80177,25.0,18,3
2026-07-11,676440,27,3,4,7.091316000000001,27.0,20,0
2026-07-11,676571,7,3,1,1.871829,7.0,3,0
2026-07-11,676617,5,1,1,1.7185990000000002,5.0,2,0
2026-07-11,676680,4,2,0,0.41700000000000004,4.0,2,0
2026-07-11,676755,4,0,0,1.012,4.0,4,0
2026-07-11,676879,6,3,0,2.725,6.0,3,1
2026-07-11,677952,22,6,2,8.217658,22.0,14,1
2026-07-11,677958,28,6,2,10.770428,28.0,19,2
2026-07-11,680694,25,5,2,6.315658,25.0,18,0
2026-07-11,680742,4,0,1,1.664599,4.0,2,0
2026-07-11,680755,6,2,1,1.489829,6.0,3,0
2026-07-11,680916,4,1,0,0.21,4.0,3,0
2026-07-11,681982,3,0,0,0.692,3.0,3,0
2026-07-11,682254,4,2,1,0.705829,4.0,1,0
2026-07-11,682842,4,0,1,2.266829,4.0,3,0
2026-07-11,684974,7,3,1,1.5918290000000002,7.0,3,0
2026-07-11,685126,3,0,2,1.472658,3.0,1,0
2026-07-11,686560,5,2,1,0.809829,5.0,2,0
2026-07-11,686580,4,2,1,1.311829,4.0,1,0
2026-07-11,687075,17,3,2,6.912968,16.0,8,1
2026-07-11,687377,3,0,1,2.460829,3.0,2,1
2026-07-11,687396,4,1,1,1.036829,4.0,2,0
2026-07-11,687531,9,3,0,3.62677,9.0,5,0
2026-07-11,688642,8,0,1,2.643829,8.0,7,0
2026-07-11,689017,16,2,2,6.295428,16.0,11,2
2026-07-11,689254,8,1,0,3.348,8.0,7,1
2026-07-11,690925,3,0,0,4.144,3.0,3,2
2026-07-11,691587,26,6,2,8.144658,26.0,18,0
2026-07-11,691769,3,0,0,0.972,3.0,3,1
2026-07-11,691799,6,2,1,1.777829,6.0,3,0
2026-07-11,693645,27,6,4,8.160316,26.0,16,2
2026-07-11,693686,8,1,2,2.898658,8.0,5,0
2026-07-11,694297,22,2,0,7.065,22.0,20,1
2026-07-11,694477,4,0,0,1.395,4.0,4,0
2026-07-11,695239,4,0,1,1.1588289999999999,4.0,3,0
2026-07-11,695243,4,2,0,1.617,4.0,2,1
2026-07-11,695611,23,7,2,6.578658,23.0,14,0
2026-07-11,696149,21,6,3,4.557487,21.0,12,0
2026-07-11,696270,19,1,3,7.341487,18.0,14,1
2026-07-11,699134,5,0,0,1.491,5.0,5,0
2026-07-11,700842,14,3,2,2.829658,14.0,9,0
2026-07-11,702056,13,1,7,6.173803,13.0,5,0
2026-07-11,702070,27,9,2,9.791658,27.0,16,4
2026-07-11,702566,9,3,0,1.789,9.0,6,1
2026-07-11,703725,5,2,0,1.9620000000000002,5.0,3,1
2026-07-11,805123,10,4,1,2.769829,10.0,5,0
2026-07-11,805299,2,1,0,0.714,2.0,1,0
2026-07-11,806188,4,2,0,0.202,4.0,2,0
2026-07-11,808967,27,6,4,5.710487,26.0,17,1
2026-07-11,808970,5,0,1,2.039829,5.0,4,0
2026-07-11,815083,11,2,0,4.71,10.0,8,1
2026-07-11,820862,4,1,1,0.7288290000000001,4.0,2,0
2026-07-12,518886,8,2,1,2.461829,8.0,5,0
2026-07-12,542888,3,0,0,0.264,3.0,3,0
2026-07-12,547179,22,1,3,9.124487,22.0,18,2
2026-07-12,547973,4,1,0,0.925,4.0,3,0
2026-07-12,548384,3,0,0,0.6170000000000001,2.0,3,0
2026-07-12,552640,3,0,0,2.098,3.0,3,1
2026-07-12,554430,22,10,2,4.547658,22.0,10,0
2026-07-12,571510,28,3,1,11.441369,28.0,22,2
2026-07-12,572955,3,0,0,0.752,3.0,3,0
2026-07-12,573204,3,0,0,2.12,3.0,3,1
2026-07-12,592332,25,8,3,7.256487,25.0,14,1
2026-07-12,592773,4,1,0,0.77,4.0,3,0
2026-07-12,592779,4,1,1,0.9968290000000001,4.0,2,0
2026-07-12,594580,3,1,0,0.654,3.0,2,0
2026-07-12,595345,3,1,0,0.405,3.0,2,0
2026-07-12,596133,3,1,0,0.38,3.0,2,0
2026-07-12,606996,3,0,0,0.652,3.0,3,0
2026-07-12,607625,19,6,2,7.477428,19.0,10,1
2026-07-12,608566,20,4,2,7.364658,20.0,14,2
2026-07-12,621074,4,1,1,0.814829,4.0,2,0
2026-07-12,621112,6,2,0,1.311,6.0,4,1
2026-07-12,621237,3,2,0,0.159,3.0,1,0
2026-07-12,621381,6,1,1,2.197829,6.0,4,1
2026-07-12,622554,3,1,0,0.071,3.0,2,0
2026-07-12,622608,6,1,1,1.562829,6.0,4,0
2026-07-12,623149,3,1,0,0.6759999999999999,3.0,2,0
2026-07-12,623352,3,0,0,1.389,3.0,3,0
2026-07-12,623465,4,0,0,2.427,4.0,4,1
2026-07-12,623474,4,1,1,0.710829,4.0,2,0
2026-07-12,628452,3,1,0,0.498,3.0,2,0
2026-07-12,641302,5,2,0,1.071,5.0,3,0
2026-07-12,641755,1,1,0,0.0,1.0,0,0
2026-07-12,642100,4,0,1,1.322829,4.0,3,0
2026-07-12,642121,3,1,0,1.274,3.0,2,1
2026-07-12,642207,7,0,2,3.739658,7.0,5,0
2026-07-12,642232,2,0,1,0.7428290000000001,2.0,1,0
2026-07-12,642528,4,2,1,0.899829,4.0,1,0
2026-07-12,643410,3,1,0,0.608,3.0,2,0
2026-07-12,643511,4,1,0,0.675,4.0,3,0
2026-07-12,650556,5,2,1,1.6648290000000001,5.0,2,0
2026-07-12,656464,2,0,0,0.779,2.0,2,0
2026-07-12,656546,6,0,0,2.828,6.0,6,1
2026-07-12,656641,4,0,1,1.146,3.0,3,0
2026-07-12,656848,5,0,0,1.6219999999999999,5.0,5,1
2026-07-12,656945,3,1,0,1.013,3.0,2,0
2026-07-12,657044,3,1,0,0.773,3.0,2,0
2026-07-12,657097,2,0,0,0.172,2.0,2,0
2026-07-12,657514,4,1,0,1.998,4.0,3,0
2026-07-12,657612,3,1,0,1.7409999999999999,3.0,2,1
2026-07-12,657649,5,0,2,2.930428,5.0,2,0
2026-07-12,660761,7,1,0,1.7269999999999999,7.0,6,0
2026-07-12,660825,5,1,0,1.325,5.0,4,0
2026-07-12,660853,3,0,0,0.16899999999999998,3.0,3,0
2026-07-12,662253,4,2,1,0.707829,4.0,1,0
2026-07-12,663855,3,3,0,0.0,3.0,0,0
2026-07-12,663969,6,1,1,2.379829,6.0,4,0
2026-07-12,664126,4,0,0,2.99,4.0,4,1
2026-07-12,664199,4,2,0,0.15500000000000003,4.0,2,0
2026-07-12,664299,16,4,3,6.368487,16.0,9,1
2026-07-12,664849,5,1,2,2.711658,5.0,2,1
2026-07-12,664875,4,1,1,0.9758290000000001,4.0,2,0
2026-07-12,664991,3,1,0,0.075,3.0,2,0
2026-07-12,666171,5,2,0,2.033,5.0,3,1
2026-07-12,666661,3,0,1,0.898829,3.0,2,0
2026-07-12,666974,3,0,0,0.9339999999999999,3.0,3,0
2026-07-12,667755,20,0,2,7.228658,20.0,18,0
2026-07-12,668390,3,1,1,1.0878290000000002,3.0,1,0
2026-07-12,668674,5,2,0,2.08477,5.0,2,1
2026-07-12,668941,7,0,1,3.741599,7.0,5,1
2026-07-12,668970,6,3,0,0.8140000000000001,6.0,3,0
2026-07-12,669022,15,4,1,3.299829,15.0,10,1
2026-07-12,669060,10,4,0,1.964,10.0,6,0
2026-07-12,669062,5,2,0,1.005,5.0,3,0
2026-07-12,669160,20,4,4,5.349086,19.0,11,0
2026-07-12,669199,6,3,0,0.729,6.0,3,0
2026-07-12,669276,5,2,0,0.592,5.0,3,0
2026-07-12,669358,22,9,0,4.558,22.0,13,0
2026-07-12,669372,23,7,3,7.061428,21.0,11,1
2026-07-12,669373,21,5,1,5.362599,21.0,14,0
2026-07-12,670167,3,1,1,1.636829,3.0,1,0
2026-07-12,670329,4,0,0,1.537,4.0,4,0
2026-07-12,670970,9,1,1,1.958,8.0,7,0
2026-07-12,671096,19,3,3,5.914487,19.0,13,0
2026-07-12,671737,28,6,2,9.073658,28.0,20,2
2026-07-12,671922,5,2,0,2.559,5.0,3,1
2026-07-12,672456,14,5,1,2.7359999999999998,12.0,8,0
2026-07-12,674444,3,0,0,1.0777700000000001,3.0,2,0
2026-07-12,674841,11,2,1,5.260829,11.0,8,1
2026-07-12,676106,6,2,1,1.517829,6.0,3,0
2026-07-12,676282,22,9,2,3.836658,21.0,10,0
2026-07-12,676477,3,1,0,0.126,3.0,2,0
2026-07-12,676534,8,1,1,3.3248290000000003,8.0,6,1
2026-07-12,676604,4,0,0,1.856,4.0,4,0
2026-07-12,676755,4,1,1,1.093829,4.0,2,0
2026-07-12,676760,4,1,0,1.102,4.0,3,0
2026-07-12,676775,3,0,1,1.038829,3.0,2,0
2026-07-12,676917,21,5,1,6.938829,21.0,15,0
2026-07-12,677865,8,1,1,3.887829,8.0,6,1
2026-07-12,678394,14,5,0,4.08,14.0,9,2
2026-07-12,678606,6,2,0,1.96177,6.0,3,0
2026-07-12,680742,3,1,0,0.593,3.0,2,0
2026-07-12,680916,3,1,0,0.069,3.0,2,0
2026-07-12,681217,6,4,1,0.711829,6.0,1,0
2026-07-12,681982,6,1,0,1.58,6.0,5,0
2026-07-12,682608,5,0,2,2.057829,4.0,3,0
2026-07-12,683352,15,0,3,7.060487,15.0,12,2
2026-07-12,683409,5,1,0,1.3,5.0,4,0
2026-07-12,683618,4,0,1,1.4208290000000001,4.0,3,0
2026-07-12,683769,4,2,0,0.95777,4.0,1,0
2026-07-12,684974,5,2,1,1.657599,5.0,1,0
2026-07-12,685126,3,0,1,1.6278290000000002,3.0,2,1
2026-07-12,686218,21,7,1,5.692829,21.0,13,1
2026-07-12,686790,25,4,1,6.2325990000000004,25.0,19,1
2026-07-12,686993,4,0,0,1.7229999999999999,4.0,4,0
2026-07-12,687239,4,1,0,1.385,4.0,3,1
2026-07-12,687330,2,0,1,1.299829,2.0,1,0
2026-07-12,687911,10,1,1,3.640829,10.0,8,1
2026-07-12,688107,18,3,0,8.093770000000001,18.0,14,2
2026-07-12,688297,9,3,0,1.172,9.0,6,0
2026-07-12,689147,3,1,0,0.249,3.0,2,0
2026-07-12,689225,1,1,0,0.0,1.0,0,0
2026-07-12,689266,3,0,1,1.685829,3.0,2,0
2026-07-12,689296,3,1,0,0.28700000000000003,3.0,2,0
2026-07-12,689546,7,0,0,1.6320000000000001,7.0,7,0
2026-07-12,693855,19,3,3,8.133257,19.0,12,1
2026-07-12,694360,5,0,0,1.376,5.0,5,0
2026-07-12,694973,20,7,1,4.783829,20.0,12,1
2026-07-12,695076,8,1,2,2.314658,8.0,5,0
2026-07-12,695239,3,0,0,1.105,3.0,3,0
2026-07-12,695243,3,1,0,0.129,3.0,2,0
2026-07-12,695534,7,2,0,1.219,7.0,5,0
2026-07-12,699008,11,0,1,5.331829,11.0,10,1
2026-07-12,700669,4,0,0,1.061,4.0,4,0
2026-07-12,701542,19,2,2,8.483428,19.0,14,1
2026-07-12,702193,8,2,1,1.870829,8.0,5,0
2026-07-12,702273,21,4,0,7.47577,21.0,16,1
2026-07-12,702275,16,2,2,3.915658,16.0,12,0
2026-07-12,800311,3,2,0,0.606,3.0,1,0
2026-07-12,801139,15,7,1,3.237829,15.0,7,1
2026-07-12,804267,25,5,2,5.427658,24.0,18,1
2026-07-12,805326,7,0,0,1.854,7.0,7,0
2026-07-12,805427,4,1,1,1.722829,4.0,2,0
2026-07-12,806188,8,1,1,3.146599,7.0,5,0
2026-07-16,548384,2,1,1,0.697829,2.0,0,0
2026-07-16,596133,4,0,0,2.0010000000000003,4.0,4,1
2026-07-16,605400,27,6,4,7.520487,26.0,17,2
2026-07-16,623211,3,0,0,0.732,3.0,3,0
2026-07-16,642207,3,1,0,0.911,3.0,2,0
2026-07-16,680742,3,0,1,1.020829,3.0,2,0
2026-07-16,681035,20,7,0,2.828,20.0,13,0
2026-07-16,686751,8,2,1,1.667829,8.0,5,0
2026-07-17,489446,5,0,1,2.2695990000000004,5.0,3,1
2026-07-17,518585,4,1,0,1.203,4.0,3,1
2026-07-17,518876,21,3,2,8.653658,21.0,16,1
2026-07-17,518886,4,1,1,0.756829,4.0,2,0
2026-07-17,519141,4,0,2,1.992658,4.0,2,0
2026-07-17,519242,23,6,0,4.002,23.0,17,1
2026-07-17,543037,23,8,1,7.1658290000000004,23.0,14,2
2026-07-17,543309,7,0,1,5.105829,7.0,6,2
2026-07-17,547973,3,2,0,0.0,3.0,1,0
2026-07-17,552640,4,1,1,0.845829,4.0,2,0
2026-07-17,571578,8,1,1,2.889829,8.0,6,0
2026-07-17,573124,1,0,0,0.01,1.0,1,0
2026-07-17,592155,3,0,0,1.244,3.0,3,0
2026-07-17,594027,4,1,0,0.516,4.0,3,0
2026-07-17,595345,3,2,0,0.194,3.0,1,0
2026-07-17,606996,5,0,0,1.389,5.0,5,0
2026-07-17,607067,24,6,1,5.203829,24.0,17,0
2026-07-17,607625,23,3,2,8.182428,23.0,17,0
2026-07-17,615698,23,3,1,9.481829,23.0,19,2
2026-07-17,621053,3,1,0,0.12,3.0,2,0
2026-07-17,621074,4,1,0,1.4009999999999998,4.0,3,0
2026-07-17,621112,3,0,1,1.3818290000000002,3.0,2,0
2026-07-17,622088,4,1,0,0.618,4.0,3,0
2026-07-17,622554,1,0,0,0.842,1.0,1,0
2026-07-17,623149,4,0,1,1.5698290000000001,4.0,3,0
2026-07-17,623474,4,1,0,1.8719999999999999,4.0,3,1
2026-07-17,641743,19,5,3,7.635027,19.0,9,2
2026-07-17,641927,21,7,2,5.651658,21.0,12,1
2026-07-17,642121,4,1,1,0.8548290000000001,4.0,2,0
2026-07-17,643377,25,6,1,8.699599000000001,25.0,17,1
2026-07-17,645261,25,7,4,5.894316,25.0,14,0
2026-07-17,650633,21,4,2,7.758428,21.0,14,3
2026-07-17,656271,5,1,0,1.40177,5.0,3,0
2026-07-17,656464,3,0,0,0.853,3.0,3,0
2026-07-17,656638,4,0,0,1.978,4.0,4,1
2026-07-17,656730,4,1,0,1.831,4.0,3,1
2026-07-17,656848,5,2,2,1.398658,5.0,1,0
2026-07-17,656945,3,1,0,0.663,3.0,2,0
2026-07-17,660761,5,1,0,3.0140000000000002,5.0,4,1
2026-07-17,660853,3,0,1,0.7388290000000001,3.0,2,0
2026-07-17,663558,6,0,0,1.96,6.0,6,0
2026-07-17,663567,25,10,3,5.383257,25.0,11,0
2026-07-17,663903,26,6,0,4.922,26.0,20,1
2026-07-17,664126,5,2,1,1.572829,5.0,2,0
2026-07-17,664199,5,0,1,1.4768290000000002,5.0,4,0
2026-07-17,664991,4,0,2,1.560658,3.0,2,0
2026-07-17,665152,17,5,3,6.813487,17.0,9,1
2026-07-17,666126,8,0,1,4.173829,8.0,7,2
2026-07-17,666171,3,2,0,0.079,3.0,1,0
2026-07-17,666277,2,1,0,0.045,2.0,1,0
2026-07-17,666661,5,1,1,1.827829,5.0,3,0
2026-07-17,667297,6,1,1,2.4138290000000002,6.0,4,0
2026-07-17,668674,6,0,0,1.7850000000000001,5.0,6,0
2026-07-17,668873,4,1,0,0.191,4.0,3,0
2026-07-17,668970,2,2,0,0.0,2.0,0,0
2026-07-17,669020,4,1,0,0.491,3.0,2,0
2026-07-17,669199,4,2,1,1.058829,4.0,1,0
2026-07-17,669310,8,1,0,2.81477,8.0,6,0
2026-07-17,669330,5,1,1,1.199829,5.0,3,0
2026-07-17,669438,24,4,1,12.606829,23.0,18,5
2026-07-17,669620,3,2,0,0.733,3.0,1,1
2026-07-17,669711,4,0,0,1.036,4.0,4,0
2026-07-17,670167,3,0,0,1.841,3.0,3,2
2026-07-17,670950,9,1,0,3.6319999999999997,9.0,8,1
2026-07-17,670970,9,1,1,1.764,8.0,7,0
2026-07-17,671345,3,1,0,0.359,3.0,2,0
2026-07-17,671936,7,2,2,2.153829,6.0,3,0
2026-07-17,672282,22,7,0,3.861,22.0,15,0
2026-07-17,672456,12,5,0,2.32577,12.0,6,0
2026-07-17,672782,4,1,1,1.148829,4.0,2,0
2026-07-17,674444,4,1,0,1.391,4.0,3,1
2026-07-17,675512,23,9,4,6.549316,23.0,10,0
2026-07-17,676105,9,1,1,4.763829,9.0,7,2
2026-07-17,676263,4,2,0,0.678,4.0,2,0
2026-07-17,676477,3,1,0,0.213,3.0,2,0
2026-07-17,676534,3,0,0,1.182,3.0,3,0
2026-07-17,676617,4,1,1,1.306829,4.0,2,0
2026-07-17,676742,2,1,0,0.003,2.0,1,0
2026-07-17,676879,4,2,0,0.687,4.0,2,0
2026-07-17,676917,21,9,0,5.803,21.0,12,1
2026-07-17,677961,3,2,0,0.058,3.0,1,0
2026-07-17,678391,6,0,0,2.935,6.0,6,1
2026-07-17,678606,3,0,1,0.9798290000000001,3.0,2,0
2026-07-17,680755,3,0,0,0.815,3.0,3,0
2026-07-17,680767,5,1,0,1.025,5.0,4,0
2026-07-17,681911,5,0,2,2.376829,4.0,3,1
2026-07-17,682243,26,6,1,8.647599,26.0,18,2
2026-07-17,682842,3,1,0,0.366,3.0,2,0
2026-07-17,682989,9,1,0,2.635,9.0,8,0
2026-07-17,683000,9,5,1,2.466829,9.0,3,0
2026-07-17,684974,3,0,0,0.996,3.0,3,0
2026-07-17,686560,8,1,2,3.974428,8.0,4,1
2026-07-17,686580,3,1,0,0.5680000000000001,3.0,2,0
2026-07-17,686993,7,0,2,3.174658,7.0,5,0
2026-07-17,687239,1,0,0,0.0,1.0,1,0
2026-07-17,687312,21,6,2,5.513658,21.0,13,1
2026-07-17,687396,3,1,0,0.527,3.0,2,0
2026-07-17,687562,21,3,1,5.946599,21.0,16,0
2026-07-17,687911,5,1,0,1.814,5.0,4,1
2026-07-17,687941,11,1,0,2.918,11.0,10,0
2026-07-17,688297,11,2,1,4.631,10.0,8,3
2026-07-17,689296,8,0,2,5.029428,8.0,5,1
2026-07-17,689546,8,0,0,5.34277,8.0,7,1
2026-07-17,693686,18,4,0,4.074,18.0,14,0
2026-07-17,693713,10,1,2,3.796658,10.0,7,0
2026-07-17,694477,4,1,0,0.918,4.0,3,0
2026-07-17,694738,24,2,3,7.2554870000000005,24.0,19,1
2026-07-17,695243,6,3,1,0.5800000000000001,5.0,2,0
2026-07-17,695611,17,8,2,4.457658,17.0,7,1
2026-07-17,696147,4,3,0,0.869,4.0,1,0
2026-07-17,696519,1,0,0,0.285,1.0,1,0
2026-07-17,699134,5,1,1,1.9018290000000002,5.0,3,0
2026-07-17,700241,26,5,1,8.734829,26.0,20,3
2026-07-17,700842,12,3,2,4.751658,12.0,7,1
2026-07-17,701656,17,4,0,3.8310000000000004,17.0,13,1
2026-07-17,702193,3,0,0,0.303,3.0,3,0
2026-07-17,703725,5,1,1,2.351829,5.0,3,1
2026-07-17,805299,2,1,0,0.404,2.0,1,0
2026-07-17,805326,11,3,1,2.626829,11.0,7,1
2026-07-17,808963,22,5,1,6.086829,22.0,16,0
2026-07-17,810938,5,0,0,0.998,5.0,5,0
2026-07-17,814305,14,2,1,7.398829,14.0,11,2
2026-07-18,542888,3,3,0,0.0,3.0,0,0
2026-07-18,547973,5,0,2,1.661658,5.0,3,0
2026-07-18,552640,5,0,0,1.686,5.0,5,0
2026-07-18,571510,21,4,1,5.655829,21.0,16,1
2026-07-18,572955,3,1,0,1.004,3.0,2,0
2026-07-18,573204,4,2,0,0.9169999999999999,4.0,2,1
2026-07-18,592155,3,1,0,0.23299999999999998,3.0,2,0
2026-07-18,594580,5,1,2,1.687658,5.0,2,0
2026-07-18,595345,4,1,0,1.17,3.0,3,0
2026-07-18,596001,3,1,0,0.593,3.0,2,0
2026-07-18,608372,24,3,0,8.642,24.0,21,2
2026-07-18,608718,10,2,0,3.779,10.0,8,1
2026-07-18,621097,5,1,2,2.008658,5.0,2,0
2026-07-18,621237,4,1,0,0.451,4.0,3,0
2026-07-18,623149,4,2,0,2.56,4.0,2,1
2026-07-18,623352,3,3,0,0.0,3.0,0,0
2026-07-18,628452,3,1,0,0.85,3.0,2,1
2026-07-18,640448,1,0,0,0.684,1.0,1,1
2026-07-18,640455,24,7,2,8.627428,24.0,14,2
2026-07-18,641302,5,0,0,1.336,5.0,5,0
2026-07-18,641755,4,0,1,1.209829,4.0,3,0
2026-07-18,641793,30,4,4,11.521086,30.0,21,2
2026-07-18,642100,3,1,0,0.396,3.0,2,0
2026-07-18,642121,4,1,0,0.18,4.0,3,0
2026-07-18,642397,4,2,1,1.3578290000000002,4.0,1,0
2026-07-18,642528,4,1,1,1.181829,4.0,2,0
2026-07-18,642701,3,0,0,2.796,3.0,3,1
2026-07-18,643410,6,2,1,2.2135990000000003,6.0,2,0
2026-07-18,643511,3,1,0,0.23900000000000002,3.0,2,0
2026-07-18,650556,3,0,0,1.044,3.0,3,0
2026-07-18,656288,18,4,2,7.938658,18.0,12,3
2026-07-18,656464,4,1,1,1.118829,4.0,2,0
2026-07-18,656529,5,1,1,0.949829,4.0,2,0
2026-07-18,656546,4,2,1,1.140829,4.0,1,0
2026-07-18,656641,4,1,0,0.36,4.0,3,0
2026-07-18,656730,3,1,0,0.461,3.0,2,0
2026-07-18,656794,6,1,1,2.476,5.0,4,2
2026-07-18,657044,2,0,0,0.07700000000000001,2.0,2,0
2026-07-18,657097,4,1,0,1.105,4.0,3,0
2026-07-18,657277,26,5,1,7.117369,26.0,18,1
2026-07-18,657514,4,3,0,0.382,4.0,1,0
2026-07-18,657571,5,2,1,2.926829,5.0,2,1
2026-07-18,660825,4,1,0,0.129,4.0,3,0
2026-07-18,660853,6,2,1,1.415829,6.0,3,0
2026-07-18,662253,3,2,0,0.252,3.0,1,0
2026-07-18,663362,9,2,0,3.368,8.0,6,1
2026-07-18,663423,4,0,0,1.308,4.0,4,0
2026-07-18,663436,23,5,2,7.136658,23.0,16,1
2026-07-18,663687,2,1,0,0.118,2.0,1,0
2026-07-18,663738,7,0,0,1.9129999999999998,7.0,7,0
2026-07-18,663767,6,2,0,0.508,6.0,4,0
2026-07-18,663776,23,5,1,7.905829,23.0,17,1
2026-07-18,663855,3,0,0,0.16299999999999998,3.0,3,0
2026-07-18,664076,3,0,1,2.341829,3.0,2,1
2026-07-18,664849,5,0,1,1.9975990000000001,4.0,3,0
2026-07-18,665622,5,1,0,1.776,5.0,4,0
2026-07-18,666200,20,7,2,3.774658,20.0,11,1
2026-07-18,666745,4,1,0,1.421,4.0,3,0
2026-07-18,666974,3,0,0,0.567,3.0,3,0
2026-07-18,668820,7,1,2,3.640658,7.0,4,0
2026-07-18,668909,25,11,0,7.175,25.0,14,2
2026-07-18,668984,5,0,0,1.75977,5.0,4,0
2026-07-18,669022,27,7,1,9.096139,27.0,16,2
2026-07-18,669062,3,2,0,0.149,3.0,1,0
2026-07-18,669160,25,6,4,9.422316,25.0,15,0
2026-07-18,669212,3,0,1,1.174829,3.0,2,0
2026-07-18,669276,5,1,0,1.124,5.0,4,0
2026-07-18,669330,3,1,0,0.661,3.0,2,0
2026-07-18,669372,23,7,3,5.277487,23.0,13,0
2026-07-18,669373,24,9,0,5.003,24.0,15,0
2026-07-18,669387,11,2,0,4.013,11.0,9,0
2026-07-18,669432,27,8,1,7.364829,27.0,18,0
2026-07-18,669456,22,6,2,5.041658,22.0,14,0
2026-07-18,669724,4,0,0,1.5379999999999998,4.0,4,0
2026-07-18,670036,6,3,0,1.653,6.0,3,1
2026-07-18,670059,4,1,1,1.036829,4.0,2,0
2026-07-18,670062,9,2,0,1.665,9.0,7,0
2026-07-18,670245,7,2,0,1.5290000000000001,7.0,5,1
2026-07-18,670329,3,0,1,0.119,1.0,2,0
2026-07-18,670990,4,1,0,0.525,4.0,3,0
2026-07-18,671106,19,3,3,5.901487,19.0,13,1
2026-07-18,671737,25,6,3,8.754487000000001,25.0,16,1
2026-07-18,671922,3,2,0,0.062,3.0,1,0
2026-07-18,673540,10,2,3,4.689487000000001,10.0,5,1
2026-07-18,674444,1,0,0,0.268,1.0,1,0
2026-07-18,675540,8,1,0,0.7530000000000001,8.0,7,0
2026-07-18,675660,25,9,1,6.175599,25.0,14,1
2026-07-18,675848,4,0,1,1.307829,4.0,3,0
2026-07-18,676051,6,0,0,1.874,6.0,6,0
2026-07-18,676477,3,0,0,0.245,3.0,3,0
2026-07-18,676534,7,1,2,3.983658,7.0,4,0
2026-07-18,676604,4,2,0,0.766,4.0,2,0
2026-07-18,676742,3,1,0,0.488,3.0,2,0
2026-07-18,676755,4,2,0,1.159,4.0,2,1
2026-07-18,676760,4,1,0,0.287,4.0,3,0
2026-07-18,676775,2,0,0,1.02977,2.0,1,0
2026-07-18,676974,16,5,3,5.556487000000001,16.0,8,1
2026-07-18,677865,4,0,1,0.861829,4.0,3,0
2026-07-18,677976,21,3,4,8.312316000000001,21.0,14,1
2026-07-18,678391,6,0,1,2.832599,6.0,4,0
2026-07-18,678606,4,1,1,0.45299999999999996,3.0,2,0
2026-07-18,680570,23,3,1,10.223369,22.0,16,3
2026-07-18,680916,4,0,1,0.8508290000000001,3.0,2,0
2026-07-18,681293,21,6,4,5.422086,21.0,10,0
2026-07-18,681870,2,0,0,0.034,2.0,2,0
2026-07-18,681916,3,0,1,1.077829,2.0,2,0
2026-07-18,682254,4,1,1,0.8968290000000001,4.0,2,0
2026-07-18,682842,4,3,0,0.931,4.0,1,0
2026-07-18,683003,19,9,1,3.568829,19.0,9,0
2026-07-18,684974,6,0,1,3.767599,6.0,4,1
2026-07-18,685126,5,2,0,1.4749999999999999,5.0,3,0
2026-07-18,686973,3,1,0,0.308,3.0,2,0
2026-07-18,687223,3,1,0,0.88277,3.0,1,0
2026-07-18,687330,7,2,0,1.7377699999999998,7.0,4,0
2026-07-18,687473,11,2,0,2.583,11.0,9,1
2026-07-18,688642,4,0,0,0.643,4.0,4,0
2026-07-18,689147,3,1,0,0.257,3.0,2,0
2026-07-18,689266,4,2,0,0.476,4.0,2,0
2026-07-18,693433,26,7,2,6.393657999999999,26.0,17,1
2026-07-18,693855,13,4,2,5.559658000000001,13.0,7,2
2026-07-18,694297,23,3,0,5.59477,23.0,19,0
2026-07-18,694335,3,0,0,0.679,3.0,3,0
2026-07-18,694360,3,2,0,0.238,3.0,1,0
2026-07-18,694753,17,4,2,5.550658,17.0,11,1
2026-07-18,695076,18,2,0,7.496,18.0,16,1
2026-07-18,695239,1,0,0,0.39,1.0,1,0
2026-07-18,696070,4,1,0,1.0470000000000002,4.0,3,0
2026-07-18,700669,3,2,0,0.24,3.0,1,0
2026-07-18,702021,3,1,0,0.363,3.0,2,0
2026-07-18,702275,4,1,0,0.9620000000000001,4.0,3,0
2026-07-18,702474,10,4,1,2.524829,10.0,5,0
2026-07-18,702566,15,2,2,6.603658,15.0,11,1
2026-07-18,800311,4,2,0,1.3079999999999998,4.0,2,1
2026-07-18,805123,7,3,1,1.948829,7.0,3,0
2026-07-18,805299,1,0,0,0.287,1.0,1,0
2026-07-18,806188,5,0,2,1.410829,4.0,3,0
2026-07-18,820862,8,2,0,2.496,8.0,6,0
2026-07-19,445276,4,2,1,0.715829,4.0,1,0
2026-07-19,518585,4,1,2,2.4786580000000002,4.0,1,1
2026-07-19,518886,3,2,0,0.263,3.0,1,0
2026-07-19,519141,4,0,1,1.870829,4.0,3,1
2026-07-19,543135,20,2,2,7.082658,20.0,16,3
2026-07-19,543243,26,5,4,7.466316,26.0,17,1
2026-07-19,592662,22,6,2,7.0726580000000006,22.0,14,1
2026-07-19,592773,4,0,1,1.496829,4.0,3,0
2026-07-19,592779,6,2,0,0.34400000000000003,6.0,4,0
2026-07-19,593958,16,3,2,5.917658,16.0,11,1
2026-07-19,593974,3,0,0,0.8029999999999999,3.0,3,0
2026-07-19,594580,5,0,0,2.42,5.0,5,1
2026-07-19,605288,14,1,1,6.735829,13.0,11,3
2026-07-19,605447,3,1,0,0.6799999999999999,3.0,2,0
2026-07-19,608566,18,2,2,7.235658,18.0,14,1
2026-07-19,621112,7,1,1,2.324829,7.0,5,0
2026-07-19,621345,5,0,0,2.808,5.0,5,1
2026-07-19,621381,4,1,0,1.298,4.0,3,1
2026-07-19,623211,4,2,1,0.962829,4.0,1,0
2026-07-19,623454,8,1,3,3.297487,8.0,4,0
2026-07-19,623465,6,1,1,3.217829,6.0,4,2
2026-07-19,628452,4,1,0,1.837,4.0,3,1
2026-07-19,641302,3,0,0,1.685,3.0,3,1
2026-07-19,641835,6,1,0,1.795,6.0,5,0
2026-07-19,641941,5,2,0,2.942,5.0,3,1
2026-07-19,642100,4,1,1,0.7518290000000001,4.0,2,0
2026-07-19,642232,10,1,0,2.245,10.0,9,0
2026-07-19,656234,7,1,2,3.408658,7.0,4,0
2026-07-19,656271,3,0,0,1.081,3.0,3,0
2026-07-19,656492,28,2,1,9.135829000000001,28.0,25,1
2026-07-19,656529,2,0,0,0.553,2.0,2,0
2026-07-19,656550,24,2,2,8.020658000000001,24.0,20,0
2026-07-19,656848,4,1,0,0.21500000000000002,3.0,2,0
2026-07-19,657044,4,0,1,1.901829,4.0,3,0
2026-07-19,657612,6,1,2,1.439829,5.0,3,0
2026-07-19,660604,23,4,3,9.155257,23.0,15,1
2026-07-19,660825,4,3,0,0.565,4.0,1,0
2026-07-19,661395,4,0,0,1.704,4.0,4,0
2026-07-19,662253,3,2,0,0.066,3.0,1,0
2026-07-19,663372,18,3,4,12.017316,18.0,11,4
2026-07-19,663542,4,1,0,0.375,4.0,3,0
2026-07-19,663554,16,5,1,4.660829,15.0,10,1
2026-07-19,663556,24,3,3,9.435257,24.0,17,2
2026-07-19,663558,4,0,0,0.321,4.0,4,0
2026-07-19,663947,6,2,0,1.43677,6.0,3,0
2026-07-19,664126,4,1,1,3.104829,4.0,2,1
2026-07-19,664129,7,1,1,2.241829,7.0,5,0
2026-07-19,664199,6,1,0,1.101,6.0,5,0
2026-07-19,664208,6,0,1,2.374829,6.0,5,0
2026-07-19,664299,4,2,0,1.0659999999999998,4.0,2,1
2026-07-19,664991,3,0,0,0.314,3.0,3,0
2026-07-19,665660,6,0,1,5.4955989999999995,6.0,4,2
2026-07-19,666171,4,0,0,0.896,4.0,4,1
2026-07-19,666277,4,2,0,0.8140000000000001,4.0,2,0
2026-07-19,666661,4,0,0,0.769,4.0,4,0
2026-07-19,666808,9,0,3,5.089257,8.0,4,1
2026-07-19,668390,5,2,0,1.5399999999999998,5.0,3,0
2026-07-19,668674,5,0,2,2.309428,5.0,2,0
2026-07-19,668881,23,7,0,6.788,23.0,16,2
2026-07-19,669165,8,1,2,3.4186579999999998,8.0,5,1
2026-07-19,669276,5,2,1,1.641829,5.0,2,0
2026-07-19,669302,23,10,1,5.049829000000001,22.0,12,1
2026-07-19,669467,22,3,2,5.962658,22.0,17,1
2026-07-19,669620,9,3,1,2.055829,9.0,5,0
2026-07-19,669711,4,1,0,1.227,4.0,3,0
2026-07-19,669724,5,0,0,1.6099999999999999,5.0,5,0
2026-07-19,670245,5,2,1,1.476829,5.0,2,0
2026-07-19,670280,6,2,1,0.7518290000000001,6.0,3,0
2026-07-19,670329,5,1,0,0.862,5.0,4,0
2026-07-19,672335,4,2,0,0.862,4.0,2,0
2026-07-19,673513,5,3,0,0.08399999999999999,5.0,2,0
2026-07-19,676263,4,0,0,2.4530000000000003,4.0,4,0
2026-07-19,676282,25,7,3,8.035487,25.0,15,1
2026-07-19,676661,8,1,2,2.251658,8.0,5,0
2026-07-19,676680,4,2,0,1.1179999999999999,4.0,2,0
2026-07-19,676755,3,1,0,0.265,3.0,2,0
2026-07-19,676879,5,1,0,1.472,5.0,4,0
2026-07-19,678906,10,3,1,3.3553690000000005,10.0,4,0
2026-07-19,680732,23,5,1,5.375829,23.0,17,1
2026-07-19,680755,3,1,0,0.508,3.0,2,0
2026-07-19,680916,6,3,1,1.879829,6.0,2,0
2026-07-19,681190,11,2,0,2.144,11.0,9,0
2026-07-19,681217,4,0,0,1.462,4.0,4,0
2026-07-19,681751,3,0,0,1.075,3.0,3,1
2026-07-19,681892,4,1,1,1.479829,4.0,2,0
2026-07-19,681911,3,3,0,0.0,3.0,0,0
2026-07-19,681982,3,1,0,0.093,3.0,2,0
2026-07-19,682052,19,6,2,5.659198,19.0,9,1
2026-07-19,682254,3,2,0,0.069,3.0,1,0
2026-07-19,682608,4,1,0,0.995,4.0,3,0
2026-07-19,683409,4,3,0,0.016,4.0,1,0
2026-07-19,683618,4,1,2,1.469658,4.0,1,0
2026-07-19,683769,3,1,1,0.899829,3.0,1,0
2026-07-19,684007,26,4,1,7.252829,26.0,21,1
2026-07-19,685299,20,2,1,5.491829,20.0,17,1
2026-07-19,686475,11,0,1,7.609599,11.0,9,2
2026-07-19,686613,24,4,6,8.794514,24.0,12,0
2026-07-19,686751,7,2,2,2.845658,7.0,3,1
2026-07-19,686753,10,2,3,3.198487,10.0,5,0
2026-07-19,687064,27,7,1,7.539829,27.0,19,1
2026-07-19,687239,5,1,0,2.943,5.0,4,1
2026-07-19,687396,6,3,0,0.609,6.0,3,0
2026-07-19,687911,4,1,0,1.8210000000000002,4.0,3,1
2026-07-19,688107,18,5,0,5.531,18.0,13,1
2026-07-19,688297,8,0,1,3.845829,7.0,6,0
2026-07-19,689254,4,2,0,1.625,4.0,2,1
2026-07-19,689266,4,2,0,1.6920000000000002,4.0,2,0
2026-07-19,690925,6,2,1,1.681829,6.0,3,0
2026-07-19,690997,21,10,2,3.838658,21.0,9,0
2026-07-19,691587,22,9,3,5.361257,22.0,9,0
2026-07-19,691769,9,1,2,4.102658,9.0,6,0
2026-07-19,691799,4,0,0,0.609,4.0,4,0
2026-07-19,693645,20,8,0,6.01877,20.0,11,1
2026-07-19,694360,9,2,1,1.660829,9.0,6,0
2026-07-19,694361,6,1,0,2.2960000000000003,6.0,5,0
2026-07-19,694477,8,3,1,2.100829,8.0,4,0
2026-07-19,694973,26,8,2,6.954658,25.0,15,1
2026-07-19,695239,4,3,0,0.442,4.0,1,0
2026-07-19,696147,3,0,0,0.4,3.0,3,0
2026-07-19,696270,20,5,3,4.797487,20.0,12,1
2026-07-19,696519,3,2,0,0.003,3.0,1,0
2026-07-19,700669,6,0,1,2.2608289999999998,6.0,5,1
2026-07-19,701519,10,2,1,3.0578290000000004,10.0,7,0
2026-07-19,702021,8,4,0,0.972,8.0,4,0
2026-07-19,702056,24,9,2,7.061658,24.0,13,1
2026-07-19,702070,26,1,2,9.713658,26.0,23,1
2026-07-19,703725,5,2,0,1.109,5.0,3,0
2026-07-19,800311,4,0,0,0.41400000000000003,4.0,4,0
2026-07-19,805673,22,4,3,8.666487,22.0,15,2
2026-07-19,806188,3,1,0,0.501,3.0,2,0
2026-07-19,808967,30,7,0,7.723,30.0,23,2
2026-07-19,808970,6,2,1,1.7608290000000002,6.0,3,0
2026-07-20,445276,6,2,2,1.561829,5.0,2,0
2026-07-20,518585,4,3,0,0.195,4.0,1,0
2026-07-20,542888,5,1,1,1.477829,5.0,3,0
2026-07-20,547973,5,2,1,1.772829,5.0,2,0
2026-07-20,572955,5,0,0,1.15,5.0,5,0
2026-07-20,573204,1,0,0,0.342,1.0,1,0
2026-07-20,592155,3,1,0,0.060000000000000005,3.0,2,0
2026-07-20,592773,4,1,1,1.100829,4.0,2,0
2026-07-20,592791,20,6,2,6.438658,20.0,12,2
2026-07-20,593974,5,1,1,1.749829,5.0,3,1
2026-07-20,594027,6,3,0,1.417,6.0,3,0
2026-07-20,594798,23,6,2,7.360658,23.0,15,2
2026-07-20,595345,5,2,0,0.951,5.0,3,0
2026-07-20,605488,20,2,1,8.861829,20.0,17,2
2026-07-20,606996,3,2,1,0.697829,3.0,0,0
2026-07-20,607200,15,6,0,4.043,15.0,9,1
2026-07-20,607259,24,0,1,6.751829,24.0,23,1
2026-07-20,607536,27,4,2,10.314658,27.0,21,2
2026-07-20,608379,23,5,2,7.725658,23.0,16,1
2026-07-20,621053,4,1,0,0.96,4.0,3,0
2026-07-20,621074,3,3,0,0.0,3.0,0,0
2026-07-20,621097,5,1,0,0.938,5.0,4,0
2026-07-20,621121,12,4,1,3.1758290000000002,12.0,7,0
2026-07-20,621237,3,1,0,0.47,3.0,2,0
2026-07-20,622554,4,2,0,0.856,4.0,2,1
2026-07-20,622608,5,2,0,1.201,5.0,3,1
2026-07-20,623352,6,0,0,2.746,6.0,6,0
2026-07-20,640448,6,2,0,2.924,6.0,4,1
2026-07-20,640454,3,1,0,0.351,3.0,2,0
2026-07-20,641329,4,0,1,2.703829,4.0,3,1
2026-07-20,642528,4,1,0,1.159,4.0,3,0
2026-07-20,642547,26,6,2,8.204658,26.0,18,1
2026-07-20,642701,3,0,0,1.131,3.0,3,0
2026-07-20,650556,5,2,1,1.134829,5.0,2,0
2026-07-20,650911,25,7,0,8.753540000000001,25.0,16,0
2026-07-20,656302,26,7,1,8.012829,25.0,18,3
2026-07-20,656427,18,4,2,6.328658,18.0,12,1
2026-07-20,656464,7,1,0,2.136,7.0,6,0
2026-07-20,656577,4,0,0,0.424,4.0,4,0
2026-07-20,656638,5,2,0,1.672,5.0,3,1
2026-07-20,656794,5,2,1,1.712829,5.0,2,0
2026-07-20,657097,4,1,1,1.200829,4.0,2,0
2026-07-20,657571,6,1,1,1.484,5.0,4,1
2026-07-20,657612,3,0,0,0.345,3.0,3,0
2026-07-20,657746,22,3,0,11.125,22.0,19,4
2026-07-20,660761,3,0,0,0.28,3.0,3,0
2026-07-20,660853,5,2,0,0.7100000000000001,5.0,3,0
2026-07-20,661395,1,0,0,0.403,1.0,1,0
2026-07-20,663423,1,0,0,0.489,1.0,1,0
2026-07-20,663687,5,3,1,1.558829,5.0,1,0
2026-07-20,663738,4,1,0,1.3479999999999999,4.0,3,0
2026-07-20,663767,5,1,1,2.8968290000000003,5.0,3,1
2026-07-20,663855,3,2,1,0.697829,3.0,0,0
2026-07-20,663893,9,1,1,2.253,8.0,7,1
2026-07-20,663947,5,0,0,1.6219999999999999,5.0,5,0
2026-07-20,664141,10,2,0,2.856,10.0,8,1
2026-07-20,664849,3,0,0,0.795,3.0,3,0
2026-07-20,665622,7,2,0,2.82,7.0,5,1
2026-07-20,665871,7,2,1,1.328,6.0,4,0
2026-07-20,666277,4,1,0,1.362,4.0,3,0
2026-07-20,666974,4,0,0,1.086,4.0,4,0
2026-07-20,667297,7,2,2,2.552658,7.0,3,0
2026-07-20,667755,25,7,1,8.421829,25.0,17,2
2026-07-20,668873,4,0,0,0.491,2.0,4,0
2026-07-20,668970,4,1,0,1.419,4.0,3,0
2026-07-20,668984,4,1,0,0.43,4.0,3,0
2026-07-20,669020,6,0,0,2.485,6.0,6,0
2026-07-20,669199,4,1,0,1.898,4.0,3,1
2026-07-20,669330,5,3,0,0.248,5.0,2,0
2026-07-20,669358,25,6,0,6.104,25.0,19,0
2026-07-20,669684,4,1,0,1.2429999999999999,4.0,3,0
2026-07-20,669854,19,8,3,7.366487,19.0,8,3
2026-07-20,669923,21,6,1,4.297829,21.0,14,0
2026-07-20,670036,5,3,0,0.546,5.0,2,0
2026-07-20,670059,4,0,1,1.118829,4.0,3,0
2026-07-20,670950,4,1,0,0.22200000000000003,4.0,3,0
2026-07-20,671096,24,6,2,5.373658,24.0,16,0
2026-07-20,671345,3,0,0,0.337,3.0,3,0
2026-07-20,674444,3,0,0,0.6320000000000001,3.0,3,0
2026-07-20,674841,21,2,3,8.418487,21.0,16,2
2026-07-20,675540,11,2,1,3.0598289999999997,11.0,8,1
2026-07-20,675848,3,1,0,0.9660000000000001,3.0,2,0
2026-07-20,676083,19,3,3,8.269487,19.0,13,2
2026-07-20,676440,25,5,1,5.739829,25.0,19,0
2026-07-20,676477,3,1,0,0.5,3.0,2,0
2026-07-20,676617,6,1,1,3.21954,5.0,2,1
2026-07-20,676664,18,3,0,5.052,18.0,14,2
2026-07-20,676680,6,0,0,0.34400000000000003,6.0,6,0
2026-07-20,677952,20,2,1,10.260829,20.0,17,3
2026-07-20,677960,23,5,2,9.293658,23.0,16,2
2026-07-20,677961,4,0,1,1.680829,4.0,3,0
2026-07-20,680742,4,0,0,1.291,4.0,4,1
2026-07-20,680755,5,1,0,1.121,5.0,4,1
2026-07-20,680767,5,0,0,2.029,5.0,5,1
2026-07-20,681517,20,4,0,5.139,20.0,16,1
2026-07-20,681892,5,0,0,1.343,5.0,5,0
2026-07-20,681911,4,1,1,0.945829,4.0,2,0
2026-07-20,681916,2,1,0,0.01,2.0,1,0
2026-07-20,681982,4,3,1,0.697829,4.0,0,0
2026-07-20,682608,5,0,0,0.9139999999999999,5.0,5,0
2026-07-20,682989,9,1,1,2.786829,9.0,7,0
2026-07-20,683000,6,0,2,1.759658,6.0,4,0
2026-07-20,683352,23,4,1,7.190599,23.0,17,2
2026-07-20,683409,5,0,1,1.3298290000000001,5.0,4,0
2026-07-20,684974,4,2,1,0.784829,4.0,1,0
2026-07-20,685126,3,1,0,0.45599999999999996,3.0,2,0
2026-07-20,686218,25,6,1,7.22977,24.0,17,3
2026-07-20,686228,6,0,0,1.33877,5.0,5,0
2026-07-20,686790,19,3,2,7.474198,19.0,12,1
2026-07-20,687239,3,0,0,0.069,3.0,3,0
2026-07-20,687396,3,2,0,0.204,3.0,1,0
2026-07-20,689017,8,2,0,3.894,8.0,6,2
2026-07-20,689147,5,1,1,0.432,4.0,3,0
2026-07-20,689546,3,0,0,1.19577,3.0,2,0
2026-07-20,690978,13,4,2,3.986658,13.0,7,1
2026-07-20,692030,9,1,2,3.456829,7.0,6,0
2026-07-20,693821,22,4,1,7.252829,22.0,17,3
2026-07-20,694819,17,6,1,2.770829,17.0,10,0
2026-07-20,695239,4,1,1,1.554829,4.0,2,0
2026-07-20,695534,6,0,0,1.62277,6.0,5,0
2026-07-20,696062,10,5,0,1.672,10.0,5,0
2026-07-20,696519,3,2,0,0.109,3.0,1,0
2026-07-20,699134,3,2,0,0.261,3.0,1,0
2026-07-20,801139,27,9,1,5.431599,26.0,15,1
2026-07-20,805299,3,1,0,0.29400000000000004,3.0,2,0
2026-07-20,805427,6,1,1,1.868829,5.0,3,0
2026-07-20,808970,7,2,0,3.888,7.0,5,3
2026-07-20,820862,4,2,1,1.677829,4.0,1,1
2026-07-21,518886,3,0,0,0.054,3.0,3,0
2026-07-21,542888,4,1,0,1.4209999999999998,4.0,3,0
2026-07-21,547179,19,5,1,7.687829,19.0,13,3
2026-07-21,548384,3,1,0,0.049,3.0,2,0
2026-07-21,554430,25,9,0,5.679,25.0,16,1
2026-07-21,571578,14,3,0,5.418,14.0,11,1
2026-07-21,571945,18,1,0,7.075,18.0,17,2
2026-07-21,573124,7,0,1,2.028829,7.0,6,0
2026-07-21,592332,21,1,2,8.683658,21.0,18,0
2026-07-21,594580,3,1,1,1.277829,3.0,1,0
2026-07-21,594835,13,2,2,2.991658,13.0,9,0
2026-07-21,596133,3,0,0,0.356,3.0,3,0
2026-07-21,605447,3,2,0,0.228,3.0,1,0
2026-07-21,621074,4,1,0,1.191,4.0,3,1
2026-07-21,621111,24,3,5,6.0631450000000005,24.0,16,0
2026-07-21,621237,3,1,0,0.092,3.0,2,0
2026-07-21,621381,2,1,0,0.0,2.0,1,0
2026-07-21,622088,6,0,1,2.5698290000000004,6.0,5,1
2026-07-21,622491,27,3,2,6.800658,27.0,22,2
2026-07-21,623149,5,2,0,1.928,5.0,3,1
2026-07-21,623352,4,1,0,0.9390000000000001,4.0,3,0
2026-07-21,623465,3,2,0,0.193,3.0,1,0
2026-07-21,623474,6,1,1,3.120829,6.0,4,1
2026-07-21,625643,23,6,3,10.802487,23.0,14,3
2026-07-21,640454,5,1,1,1.3038290000000001,5.0,3,0
2026-07-21,641755,3,1,0,1.383,3.0,2,1
2026-07-21,641816,22,4,1,7.271599,21.0,16,1
2026-07-21,641941,3,1,0,0.29400000000000004,3.0,2,0
2026-07-21,642121,5,0,0,1.826,5.0,5,0
2026-07-21,642207,4,0,0,0.809,4.0,4,0
2026-07-21,650644,13,2,2,5.619658,13.0,9,2
2026-07-21,656240,9,2,2,2.166658,9.0,5,0
2026-07-21,656271,3,0,2,1.429658,3.0,1,0
2026-07-21,656464,3,0,0,1.169,3.0,3,1
2026-07-21,656529,3,1,0,1.16877,3.0,1,0
2026-07-21,656638,4,2,1,0.996829,4.0,1,0
2026-07-21,656716,8,0,3,3.4414870000000004,8.0,5,0
2026-07-21,656849,24,4,1,6.996829,24.0,19,1
2026-07-21,656876,23,5,1,7.353829,23.0,17,2
2026-07-21,656945,6,2,0,1.925,6.0,4,0
2026-07-21,656986,3,1,0,0.421,3.0,2,0
2026-07-21,657044,5,0,0,3.258,5.0,5,1
2026-07-21,657514,4,1,0,0.059,4.0,3,0
2026-07-21,660761,2,2,0,0.0,2.0,0,0
2026-07-21,663687,4,0,0,0.806,4.0,4,0
2026-07-21,663969,19,2,1,4.868829,18.0,15,1
2026-07-21,664076,3,1,0,0.569,3.0,2,0
2026-07-21,664129,3,0,2,1.730658,3.0,1,0
2026-07-21,664199,3,0,0,0.8069999999999999,3.0,3,0
2026-07-21,664285,10,1,2,4.609428,10.0,6,0
2026-07-21,664702,3,0,0,0.9029999999999999,3.0,3,0
2026-07-21,665622,5,1,2,2.390658,5.0,2,0
2026-07-21,665660,5,1,2,2.0906580000000003,5.0,2,0
2026-07-21,666171,5,3,0,0.97277,5.0,1,0
2026-07-21,666661,4,2,1,0.764829,4.0,1,0
2026-07-21,668670,6,2,1,1.970599,6.0,2,0
2026-07-21,668873,3,0,0,0.358,3.0,3,0
2026-07-21,669060,18,2,0,6.852,18.0,16,1
2026-07-21,669461,25,7,2,8.923658,25.0,16,1
2026-07-21,669620,4,0,0,1.2029999999999998,4.0,4,0
2026-07-21,669724,8,1,1,4.068829,8.0,6,1
2026-07-21,670059,2,0,1,1.0718290000000001,2.0,1,0
2026-07-21,670062,4,1,0,1.91,4.0,3,1
2026-07-21,670167,4,0,1,1.030829,4.0,3,0
2026-07-21,670950,4,1,1,1.376829,3.0,2,0
2026-07-21,670970,3,0,0,1.008,3.0,3,0
2026-07-21,671922,3,1,0,0.197,3.0,2,0
2026-07-21,673513,4,1,2,1.403658,4.0,1,0
2026-07-21,675848,3,1,0,0.739,3.0,2,0
2026-07-21,676604,4,1,0,1.226,4.0,3,0
2026-07-21,676775,3,0,0,0.778,3.0,3,0
2026-07-21,677958,21,6,2,5.105658,21.0,13,0
2026-07-21,678022,21,4,1,6.183829,21.0,16,1
2026-07-21,678606,4,0,1,1.100829,4.0,3,0
2026-07-21,679883,25,7,1,7.251599,24.0,16,0
2026-07-21,680736,25,7,1,6.948829,25.0,17,1
2026-07-21,680742,3,1,0,0.137,3.0,2,0
2026-07-21,680744,15,5,4,4.419316,15.0,6,0
2026-07-21,680767,3,0,0,0.552,3.0,3,0
2026-07-21,681217,2,1,0,0.0,2.0,1,0
2026-07-21,681252,4,1,0,0.261,4.0,3,0
2026-07-21,681751,10,3,1,2.839829,10.0,6,1
2026-07-21,681916,5,2,1,0.603,4.0,2,0
2026-07-21,682668,3,0,0,1.1560000000000001,3.0,3,0
2026-07-21,683769,4,1,0,1.5270000000000001,4.0,3,0
2026-07-21,684442,21,5,2,7.540428,21.0,13,2
2026-07-21,687075,21,4,4,7.552316,21.0,13,1
2026-07-21,687223,11,2,1,4.429599,11.0,7,0
2026-07-21,687377,2,2,0,0.0,2.0,0,0
2026-07-21,687473,6,2,0,1.069,6.0,4,0
2026-07-21,689254,3,0,0,0.548,2.0,2,0
2026-07-21,690925,4,0,0,1.034,4.0,4,0
2026-07-21,694335,2,0,0,0.21000000000000002,2.0,2,0
2026-07-21,694350,3,0,0,1.25,3.0,3,0
2026-07-21,694477,3,1,0,0.577,3.0,2,0
2026-07-21,695243,5,3,1,1.5958290000000002,5.0,1,0
2026-07-21,695505,20,6,2,4.853658,20.0,12,0
2026-07-21,696070,10,2,2,2.003658,9.0,6,0
2026-07-21,699134,3,2,0,0.43,3.0,1,0
2026-07-21,700712,24,5,1,6.469829,24.0,18,0
2026-07-21,702273,22,2,0,8.322,22.0,20,1
2026-07-21,702275,16,4,3,7.156487,16.0,9,3
2026-07-21,702474,16,0,1,6.710599,16.0,14,1
2026-07-21,800048,22,6,0,5.856,22.0,16,1
2026-07-21,804267,20,2,1,6.876829,20.0,17,4
2026-07-21,805123,6,3,0,2.318,6.0,3,1
2026-07-21,805326,14,1,0,6.234,14.0,13,1
2026-07-21,815083,4,2,0,1.037,4.0,2,0
2026-07-21,837227,25,8,3,7.042487,25.0,14,2
2026-07-22,445276,4,1,1,0.990829,4.0,2,0
2026-07-22,489446,4,2,1,0.7478290000000001,4.0,1,0
2026-07-22,518585,5,0,2,2.919658,5.0,3,0
2026-07-22,518876,19,3,1,5.461829,19.0,15,1
2026-07-22,527048,16,3,4,4.823316,16.0,9,0
2026-07-22,543037,25,11,0,6.75,25.0,14,3
2026-07-22,545121,7,0,1,3.189599,7.0,5,1
2026-07-22,547973,4,0,1,2.407829,4.0,3,0
2026-07-22,552640,4,1,0,1.2160000000000002,4.0,3,0
2026-07-22,573204,4,2,0,0.616,4.0,2,0
2026-07-22,592155,3,1,0,1.571,3.0,2,1
2026-07-22,592779,2,0,0,0.657,2.0,2,0
2026-07-22,593974,5,0,1,3.461829,5.0,4,0
2026-07-22,595345,3,0,0,1.35,3.0,3,1
2026-07-22,596001,6,1,0,1.876,6.0,5,0
2026-07-22,605400,23,4,1,8.596,22.0,18,3
2026-07-22,607067,21,5,1,9.039829000000001,21.0,15,3
2026-07-22,607625,26,5,2,7.385428,25.0,18,1
2026-07-22,608331,16,7,1,2.393829,16.0,8,0
2026-07-22,615698,14,1,3,4.811487,14.0,10,0
2026-07-22,621053,5,1,0,1.9120000000000001,5.0,4,0
2026-07-22,621112,7,3,1,1.234829,7.0,3,0
2026-07-22,621345,5,1,1,2.060829,5.0,3,1
2026-07-22,623211,4,0,0,0.678,4.0,4,0
2026-07-22,623454,4,2,0,0.62,4.0,2,0
2026-07-22,623474,6,0,2,4.157658,6.0,4,2
2026-07-22,628452,3,2,0,1.262,3.0,1,1
2026-07-22,640448,4,1,0,2.1507699999999996,4.0,2,1
2026-07-22,641302,7,1,1,2.495829,7.0,5,0
2026-07-22,641329,3,1,0,0.334,3.0,2,0
2026-07-22,641743,22,4,2,7.125428,21.0,15,1
2026-07-22,641778,21,5,1,6.976829,21.0,15,3
2026-07-22,641835,5,0,1,2.228829,5.0,4,0
2026-07-22,641927,21,2,1,8.235829,21.0,18,1
2026-07-22,641941,3,0,0,0.633,3.0,3,0
2026-07-22,642397,3,1,0,0.011,3.0,2,0
2026-07-22,642528,3,1,0,0.727,3.0,2,0
2026-07-22,643377,22,5,1,4.8468290000000005,22.0,16,2
2026-07-22,643511,4,2,0,0.501,4.0,2,0
2026-07-22,645261,31,3,1,10.414829000000001,30.0,26,3
2026-07-22,650556,3,1,0,0.549,3.0,2,0
2026-07-22,650633,27,7,4,8.182316,27.0,16,1
2026-07-22,650960,5,1,1,1.171829,5.0,3,0
2026-07-22,656271,5,0,0,1.8679999999999999,5.0,5,0
2026-07-22,656529,3,0,0,0.811,3.0,3,0
2026-07-22,656546,6,1,0,3.6447700000000003,6.0,4,1
2026-07-22,656605,21,6,2,5.538428,21.0,12,0
2026-07-22,656641,3,1,0,0.116,2.0,1,0
2026-07-22,656730,5,0,1,2.609829,5.0,4,0
2026-07-22,657514,2,2,0,0.0,2.0,0,0
2026-07-22,657612,1,0,0,0.058,1.0,1,0
2026-07-22,660825,6,0,1,4.908829,6.0,5,2
2026-07-22,660853,4,2,0,0.589,4.0,2,0
2026-07-22,663542,3,2,0,0.064,3.0,1,0
2026-07-22,663558,5,1,1,1.4148290000000001,4.0,3,0
2026-07-22,663567,26,3,2,9.873658,26.0,21,2
2026-07-22,663738,3,0,0,0.487,3.0,3,0
2026-07-22,663855,4,1,0,0.47000000000000003,4.0,3,0
2026-07-22,663893,3,1,1,0.810829,3.0,1,0
2026-07-22,663903,26,6,1,6.615829000000001,26.0,19,1
2026-07-22,665152,27,5,1,8.111829,27.0,21,0
2026-07-22,665645,2,2,0,0.0,2.0,0,0
2026-07-22,666126,1,0,0,0.231,1.0,1,0
2026-07-22,666277,3,1,0,0.059000000000000004,3.0,2,0
2026-07-22,666974,3,0,0,0.419,3.0,3,0
2026-07-22,668820,5,1,1,1.9348290000000001,5.0,3,0
2026-07-22,668970,3,1,0,0.342,3.0,2,0
2026-07-22,669020,3,3,0,0.0,3.0,0,0
2026-07-22,669062,4,1,0,0.244,4.0,3,0
2026-07-22,669276,3,1,0,0.435,3.0,2,0
2026-07-22,669330,4,0,0,1.07877,4.0,3,0
2026-07-22,669387,13,3,2,5.198658,13.0,8,1
2026-07-22,670036,6,1,1,1.887599,6.0,3,0
2026-07-22,670245,4,0,0,0.983,4.0,4,0
2026-07-22,670280,5,1,1,1.475829,5.0,3,0
2026-07-22,670970,5,2,0,1.6600000000000001,5.0,3,0
2026-07-22,670990,3,0,0,1.16,3.0,3,0
2026-07-22,672282,19,6,2,6.310658,19.0,11,1
2026-07-22,672335,5,1,0,1.073,5.0,4,0
2026-07-22,672456,20,8,0,4.1899999999999995,20.0,12,1
2026-07-22,672629,9,1,1,2.742829,9.0,7,0
2026-07-22,672782,5,1,0,2.075,5.0,4,0
2026-07-22,674444,4,1,0,1.162,4.0,3,1
2026-07-22,676106,24,3,1,7.519829,24.0,20,2
2026-07-22,676263,3,1,0,0.641,3.0,2,0
2026-07-22,676477,3,0,0,0.87,3.0,3,0
2026-07-22,676534,3,2,0,0.217,3.0,1,0
2026-07-22,676617,5,3,2,1.395658,5.0,0,0
2026-07-22,676775,5,0,1,1.9058290000000002,5.0,4,0
2026-07-22,676879,7,4,1,0.990829,7.0,2,0
2026-07-22,676917,24,8,2,3.9906580000000003,23.0,13,0
2026-07-22,677944,26,5,3,10.277487,26.0,18,3
2026-07-22,677961,7,2,0,1.15,7.0,5,0
2026-07-22,678394,21,5,1,6.008369,21.0,13,0
2026-07-22,678868,8,1,1,2.871829,8.0,6,0
2026-07-22,680694,23,4,1,7.313599,23.0,17,1
2026-07-22,680755,5,1,2,1.899658,5.0,2,0
2026-07-22,680916,3,0,0,0.197,3.0,3,0
2026-07-22,681035,18,6,3,4.466487,18.0,9,0
2026-07-22,681190,6,1,0,1.229,6.0,5,0
2026-07-22,681870,4,1,0,0.063,4.0,3,0
2026-07-22,681892,4,1,1,0.832829,4.0,2,0
2026-07-22,682254,5,2,1,1.2878290000000001,5.0,2,0
2026-07-22,682608,4,1,0,0.527,3.0,2,0
2026-07-22,682842,5,2,0,1.97,5.0,3,0
2026-07-22,682989,5,0,1,2.464829,5.0,4,0
2026-07-22,683409,4,1,0,1.0779999999999998,4.0,3,0
2026-07-22,683618,5,2,0,1.359,5.0,3,0
2026-07-22,685126,5,1,1,2.043829,5.0,3,0
2026-07-22,686580,5,1,0,1.66,5.0,4,0
2026-07-22,686751,3,2,0,0.9,3.0,1,0
2026-07-22,686934,4,0,0,2.0860000000000003,4.0,4,1
2026-07-22,686973,3,0,0,0.157,3.0,3,0
2026-07-22,687312,21,5,1,3.447829,21.0,15,0
2026-07-22,687330,4,1,0,0.6779999999999999,4.0,3,0
2026-07-22,687396,3,3,0,0.0,3.0,0,0
2026-07-22,687562,26,4,0,8.595,26.0,22,1
2026-07-22,687941,3,1,0,0.208,3.0,2,0
2026-07-22,688642,14,1,0,7.12377,14.0,12,1
2026-07-22,689147,5,1,2,2.371658,5.0,2,0
2026-07-22,689254,3,0,1,0.9928290000000001,3.0,2,0
2026-07-22,689266,3,2,0,0.201,3.0,1,0
2026-07-22,689296,7,1,0,1.226,7.0,6,0
2026-07-22,690928,24,5,0,4.98277,24.0,18,0
2026-07-22,691799,6,5,0,0.054,6.0,1,0
2026-07-22,693686,13,4,0,2.167,13.0,9,0
2026-07-22,694361,6,1,2,2.008658,6.0,3,0
2026-07-22,694738,22,7,0,5.546,22.0,15,1
2026-07-22,695239,3,2,0,0.056,3.0,1,0
2026-07-22,695611,24,5,4,10.294316,24.0,15,2
2026-07-22,696149,21,5,1,4.062829,21.0,15,0
2026-07-22,696519,4,2,0,0.849,4.0,2,0
2026-07-22,696522,12,2,1,4.735829,12.0,9,1
2026-07-22,700842,8,1,2,3.6116580000000003,8.0,5,0
2026-07-22,701519,7,0,0,1.323,7.0,7,0
2026-07-22,701542,4,1,1,1.875829,4.0,2,0
2026-07-22,701656,20,9,0,5.0440000000000005,20.0,11,1
2026-07-22,702021,6,2,0,2.411,6.0,4,0
2026-07-22,702193,6,1,1,1.394829,6.0,4,0
2026-07-22,703725,3,1,0,0.938,3.0,2,0
2026-07-22,800311,10,2,1,4.035,9.0,7,1
2026-07-22,805427,1,0,0,0.101,1.0,1,0
2026-07-22,814305,10,1,3,7.441487,10.0,6,3
2026-07-22,815083,3,0,0,0.107,3.0,3,0
2026-07-22,820862,2,0,0,0.145,2.0,2,0
2026-07-23,519242,25,11,1,4.460599,25.0,12,0
2026-07-23,573124,4,1,1,0.278,3.0,2,0
2026-07-23,606996,3,1,0,0.368,3.0,2,0
2026-07-23,621097,1,0,0,0.009,1.0,1,0
2026-07-23,621381,4,1,1,2.520829,4.0,2,1
2026-07-23,623454,5,1,0,1.6,5.0,4,0
2026-07-23,628452,5,2,0,1.9979999999999998,5.0,3,1
2026-07-23,640448,1,0,0,0.058,1.0,1,0
2026-07-23,641755,4,1,0,2.092,4.0,3,1
2026-07-23,643511,3,1,0,0.139,2.0,1,0
2026-07-23,656288,14,4,0,5.311,14.0,9,2
2026-07-23,657044,8,0,0,3.43,8.0,8,0
2026-07-23,663362,9,0,0,2.856,9.0,9,0
2026-07-23,663947,6,0,0,1.041,6.0,6,0
2026-07-23,664199,3,0,0,0.552,3.0,3,0
2026-07-23,664849,1,0,0,0.064,1.0,1,0
2026-07-23,667297,3,1,0,0.169,3.0,2,0
2026-07-23,668909,23,11,0,2.662,23.0,12,0
2026-07-23,668984,9,2,2,2.108658,9.0,5,0
2026-07-23,669456,24,3,0,6.608,24.0,21,2
2026-07-23,670059,7,0,1,0.9019999999999999,6.0,6,0
2026-07-23,670167,6,1,0,2.374,6.0,5,0
2026-07-23,671737,25,5,3,7.890487,25.0,17,2
2026-07-23,671922,6,1,0,1.7530000000000001,6.0,5,0
2026-07-23,672782,5,2,2,1.5866580000000001,5.0,1,0
2026-07-23,673513,5,1,0,0.123,4.0,3,0
2026-07-23,674444,6,1,0,1.35,6.0,5,0
2026-07-23,675512,24,5,4,8.175316,24.0,15,2
2026-07-23,677865,5,1,0,1.673,5.0,4,1
2026-07-23,677976,19,3,1,5.217829,18.0,14,0
2026-07-23,681252,4,1,1,0.846829,4.0,2,0
2026-07-23,681870,6,1,1,1.05,5.0,4,0
2026-07-23,683769,3,1,2,1.395658,3.0,0,0
2026-07-23,686973,3,2,0,0.12,3.0,1,0
2026-07-23,689266,3,1,0,0.667,3.0,2,0
2026-07-23,693855,24,7,1,5.1098289999999995,23.0,15,2
2026-07-23,694297,26,1,2,7.645658,26.0,23,3
2026-07-23,694335,8,0,2,4.201658,8.0,6,0
2026-07-23,699134,3,2,0,0.038,3.0,1,0
2026-07-23,700241,27,3,3,10.939487,27.0,21,4
2026-07-23,700669,6,2,0,2.086,6.0,4,0
2026-07-23,702193,4,0,0,1.088,4.0,4,0
2026-07-23,805299,4,1,0,0.71,4.0,3,0
2026-07-23,805427,3,1,1,0.918829,3.0,1,0
2026-07-24,445276,3,1,0,0.027999999999999997,3.0,2,0
2026-07-24,489446,4,0,1,1.076829,4.0,3,0
2026-07-24,542888,5,0,2,2.1996580000000003,5.0,3,0
2026-07-24,547973,4,2,1,0.805829,4.0,1,0
2026-07-24,548384,6,0,1,2.169829,6.0,5,0
2026-07-24,552640,5,2,0,2.575,5.0,3,1
2026-07-24,571510,29,4,3,7.185487,29.0,22,1
2026-07-24,573204,3,1,0,0.604,3.0,2,0
2026-07-24,592773,3,2,0,0.449,3.0,1,0
2026-07-24,593958,27,4,3,7.0134870000000005,26.0,20,1
2026-07-24,593974,7,1,0,2.528,6.0,5,1
2026-07-24,594027,4,1,0,0.973,4.0,3,0
2026-07-24,595345,4,0,0,1.01,4.0,4,0
2026-07-24,596001,3,1,0,0.109,3.0,2,0
2026-07-24,605447,5,1,0,1.8090000000000002,5.0,4,0
2026-07-24,606996,8,2,0,1.982,7.0,5,1
2026-07-24,608372,23,5,1,11.539829000000001,23.0,17,4
2026-07-24,608566,12,4,0,3.0807700000000002,12.0,7,1
2026-07-24,608718,4,1,0,1.9740000000000002,4.0,3,1
2026-07-24,621074,8,3,0,2.5260000000000002,8.0,5,0
2026-07-24,621237,3,0,0,1.32277,3.0,2,0
2026-07-24,621345,5,0,0,2.186,5.0,5,1
2026-07-24,622088,4,1,0,1.079,4.0,3,0
2026-07-24,622554,4,1,2,1.395658,3.0,0,0
2026-07-24,622608,4,1,0,1.0270000000000001,4.0,3,0
2026-07-24,622694,13,2,3,2.555658,12.0,8,0
2026-07-24,623149,3,1,0,1.421,3.0,2,1
2026-07-24,623352,3,2,0,0.003,3.0,1,0
2026-07-24,623465,4,1,0,1.963,4.0,3,1
2026-07-24,640455,24,3,2,8.845658,24.0,19,2
2026-07-24,641302,3,0,0,1.4929999999999999,3.0,3,0
2026-07-24,641755,1,0,0,0.771,1.0,1,0
2026-07-24,641793,20,5,1,5.441829,20.0,14,1
2026-07-24,641941,3,2,0,0.399,3.0,1,0
2026-07-24,642121,4,2,0,1.237,4.0,2,0
2026-07-24,642397,3,0,0,0.338,3.0,3,0
2026-07-24,650556,4,2,0,0.886,4.0,2,0
2026-07-24,656271,3,1,0,0.094,3.0,2,0
2026-07-24,656464,3,1,0,0.365,3.0,2,0
2026-07-24,656546,6,0,1,1.834829,6.0,5,0
2026-07-24,656550,22,5,2,8.803658,21.0,15,3
2026-07-24,656641,4,1,0,1.658,4.0,3,0
2026-07-24,656848,4,0,1,1.858829,4.0,3,0
2026-07-24,656945,3,1,0,0.799,3.0,2,1
2026-07-24,656986,4,1,0,1.028,4.0,3,1
2026-07-24,657097,4,1,0,1.499,4.0,3,0
2026-07-24,657277,25,4,2,8.891658,25.0,19,2
2026-07-24,657571,3,0,1,0.800829,3.0,2,0
2026-07-24,660761,4,0,0,1.2610000000000001,4.0,4,0
2026-07-24,660825,5,1,0,0.756,4.0,4,0
2026-07-24,663436,23,3,0,6.22254,23.0,18,0
2026-07-24,663542,6,1,1,1.557,5.0,4,1
2026-07-24,663556,19,3,2,5.741658,19.0,14,1
2026-07-24,663687,3,1,0,0.87577,3.0,1,0
2026-07-24,663776,22,3,2,5.510658,22.0,17,0
2026-07-24,664129,4,1,3,2.093487,4.0,0,0
2026-07-24,664849,4,2,2,0.697829,3.0,0,0
2026-07-24,664991,2,0,0,0.482,2.0,2,0
2026-07-24,665660,3,0,0,1.282,3.0,3,0
2026-07-24,666171,4,1,1,0.971829,4.0,2,0
2026-07-24,666200,27,9,1,5.477599,26.0,15,1
2026-07-24,666277,6,1,0,3.8449999999999998,6.0,5,1
2026-07-24,666661,3,1,0,0.065,3.0,2,0
2026-07-24,667463,4,0,2,1.5076580000000002,4.0,2,0
2026-07-24,668390,1,0,0,0.005,1.0,1,0
2026-07-24,668820,3,0,0,0.28400000000000003,3.0,3,0
2026-07-24,668873,3,1,0,0.12,3.0,2,0
2026-07-24,668970,3,0,0,1.54,3.0,3,1
2026-07-24,669022,23,5,2,6.691658,23.0,16,1
2026-07-24,669062,5,1,2,0.815829,3.0,2,0
2026-07-24,669160,27,8,1,9.198599,27.0,17,1
2026-07-24,669199,7,1,1,2.164599,7.0,4,0
2026-07-24,669276,5,2,0,2.745,5.0,3,1
2026-07-24,669310,5,0,0,2.075,5.0,5,0
2026-07-24,669330,4,2,0,0.9620000000000001,4.0,2,0
2026-07-24,669373,28,12,2,4.6736580000000005,27.0,14,1
2026-07-24,669432,26,6,0,6.567,26.0,20,2
2026-07-24,669684,6,1,1,1.814599,6.0,3,0
2026-07-24,669711,6,1,0,2.95977,6.0,4,1
2026-07-24,669724,2,0,0,0.528,2.0,2,0
2026-07-24,670036,7,2,0,1.698,7.0,5,0
2026-07-24,670062,1,1,0,0.0,1.0,0,0
2026-07-24,670280,3,1,0,0.752,3.0,2,0
2026-07-24,670329,4,2,0,1.866,4.0,2,1
2026-07-24,670950,7,3,0,1.2149999999999999,7.0,4,0
2026-07-24,670970,5,2,1,0.8968290000000001,5.0,2,0
2026-07-24,670990,7,2,2,1.955829,6.0,3,0
2026-07-24,671345,5,1,0,2.126,5.0,4,1
2026-07-24,671936,3,1,1,0.004,2.0,1,0
2026-07-24,672335,4,2,0,0.66,4.0,2,0
2026-07-24,675660,25,6,2,7.111658,25.0,17,0
2026-07-24,676282,20,4,1,5.009829,20.0,15,0
2026-07-24,676477,5,1,0,1.0010000000000001,5.0,4,0
2026-07-24,676534,3,1,0,0.251,3.0,2,0
2026-07-24,676604,4,2,0,1.48,4.0,2,0
2026-07-24,676680,3,0,1,1.4748290000000002,3.0,2,0
2026-07-24,678906,11,1,1,4.687369,11.0,7,2
2026-07-24,680570,18,3,2,8.331829,17.0,13,2
2026-07-24,680742,3,3,0,0.0,3.0,0,0
2026-07-24,680755,6,1,1,2.2695990000000004,6.0,3,0
2026-07-24,680767,5,1,0,0.6930000000000001,5.0,4,0
2026-07-24,680916,5,3,1,1.633829,5.0,1,0
2026-07-24,681217,4,0,1,1.194829,4.0,3,0
2026-07-24,681252,4,2,0,0.5840000000000001,4.0,2,0
2026-07-24,681293,9,0,2,3.525198,9.0,5,0
2026-07-24,681892,4,0,0,0.724,4.0,4,0
2026-07-24,681916,4,3,1,0.697829,4.0,0,0
2026-07-24,681982,4,1,0,0.759,4.0,3,0
2026-07-24,682052,21,4,4,6.006086,21.0,12,1
2026-07-24,682120,5,1,0,1.564,5.0,4,0
2026-07-24,682243,23,0,1,7.810829,23.0,22,1
2026-07-24,682254,3,3,0,0.0,3.0,0,0
2026-07-24,682608,4,2,0,0.576,4.0,2,0
2026-07-24,683003,21,5,1,4.496829,21.0,15,2
2026-07-24,683769,2,0,0,1.331,2.0,2,1
2026-07-24,684974,9,1,1,3.002829,8.0,6,0
2026-07-24,687223,8,1,3,3.5904870000000004,7.0,4,0
2026-07-24,687377,6,3,1,1.3418290000000002,6.0,2,0
2026-07-24,687396,3,0,0,1.819,3.0,3,0
2026-07-24,687473,13,4,1,2.966829,13.0,8,0
2026-07-24,688297,13,2,0,3.636,13.0,11,0
2026-07-24,689254,3,2,0,0.128,3.0,1,0
2026-07-24,693645,26,12,0,5.05077,26.0,13,0
2026-07-24,694360,7,0,0,4.48177,7.0,6,1
2026-07-24,695076,18,4,2,6.158428,18.0,11,2
2026-07-24,695243,3,1,0,0.406,3.0,2,0
2026-07-24,696062,5,1,0,1.408,5.0,4,0
2026-07-24,696519,3,1,0,0.637,3.0,2,0
2026-07-24,699134,4,1,0,1.746,4.0,3,0
2026-07-24,701519,3,2,0,0.195,3.0,1,0
2026-07-24,702056,18,9,1,4.496829,18.0,8,2
2026-07-24,702070,24,8,3,6.667487,24.0,13,1
2026-07-24,703725,5,0,2,2.272658,5.0,3,0
2026-07-24,805123,8,2,1,1.614829,7.0,4,0
2026-07-24,805673,23,1,3,6.897487,22.0,18,1
2026-07-24,806188,5,0,2,1.7046580000000002,4.0,3,0
2026-07-24,808963,25,9,2,5.191658,25.0,14,0
2026-07-24,820862,3,2,0,0.054,3.0,1,0
2026-07-25,489446,6,0,1,2.7145989999999998,6.0,4,0
2026-07-25,543135,24,8,1,5.956829,24.0,15,1
2026-07-25,543243,23,3,0,9.411999999999999,23.0,20,2
2026-07-25,573124,8,2,1,1.818829,8.0,5,0
2026-07-25,592662,25,5,2,6.404658,25.0,18,0
2026-07-25,592779,3,2,0,0.067,3.0,1,0
2026-07-25,594580,2,1,0,0.0,1.0,1,0
2026-07-25,607259,21,5,0,2.621,21.0,16,0
2026-07-25,608379,28,3,2,10.300658,28.0,23,3
2026-07-25,608718,10,4,0,3.517,9.0,5,1
2026-07-25,621097,7,1,0,1.6099999999999999,7.0,6,1
2026-07-25,621112,7,0,1,2.376829,7.0,6,0
2026-07-25,621121,11,1,4,4.105316,11.0,6,0
2026-07-25,621237,5,1,0,2.527,5.0,4,1
2026-07-25,623168,3,0,0,0.30300000000000005,3.0,3,0
2026-07-25,623211,3,0,0,0.412,3.0,3,0
2026-07-25,623352,2,2,0,0.0,2.0,0,0
2026-07-25,640448,3,1,0,2.273,3.0,2,1
2026-07-25,641329,4,0,0,0.791,4.0,4,0
2026-07-25,641835,6,1,0,0.608,6.0,5,0
2026-07-25,642121,3,1,0,0.095,3.0,2,0
2026-07-25,650556,4,1,1,1.650829,4.0,2,0
2026-07-25,650960,7,2,0,2.07877,7.0,4,0
2026-07-25,656302,31,12,3,5.001487,30.0,15,0
2026-07-25,656492,26,2,1,8.217599,25.0,22,1
2026-07-25,656638,4,2,0,0.873,4.0,2,0
2026-07-25,656730,2,1,0,0.898,2.0,1,0
2026-07-25,656945,3,1,1,0.906,2.0,1,0
2026-07-25,656986,4,0,0,1.972,4.0,4,1
2026-07-25,660761,1,1,0,0.0,1.0,0,0
2026-07-25,661395,3,3,0,0.0,3.0,0,0
2026-07-25,662144,11,3,0,3.97,11.0,8,2
2026-07-25,663362,8,1,0,1.485,8.0,7,0
2026-07-25,663372,23,4,1,8.390829,23.0,18,3
2026-07-25,663554,21,3,0,4.706,20.0,18,1
2026-07-25,663738,4,0,0,1.735,4.0,4,0
2026-07-25,663941,8,0,1,2.8555989999999998,8.0,6,0
2026-07-25,663947,4,0,0,1.214,4.0,4,0
2026-07-25,664076,4,2,1,1.455829,4.0,1,0
2026-07-25,664199,3,1,0,0.078,3.0,2,0
2026-07-25,664991,3,1,0,0.406,3.0,2,0
2026-07-25,665622,3,2,0,0.139,3.0,1,0
2026-07-25,665871,11,3,0,3.00977,11.0,7,0
2026-07-25,666974,3,1,0,0.159,3.0,2,0
2026-07-25,667297,4,0,0,1.58,4.0,4,0
2026-07-25,668881,26,3,2,9.287658,26.0,21,0
2026-07-25,669467,24,8,1,5.416829,24.0,15,0
2026-07-25,669620,10,3,1,1.8968289999999999,10.0,6,0
2026-07-25,670280,3,0,0,0.64,3.0,3,0
2026-07-25,670329,4,1,0,0.5880000000000001,4.0,3,0
2026-07-25,670950,8,2,0,1.822,8.0,6,0
2026-07-25,672629,10,2,2,2.870658,10.0,6,0
2026-07-25,672782,3,1,0,0.747,3.0,2,0
2026-07-25,673513,3,1,0,0.265,3.0,2,0
2026-07-25,675848,6,1,1,2.213829,6.0,4,0
2026-07-25,676440,28,5,2,8.669658,27.0,21,1
2026-07-25,676664,12,3,1,2.034829,12.0,8,0
2026-07-25,676755,6,1,1,3.737829,6.0,4,0
2026-07-25,676760,9,1,1,5.548599,9.0,6,1
2026-07-25,676775,7,1,2,2.496658,7.0,4,0
2026-07-25,677960,24,7,1,7.134599,24.0,15,0
2026-07-25,677961,7,2,1,2.672829,7.0,4,0
2026-07-25,678868,4,0,0,0.528,4.0,4,0
2026-07-25,679775,3,2,1,0.697829,3.0,0,0
2026-07-25,680732,24,10,1,5.031599,24.0,12,0
2026-07-25,680742,4,1,0,1.52,4.0,3,0
2026-07-25,681190,10,0,2,3.273428,10.0,7,0
2026-07-25,681911,4,1,1,0.911829,4.0,2,0
2026-07-25,682989,8,3,0,1.275,8.0,5,0
2026-07-25,682997,4,1,0,0.536,4.0,3,0
2026-07-25,683352,26,3,5,8.653145,26.0,18,1
2026-07-25,683409,2,0,0,0.907,2.0,2,0
2026-07-25,683618,4,2,1,1.426599,4.0,0,0
2026-07-25,684007,23,4,1,4.905829,23.0,18,0
2026-07-25,685126,5,2,0,1.302,5.0,3,0
2026-07-25,685299,9,4,1,2.6998290000000003,9.0,4,1
2026-07-25,686613,23,7,0,4.491,23.0,16,1
2026-07-25,686751,3,0,0,1.074,3.0,3,0
2026-07-25,686930,15,2,1,3.7888290000000002,15.0,12,0
2026-07-25,687064,25,6,2,6.326658,25.0,17,0
2026-07-25,687239,4,0,0,1.273,4.0,4,0
2026-07-25,687941,17,6,1,2.641829,17.0,10,0
2026-07-25,688107,23,4,0,5.8,22.0,19,0
2026-07-25,689546,6,0,1,1.979829,6.0,5,0
2026-07-25,690925,3,0,0,0.9059999999999999,3.0,3,0
2026-07-25,690978,11,1,3,5.404487,11.0,7,0
2026-07-25,690997,27,7,2,9.772658,27.0,18,2
2026-07-25,691587,28,2,1,7.762599,28.0,24,0
2026-07-25,693433,25,5,2,8.003658,25.0,18,0
2026-07-25,693821,22,8,4,8.482316,22.0,10,1
2026-07-25,694477,3,1,0,0.045,3.0,2,0
2026-07-25,694973,25,11,2,7.672428,25.0,11,2
2026-07-25,695239,4,1,0,1.155,4.0,3,0
2026-07-25,695534,8,2,0,2.91,8.0,6,0
2026-07-25,696070,14,5,1,1.890829,13.0,8,0
2026-07-25,696270,20,4,1,8.235599,20.0,14,1
2026-07-25,696522,3,0,0,0.816,3.0,3,0
2026-07-25,700669,9,4,2,2.346658,9.0,3,0
2026-07-25,702021,6,4,0,1.7610000000000001,6.0,2,1
2026-07-25,702193,5,2,1,1.138829,5.0,2,0
2026-07-25,800311,7,3,0,1.902,7.0,4,0
2026-07-25,805326,4,0,1,1.174829,4.0,3,0
2026-07-25,808967,26,5,3,6.7524869999999995,26.0,18,0
2026-07-26,544150,8,2,2,1.8696580000000003,8.0,4,0
2026-07-26,548384,3,1,0,0.319,3.0,2,0
2026-07-26,552640,6,0,2,1.820829,4.0,4,1
2026-07-26,571945,18,1,1,7.735599,18.0,15,2
2026-07-26,572955,4,0,1,2.103829,4.0,3,1
2026-07-26,592332,24,6,1,5.580829,22.0,17,0
2026-07-26,592773,3,0,0,0.387,3.0,3,0
2026-07-26,592791,19,3,2,10.607658,19.0,14,5
2026-07-26,593974,4,0,0,0.575,3.0,4,0
2026-07-26,594027,5,0,1,1.639829,5.0,4,0
2026-07-26,594798,22,4,0,6.970000000000001,22.0,18,1
2026-07-26,596133,6,0,0,2.09577,6.0,5,0
2026-07-26,605288,14,2,1,4.138829,14.0,11,0
2026-07-26,605488,9,0,1,4.573829,9.0,8,0
2026-07-26,607200,18,2,1,7.779829,18.0,15,2
2026-07-26,607536,23,2,1,8.400829,23.0,20,4
2026-07-26,621111,22,7,2,7.318658,21.0,13,2
2026-07-26,621381,4,1,0,0.6910000000000001,4.0,3,0
2026-07-26,622088,5,1,0,2.612,5.0,3,0
2026-07-26,622554,4,1,0,0.122,4.0,3,0
2026-07-26,623465,3,1,0,1.625,3.0,2,1
2026-07-26,623474,7,1,2,3.397658,7.0,4,0
2026-07-26,624133,15,6,0,4.3,15.0,9,0
2026-07-26,625643,23,6,1,5.387829,23.0,16,1
2026-07-26,628452,5,1,1,1.300829,5.0,3,0
2026-07-26,640454,3,0,3,2.093487,3.0,0,0
2026-07-26,641302,3,0,0,1.017,3.0,3,0
2026-07-26,641329,4,1,1,1.230829,4.0,2,0
2026-07-26,641755,6,1,2,1.1828290000000001,5.0,3,0
2026-07-26,641835,4,2,0,1.332,4.0,2,1
2026-07-26,642100,4,3,0,0.082,4.0,1,0
2026-07-26,642207,4,3,0,0.103,4.0,1,0
2026-07-26,642232,16,2,2,5.764428,16.0,11,0
2026-07-26,642528,5,1,0,2.7489999999999997,5.0,4,1
2026-07-26,642547,20,3,2,5.664658,20.0,15,0
2026-07-26,650644,7,3,0,0.33999999999999997,7.0,4,0
2026-07-26,650911,28,6,3,9.304487,28.0,19,0
2026-07-26,656212,4,2,1,1.4348290000000001,4.0,1,0
2026-07-26,656271,4,2,0,0.095,4.0,2,0
2026-07-26,656464,6,0,0,3.7889999999999997,6.0,6,1
2026-07-26,656794,5,0,1,1.9485990000000002,5.0,3,0
2026-07-26,656848,1,0,0,0.578,1.0,1,0
2026-07-26,656876,24,9,1,2.8305990000000003,24.0,13,0
2026-07-26,657044,4,0,1,1.292,3.0,3,1
2026-07-26,657612,5,0,1,2.2535990000000004,5.0,3,0
2026-07-26,660825,4,2,0,1.865,4.0,2,1
2026-07-26,660853,5,1,0,1.8599999999999999,5.0,4,0
2026-07-26,662253,3,3,0,0.0,3.0,0,0
2026-07-26,663423,4,2,0,0.732,4.0,2,0
2026-07-26,663485,6,0,1,4.0065990000000005,6.0,4,1
2026-07-26,663767,8,5,1,1.1018290000000002,8.0,2,0
2026-07-26,663855,4,0,1,1.777829,4.0,3,0
2026-07-26,663878,3,0,1,1.681829,3.0,2,0
2026-07-26,663893,4,1,0,1.384,4.0,3,1
2026-07-26,664076,3,1,0,0.231,3.0,2,0
2026-07-26,664126,3,1,0,0.16,3.0,2,0
2026-07-26,664129,11,1,0,3.3890000000000002,11.0,10,1
2026-07-26,664285,24,4,3,7.540257,24.0,16,0
2026-07-26,664849,3,0,2,1.101829,2.0,1,0
2026-07-26,664954,4,0,0,1.428,3.0,3,1
2026-07-26,666171,4,2,0,0.821,4.0,2,0
2026-07-26,666277,4,2,0,0.277,4.0,2,0
2026-07-26,666808,3,3,0,0.0,3.0,0,0
2026-07-26,667297,4,0,1,1.133829,4.0,3,0
2026-07-26,667755,20,5,3,5.274487000000001,18.0,11,1
2026-07-26,668390,4,1,0,3.4349999999999996,4.0,3,2
2026-07-26,668674,3,0,0,1.377,3.0,3,0
2026-07-26,668820,4,1,0,0.226,4.0,3,0
2026-07-26,669020,6,0,1,2.253829,6.0,5,0
2026-07-26,669060,4,2,0,0.41200000000000003,4.0,2,0
2026-07-26,669199,8,0,0,5.973,8.0,8,2
2026-07-26,669276,4,1,0,2.4469999999999996,4.0,3,1
2026-07-26,669302,24,4,2,5.449658,24.0,18,0
2026-07-26,669330,4,0,1,0.8988290000000001,4.0,3,0
2026-07-26,669358,19,2,2,6.975658,19.0,15,1
2026-07-26,669387,9,2,0,2.605,9.0,7,0
2026-07-26,669684,3,2,0,0.017,3.0,1,0
2026-07-26,669711,4,1,0,1.584,4.0,3,0
2026-07-26,669724,4,1,1,0.874829,4.0,2,0
2026-07-26,669854,22,4,3,8.589487,22.0,15,2
2026-07-26,670059,1,0,0,0.032,1.0,1,0
2026-07-26,670062,5,1,0,1.354,5.0,4,0
2026-07-26,670167,4,0,1,2.420829,4.0,3,0
2026-07-26,670245,9,1,0,2.484,9.0,8,0
2026-07-26,670970,4,0,0,1.58377,4.0,3,0
2026-07-26,671096,24,4,4,10.172316,24.0,16,2
2026-07-26,671936,4,0,0,1.2349999999999999,4.0,4,0
2026-07-26,672335,6,3,0,1.2469999999999999,6.0,3,1
2026-07-26,673513,3,2,1,0.697829,3.0,0,0
2026-07-26,674444,5,2,1,0.834829,5.0,2,0
2026-07-26,676083,21,6,0,4.559,21.0,15,0
2026-07-26,676263,3,0,2,1.4676580000000001,3.0,1,0
2026-07-26,676604,3,0,0,0.629,3.0,3,0
2026-07-26,676680,5,0,0,1.5550000000000002,5.0,5,0
2026-07-26,676879,1,0,0,0.038,1.0,1,0
2026-07-26,677020,6,0,0,0.762,6.0,6,0
2026-07-26,677865,4,1,1,1.022,3.0,2,0
2026-07-26,677952,26,5,2,6.200658,26.0,19,0
2026-07-26,679883,21,2,4,7.760316,21.0,15,1
2026-07-26,680744,6,1,1,0.965829,6.0,4,0
2026-07-26,680755,3,0,1,1.195829,2.0,2,0
2026-07-26,680767,6,0,0,3.443,6.0,6,0
2026-07-26,681217,4,1,0,1.393,4.0,3,0
2026-07-26,681517,24,9,1,7.9208289999999995,24.0,14,2
2026-07-26,681892,3,1,0,0.744,3.0,2,0
2026-07-26,681982,4,1,0,1.974,4.0,3,1
2026-07-26,682254,5,2,0,1.914,5.0,3,1
2026-07-26,682608,5,0,0,3.49377,5.0,4,0
2026-07-26,683000,9,0,2,3.270658,9.0,7,2
2026-07-26,684442,19,1,2,9.491658,19.0,16,3
2026-07-26,684974,3,0,0,0.197,3.0,3,0
2026-07-26,686218,21,5,2,4.828428000000001,21.0,13,0
2026-07-26,686580,3,1,0,0.228,3.0,2,0
2026-07-26,687239,4,0,0,1.27877,4.0,3,0
2026-07-26,687570,18,5,1,3.4858290000000003,18.0,12,0
2026-07-26,687911,6,1,0,1.81077,6.0,4,0
2026-07-26,687931,21,7,2,7.998658,21.0,12,2
2026-07-26,689266,4,0,0,0.399,4.0,4,0
2026-07-26,689296,5,2,2,1.395658,4.0,1,0
2026-07-26,690925,5,0,1,1.4128290000000001,5.0,4,0
2026-07-26,691799,4,2,1,0.7338290000000001,4.0,1,0
2026-07-26,694335,3,0,0,1.695,2.0,3,0
2026-07-26,694361,7,1,2,2.504658,7.0,4,0
2026-07-26,694477,4,0,0,1.467,4.0,4,0
2026-07-26,694819,17,12,0,2.10377,17.0,4,0
2026-07-26,695239,3,2,0,0.738,3.0,1,0
2026-07-26,695243,3,1,0,0.197,3.0,2,0
2026-07-26,696147,3,0,2,1.4636580000000001,3.0,1,0
2026-07-26,696519,4,1,1,1.312829,4.0,2,0
2026-07-26,699044,6,0,1,4.6498289999999995,6.0,5,2
2026-07-26,701519,6,0,0,3.41,6.0,6,0
2026-07-26,701542,17,5,2,6.546829,16.0,10,2
2026-07-26,703725,4,1,1,0.783829,4.0,2,0
2026-07-26,800048,29,6,0,6.0120000000000005,29.0,23,0
2026-07-26,805299,7,2,0,1.3880000000000001,7.0,5,1
2026-07-26,805427,6,2,0,1.261,6.0,4,0
2026-07-26,806188,3,1,0,1.126,3.0,2,0
2026-07-26,806960,21,5,1,5.895829,21.0,15,1
2026-07-26,815083,3,1,0,0.6439999999999999,3.0,2,0
2026-07-27,453286,15,4,3,5.193487,15.0,8,1
2026-07-27,518585,5,0,1,1.127829,5.0,4,0
2026-07-27,518876,22,6,1,7.464599,22.0,14,2
2026-07-27,527048,24,4,1,8.941829,24.0,19,1
2026-07-27,547973,5,3,0,0.41200000000000003,5.0,2,0
2026-07-27,552640,4,1,0,1.1219999999999999,4.0,3,0
2026-07-27,554430,16,6,1,4.6818290000000005,16.0,9,1
2026-07-27,596001,5,0,1,1.944829,5.0,4,0
2026-07-27,608331,15,4,2,3.874658,15.0,9,0
2026-07-27,621074,4,2,0,0.393,4.0,2,0
2026-07-27,621097,7,2,2,2.009658,7.0,3,0
2026-07-27,621112,3,1,0,0.211,3.0,2,0
2026-07-27,621237,3,1,0,0.397,3.0,2,0
2026-07-27,622554,3,0,0,1.017,3.0,3,1
2026-07-27,622761,2,1,0,0.873,2.0,1,0
2026-07-27,623211,2,1,0,0.397,2.0,1,0
2026-07-27,623352,5,0,2,2.5506580000000003,5.0,3,1
2026-07-27,623454,5,0,0,1.562,5.0,5,0
2026-07-27,641816,20,3,2,4.887658,20.0,15,0
2026-07-27,642397,4,2,0,0.445,4.0,2,0
2026-07-27,642528,5,1,0,2.04,5.0,4,0
2026-07-27,643511,3,1,0,0.479,3.0,2,0
2026-07-27,650960,6,3,0,0.498,6.0,3,0
2026-07-27,656529,3,1,0,0.565,3.0,2,0
2026-07-27,656546,4,3,0,0.961,4.0,1,0
2026-07-27,656605,23,4,1,6.041829,23.0,18,0
2026-07-27,656641,5,2,0,0.981,5.0,3,0
2026-07-27,656794,7,0,0,2.71,7.0,7,1
2026-07-27,656849,22,3,2,6.6386579999999995,22.0,17,2
2026-07-27,657097,4,1,0,1.525,4.0,3,0
2026-07-27,657612,3,0,0,1.027,3.0,3,0
2026-07-27,660761,4,0,1,1.996829,4.0,3,0
2026-07-27,661395,7,0,0,2.21277,7.0,6,0
2026-07-27,663423,4,0,0,2.252,4.0,4,1
2026-07-27,663542,5,1,0,1.455,5.0,4,0
2026-07-27,663558,3,2,0,0.214,3.0,1,0
2026-07-27,663687,3,1,0,0.683,3.0,2,0
2026-07-27,663947,3,0,1,2.760829,3.0,2,1
2026-07-27,663969,20,5,2,6.012428,20.0,12,1
2026-07-27,664199,7,0,0,2.223,7.0,7,0
2026-07-27,664299,18,7,0,3.982,18.0,11,1
2026-07-27,664991,4,2,0,1.057,4.0,2,0
2026-07-27,665660,4,1,0,0.874,4.0,3,0
2026-07-27,666171,5,2,0,1.744,5.0,3,0
2026-07-27,666661,4,2,0,0.394,4.0,2,0
2026-07-27,666808,5,1,1,2.107829,5.0,3,1
2026-07-27,666974,3,1,0,0.472,3.0,2,0
2026-07-27,667463,8,1,0,2.933,8.0,7,0
2026-07-27,668831,7,1,1,1.275829,7.0,5,0
2026-07-27,668970,3,0,0,1.058,3.0,3,0
2026-07-27,669020,3,2,1,0.697829,3.0,0,0
2026-07-27,669062,3,2,0,0.299,3.0,1,0
2026-07-27,669461,19,5,2,4.920658,19.0,12,0
2026-07-27,669684,4,0,1,1.731829,4.0,3,1
2026-07-27,669724,3,0,0,0.725,3.0,3,0
2026-07-27,669923,20,3,0,8.77277,20.0,16,3
2026-07-27,670280,1,1,0,0.0,1.0,0,0
2026-07-27,670329,3,2,0,0.01,3.0,1,0
2026-07-27,670950,7,4,0,0.6639999999999999,7.0,3,0
2026-07-27,670990,6,1,0,1.576,6.0,5,0
2026-07-27,671162,23,2,5,12.722145,23.0,16,3
2026-07-27,671936,3,1,0,2.015,3.0,2,1
2026-07-27,672456,24,1,1,8.868599,24.0,21,1
2026-07-27,674841,19,3,3,5.828487,19.0,13,0
2026-07-27,676477,3,1,0,0.636,3.0,2,0
2026-07-27,676534,4,2,1,0.709829,4.0,1,0
2026-07-27,676604,4,1,0,0.877,4.0,3,0
2026-07-27,676760,3,0,0,0.485,3.0,3,0
2026-07-27,677958,25,7,2,7.884658,25.0,16,1
2026-07-27,677961,3,1,0,1.0510000000000002,3.0,2,0
2026-07-27,678022,21,4,3,5.0882570000000005,21.0,13,0
2026-07-27,678606,4,1,0,0.763,4.0,3,0
2026-07-27,678868,10,0,0,3.238,10.0,10,1
2026-07-27,679775,9,1,1,2.235829,9.0,7,0
2026-07-27,680694,24,4,1,9.952829,24.0,19,2
2026-07-27,680742,3,1,0,0.29300000000000004,3.0,2,0
2026-07-27,681217,4,1,1,1.552829,4.0,2,0
2026-07-27,681916,3,1,0,0.376,3.0,2,0
2026-07-27,682254,5,1,1,1.331,4.0,3,0
2026-07-27,683409,4,1,0,1.3699999999999999,4.0,3,0
2026-07-27,686580,2,0,0,0.21799999999999997,2.0,2,0
2026-07-27,686973,5,2,1,1.379829,5.0,2,0
2026-07-27,687075,25,5,3,8.687487,25.0,17,2
2026-07-27,687223,4,0,0,0.577,4.0,4,0
2026-07-27,687396,5,1,0,2.115,5.0,4,0
2026-07-27,687606,4,0,1,1.574829,4.0,3,0
2026-07-27,689147,4,0,0,1.946,4.0,4,1
2026-07-27,689254,4,1,0,0.524,4.0,3,0
2026-07-27,690928,24,4,1,4.909829,24.0,19,0
2026-07-27,693686,4,1,0,1.314,4.0,3,0
2026-07-27,695239,1,0,0,0.068,1.0,1,0
2026-07-27,695380,5,3,1,1.572829,5.0,1,0
2026-07-27,696147,6,1,2,1.893599,5.0,2,0
2026-07-27,696522,4,0,0,1.40877,4.0,3,0
2026-07-27,700712,23,5,2,6.249428,23.0,15,1
2026-07-27,702273,14,5,2,4.453658,14.0,7,0
2026-07-27,801139,22,7,1,5.716829,22.0,14,1
2026-07-27,804267,23,5,1,8.507829000000001,23.0,17,1
2026-07-27,805123,11,1,0,2.72777,11.0,9,1
2026-07-27,806188,4,0,1,1.526829,4.0,3,0
2026-07-27,820862,4,0,0,2.06677,4.0,3,0
2026-07-27,837227,7,1,4,3.752316,7.0,2,1
2026-07-28,489446,3,2,0,0.907,3.0,1,0
2026-07-28,518886,6,1,1,2.029599,6.0,3,0
2026-07-28,543037,24,7,2,4.525658,24.0,15,0
2026-07-28,544150,9,2,0,3.2190000000000003,9.0,7,0
2026-07-28,547179,20,2,1,7.080829,20.0,17,1
2026-07-28,571927,5,0,0,0.714,5.0,5,0
2026-07-28,572955,3,1,0,0.69,3.0,2,0
2026-07-28,592779,5,0,0,1.268,5.0,5,0
2026-07-28,594580,6,0,1,2.696829,5.0,5,0
2026-07-28,595345,4,2,0,0.74177,4.0,1,0
2026-07-28,596001,4,0,0,1.566,4.0,4,0
2026-07-28,605400,23,4,3,8.033487000000001,23.0,16,1
2026-07-28,607067,24,2,2,8.024658,24.0,20,2
2026-07-28,607625,24,2,2,7.962428,24.0,19,1
2026-07-28,608718,1,0,0,0.071,1.0,1,0
2026-07-28,615698,19,7,1,3.629829,19.0,10,0
2026-07-28,621053,3,0,0,0.389,3.0,3,0
2026-07-28,621237,4,1,1,1.475829,4.0,2,0
2026-07-28,622088,6,2,1,2.147599,6.0,2,1
2026-07-28,622491,26,2,2,13.942829,25.0,22,3
2026-07-28,622608,5,0,1,2.151829,5.0,4,0
2026-07-28,623149,4,0,0,2.899,4.0,4,2
2026-07-28,623352,3,0,0,0.609,3.0,3,0
2026-07-28,623474,4,0,2,1.814658,4.0,2,0
2026-07-28,641302,4,1,0,0.905,4.0,3,0
2026-07-28,641743,23,7,1,5.696599,23.0,14,2
2026-07-28,641835,1,1,0,0.0,1.0,0,0
2026-07-28,641941,4,2,0,1.336,4.0,2,1
2026-07-28,642100,3,1,0,0.342,2.0,1,0
2026-07-28,642397,6,2,0,1.42977,5.0,3,0
2026-07-28,643377,24,10,3,4.900487,24.0,11,0
2026-07-28,644433,6,0,1,2.366829,6.0,5,0
2026-07-28,645261,27,5,1,8.507829,26.0,20,1
2026-07-28,650556,3,1,0,0.049,3.0,2,0
2026-07-28,650633,24,6,1,7.885829,24.0,17,2
2026-07-28,656271,3,0,0,0.857,3.0,3,0
2026-07-28,656464,4,0,0,0.9169999999999999,3.0,4,0
2026-07-28,656546,3,2,0,0.637,3.0,1,0
2026-07-28,656638,5,1,1,2.737829,5.0,3,1
2026-07-28,656641,3,0,0,0.239,3.0,3,0
2026-07-28,657044,7,1,1,2.517829,7.0,5,0
2026-07-28,657265,8,1,0,2.273,8.0,7,1
2026-07-28,657514,5,1,0,0.968,4.0,4,0
2026-07-28,657571,7,1,1,1.955829,7.0,5,0
2026-07-28,660825,3,0,0,0.41200000000000003,3.0,3,0
2026-07-28,660853,3,2,0,0.071,3.0,1,0
2026-07-28,662253,6,1,1,2.110829,6.0,4,0
2026-07-28,663558,3,1,0,1.29,3.0,2,0
2026-07-28,663567,24,6,1,6.726599,24.0,16,0
2026-07-28,663687,7,3,0,4.091,7.0,4,2
2026-07-28,663738,3,0,0,1.1520000000000001,3.0,3,0
2026-07-28,663855,3,2,1,0.0,2.0,0,0
2026-07-28,663893,8,4,0,0.579,7.0,3,0
2026-07-28,664126,3,2,0,0.023,3.0,1,0
2026-07-28,664141,15,1,0,4.8287700000000005,14.0,12,0
2026-07-28,665152,23,4,3,8.940487000000001,23.0,16,1
2026-07-28,665622,8,1,2,3.514658,7.0,5,1
2026-07-28,666661,3,1,0,0.02,3.0,2,0
2026-07-28,668909,24,12,1,5.725829,24.0,11,1
2026-07-28,669310,18,0,1,6.369829,18.0,17,1
2026-07-28,669456,9,0,6,4.650974,9.0,3,0
2026-07-28,670059,3,1,0,1.704,3.0,2,1
2026-07-28,670062,6,0,1,2.237599,6.0,4,0
2026-07-28,670167,2,0,1,1.0378290000000001,2.0,1,0
2026-07-28,670245,5,0,0,2.188,5.0,5,1
2026-07-28,670280,5,3,0,2.043,5.0,2,1
2026-07-28,670970,7,1,1,1.959829,7.0,5,0
2026-07-28,671345,9,0,1,3.533829,9.0,8,1
2026-07-28,671737,23,10,3,5.032487000000001,23.0,10,1
2026-07-28,671922,4,1,1,1.327829,4.0,2,0
2026-07-28,672282,20,9,1,7.209829,20.0,10,2
2026-07-28,672629,6,3,1,0.422,5.0,2,0
2026-07-28,674444,3,1,0,0.9600000000000001,3.0,2,0
2026-07-28,675512,24,5,2,7.401658,24.0,17,1
2026-07-28,675848,6,1,2,2.8896580000000003,6.0,3,0
2026-07-28,676263,4,2,0,2.3040000000000003,4.0,2,1
2026-07-28,676534,3,0,0,0.5710000000000001,3.0,3,0
2026-07-28,676680,3,0,0,0.28400000000000003,3.0,3,0
2026-07-28,676755,9,3,1,3.884829,9.0,5,2
2026-07-28,676760,3,1,0,0.121,3.0,2,0
2026-07-28,676775,3,1,1,0.824829,3.0,1,0
2026-07-28,676879,1,0,0,0.586,1.0,1,0
2026-07-28,676917,25,3,2,9.239658,25.0,20,2
2026-07-28,677020,8,1,0,1.9809999999999999,8.0,7,0
2026-07-28,677865,8,4,0,1.399,8.0,4,0
2026-07-28,677944,18,2,1,6.687829,18.0,15,2
2026-07-28,678606,3,0,0,1.325,2.0,2,0
2026-07-28,680736,25,7,0,11.68577,25.0,17,4
2026-07-28,680744,6,2,0,0.66,6.0,4,0
2026-07-28,680767,5,1,0,1.6059999999999999,4.0,3,0
2026-07-28,680916,6,5,0,0.027,6.0,1,0
2026-07-28,681252,4,2,0,0.866,4.0,2,0
2026-07-28,681402,3,0,0,3.031,3.0,3,1
2026-07-28,681806,9,0,1,3.568829,9.0,8,0
2026-07-28,681892,5,1,1,0.988829,5.0,3,0
2026-07-28,681911,3,2,0,1.927,3.0,1,1
2026-07-28,681982,5,2,0,1.819,5.0,3,1
2026-07-28,682120,3,0,0,0.845,3.0,3,0
2026-07-28,682608,3,1,0,0.9470000000000001,3.0,2,0
2026-07-28,682842,4,0,0,0.906,4.0,4,0
2026-07-28,682982,4,3,1,0.697829,4.0,0,0
2026-07-28,683409,3,0,0,0.257,3.0,3,0
2026-07-28,683742,13,2,1,3.985829,13.0,10,0
2026-07-28,683769,5,1,0,1.3,5.0,4,0
2026-07-28,684974,4,0,0,1.129,4.0,4,0
2026-07-28,685126,9,2,0,1.605,9.0,7,0
2026-07-28,687330,3,2,0,0.047,3.0,1,0
2026-07-28,687377,3,2,0,0.009,3.0,1,0
2026-07-28,687396,4,0,0,1.02,4.0,4,0
2026-07-28,687562,27,4,2,6.1786579999999995,25.0,21,1
2026-07-28,689147,5,0,1,1.648829,5.0,4,0
2026-07-28,689254,4,1,1,1.594829,4.0,2,1
2026-07-28,690925,3,1,0,0.751,3.0,2,0
2026-07-28,694297,28,4,1,7.203829,28.0,23,1
2026-07-28,694335,6,1,0,2.28,6.0,5,1
2026-07-28,694738,18,1,3,7.122257,17.0,13,1
2026-07-28,695243,3,3,0,0.0,3.0,0,0
2026-07-28,695505,22,4,2,6.9526580000000004,22.0,16,1
2026-07-28,695534,4,0,0,1.835,4.0,4,0
2026-07-28,695611,22,7,4,5.718316,22.0,11,0
2026-07-28,696062,8,0,1,2.215,6.0,7,0
2026-07-28,696149,21,3,1,6.163829,21.0,17,1
2026-07-28,696519,5,2,1,1.215829,5.0,2,0
2026-07-28,699134,6,1,1,2.311829,6.0,4,0
2026-07-28,700241,15,2,2,8.254658000000001,15.0,11,2
2026-07-28,700669,9,2,1,1.820829,9.0,6,0
2026-07-28,701519,3,1,1,0.700829,3.0,1,0
2026-07-28,701656,21,7,2,3.961658,21.0,12,0
2026-07-28,805299,1,1,0,0.0,1.0,0,0
2026-07-28,805326,11,1,2,4.656658,11.0,8,1
2026-07-28,815083,6,2,0,1.988,6.0,4,0
2026-07-28,820862,4,2,1,0.982829,4.0,1,0
2026-07-29,445276,4,1,1,1.6508289999999999,4.0,2,1
2026-07-29,489446,5,3,0,0.21,5.0,2,0
2026-07-29,518585,4,1,0,0.161,4.0,3,0
2026-07-29,519242,20,9,0,3.485,20.0,11,0
2026-07-29,547973,4,2,0,0.665,3.0,2,1
2026-07-29,552640,1,0,0,0.058,1.0,1,0
2026-07-29,571510,28,5,2,8.151428,28.0,20,2
2026-07-29,572955,4,1,0,1.18,4.0,3,0
2026-07-29,573204,4,2,0,1.016,4.0,2,0
2026-07-29,592773,5,2,2,1.6366580000000002,5.0,1,0
2026-07-29,592866,4,1,0,0.233,4.0,3,0
2026-07-29,593958,28,2,1,6.611829,28.0,25,0
2026-07-29,593974,4,1,0,0.387,4.0,3,0
2026-07-29,594027,3,1,0,0.073,3.0,2,0
2026-07-29,595345,4,0,0,1.553,4.0,4,0
2026-07-29,596133,3,1,0,0.891,3.0,2,0
2026-07-29,606996,11,3,1,2.431829,11.0,7,0
2026-07-29,608718,9,1,0,1.897,9.0,8,0
2026-07-29,621074,5,0,0,1.914,5.0,5,1
2026-07-29,621097,5,0,1,1.496829,4.0,4,0
2026-07-29,621112,8,2,1,2.749829,8.0,5,1
2026-07-29,621242,5,0,0,1.778,5.0,5,0
2026-07-29,621345,4,2,0,0.92977,4.0,1,0
2026-07-29,623211,3,0,0,0.37,3.0,3,0
2026-07-29,623381,14,2,2,5.603658,14.0,10,1
2026-07-29,623454,7,2,1,2.814829,7.0,4,1
2026-07-29,628452,3,0,0,0.095,3.0,3,0
2026-07-29,640448,3,0,1,1.020829,3.0,2,0
2026-07-29,640455,24,4,2,8.159428,24.0,17,3
2026-07-29,641329,4,0,0,1.323,4.0,4,0
2026-07-29,641755,3,0,0,1.842,3.0,3,1
2026-07-29,641778,20,4,1,4.162599,20.0,14,1
2026-07-29,641793,20,2,3,5.833487,20.0,15,0
2026-07-29,642207,4,1,0,0.967,4.0,3,0
2026-07-29,642232,2,0,0,0.886,1.0,2,0
2026-07-29,643511,4,0,1,2.844829,4.0,3,0
2026-07-29,650556,4,1,0,0.625,4.0,3,0
2026-07-29,650960,5,2,0,1.271,5.0,3,0
2026-07-29,656288,10,4,0,2.23577,10.0,5,0
2026-07-29,656529,6,1,2,2.797658,6.0,3,0
2026-07-29,656945,5,1,0,2.825,5.0,4,1
2026-07-29,656986,4,0,0,0.872,4.0,4,0
2026-07-29,657097,3,3,0,0.0,3.0,0,0
2026-07-29,657277,23,4,1,6.008829,23.0,18,1
2026-07-29,657514,3,0,0,0.569,3.0,3,0
2026-07-29,657571,2,0,0,0.346,2.0,2,0
2026-07-29,657612,3,1,0,0.296,3.0,2,0
2026-07-29,657746,26,4,0,7.426,26.0,22,2
2026-07-29,660761,4,0,0,1.835,4.0,4,1
2026-07-29,663423,4,0,1,1.705829,4.0,3,0
2026-07-29,663436,25,6,2,8.045658,24.0,16,1
2026-07-29,663542,3,0,0,1.3479999999999999,3.0,3,0
2026-07-29,663738,4,0,0,0.633,4.0,4,0
2026-07-29,663776,22,7,2,8.796428,22.0,12,2
2026-07-29,663855,5,1,1,1.7168290000000002,5.0,3,0
2026-07-29,663903,25,3,4,8.180316,25.0,18,0
2026-07-29,664076,2,1,0,0.186,2.0,1,0
2026-07-29,664126,3,1,0,0.313,3.0,2,0
2026-07-29,664849,1,1,0,0.0,1.0,0,0
2026-07-29,664991,4,1,1,0.7508290000000001,4.0,2,0
2026-07-29,665660,5,2,1,1.609599,5.0,1,0
2026-07-29,666200,28,5,3,10.409257,27.0,19,2
2026-07-29,666277,4,2,1,0.7578290000000001,4.0,1,0
2026-07-29,666808,5,0,2,1.933658,5.0,3,0
2026-07-29,666974,3,1,0,0.5720000000000001,3.0,2,0
2026-07-29,668820,6,0,1,1.818599,6.0,4,0
2026-07-29,668873,5,1,1,1.9938289999999999,5.0,3,0
2026-07-29,668984,6,0,0,1.249,6.0,6,0
2026-07-29,669022,25,9,0,5.41977,25.0,15,3
2026-07-29,669060,11,0,0,4.664,11.0,11,0
2026-07-29,669093,4,3,1,0.697829,4.0,0,0
2026-07-29,669160,18,3,2,4.860658,18.0,13,2
2026-07-29,669276,3,0,0,1.6669999999999998,3.0,3,1
2026-07-29,669330,6,0,1,0.266,5.0,5,0
2026-07-29,669373,25,6,1,8.195829,25.0,18,3
2026-07-29,669387,10,1,0,2.731,10.0,9,0
2026-07-29,669432,28,6,0,5.952,28.0,22,1
2026-07-29,669620,6,2,0,1.7530000000000001,6.0,4,0
2026-07-29,669684,4,2,0,0.532,4.0,2,0
2026-07-29,669711,3,2,0,0.184,3.0,1,0
2026-07-29,669713,25,4,2,10.146428,24.0,18,1
2026-07-29,669724,1,0,0,0.301,1.0,1,0
2026-07-29,670036,3,2,0,0.651,3.0,1,0
2026-07-29,670059,3,0,0,0.101,3.0,3,0
2026-07-29,670062,7,1,1,1.390829,7.0,5,0
2026-07-29,670329,4,0,0,2.56677,4.0,3,1
2026-07-29,670950,4,1,0,1.7169999999999999,4.0,3,0
2026-07-29,671922,5,2,2,2.005658,5.0,1,1
2026-07-29,672335,3,1,0,0.6519999999999999,3.0,2,0
2026-07-29,674444,3,0,0,0.655,3.0,3,0
2026-07-29,676106,24,5,1,4.936,23.0,18,0
2026-07-29,676282,17,8,1,4.228829,17.0,8,1
2026-07-29,676477,4,1,0,0.98,4.0,3,0
2026-07-29,676604,3,2,0,0.232,3.0,1,0
2026-07-29,676617,5,1,1,0.8137700000000001,4.0,2,0
2026-07-29,676775,5,1,0,1.69177,5.0,3,0
2026-07-29,676879,6,1,1,2.493829,6.0,4,0
2026-07-29,677865,3,0,0,0.42800000000000005,3.0,3,0
2026-07-29,677961,3,0,0,1.2189999999999999,3.0,3,0
2026-07-29,677976,26,4,1,7.453829,26.0,21,1
2026-07-29,678868,2,0,0,0.556,2.0,2,0
2026-07-29,680570,22,6,2,9.558658,22.0,14,3
2026-07-29,680742,5,1,1,3.0058290000000003,5.0,3,1
2026-07-29,680916,4,1,0,1.6057700000000001,4.0,2,0
2026-07-29,681035,24,7,1,4.827829,24.0,16,0
2026-07-29,681870,2,2,0,0.0,2.0,0,0
2026-07-29,681911,4,0,1,1.434829,4.0,3,1
2026-07-29,682052,24,8,2,5.6096580000000005,24.0,14,0
2026-07-29,682989,3,1,0,0.187,2.0,2,0
2026-07-29,683003,24,5,2,5.829658,24.0,17,1
2026-07-29,683734,8,1,2,2.9346579999999998,7.0,4,0
2026-07-29,683769,4,1,1,0.7428290000000001,4.0,2,0
2026-07-29,686580,5,1,0,0.46199999999999997,5.0,4,0
2026-07-29,686751,4,0,1,1.539829,4.0,3,0
2026-07-29,686973,7,1,1,2.769829,7.0,5,0
2026-07-29,687239,4,0,1,1.198829,4.0,3,0
2026-07-29,687312,22,2,1,5.438599,21.0,18,1
2026-07-29,687330,3,3,0,0.0,3.0,0,0
2026-07-29,687377,6,1,0,1.402,6.0,5,0
2026-07-29,687473,24,3,2,9.453658,24.0,19,1
2026-07-29,687606,6,1,0,2.8360000000000003,6.0,5,0
2026-07-29,688642,6,1,0,1.417,6.0,5,0
2026-07-29,689266,7,2,2,2.647428,7.0,2,0
2026-07-29,689296,5,1,1,0.672,4.0,3,0
2026-07-29,690978,7,1,2,2.327658,7.0,4,0
2026-07-29,691799,7,1,0,2.9130000000000003,7.0,6,1
2026-07-29,693645,23,8,1,4.869599,23.0,13,1
2026-07-29,693855,17,4,1,2.964829,17.0,12,1
2026-07-29,694477,11,1,2,4.336428,11.0,7,0
2026-07-29,695243,3,2,0,0.413,3.0,1,0
2026-07-29,695380,3,2,0,0.072,3.0,1,0
2026-07-29,695534,9,1,1,3.5628290000000002,9.0,7,1
2026-07-29,696070,14,4,2,4.175658,14.0,8,0
2026-07-29,696522,7,0,1,2.168829,7.0,6,0
2026-07-29,699134,3,1,0,0.43,3.0,2,0
2026-07-29,700363,20,4,2,7.342658,19.0,13,2
2026-07-29,702056,26,4,3,7.602487,25.0,19,1
2026-07-29,703725,4,0,0,2.5940000000000003,4.0,4,1
2026-07-29,800311,7,4,2,1.3986580000000002,7.0,1,0
2026-07-29,805299,4,2,1,0.7478290000000001,4.0,1,0
2026-07-29,805427,5,2,0,1.568,5.0,3,0
2026-07-29,815083,8,1,3,2.557658,7.0,4,0
2026-07-30,518585,6,2,2,1.249829,5.0,2,0
2026-07-30,518886,4,1,1,1.266829,4.0,2,0
2026-07-30,543243,30,5,2,9.934658,30.0,23,0
2026-07-30,547973,4,2,0,1.324,4.0,2,1
2026-07-30,548384,5,1,0,1.146,5.0,4,0
2026-07-30,571927,7,3,1,1.304829,7.0,3,0
2026-07-30,573124,5,1,1,1.242829,4.0,3,0
2026-07-30,573204,4,1,0,2.102,4.0,3,1
2026-07-30,592155,3,1,0,1.0330000000000001,3.0,2,0
2026-07-30,592662,22,6,1,5.885599,22.0,14,0
2026-07-30,592773,3,0,0,1.0270000000000001,3.0,3,0
2026-07-30,593974,4,1,1,1.298829,4.0,2,0
2026-07-30,594835,15,1,2,4.404829,14.0,12,1
2026-07-30,621242,4,2,0,0.41200000000000003,4.0,2,0
2026-07-30,621381,1,0,0,1.754,1.0,1,1
2026-07-30,622088,4,1,0,1.006,4.0,3,0
2026-07-30,622554,4,1,1,0.079,3.0,2,0
2026-07-30,628452,4,0,1,1.5188290000000002,4.0,3,0
2026-07-30,641329,5,2,2,1.5806580000000001,5.0,1,0
2026-07-30,641927,24,3,2,8.329658,24.0,19,3
2026-07-30,641941,4,2,0,0.872,4.0,2,0
2026-07-30,642207,4,2,1,0.697829,4.0,1,0
2026-07-30,642397,5,1,2,1.407829,4.0,2,0
2026-07-30,650644,2,1,0,0.013,2.0,1,0
2026-07-30,656240,8,1,0,2.33,7.0,7,0
2026-07-30,656271,6,2,2,2.153428,6.0,1,0
2026-07-30,656550,21,4,2,8.389658,21.0,15,4
2026-07-30,656794,8,1,1,2.809829,8.0,6,0
2026-07-30,656848,5,1,0,1.33,5.0,4,0
2026-07-30,656945,5,1,1,1.9138290000000002,5.0,3,0
2026-07-30,657097,5,0,0,1.635,5.0,5,0
2026-07-30,663542,3,0,0,0.689,3.0,3,0
2026-07-30,663556,12,3,2,3.316428,12.0,6,0
2026-07-30,663623,20,1,2,9.313658,20.0,17,4
2026-07-30,664076,4,2,1,1.129829,4.0,1,0
2026-07-30,664849,4,1,0,1.315,4.0,3,1
2026-07-30,665622,5,1,0,3.298,5.0,4,2
2026-07-30,665660,3,1,1,0.7558290000000001,3.0,1,0
2026-07-30,665871,20,6,2,6.004658,20.0,12,0
2026-07-30,666277,5,1,2,2.485658,5.0,2,0
2026-07-30,667463,1,1,0,0.0,1.0,0,0
2026-07-30,668390,3,0,0,2.431,3.0,3,1
2026-07-30,668674,5,1,1,2.2985990000000003,5.0,2,0
2026-07-30,668716,10,3,3,2.935487,10.0,4,0
2026-07-30,668873,4,1,1,1.457829,4.0,2,1
2026-07-30,668970,4,0,0,0.8410000000000001,4.0,4,0
2026-07-30,668984,3,1,0,1.492,3.0,2,1
2026-07-30,669020,6,1,1,1.977829,6.0,4,1
2026-07-30,669062,4,1,0,1.1360000000000001,4.0,3,0
2026-07-30,669199,3,0,0,0.35700000000000004,3.0,3,0
2026-07-30,669276,4,1,0,0.388,4.0,3,0
2026-07-30,669467,27,3,2,9.890658,27.0,22,1
2026-07-30,669684,5,0,0,1.91677,5.0,4,0
2026-07-30,669711,3,1,0,0.644,3.0,2,0
2026-07-30,670990,8,4,1,1.9058290000000002,8.0,3,0
2026-07-30,672782,5,1,0,1.2189999999999999,5.0,4,0
2026-07-30,676263,4,1,0,0.698,4.0,3,0
2026-07-30,676617,3,1,0,0.634,3.0,2,0
2026-07-30,676664,20,2,1,9.081599,20.0,16,2
2026-07-30,677960,26,4,3,6.671487,26.0,19,0
2026-07-30,677961,6,2,1,1.3298290000000001,6.0,3,0
2026-07-30,680732,23,10,2,7.495658,23.0,10,3
2026-07-30,681190,18,1,1,4.752829,18.0,16,1
2026-07-30,681916,4,2,0,1.5390000000000001,4.0,2,0
2026-07-30,682254,3,2,0,0.006,3.0,1,0
2026-07-30,682608,7,2,0,1.48,7.0,5,1
2026-07-30,682989,5,0,1,1.694829,5.0,4,1
2026-07-30,682995,15,2,3,5.7794870000000005,15.0,10,0
2026-07-30,683000,3,2,0,0.212,3.0,1,0
2026-07-30,683409,6,3,0,1.146,6.0,3,0
2026-07-30,683618,3,0,1,1.3808289999999999,3.0,2,0
2026-07-30,686930,21,6,1,3.828599,21.0,13,0
2026-07-30,687223,8,0,1,2.293829,8.0,7,0
2026-07-30,687239,4,1,0,0.605,4.0,3,0
2026-07-30,687396,4,2,1,0.8538290000000001,4.0,1,0
2026-07-30,690997,26,6,2,8.648658000000001,25.0,18,2
2026-07-30,691587,24,6,2,4.756658,24.0,16,0
2026-07-30,693433,22,8,2,7.012658,22.0,12,1
2026-07-30,695076,23,5,0,4.9,23.0,18,1
2026-07-30,695239,4,1,0,0.41000000000000003,4.0,3,0
2026-07-30,695380,7,3,0,1.548,7.0,4,1
2026-07-30,702070,26,7,2,4.5246580000000005,26.0,17,0
2026-07-30,702193,3,0,0,1.4849999999999999,3.0,3,0
2026-07-30,703725,5,0,0,2.496,5.0,5,0
2026-07-30,808963,24,7,3,5.853487,24.0,14,0
2026-07-31,543135,26,5,1,11.380599,26.0,19,2
2026-07-31,572955,5,1,0,1.6360000000000001,5.0,4,0
2026-07-31,592866,13,4,1,3.277599,13.0,7,0
2026-07-31,594580,3,2,1,0.697829,3.0,0,0
2026-07-31,605288,19,3,1,6.654828999999999,19.0,15,2
2026-07-31,605447,3,1,0,0.089,3.0,2,0
2026-07-31,605488,20,2,5,7.749145,20.0,13,0
2026-07-31,607200,19,6,0,5.157,19.0,13,2
2026-07-31,607259,24,2,0,12.06,24.0,22,4
2026-07-31,608344,30,5,3,11.690257,30.0,21,2
2026-07-31,608372,24,2,0,9.058,24.0,22,2
2026-07-31,608379,25,7,0,5.809,25.0,18,0
2026-07-31,608566,17,2,1,3.654829,17.0,14,0
2026-07-31,621053,5,1,2,1.610658,5.0,2,0
2026-07-31,621074,3,1,0,0.401,3.0,2,0
2026-07-31,621112,4,3,0,0.358,4.0,1,0
2026-07-31,622608,3,1,0,0.984,3.0,2,0
2026-07-31,622694,15,4,1,4.120829,15.0,10,1
2026-07-31,623465,3,0,1,0.259,2.0,2,0
2026-07-31,624133,18,2,2,6.527658000000001,18.0,14,0
2026-07-31,641835,3,0,1,0.808,2.0,2,0
2026-07-31,641941,4,1,0,0.98677,4.0,2,0
2026-07-31,642528,4,1,1,0.787829,4.0,2,0
2026-07-31,646241,6,1,0,2.275,6.0,5,1
2026-07-31,656302,24,7,3,6.012487,24.0,14,0
2026-07-31,656464,3,0,0,0.34,3.0,3,0
2026-07-31,656492,25,3,2,10.961658,25.0,20,2
2026-07-31,656546,3,2,0,0.429,3.0,1,0
2026-07-31,656730,3,1,0,0.336,3.0,2,0
2026-07-31,656986,2,1,0,0.008,2.0,1,0
2026-07-31,657265,5,0,2,2.528428,5.0,2,0
2026-07-31,657514,3,0,1,0.9208290000000001,3.0,2,0
2026-07-31,657571,3,0,0,1.341,3.0,3,0
2026-07-31,660825,7,3,0,1.888,7.0,4,0
2026-07-31,660853,3,0,0,1.078,3.0,3,0
2026-07-31,663558,4,0,0,3.603,4.0,4,1
2026-07-31,663767,3,1,1,0.822829,3.0,1,0
2026-07-31,663878,3,0,0,0.807,3.0,3,0
2026-07-31,663947,8,1,1,2.179599,8.0,5,0
2026-07-31,664126,3,1,0,1.766,3.0,2,1
2026-07-31,664199,3,1,0,0.213,3.0,2,0
2026-07-31,666974,3,1,0,0.534,3.0,2,0
2026-07-31,667297,2,1,0,0.279,2.0,1,0
2026-07-31,668834,3,1,0,0.118,3.0,2,0
2026-07-31,668881,27,4,2,8.079658,27.0,21,1
2026-07-31,669330,3,0,0,0.682,3.0,3,0
2026-07-31,669620,10,2,0,2.639,10.0,8,0
2026-07-31,670032,7,1,0,2.38,7.0,6,0
2026-07-31,670036,2,0,0,0.894,2.0,2,0
2026-07-31,670062,1,0,0,0.052,1.0,1,0
2026-07-31,670280,4,0,0,0.731,4.0,4,0
2026-07-31,670950,3,1,0,0.101,3.0,2,0
2026-07-31,672782,5,1,2,2.437658,5.0,2,0
2026-07-31,673513,10,2,0,1.845,10.0,8,0
2026-07-31,673540,16,4,2,4.756658,16.0,10,1
2026-07-31,675540,20,2,0,5.212,19.0,17,1
2026-07-31,675660,22,7,1,6.387829,22.0,14,1
2026-07-31,676083,21,4,2,6.843658,21.0,15,2
2026-07-31,676440,27,3,1,7.868369,27.0,21,1
2026-07-31,676534,5,4,0,1.594,5.0,1,1
2026-07-31,676604,4,2,0,1.125,4.0,2,0
2026-07-31,677020,3,0,0,0.412,3.0,3,0
2026-07-31,677865,3,1,0,0.8130000000000001,3.0,2,0
2026-07-31,678394,16,3,1,4.594,15.0,12,0
2026-07-31,678606,5,1,0,2.3930000000000002,5.0,4,1
2026-07-31,680744,13,2,2,4.926658,13.0,9,0
2026-07-31,681168,14,2,4,6.320487,13.0,8,1
2026-07-31,681517,24,3,1,8.390829,24.0,20,1
2026-07-31,681520,4,1,1,1.814829,4.0,2,0
2026-07-31,681870,3,0,1,2.362829,3.0,2,0
2026-07-31,681892,4,2,0,0.066,4.0,2,0
2026-07-31,681982,5,1,0,1.10277,5.0,3,0
2026-07-31,682243,20,3,2,5.172658,20.0,15,0
2026-07-31,682254,4,1,1,0.613,3.0,2,0
2026-07-31,682842,2,1,0,0.032,2.0,1,0
2026-07-31,683352,21,2,4,6.022487,19.0,15,1
2026-07-31,683618,4,1,0,1.299,4.0,3,0
2026-07-31,684007,23,6,0,8.268,23.0,17,2
2026-07-31,684665,5,1,2,1.4716580000000001,5.0,2,0
2026-07-31,686613,23,5,2,7.340658,23.0,16,2
2026-07-31,686973,4,0,0,1.171,4.0,4,0
2026-07-31,687064,24,5,2,10.648658000000001,24.0,17,3
2026-07-31,687911,4,0,0,0.913,4.0,4,0
2026-07-31,687931,20,3,4,10.994316,20.0,13,3
2026-07-31,688297,4,0,0,1.5957700000000001,4.0,3,0
2026-07-31,689147,6,2,1,2.982599,6.0,2,0
2026-07-31,689296,3,1,1,0.768829,3.0,1,0
2026-07-31,691725,23,6,3,8.315487000000001,23.0,14,1
2026-07-31,693686,4,2,0,0.591,4.0,2,0
2026-07-31,693821,25,3,3,8.407487,25.0,19,2
2026-07-31,694361,9,3,1,2.7695990000000004,9.0,4,0
2026-07-31,694973,22,7,4,8.732316,22.0,11,2
2026-07-31,696062,4,1,0,2.076,4.0,3,0
2026-07-31,696147,5,0,2,2.814658,5.0,3,1
2026-07-31,696270,22,3,3,10.139486999999999,22.0,16,4
2026-07-31,696522,4,2,1,0.704829,4.0,1,0
2026-07-31,699008,12,3,2,3.0506580000000003,12.0,7,0
2026-07-31,699134,3,2,0,0.942,3.0,1,1
2026-07-31,700669,3,0,1,1.198829,3.0,2,0
2026-07-31,701542,23,7,0,5.449,23.0,16,0
2026-07-31,702021,3,1,0,0.538,3.0,2,0
2026-07-31,702047,9,0,2,3.014658,9.0,7,0
2026-07-31,702193,3,0,0,0.813,3.0,3,0
2026-07-31,805123,3,1,0,0.078,3.0,2,0
2026-07-31,805299,3,1,0,0.493,3.0,2,0
2026-07-31,805326,12,2,2,5.312658,12.0,8,1
2026-07-31,805427,6,3,0,0.235,6.0,3,0
2026-07-31,805673,22,10,2,6.398428,22.0,9,2
2026-07-31,806188,3,1,0,0.921,3.0,2,0
2026-07-31,806960,14,1,1,4.819829,14.0,12,1
2026-07-31,820862,12,4,1,5.448829,12.0,7,3
2026-08-01,445276,5,2,0,0.6759999999999999,5.0,3,0
2026-08-01,489446,5,1,1,0.926829,5.0,3,0
2026-08-01,518585,4,0,1,1.976829,4.0,3,1
2026-08-01,527048,25,6,2,5.243658,25.0,17,0
2026-08-01,547973,3,1,0,0.196,3.0,2,0
2026-08-01,552640,5,0,1,2.398829,5.0,4,0
2026-08-01,571945,27,3,1,11.717829,27.0,23,4
2026-08-01,573124,5,0,1,1.0590000000000002,4.0,4,0
2026-08-01,573204,3,0,0,0.891,3.0,3,0
2026-08-01,592155,3,2,0,0.832,3.0,1,0
2026-08-01,592332,25,4,1,7.827829,25.0,20,1
2026-08-01,593974,5,1,0,0.893,5.0,4,0
2026-08-01,594027,4,0,0,0.32299999999999995,4.0,4,0
2026-08-01,594580,4,0,1,1.2878290000000001,4.0,3,0
2026-08-01,594798,22,3,5,6.923316,21.0,14,0
2026-08-01,595345,5,2,0,1.057,5.0,3,0
2026-08-01,608331,19,7,1,2.971829,19.0,11,0
2026-08-01,608718,9,1,3,3.1644870000000003,9.0,5,0
2026-08-01,621097,3,1,0,0.535,3.0,2,0
2026-08-01,621111,21,1,2,7.508658,21.0,18,1
2026-08-01,621237,3,0,0,1.1280000000000001,3.0,3,1
2026-08-01,621345,1,0,0,0.013,1.0,1,0
2026-08-01,621381,4,1,0,1.061,4.0,3,1
2026-08-01,622554,3,2,0,0.056,3.0,1,0
2026-08-01,623149,5,0,0,4.726,5.0,5,1
2026-08-01,623352,3,1,0,0.203,3.0,2,0
2026-08-01,623474,5,1,0,2.122,5.0,4,1
2026-08-01,640448,5,0,1,4.192829,5.0,4,1
2026-08-01,641302,6,1,0,1.937,6.0,5,1
2026-08-01,641329,3,1,0,0.353,3.0,2,0
2026-08-01,641816,25,9,2,6.733428,25.0,13,1
2026-08-01,642100,4,1,1,2.028829,4.0,2,0
2026-08-01,642397,3,1,0,0.2,3.0,2,0
2026-08-01,642528,5,0,0,1.885,5.0,5,1
2026-08-01,643361,3,0,0,0.385,3.0,3,0
2026-08-01,643511,3,0,0,0.42100000000000004,3.0,3,0
2026-08-01,650556,3,1,0,0.403,2.0,1,0
2026-08-01,650911,25,11,5,6.488145,25.0,9,0
2026-08-01,650960,7,1,0,2.582,7.0,6,1
2026-08-01,656240,8,1,0,2.575,8.0,7,0
2026-08-01,656464,5,0,1,1.724829,5.0,4,0
2026-08-01,656546,5,1,1,2.047829,5.0,3,1
2026-08-01,656638,9,3,1,2.243829,9.0,5,1
2026-08-01,656730,3,0,0,0.828,3.0,3,0
2026-08-01,656849,25,8,0,6.982,25.0,17,2
2026-08-01,656876,22,10,1,6.4108290000000006,22.0,11,2
2026-08-01,656986,3,1,2,1.395658,3.0,0,0
2026-08-01,657097,4,1,0,0.48500000000000004,4.0,3,0
2026-08-01,657265,7,1,1,1.910829,7.0,5,0
2026-08-01,657571,3,1,0,0.14500000000000002,3.0,2,0
2026-08-01,660761,5,0,1,0.814829,5.0,4,0
2026-08-01,660853,3,1,0,0.5900000000000001,3.0,2,0
2026-08-01,661395,3,0,0,0.063,3.0,3,0
2026-08-01,662253,4,2,0,0.523,4.0,2,0
2026-08-01,663372,26,3,1,7.4958290000000005,26.0,22,2
2026-08-01,663423,4,0,2,1.7336580000000001,4.0,2,0
2026-08-01,663855,3,1,0,0.742,3.0,2,0
2026-08-01,663969,21,3,0,7.505,21.0,18,1
2026-08-01,664076,1,1,0,0.0,1.0,0,0
2026-08-01,664285,30,6,2,9.850658000000001,30.0,22,2
2026-08-01,664849,7,0,1,2.9845990000000002,7.0,5,0
2026-08-01,664991,3,0,2,1.6606580000000002,3.0,1,0
2026-08-01,665622,5,1,0,1.553,5.0,4,0
2026-08-01,666661,3,1,0,1.016,3.0,2,0
2026-08-01,667297,3,1,1,0.835829,3.0,1,0
2026-08-01,667463,2,0,0,0.757,2.0,2,0
2026-08-01,668390,2,0,0,0.755,2.0,2,0
2026-08-01,668674,8,1,1,3.504829,8.0,6,0
2026-08-01,668834,8,1,0,2.64,8.0,7,0
2026-08-01,668873,3,2,0,0.174,3.0,1,0
2026-08-01,669093,4,1,1,2.331829,4.0,2,0
2026-08-01,669199,10,2,0,1.585,10.0,8,0
2026-08-01,669302,26,6,1,7.364829,25.0,19,3
2026-08-01,669358,26,4,1,8.083829,25.0,20,0
2026-08-01,669387,11,4,1,3.861829,11.0,6,2
2026-08-01,669854,21,4,2,4.4686580000000005,20.0,15,1
2026-08-01,670059,8,1,0,2.16577,7.0,6,0
2026-08-01,670062,4,0,1,1.346829,4.0,3,0
2026-08-01,670329,2,0,0,0.8130000000000001,2.0,2,0
2026-08-01,670950,5,1,0,1.102,5.0,4,0
2026-08-01,670970,4,3,0,0.335,4.0,1,0
2026-08-01,671096,23,1,5,7.356145000000001,23.0,17,1
2026-08-01,672442,5,0,1,2.690829,5.0,4,0
2026-08-01,672629,7,3,0,0.4,7.0,4,0
2026-08-01,675848,4,1,0,0.939,4.0,3,0
2026-08-01,676775,5,1,0,1.524,5.0,4,0
2026-08-01,677952,19,5,1,3.682599,19.0,12,0
2026-08-01,678022,26,9,1,7.600829,26.0,16,3
2026-08-01,678868,5,2,0,0.66,5.0,3,0
2026-08-01,679883,15,2,3,5.687487,15.0,10,0
2026-08-01,680742,4,3,0,0.489,4.0,1,0
2026-08-01,680755,4,1,0,0.776,4.0,3,0
2026-08-01,680767,4,1,0,1.416,4.0,3,0
2026-08-01,680916,4,0,0,2.36577,4.0,3,1
2026-08-01,681217,6,2,1,1.9727700000000001,5.0,2,0
2026-08-01,681892,1,1,0,0.0,1.0,0,0
2026-08-01,681911,3,1,0,0.44,3.0,2,0
2026-08-01,681916,5,0,1,1.3980000000000001,3.0,4,0
2026-08-01,682120,7,1,1,2.670829,7.0,5,0
2026-08-01,682274,5,3,0,0.296,5.0,2,0
2026-08-01,682608,4,1,0,0.874,4.0,3,0
2026-08-01,682842,3,2,0,0.012,3.0,1,0
2026-08-01,682989,4,0,0,0.786,4.0,4,1
2026-08-01,683000,6,1,3,2.400487,6.0,2,0
2026-08-01,683409,4,0,2,1.593658,4.0,2,0
2026-08-01,683769,6,0,1,4.616599,6.0,4,2
2026-08-01,684442,19,6,1,7.565599,19.0,11,1
2026-08-01,685112,5,1,0,1.13,5.0,4,0
2026-08-01,686580,3,1,0,0.403,3.0,2,0
2026-08-01,687273,24,3,3,7.055487,24.0,18,0
2026-08-01,687330,3,2,0,0.021,3.0,1,0
2026-08-01,687396,2,0,0,1.193,2.0,2,0
2026-08-01,687570,24,5,4,7.661316,24.0,15,0
2026-08-01,688107,21,6,2,7.184658,21.0,13,1
2026-08-01,689254,2,0,1,0.7448290000000001,2.0,1,0
2026-08-01,694477,7,5,0,1.005,7.0,2,0
2026-08-01,695049,14,3,0,3.9,14.0,11,1
2026-08-01,695243,7,3,1,1.606829,7.0,3,1
2026-08-01,696519,8,4,0,2.372,8.0,4,1
2026-08-01,701519,3,1,1,0.8728290000000001,3.0,1,0
2026-08-01,702021,4,0,0,1.794,4.0,4,1
2026-08-01,702193,4,0,1,1.957,3.0,3,2
2026-08-01,702273,19,4,0,4.56777,18.0,14,0
2026-08-01,702752,9,3,2,2.242658,9.0,4,0
2026-08-01,703725,7,0,0,1.24277,7.0,6,0
2026-08-01,800048,20,6,1,4.595829,20.0,13,0
2026-08-01,801139,26,7,2,7.810829,25.0,17,1
2026-08-01,804267,24,2,3,9.135257000000001,24.0,18,1
2026-08-01,808967,28,3,1,6.386829,28.0,24,2
2026-08-02,453286,23,5,1,5.974829,23.0,17,0
2026-08-02,476594,18,4,0,6.28,18.0,14,2
2026-08-02,518876,25,5,4,10.349316,25.0,16,1
2026-08-02,518886,6,1,2,3.851658,6.0,3,2
2026-08-02,543037,23,5,3,8.105487,23.0,15,1
2026-08-02,544150,8,0,2,3.654658,8.0,6,0
2026-08-02,548384,3,0,0,0.39799999999999996,3.0,3,0
2026-08-02,554430,7,3,0,0.7,7.0,4,0
2026-08-02,571927,3,0,0,0.505,3.0,3,0
2026-08-02,592773,4,1,0,0.742,4.0,3,0
2026-08-02,594027,5,1,0,1.5670000000000002,5.0,4,0
2026-08-02,595345,4,1,0,2.366,3.0,3,1
2026-08-02,596133,3,1,0,0.481,3.0,2,0
2026-08-02,606996,10,2,0,1.111,9.0,7,0
2026-08-02,607067,23,7,1,6.179829,23.0,15,2
2026-08-02,607481,7,0,0,1.592,7.0,7,0
2026-08-02,607536,34,8,2,6.644658,34.0,24,0
2026-08-02,607625,25,3,5,8.524145,25.0,17,0
2026-08-02,621112,4,1,2,1.816658,4.0,1,0
2026-08-02,621345,5,1,0,1.494,5.0,4,0
2026-08-02,622088,6,2,1,2.268829,6.0,3,0
2026-08-02,623211,4,2,1,0.832829,4.0,1,0
2026-08-02,623454,5,2,0,1.163,5.0,3,0
2026-08-02,623465,3,0,0,0.283,3.0,3,0
2026-08-02,628452,4,1,1,0.9978290000000001,4.0,2,0
2026-08-02,641302,3,0,0,1.3757700000000002,3.0,2,0
2026-08-02,641386,8,0,2,4.306428,8.0,5,1
2026-08-02,641743,27,3,1,7.012829,25.0,22,1
2026-08-02,641835,7,3,0,1.7269999999999999,7.0,4,0
2026-08-02,642207,5,0,0,0.989,4.0,4,0
2026-08-02,643377,21,8,0,2.7560000000000002,20.0,12,0
2026-08-02,645261,24,5,2,6.684658,24.0,17,1
2026-08-02,646241,5,3,0,0.58,5.0,2,0
2026-08-02,650556,3,2,1,0.697829,3.0,0,0
2026-08-02,650644,5,0,0,0.782,5.0,5,0
2026-08-02,656271,3,2,0,0.039,3.0,1,0
2026-08-02,656288,8,0,0,2.6980000000000004,8.0,8,1
2026-08-02,656529,5,2,0,0.639,5.0,3,0
2026-08-02,656605,16,2,4,10.516316,16.0,10,3
2026-08-02,656848,4,2,1,0.770829,4.0,1,0
2026-08-02,657044,4,2,0,0.189,4.0,2,0
2026-08-02,660825,4,0,0,2.685,4.0,4,1
2026-08-02,662253,6,2,1,1.936829,6.0,3,1
2026-08-02,663558,3,0,0,1.3780000000000001,3.0,3,0
2026-08-02,663567,20,8,2,4.4606580000000005,20.0,10,1
2026-08-02,663687,4,1,1,1.355829,4.0,2,0
2026-08-02,663878,3,1,0,0.193,3.0,2,0
2026-08-02,663947,4,0,0,0.583,4.0,4,0
2026-08-02,664126,5,1,2,1.784658,5.0,2,0
2026-08-02,664141,3,0,1,1.183829,3.0,2,0
2026-08-02,664199,5,1,0,0.715,5.0,4,0
2026-08-02,665660,5,1,0,0.912,5.0,4,1
2026-08-02,666126,5,0,0,2.588,5.0,5,1
2026-08-02,666171,7,4,0,0.581,7.0,3,0
2026-08-02,666277,5,1,0,2.1149999999999998,5.0,4,0
2026-08-02,666808,4,1,0,1.123,4.0,3,1
2026-08-02,668390,5,1,1,1.6638290000000002,5.0,3,0
2026-08-02,668716,4,1,0,0.49400000000000005,4.0,3,0
2026-08-02,668820,3,0,0,1.4979999999999998,3.0,3,1
2026-08-02,668909,19,10,1,3.034829,19.0,8,1
2026-08-02,669020,6,2,0,0.988,6.0,4,0
2026-08-02,669062,2,0,0,0.90177,2.0,1,0
2026-08-02,669084,6,1,1,1.550829,6.0,4,0
2026-08-02,669093,3,1,1,0.7528290000000001,3.0,1,0
2026-08-02,669165,8,4,1,2.432829,8.0,3,1
2026-08-02,669276,3,1,1,0.8518290000000001,3.0,1,0
2026-08-02,669461,20,7,1,2.967829,20.0,12,0
2026-08-02,669711,1,0,0,0.116,1.0,1,0
2026-08-02,669923,26,3,1,7.339829,26.0,22,2
2026-08-02,670036,4,1,1,1.1588289999999999,4.0,2,0
2026-08-02,670090,12,1,2,4.116428,11.0,8,0
2026-08-02,670280,5,1,1,1.4148290000000001,5.0,3,0
2026-08-02,670970,5,3,0,0.80277,5.0,1,0
2026-08-02,670990,8,3,2,1.9306580000000002,8.0,3,0
2026-08-02,671737,29,2,4,11.097316,29.0,23,1
2026-08-02,671922,7,1,2,1.986658,7.0,4,0
2026-08-02,672456,22,2,2,6.885428,22.0,17,1
2026-08-02,672782,4,1,0,2.283,4.0,3,0
2026-08-02,674444,3,1,0,0.07300000000000001,3.0,2,0
2026-08-02,676263,5,2,1,1.356829,5.0,2,0
2026-08-02,676477,4,1,1,0.772829,4.0,2,0
2026-08-02,676604,4,0,0,0.9359999999999999,4.0,4,0
2026-08-02,676617,4,1,0,1.1099999999999999,4.0,3,0
2026-08-02,676664,7,0,1,3.1495990000000003,7.0,5,0
2026-08-02,676760,10,2,1,3.123599,10.0,6,0
2026-08-02,676917,23,3,1,7.380829,23.0,19,2
2026-08-02,677020,4,1,0,2.175,4.0,3,1
2026-08-02,677958,28,5,2,7.162658,27.0,20,1
2026-08-02,678606,4,1,0,1.927,4.0,3,1
2026-08-02,679775,5,1,1,2.230829,5.0,3,0
2026-08-02,680694,12,3,2,4.228658,12.0,7,1
2026-08-02,681916,4,1,0,1.085,4.0,3,0
2026-08-02,683769,2,0,1,1.090829,2.0,1,0
2026-08-02,684665,3,0,1,1.435829,3.0,2,0
2026-08-02,684974,4,1,0,0.88077,4.0,2,0
2026-08-02,685112,3,0,0,0.445,3.0,3,0
2026-08-02,686218,16,4,1,7.533599,16.0,10,3
2026-08-02,686580,1,0,0,0.526,1.0,1,0
2026-08-02,686973,7,0,1,3.007829,7.0,6,0
2026-08-02,687239,5,0,1,1.818829,5.0,4,0
2026-08-02,687377,4,1,0,1.5470000000000002,4.0,3,0
2026-08-02,687396,4,3,0,0.017,4.0,1,0
2026-08-02,687562,24,4,2,5.626829,23.0,18,0
2026-08-02,687911,4,1,0,0.696,4.0,3,0
2026-08-02,688297,2,1,0,1.54,2.0,1,1
2026-08-02,689254,1,0,0,0.027,1.0,1,0
2026-08-02,689266,3,1,0,0.10300000000000001,3.0,2,0
2026-08-02,689296,7,0,2,2.680658,7.0,5,0
2026-08-02,691799,6,1,0,1.053,6.0,5,0
2026-08-02,693686,8,1,1,1.648,7.0,6,0
2026-08-02,694738,25,6,4,9.119316,24.0,14,1
2026-08-02,694819,24,10,1,4.034829,24.0,13,0
2026-08-02,695239,3,0,0,1.27777,3.0,2,0
2026-08-02,695505,22,9,2,6.160428,22.0,10,0
2026-08-02,695611,21,5,6,8.378974,21.0,10,0
2026-08-02,696070,6,1,1,2.895829,6.0,4,1
2026-08-02,696147,2,0,1,0.8568290000000001,2.0,1,0
2026-08-02,696522,5,0,0,1.9060000000000001,5.0,5,0
2026-08-02,699134,4,2,0,0.479,4.0,2,0
2026-08-02,700712,22,7,3,5.911487,21.0,11,0
2026-08-02,701474,5,1,0,1.584,5.0,4,0
2026-08-02,702047,8,2,0,1.9649999999999999,8.0,6,1
2026-08-02,702275,20,4,3,8.563257,20.0,12,2
2026-08-02,800311,6,4,0,0.526,6.0,2,0
2026-08-02,805123,4,1,0,0.108,4.0,3,0
2026-08-03,518585,3,2,0,0.015,3.0,1,0
2026-08-03,547179,18,0,3,9.623487,18.0,15,2
2026-08-03,571510,28,3,1,11.548829000000001,28.0,24,3
2026-08-03,592773,4,1,0,3.808,4.0,3,2
2026-08-03,593974,6,0,0,1.767,5.0,6,0
2026-08-03,605400,24,5,2,7.331658,24.0,17,1
2026-08-03,615698,24,4,1,7.091829,24.0,19,1
2026-08-03,642232,3,0,0,1.45,3.0,3,1
2026-08-03,642397,7,3,1,1.4805990000000002,6.0,2,0
2026-08-03,642546,7,2,0,1.164,7.0,5,0
2026-08-03,643511,3,0,0,0.228,3.0,3,0
2026-08-03,650633,23,5,4,7.317316,23.0,14,1
2026-08-03,656529,5,1,1,1.026829,5.0,3,0
2026-08-03,656945,4,2,1,0.9818290000000001,4.0,1,0
2026-08-03,657277,24,8,1,5.031829,24.0,15,0
2026-08-03,657612,6,1,0,2.7840000000000003,6.0,5,1
2026-08-03,661395,4,2,0,0.98477,4.0,1,0
2026-08-03,663423,4,1,0,0.13799999999999998,4.0,3,0
2026-08-03,663765,3,0,0,1.339,3.0,3,0
2026-08-03,663884,6,1,2,1.9956580000000002,6.0,3,0
2026-08-03,663893,5,4,1,0.697829,5.0,0,0
2026-08-03,663941,3,0,1,2.572829,3.0,2,1
2026-08-03,664299,24,2,0,6.998,24.0,22,0
2026-08-03,665645,7,2,1,1.142829,6.0,3,0
2026-08-03,665665,1,0,0,0.066,1.0,1,0
2026-08-03,666277,3,1,0,1.121,3.0,2,1
2026-08-03,666661,5,2,0,0.815,5.0,3,0
2026-08-03,666808,3,1,0,0.21100000000000002,3.0,2,0
2026-08-03,668831,12,4,1,1.602829,12.0,7,0
2026-08-03,668984,7,0,0,3.60377,7.0,6,0
2026-08-03,669093,2,0,0,0.098,2.0,2,0
2026-08-03,669456,28,6,2,10.936658,28.0,20,2
2026-08-03,673513,6,2,1,1.173829,6.0,3,0
2026-08-03,674841,24,5,3,8.145257,24.0,15,0
2026-08-03,675627,10,0,0,4.839,10.0,10,1
2026-08-03,676680,4,1,1,1.842829,4.0,2,1
2026-08-03,676775,3,1,0,0.8939999999999999,3.0,2,0
2026-08-03,676879,8,3,1,2.498829,8.0,4,0
2026-08-03,677865,6,0,0,1.298,6.0,6,0
2026-08-03,678868,3,0,0,1.04177,3.0,2,0
2026-08-03,679775,5,1,1,1.646829,5.0,3,0
2026-08-03,680736,23,4,3,10.313487,23.0,16,4
2026-08-03,680755,5,0,2,1.125829,4.0,3,0
2026-08-03,682254,4,3,0,0.035,4.0,1,0
2026-08-03,682608,5,0,1,1.4628290000000002,5.0,4,0
2026-08-03,683409,9,0,1,5.2508289999999995,8.0,7,1
2026-08-03,683618,6,2,3,2.564487,6.0,1,0
2026-08-03,685299,27,3,0,10.504,27.0,24,3
2026-08-03,687075,16,4,2,4.8356580000000005,16.0,10,0
2026-08-03,687239,4,1,1,1.075829,4.0,2,0
2026-08-03,687330,1,0,0,0.037,1.0,1,0
2026-08-03,689147,3,2,0,0.492,3.0,1,0
2026-08-03,690925,3,0,1,3.020829,3.0,2,1
2026-08-03,693645,17,6,5,6.4431449999999995,17.0,6,1
2026-08-03,693855,25,9,0,8.693,25.0,16,2
2026-08-03,694297,25,3,1,5.267829,25.0,21,0
2026-08-03,694477,3,2,0,0.041,3.0,1,0
2026-08-03,696149,24,5,4,10.052316,24.0,15,0
2026-08-03,700241,18,5,1,5.9848289999999995,18.0,12,1
2026-08-03,700669,6,2,0,1.03,6.0,4,0
2026-08-03,805299,3,0,0,0.714,3.0,3,0
2026-08-03,837227,9,5,0,0.6859999999999999,9.0,4,0
2026-08-04,489446,3,0,0,0.543,3.0,3,0
2026-08-04,518585,3,0,0,1.914,3.0,3,1
2026-08-04,552640,5,1,0,1.036,5.0,4,0
2026-08-04,571927,5,1,0,1.042,5.0,4,0
2026-08-04,573124,4,0,1,2.126829,4.0,3,1
2026-08-04,592155,4,1,0,0.791,4.0,3,0
2026-08-04,592866,5,2,0,1.2189999999999999,5.0,3,0
2026-08-04,593958,29,4,0,11.029,29.0,25,2
2026-08-04,594580,5,0,0,1.5030000000000001,5.0,5,1
2026-08-04,605288,1,0,0,0.046,1.0,1,0
2026-08-04,605447,7,2,2,1.3338290000000002,6.0,3,0
2026-08-04,607200,15,1,1,6.165829,15.0,13,2
2026-08-04,608566,8,1,1,5.906829,8.0,6,2
2026-08-04,621053,1,0,0,0.012,1.0,1,0
2026-08-04,621074,3,1,1,1.177829,3.0,1,0
2026-08-04,621097,4,1,1,0.7308290000000001,4.0,2,0
2026-08-04,621242,5,1,1,2.181829,5.0,3,1
2026-08-04,622554,7,0,2,4.631658,7.0,5,1
2026-08-04,622608,3,0,1,1.2008290000000001,3.0,2,0
2026-08-04,623149,4,1,0,1.3877700000000002,4.0,2,0
2026-08-04,623465,2,0,0,1.057,2.0,2,0
2026-08-04,623474,3,2,0,0.083,3.0,1,0
2026-08-04,628452,7,0,1,1.9608290000000002,6.0,5,0
2026-08-04,640455,28,7,5,11.626915,28.0,15,2
2026-08-04,641329,3,2,0,0.008,3.0,1,0
2026-08-04,641793,27,2,1,9.807829,27.0,24,0
2026-08-04,641941,5,1,0,0.87,5.0,4,0
2026-08-04,642528,5,0,1,1.105829,5.0,4,0
2026-08-04,642547,19,3,1,8.000829,19.0,15,2
2026-08-04,650960,4,0,1,1.810829,4.0,3,0
2026-08-04,656288,3,0,0,0.67,3.0,3,0
2026-08-04,656550,23,5,1,5.989829,23.0,17,0
2026-08-04,656641,6,1,1,1.858829,6.0,4,0
2026-08-04,656730,3,0,0,0.22599999999999998,3.0,3,0
2026-08-04,656786,4,0,1,1.725829,4.0,3,0
2026-08-04,656986,3,1,0,0.063,3.0,2,0
2026-08-04,657044,5,0,1,2.085829,5.0,4,0
2026-08-04,657097,3,0,0,0.16899999999999998,2.0,2,0
2026-08-04,657514,3,0,0,0.583,3.0,3,0
2026-08-04,657571,5,1,0,1.327,5.0,4,0
2026-08-04,657746,25,3,2,7.434658000000001,25.0,20,0
2026-08-04,660853,7,1,0,1.653,7.0,6,0
2026-08-04,663436,25,1,2,12.636428,25.0,21,3
2026-08-04,663687,5,1,3,2.096487,5.0,1,0
2026-08-04,663738,4,1,0,1.309,4.0,3,0
2026-08-04,663776,23,5,4,7.628316,23.0,14,0
2026-08-04,663878,4,0,0,1.411,4.0,4,0
2026-08-04,663893,4,0,1,1.998829,4.0,3,0
2026-08-04,663903,24,6,3,7.840487,24.0,15,0
2026-08-04,664076,2,0,0,0.717,2.0,2,0
2026-08-04,664141,4,0,1,1.859829,4.0,3,0
2026-08-04,665660,1,1,0,0.0,1.0,0,0
2026-08-04,665665,6,1,1,1.919,5.0,4,0
2026-08-04,665871,21,3,2,6.445658000000001,20.0,15,0
2026-08-04,666171,3,0,0,0.247,3.0,3,0
2026-08-04,666200,29,7,2,7.396658,29.0,20,2
2026-08-04,666974,4,2,0,0.519,4.0,2,0
2026-08-04,667463,5,0,0,2.346,5.0,5,1
2026-08-04,668873,4,2,0,0.452,4.0,2,0
2026-08-04,668984,6,1,0,1.205,6.0,5,0
2026-08-04,669020,3,1,0,0.40299999999999997,3.0,2,0
2026-08-04,669022,24,4,3,7.340487,24.0,17,1
2026-08-04,669062,1,1,0,0.0,1.0,0,0
2026-08-04,669276,4,2,1,0.965829,4.0,1,0
2026-08-04,669372,24,5,2,6.9846580000000005,24.0,17,0
2026-08-04,669373,24,6,2,6.644658,24.0,16,1
2026-08-04,669620,3,0,0,1.678,3.0,3,0
2026-08-04,669711,3,0,1,0.927829,3.0,2,0
2026-08-04,669713,23,4,2,6.767658,23.0,17,0
2026-08-04,670062,3,2,0,0.193,3.0,1,0
2026-08-04,670167,4,2,1,1.0878290000000002,4.0,1,0
2026-08-04,670280,5,3,1,0.425,4.0,1,0
2026-08-04,670329,5,1,1,2.2718290000000003,5.0,3,0
2026-08-04,670990,3,1,0,0.233,3.0,2,0
2026-08-04,671345,3,0,0,0.949,3.0,3,0
2026-08-04,672629,3,1,0,0.131,3.0,2,0
2026-08-04,673540,4,0,1,1.130829,4.0,3,0
2026-08-04,674444,5,0,0,2.769,5.0,5,1
2026-08-04,675512,25,4,2,5.3116579999999995,25.0,19,0
2026-08-04,675848,5,0,0,1.4320000000000002,5.0,5,0
2026-08-04,676106,27,6,2,7.768658,27.0,19,2
2026-08-04,676263,1,1,0,0.0,1.0,0,0
2026-08-04,676282,24,5,2,10.384658,24.0,17,4
2026-08-04,677944,10,4,0,3.295,10.0,6,1
2026-08-04,677960,21,6,1,6.458829,21.0,14,0
2026-08-04,677961,2,2,0,0.0,2.0,0,0
2026-08-04,677976,21,1,3,7.990487,21.0,17,1
2026-08-04,678394,9,2,0,1.458,9.0,7,0
2026-08-04,680570,26,6,1,7.253599,26.0,18,2
2026-08-04,680755,3,1,0,1.1099999999999999,3.0,2,0
2026-08-04,680767,6,1,1,2.4235990000000003,6.0,3,0
2026-08-04,681006,4,2,0,0.683,4.0,2,0
2026-08-04,681190,20,1,1,3.8088290000000002,20.0,18,0
2026-08-04,681217,4,0,1,1.662829,4.0,3,1
2026-08-04,681320,4,1,1,0.7598290000000001,4.0,2,0
2026-08-04,681892,5,2,0,1.053,4.0,3,1
2026-08-04,681911,4,0,0,2.284,4.0,4,0
2026-08-04,681916,5,1,1,1.214,4.0,3,1
2026-08-04,682120,4,0,1,1.8978290000000002,4.0,3,1
2026-08-04,682608,1,1,0,0.0,1.0,0,0
2026-08-04,682842,5,3,0,1.68977,5.0,1,0
2026-08-04,683003,21,4,1,8.582829,21.0,16,2
2026-08-04,687223,4,0,1,2.537829,4.0,3,0
2026-08-04,687312,22,7,2,5.764658,22.0,13,1
2026-08-04,687330,5,0,1,1.1179999999999999,3.0,4,0
2026-08-04,687396,5,1,1,2.045829,5.0,3,0
2026-08-04,687473,23,5,0,6.217,23.0,18,2
2026-08-04,689149,20,3,4,8.458316,20.0,13,1
2026-08-04,689254,4,0,1,1.519829,4.0,3,0
2026-08-04,689266,2,0,0,0.651,2.0,2,0
2026-08-04,690928,26,4,3,7.549487,26.0,19,1
2026-08-04,693308,5,0,0,1.984,4.0,5,1
2026-08-04,694918,22,3,1,5.598829,22.0,18,0
2026-08-04,695239,3,2,0,0.219,3.0,1,0
2026-08-04,696062,10,3,1,1.983829,10.0,6,0
2026-08-04,699134,3,1,0,0.301,3.0,2,0
2026-08-04,700249,23,7,1,6.039829,23.0,15,0
2026-08-04,700270,5,3,1,1.459829,5.0,1,0
2026-08-04,701519,4,0,1,0.938829,4.0,3,0
2026-08-04,701656,23,8,1,5.328829,23.0,14,2
2026-08-04,702056,7,0,1,2.3328290000000003,7.0,6,0
2026-08-04,815083,5,1,1,2.261829,5.0,3,1
2026-08-05,543243,23,8,2,4.268428,23.0,12,0
2026-08-05,548384,6,2,0,2.335,6.0,4,1
2026-08-05,552640,3,0,0,0.8600000000000001,3.0,3,0
2026-08-05,573204,5,0,0,3.285,5.0,5,0
2026-08-05,592155,3,1,0,0.232,3.0,2,0
2026-08-05,592773,5,2,2,2.2076580000000003,5.0,1,0
2026-08-05,592791,20,4,2,8.958658,20.0,14,1
2026-08-05,593974,4,1,0,0.579,4.0,3,0
2026-08-05,594027,3,1,0,0.432,3.0,2,0
2026-08-05,595345,4,1,0,1.27677,4.0,2,0
2026-08-05,606996,11,3,1,2.108829,11.0,7,0
2026-08-05,607259,22,4,0,7.0489999999999995,22.0,18,1
2026-08-05,608372,22,3,2,7.351658,21.0,17,2
2026-08-05,621053,7,3,0,2.109,7.0,4,1
2026-08-05,621112,8,2,1,2.283829,8.0,5,0
2026-08-05,621237,6,1,2,2.156428,6.0,2,0
2026-08-05,621345,4,0,0,1.607,4.0,4,1
2026-08-05,622088,2,0,0,0.016,2.0,2,0
2026-08-05,622608,1,1,0,0.0,1.0,0,0
2026-08-05,623149,1,0,0,0.118,1.0,1,0
2026-08-05,623211,4,1,1,1.5438290000000001,4.0,2,0
2026-08-05,623352,3,1,0,0.106,3.0,2,0
2026-08-05,623454,13,0,1,3.743829,13.0,12,1
2026-08-05,623465,3,0,0,0.738,3.0,3,0
2026-08-05,641302,5,3,0,0.45399999999999996,5.0,2,0
2026-08-05,641312,7,3,0,2.487,7.0,4,1
2026-08-05,641778,23,1,0,10.725,23.0,22,3
2026-08-05,641835,3,0,1,0.952829,3.0,2,0
2026-08-05,641941,3,1,0,0.019,3.0,2,0
2026-08-05,642100,3,1,0,0.73477,3.0,1,0
2026-08-05,642376,6,2,1,1.4088289999999999,6.0,3,0
2026-08-05,642546,2,0,0,0.06,2.0,2,0
2026-08-05,643511,4,0,0,0.654,3.0,3,0
2026-08-05,646241,8,1,0,4.43177,8.0,6,1
2026-08-05,650556,3,2,0,0.179,3.0,1,0
2026-08-05,650960,4,0,1,1.054829,4.0,3,0
2026-08-05,656240,6,1,0,1.1480000000000001,6.0,5,0
2026-08-05,656271,4,3,0,0.073,4.0,1,0
2026-08-05,656288,6,2,0,1.584,6.0,4,0
2026-08-05,656464,7,0,2,4.355658,7.0,5,1
2026-08-05,656546,3,2,0,0.864,3.0,1,1
2026-08-05,656730,3,1,0,1.422,3.0,2,1
2026-08-05,656786,3,0,0,0.5840000000000001,3.0,3,0
2026-08-05,656794,5,1,0,1.242,5.0,4,0
2026-08-05,656986,5,1,0,1.551,5.0,4,1
2026-08-05,657097,3,0,0,0.453,3.0,3,0
2026-08-05,657612,3,0,0,0.622,3.0,3,0
2026-08-05,660761,1,0,0,0.186,1.0,1,0
2026-08-05,660825,2,1,0,1.946,2.0,1,1
2026-08-05,661395,5,1,0,1.082,5.0,4,0
2026-08-05,662253,3,2,0,0.378,3.0,1,0
2026-08-05,663554,22,1,3,9.777487,22.0,18,3
2026-08-05,663558,4,3,1,0.697829,4.0,0,0
2026-08-05,663623,20,3,2,5.817658,20.0,15,2
2026-08-05,663767,4,0,1,1.026829,4.0,3,0
2026-08-05,663941,6,1,1,2.370829,6.0,4,0
2026-08-05,663947,6,1,0,0.765,6.0,5,0
2026-08-05,664076,4,1,1,1.128829,4.0,2,0
2026-08-05,664199,3,1,0,0.941,3.0,2,1
2026-08-05,665152,19,2,2,4.405658,19.0,15,0
2026-08-05,665645,4,1,1,1.522829,4.0,2,0
2026-08-05,666171,4,2,0,1.52277,4.0,1,1
2026-08-05,666277,5,3,1,1.426599,5.0,0,0
2026-08-05,666974,3,2,0,0.185,3.0,1,0
2026-08-05,667297,3,0,0,1.3650000000000002,3.0,3,0
2026-08-05,668390,4,0,0,0.5549999999999999,3.0,3,0
2026-08-05,668873,5,1,2,2.875658,4.0,2,1
2026-08-05,669084,4,0,1,2.136829,4.0,3,0
2026-08-05,669165,7,2,0,1.4200000000000002,7.0,5,0
2026-08-05,669199,9,2,1,3.5138290000000003,9.0,6,1
2026-08-05,669330,5,4,1,0.697829,5.0,0,0
2026-08-05,669432,21,9,0,3.429,21.0,12,1
2026-08-05,669467,21,4,3,6.132487,21.0,14,0
2026-08-05,669684,5,2,1,1.5878290000000002,4.0,1,0
2026-08-05,669724,3,0,1,1.835,2.0,2,1
2026-08-05,670036,3,2,0,0.816,3.0,1,0
2026-08-05,670329,1,0,0,0.003,1.0,1,0
2026-08-05,671345,3,1,0,0.5680000000000001,3.0,2,0
2026-08-05,671922,7,2,2,1.805658,7.0,3,0
2026-08-05,672282,17,5,1,7.1528290000000005,17.0,11,3
2026-08-05,672442,4,1,1,2.1068290000000003,4.0,2,0
2026-08-05,673380,7,2,0,2.113,7.0,5,0
2026-08-05,674003,20,5,2,5.534658,20.0,13,1
2026-08-05,674444,3,1,0,0.342,3.0,2,0
2026-08-05,675848,4,0,1,0.716829,2.0,3,0
2026-08-05,676263,1,0,0,0.0,1.0,1,0
2026-08-05,676440,22,10,0,6.64,22.0,12,3
2026-08-05,676477,4,2,0,0.596,4.0,2,0
2026-08-05,676534,5,3,0,1.192,5.0,2,0
2026-08-05,676617,4,1,1,0.891829,4.0,2,0
2026-08-05,676680,5,0,0,1.10477,5.0,4,0
2026-08-05,677865,4,0,1,1.457829,4.0,3,0
2026-08-05,680732,20,4,2,8.324658,20.0,14,1
2026-08-05,680742,4,2,1,0.711829,4.0,1,0
2026-08-05,681035,24,7,2,7.493428,24.0,14,1
2026-08-05,681217,5,1,1,1.948829,5.0,3,0
2026-08-05,681870,2,1,0,0.525,2.0,1,0
2026-08-05,681895,4,2,1,0.776829,4.0,1,0
2026-08-05,682052,19,9,1,3.025829,19.0,9,1
2026-08-05,682842,3,0,0,0.754,3.0,3,0
2026-08-05,683352,24,9,3,4.697487,24.0,12,0
2026-08-05,683618,5,3,0,0.97177,5.0,1,0
2026-08-05,683769,4,1,0,1.379,4.0,3,1
2026-08-05,684007,23,6,0,7.313000000000001,23.0,17,1
2026-08-05,684974,3,0,0,0.766,3.0,3,0
2026-08-05,686613,23,8,2,5.327658,23.0,13,1
2026-08-05,686973,3,1,0,0.143,3.0,2,0
2026-08-05,687377,5,0,1,1.5318289999999999,5.0,4,0
2026-08-05,687931,18,4,3,5.175487,18.0,11,0
2026-08-05,688642,6,2,0,0.375,5.0,3,0
2026-08-05,689147,3,0,0,0.47100000000000003,3.0,3,0
2026-08-05,689254,3,2,0,0.003,3.0,1,0
2026-08-05,689266,4,1,0,0.628,4.0,3,0
2026-08-05,690829,4,1,1,0.700829,3.0,1,0
2026-08-05,690925,4,1,1,1.066829,3.0,1,0
2026-08-05,690986,16,10,1,1.9248290000000001,16.0,5,0
2026-08-05,691587,24,9,2,6.5936580000000005,24.0,13,1
2026-08-05,691725,17,4,1,4.995599,17.0,11,0
2026-08-05,693313,9,2,1,3.025829,9.0,6,1
2026-08-05,693433,26,5,1,9.432139000000001,26.0,17,2
2026-08-05,693686,8,2,0,1.207,8.0,6,0
2026-08-05,693821,25,3,2,6.006658,25.0,20,0
2026-08-05,694477,4,2,1,1.255829,4.0,1,0
2026-08-05,694646,8,2,1,1.860829,7.0,5,1
2026-08-05,694795,4,0,0,1.727,4.0,4,1
2026-08-05,694973,20,6,4,6.594316,20.0,10,1
2026-08-05,695076,24,3,2,8.834658,24.0,19,2
2026-08-05,695239,4,1,0,0.81,4.0,3,0
2026-08-05,695380,3,0,0,1.451,3.0,3,0
2026-08-05,695418,3,0,0,1.4949999999999999,3.0,3,1
2026-08-05,695445,3,0,0,0.96,3.0,3,1
2026-08-05,696522,4,1,0,0.9720000000000001,4.0,3,0
2026-08-05,701542,23,5,1,8.651829,23.0,17,2
2026-08-05,702021,2,0,1,1.146829,2.0,1,0
2026-08-05,702070,28,9,1,4.8655990000000005,28.0,17,0
2026-08-05,800311,4,2,0,0.742,4.0,2,0
2026-08-05,805427,1,1,0,0.0,1.0,0,0
2026-08-05,806188,3,0,0,0.75,3.0,3,0
2026-08-05,820862,5,3,0,1.28377,5.0,1,0
2026-08-06,489446,3,2,0,0.261,3.0,1,0
2026-08-06,527048,9,3,1,1.259829,9.0,5,0
2026-08-06,544150,8,0,1,4.244829,8.0,7,1
2026-08-06,547973,4,0,0,0.625,4.0,4,0
2026-08-06,571945,25,1,1,9.982829,25.0,23,1
2026-08-06,572955,3,1,0,0.916,3.0,2,0
2026-08-06,573204,3,0,0,0.793,3.0,3,0
2026-08-06,592866,4,2,1,1.026829,4.0,1,0
2026-08-06,594027,3,1,0,0.273,3.0,2,0
2026-08-06,594580,1,0,0,0.132,1.0,1,0
2026-08-06,595978,4,1,0,0.41200000000000003,4.0,3,0
2026-08-06,607200,3,0,1,0.558,2.0,2,0
2026-08-06,607481,4,0,1,2.253829,4.0,3,0
2026-08-06,608379,22,1,3,7.488487,22.0,18,2
2026-08-06,608718,10,1,1,4.4798290000000005,10.0,8,0
2026-08-06,621016,1,0,0,0.963,1.0,1,0
2026-08-06,621074,3,2,0,0.269,3.0,1,0
2026-08-06,621111,18,3,1,4.639829,18.0,14,1
2026-08-06,621237,3,1,0,0.012,3.0,2,0
2026-08-06,622491,18,5,1,6.305829,18.0,12,1
2026-08-06,623211,6,1,0,0.42100000000000004,3.0,3,0
2026-08-06,624133,15,3,2,7.189428,15.0,9,1
2026-08-06,640448,3,0,0,1.343,3.0,3,0
2026-08-06,641755,4,0,0,1.457,4.0,4,0
2026-08-06,641927,23,0,0,6.624,23.0,23,2
2026-08-06,642048,3,1,1,1.4708290000000002,3.0,1,1
2026-08-06,642397,6,3,0,2.137,6.0,3,0
2026-08-06,642528,4,2,0,0.8350000000000001,4.0,2,1
2026-08-06,645302,9,0,1,4.531829,9.0,8,0
2026-08-06,650644,13,3,0,4.315,12.0,10,1
2026-08-06,650911,23,6,2,7.175428,23.0,14,1
2026-08-06,656271,5,1,0,1.053,5.0,4,1
2026-08-06,656302,24,10,1,4.167829,24.0,13,0
2026-08-06,656492,21,6,2,6.165658,21.0,13,1
2026-08-06,656638,4,1,1,1.284829,4.0,2,0
2026-08-06,656849,23,3,3,7.147487,23.0,17,0
2026-08-06,661395,3,1,0,0.7829999999999999,3.0,2,0
2026-08-06,663423,4,1,1,0.47000000000000003,3.0,2,0
2026-08-06,663542,4,2,0,0.251,3.0,1,0
2026-08-06,663558,5,0,2,2.209658,5.0,3,0
2026-08-06,663855,4,1,0,1.406,4.0,3,0
2026-08-06,663878,5,1,1,1.9975990000000001,5.0,2,0
2026-08-06,663893,3,0,1,0.551,1.0,1,0
2026-08-06,664285,25,5,2,7.813658,25.0,18,0
2026-08-06,664849,7,1,1,3.501599,7.0,4,0
2026-08-06,665660,4,2,2,1.395658,4.0,0,0
2026-08-06,666661,4,0,0,1.659,4.0,4,0
2026-08-06,666808,4,0,1,0.715829,3.0,2,0
2026-08-06,667463,8,0,1,4.272829,8.0,7,1
2026-08-06,668820,9,0,0,3.693,8.0,9,0
2026-08-06,668834,5,1,1,1.4428290000000001,5.0,3,0
2026-08-06,669020,3,0,0,1.191,3.0,3,1
2026-08-06,669062,9,3,1,2.877599,9.0,4,0
2026-08-06,669084,3,0,0,1.384,3.0,3,0
2026-08-06,669093,3,1,0,0.603,3.0,2,0
2026-08-06,669160,23,5,3,9.533257,23.0,14,2
2026-08-06,669276,1,0,0,0.025,1.0,1,0
2026-08-06,669620,3,0,0,0.329,3.0,3,0
2026-08-06,669684,4,0,0,0.13999999999999999,4.0,4,0
2026-08-06,669711,6,3,1,1.5698290000000001,6.0,2,0
2026-08-06,669724,4,2,0,0.694,4.0,2,0
2026-08-06,670036,6,0,1,1.404829,6.0,5,0
2026-08-06,670059,5,1,0,2.312,5.0,4,0
2026-08-06,670950,12,0,4,5.339487,11.0,8,1
2026-08-06,670970,4,3,0,0.74,4.0,1,0
2026-08-06,671096,27,4,2,8.999658,27.0,21,2
2026-08-06,672782,3,2,1,0.697829,3.0,0,0
2026-08-06,673540,3,2,0,0.446,3.0,1,0
2026-08-06,675540,9,0,1,3.198829,9.0,8,1
2026-08-06,676083,13,1,1,5.785829,13.0,11,2
2026-08-06,676477,3,1,0,0.032,3.0,2,0
2026-08-06,676604,4,2,1,0.775829,4.0,1,0
2026-08-06,676879,4,3,0,0.079,4.0,1,0
2026-08-06,677020,7,1,1,2.084829,7.0,5,0
2026-08-06,677944,5,0,2,3.4546580000000002,5.0,3,1
2026-08-06,677952,20,5,1,6.7828289999999996,20.0,14,3
2026-08-06,677961,6,1,1,2.600829,6.0,4,0
2026-08-06,678394,9,1,1,2.083,8.0,7,0
2026-08-06,680742,3,1,0,0.21200000000000002,3.0,2,0
2026-08-06,680755,3,1,0,0.432,3.0,2,0
2026-08-06,680767,10,1,1,2.789829,10.0,8,1
2026-08-06,681006,8,3,0,2.51377,8.0,4,0
2026-08-06,681320,3,2,0,0.032,3.0,1,0
2026-08-06,681892,4,1,0,1.111,4.0,3,1
2026-08-06,682120,4,2,1,0.7348290000000001,4.0,1,0
2026-08-06,682243,22,5,2,6.579658,22.0,15,2
2026-08-06,682274,5,2,1,1.3778290000000002,5.0,2,0
2026-08-06,682989,7,3,1,1.2758289999999999,7.0,3,0
2026-08-06,684442,18,1,1,8.486599,18.0,15,3
2026-08-06,684665,5,3,1,0.710829,5.0,1,0
2026-08-06,684974,6,1,0,1.237,5.0,5,0
2026-08-06,686580,6,2,0,1.408,5.0,3,0
2026-08-06,686751,9,4,0,3.436,9.0,5,2
2026-08-06,686930,21,7,3,8.624257,21.0,10,3
2026-08-06,686973,5,0,0,2.489,5.0,5,3
2026-08-06,687064,20,4,2,5.942658,20.0,14,1
2026-08-06,689147,6,3,1,1.778829,6.0,2,0
2026-08-06,690997,26,8,3,9.225487,26.0,15,1
2026-08-06,691594,2,0,0,0.776,2.0,2,0
2026-08-06,691769,15,1,2,5.348658,15.0,12,0
2026-08-06,691799,10,2,1,3.237599,10.0,6,0
2026-08-06,694477,4,1,1,1.830829,4.0,2,0
2026-08-06,695243,4,2,0,0.652,4.0,2,0
2026-08-06,695445,4,1,1,1.252,3.0,2,0
2026-08-06,696270,20,1,5,9.474915,20.0,13,3
2026-08-06,696519,5,2,0,0.304,4.0,2,0
2026-08-06,699134,6,1,0,0.842,6.0,5,0
2026-08-06,702193,3,1,0,0.279,3.0,2,0
2026-08-06,806188,5,0,0,1.827,5.0,5,1
2026-08-06,815083,4,2,1,0.7268290000000001,4.0,1,0
2026-08-07,518585,4,2,0,1.206,4.0,2,1
2026-08-07,518876,22,4,4,5.712316,21.0,13,0
2026-08-07,543135,22,2,2,8.306658,22.0,18,2
2026-08-07,554430,28,6,5,9.637145,28.0,17,1
2026-08-07,573204,4,1,0,1.835,4.0,3,0
2026-08-07,592332,26,4,1,5.375829,26.0,21,0
2026-08-07,592662,25,2,5,10.626145000000001,25.0,18,1
2026-08-07,592773,3,0,0,1.5150000000000001,3.0,3,0
2026-08-07,593974,8,1,0,2.157,8.0,7,0
2026-08-07,595345,5,1,0,1.8780000000000001,5.0,4,0
2026-08-07,596133,5,0,1,1.991829,5.0,4,0
2026-08-07,605288,22,4,1,5.896829,22.0,17,0
2026-08-07,607200,3,1,0,0.312,3.0,2,0
2026-08-07,608331,22,7,2,4.904658,22.0,13,0
2026-08-07,621016,6,1,0,1.4220000000000002,6.0,5,0
2026-08-07,621242,3,1,1,2.285829,3.0,1,1
2026-08-07,621345,1,1,0,0.0,1.0,0,0
2026-08-07,622554,5,2,1,1.229829,5.0,2,0
2026-08-07,622608,6,1,0,2.41,6.0,5,1
2026-08-07,623352,3,1,0,0.6910000000000001,3.0,2,0
2026-08-07,623474,3,2,0,0.026,3.0,1,0
2026-08-07,628452,7,2,1,2.839599,7.0,3,1
2026-08-07,641302,3,1,0,0.46499999999999997,3.0,2,0
2026-08-07,641312,3,0,1,1.682829,3.0,2,0
2026-08-07,641329,4,3,0,1.54,4.0,1,1
2026-08-07,641755,4,1,2,0.711829,3.0,1,0
2026-08-07,641816,23,9,2,6.180658,23.0,12,1
2026-08-07,641835,5,0,0,0.263,5.0,5,0
2026-08-07,642048,6,2,0,1.081,6.0,4,0
2026-08-07,642207,6,0,1,2.492829,6.0,5,0
2026-08-07,642376,5,0,1,1.8338290000000002,4.0,3,0
2026-08-07,643511,8,0,3,3.322487,8.0,4,0
2026-08-07,646241,3,1,0,0.12200000000000001,3.0,2,0
2026-08-07,650556,5,2,1,1.230829,5.0,2,0
2026-08-07,650960,4,1,0,0.879,4.0,3,0
2026-08-07,656240,11,0,2,4.458658,11.0,9,1
2026-08-07,656464,3,2,0,0.265,3.0,1,0
2026-08-07,656529,7,2,1,1.370829,7.0,4,0
2026-08-07,656546,6,2,2,2.213428,6.0,1,0
2026-08-07,656641,8,3,1,2.124829,8.0,4,0
2026-08-07,656848,6,2,2,1.7896580000000002,6.0,2,0
2026-08-07,656876,24,8,2,4.913658,24.0,14,0
2026-08-07,656945,6,1,2,1.425829,5.0,3,0
2026-08-07,656986,1,0,0,0.091,1.0,1,0
2026-08-07,657097,3,2,0,0.234,3.0,1,0
2026-08-07,657514,4,1,1,1.4325990000000002,4.0,1,0
2026-08-07,657571,5,2,0,0.835,5.0,3,0
2026-08-07,657612,3,0,0,1.371,3.0,3,1
2026-08-07,660761,2,0,0,0.6960000000000001,2.0,2,0
2026-08-07,660787,1,0,0,0.382,1.0,1,0
2026-08-07,660825,1,0,0,0.499,1.0,1,0
2026-08-07,663362,3,1,0,0.297,3.0,2,0
2026-08-07,663372,24,2,3,6.891487000000001,24.0,19,2
2026-08-07,663423,3,0,1,0.971829,3.0,2,0
2026-08-07,663738,10,2,2,2.6316580000000003,10.0,6,0
2026-08-07,663767,4,1,0,0.67,4.0,3,0
2026-08-07,663893,4,0,2,1.939658,4.0,2,0
2026-08-07,663969,18,4,1,8.294829,18.0,13,2
2026-08-07,664076,3,0,0,1.3317700000000001,3.0,2,0
2026-08-07,664141,5,1,0,2.073,5.0,4,0
2026-08-07,664199,4,0,0,1.603,4.0,4,0
2026-08-07,665622,4,2,0,0.9780000000000001,4.0,2,0
2026-08-07,666126,3,0,0,0.055,3.0,3,0
2026-08-07,666661,1,1,0,0.0,1.0,0,0
2026-08-07,667297,3,1,0,0.605,3.0,2,0
2026-08-07,667463,3,1,0,0.091,3.0,2,0
2026-08-07,667755,20,3,3,6.560487,20.0,14,0
2026-08-07,668674,4,0,0,1.38777,4.0,3,0
2026-08-07,668873,4,0,0,1.5279999999999998,4.0,4,1
2026-08-07,669060,10,2,0,1.648,10.0,8,0
2026-08-07,669276,5,2,2,1.401658,5.0,1,0
2026-08-07,669302,27,6,4,9.365316,26.0,17,2
2026-08-07,669358,28,9,1,4.875829,26.0,18,1
2026-08-07,669387,16,1,1,6.408829,16.0,14,1
2026-08-07,669854,19,1,3,8.242257,19.0,14,1
2026-08-07,670062,9,3,0,3.133,8.0,5,2
2026-08-07,670103,9,2,0,1.109,9.0,7,0
2026-08-07,670280,3,0,0,0.30300000000000005,3.0,3,0
2026-08-07,670950,7,0,0,1.922,7.0,7,1
2026-08-07,670990,11,4,1,1.837829,11.0,6,0
2026-08-07,672442,3,1,1,0.834829,3.0,1,0
2026-08-07,672456,27,5,3,7.656487,26.0,19,3
2026-08-07,672782,3,1,0,0.14300000000000002,3.0,2,0
2026-08-07,673380,6,0,0,3.3569999999999998,6.0,6,1
2026-08-07,673513,8,0,1,2.9928290000000004,8.0,7,1
2026-08-07,675660,26,4,4,10.194316,26.0,18,3
2026-08-07,676534,3,2,0,0.011,3.0,1,0
2026-08-07,676617,3,0,1,0.963829,3.0,2,0
2026-08-07,676620,5,0,0,1.436,5.0,5,0
2026-08-07,676775,3,0,1,1.4268290000000001,3.0,2,0
2026-08-07,676917,26,8,2,9.293658,26.0,16,3
2026-08-07,677865,3,0,0,0.17400000000000002,3.0,3,0
2026-08-07,678022,17,3,3,7.078487,17.0,11,4
2026-08-07,678606,4,0,0,1.51977,4.0,3,0
2026-08-07,680916,11,4,1,3.4458290000000003,11.0,6,0
2026-08-07,681517,22,8,0,7.946,22.0,14,2
2026-08-07,681751,6,1,2,1.653658,6.0,3,0
2026-08-07,681895,7,2,0,2.39177,7.0,4,0
2026-08-07,681916,4,0,1,2.1148290000000003,4.0,3,1
2026-08-07,682825,9,4,0,2.183,9.0,5,0
2026-08-07,683618,4,2,0,1.1360000000000001,4.0,2,0
2026-08-07,685112,6,2,1,2.0588290000000002,6.0,3,1
2026-08-07,687330,2,1,0,0.241,2.0,1,0
2026-08-07,687377,3,0,0,0.535,3.0,3,0
2026-08-07,687396,4,2,0,0.618,4.0,2,0
2026-08-07,689254,1,1,0,0.0,1.0,0,0
2026-08-07,689266,1,0,0,0.039,1.0,1,0
2026-08-07,689818,26,4,2,9.273428000000001,26.0,19,1
2026-08-07,690829,4,1,0,0.802,4.0,3,0
2026-08-07,690925,3,1,0,0.235,3.0,2,0
2026-08-07,691946,20,3,4,6.281316,20.0,13,0
2026-08-07,693308,3,2,0,0.023,3.0,1,0
2026-08-07,694795,7,0,1,2.500829,6.0,6,1
2026-08-07,695239,3,0,0,0.089,3.0,3,0
2026-08-07,695534,9,1,1,4.687829,9.0,7,2
2026-08-07,696131,21,2,3,6.842487,21.0,16,0
2026-08-07,696522,7,0,0,3.065,7.0,7,1
2026-08-07,702193,4,0,1,1.877829,4.0,3,0
2026-08-07,702273,5,1,0,2.59777,5.0,3,0
2026-08-07,800048,26,8,1,6.560829,26.0,17,2
2026-08-07,800311,4,1,0,0.9199999999999999,4.0,3,0
2026-08-07,801139,20,14,0,1.655,20.0,6,0
2026-08-07,804267,19,3,2,5.227658,19.0,14,0
2026-08-07,805123,4,2,1,1.019829,4.0,1,0
2026-08-07,805299,6,0,0,3.309,6.0,6,1
2026-08-07,805427,3,2,0,0.167,3.0,1,0
2026-08-07,805673,24,4,2,9.463658,24.0,18,2
2026-08-07,808963,23,5,1,6.372829,23.0,17,1
2026-08-07,820862,5,0,0,1.589,5.0,5,0
2026-08-08,453286,21,4,0,7.405,21.0,17,2
2026-08-08,476594,24,4,5,8.467915,23.0,13,1
2026-08-08,489446,3,0,0,0.66,3.0,3,0
2026-08-08,519242,23,8,2,7.077658,23.0,13,2
2026-08-08,543037,27,9,0,7.965,27.0,18,0
2026-08-08,548384,3,1,1,0.7438290000000001,3.0,1,0
2026-08-08,571927,6,2,0,1.224,6.0,4,0
2026-08-08,592155,5,0,1,2.357829,5.0,4,0
2026-08-08,594580,3,0,0,1.46,3.0,3,0
2026-08-08,594798,18,9,1,5.305829,18.0,8,2
2026-08-08,605280,18,1,2,7.686658,17.0,15,1
2026-08-08,605400,22,8,2,5.808658,22.0,12,1
2026-08-08,605447,5,1,0,2.061,5.0,4,0
2026-08-08,607067,18,0,2,8.082658,18.0,16,2
2026-08-08,607536,23,3,3,7.882257,23.0,16,2
2026-08-08,607625,24,5,1,6.6448290000000005,24.0,18,0
2026-08-08,615698,3,0,0,1.002,3.0,3,0
2026-08-08,620443,8,0,0,2.48,8.0,8,1
2026-08-08,621074,7,1,1,2.319829,7.0,5,0
2026-08-08,621112,1,0,0,0.174,1.0,1,0
2026-08-08,621237,5,1,2,2.035658,5.0,2,0
2026-08-08,621242,6,1,1,1.6300000000000001,5.0,4,0
2026-08-08,622554,3,1,0,0.127,3.0,2,0
2026-08-08,623465,1,0,0,0.086,1.0,1,0
2026-08-08,623474,4,0,1,1.415829,4.0,3,0
2026-08-08,641329,3,0,0,1.363,3.0,3,0
2026-08-08,641743,26,4,1,9.363599,25.0,19,3
2026-08-08,642528,6,2,0,1.552,6.0,4,0
2026-08-08,645261,25,8,1,4.443829,25.0,16,1
2026-08-08,650633,21,6,1,3.9258290000000002,21.0,14,1
2026-08-08,656546,5,1,0,1.162,5.0,4,0
2026-08-08,656730,3,0,0,0.308,3.0,3,0
2026-08-08,656786,6,0,1,2.076829,6.0,5,0
2026-08-08,656794,2,1,0,0.835,2.0,1,1
2026-08-08,656945,1,0,0,0.46,1.0,1,0
2026-08-08,657265,7,0,0,2.059,7.0,7,1
2026-08-08,657514,4,1,0,2.5100000000000002,4.0,3,1
2026-08-08,660853,6,2,0,0.8660000000000001,6.0,4,0
2026-08-08,661395,4,1,0,0.224,4.0,3,0
2026-08-08,662253,3,2,0,0.192,3.0,1,0
2026-08-08,663362,4,0,1,1.276829,4.0,3,0
2026-08-08,663542,4,0,0,0.961,4.0,4,0
2026-08-08,663567,24,3,3,7.895487,23.0,17,2
2026-08-08,663687,8,2,1,3.525829,8.0,5,0
2026-08-08,663767,9,1,1,2.545829,9.0,7,1
2026-08-08,663855,4,1,0,0.6739999999999999,4.0,3,0
2026-08-08,663878,4,2,0,1.3159999999999998,4.0,2,1
2026-08-08,663947,6,2,0,0.935,6.0,4,0
2026-08-08,664076,4,1,0,2.694,4.0,3,1
2026-08-08,664126,4,3,0,0.581,4.0,1,0
2026-08-08,664849,6,3,1,3.211829,6.0,2,1
2026-08-08,664991,6,3,2,3.2446580000000003,6.0,1,1
2026-08-08,665622,3,1,0,0.17,3.0,2,0
2026-08-08,665665,6,0,0,2.343,6.0,6,2
2026-08-08,668820,3,0,0,1.3019999999999998,3.0,3,1
2026-08-08,668909,22,7,2,4.100658,22.0,13,1
2026-08-08,668984,5,1,0,0.878,5.0,4,0
2026-08-08,669093,4,2,1,1.411829,4.0,1,0
2026-08-08,669165,5,0,2,2.2126580000000002,5.0,3,0
2026-08-08,669199,6,4,0,0.207,6.0,2,0
2026-08-08,669330,7,1,0,2.729,7.0,6,2
2026-08-08,669461,24,3,2,10.116427999999999,24.0,18,2
2026-08-08,669923,20,2,2,5.755658,20.0,16,1
2026-08-08,670036,5,0,0,1.59877,5.0,4,0
2026-08-08,670059,4,0,0,2.43554,4.0,2,0
2026-08-08,670103,11,2,0,5.048,11.0,9,2
2026-08-08,670167,5,2,2,1.4616580000000001,5.0,1,0
2026-08-08,670280,5,1,1,1.693829,5.0,3,0
2026-08-08,670329,3,2,0,0.213,3.0,1,0
2026-08-08,670970,6,2,1,0.9798290000000001,6.0,3,0
2026-08-08,671737,23,7,2,5.964428,23.0,13,0
2026-08-08,672442,5,1,1,0.954829,5.0,3,0
2026-08-08,672629,7,1,2,2.707658,7.0,4,1
2026-08-08,674444,4,1,0,1.321,4.0,3,1
2026-08-08,674841,20,2,1,4.496829,20.0,17,0
2026-08-08,675540,14,4,4,4.245316,14.0,6,0
2026-08-08,675848,3,0,1,1.753829,3.0,2,0
2026-08-08,676263,3,1,0,0.162,3.0,2,0
2026-08-08,676680,3,2,0,0.023,3.0,1,0
2026-08-08,676760,10,1,1,4.448599,9.0,6,0
2026-08-08,676775,3,2,1,0.697829,3.0,0,0
2026-08-08,676879,3,2,0,0.055,3.0,1,0
2026-08-08,680694,22,4,0,5.54977,22.0,17,0
2026-08-08,680742,3,1,0,0.915,3.0,2,0
2026-08-08,680744,7,1,0,1.5390000000000001,7.0,6,0
2026-08-08,680755,5,1,1,1.759829,5.0,3,0
2026-08-08,681006,4,1,0,0.11,4.0,3,0
2026-08-08,681217,5,0,1,2.1710000000000003,4.0,4,1
2026-08-08,681751,3,1,0,0.133,3.0,2,0
2026-08-08,681870,1,0,0,0.165,1.0,1,0
2026-08-08,681892,4,3,0,0.723,4.0,1,0
2026-08-08,681911,5,1,2,1.411658,5.0,2,0
2026-08-08,682120,4,0,1,1.153829,4.0,3,0
2026-08-08,682608,8,1,1,2.224829,8.0,6,0
2026-08-08,682842,4,1,1,0.9228290000000001,4.0,2,0
2026-08-08,682989,6,2,1,2.659599,6.0,2,1
2026-08-08,686580,4,0,1,1.3258290000000001,4.0,3,0
2026-08-08,686751,4,1,1,1.455829,4.0,2,1
2026-08-08,686973,7,1,1,1.002829,7.0,5,0
2026-08-08,687330,4,0,0,0.77,4.0,4,0
2026-08-08,687396,4,0,0,3.181,4.0,4,1
2026-08-08,687562,25,5,3,7.117257,25.0,16,1
2026-08-08,687911,4,0,1,1.238829,3.0,2,0
2026-08-08,688107,23,3,2,10.139198,23.0,16,0
2026-08-08,689147,1,0,0,0.003,1.0,1,0
2026-08-08,690925,4,1,1,1.487829,4.0,2,0
2026-08-08,691799,4,0,0,1.601,4.0,4,0
2026-08-08,693313,10,0,3,3.802487,10.0,7,1
2026-08-08,693686,5,0,0,2.79,5.0,5,1
2026-08-08,694297,23,2,2,4.539658,23.0,19,0
2026-08-08,694477,5,0,0,1.23977,5.0,4,0
2026-08-08,694738,23,3,5,5.443145,23.0,15,0
2026-08-08,695049,24,7,1,6.212829,24.0,16,1
2026-08-08,695243,5,1,0,1.8517700000000001,5.0,3,0
2026-08-08,695505,25,6,3,7.175487,25.0,16,0
2026-08-08,695549,16,4,1,4.103829,15.0,10,1
2026-08-08,695611,27,11,2,6.955658,27.0,14,0
2026-08-08,696149,21,5,1,6.481829,21.0,15,1
2026-08-08,700712,14,2,3,5.517487,13.0,8,0
2026-08-08,701519,3,3,0,0.0,3.0,0,0
2026-08-08,703725,8,2,1,2.484829,8.0,5,1
2026-08-08,805299,2,0,0,0.346,2.0,2,0
2026-08-08,805345,4,0,0,1.748,4.0,4,0
2026-08-08,806188,4,0,1,1.685829,4.0,3,0
2026-08-08,808967,24,6,3,6.941257,24.0,14,1
2026-08-09,445276,3,3,0,0.0,3.0,0,0
2026-08-09,489446,6,0,1,2.9738290000000003,6.0,5,1
2026-08-09,544150,8,1,1,1.731829,8.0,6,0
2026-08-09,547179,23,1,3,11.542487,23.0,19,3
2026-08-09,547973,6,0,1,2.390829,6.0,5,0
2026-08-09,548384,3,0,0,0.639,3.0,3,0
2026-08-09,552640,3,0,0,0.8280000000000001,3.0,3,0
2026-08-09,571510,27,3,3,9.981487,27.0,21,1
2026-08-09,571927,5,0,0,2.09277,5.0,4,1
2026-08-09,592155,4,2,0,0.873,4.0,2,0
2026-08-09,592866,7,2,0,1.649,7.0,5,0
2026-08-09,593958,28,9,2,7.791658,28.0,17,0
2026-08-09,594027,3,1,0,0.248,2.0,1,0
2026-08-09,606996,3,1,0,0.168,3.0,2,0
2026-08-09,621074,1,0,0,0.218,1.0,1,0
2026-08-09,621112,6,2,0,1.041,6.0,4,0
2026-08-09,621345,6,0,1,0.73,4.0,5,0
2026-08-09,622088,7,2,1,0.9770000000000001,6.0,4,0
2026-08-09,623168,5,0,0,0.718,5.0,5,0
2026-08-09,623211,5,1,0,1.67,5.0,4,1
2026-08-09,623465,3,2,0,0.003,3.0,1,0
2026-08-09,628452,3,2,0,1.013,3.0,1,1
2026-08-09,640448,3,1,0,0.59,3.0,2,0
2026-08-09,640455,25,11,0,5.73877,25.0,13,1
2026-08-09,641312,10,2,1,5.2298290000000005,10.0,7,1
2026-08-09,641755,3,1,0,0.36,3.0,2,0
2026-08-09,641835,4,2,1,0.8728290000000001,4.0,1,0
2026-08-09,642397,5,1,0,1.168,5.0,4,0
2026-08-09,642546,6,1,0,0.62,6.0,5,0
2026-08-09,643511,6,0,2,1.502829,5.0,4,0
2026-08-09,656234,3,2,0,0.003,3.0,1,0
2026-08-09,656271,5,2,0,1.113,5.0,3,0
2026-08-09,656464,3,2,0,0.004,3.0,1,0
2026-08-09,656529,3,0,0,1.8170000000000002,3.0,3,0
2026-08-09,656550,21,2,2,7.762658,21.0,17,1
2026-08-09,656730,3,2,0,0.06,3.0,1,0
2026-08-09,656756,19,2,1,9.355829,19.0,16,3
2026-08-09,656786,3,0,0,2.049,3.0,3,1
2026-08-09,656794,6,2,1,1.863829,6.0,3,0
2026-08-09,656848,4,2,1,0.700829,4.0,1,0
2026-08-09,657277,28,2,1,6.728829,28.0,25,1
2026-08-09,660825,6,0,0,1.201,6.0,6,0
2026-08-09,661395,4,1,1,1.016829,4.0,2,0
2026-08-09,663436,6,1,1,2.488829,6.0,4,0
2026-08-09,663542,4,1,0,0.548,4.0,3,0
2026-08-09,663558,3,1,0,0.16,3.0,2,0
2026-08-09,663687,5,1,1,1.734829,5.0,3,0
2026-08-09,663855,4,1,0,0.732,4.0,3,0
2026-08-09,663893,5,3,2,1.395658,5.0,0,0
2026-08-09,663903,27,3,1,9.922829,27.0,23,1
2026-08-09,663947,3,3,0,0.0,3.0,0,0
2026-08-09,664199,3,0,0,0.946,3.0,3,0
2026-08-09,664299,24,2,1,11.484829,24.0,21,3
2026-08-09,665645,3,1,0,0.19,3.0,2,0
2026-08-09,665660,3,1,0,0.707,3.0,2,0
2026-08-09,665871,3,0,0,0.6719999999999999,3.0,3,0
2026-08-09,666171,4,2,0,0.194,4.0,2,0
2026-08-09,666200,27,12,1,3.960829,26.0,14,0
2026-08-09,666277,6,0,1,2.876829,6.0,5,1
2026-08-09,666808,5,3,1,1.066829,5.0,1,0
2026-08-09,667297,4,1,0,0.862,4.0,3,0
2026-08-09,668390,10,3,3,3.1164870000000002,10.0,4,0
2026-08-09,668674,5,2,0,1.357,5.0,3,0
2026-08-09,668834,13,3,2,6.234658,13.0,8,2
2026-08-09,668873,3,0,0,1.054,3.0,3,0
2026-08-09,668942,4,0,0,1.274,4.0,4,0
2026-08-09,668984,3,0,0,0.377,3.0,3,0
2026-08-09,669062,5,2,0,0.859,5.0,3,0
2026-08-09,669084,3,1,0,0.207,3.0,2,0
2026-08-09,669093,3,2,0,0.044,3.0,1,0
2026-08-09,669165,3,1,0,0.052,3.0,2,0
2026-08-09,669372,27,2,2,9.072198,27.0,21,0
2026-08-09,669456,26,4,3,9.516487,26.0,19,2
2026-08-09,669620,3,0,0,0.762,3.0,3,0
2026-08-09,670059,7,2,1,1.802599,7.0,3,0
2026-08-09,670245,6,0,0,1.414,6.0,6,0
2026-08-09,670950,5,0,2,2.067658,5.0,3,0
2026-08-09,671345,3,2,1,0.697829,3.0,0,0
2026-08-09,671922,3,1,0,0.153,3.0,2,0
2026-08-09,672782,3,1,1,0.691,2.0,1,0
2026-08-09,674073,7,2,0,1.505,7.0,5,0
2026-08-09,675512,22,5,1,5.090829,22.0,16,0
2026-08-09,676106,25,3,1,6.938599,25.0,20,0
2026-08-09,676282,6,3,0,2.096,6.0,3,1
2026-08-09,676477,5,3,0,0.45599999999999996,5.0,2,0
2026-08-09,676534,6,1,1,1.193829,6.0,4,0
2026-08-09,676604,4,2,0,0.786,4.0,2,0
2026-08-09,676617,3,0,0,1.084,3.0,3,0
2026-08-09,676620,3,2,0,0.057,3.0,1,0
2026-08-09,676879,6,3,1,1.276829,6.0,2,0
2026-08-09,677865,4,1,0,0.322,4.0,3,0
2026-08-09,677958,18,5,2,8.904658,18.0,11,3
2026-08-09,677976,26,4,1,8.411829000000001,26.0,21,0
2026-08-09,678394,15,4,0,2.9939999999999998,15.0,11,0
2026-08-09,678606,8,1,1,2.699,7.0,6,0
2026-08-09,680570,20,8,4,5.525316,20.0,8,0
2026-08-09,680736,20,3,3,7.750487000000001,19.0,14,1
2026-08-09,680755,8,0,3,1.957829,5.0,5,0
2026-08-09,680767,3,2,0,0.12,3.0,1,0
2026-08-09,681190,17,1,0,4.752,17.0,16,1
2026-08-09,681751,5,0,1,1.704,4.0,4,0
2026-08-09,681870,5,0,3,2.230487,5.0,2,0
2026-08-09,681892,4,2,1,0.0,2.0,1,0
2026-08-09,681895,6,0,2,2.4826580000000003,6.0,4,0
2026-08-09,681916,3,3,0,0.0,3.0,0,0
2026-08-09,682120,5,2,0,1.43577,5.0,2,0
2026-08-09,682254,3,3,0,0.0,3.0,0,0
2026-08-09,682274,9,3,1,1.961599,9.0,4,0
2026-08-09,682842,6,0,2,1.7296580000000001,6.0,4,0
2026-08-09,683003,20,3,3,8.435027,20.0,12,1
2026-08-09,683618,2,0,0,0.202,2.0,2,0
2026-08-09,683769,6,2,1,0.7558290000000001,6.0,3,0
2026-08-09,684974,7,0,4,5.264316,7.0,3,1
2026-08-09,685299,13,2,0,3.229,12.0,11,0
2026-08-09,687473,18,4,1,5.068829,18.0,13,1
2026-08-09,687570,20,7,2,8.066658,20.0,11,2
2026-08-09,687911,5,3,0,1.5590000000000002,5.0,2,1
2026-08-09,689147,7,0,0,2.637,7.0,7,0
2026-08-09,689254,3,1,0,0.054,3.0,2,0
2026-08-09,689266,3,1,1,0.713829,3.0,1,0
2026-08-09,689546,3,0,0,0.863,3.0,3,1
2026-08-09,693645,24,11,0,5.382,24.0,13,2
2026-08-09,693686,1,1,0,0.0,1.0,0,0
2026-08-09,693855,25,7,2,7.825658,25.0,16,2
2026-08-09,694795,5,1,1,1.933829,5.0,3,0
2026-08-09,694819,23,9,1,5.245829,23.0,13,2
2026-08-09,695380,5,0,0,0.877,5.0,5,0
2026-08-09,695418,11,4,0,3.01677,11.0,6,0
2026-08-09,696146,10,3,4,3.487316,10.0,3,0
2026-08-09,699134,6,1,0,1.121,6.0,5,0
2026-08-09,700241,26,4,2,10.023658000000001,26.0,20,2
2026-08-09,700249,15,2,2,6.118658,15.0,11,1
2026-08-09,702021,10,1,0,2.824,10.0,9,1
2026-08-09,702193,4,0,2,1.417658,4.0,2,0
2026-08-09,800311,5,3,0,1.78,5.0,2,1
2026-08-09,804668,5,0,0,1.811,5.0,5,0
2026-08-09,805123,8,1,0,5.084,8.0,7,4
2026-08-09,805427,6,2,1,1.528829,6.0,3,0
2026-08-10,543243,26,4,1,6.179599,26.0,20,1
2026-08-10,573124,7,1,0,2.54177,7.0,5,0
2026-08-10,592791,16,3,3,3.162487,16.0,10,0
2026-08-10,595345,4,1,0,1.26,4.0,3,0
2026-08-10,608718,10,3,1,1.497829,10.0,6,0
2026-08-10,621016,3,1,0,0.433,3.0,2,0
2026-08-10,621242,3,1,0,0.982,3.0,2,1
2026-08-10,623352,6,2,0,0.943,6.0,4,0
2026-08-10,641302,2,0,0,0.065,2.0,2,0
2026-08-10,641793,15,2,2,5.297658,15.0,11,1
2026-08-10,642048,1,0,0,0.303,1.0,1,0
2026-08-10,642547,24,5,1,9.046829,24.0,18,3
2026-08-10,643511,4,1,1,0.778829,4.0,2,0
2026-08-10,647336,18,4,3,7.479487000000001,18.0,11,1
2026-08-10,650960,7,0,1,1.638829,7.0,6,0
2026-08-10,656240,6,0,0,2.016,6.0,6,0
2026-08-10,656529,3,1,0,0.019,3.0,2,0
2026-08-10,656638,5,1,0,1.788,5.0,4,0
2026-08-10,656641,4,1,1,0.933829,4.0,2,0
2026-08-10,656945,3,0,1,1.160829,3.0,2,0
2026-08-10,657571,4,0,3,3.880487,4.0,1,1
2026-08-10,660604,15,3,1,5.193829,15.0,11,0
2026-08-10,660761,5,1,1,2.651829,5.0,3,0
2026-08-10,663554,25,6,2,7.735658,24.0,16,3
2026-08-10,663558,8,1,0,0.8069999999999999,8.0,7,0
2026-08-10,664141,4,0,1,2.434829,4.0,3,1
2026-08-10,664991,11,3,0,4.668,11.0,8,1
2026-08-10,665152,22,7,1,5.204829,22.0,14,1
2026-08-10,669022,23,9,2,5.5856580000000005,23.0,12,1
2026-08-10,669330,5,3,1,1.124829,5.0,1,0
2026-08-10,669373,21,6,2,5.743428,21.0,12,1
2026-08-10,669432,19,4,2,8.057198,19.0,11,3
2026-08-10,669713,27,4,2,9.271658,27.0,21,4
2026-08-10,670167,3,0,1,2.0828290000000003,3.0,2,0
2026-08-10,670329,4,0,1,1.497829,4.0,3,0
2026-08-10,670970,3,1,0,0.8739999999999999,3.0,2,0
2026-08-10,671345,7,0,2,1.9768290000000002,6.0,5,0
2026-08-10,672282,24,6,4,6.186316,23.0,14,0
2026-08-10,673513,3,1,0,0.256,3.0,2,0
2026-08-10,673540,4,2,1,0.705829,4.0,1,0
2026-08-10,676263,6,1,1,2.0428290000000002,6.0,4,0
2026-08-10,676620,4,1,0,1.35,4.0,3,0
2026-08-10,676742,7,1,0,1.389,7.0,6,0
2026-08-10,676775,2,0,0,0.236,2.0,2,0
2026-08-10,677020,2,1,1,0.697829,2.0,0,0
2026-08-10,677865,4,1,0,0.579,4.0,3,0
2026-08-10,680573,13,2,1,4.557829,13.0,10,0
2026-08-10,680689,6,1,1,1.3218290000000001,6.0,4,0
2026-08-10,680742,3,1,0,0.562,3.0,2,0
2026-08-10,681035,21,6,1,6.216599,21.0,13,1
2026-08-10,681217,4,0,1,0.95,2.0,3,0
2026-08-10,681320,5,2,1,1.298829,5.0,2,0
2026-08-10,681911,3,1,0,0.509,3.0,2,0
2026-08-10,681916,4,0,1,1.852829,4.0,3,0
2026-08-10,682052,27,5,1,6.584829,27.0,21,1
2026-08-10,682608,3,1,0,0.243,3.0,2,0
2026-08-10,682989,6,1,1,2.4845990000000002,6.0,3,0
2026-08-10,684665,3,0,1,1.5218289999999999,3.0,2,0
2026-08-10,686751,4,0,1,3.500829,4.0,3,1
2026-08-10,686973,4,1,0,0.8290000000000001,3.0,3,0
2026-08-10,687312,22,3,3,9.447257,22.0,15,1
2026-08-10,687330,3,0,0,0.178,3.0,3,0
2026-08-10,688297,7,0,0,2.87477,7.0,6,1
2026-08-10,688642,12,1,1,4.8815990000000005,12.0,9,1
2026-08-10,690829,3,1,0,0.395,3.0,2,0
2026-08-10,690928,22,6,3,7.403257,22.0,12,0
2026-08-10,691725,21,6,3,4.884487,21.0,12,0
2026-08-10,693308,6,1,0,2.16,6.0,5,0
2026-08-10,693821,27,4,3,11.561487,27.0,20,3
2026-08-10,694918,22,6,1,5.651829,22.0,15,2
2026-08-10,695239,4,1,0,0.448,4.0,3,0
2026-08-10,695243,4,1,1,0.823829,3.0,1,0
2026-08-10,696519,4,2,0,0.905,4.0,2,0
2026-08-10,700669,7,0,1,3.738829,7.0,6,1
2026-08-10,701519,6,1,0,1.921,6.0,5,1
2026-08-10,701656,24,7,1,6.538829,23.0,16,2
2026-08-10,702070,24,2,2,7.907658,24.0,20,1
2026-08-10,702752,5,1,2,2.105658,5.0,2,0
2026-08-10,703725,4,3,0,0.113,4.0,1,0
2026-08-10,820862,4,0,1,1.2168290000000002,4.0,3,0
2026-08-11,445276,6,0,2,2.701658,6.0,4,0
2026-08-11,527048,23,2,3,7.004487,23.0,18,0
2026-08-11,552640,3,1,0,0.767,3.0,2,0
2026-08-11,571945,11,2,0,3.37577,11.0,8,1
2026-08-11,572955,3,1,0,0.20400000000000001,3.0,2,0
2026-08-11,573124,4,2,1,0.944829,4.0,1,0
2026-08-11,592773,2,0,0,0.646,2.0,2,0
2026-08-11,593974,4,0,0,1.36,4.0,4,0
2026-08-11,594027,3,1,0,0.585,3.0,2,0
2026-08-11,596142,5,0,0,2.016,5.0,5,0
2026-08-11,605447,4,1,0,0.519,4.0,3,0
2026-08-11,605483,22,10,1,4.007829,22.0,11,0
2026-08-11,607259,33,5,0,8.023,33.0,28,1
2026-08-11,608372,23,5,0,6.873,23.0,18,2
2026-08-11,608379,27,5,0,6.8229999999999995,27.0,22,2
2026-08-11,621074,5,1,1,2.492829,5.0,3,1
2026-08-11,621097,9,0,1,2.619829,9.0,8,0
2026-08-11,621111,24,5,2,7.036428,24.0,16,1
2026-08-11,622088,4,0,0,0.7390000000000001,4.0,4,0
2026-08-11,622554,3,0,1,0.8748290000000001,2.0,1,0
2026-08-11,623454,17,4,2,6.792658,17.0,11,2
2026-08-11,623465,5,1,1,2.221829,5.0,3,0
2026-08-11,623474,4,0,0,0.629,4.0,4,0
2026-08-11,628452,3,1,0,0.34600000000000003,3.0,2,0
2026-08-11,640448,5,0,1,2.748829,5.0,4,1
2026-08-11,641835,4,1,0,2.264,4.0,3,1
2026-08-11,641927,26,4,1,12.431829,26.0,21,5
2026-08-11,641941,3,1,0,0.01,3.0,2,0
2026-08-11,642048,4,1,1,1.6118290000000002,4.0,2,0
2026-08-11,642376,5,0,3,2.4254870000000004,5.0,2,0
2026-08-11,650911,20,7,0,4.396,20.0,13,0
2026-08-11,656271,3,2,0,0.379,3.0,1,0
2026-08-11,656288,10,2,1,2.787829,10.0,7,0
2026-08-11,656302,24,7,4,7.224316,24.0,13,1
2026-08-11,656464,4,2,0,1.609,4.0,2,1
2026-08-11,656794,3,0,0,0.396,3.0,3,0
2026-08-11,656848,4,2,0,0.569,4.0,2,0
2026-08-11,656986,5,3,0,0.29000000000000004,5.0,2,0
2026-08-11,657097,5,2,0,1.05,5.0,3,0
2026-08-11,657514,3,1,0,0.47200000000000003,3.0,2,0
2026-08-11,657571,3,0,3,2.093487,3.0,0,0
2026-08-11,657612,4,0,0,0.613,4.0,4,0
2026-08-11,660825,4,0,0,0.513,4.0,4,0
2026-08-11,660853,4,0,0,2.686,4.0,4,1
2026-08-11,661527,6,1,0,2.15877,6.0,4,0
2026-08-11,663423,3,2,0,0.003,3.0,1,0
2026-08-11,663542,3,0,0,0.931,3.0,3,0
2026-08-11,663623,18,4,2,6.036428,18.0,11,1
2026-08-11,663776,27,4,3,9.014487,26.0,20,1
2026-08-11,663878,3,2,0,0.496,3.0,1,0
2026-08-11,663893,1,1,0,0.0,1.0,0,0
2026-08-11,663947,1,0,0,0.217,1.0,1,0
2026-08-11,664126,3,1,0,0.075,3.0,2,0
2026-08-11,664141,3,0,0,0.594,3.0,3,0
2026-08-11,664199,3,1,0,0.997,3.0,2,0
2026-08-11,665660,5,1,1,1.905829,5.0,3,1
2026-08-11,665665,1,0,0,0.004,1.0,1,0
2026-08-11,666157,18,5,0,6.93777,18.0,12,3
2026-08-11,666171,6,0,1,3.7968290000000002,6.0,5,0
2026-08-11,666277,5,2,1,1.8018290000000001,5.0,2,0
2026-08-11,666661,5,0,1,1.609829,5.0,4,0
2026-08-11,666974,5,1,1,2.137829,5.0,3,0
2026-08-11,667297,4,2,0,1.129,4.0,2,0
2026-08-11,668674,4,0,2,0.74,2.0,2,0
2026-08-11,668820,7,0,2,2.952658,7.0,5,0
2026-08-11,669020,5,1,0,1.325,5.0,4,0
2026-08-11,669060,12,2,0,4.245,12.0,10,1
2026-08-11,669276,3,1,0,1.342,3.0,2,1
2026-08-11,669467,22,2,3,8.631487,22.0,17,1
2026-08-11,669620,9,2,0,1.6749999999999998,9.0,7,0
2026-08-11,670036,3,1,0,0.803,3.0,2,0
2026-08-11,670280,4,2,0,0.747,4.0,2,0
2026-08-11,670990,10,5,1,1.231829,10.0,4,0
2026-08-11,674003,26,1,1,9.602599,25.0,23,2
2026-08-11,674444,7,1,1,2.632599,7.0,4,0
2026-08-11,676263,2,1,0,0.884,2.0,1,1
2026-08-11,676440,27,4,2,6.352428,27.0,20,0
2026-08-11,676617,3,1,0,0.714,3.0,2,0
2026-08-11,676680,3,1,0,1.3940000000000001,3.0,2,0
2026-08-11,677020,3,1,0,0.036000000000000004,3.0,2,0
2026-08-11,677960,22,4,3,5.256487,22.0,15,0
2026-08-11,678020,4,0,1,0.6739999999999999,3.0,3,0
2026-08-11,678606,3,2,0,0.016,3.0,1,0
2026-08-11,680732,25,8,0,6.257,25.0,17,2
2026-08-11,680755,4,0,1,0.9138290000000001,3.0,2,0
2026-08-11,680916,4,1,1,0.818829,4.0,2,0
2026-08-11,681217,3,2,0,0.225,3.0,1,0
2026-08-11,681892,5,1,1,1.706829,5.0,3,0
2026-08-11,681911,4,1,1,0.809829,4.0,2,0
2026-08-11,682825,6,2,0,2.0,6.0,4,1
2026-08-11,683352,21,4,1,5.218829,21.0,16,1
2026-08-11,683618,3,1,0,0.015,3.0,2,0
2026-08-11,684007,21,5,0,7.97877,21.0,15,3
2026-08-11,684665,8,0,1,1.839829,8.0,7,0
2026-08-11,686613,23,4,3,7.643487,23.0,16,1
2026-08-11,686930,20,0,3,8.577487,20.0,17,2
2026-08-11,686934,5,1,1,1.943829,5.0,3,0
2026-08-11,687064,28,4,3,7.535257,28.0,19,0
2026-08-11,687377,5,0,1,3.238829,5.0,4,2
2026-08-11,687396,3,2,0,0.012,3.0,1,0
2026-08-11,687931,25,2,3,6.6682570000000005,25.0,19,0
2026-08-11,690986,27,3,3,11.380487,27.0,21,3
2026-08-11,690997,20,3,2,5.128658,20.0,15,1
2026-08-11,691587,24,7,2,4.660658,24.0,15,0
2026-08-11,691799,7,2,1,1.798829,7.0,4,0
2026-08-11,693313,8,2,0,2.90477,8.0,5,0
2026-08-11,693433,19,5,1,4.507829,18.0,12,0
2026-08-11,693686,4,0,0,0.9099999999999999,4.0,4,0
2026-08-11,694646,7,1,1,4.672829,7.0,5,2
2026-08-11,694973,21,4,1,8.317599,21.0,15,3
2026-08-11,695445,7,0,2,2.342658,7.0,5,0
2026-08-11,696270,18,5,2,5.345658,18.0,11,2
2026-08-11,696519,3,2,0,0.596,3.0,1,0
2026-08-11,800311,3,1,0,0.5670000000000001,3.0,2,0
2026-08-11,805123,4,1,0,1.897,4.0,3,1
2026-08-11,805427,4,1,1,1.429829,4.0,2,0
2026-08-11,814305,10,3,0,3.29477,9.0,5,1
2026-08-11,820862,4,3,0,0.008,4.0,1,0
2026-08-12,489446,4,2,0,0.9380000000000001,4.0,2,0
2026-08-12,518585,3,0,1,1.563829,3.0,2,0
2026-08-12,518876,23,2,3,10.954487,23.0,18,2
2026-08-12,518886,3,0,1,1.175829,3.0,2,0
2026-08-12,544150,3,0,0,0.531,3.0,3,0
2026-08-12,548384,3,2,0,0.674,3.0,1,0
2026-08-12,554430,23,5,1,7.181599,23.0,16,0
2026-08-12,571927,4,1,0,0.591,4.0,3,0
2026-08-12,592662,17,4,3,5.406487,17.0,10,1
2026-08-12,592866,14,3,0,5.734999999999999,14.0,11,2
2026-08-12,594027,5,0,2,2.440829,4.0,3,0
2026-08-12,594580,4,0,0,0.759,4.0,4,0
2026-08-12,595345,4,0,0,0.268,4.0,4,0
2026-08-12,605288,19,5,1,5.003829,18.0,13,1
2026-08-12,605447,4,0,1,1.760829,4.0,3,0
2026-08-12,606996,5,2,2,1.4346580000000002,5.0,1,0
2026-08-12,615698,22,6,3,6.5854870000000005,22.0,13,0
2026-08-12,621016,6,2,1,1.970829,6.0,3,0
2026-08-12,621112,6,0,1,2.512829,6.0,5,0
2026-08-12,621237,5,0,3,2.566487,5.0,2,0
2026-08-12,621345,3,2,0,0.246,3.0,1,0
2026-08-12,622491,23,10,2,4.352658,23.0,11,1
2026-08-12,622554,1,0,0,0.058,1.0,1,0
2026-08-12,622608,4,0,0,2.5767700000000002,4.0,3,0
2026-08-12,623211,4,0,0,1.408,4.0,4,0
2026-08-12,623352,3,0,0,1.005,3.0,3,1
2026-08-12,623474,4,0,2,1.633658,4.0,2,0
2026-08-12,624133,21,2,1,6.689829,21.0,18,0
2026-08-12,628452,6,0,1,3.104829,6.0,5,2
2026-08-12,641778,27,6,2,5.927428,27.0,18,0
2026-08-12,641816,21,7,0,5.009,21.0,14,1
2026-08-12,642100,8,1,2,3.291599,7.0,4,0
2026-08-12,642376,3,1,0,1.112,3.0,2,0
2026-08-12,643511,4,0,0,0.389,4.0,4,0
2026-08-12,646241,6,1,0,2.0989999999999998,6.0,5,0
2026-08-12,650556,3,2,0,0.289,3.0,1,0
2026-08-12,656234,5,1,0,0.868,5.0,4,0
2026-08-12,656240,4,0,0,1.0910000000000002,4.0,4,0
2026-08-12,656492,21,3,1,8.454829,21.0,17,1
2026-08-12,656529,3,0,0,0.9550000000000001,3.0,3,1
2026-08-12,656546,5,1,2,3.102658,5.0,2,1
2026-08-12,656730,6,0,1,0.491,4.0,4,0
2026-08-12,656786,5,0,2,1.752658,5.0,3,0
2026-08-12,656849,27,6,3,8.894487,27.0,18,0
2026-08-12,656876,21,3,1,6.6075990000000004,21.0,16,0
2026-08-12,657514,6,0,0,3.39,6.0,6,1
2026-08-12,657612,3,1,1,0.819829,3.0,1,0
2026-08-12,660787,5,1,0,1.6179999999999999,5.0,4,0
2026-08-12,660853,3,0,1,1.518829,3.0,2,0
2026-08-12,663362,5,1,1,1.8128290000000002,5.0,3,1
2026-08-12,663372,24,2,3,7.5934870000000005,24.0,19,1
2026-08-12,663432,7,1,2,1.9476580000000001,7.0,4,0
2026-08-12,663738,10,3,0,4.529,9.0,6,2
2026-08-12,663767,7,2,0,2.80377,7.0,4,1
2026-08-12,664285,29,3,5,11.137915,29.0,20,1
2026-08-12,665665,3,2,0,0.381,3.0,1,0
2026-08-12,665871,16,2,1,6.174599,16.0,12,2
2026-08-12,666808,5,1,2,1.524658,5.0,2,0
2026-08-12,667755,22,4,2,9.834658,22.0,16,2
2026-08-12,668390,3,0,0,0.223,3.0,3,0
2026-08-12,668984,3,1,0,0.989,3.0,2,0
2026-08-12,669062,4,2,0,0.92,3.0,1,0
2026-08-12,669093,3,1,0,0.9470000000000001,3.0,2,1
2026-08-12,669160,25,6,2,6.921658000000001,25.0,17,1
2026-08-12,669199,13,1,1,5.9848289999999995,13.0,11,2
2026-08-12,669276,4,1,1,0.932829,4.0,2,0
2026-08-12,669358,19,2,1,7.062829,19.0,16,1
2026-08-12,669387,15,1,3,7.664487,15.0,11,0
2026-08-12,670059,5,1,1,1.336829,5.0,3,0
2026-08-12,670062,4,1,0,0.8760000000000001,4.0,3,0
2026-08-12,670245,2,1,0,0.014,2.0,1,0
2026-08-12,670970,9,4,2,1.403829,8.0,3,0
2026-08-12,671922,6,3,0,1.125,6.0,3,0
2026-08-12,672442,4,0,1,2.020829,4.0,3,0
2026-08-12,672629,9,4,1,1.936829,9.0,3,0
2026-08-12,672782,4,0,1,1.722829,4.0,3,0
2026-08-12,673380,4,1,0,2.601,4.0,3,1
2026-08-12,674073,4,1,0,1.105,4.0,3,1
2026-08-12,675627,8,2,0,3.9939999999999998,8.0,6,2
2026-08-12,675848,3,1,2,1.395658,3.0,0,0
2026-08-12,676083,23,2,1,6.326829,23.0,20,0
2026-08-12,676534,3,1,0,0.26,3.0,2,0
2026-08-12,676604,3,1,0,0.673,3.0,2,0
2026-08-12,676620,6,1,0,1.94,6.0,5,1
2026-08-12,676680,4,1,0,1.6219999999999999,4.0,3,1
2026-08-12,676742,8,1,0,3.54,8.0,7,1
2026-08-12,676760,6,1,2,1.8566580000000001,6.0,3,0
2026-08-12,676775,6,0,0,2.8689999999999998,6.0,6,2
2026-08-12,676879,4,1,0,1.204,4.0,3,0
2026-08-12,677865,4,0,1,1.7938290000000001,4.0,3,0
2026-08-12,678022,27,2,1,9.450829,26.0,24,1
2026-08-12,680723,3,1,0,0.10999999999999999,3.0,2,0
2026-08-12,680744,3,0,0,0.897,3.0,3,0
2026-08-12,680767,5,1,1,1.054829,5.0,3,0
2026-08-12,681517,20,6,0,4.654,20.0,14,0
2026-08-12,681870,3,2,0,0.72877,3.0,0,0
2026-08-12,681895,5,0,2,2.211428,5.0,2,0
2026-08-12,682243,25,5,1,7.796829000000001,25.0,19,2
2026-08-12,682274,6,3,0,1.089,6.0,3,0
2026-08-12,682608,4,0,0,0.48200000000000004,3.0,4,0
2026-08-12,683769,4,2,1,1.608829,4.0,1,0
2026-08-12,686580,4,1,1,1.4228290000000001,4.0,2,0
2026-08-12,686751,4,0,1,2.194829,4.0,3,0
2026-08-12,686973,2,0,0,0.101,2.0,2,0
2026-08-12,687239,5,1,2,1.5236580000000002,5.0,2,0
2026-08-12,687396,3,3,0,0.0,3.0,0,0
2026-08-12,687911,4,1,2,1.442658,4.0,1,0
2026-08-12,687941,5,0,0,1.2950000000000002,5.0,5,0
2026-08-12,689017,11,2,0,1.725,11.0,9,0
2026-08-12,689254,3,0,0,0.571,3.0,3,0
2026-08-12,689266,4,1,0,1.9849999999999999,4.0,3,1
2026-08-12,689546,5,2,0,1.731,5.0,3,1
2026-08-12,690829,3,1,0,0.385,3.0,2,0
2026-08-12,691769,4,0,0,1.801,4.0,4,1
2026-08-12,691946,24,5,1,7.834599,24.0,17,2
2026-08-12,694477,3,0,2,1.458658,3.0,1,0
2026-08-12,695076,23,4,1,7.044829,23.0,18,2
2026-08-12,695239,4,0,0,3.1217699999999997,4.0,3,1
2026-08-12,695243,5,1,2,1.823658,5.0,2,0
2026-08-12,695380,4,1,1,1.552829,4.0,2,0
2026-08-12,696131,13,1,2,5.869658,13.0,10,1
2026-08-12,696146,4,3,1,0.697829,4.0,0,0
2026-08-12,696522,5,1,1,1.969829,5.0,3,0
2026-08-12,699134,8,3,1,1.015829,8.0,4,0
2026-08-12,700669,5,0,0,0.968,5.0,5,0
2026-08-12,701542,21,3,4,7.384316,21.0,14,2
2026-08-12,702193,3,2,0,0.102,3.0,1,0
2026-08-12,703725,4,2,1,1.065829,4.0,1,0
2026-08-12,800600,19,6,5,6.608145,19.0,8,0
2026-08-12,804267,24,2,1,9.141829,24.0,21,2
2026-08-12,805123,6,2,0,0.9,6.0,4,0
2026-08-12,805299,3,1,0,0.296,3.0,2,0
2026-08-12,805673,22,4,2,6.327658,22.0,16,0
2026-08-12,837227,14,3,2,5.486658,14.0,9,0
2026-08-13,445276,3,0,0,1.529,3.0,3,1
2026-08-13,453286,20,4,2,3.0666580000000003,20.0,14,0
2026-08-13,518585,3,1,0,0.227,3.0,2,0
2026-08-13,548384,4,2,0,1.0299999999999998,4.0,2,0
2026-08-13,572955,1,1,0,0.0,1.0,0,0
2026-08-13,573124,4,2,0,0.48100000000000004,4.0,2,0
2026-08-13,592332,22,7,1,8.197829,22.0,14,1
2026-08-13,594580,6,1,1,2.695829,6.0,4,0
2026-08-13,594798,12,3,1,5.174829,12.0,8,0
2026-08-13,605400,23,9,3,7.040487000000001,23.0,11,0
2026-08-13,607200,16,1,2,6.135658,16.0,13,1
2026-08-13,608331,20,4,2,7.491658,20.0,14,1
2026-08-13,621242,6,2,0,2.863,6.0,4,0
2026-08-13,622088,3,3,0,0.0,3.0,0,0
2026-08-13,622608,3,1,0,1.858,3.0,2,1
2026-08-13,641302,3,0,0,0.14800000000000002,3.0,3,0
2026-08-13,642048,5,0,0,2.076,5.0,5,0
2026-08-13,642232,5,2,1,1.281829,5.0,2,0
2026-08-13,650644,13,1,0,2.968,13.0,12,0
2026-08-13,656271,3,1,0,0.679,3.0,2,0
2026-08-13,656730,3,1,0,0.40099999999999997,3.0,2,0
2026-08-13,656756,12,2,0,3.42,12.0,10,0
2026-08-13,656945,1,0,0,1.019,1.0,1,1
2026-08-13,660787,5,3,0,0.064,5.0,2,0
2026-08-13,660825,5,1,2,1.950658,5.0,2,0
2026-08-13,661395,3,0,0,1.2979999999999998,3.0,3,0
2026-08-13,662253,3,2,0,0.183,3.0,1,0
2026-08-13,663436,11,3,1,5.011369,11.0,5,1
2026-08-13,663855,3,0,0,0.7150000000000001,3.0,3,0
2026-08-13,663947,6,0,0,1.2990000000000002,6.0,6,0
2026-08-13,663969,23,6,1,6.352829,23.0,16,1
2026-08-13,667297,3,1,0,0.47,3.0,2,0
2026-08-13,667463,5,0,1,2.151829,5.0,4,1
2026-08-13,668390,7,2,1,2.366829,7.0,4,0
2026-08-13,669084,6,3,0,0.338,6.0,3,0
2026-08-13,669302,22,7,1,5.387829,22.0,14,1
2026-08-13,669711,4,1,1,1.236829,4.0,2,0
2026-08-13,670062,5,1,1,2.263829,5.0,3,0
2026-08-13,670950,9,2,0,3.475,9.0,7,1
2026-08-13,671096,23,3,3,7.570487,23.0,17,1
2026-08-13,671111,3,2,0,0.291,3.0,1,0
2026-08-13,671737,23,3,4,9.711316,23.0,16,3
2026-08-13,672456,23,0,1,5.814829,23.0,22,1
2026-08-13,675660,22,5,3,7.164487,21.0,13,1
2026-08-13,676263,4,2,0,0.47100000000000003,4.0,2,0
2026-08-13,676917,26,10,2,4.595658,26.0,14,0
2026-08-13,677952,29,10,1,6.046829,28.0,17,1
2026-08-13,678606,3,0,0,1.175,3.0,3,0
2026-08-13,680742,4,0,0,1.637,4.0,4,1
2026-08-13,680755,3,1,0,0.07200000000000001,3.0,2,0
2026-08-13,680916,4,0,1,2.014829,4.0,3,0
2026-08-13,681751,7,1,2,3.445428,7.0,3,0
2026-08-13,681911,3,0,1,1.417829,3.0,2,0
2026-08-13,682120,2,0,0,0.724,2.0,2,0
2026-08-13,682608,4,2,0,0.42300000000000004,4.0,2,0
2026-08-13,682825,3,2,0,0.637,3.0,1,0
2026-08-13,683618,3,1,1,0.789829,3.0,1,0
2026-08-13,684974,5,2,0,0.732,5.0,3,0
2026-08-13,687239,3,1,1,1.020829,3.0,1,0
2026-08-13,689147,3,1,0,0.358,3.0,2,0
2026-08-13,690925,3,1,0,0.542,3.0,2,0
2026-08-13,691594,11,0,0,6.840000000000001,11.0,11,3
2026-08-13,693686,5,0,0,1.277,5.0,5,0
2026-08-13,695445,8,0,1,2.133,6.0,7,1
2026-08-13,700712,23,5,2,4.7266580000000005,23.0,16,1
2026-08-13,701519,12,1,0,4.492,12.0,11,2
2026-08-13,701780,5,0,3,2.9772570000000003,5.0,1,0
2026-08-13,800048,23,6,2,5.574428,23.0,14,1
2026-08-13,801139,26,4,2,4.983658,26.0,20,0
2026-08-13,806188,9,3,2,2.570428,9.0,3,0
2026-08-13,808963,26,2,5,9.926145,25.0,18,1
2026-08-13,820862,4,1,0,0.326,4.0,3,0
2026-08-14,476594,21,5,3,6.557257,21.0,12,0
2026-08-14,489446,5,1,0,0.811,5.0,4,0
2026-08-14,519242,23,9,0,5.467,23.0,14,0
2026-08-14,543037,24,5,2,5.945658,24.0,17,0
2026-08-14,552640,4,1,0,0.556,4.0,3,0
2026-08-14,571927,3,1,0,0.122,3.0,2,0
2026-08-14,592155,3,2,0,0.159,3.0,1,0
2026-08-14,594835,1,0,0,0.086,1.0,1,0
2026-08-14,595345,3,1,0,0.908,3.0,2,0
2026-08-14,596133,3,1,0,0.104,3.0,2,0
2026-08-14,605135,24,3,3,8.374487,24.0,18,1
2026-08-14,605280,22,3,1,5.101829,22.0,18,0
2026-08-14,607536,27,2,1,9.495829,27.0,24,2
2026-08-14,607625,21,4,0,6.66477,21.0,16,1
2026-08-14,621016,2,0,1,0.930829,2.0,1,0
2026-08-14,621074,4,1,0,0.17500000000000002,4.0,3,0
2026-08-14,621097,4,0,0,1.2029999999999998,4.0,4,0
2026-08-14,621112,5,1,0,2.012,5.0,4,0
2026-08-14,621242,6,1,2,2.9004280000000002,6.0,2,0
2026-08-14,623211,7,0,0,4.1499999999999995,7.0,7,2
2026-08-14,623352,5,2,0,1.4849999999999999,5.0,3,0
2026-08-14,623465,3,0,0,1.38,3.0,3,1
2026-08-14,641302,7,1,2,2.321658,7.0,4,0
2026-08-14,641755,6,1,1,1.471,4.0,4,1
2026-08-14,641941,3,0,0,0.243,3.0,3,0
2026-08-14,642048,3,0,0,1.558,3.0,3,0
2026-08-14,642100,3,1,0,0.972,3.0,2,0
2026-08-14,642397,4,1,1,0.790829,4.0,2,0
2026-08-14,643511,5,0,0,1.6520000000000001,5.0,5,0
2026-08-14,645261,28,2,4,7.812316,28.0,22,0
2026-08-14,646241,11,1,2,4.939658,11.0,8,1
2026-08-14,650556,7,0,2,2.164658,7.0,5,0
2026-08-14,650633,26,4,1,7.7778290000000005,25.0,20,2
2026-08-14,650960,3,1,0,1.365,3.0,2,1
2026-08-14,656234,8,1,2,3.944658,8.0,5,1
2026-08-14,656271,3,3,0,0.0,3.0,0,0
2026-08-14,656638,5,2,0,2.6159999999999997,5.0,3,1
2026-08-14,656794,5,2,1,1.120829,5.0,2,0
2026-08-14,656945,4,2,0,0.255,4.0,2,0
2026-08-14,656986,5,2,0,1.302,5.0,3,1
2026-08-14,657097,4,1,0,1.565,4.0,3,0
2026-08-14,657265,9,0,1,1.999829,9.0,8,0
2026-08-14,657514,5,0,0,1.8719999999999999,5.0,5,1
2026-08-14,660825,6,2,0,0.951,6.0,4,0
2026-08-14,660853,4,0,0,1.127,4.0,4,0
2026-08-14,662253,6,1,0,3.609,6.0,5,1
2026-08-14,663542,4,2,0,0.9430000000000001,4.0,2,0
2026-08-14,663558,6,2,0,2.44077,6.0,3,1
2026-08-14,663567,22,6,2,4.580428,22.0,13,0
2026-08-14,663687,4,0,0,0.8480000000000001,4.0,4,0
2026-08-14,663878,3,2,0,0.44,3.0,1,0
2026-08-14,664076,4,0,1,0.7849999999999999,3.0,3,0
2026-08-14,664141,3,1,0,0.8360000000000001,3.0,2,0
2026-08-14,664353,16,3,0,4.082,16.0,13,1
2026-08-14,665622,5,2,1,1.134829,5.0,2,0
2026-08-14,665660,3,1,1,0.710829,3.0,1,0
2026-08-14,665665,1,1,0,0.0,1.0,0,0
2026-08-14,666171,5,2,1,1.124829,5.0,2,0
2026-08-14,666277,4,0,1,2.426829,4.0,3,1
2026-08-14,666661,4,2,0,0.891,4.0,2,0
2026-08-14,666808,6,1,1,2.241829,6.0,4,0
2026-08-14,666974,6,1,1,2.555829,6.0,4,1
2026-08-14,668820,6,3,0,1.3599999999999999,6.0,3,0
2026-08-14,668909,24,5,4,10.784316,24.0,15,3
2026-08-14,669020,1,0,0,0.022,1.0,1,0
2026-08-14,669060,3,3,0,0.0,3.0,0,0
2026-08-14,669093,5,2,0,0.7949999999999999,5.0,3,0
2026-08-14,669330,3,0,0,1.7510000000000001,3.0,3,1
2026-08-14,669456,22,5,1,6.830829,22.0,16,3
2026-08-14,669461,19,6,1,3.8448290000000003,19.0,12,0
2026-08-14,669923,25,2,3,6.347658,23.0,19,0
2026-08-14,669947,14,2,2,5.076658,13.0,9,1
2026-08-14,670036,5,1,0,1.376,5.0,4,0
2026-08-14,670059,5,0,0,2.64077,5.0,4,2
2026-08-14,670167,3,0,0,0.23600000000000002,3.0,3,0
2026-08-14,670245,3,2,0,0.019,3.0,1,0
2026-08-14,670329,4,0,1,1.186829,4.0,3,0
2026-08-14,671111,11,3,1,4.254829,9.0,6,1
2026-08-14,671345,3,0,1,0.987829,3.0,2,0
2026-08-14,673513,4,0,1,1.148829,4.0,3,0
2026-08-14,673540,5,1,0,1.4827700000000001,5.0,3,0
2026-08-14,674444,4,1,0,0.911,4.0,3,0
2026-08-14,674841,21,4,1,8.201829,21.0,16,2
2026-08-14,676742,2,0,1,0.316,1.0,1,0
2026-08-14,677020,2,1,0,0.172,2.0,1,0
2026-08-14,677958,25,3,5,7.550915,25.0,16,0
2026-08-14,680570,17,5,2,4.018658,17.0,10,1
2026-08-14,680723,3,1,0,1.303,3.0,2,0
2026-08-14,680744,7,1,0,1.612,7.0,6,1
2026-08-14,680916,3,0,0,1.7870000000000001,3.0,3,0
2026-08-14,681217,4,2,0,1.482,4.0,2,1
2026-08-14,681320,2,0,0,1.033,2.0,2,1
2026-08-14,681982,3,0,1,1.077829,3.0,2,0
2026-08-14,682120,3,1,0,0.463,3.0,2,0
2026-08-14,682254,1,1,0,0.0,1.0,0,0
2026-08-14,684665,5,0,0,1.098,5.0,5,0
2026-08-14,684974,3,1,1,0.893829,3.0,1,0
2026-08-14,686973,3,0,0,1.3439999999999999,3.0,3,1
2026-08-14,687330,2,0,0,0.5589999999999999,2.0,2,0
2026-08-14,687562,18,6,1,6.742829,18.0,11,3
2026-08-14,687941,11,0,0,2.139,10.0,11,0
2026-08-14,688107,28,7,1,9.340829,28.0,20,3
2026-08-14,688297,10,1,0,5.063,10.0,9,1
2026-08-14,689254,2,0,0,0.034,2.0,2,0
2026-08-14,689266,6,0,0,1.8257700000000001,6.0,5,0
2026-08-14,690440,4,2,0,1.02,4.0,2,1
2026-08-14,691799,6,0,0,0.7899999999999999,6.0,6,0
2026-08-14,694297,23,7,0,5.965,23.0,16,0
2026-08-14,694738,26,5,3,12.366257000000001,26.0,17,4
2026-08-14,694795,6,1,0,1.732,6.0,5,0
2026-08-14,695239,4,2,0,1.9829999999999999,4.0,2,1
2026-08-14,695505,24,8,0,3.209,24.0,16,0
2026-08-14,695549,23,4,1,11.406369,23.0,16,3
2026-08-14,695611,23,1,4,8.887316,23.0,18,2
2026-08-14,696149,20,5,2,5.036658,20.0,13,0
2026-08-14,699134,4,2,0,0.309,4.0,2,0
2026-08-14,702752,7,2,1,1.453829,7.0,4,0
2026-08-14,800311,4,1,0,0.644,3.0,3,0
2026-08-14,805299,3,2,0,0.035,3.0,1,0
2026-08-14,805345,8,3,3,3.076487,8.0,2,0
2026-08-14,808967,23,9,2,4.658658,23.0,12,1
2026-08-15,518886,4,0,0,1.3739999999999999,4.0,4,1
2026-08-15,543243,26,7,1,7.111829,26.0,18,0
2026-08-15,547179,19,1,3,8.163257,19.0,14,1
2026-08-15,547973,3,2,0,0.479,3.0,1,0
2026-08-15,552640,6,0,0,1.993,6.0,6,0
2026-08-15,571510,25,2,3,11.674027,25.0,18,4
2026-08-15,572955,1,0,0,0.171,1.0,1,0
2026-08-15,573204,3,0,0,1.12177,3.0,2,0
2026-08-15,592155,4,0,0,1.857,4.0,4,1
2026-08-15,592773,4,0,0,1.596,4.0,4,1
2026-08-15,593958,23,5,0,6.102,23.0,18,1
2026-08-15,593974,5,1,0,2.206,5.0,4,0
2026-08-15,594580,4,0,1,2.235829,4.0,3,0
2026-08-15,596001,3,0,0,0.395,3.0,3,0
2026-08-15,596133,7,2,0,3.3449999999999998,7.0,5,1
2026-08-15,606996,5,2,1,1.8298290000000001,5.0,2,0
2026-08-15,607067,8,1,0,4.109999999999999,8.0,7,1
2026-08-15,608718,14,0,1,5.273829,14.0,13,2
2026-08-15,621112,3,1,1,0.535,2.0,1,0
2026-08-15,621345,4,0,0,1.182,4.0,4,0
2026-08-15,622088,4,0,0,1.9705400000000002,4.0,2,0
2026-08-15,622554,4,0,0,0.512,4.0,4,0
2026-08-15,622608,3,0,0,0.423,3.0,3,0
2026-08-15,640448,5,1,0,0.789,5.0,4,0
2026-08-15,640455,27,7,2,9.633428,27.0,17,2
2026-08-15,641329,6,2,1,1.73,4.0,3,0
2026-08-15,641743,22,4,1,6.249829,22.0,17,0
2026-08-15,642376,5,3,0,0.55,5.0,2,0
2026-08-15,642397,4,0,0,0.461,4.0,4,0
2026-08-15,642528,3,0,0,0.792,3.0,3,0
2026-08-15,642546,11,4,1,2.162,10.0,6,0
2026-08-15,643511,4,1,0,1.2409999999999999,4.0,3,0
2026-08-15,656240,6,1,1,2.431829,6.0,4,1
2026-08-15,656288,3,1,0,0.764,3.0,2,0
2026-08-15,656464,3,0,0,0.215,3.0,3,0
2026-08-15,656546,5,0,1,2.963829,5.0,4,1
2026-08-15,656550,20,3,3,7.425487,20.0,14,1
2026-08-15,656641,6,2,1,0.785829,6.0,3,0
2026-08-15,656786,4,0,0,1.939,4.0,4,0
2026-08-15,656848,3,1,0,0.21000000000000002,3.0,2,0
2026-08-15,657277,22,7,0,4.101,22.0,15,0
2026-08-15,657612,6,0,0,2.64377,6.0,5,0
2026-08-15,660787,2,0,1,0.05,1.0,1,0
2026-08-15,663423,2,1,0,0.046,2.0,1,0
2026-08-15,663432,3,1,0,1.282,3.0,2,0
2026-08-15,663542,3,1,0,0.47200000000000003,3.0,2,0
2026-08-15,663767,5,2,1,1.421829,5.0,2,0
2026-08-15,663855,5,3,0,0.5820000000000001,5.0,2,0
2026-08-15,663878,5,1,1,1.3088290000000002,5.0,3,0
2026-08-15,663903,28,4,2,9.528428,26.0,20,4
2026-08-15,664126,3,3,0,0.0,3.0,0,0
2026-08-15,664849,7,3,2,2.349658,7.0,2,1
2026-08-15,666200,28,9,2,7.982658,28.0,17,1
2026-08-15,668984,6,4,0,0.38499999999999995,6.0,2,0
2026-08-15,669022,27,5,2,9.765658,27.0,20,1
2026-08-15,669062,3,1,0,0.613,3.0,2,0
2026-08-15,669372,25,7,0,6.892,24.0,18,1
2026-08-15,669620,6,2,0,1.713,6.0,4,0
2026-08-15,669713,20,6,1,4.326829,20.0,13,0
2026-08-15,669854,20,3,1,6.7538290000000005,20.0,16,1
2026-08-15,670059,3,0,0,1.88077,3.0,2,0
2026-08-15,670329,3,0,0,1.182,3.0,3,0
2026-08-15,672282,25,11,0,3.482,25.0,14,1
2026-08-15,672442,5,1,1,2.635829,5.0,3,0
2026-08-15,673380,3,1,0,0.5670000000000001,3.0,2,0
2026-08-15,675512,22,4,1,6.105829,22.0,17,1
2026-08-15,676106,26,8,2,6.569658,26.0,16,1
2026-08-15,676282,21,7,3,3.4954870000000002,20.0,10,0
2026-08-15,676534,4,2,0,0.19,4.0,2,0
2026-08-15,676604,5,1,0,0.902,5.0,4,0
2026-08-15,676617,3,0,0,1.193,3.0,3,1
2026-08-15,676680,4,1,0,1.2930000000000001,4.0,3,0
2026-08-15,676742,4,2,1,1.225829,4.0,1,0
2026-08-15,676760,5,2,1,2.185829,5.0,2,1
2026-08-15,676879,8,2,1,2.023829,8.0,5,1
2026-08-15,677020,1,0,0,0.63,1.0,1,0
2026-08-15,677865,3,0,0,0.496,3.0,3,0
2026-08-15,677976,23,6,2,6.115658,22.0,15,0
2026-08-15,678606,5,0,0,1.8459999999999999,5.0,5,1
2026-08-15,680573,7,2,1,1.749829,7.0,4,0
2026-08-15,680694,27,3,4,10.546316000000001,27.0,20,0
2026-08-15,680736,24,6,1,8.606599000000001,24.0,16,3
2026-08-15,680755,4,0,1,1.8498290000000002,4.0,3,0
2026-08-15,681190,23,5,1,6.630829,23.0,17,1
2026-08-15,681217,1,0,0,0.027,1.0,1,0
2026-08-15,681870,3,2,0,0.045,3.0,1,0
2026-08-15,681892,5,1,0,1.017,5.0,4,0
2026-08-15,681916,3,1,0,0.08900000000000001,3.0,2,0
2026-08-15,682825,5,2,0,0.7050000000000001,5.0,3,0
2026-08-15,682989,5,2,0,0.9009999999999999,5.0,3,0
2026-08-15,683003,20,7,2,6.486658,20.0,11,2
2026-08-15,683769,4,2,0,0.154,4.0,2,0
2026-08-15,685299,15,4,0,5.177,15.0,11,1
2026-08-15,686934,6,3,1,1.4228290000000001,6.0,2,0
2026-08-15,686973,3,3,0,0.0,3.0,0,0
2026-08-15,687377,3,1,0,0.39299999999999996,3.0,2,0
2026-08-15,687396,6,1,0,3.127,5.0,5,1
2026-08-15,687473,21,6,0,6.006,21.0,15,2
2026-08-15,687570,26,6,4,8.924316000000001,26.0,16,0
2026-08-15,687911,5,1,0,0.369,5.0,4,0
2026-08-15,689254,3,0,0,0.663,3.0,3,0
2026-08-15,690829,3,2,0,0.025,3.0,1,0
2026-08-15,690925,5,1,1,2.421829,5.0,3,0
2026-08-15,691769,4,0,0,2.098,4.0,4,1
2026-08-15,691799,3,1,0,0.6890000000000001,3.0,2,0
2026-08-15,693313,7,3,0,2.15,7.0,4,0
2026-08-15,693645,23,7,3,5.754487,22.0,13,0
2026-08-15,693686,3,1,0,0.6890000000000001,3.0,2,0
2026-08-15,693855,26,9,1,9.587829,26.0,16,2
2026-08-15,694357,7,2,0,2.325,7.0,5,0
2026-08-15,694819,24,6,1,5.326829,24.0,17,0
2026-08-15,695380,3,0,0,0.813,3.0,3,0
2026-08-15,695418,7,1,4,3.050316,7.0,2,0
2026-08-15,696062,7,2,2,2.0346580000000003,7.0,3,0
2026-08-15,700241,25,6,2,5.836658,25.0,17,1
2026-08-15,702021,14,7,1,2.112829,14.0,6,1
2026-08-15,702193,5,1,1,1.727829,5.0,3,0
2026-08-15,805427,9,4,1,1.4589999999999999,8.0,4,0
2026-08-16,489446,3,2,0,0.003,3.0,1,0
2026-08-16,544150,4,1,0,0.48800000000000004,4.0,3,0
2026-08-16,571927,7,0,1,4.271829,7.0,6,2
2026-08-16,573124,3,0,0,0.874,3.0,3,0
2026-08-16,573204,4,2,1,0.771829,4.0,1,0
2026-08-16,595345,3,1,0,0.378,3.0,2,0
2026-08-16,596001,5,1,0,2.44,5.0,4,1
2026-08-16,605242,6,1,1,1.532,5.0,4,0
2026-08-16,608348,4,0,0,1.801,4.0,4,1
2026-08-16,621097,7,1,0,1.363,7.0,6,1
2026-08-16,621345,3,1,0,0.125,3.0,2,0
2026-08-16,622088,7,0,2,4.822658,7.0,5,1
2026-08-16,622554,2,1,0,0.046,2.0,1,0
2026-08-16,623149,6,1,0,0.629,6.0,5,0
2026-08-16,623211,4,0,0,1.4889999999999999,4.0,4,0
2026-08-16,623352,4,1,0,2.771,4.0,3,1
2026-08-16,623454,21,5,2,6.042658,21.0,14,1
2026-08-16,623474,4,1,1,1.375829,4.0,2,0
2026-08-16,628452,5,0,1,2.218829,5.0,4,0
2026-08-16,641302,3,0,1,1.082829,3.0,2,0
2026-08-16,641835,3,2,0,0.111,3.0,1,0
2026-08-16,642100,4,0,0,1.891,4.0,4,0
2026-08-16,642547,18,2,3,6.864257,18.0,12,1
2026-08-16,647336,24,5,1,6.199,23.0,18,0
2026-08-16,650556,6,0,1,2.239599,6.0,4,0
2026-08-16,650644,9,4,0,2.85977,9.0,4,0
2026-08-16,650960,3,1,0,0.003,3.0,2,0
2026-08-16,656234,4,2,0,0.725,4.0,2,0
2026-08-16,656302,24,10,3,3.906487,24.0,11,1
2026-08-16,656529,7,1,2,2.2166580000000002,7.0,4,0
2026-08-16,656786,4,0,1,1.613829,4.0,3,0
2026-08-16,656794,8,2,1,1.436829,8.0,5,0
2026-08-16,656848,4,1,0,1.682,4.0,3,2
2026-08-16,656986,6,1,1,1.266829,6.0,4,0
2026-08-16,657571,4,1,0,1.382,4.0,3,1
2026-08-16,657612,4,0,0,0.879,4.0,4,0
2026-08-16,660825,4,1,0,1.375,4.0,3,0
2026-08-16,661395,5,3,1,0.697829,4.0,0,0
2026-08-16,662253,4,2,1,0.7598290000000001,4.0,1,0
2026-08-16,663423,2,1,0,1.025,2.0,1,1
2026-08-16,663432,5,2,2,1.4186580000000002,5.0,1,0
2026-08-16,663554,22,3,1,4.879829,21.0,17,1
2026-08-16,663623,27,6,3,8.990487,27.0,18,1
2026-08-16,663687,3,2,0,0.044,3.0,1,0
2026-08-16,663776,24,6,3,8.714487,24.0,15,2
2026-08-16,663893,5,1,2,2.052829,4.0,2,0
2026-08-16,663947,8,1,2,4.384658,8.0,5,2
2026-08-16,664076,3,0,0,2.033,3.0,3,0
2026-08-16,664141,3,0,2,2.124428,3.0,0,0
2026-08-16,664199,3,1,0,0.762,2.0,2,1
2026-08-16,664991,4,1,0,0.47500000000000003,3.0,2,0
2026-08-16,665152,23,6,2,6.833658,23.0,15,1
2026-08-16,665622,4,2,0,0.365,4.0,2,0
2026-08-16,665660,3,1,0,1.117,3.0,2,0
2026-08-16,665665,4,0,0,1.675,4.0,4,0
2026-08-16,665795,20,2,3,8.713487,20.0,15,2
2026-08-16,666157,19,2,2,5.477658,19.0,15,1
2026-08-16,666808,5,1,1,1.920829,5.0,3,0
2026-08-16,668390,2,0,0,0.208,2.0,2,0
2026-08-16,668820,4,1,0,1.392,4.0,3,1
2026-08-16,669020,6,0,1,3.656829,6.0,5,1
2026-08-16,669084,4,1,0,1.154,4.0,3,1
2026-08-16,669093,4,1,1,1.027829,4.0,2,0
2026-08-16,669165,6,3,1,1.375829,6.0,2,0
2026-08-16,669199,11,4,1,1.992829,11.0,6,0
2026-08-16,669276,3,2,0,0.0,3.0,1,0
2026-08-16,669373,27,7,2,7.611658,27.0,18,1
2026-08-16,669432,26,6,1,9.503829,26.0,19,1
2026-08-16,670036,4,0,0,1.41577,4.0,3,0
2026-08-16,670062,7,4,0,0.602,7.0,3,0
2026-08-16,670103,14,1,1,3.914829,14.0,12,0
2026-08-16,670280,7,1,1,1.484829,7.0,5,0
2026-08-16,670970,3,0,0,0.8089999999999999,3.0,3,0
2026-08-16,671106,4,0,0,1.38,4.0,4,0
2026-08-16,671212,15,5,3,3.256487,15.0,7,0
2026-08-16,671345,3,1,0,0.08099999999999999,3.0,2,0
2026-08-16,671922,1,0,0,0.163,1.0,1,0
2026-08-16,672629,4,0,1,1.267829,4.0,3,0
2026-08-16,673513,4,2,1,0.8488290000000001,4.0,1,0
2026-08-16,673540,3,2,0,0.098,3.0,1,0
2026-08-16,674003,19,4,1,8.082829,18.0,13,2
2026-08-16,676263,4,2,1,0.800829,4.0,1,0
2026-08-16,676440,27,3,3,9.082487,27.0,21,1
2026-08-16,676604,3,1,0,1.1720000000000002,3.0,2,0
2026-08-16,676620,6,1,0,0.686,5.0,5,0
2026-08-16,676760,12,2,3,4.723257,12.0,6,1
2026-08-16,676775,5,0,1,1.741829,4.0,3,0
2026-08-16,676879,1,0,0,0.304,1.0,1,0
2026-08-16,677960,26,4,1,7.063829,26.0,21,2
2026-08-16,680723,1,1,0,0.0,1.0,0,0
2026-08-16,680732,21,2,3,7.059487000000001,21.0,16,0
2026-08-16,680742,4,2,1,0.799829,4.0,1,0
2026-08-16,680755,4,0,0,3.16,3.0,4,1
2026-08-16,681035,27,7,2,9.204428,27.0,17,2
2026-08-16,681217,4,0,1,1.193829,4.0,3,0
2026-08-16,681320,2,1,0,0.003,2.0,1,0
2026-08-16,681892,2,0,0,0.34199999999999997,2.0,2,0
2026-08-16,681911,3,0,0,1.3719999999999999,3.0,3,0
2026-08-16,682052,24,6,2,6.8146580000000005,23.0,16,2
2026-08-16,682120,4,2,1,1.0878290000000002,4.0,1,0
2026-08-16,682254,3,2,0,0.278,3.0,1,0
2026-08-16,682608,5,0,0,3.835,5.0,4,2
2026-08-16,682995,12,4,1,3.968829,12.0,7,1
2026-08-16,683618,3,0,0,0.921,3.0,3,0
2026-08-16,684665,4,2,0,0.99477,4.0,1,0
2026-08-16,686613,22,5,5,8.564145,22.0,12,0
2026-08-16,687312,21,2,1,8.021829,20.0,17,1
2026-08-16,688642,7,2,0,2.065,7.0,5,0
2026-08-16,689147,3,0,0,0.5760000000000001,3.0,3,0
2026-08-16,690928,21,7,4,5.913316,21.0,10,1
2026-08-16,691587,23,5,5,6.787145000000001,23.0,13,0
2026-08-16,691725,24,2,3,9.490257,23.0,17,1
2026-08-16,693308,6,2,1,2.355599,6.0,2,0
2026-08-16,693433,22,5,1,5.757599,22.0,15,2
2026-08-16,693821,23,5,1,5.467829,22.0,17,1
2026-08-16,694477,3,0,0,0.935,3.0,3,0
2026-08-16,694795,3,1,0,0.27699999999999997,3.0,2,0
2026-08-16,694918,19,1,5,8.526145,19.0,13,1
2026-08-16,695380,3,2,0,0.228,3.0,1,0
2026-08-16,696146,6,1,1,2.143829,6.0,4,0
2026-08-16,696270,22,4,2,8.378658,22.0,16,2
2026-08-16,700669,6,0,1,1.4848290000000002,6.0,5,0
2026-08-16,701656,24,6,1,6.183829,24.0,17,1
2026-08-16,702070,29,8,1,4.647829,29.0,20,0
2026-08-16,702193,8,0,1,1.115,7.0,7,0
2026-08-16,703725,7,3,0,1.455,7.0,4,0
2026-08-16,800311,4,2,0,0.988,4.0,2,1
2026-08-16,805299,4,2,1,2.697829,4.0,1,1
2026-08-16,805345,4,2,0,0.735,4.0,2,0
2026-08-17,445276,3,2,0,0.531,3.0,1,0
2026-08-17,489446,3,1,0,0.194,3.0,2,0
2026-08-17,527048,25,3,2,9.202658,25.0,20,0
2026-08-17,545121,4,0,0,1.162,4.0,4,0
2026-08-17,548384,3,0,0,1.312,3.0,3,1
2026-08-17,572955,4,1,0,0.707,4.0,3,0
2026-08-17,573124,2,0,0,0.628,2.0,2,0
2026-08-17,592155,7,3,1,1.219829,7.0,3,0
2026-08-17,592288,23,4,3,7.059257000000001,23.0,15,1
2026-08-17,592773,4,1,0,1.149,4.0,3,0
2026-08-17,594580,3,1,0,0.22199999999999998,3.0,2,0
2026-08-17,605483,23,5,3,4.908487,23.0,15,0
2026-08-17,606996,8,3,0,1.619,8.0,5,0
2026-08-17,608372,24,3,1,10.904829,24.0,20,2
2026-08-17,608379,20,3,0,7.074999999999999,20.0,17,3
2026-08-17,621111,21,4,2,4.9076580000000005,20.0,14,0
2026-08-17,621242,8,0,0,3.39777,8.0,7,0
2026-08-17,622491,24,1,1,10.792829,23.0,21,3
2026-08-17,623465,3,1,0,0.33899999999999997,3.0,2,0
2026-08-17,640448,5,1,1,1.637829,5.0,3,0
2026-08-17,641329,6,2,0,0.792,6.0,4,0
2026-08-17,641755,4,1,1,1.434599,4.0,1,0
2026-08-17,641793,23,0,0,11.266,23.0,23,5
2026-08-17,641927,20,4,1,6.770829,20.0,15,0
2026-08-17,641941,4,2,1,0.875829,4.0,1,0
2026-08-17,642397,5,3,0,0.74,5.0,2,0
2026-08-17,642701,1,0,0,0.064,1.0,1,0
2026-08-17,650911,27,6,3,8.440487000000001,26.0,17,0
2026-08-17,650960,3,2,0,0.014,3.0,1,0
2026-08-17,656240,9,3,0,2.044,9.0,6,0
2026-08-17,656271,7,3,1,1.364829,7.0,3,0
2026-08-17,656546,5,1,1,1.818829,5.0,3,0
2026-08-17,656849,4,1,1,1.2168290000000002,4.0,2,0
2026-08-17,657097,5,2,2,1.454658,5.0,1,0
2026-08-17,657265,11,4,0,1.7610000000000001,11.0,7,0
2026-08-17,661395,5,0,0,1.5150000000000001,5.0,5,0
2026-08-17,663556,14,3,0,5.037,14.0,11,1
2026-08-17,663558,3,1,0,0.067,3.0,2,0
2026-08-17,663855,8,2,3,2.368658,7.0,3,0
2026-08-17,663878,5,0,1,2.295599,5.0,3,1
2026-08-17,664285,26,5,4,9.530316,26.0,17,2
2026-08-17,666171,6,1,1,3.8408290000000003,6.0,4,1
2026-08-17,666277,3,1,0,1.015,3.0,2,0
2026-08-17,666808,4,0,1,1.871599,4.0,2,0
2026-08-17,666974,4,0,0,1.7617699999999998,4.0,3,0
2026-08-17,667463,7,0,3,1.9496580000000001,5.0,4,0
2026-08-17,668674,3,0,2,1.8986580000000002,3.0,1,0
2026-08-17,668984,5,1,0,1.71177,5.0,3,0
2026-08-17,669020,3,0,1,1.2108290000000002,3.0,2,0
2026-08-17,669298,9,1,1,1.6928290000000001,9.0,7,0
2026-08-17,669330,6,0,0,2.2279999999999998,6.0,6,1
2026-08-17,669387,18,3,1,8.582829,18.0,14,1
2026-08-17,669467,25,5,1,8.848829,25.0,19,0
2026-08-17,669711,4,1,0,1.623,4.0,3,1
2026-08-17,670167,3,0,0,0.309,3.0,3,0
2026-08-17,670329,4,2,1,0.702829,4.0,1,0
2026-08-17,670950,6,1,0,2.5,5.0,4,0
2026-08-17,670990,8,0,3,3.634487,8.0,5,0
2026-08-17,671162,3,1,0,0.514,3.0,2,0
2026-08-17,672782,4,0,1,1.927829,4.0,3,1
2026-08-17,674444,2,0,0,0.703,2.0,2,0
2026-08-17,675848,8,0,0,5.062,8.0,8,1
2026-08-17,676083,23,2,2,7.720658,22.0,19,0
2026-08-17,676617,3,3,0,0.0,3.0,0,0
2026-08-17,676742,6,3,0,0.7,6.0,3,0
2026-08-17,676755,10,1,2,3.257658,10.0,7,0
2026-08-17,677020,4,0,1,0.384,3.0,3,0
2026-08-17,677865,1,0,0,0.489,1.0,1,0
2026-08-17,678061,7,0,0,1.89577,6.0,6,0
2026-08-17,678394,19,3,1,7.104599,19.0,14,0
2026-08-17,680742,7,2,1,2.409829,7.0,4,0
2026-08-17,680767,7,0,2,2.892428,7.0,4,0
2026-08-17,681320,2,0,0,0.17500000000000002,2.0,2,0
2026-08-17,681544,3,2,0,0.232,3.0,1,0
2026-08-17,681911,4,0,0,0.7590000000000001,4.0,4,0
2026-08-17,682825,8,3,1,2.1228290000000003,8.0,4,0
2026-08-17,682989,3,1,0,0.9279999999999999,3.0,2,0
2026-08-17,683352,16,0,3,6.363487,16.0,13,2
2026-08-17,684007,24,10,3,7.134257000000001,24.0,10,2
2026-08-17,685112,4,2,0,0.762,4.0,2,0
2026-08-17,686751,5,1,0,2.4530000000000003,5.0,4,1
2026-08-17,686930,19,2,4,8.588316,18.0,12,1
2026-08-17,687064,20,3,1,10.071829,20.0,16,4
2026-08-17,687273,17,7,3,4.1544870000000005,17.0,7,1
2026-08-17,687330,5,1,0,1.511,5.0,4,0
2026-08-17,687859,5,0,1,1.878599,5.0,3,0
2026-08-17,687941,4,1,0,0.16899999999999998,4.0,3,0
2026-08-17,689147,1,1,0,0.0,1.0,0,0
2026-08-17,690997,26,3,4,9.631086,26.0,18,1
2026-08-17,695076,29,5,2,9.033658,29.0,22,2
2026-08-17,696146,1,0,0,0.828,1.0,1,1
2026-08-17,696522,8,0,0,1.948,8.0,7,0
2026-08-17,700669,3,1,0,0.5940000000000001,3.0,2,0
2026-08-17,701519,6,3,0,0.895,6.0,3,0
2026-08-17,702752,5,0,1,1.885829,5.0,4,0
2026-08-17,703725,3,2,0,0.58,3.0,1,0
2026-08-17,805326,8,2,1,1.881829,7.0,5,0
2026-08-17,805427,5,3,0,0.225,5.0,2,0
2026-08-17,806188,5,0,0,1.625,5.0,5,0
2026-08-18,518585,1,0,0,0.748,1.0,1,0
2026-08-18,518876,23,2,4,10.228316,22.0,17,2
2026-08-18,544150,6,2,0,0.737,6.0,4,0
2026-08-18,548384,3,1,0,0.545,3.0,2,0
2026-08-18,554430,20,7,4,5.5053160000000005,20.0,9,1
2026-08-18,571927,7,0,0,2.859,6.0,7,1
2026-08-18,573204,3,0,0,0.515,3.0,3,0
2026-08-18,592332,21,5,2,9.181658,21.0,14,1
2026-08-18,592662,24,4,3,8.510487,24.0,17,3
2026-08-18,592773,3,0,0,0.076,3.0,3,0
2026-08-18,592866,12,5,1,1.798829,12.0,6,0
2026-08-18,594027,6,1,0,2.014,6.0,5,0
2026-08-18,596001,1,1,0,0.0,1.0,0,0
2026-08-18,596142,5,0,0,0.724,4.0,4,0
2026-08-18,605447,4,0,0,1.681,4.0,4,0
2026-08-18,607074,17,4,2,6.013658,17.0,11,2
2026-08-18,607200,19,5,2,4.584658,19.0,12,0
2026-08-18,607259,22,5,2,8.450658,22.0,15,2
2026-08-18,615698,25,5,0,4.977,25.0,20,1
2026-08-18,621112,4,2,1,1.4388290000000001,4.0,1,0
2026-08-18,621237,3,0,0,1.0150000000000001,3.0,3,0
2026-08-18,621345,3,0,0,1.019,3.0,3,0
2026-08-18,623211,3,0,2,1.431658,3.0,1,0
2026-08-18,623465,5,1,1,1.940829,5.0,3,0
2026-08-18,623474,3,1,0,0.62,3.0,2,0
2026-08-18,624133,22,3,2,6.729428,22.0,16,1
2026-08-18,641302,5,1,1,1.5538290000000001,5.0,3,0
2026-08-18,641778,22,6,1,6.877829,22.0,15,2
2026-08-18,641816,25,3,1,11.971829,25.0,21,3
2026-08-18,642376,3,1,0,1.12,3.0,2,0
2026-08-18,642528,3,0,0,0.432,3.0,3,0
2026-08-18,646241,4,0,0,2.3397699999999997,4.0,3,0
2026-08-18,656464,6,0,0,2.959,6.0,6,1
2026-08-18,656492,23,6,2,6.977658,22.0,14,2
2026-08-18,656638,3,0,0,0.382,3.0,3,0
2026-08-18,656786,5,0,0,1.508,5.0,5,0
2026-08-18,656848,7,0,0,3.73177,7.0,6,0
2026-08-18,656945,6,0,0,1.903,6.0,6,0
2026-08-18,657097,4,0,1,1.2978290000000001,3.0,2,0
2026-08-18,660787,7,0,0,3.048,7.0,7,0
2026-08-18,660844,13,0,1,7.851829,13.0,12,3
2026-08-18,660853,5,0,0,0.9390000000000001,5.0,5,0
2026-08-18,663362,10,1,0,2.281,10.0,9,0
2026-08-18,663372,26,3,3,11.581487000000001,26.0,20,3
2026-08-18,663542,5,1,0,1.845,5.0,4,1
2026-08-18,663687,7,0,1,3.193829,7.0,5,0
2026-08-18,663738,15,1,2,4.3996580000000005,15.0,12,0
2026-08-18,663969,10,3,2,3.179658,10.0,5,1
2026-08-18,664199,6,1,1,2.963829,6.0,4,0
2026-08-18,664299,18,5,1,4.871829,18.0,12,0
2026-08-18,665622,6,0,3,2.282487,6.0,3,0
2026-08-18,665660,2,0,0,1.21,2.0,2,0
2026-08-18,665665,9,2,1,2.717829,9.0,6,0
2026-08-18,665871,10,2,0,1.928,10.0,8,0
2026-08-18,666277,3,1,0,0.14900000000000002,3.0,2,0
2026-08-18,667755,25,2,0,7.91277,25.0,22,2
2026-08-18,669062,4,1,1,0.7528290000000001,4.0,2,0
2026-08-18,669358,25,10,2,5.176658,25.0,13,2
2026-08-18,669620,9,1,0,2.784,9.0,8,1
2026-08-18,669947,19,2,1,6.3998289999999995,19.0,16,1
2026-08-18,670036,5,3,0,1.049,5.0,2,1
2026-08-18,670245,2,1,0,0.026,2.0,1,0
2026-08-18,670280,3,2,0,0.068,3.0,1,0
2026-08-18,670950,8,1,1,2.478,7.0,6,0
2026-08-18,670970,8,3,1,2.402829,8.0,4,1
2026-08-18,671096,26,6,2,7.622658,26.0,18,2
2026-08-18,672442,3,0,0,1.212,3.0,3,0
2026-08-18,672456,20,3,1,5.885829,20.0,16,1
2026-08-18,672782,4,1,0,1.1440000000000001,4.0,3,0
2026-08-18,673380,7,1,0,2.22,7.0,6,0
2026-08-18,674073,7,1,2,2.010658,7.0,4,0
2026-08-18,675660,9,1,2,3.418658,9.0,6,0
2026-08-18,676263,4,2,1,0.7358290000000001,4.0,1,0
2026-08-18,676534,3,2,0,0.26,3.0,1,0
2026-08-18,676604,5,1,1,0.8508290000000001,5.0,3,0
2026-08-18,676617,3,1,0,0.936,3.0,2,0
2026-08-18,677020,5,2,1,2.332599,5.0,1,0
2026-08-18,677952,28,4,0,8.372,28.0,24,2
2026-08-18,678022,11,4,1,2.573599,11.0,5,0
2026-08-18,679885,5,0,1,1.982599,5.0,3,0
2026-08-18,679922,4,1,0,0.45599999999999996,4.0,3,0
2026-08-18,680723,3,1,0,1.468,3.0,2,0
2026-08-18,680744,7,2,0,0.753,7.0,5,0
2026-08-18,681006,7,1,2,4.293658,7.0,4,2
2026-08-18,681517,18,6,0,4.497,18.0,12,1
2026-08-18,681544,3,1,0,0.969,3.0,2,0
2026-08-18,681892,1,1,0,0.0,1.0,0,0
2026-08-18,681982,3,1,0,0.272,3.0,2,0
2026-08-18,682120,3,2,0,0.016,3.0,1,0
2026-08-18,682243,23,3,2,9.335658,23.0,18,2
2026-08-18,682254,4,2,0,0.225,4.0,2,0
2026-08-18,683618,3,2,0,0.019,3.0,1,0
2026-08-18,684974,3,1,0,0.677,3.0,2,0
2026-08-18,686934,5,0,1,1.6648290000000001,5.0,4,0
2026-08-18,687209,11,2,0,2.27,11.0,9,1
2026-08-18,687396,4,1,1,1.068829,4.0,2,0
2026-08-18,687911,3,1,0,0.25,3.0,2,0
2026-08-18,687931,23,1,2,10.538658,23.0,20,2
2026-08-18,688642,3,1,0,0.577,3.0,2,0
2026-08-18,689147,5,1,0,1.532,5.0,4,0
2026-08-18,689254,1,0,0,0.0,1.0,1,0
2026-08-18,689266,3,1,0,0.706,3.0,2,0
2026-08-18,689546,9,2,0,2.564,9.0,7,0
2026-08-18,690829,3,2,0,0.013,3.0,1,0
2026-08-18,690986,19,8,2,3.041658,18.0,8,0
2026-08-18,691799,4,2,0,1.385,4.0,2,0
2026-08-18,691946,25,7,3,6.135487,25.0,15,0
2026-08-18,693686,3,0,0,0.29900000000000004,3.0,3,0
2026-08-18,694795,6,1,0,1.013,6.0,5,0
2026-08-18,695239,4,2,0,2.232,4.0,2,1
2026-08-18,695243,3,2,0,0.41,3.0,1,0
2026-08-18,696131,14,1,3,4.169487,14.0,10,0
2026-08-18,699044,3,2,0,0.013,3.0,1,0
2026-08-18,699134,3,1,0,0.551,3.0,2,0
2026-08-18,700669,4,1,1,1.444829,4.0,2,0
2026-08-18,702193,3,1,0,0.213,3.0,2,0
2026-08-18,800311,5,1,0,2.48,5.0,4,1
2026-08-18,800600,22,3,3,8.861487,22.0,16,1
2026-08-18,804267,23,7,1,7.853829,23.0,15,2
2026-08-18,805123,6,0,0,1.317,6.0,6,0
2026-08-18,805345,7,5,0,0.435,7.0,2,0
2026-08-18,805673,23,4,1,7.436829,23.0,18,2
2026-08-18,806188,7,1,1,2.121829,7.0,5,0
2026-08-18,820862,3,0,0,3.3890000000000002,3.0,3,1
2026-08-19,445276,4,1,0,2.315,4.0,3,1
2026-08-19,453286,21,1,3,6.639487,20.0,17,1
2026-08-19,476594,19,6,3,5.504257,19.0,9,2
2026-08-19,518585,4,2,0,1.796,4.0,2,1
2026-08-19,518886,3,1,0,0.721,3.0,2,1
2026-08-19,547973,4,1,1,1.213829,4.0,2,0
2026-08-19,573204,1,1,0,0.0,1.0,0,0
2026-08-19,592155,3,0,0,1.024,3.0,3,0
2026-08-19,592779,3,2,0,0.065,3.0,1,0
2026-08-19,594027,3,0,0,1.151,3.0,3,1
2026-08-19,594580,5,1,1,1.854829,5.0,3,0
2026-08-19,595345,4,2,1,1.5438290000000001,4.0,1,0
2026-08-19,596133,3,1,0,0.464,3.0,2,0
2026-08-19,605135,24,6,1,8.367829,24.0,17,1
2026-08-19,605242,5,3,0,1.841,5.0,2,0
2026-08-19,605280,23,1,2,7.458658,23.0,20,1
2026-08-19,605288,21,3,2,6.975658,21.0,16,1
2026-08-19,605400,26,8,0,6.7540000000000004,26.0,18,1
2026-08-19,605447,3,1,0,0.253,3.0,2,0
2026-08-19,605488,25,1,3,10.215257000000001,25.0,20,3
2026-08-19,607536,18,5,1,4.972829,18.0,12,1
2026-08-19,607625,26,3,0,8.25,26.0,23,0
2026-08-19,621097,3,0,0,2.5140000000000002,3.0,3,1
2026-08-19,621112,5,1,1,0.942829,5.0,3,0
2026-08-19,621345,3,0,1,1.380829,3.0,2,0
2026-08-19,622554,4,0,1,2.189829,4.0,3,0
2026-08-19,622608,4,2,0,0.835,4.0,2,0
2026-08-19,623149,1,1,0,0.0,1.0,0,0
2026-08-19,623352,4,0,1,2.1838290000000002,4.0,3,1
2026-08-19,623474,4,0,0,2.484,4.0,4,0
2026-08-19,640448,5,1,2,2.219658,5.0,2,0
2026-08-19,641329,4,1,0,1.028,4.0,3,1
2026-08-19,641941,6,0,0,2.90477,6.0,5,1
2026-08-19,642048,4,2,0,0.097,4.0,2,0
2026-08-19,642100,1,0,0,0.05,1.0,1,0
2026-08-19,642397,5,2,0,1.676,5.0,3,1
2026-08-19,642528,6,0,0,0.982,6.0,6,0
2026-08-19,643511,3,0,0,0.302,3.0,3,0
2026-08-19,645261,26,1,1,8.709829000000001,26.0,24,1
2026-08-19,650556,3,2,0,0.157,3.0,1,0
2026-08-19,650633,25,4,2,6.8996580000000005,24.0,18,1
2026-08-19,650644,7,2,3,1.807658,6.0,2,0
2026-08-19,650960,3,2,0,0.169,3.0,1,0
2026-08-19,656234,3,1,0,0.006,3.0,2,0
2026-08-19,656240,2,1,0,0.936,2.0,1,0
2026-08-19,656271,5,0,2,1.601658,5.0,3,0
2026-08-19,656464,2,0,0,0.245,2.0,2,0
2026-08-19,656546,4,3,0,0.396,4.0,1,0
2026-08-19,656638,3,2,0,0.04,3.0,1,0
2026-08-19,656756,7,2,0,1.202,7.0,5,0
2026-08-19,656794,7,0,2,2.852658,7.0,5,0
2026-08-19,656876,23,5,2,6.783658,23.0,16,0
2026-08-19,656945,3,1,0,0.07400000000000001,3.0,2,0
2026-08-19,656986,5,1,0,0.293,5.0,4,0
2026-08-19,657514,1,0,0,0.292,1.0,1,0
2026-08-19,657612,4,1,0,1.172,4.0,3,0
2026-08-19,660825,4,2,0,1.3479999999999999,4.0,2,0
2026-08-19,661395,4,1,0,0.8140000000000001,4.0,3,0
2026-08-19,662253,3,1,0,0.09000000000000001,3.0,2,0
2026-08-19,663423,4,1,0,1.341,4.0,3,1
2026-08-19,663558,6,0,3,2.509487,5.0,3,0
2026-08-19,663893,3,1,0,0.6970000000000001,3.0,2,0
2026-08-19,663947,3,2,0,0.419,3.0,1,0
2026-08-19,664353,19,8,0,2.926,19.0,11,1
2026-08-19,664991,1,0,0,0.149,1.0,1,0
2026-08-19,665660,3,0,0,0.097,3.0,3,0
2026-08-19,666661,5,1,1,1.466829,5.0,3,0
2026-08-19,666808,4,1,1,1.3088290000000002,4.0,2,0
2026-08-19,666974,2,0,0,0.5469999999999999,2.0,2,0
2026-08-19,667297,4,3,0,0.646,4.0,1,0
2026-08-19,667463,5,0,0,2.247,5.0,5,0
2026-08-19,668390,5,0,0,1.0779999999999998,4.0,5,0
2026-08-19,668820,4,0,0,0.573,4.0,4,0
2026-08-19,669020,5,0,1,2.141829,5.0,4,0
2026-08-19,669060,8,2,0,2.024,8.0,6,0
2026-08-19,669062,5,2,1,1.355829,5.0,2,0
2026-08-19,669084,10,3,2,1.924658,10.0,5,0
2026-08-19,669093,5,0,1,2.250829,5.0,4,0
2026-08-19,669160,16,1,2,8.189428,16.0,12,1
2026-08-19,669165,4,2,0,0.8999999999999999,4.0,2,0
2026-08-19,669276,5,0,1,1.135,4.0,4,0
2026-08-19,669302,23,5,4,7.328316,23.0,14,1
2026-08-19,669330,4,0,1,0.8878290000000001,4.0,3,0
2026-08-19,669461,22,9,0,6.851,22.0,13,3
2026-08-19,669711,6,1,1,4.018829,5.0,3,2
2026-08-19,670280,3,1,0,0.16,3.0,2,0
2026-08-19,670329,4,1,0,0.698,4.0,3,0
2026-08-19,671737,20,7,3,4.502487,20.0,10,0
2026-08-19,671922,3,2,0,0.354,3.0,1,0
2026-08-19,672782,3,1,0,0.01,3.0,2,0
2026-08-19,673513,3,0,0,1.275,3.0,3,0
2026-08-19,673540,5,0,1,2.179829,5.0,4,0
2026-08-19,674444,5,0,0,2.644,5.0,5,1
2026-08-19,676263,4,2,1,0.717829,4.0,1,0
2026-08-19,676742,5,1,1,2.867369,5.0,1,0
2026-08-19,676917,22,11,1,4.650829,22.0,10,0
2026-08-19,677865,8,1,2,2.4338290000000002,7.0,5,1
2026-08-19,677955,3,2,0,0.008,3.0,1,0
2026-08-19,677958,22,3,1,8.998829,22.0,18,3
2026-08-19,678061,3,0,0,0.649,3.0,3,0
2026-08-19,678606,5,2,0,1.3439999999999999,5.0,3,0
2026-08-19,680723,8,0,2,4.909829,7.0,6,2
2026-08-19,680742,5,1,1,1.369829,5.0,3,0
2026-08-19,680755,4,1,0,0.6950000000000001,4.0,3,0
2026-08-19,680767,3,0,0,0.189,3.0,3,0
2026-08-19,681320,3,2,0,0.147,3.0,1,0
2026-08-19,681810,3,2,0,0.189,3.0,1,0
2026-08-19,681870,4,2,0,0.676,4.0,2,0
2026-08-19,681892,4,0,0,2.015,4.0,4,0
2026-08-19,681911,5,2,1,1.432829,5.0,2,0
2026-08-19,681916,7,5,0,0.719,7.0,2,0
2026-08-19,681982,4,3,1,0.697829,4.0,0,0
2026-08-19,682254,5,2,0,0.6,5.0,3,0
2026-08-19,682608,6,0,2,3.069658,6.0,4,1
2026-08-19,682825,4,3,1,0.697829,4.0,0,0
2026-08-19,682989,6,0,0,3.041,6.0,6,0
2026-08-19,683363,7,0,0,1.407,7.0,7,0
2026-08-19,683769,1,1,0,0.0,1.0,0,0
2026-08-19,684665,2,0,0,0.005,2.0,2,0
2026-08-19,687330,5,1,0,1.4040000000000001,5.0,4,0
2026-08-19,687396,3,1,0,0.054,3.0,2,0
2026-08-19,689254,3,1,0,0.764,3.0,2,0
2026-08-19,689266,3,1,0,1.752,3.0,2,1
2026-08-19,691799,4,2,1,0.711829,4.0,1,0
2026-08-19,693308,8,2,0,3.077,8.0,6,1
2026-08-19,694297,24,8,0,6.723,24.0,16,1
2026-08-19,694973,20,5,4,6.892316,20.0,11,0
2026-08-19,695380,3,2,1,0.697829,3.0,0,0
2026-08-19,695505,22,8,2,5.119658,22.0,12,1
2026-08-19,695549,22,3,3,7.146257,22.0,15,1
2026-08-19,696522,3,0,1,2.659829,3.0,2,1
2026-08-19,700363,21,3,3,7.164487,21.0,15,0
2026-08-19,700712,20,7,2,6.268658,20.0,11,2
2026-08-19,701542,18,5,2,7.866428,18.0,10,2
2026-08-19,702021,3,1,0,0.456,3.0,2,0
2026-08-19,702752,3,0,1,1.5958290000000002,3.0,2,0
2026-08-19,703725,3,2,0,0.1,3.0,1,0
2026-08-19,800048,26,10,0,4.172,26.0,16,0
2026-08-19,801139,22,6,2,5.064658,22.0,14,1
2026-08-19,805123,3,2,0,0.568,3.0,1,0
2026-08-19,805299,4,1,1,1.463599,4.0,1,0
2026-08-19,805427,1,1,0,0.0,1.0,0,0
2026-08-19,808963,23,6,1,6.174829,22.0,15,0
2026-08-19,814490,18,4,3,5.421257,18.0,10,0
2026-08-19,815081,6,2,1,1.449829,6.0,3,0
2026-08-20,518886,3,0,0,0.022,2.0,2,0
2026-08-20,543037,23,8,1,5.614829,23.0,14,1
2026-08-20,544150,9,2,0,3.3659999999999997,9.0,7,0
2026-08-20,592773,4,2,0,1.734,4.0,2,1
2026-08-20,594798,20,10,1,4.032829,20.0,9,1
2026-08-20,596001,4,0,2,1.924658,4.0,2,0
2026-08-20,621074,9,4,1,2.367829,9.0,4,1
2026-08-20,622088,3,1,1,0.711829,3.0,1,0
2026-08-20,623211,4,1,0,1.689,4.0,3,1
2026-08-20,628452,3,2,0,0.516,3.0,1,0
2026-08-20,641743,24,6,1,5.603829,24.0,17,0
2026-08-20,642232,9,4,0,0.918,9.0,5,0
2026-08-20,646242,6,1,0,2.744,6.0,5,1
2026-08-20,656240,6,2,0,1.068,6.0,4,0
2026-08-20,656271,9,1,3,3.624428,8.0,4,0
2026-08-20,656529,3,1,0,0.736,3.0,2,0
2026-08-20,656550,22,3,3,8.072487,22.0,16,1
2026-08-20,656641,4,3,1,0.697829,4.0,0,0
2026-08-20,656730,3,1,0,1.696,3.0,2,1
2026-08-20,657265,7,1,1,2.070829,7.0,5,0
2026-08-20,663567,23,3,2,7.584658,20.0,17,2
2026-08-20,663878,3,0,0,0.662,3.0,3,0
2026-08-20,663903,26,3,1,8.964369,26.0,20,3
2026-08-20,664141,5,1,0,2.384,5.0,4,0
2026-08-20,664774,6,0,0,3.593,6.0,6,1
2026-08-20,664991,4,2,0,0.272,4.0,2,0
2026-08-20,666277,6,2,3,2.9834870000000002,6.0,1,0
2026-08-20,668909,24,11,3,7.266487,24.0,10,1
2026-08-20,668984,10,3,1,3.003,9.0,6,0
2026-08-20,669276,3,2,0,0.023,3.0,1,0
2026-08-20,669456,25,7,0,4.452,25.0,18,1
2026-08-20,669923,20,3,2,9.687658,20.0,15,0
2026-08-20,670062,3,0,1,1.093829,3.0,2,0
2026-08-20,670167,3,0,0,0.802,3.0,3,0
2026-08-20,670950,4,1,0,1.266,4.0,3,1
2026-08-20,671162,6,2,0,0.855,6.0,4,0
2026-08-20,671922,5,1,2,1.816658,5.0,2,0
2026-08-20,674841,22,5,3,6.398487,21.0,14,1
2026-08-20,676617,4,0,2,2.672658,4.0,2,0
2026-08-20,676620,9,3,0,3.004,9.0,6,0
2026-08-20,676680,4,0,0,0.6990000000000001,4.0,4,0
2026-08-20,676879,8,4,2,1.6386580000000002,8.0,2,0
2026-08-20,677976,20,4,4,7.671316,20.0,12,0
2026-08-20,678606,2,1,0,0.058,2.0,1,0
2026-08-20,679922,5,0,3,2.544487,5.0,2,0
2026-08-20,680570,27,6,2,5.581658,27.0,19,0
2026-08-20,680694,25,5,2,11.071658,25.0,18,3
2026-08-20,681217,3,2,0,0.418,3.0,1,0
2026-08-20,681870,3,1,0,0.038,3.0,2,0
2026-08-20,682120,1,0,0,0.909,1.0,1,1
2026-08-20,683769,5,0,1,1.381829,5.0,4,0
2026-08-20,686973,5,1,1,2.025829,5.0,3,0
2026-08-20,687209,2,1,0,0.17,2.0,1,0
2026-08-20,687377,4,2,0,0.603,4.0,2,0
2026-08-20,687911,10,1,0,5.72877,10.0,8,1
2026-08-20,688107,19,4,3,6.388257,19.0,11,0
2026-08-20,688297,9,1,1,3.193829,9.0,7,0
2026-08-20,688497,11,1,2,4.425658,11.0,8,0
2026-08-20,690925,4,1,1,0.961829,4.0,2,0
2026-08-20,693313,4,2,0,0.727,4.0,2,0
2026-08-20,693686,3,0,0,0.615,3.0,3,0
2026-08-20,693855,22,8,1,6.730829,22.0,13,2
2026-08-20,694477,10,4,1,2.463829,10.0,5,0
2026-08-20,694738,26,2,4,7.770316,26.0,20,0
2026-08-20,695611,23,3,3,9.490658,22.0,17,2
2026-08-20,696146,4,3,0,0.124,4.0,1,0
2026-08-20,700241,20,4,2,4.631658,20.0,14,0
2026-08-20,800311,3,3,0,0.0,3.0,0,0
2026-08-20,837227,13,3,2,3.339658,13.0,8,0
