game_date,pitcher,pa,strikeouts,walks,xwoba_num,xwoba_denom,bbe,barrels
2024-03-20,506433,17,3,3,4.913393,17.0,11,0
2024-03-20,518489,3,1,0,0.41,3.0,2,0
2024-03-20,523260,4,0,0,1.8401818181818181,4.0,4,1
2024-03-20,543339,4,1,0,1.081,4.0,3,0
2024-03-20,593974,5,1,2,1.9222031764705882,5.0,2,0
2024-03-20,607192,20,3,4,6.235746222222223,20.0,13,1
2024-03-20,623465,3,1,0,0.296,3.0,2,0
2024-03-20,660853,3,1,0,0.411,3.0,2,0
2024-03-20,666745,3,0,1,1.9211310000000001,3.0,2,0
2024-03-20,669093,6,1,2,2.5962620000000003,6.0,3,0
2024-03-20,670970,4,0,0,2.4348461538461534,4.0,4,1
2024-03-20,673513,3,1,1,0.9561310000000001,3.0,1,0
2024-03-20,676680,4,0,0,1.869192,4.0,3,0
2024-03-21,605397,17,2,2,9.096053023842918,17.0,13,1
2024-03-21,642232,9,1,2,2.1972620000000003,9.0,6,0
2024-03-21,650633,17,5,3,5.573238833333334,17.0,9,1
2024-03-21,656420,7,1,1,3.24872475,7.0,5,1
2024-03-21,663158,5,2,0,0.478,5.0,3,0
2024-03-21,663568,4,0,1,1.7473230000000002,4.0,2,0
2024-03-21,669165,9,0,1,4.939772509433963,9.0,8,1
2024-03-21,673513,4,0,0,2.433714285714286,4.0,4,1
2024-03-21,675627,13,2,0,5.4065045000000005,13.0,10,1
2024-03-21,676680,3,0,0,1.6668571428571428,3.0,3,0
2024-03-21,681402,1,0,0,0.065,1.0,1,0
2024-03-21,681911,5,2,1,1.375131,5.0,2,0
2024-03-21,808967,9,2,1,3.8466563333333337,9.0,5,1
2024-03-28,445276,4,2,1,1.277131,4.0,1,0
2024-03-28,455119,4,2,0,0.32,4.0,2,0
2024-03-28,489446,3,1,0,0.14500000000000002,3.0,2,0
2024-03-28,502085,5,1,2,0.790131,4.0,2,0
2024-03-28,506433,20,7,1,5.978881,20.0,12,1
2024-03-28,519008,3,1,0,0.41800000000000004,3.0,2,0
2024-03-28,519151,6,1,1,2.1264002307692307,6.0,4,0
2024-03-28,542585,6,0,2,4.134445333333333,6.0,4,1
2024-03-28,542888,7,2,2,2.417262,7.0,3,0
2024-03-28,543135,22,3,1,7.5694106623376625,22.0,17,2
2024-03-28,543518,4,1,1,1.0161310000000001,4.0,2,0
2024-03-28,547184,12,1,2,5.411354,12.0,8,0
2024-03-28,547973,3,1,0,0.131,3.0,2,0
2024-03-28,570257,4,2,0,1.9753636363636367,4.0,2,1
2024-03-28,571670,4,1,0,1.094,4.0,3,0
2024-03-28,571945,20,5,2,7.5711247450980395,20.0,13,2
2024-03-28,571946,3,1,0,0.624,3.0,2,0
2024-03-28,592426,3,0,1,1.976131,3.0,2,0
2024-03-28,592767,5,0,2,2.184262,5.0,3,0
2024-03-28,592779,4,0,0,1.765,4.0,4,0
2024-03-28,593423,21,4,0,3.478,21.0,17,0
2024-03-28,593576,5,1,1,1.111,4.0,3,0
2024-03-28,598264,3,0,0,0.079,3.0,3,0
2024-03-28,600917,5,1,2,2.249262,5.0,2,0
2024-03-28,605177,4,2,0,0.20800000000000002,4.0,2,0
2024-03-28,605280,5,0,0,2.037,5.0,5,0
2024-03-28,605463,4,1,1,0.787131,4.0,2,0
2024-03-28,606160,4,0,0,1.3271818181818182,4.0,4,1
2024-03-28,607192,22,5,1,5.23659611627907,22.0,16,2
2024-03-28,607536,17,2,1,9.447070068100357,17.0,14,2
2024-03-28,608678,3,0,0,0.706,3.0,3,0
2024-03-28,608717,7,1,2,2.7172620000000003,7.0,4,0
2024-03-28,608718,6,4,0,0.788,6.0,2,0
2024-03-28,608723,5,1,0,0.822,5.0,4,0
2024-03-28,612434,3,1,0,0.465,3.0,2,0
2024-03-28,621107,25,5,1,8.61237438339921,25.0,18,3
2024-03-28,621244,24,6,1,6.6451493066361556,22.0,15,1
2024-03-28,621366,4,2,0,0.857,4.0,2,0
2024-03-28,622072,18,3,1,6.469081620689655,18.0,13,1
2024-03-28,622075,3,0,0,2.3262142857142853,3.0,3,1
2024-03-28,622250,5,2,0,1.524,5.0,3,0
2024-03-28,622253,6,1,2,1.907262,6.0,3,0
2024-03-28,622491,24,5,2,7.774784727272727,23.0,16,1
2024-03-28,623352,3,3,0,0.0,3.0,0,0
2024-03-28,623433,4,0,0,1.327,4.0,4,0
2024-03-28,640470,4,0,1,2.4205447931034483,4.0,3,1
2024-03-28,641154,24,7,0,6.136092929292929,24.0,17,3
2024-03-28,641482,22,5,2,7.443119142857143,22.0,15,1
2024-03-28,641656,3,1,0,1.017,3.0,2,0
2024-03-28,641835,4,2,0,1.4609615384615384,4.0,2,1
2024-03-28,641941,5,1,0,2.2411499999999998,5.0,4,0
2024-03-28,642048,5,1,0,1.694,5.0,4,0
2024-03-28,642232,10,1,0,1.376,10.0,9,0
2024-03-28,642528,10,1,0,3.4690000000000003,10.0,9,0
2024-03-28,643256,3,0,0,1.010037037037037,3.0,3,1
2024-03-28,643377,4,1,1,0.7501310000000001,4.0,2,0
2024-03-28,643410,5,3,0,0.6521818181818183,5.0,2,0
2024-03-28,656222,7,2,0,1.022,7.0,5,0
2024-03-28,656605,27,3,2,9.23867275,27.0,21,1
2024-03-28,656629,6,1,1,2.0813230000000003,6.0,3,0
2024-03-28,656945,5,2,2,2.0272620000000003,5.0,1,0
2024-03-28,657006,18,6,1,4.113786303030303,17.0,11,0
2024-03-28,657240,2,0,1,1.288131,2.0,1,0
2024-03-28,657277,24,5,2,6.3031310000000005,23.0,17,0
2024-03-28,657508,3,0,1,0.8511310000000001,3.0,2,0
2024-03-28,660761,14,2,1,5.859316185185185,14.0,11,2
2024-03-28,661527,2,0,1,0.927131,2.0,1,0
2024-03-28,663158,4,1,0,2.2208749999999995,4.0,3,1
2024-03-28,663432,5,0,0,1.600192,5.0,4,0
2024-03-28,663462,4,1,0,0.978,4.0,3,0
2024-03-28,663776,14,2,2,4.9372620000000005,14.0,10,0
2024-03-28,663878,4,2,0,1.2863333333333333,4.0,2,0
2024-03-28,664076,5,0,3,2.3273930000000003,5.0,2,0
2024-03-28,664208,3,0,1,2.9059643333333334,3.0,2,1
2024-03-28,664285,23,5,6,8.841978000000001,23.0,11,0
2024-03-28,664350,4,0,0,1.7954310344827586,4.0,4,1
2024-03-28,665620,3,2,0,0.351,3.0,1,0
2024-03-28,666142,26,9,3,8.382261999999999,25.0,14,1
2024-03-28,666200,19,8,2,4.919347714285714,19.0,9,1
2024-03-28,666205,9,2,0,1.9461920000000001,9.0,6,0
2024-03-28,666277,4,1,1,1.7211310000000002,4.0,2,0
2024-03-28,666745,4,0,0,1.214,3.0,4,0
2024-03-28,666818,3,0,0,0.5409999999999999,3.0,3,0
2024-03-28,668678,21,3,2,8.469184952380953,21.0,15,1
2024-03-28,669062,3,1,0,0.385,3.0,2,0
2024-03-28,669203,19,11,0,2.3355294117647056,19.0,8,1
2024-03-28,669211,3,2,0,0.17,3.0,1,0
2024-03-28,669212,3,0,0,0.254,3.0,3,0
2024-03-28,669373,21,6,0,4.0,21.0,15,0
2024-03-28,669456,22,11,1,5.159312818181818,22.0,10,0
2024-03-28,669459,3,1,0,0.775,3.0,2,0
2024-03-28,669461,3,1,0,0.195,3.0,2,0
2024-03-28,669467,7,2,0,1.5130454545454546,7.0,5,0
2024-03-28,669622,5,1,1,1.5384946363636365,5.0,3,0
2024-03-28,669796,3,0,0,0.9320967741935484,3.0,3,0
2024-03-28,670871,4,1,1,0.8991310000000001,4.0,2,0
2024-03-28,670950,4,1,1,0.896131,4.0,2,0
2024-03-28,671345,2,2,0,0.0,2.0,0,0
2024-03-28,672582,5,2,0,1.3780000000000001,5.0,3,0
2024-03-28,673513,4,0,0,0.26,4.0,4,0
2024-03-28,675989,7,0,0,2.990754098360656,7.0,7,1
2024-03-28,676254,5,1,0,1.479,5.0,4,0
2024-03-28,676395,3,2,0,0.61,3.0,1,0
2024-03-28,676596,1,0,0,0.053,1.0,1,0
2024-03-28,676617,6,2,2,2.355262,6.0,2,0
2024-03-28,676680,3,2,0,0.005,3.0,1,0
2024-03-28,676702,4,1,0,1.086192,4.0,2,0
2024-03-28,676979,23,8,0,4.586666666666667,23.0,15,0
2024-03-28,677053,4,2,0,1.9698,4.0,2,1
2024-03-28,678394,20,2,0,6.769261230769231,20.0,17,1
2024-03-28,680686,22,6,2,8.76095255944056,22.0,14,3
2024-03-28,680704,3,2,0,0.222,3.0,1,0
2024-03-28,680767,9,2,1,3.111256,9.0,6,0
2024-03-28,682120,3,0,0,0.6907692307692307,3.0,3,0
2024-03-28,682847,6,0,2,0.6799999999999999,4.0,4,0
2024-03-28,683232,3,3,0,0.0,3.0,0,0
2024-03-28,683627,8,0,1,4.689131,8.0,7,0
2024-03-28,686539,11,3,2,2.024,9.0,6,0
2024-03-29,500779,21,4,2,6.81143362471396,21.0,15,2
2024-03-29,518489,4,1,0,0.759,4.0,3,0
2024-03-29,518876,22,8,0,6.125956036345151,22.0,14,3
2024-03-29,527048,21,2,3,8.154018,21.0,16,0
2024-03-29,543859,7,2,1,1.1531310000000001,7.0,4,0
2024-03-29,548389,24,6,2,7.129262000000001,24.0,16,0
2024-03-29,554430,23,5,0,4.372,23.0,18,0
2024-03-29,572143,11,2,0,3.9738,11.0,9,0
2024-03-29,572955,3,2,0,0.078,3.0,1,0
2024-03-29,573009,6,2,0,2.2461818181818183,6.0,4,1
2024-03-29,592094,4,1,0,0.747,4.0,3,0
2024-03-29,592773,4,1,1,1.295131,4.0,2,0
2024-03-29,595897,3,1,1,1.150131,3.0,1,0
2024-03-29,596133,4,0,0,1.2161379310344829,4.0,4,1
2024-03-29,601713,21,10,0,5.833875,21.0,11,1
2024-03-29,605130,5,1,2,1.580262,5.0,2,0
2024-03-29,605135,24,6,2,7.477491037037037,24.0,15,2
2024-03-29,605347,4,0,0,1.305,4.0,4,0
2024-03-29,605397,26,3,1,11.360115252206809,26.0,20,2
2024-03-29,605463,5,0,2,2.821454,5.0,2,0
2024-03-29,606149,6,4,0,0.8220000000000001,6.0,2,1
2024-03-29,606160,2,0,1,1.004131,2.0,1,0
2024-03-29,606303,3,2,0,0.588,3.0,1,0
2024-03-29,606965,8,0,0,2.3726666666666665,8.0,8,0
2024-03-29,607074,21,4,3,7.960393,21.0,14,1
2024-03-29,607481,5,2,1,1.176131,5.0,2,0
2024-03-29,613534,3,0,1,1.039131,3.0,2,0
2024-03-29,615698,24,1,1,9.642951253820254,24.0,22,2
2024-03-29,621237,7,1,2,2.747262,7.0,4,0
2024-03-29,621345,3,2,0,0.315,3.0,1,0
2024-03-29,621381,4,1,0,1.85468,4.0,3,1
2024-03-29,622098,4,1,0,0.022000000000000002,4.0,3,0
2024-03-29,623465,3,1,0,1.1440000000000001,3.0,2,0
2024-03-29,624647,3,0,1,1.634131,3.0,2,0
2024-03-29,628708,4,1,0,0.742,4.0,3,0
2024-03-29,640462,14,1,6,6.6307860000000005,14.0,7,0
2024-03-29,641149,14,1,1,5.048131,14.0,12,0
2024-03-29,641401,4,1,2,2.327262,4.0,1,0
2024-03-29,641729,4,1,0,0.79,4.0,3,0
2024-03-29,641755,5,1,2,2.6842620000000004,5.0,2,0
2024-03-29,642100,2,1,0,0.377,2.0,1,0
2024-03-29,642547,19,8,1,3.557100696969697,19.0,10,1
2024-03-29,643511,4,0,0,2.4702374545454546,4.0,3,1
2024-03-29,650644,22,6,1,5.395312818181819,22.0,15,1
2024-03-29,656232,9,2,0,3.0858275862068965,9.0,7,1
2024-03-29,656234,11,0,1,4.727631000000001,11.0,10,1
2024-03-29,656464,4,0,0,1.486,4.0,4,0
2024-03-29,656546,3,1,1,0.7481310000000001,3.0,1,0
2024-03-29,656730,4,0,1,1.3802848461538466,4.0,3,1
2024-03-29,656786,6,1,1,2.109131,6.0,4,0
2024-03-29,656924,5,2,0,0.373,5.0,3,0
2024-03-29,657044,1,1,0,0.0,1.0,0,0
2024-03-29,657571,5,1,1,1.7251310000000002,5.0,3,0
2024-03-29,658648,5,2,1,2.7547976666666663,5.0,2,1
2024-03-29,660853,5,1,0,2.0023684210526316,5.0,4,1
2024-03-29,661403,4,0,0,0.9329999999999999,4.0,4,0
2024-03-29,662253,4,3,0,0.067,4.0,1,0
2024-03-29,663568,6,1,0,2.7766363636363636,6.0,5,0
2024-03-29,663773,15,4,1,5.342668080405934,15.0,10,2
2024-03-29,664299,23,6,1,4.256131,23.0,16,0
2024-03-29,666277,3,2,0,0.254,3.0,1,0
2024-03-29,668868,23,4,2,7.489962907787865,23.0,17,2
2024-03-29,668941,3,1,0,0.22599999999999998,3.0,2,0
2024-03-29,669212,3,0,0,0.5449999999999999,3.0,3,0
2024-03-29,669923,24,8,2,5.370012,24.0,14,1
2024-03-29,670174,9,4,2,3.054262,9.0,3,0
2024-03-29,671106,21,3,0,6.768934737156511,21.0,18,2
2024-03-29,675627,8,1,1,3.749323,8.0,5,0
2024-03-29,675911,20,8,2,5.573625636363636,20.0,10,1
2024-03-29,676254,3,0,0,0.6279999999999999,3.0,3,0
2024-03-29,676272,21,11,1,3.0151310000000002,21.0,9,0
2024-03-29,676596,11,3,1,3.7107976666666667,11.0,7,0
2024-03-29,682842,3,0,0,0.987,3.0,3,0
2024-03-29,683769,3,1,0,0.8892142857142857,3.0,2,0
2024-03-29,687765,13,3,3,4.221393,13.0,7,0
2024-03-29,690925,3,0,0,1.3444666666666667,3.0,3,1
2024-03-29,690986,23,5,0,8.069531181379007,23.0,18,3
2024-03-29,694738,4,0,0,0.7989999999999999,4.0,4,0
2024-03-30,445926,11,1,0,3.232393939393939,11.0,10,1
2024-03-30,455119,4,1,0,0.9790000000000001,4.0,3,0
2024-03-30,458677,4,1,0,0.21200000000000002,4.0,3,0
2024-03-30,458681,17,5,1,4.418131,17.0,11,1
2024-03-30,472610,4,0,0,1.721,4.0,4,0
2024-03-30,489446,4,0,0,1.941,4.0,4,0
2024-03-30,493603,6,2,0,2.005,6.0,4,0
2024-03-30,502085,3,0,0,0.509,3.0,3,0
2024-03-30,518585,5,4,0,0.61,5.0,1,0
2024-03-30,518617,3,1,0,0.275,3.0,2,0
2024-03-30,519008,7,1,0,1.421,7.0,6,0
2024-03-30,519151,4,2,0,0.8331111111111111,4.0,2,0
2024-03-30,519293,8,0,2,3.268323,7.0,5,0
2024-03-30,523260,8,0,1,5.427585295081967,8.0,5,2
2024-03-30,542585,3,3,0,0.0,3.0,0,0
2024-03-30,543056,4,1,0,0.971,4.0,3,0
2024-03-30,543294,21,2,2,10.062061735449737,21.0,17,3
2024-03-30,543339,3,1,0,0.632,3.0,2,0
2024-03-30,547184,4,2,0,1.5850199999999994,4.0,2,1
2024-03-30,552640,3,1,0,0.478,3.0,2,0
2024-03-30,554340,2,0,0,0.254,2.0,2,0
2024-03-30,554431,5,0,0,1.618,5.0,5,0
2024-03-30,570257,4,0,0,2.118,4.0,4,0
2024-03-30,571578,18,2,1,6.313057373626373,17.0,14,1
2024-03-30,571882,6,2,0,1.515,6.0,4,0
2024-03-30,571946,6,1,0,0.857,6.0,5,0
2024-03-30,571948,3,0,0,2.609888888888889,3.0,3,1
2024-03-30,572955,4,0,1,2.185131,4.0,3,0
2024-03-30,573124,7,3,0,1.799,7.0,4,0
2024-03-30,573186,25,4,2,7.793223230769231,24.0,17,0
2024-03-30,579328,22,4,3,7.86421377922078,22.0,15,2
2024-03-30,592094,3,1,0,0.178,3.0,2,0
2024-03-30,592779,4,3,0,0.924,4.0,1,0
2024-03-30,595345,5,2,1,0.376,4.0,2,0
2024-03-30,595881,7,3,0,0.830192,7.0,3,0
2024-03-30,596295,22,3,3,8.849339800139884,22.0,16,3
2024-03-30,605154,3,0,0,1.246761904761905,3.0,3,1
2024-03-30,605280,4,0,0,0.9181920000000001,4.0,3,0
2024-03-30,605347,3,1,1,0.689131,3.0,1,0
2024-03-30,605400,24,3,1,7.530131,23.0,19,0
2024-03-30,606149,5,2,1,0.8301310000000001,5.0,2,0
2024-03-30,607179,3,2,0,0.5726666666666667,3.0,1,0
2024-03-30,607625,23,4,1,6.331323,22.0,16,0
2024-03-30,608331,7,1,3,3.788393,7.0,3,0
2024-03-30,608371,5,1,0,2.5694333333333335,5.0,4,2
2024-03-30,608678,3,0,0,2.2690624999999995,3.0,3,1
2024-03-30,608718,2,0,0,0.222,2.0,2,0
2024-03-30,608723,4,3,1,0.689131,4.0,0,0
2024-03-30,621016,4,2,0,1.0480967741935483,4.0,2,1
2024-03-30,621051,3,0,0,0.524,3.0,3,0
2024-03-30,621242,4,1,0,1.282,4.0,3,0
2024-03-30,621363,5,1,1,3.010131,5.0,3,0
2024-03-30,621366,3,1,0,0.825,3.0,2,0
2024-03-30,622075,2,0,0,0.527,2.0,2,0
2024-03-30,622250,3,1,0,1.4651851851851851,3.0,2,1
2024-03-30,622554,5,2,0,1.9228571428571428,5.0,3,0
2024-03-30,622663,27,6,0,9.026347126436782,27.0,21,2
2024-03-30,623352,4,2,1,0.7391310000000001,4.0,1,0
2024-03-30,623465,1,1,0,0.0,1.0,0,0
2024-03-30,628317,17,2,1,8.786103007722007,17.0,14,3
2024-03-30,628452,4,1,0,1.184,4.0,3,0
2024-03-30,628708,4,0,1,1.090131,4.0,3,0
2024-03-30,640448,4,1,1,0.8301310000000001,4.0,2,0
2024-03-30,640451,6,1,1,2.979131,6.0,4,0
2024-03-30,641401,4,0,1,1.930531,4.0,3,0
2024-03-30,641656,6,2,0,0.982,6.0,4,0
2024-03-30,641755,4,1,1,1.619131,4.0,2,0
2024-03-30,641793,22,6,2,4.924262000000001,22.0,14,0
2024-03-30,641835,5,1,1,1.998131,5.0,3,0
2024-03-30,642048,3,0,1,0.5,2.0,2,0
2024-03-30,642100,3,2,0,0.346,3.0,1,0
2024-03-30,642397,4,0,0,1.7579696969696965,4.0,4,1
2024-03-30,643256,5,1,0,2.3706388888888887,5.0,4,1
2024-03-30,643377,3,1,1,0.803131,3.0,1,0
2024-03-30,643511,1,0,0,0.156,1.0,1,0
2024-03-30,647336,24,0,3,10.55113128362751,24.0,21,2
2024-03-30,650556,6,1,2,3.0580642875816992,6.0,3,1
2024-03-30,650893,4,1,0,1.205,4.0,3,0
2024-03-30,656222,3,0,2,1.390262,3.0,1,0
2024-03-30,656271,3,1,1,1.1811310000000002,3.0,1,0
2024-03-30,656288,23,2,1,8.938357515151516,23.0,20,3
2024-03-30,656302,19,6,2,4.073262,19.0,11,0
2024-03-30,656412,5,1,0,2.5252380952380946,5.0,4,1
2024-03-30,656638,4,1,3,2.067393,4.0,0,0
2024-03-30,656730,5,3,0,1.25,5.0,2,0
2024-03-30,656786,3,1,0,0.653,3.0,2,0
2024-03-30,656814,4,0,0,1.875,4.0,4,0
2024-03-30,657097,3,1,0,0.24200000000000002,3.0,2,0
2024-03-30,657508,6,2,0,1.5386666666666664,6.0,4,0
2024-03-30,657612,3,0,0,0.988,3.0,3,0
2024-03-30,657746,20,5,1,4.392293004662005,20.0,14,2
2024-03-30,660853,4,0,0,0.546,4.0,4,0
2024-03-30,660896,2,0,0,0.49474999999999997,2.0,2,0
2024-03-30,661527,3,0,0,0.673,3.0,3,0
2024-03-30,663423,3,0,0,1.538,3.0,3,0
2024-03-30,663462,3,2,0,0.324,3.0,1,0
2024-03-30,663567,5,0,2,2.472262,5.0,3,0
2024-03-30,663568,3,1,0,0.62,3.0,2,0
2024-03-30,663704,5,1,0,1.9450333333333332,5.0,4,2
2024-03-30,663855,20,6,1,5.183323,20.0,12,1
2024-03-30,663947,4,1,0,0.862,4.0,3,0
2024-03-30,664126,3,2,0,0.078,3.0,1,0
2024-03-30,664208,1,0,0,0.087,1.0,1,0
2024-03-30,664350,9,0,0,1.8394528301886794,9.0,9,1
2024-03-30,664747,6,1,2,3.140454,6.0,2,0
2024-03-30,664854,7,2,0,2.3432424242424243,7.0,5,1
2024-03-30,664875,3,0,1,0.8261310000000001,3.0,2,0
2024-03-30,665620,4,2,0,0.626,4.0,2,0
2024-03-30,665625,6,0,0,0.616,6.0,6,0
2024-03-30,666204,7,0,1,2.271131,7.0,6,0
2024-03-30,666745,7,2,0,2.209322395406071,7.0,5,2
2024-03-30,666808,4,0,1,1.4435156153846154,4.0,3,0
2024-03-30,666818,5,1,1,2.014131,5.0,3,0
2024-03-30,668674,5,1,1,1.700323,5.0,2,0
2024-03-30,668881,22,7,4,7.044524,22.0,11,1
2024-03-30,668941,5,2,0,1.885,5.0,3,0
2024-03-30,669060,3,0,0,2.0940000000000003,3.0,3,0
2024-03-30,669062,8,1,3,3.898512047619048,8.0,4,1
2024-03-30,669084,20,1,2,8.88558678101209,20.0,16,2
2024-03-30,669165,10,3,0,2.4786666666666664,10.0,7,0
2024-03-30,669276,6,1,1,1.130131,6.0,4,0
2024-03-30,669302,26,8,1,5.228345285714286,26.0,17,0
2024-03-30,669459,3,0,1,1.082131,3.0,2,0
2024-03-30,669461,10,2,2,3.1766256363636365,10.0,6,0
2024-03-30,669622,4,3,0,0.922,4.0,1,0
2024-03-30,669711,4,2,1,0.7511310000000001,4.0,1,0
2024-03-30,669796,3,0,0,0.938037037037037,3.0,3,1
2024-03-30,670167,5,1,0,1.8083840000000002,5.0,2,0
2024-03-30,670280,3,1,0,0.6220000000000001,3.0,2,0
2024-03-30,670871,6,0,1,3.1527881428571427,6.0,5,0
2024-03-30,670950,5,0,0,1.928105263157895,5.0,5,0
2024-03-30,670990,2,1,0,0.177,2.0,1,0
2024-03-30,671922,7,5,1,0.9901310000000001,7.0,1,0
2024-03-30,672335,2,0,0,1.474,2.0,2,0
2024-03-30,673929,5,1,1,1.138131,5.0,3,0
2024-03-30,674003,18,6,1,4.201324548387097,18.0,11,1
2024-03-30,674072,19,4,2,7.590534727272727,19.0,13,1
2024-03-30,676440,22,4,5,9.881107830188679,22.0,13,1
2024-03-30,676664,20,1,2,7.769742961038961,20.0,16,1
2024-03-30,676680,7,1,1,4.9453115094130675,7.0,5,2
2024-03-30,676684,6,1,0,1.8216809523809523,6.0,5,0
2024-03-30,676702,3,1,0,0.989,3.0,2,0
2024-03-30,676710,22,7,1,5.191268931034483,22.0,14,1
2024-03-30,676962,12,1,2,6.702931913419913,12.0,9,2
2024-03-30,677053,8,0,1,3.422345285714286,7.0,6,0
2024-03-30,677960,22,5,2,6.8624540000000005,22.0,14,1
2024-03-30,680570,22,9,1,8.123325420753375,22.0,12,2
2024-03-30,680704,4,2,0,0.7271920000000001,4.0,1,0
2024-03-30,681432,4,1,0,0.898,4.0,3,0
2024-03-30,681911,2,0,1,0.0,1.0,1,0
2024-03-30,682842,4,2,0,1.439,4.0,2,1
2024-03-30,683003,23,10,2,6.285016385964912,23.0,11,3
2024-03-30,683232,3,1,0,0.548,3.0,2,0
2024-03-30,686539,5,1,1,1.541131,5.0,3,0
2024-03-30,686580,1,0,0,0.869,1.0,1,0
2024-03-30,686613,18,5,2,5.180262,18.0,11,0
2024-03-30,686826,14,4,2,4.135338923076923,14.0,8,2
2024-03-30,695243,7,1,1,2.497131,7.0,5,0
2024-03-30,808967,17,5,0,3.625,16.0,11,0
2024-03-31,471911,21,3,1,5.644323,21.0,16,0
2024-03-31,518585,3,1,0,0.336,3.0,2,0
2024-03-31,519242,22,7,2,9.441887333333334,22.0,12,2
2024-03-31,542888,6,1,1,2.029131,6.0,4,0
2024-03-31,543339,3,2,0,0.182,3.0,1,0
2024-03-31,543351,3,1,0,0.181,3.0,2,0
2024-03-31,543475,4,2,1,1.166331,4.0,1,0
2024-03-31,543518,6,0,0,2.188230769230769,6.0,6,1
2024-03-31,547973,3,2,0,0.105,3.0,1,0
2024-03-31,548384,3,2,0,0.003,3.0,1,0
2024-03-31,552640,4,0,1,1.7861310000000001,4.0,3,0
2024-03-31,570257,3,0,1,0.7061310000000001,3.0,2,0
2024-03-31,570632,10,2,1,2.261323,10.0,6,0
2024-03-31,571656,7,1,1,3.884075380952381,7.0,4,2
2024-03-31,571670,4,1,1,1.636131,4.0,2,0
2024-03-31,571927,22,3,2,8.385204,22.0,16,1
2024-03-31,592332,16,6,0,6.657299142857144,16.0,9,2
2024-03-31,592351,21,2,3,10.37729980720246,21.0,16,3
2024-03-31,593576,4,2,0,0.914,4.0,2,0
2024-03-31,593974,3,0,0,1.108,3.0,3,0
2024-03-31,595897,2,1,0,0.227,2.0,1,0
2024-03-31,600917,6,0,3,3.022781888888889,6.0,3,0
2024-03-31,605130,6,1,1,2.147131,6.0,4,0
2024-03-31,605154,3,1,0,0.8019999999999999,3.0,2,0
2024-03-31,605177,4,0,1,2.355914333333333,4.0,3,1
2024-03-31,605280,5,0,0,3.2751612903225795,5.0,5,1
2024-03-31,605463,4,3,1,0.689131,4.0,0,0
2024-03-31,606303,3,1,0,0.8918666666666666,3.0,2,0
2024-03-31,607067,22,2,2,8.293928666666666,22.0,18,0
2024-03-31,607200,20,7,1,6.595295502164502,20.0,12,2
2024-03-31,607259,23,3,1,7.3483230000000015,22.0,18,1
2024-03-31,607481,7,1,0,3.021,7.0,6,0
2024-03-31,608032,3,0,0,1.0894666666666666,3.0,3,1
2024-03-31,608371,3,0,0,0.919,3.0,3,0
2024-03-31,613534,4,1,0,1.203192,4.0,2,0
2024-03-31,621051,4,1,1,2.149131,4.0,2,0
2024-03-31,621097,8,2,4,3.7275240000000003,8.0,2,0
2024-03-31,621112,25,3,1,5.773131,25.0,21,0
2024-03-31,621237,3,1,0,0.8150000000000001,3.0,2,0
2024-03-31,621345,3,1,0,0.267,3.0,2,0
2024-03-31,621366,3,2,0,1.7699523809523812,3.0,1,1
2024-03-31,621381,4,2,0,0.719,4.0,2,0
2024-03-31,621383,4,1,1,0.924131,4.0,2,0
2024-03-31,622088,3,0,2,1.967262,3.0,1,0
2024-03-31,622098,5,2,1,0.806131,5.0,2,0
2024-03-31,622253,3,0,0,1.088192,3.0,2,0
2024-03-31,622503,7,3,0,1.3,7.0,4,0
2024-03-31,622554,5,2,0,2.3716415094339625,5.0,3,1
2024-03-31,623352,5,2,0,1.4889999999999999,5.0,3,0
2024-03-31,624133,18,7,1,3.7245156153846155,18.0,10,0
2024-03-31,640448,5,0,0,5.25095,5.0,5,2
2024-03-31,640451,4,1,0,0.9845652173913044,4.0,3,0
2024-03-31,640470,3,2,0,0.537,3.0,1,0
2024-03-31,641302,23,4,2,9.423035921243788,23.0,17,4
2024-03-31,641585,24,5,1,6.431006,24.0,18,0
2024-03-31,641726,16,1,0,4.962938888888889,16.0,15,2
2024-03-31,641729,3,0,1,1.374131,3.0,2,0
2024-03-31,641927,14,1,1,10.024592737249545,14.0,12,5
2024-03-31,641941,3,2,0,0.003,3.0,1,0
2024-03-31,642397,1,0,0,0.023,1.0,1,0
2024-03-31,642528,7,1,1,2.522131,7.0,5,0
2024-03-31,643338,5,0,1,2.185572176470588,5.0,4,0
2024-03-31,643410,5,1,1,0.850131,5.0,3,0
2024-03-31,650556,6,2,0,1.537,6.0,4,0
2024-03-31,650633,21,6,7,9.309825199643495,21.0,8,2
2024-03-31,650960,8,2,1,1.8871310000000001,8.0,5,0
2024-03-31,656234,3,1,0,0.772,3.0,2,0
2024-03-31,656427,23,7,0,6.053876210526316,23.0,15,1
2024-03-31,656464,4,3,0,0.819,4.0,1,0
2024-03-31,656546,3,2,0,0.006,3.0,1,0
2024-03-31,656629,5,3,0,0.44999999999999996,5.0,2,0
2024-03-31,656641,3,0,0,1.2560000000000002,3.0,3,0
2024-03-31,656731,18,4,3,6.338889347826087,18.0,9,1
2024-03-31,656945,7,3,1,0.7071310000000001,5.0,3,0
2024-03-31,657044,3,0,0,0.893,3.0,3,0
2024-03-31,657097,3,0,1,0.773131,3.0,2,0
2024-03-31,657240,7,2,0,2.175006493506493,7.0,5,0
2024-03-31,657376,21,5,0,8.119613636363637,21.0,16,1
2024-03-31,657571,4,1,1,1.163131,4.0,2,0
2024-03-31,657612,3,0,1,1.375131,3.0,2,0
2024-03-31,658648,12,2,1,4.105323,12.0,8,0
2024-03-31,661269,17,4,2,4.724671090909091,17.0,11,1
2024-03-31,663372,22,4,2,8.126964916542473,22.0,15,3
2024-03-31,663423,4,0,0,1.74,4.0,4,0
2024-03-31,663485,7,2,0,2.3428205128205137,7.0,5,1
2024-03-31,663542,11,4,0,2.073,11.0,7,0
2024-03-31,663559,20,2,3,8.332129849591086,20.0,15,2
2024-03-31,663623,21,4,2,8.250262,20.0,14,0
2024-03-31,663878,2,0,0,0.432,2.0,2,0
2024-03-31,663903,27,10,1,6.150737222222222,27.0,14,1
2024-03-31,663947,4,4,0,0.0,4.0,0,0
2024-03-31,664076,7,2,1,1.816131,7.0,4,0
2024-03-31,666149,4,0,0,1.294,4.0,4,0
2024-03-31,666204,5,0,1,1.348131,5.0,4,0
2024-03-31,666720,9,2,2,1.5281310000000001,8.0,5,0
2024-03-31,666974,4,1,0,0.43500000000000005,4.0,3,0
2024-03-31,667463,3,2,0,1.807592592592593,3.0,1,1
2024-03-31,667755,12,2,2,3.449262,12.0,8,0
2024-03-31,668674,4,1,0,1.0590000000000002,4.0,3,0
2024-03-31,669212,1,0,1,0.689131,1.0,0,0
2024-03-31,669330,23,7,0,8.743087349590374,23.0,16,2
2024-03-31,669422,4,0,0,1.05,4.0,4,0
2024-03-31,669432,26,6,4,7.4315240000000005,26.0,16,0
2024-03-31,669467,6,1,1,2.4455520526315793,6.0,4,1
2024-03-31,669711,4,1,0,1.405,4.0,3,0
2024-03-31,669952,11,0,1,2.980131,11.0,10,0
2024-03-31,670280,4,2,0,1.9234090909090908,4.0,2,1
2024-03-31,670990,15,2,2,5.582131,14.0,11,1
2024-03-31,671345,2,0,0,0.373,2.0,2,0
2024-03-31,672282,21,7,3,5.488998793103448,21.0,10,1
2024-03-31,673513,4,1,0,0.579,4.0,3,0
2024-03-31,675989,6,1,1,2.451131,6.0,4,1
2024-03-31,676092,7,1,0,1.929111111111111,6.0,5,0
2024-03-31,676254,4,1,0,0.919,4.0,3,0
2024-03-31,676395,5,1,0,1.096,5.0,4,0
2024-03-31,676477,19,8,0,4.151417806451613,19.0,10,1
2024-03-31,676702,4,2,0,0.366,4.0,2,0
2024-03-31,678906,16,4,3,6.7087644285714285,16.0,9,2
2024-03-31,680767,6,1,0,0.919,6.0,5,0
2024-03-31,681892,9,1,1,4.664131,9.0,7,1
2024-03-31,681911,7,2,2,2.807454,7.0,1,0
2024-03-31,682120,4,0,1,1.738131,3.0,3,0
2024-03-31,682243,22,6,2,9.445210792270533,22.0,14,4
2024-03-31,682847,7,1,1,1.443131,7.0,5,0
2024-03-31,683769,4,2,0,0.422,4.0,2,0
2024-03-31,686580,7,1,0,1.8503818181818183,7.0,6,0
2024-03-31,694297,21,6,0,4.626747636363636,21.0,13,0
2024-03-31,694738,4,1,1,1.496131,4.0,2,0
2024-03-31,694813,23,6,1,5.836400230769231,22.0,16,0
2024-03-31,696136,22,6,3,7.196663676691729,22.0,13,2
2024-04-01,450203,22,6,2,5.821454,22.0,13,0
2024-04-01,458677,3,1,1,0.7501310000000001,3.0,1,0
2024-04-01,502043,25,4,2,10.130217069823923,25.0,19,3
2024-04-01,502085,6,3,1,1.468131,6.0,2,0
2024-04-01,502624,10,3,0,1.006,10.0,7,0
2024-04-01,518489,4,1,0,0.9541818181818182,4.0,3,0
2024-04-01,518886,4,2,0,0.338,4.0,2,0
2024-04-01,519043,3,1,0,0.391,3.0,2,0
2024-04-01,523260,5,1,0,1.75,5.0,4,0
2024-04-01,542585,4,0,0,1.03,4.0,4,0
2024-04-01,543766,9,2,1,3.2628283684210526,9.0,6,1
2024-04-01,543859,7,0,0,3.079708129032258,7.0,6,1
2024-04-01,547184,4,1,1,1.057131,4.0,2,0
2024-04-01,547973,1,0,0,0.02,1.0,1,0
2024-04-01,548384,3,1,0,0.646,3.0,2,0
2024-04-01,554431,4,3,1,0.689131,4.0,0,0
2024-04-01,571882,8,0,1,3.485921476190476,8.0,7,2
2024-04-01,571946,3,0,0,0.7053333333333334,3.0,3,0
2024-04-01,572020,23,5,5,6.915655,23.0,13,0
2024-04-01,572143,2,0,1,1.107131,2.0,1,0
2024-04-01,573009,6,1,0,0.764,6.0,5,0
2024-04-01,592767,6,0,0,1.4179230769230768,6.0,6,0
2024-04-01,592773,3,1,0,0.027999999999999997,3.0,2,0
2024-04-01,594835,20,2,2,6.7497332643678165,20.0,16,1
2024-04-01,595881,3,2,0,1.4584186046511625,3.0,1,1
2024-04-01,595897,3,1,0,0.4313333333333333,3.0,2,0
2024-04-01,596133,12,0,1,4.766323,12.0,10,0
2024-04-01,598264,6,1,1,2.911331,6.0,4,0
2024-04-01,605347,4,1,1,1.033131,4.0,2,0
2024-04-01,606965,11,0,1,4.226870130434783,11.0,10,1
2024-04-01,608032,3,0,0,1.038,3.0,3,0
2024-04-01,608379,19,5,1,6.207078368421054,19.0,13,2
2024-04-01,608678,2,0,0,1.3497833333333333,2.0,2,1
2024-04-01,608717,4,0,0,1.2519999999999998,4.0,4,0
2024-04-01,608718,3,0,0,1.26,3.0,3,0
2024-04-01,612434,6,0,0,2.2279999999999998,6.0,6,0
2024-04-01,621237,4,2,1,1.1937738571428573,4.0,1,0
2024-04-01,621242,3,2,0,0.696,3.0,1,0
2024-04-01,621381,3,1,0,1.0230000000000001,3.0,2,0
2024-04-01,622075,5,0,1,1.4451310000000002,5.0,4,0
2024-04-01,622088,5,2,1,1.164131,5.0,2,0
2024-04-01,623167,22,1,3,8.645609096403597,22.0,18,2
2024-04-01,623433,3,0,0,1.9456304347826088,3.0,3,1
2024-04-01,624647,4,0,0,0.7913333333333333,4.0,4,1
2024-04-01,628708,3,1,0,0.21300000000000002,3.0,2,0
2024-04-01,640455,20,8,2,6.3509565461945465,20.0,10,3
2024-04-01,641401,6,2,3,3.5703591016949154,6.0,1,1
2024-04-01,641540,26,7,4,12.06971206826297,26.0,13,4
2024-04-01,641712,22,2,2,8.272262,22.0,18,0
2024-04-01,641941,3,1,0,0.349,3.0,2,0
2024-04-01,642048,2,0,0,1.237,2.0,2,0
2024-04-01,642100,4,2,0,1.321,4.0,2,0
2024-04-01,643256,4,1,0,0.818,4.0,3,1
2024-04-01,643396,4,0,1,1.049131,4.0,3,0
2024-04-01,643511,3,2,0,2.0,3.0,1,1
2024-04-01,650893,6,0,1,2.9811613030303032,6.0,5,1
2024-04-01,650911,20,8,1,4.306341256410256,20.0,11,2
2024-04-01,656271,5,2,0,1.0878999999999999,5.0,3,0
2024-04-01,656412,8,3,1,1.347131,8.0,4,0
2024-04-01,656546,5,2,0,0.772,5.0,3,0
2024-04-01,656557,21,10,0,2.9040000000000004,21.0,11,0
2024-04-01,656793,1,1,0,0.0,1.0,0,0
2024-04-01,656924,8,3,1,1.703131,8.0,4,0
2024-04-01,656945,6,0,3,2.474393,5.0,2,0
2024-04-01,659275,8,1,1,1.666131,8.0,6,0
2024-04-01,660761,7,2,2,2.318525157894737,7.0,3,1
2024-04-01,660853,3,1,0,0.193,3.0,2,0
2024-04-01,661563,18,6,3,3.313143,18.0,9,0
2024-04-01,662253,4,1,0,2.314,4.0,3,1
2024-04-01,663362,22,7,1,8.087446934065934,22.0,14,2
2024-04-01,663432,8,1,2,5.175309930283224,8.0,5,2
2024-04-01,663474,17,2,2,6.146082512820514,17.0,13,1
2024-04-01,663567,11,2,1,3.538131,11.0,8,0
2024-04-01,663568,10,3,1,4.075323,10.0,5,0
2024-04-01,663704,6,1,0,2.7979230769230767,6.0,5,0
2024-04-01,664208,8,1,2,3.140515,7.0,3,0
2024-04-01,664747,4,2,0,0.41900000000000004,4.0,2,0
2024-04-01,664854,4,0,0,0.8829999999999999,4.0,4,0
2024-04-01,665152,22,5,1,7.873891416666666,22.0,16,2
2024-04-01,665620,4,1,1,1.602131,4.0,2,0
2024-04-01,666205,19,6,2,4.587874589743589,18.0,11,2
2024-04-01,666277,5,1,0,3.3000444444444446,5.0,4,2
2024-04-01,666745,7,1,1,3.2568331276595743,7.0,5,1
2024-04-01,666818,3,0,1,1.424131,3.0,2,0
2024-04-01,666974,7,1,1,1.44,6.0,5,0
2024-04-01,668941,3,1,0,0.7809999999999999,3.0,2,0
2024-04-01,669022,25,6,2,8.383086476190476,25.0,15,2
2024-04-01,669062,3,0,1,1.1491310000000001,3.0,2,0
2024-04-01,669194,17,2,4,6.586524000000001,17.0,11,0
2024-04-01,669211,5,1,0,1.486,5.0,4,0
2024-04-01,669276,4,2,0,0.24200000000000002,4.0,2,0
2024-04-01,669459,7,1,0,1.91,7.0,6,0
2024-04-01,669622,4,1,0,1.6861818181818182,4.0,3,0
2024-04-01,669854,29,7,2,4.4932620000000005,29.0,20,0
2024-04-01,670102,26,7,1,9.326078368421053,26.0,18,3
2024-04-01,670167,3,1,0,0.321,3.0,2,0
2024-04-01,670950,2,1,0,0.024,2.0,1,0
2024-04-01,671096,21,4,2,5.226262,21.0,15,0
2024-04-01,671212,21,4,4,7.928524,21.0,13,1
2024-04-01,671345,4,2,0,0.9680000000000001,4.0,2,0
2024-04-01,671922,5,3,1,1.248131,5.0,1,0
2024-04-01,672710,9,3,1,3.3070721764705877,9.0,5,1
2024-04-01,673929,3,0,0,0.9940000000000001,3.0,3,0
2024-04-01,676106,23,1,1,9.30988642857143,23.0,19,2
2024-04-01,676395,3,1,0,0.287,2.0,2,0
2024-04-01,676680,3,1,0,0.031,3.0,2,0
2024-04-01,676684,1,0,0,0.027,1.0,1,0
2024-04-01,676775,20,6,1,5.447131,20.0,13,1
2024-04-01,676974,19,4,2,7.035734448422448,19.0,13,3
2024-04-01,677053,3,1,0,0.457,3.0,2,0
2024-04-01,680704,6,1,3,2.080393,6.0,2,0
2024-04-01,681217,18,5,2,7.370262,18.0,10,0
2024-04-01,681857,22,3,2,7.058766500000001,22.0,16,1
2024-04-01,683232,2,0,0,0.327,2.0,2,0
2024-04-01,683769,5,1,0,2.741,5.0,4,0
2024-04-01,684007,21,9,0,5.049552486537853,21.0,12,2
2024-04-01,686752,24,3,4,7.956871826086957,24.0,17,1
2024-04-01,687014,9,2,0,3.3656428571428574,9.0,7,0
2024-04-02,445276,5,2,2,1.383262,5.0,1,0
2024-04-02,455119,3,1,0,0.312,3.0,2,0
2024-04-02,472610,5,1,1,2.2220925384615384,5.0,3,1
2024-04-02,506433,27,6,1,7.9204143333333334,26.0,20,1
2024-04-02,518489,4,1,1,0.7201310000000001,4.0,2,0
2024-04-02,519008,3,0,0,0.771,3.0,3,0
2024-04-02,519043,3,0,0,0.344,3.0,3,0
2024-04-02,519151,1,0,0,0.048,1.0,1,0
2024-04-02,519293,3,1,0,1.2836304347826089,3.0,2,1
2024-04-02,542881,26,5,2,5.817262,26.0,19,0
2024-04-02,543351,6,2,1,1.501131,6.0,3,0
2024-04-02,543518,3,2,0,0.187,3.0,1,0
2024-04-02,552640,3,1,0,0.258,3.0,2,0
2024-04-02,554340,4,1,0,0.6910000000000001,4.0,3,0
2024-04-02,571656,8,1,1,2.166988142857143,8.0,6,0
2024-04-02,571760,20,7,0,3.8698586666666666,20.0,12,0
2024-04-02,571945,26,4,1,10.147373424242424,26.0,21,1
2024-04-02,571948,5,1,1,1.467131,5.0,3,0
2024-04-02,572955,6,1,1,1.6771310000000001,6.0,4,0
2024-04-02,573124,4,0,1,1.131131,4.0,3,0
2024-04-02,592094,3,1,0,0.477,3.0,2,0
2024-04-02,593974,3,0,0,1.5322424242424246,3.0,3,1
2024-04-02,595881,4,1,1,0.930131,4.0,2,0
2024-04-02,596001,16,4,1,3.8161310000000004,16.0,11,0
2024-04-02,605130,2,0,0,0.193,2.0,2,0
2024-04-02,605154,3,0,2,1.459262,3.0,1,0
2024-04-02,605513,19,7,0,4.662,19.0,12,0
2024-04-02,606149,4,0,1,1.966131,4.0,3,0
2024-04-02,606303,3,0,0,0.91,3.0,3,0
2024-04-02,607536,23,2,3,11.969775476190476,23.0,17,3
2024-04-02,608344,24,3,2,10.849180788353321,24.0,19,5
2024-04-02,608718,6,0,1,3.9352167142857146,6.0,5,1
2024-04-02,613534,3,2,0,0.026,3.0,1,0
2024-04-02,620982,18,4,0,4.568575,18.0,14,1
2024-04-02,621016,11,1,0,5.216717333333333,11.0,8,1
2024-04-02,621107,25,5,1,7.156316185185185,25.0,19,1
2024-04-02,621244,24,2,3,11.822853805860806,24.0,18,2
2024-04-02,621345,4,1,0,0.201,4.0,3,0
2024-04-02,621363,2,1,0,0.189,2.0,1,0
2024-04-02,622072,24,7,2,6.689646,24.0,13,0
2024-04-02,622253,5,2,1,1.9271310000000001,5.0,2,0
2024-04-02,622491,27,7,1,6.7333043478260866,26.0,19,1
2024-04-02,623352,5,0,1,3.3828810000000002,5.0,4,1
2024-04-02,623465,5,2,0,0.671,5.0,3,0
2024-04-02,624647,5,1,1,1.241131,5.0,3,0
2024-04-02,625643,23,5,2,6.732262,23.0,16,1
2024-04-02,641482,24,2,2,8.404476285714285,24.0,20,0
2024-04-02,641835,3,0,1,0.7061310000000001,3.0,2,0
2024-04-02,642048,4,1,0,0.455,4.0,3,0
2024-04-02,642232,20,1,1,7.6732802510047495,20.0,18,1
2024-04-02,643338,4,1,0,0.42600000000000005,3.0,2,0
2024-04-02,656629,8,1,2,3.443045333333333,8.0,5,1
2024-04-02,656641,8,1,1,2.421323,8.0,5,0
2024-04-02,657044,3,0,0,0.278,3.0,3,0
2024-04-02,657097,3,2,0,0.016,3.0,1,0
2024-04-02,657277,20,5,2,9.59496483018868,20.0,13,1
2024-04-02,658648,4,1,1,0.802131,3.0,2,0
2024-04-02,660896,9,2,2,2.3702620000000003,9.0,5,0
2024-04-02,661403,4,2,0,0.793,4.0,2,0
2024-04-02,663462,4,1,0,1.153,4.0,3,0
2024-04-02,663773,14,1,1,6.204540090909091,14.0,12,1
2024-04-02,664126,6,1,1,1.775131,6.0,4,0
2024-04-02,664285,27,5,0,7.534192,27.0,21,0
2024-04-02,664776,10,4,1,4.814815210526316,10.0,5,1
2024-04-02,664854,4,2,0,0.307,4.0,2,0
2024-04-02,665625,7,3,1,1.134131,7.0,3,0
2024-04-02,665871,22,5,1,6.570323,22.0,15,1
2024-04-02,666200,20,5,2,6.495865076923077,20.0,13,3
2024-04-02,666204,3,2,0,0.182,3.0,1,0
2024-04-02,666720,6,1,0,2.228951048951049,6.0,5,0
2024-04-02,668674,4,0,1,1.787,3.0,3,0
2024-04-02,668678,22,6,3,6.348393,22.0,13,0
2024-04-02,668933,24,5,1,8.50001988888889,24.0,18,1
2024-04-02,669169,6,2,0,1.753192,6.0,3,0
2024-04-02,669212,4,0,1,1.460131,4.0,3,0
2024-04-02,669456,23,9,0,6.681266666666667,23.0,14,1
2024-04-02,669711,3,1,0,0.681,3.0,2,0
2024-04-02,670167,4,0,0,1.134,4.0,4,0
2024-04-02,670174,7,3,1,1.366225806451613,5.0,3,1
2024-04-02,673513,3,0,2,2.295262,3.0,1,0
2024-04-02,675627,7,2,1,1.759131,7.0,4,0
2024-04-02,675989,5,2,0,0.202,5.0,3,0
2024-04-02,676092,3,1,0,0.687,3.0,2,0
2024-04-02,676254,5,2,1,0.8371310000000001,5.0,2,0
2024-04-02,676979,25,8,1,4.390323307692308,25.0,16,1
2024-04-02,678394,22,6,1,6.735281827423168,22.0,15,2
2024-04-02,679525,24,5,1,6.910581,24.0,18,1
2024-04-02,680767,7,3,1,1.721131,7.0,3,0
2024-04-02,681432,3,0,1,1.023131,3.0,2,0
2024-04-02,681911,2,1,0,0.5442142857142857,2.0,1,0
2024-04-02,682842,3,0,1,1.038131,3.0,2,0
2024-04-02,683627,16,1,3,9.55503421989122,16.0,12,3
2024-04-02,686826,3,0,0,0.609,3.0,3,0
2024-04-02,686973,21,4,2,7.965208098360656,21.0,14,1
2024-04-02,687765,3,0,0,0.768,3.0,3,0
2024-04-02,694738,8,4,1,2.4407059999999996,8.0,3,1
2024-04-02,695243,8,4,1,1.488131,8.0,3,0
2024-04-03,445276,5,1,2,1.596262,5.0,2,0
2024-04-03,455119,5,1,0,1.53,5.0,4,0
2024-04-03,458677,1,0,0,0.007,1.0,1,0
2024-04-03,502085,5,1,0,1.4689999999999999,5.0,4,0
2024-04-03,518585,3,1,0,0.322,3.0,2,0
2024-04-03,518876,26,4,1,9.562438189542483,25.0,19,2
2024-04-03,519008,5,0,1,0.907,4.0,4,0
2024-04-03,519293,6,1,2,1.890131,4.0,3,0
2024-04-03,523260,3,2,0,0.058,3.0,1,0
2024-04-03,542585,1,1,0,0.0,1.0,0,0
2024-04-03,542888,7,1,0,2.41,7.0,6,0
2024-04-03,543056,4,2,0,0.36200000000000004,4.0,2,0
2024-04-03,543135,24,8,1,4.6171310000000005,24.0,15,0
2024-04-03,543339,4,1,0,2.9752,4.0,3,1
2024-04-03,543518,5,1,0,1.996,5.0,4,1
2024-04-03,547184,3,2,0,0.336,3.0,1,0
2024-04-03,548389,26,3,0,7.584,26.0,23,0
2024-04-03,554430,25,10,1,6.268091115942029,25.0,13,2
2024-04-03,570257,3,0,0,0.929,3.0,3,0
2024-04-03,571948,4,0,0,1.313,4.0,4,0
2024-04-03,572143,11,0,2,5.185619142857143,11.0,9,1
2024-04-03,573009,3,1,0,0.364,3.0,2,0
2024-04-03,573124,4,0,0,2.239,4.0,4,1
2024-04-03,592288,15,2,3,8.075574898989899,15.0,9,3
2024-04-03,592779,3,2,0,0.362,3.0,1,0
2024-04-03,592866,21,5,2,6.381531696969697,21.0,14,0
2024-04-03,593423,24,5,3,7.5827263333333335,24.0,16,1
2024-04-03,593576,5,2,0,2.1535087719298245,5.0,3,1
2024-04-03,593974,3,0,0,1.935384,3.0,1,0
2024-04-03,595345,4,3,1,0.689131,4.0,0,0
2024-04-03,600917,6,0,0,3.228992,6.0,5,0
2024-04-03,600986,5,0,1,1.727131,5.0,4,0
2024-04-03,601713,20,3,1,6.331105842767296,20.0,16,2
2024-04-03,605135,24,3,3,11.716077210526317,24.0,18,2
2024-04-03,605280,7,1,0,1.211192,7.0,5,0
2024-04-03,605397,23,7,1,7.573515,22.0,12,0
2024-04-03,605452,18,3,5,5.569432777777778,18.0,10,0
2024-04-03,605463,3,2,0,0.618,3.0,1,0
2024-04-03,606160,4,1,1,1.226131,4.0,2,0
2024-04-03,606303,5,0,0,2.8613333333333335,5.0,5,1
2024-04-03,607074,24,3,2,10.170352909090909,24.0,19,2
2024-04-03,607179,3,1,1,0.696131,3.0,1,0
2024-04-03,607192,24,7,2,5.299976285714286,23.0,14,1
2024-04-03,608371,4,2,1,0.696131,4.0,1,0
2024-04-03,608723,7,1,0,0.8520000000000001,7.0,6,0
2024-04-03,615698,19,3,4,6.643912888888889,19.0,12,0
2024-04-03,622075,4,1,2,1.7832620000000001,4.0,1,0
2024-04-03,628708,3,1,0,0.186,3.0,2,0
2024-04-03,640448,4,2,0,0.297,4.0,2,0
2024-04-03,640451,5,4,0,0.235,5.0,1,0
2024-04-03,640462,21,5,3,5.650393,21.0,13,0
2024-04-03,640470,4,2,0,0.5489999999999999,4.0,2,0
2024-04-03,641149,9,1,1,5.938067020607073,9.0,7,3
2024-04-03,641656,7,4,0,0.908,7.0,3,0
2024-04-03,641755,6,1,2,3.144833428571429,6.0,3,0
2024-04-03,641835,3,1,0,2.07,3.0,2,1
2024-04-03,642397,4,3,0,0.887,4.0,1,0
2024-04-03,642528,3,1,0,0.47,3.0,2,0
2024-04-03,643377,3,1,0,0.462,3.0,2,0
2024-04-03,643410,6,0,1,1.582131,6.0,5,0
2024-04-03,643511,4,0,0,1.542,4.0,4,0
2024-04-03,650644,23,8,2,4.999373111111111,23.0,13,0
2024-04-03,650960,7,1,0,2.0965087719298245,7.0,6,1
2024-04-03,656222,4,2,0,1.8743384912959378,4.0,2,1
2024-04-03,656234,6,0,1,1.192131,6.0,5,0
2024-04-03,656266,6,1,1,2.274221909090909,6.0,4,2
2024-04-03,656464,4,0,0,2.2016809523809515,4.0,4,1
2024-04-03,656605,27,5,2,10.924081047619048,27.0,19,3
2024-04-03,656793,4,1,0,1.588857142857143,4.0,3,0
2024-04-03,657044,3,1,0,0.185,3.0,2,0
2024-04-03,657240,6,1,0,2.551192,6.0,4,0
2024-04-03,657508,5,1,1,1.7115838301886794,5.0,3,1
2024-04-03,657571,4,2,1,0.629,3.0,1,0
2024-04-03,659275,3,2,0,0.177,3.0,1,0
2024-04-03,661527,3,0,0,0.35300000000000004,3.0,3,0
2024-04-03,663158,7,2,2,2.8902620000000003,7.0,3,0
2024-04-03,663423,8,1,0,1.7109999999999999,8.0,7,0
2024-04-03,663704,5,1,0,1.8021904761904763,5.0,4,1
2024-04-03,663776,23,7,2,7.4634540000000005,23.0,13,0
2024-04-03,663878,4,1,0,2.157,4.0,3,0
2024-04-03,663978,18,2,2,7.181675793103449,18.0,14,1
2024-04-03,664076,8,1,0,4.568,8.0,7,0
2024-04-03,664299,20,3,5,5.457424230769231,20.0,12,0
2024-04-03,664747,4,2,0,1.274,4.0,2,0
2024-04-03,666142,22,7,2,4.638262,22.0,13,0
2024-04-03,666974,3,1,0,0.216,3.0,2,0
2024-04-03,668868,24,5,4,8.869796727272726,24.0,15,1
2024-04-03,668942,3,0,1,1.043131,3.0,2,0
2024-04-03,669060,7,2,0,1.6386153846153844,7.0,5,0
2024-04-03,669062,3,2,0,0.6991923076923078,3.0,1,1
2024-04-03,669203,26,3,0,7.800944444444444,26.0,23,1
2024-04-03,669395,4,1,1,0.931131,4.0,2,0
2024-04-03,669461,4,1,0,0.298,3.0,3,0
2024-04-03,669467,3,1,0,0.217,2.0,1,0
2024-04-03,669923,23,2,0,6.715553361361361,23.0,20,2
2024-04-03,670871,9,1,0,2.553,9.0,8,0
2024-04-03,670950,2,1,0,0.061,2.0,1,0
2024-04-03,671106,26,6,3,6.914938454545455,26.0,17,0
2024-04-03,671922,4,1,0,0.971,4.0,3,0
2024-04-03,672582,2,0,0,1.295,2.0,2,0
2024-04-03,676395,3,1,1,2.3227370606060607,3.0,1,1
2024-04-03,676596,5,2,0,0.692,5.0,3,0
2024-04-03,676680,4,2,1,1.065131,4.0,1,0
2024-04-03,676702,3,1,0,1.267,3.0,2,0
2024-04-03,676962,15,5,1,4.747157315789474,15.0,9,1
2024-04-03,680704,1,1,0,0.0,1.0,0,0
2024-04-03,681432,3,1,0,0.617,3.0,2,0
2024-04-03,681676,5,3,1,0.187,4.0,1,0
2024-04-03,682120,4,0,1,1.945131,4.0,3,0
2024-04-03,683232,6,1,0,0.908,6.0,5,0
2024-04-03,686580,4,0,0,0.36,4.0,4,0
2024-04-03,690986,24,4,3,8.174994090909092,23.0,15,1
2024-04-04,458681,23,7,1,9.220337223776223,23.0,15,4
2024-04-04,493603,4,1,0,1.9182682926829269,4.0,3,1
2024-04-04,518617,2,1,1,0.689131,2.0,0,0
2024-04-04,527048,28,6,2,8.962461324324323,28.0,20,2
2024-04-04,543475,4,1,1,1.167131,4.0,2,0
2024-04-04,543766,4,1,1,0.8521310000000001,4.0,2,0
2024-04-04,543859,8,1,0,4.275345846153846,8.0,6,1
2024-04-04,547973,1,1,0,0.0,1.0,0,0
2024-04-04,548384,3,0,0,0.856,3.0,3,0
2024-04-04,571670,5,2,2,1.570262,5.0,1,0
2024-04-04,571882,8,0,1,4.20559611627907,8.0,7,1
2024-04-04,571946,8,4,2,1.6592620000000002,8.0,2,0
2024-04-04,598264,3,0,0,1.48846511627907,3.0,3,1
2024-04-04,605130,4,3,0,0.444,4.0,1,0
2024-04-04,605177,3,1,0,0.198,3.0,2,0
2024-04-04,605288,20,3,3,6.52661175,20.0,14,1
2024-04-04,605347,3,0,0,0.926,3.0,3,0
2024-04-04,606149,1,0,0,0.4233333333333333,1.0,1,0
2024-04-04,607625,27,3,2,9.27566026839827,27.0,22,1
2024-04-04,608678,5,1,1,3.0849643333333336,5.0,3,1
2024-04-04,621242,3,2,0,0.086,3.0,1,0
2024-04-04,622098,4,0,1,1.6451310000000001,4.0,3,0
2024-04-04,641154,24,2,1,8.244464333333333,24.0,21,0
2024-04-04,647336,22,2,0,7.162346153846154,22.0,20,1
2024-04-04,656412,5,1,1,2.3122079230769232,4.0,3,1
2024-04-04,656638,4,2,1,0.8551310000000001,4.0,1,0
2024-04-04,657585,11,4,1,2.6847976666666664,11.0,6,0
2024-04-04,661403,3,0,0,1.1360000000000001,3.0,3,1
2024-04-04,663432,6,2,1,1.46,5.0,3,0
2024-04-04,663485,6,3,0,1.626192,6.0,2,0
2024-04-04,663554,21,4,2,6.850454,21.0,14,1
2024-04-04,663947,7,1,0,1.337,6.0,6,0
2024-04-04,664350,4,0,0,1.216,4.0,4,0
2024-04-04,664854,3,1,0,0.17800000000000002,3.0,2,0
2024-04-04,665620,6,0,2,3.3952620000000002,6.0,4,0
2024-04-04,666159,21,3,4,5.246524,21.0,14,0
2024-04-04,666214,8,1,1,2.961323,8.0,5,0
2024-04-04,666277,4,1,0,0.614,4.0,3,0
2024-04-04,668941,3,1,0,0.877,3.0,2,0
2024-04-04,669422,4,0,1,1.6180005652173912,4.0,3,1
2024-04-04,669461,5,0,0,2.7181497076023393,5.0,5,1
2024-04-04,669467,3,0,1,1.549131,3.0,2,0
2024-04-04,669622,4,1,0,1.12,4.0,3,0
2024-04-04,670280,3,2,0,0.007,3.0,1,0
2024-04-04,671345,4,1,2,1.425262,4.0,1,0
2024-04-04,672582,1,0,0,0.3776666666666666,1.0,1,0
2024-04-04,676130,23,6,3,6.386393,23.0,14,0
2024-04-04,676440,23,9,0,7.660833125541125,23.0,13,2
2024-04-04,677053,5,1,0,0.8330000000000001,5.0,4,0
2024-04-04,677960,23,6,3,10.050938320661322,23.0,12,4
2024-04-04,680686,22,3,3,7.559029904761905,22.0,16,1
2024-04-04,681892,9,2,2,2.565454,9.0,4,0
2024-04-04,682120,6,2,1,2.393323,6.0,2,0
2024-04-04,682847,7,1,2,2.480262,7.0,4,0
2024-04-04,683769,2,1,0,0.002,2.0,1,0
2024-04-05,445276,3,1,0,0.379,3.0,2,0
2024-04-05,445926,7,0,1,1.3341310000000002,7.0,6,0
2024-04-05,455119,6,2,0,1.907192,6.0,3,0
2024-04-05,472610,1,0,0,0.082,1.0,1,0
2024-04-05,493603,3,2,0,0.156,3.0,1,0
2024-04-05,500779,26,4,4,11.087011663280116,26.0,18,2
2024-04-05,518585,7,2,3,2.620393,7.0,2,0
2024-04-05,518886,3,2,0,0.224,3.0,1,0
2024-04-05,519008,1,0,0,0.094,1.0,1,0
2024-04-05,519293,3,1,1,1.247657315789474,3.0,1,0
2024-04-05,543056,2,1,0,0.062,2.0,1,0
2024-04-05,543294,22,4,2,9.058807454545455,22.0,16,1
2024-04-05,543518,1,0,0,0.58365,1.0,1,0
2024-04-05,548384,2,1,1,0.689131,2.0,0,0
2024-04-05,554340,2,1,0,0.062,2.0,1,0
2024-04-05,571578,30,6,3,10.42605337735849,30.0,21,2
2024-04-05,572955,4,2,1,0.900131,4.0,1,0
2024-04-05,573009,4,0,1,2.1562079230769235,4.0,3,1
2024-04-05,573186,23,6,1,5.843540090909091,23.0,16,1
2024-04-05,579328,20,7,2,3.961262,20.0,11,0
2024-04-05,592094,2,1,0,1.0063478260869567,2.0,1,1
2024-04-05,592767,10,5,1,2.161131,10.0,4,0
2024-04-05,592773,6,1,0,1.7550000000000001,6.0,5,0
2024-04-05,593974,4,1,0,0.708,4.0,3,0
2024-04-05,595897,4,1,2,1.8752620000000002,4.0,1,0
2024-04-05,596295,19,7,3,6.135293,19.0,9,0
2024-04-05,598264,5,2,2,1.4382620000000002,5.0,1,0
2024-04-05,605154,2,0,0,0.9504666666666668,2.0,2,0
2024-04-05,605177,4,1,2,1.638262,4.0,1,0
2024-04-05,605400,22,4,4,8.599796934472934,22.0,14,1
2024-04-05,607179,3,0,1,1.267131,3.0,2,0
2024-04-05,607200,23,4,2,10.020715022875818,23.0,17,3
2024-04-05,607481,4,1,1,0.8821310000000001,4.0,2,0
2024-04-05,608717,4,1,1,1.7331310000000002,4.0,2,0
2024-04-05,612434,3,0,0,1.089,3.0,3,0
2024-04-05,613534,1,1,0,0.0,1.0,0,0
2024-04-05,621051,4,3,0,0.499,4.0,1,0
2024-04-05,621097,10,3,1,3.4640059999999995,9.0,5,1
2024-04-05,621237,4,1,1,0.7641310000000001,4.0,2,0
2024-04-05,621242,5,1,1,1.0071310000000002,5.0,3,0
2024-04-05,621363,6,0,0,3.5621060606060606,6.0,6,2
2024-04-05,621366,4,1,0,1.9460000000000002,4.0,3,0
2024-04-05,621381,4,1,0,1.851660377358491,4.0,3,1
2024-04-05,622088,3,0,1,1.0121310000000001,3.0,2,0
2024-04-05,622098,5,1,0,2.516,5.0,4,0
2024-04-05,622554,3,1,0,0.09699999999999999,3.0,2,0
2024-04-05,622766,3,0,0,1.3516388888888888,3.0,3,1
2024-04-05,628452,4,0,0,1.137,4.0,4,0
2024-04-05,640470,5,0,0,2.3346363636363634,5.0,5,0
2024-04-05,641729,4,1,0,0.29100000000000004,4.0,3,0
2024-04-05,641793,20,5,0,4.547217391304348,20.0,15,1
2024-04-05,641941,4,2,0,0.7091333333333332,4.0,2,1
2024-04-05,642547,24,7,1,6.668652931034483,24.0,14,2
2024-04-05,642701,8,1,1,3.4073941578947373,8.0,6,1
2024-04-05,643338,5,0,0,1.7713714285714286,5.0,5,0
2024-04-05,643511,3,1,0,0.446,3.0,2,0
2024-04-05,650893,3,0,1,1.054131,3.0,2,0
2024-04-05,656222,3,0,0,0.83,2.0,3,0
2024-04-05,656232,18,1,2,8.758928666666668,18.0,15,1
2024-04-05,656234,4,2,0,0.719,4.0,2,0
2024-04-05,656288,23,4,3,9.450146111111112,23.0,15,4
2024-04-05,656302,24,7,2,7.274131923371647,24.0,15,2
2024-04-05,656464,7,2,0,1.6157021276595744,7.0,5,1
2024-04-05,656629,6,3,2,2.2782620000000002,6.0,1,0
2024-04-05,656638,1,1,0,0.0,1.0,0,0
2024-04-05,656641,4,1,1,0.795131,4.0,2,0
2024-04-05,657044,5,1,0,0.861,4.0,3,0
2024-04-05,657240,6,3,1,2.750988142857143,6.0,2,1
2024-04-05,657571,4,0,0,3.3119629629629626,4.0,4,1
2024-04-05,659275,7,0,1,3.8151136363636367,6.0,6,2
2024-04-05,660761,6,1,1,2.083323,6.0,3,0
2024-04-05,660853,2,0,0,1.277192,2.0,1,0
2024-04-05,661527,4,0,0,0.982,4.0,4,0
2024-04-05,662253,5,1,4,2.756524,5.0,0,0
2024-04-05,663432,5,1,3,2.141393,5.0,1,0
2024-04-05,663462,3,0,0,0.7829999999999999,3.0,3,0
2024-04-05,663542,5,1,0,1.370192,5.0,3,0
2024-04-05,663567,8,2,1,3.001131,8.0,5,0
2024-04-05,663704,1,0,0,0.057,1.0,1,0
2024-04-05,663855,25,5,0,5.059923076923077,25.0,20,1
2024-04-05,663903,21,4,1,5.597870130434783,21.0,16,1
2024-04-05,664126,3,0,3,2.067393,3.0,0,0
2024-04-05,664875,6,0,0,3.484,6.0,6,0
2024-04-05,665625,4,2,0,0.494,4.0,2,0
2024-04-05,666204,3,0,2,1.385262,3.0,1,0
2024-04-05,666720,2,0,0,1.6510000000000002,2.0,2,1
2024-04-05,666808,5,2,1,0.991131,5.0,2,0
2024-04-05,666974,3,2,0,0.207,3.0,1,0
2024-04-05,667755,13,1,1,6.26178703242148,13.0,10,2
2024-04-05,668674,6,2,1,1.3543636363636362,5.0,3,0
2024-04-05,668881,24,6,1,4.775515,24.0,15,0
2024-04-05,669302,23,7,1,8.750621118577074,23.0,15,3
2024-04-05,669373,25,9,2,5.754527536723164,25.0,14,1
2024-04-05,669711,1,0,0,0.7496923076923075,1.0,1,0
2024-04-05,670167,3,1,1,0.691131,3.0,1,0
2024-04-05,670174,8,2,0,3.0347374545454544,7.0,4,1
2024-04-05,670950,4,3,0,0.341,4.0,1,0
2024-04-05,671345,3,2,0,0.0,3.0,1,0
2024-04-05,672710,4,1,0,0.918,4.0,3,0
2024-04-05,673513,3,0,0,0.5409999999999999,3.0,3,0
2024-04-05,674003,26,4,0,4.9522121212121215,26.0,22,1
2024-04-05,674072,25,5,2,10.38899667310789,25.0,17,3
2024-04-05,675627,13,1,1,3.343131,13.0,11,1
2024-04-05,675911,22,4,3,7.831276933676387,22.0,15,2
2024-04-05,675989,4,0,1,1.7741310000000001,4.0,3,0
2024-04-05,676272,11,3,2,5.745914173913044,11.0,6,2
2024-04-05,676664,24,1,1,10.819502277244494,24.0,21,2
2024-04-05,676684,4,1,1,1.418131,4.0,2,0
2024-04-05,676702,7,1,0,1.590861111111111,7.0,6,1
2024-04-05,676710,20,5,3,4.094393,20.0,12,0
2024-04-05,680570,27,7,2,7.198891629629629,27.0,18,1
2024-04-05,681911,6,0,2,1.643262,6.0,4,0
2024-04-05,682842,7,0,1,2.8550769230769233,6.0,6,1
2024-04-05,683003,25,7,0,8.044309488025853,25.0,17,3
2024-04-05,683232,5,2,1,1.127131,5.0,2,0
2024-04-05,686613,21,3,4,9.263787157894738,21.0,14,0
2024-04-06,471911,13,6,3,3.2290358571428572,13.0,4,0
2024-04-06,489446,3,2,0,0.07,3.0,1,0
2024-04-06,502085,3,0,0,0.952,3.0,3,0
2024-04-06,518489,4,3,0,0.899,4.0,1,0
2024-04-06,518617,6,1,1,2.324323,6.0,3,0
2024-04-06,518886,3,1,0,0.8520000000000001,3.0,2,0
2024-04-06,519043,3,0,0,1.3187021276595743,3.0,3,1
2024-04-06,519151,6,1,0,3.630076923076923,6.0,5,1
2024-04-06,523260,3,2,0,0.205,3.0,1,0
2024-04-06,543056,3,1,0,0.133,3.0,2,0
2024-04-06,543339,3,1,0,0.355,3.0,2,0
2024-04-06,543351,4,2,0,0.638,4.0,2,0
2024-04-06,543766,2,1,1,0.689131,2.0,0,0
2024-04-06,547973,4,2,1,0.8741310000000001,4.0,1,0
2024-04-06,552640,4,1,0,1.429,4.0,3,0
2024-04-06,570632,4,1,1,1.377131,4.0,2,1
2024-04-06,571656,7,1,0,2.6312083333333334,7.0,6,1
2024-04-06,571670,6,1,2,2.287262,6.0,3,0
2024-04-06,571882,4,0,0,1.8319999999999999,4.0,4,0
2024-04-06,571927,19,3,1,4.512131,19.0,15,0
2024-04-06,571948,3,0,0,2.0435,3.0,3,1
2024-04-06,572143,3,0,0,0.9339999999999999,3.0,3,0
2024-04-06,592094,3,1,0,0.083,3.0,2,0
2024-04-06,592332,11,0,2,7.9210205532746825,11.0,8,3
2024-04-06,592351,19,3,3,7.293393,19.0,13,0
2024-04-06,595881,4,1,1,0.7101310000000001,4.0,2,0
2024-04-06,596133,11,1,1,4.976400212806026,11.0,8,1
2024-04-06,600917,6,1,0,0.945,5.0,4,0
2024-04-06,605130,4,0,2,2.251262,4.0,2,0
2024-04-06,605280,3,1,0,0.7160000000000001,3.0,2,0
2024-04-06,605463,3,2,0,0.91,3.0,1,0
2024-04-06,606149,3,0,0,1.2978484848484848,3.0,3,1
2024-04-06,606160,4,0,1,1.97234975,4.0,3,1
2024-04-06,606965,10,2,1,2.406381,10.0,7,0
2024-04-06,607259,25,6,1,10.141984904761905,25.0,17,2
2024-04-06,608032,3,1,0,0.008,3.0,2,0
2024-04-06,608331,25,5,1,8.928131,25.0,19,2
2024-04-06,608379,23,8,1,4.964131,23.0,14,0
2024-04-06,608717,3,1,0,0.597,3.0,2,0
2024-04-06,608723,4,0,1,2.620664333333334,4.0,3,1
2024-04-06,613534,3,2,0,0.148,3.0,1,0
2024-04-06,621016,7,1,1,3.0790764545454543,7.0,5,1
2024-04-06,621112,22,4,0,6.7677784434203785,22.0,18,2
2024-04-06,621237,4,1,1,0.9601310000000001,4.0,2,0
2024-04-06,621345,3,1,0,0.024999999999999998,3.0,2,0
2024-04-06,621363,3,1,0,0.124,3.0,2,0
2024-04-06,621383,4,2,0,0.767,4.0,2,0
2024-04-06,622075,5,2,0,0.216,5.0,3,0
2024-04-06,622250,2,0,0,0.52,2.0,2,0
2024-04-06,622253,2,0,0,0.297,2.0,2,0
2024-04-06,622663,21,7,2,5.558262,21.0,12,0
2024-04-06,623167,25,4,2,8.49171788235294,25.0,19,1
2024-04-06,623433,4,1,1,1.477131,4.0,2,0
2024-04-06,623465,6,1,1,2.115131,6.0,4,0
2024-04-06,624133,23,4,0,6.608949575757576,23.0,18,1
2024-04-06,624647,5,0,1,1.821131,5.0,4,0
2024-04-06,628317,22,3,4,7.506609106382979,22.0,15,1
2024-04-06,628452,4,0,0,1.4581920000000002,3.0,3,0
2024-04-06,641302,23,4,2,7.899967263157895,23.0,17,1
2024-04-06,641585,27,4,2,7.902174087912088,27.0,21,0
2024-04-06,641656,5,0,1,2.9123734242424244,5.0,4,1
2024-04-06,641755,5,0,0,2.3408804597701147,5.0,5,1
2024-04-06,641835,3,0,1,1.444131,3.0,2,0
2024-04-06,641941,4,0,0,1.179,4.0,4,0
2024-04-06,642100,3,0,2,1.5122620000000002,3.0,1,0
2024-04-06,642397,1,0,0,1.1186603773584909,1.0,1,1
2024-04-06,643256,4,1,0,1.6955766153846155,4.0,2,0
2024-04-06,643410,4,3,1,0.689131,4.0,0,0
2024-04-06,650556,3,1,1,1.1731310000000001,3.0,1,0
2024-04-06,650633,26,4,1,7.357781,26.0,21,0
2024-04-06,656222,3,0,2,1.9102620000000001,3.0,1,0
2024-04-06,656234,6,0,1,2.8523128181818183,6.0,5,1
2024-04-06,656266,1,1,0,0.0,1.0,0,0
2024-04-06,656271,2,0,0,0.674,2.0,2,0
2024-04-06,656546,6,1,1,1.138131,6.0,4,0
2024-04-06,656924,5,0,1,1.359131,5.0,4,0
2024-04-06,656945,4,0,0,0.46099999999999997,3.0,3,0
2024-04-06,657097,4,2,0,1.49,4.0,2,0
2024-04-06,657376,22,4,3,5.879393,22.0,15,0
2024-04-06,657508,3,0,2,2.002262,3.0,1,0
2024-04-06,657746,24,7,0,6.771733218637993,24.0,16,2
2024-04-06,660896,7,2,0,1.133,6.0,4,0
2024-04-06,661403,4,2,0,1.312638888888889,4.0,2,1
2024-04-06,662253,3,1,0,0.23399999999999999,3.0,2,0
2024-04-06,663158,4,1,1,1.440131,4.0,2,0
2024-04-06,663372,22,10,2,2.877262,21.0,9,0
2024-04-06,663423,1,0,0,0.101,1.0,1,0
2024-04-06,663462,4,0,1,0.9791310000000001,4.0,3,0
2024-04-06,663559,21,1,1,5.077631,21.0,19,1
2024-04-06,663568,1,0,0,0.425,1.0,1,0
2024-04-06,663623,23,5,1,7.047578205128206,22.0,17,1
2024-04-06,663773,6,0,1,3.0711310000000003,6.0,5,0
2024-04-06,663878,9,3,2,4.157807454545455,9.0,4,1
2024-04-06,664076,1,0,0,0.8244347826086956,1.0,1,1
2024-04-06,664747,5,0,1,1.323131,5.0,4,0
2024-04-06,664854,4,0,0,0.7090000000000001,4.0,4,0
2024-04-06,664875,5,2,0,1.045,5.0,3,0
2024-04-06,666214,8,3,1,2.706131,8.0,4,0
2024-04-06,666818,4,0,0,2.3255384615384616,4.0,4,1
2024-04-06,668941,4,1,0,1.5478461538461534,4.0,3,1
2024-04-06,669060,9,5,1,2.795540090909091,9.0,3,1
2024-04-06,669084,25,5,2,5.523262,25.0,18,0
2024-04-06,669169,2,0,0,1.742,2.0,2,0
2024-04-06,669211,4,2,0,0.252,4.0,2,0
2024-04-06,669276,11,0,1,3.633446808510638,10.0,10,1
2024-04-06,669330,25,3,2,10.268470436724566,25.0,20,2
2024-04-06,669432,23,3,3,7.503393,23.0,17,0
2024-04-06,669459,3,2,1,0.689131,3.0,0,0
2024-04-06,669711,6,1,1,1.123131,6.0,4,0
2024-04-06,669952,17,2,2,6.829873241217799,17.0,13,1
2024-04-06,670280,6,1,0,1.7570000000000001,6.0,5,0
2024-04-06,670990,13,3,2,4.250993707317074,13.0,8,1
2024-04-06,671922,6,1,1,1.6813230000000001,6.0,3,0
2024-04-06,672282,21,12,1,4.659478826086957,21.0,8,1
2024-04-06,673929,4,1,0,1.5470000000000002,4.0,3,0
2024-04-06,676395,4,2,0,0.374,4.0,2,0
2024-04-06,676477,20,4,4,8.619934714285714,20.0,12,0
2024-04-06,676596,1,0,0,0.106,1.0,1,0
2024-04-06,676680,3,0,1,0.9981310000000001,3.0,2,0
2024-04-06,676684,7,2,1,2.208006,7.0,4,0
2024-04-06,676775,22,1,3,7.652170575757576,22.0,18,2
2024-04-06,680704,5,2,0,0.8611920000000001,5.0,2,0
2024-04-06,681432,3,1,1,1.125131,3.0,1,0
2024-04-06,682243,25,7,1,4.792131,25.0,17,0
2024-04-06,682847,5,2,0,0.8757999999999999,5.0,3,0
2024-04-06,683769,3,2,0,0.720192,3.0,0,0
2024-04-06,686580,6,5,0,0.288,6.0,1,0
2024-04-06,686826,8,1,0,3.0620967741935483,7.0,6,0
2024-04-06,687014,7,1,0,2.405181818181818,7.0,6,0
2024-04-06,694297,27,7,1,9.093470285714286,26.0,18,2
2024-04-06,694738,4,0,0,1.34,4.0,4,0
2024-04-06,695243,9,3,1,1.353131,9.0,5,0
2024-04-06,696136,21,7,1,5.750131,21.0,13,0
2024-04-06,808967,21,8,2,6.1855863243243245,21.0,11,2
2024-04-07,493603,3,2,0,0.061,3.0,1,0
2024-04-07,502043,26,5,1,11.556908237491191,26.0,20,3
2024-04-07,502179,8,0,1,3.539263723112128,8.0,7,2
2024-04-07,502624,14,1,1,6.834027551724137,14.0,12,2
2024-04-07,519151,3,1,0,0.54,3.0,2,0
2024-04-07,519242,20,6,0,4.51815,19.0,14,0
2024-04-07,519293,4,1,0,1.047,4.0,3,0
2024-04-07,542585,4,1,0,2.412192,4.0,2,0
2024-04-07,542882,5,2,0,2.2326060606060607,5.0,3,1
2024-04-07,542888,7,1,1,1.821131,7.0,5,0
2024-04-07,547184,5,0,0,1.304,5.0,5,0
2024-04-07,548384,5,0,2,2.614003935483871,5.0,3,1
2024-04-07,554431,4,0,1,0.777131,4.0,3,0
2024-04-07,571656,3,1,0,0.218,3.0,2,0
2024-04-07,572955,4,0,0,1.423,4.0,4,0
2024-04-07,593934,1,0,0,0.077,1.0,1,0
2024-04-07,594835,22,4,0,8.042528542510121,20.0,16,1
2024-04-07,595897,4,0,0,0.9381920000000001,4.0,3,0
2024-04-07,600986,11,5,1,3.279815210526316,11.0,5,1
2024-04-07,605347,4,2,1,0.7081310000000001,4.0,1,0
2024-04-07,606160,3,1,0,0.9739411764705882,3.0,2,0
2024-04-07,607067,25,3,0,9.995266666666668,25.0,22,2
2024-04-07,607179,4,1,0,0.402,4.0,3,0
2024-04-07,608678,6,0,2,2.101262,6.0,4,0
2024-04-07,608718,11,0,0,4.363397435897436,11.0,11,2
2024-04-07,612434,6,1,0,4.083,6.0,5,1
2024-04-07,621051,3,0,0,0.301,3.0,3,0
2024-04-07,621242,3,2,0,0.029,3.0,1,0
2024-04-07,621381,4,1,0,2.5506333333333338,4.0,3,1
2024-04-07,622075,3,2,0,1.104861111111111,3.0,1,1
2024-04-07,622554,4,0,0,2.152714285714286,4.0,4,1
2024-04-07,623352,4,0,1,1.9701309999999999,4.0,3,0
2024-04-07,628708,6,1,1,2.0976962173913045,6.0,4,0
2024-04-07,640448,4,1,1,2.6945620344827588,4.0,2,1
2024-04-07,640451,3,2,0,0.058,3.0,1,0
2024-04-07,640455,21,6,2,6.867646000000001,21.0,11,0
2024-04-07,641540,27,7,3,8.784909129032258,27.0,17,1
2024-04-07,641712,25,4,1,5.895631,25.0,20,1
2024-04-07,641729,5,2,0,0.565,5.0,3,0
2024-04-07,641755,4,1,0,1.517,4.0,3,0
2024-04-07,641835,4,0,1,1.2981310000000001,4.0,3,0
2024-04-07,642048,9,4,1,1.408131,9.0,4,0
2024-04-07,642232,17,3,0,3.8989753333333335,17.0,13,1
2024-04-07,642701,5,2,0,0.703,5.0,3,0
2024-04-07,643410,4,1,0,0.9570000000000001,4.0,3,1
2024-04-07,650893,7,1,0,3.120090909090909,7.0,6,1
2024-04-07,650911,22,1,3,8.837615222222222,22.0,18,1
2024-04-07,656412,9,0,1,4.3160754444444445,8.0,7,1
2024-04-07,656427,28,5,1,9.648751205128205,28.0,21,2
2024-04-07,656557,24,7,2,7.047704,24.0,14,0
2024-04-07,656638,5,0,0,2.282,5.0,5,0
2024-04-07,656641,3,1,0,0.013,3.0,2,0
2024-04-07,657277,29,3,0,11.395407407407408,29.0,26,2
2024-04-07,657571,5,1,0,1.336,5.0,4,0
2024-04-07,660761,17,3,2,7.4316343702664796,17.0,12,2
2024-04-07,661563,20,8,4,5.264716,20.0,7,0
2024-04-07,663362,21,5,1,5.503861769230769,21.0,15,1
2024-04-07,663423,3,1,0,0.44699999999999995,3.0,2,0
2024-04-07,663568,3,1,1,0.792131,3.0,1,0
2024-04-07,663704,5,2,1,2.326281,5.0,2,0
2024-04-07,664076,4,2,1,1.2291310000000002,4.0,1,0
2024-04-07,664208,5,1,2,1.981262,5.0,2,0
2024-04-07,664776,7,0,2,2.7858983636363637,7.0,5,0
2024-04-07,665152,26,6,0,7.920993730407523,25.0,19,2
2024-04-07,665620,4,1,1,2.128743903225806,4.0,2,1
2024-04-07,666205,9,1,0,2.9325294117647056,9.0,8,1
2024-04-07,666277,4,2,1,0.689131,4.0,1,0
2024-04-07,666720,4,1,1,1.173631,4.0,2,0
2024-04-07,666745,5,0,0,2.145,5.0,5,0
2024-04-07,666808,4,3,0,0.503,4.0,1,0
2024-04-07,666974,5,0,1,2.806131,5.0,4,0
2024-04-07,667463,8,2,0,1.722,8.0,6,0
2024-04-07,668674,3,0,0,0.874,3.0,3,0
2024-04-07,668942,5,0,1,2.660049032786886,5.0,4,1
2024-04-07,669022,22,6,2,6.375762,21.0,13,2
2024-04-07,669194,21,7,0,5.537004098360656,21.0,14,2
2024-04-07,669211,3,0,0,0.026,3.0,3,0
2024-04-07,669459,5,2,0,0.704,5.0,3,0
2024-04-07,669796,5,2,0,1.6970000000000003,5.0,3,1
2024-04-07,669854,23,4,4,4.889887636363636,23.0,15,0
2024-04-07,670102,15,5,3,5.611585,15.0,6,1
2024-04-07,670167,5,1,1,1.0581310000000002,5.0,3,0
2024-04-07,670871,4,0,2,2.976262,4.0,2,0
2024-04-07,670950,5,2,2,1.808262,5.0,1,0
2024-04-07,671096,24,4,2,7.273716295081967,23.0,16,1
2024-04-07,671212,20,6,3,5.729585,20.0,10,0
2024-04-07,672582,5,1,0,1.947192,5.0,3,0
2024-04-07,672710,5,0,0,0.903,5.0,5,0
2024-04-07,673513,4,0,0,0.744,4.0,4,0
2024-04-07,676092,3,0,1,2.018131,3.0,2,0
2024-04-07,676106,21,6,1,9.537920442815249,21.0,14,2
2024-04-07,676254,3,2,0,0.09,3.0,1,0
2024-04-07,676974,22,3,1,4.820416714285714,22.0,18,1
2024-04-07,676979,19,5,0,4.814790476190476,19.0,14,1
2024-04-07,677053,3,2,0,0.506,3.0,1,0
2024-04-07,679525,23,3,1,9.078297666666666,23.0,19,0
2024-04-07,680767,8,1,2,2.7132620000000003,8.0,5,0
2024-04-07,681217,20,7,2,7.241820585858586,20.0,11,3
2024-04-07,681402,4,0,0,1.671192,4.0,3,0
2024-04-07,681676,10,1,1,5.925823,10.0,7,0
2024-04-07,681982,1,1,0,0.0,1.0,0,0
2024-04-07,684007,14,3,0,3.1510000000000002,14.0,11,0
2024-04-07,686752,20,11,0,2.4620769230769235,20.0,9,1
2024-04-07,694037,12,2,2,4.465262,12.0,8,1
2024-04-07,694813,18,5,3,6.358430037037037,18.0,10,1
2024-04-08,445926,6,1,1,2.496131,6.0,4,0
2024-04-08,450203,25,4,5,9.220200454545456,25.0,16,1
2024-04-08,458677,3,0,0,1.7287631578947373,3.0,3,1
2024-04-08,506433,16,4,3,7.70354653846154,16.0,8,2
2024-04-08,518489,3,1,0,0.519,3.0,2,0
2024-04-08,518585,3,2,0,0.39,3.0,1,0
2024-04-08,518617,3,1,1,0.7421310000000001,3.0,1,0
2024-04-08,519326,5,0,0,1.3760000000000001,5.0,5,0
2024-04-08,527054,16,3,2,6.608262,16.0,11,1
2024-04-08,542881,25,3,1,7.561187818181818,25.0,21,2
2024-04-08,542882,7,3,0,0.98,7.0,4,0
2024-04-08,543339,3,1,0,0.644,3.0,2,0
2024-04-08,543351,5,1,0,2.0497575757575754,5.0,4,1
2024-04-08,543518,6,0,2,2.3012620000000004,6.0,4,0
2024-04-08,543766,4,0,0,2.4232380952380947,4.0,4,1
2024-04-08,547973,2,2,0,0.0,2.0,0,0
2024-04-08,554340,6,2,1,4.106868745098041,6.0,3,2
2024-04-08,570632,12,4,0,2.738,12.0,8,0
2024-04-08,571670,3,1,0,0.094,3.0,2,0
2024-04-08,571760,19,2,3,7.380585,19.0,13,1
2024-04-08,571882,8,3,0,1.774,8.0,5,0
2024-04-08,571945,27,3,2,9.076928666666667,27.0,22,0
2024-04-08,572020,22,4,1,6.309542371237458,22.0,17,1
2024-04-08,572143,4,2,0,0.5680000000000001,4.0,2,0
2024-04-08,572955,6,1,1,3.129815210526316,6.0,4,1
2024-04-08,573009,3,0,1,1.372131,3.0,2,0
2024-04-08,573124,3,1,1,0.803131,3.0,1,0
2024-04-08,592866,20,2,3,5.8887263333333335,20.0,15,1
2024-04-08,593576,4,0,1,2.036131,4.0,3,0
2024-04-08,593974,4,0,0,1.212,4.0,4,0
2024-04-08,595345,6,1,0,2.459,6.0,5,0
2024-04-08,598264,4,1,0,1.3250454545454546,4.0,3,0
2024-04-08,605347,5,0,0,3.0692632132132136,5.0,5,2
2024-04-08,605463,8,2,1,1.966131,8.0,5,0
2024-04-08,605483,14,5,2,3.453262,14.0,7,0
2024-04-08,605513,22,6,1,5.339323,22.0,14,0
2024-04-08,606149,4,1,0,1.9928333333333337,4.0,3,1
2024-04-08,606303,3,1,0,0.44899999999999995,3.0,2,0
2024-04-08,607481,1,0,0,0.53,1.0,1,0
2024-04-08,607536,24,2,2,6.943595333333334,24.0,20,0
2024-04-08,608371,4,3,0,0.869,4.0,1,0
2024-04-08,608678,5,1,1,2.735131,5.0,3,0
2024-04-08,621016,5,0,0,2.6470000000000002,5.0,5,0
2024-04-08,621097,16,2,3,5.746393,16.0,11,0
2024-04-08,621107,24,5,0,8.08820992063492,24.0,19,2
2024-04-08,621237,4,1,1,0.7211310000000001,4.0,2,0
2024-04-08,621244,25,6,1,7.730131,25.0,18,1
2024-04-08,621345,4,2,0,1.91159375,4.0,2,1
2024-04-08,621383,10,5,0,1.605,10.0,5,0
2024-04-08,622098,6,2,2,2.152262,6.0,2,0
2024-04-08,622491,25,6,1,7.463416714285715,25.0,18,1
2024-04-08,622554,4,1,0,1.310638888888889,4.0,3,1
2024-04-08,623465,3,1,0,0.173,3.0,2,0
2024-04-08,640470,3,1,0,1.3312424242424246,3.0,2,1
2024-04-08,641482,26,6,0,4.125,26.0,20,0
2024-04-08,641927,19,7,2,5.456492,19.0,10,2
2024-04-08,642121,6,1,1,1.7121764545454548,6.0,4,0
2024-04-08,642397,4,2,0,1.7594666666666667,4.0,2,1
2024-04-08,643256,3,0,0,1.461,3.0,3,0
2024-04-08,643338,5,2,0,1.5567499999999999,5.0,3,1
2024-04-08,643377,5,1,1,1.740131,5.0,3,0
2024-04-08,650556,4,0,0,1.15,4.0,4,0
2024-04-08,656232,7,1,0,1.843,7.0,6,0
2024-04-08,656234,1,0,0,0.4653,1.0,1,0
2024-04-08,656266,6,1,0,3.285,6.0,5,1
2024-04-08,656271,3,0,0,1.646,3.0,3,0
2024-04-08,656546,6,1,1,1.482131,6.0,4,0
2024-04-08,656605,25,9,3,7.427393,25.0,13,0
2024-04-08,656671,3,0,0,0.531,3.0,3,0
2024-04-08,656924,5,1,0,1.7698484848484848,4.0,3,1
2024-04-08,657585,8,5,1,1.5341310000000001,8.0,2,0
2024-04-08,657612,4,0,0,1.897192,4.0,3,0
2024-04-08,658648,14,4,3,4.531781888888889,14.0,7,0
2024-04-08,660853,3,0,0,0.14700000000000002,3.0,3,0
2024-04-08,661403,4,2,0,0.955,4.0,2,0
2024-04-08,661527,11,2,0,2.043,11.0,9,0
2024-04-08,663158,3,2,0,0.011,3.0,1,0
2024-04-08,663474,23,2,4,7.052716307692307,23.0,17,1
2024-04-08,663542,6,0,1,2.350131,6.0,5,0
2024-04-08,663567,6,1,1,1.636131,6.0,4,0
2024-04-08,663947,5,0,1,3.4645310000000005,5.0,4,1
2024-04-08,664747,5,0,1,1.8523230000000002,5.0,3,0
2024-04-08,664854,5,0,1,0.34099999999999997,4.0,4,0
2024-04-08,664875,4,2,1,0.944131,4.0,1,0
2024-04-08,665871,22,7,3,7.106098882352941,21.0,10,1
2024-04-08,666200,26,4,5,9.23972011627907,25.0,17,2
2024-04-08,666214,8,2,0,2.444192,8.0,5,0
2024-04-08,666818,7,4,0,1.4112173913043475,7.0,3,1
2024-04-08,668338,6,2,0,1.17,6.0,4,0
2024-04-08,668678,23,10,0,4.5295,23.0,13,0
2024-04-08,668874,9,0,3,4.765585000000001,9.0,5,0
2024-04-08,668933,27,6,1,7.6620935,27.0,20,2
2024-04-08,669060,3,2,0,0.01,3.0,1,0
2024-04-08,669062,6,1,1,2.3131310000000003,6.0,4,0
2024-04-08,669461,5,1,0,0.478,5.0,4,0
2024-04-08,669467,1,0,0,1.5759180327868858,1.0,1,1
2024-04-08,671922,3,1,0,0.55,3.0,2,0
2024-04-08,676596,8,0,1,2.057131,7.0,6,0
2024-04-08,676684,1,0,0,0.293,1.0,1,0
2024-04-08,676879,22,2,2,7.686343707317073,20.0,17,2
2024-04-08,676969,5,1,0,2.364192,5.0,3,0
2024-04-08,678906,15,2,2,4.591454000000001,15.0,10,0
2024-04-08,681432,6,1,2,3.312289777777778,6.0,3,1
2024-04-08,681857,26,3,3,10.831285081900083,26.0,19,3
2024-04-08,681892,4,2,0,0.372,4.0,2,0
2024-04-08,681982,7,2,0,2.3384,7.0,5,0
2024-04-08,682120,2,1,1,0.689131,2.0,0,0
2024-04-08,683232,6,1,3,3.2406622307692308,6.0,2,0
2024-04-08,683769,4,0,1,1.998131,4.0,3,0
2024-04-08,694363,13,2,0,3.204,13.0,11,0
2024-04-08,694738,6,1,1,4.107426673076922,6.0,4,2
2024-04-09,472610,4,1,0,1.294,4.0,3,0
2024-04-09,489446,3,1,0,0.634,3.0,2,0
2024-04-09,502085,5,2,0,2.201250000000001,5.0,3,1
2024-04-09,518876,25,4,3,4.823393,23.0,16,0
2024-04-09,519151,5,2,1,1.112131,5.0,2,0
2024-04-09,519326,5,0,0,1.7839999999999998,5.0,5,0
2024-04-09,527048,29,7,0,6.1045,29.0,22,1
2024-04-09,542585,6,2,0,1.268,6.0,4,0
2024-04-09,543056,3,3,0,0.0,3.0,0,0
2024-04-09,543135,22,8,2,5.805742,22.0,12,1
2024-04-09,543243,18,5,0,3.77,17.0,13,0
2024-04-09,547184,3,0,0,0.215,3.0,3,0
2024-04-09,552640,4,2,0,0.468,4.0,2,0
2024-04-09,554430,28,5,1,8.000184751399775,28.0,22,2
2024-04-09,554431,6,1,0,3.6170166666666677,6.0,5,1
2024-04-09,570257,3,1,0,0.34800000000000003,3.0,2,0
2024-04-09,571670,3,0,0,1.049,3.0,3,0
2024-04-09,571946,3,0,0,1.106421052631579,3.0,3,1
2024-04-09,573124,3,0,0,0.8801920000000001,3.0,2,0
2024-04-09,592094,3,0,0,1.028,3.0,3,0
2024-04-09,592767,5,2,0,1.5142727272727272,4.0,2,1
2024-04-09,592773,4,2,1,1.409323,4.0,0,0
2024-04-09,592779,6,2,2,2.082262,6.0,2,0
2024-04-09,593423,23,4,1,7.244540090909091,23.0,18,1
2024-04-09,593833,1,0,0,1.0173333333333334,1.0,1,1
2024-04-09,600917,5,2,1,2.6249643333333337,5.0,2,1
2024-04-09,605130,6,1,1,1.976131,6.0,4,0
2024-04-09,605135,27,8,4,8.891399,27.0,15,1
2024-04-09,605280,3,1,0,1.6520444444444444,3.0,2,1
2024-04-09,605288,25,1,2,10.594431081585082,25.0,20,2
2024-04-09,605397,21,5,3,8.519670106382979,21.0,12,1
2024-04-09,605452,26,7,1,6.826419461538461,26.0,18,1
2024-04-09,606160,2,0,0,0.255,2.0,2,0
2024-04-09,607074,24,6,2,4.720262,24.0,16,0
2024-04-09,607179,6,1,0,1.909,6.0,5,0
2024-04-09,607192,24,14,0,2.935,24.0,10,0
2024-04-09,607481,4,0,0,1.021,4.0,4,0
2024-04-09,608334,3,0,1,0.9791310000000001,3.0,2,0
2024-04-09,608717,5,2,0,1.7389999999999999,5.0,3,0
2024-04-09,608723,4,0,1,1.925131,4.0,3,0
2024-04-09,615698,25,6,0,7.279134601004166,25.0,19,3
2024-04-09,620982,5,1,1,1.6971310000000002,5.0,3,0
2024-04-09,621051,5,3,1,1.559131,5.0,1,0
2024-04-09,621363,4,0,1,1.095131,4.0,3,0
2024-04-09,622072,18,2,3,7.722362696969697,18.0,13,1
2024-04-09,622075,3,2,0,0.291,3.0,1,0
2024-04-09,623352,3,0,0,0.407,3.0,3,0
2024-04-09,623433,4,1,0,1.703,4.0,3,0
2024-04-09,625643,22,6,3,5.069393000000001,22.0,13,0
2024-04-09,628452,6,1,0,2.036,6.0,5,0
2024-04-09,640448,7,0,2,2.942262,7.0,5,0
2024-04-09,640451,3,1,0,0.8300000000000001,3.0,2,0
2024-04-09,640462,23,2,5,9.252318888888889,23.0,16,1
2024-04-09,640470,3,1,0,0.049,3.0,2,0
2024-04-09,641401,5,0,0,3.6726153846153844,5.0,5,2
2024-04-09,641656,7,0,1,1.458131,7.0,6,0
2024-04-09,641729,2,0,0,0.41900000000000004,2.0,2,0
2024-04-09,641755,5,1,2,2.2718369999999997,5.0,2,1
2024-04-09,642100,5,1,0,1.3151920000000001,5.0,3,0
2024-04-09,642121,3,1,0,0.221,3.0,2,0
2024-04-09,643338,4,1,1,1.071131,4.0,2,0
2024-04-09,643410,4,1,1,0.9071310000000001,4.0,2,0
2024-04-09,643511,6,1,0,1.106,6.0,5,0
2024-04-09,647336,18,4,3,7.924718771929824,18.0,10,1
2024-04-09,650556,4,1,1,1.049131,4.0,2,0
2024-04-09,650644,21,4,1,6.296540090909091,21.0,16,1
2024-04-09,656222,4,0,0,0.7799999999999999,4.0,4,0
2024-04-09,656464,3,2,0,0.247,3.0,1,0
2024-04-09,656629,6,4,0,0.203,6.0,2,0
2024-04-09,656638,4,1,1,1.176131,4.0,2,0
2024-04-09,657044,5,0,0,0.888,5.0,5,0
2024-04-09,657097,3,1,0,0.194,3.0,2,0
2024-04-09,657265,3,1,0,1.082,3.0,2,0
2024-04-09,657612,4,0,0,1.751,4.0,4,0
2024-04-09,660896,3,2,0,0.153,3.0,1,0
2024-04-09,663423,4,1,0,0.9129999999999999,4.0,3,0
2024-04-09,663485,8,4,1,1.9579309999999999,8.0,3,0
2024-04-09,663542,1,0,0,0.211,1.0,1,0
2024-04-09,663554,21,2,1,8.090234535353536,21.0,18,2
2024-04-09,663568,8,4,0,3.365,8.0,4,1
2024-04-09,663704,7,2,0,0.91,7.0,5,0
2024-04-09,663776,24,6,3,7.727193000000001,24.0,15,1
2024-04-09,663947,4,1,0,2.1119629629629624,4.0,3,1
2024-04-09,664126,6,2,1,1.8955156153846153,6.0,3,0
2024-04-09,664208,4,1,1,1.357131,4.0,2,0
2024-04-09,664299,25,4,3,10.02317113852814,24.0,18,3
2024-04-09,664350,6,0,1,2.181131,6.0,5,0
2024-04-09,664854,3,2,0,0.507,3.0,1,0
2024-04-09,665625,8,2,0,2.694,8.0,6,0
2024-04-09,666142,26,5,1,7.184353222222223,26.0,20,1
2024-04-09,666277,2,0,1,1.484131,2.0,1,0
2024-04-09,666745,7,0,0,2.455,7.0,7,0
2024-04-09,668941,7,4,1,1.573131,7.0,2,0
2024-04-09,669203,25,6,2,6.021943818181819,25.0,17,1
2024-04-09,669212,3,0,0,0.07200000000000001,3.0,3,0
2024-04-09,669459,3,0,0,1.801,3.0,3,0
2024-04-09,669461,3,0,2,1.600262,3.0,1,0
2024-04-09,669622,3,1,0,0.337,3.0,2,0
2024-04-09,669923,20,3,0,8.781,20.0,17,1
2024-04-09,670167,3,0,0,0.8690000000000001,3.0,3,0
2024-04-09,670174,18,4,1,6.5211310000000005,18.0,13,0
2024-04-09,670280,7,0,1,3.6195150000000003,7.0,4,0
2024-04-09,670950,5,1,1,0.9941310000000001,5.0,3,0
2024-04-09,671106,20,4,1,6.338431,20.0,15,0
2024-04-09,671345,4,0,0,1.7069999999999999,4.0,4,0
2024-04-09,672710,2,1,0,0.425,2.0,1,0
2024-04-09,672851,18,2,3,6.742726333333334,17.0,13,1
2024-04-09,673380,9,3,0,1.387,9.0,6,0
2024-04-09,673929,6,1,1,0.9621310000000001,6.0,4,0
2024-04-09,676254,5,0,0,1.9521920000000001,5.0,4,0
2024-04-09,676395,4,2,0,0.596,4.0,2,0
2024-04-09,676680,3,2,0,0.015,3.0,1,0
2024-04-09,676962,16,5,1,5.1654694615384615,16.0,10,2
2024-04-09,676969,1,0,0,0.046,1.0,1,0
2024-04-09,677053,4,0,0,1.3479999999999999,4.0,4,0
2024-04-09,678394,23,3,2,6.156123111111111,23.0,18,1
2024-04-09,680704,4,2,0,0.705,3.0,2,0
2024-04-09,680767,5,1,2,1.727262,5.0,2,0
2024-04-09,681911,4,1,0,1.906577777777778,4.0,3,2
2024-04-09,682842,5,3,1,1.336131,5.0,1,0
2024-04-09,683769,3,2,0,0.2,3.0,1,0
2024-04-09,686730,22,1,3,7.403008384615385,22.0,18,1
2024-04-09,686973,24,6,3,9.62176167806069,24.0,15,2
2024-04-09,687765,11,1,0,2.4972222222222222,11.0,10,1
2024-04-09,690986,23,8,0,6.418181818181819,22.0,14,1
2024-04-09,695243,3,2,0,0.2,3.0,1,0
2024-04-10,455119,7,2,1,4.238131,7.0,3,1
2024-04-10,458681,21,6,4,6.422218444444445,21.0,11,1
2024-04-10,472610,3,1,0,0.061,3.0,2,0
2024-04-10,489119,14,0,2,6.618679806451613,14.0,11,1
2024-04-10,502085,1,1,0,0.0,1.0,0,0
2024-04-10,518886,3,2,0,0.242,3.0,1,0
2024-04-10,519008,4,0,0,1.0779999999999998,4.0,4,0
2024-04-10,519043,6,3,0,0.25,6.0,3,0
2024-04-10,523260,3,1,1,0.692131,3.0,1,0
2024-04-10,543294,23,2,0,8.518811363636363,23.0,21,1
2024-04-10,543475,4,0,0,1.18921875,4.0,4,1
2024-04-10,543766,5,0,1,2.1829130434782607,4.0,4,1
2024-04-10,548389,29,5,3,9.589548163522013,28.0,21,1
2024-04-10,552640,2,1,0,0.0,2.0,1,0
2024-04-10,554340,6,4,0,0.6589999999999999,6.0,2,0
2024-04-10,571578,28,2,0,11.490533510125362,27.0,25,2
2024-04-10,571656,5,2,1,1.7213230000000002,5.0,1,0
2024-04-10,571882,4,1,0,0.6799999999999999,4.0,3,0
2024-04-10,571948,3,0,0,0.3,3.0,3,0
2024-04-10,573009,1,0,0,0.002,1.0,1,0
2024-04-10,573186,21,7,4,7.386609714285715,21.0,10,1
2024-04-10,579328,23,9,2,4.847262,23.0,12,0
2024-04-10,592094,4,1,0,1.3435,3.0,2,0
2024-04-10,592773,4,2,1,0.883131,4.0,1,0
2024-04-10,592779,4,0,1,1.982131,4.0,3,0
2024-04-10,593974,3,1,0,0.09,3.0,2,0
2024-04-10,595345,4,1,0,0.159,4.0,3,0
2024-04-10,595881,4,2,0,0.9079999999999999,4.0,2,0
2024-04-10,596133,8,1,1,2.259881,7.0,6,0
2024-04-10,596295,26,4,2,10.230871139784947,26.0,20,4
2024-04-10,605400,23,3,3,8.935124707317073,23.0,17,2
2024-04-10,605463,1,0,0,0.335,1.0,1,0
2024-04-10,607200,24,3,3,10.067110062656642,24.0,17,3
2024-04-10,607625,27,2,2,7.827023172161172,27.0,23,2
2024-04-10,608032,3,1,0,0.324,3.0,2,0
2024-04-10,608344,23,4,3,7.625053377358491,23.0,16,1
2024-04-10,608678,5,1,1,0.7923846153846155,4.0,3,0
2024-04-10,608718,7,1,1,1.590131,7.0,5,0
2024-04-10,621016,6,2,1,2.546323,6.0,2,0
2024-04-10,621051,3,0,0,0.639,3.0,3,0
2024-04-10,621381,3,1,0,0.6859999999999999,3.0,2,0
2024-04-10,621383,3,1,0,0.783192,3.0,1,0
2024-04-10,622554,2,0,0,0.5730000000000001,2.0,2,0
2024-04-10,624647,3,0,0,0.504,3.0,3,0
2024-04-10,641793,22,4,3,6.634393,21.0,14,0
2024-04-10,641835,4,0,2,2.399710275862069,4.0,2,1
2024-04-10,642397,4,0,1,1.3911310000000001,4.0,3,0
2024-04-10,642701,5,0,1,1.8241310000000002,5.0,4,0
2024-04-10,643256,3,1,0,1.2213846153846153,3.0,2,0
2024-04-10,643377,3,3,0,0.0,3.0,0,0
2024-04-10,656232,8,2,1,3.7578143333333345,8.0,5,2
2024-04-10,656234,5,0,0,1.529,5.0,5,0
2024-04-10,656266,3,1,0,1.6199454545454544,3.0,2,1
2024-04-10,656302,23,7,2,7.3491178994197295,23.0,14,2
2024-04-10,656464,6,2,2,2.174262,6.0,2,0
2024-04-10,656546,3,0,0,1.435,3.0,3,0
2024-04-10,656641,4,1,0,1.147,4.0,3,0
2024-04-10,656786,12,0,2,5.063262,12.0,10,0
2024-04-10,656945,9,1,3,2.5043930000000003,9.0,5,0
2024-04-10,657508,4,3,0,0.172,4.0,1,0
2024-04-10,657514,7,3,0,1.7563214285714288,7.0,4,2
2024-04-10,660853,4,1,1,0.776131,4.0,2,0
2024-04-10,660896,1,1,0,0.0,1.0,0,0
2024-04-10,661403,4,0,0,1.31,3.0,4,0
2024-04-10,662253,7,0,1,3.6493230000000003,7.0,5,0
2024-04-10,663432,3,0,0,0.38200000000000006,3.0,3,0
2024-04-10,663462,7,0,0,3.3280000000000003,7.0,7,0
2024-04-10,663773,4,2,0,1.9989999999999999,4.0,2,1
2024-04-10,663855,21,2,2,5.164954307692308,21.0,17,1
2024-04-10,663878,4,0,1,1.294131,4.0,3,0
2024-04-10,663978,22,5,2,7.332319657657658,22.0,15,2
2024-04-10,664126,4,3,0,0.575,4.0,1,0
2024-04-10,664208,3,1,0,0.268,3.0,2,0
2024-04-10,664875,6,1,2,1.869262,6.0,3,0
2024-04-10,665620,3,0,0,0.324,3.0,3,0
2024-04-10,666204,3,0,1,1.077131,3.0,2,0
2024-04-10,666720,6,0,0,3.5035,6.0,6,1
2024-04-10,667755,18,6,0,5.117472222222222,18.0,12,2
2024-04-10,668868,14,6,0,1.952,13.0,7,0
2024-04-10,668881,27,9,1,6.7797271212121215,27.0,15,1
2024-04-10,669060,11,1,0,3.8188275862068966,11.0,10,1
2024-04-10,669062,3,3,0,0.0,3.0,0,0
2024-04-10,669211,7,4,1,1.7820238571428573,7.0,2,0
2024-04-10,669212,4,2,0,0.843,3.0,2,0
2024-04-10,669302,28,8,1,8.592131,28.0,19,2
2024-04-10,669422,5,0,1,1.280131,5.0,4,0
2024-04-10,669467,4,0,1,1.844131,4.0,3,0
2024-04-10,669622,3,1,1,1.601131,3.0,1,1
2024-04-10,669952,4,2,0,2.090434782608696,4.0,2,1
2024-04-10,671922,4,1,0,2.125,4.0,3,0
2024-04-10,672582,3,2,0,0.228,3.0,1,0
2024-04-10,673513,3,0,0,1.891660377358491,3.0,3,1
2024-04-10,674003,27,7,1,7.7654881428571425,27.0,19,2
2024-04-10,674072,24,6,3,6.8480373001443,24.0,15,1
2024-04-10,675627,8,4,1,1.063131,8.0,3,0
2024-04-10,676254,4,0,0,1.132192,4.0,3,0
2024-04-10,676272,18,4,3,7.422193,18.0,11,1
2024-04-10,676440,21,2,3,8.828152197324416,19.0,15,3
2024-04-10,676710,22,6,4,5.587716,22.0,11,0
2024-04-10,677053,3,1,0,0.965138888888889,3.0,2,1
2024-04-10,677960,20,1,3,7.569159666666667,20.0,16,1
2024-04-10,680704,3,1,0,0.099,3.0,2,0
2024-04-10,681293,19,3,3,6.254393,19.0,13,0
2024-04-10,681892,3,1,0,1.29575,3.0,2,0
2024-04-10,681911,3,1,0,0.8727499999999999,3.0,2,1
2024-04-10,682120,3,0,0,0.9185,3.0,3,0
2024-04-10,683232,5,0,1,1.1971310000000002,5.0,4,0
2024-04-10,686826,10,3,1,2.191131,10.0,6,0
2024-04-10,687330,6,3,0,2.4930857142857143,6.0,3,1
2024-04-10,694037,11,3,3,3.103393,11.0,5,0
2024-04-10,694738,3,0,0,0.766,3.0,3,0
2024-04-11,445276,4,1,2,1.764262,4.0,1,0
2024-04-11,500779,23,4,2,8.562090375286042,23.0,17,0
2024-04-11,518886,3,1,0,0.08700000000000001,3.0,2,0
2024-04-11,543056,3,0,0,1.545185185185185,3.0,3,1
2024-04-11,543475,4,0,0,1.2919130434782609,4.0,4,1
2024-04-11,554431,6,0,0,2.733,6.0,6,0
2024-04-11,570257,3,1,0,0.365,3.0,2,0
2024-04-11,570632,8,1,1,1.638131,8.0,6,0
2024-04-11,592351,19,9,1,5.868136982905983,19.0,9,2
2024-04-11,605463,7,1,0,1.08,7.0,6,0
2024-04-11,606160,5,1,0,2.637192,5.0,3,0
2024-04-11,613534,2,0,0,0.7321920000000001,2.0,1,0
2024-04-11,622098,5,2,0,0.83,5.0,3,0
2024-04-11,623433,7,0,3,3.8553930000000003,7.0,4,0
2024-04-11,624133,22,8,2,4.869262,22.0,12,1
2024-04-11,628708,4,3,0,0.917,4.0,1,0
2024-04-11,641645,7,0,1,3.550268931034483,7.0,6,1
2024-04-11,642216,25,1,2,9.243612,25.0,22,2
2024-04-11,650556,6,1,1,2.872306,6.0,4,1
2024-04-11,656641,6,4,0,0.704,6.0,2,0
2024-04-11,656793,10,3,0,2.294,10.0,7,0
2024-04-11,657097,4,1,0,0.739,4.0,3,0
2024-04-11,657508,4,0,0,0.9530000000000001,4.0,4,0
2024-04-11,661527,7,1,0,1.7147142857142859,7.0,6,1
2024-04-11,663462,8,1,1,5.123093962962963,8.0,6,2
2024-04-11,663903,22,4,2,7.547185076923077,22.0,16,1
2024-04-11,664079,12,1,1,4.270131,12.0,10,0
2024-04-11,666197,3,0,0,1.0947142857142858,3.0,3,0
2024-04-11,666974,1,0,0,0.088,1.0,1,0
2024-04-11,668674,3,1,0,0.306,3.0,2,0
2024-04-11,669276,10,2,1,2.597131,10.0,7,0
2024-04-11,669422,9,2,0,1.216,9.0,7,0
2024-04-11,669711,3,0,0,0.9027499999999999,3.0,3,0
2024-04-11,670059,4,0,0,1.2447317073170734,4.0,4,1
2024-04-11,672582,1,0,0,0.7969473684210527,1.0,1,1
2024-04-11,676477,20,4,2,5.586595333333333,19.0,13,1
2024-04-11,676664,22,5,3,4.910643,22.0,14,0
2024-04-11,676702,3,2,0,0.092,3.0,1,0
2024-04-11,680570,25,5,2,6.004827217391305,25.0,18,0
2024-04-11,683003,24,8,0,6.788419913419913,24.0,16,1
2024-04-11,686580,6,1,1,1.603131,6.0,4,0
2024-04-11,686613,14,0,1,8.366147666666668,14.0,13,1
2024-04-11,695243,3,2,0,0.014,3.0,1,0
2024-04-12,472610,2,1,0,0.0,2.0,1,0
2024-04-12,489446,4,1,1,0.934131,4.0,2,0
2024-04-12,493603,3,1,0,0.063,3.0,2,0
2024-04-12,502085,3,0,0,1.6030769230769233,3.0,3,1
2024-04-12,502179,15,2,1,7.638779209150326,15.0,11,2
2024-04-12,502624,6,2,0,1.330413793103448,6.0,4,1
2024-04-12,518489,6,0,1,3.7770490327868855,6.0,5,1
2024-04-12,518617,3,1,0,0.258,3.0,2,0
2024-04-12,519008,1,1,0,0.0,1.0,0,0
2024-04-12,519151,4,1,1,1.787131,4.0,2,0
2024-04-12,519293,7,1,0,3.4496153846153845,7.0,6,1
2024-04-12,519326,3,1,0,0.7000000000000001,3.0,2,0
2024-04-12,523260,3,2,0,0.044,3.0,1,0
2024-04-12,542585,3,1,0,0.193,3.0,2,0
2024-04-12,542882,8,1,0,4.026833333333333,8.0,7,1
2024-04-12,543339,5,1,0,2.3589166666666666,5.0,4,1
2024-04-12,543351,4,0,1,1.123131,4.0,3,0
2024-04-12,543475,3,0,0,1.304,3.0,3,0
2024-04-12,543518,5,1,0,1.423,5.0,4,1
2024-04-12,543859,11,5,2,3.108454,11.0,3,0
2024-04-12,547184,2,0,0,0.482,2.0,2,0
2024-04-12,547973,4,1,2,2.045262,4.0,1,0
2024-04-12,552640,3,2,0,0.254,3.0,1,0
2024-04-12,571656,3,0,0,0.091,3.0,3,0
2024-04-12,571927,21,2,0,7.697,21.0,19,0
2024-04-12,572143,3,0,0,0.411,3.0,3,0
2024-04-12,572955,3,1,0,0.5920000000000001,3.0,2,0
2024-04-12,573009,4,1,0,1.9312380952380948,4.0,3,1
2024-04-12,592094,3,0,0,1.25125,3.0,3,0
2024-04-12,592332,21,4,0,7.4077166666666665,21.0,17,1
2024-04-12,592767,7,2,1,1.0281310000000001,7.0,4,0
2024-04-12,592773,4,0,0,2.392431818181818,4.0,4,1
2024-04-12,593974,5,0,0,1.008857142857143,5.0,5,0
2024-04-12,600917,5,2,1,1.554131,5.0,2,0
2024-04-12,600986,8,2,1,2.230131,8.0,5,0
2024-04-12,605121,7,1,3,2.461393,7.0,3,0
2024-04-12,605177,4,3,0,0.084,4.0,1,0
2024-04-12,605347,4,2,0,0.387,4.0,2,0
2024-04-12,606149,6,2,1,1.6186310000000002,6.0,3,0
2024-04-12,607179,3,1,0,1.025,3.0,2,0
2024-04-12,607481,3,1,0,0.40099999999999997,3.0,2,0
2024-04-12,608331,24,4,1,5.948989666666667,24.0,18,0
2024-04-12,608379,27,4,2,8.122185076923078,27.0,21,0
2024-04-12,612434,2,0,0,0.642,2.0,2,0
2024-04-12,613534,3,1,1,1.602131,3.0,1,0
2024-04-12,620982,9,0,0,2.774,9.0,9,0
2024-04-12,621097,17,4,2,6.569710275862069,17.0,11,1
2024-04-12,621112,25,4,2,6.578650888888889,24.0,18,0
2024-04-12,621345,4,1,0,0.436,4.0,3,0
2024-04-12,621363,5,2,1,1.1431310000000001,5.0,2,0
2024-04-12,622253,7,1,1,3.019873063492064,7.0,5,2
2024-04-12,622663,20,4,4,7.922301777777777,20.0,12,1
2024-04-12,623167,16,2,1,8.606620240228372,16.0,13,3
2024-04-12,623352,3,2,0,0.404,3.0,1,0
2024-04-12,623465,4,0,0,1.018,4.0,4,0
2024-04-12,624522,6,3,0,0.8719999999999999,6.0,3,0
2024-04-12,628708,7,2,2,3.852262,7.0,3,0
2024-04-12,640448,3,1,1,0.813,2.0,1,0
2024-04-12,640451,4,2,0,0.696,4.0,2,0
2024-04-12,641154,21,7,3,6.843786939393939,21.0,11,2
2024-04-12,641540,22,3,2,8.184181272727272,22.0,16,2
2024-04-12,641585,25,3,4,12.15483390986791,25.0,17,3
2024-04-12,641755,5,0,0,2.467212121212121,5.0,5,1
2024-04-12,641941,3,2,0,0.619,3.0,1,0
2024-04-12,642232,4,0,1,0.548,3.0,3,0
2024-04-12,642547,23,11,0,6.0334119047619055,23.0,12,1
2024-04-12,650489,1,0,0,0.41,1.0,1,0
2024-04-12,650633,24,4,2,11.070769763975155,24.0,18,5
2024-04-12,650893,2,1,0,0.015,2.0,1,0
2024-04-12,650911,26,6,3,6.157393,26.0,17,0
2024-04-12,656232,3,0,0,0.107,3.0,3,0
2024-04-12,656266,3,1,0,0.758,3.0,2,0
2024-04-12,656271,6,2,0,3.237949575757576,6.0,3,1
2024-04-12,656412,7,2,1,1.2781310000000001,7.0,4,0
2024-04-12,656557,31,2,0,15.380427039470334,31.0,28,4
2024-04-12,657097,6,0,1,3.669056373134328,6.0,5,1
2024-04-12,657514,4,2,0,0.117,3.0,1,0
2024-04-12,657585,4,2,0,0.10099999999999999,4.0,2,0
2024-04-12,657612,7,1,2,2.097262,7.0,4,0
2024-04-12,660853,3,1,1,0.4841111111111111,2.0,1,0
2024-04-12,662253,3,2,0,0.28,3.0,1,0
2024-04-12,663158,4,0,0,0.619,4.0,4,0
2024-04-12,663372,24,4,2,6.182887,24.0,18,0
2024-04-12,663423,3,1,0,0.215,3.0,2,0
2024-04-12,663559,18,3,0,5.820185185185185,18.0,15,1
2024-04-12,663567,10,3,1,2.250131,10.0,6,0
2024-04-12,663568,3,1,0,0.748,3.0,2,0
2024-04-12,663623,21,5,2,6.218262,21.0,14,1
2024-04-12,664076,7,3,2,2.380262,7.0,2,0
2024-04-12,664126,4,0,1,1.890131,4.0,3,0
2024-04-12,664208,1,1,0,0.0,1.0,0,0
2024-04-12,664854,3,2,0,0.096,3.0,1,0
2024-04-12,665620,4,1,1,1.070131,4.0,2,0
2024-04-12,666204,5,2,0,1.4977419354838708,5.0,3,1
2024-04-12,666277,7,1,1,2.8945048181818183,7.0,4,1
2024-04-12,666818,6,2,1,2.3941310000000002,6.0,3,0
2024-04-12,668674,3,2,0,0.069,3.0,1,0
2024-04-12,668941,4,1,0,0.21599999999999997,3.0,2,0
2024-04-12,669169,14,2,1,5.956265160756502,14.0,11,2
2024-04-12,669270,11,1,0,4.787842,11.0,9,0
2024-04-12,669330,19,3,1,8.478260032258065,19.0,15,2
2024-04-12,669373,19,5,2,3.563262,19.0,12,0
2024-04-12,669432,23,5,1,8.163056373134328,23.0,17,1
2024-04-12,669796,3,1,0,0.438,3.0,2,0
2024-04-12,669952,10,2,1,3.9620632033898304,10.0,7,1
2024-04-12,670280,3,1,0,0.622,3.0,2,0
2024-04-12,671096,24,3,0,7.266323489010989,24.0,21,3
2024-04-12,672282,22,7,2,6.159262,22.0,13,0
2024-04-12,673513,5,2,1,1.1230000000000002,4.0,2,0
2024-04-12,676254,4,3,0,0.11,4.0,1,0
2024-04-12,676395,4,1,0,0.452,4.0,3,0
2024-04-12,676596,4,0,1,1.878131,4.0,3,0
2024-04-12,676680,2,1,0,0.5503125,2.0,1,0
2024-04-12,676684,7,1,1,2.3171310000000003,7.0,5,0
2024-04-12,676775,24,6,3,7.7536759090909095,23.0,12,1
2024-04-12,677053,3,0,2,2.091262,3.0,1,0
2024-04-12,681892,4,3,0,0.82,4.0,1,0
2024-04-12,681911,4,1,0,0.508,4.0,3,0
2024-04-12,681982,3,0,0,1.383,3.0,3,0
2024-04-12,682243,25,4,3,7.337339808510639,25.0,18,1
2024-04-12,682847,4,1,0,1.3231411764705883,4.0,3,0
2024-04-12,694297,26,4,2,9.562269142857144,26.0,20,2
2024-04-12,694363,13,2,2,3.394185076923077,13.0,9,0
2024-04-12,694738,6,0,0,2.279757575757576,6.0,6,1
2024-04-12,696136,22,6,4,8.345616,22.0,11,1
2024-04-12,808967,19,6,1,5.420690126984127,19.0,12,3
2024-04-13,445926,5,0,0,1.44,5.0,5,0
2024-04-13,471911,21,2,5,7.928836818181819,21.0,14,1
2024-04-13,502043,25,2,3,9.852299593406594,25.0,20,3
2024-04-13,518585,4,3,0,0.41,4.0,1,0
2024-04-13,518617,3,1,0,0.257,3.0,2,0
2024-04-13,519008,3,1,0,0.22699999999999998,3.0,2,0
2024-04-13,519242,29,7,3,7.934434871921183,28.0,18,1
2024-04-13,543339,3,3,0,0.0,3.0,0,0
2024-04-13,543351,4,0,0,1.9867142857142857,4.0,4,0
2024-04-13,547001,23,4,0,6.3453333333333335,23.0,19,0
2024-04-13,547184,4,0,1,1.757,3.0,3,0
2024-04-13,547973,4,0,2,1.8382620000000003,4.0,2,0
2024-04-13,554340,3,3,0,0.0,3.0,0,0
2024-04-13,570257,4,1,0,0.6000000000000001,4.0,3,0
2024-04-13,570632,11,1,1,4.009410256410256,10.0,9,1
2024-04-13,571760,20,1,4,6.531049333333334,20.0,14,0
2024-04-13,571882,4,0,1,1.839131,4.0,3,0
2024-04-13,571946,6,2,0,2.771012512820514,6.0,3,1
2024-04-13,571948,4,1,0,0.6,4.0,3,0
2024-04-13,592779,4,1,1,0.9471310000000001,4.0,2,0
2024-04-13,593576,2,0,1,1.078131,2.0,1,0
2024-04-13,594835,27,5,3,8.55899906060606,27.0,19,2
2024-04-13,595345,3,2,0,0.002,3.0,1,0
2024-04-13,595881,6,0,1,4.000312818181818,6.0,5,1
2024-04-13,605130,3,0,0,0.6789999999999999,3.0,3,0
2024-04-13,605280,4,2,0,0.6847999999999999,4.0,2,0
2024-04-13,605347,4,0,0,2.8620568648648645,4.0,3,1
2024-04-13,605513,20,3,4,7.759534230179028,20.0,13,2
2024-04-13,606160,3,0,0,1.29,3.0,3,0
2024-04-13,606303,4,0,0,1.5656428571428571,4.0,4,0
2024-04-13,606965,13,2,3,7.430355962962962,13.0,8,2
2024-04-13,607179,1,1,0,0.0,1.0,0,0
2024-04-13,608334,16,5,3,5.365123769230769,16.0,8,1
2024-04-13,608678,3,1,0,0.7382,3.0,2,0
2024-04-13,608718,8,2,2,3.4709937073170734,8.0,4,1
2024-04-13,608723,7,2,0,2.028153846153846,7.0,5,1
2024-04-13,621237,3,1,0,1.053,3.0,2,0
2024-04-13,621381,6,5,0,0.025,6.0,1,0
2024-04-13,622075,3,2,0,0.08,3.0,1,0
2024-04-13,623433,3,0,0,0.6728,3.0,3,0
2024-04-13,623465,5,0,0,2.913,5.0,5,0
2024-04-13,628317,24,5,0,5.447192,24.0,18,0
2024-04-13,640448,3,1,0,0.9480000000000001,3.0,2,0
2024-04-13,640451,4,2,0,0.906,4.0,2,0
2024-04-13,640455,24,4,3,10.948165222222222,24.0,17,2
2024-04-13,640470,4,1,0,0.589,4.0,3,0
2024-04-13,641149,8,2,0,1.779,8.0,6,0
2024-04-13,641656,8,1,1,1.9963233076923077,8.0,6,1
2024-04-13,641712,26,5,3,9.163286589743592,26.0,18,3
2024-04-13,641835,3,1,0,0.28600000000000003,3.0,2,0
2024-04-13,642121,10,2,2,3.847655939393939,10.0,6,1
2024-04-13,642397,4,0,1,1.420131,4.0,3,0
2024-04-13,642701,6,1,1,1.315131,6.0,4,0
2024-04-13,643338,3,2,0,0.83,3.0,1,0
2024-04-13,643377,3,0,0,1.014,3.0,3,0
2024-04-13,643410,4,1,0,0.41300000000000003,4.0,3,0
2024-04-13,643493,9,0,2,3.5243128181818184,8.0,7,1
2024-04-13,650556,6,1,1,1.908131,6.0,4,0
2024-04-13,656234,5,1,0,2.433,5.0,4,0
2024-04-13,656266,3,1,0,0.906,3.0,2,0
2024-04-13,656288,21,6,0,6.979,20.0,14,1
2024-04-13,656464,3,0,0,0.9576666666666666,3.0,3,0
2024-04-13,656546,3,1,0,0.07600000000000001,3.0,2,0
2024-04-13,656629,3,0,1,0.778131,3.0,2,0
2024-04-13,656638,6,2,2,1.482262,5.0,2,0
2024-04-13,656641,6,0,0,1.9609999999999999,5.0,5,0
2024-04-13,656716,3,0,1,2.5951509999999995,3.0,2,1
2024-04-13,656945,3,0,0,0.6903333333333332,3.0,3,0
2024-04-13,657044,5,1,0,0.815,5.0,4,0
2024-04-13,657265,3,0,0,0.662,3.0,3,0
2024-04-13,657277,27,4,1,8.544989666666666,27.0,21,0
2024-04-13,657376,20,7,5,5.631655,20.0,8,0
2024-04-13,657508,8,0,0,3.6966666666666663,8.0,8,0
2024-04-13,657571,4,1,1,0.8401310000000001,4.0,2,0
2024-04-13,657746,26,12,1,5.435216714285715,26.0,13,1
2024-04-13,660896,8,2,1,2.126,7.0,4,0
2024-04-13,663362,23,4,4,8.36797683018868,23.0,15,1
2024-04-13,663474,22,1,6,10.293483256255394,22.0,15,2
2024-04-13,663485,7,3,0,0.847,7.0,4,0
2024-04-13,663542,4,2,0,0.897,4.0,2,0
2024-04-13,663704,5,2,0,1.1800000000000002,5.0,3,0
2024-04-13,663947,5,1,0,0.9239999999999999,5.0,4,0
2024-04-13,664079,6,0,0,1.4308571428571428,6.0,6,0
2024-04-13,665152,24,3,1,12.059040080841639,24.0,20,4
2024-04-13,665620,4,2,0,0.364,4.0,2,0
2024-04-13,665625,7,2,1,2.271131,7.0,4,0
2024-04-13,666157,21,10,1,4.109515,21.0,8,0
2024-04-13,666159,27,7,2,7.773195104631219,27.0,18,2
2024-04-13,666163,11,1,2,4.90972711627907,11.0,8,1
2024-04-13,666205,11,5,0,2.186,11.0,6,0
2024-04-13,666214,10,4,1,1.709131,10.0,5,1
2024-04-13,666745,4,1,0,1.7189999999999999,4.0,3,1
2024-04-13,668338,4,2,0,1.5086363636363638,4.0,2,0
2024-04-13,669022,19,11,1,4.006131,19.0,7,0
2024-04-13,669062,3,2,0,0.064,3.0,1,0
2024-04-13,669084,19,4,1,10.24252061904762,19.0,13,3
2024-04-13,669194,26,4,1,7.362133333333333,25.0,21,1
2024-04-13,669211,6,1,0,0.665,6.0,5,0
2024-04-13,669212,5,2,1,1.7697976666666668,5.0,2,0
2024-04-13,669422,3,0,2,2.451381047619048,3.0,1,1
2024-04-13,669459,4,0,0,1.742,4.0,4,0
2024-04-13,669467,4,2,1,0.977131,4.0,1,0
2024-04-13,669622,3,2,0,0.35,3.0,1,0
2024-04-13,669711,7,3,0,1.034,7.0,4,0
2024-04-13,669796,3,1,1,1.582131,3.0,1,0
2024-04-13,669854,24,5,3,6.527781888888889,24.0,16,0
2024-04-13,670059,2,1,0,0.015,2.0,1,0
2024-04-13,670102,11,3,2,3.322262,11.0,6,0
2024-04-13,670167,3,1,0,0.314,3.0,2,0
2024-04-13,670174,7,2,1,1.086131,7.0,4,0
2024-04-13,670970,6,2,0,1.6891190476190476,6.0,4,1
2024-04-13,670990,8,2,1,1.9593230000000001,8.0,4,0
2024-04-13,671212,20,5,1,5.254797666666667,19.0,14,0
2024-04-13,671345,7,2,0,1.6622142857142856,7.0,5,0
2024-04-13,671922,5,1,1,1.600131,5.0,3,0
2024-04-13,672582,4,1,0,3.0233333333333343,4.0,3,1
2024-04-13,672710,2,0,1,0.8780000000000001,1.0,1,1
2024-04-13,673929,3,2,0,0.7496923076923075,3.0,1,0
2024-04-13,675627,1,1,0,0.0,1.0,0,0
2024-04-13,676106,22,4,0,7.346151002506266,22.0,18,1
2024-04-13,676395,5,3,0,0.9010454545454546,5.0,2,0
2024-04-13,676534,3,1,0,0.051000000000000004,3.0,2,0
2024-04-13,676680,5,0,0,2.230192,5.0,4,0
2024-04-13,676702,3,2,0,0.144,3.0,1,0
2024-04-13,676760,4,1,0,2.2344076246334312,4.0,3,1
2024-04-13,676974,24,7,0,8.299582681003585,24.0,16,2
2024-04-13,676979,21,10,3,6.069585,21.0,7,0
2024-04-13,679525,21,2,1,5.409583127659574,21.0,18,1
2024-04-13,680573,21,5,1,6.626079459383753,21.0,15,1
2024-04-13,680704,6,1,0,1.45475,6.0,5,0
2024-04-13,680767,4,1,0,1.423,4.0,3,0
2024-04-13,681676,3,1,0,0.11,3.0,2,0
2024-04-13,681867,18,4,1,4.366158777777778,18.0,13,1
2024-04-13,681869,3,2,0,0.795,3.0,1,0
2024-04-13,681892,4,2,0,1.448,4.0,2,0
2024-04-13,682120,4,1,0,1.602357142857143,4.0,3,1
2024-04-13,684007,24,4,2,7.698358774193548,24.0,18,0
2024-04-13,684320,16,6,2,5.997662,16.0,8,1
2024-04-13,686752,21,6,1,7.908993737127371,21.0,14,2
2024-04-13,687014,6,1,1,3.9227439032258067,6.0,4,1
2024-04-13,694813,25,4,1,7.457176454545454,25.0,20,0
2024-04-14,445276,6,2,1,2.3073230000000002,6.0,2,0
2024-04-14,450203,24,8,1,7.109468797619048,24.0,15,2
2024-04-14,458677,5,1,1,2.149238142857143,5.0,3,1
2024-04-14,493603,3,2,0,0.009,3.0,1,0
2024-04-14,506433,21,2,2,6.96744003030303,21.0,17,0
2024-04-14,518489,4,0,1,1.4431310000000002,4.0,3,0
2024-04-14,518886,5,3,0,1.354,5.0,2,0
2024-04-14,542585,5,2,1,1.546131,5.0,2,0
2024-04-14,542881,20,4,3,8.285787078027704,20.0,13,3
2024-04-14,542888,8,5,0,1.565,8.0,3,0
2024-04-14,543056,2,1,0,0.218,2.0,1,0
2024-04-14,543135,27,3,2,10.69322901787676,27.0,22,2
2024-04-14,548384,3,2,0,0.304,3.0,1,0
2024-04-14,554430,24,10,3,6.99564941025641,24.0,11,1
2024-04-14,571670,5,1,1,1.806131,5.0,3,0
2024-04-14,571882,5,1,2,2.933262,5.0,2,0
2024-04-14,571945,19,3,2,6.228262,19.0,14,0
2024-04-14,571948,6,0,1,3.2085143333333335,6.0,5,1
2024-04-14,572020,23,1,8,10.773652990583804,23.0,14,1
2024-04-14,573009,5,1,1,0.910131,5.0,3,0
2024-04-14,573124,1,1,0,0.0,1.0,0,0
2024-04-14,573204,4,0,0,1.6124571428571428,4.0,4,1
2024-04-14,592779,3,0,1,0.889131,3.0,2,0
2024-04-14,592866,21,7,1,7.648884146853147,21.0,13,3
2024-04-14,593576,5,1,3,2.106393,5.0,1,0
2024-04-14,593974,4,0,0,1.9140000000000001,4.0,4,0
2024-04-14,595881,5,0,1,0.893,3.0,4,0
2024-04-14,595897,4,2,0,0.675,4.0,2,0
2024-04-14,596133,6,3,0,1.6819615384615385,6.0,3,1
2024-04-14,598264,3,0,0,0.16499999999999998,3.0,3,0
2024-04-14,598286,4,0,1,1.168131,4.0,3,0
2024-04-14,605121,5,0,0,1.8964666666666665,5.0,5,1
2024-04-14,605130,3,1,0,1.13,3.0,2,0
2024-04-14,605280,4,1,1,1.2131310000000002,4.0,2,0
2024-04-14,605463,5,1,0,2.0505964912280703,5.0,4,1
2024-04-14,605483,20,4,2,7.488837,20.0,14,2
2024-04-14,607067,24,6,1,8.786941439716312,24.0,16,2
2024-04-14,607179,3,0,1,1.359131,3.0,2,0
2024-04-14,607536,24,3,2,6.748262,23.0,18,0
2024-04-14,608371,3,0,1,0.9871310000000001,3.0,2,0
2024-04-14,608717,8,0,4,3.143524,7.0,4,0
2024-04-14,620982,12,1,2,5.196525157894737,12.0,9,0
2024-04-14,621242,4,1,0,0.7958000000000001,4.0,3,0
2024-04-14,621244,27,7,2,6.610843115384616,27.0,16,0
2024-04-14,621345,3,3,0,0.0,3.0,0,0
2024-04-14,621383,13,2,2,6.641566229136593,13.0,9,3
2024-04-14,622072,25,4,4,11.323652,24.0,15,1
2024-04-14,622075,3,1,1,1.409323,3.0,0,0
2024-04-14,622491,25,9,0,7.57746511627907,24.0,15,2
2024-04-14,622554,4,3,0,0.4132142857142858,4.0,1,0
2024-04-14,623352,1,1,0,0.0,1.0,0,0
2024-04-14,624647,4,1,0,1.2589411764705882,4.0,3,0
2024-04-14,628452,3,1,0,0.41700000000000004,3.0,2,0
2024-04-14,640470,3,2,0,0.479,3.0,1,0
2024-04-14,641302,24,4,1,5.485708777777778,24.0,19,0
2024-04-14,641482,20,6,1,6.872979534954407,20.0,12,1
2024-04-14,641729,4,2,0,0.741,4.0,2,0
2024-04-14,641927,21,3,0,4.758451048951049,21.0,18,1
2024-04-14,641941,4,1,0,0.767,4.0,3,0
2024-04-14,642100,3,0,0,0.35,3.0,3,0
2024-04-14,643256,2,0,1,0.42,1.0,1,0
2024-04-14,643377,4,1,0,0.8939999999999999,4.0,3,0
2024-04-14,643410,2,0,0,0.8420000000000001,2.0,2,0
2024-04-14,647336,25,4,6,11.122192779661017,25.0,15,1
2024-04-14,650893,3,0,0,1.0,3.0,3,0
2024-04-14,656222,3,0,0,0.652,3.0,3,0
2024-04-14,656420,5,0,2,3.079045333333333,5.0,3,1
2024-04-14,656427,28,8,2,9.089311142857143,28.0,17,0
2024-04-14,656605,27,4,0,8.253808035714286,27.0,23,1
2024-04-14,656924,3,1,0,1.079,3.0,2,0
2024-04-14,656945,6,1,1,3.3921609999999998,6.0,4,2
2024-04-14,657097,4,0,0,1.096,4.0,4,0
2024-04-14,657571,5,0,0,3.383357142857143,5.0,5,1
2024-04-14,657612,4,1,0,2.2029130434782607,4.0,3,1
2024-04-14,660761,10,3,3,3.7270748181818183,10.0,4,1
2024-04-14,660853,3,0,0,1.236,3.0,3,0
2024-04-14,661403,5,0,0,1.607,5.0,5,0
2024-04-14,661527,5,0,0,1.6747692307692308,5.0,5,0
2024-04-14,663158,3,0,1,0.911131,3.0,2,0
2024-04-14,663423,3,2,0,0.009,3.0,1,0
2024-04-14,663542,1,1,0,0.0,1.0,0,0
2024-04-14,663878,3,3,0,0.0,3.0,0,0
2024-04-14,664299,27,5,2,8.133622421836229,27.0,20,1
2024-04-14,664350,4,1,1,1.488323,4.0,1,0
2024-04-14,664747,4,2,1,0.9481310000000001,4.0,1,0
2024-04-14,665871,21,6,1,5.423631,21.0,14,1
2024-04-14,666142,24,8,1,7.198504818181818,24.0,14,0
2024-04-14,666200,23,4,1,9.14389024290917,23.0,18,3
2024-04-14,666204,4,0,0,1.77046511627907,4.0,4,1
2024-04-14,666720,6,0,3,3.415393,6.0,3,0
2024-04-14,666974,6,1,0,1.9015714285714287,6.0,5,0
2024-04-14,668390,5,1,0,1.3139473684210528,5.0,4,1
2024-04-14,668674,3,0,1,1.220131,3.0,2,0
2024-04-14,668678,23,7,2,6.705321343434344,23.0,14,0
2024-04-14,668933,24,8,2,5.495262,24.0,14,0
2024-04-14,669203,23,5,2,7.900868707317073,22.0,15,2
2024-04-14,669276,3,0,1,1.1207976666666668,3.0,2,0
2024-04-14,669467,6,0,0,1.615,6.0,6,0
2024-04-14,669622,6,1,0,2.696966101694915,6.0,5,1
2024-04-14,670167,6,0,1,1.9591310000000002,6.0,5,0
2024-04-14,671106,24,4,2,8.825082910973086,23.0,17,4
2024-04-14,671345,5,0,2,2.158262,5.0,3,0
2024-04-14,671922,2,0,0,0.7420000000000001,2.0,2,0
2024-04-14,673513,4,1,0,0.8029999999999999,4.0,3,0
2024-04-14,676130,21,9,1,4.926323,21.0,10,0
2024-04-14,676596,3,1,0,0.45399999999999996,3.0,2,0
2024-04-14,676684,5,0,0,1.651,5.0,5,0
2024-04-14,676969,3,1,0,0.717,3.0,2,0
2024-04-14,677053,3,3,0,0.0,3.0,0,0
2024-04-14,678394,23,8,2,8.116693818181819,23.0,13,1
2024-04-14,678906,15,1,0,5.398042118006881,15.0,14,2
2024-04-14,680767,4,0,0,1.3610000000000002,4.0,4,0
2024-04-14,681676,8,2,1,2.3762277741935485,8.0,5,1
2024-04-14,681911,7,2,2,1.5961310000000002,5.0,3,0
2024-04-14,682842,5,0,0,1.698,4.0,4,0
2024-04-14,683627,6,1,0,2.458466666666667,6.0,5,0
2024-04-14,683769,5,2,1,0.7021310000000001,5.0,2,0
2024-04-14,686580,10,1,0,3.119192,10.0,8,1
2024-04-14,686826,5,0,0,0.527,5.0,5,0
2024-04-14,687330,5,0,0,0.882,5.0,5,0
2024-04-14,687765,8,1,0,2.9290000000000003,8.0,7,0
2024-04-14,689147,4,1,1,0.7571310000000001,4.0,2,0
2024-04-14,695243,3,3,0,0.0,3.0,0,0
2024-04-15,445926,4,1,1,1.586131,4.0,2,0
2024-04-15,472610,3,0,0,0.438,3.0,3,0
2024-04-15,489446,3,0,0,0.427,3.0,3,0
2024-04-15,493603,3,2,0,0.0,3.0,1,0
2024-04-15,502085,5,1,0,1.9809999999999999,5.0,3,0
2024-04-15,502624,6,0,0,1.846,5.0,6,0
2024-04-15,518876,20,5,2,5.738693818181818,20.0,13,1
2024-04-15,518886,3,2,0,0.225,3.0,1,0
2024-04-15,519043,5,1,0,1.6357631578947371,5.0,4,1
2024-04-15,527048,25,1,2,11.285411264957265,25.0,21,2
2024-04-15,543243,21,6,0,4.546175,21.0,15,1
2024-04-15,547179,20,4,5,8.208918157894738,20.0,11,0
2024-04-15,547184,8,1,0,1.2021920000000001,8.0,6,0
2024-04-15,547973,4,2,1,1.603131,4.0,1,0
2024-04-15,548384,3,2,0,0.7980967741935484,3.0,1,0
2024-04-15,548389,25,4,2,7.163954307692308,24.0,19,0
2024-04-15,552640,3,1,1,0.8611310000000001,3.0,1,0
2024-04-15,554340,3,0,0,1.0421538461538464,3.0,3,1
2024-04-15,571656,11,3,1,4.422238973421927,11.0,7,1
2024-04-15,571670,4,1,0,0.779,4.0,3,0
2024-04-15,572955,6,2,0,1.2910000000000001,6.0,4,0
2024-04-15,573009,1,0,0,0.387,1.0,1,0
2024-04-15,592094,2,0,1,0.941131,2.0,1,0
2024-04-15,592767,6,1,1,2.383285714285714,5.0,4,1
2024-04-15,593423,13,1,5,7.265924284712483,13.0,7,2
2024-04-15,593576,3,0,1,1.257131,3.0,2,0
2024-04-15,598264,4,1,0,1.154,4.0,2,0
2024-04-15,598286,6,1,0,1.5959473684210528,6.0,5,1
2024-04-15,600917,7,2,0,2.036,7.0,5,0
2024-04-15,600986,9,2,2,2.316762,9.0,5,0
2024-04-15,605135,23,5,2,7.724706444444445,23.0,16,2
2024-04-15,605288,23,5,5,6.471655,23.0,13,0
2024-04-15,605397,26,3,4,10.790353365079365,26.0,19,1
2024-04-15,605400,27,9,1,5.989060824561403,27.0,17,2
2024-04-15,605452,26,4,2,8.875262,26.0,19,0
2024-04-15,606160,7,2,1,1.541131,7.0,4,0
2024-04-15,607192,25,5,2,11.249326204545454,25.0,18,3
2024-04-15,607259,15,3,0,2.872,15.0,12,0
2024-04-15,607481,3,0,0,0.668,3.0,3,0
2024-04-15,607625,25,4,1,7.307345285714285,25.0,20,1
2024-04-15,608032,3,2,0,0.7304545454545456,3.0,1,0
2024-04-15,608344,19,4,0,6.260940151515151,19.0,15,3
2024-04-15,608678,4,0,0,1.256,4.0,4,0
2024-04-15,608717,3,1,0,0.067,3.0,2,0
2024-04-15,612434,4,1,1,1.4031310000000001,4.0,2,0
2024-04-15,613534,4,2,0,0.908,3.0,2,0
2024-04-15,615698,24,1,2,6.652995333333333,23.0,20,1
2024-04-15,621051,5,0,2,1.4142620000000001,5.0,3,0
2024-04-15,621107,24,5,0,5.69,24.0,19,0
2024-04-15,621199,12,2,1,5.5215452222222225,12.0,8,1
2024-04-15,621237,1,0,0,0.1,1.0,1,0
2024-04-15,621242,4,1,1,0.9011310000000001,4.0,2,0
2024-04-15,621345,4,0,0,1.7294444444444448,4.0,4,1
2024-04-15,622098,4,0,1,1.848131,4.0,3,0
2024-04-15,622253,5,0,0,0.921,5.0,5,0
2024-04-15,622554,3,0,0,0.7582142857142857,3.0,3,0
2024-04-15,623352,6,1,1,3.064131,6.0,4,0
2024-04-15,624522,7,2,1,0.919131,7.0,4,0
2024-04-15,640448,3,1,0,0.656,3.0,2,0
2024-04-15,640451,7,2,0,2.049,7.0,5,0
2024-04-15,641835,2,0,0,0.554,2.0,2,0
2024-04-15,642048,3,3,0,0.0,3.0,0,0
2024-04-15,642100,4,1,0,1.721861111111111,4.0,3,1
2024-04-15,642701,3,1,0,0.29400000000000004,3.0,2,0
2024-04-15,643256,3,0,0,0.39,3.0,3,0
2024-04-15,643338,3,1,0,0.551,3.0,2,0
2024-04-15,643511,4,0,0,0.7636666666666666,3.0,4,0
2024-04-15,650556,4,0,1,1.448131,4.0,3,0
2024-04-15,656222,3,1,1,0.773131,3.0,1,0
2024-04-15,656232,3,0,0,1.979457142857143,3.0,3,1
2024-04-15,656234,3,0,0,0.594,2.0,3,0
2024-04-15,656412,7,0,0,2.363,7.0,7,0
2024-04-15,656464,5,1,0,1.476,5.0,4,0
2024-04-15,656546,5,1,1,0.921,3.0,2,0
2024-04-15,656629,4,2,0,0.28300000000000003,4.0,2,0
2024-04-15,657044,4,1,0,1.25,4.0,3,0
2024-04-15,657514,4,1,0,1.4889999999999999,4.0,3,0
2024-04-15,657649,9,1,0,1.974,9.0,8,0
2024-04-15,660853,4,1,0,0.495,4.0,3,0
2024-04-15,661527,4,2,0,0.601,4.0,2,0
2024-04-15,661563,23,6,7,6.9059170000000005,23.0,10,0
2024-04-15,663158,2,0,0,0.18100000000000002,2.0,2,0
2024-04-15,663568,7,1,1,1.4745976666666665,7.0,5,0
2024-04-15,663704,4,2,0,0.7271920000000001,4.0,1,0
2024-04-15,663773,7,2,1,1.886131,7.0,4,0
2024-04-15,663776,21,3,2,8.069762,21.0,16,1
2024-04-15,663947,2,0,0,0.29000000000000004,2.0,2,0
2024-04-15,664208,9,0,1,5.830131,9.0,8,1
2024-04-15,664854,3,2,0,0.416,3.0,1,0
2024-04-15,664875,4,1,0,0.625,4.0,3,0
2024-04-15,665795,22,10,1,5.371737060606061,22.0,11,1
2024-04-15,666277,5,0,2,2.630262,5.0,3,0
2024-04-15,666808,5,2,0,1.192,5.0,3,0
2024-04-15,666974,6,2,0,1.558,5.0,3,0
2024-04-15,668338,4,0,0,1.137,4.0,4,1
2024-04-15,668941,4,1,0,1.8669523809523811,4.0,3,1
2024-04-15,669211,3,1,0,1.3436363636363637,3.0,2,0
2024-04-15,669212,4,1,0,0.103,4.0,3,0
2024-04-15,669459,3,1,0,0.396,3.0,2,0
2024-04-15,669711,2,0,0,1.1467419354838708,2.0,2,1
2024-04-15,669923,23,6,0,5.54286274509804,22.0,16,1
2024-04-15,670059,4,2,1,0.799131,4.0,1,0
2024-04-15,670174,6,1,1,2.852131,6.0,4,0
2024-04-15,670241,19,4,3,5.989656157894737,19.0,12,0
2024-04-15,672710,3,1,0,0.161,3.0,2,0
2024-04-15,673929,3,1,0,0.749,3.0,2,0
2024-04-15,675540,18,3,1,7.749362168831169,18.0,14,2
2024-04-15,676254,3,1,0,0.5409999999999999,3.0,2,0
2024-04-15,676568,6,1,0,1.433,6.0,5,0
2024-04-15,676702,3,0,0,1.856742,3.0,2,1
2024-04-15,676710,19,6,0,5.545119933970856,19.0,13,3
2024-04-15,676760,7,1,1,2.0181310000000003,7.0,5,0
2024-04-15,676962,21,4,2,7.519721706959706,21.0,15,1
2024-04-15,677053,4,0,0,2.215192,4.0,3,0
2024-04-15,680704,3,1,0,1.161444444444445,3.0,2,1
2024-04-15,680730,19,4,0,4.65468,19.0,15,2
2024-04-15,680897,20,5,2,7.6609295214113535,20.0,13,2
2024-04-15,681293,19,5,2,5.943054,19.0,11,0
2024-04-15,681432,3,1,0,0.585,3.0,2,0
2024-04-15,681857,25,8,1,6.073988142857143,25.0,16,0
2024-04-15,682120,7,3,1,1.208131,7.0,3,0
2024-04-15,683232,4,1,0,0.901,4.0,3,0
2024-04-15,686826,9,2,2,2.942131,8.0,5,0
2024-04-15,686973,27,6,0,10.533608465608467,27.0,21,2
2024-04-15,687330,6,1,1,1.8181310000000002,6.0,4,0
2024-04-15,690986,26,2,1,9.206896497076023,26.0,23,2
2024-04-16,445276,6,0,0,2.4945714285714287,6.0,6,1
2024-04-16,455119,3,0,0,0.8805714285714286,3.0,3,0
2024-04-16,458677,4,1,0,0.7894666666666664,4.0,3,0
2024-04-16,458681,27,1,1,9.660693308740111,27.0,25,4
2024-04-16,472610,3,0,0,0.245,3.0,3,0
2024-04-16,489119,16,2,2,5.56971483018868,15.0,12,1
2024-04-16,500779,21,4,3,9.25285811627907,21.0,14,1
2024-04-16,518585,4,2,1,1.5521310000000001,4.0,1,0
2024-04-16,519008,1,0,0,0.156,1.0,1,0
2024-04-16,519043,3,0,0,1.0971190476190478,3.0,3,1
2024-04-16,519326,3,2,0,0.601,3.0,1,0
2024-04-16,523260,5,1,1,1.668323,5.0,2,0
2024-04-16,542585,7,0,0,1.873,6.0,7,0
2024-04-16,542888,3,1,0,0.663,3.0,2,0
2024-04-16,543294,22,3,3,8.71155561965812,22.0,15,1
2024-04-16,543339,4,1,0,0.524,4.0,3,0
2024-04-16,543351,9,3,1,3.090797666666667,9.0,5,1
2024-04-16,543518,5,2,0,0.686,5.0,3,0
2024-04-16,554340,3,0,0,0.023,3.0,3,0
2024-04-16,554431,3,2,0,1.3250199999999994,3.0,1,1
2024-04-16,570257,10,3,0,4.611766666666667,10.0,7,1
2024-04-16,570632,6,3,1,1.406131,6.0,2,0
2024-04-16,571578,30,5,4,13.452630762237764,29.0,21,2
2024-04-16,571882,3,2,0,0.242,3.0,1,0
2024-04-16,571948,4,3,0,0.246,4.0,1,0
2024-04-16,572143,4,0,0,2.0524137931034483,4.0,4,1
2024-04-16,573124,2,0,0,1.056,2.0,2,0
2024-04-16,573204,3,1,0,0.962,3.0,2,0
2024-04-16,579328,23,9,1,5.953131,23.0,13,0
2024-04-16,592094,5,0,1,2.8280547073170736,5.0,3,1
2024-04-16,592351,24,7,3,8.51372142268498,24.0,14,3
2024-04-16,592767,1,0,0,0.713,1.0,1,0
2024-04-16,592773,5,0,2,1.497262,5.0,3,0
2024-04-16,593974,3,0,0,1.3210769230769233,3.0,3,1
2024-04-16,595881,4,1,1,1.6008233076923075,4.0,2,0
2024-04-16,595897,8,2,2,1.8982620000000001,8.0,4,0
2024-04-16,596133,6,2,0,1.796,6.0,4,0
2024-04-16,596295,21,4,0,6.408448275862069,21.0,17,1
2024-04-16,605130,3,2,0,0.669,3.0,1,0
2024-04-16,605177,4,3,0,0.026,4.0,1,0
2024-04-16,605347,3,1,0,0.226,3.0,2,0
2024-04-16,605447,5,0,0,1.825192,5.0,4,0
2024-04-16,606303,3,2,0,0.058,3.0,1,0
2024-04-16,606965,3,0,0,0.436,3.0,3,0
2024-04-16,607074,21,5,4,7.5671990000000005,21.0,12,0
2024-04-16,607481,6,0,1,4.141747883116883,6.0,5,0
2024-04-16,608032,6,1,0,1.295,6.0,5,0
2024-04-16,608334,9,3,2,3.945797666666667,8.0,4,1
2024-04-16,608718,7,3,1,1.439131,7.0,3,0
2024-04-16,612434,8,3,0,0.936,8.0,5,0
2024-04-16,621363,3,0,0,1.6533703703703702,3.0,3,1
2024-04-16,622075,5,1,2,1.5252620000000001,5.0,2,0
2024-04-16,622098,3,2,0,0.0,3.0,1,0
2024-04-16,624133,32,8,1,7.2711310000000005,32.0,23,0
2024-04-16,624647,4,0,1,1.417131,4.0,3,0
2024-04-16,625643,23,7,1,3.976131,23.0,15,0
2024-04-16,628452,1,0,0,0.144,1.0,1,0
2024-04-16,640470,6,0,2,2.784762,6.0,4,1
2024-04-16,641729,3,1,0,0.535,3.0,2,0
2024-04-16,641755,5,2,1,1.982356806451613,5.0,2,1
2024-04-16,641941,5,1,2,2.533262,5.0,2,0
2024-04-16,642048,1,0,0,0.021,1.0,1,0
2024-04-16,642232,17,3,0,4.133554999999999,17.0,14,2
2024-04-16,643410,4,1,0,1.0070000000000001,4.0,3,0
2024-04-16,650644,23,8,0,5.758200268817204,23.0,15,2
2024-04-16,656302,24,7,5,8.906423619662364,24.0,12,2
2024-04-16,656464,3,0,0,0.352,3.0,3,0
2024-04-16,656638,3,1,0,0.8051333333333331,3.0,2,1
2024-04-16,656641,3,0,0,0.7909999999999999,3.0,3,0
2024-04-16,656924,3,2,0,0.013,3.0,1,0
2024-04-16,656945,5,1,2,1.517262,5.0,2,0
2024-04-16,657508,7,3,1,2.4141310000000002,7.0,3,0
2024-04-16,657514,5,2,2,0.9811310000000001,4.0,1,0
2024-04-16,657585,8,6,1,1.089131,8.0,1,0
2024-04-16,657649,5,1,0,0.402,5.0,4,0
2024-04-16,661403,4,0,0,0.7519999999999999,4.0,4,0
2024-04-16,662253,5,3,1,1.590131,5.0,1,0
2024-04-16,663432,6,1,1,2.1441310000000002,6.0,4,0
2024-04-16,663554,23,6,0,6.970071177944862,23.0,17,2
2024-04-16,663855,21,5,3,5.7688501428571435,21.0,13,2
2024-04-16,663978,30,2,1,15.788345731731544,30.0,26,4
2024-04-16,664076,5,2,1,1.241131,5.0,2,0
2024-04-16,664126,3,2,0,0.0,2.0,1,0
2024-04-16,664208,3,0,0,0.781,3.0,3,0
2024-04-16,664854,3,1,0,0.054,3.0,2,0
2024-04-16,665625,5,0,1,2.319131,5.0,4,0
2024-04-16,666204,5,0,2,2.5194543076923077,5.0,3,1
2024-04-16,666215,5,0,1,3.154323,5.0,3,1
2024-04-16,666745,5,1,1,1.438131,5.0,3,0
2024-04-16,666818,3,0,1,1.960131,3.0,2,0
2024-04-16,667755,20,6,5,6.473188333333334,20.0,9,1
2024-04-16,668881,19,8,3,5.056585,19.0,7,0
2024-04-16,668941,3,1,0,0.474,3.0,2,0
2024-04-16,669062,3,1,0,0.415,3.0,2,0
2024-04-16,669165,8,0,0,2.729,8.0,8,0
2024-04-16,669212,8,2,1,2.044131,8.0,5,0
2024-04-16,669302,23,6,1,7.604691984848485,23.0,16,2
2024-04-16,669459,5,0,1,2.592540090909091,5.0,4,1
2024-04-16,669711,6,0,1,1.738,5.0,5,0
2024-04-16,669796,4,0,2,2.006131,3.0,2,0
2024-04-16,670174,7,1,2,1.5121310000000001,5.0,4,0
2024-04-16,670950,5,1,1,1.910131,5.0,3,0
2024-04-16,670970,5,2,0,1.626,5.0,3,0
2024-04-16,670990,6,1,0,1.415,6.0,5,0
2024-04-16,671345,4,0,1,1.875131,4.0,3,0
2024-04-16,671922,5,1,1,2.246131,5.0,3,1
2024-04-16,673513,2,1,1,0.689131,2.0,0,0
2024-04-16,674072,22,3,1,7.181131,21.0,17,1
2024-04-16,676254,6,0,2,2.9112620000000002,6.0,4,0
2024-04-16,676440,21,3,2,7.229262,21.0,16,1
2024-04-16,676477,16,1,1,5.365131,15.0,14,1
2024-04-16,676534,5,2,0,0.728,5.0,3,0
2024-04-16,676664,21,2,3,6.741451479532164,20.0,15,1
2024-04-16,677960,24,10,1,5.914896551724138,23.0,13,1
2024-04-16,680570,23,6,3,6.644306043478261,23.0,14,1
2024-04-16,680767,5,2,0,0.415,5.0,3,0
2024-04-16,681432,5,0,1,1.851131,5.0,4,0
2024-04-16,681869,12,2,0,4.293753246753247,12.0,10,0
2024-04-16,682842,8,2,1,1.889,7.0,5,0
2024-04-16,682847,8,0,1,2.157131,8.0,7,0
2024-04-16,683003,16,7,0,2.4038999999999997,16.0,9,0
2024-04-16,683769,3,1,0,0.048,3.0,2,0
2024-04-16,686613,23,3,3,7.665250142857143,23.0,17,0
2024-04-16,687014,6,1,1,2.1311310000000003,6.0,4,0
2024-04-16,687765,10,5,1,1.851131,10.0,4,0
2024-04-16,694037,7,0,2,3.361262,7.0,5,0
2024-04-17,445926,5,2,0,1.3675714285714287,5.0,3,1
2024-04-17,489446,5,4,1,0.689131,5.0,0,0
2024-04-17,502085,7,1,1,3.109657315789474,7.0,5,0
2024-04-17,518617,3,2,0,0.005,3.0,1,0
2024-04-17,518886,3,1,0,0.7170000000000001,3.0,2,0
2024-04-17,519008,1,0,0,0.082,1.0,1,0
2024-04-17,519151,7,2,1,2.718100696969697,7.0,4,1
2024-04-17,519293,3,1,0,0.525,3.0,2,0
2024-04-17,519326,9,2,0,2.4101190476190477,9.0,7,1
2024-04-17,542888,3,1,0,0.425,3.0,2,0
2024-04-17,543056,3,0,1,1.025131,3.0,2,0
2024-04-17,544150,21,4,0,4.8037920000000005,21.0,16,0
2024-04-17,571927,25,4,3,9.035641638838475,25.0,18,2
2024-04-17,571946,5,0,0,1.737,5.0,5,0
2024-04-17,572955,4,2,1,0.7371310000000001,4.0,1,0
2024-04-17,573009,5,0,1,1.2029999999999998,4.0,4,0
2024-04-17,573186,22,2,2,5.868174087912088,22.0,18,0
2024-04-17,592332,21,6,3,6.839726333333333,21.0,12,1
2024-04-17,592767,3,0,0,1.0883333333333332,3.0,3,1
2024-04-17,592779,5,3,0,0.771,5.0,2,0
2024-04-17,593974,2,1,0,0.297,2.0,1,0
2024-04-17,594902,19,7,1,4.017585545454546,19.0,11,0
2024-04-17,595345,5,1,0,2.352333333333333,5.0,4,1
2024-04-17,605280,4,0,0,0.986,4.0,4,0
2024-04-17,605347,3,1,0,0.159,3.0,2,0
2024-04-17,606149,1,0,0,0.6513333333333333,1.0,1,1
2024-04-17,606160,3,0,0,0.818,3.0,3,0
2024-04-17,606303,3,0,0,0.59,3.0,3,0
2024-04-17,606965,1,1,0,0.0,1.0,0,0
2024-04-17,607200,22,5,3,4.924393,22.0,14,0
2024-04-17,608331,24,2,4,9.236586968515743,24.0,18,2
2024-04-17,608371,8,1,4,4.755933090909091,8.0,3,1
2024-04-17,608379,24,4,2,6.872476854111406,23.0,18,2
2024-04-17,608678,4,0,1,2.844131,4.0,3,1
2024-04-17,608717,5,0,2,2.9157148301886795,5.0,3,1
2024-04-17,608723,3,1,0,0.106,3.0,2,0
2024-04-17,613534,3,1,0,0.495,3.0,2,0
2024-04-17,621051,3,0,0,0.307,3.0,3,0
2024-04-17,621112,26,7,5,9.898655,26.0,14,0
2024-04-17,621237,4,1,0,0.33599999999999997,4.0,3,0
2024-04-17,621345,2,0,0,0.01,2.0,2,0
2024-04-17,621383,5,1,0,1.02,5.0,4,0
2024-04-17,622663,24,4,3,6.780393,24.0,16,0
2024-04-17,623352,3,3,0,0.0,3.0,0,0
2024-04-17,623433,4,1,0,1.234,4.0,3,0
2024-04-17,624647,1,0,0,0.531,1.0,1,0
2024-04-17,628452,3,0,1,1.542031,3.0,2,0
2024-04-17,628708,4,1,0,1.012,4.0,3,0
2024-04-17,640448,3,1,0,0.10300000000000001,3.0,2,0
2024-04-17,640451,5,2,0,1.295,5.0,3,0
2024-04-17,641149,7,3,0,2.061,7.0,4,0
2024-04-17,641154,20,7,0,4.210820512820514,20.0,13,1
2024-04-17,641540,21,5,4,8.715374427350428,21.0,12,2
2024-04-17,641585,22,4,1,7.287931,22.0,17,2
2024-04-17,641656,6,2,1,1.531131,6.0,3,0
2024-04-17,641729,4,1,0,0.019999999999999997,4.0,3,0
2024-04-17,641793,25,7,0,7.770906779661017,25.0,18,2
2024-04-17,641835,5,1,1,1.6761310000000003,5.0,3,0
2024-04-17,642100,3,3,0,0.0,3.0,0,0
2024-04-17,642397,6,0,2,3.271262,6.0,4,0
2024-04-17,643256,6,2,0,1.2241920000000002,6.0,3,0
2024-04-17,643377,3,1,0,1.9782622950819673,3.0,2,1
2024-04-17,643493,4,0,0,2.2695,4.0,4,1
2024-04-17,643511,4,0,0,0.8839999999999999,4.0,4,0
2024-04-17,650556,3,2,0,0.366,3.0,1,0
2024-04-17,650633,26,10,2,4.749262,26.0,14,0
2024-04-17,650893,7,3,0,1.429138888888889,7.0,4,1
2024-04-17,650911,24,10,1,4.561131,24.0,13,0
2024-04-17,656546,4,0,1,2.198131,4.0,3,0
2024-04-17,656557,29,9,0,3.4182,29.0,20,0
2024-04-17,656629,5,1,0,2.746,5.0,4,1
2024-04-17,656641,3,1,0,0.321,3.0,2,0
2024-04-17,656924,3,1,0,0.069,3.0,2,0
2024-04-17,657024,4,0,0,3.483,4.0,4,1
2024-04-17,657097,3,1,0,1.703,3.0,2,0
2024-04-17,657571,5,1,1,2.6961378426197458,5.0,3,2
2024-04-17,661527,5,2,1,0.619,4.0,2,0
2024-04-17,663372,27,8,2,9.219390787878789,27.0,17,2
2024-04-17,663423,3,1,0,0.259,3.0,2,0
2024-04-17,663542,7,0,1,1.510131,7.0,6,0
2024-04-17,663559,20,4,1,6.205965498834499,20.0,15,2
2024-04-17,663567,7,2,0,2.8417391304347825,7.0,5,1
2024-04-17,663623,22,6,1,6.498131,22.0,15,0
2024-04-17,663704,4,1,0,1.0350000000000001,4.0,3,0
2024-04-17,663903,20,5,3,8.310457102564103,19.0,12,2
2024-04-17,664126,7,0,2,3.202131,6.0,5,0
2024-04-17,664350,4,2,1,0.8501310000000001,4.0,1,0
2024-04-17,664747,5,2,0,1.9700967741935485,5.0,3,1
2024-04-17,664875,4,1,0,1.184,4.0,3,0
2024-04-17,665620,8,0,1,2.1473415263157896,7.0,6,0
2024-04-17,665625,4,0,0,1.832,4.0,4,0
2024-04-17,666808,3,1,0,0.7283333333333333,3.0,2,1
2024-04-17,666974,4,2,1,0.7371310000000001,4.0,1,0
2024-04-17,668674,3,2,0,0.032,3.0,1,0
2024-04-17,669060,14,2,1,4.645131,14.0,11,0
2024-04-17,669062,3,1,0,0.7187692307692306,3.0,2,0
2024-04-17,669211,1,1,0,0.0,1.0,0,0
2024-04-17,669373,27,6,1,9.45331519554031,27.0,19,3
2024-04-17,669432,21,6,0,4.6833478260869565,21.0,15,1
2024-04-17,669461,6,0,1,2.271131,6.0,5,0
2024-04-17,669622,6,1,0,3.069,6.0,5,0
2024-04-17,669713,13,2,0,2.204,13.0,11,0
2024-04-17,670167,3,2,0,0.562,3.0,1,0
2024-04-17,670280,6,2,1,2.129131,6.0,3,0
2024-04-17,670950,3,1,0,0.117,3.0,2,0
2024-04-17,671096,25,6,3,6.652283095879233,25.0,16,3
2024-04-17,672282,22,4,1,5.677681,22.0,17,0
2024-04-17,672582,4,0,0,1.572,4.0,4,0
2024-04-17,673929,5,1,1,3.0992360000000003,5.0,3,1
2024-04-17,675627,10,5,1,1.938323,10.0,3,0
2024-04-17,676395,3,0,1,0.7621310000000001,3.0,2,0
2024-04-17,676596,2,0,0,1.162,2.0,2,0
2024-04-17,676684,4,0,0,1.266,4.0,4,0
2024-04-17,676702,7,1,1,3.3500059999999996,6.0,4,1
2024-04-17,676775,22,4,1,8.515663467532468,21.0,16,2
2024-04-17,679885,6,1,1,1.4104946363636364,6.0,4,0
2024-04-17,680704,3,1,0,0.40599999999999997,3.0,2,0
2024-04-17,681676,5,1,0,1.469,5.0,4,0
2024-04-17,681911,5,2,2,1.8496256363636365,5.0,1,0
2024-04-17,682243,20,7,1,5.350418431693989,20.0,12,2
2024-04-17,682842,4,1,0,0.829,4.0,3,0
2024-04-17,686539,6,1,1,1.191131,6.0,4,0
2024-04-17,686563,19,3,1,5.352464333333333,19.0,15,0
2024-04-17,687330,4,0,0,1.2269999999999999,4.0,4,0
2024-04-17,689017,19,4,1,5.852145492753623,19.0,14,1
2024-04-17,694297,27,6,0,6.91684126984127,27.0,21,2
2024-04-17,695243,4,2,1,0.817131,4.0,1,0
2024-04-17,696136,20,5,1,8.020037854111406,20.0,13,3
2024-04-17,701643,3,0,0,0.8500000000000001,3.0,3,0
2024-04-18,455119,3,1,0,1.1219999999999999,3.0,2,0
2024-04-18,471911,26,5,3,7.031193,26.0,18,0
2024-04-18,472610,4,2,0,0.11599999999999999,4.0,2,0
2024-04-18,489446,5,1,0,1.8021818181818183,5.0,4,0
2024-04-18,519043,4,1,0,0.7867999999999999,4.0,3,0
2024-04-18,570632,12,1,1,3.948364333333333,12.0,10,1
2024-04-18,571946,6,1,0,1.522,6.0,5,0
2024-04-18,600917,5,2,2,1.445262,5.0,1,0
2024-04-18,605177,6,1,1,4.017047666666667,6.0,4,1
2024-04-18,621363,5,1,0,1.375,5.0,4,0
2024-04-18,628317,17,2,2,8.501429664382739,17.0,13,3
2024-04-18,643511,4,0,0,1.249,4.0,4,0
2024-04-18,656288,22,4,1,5.809323,22.0,16,0
2024-04-18,656412,8,1,0,1.1800000000000002,8.0,7,0
2024-04-18,656638,2,2,0,0.0,2.0,0,0
2024-04-18,657277,23,5,1,6.757842433756806,23.0,17,2
2024-04-18,657514,6,2,1,1.1431310000000001,6.0,3,0
2024-04-18,661403,3,1,0,0.753,3.0,2,0
2024-04-18,663531,18,3,1,5.519353222222223,18.0,14,1
2024-04-18,663947,7,0,0,1.479192,7.0,6,0
2024-04-18,664076,3,2,0,0.286,3.0,1,0
2024-04-18,664208,4,1,0,2.000741935483871,4.0,3,1
2024-04-18,669194,7,0,0,2.569,7.0,7,0
2024-04-18,669459,5,1,1,1.3739999999999999,4.0,3,0
2024-04-18,671922,3,1,0,1.061,3.0,2,0
2024-04-18,676254,3,3,0,0.0,3.0,0,0
2024-04-18,681867,12,0,1,4.684131,12.0,11,0
2024-04-18,682120,3,2,0,0.092,3.0,1,0
2024-04-18,682175,9,2,0,3.5945398260869568,9.0,6,1
2024-04-18,683004,22,3,3,9.36795670851371,22.0,16,3
2024-04-18,683769,3,1,0,0.481,3.0,2,0
2024-04-18,686580,7,1,0,1.886,7.0,6,0
2024-04-18,686752,23,7,3,5.79185811627907,23.0,13,1
2024-04-18,686826,5,0,1,1.6194002307692308,5.0,4,0
2024-04-19,434378,21,4,0,6.251359912445279,21.0,17,3
2024-04-19,493603,5,2,0,1.3177692307692306,5.0,2,0
2024-04-19,502043,24,3,4,6.669524,24.0,17,0
2024-04-19,502624,8,2,0,1.8639999999999999,8.0,6,0
2024-04-19,518489,6,1,0,1.77,6.0,5,0
2024-04-19,518585,2,2,0,0.0,2.0,0,0
2024-04-19,518617,5,2,2,1.5552620000000001,5.0,1,0
2024-04-19,519151,4,1,0,0.505,3.0,2,0
2024-04-19,519242,27,7,1,6.7457373829787235,27.0,19,1
2024-04-19,519293,7,1,0,3.449175,7.0,6,1
2024-04-19,523260,6,1,1,2.928131,6.0,4,0
2024-04-19,542585,4,1,1,2.4618850983606557,4.0,2,1
2024-04-19,542881,27,2,3,10.065654111111112,27.0,22,3
2024-04-19,542888,3,1,0,1.575,3.0,2,0
2024-04-19,543339,5,2,0,1.7497540983606554,5.0,3,1
2024-04-19,543518,5,1,0,0.729,5.0,4,0
2024-04-19,548384,3,1,0,1.2707021276595742,3.0,2,1
2024-04-19,554340,3,3,0,0.0,3.0,0,0
2024-04-19,554431,4,2,0,0.264,4.0,2,0
2024-04-19,571656,3,1,0,0.317,3.0,2,0
2024-04-19,571670,4,1,0,1.078,4.0,3,0
2024-04-19,571760,20,5,2,8.329581923371649,20.0,13,4
2024-04-19,571882,5,0,0,1.823,5.0,5,0
2024-04-19,571948,4,2,1,0.184,3.0,1,0
2024-04-19,572143,6,2,0,1.4279473684210526,6.0,4,1
2024-04-19,572955,3,0,0,0.389,3.0,3,0
2024-04-19,573204,6,2,1,1.135,5.0,3,0
2024-04-19,592155,4,1,0,0.483,4.0,3,0
2024-04-19,592779,4,1,0,0.365,4.0,3,0
2024-04-19,592791,18,4,0,4.520547619047619,18.0,14,1
2024-04-19,595881,7,2,0,1.285,7.0,5,0
2024-04-19,598264,4,0,0,2.072,4.0,4,0
2024-04-19,605130,5,0,0,2.8487999999999998,5.0,5,1
2024-04-19,605155,9,1,0,1.962,9.0,8,0
2024-04-19,605177,4,0,0,0.422,4.0,4,0
2024-04-19,605280,4,0,0,1.714,4.0,4,0
2024-04-19,605447,4,1,0,2.2356415094339623,4.0,3,1
2024-04-19,605483,24,3,1,8.516284846153846,24.0,20,1
2024-04-19,605513,24,6,2,5.715314631578948,24.0,16,1
2024-04-19,606149,3,2,0,0.507,3.0,1,0
2024-04-19,606303,3,0,1,1.500323,3.0,1,0
2024-04-19,606965,8,2,1,4.046331,8.0,5,1
2024-04-19,608371,4,0,1,1.9455976666666666,4.0,3,0
2024-04-19,621381,5,1,1,0.9771310000000001,5.0,3,0
2024-04-19,622253,7,0,0,4.209753694581281,7.0,7,1
2024-04-19,623167,13,4,0,3.5494666666666665,13.0,9,2
2024-04-19,623352,6,2,1,1.279131,6.0,3,0
2024-04-19,623433,5,0,1,1.5723230000000001,5.0,3,0
2024-04-19,624522,8,4,1,1.257131,8.0,3,0
2024-04-19,640455,21,3,3,9.176708789473684,21.0,15,1
2024-04-19,640462,19,4,3,8.778290555555557,19.0,11,1
2024-04-19,641302,20,4,1,4.599938384615385,19.0,14,1
2024-04-19,641656,7,0,1,4.520131,7.0,6,0
2024-04-19,641835,3,1,0,1.056107142857143,3.0,2,1
2024-04-19,642547,24,7,2,8.73128580952381,24.0,15,2
2024-04-19,642701,5,1,0,0.5549999999999999,5.0,4,0
2024-04-19,643256,5,0,2,2.502454,4.0,2,0
2024-04-19,643377,5,2,0,1.897,5.0,3,0
2024-04-19,643493,4,1,0,2.587431034482759,4.0,3,1
2024-04-19,650556,4,1,0,0.73,4.0,3,0
2024-04-19,656427,24,10,1,7.675049439716312,24.0,13,2
2024-04-19,656641,6,0,2,4.617262,6.0,4,1
2024-04-19,656730,8,1,2,2.445262,8.0,5,0
2024-04-19,656756,22,3,0,5.881222222222222,22.0,19,1
2024-04-19,657376,23,7,0,7.657096910404911,22.0,14,3
2024-04-19,657508,3,2,0,0.055,3.0,1,0
2024-04-19,657585,7,1,0,1.910192,7.0,5,0
2024-04-19,657612,3,0,0,0.588,3.0,3,0
2024-04-19,657746,23,6,1,5.517360166666666,23.0,16,1
2024-04-19,663362,22,2,1,7.830080883449884,22.0,19,3
2024-04-19,663432,3,0,0,0.46699999999999997,3.0,3,0
2024-04-19,663474,21,6,3,6.614909129032259,21.0,12,1
2024-04-19,663568,4,1,0,1.063,4.0,3,0
2024-04-19,664854,4,0,0,0.625,4.0,4,0
2024-04-19,665152,22,3,3,7.812047127481714,22.0,16,2
2024-04-19,665625,3,1,0,0.784,3.0,2,0
2024-04-19,666149,7,0,0,3.1094137931034482,7.0,7,1
2024-04-19,666157,25,6,0,7.39496511627907,25.0,19,1
2024-04-19,666205,11,0,0,2.9645743243243246,11.0,11,1
2024-04-19,668390,5,1,1,2.925797666666667,5.0,3,1
2024-04-19,669022,20,4,1,5.968131,20.0,15,0
2024-04-19,669211,5,0,1,1.867131,5.0,4,1
2024-04-19,669422,4,1,0,1.073,4.0,3,0
2024-04-19,669461,4,2,1,1.277131,4.0,1,0
2024-04-19,670102,8,2,1,3.235394157894737,8.0,5,1
2024-04-19,670167,1,0,0,0.205,1.0,1,0
2024-04-19,670810,2,2,0,0.0,2.0,0,0
2024-04-19,670970,5,3,0,1.307,5.0,2,0
2024-04-19,671212,25,3,4,8.777293230769232,25.0,18,0
2024-04-19,671345,4,1,1,1.220131,4.0,2,0
2024-04-19,672710,10,2,2,4.314142952380953,10.0,6,1
2024-04-19,676395,4,0,1,2.054131,4.0,3,0
2024-04-19,676596,4,0,0,1.8491920000000002,4.0,3,0
2024-04-19,676680,5,1,0,0.7000000000000001,5.0,4,0
2024-04-19,676684,3,1,0,0.481,2.0,2,0
2024-04-19,676702,7,1,0,2.272409090909091,7.0,6,1
2024-04-19,676979,16,3,2,5.5133173874092005,16.0,11,1
2024-04-19,677053,5,2,1,1.457131,5.0,2,0
2024-04-19,678394,22,7,2,5.626262,22.0,13,0
2024-04-19,678906,9,0,3,5.051964428571429,9.0,6,0
2024-04-19,679525,22,6,2,7.5493862033898305,22.0,13,1
2024-04-19,679885,7,1,3,2.393393,7.0,3,0
2024-04-19,681676,4,2,1,0.7331310000000001,4.0,1,0
2024-04-19,681892,1,0,0,0.314,1.0,1,0
2024-04-19,682052,4,0,0,0.808192,4.0,3,0
2024-04-19,682120,3,2,0,0.269,3.0,1,0
2024-04-19,682990,21,2,1,7.555708830188679,19.0,16,3
2024-04-19,684320,16,7,1,6.306631000000001,16.0,8,2
2024-04-19,686539,8,1,1,2.936131,8.0,6,0
2024-04-19,687014,3,1,0,0.5794666666666665,3.0,2,0
2024-04-19,689147,3,1,0,0.28400000000000003,3.0,2,0
2024-04-19,694738,10,1,1,4.312455324324325,10.0,8,1
2024-04-19,808967,27,9,1,10.729562508721164,27.0,17,3
2024-04-20,445276,3,3,0,0.0,3.0,0,0
2024-04-20,450203,24,4,2,6.561189350427351,24.0,18,2
2024-04-20,455119,3,0,0,0.915,3.0,3,0
2024-04-20,472610,4,2,0,0.856,4.0,2,0
2024-04-20,518489,3,0,0,2.33,3.0,3,1
2024-04-20,518886,3,0,0,1.645,3.0,3,1
2024-04-20,519008,4,1,0,1.081,4.0,3,0
2024-04-20,519151,6,1,0,2.411363636363636,6.0,4,0
2024-04-20,519326,6,2,1,2.0961309999999997,6.0,3,0
2024-04-20,523260,3,0,1,1.5561310000000002,3.0,2,0
2024-04-20,543056,3,0,1,0.7621310000000001,3.0,2,0
2024-04-20,543135,27,6,6,11.40517,27.0,13,1
2024-04-20,543859,5,2,0,1.7541920000000002,5.0,2,0
2024-04-20,547184,4,2,0,1.017,4.0,2,0
2024-04-20,554340,2,0,0,0.552,2.0,2,0
2024-04-20,554430,26,8,2,5.191204,26.0,15,0
2024-04-20,570257,3,1,0,1.2511190476190477,3.0,2,1
2024-04-20,571945,24,5,0,10.620540677771505,24.0,18,3
2024-04-20,571948,4,1,0,0.513,4.0,3,0
2024-04-20,573009,3,0,0,1.9865311355311357,3.0,3,1
2024-04-20,573124,3,0,0,0.9917307692307693,3.0,3,1
2024-04-20,592094,3,1,0,1.9173333333333331,3.0,2,2
2024-04-20,592351,5,4,0,0.036,5.0,1,0
2024-04-20,592866,19,4,0,4.213605263157895,19.0,15,0
2024-04-20,593576,4,1,0,1.8276800000000002,4.0,3,1
2024-04-20,595345,3,0,1,1.806131,3.0,2,0
2024-04-20,596133,3,1,0,0.16899999999999998,3.0,2,0
2024-04-20,598286,3,0,0,1.2254210526315792,3.0,3,1
2024-04-20,600986,6,1,1,2.567323,6.0,3,0
2024-04-20,605130,4,3,1,0.689131,4.0,0,0
2024-04-20,605280,4,2,0,0.946,4.0,2,0
2024-04-20,605347,5,0,1,2.3701309999999998,5.0,4,0
2024-04-20,605447,3,1,0,0.099,3.0,2,0
2024-04-20,606149,4,2,0,1.188,4.0,2,0
2024-04-20,606160,4,1,1,1.0021309999999999,4.0,2,0
2024-04-20,607179,6,1,1,2.2353810000000003,6.0,4,1
2024-04-20,607259,11,2,0,1.41,11.0,9,0
2024-04-20,608678,6,1,1,1.456131,6.0,4,0
2024-04-20,608717,3,1,0,0.553,3.0,2,0
2024-04-20,612434,7,0,0,2.176,6.0,7,0
2024-04-20,613534,6,1,0,2.285,6.0,5,0
2024-04-20,620982,10,1,2,4.3224540000000005,10.0,6,0
2024-04-20,621107,21,6,0,2.8669230769230767,21.0,15,0
2024-04-20,621199,1,0,0,0.131,1.0,1,0
2024-04-20,621237,1,0,0,0.211,1.0,1,0
2024-04-20,621242,4,2,2,1.378262,4.0,0,0
2024-04-20,621244,25,6,2,7.563595333333334,25.0,17,2
2024-04-20,621345,4,1,0,1.22,4.0,3,0
2024-04-20,621363,3,0,0,1.091,3.0,3,0
2024-04-20,621383,7,1,1,2.878131,7.0,5,0
2024-04-20,622072,23,4,1,9.191159061456927,23.0,18,4
2024-04-20,622075,5,1,0,1.4061331764705882,5.0,3,0
2024-04-20,622098,5,1,2,2.204262,5.0,2,0
2024-04-20,622491,24,9,1,3.508131,24.0,14,0
2024-04-20,622554,4,0,1,1.059131,4.0,3,0
2024-04-20,623433,3,0,0,0.718,3.0,3,0
2024-04-20,623465,5,2,0,0.679,5.0,3,0
2024-04-20,628452,3,2,0,0.508,3.0,1,0
2024-04-20,640448,2,0,0,0.523,2.0,2,0
2024-04-20,640451,4,1,0,0.942,4.0,3,0
2024-04-20,640470,7,0,1,3.610885098360656,7.0,6,1
2024-04-20,641482,26,9,0,4.5158,25.0,17,0
2024-04-20,641712,23,1,5,9.747269035087719,23.0,17,1
2024-04-20,641729,3,2,0,0.268,3.0,1,0
2024-04-20,641755,4,0,0,1.601263157894737,4.0,4,0
2024-04-20,641927,21,6,1,3.740236263157895,21.0,14,0
2024-04-20,642232,6,0,1,1.5333230000000002,5.0,4,0
2024-04-20,643377,3,2,0,0.056,3.0,1,0
2024-04-20,643410,4,1,0,1.6216818181818182,4.0,3,1
2024-04-20,643493,7,0,1,5.769075444444445,7.0,6,2
2024-04-20,643511,3,1,0,0.46599999999999997,3.0,2,0
2024-04-20,647336,23,2,3,8.712361008255934,23.0,18,1
2024-04-20,650556,5,2,1,1.633131,5.0,2,0
2024-04-20,650893,3,0,1,1.535131,3.0,2,0
2024-04-20,656605,26,4,4,10.399759981504834,26.0,18,2
2024-04-20,656638,6,1,0,1.9441920000000001,6.0,4,0
2024-04-20,656945,5,1,0,0.895,4.0,4,0
2024-04-20,657024,6,1,0,2.4780769230769235,6.0,5,1
2024-04-20,657508,1,0,0,0.121,1.0,1,0
2024-04-20,657571,5,2,0,1.446,5.0,3,0
2024-04-20,657585,3,3,0,0.0,3.0,0,0
2024-04-20,657612,3,1,0,0.6056666666666666,3.0,2,0
2024-04-20,660761,8,3,2,2.223262,8.0,3,0
2024-04-20,661403,4,2,0,1.036,4.0,2,0
2024-04-20,661527,1,0,0,0.484,1.0,1,0
2024-04-20,663432,5,0,0,1.4992142857142856,5.0,5,0
2024-04-20,663485,3,1,0,0.876,3.0,2,0
2024-04-20,663773,4,1,1,1.163131,4.0,2,0
2024-04-20,663776,21,6,5,7.644121666666667,21.0,10,1
2024-04-20,664076,3,1,0,0.272,3.0,2,0
2024-04-20,664208,4,1,1,1.4741309999999999,4.0,2,0
2024-04-20,664350,3,0,0,1.46,3.0,3,0
2024-04-20,664747,3,1,0,0.108,3.0,2,0
2024-04-20,665620,3,1,1,0.7581310000000001,3.0,1,0
2024-04-20,665871,20,3,3,5.677393,20.0,14,1
2024-04-20,666142,14,4,0,6.168219047619048,14.0,10,2
2024-04-20,666200,25,6,3,7.678709666666666,24.0,15,2
2024-04-20,666204,1,0,0,0.002,1.0,1,0
2024-04-20,666214,7,1,1,1.128131,7.0,5,0
2024-04-20,666745,9,1,0,3.1500379310344826,9.0,8,1
2024-04-20,666808,3,3,0,0.0,3.0,0,0
2024-04-20,666974,5,1,1,2.0951310000000003,5.0,3,0
2024-04-20,668338,3,2,0,0.459,3.0,1,0
2024-04-20,668678,25,6,1,8.61650706837607,25.0,18,2
2024-04-20,668868,5,0,1,1.860131,5.0,4,0
2024-04-20,668933,23,4,3,8.00662376923077,23.0,16,1
2024-04-20,669060,4,0,0,0.8280000000000001,4.0,4,0
2024-04-20,669062,3,2,0,0.006,3.0,1,0
2024-04-20,669084,20,3,5,8.617280000000001,20.0,12,0
2024-04-20,669203,22,4,1,6.7638885757575755,22.0,17,1
2024-04-20,669211,3,1,0,1.103,3.0,2,0
2024-04-20,669422,10,1,2,2.3492620000000004,10.0,7,0
2024-04-20,669467,15,0,1,6.420676050055617,15.0,14,1
2024-04-20,669622,7,0,1,3.9541310000000003,7.0,6,0
2024-04-20,669711,1,0,0,0.0,1.0,1,0
2024-04-20,669854,26,6,3,7.7056205641025635,26.0,17,1
2024-04-20,670059,5,2,1,1.611131,5.0,2,0
2024-04-20,670167,5,1,0,2.9976746031746035,5.0,4,1
2024-04-20,670990,3,0,1,2.3113230000000002,3.0,1,0
2024-04-20,671106,23,4,3,8.515301762290342,23.0,16,3
2024-04-20,672582,5,1,1,2.308791377358491,5.0,3,1
2024-04-20,673513,5,0,0,2.078,5.0,5,0
2024-04-20,675627,4,1,0,1.648192,4.0,2,0
2024-04-20,676130,22,6,5,8.350471175824175,22.0,10,1
2024-04-20,676254,3,2,0,0.015,3.0,1,0
2024-04-20,676395,3,0,1,1.6451310000000001,3.0,2,0
2024-04-20,676534,8,4,0,3.199357142857143,8.0,4,1
2024-04-20,676710,27,6,3,8.569512047619048,27.0,18,1
2024-04-20,676962,8,3,0,1.956,8.0,5,0
2024-04-20,676969,5,0,0,1.811192,5.0,4,0
2024-04-20,680704,2,0,0,0.7186363636363635,2.0,2,0
2024-04-20,680767,7,0,1,3.081131,7.0,6,0
2024-04-20,681190,22,3,1,8.109777545454545,22.0,17,1
2024-04-20,681432,4,1,1,1.348131,4.0,2,0
2024-04-20,681857,23,4,2,6.738530923076923,23.0,16,1
2024-04-20,681892,4,1,1,1.5141310000000001,4.0,2,0
2024-04-20,681911,2,0,0,0.8910967741935484,2.0,2,1
2024-04-20,682610,18,7,1,5.5675413773584905,18.0,10,2
2024-04-20,682842,7,2,2,2.8676967826086956,7.0,3,1
2024-04-20,682847,9,2,2,2.499443818181818,9.0,5,1
2024-04-20,683627,11,2,0,3.045,11.0,9,0
2024-04-20,683769,4,2,1,0.691131,4.0,1,0
2024-04-20,684007,23,5,0,7.59586274509804,23.0,18,2
2024-04-20,685107,5,1,0,1.4,5.0,4,0
2024-04-20,686826,6,2,0,1.1219999999999999,6.0,4,0
2024-04-20,690986,20,5,1,5.653989666666667,20.0,13,0
2024-04-20,694813,18,1,5,7.0282800000000005,18.0,12,0
2024-04-21,489446,4,1,0,0.109,4.0,3,0
2024-04-21,502085,8,1,0,2.0020000000000002,8.0,7,0
2024-04-21,502624,6,0,0,1.9392021276595741,6.0,6,1
2024-04-21,518585,5,1,1,1.908006,5.0,3,0
2024-04-21,519008,4,0,1,1.254192,3.0,2,0
2024-04-21,519293,3,0,0,0.194,3.0,3,0
2024-04-21,527048,23,7,4,8.910716,22.0,10,1
2024-04-21,541640,10,3,0,1.7035714285714287,10.0,7,1
2024-04-21,542585,9,3,1,2.036131,9.0,5,0
2024-04-21,543056,3,2,0,0.528,3.0,1,0
2024-04-21,543243,25,12,1,4.834131,25.0,12,0
2024-04-21,543294,18,5,0,6.321,18.0,13,1
2024-04-21,543351,9,2,1,3.1363532222222226,9.0,6,1
2024-04-21,543859,8,1,1,2.7101309999999996,8.0,6,0
2024-04-21,547179,24,7,3,8.900440008547008,24.0,14,2
2024-04-21,547973,5,3,1,0.7011310000000001,5.0,1,0
2024-04-21,548389,21,4,1,7.619096367965368,21.0,16,1
2024-04-21,552640,3,1,0,0.903,3.0,2,0
2024-04-21,554431,5,1,0,1.6532424242424244,5.0,4,1
2024-04-21,571670,3,0,0,1.153,3.0,3,0
2024-04-21,573204,5,1,1,0.8231310000000001,5.0,3,0
2024-04-21,592155,5,1,0,2.1959999999999997,5.0,4,0
2024-04-21,592767,10,1,0,1.5882142857142858,10.0,9,0
2024-04-21,592773,6,1,0,2.0632424242424245,6.0,5,1
2024-04-21,593423,3,0,1,1.461131,3.0,2,0
2024-04-21,593974,3,0,0,1.2505749999999998,3.0,3,1
2024-04-21,596133,5,1,0,0.744,5.0,4,0
2024-04-21,598264,4,1,0,0.998,4.0,3,0
2024-04-21,598286,3,0,0,0.573,3.0,3,0
2024-04-21,605135,23,4,3,8.646031888888889,23.0,16,1
2024-04-21,605155,4,1,2,1.7772620000000001,4.0,1,0
2024-04-21,605288,23,3,4,9.518070031746031,22.0,15,3
2024-04-21,605397,25,3,0,7.196869655677657,25.0,21,3
2024-04-21,605400,29,7,1,7.00447458974359,29.0,21,1
2024-04-21,605463,4,0,0,1.009,4.0,4,0
2024-04-21,606303,3,1,0,0.249,3.0,2,0
2024-04-21,607067,23,3,3,8.732773040322579,23.0,17,2
2024-04-21,607192,31,10,0,6.013,29.0,19,0
2024-04-21,607481,3,2,0,0.87,3.0,1,0
2024-04-21,607625,26,1,1,14.245414241901777,25.0,23,5
2024-04-21,608344,26,2,2,7.584373111111112,26.0,22,0
2024-04-21,608371,4,1,1,0.8361310000000001,4.0,2,0
2024-04-21,608718,14,2,1,4.392988142857143,14.0,11,0
2024-04-21,608723,3,1,0,1.045,3.0,2,0
2024-04-21,615698,27,4,5,7.393692037037037,27.0,18,1
2024-04-21,621199,6,2,0,0.913,6.0,4,0
2024-04-21,621383,6,2,0,1.1447142857142856,6.0,4,0
2024-04-21,622253,4,0,1,1.412131,4.0,3,0
2024-04-21,624522,4,1,0,0.832,4.0,3,0
2024-04-21,624647,4,1,1,1.212131,4.0,2,0
2024-04-21,628708,4,1,1,0.8281310000000001,4.0,2,0
2024-04-21,640470,3,1,0,0.9319999999999999,3.0,2,0
2024-04-21,641755,3,2,0,0.01,3.0,1,0
2024-04-21,641941,6,1,0,1.859,6.0,5,0
2024-04-21,642048,4,0,1,0.918131,4.0,3,0
2024-04-21,642100,3,2,0,0.018,3.0,1,0
2024-04-21,642701,7,1,1,2.6511310000000003,7.0,5,0
2024-04-21,650644,27,5,5,10.88287375,27.0,17,1
2024-04-21,656222,9,1,0,1.253,9.0,8,0
2024-04-21,656232,9,2,1,2.817131,9.0,6,0
2024-04-21,656234,6,3,1,1.127131,6.0,2,0
2024-04-21,656412,6,0,1,1.930131,6.0,5,0
2024-04-21,656464,5,1,0,2.487,5.0,4,0
2024-04-21,656629,3,2,0,0.362,3.0,1,0
2024-04-21,656924,11,2,1,4.064323,11.0,6,0
2024-04-21,656945,3,1,0,0.441,3.0,2,0
2024-04-21,657044,3,0,1,1.207131,3.0,2,0
2024-04-21,657097,3,1,1,1.8876397719298246,3.0,1,1
2024-04-21,661403,3,1,1,1.049131,3.0,1,0
2024-04-21,661563,23,9,3,5.170393,23.0,10,0
2024-04-21,662253,3,0,0,0.6890000000000001,3.0,3,0
2024-04-21,663158,3,1,0,0.28,3.0,2,0
2024-04-21,663423,6,1,1,1.9283230000000002,6.0,3,0
2024-04-21,663485,5,2,0,0.979,5.0,3,0
2024-04-21,663542,7,4,0,0.5905,7.0,3,0
2024-04-21,663546,7,0,0,1.575,7.0,7,0
2024-04-21,663554,25,4,3,7.024607285714286,25.0,18,0
2024-04-21,663562,14,2,0,3.8577771618625283,14.0,12,1
2024-04-21,663567,17,5,0,5.801223743589743,17.0,10,1
2024-04-21,663773,5,1,0,1.672,5.0,4,0
2024-04-21,663855,21,0,4,7.296908,21.0,15,0
2024-04-21,663878,8,1,3,3.834385,8.0,3,0
2024-04-21,663947,6,1,0,0.784,6.0,5,0
2024-04-21,664208,1,1,0,0.0,1.0,0,0
2024-04-21,664747,4,1,1,0.7211310000000001,4.0,2,0
2024-04-21,664875,4,2,0,0.869,3.0,1,0
2024-04-21,665620,7,0,1,3.959403727272728,7.0,6,1
2024-04-21,665625,4,0,1,2.094657315789474,4.0,3,0
2024-04-21,665795,25,7,3,8.493682292103246,25.0,15,2
2024-04-21,666204,5,2,0,0.7581920000000001,5.0,2,0
2024-04-21,667755,25,7,3,8.197443498023716,25.0,14,2
2024-04-21,668941,3,0,0,0.675,3.0,3,0
2024-04-21,669062,5,1,0,1.639,5.0,4,0
2024-04-21,669276,7,2,1,2.460131,7.0,4,0
2024-04-21,669461,3,0,1,0.926131,3.0,2,0
2024-04-21,669711,2,1,0,0.046,2.0,1,0
2024-04-21,669923,21,7,1,7.001296064102563,20.0,12,2
2024-04-21,670174,12,1,0,4.3199523809523805,12.0,11,1
2024-04-21,670241,22,2,0,8.20227871017871,22.0,20,3
2024-04-21,670280,3,1,0,0.109,3.0,2,0
2024-04-21,670950,8,1,3,4.2810059032258065,8.0,3,1
2024-04-21,671922,4,2,1,0.900131,4.0,1,0
2024-04-21,672582,6,2,1,1.393131,6.0,3,0
2024-04-21,673929,5,0,0,1.492,5.0,5,0
2024-04-21,675989,4,1,0,0.846,4.0,3,0
2024-04-21,676106,24,4,1,6.891050496855346,24.0,19,1
2024-04-21,676440,25,8,2,5.977381047619048,25.0,15,1
2024-04-21,676534,3,1,0,0.29600000000000004,3.0,2,0
2024-04-21,676596,3,1,0,0.404,3.0,2,0
2024-04-21,677053,3,1,0,0.268,3.0,2,0
2024-04-21,677944,21,3,0,5.0470591679198,21.0,17,1
2024-04-21,680704,3,1,0,0.9400000000000001,3.0,2,0
2024-04-21,680730,24,8,0,6.290586247086247,24.0,16,2
2024-04-21,680897,20,3,5,7.959503484848485,20.0,12,1
2024-04-21,681869,8,1,2,2.330262,8.0,5,0
2024-04-21,682120,3,0,0,1.1848999999999998,3.0,3,1
2024-04-21,683232,3,1,0,0.7170000000000001,3.0,2,0
2024-04-21,685107,6,1,1,1.820131,6.0,4,0
2024-04-21,686580,8,2,1,3.1279310000000002,8.0,5,0
2024-04-21,686613,17,6,2,5.340262,17.0,9,0
2024-04-21,686826,6,0,2,2.063597666666667,5.0,4,0
2024-04-21,686973,15,2,4,8.435345829354809,15.0,8,3
2024-04-21,687014,6,1,0,2.917138888888889,6.0,5,1
2024-04-21,687765,6,2,0,2.274817,6.0,3,0
2024-04-21,701643,10,1,2,3.8523188648648645,10.0,6,1
2024-04-22,458681,26,7,3,6.984585,26.0,15,0
2024-04-22,500779,24,4,3,10.191281596491228,24.0,17,1
2024-04-22,518886,6,2,1,2.157323,6.0,2,0
2024-04-22,519326,3,1,0,0.652,3.0,2,0
2024-04-22,543518,6,0,1,4.398131,6.0,5,1
2024-04-22,544150,22,5,2,6.212838923076923,21.0,15,1
2024-04-22,547973,4,1,3,2.067393,4.0,0,0
2024-04-22,552640,5,1,1,1.398131,5.0,3,0
2024-04-22,554340,4,1,0,0.599,4.0,3,0
2024-04-22,571946,6,1,1,2.6759958648648645,6.0,4,1
2024-04-22,571948,5,0,1,2.584131,4.0,3,0
2024-04-22,572143,6,0,1,2.0334643333333333,6.0,5,1
2024-04-22,572955,1,1,0,0.0,1.0,0,0
2024-04-22,573009,1,0,0,0.005,1.0,1,0
2024-04-22,579328,23,4,0,7.2104083333333335,23.0,19,3
2024-04-22,596295,22,2,3,7.717029363636364,22.0,17,0
2024-04-22,600986,10,3,2,1.698131,9.0,5,0
2024-04-22,605347,4,1,0,0.383,4.0,3,0
2024-04-22,605447,4,1,0,2.501583333333333,4.0,3,1
2024-04-22,605452,22,4,1,6.512773160099788,21.0,16,3
2024-04-22,606965,8,3,0,1.3132142857142857,8.0,5,0
2024-04-22,607074,25,4,2,5.541646,25.0,17,0
2024-04-22,608648,7,3,2,2.382262,7.0,2,0
2024-04-22,621051,3,0,0,0.368,3.0,3,0
2024-04-22,621345,3,1,0,0.776,3.0,2,0
2024-04-22,621389,3,1,0,0.646,3.0,2,0
2024-04-22,623167,9,0,1,2.533131,9.0,8,0
2024-04-22,623433,4,0,0,1.036,4.0,4,0
2024-04-22,624133,23,5,1,4.136131,22.0,17,0
2024-04-22,624647,3,0,1,2.5569937450980396,3.0,2,1
2024-04-22,628452,3,1,0,0.462,3.0,2,0
2024-04-22,641656,6,2,1,2.483323,6.0,2,0
2024-04-22,641793,27,7,0,9.696596937113066,27.0,20,2
2024-04-22,642397,3,2,0,0.11,3.0,1,0
2024-04-22,643511,3,1,0,0.231,3.0,2,0
2024-04-22,656302,22,8,0,2.918209956709957,21.0,14,2
2024-04-22,656546,3,2,0,0.873,3.0,1,0
2024-04-22,656887,5,1,2,2.023262,5.0,2,0
2024-04-22,657024,4,1,0,1.6446666666666667,4.0,3,0
2024-04-22,657044,4,1,0,0.593,4.0,3,0
2024-04-22,657097,1,0,0,0.02,1.0,1,0
2024-04-22,657508,4,1,1,2.993815210526316,4.0,2,1
2024-04-22,657612,4,1,0,1.006,4.0,3,0
2024-04-22,660761,4,1,1,0.7061310000000001,4.0,2,0
2024-04-22,660853,4,3,0,0.87,4.0,1,0
2024-04-22,663158,4,0,0,1.8143333333333334,4.0,4,1
2024-04-22,663903,26,5,3,10.662478284280937,26.0,18,2
2024-04-22,663978,27,10,0,4.721,27.0,17,0
2024-04-22,664854,4,1,0,0.6910000000000001,4.0,3,0
2024-04-22,666214,5,2,0,1.575192,5.0,2,0
2024-04-22,666808,6,0,2,1.604262,5.0,3,0
2024-04-22,666974,5,0,0,1.3159999999999998,5.0,5,0
2024-04-22,668674,6,1,1,1.9378643333333332,6.0,4,1
2024-04-22,668881,29,6,2,7.328172377358491,29.0,21,1
2024-04-22,668941,2,0,0,0.563,2.0,2,0
2024-04-22,668984,10,1,1,4.501092538461539,10.0,8,1
2024-04-22,669373,21,9,0,3.941,20.0,11,0
2024-04-22,669459,1,0,0,1.883684210526316,1.0,1,1
2024-04-22,670059,3,1,0,0.44599999999999995,3.0,2,0
2024-04-22,670280,4,1,0,0.9031111111111112,4.0,3,0
2024-04-22,672282,29,4,3,8.512534540291407,29.0,22,3
2024-04-22,676254,3,0,0,0.9229999999999999,3.0,3,0
2024-04-22,676664,21,7,1,4.019394157894737,21.0,13,0
2024-04-22,676684,3,0,0,1.39,3.0,3,0
2024-04-22,676702,2,0,0,0.535,2.0,2,0
2024-04-22,676760,3,2,0,0.0,2.0,1,0
2024-04-22,676775,21,6,1,6.573056373134328,21.0,14,1
2024-04-22,677020,3,1,0,0.16799999999999998,3.0,2,0
2024-04-22,677960,26,1,3,7.473709666666666,26.0,22,0
2024-04-22,678692,9,2,1,3.526045285714286,9.0,6,1
2024-04-22,680767,8,2,0,1.55,8.0,6,0
2024-04-22,681676,3,2,0,0.006,3.0,1,0
2024-04-22,683003,24,7,2,7.612041761904761,24.0,15,1
2024-04-22,683232,6,1,1,2.951131,6.0,4,0
2024-04-22,686539,5,3,1,1.1471310000000001,5.0,1,0
2024-04-22,686563,20,5,1,9.611181082101806,20.0,14,3
2024-04-22,687330,5,0,0,2.269384,5.0,3,0
2024-04-22,693821,26,4,0,9.01460109090909,26.0,21,1
2024-04-22,694297,21,4,3,6.305193,21.0,14,0
2024-04-22,695243,3,3,0,0.0,3.0,0,0
2024-04-23,472610,6,3,0,1.096,6.0,3,0
2024-04-23,518585,2,1,0,0.571,2.0,1,0
2024-04-23,518617,3,2,0,0.048,3.0,1,0
2024-04-23,519008,3,0,0,0.33,3.0,3,0
2024-04-23,519043,3,0,0,2.9745,3.0,3,1
2024-04-23,543339,4,0,1,0.9771310000000001,4.0,3,0
2024-04-23,543351,9,4,1,1.8811309999999999,9.0,4,0
2024-04-23,570632,5,0,1,1.960131,5.0,4,0
2024-04-23,571578,21,3,3,6.672018,21.0,15,1
2024-04-23,571656,8,1,0,2.022192,8.0,6,0
2024-04-23,571882,4,0,1,2.175131,4.0,3,0
2024-04-23,571927,22,4,3,8.538087444444445,22.0,15,2
2024-04-23,572020,21,1,3,8.401156157894738,21.0,17,1
2024-04-23,573186,24,9,1,7.6757738571428575,24.0,14,2
2024-04-23,592155,7,2,2,2.2563303243243245,6.0,3,1
2024-04-23,592332,28,2,1,9.259185435483872,28.0,25,1
2024-04-23,592773,1,0,0,0.304,1.0,1,0
2024-04-23,594580,5,2,0,1.1,5.0,3,0
2024-04-23,594902,23,7,0,5.779984701682816,23.0,16,2
2024-04-23,595345,4,1,0,0.953,4.0,3,0
2024-04-23,598264,4,1,0,3.0438,4.0,3,2
2024-04-23,600917,3,0,1,1.6244643333333335,3.0,2,0
2024-04-23,605130,1,1,0,0.0,1.0,0,0
2024-04-23,605280,3,2,0,0.074,3.0,1,0
2024-04-23,605463,6,1,2,2.760262,6.0,2,0
2024-04-23,606930,2,0,0,1.072,2.0,2,0
2024-04-23,607179,4,0,1,0.939131,4.0,3,0
2024-04-23,607200,21,11,0,2.351,21.0,10,0
2024-04-23,608032,3,2,0,0.294,3.0,1,0
2024-04-23,608331,29,6,0,5.103,29.0,23,0
2024-04-23,608379,24,4,3,9.951418333333333,23.0,16,1
2024-04-23,608717,5,1,0,0.9116,5.0,4,0
2024-04-23,613534,5,0,1,2.468515,5.0,2,0
2024-04-23,620982,5,1,0,1.1775556363636364,5.0,3,0
2024-04-23,621051,6,1,1,2.9339585862068964,6.0,4,1
2024-04-23,621112,23,5,0,6.8498232445520575,23.0,18,2
2024-04-23,621363,6,0,0,4.646046580188679,6.0,6,2
2024-04-23,621381,3,1,0,0.959,3.0,2,0
2024-04-23,622075,4,1,0,0.8290000000000001,4.0,3,0
2024-04-23,622098,6,0,0,1.9282173913043477,6.0,6,1
2024-04-23,622253,4,1,0,0.8799999999999999,4.0,3,0
2024-04-23,622663,24,5,0,6.343192,24.0,18,0
2024-04-23,623465,6,2,3,2.982393,6.0,1,0
2024-04-23,628317,20,5,0,3.012,20.0,14,0
2024-04-23,628708,10,1,0,7.240363636363637,10.0,9,2
2024-04-23,640451,6,0,1,1.833131,6.0,5,0
2024-04-23,641154,17,6,2,6.259347106382979,17.0,9,1
2024-04-23,641540,20,7,3,8.627059666666666,20.0,10,2
2024-04-23,641585,24,6,4,10.15958092908263,23.0,13,3
2024-04-23,641835,3,1,0,0.518,3.0,2,0
2024-04-23,641941,3,0,0,0.129,3.0,3,0
2024-04-23,642100,3,2,0,0.794,3.0,1,1
2024-04-23,642701,2,0,0,1.713677777777778,2.0,2,1
2024-04-23,643256,4,2,1,1.3341310000000002,4.0,1,0
2024-04-23,643410,4,0,1,1.809131,4.0,3,0
2024-04-23,643511,4,0,0,1.301,4.0,4,0
2024-04-23,650633,23,5,3,7.227693818181818,22.0,15,1
2024-04-23,650911,18,3,3,5.926393,18.0,12,0
2024-04-23,656222,10,2,1,1.7818233076923076,10.0,7,0
2024-04-23,656234,4,1,0,1.2229999999999999,4.0,3,0
2024-04-23,656288,22,4,2,6.300262,22.0,16,0
2024-04-23,656412,9,1,1,2.8692277741935484,9.0,7,1
2024-04-23,656557,25,4,3,8.009393,25.0,18,0
2024-04-23,656629,5,2,0,2.752,5.0,3,1
2024-04-23,656638,4,1,0,1.2269999999999999,4.0,3,0
2024-04-23,656641,5,2,0,1.07,5.0,3,0
2024-04-23,657277,30,4,1,8.009881,30.0,25,1
2024-04-23,657514,4,0,1,1.478131,4.0,3,0
2024-04-23,657571,3,1,0,0.178,3.0,2,0
2024-04-23,657649,9,1,0,1.534,9.0,8,0
2024-04-23,661403,3,3,0,0.0,3.0,0,0
2024-04-23,661527,8,3,1,1.7905447931034482,7.0,3,1
2024-04-23,662253,3,1,0,0.604,3.0,2,0
2024-04-23,663372,22,4,2,8.322262,22.0,16,0
2024-04-23,663485,4,1,0,1.1720000000000002,4.0,3,0
2024-04-23,663531,12,2,1,4.677948,12.0,8,0
2024-04-23,663559,25,8,2,7.454262,25.0,15,1
2024-04-23,663568,6,0,1,2.315131,6.0,5,0
2024-04-23,663704,7,0,1,2.836131,7.0,6,0
2024-04-23,663878,2,1,0,0.182,2.0,1,0
2024-04-23,664208,4,1,0,0.944192,4.0,2,0
2024-04-23,664875,4,0,0,1.4849999999999999,4.0,4,0
2024-04-23,666808,2,1,0,0.052,2.0,1,0
2024-04-23,668390,3,1,0,0.272,3.0,2,0
2024-04-23,668868,17,5,1,7.719015113442113,17.0,10,4
2024-04-23,668964,20,4,1,5.290892904761905,19.0,14,1
2024-04-23,669211,3,2,1,0.689131,3.0,0,0
2024-04-23,669302,26,6,4,7.332524,26.0,16,0
2024-04-23,669432,26,4,1,9.574475871794872,26.0,21,3
2024-04-23,669622,6,1,0,1.126192,6.0,4,0
2024-04-23,670059,4,2,1,0.7021310000000001,4.0,1,0
2024-04-23,670167,3,0,0,0.14200000000000002,3.0,3,0
2024-04-23,670280,3,1,0,0.5640000000000001,3.0,2,0
2024-04-23,670970,9,3,0,2.8725817307692307,9.0,6,0
2024-04-23,670990,4,2,0,0.720192,4.0,1,0
2024-04-23,671096,19,3,4,6.0046270303030305,19.0,12,0
2024-04-23,671345,3,1,0,0.107,3.0,2,0
2024-04-23,673929,5,0,0,2.107,5.0,5,0
2024-04-23,674072,24,6,1,7.434216714285714,23.0,16,2
2024-04-23,675627,4,1,1,1.1833310000000001,4.0,2,0
2024-04-23,676680,4,1,0,0.335,4.0,3,0
2024-04-23,676760,4,1,1,0.7411310000000001,4.0,2,0
2024-04-23,676962,3,0,0,1.576,3.0,3,1
2024-04-23,680570,25,7,1,12.26516281818182,24.0,16,4
2024-04-23,681892,4,1,0,1.321192,4.0,2,0
2024-04-23,681911,4,1,0,0.808,4.0,3,0
2024-04-23,682842,3,1,1,1.070131,3.0,1,0
2024-04-23,683769,4,1,0,1.858192,4.0,2,0
2024-04-23,686539,6,1,1,2.1585156153846157,6.0,4,0
2024-04-23,686752,22,4,2,7.950356466936572,22.0,16,2
2024-04-23,687330,3,1,0,0.729,3.0,2,0
2024-04-23,687798,7,1,0,1.726,7.0,6,0
2024-04-23,689147,3,0,0,0.193,3.0,3,0
2024-04-23,696136,23,4,0,4.888533333333333,23.0,19,0
2024-04-24,458677,1,0,0,0.0,1.0,1,0
2024-04-24,471911,25,4,1,11.705818967741935,25.0,19,3
2024-04-24,493603,5,3,1,0.915131,5.0,1,0
2024-04-24,502043,25,6,2,8.310379373134328,24.0,15,1
2024-04-24,502085,6,4,0,0.28600000000000003,6.0,2,0
2024-04-24,518489,3,1,0,0.546,3.0,2,0
2024-04-24,518585,2,1,0,0.141,2.0,1,0
2024-04-24,518886,5,1,1,1.3991310000000001,4.0,2,0
2024-04-24,519151,3,2,0,0.206,3.0,1,0
2024-04-24,542585,5,0,1,2.4301310000000003,5.0,4,0
2024-04-24,542881,24,7,4,9.501303164750958,24.0,12,2
2024-04-24,542888,5,2,1,1.739131,5.0,2,0
2024-04-24,543056,2,1,0,0.187,2.0,1,0
2024-04-24,547184,9,1,0,4.4971250000000005,9.0,8,1
2024-04-24,552640,3,0,0,1.034,3.0,3,0
2024-04-24,570257,7,1,0,2.169,7.0,6,1
2024-04-24,571670,4,0,0,2.181,4.0,4,0
2024-04-24,571882,4,2,0,0.556,4.0,2,0
2024-04-24,571946,4,2,0,1.454,4.0,2,0
2024-04-24,572143,6,1,1,2.465131,6.0,4,0
2024-04-24,573124,4,0,0,1.258,4.0,4,0
2024-04-24,592094,6,2,0,0.376,6.0,4,0
2024-04-24,592351,22,7,1,6.814000565217391,22.0,14,1
2024-04-24,592426,3,0,0,0.5960000000000001,3.0,3,0
2024-04-24,592779,3,1,0,1.1805714285714286,3.0,2,0
2024-04-24,592791,26,4,2,6.220262,25.0,20,0
2024-04-24,593576,4,1,0,1.8538627450980392,4.0,3,1
2024-04-24,593974,4,0,0,1.5067833333333331,4.0,4,1
2024-04-24,595881,5,2,0,1.295,5.0,3,0
2024-04-24,596133,8,3,0,0.8435,8.0,5,0
2024-04-24,598264,7,0,0,4.273630434782609,7.0,7,1
2024-04-24,605154,5,2,0,1.229192,5.0,2,0
2024-04-24,605177,3,2,0,0.063,3.0,1,0
2024-04-24,605513,21,8,3,6.765059666666668,21.0,10,1
2024-04-24,606160,3,0,0,0.31,3.0,3,0
2024-04-24,606303,5,2,0,0.671,5.0,3,0
2024-04-24,606965,6,1,0,2.025,6.0,5,0
2024-04-24,608334,8,2,1,2.4483230000000002,8.0,4,0
2024-04-24,608371,3,1,0,0.808,3.0,2,0
2024-04-24,608678,3,3,0,0.0,3.0,0,0
2024-04-24,608717,3,2,0,0.238,3.0,1,0
2024-04-24,608718,3,2,0,0.443,3.0,1,0
2024-04-24,608723,9,0,0,2.7578283636363636,9.0,8,0
2024-04-24,621199,4,0,0,1.6325556363636364,4.0,3,0
2024-04-24,621237,5,1,1,1.958131,5.0,3,0
2024-04-24,621242,5,0,0,1.5195384615384615,5.0,5,1
2024-04-24,621345,5,1,1,1.6231309999999999,5.0,3,0
2024-04-24,621381,3,1,0,1.5038,3.0,2,1
2024-04-24,621389,21,0,2,7.276525636363637,21.0,19,1
2024-04-24,622554,6,1,2,3.3344524761904766,6.0,3,1
2024-04-24,625643,24,6,2,8.203531230769231,24.0,16,1
2024-04-24,628452,7,1,0,1.601,7.0,6,0
2024-04-24,640455,21,6,4,6.002069454545455,21.0,11,0
2024-04-24,640470,3,0,0,0.7411920000000001,3.0,2,0
2024-04-24,641302,16,4,1,5.3880698888888885,16.0,11,1
2024-04-24,641656,3,0,0,0.9171111111111111,3.0,3,0
2024-04-24,641729,3,1,0,1.045,3.0,2,0
2024-04-24,641941,4,0,0,2.061,4.0,4,0
2024-04-24,642048,5,1,1,1.7233230000000002,5.0,2,0
2024-04-24,642232,6,1,0,3.284862745098039,6.0,5,1
2024-04-24,642397,6,2,1,2.0711310000000003,6.0,3,0
2024-04-24,642546,5,1,1,1.234131,5.0,3,0
2024-04-24,643377,3,1,0,0.52,3.0,2,0
2024-04-24,643410,5,1,0,2.319,5.0,4,0
2024-04-24,650893,4,0,1,0.214,3.0,3,0
2024-04-24,656427,21,6,0,5.373085714285715,21.0,15,1
2024-04-24,656730,3,1,0,0.6336666666666666,3.0,2,0
2024-04-24,656756,28,4,1,8.591131,28.0,23,0
2024-04-24,656945,1,0,0,0.211,1.0,1,0
2024-04-24,657097,4,2,0,1.3225087719298245,4.0,2,1
2024-04-24,657376,22,6,2,8.2462665,21.0,12,1
2024-04-24,657585,9,4,1,1.7697673636363636,9.0,4,0
2024-04-24,657612,3,0,1,1.054131,3.0,2,0
2024-04-24,657746,23,8,1,5.894301283584076,23.0,14,2
2024-04-24,658648,14,2,0,6.101119047619048,14.0,12,1
2024-04-24,660761,7,0,1,4.160489666666667,7.0,5,0
2024-04-24,663158,3,1,0,0.181,3.0,2,0
2024-04-24,663362,25,5,3,8.475281888888889,25.0,17,1
2024-04-24,663432,8,1,2,4.8892224743083,8.0,5,2
2024-04-24,663542,6,1,0,1.7345263157894737,6.0,5,0
2024-04-24,663546,12,2,1,5.410920682539683,12.0,9,2
2024-04-24,663623,26,3,1,10.978813901004413,26.0,22,4
2024-04-24,663704,4,2,0,0.99,4.0,2,0
2024-04-24,663773,6,1,0,1.57,6.0,5,0
2024-04-24,664076,4,1,1,1.124131,4.0,2,0
2024-04-24,664350,13,3,1,4.951323,13.0,8,0
2024-04-24,664747,3,0,0,0.882,3.0,3,0
2024-04-24,664854,3,1,0,0.9450000000000001,3.0,2,0
2024-04-24,665152,20,10,1,6.041188142857143,20.0,9,1
2024-04-24,665620,9,2,0,1.986,9.0,7,0
2024-04-24,665625,3,1,1,0.813131,3.0,1,0
2024-04-24,666157,25,4,3,8.700921870026525,24.0,16,2
2024-04-24,666204,4,1,0,2.378857142857143,4.0,3,1
2024-04-24,666205,9,0,0,3.622,9.0,9,0
2024-04-24,666974,4,2,0,1.5747540983606558,4.0,2,1
2024-04-24,668338,4,2,0,1.101,4.0,2,0
2024-04-24,668941,4,0,1,0.910131,4.0,3,0
2024-04-24,669060,19,3,3,7.5237721730868,19.0,13,3
2024-04-24,669062,3,1,0,0.689,3.0,2,0
2024-04-24,669952,6,0,1,4.252310347826087,6.0,5,2
2024-04-24,670102,8,0,0,4.26239393939394,8.0,8,2
2024-04-24,670167,3,0,0,0.761,3.0,3,0
2024-04-24,670950,4,0,0,1.065,4.0,4,0
2024-04-24,671212,17,6,4,5.576485538461538,17.0,7,1
2024-04-24,672582,9,3,1,3.2953532222222224,9.0,5,1
2024-04-24,672710,8,2,1,1.8101310000000002,7.0,5,0
2024-04-24,673513,3,0,0,0.541,3.0,3,0
2024-04-24,676254,5,2,0,1.011192,5.0,2,0
2024-04-24,676534,8,2,1,2.6241309999999998,8.0,5,0
2024-04-24,676596,9,1,2,2.571262,9.0,6,0
2024-04-24,676684,6,1,0,2.238,6.0,5,0
2024-04-24,676702,8,1,0,2.2312,8.0,7,0
2024-04-24,676979,21,6,2,7.575980315789474,21.0,12,0
2024-04-24,677053,4,3,1,0.689131,4.0,0,0
2024-04-24,677161,6,3,0,0.842,6.0,3,0
2024-04-24,679525,17,1,2,7.367414597402598,17.0,14,3
2024-04-24,680767,5,1,0,1.1035263157894737,5.0,4,0
2024-04-24,681293,20,7,2,6.962807454545454,20.0,11,1
2024-04-24,681432,2,1,0,0.295,2.0,1,0
2024-04-24,681867,18,3,0,5.796363052631579,18.0,14,1
2024-04-24,681869,7,3,0,0.455,7.0,4,0
2024-04-24,681982,4,2,0,1.089,4.0,2,0
2024-04-24,682243,19,5,4,10.532306142857143,19.0,10,4
2024-04-24,682847,15,4,2,6.485607538461538,15.0,7,1
2024-04-24,683627,10,0,1,2.987131,9.0,8,0
2024-04-24,684320,20,2,2,6.043262,20.0,16,0
2024-04-24,685314,3,0,1,1.2476363636363637,2.0,2,0
2024-04-24,686826,4,0,2,2.384262,4.0,2,0
2024-04-24,689017,25,5,3,9.550240807502947,25.0,16,2
2024-04-24,694738,9,1,2,3.792262,9.0,6,0
2024-04-25,434378,20,7,4,6.948407945841392,20.0,9,2
2024-04-25,445276,3,1,0,0.642,3.0,2,0
2024-04-25,455119,4,0,1,1.2570000000000001,3.0,3,0
2024-04-25,502624,12,0,3,6.381112777777778,12.0,8,2
2024-04-25,519008,3,1,0,1.2469999999999999,3.0,2,0
2024-04-25,543339,5,1,0,1.133,5.0,4,0
2024-04-25,547973,5,1,0,1.8470624999999996,5.0,4,1
2024-04-25,554430,22,8,4,5.642661931034483,22.0,10,1
2024-04-25,571656,7,2,0,2.5681086666666664,7.0,4,1
2024-04-25,571760,23,7,0,8.325441437964551,23.0,16,3
2024-04-25,571948,1,1,0,0.0,1.0,0,0
2024-04-25,573204,3,0,0,0.026000000000000002,3.0,3,0
2024-04-25,592155,8,1,1,1.500131,8.0,6,0
2024-04-25,592773,5,2,0,0.768,5.0,3,0
2024-04-25,592779,5,2,1,1.3501310000000002,5.0,2,0
2024-04-25,593576,5,0,2,1.638262,5.0,3,0
2024-04-25,593974,5,1,1,3.806131,5.0,3,1
2024-04-25,594580,4,1,1,1.8342421111111111,4.0,2,0
2024-04-25,595345,4,0,1,2.031323,4.0,2,0
2024-04-25,605130,3,1,0,0.314,3.0,2,0
2024-04-25,605154,5,1,0,1.8401364444444444,5.0,3,0
2024-04-25,606160,5,1,0,1.458,5.0,4,0
2024-04-25,606303,5,0,1,2.5231310000000002,5.0,4,1
2024-04-25,606930,4,1,0,1.0939999999999999,4.0,3,0
2024-04-25,607179,5,1,1,1.864131,5.0,3,0
2024-04-25,607259,27,3,0,9.539466466552316,27.0,24,1
2024-04-25,613534,2,0,0,0.35400000000000004,2.0,2,0
2024-04-25,621051,5,1,0,2.9343060344827587,5.0,4,1
2024-04-25,621244,20,1,3,7.88069603030303,20.0,16,1
2024-04-25,621383,3,0,0,2.016,3.0,3,0
2024-04-25,622072,25,5,2,8.697262,25.0,18,0
2024-04-25,622250,3,0,0,0.673,3.0,3,0
2024-04-25,622491,23,6,2,9.013701393939394,23.0,15,2
2024-04-25,623465,3,2,0,0.16,3.0,1,0
2024-04-25,624647,2,0,0,0.42600000000000005,2.0,2,0
2024-04-25,640448,3,1,0,0.062,3.0,2,0
2024-04-25,641482,26,4,0,6.016002020202021,26.0,22,2
2024-04-25,641712,20,4,4,8.099154434782609,19.0,12,2
2024-04-25,641755,5,1,0,2.189,5.0,4,0
2024-04-25,642100,5,1,0,1.104,5.0,4,0
2024-04-25,642547,24,5,5,9.868675833333334,23.0,14,2
2024-04-25,642701,5,1,1,1.5101310000000001,4.0,3,0
2024-04-25,643377,3,1,0,0.419,3.0,2,0
2024-04-25,647336,21,1,2,9.521862428382496,21.0,18,3
2024-04-25,650556,8,2,0,4.421144380952381,8.0,5,1
2024-04-25,656546,5,3,0,1.6720000000000002,5.0,2,0
2024-04-25,656605,24,7,2,9.013042850174216,24.0,14,2
2024-04-25,656730,3,0,0,0.241,3.0,3,0
2024-04-25,656924,7,1,2,3.7684827792207796,7.0,4,1
2024-04-25,657514,5,0,1,2.0017810000000003,5.0,4,0
2024-04-25,657649,5,0,1,2.258131,5.0,4,0
2024-04-25,660853,4,4,0,0.0,4.0,0,0
2024-04-25,661403,3,1,0,0.226,3.0,2,0
2024-04-25,661527,4,0,0,1.1601920000000001,4.0,3,0
2024-04-25,662253,3,0,0,0.208,3.0,3,0
2024-04-25,663474,19,7,2,4.622262,19.0,10,0
2024-04-25,663485,4,0,1,1.750131,4.0,3,0
2024-04-25,663567,8,0,0,1.398,8.0,8,0
2024-04-25,663568,3,1,1,1.394131,3.0,1,0
2024-04-25,664875,3,1,0,0.454,3.0,2,0
2024-04-25,665871,22,5,1,4.975791377358491,21.0,15,1
2024-04-25,666142,21,4,3,7.061523341880342,19.0,13,1
2024-04-25,666745,10,0,0,1.791,10.0,10,0
2024-04-25,668390,6,4,0,0.076,6.0,2,0
2024-04-25,668674,4,2,1,0.8351310000000001,4.0,1,0
2024-04-25,669022,23,4,2,8.721028666666667,23.0,17,1
2024-04-25,669711,3,0,0,1.243,3.0,3,0
2024-04-25,669713,7,1,0,0.8119999999999999,7.0,6,0
2024-04-25,670059,2,1,0,0.114,2.0,1,0
2024-04-25,671922,3,2,0,0.198,3.0,1,0
2024-04-25,672710,6,0,1,2.510131,6.0,5,0
2024-04-25,673513,5,1,1,1.0181310000000001,5.0,3,0
2024-04-25,673929,2,0,0,0.303,2.0,2,0
2024-04-25,680573,23,6,1,7.2461934999999995,23.0,16,1
2024-04-25,680704,5,1,0,1.921192,5.0,3,0
2024-04-25,681190,15,2,2,5.323928666666666,15.0,11,0
2024-04-25,681911,4,3,0,0.294,4.0,1,0
2024-04-25,682120,3,0,0,1.924,3.0,3,0
2024-04-25,682842,3,3,0,0.0,3.0,0,0
2024-04-25,683232,5,2,0,2.4725333333333337,5.0,3,1
2024-04-25,683769,3,0,0,1.2116923076923076,3.0,3,0
2024-04-25,689147,7,2,1,1.748131,7.0,4,0
2024-04-25,695243,5,3,0,0.6930000000000001,5.0,2,0
2024-04-25,808967,23,7,1,5.406131,23.0,15,0
2024-04-26,458677,2,1,0,0.05,2.0,1,0
2024-04-26,489446,3,2,0,0.017,3.0,1,0
2024-04-26,518886,5,0,3,3.941814052631579,5.0,2,1
2024-04-26,519008,1,0,0,0.256,1.0,1,0
2024-04-26,519043,7,0,2,3.7356206666666667,7.0,4,0
2024-04-26,519242,25,6,1,5.300514333333333,25.0,18,1
2024-04-26,519293,4,0,0,2.0175652173913043,4.0,4,0
2024-04-26,519326,4,0,0,0.76965,4.0,4,0
2024-04-26,541640,11,3,1,4.492186555555556,11.0,7,1
2024-04-26,542585,4,2,0,1.7449253731343282,4.0,2,1
2024-04-26,543056,3,1,0,1.272,3.0,2,0
2024-04-26,543135,26,8,5,5.821655000000001,26.0,13,0
2024-04-26,543518,6,0,2,3.090928666666667,6.0,4,1
2024-04-26,543859,6,0,0,2.692111111111111,6.0,6,0
2024-04-26,547973,5,0,2,2.582262,5.0,3,0
2024-04-26,548389,23,3,0,6.294138888888889,23.0,20,1
2024-04-26,552640,4,1,0,1.231,4.0,3,0
2024-04-26,554431,3,1,0,1.532,3.0,2,1
2024-04-26,570257,7,1,1,2.072131,7.0,5,1
2024-04-26,571882,7,5,0,0.351,7.0,2,0
2024-04-26,571945,23,5,0,7.739640444833921,23.0,18,3
2024-04-26,571948,4,1,0,1.232,4.0,3,0
2024-04-26,572143,4,0,0,0.6130000000000001,4.0,4,0
2024-04-26,572955,3,1,0,0.109,3.0,2,0
2024-04-26,573204,2,0,0,0.855,2.0,2,0
2024-04-26,592866,20,1,2,5.373262,20.0,17,0
2024-04-26,595881,8,2,2,3.0014540000000003,8.0,3,0
2024-04-26,598286,11,1,2,5.147512,11.0,8,1
2024-04-26,600917,3,2,0,0.005,3.0,1,0
2024-04-26,605135,19,4,3,8.419993,19.0,12,1
2024-04-26,605280,3,2,0,0.073,3.0,1,0
2024-04-26,605347,5,3,0,0.594,5.0,2,0
2024-04-26,605397,21,4,2,10.408369552066507,21.0,15,5
2024-04-26,605400,32,10,1,11.230969876562993,32.0,21,3
2024-04-26,607067,25,4,3,9.36234512703449,25.0,18,4
2024-04-26,607625,25,9,2,5.8728004615384615,25.0,14,1
2024-04-26,608371,4,1,0,2.108268292682927,4.0,3,1
2024-04-26,608678,3,1,0,0.18200000000000002,3.0,2,0
2024-04-26,621107,29,4,2,12.727187403142798,29.0,23,2
2024-04-26,621199,8,2,3,2.817393,8.0,3,0
2024-04-26,621345,3,1,0,0.78,3.0,2,0
2024-04-26,621383,5,1,0,1.445,5.0,4,0
2024-04-26,622554,3,1,0,0.674,3.0,2,0
2024-04-26,623167,20,2,3,6.5473930000000005,20.0,15,0
2024-04-26,624522,10,2,1,3.7061744782608694,10.0,7,1
2024-04-26,640448,3,1,0,0.9059999999999999,3.0,2,0
2024-04-26,640451,3,1,0,0.42000000000000004,3.0,2,0
2024-04-26,641835,4,0,0,1.029,4.0,4,0
2024-04-26,641927,27,8,3,6.89991680952381,27.0,16,3
2024-04-26,642701,3,1,0,0.758,3.0,2,0
2024-04-26,643396,5,0,1,2.391812818181818,5.0,4,1
2024-04-26,643511,4,1,0,0.378,4.0,3,0
2024-04-26,656629,7,2,1,2.148323,7.0,3,0
2024-04-26,656638,3,1,0,0.475,3.0,2,0
2024-04-26,656641,3,0,0,0.394,3.0,3,0
2024-04-26,656887,3,2,0,0.046,3.0,1,0
2024-04-26,657024,4,0,1,1.972131,4.0,3,0
2024-04-26,657097,4,1,0,1.5940454545454545,4.0,3,1
2024-04-26,657571,4,1,1,1.033131,4.0,2,0
2024-04-26,657649,8,1,1,1.3210000000000002,7.0,6,1
2024-04-26,658648,7,2,0,3.0973166666666665,7.0,5,1
2024-04-26,661563,24,6,2,7.7652958461538475,24.0,16,3
2024-04-26,663423,3,2,0,0.075,3.0,1,0
2024-04-26,663542,4,1,2,1.4232620000000002,4.0,1,0
2024-04-26,663568,6,0,0,2.5167631578947374,6.0,6,1
2024-04-26,663773,3,2,0,0.343,3.0,1,0
2024-04-26,663776,24,4,0,6.645897835497835,24.0,20,1
2024-04-26,663878,3,0,0,0.9436666666666667,3.0,3,0
2024-04-26,663893,9,1,0,4.789702127659574,9.0,8,1
2024-04-26,663947,6,1,1,3.015515,6.0,2,1
2024-04-26,664854,3,2,0,0.325,3.0,1,0
2024-04-26,665620,5,1,1,3.3393734242424244,5.0,3,1
2024-04-26,665625,2,1,0,0.054,2.0,1,0
2024-04-26,666808,5,1,1,1.829131,5.0,3,0
2024-04-26,666974,4,2,0,1.2854102564102559,4.0,2,1
2024-04-26,667725,7,1,0,1.164,7.0,6,0
2024-04-26,668678,19,3,1,7.75859975,19.0,15,1
2024-04-26,668933,24,3,0,7.858147701149425,23.0,20,2
2024-04-26,668941,4,1,0,1.07,4.0,3,1
2024-04-26,669093,9,2,1,2.730131,9.0,6,0
2024-04-26,669203,23,6,3,7.566638285541754,23.0,14,4
2024-04-26,669211,2,1,0,0.0,2.0,1,0
2024-04-26,670167,5,1,0,0.833,5.0,4,0
2024-04-26,670280,3,0,1,2.032238142857143,3.0,2,1
2024-04-26,670950,6,2,0,3.029666666666667,6.0,4,1
2024-04-26,671106,22,5,2,7.805001237076649,22.0,14,1
2024-04-26,673929,3,0,2,1.474262,3.0,1,0
2024-04-26,675989,9,1,2,1.7962620000000002,9.0,6,0
2024-04-26,676106,20,4,2,7.420248721407625,20.0,13,2
2024-04-26,676130,24,4,3,11.492180611285267,24.0,16,2
2024-04-26,676254,6,2,1,2.393323,6.0,2,0
2024-04-26,676534,7,1,2,2.046131,5.0,4,0
2024-04-26,676680,7,2,1,2.4090721764705885,7.0,4,0
2024-04-26,676684,4,0,0,1.34225,4.0,4,0
2024-04-26,676702,3,1,0,0.046,3.0,2,0
2024-04-26,676710,28,4,0,8.520085714285715,27.0,24,1
2024-04-26,676760,4,1,0,0.615,4.0,3,0
2024-04-26,677020,4,1,1,1.128131,4.0,2,0
2024-04-26,677053,4,1,1,1.9181310000000003,4.0,2,0
2024-04-26,677161,7,1,0,1.55,7.0,6,0
2024-04-26,679885,6,3,0,0.992,6.0,3,0
2024-04-26,681857,27,8,3,7.232483909090909,27.0,16,1
2024-04-26,682990,22,6,1,5.684253994652407,22.0,15,1
2024-04-26,684007,26,7,1,5.953951512820514,26.0,18,1
2024-04-26,687424,11,2,0,2.7479999999999998,11.0,9,0
2024-04-26,687765,10,2,1,2.4354167142857146,10.0,7,0
2024-04-26,690986,23,7,0,6.611723076923077,23.0,16,3
2024-04-26,694813,25,2,2,8.543105292682927,25.0,21,2
2024-04-26,695243,3,2,0,0.105,3.0,1,0
2024-04-27,450203,25,6,1,7.475656333333333,25.0,17,1
2024-04-27,518489,3,2,0,0.043,3.0,1,0
2024-04-27,518617,6,1,1,2.262131,5.0,4,0
2024-04-27,519326,3,1,0,0.374,3.0,2,0
2024-04-27,523260,3,2,0,0.0,3.0,1,0
2024-04-27,527048,22,4,2,7.581307454545454,22.0,16,0
2024-04-27,542585,5,0,1,3.7200833809523814,5.0,4,1
2024-04-27,542888,7,2,1,1.101131,7.0,4,0
2024-04-27,543243,25,9,3,7.6524787142857145,25.0,13,1
2024-04-27,543305,6,0,1,3.5205447931034484,6.0,5,1
2024-04-27,543351,7,2,0,1.693,7.0,5,0
2024-04-27,547179,25,3,1,7.1780802173913045,25.0,19,0
2024-04-27,547184,6,1,0,1.556,6.0,5,0
2024-04-27,552640,4,1,0,1.2349999999999999,4.0,3,0
2024-04-27,554340,4,0,0,1.087,4.0,4,0
2024-04-27,570632,14,3,1,5.864541256410256,14.0,10,1
2024-04-27,571670,4,2,0,1.045,4.0,2,0
2024-04-27,573009,3,1,0,0.252,3.0,2,0
2024-04-27,573124,5,2,0,3.360722222222222,5.0,3,2
2024-04-27,579328,27,3,0,7.833857142857143,26.0,24,1
2024-04-27,592094,4,1,1,0.876131,4.0,2,0
2024-04-27,592155,6,3,0,0.49100000000000005,6.0,3,0
2024-04-27,592288,15,2,0,5.8018559500782905,15.0,13,2
2024-04-27,592426,5,0,1,1.476131,5.0,4,0
2024-04-27,592773,5,1,1,1.412781,5.0,3,0
2024-04-27,596133,8,2,1,2.124131,8.0,5,0
2024-04-27,598264,3,0,0,0.244,3.0,3,0
2024-04-27,600986,9,1,2,5.617349431693989,9.0,6,2
2024-04-27,605130,5,1,1,1.348,4.0,3,0
2024-04-27,605154,3,0,0,0.444,3.0,3,0
2024-04-27,605155,11,1,0,3.520464285714285,11.0,10,1
2024-04-27,605177,4,0,0,2.3890000000000002,4.0,4,2
2024-04-27,605288,24,2,2,11.282672606060608,24.0,20,2
2024-04-27,605447,4,0,1,2.830158777777778,4.0,3,1
2024-04-27,605452,28,5,3,9.302283556684406,28.0,19,2
2024-04-27,605463,5,2,1,1.506131,5.0,2,0
2024-04-27,606930,7,0,0,3.290446808510638,7.0,7,1
2024-04-27,607074,21,8,1,5.062492290322579,21.0,12,1
2024-04-27,607192,24,9,3,6.346893000000001,24.0,11,1
2024-04-27,608334,17,2,2,6.454688923076923,17.0,13,2
2024-04-27,608344,24,5,0,5.9371920000000005,24.0,18,0
2024-04-27,608678,6,1,1,2.240131,6.0,4,0
2024-04-27,608717,8,1,1,4.870131,8.0,6,1
2024-04-27,608718,10,2,0,5.821238095238096,10.0,8,2
2024-04-27,615698,24,2,2,8.117583032258064,24.0,19,1
2024-04-27,621051,6,0,1,1.7205454545454546,4.0,5,1
2024-04-27,621550,3,0,1,1.247131,3.0,2,0
2024-04-27,622253,3,0,1,1.038131,3.0,2,0
2024-04-27,622569,5,0,1,2.043131,5.0,4,0
2024-04-27,623465,5,2,0,0.677,5.0,3,0
2024-04-27,624133,26,8,0,6.717150877192982,26.0,18,2
2024-04-27,624431,6,0,1,3.8674081276595738,6.0,5,2
2024-04-27,628452,3,1,1,1.1191309999999999,3.0,1,0
2024-04-27,641729,6,0,0,1.539,6.0,6,0
2024-04-27,641755,7,0,2,4.3290120000000005,7.0,5,1
2024-04-27,643511,5,1,0,1.382,5.0,4,0
2024-04-27,650556,4,3,1,0.689131,4.0,0,0
2024-04-27,650644,22,3,0,7.06848,22.0,19,1
2024-04-27,650893,4,0,0,1.8537857142857144,4.0,4,0
2024-04-27,656222,7,1,0,0.604,7.0,6,0
2024-04-27,656232,6,0,1,1.8301310000000002,6.0,5,0
2024-04-27,656302,27,5,3,10.027185039800996,27.0,19,3
2024-04-27,656412,6,0,0,2.023,6.0,6,0
2024-04-27,656464,2,1,1,0.689131,2.0,0,0
2024-04-27,656546,3,3,0,0.0,3.0,0,0
2024-04-27,656629,3,1,1,0.8381310000000001,3.0,1,0
2024-04-27,656887,3,2,0,0.681,3.0,1,0
2024-04-27,657508,5,1,0,1.0361920000000002,5.0,3,0
2024-04-27,657514,5,1,1,2.0551310000000003,5.0,3,0
2024-04-27,660761,8,1,0,3.018,8.0,7,0
2024-04-27,661403,3,0,0,1.9306153846153844,3.0,3,1
2024-04-27,661527,2,1,1,0.689131,2.0,0,0
2024-04-27,662253,3,1,0,0.47,3.0,2,0
2024-04-27,663432,7,0,0,4.614602588383838,7.0,7,2
2024-04-27,663554,23,2,0,5.445,23.0,21,0
2024-04-27,663855,22,9,0,4.059,22.0,13,0
2024-04-27,663878,1,0,0,0.049,1.0,1,0
2024-04-27,663903,23,6,3,7.238607285714286,23.0,14,0
2024-04-27,663978,24,2,1,8.859639176100629,24.0,21,2
2024-04-27,664076,1,1,0,0.0,1.0,0,0
2024-04-27,664208,2,0,0,1.5563333333333331,2.0,2,1
2024-04-27,664747,2,0,0,0.107,2.0,2,0
2024-04-27,664854,6,1,1,1.763131,6.0,4,0
2024-04-27,665620,5,2,2,0.768131,4.0,1,0
2024-04-27,665795,20,4,2,5.885619142857143,20.0,14,1
2024-04-27,666808,4,1,0,1.454,4.0,3,0
2024-04-27,667755,12,1,3,6.686198052631579,12.0,6,1
2024-04-27,668881,23,6,1,5.755040090909091,23.0,16,1
2024-04-27,668941,3,2,0,0.002,3.0,1,0
2024-04-27,669276,9,2,2,1.199,7.0,5,0
2024-04-27,669422,5,0,2,2.4217286666666666,5.0,3,1
2024-04-27,669854,26,8,2,8.284383032258065,26.0,14,1
2024-04-27,669923,24,12,1,3.565040090909091,24.0,11,0
2024-04-27,670059,4,0,0,1.174,4.0,4,0
2024-04-27,670174,13,1,0,4.9291920000000005,13.0,11,0
2024-04-27,670223,9,0,0,4.477595454545455,9.0,9,1
2024-04-27,670280,5,3,0,2.271,5.0,2,1
2024-04-27,670970,11,5,0,2.11525,11.0,6,0
2024-04-27,671345,6,0,0,3.0154482758620684,6.0,6,1
2024-04-27,672582,3,0,0,1.048,3.0,3,0
2024-04-27,673380,4,3,1,0.689131,4.0,0,0
2024-04-27,676083,4,1,0,1.342,4.0,3,0
2024-04-27,676440,22,9,0,4.554390461997019,22.0,13,1
2024-04-27,676596,4,0,0,0.915,4.0,4,0
2024-04-27,676664,28,8,1,12.609254124822039,28.0,19,6
2024-04-27,676702,2,1,0,0.131,2.0,1,0
2024-04-27,676962,18,4,0,6.403108585858585,17.0,14,2
2024-04-27,677020,4,1,0,0.6179411764705882,4.0,3,0
2024-04-27,677944,22,8,1,3.9346573157894738,22.0,13,0
2024-04-27,680704,3,1,0,1.5070000000000001,3.0,2,1
2024-04-27,680730,19,2,2,6.260262,19.0,15,0
2024-04-27,680767,7,1,1,2.730131,7.0,5,0
2024-04-27,680911,12,0,1,4.577544793103448,12.0,11,1
2024-04-27,681432,8,1,1,4.022878636363637,8.0,4,1
2024-04-27,681892,8,1,1,3.395131,8.0,6,0
2024-04-27,683627,1,0,0,0.503,1.0,1,0
2024-04-27,683769,6,0,0,2.353,6.0,6,0
2024-04-27,686539,11,2,2,5.150646,11.0,5,0
2024-04-27,686563,24,5,2,8.033462874443162,24.0,17,2
2024-04-27,686580,6,2,0,1.609,6.0,4,0
2024-04-27,686826,3,1,1,2.645631,3.0,1,1
2024-04-27,687330,6,3,0,0.6991111111111112,6.0,3,0
2024-04-28,445276,3,1,0,0.089,3.0,2,0
2024-04-28,455119,7,2,0,2.5342258064516128,6.0,4,1
2024-04-28,458677,3,3,0,0.0,3.0,0,0
2024-04-28,458681,22,3,3,8.800856901689707,22.0,16,2
2024-04-28,472610,7,1,2,3.263262,7.0,4,0
2024-04-28,489446,5,1,1,2.1521310000000002,5.0,3,0
2024-04-28,500779,29,3,1,8.82442800854701,28.0,25,1
2024-04-28,502085,4,3,0,0.720192,4.0,0,0
2024-04-28,518886,2,0,1,1.831306,2.0,1,1
2024-04-28,519008,3,2,0,0.195,3.0,1,0
2024-04-28,519043,2,1,0,0.25,2.0,1,0
2024-04-28,519151,4,2,0,0.333,4.0,2,0
2024-04-28,519293,1,0,0,0.629,1.0,1,0
2024-04-28,541640,1,0,0,0.303,1.0,1,0
2024-04-28,543056,3,1,0,2.240106382978723,3.0,2,1
2024-04-28,543859,6,1,0,1.912,6.0,5,0
2024-04-28,544150,20,6,1,7.7493558427672955,20.0,13,2
2024-04-28,554340,5,1,2,1.1931310000000002,4.0,2,0
2024-04-28,554431,3,0,0,1.208,3.0,3,0
2024-04-28,571578,22,4,2,10.177873538461538,22.0,16,1
2024-04-28,571882,8,3,0,1.535,8.0,5,0
2024-04-28,571946,3,1,0,0.284,3.0,2,0
2024-04-28,572143,6,1,1,2.504131,6.0,4,0
2024-04-28,573009,3,1,0,1.1697307692307692,3.0,2,1
2024-04-28,573186,23,4,5,10.045993563814868,23.0,13,2
2024-04-28,592332,27,5,0,8.434871376811593,26.0,21,3
2024-04-28,592836,27,4,2,12.542393501831501,27.0,21,5
2024-04-28,593974,5,1,0,2.1608,5.0,4,1
2024-04-28,594902,18,5,2,7.656987087412587,18.0,11,2
2024-04-28,595345,6,2,0,0.894,6.0,4,0
2024-04-28,595881,4,1,0,1.179,4.0,3,0
2024-04-28,596295,26,2,0,6.659153542510121,25.0,23,3
2024-04-28,605130,3,3,0,0.0,3.0,0,0
2024-04-28,605447,3,2,0,0.227,3.0,1,0
2024-04-28,606149,4,0,2,1.8632620000000002,4.0,2,0
2024-04-28,606160,3,0,0,0.576,3.0,3,0
2024-04-28,607179,4,0,1,1.5481310000000001,4.0,3,0
2024-04-28,607200,32,9,0,6.474266666666667,32.0,23,1
2024-04-28,607481,7,2,0,2.572,7.0,5,0
2024-04-28,608371,2,0,1,1.1811310000000002,2.0,1,0
2024-04-28,608379,26,3,0,10.884717641025642,26.0,22,3
2024-04-28,613534,3,1,0,0.367,3.0,2,0
2024-04-28,621112,20,5,1,10.197180815732622,20.0,14,3
2024-04-28,621237,3,2,0,0.675,3.0,1,0
2024-04-28,621242,3,2,0,0.537,3.0,1,0
2024-04-28,621345,3,0,0,0.14200000000000002,2.0,2,0
2024-04-28,622075,7,2,2,2.297353222222222,6.0,3,1
2024-04-28,622250,4,1,0,1.5539999999999998,4.0,3,0
2024-04-28,622253,3,1,0,0.26,3.0,2,0
2024-04-28,622503,3,0,0,0.879,3.0,3,0
2024-04-28,623352,4,1,0,0.9500000000000001,4.0,3,0
2024-04-28,623433,5,0,1,1.087131,5.0,4,0
2024-04-28,624647,5,1,1,1.674131,5.0,3,0
2024-04-28,628452,4,1,0,0.402,4.0,3,0
2024-04-28,628708,4,0,0,0.7030000000000001,4.0,4,0
2024-04-28,640448,3,1,1,0.8731310000000001,3.0,1,0
2024-04-28,640451,6,0,1,1.750131,6.0,5,0
2024-04-28,641154,20,8,1,3.9865500476190476,20.0,11,0
2024-04-28,641343,6,0,2,2.220262,6.0,4,0
2024-04-28,641540,19,10,0,4.055574999999999,19.0,9,2
2024-04-28,641656,5,0,1,3.055323,5.0,3,0
2024-04-28,641793,25,6,0,6.9091818181818185,24.0,19,0
2024-04-28,641835,1,0,0,0.6419999999999999,1.0,1,1
2024-04-28,641941,5,1,2,2.133262,5.0,2,0
2024-04-28,642048,4,2,0,0.22299999999999998,4.0,2,0
2024-04-28,642100,2,0,0,0.355,2.0,2,0
2024-04-28,642232,13,2,0,3.1288,13.0,11,1
2024-04-28,642629,4,1,0,1.056,4.0,3,0
2024-04-28,643256,2,0,0,0.623,2.0,2,0
2024-04-28,643377,1,1,0,0.0,1.0,0,0
2024-04-28,643410,3,0,1,1.389131,3.0,2,0
2024-04-28,650556,3,2,0,0.008,3.0,1,0
2024-04-28,650633,25,6,3,10.976900679716636,25.0,16,3
2024-04-28,655889,8,1,0,1.578,8.0,7,0
2024-04-28,656234,6,0,2,3.292454,6.0,3,0
2024-04-28,656464,3,1,0,0.18,3.0,2,0
2024-04-28,656546,3,0,0,0.931,3.0,3,0
2024-04-28,656557,25,9,0,7.011154962962962,25.0,15,1
2024-04-28,656641,3,0,0,0.347,3.0,3,0
2024-04-28,657044,3,2,0,0.187,3.0,1,0
2024-04-28,657097,1,0,0,0.587,1.0,1,0
2024-04-28,657571,2,2,0,0.0,2.0,0,0
2024-04-28,657585,7,2,2,1.546131,6.0,3,0
2024-04-28,660853,4,1,1,1.524131,4.0,2,0
2024-04-28,661403,2,1,0,0.512,2.0,1,0
2024-04-28,663423,5,1,1,1.5257059999999998,4.0,3,1
2024-04-28,663485,8,3,0,3.149192,8.0,4,0
2024-04-28,663568,4,0,0,0.9576250000000001,4.0,4,0
2024-04-28,663773,6,2,0,2.116,6.0,4,0
2024-04-28,663992,4,1,1,1.3899881428571428,4.0,2,0
2024-04-28,664285,19,6,0,3.205941176470588,18.0,12,0
2024-04-28,665625,4,0,1,2.0631310000000003,4.0,3,0
2024-04-28,666205,9,2,1,1.9171310000000001,9.0,6,0
2024-04-28,666808,6,0,1,2.1651309999999997,6.0,5,0
2024-04-28,666974,4,1,0,1.173,4.0,3,0
2024-04-28,668674,3,2,0,0.663,3.0,1,0
2024-04-28,668964,20,5,0,7.3244253731343285,20.0,15,2
2024-04-28,669062,4,1,1,0.9531310000000001,4.0,2,0
2024-04-28,669211,6,2,0,1.0230000000000001,6.0,4,0
2024-04-28,669302,24,9,1,6.072967904761905,24.0,14,3
2024-04-28,669373,26,6,1,6.341885098360656,26.0,19,1
2024-04-28,669461,12,0,1,4.630780701754386,11.0,11,2
2024-04-28,669622,6,2,0,3.596000000000001,6.0,4,1
2024-04-28,669713,19,3,1,4.867506,19.0,15,1
2024-04-28,670219,11,2,2,4.265262,11.0,7,0
2024-04-28,671096,21,7,0,5.799200000000001,21.0,14,2
2024-04-28,671345,5,2,1,1.882131,5.0,2,0
2024-04-28,671922,3,1,0,0.033,3.0,2,0
2024-04-28,672282,24,3,0,7.759629370629371,24.0,21,2
2024-04-28,673929,2,0,0,0.248,2.0,2,0
2024-04-28,675627,10,3,0,3.875724840722496,10.0,6,2
2024-04-28,676083,13,0,0,5.380466666666667,13.0,13,1
2024-04-28,676254,4,1,0,1.594192,4.0,2,0
2024-04-28,676680,3,0,0,1.913192,3.0,2,0
2024-04-28,676760,6,1,1,1.3201310000000002,6.0,4,0
2024-04-28,676775,22,5,1,5.332323000000001,22.0,15,0
2024-04-28,677960,24,3,3,11.809950371087929,24.0,15,1
2024-04-28,680704,3,2,0,0.720192,3.0,0,0
2024-04-28,681676,6,3,0,0.5760000000000001,6.0,3,0
2024-04-28,681911,5,1,1,1.3141310000000002,5.0,3,0
2024-04-28,682842,7,0,3,3.247393,7.0,4,0
2024-04-28,682847,8,3,0,1.6969999999999998,8.0,5,0
2024-04-28,683003,20,3,1,8.893388834757834,20.0,16,2
2024-04-28,683232,5,0,0,1.4657999999999998,5.0,5,0
2024-04-28,683769,6,0,0,3.7072078853046593,6.0,6,1
2024-04-28,686539,3,0,0,1.303,3.0,3,0
2024-04-28,693312,3,2,0,0.021,3.0,1,0
2024-04-28,693821,23,2,4,7.126716,23.0,16,0
2024-04-28,694037,6,3,0,0.244,6.0,3,0
2024-04-28,694297,23,11,0,4.7397833333333335,23.0,11,1
2024-04-28,694361,3,2,0,0.15,3.0,1,0
2024-04-29,518585,3,1,0,0.106,3.0,2,0
2024-04-29,519043,4,2,1,0.7331310000000001,4.0,1,0
2024-04-29,519326,4,0,1,1.2561309999999999,4.0,3,0
2024-04-29,523260,4,0,0,1.385,4.0,4,0
2024-04-29,542888,4,1,1,0.927131,4.0,2,0
2024-04-29,543056,3,0,0,0.9779411764705882,3.0,3,0
2024-04-29,543339,3,0,0,0.682,3.0,3,0
2024-04-29,543518,5,0,2,2.135262,5.0,3,0
2024-04-29,547184,6,1,0,1.254,6.0,5,0
2024-04-29,571670,6,1,0,1.537,6.0,5,0
2024-04-29,572020,25,4,5,11.249213696061807,25.0,16,4
2024-04-29,572955,3,3,0,0.0,3.0,0,0
2024-04-29,573204,5,2,1,1.746131,5.0,2,0
2024-04-29,592094,6,2,1,2.650323,6.0,2,0
2024-04-29,592779,3,2,0,0.216,3.0,1,0
2024-04-29,592791,27,1,1,9.26252194046592,27.0,25,2
2024-04-29,593576,5,2,2,1.462262,5.0,1,0
2024-04-29,598264,3,1,0,1.11,3.0,2,0
2024-04-29,605154,5,2,0,2.276,5.0,3,0
2024-04-29,605280,2,1,0,0.184,2.0,1,0
2024-04-29,608032,5,1,0,2.407434782608696,5.0,4,1
2024-04-29,608331,20,7,2,3.308262,20.0,11,0
2024-04-29,608648,8,2,0,2.5204142222222226,8.0,5,1
2024-04-29,608723,4,3,0,0.868,4.0,1,0
2024-04-29,621242,5,3,0,2.4160000000000004,5.0,2,1
2024-04-29,621345,2,0,0,2.248592592592593,2.0,2,1
2024-04-29,622554,6,1,0,2.6648461538461534,6.0,5,1
2024-04-29,622663,27,5,2,5.6829540000000005,27.0,19,0
2024-04-29,623433,5,2,0,2.277269230769231,5.0,3,0
2024-04-29,623465,3,1,0,0.33699999999999997,3.0,2,0
2024-04-29,641729,6,2,1,1.1851310000000002,6.0,3,0
2024-04-29,641745,8,1,2,2.4072620000000002,8.0,5,0
2024-04-29,641835,3,1,0,0.484,3.0,2,0
2024-04-29,642397,4,1,1,1.450131,4.0,2,0
2024-04-29,642629,4,0,0,0.718,4.0,4,0
2024-04-29,642701,4,0,0,0.24,4.0,4,0
2024-04-29,643256,6,0,2,2.1671310000000004,5.0,4,0
2024-04-29,643377,5,1,1,1.626131,4.0,3,0
2024-04-29,643410,2,0,0,1.0506129032258065,2.0,2,1
2024-04-29,650893,5,2,0,0.766,5.0,3,0
2024-04-29,650911,22,1,2,11.212954307692309,22.0,19,1
2024-04-29,656288,22,1,5,10.357402555555556,22.0,15,1
2024-04-29,656629,3,1,0,0.063,3.0,2,0
2024-04-29,656730,4,1,0,0.8400000000000001,3.0,2,0
2024-04-29,656945,3,0,0,1.4175652173913045,3.0,3,0
2024-04-29,657024,4,1,0,1.5770166666666676,4.0,3,1
2024-04-29,657376,22,5,3,7.92701680952381,22.0,14,2
2024-04-29,657571,4,0,0,2.054330888888889,4.0,3,1
2024-04-29,657612,1,0,0,0.458,1.0,1,0
2024-04-29,657746,23,3,1,7.2631310000000004,23.0,19,0
2024-04-29,663362,24,4,0,7.55975,24.0,19,1
2024-04-29,663531,14,0,1,6.106131,14.0,13,1
2024-04-29,663542,7,3,1,1.027131,7.0,3,0
2024-04-29,663559,21,5,0,8.42331113915554,20.0,16,3
2024-04-29,663568,2,0,0,0.931,2.0,2,0
2024-04-29,663623,22,3,0,6.240599199802013,21.0,18,2
2024-04-29,663878,5,1,0,1.404,5.0,4,0
2024-04-29,664747,6,2,0,1.1255263157894737,6.0,4,0
2024-04-29,666157,24,11,2,6.1586203304339175,24.0,11,2
2024-04-29,666204,6,2,1,0.931131,6.0,3,0
2024-04-29,666974,5,0,0,2.09,5.0,5,0
2024-04-29,669060,23,6,2,6.367311142857143,23.0,14,0
2024-04-29,669093,6,2,0,1.54875,6.0,4,0
2024-04-29,669422,9,1,1,2.8073810000000003,9.0,7,1
2024-04-29,669432,22,3,3,7.719387751776927,21.0,16,2
2024-04-29,670950,4,1,0,2.293754098360656,4.0,3,1
2024-04-29,671212,19,4,4,5.901329668016195,19.0,11,1
2024-04-29,672335,4,0,0,1.2930000000000001,4.0,4,0
2024-04-29,672582,1,0,0,0.297,1.0,1,0
2024-04-29,672710,10,3,2,2.476044043478261,9.0,5,1
2024-04-29,674072,18,0,2,8.136927124300112,18.0,15,2
2024-04-29,675989,3,1,0,1.031,3.0,2,0
2024-04-29,676534,4,0,1,1.539323,4.0,2,0
2024-04-29,676680,4,0,1,1.297131,4.0,3,0
2024-04-29,676979,18,7,1,3.800836882352941,18.0,10,1
2024-04-29,677053,3,0,0,1.956619047619048,3.0,3,1
2024-04-29,679885,2,0,0,0.28,2.0,2,0
2024-04-29,680570,25,3,3,8.186393,25.0,19,1
2024-04-29,680742,17,3,3,6.648462047619048,17.0,11,1
2024-04-29,681911,4,1,1,1.9105961162790703,4.0,2,1
2024-04-29,682243,23,10,1,3.849264333333333,23.0,12,1
2024-04-29,684320,20,1,3,8.621585,20.0,15,0
2024-04-29,685314,5,0,3,2.929964428571429,5.0,2,1
2024-04-29,686752,20,7,0,2.36,20.0,13,0
2024-04-29,687330,3,2,0,0.128,3.0,1,0
2024-04-29,687424,4,0,0,0.49100000000000005,3.0,3,0
2024-04-29,689147,4,0,0,0.6240000000000001,2.0,3,0
2024-04-29,693312,5,2,2,1.393262,5.0,1,0
2024-04-30,445926,7,3,1,1.261131,7.0,3,0
2024-04-30,458677,1,0,0,0.474,1.0,1,0
2024-04-30,471911,20,3,2,9.044379373134328,20.0,14,2
2024-04-30,472610,3,1,0,0.439,3.0,2,0
2024-04-30,493603,3,1,0,0.263,3.0,2,0
2024-04-30,502043,27,9,2,8.265882082815734,27.0,16,2
2024-04-30,506433,18,3,0,3.04,18.0,15,0
2024-04-30,519043,4,1,0,0.792,4.0,3,0
2024-04-30,519151,4,1,1,1.3944643333333333,4.0,2,1
2024-04-30,523260,4,1,0,0.14100000000000001,3.0,3,0
2024-04-30,542881,24,6,2,8.931043818181818,24.0,16,1
2024-04-30,543339,6,0,0,2.989763736263736,6.0,6,1
2024-04-30,543351,4,1,0,0.6020000000000001,4.0,3,0
2024-04-30,543518,5,0,2,1.578262,5.0,3,0
2024-04-30,571656,6,0,0,2.388,6.0,6,0
2024-04-30,571927,18,1,2,9.10492227586207,18.0,14,2
2024-04-30,571946,6,1,0,3.1282727272727273,6.0,5,1
2024-04-30,571948,2,1,0,0.228,2.0,1,0
2024-04-30,572143,4,2,1,0.6991310000000001,4.0,1,0
2024-04-30,573009,7,2,0,2.81,7.0,5,1
2024-04-30,573124,4,2,1,0.759131,4.0,1,0
2024-04-30,573204,2,0,0,0.247,2.0,2,0
2024-04-30,592351,27,3,0,5.1079,26.0,23,0
2024-04-30,592773,4,0,0,2.073,4.0,4,0
2024-04-30,594580,3,0,0,1.064192,3.0,2,0
2024-04-30,596133,7,3,0,2.0250000000000004,7.0,4,1
2024-04-30,600986,4,2,0,0.927,4.0,2,0
2024-04-30,605130,3,1,0,1.1824666666666666,3.0,2,0
2024-04-30,605155,7,3,1,2.143131,7.0,3,1
2024-04-30,605177,3,0,0,0.928,3.0,3,0
2024-04-30,605347,4,0,0,0.248,4.0,4,0
2024-04-30,605513,21,6,0,7.670836727195226,21.0,14,2
2024-04-30,606149,4,0,2,2.857995333333333,4.0,2,1
2024-04-30,606160,4,1,0,2.255268923076923,4.0,2,1
2024-04-30,606930,5,0,0,1.2864666666666666,5.0,5,0
2024-04-30,607179,4,1,0,1.4683333333333333,4.0,3,1
2024-04-30,607237,4,1,1,1.1411310000000001,4.0,2,0
2024-04-30,607259,25,3,1,7.413131,25.0,20,0
2024-04-30,607481,4,1,0,1.401,4.0,3,0
2024-04-30,608032,5,2,0,2.153667471819646,5.0,3,2
2024-04-30,608678,3,2,0,0.303,3.0,1,0
2024-04-30,621051,4,1,0,0.7381920000000001,3.0,1,0
2024-04-30,621237,4,1,0,0.66,4.0,3,0
2024-04-30,621244,26,3,1,10.443935962962962,25.0,20,3
2024-04-30,621381,3,1,0,0.914,3.0,2,0
2024-04-30,621383,4,0,0,1.27,4.0,4,0
2024-04-30,622072,20,4,4,7.345424,19.0,12,1
2024-04-30,622491,25,7,1,6.333419220551379,25.0,17,1
2024-04-30,622503,4,0,0,2.9161290322580644,4.0,4,1
2024-04-30,623352,8,4,1,1.378631,8.0,3,0
2024-04-30,625643,23,7,2,9.230920465608465,23.0,14,2
2024-04-30,628708,6,0,0,3.124304347826087,6.0,6,1
2024-04-30,640455,21,3,4,6.2295240000000005,21.0,14,0
2024-04-30,640470,6,0,0,1.9973636363636365,6.0,6,1
2024-04-30,641302,19,3,2,7.60474223715415,19.0,14,1
2024-04-30,641482,29,5,2,9.24197542305038,28.0,21,3
2024-04-30,641941,5,3,1,1.5721310000000002,5.0,1,0
2024-04-30,642547,18,7,0,4.728384,18.0,9,1
2024-04-30,642629,3,2,0,0.014,3.0,1,0
2024-04-30,647315,3,1,0,0.14200000000000002,3.0,2,0
2024-04-30,647336,18,3,2,5.426869843137255,18.0,13,0
2024-04-30,650556,6,2,2,2.4534540000000002,6.0,1,0
2024-04-30,650893,3,0,1,0.34400000000000003,2.0,2,0
2024-04-30,655889,4,0,0,1.475,4.0,4,0
2024-04-30,656222,6,1,1,2.1390142857142855,5.0,4,1
2024-04-30,656412,10,3,1,3.170331,10.0,6,1
2024-04-30,656427,23,14,1,3.746131,23.0,8,0
2024-04-30,656464,4,0,0,1.564192,4.0,3,0
2024-04-30,656546,3,1,0,0.202,3.0,2,0
2024-04-30,656605,23,7,2,8.571670666666666,23.0,13,2
2024-04-30,656629,5,1,1,1.7661310000000001,5.0,3,0
2024-04-30,656638,5,1,1,1.543131,5.0,3,0
2024-04-30,656887,4,1,1,1.554131,4.0,2,0
2024-04-30,656945,5,2,1,0.7752692307692306,4.0,2,0
2024-04-30,657024,4,0,0,1.319,4.0,4,0
2024-04-30,657044,6,1,1,1.378131,6.0,4,0
2024-04-30,657097,4,3,0,0.08,4.0,1,0
2024-04-30,657277,22,4,3,8.542643,22.0,15,1
2024-04-30,657514,3,0,0,1.3128348571428572,3.0,2,0
2024-04-30,657585,4,1,1,0.767131,4.0,2,0
2024-04-30,660853,4,2,0,2.165095371669004,4.0,2,2
2024-04-30,661395,4,1,0,0.706,4.0,3,0
2024-04-30,661403,4,0,0,1.537,4.0,4,0
2024-04-30,662253,7,3,1,0.7170000000000001,6.0,3,0
2024-04-30,663158,3,1,0,1.2128484848484848,3.0,2,1
2024-04-30,663372,28,3,0,6.818858666666666,28.0,24,0
2024-04-30,663432,7,2,1,3.8994722942989215,7.0,4,2
2024-04-30,663485,3,1,0,1.5765526819923372,3.0,2,2
2024-04-30,663546,6,1,0,2.053192,5.0,4,0
2024-04-30,663704,3,1,0,0.019,3.0,2,0
2024-04-30,663947,5,0,1,2.799393295081967,5.0,4,1
2024-04-30,664350,19,3,0,6.384666666666667,18.0,16,1
2024-04-30,664854,3,2,0,0.024,3.0,1,0
2024-04-30,664875,5,0,1,2.6733230000000003,5.0,3,0
2024-04-30,665152,26,4,4,10.257544,26.0,18,2
2024-04-30,665625,8,3,0,2.676,8.0,5,0
2024-04-30,665871,20,1,0,6.547868700265252,20.0,19,3
2024-04-30,666142,26,9,3,6.302393,26.0,14,0
2024-04-30,666159,23,7,2,8.762637192604005,23.0,14,2
2024-04-30,668390,3,0,0,0.352,3.0,3,0
2024-04-30,668674,3,3,0,0.0,3.0,0,0
2024-04-30,669022,23,7,1,4.888360037037037,22.0,13,1
2024-04-30,669211,3,1,0,0.47200000000000003,3.0,2,0
2024-04-30,669461,3,2,0,0.148,3.0,1,0
2024-04-30,669622,3,1,0,0.32899999999999996,3.0,2,0
2024-04-30,669711,4,3,0,0.101,4.0,1,0
2024-04-30,670167,4,1,0,1.4074090909090908,4.0,3,1
2024-04-30,670970,5,1,0,2.107,5.0,4,0
2024-04-30,671345,3,0,0,0.567,3.0,3,0
2024-04-30,671922,6,2,0,2.526,6.0,4,0
2024-04-30,672860,2,0,0,0.824192,2.0,1,0
2024-04-30,673513,5,2,0,0.868,5.0,3,0
2024-04-30,673929,6,1,1,2.8033230000000002,6.0,3,0
2024-04-30,675627,5,2,1,1.1851310000000002,5.0,2,0
2024-04-30,676596,9,2,1,3.1209771538461535,8.0,5,1
2024-04-30,676714,4,2,0,0.663,4.0,2,0
2024-04-30,677161,4,2,0,0.5710000000000001,4.0,2,0
2024-04-30,679885,4,0,2,2.409262,4.0,2,0
2024-04-30,680573,19,2,2,7.640416597701151,19.0,15,2
2024-04-30,680704,6,0,0,1.653,6.0,6,0
2024-04-30,681517,6,0,0,0.619,6.0,6,0
2024-04-30,681676,6,2,1,1.8178729354838707,6.0,3,1
2024-04-30,681867,16,4,1,3.9021310000000002,16.0,11,0
2024-04-30,681892,9,1,0,2.939848484848485,9.0,8,1
2024-04-30,682052,17,1,3,6.400333792270533,17.0,12,2
2024-04-30,682120,3,2,1,0.689131,3.0,0,0
2024-04-30,682842,1,0,0,0.134,1.0,1,0
2024-04-30,682847,4,0,0,2.066193548387097,4.0,4,1
2024-04-30,683769,3,1,0,1.320434782608696,3.0,2,1
2024-04-30,686539,7,3,0,0.756,7.0,4,0
2024-04-30,686580,5,1,0,2.6250967741935485,5.0,4,0
2024-04-30,686613,22,7,2,4.815194203389831,22.0,13,1
2024-04-30,686826,11,4,1,2.237131,11.0,6,0
2024-04-30,687765,10,2,0,2.372,10.0,8,0
2024-04-30,687798,9,3,1,1.912131,9.0,5,0
2024-04-30,689017,21,2,1,7.028966304130162,21.0,17,1
2024-04-30,694738,9,4,2,2.8464540000000005,9.0,2,0
2024-04-30,695243,3,3,0,0.0,3.0,0,0
2024-05-01,434378,28,2,3,7.309574818181819,27.0,22,0
2024-05-01,455119,3,1,0,1.2232692307692306,3.0,2,0
2024-05-01,472610,4,2,0,1.097,4.0,2,0
2024-05-01,493603,4,2,1,0.794131,4.0,1,0
2024-05-01,518585,5,1,1,3.751836882352941,5.0,3,1
2024-05-01,518617,1,1,0,0.0,1.0,0,0
2024-05-01,519008,3,1,0,0.865,3.0,2,0
2024-05-01,519151,4,3,0,0.826,4.0,1,0
2024-05-01,519242,22,9,0,4.168192,22.0,12,0
2024-05-01,519326,3,2,0,0.9532173913043476,3.0,1,1
2024-05-01,541640,12,1,2,5.0089619999999995,12.0,9,2
2024-05-01,547184,1,0,0,0.054,1.0,1,0
2024-05-01,547973,3,2,0,0.56875,3.0,1,0
2024-05-01,548389,23,2,0,6.006619047619048,23.0,21,1
2024-05-01,554430,22,6,1,5.679488142857143,22.0,15,0
2024-05-01,571670,3,0,1,2.082356806451613,3.0,2,1
2024-05-01,571760,23,4,0,5.536,23.0,19,0
2024-05-01,571882,3,1,0,0.492,3.0,2,0
2024-05-01,571945,25,4,0,7.0018611297208535,25.0,20,2
2024-05-01,573124,4,0,0,0.857,4.0,4,0
2024-05-01,592426,6,2,0,1.593,6.0,4,0
2024-05-01,592779,4,0,0,1.9456666666666669,4.0,4,1
2024-05-01,592866,23,3,4,7.777887636363636,23.0,16,0
2024-05-01,593576,4,0,0,2.1896571162790703,4.0,3,1
2024-05-01,593974,4,0,0,1.7174612307692307,4.0,3,0
2024-05-01,595345,3,1,0,0.516,3.0,2,0
2024-05-01,600917,4,1,0,0.6819999999999999,4.0,3,0
2024-05-01,600986,3,0,0,0.9119999999999999,3.0,3,0
2024-05-01,605130,3,0,0,0.5790000000000001,3.0,3,0
2024-05-01,605135,24,4,1,6.8389896666666665,23.0,18,1
2024-05-01,605154,5,1,0,1.7727586206896555,5.0,4,1
2024-05-01,605280,6,3,0,0.358,6.0,3,0
2024-05-01,605347,3,1,0,1.016,3.0,2,0
2024-05-01,605397,21,9,0,4.232741935483871,21.0,12,1
2024-05-01,606160,4,0,0,1.033,4.0,4,0
2024-05-01,607067,25,5,2,8.177045372010898,25.0,18,1
2024-05-01,607237,4,2,1,1.277131,4.0,1,0
2024-05-01,607625,25,8,2,6.620612877192983,25.0,15,2
2024-05-01,608678,5,2,2,1.639262,5.0,1,0
2024-05-01,608717,4,1,0,0.485,4.0,3,0
2024-05-01,608718,5,1,0,0.447,5.0,4,0
2024-05-01,608723,3,1,0,0.6997857142857145,3.0,2,0
2024-05-01,613534,3,1,2,1.378262,3.0,0,0
2024-05-01,621051,5,0,3,2.469393,5.0,2,0
2024-05-01,621107,23,6,0,7.000812499999999,23.0,17,2
2024-05-01,621237,5,0,0,2.042090909090909,5.0,5,1
2024-05-01,621345,2,1,1,0.689131,2.0,0,0
2024-05-01,621381,3,2,0,0.264,3.0,1,0
2024-05-01,621383,6,1,0,1.809,6.0,5,0
2024-05-01,622075,2,2,0,0.0,2.0,0,0
2024-05-01,623167,20,4,2,5.943367263157895,20.0,14,0
2024-05-01,623433,4,1,0,1.06,4.0,3,0
2024-05-01,628317,20,5,0,7.797214285714285,20.0,15,1
2024-05-01,628452,5,0,1,1.358131,5.0,4,0
2024-05-01,640448,3,3,0,0.0,3.0,0,0
2024-05-01,640451,6,2,1,1.867131,6.0,3,0
2024-05-01,641656,3,0,1,1.422323,3.0,1,0
2024-05-01,641712,25,2,2,8.881817636363637,25.0,20,0
2024-05-01,641726,15,3,2,4.635595333333334,15.0,10,0
2024-05-01,641729,3,0,0,0.199,3.0,3,0
2024-05-01,641927,23,3,0,6.185753246753246,23.0,20,0
2024-05-01,642048,3,0,0,1.431,3.0,3,0
2024-05-01,642397,5,1,0,1.491,5.0,4,0
2024-05-01,643256,4,2,0,1.5484528301886793,4.0,2,1
2024-05-01,643377,3,0,0,0.229,3.0,3,0
2024-05-01,643410,3,1,1,1.5921310000000002,3.0,1,0
2024-05-01,656234,5,0,1,1.198131,5.0,4,0
2024-05-01,656420,6,1,1,2.081131,6.0,4,0
2024-05-01,656638,5,2,1,0.9641310000000001,5.0,2,0
2024-05-01,656641,2,0,0,0.365,2.0,2,0
2024-05-01,656756,17,1,3,8.48610670223979,17.0,13,2
2024-05-01,656887,3,3,0,0.0,3.0,0,0
2024-05-01,656945,2,0,1,0.689131,2.0,1,0
2024-05-01,657508,6,1,0,0.43100000000000005,6.0,5,0
2024-05-01,657571,2,2,0,0.0,2.0,0,0
2024-05-01,657612,4,0,0,1.046,4.0,4,0
2024-05-01,660853,1,1,0,0.0,1.0,0,0
2024-05-01,661403,2,1,0,0.547,2.0,1,0
2024-05-01,661563,22,5,1,3.854131,22.0,16,0
2024-05-01,663158,3,0,0,0.6548999999999999,3.0,3,0
2024-05-01,663423,5,0,0,1.165,5.0,5,0
2024-05-01,663474,26,6,1,9.599997750208855,26.0,19,2
2024-05-01,663531,3,1,0,0.348,3.0,2,0
2024-05-01,663542,3,2,0,0.24,3.0,1,0
2024-05-01,663773,6,0,0,1.4849999999999999,6.0,6,0
2024-05-01,663776,21,10,2,4.883262,21.0,9,0
2024-05-01,663878,6,1,0,0.9887999999999999,6.0,5,0
2024-05-01,663893,3,1,0,0.15999999999999998,3.0,2,0
2024-05-01,664076,2,1,1,0.689131,2.0,0,0
2024-05-01,666204,4,0,2,1.393262,4.0,2,0
2024-05-01,666214,5,1,1,1.630131,5.0,3,0
2024-05-01,668338,7,2,1,1.365131,7.0,4,0
2024-05-01,668933,26,4,2,9.367728808510638,26.0,20,2
2024-05-01,668941,5,0,0,1.552,4.0,4,0
2024-05-01,669062,4,1,2,1.556262,4.0,1,0
2024-05-01,669203,22,6,1,5.871419461538462,22.0,15,1
2024-05-01,669276,8,2,0,2.146,8.0,6,1
2024-05-01,669461,3,1,0,0.20299999999999999,3.0,2,0
2024-05-01,669711,3,1,0,1.193,3.0,2,0
2024-05-01,669952,8,1,0,2.139085714285715,8.0,7,1
2024-05-01,670280,5,1,1,1.7691310000000002,5.0,3,0
2024-05-01,670950,3,1,0,0.183,3.0,2,0
2024-05-01,670990,3,1,0,1.4776415094339626,3.0,2,1
2024-05-01,671922,2,0,0,0.712,2.0,2,0
2024-05-01,673513,4,2,2,1.378262,4.0,0,0
2024-05-01,676106,21,4,4,7.723643047619048,21.0,13,1
2024-05-01,676130,23,6,2,4.905019575757576,23.0,15,1
2024-05-01,676684,3,0,0,1.151,3.0,3,0
2024-05-01,676710,27,6,2,8.039696959349593,27.0,19,1
2024-05-01,676714,6,2,1,2.6456962173913046,6.0,3,0
2024-05-01,680767,1,0,0,0.076,1.0,1,0
2024-05-01,681402,7,1,2,2.3952620000000002,6.0,3,0
2024-05-01,681869,5,1,2,1.975262,5.0,2,0
2024-05-01,682120,3,0,0,1.336,3.0,3,1
2024-05-01,682610,23,7,2,6.809260275862068,23.0,14,2
2024-05-01,682842,6,0,2,2.480262,6.0,4,0
2024-05-01,682990,28,3,4,10.43511122943723,27.0,20,1
2024-05-01,683232,6,0,2,2.9232620000000002,6.0,4,0
2024-05-01,684007,24,7,1,4.772657315789473,24.0,16,0
2024-05-01,686796,17,5,4,6.4201906666666675,17.0,8,1
2024-05-01,687424,3,1,0,0.203,3.0,2,0
2024-05-01,689147,4,2,1,0.689131,4.0,1,0
2024-05-01,695243,3,1,0,0.5660000000000001,3.0,2,0
2024-05-01,808967,24,5,2,5.727262,24.0,17,0
2024-05-02,502085,5,2,1,1.555131,5.0,2,0
2024-05-02,518617,4,2,1,1.186131,4.0,1,0
2024-05-02,543056,3,1,0,1.006,3.0,2,0
2024-05-02,543135,20,8,2,4.597262,19.0,9,0
2024-05-02,543859,6,2,0,1.709,6.0,4,0
2024-05-02,572143,3,2,0,0.0,2.0,1,0
2024-05-02,592155,3,1,0,0.365,3.0,2,0
2024-05-02,593576,3,1,0,1.07,3.0,2,0
2024-05-02,595881,7,1,2,4.362377076923077,7.0,3,0
2024-05-02,598264,7,2,1,2.072131,7.0,4,0
2024-05-02,605288,23,2,4,7.988381142857143,23.0,17,1
2024-05-02,605463,5,1,1,1.472131,5.0,3,0
2024-05-02,606930,2,0,0,1.04,2.0,2,0
2024-05-02,607074,23,6,0,12.105458276094275,23.0,15,5
2024-05-02,607179,3,1,0,0.112,3.0,2,0
2024-05-02,621242,5,2,0,0.262,5.0,3,0
2024-05-02,621389,14,2,0,3.857,14.0,12,0
2024-05-02,622075,3,0,0,0.758,3.0,3,0
2024-05-02,624522,6,2,0,2.136,6.0,4,0
2024-05-02,642546,3,0,0,0.944,3.0,3,0
2024-05-02,643511,3,1,0,0.42300000000000004,3.0,2,0
2024-05-02,656222,3,0,1,1.464131,3.0,2,0
2024-05-02,656641,5,2,0,1.016,5.0,3,0
2024-05-02,657097,4,3,0,0.063,4.0,1,0
2024-05-02,657514,3,0,0,0.125,3.0,3,0
2024-05-02,657585,5,0,1,1.4991310000000002,5.0,4,0
2024-05-02,658648,6,3,0,1.114192,6.0,2,0
2024-05-02,661527,9,0,0,3.7774666666666668,9.0,9,1
2024-05-02,663567,18,3,3,5.866926333333334,18.0,12,1
2024-05-02,663992,6,2,0,1.755,6.0,4,0
2024-05-02,664849,5,1,1,1.3199999999999998,4.0,3,0
2024-05-02,664875,6,3,0,1.4119615384615387,6.0,3,1
2024-05-02,665795,18,9,4,5.600476380952381,18.0,5,1
2024-05-02,666808,3,1,0,0.36,3.0,2,0
2024-05-02,669062,3,1,0,0.092,3.0,2,0
2024-05-02,669211,5,0,1,2.1975881428571427,5.0,4,1
2024-05-02,669622,5,1,1,1.530323,5.0,2,0
2024-05-02,670174,16,0,2,6.1569962857142855,16.0,14,2
2024-05-02,671106,25,5,1,6.822273987249544,25.0,19,1
2024-05-02,672335,3,2,0,0.006,3.0,1,0
2024-05-02,673380,5,1,0,0.712,5.0,4,0
2024-05-02,676254,4,1,0,1.5030000000000001,4.0,3,0
2024-05-02,676534,5,1,0,1.756,5.0,4,0
2024-05-02,676760,6,1,0,1.8061920000000002,6.0,4,0
2024-05-02,676962,21,5,5,6.802655000000001,21.0,11,0
2024-05-02,677053,3,2,0,0.009,3.0,1,0
2024-05-02,677161,6,0,0,2.266,6.0,6,0
2024-05-02,680694,21,5,2,6.483168285714286,21.0,12,1
2024-05-02,680704,1,0,0,0.008,1.0,1,0
2024-05-02,680730,24,5,2,6.616262,24.0,17,0
2024-05-02,681293,23,6,3,5.769393,23.0,14,0
2024-05-02,683822,6,1,0,0.917,6.0,5,0
2024-05-02,687424,6,1,1,1.741,5.0,4,0
2024-05-02,690986,22,7,5,6.385847,22.0,9,0
2024-05-02,694037,5,1,0,1.598192,5.0,3,0
2024-05-03,445926,3,0,1,0.52,2.0,2,0
2024-05-03,450203,24,5,2,8.798779657894737,24.0,16,1
2024-05-03,458677,1,1,0,0.0,1.0,0,0
2024-05-03,500779,19,2,1,6.623464333333334,19.0,16,1
2024-05-03,518585,1,1,0,0.0,1.0,0,0
2024-05-03,518886,3,3,0,0.0,3.0,0,0
2024-05-03,519151,4,1,0,0.589,4.0,3,0
2024-05-03,523260,3,0,0,0.379,3.0,3,0
2024-05-03,527048,24,4,0,12.01006228363551,24.0,20,4
2024-05-03,542888,6,2,0,2.113,6.0,4,0
2024-05-03,543056,3,1,0,0.036000000000000004,3.0,2,0
2024-05-03,543243,25,6,1,6.787629284734134,25.0,18,1
2024-05-03,543339,4,1,0,1.3796363636363638,4.0,3,0
2024-05-03,543518,4,1,0,0.747,4.0,3,0
2024-05-03,547179,24,3,3,6.452162230769231,24.0,18,0
2024-05-03,547184,4,0,1,1.4551310000000002,4.0,3,0
2024-05-03,570632,4,0,1,2.7447913773584913,4.0,3,1
2024-05-03,571578,26,3,2,7.3585251578947375,25.0,21,1
2024-05-03,571656,7,1,1,0.992131,7.0,5,0
2024-05-03,571670,3,1,0,0.7287999999999999,3.0,2,0
2024-05-03,571946,4,0,1,1.372131,4.0,3,0
2024-05-03,573124,4,3,0,0.834,4.0,1,0
2024-05-03,573186,23,3,5,8.483655,23.0,15,0
2024-05-03,573204,2,1,0,1.286225806451613,2.0,1,1
2024-05-03,579328,24,7,1,6.438455324324324,24.0,16,1
2024-05-03,592094,5,1,0,2.6597058823529407,5.0,4,1
2024-05-03,592426,4,0,0,1.2610000000000001,4.0,4,0
2024-05-03,605155,5,2,0,0.9690000000000001,5.0,3,0
2024-05-03,605177,2,0,1,0.8831310000000001,2.0,1,0
2024-05-03,605347,6,0,2,2.077262,6.0,4,0
2024-05-03,605400,19,4,4,6.09861490909091,19.0,11,1
2024-05-03,605452,24,4,0,9.028083333333335,23.0,19,3
2024-05-03,606303,4,0,0,0.42200000000000004,4.0,4,0
2024-05-03,606930,4,1,0,0.8330000000000001,4.0,3,0
2024-05-03,607237,3,2,0,0.009,3.0,1,0
2024-05-03,607481,3,1,0,0.34299999999999997,3.0,2,0
2024-05-03,608344,21,4,0,4.508,21.0,17,0
2024-05-03,613534,2,1,0,0.429,2.0,1,0
2024-05-03,615698,26,9,0,7.105830888888889,26.0,16,2
2024-05-03,621199,7,0,0,2.796690909090909,7.0,7,2
2024-05-03,621237,4,1,0,0.5760000000000001,4.0,3,0
2024-05-03,621345,5,1,2,0.7371310000000001,4.0,2,0
2024-05-03,621381,3,2,0,0.017,3.0,1,0
2024-05-03,622554,4,1,0,1.032,4.0,3,0
2024-05-03,623352,4,2,1,0.761131,4.0,1,0
2024-05-03,623465,3,1,0,0.8442105263157895,3.0,2,0
2024-05-03,624647,5,0,1,2.3292381428571427,5.0,4,1
2024-05-03,628452,4,0,0,0.49900000000000005,4.0,4,0
2024-05-03,640451,4,1,0,1.0470000000000002,4.0,3,0
2024-05-03,640470,5,1,0,2.273,5.0,4,0
2024-05-03,641656,6,1,0,1.4989999999999999,6.0,5,0
2024-05-03,641729,4,1,0,0.6040000000000001,4.0,3,0
2024-05-03,641745,22,5,2,6.267881047619048,22.0,15,1
2024-05-03,641835,3,0,0,1.595,3.0,3,0
2024-05-03,641941,6,0,0,3.269527777777778,6.0,6,2
2024-05-03,642100,5,0,3,2.4363930000000003,5.0,2,0
2024-05-03,642701,4,0,1,1.324131,4.0,3,0
2024-05-03,643377,3,3,0,0.0,3.0,0,0
2024-05-03,647315,2,0,0,0.675,2.0,2,0
2024-05-03,650644,21,5,1,8.595250047619048,21.0,15,2
2024-05-03,650893,8,0,3,3.390262,6.0,5,0
2024-05-03,656222,3,2,0,2.0,3.0,1,1
2024-05-03,656234,4,1,2,1.667262,4.0,1,0
2024-05-03,656302,22,8,0,5.662280303030303,22.0,14,1
2024-05-03,656412,5,4,1,0.689131,5.0,0,0
2024-05-03,656546,3,3,0,0.0,3.0,0,0
2024-05-03,656557,26,5,2,9.293338923076924,26.0,19,1
2024-05-03,656730,3,1,0,0.079,3.0,2,0
2024-05-03,657024,3,0,1,2.7750490327868857,3.0,2,1
2024-05-03,657265,8,1,0,2.584,8.0,7,0
2024-05-03,660761,8,3,1,1.726131,8.0,4,0
2024-05-03,661395,3,2,0,0.075,3.0,1,0
2024-05-03,661527,3,0,0,0.44999999999999996,3.0,3,0
2024-05-03,663423,3,0,1,1.1731310000000001,3.0,2,0
2024-05-03,663485,4,1,0,1.2911920000000001,4.0,2,0
2024-05-03,663546,6,4,0,0.32699999999999996,6.0,2,0
2024-05-03,663855,22,3,4,9.740883313894638,22.0,15,2
2024-05-03,663903,22,8,0,5.194885521885522,22.0,14,2
2024-05-03,663978,21,6,1,3.668746384615385,21.0,14,1
2024-05-03,663992,3,1,0,0.443,3.0,2,0
2024-05-03,664208,3,1,0,0.937,3.0,2,0
2024-05-03,664849,8,2,2,1.8552620000000002,8.0,4,0
2024-05-03,664854,3,0,0,0.33599999999999997,3.0,3,0
2024-05-03,665625,3,0,0,1.012,3.0,3,0
2024-05-03,666720,4,1,0,0.218,4.0,3,0
2024-05-03,666745,3,1,0,0.368,3.0,2,0
2024-05-03,666974,2,0,0,0.313,2.0,2,0
2024-05-03,667755,24,3,1,6.915797666666667,24.0,20,1
2024-05-03,668338,4,1,0,1.016,4.0,3,1
2024-05-03,668390,5,0,0,2.125,5.0,5,0
2024-05-03,668674,7,3,0,1.9841920000000002,7.0,3,0
2024-05-03,668881,25,5,4,5.6205240000000005,25.0,16,0
2024-05-03,668941,3,0,0,0.687,3.0,3,0
2024-05-03,669093,4,1,0,0.207,4.0,3,0
2024-05-03,669713,24,8,2,5.726044456140351,24.0,14,1
2024-05-03,669854,24,6,2,7.433952476190477,24.0,16,2
2024-05-03,669923,22,3,0,5.136,22.0,19,0
2024-05-03,670059,4,1,0,0.6980000000000001,4.0,3,0
2024-05-03,670167,6,1,2,2.8172620000000004,6.0,3,0
2024-05-03,670950,1,0,0,0.036,1.0,1,0
2024-05-03,671345,4,0,0,1.56,4.0,4,0
2024-05-03,672582,4,1,0,0.534,4.0,3,0
2024-05-03,673380,9,3,1,3.3541309999999998,8.0,4,1
2024-05-03,675627,3,0,0,0.339,3.0,3,0
2024-05-03,675989,2,1,1,0.689131,2.0,0,0
2024-05-03,676440,24,4,1,8.353972897233202,23.0,18,2
2024-05-03,676664,23,6,1,5.968540090909091,23.0,16,1
2024-05-03,676702,6,3,0,0.537,6.0,3,0
2024-05-03,677944,20,4,2,6.414023363636364,20.0,14,1
2024-05-03,677960,24,5,0,7.0620045,23.0,18,2
2024-05-03,679885,10,4,0,2.181,10.0,6,0
2024-05-03,681857,18,5,2,4.8522620000000005,18.0,11,0
2024-05-03,681882,3,0,0,0.493,3.0,3,0
2024-05-03,681911,3,1,0,0.8984666666666667,3.0,2,1
2024-05-03,682120,5,2,1,0.930131,5.0,2,0
2024-05-03,683769,2,0,0,0.7675000000000001,2.0,2,0
2024-05-03,683822,10,2,2,3.2822620000000002,10.0,6,0
2024-05-03,686539,6,4,0,0.34600000000000003,6.0,2,0
2024-05-03,687330,3,0,0,0.511,3.0,3,0
2024-05-03,689147,5,0,0,2.0257857142857145,5.0,5,0
2024-05-03,693312,5,1,0,1.4965,4.0,3,1
2024-05-03,694363,12,2,1,3.6905838301886793,12.0,9,1
2024-05-03,694813,23,5,1,6.859524939393939,23.0,17,2
2024-05-04,458681,22,4,3,5.569393000000001,22.0,15,0
2024-05-04,493603,6,1,2,2.114262,6.0,3,0
2024-05-04,502624,8,1,1,2.302131,8.0,6,0
2024-05-04,518886,4,1,1,1.957131,4.0,2,0
2024-05-04,519293,3,0,0,0.44599999999999995,3.0,3,0
2024-05-04,519326,1,0,0,0.009,1.0,1,0
2024-05-04,543518,6,1,0,2.973923076923077,6.0,5,0
2024-05-04,552640,7,2,0,1.258,7.0,5,0
2024-05-04,554431,5,0,1,3.8862816352087117,5.0,4,2
2024-05-04,571882,10,3,0,3.2956304347826086,10.0,7,1
2024-05-04,571948,4,2,0,0.387,4.0,2,0
2024-05-04,592094,5,0,2,1.299131,4.0,3,0
2024-05-04,592155,6,2,0,2.175638888888889,6.0,4,1
2024-05-04,592332,21,8,2,4.735262,21.0,11,0
2024-05-04,592426,3,1,0,0.895,3.0,2,0
2024-05-04,592791,23,7,2,2.9272620000000003,23.0,14,0
2024-05-04,593576,6,1,1,2.211131,6.0,4,0
2024-05-04,594580,3,1,0,0.22999999999999998,3.0,2,0
2024-05-04,594902,25,5,3,7.7184384545454545,24.0,16,0
2024-05-04,595345,2,1,1,0.689131,2.0,0,0
2024-05-04,596133,8,4,0,1.7202613636363635,8.0,4,0
2024-05-04,596295,23,3,2,6.543400888888889,23.0,18,1
2024-05-04,600917,5,0,1,2.219931,5.0,4,0
2024-05-04,600986,5,2,0,2.593,5.0,3,1
2024-05-04,605130,4,1,0,0.837,4.0,3,0
2024-05-04,605154,4,2,0,1.068,4.0,2,0
2024-05-04,605280,4,2,0,0.8089999999999999,4.0,2,0
2024-05-04,605447,6,1,1,2.552131,6.0,4,0
2024-05-04,605463,3,2,1,0.689131,3.0,0,0
2024-05-04,607179,4,2,1,1.4231310000000001,4.0,1,0
2024-05-04,607192,27,10,1,5.552477808510638,27.0,16,1
2024-05-04,607200,22,2,5,8.964341666666666,22.0,15,1
2024-05-04,607259,7,2,1,1.487131,7.0,4,0
2024-05-04,607644,23,8,0,4.45,23.0,15,0
2024-05-04,608334,8,1,1,1.884131,8.0,6,0
2024-05-04,608371,3,2,0,0.5585263157894738,3.0,1,0
2024-05-04,608379,21,3,1,7.069131,21.0,17,0
2024-05-04,608648,5,2,0,1.8124482758620688,5.0,3,1
2024-05-04,608678,1,0,1,0.689131,1.0,0,0
2024-05-04,614179,9,1,2,3.486454,9.0,5,0
2024-05-04,621051,2,2,0,0.0,2.0,0,0
2024-05-04,621112,25,3,1,8.386131,25.0,21,2
2024-05-04,621383,1,1,0,0.0,1.0,0,0
2024-05-04,622250,6,1,1,2.351131,6.0,4,0
2024-05-04,622554,4,1,0,0.436,4.0,3,0
2024-05-04,623451,8,0,0,3.9100454545454544,8.0,8,1
2024-05-04,624133,27,6,1,7.967532956709957,27.0,19,2
2024-05-04,624522,4,0,1,3.3185961162790703,4.0,3,2
2024-05-04,641154,23,8,1,4.598131,23.0,14,0
2024-05-04,641540,18,4,1,4.6351476666666676,18.0,13,1
2024-05-04,641793,23,7,0,5.7068,23.0,16,1
2024-05-04,641835,1,1,0,0.0,1.0,0,0
2024-05-04,642048,4,1,0,1.3039999999999998,4.0,3,0
2024-05-04,642546,8,0,0,3.0898461538461537,8.0,8,1
2024-05-04,643410,7,3,0,1.3173333333333332,7.0,4,1
2024-05-04,650633,22,3,0,5.71306923076923,22.0,19,0
2024-05-04,656232,12,1,1,3.206767363636364,12.0,10,0
2024-05-04,656420,3,2,0,0.082,3.0,1,0
2024-05-04,656629,5,1,1,1.8403230000000002,5.0,2,0
2024-05-04,656641,1,1,0,0.0,1.0,0,0
2024-05-04,656887,2,1,1,0.689131,2.0,0,0
2024-05-04,656896,8,0,0,4.7014062857142855,8.0,7,1
2024-05-04,657376,20,7,0,5.261044377358491,20.0,11,1
2024-05-04,657514,5,1,0,1.245192,5.0,3,0
2024-05-04,657571,3,1,1,0.9971310000000001,3.0,1,0
2024-05-04,657585,1,1,0,0.0,1.0,0,0
2024-05-04,657612,6,1,0,0.961,6.0,5,0
2024-05-04,657649,3,1,0,0.47900000000000004,3.0,2,0
2024-05-04,660853,3,0,0,0.022,3.0,3,0
2024-05-04,660896,4,0,1,2.7819143333333334,4.0,3,1
2024-05-04,661395,4,2,0,0.7360000000000001,4.0,2,0
2024-05-04,663432,5,0,1,1.748131,5.0,4,0
2024-05-04,663485,3,1,0,0.741,3.0,2,0
2024-05-04,663542,8,2,0,3.181,8.0,6,0
2024-05-04,663554,26,6,1,8.920664333333335,25.0,18,3
2024-05-04,663568,6,1,1,1.3931310000000001,6.0,4,0
2024-05-04,663623,23,4,1,7.423096367965368,23.0,18,1
2024-05-04,663878,4,0,1,3.1284618888888893,4.0,2,1
2024-05-04,663893,4,2,1,0.768131,4.0,1,0
2024-05-04,663947,5,2,0,0.4882499999999999,5.0,3,0
2024-05-04,664076,4,3,1,0.689131,4.0,0,0
2024-05-04,664208,4,0,1,1.249131,4.0,3,0
2024-05-04,664285,25,3,1,11.654531333333333,25.0,20,3
2024-05-04,664854,4,0,0,1.8339999999999999,4.0,4,0
2024-05-04,666149,3,0,0,0.108,3.0,3,0
2024-05-04,666204,5,1,1,2.183488142857143,5.0,3,1
2024-05-04,666205,5,0,0,2.270409090909091,5.0,5,1
2024-05-04,666974,3,1,1,0.7021310000000001,3.0,1,0
2024-05-04,668941,3,2,0,0.205,3.0,1,0
2024-05-04,668964,16,2,4,7.083931843137255,16.0,10,2
2024-05-04,669062,6,1,2,2.493719142857143,6.0,3,1
2024-05-04,669276,11,3,0,2.8705543478260873,11.0,8,1
2024-05-04,669302,27,6,4,6.047381142857143,27.0,17,0
2024-05-04,669422,9,0,1,3.275131,9.0,8,0
2024-05-04,669432,18,1,3,10.668607285714286,18.0,14,3
2024-05-04,669711,7,3,0,0.8180000000000001,7.0,4,0
2024-05-04,669952,15,0,4,6.707238285714286,15.0,11,0
2024-05-04,670059,3,0,0,0.281,3.0,3,0
2024-05-04,670280,3,1,0,2.2009615384615384,3.0,2,1
2024-05-04,670766,28,2,3,13.16748324185137,28.0,21,3
2024-05-04,670950,4,1,0,0.28099999999999997,4.0,3,0
2024-05-04,670970,4,3,1,0.689131,4.0,0,0
2024-05-04,671096,22,8,0,4.251733766233766,22.0,14,1
2024-05-04,671922,3,2,0,0.402,3.0,1,0
2024-05-04,672282,26,7,4,8.640592270344246,26.0,15,3
2024-05-04,672335,3,0,0,0.884,3.0,3,0
2024-05-04,673929,3,0,0,0.6930000000000001,3.0,3,0
2024-05-04,676684,3,0,0,1.187714285714286,3.0,3,1
2024-05-04,676714,5,0,0,3.643861111111111,5.0,5,2
2024-05-04,676775,8,0,2,4.5274540000000005,8.0,5,0
2024-05-04,678495,13,2,2,5.052262,13.0,8,0
2024-05-04,680704,3,0,0,1.6374666666666666,3.0,3,1
2024-05-04,680767,7,3,1,2.7792941944444443,7.0,3,2
2024-05-04,681035,25,6,1,6.482331,25.0,18,0
2024-05-04,681402,5,0,1,2.595750047619048,5.0,4,1
2024-05-04,681676,5,0,0,2.446,5.0,5,0
2024-05-04,681882,10,0,2,3.208262,10.0,8,0
2024-05-04,683003,22,10,0,2.6205000000000003,22.0,12,0
2024-05-04,683232,6,1,2,1.533131,5.0,3,0
2024-05-04,686580,8,1,0,3.044431818181818,8.0,7,1
2024-05-04,686826,8,1,2,2.971162,8.0,5,0
2024-05-04,693821,20,4,4,11.067107357790984,20.0,12,4
2024-05-04,694297,29,4,0,9.510571428571428,28.0,25,0
2024-05-05,445276,5,0,0,1.452,5.0,5,0
2024-05-05,445926,2,1,0,0.315,2.0,1,0
2024-05-05,471911,23,3,2,9.217262,23.0,18,0
2024-05-05,489446,7,2,1,1.261131,7.0,4,0
2024-05-05,502085,4,1,1,0.509,3.0,2,0
2024-05-05,518617,2,0,1,1.464131,2.0,1,0
2024-05-05,519008,9,0,0,3.174,9.0,9,0
2024-05-05,519043,5,1,1,2.655737060606061,5.0,3,1
2024-05-05,523260,1,1,0,0.0,1.0,0,0
2024-05-05,541640,4,0,1,0.8481310000000001,4.0,3,0
2024-05-05,542888,9,1,2,2.7396967826086955,9.0,6,1
2024-05-05,543351,8,1,1,3.7386471290322585,8.0,6,1
2024-05-05,544150,7,1,0,0.943,7.0,6,0
2024-05-05,547184,9,2,1,2.828323,9.0,5,0
2024-05-05,547973,3,2,1,0.689131,3.0,0,0
2024-05-05,571670,8,0,1,1.617131,8.0,7,0
2024-05-05,571882,3,1,0,1.116,3.0,2,0
2024-05-05,571946,4,1,2,1.5312620000000001,4.0,1,0
2024-05-05,572020,25,3,2,8.780595333333332,25.0,20,2
2024-05-05,572143,3,1,0,0.6733636363636364,3.0,2,0
2024-05-05,573009,4,1,0,0.49,4.0,3,0
2024-05-05,573124,4,2,0,0.751,4.0,2,1
2024-05-05,592155,1,0,0,0.089,1.0,1,0
2024-05-05,592351,28,7,0,6.314,28.0,21,1
2024-05-05,592773,4,1,0,2.3083458461538466,4.0,2,1
2024-05-05,592836,25,7,1,8.490975380952381,25.0,16,4
2024-05-05,593974,3,1,0,0.124,3.0,2,0
2024-05-05,594580,3,0,0,0.239,3.0,3,0
2024-05-05,595014,3,1,0,0.024,2.0,1,0
2024-05-05,600986,4,0,0,2.052896551724138,4.0,4,1
2024-05-05,605130,4,2,1,0.7391310000000001,4.0,1,0
2024-05-05,605154,3,2,0,0.146,3.0,1,0
2024-05-05,605177,4,0,1,2.745131,4.0,3,0
2024-05-05,605347,4,1,0,0.834,4.0,3,0
2024-05-05,606149,3,0,0,3.046925373134328,3.0,3,1
2024-05-05,606160,5,0,0,2.9411052631578944,5.0,5,1
2024-05-05,606930,4,1,0,1.7752424242424243,4.0,3,1
2024-05-05,607179,3,0,1,1.841131,3.0,2,0
2024-05-05,608331,28,7,3,9.7325225,28.0,17,2
2024-05-05,608718,9,2,1,2.705131,9.0,6,0
2024-05-05,621051,3,2,0,0.311,3.0,1,0
2024-05-05,621237,4,1,0,1.6964583333333325,4.0,3,1
2024-05-05,621242,5,2,0,0.781,5.0,3,0
2024-05-05,621345,3,0,0,2.305,3.0,3,1
2024-05-05,622075,6,3,0,0.9985,6.0,3,0
2024-05-05,622663,26,6,6,9.357024095238096,25.0,14,1
2024-05-05,623352,4,1,0,1.9878965517241378,4.0,3,1
2024-05-05,624647,1,0,0,0.179,1.0,1,0
2024-05-05,640448,4,0,1,1.384131,4.0,3,0
2024-05-05,640451,4,0,1,2.011019888888889,4.0,3,0
2024-05-05,641482,23,9,1,4.346242111111112,23.0,13,0
2024-05-05,641656,3,0,1,0.933131,3.0,2,0
2024-05-05,641755,5,2,0,0.5059411764705882,5.0,3,0
2024-05-05,641941,3,1,0,1.4058461538461535,3.0,2,1
2024-05-05,642048,5,0,1,1.187,4.0,4,0
2024-05-05,642397,4,0,1,1.515323,4.0,2,0
2024-05-05,642547,23,5,6,8.114978,22.0,11,0
2024-05-05,642701,4,2,0,1.2252,4.0,2,0
2024-05-05,643256,4,2,0,0.965192,4.0,1,0
2024-05-05,647315,6,1,1,0.7155263157894738,4.0,3,0
2024-05-05,650556,5,1,0,1.834192,5.0,3,0
2024-05-05,650893,4,0,0,1.838,4.0,4,0
2024-05-05,655889,7,1,1,1.735131,7.0,5,0
2024-05-05,656288,23,5,1,6.200797666666666,23.0,17,2
2024-05-05,656464,4,1,0,1.1360000000000001,4.0,3,0
2024-05-05,656546,4,3,0,1.517754098360656,4.0,1,1
2024-05-05,656638,1,0,0,0.223,1.0,1,0
2024-05-05,656887,3,1,1,0.9581310000000001,3.0,1,0
2024-05-05,657024,5,1,0,1.5867575757575758,5.0,4,1
2024-05-05,657044,4,1,0,0.875,4.0,3,0
2024-05-05,657277,22,6,2,8.63304276923077,22.0,14,2
2024-05-05,657508,6,1,2,2.390262,6.0,3,0
2024-05-05,657514,2,1,0,0.012,2.0,1,0
2024-05-05,657585,4,1,1,1.3931310000000001,4.0,2,0
2024-05-05,657746,23,5,1,5.107049032786886,23.0,17,1
2024-05-05,661403,3,2,0,0.481,3.0,1,0
2024-05-05,661527,2,0,0,1.165192,2.0,1,0
2024-05-05,662253,4,1,0,0.896,4.0,3,0
2024-05-05,663362,19,2,3,8.767440252747253,19.0,14,2
2024-05-05,663372,25,3,0,9.252976800976802,25.0,22,2
2024-05-05,663546,8,6,0,0.524,8.0,2,0
2024-05-05,663559,23,3,2,10.75068289093702,23.0,18,2
2024-05-05,663568,3,1,0,0.5630000000000001,3.0,2,0
2024-05-05,663704,10,3,0,3.830692,10.0,6,1
2024-05-05,663738,19,6,2,4.39399276923077,19.0,11,1
2024-05-05,663878,4,0,0,0.669,4.0,4,0
2024-05-05,664076,4,1,0,1.056192,4.0,2,0
2024-05-05,664350,19,2,3,5.811393,19.0,14,0
2024-05-05,664747,5,1,2,2.887185076923077,5.0,2,0
2024-05-05,665152,20,6,1,4.123221909090909,20.0,13,1
2024-05-05,665871,25,4,3,7.788607685314685,25.0,18,1
2024-05-05,666157,21,6,2,6.976863090909091,21.0,12,1
2024-05-05,666201,24,6,4,9.927715137187231,24.0,13,2
2024-05-05,666745,13,0,0,3.9698,13.0,13,0
2024-05-05,667463,8,3,0,2.0257692307692308,8.0,5,0
2024-05-05,669022,18,4,2,8.703345333333333,18.0,12,2
2024-05-05,669194,23,3,1,8.622332294903927,23.0,19,2
2024-05-05,669373,24,12,0,5.59115,24.0,12,2
2024-05-05,669461,14,5,0,4.2843846153846155,14.0,9,1
2024-05-05,669622,3,0,1,1.834664333333334,3.0,2,1
2024-05-05,670167,4,1,0,1.6317857142857144,4.0,3,0
2024-05-05,670174,5,0,0,1.9601923076923078,5.0,5,1
2024-05-05,670280,4,1,0,1.3001111111111112,4.0,3,0
2024-05-05,671212,7,1,3,4.06225574509804,7.0,3,1
2024-05-05,672582,7,2,0,1.036,7.0,5,0
2024-05-05,673929,4,1,0,0.542,4.0,3,0
2024-05-05,675627,3,2,0,0.274,3.0,1,0
2024-05-05,676083,10,2,1,3.3736962173913048,10.0,7,0
2024-05-05,676254,3,3,0,0.0,3.0,0,0
2024-05-05,676534,5,2,0,1.8201904761904766,5.0,3,1
2024-05-05,676979,21,6,0,4.701352685050798,21.0,15,2
2024-05-05,677053,3,1,0,0.033,3.0,2,0
2024-05-05,677161,8,2,2,3.5527191428571427,8.0,4,1
2024-05-05,679885,4,0,0,1.043,4.0,4,0
2024-05-05,681517,7,2,0,1.394,7.0,5,0
2024-05-05,681867,18,5,1,6.633650047619048,18.0,12,3
2024-05-05,681869,4,1,0,1.03,4.0,3,0
2024-05-05,681871,4,1,1,1.8408128181818182,4.0,2,1
2024-05-05,681892,10,2,1,4.086694157894737,9.0,7,1
2024-05-05,682052,6,1,2,1.4182620000000001,6.0,3,0
2024-05-05,682120,3,0,0,0.899,3.0,3,0
2024-05-05,682243,24,3,1,7.942329159405606,24.0,20,2
2024-05-05,682847,5,0,0,0.677,5.0,5,0
2024-05-05,683627,3,1,0,0.502,3.0,2,0
2024-05-05,686613,22,5,4,7.571287428571429,22.0,12,0
2024-05-05,686752,11,3,1,4.199242047619048,11.0,6,1
2024-05-05,687330,7,2,0,1.262,7.0,5,0
2024-05-05,687765,20,5,1,5.573544793103448,20.0,14,1
2024-05-05,687798,4,2,0,0.064,4.0,2,0
2024-05-05,694037,4,2,0,1.7524482758620687,4.0,2,1
2024-05-06,489446,3,0,1,1.492131,3.0,2,0
2024-05-06,493603,4,1,0,0.9900000000000001,4.0,3,0
2024-05-06,502043,26,4,2,8.910198363636363,26.0,20,3
2024-05-06,502085,3,1,0,0.594,3.0,2,0
2024-05-06,506433,19,5,1,5.376044043478261,19.0,13,1
2024-05-06,518617,4,1,0,0.8570000000000001,4.0,3,0
2024-05-06,519293,1,0,0,0.144,1.0,1,0
2024-05-06,519326,4,1,0,0.8049999999999999,4.0,3,0
2024-05-06,541640,9,1,1,1.631131,9.0,7,0
2024-05-06,542881,28,5,3,10.775671571428571,28.0,20,2
2024-05-06,552640,4,0,0,2.7250714285714284,4.0,4,1
2024-05-06,554430,26,11,1,5.419131,26.0,14,0
2024-05-06,571760,26,5,0,6.534561890472618,26.0,21,1
2024-05-06,571948,5,1,0,1.0470000000000002,4.0,4,0
2024-05-06,573204,3,2,0,0.025,3.0,1,0
2024-05-06,592426,6,1,1,1.6201310000000002,6.0,4,0
2024-05-06,593974,4,0,2,2.175262,4.0,2,0
2024-05-06,595014,3,1,0,0.538,3.0,2,0
2024-05-06,600917,4,2,1,1.450131,4.0,1,0
2024-05-06,605155,6,2,0,1.0110000000000001,6.0,4,0
2024-05-06,605182,16,0,4,7.7662557073170735,16.0,12,1
2024-05-06,608648,3,0,1,1.1611310000000001,3.0,2,0
2024-05-06,608717,4,0,2,1.6092620000000002,4.0,2,0
2024-05-06,613534,3,2,0,0.007,3.0,1,0
2024-05-06,621111,18,4,0,4.330192,17.0,12,0
2024-05-06,621242,3,1,0,0.351,3.0,2,0
2024-05-06,621381,4,2,0,0.904,4.0,2,0
2024-05-06,621383,6,3,0,0.274,6.0,3,0
2024-05-06,622072,21,3,1,7.313583830188679,21.0,17,1
2024-05-06,622491,26,7,3,6.586702972222223,25.0,16,2
2024-05-06,623433,3,2,0,0.487,3.0,1,0
2024-05-06,640455,24,1,1,6.876176454545455,24.0,22,0
2024-05-06,640470,3,0,1,1.3991310000000001,3.0,2,0
2024-05-06,641302,19,7,1,5.842750047619048,19.0,11,1
2024-05-06,642232,10,2,0,2.638,10.0,8,0
2024-05-06,643377,6,2,1,2.067131,6.0,3,0
2024-05-06,643511,4,0,0,1.477875,4.0,4,0
2024-05-06,656427,23,6,1,6.449297666666666,23.0,16,0
2024-05-06,656529,4,0,1,2.311131,4.0,2,0
2024-05-06,656605,31,5,1,8.136705795081967,31.0,25,1
2024-05-06,657006,18,2,1,6.524565782608696,18.0,15,1
2024-05-06,657612,7,0,0,1.888,7.0,7,0
2024-05-06,657649,4,1,1,2.483171484848485,4.0,1,1
2024-05-06,660853,5,1,1,2.660562818181818,5.0,3,1
2024-05-06,661395,3,2,0,0.058,3.0,1,0
2024-05-06,661403,3,1,0,0.35700000000000004,3.0,2,0
2024-05-06,663158,5,3,0,1.6044067796610166,5.0,2,1
2024-05-06,663423,6,2,0,0.9930000000000001,6.0,4,0
2024-05-06,663474,21,6,3,6.921775047071702,21.0,12,2
2024-05-06,663992,4,0,0,0.597,4.0,4,0
2024-05-06,665625,3,0,1,0.618,2.0,2,0
2024-05-06,666142,22,8,2,6.165742,22.0,12,1
2024-05-06,666204,7,1,2,1.977262,7.0,4,0
2024-05-06,666214,7,4,0,0.926,7.0,3,0
2024-05-06,667463,3,0,0,0.304,2.0,3,0
2024-05-06,668674,7,2,2,4.318082512820514,7.0,3,1
2024-05-06,669060,22,6,3,6.7290154347826086,22.0,12,1
2024-05-06,669062,4,2,0,0.189,4.0,2,0
2024-05-06,669093,3,1,1,1.595131,3.0,1,0
2024-05-06,670955,7,3,1,1.480931,7.0,3,0
2024-05-06,673513,4,1,1,2.1397463846153846,4.0,2,1
2024-05-06,680573,20,8,1,3.753410220779221,20.0,11,0
2024-05-06,680704,4,1,0,0.7889999999999999,4.0,3,0
2024-05-06,681676,4,1,0,1.2220454545454547,4.0,3,0
2024-05-06,681871,6,1,1,2.679394157894737,6.0,4,0
2024-05-06,681911,3,1,0,1.072105263157895,3.0,2,0
2024-05-06,682610,25,5,4,14.510806828282828,25.0,16,5
2024-05-06,683769,5,1,0,1.6867833333333333,5.0,4,1
2024-05-06,686539,3,0,0,1.0304666666666669,3.0,3,0
2024-05-06,687424,3,0,0,0.20900000000000002,3.0,3,0
2024-05-06,687798,1,0,0,0.107,1.0,1,0
2024-05-06,689147,3,0,0,0.544,3.0,3,0
2024-05-06,694037,7,1,1,2.554131,7.0,5,0
2024-05-06,694363,12,0,1,4.147521062111802,12.0,11,2
2024-05-06,696131,24,4,3,9.972309666666668,24.0,17,2
2024-05-07,434378,26,2,3,11.03048390909091,26.0,21,4
2024-05-07,445926,5,0,1,2.3249771538461537,5.0,4,1
2024-05-07,458677,5,0,0,3.797965833758287,5.0,5,2
2024-05-07,472610,3,0,0,0.73,3.0,3,0
2024-05-07,493603,6,2,1,2.8156309999999998,6.0,3,1
2024-05-07,543351,4,1,1,1.744131,4.0,2,0
2024-05-07,543859,6,0,1,1.952131,6.0,5,0
2024-05-07,548389,18,2,2,6.882262,18.0,14,1
2024-05-07,570632,23,2,2,5.708887,23.0,19,0
2024-05-07,571656,5,2,0,0.964,5.0,3,0
2024-05-07,571882,3,0,0,0.304,3.0,3,0
2024-05-07,571945,22,3,0,9.47510477453581,22.0,18,3
2024-05-07,571948,5,3,0,0.931,5.0,2,0
2024-05-07,572143,4,1,0,0.498,4.0,3,0
2024-05-07,573009,3,1,0,0.179,3.0,2,0
2024-05-07,592773,2,1,0,0.108,2.0,1,0
2024-05-07,592866,18,8,0,3.917,18.0,10,0
2024-05-07,593423,24,7,1,5.704848391304347,23.0,15,1
2024-05-07,593576,5,0,1,1.6931310000000002,5.0,4,0
2024-05-07,595345,4,1,1,2.701131,4.0,2,1
2024-05-07,600986,4,1,0,1.5939999999999999,4.0,3,0
2024-05-07,605130,3,0,0,0.57,3.0,3,0
2024-05-07,605177,4,0,0,0.618,4.0,4,0
2024-05-07,605347,3,1,0,0.956,3.0,2,0
2024-05-07,605463,5,0,0,1.105,5.0,5,0
2024-05-07,605513,6,0,1,2.2851310000000002,6.0,5,0
2024-05-07,607067,22,2,1,8.06746573954512,22.0,19,3
2024-05-07,607481,3,2,0,0.384,3.0,1,0
2024-05-07,607625,27,5,1,7.893425623655913,27.0,21,2
2024-05-07,608032,3,1,0,0.138,3.0,2,0
2024-05-07,608723,4,0,0,1.402,4.0,4,0
2024-05-07,621053,10,3,2,3.720723230769231,10.0,4,0
2024-05-07,621107,29,3,0,8.613444444444445,29.0,26,0
2024-05-07,621244,21,7,2,7.444409157894738,21.0,10,1
2024-05-07,621389,13,2,1,3.633131,13.0,10,0
2024-05-07,622075,4,0,0,1.861,4.0,4,0
2024-05-07,623149,4,1,0,1.0758484848484848,3.0,2,1
2024-05-07,625643,26,5,4,10.511757333333334,26.0,17,1
2024-05-07,628317,14,1,3,6.879635424242425,14.0,10,3
2024-05-07,628452,3,1,0,0.624,3.0,2,0
2024-05-07,640448,3,1,0,0.506,3.0,2,0
2024-05-07,640451,4,1,0,1.693,4.0,3,0
2024-05-07,641712,20,2,5,6.588655,19.0,12,0
2024-05-07,641729,5,1,1,0.726,4.0,3,0
2024-05-07,641745,14,0,0,5.492967532467532,13.0,13,2
2024-05-07,641755,3,1,0,0.231,3.0,2,0
2024-05-07,641835,5,1,0,2.580619047619048,5.0,4,1
2024-05-07,641927,19,7,1,5.706015307692308,19.0,10,0
2024-05-07,641941,4,3,1,0.689131,4.0,0,0
2024-05-07,642048,3,0,0,0.565,3.0,3,0
2024-05-07,642100,4,1,1,1.291131,4.0,2,0
2024-05-07,642121,4,3,0,0.097,4.0,1,0
2024-05-07,642546,7,1,5,3.5586550000000003,7.0,1,0
2024-05-07,647315,2,0,0,0.301,2.0,2,0
2024-05-07,647336,22,4,4,7.51124449689441,21.0,13,1
2024-05-07,650893,5,1,1,2.433631,5.0,3,0
2024-05-07,650911,27,5,2,8.240307454545455,27.0,20,0
2024-05-07,655889,4,0,1,1.7823229999999999,4.0,2,0
2024-05-07,656232,8,0,1,3.830515,8.0,5,0
2024-05-07,656412,6,1,0,1.283,6.0,5,0
2024-05-07,656420,4,1,0,1.736,4.0,3,0
2024-05-07,656638,4,0,1,1.8061310000000002,4.0,3,0
2024-05-07,656730,3,1,0,0.47100000000000003,3.0,2,0
2024-05-07,656887,3,0,1,1.146131,3.0,2,0
2024-05-07,656945,3,3,0,0.0,3.0,0,0
2024-05-07,657024,1,0,0,0.727,1.0,1,0
2024-05-07,657097,4,1,2,1.385262,4.0,1,0
2024-05-07,657514,3,0,1,0.7201310000000001,3.0,2,0
2024-05-07,657585,4,2,0,0.724,4.0,2,0
2024-05-07,657649,6,0,0,0.839,5.0,5,0
2024-05-07,658648,13,4,2,4.616262,13.0,7,0
2024-05-07,660853,2,0,0,1.9769615384615384,2.0,2,1
2024-05-07,660896,13,1,2,5.594565111111112,13.0,9,0
2024-05-07,661527,5,1,2,2.223262,5.0,2,0
2024-05-07,661563,23,5,4,11.308208210526317,23.0,14,2
2024-05-07,662253,3,1,0,0.178,3.0,2,0
2024-05-07,663485,3,1,0,0.625,3.0,2,0
2024-05-07,663568,3,0,0,0.52,3.0,3,0
2024-05-07,663687,26,5,1,8.438000565217392,26.0,20,1
2024-05-07,663704,7,0,1,2.9769771538461534,7.0,6,1
2024-05-07,663776,25,7,1,5.009031,25.0,17,0
2024-05-07,663947,9,3,0,2.536,9.0,6,0
2024-05-07,664208,3,2,0,0.134,3.0,1,0
2024-05-07,665795,12,1,4,6.417946434782609,12.0,6,1
2024-05-07,666277,13,3,1,5.400761155136268,13.0,8,2
2024-05-07,666720,12,3,2,6.345524295081968,11.0,6,2
2024-05-07,666808,5,2,2,1.6462620000000001,5.0,1,0
2024-05-07,668338,4,1,0,1.4183636363636365,4.0,3,0
2024-05-07,668390,4,1,1,0.887131,4.0,2,0
2024-05-07,668678,22,6,3,5.713393,22.0,13,1
2024-05-07,669203,27,6,3,8.161059666666667,27.0,18,0
2024-05-07,669211,5,1,1,1.263131,5.0,3,0
2024-05-07,669622,3,1,0,0.975,3.0,2,0
2024-05-07,669711,1,0,0,0.443,1.0,1,0
2024-05-07,670167,5,2,0,2.416,5.0,3,0
2024-05-07,670950,4,1,0,1.0674528301886794,4.0,3,1
2024-05-07,670970,8,2,0,2.114,8.0,6,0
2024-05-07,671106,15,2,2,7.817054727272727,15.0,11,3
2024-05-07,671922,5,0,0,1.38421875,5.0,5,1
2024-05-07,672582,3,1,0,0.47200000000000003,3.0,2,0
2024-05-07,672710,12,3,0,4.741044444444444,12.0,9,1
2024-05-07,673513,4,0,1,1.402131,4.0,3,0
2024-05-07,676106,18,0,2,8.582124745098039,18.0,16,2
2024-05-07,676130,22,3,3,8.84158717989418,22.0,16,3
2024-05-07,676254,3,3,0,0.0,3.0,0,0
2024-05-07,676395,3,2,0,0.069,3.0,1,0
2024-05-07,676596,7,2,1,2.176131,7.0,4,0
2024-05-07,676710,24,6,2,7.704444683229815,24.0,15,2
2024-05-07,676760,7,0,1,2.272131,7.0,6,0
2024-05-07,681190,17,6,0,4.166641509433962,17.0,11,1
2024-05-07,681517,9,0,1,4.845714549783549,9.0,8,0
2024-05-07,681676,7,1,0,2.0380000000000003,7.0,6,0
2024-05-07,682120,8,2,0,2.635434782608696,8.0,6,1
2024-05-07,682990,24,1,2,10.493716545454545,24.0,21,2
2024-05-07,683232,5,3,0,0.074,5.0,2,0
2024-05-07,684007,28,8,1,4.190669461538461,28.0,19,1
2024-05-07,686580,6,1,1,1.949131,6.0,4,0
2024-05-07,686826,4,0,1,2.3170632033898304,4.0,3,1
2024-05-07,688297,5,2,0,2.235694444444445,5.0,3,1
2024-05-07,690986,27,2,2,8.410648748844377,27.0,23,1
2024-05-07,693312,3,0,0,0.41900000000000004,3.0,3,0
2024-05-07,808967,29,5,0,8.785973931623932,29.0,24,3
2024-05-08,455119,3,1,0,0.036000000000000004,3.0,2,0
2024-05-08,472610,2,0,0,0.066,2.0,2,0
2024-05-08,489446,6,1,1,1.129,5.0,4,0
2024-05-08,502085,8,5,2,1.489262,8.0,1,0
2024-05-08,502624,3,0,0,0.335,3.0,3,0
2024-05-08,518585,6,3,0,0.823,6.0,3,0
2024-05-08,518886,5,0,2,3.2212819999999995,5.0,3,1
2024-05-08,519008,8,1,0,1.885,8.0,7,0
2024-05-08,519043,4,2,0,0.08700000000000001,4.0,2,0
2024-05-08,519242,25,10,1,7.254464333333333,25.0,14,0
2024-05-08,519293,2,0,0,0.107,2.0,2,0
2024-05-08,527048,22,5,0,6.010969687732846,22.0,17,2
2024-05-08,543056,3,0,0,1.091,3.0,3,0
2024-05-08,543339,3,1,0,0.252,3.0,2,0
2024-05-08,544150,8,1,1,1.5844643333333333,8.0,6,0
2024-05-08,547179,27,6,2,11.392688654740608,27.0,19,4
2024-05-08,547184,5,1,1,1.059131,5.0,3,0
2024-05-08,547973,3,2,1,0.689131,3.0,0,0
2024-05-08,571670,3,3,0,0.0,3.0,0,0
2024-05-08,571882,3,0,0,0.639,2.0,3,0
2024-05-08,573009,2,1,0,0.011,2.0,1,0
2024-05-08,573124,2,0,0,0.66,2.0,2,0
2024-05-08,573204,4,2,0,0.407,4.0,2,0
2024-05-08,592155,4,1,0,0.681,4.0,3,0
2024-05-08,593974,3,2,0,0.135,3.0,1,0
2024-05-08,600917,5,2,1,1.352131,5.0,2,0
2024-05-08,601713,19,1,1,8.486788142857142,19.0,17,2
2024-05-08,605135,24,6,2,5.731347714285715,24.0,16,1
2024-05-08,605154,4,3,0,0.141,4.0,1,0
2024-05-08,605177,3,1,0,0.199,3.0,2,0
2024-05-08,605400,26,7,0,6.7749999999999995,26.0,19,1
2024-05-08,605447,6,0,0,2.79,6.0,6,0
2024-05-08,605452,20,2,2,7.510538223776224,20.0,16,2
2024-05-08,605463,5,0,1,2.008131,5.0,4,0
2024-05-08,606160,3,0,0,1.181,3.0,3,0
2024-05-08,606303,7,0,1,5.130009787878788,7.0,6,2
2024-05-08,606930,3,1,0,0.879,3.0,2,0
2024-05-08,607074,27,7,0,9.089517827280064,27.0,19,4
2024-05-08,607179,4,1,0,1.1401818181818184,4.0,3,0
2024-05-08,608032,3,2,0,0.013,3.0,1,0
2024-05-08,608371,4,2,0,1.520966101694915,4.0,2,1
2024-05-08,608648,4,1,2,1.953262,4.0,1,0
2024-05-08,608717,3,0,0,0.617,3.0,3,0
2024-05-08,608718,3,0,0,0.6950000000000001,3.0,3,0
2024-05-08,613534,5,1,0,1.08,5.0,4,0
2024-05-08,614179,3,0,0,0.394,3.0,3,0
2024-05-08,621051,3,0,2,1.4022620000000001,3.0,1,0
2024-05-08,621381,2,0,0,0.683,2.0,2,0
2024-05-08,622250,1,0,1,0.689131,1.0,0,0
2024-05-08,622554,4,1,1,0.801131,4.0,2,0
2024-05-08,623167,21,8,1,5.081585545454546,21.0,12,0
2024-05-08,623433,5,0,2,3.286056373134328,4.0,3,1
2024-05-08,624522,4,3,0,0.279,4.0,1,0
2024-05-08,624647,3,0,0,1.0584666666666664,3.0,3,0
2024-05-08,640448,4,1,1,0.9471310000000001,4.0,2,0
2024-05-08,640451,4,1,0,1.653455157894737,4.0,2,0
2024-05-08,640470,4,0,0,1.8669130434782608,4.0,4,1
2024-05-08,641656,7,1,0,2.175,7.0,6,0
2024-05-08,641835,3,0,0,0.8320000000000001,3.0,3,0
2024-05-08,643256,4,3,0,0.009,4.0,1,0
2024-05-08,643361,2,0,0,0.6637142857142857,2.0,2,0
2024-05-08,643377,7,0,1,1.963478826086957,7.0,6,1
2024-05-08,643511,4,1,0,1.620107142857143,4.0,3,1
2024-05-08,647315,3,1,0,0.9950000000000001,3.0,2,0
2024-05-08,650644,20,4,2,8.120538094276094,20.0,14,3
2024-05-08,655889,4,2,0,1.175,4.0,2,0
2024-05-08,656234,5,1,0,0.435,5.0,4,0
2024-05-08,656302,24,12,2,2.6184540000000003,24.0,9,0
2024-05-08,656464,4,0,1,2.183131,4.0,3,0
2024-05-08,656529,5,1,0,0.872,5.0,4,0
2024-05-08,656629,3,0,0,0.332,3.0,3,0
2024-05-08,656638,3,1,0,0.931,2.0,2,0
2024-05-08,656641,6,0,2,2.4052620000000005,6.0,4,0
2024-05-08,656756,28,2,2,9.942595333333333,28.0,24,0
2024-05-08,657044,3,1,0,0.629,3.0,2,0
2024-05-08,657097,4,1,0,1.499908333333333,4.0,3,2
2024-05-08,657571,2,0,0,0.6759999999999999,2.0,2,0
2024-05-08,661395,3,1,0,0.558,3.0,2,0
2024-05-08,661403,3,1,0,0.52,3.0,2,0
2024-05-08,663158,3,1,0,0.21300000000000002,3.0,2,0
2024-05-08,663423,3,2,0,0.029,3.0,1,0
2024-05-08,663542,8,2,1,2.524131,8.0,5,0
2024-05-08,663546,4,0,0,1.295,4.0,4,0
2024-05-08,663567,19,2,0,5.582333333333334,18.0,17,1
2024-05-08,663704,2,0,0,0.6779999999999999,2.0,2,0
2024-05-08,663855,23,5,2,8.83680580952381,22.0,15,2
2024-05-08,663903,22,4,2,7.45035734368071,22.0,16,1
2024-05-08,663978,25,10,1,5.9292848461538465,25.0,14,1
2024-05-08,663992,3,2,1,0.689131,3.0,0,0
2024-05-08,664875,4,0,1,1.7781310000000001,4.0,3,0
2024-05-08,666205,16,2,3,5.810262,15.0,11,1
2024-05-08,666214,5,1,0,1.4129999999999998,5.0,4,0
2024-05-08,666808,5,0,2,2.9750160983606557,5.0,3,1
2024-05-08,666974,3,0,1,1.9171310000000001,3.0,2,0
2024-05-08,667755,22,6,2,6.246375636363637,22.0,14,1
2024-05-08,668390,9,2,1,3.7460288823529413,9.0,5,1
2024-05-08,668933,24,2,3,8.383585,24.0,18,0
2024-05-08,669211,2,0,0,0.65,2.0,2,0
2024-05-08,669276,8,2,0,1.752,8.0,6,0
2024-05-08,669391,3,0,0,1.948,3.0,3,0
2024-05-08,669713,27,3,1,11.165323,27.0,22,0
2024-05-08,669912,3,1,0,0.421,3.0,2,0
2024-05-08,669923,20,4,1,8.969543111144668,20.0,15,4
2024-05-08,670059,3,2,0,0.013,3.0,1,0
2024-05-08,670174,5,0,1,2.096131,5.0,4,0
2024-05-08,670955,8,2,1,1.999540090909091,8.0,5,1
2024-05-08,671345,3,0,0,1.3271071428571428,3.0,3,1
2024-05-08,672335,4,0,1,1.907131,4.0,3,0
2024-05-08,672582,1,1,0,0.0,1.0,0,0
2024-05-08,674370,14,4,2,3.692454,14.0,7,0
2024-05-08,675627,3,1,0,0.17200000000000001,3.0,2,0
2024-05-08,675989,6,2,0,1.308,6.0,4,0
2024-05-08,676254,3,1,0,0.718,3.0,2,0
2024-05-08,676395,3,1,0,0.6659999999999999,3.0,2,0
2024-05-08,676440,18,5,0,6.800379344913152,18.0,12,2
2024-05-08,676664,26,3,1,11.001687034482758,26.0,22,2
2024-05-08,676702,3,0,0,1.2166818181818182,3.0,3,1
2024-05-08,677053,4,0,0,0.864,3.0,3,0
2024-05-08,677960,23,3,1,8.820207923076923,23.0,19,2
2024-05-08,678061,3,1,0,0.003,2.0,1,0
2024-05-08,680694,22,9,2,5.225454,22.0,10,0
2024-05-08,680704,5,2,0,1.568625,5.0,3,0
2024-05-08,680730,21,3,1,8.333562818181818,21.0,17,2
2024-05-08,681293,25,4,3,14.101938905707195,25.0,18,4
2024-05-08,681857,22,4,2,5.351262,22.0,16,0
2024-05-08,681869,7,0,2,2.9312620000000003,7.0,5,0
2024-05-08,682847,5,0,0,3.045108333333333,5.0,5,1
2024-05-08,683004,20,3,0,7.920085106382978,20.0,17,2
2024-05-08,683627,13,3,1,3.025131,13.0,9,0
2024-05-08,683769,7,0,0,1.9752692307692306,7.0,7,0
2024-05-08,687330,9,2,0,2.0169411764705885,8.0,6,0
2024-05-08,687424,3,0,0,0.024999999999999998,3.0,3,0
2024-05-08,687922,7,2,1,2.122131,7.0,4,0
2024-05-08,689147,6,1,1,1.2481309999999999,6.0,4,0
2024-05-08,694813,26,4,0,8.039250000000001,26.0,22,2
2024-05-08,695243,6,4,0,0.529,6.0,2,0
2024-05-09,518585,6,2,2,2.856262,6.0,2,0
2024-05-09,519151,4,1,1,3.472131,4.0,2,2
2024-05-09,543243,24,6,1,11.746686727401631,24.0,16,4
2024-05-09,571656,4,0,0,1.9829999999999999,4.0,4,0
2024-05-09,571948,3,1,0,0.404,3.0,2,0
2024-05-09,573124,5,3,0,1.1760000000000002,5.0,2,0
2024-05-09,573186,26,5,2,11.605719142857144,26.0,19,4
2024-05-09,592426,3,1,0,0.8596363636363635,3.0,2,0
2024-05-09,594902,27,2,3,11.00419975422139,27.0,22,3
2024-05-09,596133,4,2,0,0.499,4.0,2,0
2024-05-09,600986,9,3,0,1.842192,9.0,5,0
2024-05-09,605154,4,1,0,3.3532622950819673,4.0,3,2
2024-05-09,607200,24,3,0,6.803192,24.0,20,0
2024-05-09,607237,5,2,2,1.975262,5.0,1,0
2024-05-09,607259,10,2,1,3.525131,10.0,7,0
2024-05-09,608379,27,6,5,6.541018636363637,27.0,16,0
2024-05-09,615698,25,5,3,8.807500142857142,24.0,16,1
2024-05-09,622251,5,3,1,1.299131,5.0,1,0
2024-05-09,623149,3,2,0,0.057,3.0,1,0
2024-05-09,623352,5,1,0,1.131,5.0,4,0
2024-05-09,641154,25,10,0,5.928406285714286,25.0,13,0
2024-05-09,642701,4,1,0,0.7,4.0,3,0
2024-05-09,650556,4,3,0,0.5952857142857143,4.0,1,0
2024-05-09,656222,4,2,0,0.052,3.0,1,0
2024-05-09,656464,3,1,0,0.535,3.0,2,0
2024-05-09,656629,5,1,0,2.119181818181818,5.0,4,1
2024-05-09,657044,2,0,0,1.081,2.0,2,0
2024-05-09,657649,7,2,0,0.9580000000000001,7.0,5,0
2024-05-09,660761,14,6,0,2.982,14.0,8,0
2024-05-09,660825,8,4,1,1.7241309999999999,8.0,3,0
2024-05-09,663531,8,1,0,2.254,8.0,7,0
2024-05-09,663738,5,0,0,1.4602222222222223,5.0,5,1
2024-05-09,667463,4,1,0,0.323,4.0,3,0
2024-05-09,668338,9,0,0,3.699088551724138,9.0,8,1
2024-05-09,668881,22,6,5,7.296872391304348,22.0,11,1
2024-05-09,668964,19,6,4,6.525398999999999,19.0,9,1
2024-05-09,669302,22,4,2,6.470185076923077,22.0,16,0
2024-05-09,669422,6,1,0,2.797192,6.0,4,0
2024-05-09,669854,24,5,4,9.24200476923077,24.0,15,2
2024-05-09,671922,4,1,1,0.798131,4.0,2,0
2024-05-09,672282,23,5,2,8.341770771929824,23.0,16,2
2024-05-09,673929,3,2,0,0.23,3.0,1,0
2024-05-09,676760,5,2,1,1.590131,4.0,1,0
2024-05-09,676775,19,1,0,8.620957458695825,19.0,18,2
2024-05-09,677944,21,2,3,6.7771008218125965,21.0,15,2
2024-05-09,678495,11,4,0,1.5879999999999999,11.0,7,0
2024-05-09,680767,7,0,1,2.820131,7.0,6,0
2024-05-09,681892,6,2,1,1.4191310000000001,6.0,3,0
2024-05-09,682120,3,2,0,0.262,3.0,1,0
2024-05-09,687798,5,2,0,1.702,5.0,3,0
2024-05-09,688297,3,0,0,0.42400000000000004,3.0,3,0
2024-05-10,445276,6,3,1,2.403131,6.0,2,0
2024-05-10,450203,24,7,1,7.140660411764706,24.0,16,1
2024-05-10,458677,5,1,0,1.8655454545454546,5.0,4,0
2024-05-10,458681,20,5,2,7.031262,20.0,13,1
2024-05-10,471911,29,5,0,10.705103333333334,29.0,24,3
2024-05-10,472610,3,1,0,1.123861111111111,3.0,2,1
2024-05-10,500779,22,3,2,9.79198789869281,22.0,17,2
2024-05-10,518886,3,1,0,0.853,3.0,2,0
2024-05-10,519043,5,1,1,1.470131,5.0,3,0
2024-05-10,519293,3,1,0,0.971,3.0,2,0
2024-05-10,542888,5,0,0,2.997757575757576,5.0,5,1
2024-05-10,544150,2,0,0,1.023,2.0,2,0
2024-05-10,547184,5,0,0,2.5040967741935485,5.0,5,0
2024-05-10,571578,22,4,1,7.531458586206897,22.0,17,1
2024-05-10,571670,3,0,0,0.85,3.0,3,0
2024-05-10,571882,5,0,2,2.840262,5.0,3,0
2024-05-10,579328,28,3,0,6.09868016194332,27.0,24,2
2024-05-10,592094,3,0,0,1.2750000000000001,3.0,3,0
2024-05-10,592351,27,7,1,8.217464333333334,26.0,19,0
2024-05-10,595014,3,2,0,0.696,3.0,1,0
2024-05-10,595897,1,0,0,0.0,0.0,0,0
2024-05-10,596133,3,2,0,0.008,3.0,1,0
2024-05-10,596295,27,5,2,10.509417677655676,27.0,20,3
2024-05-10,605177,3,0,1,1.292131,3.0,2,0
2024-05-10,605280,6,3,2,2.2782620000000002,6.0,1,0
2024-05-10,605288,9,0,2,3.210262,9.0,7,0
2024-05-10,606930,5,3,1,1.073131,5.0,1,0
2024-05-10,607192,22,10,2,5.307180032786886,22.0,10,1
2024-05-10,608032,6,1,0,1.8463,6.0,5,0
2024-05-10,608344,23,6,1,8.5976021450581,23.0,16,2
2024-05-10,608371,2,0,0,0.393,2.0,2,0
2024-05-10,608648,3,0,0,0.8326666666666667,3.0,3,0
2024-05-10,608717,2,1,0,0.22,2.0,1,0
2024-05-10,608723,7,0,0,4.242479878787879,7.0,6,1
2024-05-10,621051,3,1,1,1.6903734242424244,3.0,1,1
2024-05-10,621053,4,2,0,1.07,4.0,2,0
2024-05-10,621112,23,5,3,9.007635600343054,23.0,14,2
2024-05-10,621237,3,1,0,0.753,3.0,2,0
2024-05-10,621345,3,3,0,0.0,3.0,0,0
2024-05-10,621383,5,0,0,1.772413793103448,5.0,5,1
2024-05-10,623352,4,2,1,0.799131,4.0,1,0
2024-05-10,624133,25,9,2,5.766487806451613,25.0,14,1
2024-05-10,628452,5,0,1,1.750131,5.0,4,0
2024-05-10,640451,3,1,1,0.8311310000000001,3.0,1,0
2024-05-10,640470,4,2,0,2.3493767560664107,4.0,2,2
2024-05-10,641941,3,1,0,1.2021818181818182,3.0,2,0
2024-05-10,642397,6,1,1,3.980980537037037,6.0,4,2
2024-05-10,643256,1,1,0,0.0,1.0,0,0
2024-05-10,643361,13,0,1,5.40881215942029,13.0,12,2
2024-05-10,643377,6,1,1,1.4051310000000001,6.0,4,0
2024-05-10,643511,3,0,0,0.28200000000000003,3.0,3,0
2024-05-10,650556,4,3,0,0.584,4.0,1,0
2024-05-10,650633,27,11,3,5.8108596666666665,27.0,13,0
2024-05-10,650893,3,1,0,0.966,3.0,2,0
2024-05-10,656222,3,0,0,0.29400000000000004,3.0,3,0
2024-05-10,656234,3,2,0,0.002,3.0,1,0
2024-05-10,656288,22,3,2,7.863079178881009,22.0,17,3
2024-05-10,656412,3,1,0,0.299,3.0,2,0
2024-05-10,656557,28,4,1,9.361180142857142,28.0,22,0
2024-05-10,656641,3,1,1,1.5752277741935483,3.0,1,1
2024-05-10,657097,3,0,1,0.9801310000000001,3.0,2,0
2024-05-10,657277,29,6,2,9.770881047619048,29.0,21,1
2024-05-10,657376,24,6,2,6.633262,24.0,16,0
2024-05-10,657514,3,1,0,0.037,3.0,2,0
2024-05-10,657746,27,7,0,7.877857843137255,27.0,20,2
2024-05-10,658648,5,1,0,3.168770416024653,5.0,4,1
2024-05-10,661395,3,0,1,0.975131,3.0,2,0
2024-05-10,663158,3,0,0,0.24500000000000002,3.0,3,0
2024-05-10,663423,6,2,0,1.9420000000000002,6.0,4,0
2024-05-10,663531,3,0,0,0.959,3.0,3,0
2024-05-10,663554,23,2,2,8.246368382978723,23.0,19,1
2024-05-10,663878,3,1,0,1.229,3.0,2,0
2024-05-10,664076,1,1,0,0.0,1.0,0,0
2024-05-10,664285,29,4,2,8.709262,29.0,23,0
2024-05-10,664747,4,2,1,0.775131,4.0,1,0
2024-05-10,664875,3,1,2,1.378262,3.0,0,0
2024-05-10,665871,20,4,2,5.6936466153846155,20.0,14,0
2024-05-10,666720,2,1,0,0.6782222222222223,2.0,1,1
2024-05-10,666974,4,1,0,0.8140000000000001,4.0,3,0
2024-05-10,669062,5,0,2,2.8280195757575757,5.0,3,1
2024-05-10,669432,21,3,2,8.796893034868592,20.0,16,2
2024-05-10,669461,4,1,0,1.166,4.0,3,0
2024-05-10,669622,3,1,0,0.6980000000000001,3.0,2,0
2024-05-10,669912,5,3,0,0.5674999999999999,5.0,2,0
2024-05-10,670167,4,0,0,1.2577586206896556,3.0,3,1
2024-05-10,670990,6,3,0,0.835,6.0,3,0
2024-05-10,671096,22,2,1,5.186242111111111,22.0,19,0
2024-05-10,671345,5,0,0,1.433,5.0,5,0
2024-05-10,671737,24,7,2,9.358128666666667,24.0,15,2
2024-05-10,672335,2,0,0,0.7691920000000001,2.0,1,0
2024-05-10,672710,3,0,0,0.424,3.0,3,0
2024-05-10,673513,5,0,1,1.491,4.0,4,0
2024-05-10,673929,4,0,0,0.07700000000000001,4.0,4,0
2024-05-10,675627,3,1,0,1.054,3.0,2,0
2024-05-10,675989,4,1,1,0.759131,4.0,2,0
2024-05-10,676395,1,1,0,0.0,1.0,0,0
2024-05-10,676534,7,1,2,3.871307454545455,7.0,4,1
2024-05-10,676596,5,0,0,2.654,5.0,5,0
2024-05-10,676684,4,0,1,1.162131,4.0,3,0
2024-05-10,676702,8,1,1,2.808131,8.0,6,0
2024-05-10,676962,14,6,1,2.716131,14.0,7,0
2024-05-10,676979,23,11,0,3.3,23.0,12,0
2024-05-10,679525,23,7,2,5.717262,22.0,13,1
2024-05-10,679885,7,5,2,0.689131,6.0,0,0
2024-05-10,681517,9,2,2,4.484262,9.0,5,1
2024-05-10,681871,8,1,0,2.626660377358491,8.0,7,1
2024-05-10,681982,6,1,1,1.432,5.0,4,0
2024-05-10,683003,27,4,2,8.436228101694915,27.0,21,2
2024-05-10,686539,8,2,1,2.661664333333334,8.0,5,1
2024-05-10,687330,4,1,0,1.436,4.0,3,0
2024-05-10,687922,7,4,1,1.7081309999999998,7.0,2,0
2024-05-10,688107,20,4,0,4.061192,20.0,15,0
2024-05-10,688297,6,2,0,1.887192,6.0,3,0
2024-05-10,693433,15,3,1,3.037900230769231,15.0,11,0
2024-05-10,694297,25,0,2,8.102549390029326,25.0,23,1
2024-05-11,445276,3,2,0,0.066,3.0,1,0
2024-05-11,455119,3,0,0,1.4601920000000002,3.0,2,0
2024-05-11,502043,23,7,4,7.7025785,21.0,10,1
2024-05-11,502085,4,0,1,2.290323,4.0,2,0
2024-05-11,518886,4,1,0,1.2161920000000002,4.0,2,0
2024-05-11,519326,4,1,0,0.605,4.0,3,0
2024-05-11,542881,27,4,1,8.550356396825396,27.0,22,1
2024-05-11,543056,3,1,0,0.579,3.0,2,0
2024-05-11,543351,3,0,0,2.213,3.0,3,0
2024-05-11,543859,4,2,1,0.7181310000000001,4.0,1,0
2024-05-11,547184,3,1,0,0.634,3.0,2,0
2024-05-11,547973,5,2,1,1.0841310000000002,5.0,2,0
2024-05-11,552640,5,0,1,3.0526643333333334,5.0,4,1
2024-05-11,554340,3,1,0,0.261,3.0,2,0
2024-05-11,571656,3,1,0,0.806,3.0,2,0
2024-05-11,571760,23,8,0,7.088,22.0,14,1
2024-05-11,571946,2,0,0,0.798192,2.0,1,0
2024-05-11,571948,4,1,0,0.842,4.0,3,0
2024-05-11,572020,22,4,0,7.997542443064182,22.0,18,2
2024-05-11,572143,10,3,1,3.1373230000000003,9.0,5,0
2024-05-11,573009,3,0,0,0.42100000000000004,3.0,3,0
2024-05-11,573124,3,2,0,0.720192,3.0,0,0
2024-05-11,573204,4,0,2,3.076452476190476,4.0,2,1
2024-05-11,592094,2,0,0,2.206421052631579,2.0,2,1
2024-05-11,592332,20,6,2,9.823516098360656,20.0,12,2
2024-05-11,592773,4,0,0,1.768802681992337,4.0,4,1
2024-05-11,592836,26,4,1,7.131606333333334,25.0,19,2
2024-05-11,595345,3,0,1,2.059131,3.0,2,0
2024-05-11,600917,7,4,1,1.603131,6.0,2,0
2024-05-11,605130,5,1,0,2.402225806451613,5.0,4,1
2024-05-11,605154,3,1,0,0.95,3.0,2,0
2024-05-11,605182,18,5,0,4.4969,18.0,13,1
2024-05-11,605347,7,0,2,3.9834201016949153,7.0,4,1
2024-05-11,605447,4,2,0,0.5942500000000001,4.0,2,0
2024-05-11,605463,2,1,0,0.112,2.0,1,0
2024-05-11,607644,21,3,0,9.636774465331278,21.0,17,2
2024-05-11,608331,24,5,3,8.389523090148918,24.0,16,2
2024-05-11,608334,3,0,0,0.35,3.0,3,0
2024-05-11,608718,6,2,0,1.6438586666666666,6.0,3,0
2024-05-11,613534,3,1,0,0.131,3.0,2,0
2024-05-11,614179,5,2,0,2.5292222222222223,5.0,3,1
2024-05-11,621016,7,2,1,1.9071310000000001,7.0,4,0
2024-05-11,621381,4,2,0,0.484,4.0,2,0
2024-05-11,622251,5,0,0,1.9889999999999999,5.0,5,0
2024-05-11,623149,5,1,1,1.055,4.0,3,0
2024-05-11,623433,5,0,1,2.9061310000000002,5.0,4,0
2024-05-11,624522,7,2,2,5.047967882352941,7.0,3,2
2024-05-11,628452,6,1,1,2.9171509999999996,6.0,4,1
2024-05-11,641482,23,5,3,7.82940979197995,23.0,15,3
2024-05-11,641656,3,0,0,0.252,3.0,3,0
2024-05-11,641729,5,2,2,1.384262,5.0,1,0
2024-05-11,641755,4,1,0,0.155,4.0,3,0
2024-05-11,641793,23,3,2,7.016454,23.0,17,0
2024-05-11,642100,6,2,2,1.3381310000000002,4.0,2,0
2024-05-11,642232,5,0,0,1.355,5.0,5,0
2024-05-11,642547,27,8,1,8.553315065934067,27.0,18,2
2024-05-11,642701,6,1,1,2.403216714285715,6.0,4,1
2024-05-11,643256,1,0,0,0.141,1.0,1,0
2024-05-11,643511,4,1,0,0.763,4.0,3,0
2024-05-11,647315,5,0,0,2.832,4.0,4,1
2024-05-11,656234,5,0,1,1.646268931034483,5.0,4,1
2024-05-11,656420,4,1,0,1.627192,4.0,2,0
2024-05-11,656464,4,0,0,1.608300194931774,4.0,4,1
2024-05-11,656546,3,0,0,0.8353846153846154,3.0,3,0
2024-05-11,656730,5,0,0,2.078,5.0,5,0
2024-05-11,656887,6,2,0,1.1059999999999999,6.0,4,0
2024-05-11,657006,20,3,2,7.927950531029065,20.0,15,2
2024-05-11,657024,3,1,0,0.839,3.0,2,1
2024-05-11,657044,4,1,0,0.253,4.0,3,0
2024-05-11,657508,7,0,0,1.45,7.0,7,0
2024-05-11,657514,4,1,0,0.8140000000000001,4.0,3,0
2024-05-11,657612,4,1,0,0.661,4.0,3,0
2024-05-11,660825,6,1,1,3.172019888888889,5.0,4,1
2024-05-11,660853,2,1,0,1.232761904761905,2.0,1,1
2024-05-11,663362,20,6,2,4.543181047619048,20.0,12,1
2024-05-11,663372,25,4,2,6.658928666666666,25.0,19,0
2024-05-11,663474,27,5,3,6.666964428571429,27.0,19,1
2024-05-11,663485,7,1,0,3.426431034482759,7.0,6,1
2024-05-11,663542,4,2,0,0.485,4.0,2,0
2024-05-11,663546,4,1,0,1.165,4.0,3,0
2024-05-11,663568,3,1,0,0.324,3.0,2,0
2024-05-11,663623,26,6,0,9.053243068187872,26.0,20,4
2024-05-11,663947,7,2,0,1.138,7.0,5,0
2024-05-11,663992,5,0,0,3.121190476190477,5.0,5,2
2024-05-11,664076,4,0,0,0.823192,4.0,3,0
2024-05-11,664126,3,1,0,0.69,3.0,2,0
2024-05-11,664208,3,0,0,0.253,3.0,3,0
2024-05-11,664299,13,0,4,8.2692697435047,13.0,9,3
2024-05-11,666142,28,3,1,10.249520454209065,27.0,24,2
2024-05-11,666157,25,6,1,5.785839333333333,25.0,18,1
2024-05-11,666200,21,8,1,6.514660411764706,21.0,12,1
2024-05-11,666277,7,1,0,2.633,7.0,6,0
2024-05-11,666745,10,2,2,2.1441310000000002,9.0,6,0
2024-05-11,666974,4,0,1,1.966131,4.0,3,0
2024-05-11,668390,7,1,0,1.786,7.0,6,0
2024-05-11,668674,3,0,0,0.40700000000000003,3.0,3,0
2024-05-11,668941,5,1,0,1.224192,5.0,3,0
2024-05-11,669062,4,0,1,2.421323,4.0,2,0
2024-05-11,669194,22,3,0,9.260105263157895,22.0,19,2
2024-05-11,669211,3,1,0,0.413,3.0,2,0
2024-05-11,669373,28,7,2,6.029452476190476,28.0,19,1
2024-05-11,669422,4,1,1,2.034701707070707,4.0,2,0
2024-05-11,670059,7,1,3,3.372926333333334,7.0,3,1
2024-05-11,670280,5,0,0,2.4264468085106383,5.0,5,1
2024-05-11,670950,6,2,0,1.9596190476190474,6.0,4,1
2024-05-11,670970,3,0,2,1.808262,3.0,1,0
2024-05-11,671922,2,0,0,0.277,2.0,2,0
2024-05-11,676254,4,1,0,2.3569253731343283,4.0,3,1
2024-05-11,676395,6,1,1,0.9279999999999999,5.0,4,1
2024-05-11,676596,2,0,1,0.780131,2.0,1,0
2024-05-11,676702,3,1,0,0.013000000000000001,3.0,2,0
2024-05-11,680573,21,2,1,7.656421842490842,21.0,18,3
2024-05-11,681035,25,8,2,7.8440286666666665,25.0,15,1
2024-05-11,681402,3,1,0,1.037,3.0,2,0
2024-05-11,681676,4,1,0,0.984,4.0,3,0
2024-05-11,681867,19,9,1,4.7642573616557735,19.0,9,1
2024-05-11,681869,5,1,1,1.170131,5.0,3,0
2024-05-11,682243,25,9,2,7.410844600195503,25.0,14,2
2024-05-11,683155,17,5,0,5.173408333333334,17.0,12,3
2024-05-11,683232,4,2,0,0.213,4.0,2,0
2024-05-11,686580,3,0,1,1.3931310000000001,3.0,2,0
2024-05-11,686613,21,7,0,3.9880199999999997,21.0,14,1
2024-05-11,686826,5,1,2,1.245131,4.0,2,0
2024-05-11,687424,4,0,1,1.202131,4.0,3,0
2024-05-11,687765,4,0,0,1.5016666666666667,3.0,3,0
2024-05-11,693312,6,2,3,2.787585,6.0,0,0
2024-05-11,694363,7,2,1,1.200131,7.0,4,0
2024-05-11,694973,21,7,2,8.330313523809524,20.0,10,2
2024-05-11,696131,18,2,2,5.219875052631579,18.0,13,1
2024-05-12,434378,26,8,2,5.284639185185185,25.0,14,1
2024-05-12,445276,4,0,0,2.0039166666666666,3.0,3,1
2024-05-12,445926,4,0,0,1.7555,4.0,4,0
2024-05-12,455119,3,1,0,0.239,3.0,2,0
2024-05-12,458677,3,1,0,0.237,3.0,2,0
2024-05-12,493603,3,0,1,2.3436397719298245,3.0,2,1
2024-05-12,506433,24,7,1,3.9994946363636363,24.0,16,0
2024-05-12,518585,3,2,0,0.584,3.0,1,0
2024-05-12,518617,3,0,1,1.561131,3.0,2,0
2024-05-12,519008,3,0,1,0.8541310000000001,3.0,2,0
2024-05-12,519326,3,2,0,0.165,3.0,1,0
2024-05-12,541640,7,0,1,3.8833190317460318,7.0,5,2
2024-05-12,542888,5,1,0,3.8919611111111116,5.0,4,2
2024-05-12,543294,20,5,4,5.615524000000001,20.0,11,1
2024-05-12,544150,10,3,0,1.1727999999999998,10.0,7,0
2024-05-12,547973,5,0,1,3.464076454545454,5.0,4,1
2024-05-12,552640,2,1,0,0.161,2.0,1,0
2024-05-12,554430,21,2,3,10.3682365704154,20.0,15,4
2024-05-12,570632,27,3,1,7.228669461538462,27.0,23,1
2024-05-12,571670,4,0,0,0.879,4.0,4,0
2024-05-12,571882,3,2,0,0.027,3.0,1,0
2024-05-12,571945,25,3,3,7.537393,25.0,19,0
2024-05-12,571948,3,1,0,0.309,3.0,2,0
2024-05-12,592155,3,1,0,1.234410256410256,3.0,2,1
2024-05-12,592426,4,2,1,0.907131,4.0,1,0
2024-05-12,593423,24,3,1,10.630508927125508,24.0,18,2
2024-05-12,593576,6,1,1,1.4718,5.0,4,1
2024-05-12,593974,5,1,0,1.468,5.0,4,0
2024-05-12,595897,3,0,2,2.0984540000000003,3.0,0,0
2024-05-12,596133,6,2,0,2.0041919999999998,6.0,3,0
2024-05-12,600986,5,0,2,2.603262,5.0,3,0
2024-05-12,605155,5,2,1,0.8221310000000001,5.0,2,0
2024-05-12,605513,5,2,0,1.4361920000000001,5.0,2,0
2024-05-12,607237,3,2,0,0.011,3.0,1,0
2024-05-12,607259,5,1,0,1.661,5.0,4,0
2024-05-12,607481,5,2,2,1.640262,5.0,1,0
2024-05-12,607625,29,12,0,4.9538,29.0,17,1
2024-05-12,608334,4,1,0,0.17700000000000002,4.0,3,0
2024-05-12,608371,1,0,0,0.4635,1.0,1,0
2024-05-12,608723,3,0,0,0.791,3.0,3,0
2024-05-12,621053,4,1,2,1.6722620000000001,4.0,1,0
2024-05-12,621111,18,2,2,9.637095509433962,18.0,13,2
2024-05-12,621199,8,1,1,2.0351310000000002,8.0,6,0
2024-05-12,621237,3,0,0,1.453,3.0,3,0
2024-05-12,621242,3,1,0,0.045,3.0,2,0
2024-05-12,621345,3,0,0,1.494225806451613,2.0,3,1
2024-05-12,621381,3,3,0,0.0,3.0,0,0
2024-05-12,621389,20,2,0,7.008754098360656,20.0,18,1
2024-05-12,622072,12,1,1,6.274363998885173,11.0,10,2
2024-05-12,622491,25,8,0,7.906398319327732,24.0,16,1
2024-05-12,622503,7,2,0,0.955,7.0,5,0
2024-05-12,622663,22,4,3,7.450713078817734,22.0,14,1
2024-05-12,640470,5,0,1,3.0077370606060607,5.0,4,1
2024-05-12,641302,29,3,2,13.446521257344298,29.0,24,6
2024-05-12,641656,5,2,0,1.4994651162790702,5.0,3,1
2024-05-12,641745,11,3,1,1.764131,11.0,7,0
2024-05-12,641755,4,0,1,1.473131,4.0,3,0
2024-05-12,641927,20,10,0,3.972,20.0,10,0
2024-05-12,641941,3,1,1,1.184631,3.0,1,0
2024-05-12,642232,3,0,0,0.926192,3.0,2,0
2024-05-12,642397,2,0,1,0.191,1.0,1,0
2024-05-12,642546,5,1,3,2.2013930000000004,5.0,1,0
2024-05-12,643410,5,2,0,0.022,5.0,3,0
2024-05-12,647336,21,4,1,7.229464803147757,21.0,16,4
2024-05-12,656222,4,0,0,1.875,4.0,4,0
2024-05-12,656427,24,7,0,7.051444444444445,24.0,17,1
2024-05-12,656529,3,1,0,0.321,3.0,2,0
2024-05-12,656546,4,1,1,1.277131,4.0,2,0
2024-05-12,656638,9,0,2,4.5302620000000005,9.0,7,0
2024-05-12,656641,3,0,1,2.455131000000001,3.0,2,1
2024-05-12,656945,8,1,2,2.432262,8.0,5,0
2024-05-12,657024,6,1,1,2.295131,6.0,4,0
2024-05-12,657571,5,1,1,3.3435628181818178,5.0,3,1
2024-05-12,657585,7,3,1,1.698131,7.0,3,0
2024-05-12,657612,5,0,2,1.007131,3.0,2,0
2024-05-12,657649,10,2,0,2.6319999999999997,10.0,7,0
2024-05-12,661395,4,0,0,2.230115076923077,4.0,3,0
2024-05-12,661527,11,2,1,5.005647129032258,11.0,8,1
2024-05-12,661563,22,3,2,6.965119142857143,22.0,17,0
2024-05-12,662253,3,0,0,1.1640769230769232,3.0,3,1
2024-05-12,663158,4,1,0,0.7916666666666665,4.0,3,0
2024-05-12,663485,3,0,1,1.591323,3.0,1,0
2024-05-12,663546,7,1,0,2.3263636363636366,7.0,6,1
2024-05-12,663559,25,1,2,10.785656924593873,25.0,22,2
2024-05-12,663704,4,0,0,1.3214528301886794,3.0,3,1
2024-05-12,663776,29,3,0,9.023,28.0,26,1
2024-05-12,663878,3,2,0,0.071,3.0,1,0
2024-05-12,663992,3,0,0,0.7489999999999999,3.0,3,0
2024-05-12,664747,5,0,1,0.392,4.0,4,0
2024-05-12,664854,3,2,0,0.223,3.0,1,0
2024-05-12,665152,26,10,4,10.221281575757576,26.0,12,3
2024-05-12,665625,4,1,0,1.222,4.0,3,1
2024-05-12,666129,23,8,2,7.7547495,23.0,13,1
2024-05-12,666201,26,6,1,7.378833127659575,26.0,19,1
2024-05-12,666205,16,5,0,5.080176151761518,16.0,11,2
2024-05-12,666214,4,0,1,2.700131,4.0,3,0
2024-05-12,666808,6,2,1,1.596131,6.0,3,0
2024-05-12,668678,23,4,2,6.514595333333333,23.0,17,1
2024-05-12,668941,5,2,0,1.188,5.0,3,0
2024-05-12,669022,27,9,2,6.815262,27.0,16,0
2024-05-12,669060,22,1,5,11.024536944444444,22.0,16,1
2024-05-12,669276,2,1,0,0.054,2.0,1,0
2024-05-12,669622,5,1,2,1.2217310000000001,4.0,2,0
2024-05-12,670280,5,1,1,2.422356806451613,5.0,3,1
2024-05-12,671106,24,3,1,7.247323000000001,24.0,19,0
2024-05-12,672335,5,1,1,2.4371764545454546,5.0,3,1
2024-05-12,675989,5,1,1,3.483797666666667,5.0,3,1
2024-05-12,676254,7,1,0,3.856268292682927,7.0,6,1
2024-05-12,676534,3,0,0,1.2695714285714288,3.0,3,1
2024-05-12,676684,8,0,0,3.127,8.0,8,0
2024-05-12,677053,3,1,0,0.9480000000000001,3.0,2,0
2024-05-12,677161,5,0,2,2.285454,5.0,2,0
2024-05-12,678394,20,1,2,6.951922377358491,19.0,16,1
2024-05-12,679885,3,0,1,1.456131,3.0,2,0
2024-05-12,680704,4,1,1,1.1231309999999999,4.0,2,0
2024-05-12,680767,7,1,1,1.1611310000000001,7.0,5,0
2024-05-12,681402,5,1,0,2.5640166666666677,5.0,4,1
2024-05-12,681892,5,1,0,0.479,5.0,4,0
2024-05-12,681911,3,0,0,0.03,3.0,3,0
2024-05-12,682847,8,1,1,2.832323,8.0,5,0
2024-05-12,683769,4,0,1,1.003131,4.0,3,0
2024-05-12,689147,3,1,0,1.7268627450980392,3.0,2,1
2024-05-12,690986,23,5,5,7.852072806451614,23.0,12,1
2024-05-12,693312,2,0,1,1.3883233076923078,2.0,1,1
2024-05-12,693821,23,6,0,5.732783333333334,23.0,17,1
2024-05-13,458677,4,2,0,0.9951920000000001,4.0,1,0
2024-05-13,472610,6,1,2,2.9844540000000004,6.0,2,0
2024-05-13,493603,5,1,0,0.636,5.0,4,0
2024-05-13,502624,3,1,0,0.022,3.0,2,0
2024-05-13,518585,7,2,3,3.378393,7.0,2,0
2024-05-13,518886,3,2,0,0.056,3.0,1,0
2024-05-13,519008,3,1,0,0.762,3.0,2,0
2024-05-13,519043,5,0,1,2.544131,5.0,4,0
2024-05-13,519151,5,1,0,1.450875,5.0,4,0
2024-05-13,543056,1,0,0,0.473,1.0,1,0
2024-05-13,543339,3,2,0,1.2136304347826088,3.0,1,1
2024-05-13,547179,24,4,4,6.7068365000000005,24.0,16,0
2024-05-13,548389,20,1,2,7.315974966873706,19.0,16,2
2024-05-13,552640,1,1,0,0.0,1.0,0,0
2024-05-13,554340,3,3,0,0.0,3.0,0,0
2024-05-13,573009,3,1,1,1.6041310000000002,3.0,1,0
2024-05-13,573124,5,2,1,1.9638331276595742,5.0,2,1
2024-05-13,592094,4,3,1,0.689131,4.0,0,0
2024-05-13,592426,5,2,1,1.814216714285715,5.0,2,1
2024-05-13,592773,5,1,0,1.2530000000000001,5.0,4,0
2024-05-13,595014,4,1,1,0.8931310000000001,4.0,2,0
2024-05-13,600917,4,1,1,2.8337725094339623,4.0,2,1
2024-05-13,600986,5,0,0,2.573,5.0,5,1
2024-05-13,605347,3,0,0,2.1420000000000003,3.0,3,0
2024-05-13,605447,7,1,1,1.884131,7.0,5,0
2024-05-13,605463,4,3,0,0.502,4.0,1,0
2024-05-13,606160,4,1,0,1.063,4.0,3,0
2024-05-13,606303,6,2,1,3.2040059999999997,5.0,3,2
2024-05-13,607067,25,5,1,8.028178685834503,25.0,19,2
2024-05-13,608371,1,0,0,0.229,1.0,1,0
2024-05-13,608648,3,1,0,0.20500000000000002,3.0,2,0
2024-05-13,608717,5,1,0,2.603154411764706,5.0,4,1
2024-05-13,608718,4,0,0,1.155,4.0,4,0
2024-05-13,614179,3,1,0,0.18100000000000002,3.0,2,0
2024-05-13,621107,20,2,0,6.877090570719603,20.0,18,2
2024-05-13,621237,3,0,0,0.818,3.0,3,0
2024-05-13,621242,8,2,2,4.026679806451613,8.0,3,1
2024-05-13,621244,25,4,1,6.710802052631578,25.0,20,2
2024-05-13,621345,4,0,1,1.959236263157895,4.0,3,0
2024-05-13,622554,5,0,2,1.6892620000000003,5.0,3,0
2024-05-13,625643,19,4,2,5.614928666666667,18.0,12,1
2024-05-13,640455,23,6,1,4.9192219090909095,23.0,16,1
2024-05-13,640462,1,0,0,0.212,1.0,1,0
2024-05-13,641712,23,3,3,9.527482914075286,23.0,17,3
2024-05-13,641941,3,3,0,0.0,3.0,0,0
2024-05-13,642397,3,1,0,0.6731818181818183,3.0,2,0
2024-05-13,643256,4,0,0,1.9307857142857143,4.0,4,0
2024-05-13,643511,4,1,0,1.239,4.0,3,0
2024-05-13,650556,3,2,1,0.689131,3.0,0,0
2024-05-13,650911,27,5,3,10.613872660690188,26.0,19,5
2024-05-13,656222,5,0,3,2.713393,5.0,2,0
2024-05-13,656234,4,0,2,2.9948074545454544,4.0,2,1
2024-05-13,656412,9,4,0,2.491861111111111,9.0,5,1
2024-05-13,656420,3,1,1,0.930131,3.0,1,0
2024-05-13,656464,6,1,1,1.8754002307692308,6.0,4,0
2024-05-13,656605,26,7,0,9.443546376811595,26.0,19,1
2024-05-13,656641,6,0,2,2.070131,5.0,4,0
2024-05-13,656756,24,7,3,8.895827782608695,24.0,14,1
2024-05-13,656887,4,1,1,0.7431310000000001,3.0,1,0
2024-05-13,657044,2,0,0,0.40399999999999997,2.0,2,0
2024-05-13,657097,5,0,0,0.467,5.0,5,0
2024-05-13,660761,11,2,2,2.401262,11.0,7,0
2024-05-13,661403,3,2,0,0.084,3.0,1,0
2024-05-13,662253,4,3,0,0.950714285714286,4.0,1,1
2024-05-13,663855,21,4,0,6.756377192982456,20.0,16,0
2024-05-13,663903,25,6,1,12.040176454545454,25.0,18,2
2024-05-13,664076,4,3,0,0.547,4.0,1,0
2024-05-13,664350,22,2,2,6.014262,21.0,17,0
2024-05-13,664747,5,0,2,2.839454,5.0,2,0
2024-05-13,664875,8,1,3,3.021393,8.0,4,0
2024-05-13,666159,26,5,1,8.235630511241446,26.0,20,2
2024-05-13,666808,3,2,0,0.007,3.0,1,0
2024-05-13,666974,4,0,2,3.159028666666667,4.0,2,1
2024-05-13,667463,5,0,0,0.9179999999999999,5.0,5,0
2024-05-13,667755,20,6,3,5.365603526315789,20.0,11,0
2024-05-13,668933,21,3,3,10.089452711736445,21.0,15,3
2024-05-13,669062,4,2,0,2.3411666666666666,4.0,2,1
2024-05-13,669093,3,2,0,0.6137142857142857,3.0,1,0
2024-05-13,669203,24,2,2,6.691262,24.0,20,0
2024-05-13,669211,3,0,1,1.1480967741935484,2.0,2,1
2024-05-13,669276,5,1,0,1.7,5.0,4,0
2024-05-13,669391,6,0,1,2.105131,6.0,5,0
2024-05-13,669461,15,1,2,7.042262,15.0,12,1
2024-05-13,669711,10,2,1,2.316131,9.0,6,0
2024-05-13,669713,13,2,1,4.665769888888889,13.0,10,1
2024-05-13,669923,27,6,0,6.270384,27.0,18,0
2024-05-13,669952,7,1,1,3.6799643333333334,7.0,5,1
2024-05-13,670280,3,1,0,0.088,3.0,2,0
2024-05-13,670970,10,3,0,1.1219999999999999,10.0,7,0
2024-05-13,671345,3,2,0,0.077,3.0,1,0
2024-05-13,672582,3,2,0,1.5578648648648643,3.0,1,1
2024-05-13,673513,4,1,0,1.0539999999999998,4.0,3,0
2024-05-13,675627,3,2,0,0.141,3.0,1,0
2024-05-13,676440,21,4,2,6.1623059393939394,21.0,15,1
2024-05-13,676534,3,1,0,0.358,3.0,2,0
2024-05-13,676596,9,1,1,4.624490247648902,9.0,7,2
2024-05-13,676702,4,2,1,0.689131,4.0,1,0
2024-05-13,676710,26,6,1,7.931131000000001,26.0,19,0
2024-05-13,677053,4,1,0,0.327,4.0,3,0
2024-05-13,678061,6,3,0,1.2332173913043476,6.0,3,1
2024-05-13,679885,4,2,0,0.9380000000000001,4.0,2,0
2024-05-13,680704,2,1,0,0.097,2.0,1,0
2024-05-13,681190,20,0,1,9.23358383018868,20.0,19,3
2024-05-13,681293,22,5,2,6.518671090909091,21.0,14,1
2024-05-13,681517,8,3,0,0.269,8.0,5,0
2024-05-13,681676,3,0,1,1.4671310000000002,3.0,2,0
2024-05-13,681911,1,1,0,0.0,1.0,0,0
2024-05-13,682120,4,2,0,0.9642999999999999,4.0,2,0
2024-05-13,683769,3,1,0,0.07300000000000001,3.0,2,0
2024-05-13,684007,23,8,3,8.331239153846154,23.0,12,2
2024-05-13,687330,7,0,0,2.516,7.0,7,0
2024-05-13,687424,5,2,0,3.0220000000000002,5.0,3,1
2024-05-13,687765,5,1,1,2.9209771538461533,5.0,3,1
2024-05-13,687798,4,0,1,1.640131,4.0,3,0
2024-05-13,687922,9,0,1,2.426031,9.0,8,0
2024-05-13,689147,3,1,0,1.054,3.0,2,0
2024-05-13,808967,24,6,2,7.928610214285714,24.0,16,1
2024-05-14,445276,4,0,0,1.2579,3.0,3,1
2024-05-14,455119,3,2,0,0.252,3.0,1,0
2024-05-14,489446,3,0,1,1.3001310000000001,3.0,2,0
2024-05-14,518617,4,0,3,2.1853930000000004,4.0,1,0
2024-05-14,519151,5,1,0,1.19,5.0,4,0
2024-05-14,519242,25,9,0,4.6611340000000006,25.0,14,0
2024-05-14,519326,6,1,1,2.466131,6.0,4,0
2024-05-14,542888,3,3,0,0.0,3.0,0,0
2024-05-14,543243,28,9,2,8.959345333333333,28.0,16,1
2024-05-14,543351,6,1,0,0.732,6.0,5,0
2024-05-14,547184,2,0,0,0.747,2.0,2,0
2024-05-14,571656,4,0,0,0.919,4.0,4,0
2024-05-14,571882,4,0,0,0.846,4.0,4,0
2024-05-14,592094,2,0,0,0.44,2.0,2,0
2024-05-14,592791,23,2,3,11.755098882352941,23.0,18,3
2024-05-14,592866,20,2,1,7.364411688238316,20.0,17,2
2024-05-14,593974,2,1,0,0.509,2.0,1,0
2024-05-14,594902,23,5,3,6.466642444444445,23.0,15,2
2024-05-14,595345,5,0,1,1.741,4.0,4,0
2024-05-14,601713,20,8,0,5.379394312583968,20.0,12,3
2024-05-14,605121,4,2,1,0.8461310000000001,4.0,1,0
2024-05-14,605130,6,2,1,2.1961310000000003,6.0,3,0
2024-05-14,605154,8,2,1,3.641131,7.0,4,0
2024-05-14,605280,3,0,0,1.1172424242424246,3.0,3,1
2024-05-14,605347,5,1,1,2.021031,5.0,3,1
2024-05-14,605400,30,8,0,8.75,30.0,22,0
2024-05-14,605452,19,6,1,6.101611,19.0,12,2
2024-05-14,605463,6,3,0,1.184,6.0,3,0
2024-05-14,606160,4,3,0,0.720192,4.0,0,0
2024-05-14,606930,4,1,1,1.121131,4.0,2,0
2024-05-14,607074,24,6,0,9.728436234817813,24.0,18,1
2024-05-14,607179,2,0,0,0.42200000000000004,2.0,2,0
2024-05-14,607200,24,6,0,5.874031565656566,24.0,18,0
2024-05-14,607237,5,2,1,2.5182143333333338,5.0,2,1
2024-05-14,607481,4,1,0,0.249,4.0,3,0
2024-05-14,608334,7,4,0,1.108,7.0,3,0
2024-05-14,608379,23,7,2,4.343675793103448,23.0,14,1
2024-05-14,608718,3,2,0,0.333,3.0,1,0
2024-05-14,613534,3,2,0,0.07,3.0,1,0
2024-05-14,615698,23,5,3,6.988393,23.0,15,0
2024-05-14,621016,8,1,1,2.325131,8.0,6,0
2024-05-14,621051,6,2,1,1.084131,6.0,3,0
2024-05-14,622251,3,1,0,0.14600000000000002,3.0,2,0
2024-05-14,622503,5,1,0,3.3039454545454543,5.0,4,1
2024-05-14,623167,22,5,1,6.376131,21.0,16,0
2024-05-14,623352,7,3,1,2.0652277741935485,7.0,3,1
2024-05-14,623451,3,1,0,0.012,3.0,2,0
2024-05-14,640448,5,1,0,1.697,5.0,4,0
2024-05-14,640451,3,1,0,0.919,3.0,2,0
2024-05-14,640462,3,0,0,0.486,3.0,3,0
2024-05-14,641656,7,2,0,0.977,7.0,5,0
2024-05-14,641755,3,0,0,1.742,3.0,3,0
2024-05-14,642546,10,2,1,3.093131,10.0,7,0
2024-05-14,650556,3,0,0,0.395,3.0,3,0
2024-05-14,650644,20,6,0,4.134777777777778,20.0,14,0
2024-05-14,655889,7,0,2,2.329323,5.0,4,0
2024-05-14,656302,23,8,1,5.217631,23.0,13,1
2024-05-14,656420,3,0,0,0.476,3.0,3,0
2024-05-14,656629,5,1,2,1.820262,5.0,2,0
2024-05-14,656638,4,1,0,0.675,3.0,2,0
2024-05-14,656730,4,2,0,0.5445000000000001,4.0,2,0
2024-05-14,656887,7,0,0,2.211,7.0,7,0
2024-05-14,656945,5,2,1,1.0241310000000001,5.0,2,0
2024-05-14,657514,4,1,1,1.3581310000000002,4.0,2,0
2024-05-14,657612,1,0,0,0.201,1.0,1,0
2024-05-14,660853,4,3,0,0.407,4.0,1,0
2024-05-14,661403,4,0,1,1.361131,4.0,3,0
2024-05-14,663423,5,1,1,2.2194353478260873,4.0,3,1
2024-05-14,663531,14,2,0,4.370192,14.0,11,0
2024-05-14,663542,6,3,0,0.6262142857142856,6.0,3,0
2024-05-14,663568,9,1,0,3.857925373134328,9.0,8,1
2024-05-14,663704,6,3,0,2.005357142857143,6.0,3,1
2024-05-14,663978,29,4,2,11.878595333333333,29.0,23,2
2024-05-14,664076,4,2,0,0.492,4.0,2,0
2024-05-14,664126,3,2,0,0.085,3.0,1,0
2024-05-14,664208,3,1,0,0.915192,3.0,1,0
2024-05-14,664854,4,2,0,0.29100000000000004,4.0,2,0
2024-05-14,665625,3,2,0,0.8861904761904762,3.0,1,1
2024-05-14,666720,12,0,0,3.373049142857143,12.0,11,0
2024-05-14,667463,3,0,0,0.69,3.0,3,0
2024-05-14,668338,7,1,0,3.149477777777778,7.0,6,2
2024-05-14,668674,3,2,0,0.492,3.0,1,0
2024-05-14,668881,27,5,1,7.6541310000000005,26.0,21,0
2024-05-14,668941,5,2,2,2.030262,5.0,1,0
2024-05-14,669302,24,7,3,6.781708808510638,23.0,14,1
2024-05-14,669854,14,4,1,5.218393295081967,14.0,9,1
2024-05-14,669912,1,1,0,0.0,1.0,0,0
2024-05-14,670167,6,1,0,1.7770000000000001,6.0,5,0
2024-05-14,670990,5,2,0,1.296,5.0,3,0
2024-05-14,671131,4,1,0,1.8312622950819673,4.0,3,1
2024-05-14,671345,3,1,0,0.389,3.0,2,0
2024-05-14,671922,6,3,0,0.655,6.0,3,0
2024-05-14,672282,25,7,2,7.987944274247491,25.0,16,1
2024-05-14,673929,5,1,1,0.8551310000000001,5.0,3,0
2024-05-14,675989,3,1,0,0.6398571428571429,3.0,2,0
2024-05-14,676130,21,4,4,7.040466,21.0,12,0
2024-05-14,676395,3,0,1,1.119131,3.0,2,0
2024-05-14,676664,21,2,1,5.84209975,21.0,18,1
2024-05-14,676775,20,4,3,9.730643,20.0,13,3
2024-05-14,677161,8,2,1,0.7,7.0,5,0
2024-05-14,677944,25,3,1,8.34786928362751,25.0,21,1
2024-05-14,677960,26,4,0,5.4229,26.0,22,1
2024-05-14,678495,12,5,0,3.2510000000000003,12.0,7,1
2024-05-14,680730,21,3,2,7.771985833543506,20.0,15,2
2024-05-14,680767,7,1,0,2.238,7.0,6,0
2024-05-14,681402,5,0,1,2.082131,5.0,4,0
2024-05-14,681676,2,0,0,1.159,2.0,2,0
2024-05-14,681857,26,6,0,7.370864864864864,26.0,20,1
2024-05-14,681982,4,0,1,0.820192,3.0,2,0
2024-05-14,682990,28,5,2,8.481373111111111,28.0,21,0
2024-05-14,683004,13,1,3,6.881437589060309,13.0,7,2
2024-05-14,683232,5,0,1,2.118131,5.0,4,0
2024-05-14,686580,7,2,0,1.624,7.0,5,0
2024-05-14,686826,2,0,0,0.362,2.0,2,0
2024-05-14,687014,11,3,0,4.477721590909091,11.0,8,1
2024-05-14,693312,7,4,0,1.487,7.0,3,0
2024-05-14,694813,25,2,3,8.010772710144927,24.0,19,1
2024-05-14,695243,7,5,1,0.803131,7.0,1,0
2024-05-15,445926,8,1,0,3.045516129032258,8.0,7,1
2024-05-15,450203,18,4,3,5.867299285714286,18.0,10,1
2024-05-15,458681,24,5,2,9.4516343874092,24.0,16,1
2024-05-15,471911,20,3,1,5.855828940503432,19.0,15,1
2024-05-15,472610,6,2,0,1.593,6.0,4,0
2024-05-15,489446,4,3,0,0.175,4.0,1,0
2024-05-15,502085,4,2,0,0.767,4.0,2,0
2024-05-15,502624,3,0,0,0.817,3.0,3,0
2024-05-15,518585,5,2,0,0.787,5.0,3,0
2024-05-15,519008,3,0,0,0.58,3.0,3,0
2024-05-15,519043,5,2,2,1.5772620000000002,5.0,1,0
2024-05-15,519293,4,0,1,1.342781,4.0,3,0
2024-05-15,527048,26,4,1,11.54490404964539,26.0,21,3
2024-05-15,542888,4,1,0,1.2265714285714286,4.0,3,0
2024-05-15,543056,4,0,0,1.5650454545454546,4.0,4,0
2024-05-15,554340,8,1,2,0.547,5.0,5,0
2024-05-15,571578,23,0,2,8.172807454545454,23.0,21,0
2024-05-15,571670,6,1,0,1.4889999999999999,6.0,5,0
2024-05-15,571882,2,0,0,0.83,2.0,2,0
2024-05-15,573186,24,2,3,8.610271787878789,24.0,19,1
2024-05-15,579328,20,9,1,5.0002689310344826,20.0,10,1
2024-05-15,592155,6,4,0,0.73,6.0,2,0
2024-05-15,592351,24,3,2,6.696262,24.0,19,0
2024-05-15,592773,3,0,0,1.0981999999999998,3.0,3,0
2024-05-15,596133,8,3,1,2.9888233076923076,8.0,4,0
2024-05-15,596295,21,5,2,5.862512,21.0,14,0
2024-05-15,600917,3,1,0,0.7291920000000001,3.0,1,0
2024-05-15,605156,28,5,1,8.759161303030304,28.0,22,2
2024-05-15,605288,11,1,1,2.840131,11.0,9,0
2024-05-15,605447,2,0,0,0.8596666666666667,2.0,2,0
2024-05-15,605513,14,0,1,7.176309628389155,14.0,13,2
2024-05-15,606303,3,2,0,0.025,3.0,1,0
2024-05-15,608032,4,1,0,1.666105263157895,4.0,3,0
2024-05-15,608648,3,1,0,0.636,3.0,2,0
2024-05-15,608723,3,0,0,1.9894528301886796,3.0,3,1
2024-05-15,621053,1,0,0,0.304,1.0,1,0
2024-05-15,622251,4,0,1,2.092131,4.0,3,0
2024-05-15,622554,3,0,0,0.184,3.0,3,0
2024-05-15,622694,24,3,1,5.216812818181818,24.0,20,1
2024-05-15,623149,3,0,0,0.561,3.0,3,0
2024-05-15,623433,4,0,0,1.28,4.0,4,0
2024-05-15,623451,6,1,1,2.125323,6.0,3,0
2024-05-15,624133,23,3,2,6.401954,23.0,17,0
2024-05-15,641154,28,3,0,10.626311520737328,28.0,25,4
2024-05-15,641835,1,1,0,0.0,1.0,0,0
2024-05-15,642100,2,1,0,0.002,2.0,1,0
2024-05-15,643511,5,1,0,1.6235000000000002,5.0,4,0
2024-05-15,647315,4,1,0,0.5720000000000001,4.0,3,0
2024-05-15,650633,26,7,2,9.455262000000001,25.0,17,1
2024-05-15,650893,3,0,0,0.8094545454545455,3.0,3,0
2024-05-15,656288,25,5,3,8.702756636363636,24.0,17,1
2024-05-15,656557,26,7,3,8.243585,26.0,15,0
2024-05-15,656629,5,2,2,1.380262,5.0,1,0
2024-05-15,656924,4,1,0,2.676236444444444,4.0,2,1
2024-05-15,656945,5,1,0,1.663,5.0,4,0
2024-05-15,657044,4,1,0,0.679,4.0,3,0
2024-05-15,657097,6,1,3,2.348393,6.0,2,0
2024-05-15,657265,8,1,1,4.071517444444445,8.0,5,2
2024-05-15,657277,25,5,3,9.797186843317974,25.0,16,2
2024-05-15,657508,5,1,0,0.30200000000000005,5.0,4,0
2024-05-15,657571,3,1,0,0.6308999999999999,3.0,2,0
2024-05-15,657649,4,1,0,2.191431818181818,4.0,3,1
2024-05-15,658648,5,0,1,1.255131,5.0,4,0
2024-05-15,661527,7,1,2,2.114262,7.0,4,0
2024-05-15,662253,7,3,0,0.495,7.0,4,0
2024-05-15,663546,3,1,0,0.875,3.0,2,0
2024-05-15,663554,21,6,1,4.843131000000001,21.0,14,1
2024-05-15,663567,4,1,1,1.458131,4.0,2,0
2024-05-15,663947,3,0,0,1.149,3.0,3,0
2024-05-15,664126,3,2,0,0.337,3.0,1,0
2024-05-15,664192,21,2,4,9.792939788613902,20.0,15,2
2024-05-15,664208,6,1,0,2.832466666666667,6.0,5,1
2024-05-15,664285,24,8,2,4.577807454545455,24.0,14,0
2024-05-15,664875,5,1,0,1.372,5.0,4,0
2024-05-15,665871,23,7,1,5.985931,23.0,15,0
2024-05-15,666745,9,1,0,3.8951333333333333,9.0,8,1
2024-05-15,666808,5,2,1,1.831131,5.0,2,0
2024-05-15,669062,1,1,0,0.0,1.0,0,0
2024-05-15,669093,6,1,0,2.1310166666666674,6.0,5,1
2024-05-15,669432,21,6,2,6.1974540000000005,21.0,12,0
2024-05-15,669711,3,1,0,1.0779999999999998,3.0,2,0
2024-05-15,669952,7,2,0,1.7010454545454547,7.0,5,0
2024-05-15,671096,26,4,2,6.286713048951049,26.0,20,1
2024-05-15,671737,20,6,1,8.392723806451613,20.0,12,4
2024-05-15,672335,5,1,1,1.040131,5.0,3,0
2024-05-15,672582,2,0,0,0.759,2.0,2,0
2024-05-15,673929,3,1,0,0.493,3.0,2,0
2024-05-15,674285,10,3,2,3.8062620000000003,10.0,5,0
2024-05-15,676395,1,0,0,0.024,1.0,1,0
2024-05-15,676534,4,0,0,1.3279999999999998,4.0,4,0
2024-05-15,676684,4,1,0,1.6790967741935483,4.0,3,0
2024-05-15,676962,9,3,0,3.0220000000000002,9.0,6,0
2024-05-15,676979,21,6,3,5.400393,20.0,11,0
2024-05-15,677053,1,0,0,0.012,1.0,1,0
2024-05-15,678061,13,2,0,3.3961538461538465,13.0,11,1
2024-05-15,679525,20,7,1,5.794589333333333,20.0,12,1
2024-05-15,680694,18,3,2,4.130425636363636,18.0,13,0
2024-05-15,680704,3,0,1,1.8997913773584911,3.0,2,1
2024-05-15,681432,5,1,1,1.978323,5.0,2,0
2024-05-15,681892,8,1,1,3.125796909090909,8.0,6,2
2024-05-15,682847,10,5,2,2.0272620000000003,10.0,3,0
2024-05-15,683232,4,2,1,0.7011310000000001,4.0,1,0
2024-05-15,686539,6,1,0,2.0029473684210526,6.0,5,1
2024-05-15,687330,3,2,0,0.088,3.0,1,0
2024-05-15,687798,10,3,0,6.897684896021157,10.0,7,3
2024-05-15,688107,22,2,1,4.922131,22.0,19,0
2024-05-15,688297,6,2,2,1.8672620000000002,6.0,2,0
2024-05-15,689225,5,1,1,1.5161310000000001,5.0,3,0
2024-05-15,693433,20,5,1,4.993969815789474,20.0,14,0
2024-05-15,694297,25,9,2,4.525358774193548,25.0,14,0
2024-05-15,694363,7,1,0,1.155,6.0,5,0
2024-05-15,701643,8,0,0,3.4176010909090913,8.0,7,1
2024-05-16,445276,6,2,1,2.6393254444444443,6.0,3,2
2024-05-16,455119,4,0,0,1.345,4.0,4,0
2024-05-16,458677,1,1,0,0.0,1.0,0,0
2024-05-16,493603,4,0,0,0.8720000000000001,4.0,4,0
2024-05-16,500779,21,4,0,6.263601090909091,21.0,16,1
2024-05-16,518617,5,1,1,1.1811310000000002,5.0,3,0
2024-05-16,541640,1,0,0,0.052,1.0,1,0
2024-05-16,543351,3,1,0,0.394,3.0,2,0
2024-05-16,547973,3,2,0,0.021,3.0,1,0
2024-05-16,571656,4,2,1,0.986131,4.0,1,0
2024-05-16,573204,4,1,0,1.335,4.0,3,0
2024-05-16,592094,4,1,1,1.648131,4.0,2,0
2024-05-16,592836,15,1,2,6.734146615384615,15.0,12,1
2024-05-16,594580,3,1,1,1.3181310000000002,3.0,1,0
2024-05-16,595345,3,0,0,0.6609999999999999,3.0,3,0
2024-05-16,598286,13,1,2,6.373898363636363,12.0,9,1
2024-05-16,605347,3,0,1,0.40099999999999997,2.0,2,0
2024-05-16,607192,23,8,1,8.180131,23.0,14,1
2024-05-16,607259,16,4,0,2.221,16.0,12,0
2024-05-16,608371,3,2,0,0.014,3.0,1,0
2024-05-16,608718,3,0,1,1.0301310000000001,3.0,2,0
2024-05-16,614179,6,3,0,0.842,6.0,3,0
2024-05-16,621053,3,1,0,0.464,3.0,2,0
2024-05-16,621237,5,2,0,0.99,5.0,3,0
2024-05-16,621242,5,2,1,1.698131,5.0,2,0
2024-05-16,621381,5,2,0,0.196,5.0,3,0
2024-05-16,624647,3,0,0,0.332,3.0,3,0
2024-05-16,641793,25,3,1,9.386800468009536,25.0,20,3
2024-05-16,641941,4,1,0,1.3010000000000002,4.0,3,0
2024-05-16,642397,3,0,0,0.387,3.0,3,0
2024-05-16,655889,3,1,0,0.137,3.0,2,0
2024-05-16,656546,6,2,1,1.499131,6.0,3,0
2024-05-16,657006,25,7,1,6.338769888888889,24.0,17,1
2024-05-16,657376,30,8,0,6.437931130434783,30.0,21,2
2024-05-16,657514,5,2,0,2.389739130434783,5.0,3,1
2024-05-16,657585,8,2,1,2.292131,8.0,5,0
2024-05-16,657746,23,5,1,8.361946095879233,23.0,17,3
2024-05-16,663485,5,1,1,2.6464643333333333,4.0,2,1
2024-05-16,663687,12,3,2,3.113454,12.0,6,0
2024-05-16,664076,4,2,1,1.013131,4.0,1,0
2024-05-16,664299,21,8,1,3.6115855454545454,21.0,12,0
2024-05-16,668338,6,2,0,0.403,6.0,4,0
2024-05-16,669713,5,3,0,0.901,5.0,2,0
2024-05-16,670059,6,1,1,1.8473230000000003,6.0,3,0
2024-05-16,670280,3,1,0,0.213,3.0,2,0
2024-05-16,677161,6,1,4,2.8445240000000003,6.0,1,0
2024-05-16,681867,19,3,2,5.335987333333334,19.0,13,1
2024-05-16,681869,11,2,0,3.394192,11.0,8,0
2024-05-16,681911,5,2,0,0.11,5.0,3,0
2024-05-16,683003,25,7,0,6.222892857142858,25.0,18,1
2024-05-16,683155,23,4,4,8.143941763157896,22.0,14,0
2024-05-16,686580,3,3,0,0.0,3.0,0,0
2024-05-16,687330,4,0,0,2.3149615384615383,4.0,4,1
2024-05-16,689147,4,3,0,0.547,4.0,1,0
2024-05-17,445926,4,1,0,1.343,4.0,3,0
2024-05-17,502043,27,3,3,12.462666199302605,26.0,20,4
2024-05-17,502624,13,1,3,5.216393,13.0,9,0
2024-05-17,518585,6,1,1,1.94,5.0,4,0
2024-05-17,519008,1,0,0,0.22,1.0,1,0
2024-05-17,519043,5,0,0,1.763,5.0,5,0
2024-05-17,519326,1,0,0,0.37,1.0,1,0
2024-05-17,542881,25,4,2,9.216630764031668,25.0,19,3
2024-05-17,543294,25,4,0,9.803158771929825,25.0,21,1
2024-05-17,543339,3,0,0,0.79,3.0,3,0
2024-05-17,552640,5,0,1,2.792131,5.0,4,0
2024-05-17,554430,28,6,3,5.482393,27.0,18,0
2024-05-17,571760,19,5,2,6.987956976076555,19.0,12,2
2024-05-17,571948,5,2,1,1.039131,5.0,2,0
2024-05-17,572020,24,2,0,7.379231707317073,24.0,22,1
2024-05-17,572143,4,0,0,2.0688578431372546,4.0,4,1
2024-05-17,592155,7,1,0,2.618262295081967,7.0,6,1
2024-05-17,592426,4,1,1,1.9101310000000002,4.0,2,0
2024-05-17,593423,23,1,3,8.764793643815201,23.0,18,1
2024-05-17,593576,4,0,0,0.81,4.0,4,0
2024-05-17,595014,3,1,0,0.262,3.0,2,0
2024-05-17,595345,3,0,0,1.0627307692307693,3.0,3,1
2024-05-17,605130,3,2,0,0.786,3.0,1,0
2024-05-17,605135,24,5,3,8.651087227886057,24.0,16,2
2024-05-17,605182,21,5,2,8.833182282051283,20.0,14,3
2024-05-17,605280,4,2,1,0.7351310000000001,4.0,1,0
2024-05-17,605463,4,1,0,0.996,4.0,3,0
2024-05-17,606160,4,1,0,1.2890000000000001,4.0,3,0
2024-05-17,606930,6,2,0,1.1320000000000001,6.0,4,0
2024-05-17,607179,3,0,0,0.153,3.0,3,0
2024-05-17,607481,6,2,0,0.694,5.0,3,0
2024-05-17,607644,24,4,0,9.067834706959706,24.0,20,2
2024-05-17,608331,24,2,3,8.563393,24.0,19,0
2024-05-17,608334,3,1,0,0.07200000000000001,3.0,2,0
2024-05-17,608371,3,0,0,1.262,3.0,3,0
2024-05-17,608717,4,2,1,0.7461310000000001,4.0,1,0
2024-05-17,613534,4,0,2,2.6063810476190477,4.0,2,1
2024-05-17,621016,7,3,1,2.057931,7.0,3,1
2024-05-17,621051,3,1,1,1.255131,3.0,1,0
2024-05-17,621199,13,3,1,4.663429076923077,13.0,9,3
2024-05-17,621237,2,0,0,0.042,2.0,2,0
2024-05-17,621383,8,2,0,3.9476935483870967,8.0,6,2
2024-05-17,623352,3,1,0,0.23099999999999998,3.0,2,0
2024-05-17,628452,5,0,0,1.614,5.0,5,0
2024-05-17,641302,25,4,0,8.0658,25.0,21,1
2024-05-17,641312,14,3,0,4.793,14.0,11,0
2024-05-17,641482,27,6,1,5.718244333333334,26.0,19,1
2024-05-17,641656,4,1,0,2.145,4.0,3,0
2024-05-17,641729,3,1,0,0.015,3.0,2,0
2024-05-17,642547,23,6,1,8.622766566188197,23.0,16,2
2024-05-17,643377,3,2,0,0.008,3.0,1,0
2024-05-17,643410,5,1,0,3.3385087719298245,5.0,4,1
2024-05-17,643511,4,1,0,1.5723738181818183,4.0,2,0
2024-05-17,647315,4,1,0,1.56,4.0,3,0
2024-05-17,650556,5,1,1,1.704323,5.0,2,0
2024-05-17,650893,2,1,0,0.057,2.0,1,0
2024-05-17,655889,3,0,0,1.494,3.0,3,0
2024-05-17,656232,13,1,0,5.164538276360134,13.0,12,2
2024-05-17,656234,10,0,3,4.560195935483871,9.0,6,1
2024-05-17,656546,4,0,0,0.38199999999999995,4.0,4,0
2024-05-17,656924,3,0,2,2.328262,3.0,1,0
2024-05-17,657024,4,0,0,1.354,4.0,4,0
2024-05-17,657097,3,0,0,1.324,3.0,3,0
2024-05-17,657508,5,0,1,1.884131,5.0,4,0
2024-05-17,657571,2,1,0,0.554,2.0,1,0
2024-05-17,657612,3,0,0,0.767,3.0,3,0
2024-05-17,657649,4,0,0,1.759192,4.0,3,0
2024-05-17,660825,7,1,1,1.683131,7.0,5,0
2024-05-17,660853,2,1,0,0.009,2.0,1,0
2024-05-17,661395,4,1,0,1.6387631578947373,4.0,3,1
2024-05-17,661403,3,1,0,0.294,3.0,2,0
2024-05-17,663158,5,2,0,1.245923076923077,5.0,3,1
2024-05-17,663362,23,10,2,4.239262,23.0,11,0
2024-05-17,663372,21,2,2,10.424752977862717,21.0,17,4
2024-05-17,663474,24,5,4,10.087092576584705,23.0,13,3
2024-05-17,663531,9,4,0,0.361,9.0,5,0
2024-05-17,663546,9,1,0,2.439,9.0,8,0
2024-05-17,663623,23,2,1,5.830515,23.0,18,0
2024-05-17,663878,3,2,0,0.12,3.0,1,0
2024-05-17,664126,3,1,0,0.24100000000000002,3.0,2,0
2024-05-17,664747,5,0,0,1.6345294117647056,5.0,5,1
2024-05-17,665625,3,1,0,1.5321418269230769,3.0,2,1
2024-05-17,666142,23,7,2,5.608090375286041,23.0,14,1
2024-05-17,666200,23,7,0,6.074000000000001,23.0,16,1
2024-05-17,666214,9,2,0,2.5953846153846154,9.0,7,0
2024-05-17,666974,1,0,0,0.243,1.0,1,0
2024-05-17,667463,5,0,0,1.8579230769230768,5.0,5,0
2024-05-17,668390,6,1,0,2.7275,6.0,5,1
2024-05-17,668941,4,1,0,0.917,4.0,3,0
2024-05-17,669062,2,0,1,1.043131,2.0,1,0
2024-05-17,669093,3,3,0,0.0,3.0,0,0
2024-05-17,669194,25,4,1,9.523053769230769,25.0,19,1
2024-05-17,669211,3,0,0,0.35000000000000003,3.0,3,0
2024-05-17,669373,19,6,0,3.6492727272727272,19.0,13,1
2024-05-17,669387,9,1,1,4.501823307692307,9.0,7,1
2024-05-17,669422,5,1,0,1.7807540983606556,5.0,4,1
2024-05-17,669622,3,1,0,0.981,3.0,2,0
2024-05-17,669912,3,0,0,1.6360000000000001,3.0,3,0
2024-05-17,673513,3,2,1,0.689131,3.0,0,0
2024-05-17,675627,2,1,0,0.012,2.0,1,0
2024-05-17,675989,3,0,0,0.562,3.0,3,0
2024-05-17,676254,3,1,0,0.826,3.0,2,0
2024-05-17,676684,3,1,0,0.6619999999999999,3.0,2,0
2024-05-17,676702,4,3,0,0.002,4.0,1,0
2024-05-17,677020,10,2,1,2.9024946363636364,10.0,7,0
2024-05-17,678394,21,4,0,8.986116666666666,21.0,17,3
2024-05-17,678495,5,1,1,1.0201310000000001,5.0,3,0
2024-05-17,680573,21,2,0,6.302434424242424,21.0,18,1
2024-05-17,680767,6,2,0,1.624,6.0,4,0
2024-05-17,681035,21,3,1,6.043561095238095,21.0,16,1
2024-05-17,681432,2,1,0,0.764,2.0,1,0
2024-05-17,681982,7,2,2,2.225262,7.0,3,0
2024-05-17,682120,3,0,1,1.308131,3.0,2,0
2024-05-17,682243,24,1,1,10.434312818181818,24.0,22,2
2024-05-17,683627,7,1,1,2.441131,7.0,5,0
2024-05-17,683769,1,1,0,0.0,1.0,0,0
2024-05-17,686613,21,5,3,8.248654183261184,21.0,13,2
2024-05-17,687424,4,1,1,1.9647463846153848,4.0,2,1
2024-05-17,687765,20,4,1,6.130702428571428,20.0,15,2
2024-05-17,694973,19,11,1,1.952131,19.0,7,0
2024-05-17,696131,16,2,0,7.668749184750734,16.0,13,2
2024-05-17,701643,10,3,2,3.330462,10.0,5,1
2024-05-18,434378,20,3,2,6.136595333333333,20.0,15,1
2024-05-18,472610,5,0,1,2.2771310000000002,5.0,4,0
2024-05-18,489446,4,2,1,0.898131,4.0,1,0
2024-05-18,493603,3,1,0,1.2746190476190478,3.0,2,1
2024-05-18,502085,6,3,0,0.872,6.0,3,0
2024-05-18,518617,2,2,0,0.0,2.0,0,0
2024-05-18,519008,2,0,0,0.7170000000000001,2.0,2,0
2024-05-18,519326,3,0,0,0.577,3.0,3,0
2024-05-18,541640,3,0,0,0.133,3.0,3,0
2024-05-18,543056,3,0,0,1.133,3.0,3,0
2024-05-18,543339,3,1,0,0.427,3.0,2,0
2024-05-18,543351,8,1,1,2.987131,8.0,6,0
2024-05-18,544150,3,0,0,1.14465,3.0,3,0
2024-05-18,547184,4,1,0,1.0350000000000001,4.0,3,0
2024-05-18,548389,24,2,0,10.321571428571428,24.0,22,0
2024-05-18,552640,3,3,0,0.0,3.0,0,0
2024-05-18,554340,4,1,1,0.916131,4.0,2,0
2024-05-18,570632,24,3,1,8.134235425304425,24.0,20,3
2024-05-18,571670,4,0,0,1.6880000000000002,4.0,4,0
2024-05-18,571945,19,4,1,5.220100264069264,19.0,14,1
2024-05-18,571948,5,1,0,1.3210000000000002,5.0,4,0
2024-05-18,573009,3,0,1,1.5910909090909091,2.0,2,1
2024-05-18,573124,3,0,1,1.3651309999999999,3.0,2,0
2024-05-18,592094,5,1,0,1.390192,4.0,2,0
2024-05-18,592332,26,6,1,8.327845285714286,26.0,19,1
2024-05-18,592773,2,1,0,0.113,2.0,1,0
2024-05-18,593576,3,2,0,0.018,3.0,1,0
2024-05-18,595897,7,2,0,1.108,7.0,5,0
2024-05-18,600917,5,1,1,2.160369095238095,5.0,3,1
2024-05-18,605177,4,1,0,1.1019999999999999,4.0,3,0
2024-05-18,605347,2,0,0,0.589,2.0,2,0
2024-05-18,607625,24,10,1,7.506131,23.0,12,1
2024-05-18,608032,7,2,1,1.059,6.0,4,0
2024-05-18,608334,7,0,2,2.962323,6.0,4,0
2024-05-18,621107,26,3,0,8.207024258760107,26.0,23,3
2024-05-18,621111,21,7,0,2.8729999999999998,21.0,14,0
2024-05-18,621242,5,0,0,3.265684210526316,5.0,5,1
2024-05-18,621381,4,1,0,1.216,4.0,3,0
2024-05-18,621389,17,3,1,9.643845639706612,17.0,13,4
2024-05-18,622491,25,2,4,9.607620774193549,25.0,19,1
2024-05-18,622663,28,3,3,9.67151742002442,28.0,22,2
2024-05-18,640448,8,0,1,3.195945454545454,7.0,7,1
2024-05-18,640451,1,0,0,0.227,1.0,1,0
2024-05-18,641745,21,4,1,10.927794475177304,21.0,16,5
2024-05-18,641755,1,0,0,0.777,1.0,1,0
2024-05-18,641835,4,1,0,1.941,4.0,3,0
2024-05-18,641927,20,4,1,5.966931,20.0,15,1
2024-05-18,642100,3,0,1,1.1651310000000001,3.0,2,0
2024-05-18,642397,3,2,0,0.163,3.0,1,0
2024-05-18,642546,3,2,0,0.099,3.0,1,0
2024-05-18,642701,3,0,0,0.8089999999999999,3.0,3,0
2024-05-18,643256,3,1,0,0.642,3.0,2,0
2024-05-18,643410,3,3,0,0.0,3.0,0,0
2024-05-18,643511,5,1,0,1.5539999999999998,5.0,4,0
2024-05-18,647336,18,7,4,4.813524,18.0,7,1
2024-05-18,650489,3,0,0,1.338,3.0,3,0
2024-05-18,650911,26,8,0,6.421,26.0,18,0
2024-05-18,656420,3,1,0,0.391,3.0,2,0
2024-05-18,656427,24,9,2,5.751912,24.0,13,0
2024-05-18,656464,7,0,0,2.958,7.0,7,0
2024-05-18,656529,3,1,0,0.013,3.0,2,0
2024-05-18,656638,4,0,1,1.736131,4.0,3,0
2024-05-18,656730,4,3,0,0.476,4.0,1,0
2024-05-18,656786,6,0,0,2.1675238095238094,6.0,6,0
2024-05-18,656945,3,1,0,0.152,3.0,2,0
2024-05-18,657514,6,1,1,1.8381310000000002,5.0,3,0
2024-05-18,657585,3,0,0,1.087,3.0,3,0
2024-05-18,658648,8,2,0,3.4939999999999998,8.0,6,0
2024-05-18,661527,9,0,1,2.423131,9.0,8,0
2024-05-18,661563,24,14,1,4.712268931034483,24.0,9,1
2024-05-18,662253,4,2,0,2.2850851063829785,4.0,2,1
2024-05-18,663423,4,1,1,1.1471310000000001,4.0,2,0
2024-05-18,663542,5,1,1,1.559131,5.0,3,0
2024-05-18,663559,26,2,2,6.6923338778077275,26.0,22,2
2024-05-18,663567,9,0,2,3.6359420000000005,9.0,7,1
2024-05-18,663704,5,2,0,1.7942500000000001,5.0,3,0
2024-05-18,663776,23,5,3,7.561768033629271,23.0,15,2
2024-05-18,663878,4,0,1,2.4197059999999997,4.0,3,1
2024-05-18,664076,3,1,0,0.269,3.0,2,0
2024-05-18,664875,9,3,0,2.831,8.0,6,0
2024-05-18,665625,3,1,0,0.7869999999999999,3.0,2,0
2024-05-18,666129,24,5,1,7.217707000000001,24.0,15,0
2024-05-18,666720,6,1,1,3.2350939629629627,6.0,4,1
2024-05-18,666974,3,0,0,1.173,3.0,3,0
2024-05-18,667463,3,0,0,0.819,3.0,3,0
2024-05-18,668674,4,1,0,2.311967368421052,4.0,3,2
2024-05-18,668678,27,10,0,8.053852083333334,27.0,17,2
2024-05-18,668933,21,5,3,5.628393,21.0,13,0
2024-05-18,668941,5,0,0,2.932421052631579,5.0,5,1
2024-05-18,669022,23,3,3,7.085294587301588,23.0,17,2
2024-05-18,669060,19,3,1,7.200864415233415,19.0,15,2
2024-05-18,669062,5,3,0,1.125,5.0,2,0
2024-05-18,670059,2,1,1,0.689131,2.0,0,0
2024-05-18,670167,7,0,0,2.147,7.0,7,0
2024-05-18,670280,3,0,0,1.4929999999999999,3.0,3,0
2024-05-18,670950,4,2,1,0.691131,4.0,1,0
2024-05-18,671106,22,7,1,6.770131,22.0,14,0
2024-05-18,672335,7,2,1,2.303131,7.0,4,0
2024-05-18,672582,3,1,0,0.147,3.0,2,0
2024-05-18,675627,3,2,0,0.029,3.0,1,0
2024-05-18,676254,5,2,0,1.319,5.0,3,0
2024-05-18,676395,3,1,0,1.0230000000000001,3.0,2,0
2024-05-18,676534,6,1,1,2.827565782608696,6.0,4,1
2024-05-18,676710,24,5,2,8.194668779661017,24.0,17,1
2024-05-18,677053,2,0,0,0.486,2.0,2,0
2024-05-18,677161,2,0,0,0.46,2.0,2,0
2024-05-18,679885,3,0,1,1.191131,3.0,2,0
2024-05-18,680570,22,7,3,4.155585,22.0,11,0
2024-05-18,680704,4,0,0,0.7919999999999999,4.0,4,0
2024-05-18,681517,3,0,0,0.644,3.0,3,0
2024-05-18,681892,11,0,2,4.3784540000000005,11.0,8,0
2024-05-18,683232,9,1,2,5.145457454545455,9.0,6,1
2024-05-18,684007,26,7,1,6.814894768115942,26.0,18,2
2024-05-18,686539,7,0,0,2.308,7.0,7,0
2024-05-18,686580,8,1,0,3.001,8.0,7,0
2024-05-18,686730,12,3,0,2.4459999999999997,12.0,9,0
2024-05-18,686826,6,1,1,3.0418684545454546,6.0,3,0
2024-05-18,687424,7,0,0,1.705,7.0,7,0
2024-05-18,689147,6,1,0,2.626192,6.0,4,0
2024-05-18,689225,4,1,0,1.34748,4.0,3,1
2024-05-18,690986,22,4,2,8.220576165497896,22.0,16,2
2024-05-19,445926,4,1,1,1.054131,4.0,2,0
2024-05-19,455119,3,3,0,0.0,3.0,0,0
2024-05-19,472610,5,0,0,1.846,5.0,5,0
2024-05-19,506433,23,9,1,3.402131,23.0,13,0
2024-05-19,518585,2,1,0,0.012,2.0,1,0
2024-05-19,518617,4,1,0,1.9973738181818184,4.0,2,0
2024-05-19,518886,3,2,0,0.005,3.0,1,0
2024-05-19,519293,4,1,0,1.1892222222222224,4.0,3,1
2024-05-19,543859,10,2,1,2.624312818181818,10.0,7,0
2024-05-19,547179,24,6,3,6.748968,24.0,15,1
2024-05-19,547973,3,2,0,0.188,3.0,1,0
2024-05-19,571882,3,1,0,0.9179999999999999,3.0,2,0
2024-05-19,572143,6,1,0,2.008,6.0,5,0
2024-05-19,573124,5,0,2,2.259262,5.0,3,0
2024-05-19,592155,4,2,0,0.885,4.0,2,0
2024-05-19,592426,3,3,0,0.0,3.0,0,0
2024-05-19,592791,21,4,2,6.888358774193549,21.0,15,1
2024-05-19,592866,19,3,1,5.812206396825396,19.0,15,1
2024-05-19,594580,3,0,0,1.061,3.0,3,0
2024-05-19,595014,5,1,0,2.376,5.0,4,0
2024-05-19,600986,9,3,1,3.826631,9.0,5,1
2024-05-19,601713,19,8,0,3.3695714285714287,19.0,11,1
2024-05-19,605280,2,0,0,0.974,2.0,2,0
2024-05-19,605400,26,5,3,7.214098194805194,26.0,18,1
2024-05-19,605447,1,1,0,0.0,1.0,0,0
2024-05-19,605463,7,2,0,1.198263157894737,7.0,5,0
2024-05-19,605513,7,1,0,3.115,7.0,6,0
2024-05-19,606930,3,0,1,2.166131,3.0,2,0
2024-05-19,607067,24,5,4,9.443738285714286,24.0,15,0
2024-05-19,607074,25,6,2,9.603198113263787,24.0,15,3
2024-05-19,607179,6,0,1,2.800131,6.0,5,0
2024-05-19,607455,3,1,0,0.188,3.0,2,0
2024-05-19,608344,6,0,0,2.3882499999999998,6.0,6,0
2024-05-19,608723,3,1,0,0.296,3.0,2,0
2024-05-19,613534,3,1,0,1.8080769230769231,3.0,2,1
2024-05-19,621051,4,1,0,1.8753043478260873,4.0,3,1
2024-05-19,621053,7,0,2,1.718131,5.0,5,0
2024-05-19,622554,5,1,1,2.283131,5.0,3,0
2024-05-19,623149,3,1,0,0.022,3.0,2,0
2024-05-19,623167,21,4,1,7.016063802829355,21.0,16,3
2024-05-19,623433,4,1,1,1.0581310000000002,4.0,2,0
2024-05-19,640455,21,4,1,8.429827091644205,21.0,16,3
2024-05-19,640462,5,1,1,1.598131,5.0,3,0
2024-05-19,641712,23,3,2,8.069354,23.0,17,0
2024-05-19,641755,4,1,0,1.005,4.0,3,0
2024-05-19,641941,3,0,0,0.431,2.0,2,0
2024-05-19,642232,9,1,2,2.728323,8.0,5,0
2024-05-19,642546,5,0,1,1.986131,5.0,4,0
2024-05-19,647315,5,1,0,1.5652499999999998,5.0,4,0
2024-05-19,650556,4,0,0,1.8936190476190475,4.0,4,1
2024-05-19,650644,25,3,4,11.058803557603687,24.0,17,1
2024-05-19,655889,6,4,0,0.583,6.0,2,0
2024-05-19,656222,5,1,0,1.861,5.0,4,0
2024-05-19,656412,9,3,1,2.349131,9.0,5,0
2024-05-19,656605,24,3,3,8.301210333333334,24.0,16,1
2024-05-19,656756,24,3,2,7.523307454545455,24.0,19,1
2024-05-19,656887,5,2,1,1.696131,5.0,2,0
2024-05-19,657044,8,3,0,2.5348648648648644,8.0,5,1
2024-05-19,657097,3,0,2,2.0393074545454546,3.0,1,0
2024-05-19,657585,7,4,0,0.5940000000000001,7.0,3,0
2024-05-19,657612,4,2,0,0.658,4.0,2,0
2024-05-19,661395,5,0,2,1.4273452857142859,4.0,3,0
2024-05-19,661403,6,1,0,2.117192,6.0,4,0
2024-05-19,663432,6,1,2,4.232739657935285,6.0,3,2
2024-05-19,663546,3,0,0,0.5660000000000001,3.0,3,0
2024-05-19,663568,4,0,0,1.25,4.0,4,0
2024-05-19,663855,19,1,1,6.607970106944224,19.0,17,2
2024-05-19,663897,3,0,0,0.387,3.0,3,0
2024-05-19,663903,26,9,1,6.218246076923077,26.0,15,1
2024-05-19,663947,4,1,0,0.743,4.0,3,0
2024-05-19,663978,27,6,0,7.58824902254755,27.0,21,4
2024-05-19,664208,3,1,0,0.17200000000000001,3.0,2,0
2024-05-19,664350,20,2,2,8.64328510367893,20.0,15,2
2024-05-19,664747,5,1,1,1.906131,5.0,3,0
2024-05-19,666159,26,1,3,10.963768,26.0,22,2
2024-05-19,666201,25,7,1,5.831595808080808,25.0,15,1
2024-05-19,666205,4,0,0,1.553,4.0,4,0
2024-05-19,666808,3,1,0,0.24400000000000002,3.0,2,0
2024-05-19,667755,30,5,2,6.974959671328671,29.0,23,1
2024-05-19,668881,26,8,2,6.173215904761905,25.0,15,1
2024-05-19,669203,24,11,1,5.519870130434783,24.0,12,1
2024-05-19,669276,3,1,0,1.035037037037037,3.0,2,1
2024-05-19,669422,7,1,0,4.671,7.0,6,1
2024-05-19,669461,16,3,1,6.150131,16.0,12,1
2024-05-19,669622,9,2,0,3.860367,9.0,6,1
2024-05-19,669711,7,2,0,1.77,7.0,5,0
2024-05-19,669713,7,1,1,3.231131,7.0,5,0
2024-05-19,669923,27,3,0,10.514119502243982,27.0,24,4
2024-05-19,669952,11,2,1,3.7359341111111113,10.0,7,0
2024-05-19,670059,3,2,0,0.084,3.0,1,0
2024-05-19,670280,4,0,1,0.7061310000000001,4.0,3,0
2024-05-19,670950,3,1,0,0.129,3.0,2,0
2024-05-19,670970,3,2,0,0.205,3.0,1,0
2024-05-19,675989,6,1,0,2.8658,6.0,5,1
2024-05-19,676395,4,1,1,2.060131,4.0,2,0
2024-05-19,676440,26,8,1,5.595416714285714,26.0,17,0
2024-05-19,676664,19,4,2,6.747608052631579,18.0,13,3
2024-05-19,676962,9,3,1,4.254737382978723,9.0,5,2
2024-05-19,677053,3,2,0,0.256,3.0,1,0
2024-05-19,678061,15,4,0,6.387775209894376,15.0,11,3
2024-05-19,680767,5,0,0,2.0989322033898308,5.0,5,1
2024-05-19,681293,28,6,2,7.752262,27.0,19,0
2024-05-19,681432,5,1,2,1.004131,4.0,2,0
2024-05-19,681676,7,4,1,2.1420643333333333,7.0,2,1
2024-05-19,681911,6,3,1,0.8381310000000001,6.0,2,0
2024-05-19,681982,6,1,0,1.3806666666666665,6.0,5,0
2024-05-19,683769,3,0,0,0.275,3.0,3,0
2024-05-19,687798,12,3,0,2.9598461538461533,12.0,9,1
2024-05-19,688297,9,0,2,4.099262,9.0,7,0
2024-05-19,689017,18,5,1,4.000781,18.0,12,0
2024-05-19,693821,21,3,3,9.526102827907941,21.0,15,2
2024-05-19,694363,6,2,0,1.6890909090909092,6.0,4,1
2024-05-19,695243,3,0,0,0.899,3.0,3,0
2024-05-20,519151,3,1,0,0.138,3.0,2,0
2024-05-20,519242,26,9,0,5.860399999999999,26.0,17,0
2024-05-20,519326,3,1,0,0.116,3.0,2,0
2024-05-20,541640,4,0,0,0.786,4.0,4,0
2024-05-20,543243,23,6,2,5.5284762857142855,23.0,15,1
2024-05-20,543339,3,2,0,0.172,3.0,1,0
2024-05-20,544150,5,1,2,1.818262,5.0,2,0
2024-05-20,552640,1,0,0,0.098,1.0,1,0
2024-05-20,554340,3,2,0,0.223,3.0,1,0
2024-05-20,571670,3,0,0,0.129,3.0,3,0
2024-05-20,571882,8,1,1,2.472131,8.0,6,0
2024-05-20,571948,5,0,1,1.224131,4.0,4,0
2024-05-20,572955,5,0,0,1.143,5.0,5,0
2024-05-20,573009,3,0,0,0.5940000000000001,3.0,3,0
2024-05-20,573186,25,6,1,7.491527825396826,25.0,18,2
2024-05-20,573204,6,2,0,2.225,6.0,4,0
2024-05-20,593974,4,1,0,0.839,4.0,3,0
2024-05-20,594902,22,7,0,5.828741935483871,22.0,15,1
2024-05-20,596133,2,1,0,0.033,2.0,1,0
2024-05-20,605130,3,1,0,0.16,3.0,2,0
2024-05-20,605280,8,0,2,3.015262,8.0,6,0
2024-05-20,605347,3,0,0,0.294,3.0,3,0
2024-05-20,605452,4,0,1,2.316131,4.0,3,0
2024-05-20,606160,6,0,1,3.2955620344827588,6.0,5,1
2024-05-20,606303,4,1,0,0.6990000000000001,4.0,3,0
2024-05-20,607200,25,2,1,6.043226238095238,25.0,22,3
2024-05-20,607455,3,0,0,1.654,3.0,3,0
2024-05-20,608032,6,0,1,3.0244643333333334,6.0,5,1
2024-05-20,608379,26,3,1,8.056812818181818,26.0,22,1
2024-05-20,608648,6,0,3,3.5170748181818183,6.0,3,1
2024-05-20,608678,3,1,0,0.889,3.0,2,0
2024-05-20,608717,4,1,0,0.503,4.0,3,0
2024-05-20,621244,26,6,2,10.240197798664612,25.0,17,2
2024-05-20,621345,3,1,0,0.9450000000000001,3.0,2,0
2024-05-20,622694,5,0,0,3.055807732497388,5.0,5,2
2024-05-20,625643,23,4,1,6.240131,22.0,18,0
2024-05-20,628452,3,1,0,0.478,3.0,2,0
2024-05-20,641154,24,5,1,8.902209787878787,24.0,18,2
2024-05-20,641729,8,0,2,5.352398363636364,8.0,6,0
2024-05-20,643256,4,0,1,0.902131,4.0,3,0
2024-05-20,650893,5,0,2,1.482262,5.0,3,0
2024-05-20,656302,25,5,3,11.891588022624434,25.0,17,3
2024-05-20,656557,22,5,1,4.961588142857143,22.0,16,1
2024-05-20,656638,5,2,2,1.620262,5.0,1,0
2024-05-20,656730,5,1,0,1.4577499999999999,5.0,4,1
2024-05-20,656731,21,7,2,6.468012,21.0,12,2
2024-05-20,656786,4,0,0,1.355,4.0,4,0
2024-05-20,656945,4,1,1,1.2741310000000001,3.0,2,0
2024-05-20,657024,4,1,0,2.182923076923077,4.0,3,0
2024-05-20,657571,1,0,0,0.035,1.0,1,0
2024-05-20,657612,7,2,2,2.239262,7.0,3,0
2024-05-20,657649,9,0,1,3.4061310000000002,9.0,8,0
2024-05-20,660761,6,1,1,2.669393295081967,6.0,4,1
2024-05-20,660825,6,0,1,1.5161310000000001,5.0,4,0
2024-05-20,660853,4,0,1,1.6709167142857144,4.0,3,0
2024-05-20,661403,3,0,0,0.16699999999999998,3.0,3,0
2024-05-20,661527,3,0,0,0.255,3.0,3,0
2024-05-20,662253,4,2,0,0.8210000000000001,4.0,2,0
2024-05-20,663158,3,0,0,0.9770000000000001,3.0,3,0
2024-05-20,663542,5,2,0,1.648192,5.0,2,0
2024-05-20,663992,3,0,0,1.4829999999999999,3.0,3,0
2024-05-20,664285,25,3,1,10.049088181571816,25.0,21,2
2024-05-20,664854,4,0,1,1.039131,4.0,3,0
2024-05-20,665152,21,2,3,8.211176333333333,21.0,16,1
2024-05-20,665625,3,0,1,1.0241310000000001,3.0,2,0
2024-05-20,666214,5,0,0,3.9210000000000003,5.0,5,1
2024-05-20,666745,4,1,0,1.22,4.0,3,0
2024-05-20,667463,3,0,1,1.355131,3.0,2,0
2024-05-20,668941,4,1,0,0.373,4.0,3,0
2024-05-20,669093,3,2,0,0.355,3.0,1,0
2024-05-20,669211,4,1,0,0.43999999999999995,4.0,3,0
2024-05-20,669302,27,1,1,10.89791675,27.0,24,1
2024-05-20,669912,4,0,2,2.0322620000000002,4.0,2,0
2024-05-20,669952,4,0,2,0.402,1.0,2,0
2024-05-20,670810,9,2,0,2.891192,9.0,6,0
2024-05-20,671737,27,10,0,7.489957049243663,27.0,17,3
2024-05-20,671922,3,2,0,0.072,3.0,1,0
2024-05-20,672282,21,3,1,7.288529809523809,21.0,17,3
2024-05-20,672335,9,2,2,3.228262,9.0,5,0
2024-05-20,673929,4,1,1,3.197518154326494,4.0,2,2
2024-05-20,676684,8,2,1,2.261131,8.0,5,0
2024-05-20,676961,10,1,1,2.484131,10.0,8,0
2024-05-20,677020,6,1,0,0.787,6.0,5,0
2024-05-20,677053,2,0,1,1.228631,2.0,1,0
2024-05-20,677944,22,2,1,8.734686916305916,22.0,19,3
2024-05-20,677960,27,8,3,6.613099141414141,27.0,15,1
2024-05-20,678226,4,0,1,1.7531310000000002,4.0,3,0
2024-05-20,680704,2,1,1,0.689131,2.0,0,0
2024-05-20,680730,25,7,1,6.917589333333333,25.0,17,1
2024-05-20,681190,26,2,0,10.284945454545454,26.0,24,2
2024-05-20,681857,14,2,1,5.647175444444445,14.0,11,1
2024-05-20,686539,8,2,1,3.2840309999999997,8.0,5,0
2024-05-20,686580,6,3,0,1.642,6.0,3,0
2024-05-20,686826,8,0,1,3.355131,8.0,7,0
2024-05-20,689225,7,0,0,2.5521492063492066,7.0,7,0
2024-05-20,808967,27,8,1,8.32084779197995,27.0,18,1
2024-05-21,445276,4,0,0,1.5779999999999998,4.0,4,0
2024-05-21,445926,3,1,1,1.325131,3.0,1,0
2024-05-21,450203,24,8,4,8.893150837092733,24.0,11,2
2024-05-21,455119,3,2,0,0.286,3.0,1,0
2024-05-21,458681,22,5,0,5.142237454545454,22.0,16,1
2024-05-21,472610,3,0,0,2.9582587301587298,3.0,3,2
2024-05-21,518397,3,0,0,1.6577540983606556,3.0,3,1
2024-05-21,518585,4,2,0,0.904,4.0,2,0
2024-05-21,518617,4,2,1,0.753131,4.0,1,0
2024-05-21,519043,3,2,0,0.003,3.0,1,0
2024-05-21,519151,4,0,0,1.2049999999999998,4.0,4,0
2024-05-21,519326,4,0,0,0.871,4.0,4,0
2024-05-21,527048,22,4,3,7.252448,22.0,15,2
2024-05-21,541640,4,1,0,1.8819253731343282,4.0,3,1
2024-05-21,552640,5,2,0,0.7290000000000001,5.0,3,0
2024-05-21,571578,29,3,3,14.420188283584075,29.0,23,6
2024-05-21,572143,5,2,0,0.754,5.0,3,0
2024-05-21,573009,2,0,0,0.516,2.0,2,0
2024-05-21,579328,27,6,3,6.277593,26.0,18,2
2024-05-21,592094,6,1,2,1.484131,5.0,3,0
2024-05-21,592155,2,0,0,0.505,2.0,2,0
2024-05-21,592351,20,4,3,8.668291617511521,20.0,13,2
2024-05-21,592426,3,0,1,1.490131,3.0,2,0
2024-05-21,592773,4,0,0,0.798,4.0,4,0
2024-05-21,593576,3,0,0,0.365,3.0,3,0
2024-05-21,595897,4,1,0,1.7174666666666667,4.0,3,1
2024-05-21,605130,4,1,0,2.7920669999999994,4.0,2,1
2024-05-21,605154,3,0,0,0.866,3.0,3,0
2024-05-21,605156,27,3,1,9.711156333333333,27.0,22,2
2024-05-21,605288,23,4,1,7.7127235681818185,23.0,17,1
2024-05-21,605347,4,1,0,0.592,3.0,2,0
2024-05-21,605397,15,3,2,4.342454,15.0,9,0
2024-05-21,605463,8,1,1,3.534131,8.0,6,0
2024-05-21,606303,3,2,0,0.015,3.0,1,0
2024-05-21,606930,8,0,1,3.039006,8.0,7,0
2024-05-21,607481,6,0,1,0.884,5.0,5,0
2024-05-21,608032,3,0,1,1.083,2.0,2,0
2024-05-21,608334,7,2,1,3.204131,7.0,4,1
2024-05-21,613534,2,0,0,0.495,2.0,2,0
2024-05-21,615698,22,8,1,5.658399292682927,22.0,13,1
2024-05-21,621237,5,2,0,0.933,5.0,3,0
2024-05-21,621345,3,0,0,0.766,3.0,3,0
2024-05-21,621381,1,0,0,0.896,1.0,1,0
2024-05-21,622251,4,1,1,0.8991310000000001,4.0,2,0
2024-05-21,623149,4,1,0,0.751,4.0,3,0
2024-05-21,623352,6,4,0,1.165,6.0,2,0
2024-05-21,623433,5,2,1,1.003131,5.0,2,0
2024-05-21,624133,27,10,2,6.6182620000000005,27.0,15,0
2024-05-21,624647,3,1,0,0.5293636363636364,3.0,2,0
2024-05-21,640462,6,0,1,2.803131,6.0,5,0
2024-05-21,641755,6,2,1,2.9087976666666666,6.0,3,1
2024-05-21,641793,21,7,1,5.648335761904762,21.0,13,2
2024-05-21,641835,3,0,1,1.4532219090909093,3.0,2,1
2024-05-21,642100,3,1,1,1.409323,3.0,0,0
2024-05-21,642629,4,1,0,0.735,4.0,3,0
2024-05-21,642701,6,0,0,3.9438690476190477,6.0,6,2
2024-05-21,643377,3,3,0,0.0,3.0,0,0
2024-05-21,643410,3,3,0,0.0,3.0,0,0
2024-05-21,643511,4,0,0,0.784,4.0,4,0
2024-05-21,647315,3,1,0,0.417,3.0,2,0
2024-05-21,650556,4,2,0,0.14500000000000002,4.0,2,0
2024-05-21,656288,21,2,3,7.393161115942029,21.0,16,1
2024-05-21,656529,5,1,0,1.797354312354312,5.0,4,1
2024-05-21,656546,5,1,0,2.4775087719298243,5.0,4,1
2024-05-21,656629,3,3,0,0.0,3.0,0,0
2024-05-21,656641,6,3,0,2.1981290322580644,6.0,3,1
2024-05-21,656730,4,3,0,0.863,4.0,1,0
2024-05-21,656887,4,1,1,1.004131,4.0,2,0
2024-05-21,657024,3,2,0,0.008,3.0,1,0
2024-05-21,657044,5,2,0,1.056,5.0,3,0
2024-05-21,657097,3,0,1,0.905131,3.0,2,0
2024-05-21,657277,24,6,1,8.224131,24.0,17,2
2024-05-21,657376,20,6,2,5.529252476190477,20.0,12,1
2024-05-21,657571,3,2,0,0.073,3.0,1,0
2024-05-21,657746,25,6,2,6.543683052631579,25.0,17,1
2024-05-21,661403,3,0,0,0.7010000000000001,3.0,3,0
2024-05-21,662253,5,1,1,1.590131,5.0,3,0
2024-05-21,663423,3,0,0,2.1854186046511623,3.0,3,1
2024-05-21,663432,4,1,0,1.507384,4.0,1,0
2024-05-21,663554,15,2,0,8.860275062656642,15.0,13,2
2024-05-21,663568,1,0,0,0.271,1.0,1,0
2024-05-21,663947,13,2,1,3.496131,13.0,10,0
2024-05-21,664076,4,0,0,1.5992499999999998,4.0,4,0
2024-05-21,664299,21,1,3,9.201498263157895,21.0,17,0
2024-05-21,664747,3,1,1,1.1471310000000001,3.0,1,0
2024-05-21,664854,3,1,1,0.8471310000000001,3.0,1,0
2024-05-21,664875,5,1,1,2.4021310000000002,5.0,3,1
2024-05-21,665871,24,4,5,8.700654633699635,24.0,15,1
2024-05-21,666214,8,3,0,2.3045,8.0,5,1
2024-05-21,666745,5,2,0,1.293,5.0,3,0
2024-05-21,666808,6,1,1,2.3981310000000002,6.0,4,1
2024-05-21,668338,6,2,0,1.779192,6.0,3,0
2024-05-21,668390,7,0,0,3.7110000000000003,7.0,7,0
2024-05-21,668674,3,0,0,0.363,3.0,3,0
2024-05-21,668941,2,0,0,0.702,2.0,2,0
2024-05-21,668964,4,2,0,0.506,4.0,2,0
2024-05-21,669062,1,0,0,0.258,1.0,1,0
2024-05-21,669211,8,2,0,2.243418604651162,8.0,6,1
2024-05-21,669387,3,1,0,0.394,3.0,2,0
2024-05-21,669432,21,4,4,8.6608365,21.0,13,0
2024-05-21,669622,3,1,0,1.0416800000000002,3.0,2,1
2024-05-21,669674,3,1,0,0.155,3.0,2,0
2024-05-21,669711,3,2,0,0.237,3.0,1,0
2024-05-21,669713,3,1,0,0.0,3.0,2,0
2024-05-21,670280,3,1,0,0.255,3.0,2,0
2024-05-21,670950,3,2,0,0.843,3.0,1,0
2024-05-21,670970,7,1,1,1.134131,7.0,5,0
2024-05-21,670990,8,0,0,4.132925373134328,8.0,8,1
2024-05-21,671096,25,2,1,6.993131,24.0,21,0
2024-05-21,671345,5,0,0,4.384650650084794,5.0,5,2
2024-05-21,672582,3,0,0,0.375,3.0,3,0
2024-05-21,673513,4,0,1,0.917131,4.0,3,0
2024-05-21,673929,3,2,0,0.005,3.0,1,0
2024-05-21,675540,19,2,0,6.640176136363636,19.0,17,1
2024-05-21,675627,6,2,1,2.8049515128205136,6.0,3,1
2024-05-21,676254,3,2,0,0.613,3.0,1,0
2024-05-21,676534,5,1,1,1.7271310000000002,5.0,3,0
2024-05-21,676979,21,4,1,5.205078552447553,21.0,16,2
2024-05-21,677076,3,1,0,1.022192,3.0,1,0
2024-05-21,678226,6,1,0,2.358,6.0,5,0
2024-05-21,679525,25,5,2,7.067145928571429,25.0,18,0
2024-05-21,680694,21,6,1,6.407106333333333,21.0,13,1
2024-05-21,680704,3,2,1,0.689131,3.0,0,0
2024-05-21,681432,3,0,0,0.662,3.0,3,0
2024-05-21,681867,22,6,1,6.048131,22.0,15,1
2024-05-21,682120,1,0,0,0.5046428571428572,1.0,1,0
2024-05-21,682847,12,0,1,4.442176263082744,12.0,11,3
2024-05-21,683769,3,1,0,0.561,3.0,2,0
2024-05-21,687330,1,1,0,0.0,1.0,0,0
2024-05-21,688107,29,0,0,9.67329704347826,26.0,25,1
2024-05-21,693312,5,1,1,1.7796310000000002,5.0,3,0
2024-05-21,693433,20,7,0,4.2565,20.0,13,0
2024-05-21,694297,23,7,1,5.791131,23.0,15,0
2024-05-21,694813,26,5,1,10.856831,26.0,20,2
2024-05-21,695243,3,3,0,0.0,3.0,0,0
2024-05-22,472610,3,2,0,0.084,3.0,1,0
2024-05-22,493603,6,1,1,2.198223,6.0,3,0
2024-05-22,500779,21,4,0,5.76458593939394,21.0,16,1
2024-05-22,502043,18,3,0,4.842875,18.0,15,0
2024-05-22,519008,3,0,1,1.1481310000000002,3.0,2,0
2024-05-22,519293,5,0,1,2.282664333333334,5.0,4,1
2024-05-22,542881,31,4,2,8.776049142857143,31.0,25,2
2024-05-22,542888,3,0,0,0.930625,3.0,3,0
2024-05-22,543859,8,2,2,2.897262,8.0,4,0
2024-05-22,544150,2,0,0,0.10300000000000001,2.0,2,0
2024-05-22,547184,7,2,1,1.1431310000000001,7.0,4,0
2024-05-22,547973,3,0,3,2.067393,3.0,0,0
2024-05-22,571863,2,0,1,0.7581310000000001,2.0,1,0
2024-05-22,573009,1,0,0,0.174,1.0,1,0
2024-05-22,573204,3,1,0,0.091,3.0,2,0
2024-05-22,592155,3,0,1,2.074019157894737,3.0,2,1
2024-05-22,592454,3,0,0,1.1389999999999998,2.0,2,1
2024-05-22,592836,23,5,4,9.200072872180451,23.0,14,2
2024-05-22,593974,4,1,0,1.164,4.0,3,0
2024-05-22,595345,4,2,0,0.192,4.0,2,0
2024-05-22,596133,6,3,0,2.285333333333333,6.0,3,1
2024-05-22,596295,28,6,0,7.392848449612403,28.0,22,2
2024-05-22,605135,27,4,2,6.699512,27.0,21,0
2024-05-22,605177,3,0,0,1.06468,3.0,3,1
2024-05-22,605483,19,5,4,6.292430285714286,18.0,8,1
2024-05-22,607192,21,6,1,4.019131,21.0,14,0
2024-05-22,607259,21,2,1,6.334931,21.0,18,0
2024-05-22,607455,3,1,0,0.028,3.0,2,0
2024-05-22,607644,12,1,2,3.489262,12.0,9,0
2024-05-22,608331,30,9,0,4.959,30.0,21,0
2024-05-22,608344,17,2,0,5.201499999999999,17.0,15,0
2024-05-22,608718,7,0,0,3.322,7.0,7,0
2024-05-22,608723,5,1,1,3.2088862631578947,5.0,3,1
2024-05-22,613534,3,3,0,0.0,3.0,0,0
2024-05-22,614179,3,0,0,0.33499999999999996,3.0,3,0
2024-05-22,621016,10,2,1,4.659349032786886,10.0,7,2
2024-05-22,621381,4,0,1,2.093131,4.0,3,0
2024-05-22,621383,8,4,0,1.136,8.0,4,0
2024-05-22,622694,6,1,0,2.474766666666667,6.0,5,1
2024-05-22,640451,6,2,0,2.14821875,6.0,4,1
2024-05-22,641482,19,6,3,6.855213512820514,19.0,10,1
2024-05-22,641540,16,4,1,5.597464333333333,16.0,11,1
2024-05-22,642232,9,0,1,5.712870130434783,9.0,8,1
2024-05-22,642397,4,2,0,2.1090851063829783,4.0,2,1
2024-05-22,642546,11,4,2,3.5576687796610167,11.0,5,1
2024-05-22,642547,25,7,1,5.839010765395895,25.0,17,1
2024-05-22,643377,2,0,0,0.523,2.0,2,0
2024-05-22,643511,3,1,0,0.328,3.0,2,0
2024-05-22,647336,12,3,2,4.451723230769231,12.0,6,0
2024-05-22,650556,3,2,0,0.6866800000000002,3.0,1,1
2024-05-22,650633,26,6,2,6.654964127659574,26.0,18,1
2024-05-22,650893,5,0,0,2.5084583333333326,5.0,5,1
2024-05-22,656222,6,1,1,2.209131,6.0,4,0
2024-05-22,656232,10,1,0,2.843660377358491,10.0,9,1
2024-05-22,656464,3,2,0,0.209,3.0,1,0
2024-05-22,656529,3,1,0,0.488,3.0,2,0
2024-05-22,656638,9,1,2,3.995454,9.0,5,0
2024-05-22,656786,4,0,0,1.089,4.0,4,0
2024-05-22,656945,4,1,0,1.2033636363636364,4.0,3,0
2024-05-22,657006,27,5,1,8.592448757575758,27.0,20,3
2024-05-22,657585,6,2,1,2.050131,6.0,3,0
2024-05-22,661395,5,1,0,1.7991499999999998,4.0,4,0
2024-05-22,661527,3,0,1,0.8931310000000001,3.0,2,0
2024-05-22,663158,4,2,0,1.073,4.0,2,0
2024-05-22,663474,24,5,3,8.38432265227021,24.0,15,3
2024-05-22,663546,8,3,1,2.2228941578947374,8.0,4,1
2024-05-22,663623,25,6,0,10.149177383128613,25.0,18,5
2024-05-22,663704,4,0,0,1.088,4.0,4,0
2024-05-22,663878,4,2,1,1.0311310000000002,4.0,1,0
2024-05-22,663989,4,0,0,0.323,4.0,4,0
2024-05-22,663992,4,1,0,1.32,4.0,3,0
2024-05-22,664126,3,1,0,0.037,3.0,2,0
2024-05-22,664208,3,2,0,0.283,3.0,1,0
2024-05-22,665625,3,0,0,1.149,3.0,3,0
2024-05-22,666142,23,12,3,5.0828501428571435,23.0,8,1
2024-05-22,666200,26,4,0,4.3179,26.0,22,0
2024-05-22,666205,5,0,0,2.215660377358491,5.0,5,1
2024-05-22,666720,9,2,2,3.828262,9.0,5,0
2024-05-22,666808,4,1,1,1.591131,4.0,2,0
2024-05-22,667463,7,1,1,1.749131,7.0,5,0
2024-05-22,668674,6,1,0,1.273,6.0,5,0
2024-05-22,669194,22,5,3,7.3096322344497615,22.0,14,1
2024-05-22,669373,22,6,2,9.42575061283644,22.0,14,3
2024-05-22,669387,9,2,2,4.085262,9.0,5,0
2024-05-22,669711,3,1,0,0.215,3.0,2,0
2024-05-22,669912,4,1,1,2.0856310000000002,4.0,2,1
2024-05-22,670059,7,3,0,2.128263157894737,7.0,4,1
2024-05-22,670167,2,0,1,0.797131,2.0,1,0
2024-05-22,671922,4,2,0,1.2144482758620687,4.0,2,1
2024-05-22,672582,6,0,1,1.497131,6.0,5,0
2024-05-22,675989,2,1,1,0.689131,2.0,0,0
2024-05-22,676254,3,1,0,0.085,3.0,2,0
2024-05-22,676395,4,1,0,0.632,4.0,3,0
2024-05-22,676684,3,3,0,0.0,3.0,0,0
2024-05-22,676702,3,2,0,0.445,3.0,1,0
2024-05-22,676714,3,0,0,1.949272727272727,3.0,3,1
2024-05-22,677020,2,1,1,0.689131,2.0,0,0
2024-05-22,677161,9,1,1,3.1429515128205137,9.0,7,1
2024-05-22,678394,25,6,4,8.144385111111111,25.0,15,1
2024-05-22,678495,6,4,0,0.42,6.0,2,0
2024-05-22,679885,3,1,0,0.8650967741935485,3.0,2,0
2024-05-22,680573,19,1,1,4.213656333333334,17.0,15,1
2024-05-22,680767,3,1,0,0.332,3.0,2,0
2024-05-22,680897,23,0,6,11.723811757575758,23.0,17,2
2024-05-22,681517,8,1,1,1.974131,8.0,6,0
2024-05-22,681676,4,0,0,1.6634528301886795,4.0,4,1
2024-05-22,681892,3,1,0,1.527,3.0,2,0
2024-05-22,681982,4,0,1,2.1553941578947367,4.0,3,0
2024-05-22,682120,2,0,0,0.309,2.0,2,0
2024-05-22,682243,23,4,0,7.193400326797387,23.0,19,3
2024-05-22,683003,25,5,3,9.567242462365591,25.0,17,1
2024-05-22,683232,6,3,1,1.7481309999999999,6.0,2,0
2024-05-22,683769,5,3,0,0.7819999999999999,5.0,2,0
2024-05-22,686613,23,3,3,6.608602090909091,23.0,17,1
2024-05-22,686730,11,1,0,5.318192,11.0,9,0
2024-05-22,686752,18,3,4,6.765501263157895,18.0,10,1
2024-05-22,686826,3,1,0,0.248,3.0,2,0
2024-05-22,687330,9,1,0,5.293000000000001,9.0,8,1
2024-05-22,687765,17,4,3,6.223566611111111,17.0,10,1
2024-05-22,687863,3,3,0,0.0,3.0,0,0
2024-05-22,689147,4,1,0,1.273192,4.0,2,0
2024-05-22,693312,1,0,0,0.044,1.0,1,0
2024-05-23,518397,3,2,0,0.225,3.0,1,0
2024-05-23,518585,3,3,0,0.0,3.0,0,0
2024-05-23,518886,1,0,0,0.006,1.0,1,0
2024-05-23,543056,3,3,0,0.0,3.0,0,0
2024-05-23,543294,11,1,1,4.725131,11.0,9,0
2024-05-23,547184,3,2,0,0.119,3.0,1,0
2024-05-23,547973,3,2,0,0.605,3.0,1,0
2024-05-23,554430,28,5,2,8.739336675324676,28.0,21,1
2024-05-23,571656,1,0,0,0.262,1.0,1,0
2024-05-23,571760,21,1,2,10.227522993392572,21.0,18,1
2024-05-23,571863,3,0,0,2.2369696969696964,3.0,3,1
2024-05-23,572955,4,1,1,2.1129052946708464,4.0,2,1
2024-05-23,573124,6,2,0,1.4520967741935484,6.0,4,1
2024-05-23,592332,21,10,2,1.378262,12.0,0,0
2024-05-23,592426,5,2,0,2.1805454545454546,5.0,3,1
2024-05-23,593423,28,3,1,9.02280957142857,27.0,23,1
2024-05-23,594580,4,0,1,0.82,3.0,3,0
2024-05-23,595897,3,1,2,1.378262,3.0,0,0
2024-05-23,600917,4,2,0,1.016,4.0,2,0
2024-05-23,605154,3,1,0,0.203,3.0,2,0
2024-05-23,605182,23,5,3,9.314980544326241,23.0,15,3
2024-05-23,605280,6,2,0,1.28,6.0,4,0
2024-05-23,608371,3,0,0,0.8784347826086957,3.0,3,1
2024-05-23,621237,4,1,1,0.8541310000000001,4.0,2,0
2024-05-23,621345,3,1,0,0.5024999999999998,3.0,2,0
2024-05-23,622491,24,3,3,11.985505765027323,24.0,17,3
2024-05-23,622786,7,2,0,2.0372142857142856,7.0,5,0
2024-05-23,624647,4,1,0,1.111192,4.0,2,0
2024-05-23,628452,3,2,0,0.114,3.0,1,0
2024-05-23,641729,3,0,0,0.383,3.0,3,0
2024-05-23,641755,5,1,0,1.8339615384615389,5.0,4,1
2024-05-23,641835,4,0,0,1.305,4.0,4,0
2024-05-23,642100,3,0,0,1.6314468085106382,3.0,3,1
2024-05-23,643511,4,0,0,0.806,4.0,4,0
2024-05-23,647315,3,0,0,0.771,3.0,3,0
2024-05-23,656222,4,1,0,2.4879180327868857,4.0,3,1
2024-05-23,656232,3,1,1,1.231131,3.0,1,0
2024-05-23,656412,9,1,1,3.682131,9.0,7,0
2024-05-23,656427,25,9,1,3.115531,13.0,3,1
2024-05-23,656546,3,1,0,0.221,3.0,2,0
2024-05-23,657097,4,0,0,1.0699999999999998,4.0,4,0
2024-05-23,657508,4,0,2,2.3903587741935484,4.0,2,1
2024-05-23,657612,5,2,1,1.0181310000000001,5.0,2,0
2024-05-23,660825,3,0,0,0.322,3.0,3,0
2024-05-23,660853,4,2,1,1.6058617692307693,4.0,1,1
2024-05-23,661563,22,8,2,4.431368382978723,22.0,12,1
2024-05-23,663158,4,1,1,0.9481310000000001,4.0,2,0
2024-05-23,663362,23,7,2,6.141454,22.0,12,0
2024-05-23,663372,24,6,2,7.877262,24.0,16,1
2024-05-23,663423,5,1,0,1.349,4.0,3,0
2024-05-23,663567,6,1,2,2.081131,5.0,3,0
2024-05-23,664747,3,2,0,0.88,3.0,1,0
2024-05-23,664875,6,0,2,2.562262,6.0,4,0
2024-05-23,666974,3,1,0,1.119192,3.0,1,0
2024-05-23,669062,7,3,0,2.405403935185185,7.0,4,2
2024-05-23,669093,7,5,0,1.3112142857142859,7.0,2,0
2024-05-23,669169,7,0,2,3.0362620000000002,7.0,5,0
2024-05-23,669276,3,1,0,0.384,3.0,2,0
2024-05-23,669438,6,1,0,2.749822222222222,6.0,5,1
2024-05-23,669713,6,2,0,2.5692500000000003,6.0,4,1
2024-05-23,669796,4,0,1,3.2692935874125872,4.0,3,2
2024-05-23,670280,3,1,0,0.013000000000000001,3.0,2,0
2024-05-23,670950,3,0,0,0.464,3.0,3,0
2024-05-23,673513,5,1,1,1.199131,4.0,2,0
2024-05-23,676702,7,0,0,4.0457833333333335,7.0,7,1
2024-05-23,676962,15,6,2,3.825881047619048,15.0,7,1
2024-05-23,678495,3,0,0,0.223,3.0,3,0
2024-05-23,680570,24,7,5,7.43106575,24.0,11,1
2024-05-23,680767,5,0,0,3.221904656319291,5.0,5,1
2024-05-23,681432,4,2,0,0.26,4.0,2,0
2024-05-23,681982,5,1,0,0.778,5.0,4,0
2024-05-23,683155,27,6,0,6.087,27.0,21,1
2024-05-23,694363,14,1,2,7.979126864864864,13.0,10,1
2024-05-23,694973,23,3,1,6.523131,23.0,19,0
2024-05-23,695243,8,1,1,3.274,7.0,6,0
2024-05-23,696131,14,2,2,8.049902275862069,14.0,9,2
2024-05-23,700363,18,4,2,4.779525157894737,18.0,12,1
2024-05-24,434378,28,9,0,7.8865889555035125,28.0,18,1
2024-05-24,445926,5,1,0,2.1281920000000003,5.0,3,0
2024-05-24,502624,19,2,3,6.440928666666666,18.0,14,0
2024-05-24,506433,27,5,1,11.882567079479973,26.0,21,5
2024-05-24,518886,3,1,0,1.4116304347826087,3.0,2,1
2024-05-24,519008,4,0,1,1.393131,4.0,3,0
2024-05-24,519151,3,0,0,0.73275,3.0,3,0
2024-05-24,542888,6,3,0,0.253,6.0,3,0
2024-05-24,543056,3,0,0,0.96665,3.0,3,0
2024-05-24,547184,1,0,0,0.052,1.0,1,0
2024-05-24,548389,19,3,0,6.616026696329254,19.0,16,2
2024-05-24,570632,24,6,1,9.691548497231452,24.0,17,2
2024-05-24,571539,4,1,0,1.0859999999999999,4.0,3,0
2024-05-24,571656,5,0,1,3.6351717925407927,5.0,4,2
2024-05-24,571670,4,2,0,0.521,4.0,2,0
2024-05-24,572020,22,4,4,7.528724,21.0,14,1
2024-05-24,573204,3,0,0,1.328,3.0,3,0
2024-05-24,594580,2,0,0,0.7791538461538464,2.0,2,1
2024-05-24,595345,3,0,0,0.053,3.0,3,0
2024-05-24,600917,5,1,2,1.6492620000000002,5.0,2,0
2024-05-24,605121,5,2,0,0.824,5.0,3,0
2024-05-24,605154,4,0,1,2.895131,4.0,3,0
2024-05-24,605177,6,2,0,1.721,6.0,4,0
2024-05-24,605347,4,0,0,2.372409090909091,4.0,4,1
2024-05-24,606303,3,0,0,1.018,3.0,3,0
2024-05-24,607074,23,2,3,4.852059666666666,23.0,18,0
2024-05-24,607625,28,3,2,10.499264767861684,28.0,22,3
2024-05-24,608371,6,1,1,2.619323,6.0,3,0
2024-05-24,608718,4,1,0,0.8914347826086957,4.0,3,1
2024-05-24,608723,4,2,0,0.925138888888889,4.0,2,1
2024-05-24,614179,4,1,1,0.518,3.0,2,0
2024-05-24,621199,3,0,0,0.9029411764705881,3.0,3,0
2024-05-24,621237,5,2,0,1.3236304347826089,5.0,3,1
2024-05-24,621242,4,2,0,1.4714347826086955,4.0,2,1
2024-05-24,621383,3,0,0,0.311,3.0,3,0
2024-05-24,621389,26,2,1,9.214826454545454,26.0,23,3
2024-05-24,622694,4,2,1,1.070131,4.0,1,0
2024-05-24,623167,21,2,2,8.046971636177673,21.0,17,2
2024-05-24,623352,3,2,0,0.745,3.0,1,0
2024-05-24,628317,18,1,0,5.1600769230769234,18.0,17,1
2024-05-24,640451,3,0,0,0.991,3.0,3,0
2024-05-24,641302,28,4,1,11.882733750000002,28.0,21,2
2024-05-24,641312,3,0,1,1.437131,3.0,2,0
2024-05-24,641755,3,2,0,0.079,3.0,1,0
2024-05-24,641927,24,5,3,7.910027,24.0,14,1
2024-05-24,642397,4,1,2,1.192131,3.0,1,0
2024-05-24,642701,5,1,0,1.096,5.0,4,0
2024-05-24,643377,3,0,0,1.695409090909091,3.0,3,1
2024-05-24,650556,5,2,0,1.286,5.0,3,0
2024-05-24,650893,3,0,0,0.534,3.0,3,0
2024-05-24,650911,24,2,1,9.100131000000001,24.0,21,2
2024-05-24,656546,3,0,0,1.2530000000000001,3.0,3,0
2024-05-24,656629,2,0,0,0.7839999999999999,2.0,2,0
2024-05-24,656641,5,1,1,1.240131,5.0,3,0
2024-05-24,657024,5,0,1,1.689131,5.0,4,0
2024-05-24,657514,2,0,0,0.631,2.0,2,0
2024-05-24,657585,8,0,1,3.3210939629629626,8.0,7,1
2024-05-24,657649,4,1,1,1.376131,4.0,2,0
2024-05-24,658648,8,2,0,2.360833333333334,8.0,6,1
2024-05-24,660761,16,2,2,3.9375663478260874,16.0,12,1
2024-05-24,661395,4,1,1,0.805131,4.0,2,0
2024-05-24,663542,7,2,0,2.051,7.0,5,0
2024-05-24,663559,28,4,1,10.079009078443296,28.0,23,2
2024-05-24,663568,4,1,0,1.3937333333333333,4.0,3,1
2024-05-24,663776,22,4,4,9.96145611299435,22.0,13,3
2024-05-24,663878,6,2,1,1.8385156153846154,6.0,3,0
2024-05-24,663992,4,0,0,0.7919999999999999,4.0,4,0
2024-05-24,664208,5,1,3,2.816393,5.0,1,0
2024-05-24,666129,31,6,0,7.605959649122807,31.0,25,2
2024-05-24,666201,23,4,2,8.61202825907426,22.0,15,3
2024-05-24,666205,16,1,1,6.229321476190476,16.0,14,1
2024-05-24,666745,8,1,1,2.4811764545454547,8.0,6,0
2024-05-24,666808,7,1,1,2.1799999999999997,6.0,5,1
2024-05-24,666974,4,2,0,2.330129032258064,4.0,2,1
2024-05-24,668678,27,5,1,10.943435511278196,27.0,21,3
2024-05-24,668933,27,3,1,9.903589603174604,27.0,21,3
2024-05-24,669022,26,8,1,6.697892904761905,26.0,17,1
2024-05-24,669060,23,7,1,5.388306,23.0,15,1
2024-05-24,669203,27,6,2,8.48148075,27.0,19,1
2024-05-24,669674,3,1,0,0.8908695652173912,3.0,2,1
2024-05-24,669912,3,0,0,0.252,3.0,3,0
2024-05-24,669923,25,3,1,9.715024333333334,25.0,21,2
2024-05-24,670241,18,2,1,8.213585295081968,18.0,14,1
2024-05-24,670990,3,0,1,2.129515,3.0,0,0
2024-05-24,671106,25,7,2,10.041812505050505,25.0,16,3
2024-05-24,671345,1,0,0,0.137,1.0,1,0
2024-05-24,672578,3,0,0,1.9819409937888197,3.0,3,1
2024-05-24,672710,7,2,1,2.128131,7.0,4,0
2024-05-24,672782,3,3,0,0.0,3.0,0,0
2024-05-24,673929,3,1,0,0.158,3.0,2,0
2024-05-24,675627,5,2,2,1.586262,5.0,1,0
2024-05-24,676254,3,1,0,0.911,3.0,2,0
2024-05-24,676684,2,1,0,0.938,2.0,1,0
2024-05-24,676710,22,4,2,9.154697798664612,22.0,16,3
2024-05-24,678061,21,6,1,6.832169153846154,21.0,13,0
2024-05-24,681035,21,4,1,6.149420346246973,21.0,16,2
2024-05-24,681911,6,3,1,3.2280563731343284,6.0,2,2
2024-05-24,682120,4,1,0,0.225,4.0,3,0
2024-05-24,682847,8,1,2,3.743923654135339,8.0,5,2
2024-05-24,683232,8,2,1,2.178131,8.0,5,0
2024-05-24,686826,4,0,0,2.016192,4.0,3,0
2024-05-24,687014,8,4,1,2.893644333333334,7.0,2,2
2024-05-24,689147,6,0,0,1.404,6.0,6,0
2024-05-24,689225,11,2,2,3.620262,11.0,7,0
2024-05-24,690986,24,6,2,11.443919151515152,24.0,15,4
2024-05-25,472610,3,1,0,0.42800000000000005,3.0,2,0
2024-05-25,489446,3,1,1,0.694131,3.0,1,0
2024-05-25,493603,5,1,0,2.574192,5.0,3,0
2024-05-25,502085,7,1,2,3.4730195757575757,7.0,4,1
2024-05-25,518397,2,0,0,0.196,2.0,2,0
2024-05-25,518585,4,2,1,0.903131,4.0,1,0
2024-05-25,519043,3,0,0,0.632,3.0,3,0
2024-05-25,519326,4,1,0,1.212,4.0,3,0
2024-05-25,544150,15,3,2,4.194262,15.0,10,0
2024-05-25,547179,24,4,3,7.416573107526882,24.0,17,1
2024-05-25,552640,5,1,1,1.608131,5.0,3,0
2024-05-25,571670,3,0,0,0.254,3.0,3,0
2024-05-25,571945,22,6,2,6.38485575,22.0,14,2
2024-05-25,571948,7,1,1,2.584131,7.0,5,0
2024-05-25,572955,6,3,1,1.5501310000000001,6.0,2,0
2024-05-25,573009,2,2,0,0.0,2.0,0,0
2024-05-25,573124,3,1,0,0.734,3.0,2,0
2024-05-25,573186,23,5,1,6.507184111111111,23.0,16,1
2024-05-25,592094,3,0,1,0.9641310000000001,3.0,2,0
2024-05-25,592155,7,3,0,2.529,7.0,4,0
2024-05-25,592426,5,0,1,0.875131,5.0,4,0
2024-05-25,592773,3,2,0,0.343,3.0,1,0
2024-05-25,592791,26,3,1,8.975269888888889,26.0,22,1
2024-05-25,592866,20,8,0,4.451,19.0,11,1
2024-05-25,594580,3,1,0,0.189,3.0,2,0
2024-05-25,595014,2,2,0,0.0,2.0,0,0
2024-05-25,595928,3,0,0,1.885,3.0,3,0
2024-05-25,596133,9,1,2,5.491535049645389,9.0,6,2
2024-05-25,601713,20,3,3,8.894726333333333,20.0,14,1
2024-05-25,605280,3,1,0,0.46699999999999997,3.0,2,0
2024-05-25,605400,25,5,2,6.490062,24.0,17,0
2024-05-25,605447,4,2,0,0.641,4.0,2,0
2024-05-25,605463,5,1,1,2.147845285714286,5.0,3,1
2024-05-25,605513,5,3,0,1.03475,5.0,2,0
2024-05-25,606965,1,0,0,0.328,1.0,1,0
2024-05-25,607067,23,2,3,8.609498263157896,22.0,17,1
2024-05-25,607200,25,6,3,7.534193,25.0,16,1
2024-05-25,607481,5,1,0,1.001192,5.0,3,0
2024-05-25,608717,6,1,1,1.835323,6.0,3,0
2024-05-25,613534,2,1,0,0.87,2.0,1,0
2024-05-25,614179,5,2,1,1.2961310000000001,5.0,2,0
2024-05-25,621111,22,4,1,6.849049032786886,21.0,16,1
2024-05-25,621242,4,1,0,1.717,4.0,3,0
2024-05-25,621244,25,5,0,5.861857142857143,25.0,20,0
2024-05-25,622253,7,4,0,0.6729999999999999,6.0,2,0
2024-05-25,622554,4,1,0,0.772,4.0,3,0
2024-05-25,622663,26,6,3,4.097393,25.0,16,0
2024-05-25,622786,3,1,1,1.250131,3.0,1,0
2024-05-25,623149,3,1,0,0.336,3.0,2,0
2024-05-25,623433,4,1,1,0.7401310000000001,4.0,2,0
2024-05-25,623474,4,2,1,0.695131,4.0,1,0
2024-05-25,625643,20,3,1,8.273122534391534,20.0,16,3
2024-05-25,640448,3,1,0,0.968,3.0,2,0
2024-05-25,640451,4,1,0,1.013192,4.0,2,0
2024-05-25,641712,24,2,1,9.561871009367682,24.0,20,1
2024-05-25,642100,3,0,0,0.919,3.0,3,0
2024-05-25,642232,8,0,1,4.212131,7.0,7,0
2024-05-25,643410,6,1,0,2.382,6.0,5,0
2024-05-25,650644,20,5,1,5.9866634761904765,20.0,13,1
2024-05-25,656222,6,1,1,1.160131,6.0,4,0
2024-05-25,656302,28,9,0,7.55375,27.0,18,1
2024-05-25,656412,3,0,0,0.834,3.0,3,0
2024-05-25,656605,27,4,0,8.491221172581804,27.0,22,2
2024-05-25,656629,5,1,0,3.78835303030303,5.0,4,3
2024-05-25,656730,2,1,0,0.826,2.0,1,0
2024-05-25,656756,26,4,1,8.211943295081968,26.0,21,2
2024-05-25,656786,4,0,1,2.025131,4.0,3,0
2024-05-25,656887,6,1,1,2.092131,6.0,4,0
2024-05-25,657044,6,1,0,1.461,6.0,5,0
2024-05-25,657612,5,0,1,1.744131,5.0,4,0
2024-05-25,657649,4,3,0,0.289,4.0,1,0
2024-05-25,660853,5,2,1,1.691131,5.0,2,0
2024-05-25,661395,3,1,0,0.118,3.0,2,0
2024-05-25,661403,4,2,0,0.628,4.0,2,0
2024-05-25,661527,4,0,1,1.374131,4.0,3,0
2024-05-25,663423,2,0,0,1.0090000000000001,2.0,2,0
2024-05-25,663485,6,2,0,1.3679999999999999,6.0,4,0
2024-05-25,663546,4,1,1,2.9164643333333333,4.0,2,1
2024-05-25,663704,7,0,0,1.588,7.0,7,0
2024-05-25,663855,20,8,2,5.205837333333333,20.0,9,1
2024-05-25,663903,22,3,2,9.12559838095238,22.0,15,2
2024-05-25,663947,4,1,0,0.9173888888888889,4.0,3,0
2024-05-25,663978,19,3,0,5.574454545454545,19.0,16,1
2024-05-25,663992,8,0,0,3.017076923076923,8.0,8,1
2024-05-25,664076,5,0,2,2.312262,5.0,3,0
2024-05-25,664126,4,1,0,0.643,4.0,3,0
2024-05-25,664208,3,0,0,0.976,3.0,3,0
2024-05-25,664350,21,2,2,7.876893868131868,20.0,17,1
2024-05-25,664747,3,0,0,0.415,3.0,3,0
2024-05-25,664854,7,0,0,4.344563888888889,7.0,7,1
2024-05-25,664875,5,0,1,3.109131,5.0,4,0
2024-05-25,666808,3,2,0,0.005,3.0,1,0
2024-05-25,667755,23,8,1,5.090069888888889,23.0,14,1
2024-05-25,668338,2,0,0,0.925,2.0,2,0
2024-05-25,668674,4,1,0,0.766,4.0,3,0
2024-05-25,668881,22,5,1,5.607131000000001,22.0,16,1
2024-05-25,668941,6,1,0,2.367,6.0,5,0
2024-05-25,669211,11,2,3,4.046717324324325,10.0,6,1
2024-05-25,669302,21,4,0,3.38,21.0,17,0
2024-05-25,669622,4,1,0,0.828192,4.0,2,0
2024-05-25,669711,3,0,1,0.9591310000000001,3.0,2,0
2024-05-25,670059,5,2,0,1.219,5.0,3,0
2024-05-25,670167,4,2,0,0.20400000000000001,4.0,2,0
2024-05-25,670280,5,0,0,2.0983243243243246,5.0,5,1
2024-05-25,671345,3,0,0,1.1019999999999999,3.0,3,0
2024-05-25,671922,3,2,0,0.801,3.0,1,0
2024-05-25,672335,3,1,0,0.748,3.0,2,0
2024-05-25,672582,3,0,1,1.692131,3.0,2,0
2024-05-25,673513,4,2,0,0.71,4.0,2,0
2024-05-25,673929,5,2,1,2.627306,5.0,2,1
2024-05-25,676395,3,2,0,0.048,3.0,1,0
2024-05-25,676440,25,6,1,6.84478811627907,25.0,17,1
2024-05-25,676534,3,2,0,0.058,3.0,1,0
2024-05-25,676664,22,1,1,4.567360037037037,22.0,19,1
2024-05-25,677020,2,0,0,1.3571379310344829,2.0,2,1
2024-05-25,677053,3,2,0,0.05,3.0,1,0
2024-05-25,677161,11,2,0,4.487891774891775,11.0,9,2
2024-05-25,678495,6,2,1,1.586131,6.0,3,0
2024-05-25,680767,3,0,1,0.8731310000000001,3.0,2,0
2024-05-25,681293,23,7,3,7.019726333333333,23.0,13,1
2024-05-25,681432,3,2,0,0.4132142857142858,3.0,1,0
2024-05-25,681857,26,4,3,6.084393,26.0,19,0
2024-05-25,681892,6,1,2,2.3546256363636364,6.0,3,0
2024-05-25,683769,3,1,0,0.248,3.0,2,0
2024-05-25,687330,3,0,2,0.689131,1.0,1,0
2024-05-25,687863,2,1,0,0.674,2.0,1,0
2024-05-25,695243,3,3,0,0.0,3.0,0,0
2024-05-26,445276,3,2,0,0.31,3.0,1,0
2024-05-26,455119,4,0,0,0.9390000000000001,3.0,4,0
2024-05-26,518886,3,1,0,0.444,3.0,2,0
2024-05-26,519043,3,2,1,0.689131,3.0,0,0
2024-05-26,519242,26,8,1,5.968345285714285,25.0,16,0
2024-05-26,519293,5,1,1,1.545131,5.0,3,0
2024-05-26,527048,13,2,2,6.069207224250953,13.0,9,1
2024-05-26,542888,4,1,0,1.725285714285714,4.0,3,1
2024-05-26,543056,3,1,0,1.8320857142857143,3.0,2,1
2024-05-26,543243,18,8,2,3.392262,18.0,8,0
2024-05-26,543859,5,0,0,1.018,5.0,5,0
2024-05-26,547973,6,2,0,3.819585106382978,6.0,4,2
2024-05-26,552640,5,1,0,2.3760833333333333,5.0,4,1
2024-05-26,554340,7,1,0,2.9671920000000003,7.0,5,0
2024-05-26,571539,4,2,0,0.6709999999999999,4.0,2,0
2024-05-26,571578,25,4,2,8.585809619047618,24.0,18,2
2024-05-26,571670,5,0,0,0.9319999999999999,5.0,5,0
2024-05-26,579328,17,0,0,9.681314935064934,17.0,17,3
2024-05-26,592767,11,1,1,3.758515,11.0,7,0
2024-05-26,592773,5,2,0,2.5325454545454544,5.0,3,1
2024-05-26,593974,4,0,2,1.8032620000000001,4.0,2,0
2024-05-26,594902,25,5,2,6.032262,25.0,18,1
2024-05-26,600917,7,2,0,0.141,7.0,5,0
2024-05-26,605130,3,1,0,1.551,3.0,2,0
2024-05-26,605156,24,1,3,10.768105121212121,24.0,20,2
2024-05-26,605288,14,2,1,4.418676454545455,14.0,11,1
2024-05-26,605397,21,5,0,6.314047619047619,20.0,15,3
2024-05-26,605447,5,0,1,1.9708222222222218,3.0,4,1
2024-05-26,606303,2,1,0,0.9262222222222224,2.0,1,1
2024-05-26,606930,3,0,0,0.757,3.0,3,0
2024-05-26,607179,9,2,1,4.188545222222222,9.0,5,1
2024-05-26,607259,14,3,0,2.512,14.0,11,0
2024-05-26,607455,8,1,1,0.764,6.0,6,0
2024-05-26,608334,7,0,0,2.3018238095238095,7.0,7,1
2024-05-26,608379,22,7,1,3.896131,22.0,14,0
2024-05-26,608718,3,0,0,1.213,3.0,3,0
2024-05-26,608723,3,2,0,0.032,3.0,1,0
2024-05-26,615698,22,5,2,7.7098184102564105,22.0,15,2
2024-05-26,621053,5,2,1,0.927131,5.0,2,0
2024-05-26,622251,3,1,0,0.202,3.0,2,0
2024-05-26,622554,4,1,0,0.889,4.0,3,0
2024-05-26,623352,4,1,0,2.450918032786886,4.0,3,1
2024-05-26,624133,25,9,4,8.065924,25.0,12,1
2024-05-26,624647,5,0,1,2.511797666666667,5.0,4,0
2024-05-26,640455,21,6,1,6.683103222222223,21.0,14,1
2024-05-26,641154,23,6,1,7.575899551724138,23.0,15,2
2024-05-26,641729,3,3,0,0.0,3.0,0,0
2024-05-26,641755,3,0,0,0.092,3.0,3,0
2024-05-26,642520,16,2,4,6.371324,16.0,10,1
2024-05-26,642546,5,1,1,1.796331,5.0,3,1
2024-05-26,642701,2,1,0,0.262,2.0,1,0
2024-05-26,643256,5,0,2,3.3804540000000003,5.0,2,0
2024-05-26,643511,7,0,1,2.916192,6.0,5,0
2024-05-26,647315,6,0,0,3.2453591397849464,6.0,6,2
2024-05-26,647336,14,5,2,4.539536904214559,14.0,7,2
2024-05-26,650556,4,1,1,1.133131,4.0,2,0
2024-05-26,656464,7,1,0,2.398,7.0,6,0
2024-05-26,656529,4,2,0,0.859,4.0,2,0
2024-05-26,656557,26,7,1,7.322589333333333,26.0,18,1
2024-05-26,656641,6,1,0,1.8589615384615386,6.0,5,1
2024-05-26,656945,3,1,0,0.165,3.0,2,0
2024-05-26,657024,3,1,0,0.7404137931034481,3.0,2,1
2024-05-26,657277,26,8,1,7.347677287046286,25.0,16,1
2024-05-26,657376,23,6,3,6.883585,23.0,13,0
2024-05-26,657571,4,0,1,2.146131,4.0,3,0
2024-05-26,660600,6,4,0,0.8821499999999998,6.0,2,0
2024-05-26,660896,9,3,1,2.1792079230769232,9.0,5,1
2024-05-26,661403,4,0,0,1.7191818181818181,4.0,4,0
2024-05-26,662253,4,1,0,2.325333333333333,4.0,3,1
2024-05-26,663158,6,2,0,2.4779751461988306,6.0,4,2
2024-05-26,663554,22,0,2,7.831479391304348,22.0,20,1
2024-05-26,663947,6,1,1,3.0286694615384615,6.0,4,1
2024-05-26,664076,4,1,0,0.585,4.0,3,0
2024-05-26,664126,6,0,1,2.1191310000000003,6.0,5,0
2024-05-26,664747,2,2,0,0.0,2.0,0,0
2024-05-26,664854,6,1,0,3.771409090909091,6.0,5,1
2024-05-26,665625,6,0,1,2.448,5.0,5,0
2024-05-26,665871,23,8,3,8.362947098360657,23.0,12,2
2024-05-26,666214,5,0,1,1.569131,5.0,4,0
2024-05-26,666974,1,0,0,0.088,1.0,1,0
2024-05-26,667463,3,0,0,0.124,3.0,3,0
2024-05-26,668941,6,0,0,3.3581393684210528,6.0,5,1
2024-05-26,668964,18,4,0,5.243083333333334,18.0,14,1
2024-05-26,669093,5,5,0,0.0,5.0,0,0
2024-05-26,669276,5,1,1,1.725131,5.0,3,0
2024-05-26,669387,10,1,1,3.4480935,10.0,8,0
2024-05-26,669438,4,1,1,1.6292421111111113,4.0,2,0
2024-05-26,669854,25,6,1,7.825353007722008,25.0,18,2
2024-05-26,670167,5,0,0,2.007192,5.0,4,0
2024-05-26,670950,9,1,3,3.444361253968254,8.0,4,0
2024-05-26,670990,6,0,0,2.641384,6.0,4,0
2024-05-26,671345,5,0,1,2.458269888888889,5.0,4,1
2024-05-26,671737,19,6,3,4.786478714285715,19.0,10,1
2024-05-26,672282,24,8,4,7.051716,24.0,11,0
2024-05-26,672552,12,2,1,2.972657315789474,12.0,9,0
2024-05-26,672578,1,0,0,0.138,1.0,1,0
2024-05-26,672710,3,2,0,0.59,3.0,1,0
2024-05-26,676254,4,1,0,0.839,4.0,3,0
2024-05-26,676534,4,2,0,0.967,4.0,2,0
2024-05-26,676684,5,0,1,2.330131,5.0,4,0
2024-05-26,676702,7,0,0,2.213,7.0,7,0
2024-05-26,676714,4,2,0,0.7301920000000001,4.0,1,0
2024-05-26,676979,22,11,1,5.186541256410256,22.0,10,1
2024-05-26,677960,23,7,1,5.682797666666667,23.0,15,1
2024-05-26,679885,5,2,1,1.398131,5.0,2,0
2024-05-26,680694,24,11,4,4.0645240000000005,24.0,9,0
2024-05-26,681892,5,0,0,1.443,5.0,5,0
2024-05-26,683232,4,0,0,0.565,4.0,4,0
2024-05-26,686539,4,1,0,0.6537499999999999,4.0,3,0
2024-05-26,686580,3,3,0,0.0,3.0,0,0
2024-05-26,686730,13,3,0,4.336257575757576,13.0,10,2
2024-05-26,686796,20,4,1,4.340323000000001,20.0,14,0
2024-05-26,686826,5,1,0,1.813333333333333,5.0,4,1
2024-05-26,687330,5,0,0,2.687192,5.0,4,0
2024-05-26,687863,3,2,0,0.272,3.0,1,0
2024-05-26,689147,5,0,0,1.463,5.0,5,0
2024-05-26,693312,6,2,0,2.0101818181818185,6.0,4,1
2024-05-26,693433,24,1,0,6.288353094224924,24.0,22,2
2024-05-26,808967,23,8,2,5.990728666666667,23.0,13,0
2024-05-27,445926,5,1,0,1.2229999999999999,5.0,4,0
2024-05-27,450203,28,7,2,11.242966761904762,28.0,19,2
2024-05-27,458681,25,5,3,7.603896663003663,25.0,17,1
2024-05-27,518585,5,5,0,0.0,5.0,0,0
2024-05-27,571882,4,0,2,2.159262,4.0,2,0
2024-05-27,571948,5,1,1,1.692131,5.0,3,0
2024-05-27,572143,3,0,0,0.927,3.0,3,0
2024-05-27,592836,29,4,2,10.537696782608696,29.0,23,1
2024-05-27,594580,3,2,0,0.107,3.0,1,0
2024-05-27,600986,5,0,4,3.6185240000000003,5.0,1,0
2024-05-27,605130,4,1,2,2.101262,4.0,1,0
2024-05-27,605135,22,7,0,4.370852377358491,22.0,14,1
2024-05-27,605154,5,1,0,1.411,5.0,4,0
2024-05-27,605463,4,0,0,1.4161920000000001,4.0,3,0
2024-05-27,605483,20,7,2,8.379134859122859,20.0,11,3
2024-05-27,606160,5,1,2,2.018262,5.0,2,0
2024-05-27,608344,22,6,3,8.743373,22.0,13,3
2024-05-27,608371,3,2,0,0.102,3.0,1,0
2024-05-27,614179,7,1,0,1.072,7.0,6,0
2024-05-27,621381,4,2,0,0.684,4.0,2,0
2024-05-27,622253,5,0,0,1.933,5.0,5,0
2024-05-27,623433,6,1,0,1.186,6.0,5,0
2024-05-27,623474,8,2,0,1.857,8.0,6,0
2024-05-27,640448,5,3,0,0.767,5.0,2,0
2024-05-27,640451,3,1,0,0.17500000000000002,3.0,2,0
2024-05-27,640462,4,0,0,1.5450000000000002,4.0,4,0
2024-05-27,641745,20,2,1,7.54115023076923,20.0,17,1
2024-05-27,642028,19,2,0,5.956192,19.0,16,0
2024-05-27,642100,3,1,0,0.215,3.0,2,0
2024-05-27,643377,4,1,0,1.75,4.0,3,0
2024-05-27,643410,4,1,1,1.463131,4.0,2,0
2024-05-27,647315,3,0,0,1.07,3.0,3,0
2024-05-27,650633,19,7,1,5.6267168585858585,19.0,11,1
2024-05-27,650893,4,0,1,1.934131,4.0,3,0
2024-05-27,656222,5,2,0,1.022,5.0,3,0
2024-05-27,657006,25,8,1,5.0751230000000005,25.0,15,0
2024-05-27,657024,3,0,0,2.3237631578947373,3.0,3,1
2024-05-27,657097,7,2,0,1.935,7.0,5,0
2024-05-27,657746,25,9,0,4.3585,25.0,16,0
2024-05-27,658648,8,4,0,1.276,8.0,4,0
2024-05-27,661395,4,0,0,1.5451920000000001,4.0,3,0
2024-05-27,662253,3,2,0,0.178,3.0,1,0
2024-05-27,663158,3,1,0,0.181,3.0,2,0
2024-05-27,663423,3,0,0,1.058,3.0,3,0
2024-05-27,663485,5,0,0,2.843,5.0,5,0
2024-05-27,663542,7,3,0,1.422,7.0,4,0
2024-05-27,663878,7,2,0,0.585,7.0,5,0
2024-05-27,664285,27,4,3,9.458029824324324,27.0,20,1
2024-05-27,666157,21,3,0,4.361,21.0,18,0
2024-05-27,666808,4,0,0,2.401550373134328,4.0,4,1
2024-05-27,669062,4,0,0,0.45999999999999996,4.0,4,0
2024-05-27,669432,23,3,2,8.121309619047619,23.0,18,1
2024-05-27,669461,4,0,2,1.679262,4.0,2,0
2024-05-27,669622,3,0,1,0.979131,3.0,2,0
2024-05-27,669713,5,0,1,3.745785761904762,5.0,4,2
2024-05-27,670970,7,1,1,1.488131,7.0,5,0
2024-05-27,672335,3,2,0,0.031,3.0,1,0
2024-05-27,673513,4,2,0,0.776,4.0,2,0
2024-05-27,675540,19,3,2,6.323381047619048,19.0,14,1
2024-05-27,676254,3,0,1,1.021131,3.0,2,0
2024-05-27,678495,6,1,0,1.022,6.0,5,0
2024-05-27,679525,27,7,2,10.750472256410257,27.0,18,4
2024-05-27,680704,5,1,0,0.583,5.0,4,0
2024-05-27,680730,24,6,0,6.9854,24.0,18,2
2024-05-27,680767,6,0,0,2.43,6.0,6,0
2024-05-27,680897,22,5,4,8.085643673278629,22.0,13,4
2024-05-27,681517,5,1,1,1.6649881428571427,5.0,3,0
2024-05-27,681867,20,2,1,7.607870377289378,20.0,17,4
2024-05-27,682243,25,6,2,7.439037,25.0,17,1
2024-05-27,683627,10,0,3,5.027585,10.0,6,0
2024-05-27,686539,3,1,0,1.511192,3.0,1,0
2024-05-27,688107,21,7,0,3.876,21.0,14,0
2024-05-27,694363,11,1,2,3.3910620000000002,11.0,8,0
2024-05-28,472610,3,1,0,0.167,3.0,2,0
2024-05-28,489446,5,2,1,1.0541310000000002,5.0,2,0
2024-05-28,493603,5,1,0,2.049,5.0,4,0
2024-05-28,500779,26,3,0,7.484732142857143,26.0,23,1
2024-05-28,502043,22,6,2,5.847479391304348,22.0,14,1
2024-05-28,502085,3,2,0,0.032,3.0,1,0
2024-05-28,518617,3,1,0,0.266,3.0,2,0
2024-05-28,519008,3,1,0,0.131,3.0,2,0
2024-05-28,519043,3,1,0,0.31,3.0,2,0
2024-05-28,519151,7,3,1,1.977131,7.0,3,0
2024-05-28,519326,3,1,0,0.6017999999999999,3.0,2,0
2024-05-28,543135,14,2,0,4.758,14.0,12,0
2024-05-28,543339,6,1,1,1.287131,6.0,4,0
2024-05-28,547184,5,1,0,0.559,5.0,4,0
2024-05-28,554430,21,9,2,3.643062,21.0,10,0
2024-05-28,571539,11,0,2,7.209119142857142,11.0,9,1
2024-05-28,571656,6,1,1,2.3411310000000003,6.0,4,0
2024-05-28,571760,10,1,1,2.889131,10.0,8,0
2024-05-28,571882,4,0,1,1.0501310000000001,4.0,3,0
2024-05-28,571948,6,0,0,2.5045,5.0,6,0
2024-05-28,573124,7,2,0,1.4,7.0,5,0
2024-05-28,592094,3,1,0,0.589875,3.0,2,0
2024-05-28,592332,22,3,1,6.408131,22.0,18,0
2024-05-28,592454,2,0,0,0.43400000000000005,2.0,2,0
2024-05-28,592773,3,2,0,0.101,3.0,1,0
2024-05-28,593576,4,0,1,1.837131,4.0,3,0
2024-05-28,593974,3,0,0,0.40599999999999997,3.0,3,0
2024-05-28,595014,3,2,0,0.019,3.0,1,0
2024-05-28,596133,7,3,0,1.604,7.0,4,0
2024-05-28,605121,3,1,0,0.498,3.0,2,0
2024-05-28,605154,4,0,1,1.531131,4.0,3,0
2024-05-28,605280,3,0,0,0.9315499999999999,3.0,3,1
2024-05-28,605347,6,2,0,3.2924623655913976,6.0,4,1
2024-05-28,606303,4,0,0,2.3564999999999996,4.0,4,0
2024-05-28,606930,6,2,0,3.0490851063829787,6.0,4,1
2024-05-28,606965,5,1,3,2.2333930000000004,5.0,1,0
2024-05-28,607192,25,8,4,5.777053411764705,25.0,13,1
2024-05-28,608032,3,0,0,1.4110444444444443,3.0,3,1
2024-05-28,608331,27,6,1,8.676131,27.0,20,0
2024-05-28,608717,7,2,0,1.069,7.0,5,0
2024-05-28,608718,4,0,0,1.332,4.0,4,0
2024-05-28,608723,3,1,0,0.32,3.0,2,0
2024-05-28,621237,5,1,2,1.114131,4.0,2,0
2024-05-28,621381,3,0,1,0.029,2.0,2,0
2024-05-28,621383,6,1,2,1.667262,6.0,3,0
2024-05-28,622065,5,1,0,1.573,5.0,4,0
2024-05-28,622251,3,0,0,0.271,3.0,3,0
2024-05-28,622491,24,6,1,7.731688575757576,24.0,17,3
2024-05-28,628452,3,2,0,0.547,3.0,1,0
2024-05-28,641482,20,4,0,6.878776923076924,20.0,16,2
2024-05-28,641793,28,9,1,8.783245639933167,28.0,17,3
2024-05-28,641835,3,0,0,2.0547317073170737,3.0,3,1
2024-05-28,642048,4,1,1,0.859131,4.0,2,0
2024-05-28,642547,22,11,2,5.194928666666667,22.0,9,1
2024-05-28,642629,5,1,0,1.6073,5.0,4,0
2024-05-28,643338,4,0,0,0.71,4.0,4,0
2024-05-28,643377,3,2,0,0.1,3.0,1,0
2024-05-28,643410,1,1,0,0.0,1.0,0,0
2024-05-28,643511,4,1,0,0.9249999999999999,4.0,3,0
2024-05-28,650556,3,2,0,0.034,3.0,1,0
2024-05-28,650893,6,1,0,1.89,6.0,5,0
2024-05-28,656288,26,5,2,10.605042952380952,26.0,19,1
2024-05-28,656529,3,1,0,0.464,3.0,2,0
2024-05-28,656546,5,1,0,1.2,5.0,4,0
2024-05-28,656730,1,0,0,0.47,1.0,1,0
2024-05-28,656731,25,9,1,5.675797666666667,25.0,15,1
2024-05-28,657514,7,4,1,1.2051310000000002,7.0,2,0
2024-05-28,657585,3,0,0,1.04,3.0,3,0
2024-05-28,657612,9,1,0,3.127,9.0,8,0
2024-05-28,657649,1,1,0,0.0,1.0,0,0
2024-05-28,660600,3,1,0,0.7170000000000001,3.0,2,0
2024-05-28,660896,3,2,0,0.002,3.0,1,0
2024-05-28,661395,4,1,0,2.5744210526315787,4.0,3,1
2024-05-28,663362,27,8,0,5.954214285714286,27.0,19,0
2024-05-28,663372,24,1,2,8.500162,24.0,21,0
2024-05-28,663474,24,9,3,7.145640126436781,24.0,12,2
2024-05-28,663546,7,0,1,0.497,6.0,6,0
2024-05-28,663567,6,1,1,1.8931310000000001,6.0,4,0
2024-05-28,663623,20,10,2,3.288012,20.0,8,0
2024-05-28,663765,20,4,2,7.976336812030075,20.0,14,1
2024-05-28,665625,6,2,3,1.7102620000000002,5.0,1,0
2024-05-28,666142,24,7,1,7.670306,24.0,16,1
2024-05-28,666200,26,4,2,9.725062000000001,26.0,20,2
2024-05-28,666974,3,0,0,0.924,3.0,3,0
2024-05-28,667463,8,2,0,1.978817,8.0,5,0
2024-05-28,668338,2,1,0,0.252,2.0,1,0
2024-05-28,669062,4,2,1,0.692131,4.0,1,0
2024-05-28,669093,3,3,0,0.0,3.0,0,0
2024-05-28,669211,6,1,1,3.247340595959596,5.0,4,1
2024-05-28,669674,2,1,0,0.18,2.0,1,0
2024-05-28,669711,5,1,0,2.303,5.0,4,0
2024-05-28,669713,3,2,0,0.458,3.0,1,0
2024-05-28,669952,1,1,0,0.0,1.0,0,0
2024-05-28,671096,27,3,2,11.608988476754224,27.0,22,3
2024-05-28,671922,5,3,0,0.46799999999999997,5.0,2,0
2024-05-28,672335,4,0,0,2.6087586206896556,4.0,4,1
2024-05-28,672578,4,0,2,1.8192620000000002,4.0,2,0
2024-05-28,673380,8,3,1,1.506131,8.0,4,0
2024-05-28,673929,6,1,3,2.2863930000000003,6.0,2,0
2024-05-28,675627,3,1,0,0.105,3.0,2,0
2024-05-28,675921,16,4,0,4.699,16.0,12,0
2024-05-28,676714,4,2,0,0.966192,4.0,1,0
2024-05-28,676962,23,10,2,4.661874903225806,23.0,11,1
2024-05-28,677020,3,0,0,0.799,3.0,3,0
2024-05-28,677053,3,1,0,0.01,3.0,2,0
2024-05-28,678394,24,7,2,6.362646,24.0,13,0
2024-05-28,680570,27,10,1,6.836153303030303,27.0,15,1
2024-05-28,680573,20,4,2,5.091898363636364,20.0,14,0
2024-05-28,680704,3,0,2,1.848262,3.0,1,0
2024-05-28,680767,3,2,0,0.192,3.0,1,0
2024-05-28,681432,3,0,1,1.283131,3.0,2,0
2024-05-28,681676,6,2,1,2.196323,6.0,2,0
2024-05-28,681911,7,3,1,1.004131,7.0,3,0
2024-05-28,681982,4,2,0,0.40700000000000003,4.0,2,0
2024-05-28,682120,3,0,0,1.455,3.0,3,0
2024-05-28,683769,3,1,0,0.723,3.0,2,0
2024-05-28,686580,4,1,0,1.2363636363636363,4.0,3,0
2024-05-28,686613,22,9,0,4.299580888888889,22.0,12,0
2024-05-28,687765,18,4,1,4.206176454545455,18.0,13,1
2024-05-28,689147,3,2,0,0.678,3.0,1,0
2024-05-28,694297,28,5,1,6.126619047619048,26.0,21,1
2024-05-28,694813,24,7,0,4.8113,24.0,17,0
2024-05-28,695243,5,2,1,1.2661310000000001,5.0,2,0
2024-05-29,434378,25,9,1,5.717181,25.0,15,1
2024-05-29,472610,3,0,0,1.333,3.0,3,0
2024-05-29,489446,1,0,0,0.319,1.0,1,0
2024-05-29,493603,5,1,1,1.993269888888889,5.0,3,1
2024-05-29,502085,2,1,0,0.897,2.0,1,0
2024-05-29,502624,8,2,0,3.4928795718108834,8.0,6,2
2024-05-29,506433,17,2,1,5.085131,17.0,14,0
2024-05-29,518397,3,1,0,0.87,3.0,2,0
2024-05-29,518617,2,1,0,0.559,2.0,1,0
2024-05-29,519008,3,2,0,0.584,3.0,1,0
2024-05-29,519293,4,1,0,1.2700769230769233,4.0,3,1
2024-05-29,519326,5,2,1,1.640131,5.0,2,0
2024-05-29,542881,23,4,6,7.805234275862069,23.0,13,1
2024-05-29,543056,4,1,0,1.223,4.0,3,0
2024-05-29,543294,13,1,1,4.913147666666667,13.0,11,1
2024-05-29,547184,3,0,0,1.0459999999999998,2.0,3,0
2024-05-29,547973,4,1,1,0.9821310000000001,4.0,2,0
2024-05-29,552640,5,0,0,3.4718277608915904,5.0,5,1
2024-05-29,554340,3,1,0,0.265,3.0,2,0
2024-05-29,571656,7,0,2,3.613262,7.0,5,0
2024-05-29,571670,2,0,0,0.148,2.0,2,0
2024-05-29,572020,12,3,0,3.298942,12.0,8,0
2024-05-29,572955,6,2,1,1.946131,6.0,3,0
2024-05-29,592094,4,1,0,0.881,4.0,3,0
2024-05-29,592426,6,3,0,0.353,6.0,3,0
2024-05-29,593423,26,5,2,9.528082078817734,25.0,17,2
2024-05-29,595014,4,1,0,1.1400000000000001,4.0,3,0
2024-05-29,595345,3,0,0,0.597,3.0,3,0
2024-05-29,600917,3,1,0,0.54,3.0,2,0
2024-05-29,605121,5,0,0,2.2227586206896555,5.0,5,1
2024-05-29,605177,6,3,0,1.041,6.0,3,0
2024-05-29,605280,4,0,1,1.890131,4.0,3,0
2024-05-29,605347,3,0,0,1.271027777777778,3.0,3,1
2024-05-29,605447,4,1,0,3.1853340961098393,4.0,3,2
2024-05-29,605463,4,0,2,1.4822620000000002,4.0,2,0
2024-05-29,605513,5,1,0,1.318625,5.0,4,0
2024-05-29,607179,3,0,0,1.0179,3.0,3,1
2024-05-29,607455,5,1,1,2.149238142857143,5.0,3,1
2024-05-29,607481,5,1,0,2.306,5.0,4,0
2024-05-29,607625,27,5,3,7.681543,27.0,19,0
2024-05-29,608371,1,0,0,0.624,1.0,1,0
2024-05-29,608718,4,1,0,1.125333333333333,4.0,3,1
2024-05-29,608723,1,1,0,0.0,1.0,0,0
2024-05-29,613534,2,0,1,1.321131,2.0,1,0
2024-05-29,621053,5,0,0,2.209,5.0,5,0
2024-05-29,621345,5,1,1,1.249131,5.0,3,0
2024-05-29,621383,3,1,0,0.10700000000000001,3.0,2,0
2024-05-29,621389,28,5,2,7.924976285714286,28.0,21,1
2024-05-29,622065,4,1,0,1.281,4.0,3,0
2024-05-29,622253,5,0,0,1.079,5.0,5,0
2024-05-29,622554,3,0,0,0.521,3.0,3,0
2024-05-29,622694,3,0,1,2.624833127659574,3.0,2,1
2024-05-29,622786,7,2,0,1.831,7.0,5,0
2024-05-29,623167,23,6,5,6.493039615384616,22.0,12,0
2024-05-29,623352,5,3,1,1.4871310000000002,5.0,1,0
2024-05-29,640451,5,3,0,1.3250000000000002,5.0,2,0
2024-05-29,640462,4,0,0,0.787,4.0,4,0
2024-05-29,641540,22,6,4,6.348524,22.0,12,0
2024-05-29,641755,7,3,1,2.151131,7.0,3,0
2024-05-29,641835,4,0,1,1.698131,4.0,3,0
2024-05-29,641927,24,4,0,12.923423955685891,24.0,20,5
2024-05-29,642100,3,1,0,1.189,3.0,2,0
2024-05-29,642232,7,1,0,3.9399317921146957,7.0,6,3
2024-05-29,642397,3,0,1,1.615731,3.0,2,0
2024-05-29,643256,4,1,0,0.186,4.0,3,0
2024-05-29,643511,3,1,0,0.537,3.0,2,0
2024-05-29,647315,4,1,0,1.2587631578947371,4.0,3,1
2024-05-29,650556,3,3,0,0.0,3.0,0,0
2024-05-29,650895,6,0,1,1.6351310000000001,6.0,5,0
2024-05-29,650911,24,7,1,6.393131,24.0,16,1
2024-05-29,656222,3,1,0,1.2614137931034481,3.0,2,1
2024-05-29,656529,1,0,0,0.007,1.0,1,0
2024-05-29,656629,3,0,0,0.6941111111111111,3.0,3,0
2024-05-29,656641,5,0,1,2.432131,5.0,4,0
2024-05-29,656849,22,3,1,7.80041225,22.0,18,2
2024-05-29,656887,6,2,1,1.859131,6.0,3,0
2024-05-29,656945,3,0,0,0.744,3.0,3,0
2024-05-29,657508,3,0,0,0.44199999999999995,3.0,3,0
2024-05-29,657649,10,3,1,4.332171484848485,10.0,5,1
2024-05-29,658648,7,2,0,2.2613939393939395,7.0,5,1
2024-05-29,660600,3,1,0,1.359,3.0,2,1
2024-05-29,660853,8,1,0,4.021999999999999,8.0,7,1
2024-05-29,661563,28,9,2,7.404030115942029,28.0,17,2
2024-05-29,662253,3,1,0,0.433,3.0,2,0
2024-05-29,663423,3,3,0,0.0,3.0,0,0
2024-05-29,663485,4,1,0,1.0010000000000001,4.0,3,0
2024-05-29,663531,5,0,2,1.993262,5.0,3,0
2024-05-29,663568,7,1,0,1.903,7.0,6,0
2024-05-29,664076,3,2,0,0.481,3.0,1,0
2024-05-29,664126,4,0,0,3.6553,4.0,4,1
2024-05-29,664854,6,0,2,2.130262,6.0,4,0
2024-05-29,666129,21,2,0,6.902341068322982,21.0,18,2
2024-05-29,666201,6,3,0,0.752,6.0,3,0
2024-05-29,666214,10,3,2,2.995464333333333,9.0,5,1
2024-05-29,666745,14,2,1,3.7862500476190477,14.0,11,1
2024-05-29,667463,2,1,0,0.308,2.0,1,0
2024-05-29,669022,22,10,0,5.4820370370370375,22.0,12,1
2024-05-29,669060,20,1,2,8.522124068965518,20.0,17,2
2024-05-29,669194,25,3,3,7.9800061025641025,24.0,19,2
2024-05-29,669203,27,5,3,6.301893,27.0,19,0
2024-05-29,669212,10,0,1,3.5855595714285715,10.0,9,0
2024-05-29,669276,4,0,0,0.998,4.0,4,0
2024-05-29,669373,25,8,1,6.242131,25.0,16,0
2024-05-29,669438,6,2,0,0.388,6.0,4,0
2024-05-29,669467,22,4,3,5.561393,22.0,15,0
2024-05-29,669622,3,0,0,0.154,3.0,3,0
2024-05-29,669923,24,8,0,7.004138888888889,24.0,16,1
2024-05-29,669952,9,0,0,2.219,9.0,9,0
2024-05-29,670059,4,2,1,0.7031310000000001,4.0,1,0
2024-05-29,670280,4,1,0,1.8733478260869567,4.0,3,1
2024-05-29,670950,12,0,1,3.458131,12.0,11,0
2024-05-29,670990,4,1,0,0.383,4.0,3,0
2024-05-29,671106,13,1,2,7.1880176752136755,13.0,9,1
2024-05-29,672456,19,5,1,6.793327276144361,19.0,13,2
2024-05-29,672578,5,1,1,1.511131,5.0,3,0
2024-05-29,672582,4,0,0,1.5411904761904764,4.0,4,1
2024-05-29,672710,5,0,2,2.4144762857142856,5.0,3,0
2024-05-29,673929,5,0,1,1.737131,5.0,4,0
2024-05-29,675627,5,0,1,2.0927059999999997,5.0,4,1
2024-05-29,676395,3,0,0,0.9380000000000001,3.0,3,0
2024-05-29,676534,4,0,1,1.996131,4.0,3,0
2024-05-29,676684,3,1,0,0.5890000000000001,3.0,2,0
2024-05-29,676710,25,5,2,10.452358948341981,25.0,16,2
2024-05-29,677020,7,2,1,3.570050518963922,7.0,4,2
2024-05-29,678495,8,2,3,4.092393,8.0,3,0
2024-05-29,679885,2,0,0,0.751,2.0,2,0
2024-05-29,680885,22,5,1,7.219494861518551,22.0,15,1
2024-05-29,681517,3,0,0,1.209,3.0,3,0
2024-05-29,682120,4,0,1,1.328131,4.0,3,0
2024-05-29,682847,13,3,0,2.134,13.0,10,0
2024-05-29,683003,22,2,2,6.400534893772894,21.0,17,2
2024-05-29,683155,20,5,2,5.555454,20.0,12,0
2024-05-29,684007,22,1,1,9.793769888888889,22.0,20,3
2024-05-29,686752,21,7,1,4.622176454545455,21.0,13,0
2024-05-29,686826,3,0,0,1.4700000000000002,3.0,3,0
2024-05-29,687330,2,0,0,0.23500000000000001,2.0,2,0
2024-05-29,689225,5,0,0,2.6310000000000002,5.0,5,1
2024-05-29,690986,27,5,1,10.79087398245614,27.0,21,4
2024-05-29,693312,4,1,0,1.609263157894737,4.0,3,1
2024-05-29,694973,22,9,1,5.559175444444445,22.0,12,1
2024-05-30,445926,8,2,0,1.12,7.0,6,0
2024-05-30,455119,7,2,0,3.564632746563781,7.0,5,2
2024-05-30,502624,4,1,0,0.249,4.0,3,0
2024-05-30,518397,3,0,0,0.9048999999999999,3.0,3,1
2024-05-30,519008,1,0,0,0.409,1.0,1,0
2024-05-30,519151,3,1,0,1.294357142857143,3.0,2,1
2024-05-30,542888,8,1,0,2.758,8.0,7,0
2024-05-30,543859,4,0,0,0.47,4.0,4,0
2024-05-30,547184,1,0,0,0.007,1.0,1,0
2024-05-30,571670,3,2,0,0.603,3.0,1,0
2024-05-30,573009,3,1,0,0.842,3.0,2,0
2024-05-30,573204,2,0,1,0.766131,2.0,1,0
2024-05-30,592155,4,2,0,0.653,4.0,2,0
2024-05-30,592454,4,0,1,2.209323,4.0,2,0
2024-05-30,592791,24,4,1,7.000823307692308,24.0,19,0
2024-05-30,592866,23,4,2,6.747870465608465,23.0,17,2
2024-05-30,601713,21,9,2,5.433576454545454,20.0,10,1
2024-05-30,605288,7,2,1,2.027131,7.0,4,0
2024-05-30,606160,3,1,0,0.356,3.0,2,0
2024-05-30,606303,4,0,0,0.6799999999999999,4.0,4,0
2024-05-30,607067,21,5,1,6.254134703703704,21.0,15,2
2024-05-30,607074,22,5,1,5.650092538461538,22.0,16,1
2024-05-30,608717,7,2,2,2.749262,7.0,3,0
2024-05-30,613534,4,0,1,1.6923230000000002,4.0,2,0
2024-05-30,621053,4,1,0,0.169,4.0,3,0
2024-05-30,623352,5,2,0,1.4169999999999998,5.0,3,0
2024-05-30,623433,3,0,0,0.76,3.0,3,0
2024-05-30,623474,7,0,1,2.121131,7.0,6,0
2024-05-30,640448,4,1,1,0.8271310000000001,4.0,2,0
2024-05-30,640451,4,1,0,1.9642857142857142,4.0,3,2
2024-05-30,641302,21,7,0,6.049190476190477,21.0,14,2
2024-05-30,641656,3,2,1,0.689131,3.0,0,0
2024-05-30,641729,4,1,0,0.673,4.0,3,0
2024-05-30,643256,6,0,4,2.942524,6.0,2,0
2024-05-30,643377,4,2,0,0.32499999999999996,4.0,2,0
2024-05-30,643410,4,1,0,0.512,4.0,3,0
2024-05-30,656412,4,1,0,0.34,4.0,3,0
2024-05-30,656427,22,9,1,3.242131,22.0,12,0
2024-05-30,656464,2,1,0,0.605,2.0,1,0
2024-05-30,657044,6,0,0,3.650333333333333,6.0,6,1
2024-05-30,657571,2,0,0,0.7290000000000001,2.0,2,0
2024-05-30,657585,4,0,1,1.215131,4.0,3,0
2024-05-30,660761,11,3,1,2.7912976666666665,11.0,7,0
2024-05-30,660896,3,2,0,0.124,3.0,1,0
2024-05-30,661395,6,0,1,2.757131,6.0,5,0
2024-05-30,663542,7,1,0,4.780692131147541,7.0,6,3
2024-05-30,663687,23,7,3,7.70497376923077,23.0,13,2
2024-05-30,663738,22,2,0,7.023722580440462,22.0,19,3
2024-05-30,663776,22,7,3,8.069393,22.0,12,1
2024-05-30,663947,5,2,0,0.362,5.0,3,0
2024-05-30,663978,24,4,2,9.77093203158132,24.0,18,3
2024-05-30,663992,4,1,1,0.014,2.0,2,0
2024-05-30,664076,3,1,0,0.372,3.0,2,0
2024-05-30,664126,5,1,1,1.038,4.0,3,0
2024-05-30,664208,3,1,0,0.641,3.0,2,0
2024-05-30,664849,3,2,0,0.5503125,3.0,1,0
2024-05-30,665625,4,0,0,1.2000000000000002,4.0,4,0
2024-05-30,668338,2,1,0,1.883684210526316,2.0,1,1
2024-05-30,668678,1,0,0,0.614,1.0,1,0
2024-05-30,669302,27,5,1,9.716817724386726,26.0,20,3
2024-05-30,669674,3,1,0,0.792,3.0,2,0
2024-05-30,669711,1,0,0,0.152,1.0,1,0
2024-05-30,669713,1,1,0,0.0,1.0,0,0
2024-05-30,669912,10,0,0,2.533,10.0,10,0
2024-05-30,670167,2,0,1,0.7351310000000001,2.0,1,0
2024-05-30,676395,1,0,0,0.467,1.0,1,0
2024-05-30,676714,7,2,1,3.086131,7.0,4,1
2024-05-30,678061,20,7,2,5.9377427741935485,19.0,8,1
2024-05-30,679885,11,2,1,3.384131,10.0,7,0
2024-05-30,681035,20,4,1,6.255611,20.0,14,2
2024-05-30,681293,23,8,3,6.13816,23.0,11,1
2024-05-30,681432,3,0,2,1.5612620000000001,3.0,1,0
2024-05-30,686826,4,1,1,1.433131,4.0,2,0
2024-05-30,687330,4,2,0,0.402,4.0,2,0
2024-05-30,695243,10,4,3,2.9148889365079365,8.0,3,2
2024-05-31,472610,4,1,0,1.4812829090909092,4.0,2,1
2024-05-31,518585,5,0,1,1.0201310000000001,5.0,4,0
2024-05-31,518617,3,1,0,0.486,3.0,2,0
2024-05-31,518886,3,2,0,0.511,3.0,1,0
2024-05-31,519043,5,1,0,2.444684210526316,5.0,4,1
2024-05-31,543056,4,1,1,0.7311310000000001,4.0,2,0
2024-05-31,544150,21,5,2,6.669479391304348,20.0,14,1
2024-05-31,547973,5,1,2,1.860262,5.0,2,0
2024-05-31,554340,3,0,1,1.162131,3.0,2,0
2024-05-31,570632,14,1,2,5.527396199134199,14.0,11,2
2024-05-31,571578,26,5,3,8.257726333333334,25.0,18,1
2024-05-31,571945,23,5,1,8.803072176470588,23.0,17,1
2024-05-31,571948,6,4,0,0.532,6.0,2,0
2024-05-31,572143,4,0,0,1.6911538461538465,4.0,4,2
2024-05-31,572955,4,1,1,1.0191310000000002,4.0,2,0
2024-05-31,573124,3,1,0,0.7411052631578949,3.0,2,0
2024-05-31,573186,26,2,2,7.668201393939394,26.0,22,1
2024-05-31,592426,3,0,0,1.032137931034483,3.0,3,1
2024-05-31,592767,8,3,3,2.8338067931034483,8.0,2,1
2024-05-31,592773,3,2,0,0.005,3.0,1,0
2024-05-31,593576,5,1,0,1.5472884615384617,4.0,4,1
2024-05-31,593974,4,2,0,0.609,4.0,2,0
2024-05-31,594580,3,0,0,0.27899999999999997,3.0,3,0
2024-05-31,595345,3,0,0,0.731,3.0,3,0
2024-05-31,596133,6,1,0,1.797,6.0,5,0
2024-05-31,605154,5,0,0,1.625,5.0,5,0
2024-05-31,605400,24,6,2,6.130000095238095,24.0,16,1
2024-05-31,606930,4,0,2,1.763131,3.0,2,0
2024-05-31,607179,5,0,1,1.6431310000000001,5.0,4,0
2024-05-31,607200,27,8,4,8.334524,26.0,15,0
2024-05-31,607455,3,1,1,1.3049309999999998,3.0,1,0
2024-05-31,608371,4,1,0,1.0750000000000002,4.0,3,0
2024-05-31,608379,21,2,1,7.839579099027409,20.0,17,2
2024-05-31,621111,27,7,4,9.238004,27.0,16,1
2024-05-31,621237,3,0,0,1.061,3.0,3,0
2024-05-31,621244,27,5,0,5.894,27.0,22,0
2024-05-31,621381,2,1,0,0.141,2.0,1,0
2024-05-31,622663,25,4,1,8.39787061904762,25.0,18,1
2024-05-31,622786,7,0,0,3.394250000000001,7.0,7,1
2024-05-31,625643,24,8,2,5.537428666666667,24.0,14,1
2024-05-31,628317,23,6,2,7.28946037398374,23.0,15,2
2024-05-31,628452,4,0,0,1.2360000000000002,4.0,4,0
2024-05-31,640462,5,2,0,0.36000000000000004,5.0,3,0
2024-05-31,641154,28,6,1,4.887131,28.0,21,0
2024-05-31,641712,26,3,1,8.255881,26.0,22,1
2024-05-31,641729,5,2,1,1.349131,5.0,2,0
2024-05-31,641835,4,1,0,0.632,4.0,3,0
2024-05-31,642048,3,1,0,1.9039333333333335,3.0,2,1
2024-05-31,642546,13,3,1,3.809845285714286,13.0,9,2
2024-05-31,643338,3,0,0,0.7568999999999999,3.0,3,0
2024-05-31,643361,7,1,0,3.4875857142857143,7.0,6,1
2024-05-31,647336,7,2,1,2.552131,7.0,4,0
2024-05-31,650644,23,3,1,7.476534846153847,23.0,19,1
2024-05-31,650893,5,3,0,0.052000000000000005,5.0,2,0
2024-05-31,656222,4,2,0,0.911,4.0,2,0
2024-05-31,656302,21,5,1,7.0818128181818185,21.0,15,1
2024-05-31,656546,3,2,0,0.013,3.0,1,0
2024-05-31,656557,28,6,2,9.586531230769232,28.0,20,1
2024-05-31,656756,25,4,3,9.266430037037036,25.0,18,1
2024-05-31,656786,3,0,0,1.558192,3.0,2,0
2024-05-31,656887,7,1,2,2.005262,7.0,4,0
2024-05-31,657097,1,0,0,0.018,1.0,1,0
2024-05-31,657585,4,1,0,3.1910500000000006,4.0,3,2
2024-05-31,657612,3,0,0,0.94,3.0,3,0
2024-05-31,660600,3,1,0,0.423,2.0,1,0
2024-05-31,661403,4,3,0,0.896,4.0,1,0
2024-05-31,661527,6,0,0,1.255,6.0,6,0
2024-05-31,662253,3,2,0,0.512,3.0,1,0
2024-05-31,663158,2,0,0,1.8787575757575758,2.0,2,1
2024-05-31,663423,5,1,2,2.6932620000000003,5.0,2,0
2024-05-31,663485,3,1,0,0.338,3.0,2,0
2024-05-31,663531,17,2,1,8.270101238095238,17.0,14,2
2024-05-31,663546,6,1,0,1.107,6.0,5,0
2024-05-31,663559,21,5,2,4.682262,21.0,14,0
2024-05-31,663568,8,0,0,4.4427540983606555,8.0,8,1
2024-05-31,663704,4,0,0,2.233,4.0,4,0
2024-05-31,663855,23,4,0,8.77010606060606,23.0,19,2
2024-05-31,663878,6,1,0,0.8189999999999998,6.0,5,0
2024-05-31,663992,3,1,0,1.036,3.0,2,0
2024-05-31,664208,3,0,1,1.3041310000000002,3.0,2,0
2024-05-31,664350,15,0,1,5.198872935483871,15.0,14,2
2024-05-31,664747,5,0,1,2.522931,4.0,3,1
2024-05-31,665871,22,7,3,8.592483909090909,22.0,12,1
2024-05-31,666208,8,2,1,2.7763690952380946,8.0,5,1
2024-05-31,666214,6,1,0,1.7401379310344829,6.0,5,1
2024-05-31,666974,4,0,2,2.195262,4.0,2,0
2024-05-31,667755,27,3,2,11.871361383511067,27.0,22,3
2024-05-31,668338,4,1,1,1.099131,4.0,2,0
2024-05-31,668933,22,4,2,7.51892935832084,22.0,14,2
2024-05-31,668964,21,4,1,9.767080600215229,21.0,15,2
2024-05-31,669093,3,0,1,1.1450000000000002,2.0,2,1
2024-05-31,669387,9,3,2,2.742180142857143,8.0,3,0
2024-05-31,669438,8,1,0,2.674192,8.0,6,0
2024-05-31,669461,4,3,0,0.406,4.0,1,0
2024-05-31,669620,3,1,0,1.5320000000000003,3.0,2,1
2024-05-31,669711,5,1,0,2.271660377358491,5.0,4,1
2024-05-31,669854,20,6,3,6.396343457317074,20.0,11,2
2024-05-31,670059,5,2,0,2.1256720000000002,5.0,2,1
2024-05-31,670167,4,0,0,1.719,4.0,4,0
2024-05-31,670280,4,1,0,0.493,4.0,3,0
2024-05-31,670990,6,0,1,1.5701310000000002,6.0,5,0
2024-05-31,671922,2,1,0,0.514,2.0,1,0
2024-05-31,672335,3,1,0,0.426,3.0,2,0
2024-05-31,672582,5,1,1,1.982131,5.0,3,0
2024-05-31,673380,2,2,0,0.0,2.0,0,0
2024-05-31,673513,3,0,0,0.504,3.0,3,0
2024-05-31,676395,3,0,0,1.621185185185185,3.0,3,1
2024-05-31,676440,24,7,1,5.689131,24.0,16,0
2024-05-31,676534,4,0,0,1.303,4.0,4,0
2024-05-31,676664,29,5,2,8.628594369385,29.0,22,1
2024-05-31,676702,8,1,1,2.1231310000000003,7.0,6,0
2024-05-31,679845,3,0,0,1.538,3.0,3,0
2024-05-31,680767,3,0,1,1.656131,3.0,2,0
2024-05-31,681517,4,0,0,2.021,4.0,4,0
2024-05-31,681911,1,0,0,0.518,1.0,1,0
2024-05-31,681982,5,0,1,1.292,4.0,4,0
2024-05-31,683769,3,0,0,0.8753333333333333,3.0,3,0
2024-05-31,686539,4,1,0,0.98,4.0,3,0
2024-05-31,686580,5,1,0,2.559,5.0,4,0
2024-05-31,686993,9,2,1,1.109,8.0,6,0
2024-05-31,693312,3,0,0,1.4496304347826088,3.0,3,1
2024-05-31,693433,19,2,0,4.207263157894737,19.0,17,0
2024-05-31,694361,7,2,0,3.524,7.0,5,1
2024-05-31,694363,10,1,1,4.6991309999999995,10.0,8,0
2024-06-01,518397,4,0,0,4.103253753753753,4.0,4,3
2024-06-01,518585,4,2,0,0.402,4.0,2,0
2024-06-01,519008,4,1,1,1.5675976666666664,4.0,2,0
2024-06-01,519242,22,4,1,8.914331,21.0,17,3
2024-06-01,519293,4,1,0,1.21,4.0,3,0
2024-06-01,543243,23,10,3,7.125393000000001,23.0,10,3
2024-06-01,543339,3,1,0,0.464,3.0,2,0
2024-06-01,547001,19,6,1,5.943070393939394,19.0,12,1
2024-06-01,547179,24,7,2,7.677671090909091,24.0,15,1
2024-06-01,547184,5,0,2,2.3535953333333333,5.0,3,1
2024-06-01,571539,4,2,0,0.252,4.0,2,0
2024-06-01,571670,3,1,0,0.5773333333333333,3.0,2,0
2024-06-01,571882,7,1,1,1.9003230000000002,7.0,4,0
2024-06-01,571948,3,1,0,0.34500000000000003,3.0,2,0
2024-06-01,572955,6,3,0,0.428,6.0,3,0
2024-06-01,579328,25,4,1,10.09472790008573,23.0,20,3
2024-06-01,592454,3,2,0,0.097,3.0,1,0
2024-06-01,593576,4,2,0,0.914,4.0,2,0
2024-06-01,593974,1,0,0,0.22,1.0,1,0
2024-06-01,594902,21,4,1,6.128044043478261,21.0,16,1
2024-06-01,595014,5,1,0,1.4529999999999998,5.0,4,0
2024-06-01,600917,3,3,0,0.0,3.0,0,0
2024-06-01,605121,4,1,2,1.673262,4.0,1,0
2024-06-01,605130,4,2,0,0.53,4.0,2,0
2024-06-01,605156,21,1,1,10.702906,21.0,19,4
2024-06-01,605177,6,1,1,1.9052976666666666,6.0,4,0
2024-06-01,605280,5,1,1,1.075131,5.0,3,0
2024-06-01,605513,10,6,0,1.1338,10.0,4,0
2024-06-01,606303,3,0,0,0.42200000000000004,3.0,3,0
2024-06-01,606965,9,2,0,2.7452083333333337,9.0,7,1
2024-06-01,607481,4,1,0,1.002,4.0,3,0
2024-06-01,608334,9,2,2,5.299206976076555,9.0,5,1
2024-06-01,608371,5,2,1,1.6504353478260874,5.0,2,1
2024-06-01,608717,4,1,1,1.2105156153846155,4.0,2,0
2024-06-01,608723,3,0,0,0.127,3.0,3,0
2024-06-01,613534,1,1,0,0.0,1.0,0,0
2024-06-01,614179,5,1,0,1.0,5.0,4,0
2024-06-01,615698,22,1,2,7.158062,22.0,19,0
2024-06-01,621114,6,1,1,1.936131,6.0,4,0
2024-06-01,622065,1,0,0,0.033,1.0,1,0
2024-06-01,622251,3,0,0,0.852,3.0,3,0
2024-06-01,622253,5,0,0,0.7809999999999999,5.0,5,0
2024-06-01,622554,3,1,0,0.19,3.0,2,0
2024-06-01,623149,1,0,0,0.6137142857142857,1.0,1,0
2024-06-01,623211,11,3,3,3.9553930000000004,10.0,4,0
2024-06-01,623352,3,1,0,1.752106382978723,3.0,2,1
2024-06-01,623433,5,0,0,2.3308,5.0,5,0
2024-06-01,623465,3,1,0,0.401,3.0,2,0
2024-06-01,623474,7,0,0,1.49,7.0,7,0
2024-06-01,624133,6,2,0,1.353,6.0,4,0
2024-06-01,640455,25,10,2,7.045943818181819,25.0,13,1
2024-06-01,641656,3,2,0,0.13,3.0,1,0
2024-06-01,641745,8,2,0,2.6941290322580644,8.0,6,2
2024-06-01,642028,5,0,2,2.0755657826086957,4.0,3,1
2024-06-01,642397,4,1,0,1.0238,4.0,3,0
2024-06-01,642520,6,1,1,3.923003408293461,6.0,4,1
2024-06-01,643410,3,1,0,0.734,3.0,2,0
2024-06-01,647315,3,0,0,1.427,3.0,3,0
2024-06-01,650556,6,1,2,2.786262,6.0,3,0
2024-06-01,650895,8,1,1,2.485131,8.0,6,0
2024-06-01,656464,3,0,0,0.47900000000000004,3.0,3,0
2024-06-01,656605,24,8,1,5.251131,24.0,15,1
2024-06-01,656629,5,2,1,0.8681333333333332,4.0,2,1
2024-06-01,656641,2,1,0,0.011,2.0,1,0
2024-06-01,656730,3,3,0,0.0,3.0,0,0
2024-06-01,657006,27,5,4,9.384716000000001,27.0,17,0
2024-06-01,657061,4,0,1,1.369131,4.0,3,0
2024-06-01,657097,8,1,1,1.6244643333333335,8.0,6,1
2024-06-01,657277,27,6,1,10.394094018817205,26.0,20,4
2024-06-01,657508,4,2,0,0.81,4.0,2,0
2024-06-01,657514,6,2,0,1.8645,6.0,4,0
2024-06-01,657571,5,1,1,1.186131,5.0,3,0
2024-06-01,657649,4,1,0,2.370283333333333,4.0,3,2
2024-06-01,657746,24,4,2,11.851760904052936,23.0,17,6
2024-06-01,661403,3,0,0,0.531,3.0,3,0
2024-06-01,663158,4,0,1,0.9521310000000001,4.0,3,0
2024-06-01,663893,5,0,0,3.097,5.0,5,1
2024-06-01,664285,24,4,2,7.053406830188679,24.0,17,1
2024-06-01,664849,3,1,0,0.25,3.0,2,0
2024-06-01,665625,3,1,0,0.7741920000000001,3.0,1,0
2024-06-01,666204,4,1,0,0.5041666666666665,4.0,3,0
2024-06-01,666974,3,2,0,0.106,3.0,1,0
2024-06-01,667463,4,1,0,2.152941176470588,4.0,3,1
2024-06-01,668881,27,5,5,11.005174872899032,27.0,15,1
2024-06-01,669093,7,2,1,1.9671310000000002,7.0,4,0
2024-06-01,669211,4,2,0,0.7000000000000001,4.0,2,0
2024-06-01,669276,5,0,0,1.6181923076923077,4.0,4,1
2024-06-01,669622,2,2,0,0.0,2.0,0,0
2024-06-01,669674,3,0,0,0.493,3.0,3,0
2024-06-01,669713,4,3,0,0.528,4.0,1,0
2024-06-01,669912,5,1,0,1.942,5.0,4,0
2024-06-01,670970,7,1,0,2.40365,7.0,6,1
2024-06-01,671345,4,2,0,0.784,4.0,2,0
2024-06-01,671737,22,3,3,12.606550189542483,22.0,16,4
2024-06-01,672282,19,3,4,6.232790666666666,19.0,12,0
2024-06-01,672335,3,2,0,0.073,3.0,1,0
2024-06-01,672552,4,0,0,1.144,4.0,4,0
2024-06-01,672710,8,1,0,3.057192,8.0,6,0
2024-06-01,673929,6,2,1,1.258131,6.0,3,0
2024-06-01,676254,6,2,0,2.673949098621421,6.0,4,2
2024-06-01,676684,3,2,0,0.388,3.0,1,0
2024-06-01,676714,12,0,1,6.055857056552144,12.0,11,1
2024-06-01,676979,25,8,1,6.297131,25.0,16,0
2024-06-01,677020,15,2,3,5.675393,15.0,10,0
2024-06-01,677053,3,0,0,1.1381333333333332,3.0,3,1
2024-06-01,677944,18,4,0,6.8854852700491,18.0,14,4
2024-06-01,677960,27,11,0,7.166081818181818,27.0,16,1
2024-06-01,678495,3,1,0,0.9450000000000001,3.0,2,0
2024-06-01,679525,24,3,3,12.102983038112523,23.0,17,4
2024-06-01,680694,19,6,3,6.811512047619048,19.0,10,1
2024-06-01,680730,25,5,4,6.500690666666667,25.0,16,0
2024-06-01,681190,20,5,1,7.031237060606061,20.0,14,1
2024-06-01,681676,4,2,0,0.09,4.0,2,0
2024-06-01,681857,23,5,1,7.186100696969697,23.0,17,1
2024-06-01,681867,19,5,1,4.707381,19.0,13,0
2024-06-01,682120,1,0,0,0.256,1.0,1,0
2024-06-01,682243,21,9,1,6.483405842767295,21.0,11,2
2024-06-01,682847,10,3,0,3.0086666666666666,10.0,7,1
2024-06-01,683232,6,4,0,0.542,6.0,2,0
2024-06-01,683769,4,0,1,0.7341310000000001,4.0,3,0
2024-06-01,686826,6,0,1,2.560131,6.0,5,0
2024-06-01,687330,6,2,0,0.745,6.0,4,0
2024-06-01,687863,4,0,0,1.72,4.0,4,0
2024-06-01,688107,22,3,0,7.47551282051282,22.0,19,1
2024-06-01,689147,5,2,0,1.6984571428571429,5.0,3,1
2024-06-01,702795,5,0,1,1.2721310000000001,5.0,4,0
2024-06-01,808967,26,7,1,7.021284846153846,25.0,17,1
2024-06-02,445276,4,1,0,0.891,4.0,3,0
2024-06-02,450203,23,6,5,5.927847,23.0,11,0
2024-06-02,458681,20,4,2,6.261185076923077,19.0,14,0
2024-06-02,471911,20,5,1,7.781862707317074,20.0,14,1
2024-06-02,472610,5,1,1,2.251323,5.0,2,0
2024-06-02,493603,3,2,0,0.018,3.0,1,0
2024-06-02,500779,21,4,3,8.18930853153153,21.0,12,2
2024-06-02,502085,3,1,0,0.5800000000000001,3.0,2,0
2024-06-02,518617,3,0,0,2.8985714285714286,3.0,3,1
2024-06-02,519043,3,1,2,1.378262,3.0,0,0
2024-06-02,519151,5,0,1,2.027131,4.0,4,0
2024-06-02,519326,1,0,0,0.005,1.0,1,0
2024-06-02,542888,5,2,0,1.6712692307692305,5.0,3,0
2024-06-02,543056,5,1,0,1.4736666666666665,5.0,4,0
2024-06-02,543294,13,3,2,3.687262,13.0,8,0
2024-06-02,543339,3,1,0,0.759,3.0,2,0
2024-06-02,543859,8,2,1,1.504131,8.0,5,0
2024-06-02,552640,5,1,0,1.214,5.0,4,0
2024-06-02,554340,5,3,0,1.434,5.0,2,1
2024-06-02,571760,21,7,0,6.008,21.0,14,0
2024-06-02,572143,7,1,1,2.8541309999999998,7.0,5,0
2024-06-02,573124,1,0,0,0.103,1.0,1,0
2024-06-02,573204,3,0,0,1.051,3.0,3,0
2024-06-02,592155,7,0,0,3.525137931034483,7.0,7,1
2024-06-02,592767,3,1,0,0.279,3.0,2,0
2024-06-02,592773,4,2,0,0.875,4.0,2,0
2024-06-02,592836,23,5,3,8.271689296296296,23.0,15,3
2024-06-02,595345,3,0,0,0.631,3.0,3,0
2024-06-02,596295,17,2,3,7.248050142857143,17.0,12,1
2024-06-02,605121,4,1,0,1.8819615384615385,4.0,3,1
2024-06-02,605135,27,7,1,9.679707,27.0,16,1
2024-06-02,605154,4,2,1,1.595131,4.0,1,0
2024-06-02,605177,6,2,2,2.2083731111111113,6.0,2,0
2024-06-02,605280,3,0,0,0.40599999999999997,3.0,3,0
2024-06-02,605483,22,7,3,6.439726333333333,22.0,12,1
2024-06-02,606160,3,1,0,0.016,3.0,2,0
2024-06-02,607259,7,3,0,1.6965087719298244,6.0,3,1
2024-06-02,608344,28,1,1,10.684582515151515,27.0,25,4
2024-06-02,613534,7,2,2,2.132131,6.0,3,0
2024-06-02,621237,3,1,0,0.34700000000000003,3.0,2,0
2024-06-02,621381,3,1,0,0.505,3.0,2,0
2024-06-02,621383,8,2,0,2.234,7.0,5,0
2024-06-02,622253,8,1,0,3.990192,8.0,6,1
2024-06-02,622491,26,6,3,5.832807222222223,26.0,16,1
2024-06-02,623149,3,1,0,0.012,3.0,2,0
2024-06-02,624647,1,1,0,0.0,1.0,0,0
2024-06-02,628452,3,0,0,0.93875,3.0,3,0
2024-06-02,640448,4,0,0,1.8239999999999998,4.0,4,0
2024-06-02,640451,3,0,0,0.833,3.0,3,0
2024-06-02,640462,4,0,1,1.589131,4.0,3,0
2024-06-02,641482,20,7,0,8.102307602339181,20.0,13,4
2024-06-02,641729,4,1,1,1.0241310000000001,4.0,2,0
2024-06-02,641793,29,2,1,12.029315331797235,29.0,26,3
2024-06-02,642397,5,0,0,2.838,5.0,5,0
2024-06-02,642547,20,7,1,5.820931,20.0,12,1
2024-06-02,642701,8,0,0,3.248192,8.0,7,0
2024-06-02,643338,5,2,2,2.2772620000000003,5.0,1,0
2024-06-02,643361,8,5,2,2.047262,8.0,1,0
2024-06-02,643377,3,0,0,0.839,3.0,3,0
2024-06-02,643511,3,1,0,0.9570000000000001,3.0,2,0
2024-06-02,650556,4,2,0,0.235,4.0,2,0
2024-06-02,650633,25,4,2,6.556650888888889,24.0,19,0
2024-06-02,656288,26,4,1,6.966589666666668,26.0,20,1
2024-06-02,656412,6,0,0,4.173962962962962,6.0,6,1
2024-06-02,656529,6,1,0,0.9880000000000001,6.0,5,0
2024-06-02,656546,5,1,0,2.6460000000000004,5.0,4,1
2024-06-02,656641,5,1,0,0.843,5.0,4,0
2024-06-02,656887,3,0,0,0.706,3.0,3,0
2024-06-02,657508,6,1,1,1.7481309999999999,6.0,4,0
2024-06-02,657585,3,3,0,0.0,3.0,0,0
2024-06-02,657612,3,0,0,1.288,3.0,3,0
2024-06-02,658648,4,0,0,1.647,4.0,4,0
2024-06-02,660600,6,0,0,2.1823299310344826,6.0,5,1
2024-06-02,660761,1,1,0,0.0,1.0,0,0
2024-06-02,660853,4,1,0,0.437,4.0,3,0
2024-06-02,660896,6,1,1,2.6420476666666666,6.0,4,1
2024-06-02,661395,3,1,0,0.4,3.0,2,0
2024-06-02,663554,20,4,4,8.351139384615385,19.0,11,3
2024-06-02,663567,13,3,3,3.794162,12.0,6,0
2024-06-02,663623,23,6,1,6.467337565656566,23.0,16,1
2024-06-02,663704,3,0,0,0.585,3.0,3,0
2024-06-02,663878,4,1,0,1.309,4.0,3,0
2024-06-02,663947,7,1,0,1.5082173913043477,7.0,6,1
2024-06-02,664076,5,0,1,2.433323,5.0,3,0
2024-06-02,664126,4,0,0,0.779,4.0,4,0
2024-06-02,664747,4,1,1,1.085131,4.0,2,0
2024-06-02,664849,3,1,0,0.707,3.0,2,0
2024-06-02,664854,3,2,0,0.056,3.0,1,0
2024-06-02,665622,21,6,2,4.828595333333333,21.0,13,1
2024-06-02,666142,24,6,2,4.908262,24.0,16,0
2024-06-02,666157,27,3,1,7.554515,27.0,21,0
2024-06-02,666204,7,0,1,3.6947663383458647,7.0,6,1
2024-06-02,666808,8,1,2,5.569723988304094,8.0,5,2
2024-06-02,667463,3,0,0,0.246,3.0,3,0
2024-06-02,668941,4,2,0,0.08,4.0,2,0
2024-06-02,669062,5,1,0,1.8960000000000001,5.0,4,0
2024-06-02,669276,5,2,1,2.706131,5.0,2,1
2024-06-02,669387,3,1,0,0.483,3.0,2,0
2024-06-02,669432,25,3,2,8.269997042735042,25.0,20,2
2024-06-02,669461,3,2,0,0.611,3.0,1,0
2024-06-02,669620,1,0,0,0.061,1.0,1,0
2024-06-02,669711,3,1,0,0.901,3.0,2,0
2024-06-02,670167,3,0,0,1.589,3.0,3,0
2024-06-02,670950,3,0,0,1.5110000000000001,3.0,3,1
2024-06-02,671345,4,0,0,1.2890000000000001,4.0,4,1
2024-06-02,672582,4,0,0,1.759,4.0,4,0
2024-06-02,673380,5,3,0,0.749,5.0,2,0
2024-06-02,673513,4,0,1,2.6885657826086957,4.0,3,1
2024-06-02,675627,6,2,1,0.9871310000000001,6.0,3,0
2024-06-02,676254,4,2,0,0.968,4.0,2,1
2024-06-02,676395,3,1,0,0.948,3.0,2,0
2024-06-02,676702,7,0,0,1.3890454545454547,7.0,7,0
2024-06-02,676962,22,6,1,7.375486034001744,22.0,14,2
2024-06-02,678394,29,5,3,9.431154904761906,29.0,21,1
2024-06-02,679885,6,3,0,0.42100000000000004,6.0,3,0
2024-06-02,680573,18,6,2,6.402755179880648,18.0,10,2
2024-06-02,680704,3,1,0,0.05,3.0,2,0
2024-06-02,680897,18,1,3,7.843576935483871,18.0,13,1
2024-06-02,681676,4,0,0,0.475,4.0,4,0
2024-06-02,681911,3,2,0,0.0,3.0,1,0
2024-06-02,681982,3,2,0,0.222,3.0,1,0
2024-06-02,682120,3,1,1,0.7431310000000001,3.0,1,0
2024-06-02,682990,22,3,0,6.393,22.0,19,0
2024-06-02,683627,10,0,1,1.9840000000000002,9.0,9,0
2024-06-02,686539,4,1,0,0.959,4.0,3,0
2024-06-02,686580,3,1,0,0.984,3.0,2,0
2024-06-02,686613,23,7,1,7.920681925925926,23.0,15,3
2024-06-02,689147,3,1,0,0.33999999999999997,3.0,2,0
2024-06-02,693312,4,0,1,0.890131,3.0,2,0
2024-06-02,694297,24,8,2,5.437672256410256,24.0,14,1
2024-06-02,694361,3,1,0,0.441,3.0,2,0
2024-06-02,694813,20,6,2,5.6889286666666665,20.0,12,0
2024-06-03,434378,24,4,2,8.621417587764894,24.0,18,2
2024-06-03,458677,3,0,0,1.090192,3.0,2,0
2024-06-03,493603,5,0,1,2.2653230000000004,5.0,3,0
2024-06-03,502043,25,8,3,6.7411072857142855,25.0,14,0
2024-06-03,518617,2,1,0,0.6614666666666668,2.0,1,0
2024-06-03,519326,6,0,1,1.4814545454545456,5.0,5,0
2024-06-03,542881,26,2,3,6.974262,25.0,21,1
2024-06-03,543135,20,7,0,3.8808863636363635,20.0,13,0
2024-06-03,552640,4,1,0,0.5229999999999999,4.0,3,0
2024-06-03,554430,26,6,3,8.593083958164643,26.0,17,2
2024-06-03,571670,4,0,0,2.1582692307692306,4.0,4,0
2024-06-03,571948,4,0,0,1.397,4.0,4,0
2024-06-03,592332,27,3,1,12.830370579519721,27.0,23,6
2024-06-03,600917,8,3,0,2.162106382978723,8.0,5,1
2024-06-03,605288,11,0,2,5.107081548872181,11.0,9,0
2024-06-03,606160,5,2,1,0.9481310000000001,5.0,2,0
2024-06-03,606930,5,1,0,1.6867307692307691,5.0,4,1
2024-06-03,607179,7,3,0,0.835,7.0,4,0
2024-06-03,608032,3,1,0,0.766,3.0,2,0
2024-06-03,608718,8,2,0,2.237269230769231,8.0,6,0
2024-06-03,621114,7,2,0,3.9209774436090226,7.0,5,2
2024-06-03,621237,3,1,0,0.599,3.0,2,0
2024-06-03,622098,2,1,0,0.002,2.0,1,0
2024-06-03,623352,3,1,0,0.007,3.0,2,0
2024-06-03,642028,12,0,0,3.879303111111111,12.0,11,0
2024-06-03,642546,3,0,0,1.056138888888889,3.0,3,1
2024-06-03,643511,3,2,0,0.019,3.0,1,0
2024-06-03,656546,3,1,0,0.057,3.0,2,0
2024-06-03,656731,26,4,3,12.264489964011599,25.0,18,3
2024-06-03,656786,3,1,0,0.432,3.0,2,0
2024-06-03,657044,6,1,0,0.908,6.0,5,0
2024-06-03,657649,3,0,0,0.494,3.0,3,0
2024-06-03,661527,3,1,0,0.309,3.0,2,0
2024-06-03,663362,21,4,0,4.329571428571429,21.0,17,1
2024-06-03,663372,22,3,0,8.164315789473685,22.0,19,2
2024-06-03,663432,4,0,0,1.071,4.0,4,0
2024-06-03,663546,6,2,0,1.107192,6.0,3,0
2024-06-03,663893,5,1,0,1.311,5.0,4,0
2024-06-03,666974,4,0,0,1.2791666666666666,4.0,4,0
2024-06-03,668941,7,2,0,4.467928605200945,6.0,5,2
2024-06-03,669022,24,2,4,10.789210047619047,24.0,17,1
2024-06-03,669060,24,1,1,8.894730009217863,24.0,22,3
2024-06-03,669062,4,0,0,0.7130000000000001,4.0,4,0
2024-06-03,669093,2,0,0,0.122,2.0,2,0
2024-06-03,669194,27,1,0,8.892875,27.0,26,3
2024-06-03,669211,4,1,0,1.057,4.0,3,0
2024-06-03,669373,26,6,2,6.593900888888889,26.0,18,1
2024-06-03,670970,5,0,0,1.23155,5.0,5,1
2024-06-03,671096,26,6,1,7.227131,26.0,19,1
2024-06-03,675921,18,3,0,5.130974161255411,18.0,15,3
2024-06-03,678495,3,1,0,2.4581612903225794,3.0,2,1
2024-06-03,680570,27,4,0,7.748578369905956,27.0,23,2
2024-06-03,683409,9,0,0,3.0877631578947375,9.0,9,1
2024-06-03,689225,10,4,0,0.871,10.0,6,0
2024-06-03,702795,2,0,0,0.5023636363636363,2.0,2,0
2024-06-04,445926,3,0,0,1.319,3.0,3,0
2024-06-04,472610,5,2,0,2.2030000000000003,5.0,3,0
2024-06-04,502624,13,1,0,4.525138091644205,12.0,10,1
2024-06-04,518397,3,1,0,0.17500000000000002,3.0,2,0
2024-06-04,518585,3,2,0,0.037,3.0,1,0
2024-06-04,519043,4,0,1,1.3797738571428573,4.0,3,0
2024-06-04,519151,3,1,0,0.245,3.0,2,0
2024-06-04,519326,1,0,0,0.013,1.0,1,0
2024-06-04,547973,5,2,1,2.774540090909091,5.0,2,1
2024-06-04,571539,8,0,0,2.203192,8.0,7,0
2024-06-04,571656,5,1,0,2.8136893039049236,5.0,4,2
2024-06-04,571882,11,2,0,3.194,11.0,9,0
2024-06-04,571946,4,3,0,0.054,4.0,1,0
2024-06-04,572955,4,1,0,2.0481920000000002,4.0,2,0
2024-06-04,573009,1,0,0,0.286,1.0,1,0
2024-06-04,573124,5,2,0,0.8310000000000001,5.0,3,0
2024-06-04,573204,5,1,0,2.76,5.0,4,1
2024-06-04,592426,8,1,2,3.7575863243243246,7.0,5,1
2024-06-04,592454,4,1,0,2.5267391304347826,4.0,3,1
2024-06-04,592773,3,0,1,1.152131,3.0,2,0
2024-06-04,593423,25,9,2,4.847262,24.0,13,0
2024-06-04,593576,3,0,1,1.458131,3.0,2,0
2024-06-04,596133,3,1,0,0.03,3.0,2,0
2024-06-04,605121,4,1,0,1.6461393684210528,4.0,2,1
2024-06-04,605130,3,1,0,0.07200000000000001,3.0,2,0
2024-06-04,605154,3,1,0,1.07,3.0,2,0
2024-06-04,605463,9,0,0,3.183,9.0,9,0
2024-06-04,606303,2,0,1,0.487,1.0,1,0
2024-06-04,606930,4,0,0,1.042,4.0,4,0
2024-06-04,607067,19,2,2,6.915196424242424,19.0,14,2
2024-06-04,607192,24,9,2,5.3031081538461535,24.0,13,1
2024-06-04,607625,26,5,1,8.909075380952382,26.0,19,2
2024-06-04,608032,3,0,0,0.588,3.0,3,0
2024-06-04,608331,28,13,1,7.927519825396826,28.0,12,1
2024-06-04,608723,4,0,1,1.566131,4.0,3,0
2024-06-04,614179,4,2,0,0.871,4.0,2,0
2024-06-04,621381,5,1,0,1.142,5.0,4,0
2024-06-04,621383,3,0,0,1.8118611111111111,3.0,3,1
2024-06-04,621389,25,2,0,9.005785052109182,22.0,20,2
2024-06-04,622554,4,0,0,1.117192,4.0,3,0
2024-06-04,622786,7,0,0,3.179953904761905,7.0,6,1
2024-06-04,623149,4,2,0,0.893192,4.0,1,0
2024-06-04,623167,18,4,0,7.198670545479364,18.0,14,3
2024-06-04,623211,8,3,1,2.725536793103448,8.0,3,1
2024-06-04,623433,3,2,0,0.1,3.0,1,0
2024-06-04,640448,4,1,0,2.412,4.0,3,1
2024-06-04,641540,21,4,1,7.842914559449784,21.0,16,3
2024-06-04,641656,3,1,0,0.2,3.0,2,0
2024-06-04,641755,3,1,0,0.066,3.0,2,0
2024-06-04,641835,3,0,0,0.904,3.0,3,0
2024-06-04,641927,22,2,4,6.977657333333333,22.0,16,0
2024-06-04,642048,2,0,1,0.774131,2.0,1,0
2024-06-04,642629,5,2,0,1.5771920000000001,5.0,2,0
2024-06-04,647315,5,0,2,2.413062,5.0,3,1
2024-06-04,650556,6,2,1,1.049131,6.0,3,0
2024-06-04,650893,5,0,1,2.276323,4.0,2,0
2024-06-04,650911,21,3,1,5.058131,21.0,17,0
2024-06-04,656412,9,2,3,2.864393,9.0,4,0
2024-06-04,656427,16,4,0,4.56331693548387,15.0,11,2
2024-06-04,656464,6,1,0,1.7469999999999999,6.0,5,0
2024-06-04,656641,1,1,0,0.0,1.0,0,0
2024-06-04,656730,5,3,1,0.79,4.0,1,0
2024-06-04,656786,5,0,1,2.3364946363636365,5.0,4,0
2024-06-04,656794,8,3,1,1.556,7.0,4,0
2024-06-04,656849,28,2,2,10.064860285714285,28.0,22,0
2024-06-04,656945,5,2,1,1.682131,5.0,2,0
2024-06-04,657097,3,0,0,0.5800000000000001,3.0,3,0
2024-06-04,657585,6,2,2,1.870262,6.0,2,0
2024-06-04,657649,5,2,0,1.0443333333333333,5.0,3,0
2024-06-04,660853,7,0,0,2.345,7.0,7,0
2024-06-04,661403,4,2,1,1.353131,4.0,1,0
2024-06-04,661527,5,0,0,1.882,4.0,4,1
2024-06-04,661563,21,6,3,4.027393,21.0,12,0
2024-06-04,662253,4,1,0,0.275,4.0,3,0
2024-06-04,663423,5,1,2,2.058262,5.0,2,0
2024-06-04,663474,27,7,2,11.644412,27.0,18,2
2024-06-04,663485,6,1,0,1.6976923076923076,6.0,5,0
2024-06-04,663542,6,2,1,0.807131,6.0,3,0
2024-06-04,663776,24,7,1,7.302323,24.0,15,0
2024-06-04,663878,6,2,1,2.0612848461538467,6.0,3,1
2024-06-04,663947,4,0,0,0.9530000000000001,4.0,4,0
2024-06-04,663989,4,0,0,1.53,3.0,3,0
2024-06-04,664126,3,2,0,0.175,3.0,1,0
2024-06-04,664208,3,0,0,1.842,3.0,3,0
2024-06-04,665625,5,1,1,2.1671476666666676,5.0,3,1
2024-06-04,666200,23,2,2,12.317540787878787,23.0,19,2
2024-06-04,668338,7,0,1,1.426131,7.0,6,0
2024-06-04,669203,26,5,1,5.110556373134328,26.0,20,1
2024-06-04,669461,1,0,0,0.013,1.0,1,0
2024-06-04,669467,19,1,3,6.662299285714286,19.0,14,0
2024-06-04,669674,4,1,1,1.600131,4.0,2,0
2024-06-04,669713,4,0,0,2.348,4.0,4,1
2024-06-04,669923,22,9,1,4.465221909090909,22.0,12,1
2024-06-04,670059,4,0,0,0.6,4.0,4,0
2024-06-04,670102,16,2,0,5.753192,16.0,13,1
2024-06-04,670280,3,0,0,1.3323571428571428,3.0,3,1
2024-06-04,670950,6,4,0,0.245,6.0,2,0
2024-06-04,670990,3,1,0,0.336,3.0,2,0
2024-06-04,671345,1,0,0,0.274,1.0,1,0
2024-06-04,671922,4,0,0,0.808,4.0,4,0
2024-06-04,672582,3,0,1,0.8281310000000001,3.0,2,0
2024-06-04,673380,4,1,0,0.213,4.0,3,0
2024-06-04,673513,3,0,2,1.6452620000000002,3.0,1,0
2024-06-04,673929,6,2,1,2.0153452857142855,6.0,3,0
2024-06-04,676710,25,5,2,6.877324875888464,25.0,18,1
2024-06-04,679885,5,2,1,1.091131,5.0,2,0
2024-06-04,681293,15,4,3,5.812726333333334,15.0,8,1
2024-06-04,681432,3,2,0,0.046,3.0,1,0
2024-06-04,681517,10,2,0,3.7279999999999998,10.0,8,0
2024-06-04,681676,5,0,0,1.867630434782609,5.0,5,1
2024-06-04,681911,4,3,0,0.229,4.0,1,0
2024-06-04,681982,6,2,0,1.162,6.0,4,0
2024-06-04,683003,24,6,3,8.547467374222725,24.0,14,3
2024-06-04,683232,3,1,0,0.833,3.0,2,0
2024-06-04,684007,20,6,0,5.6211935483870965,20.0,14,1
2024-06-04,686539,3,0,0,1.4959,3.0,3,0
2024-06-04,686752,24,8,0,5.351833333333333,24.0,16,1
2024-06-04,686796,19,2,4,6.744019111111111,19.0,11,0
2024-06-04,686826,6,2,2,2.1994158461538467,6.0,2,1
2024-06-04,686993,10,2,0,1.9380454545454546,10.0,8,0
2024-06-04,687765,27,3,1,8.260185945054946,27.0,23,2
2024-06-04,687792,21,3,2,7.00899393236715,21.0,16,3
2024-06-04,688297,4,2,0,0.463,4.0,2,0
2024-06-04,689147,3,2,0,0.272,3.0,1,0
2024-06-04,690986,25,5,0,7.037,25.0,20,1
2024-06-04,800049,21,2,4,6.933524,21.0,15,0
2024-06-05,458677,3,1,0,1.399857142857143,3.0,2,0
2024-06-05,489446,3,2,0,0.432,3.0,1,0
2024-06-05,502085,5,3,0,0.888,5.0,2,0
2024-06-05,518585,4,0,0,1.4042622950819672,3.0,4,1
2024-06-05,518886,3,0,0,1.185,3.0,3,0
2024-06-05,519008,1,0,0,0.046,1.0,1,0
2024-06-05,519043,3,0,0,0.07100000000000001,3.0,3,0
2024-06-05,542888,6,0,0,3.769858666666667,6.0,5,1
2024-06-05,543056,3,1,0,0.21399999999999997,3.0,2,0
2024-06-05,543859,3,2,0,0.304,3.0,1,0
2024-06-05,544150,21,4,1,6.680931,21.0,16,0
2024-06-05,547973,5,2,0,1.0234999999999999,5.0,3,0
2024-06-05,552640,4,1,1,1.454131,4.0,2,0
2024-06-05,554340,3,2,0,0.048,3.0,1,0
2024-06-05,570632,22,6,1,4.746968606837607,22.0,15,2
2024-06-05,571578,22,3,1,13.387314847761434,22.0,18,6
2024-06-05,571670,4,1,1,1.7741310000000001,4.0,2,0
2024-06-05,571945,22,3,0,5.147098642533937,22.0,19,1
2024-06-05,571948,3,0,0,0.475,3.0,3,0
2024-06-05,572020,13,2,2,4.809262,12.0,9,0
2024-06-05,592094,3,0,0,0.673,3.0,3,0
2024-06-05,592767,5,1,0,2.094,5.0,4,0
2024-06-05,592791,25,6,1,8.247797666666667,24.0,17,1
2024-06-05,593576,4,2,1,1.118131,4.0,1,0
2024-06-05,593974,5,0,0,2.35,5.0,5,0
2024-06-05,594580,2,0,0,0.241,2.0,2,0
2024-06-05,595345,4,2,0,0.638,4.0,2,0
2024-06-05,601713,24,9,2,4.643262,24.0,13,0
2024-06-05,605154,4,3,0,0.515,4.0,1,0
2024-06-05,605177,6,1,1,2.0101310000000003,6.0,4,0
2024-06-05,605400,23,5,0,5.3003243243243245,23.0,18,1
2024-06-05,606303,3,1,0,1.4639615384615385,3.0,2,1
2024-06-05,607074,21,9,0,5.803713949421577,21.0,12,1
2024-06-05,607179,10,1,1,3.247323,10.0,7,0
2024-06-05,607200,22,7,0,5.349,22.0,15,0
2024-06-05,607259,7,1,0,0.733,7.0,6,0
2024-06-05,607455,8,2,1,2.097131,8.0,5,0
2024-06-05,608371,4,1,1,1.0321310000000001,4.0,2,0
2024-06-05,608718,4,1,0,1.143,4.0,3,0
2024-06-05,613534,3,0,1,1.409323,3.0,1,0
2024-06-05,621107,15,3,0,3.442434782608696,15.0,12,1
2024-06-05,621237,4,3,0,0.931,4.0,1,0
2024-06-05,621244,25,2,3,10.597393,25.0,20,1
2024-06-05,622251,5,1,1,1.293131,5.0,3,0
2024-06-05,622663,27,4,0,8.636175,27.0,23,1
2024-06-05,623474,5,2,0,2.195466666666667,5.0,3,1
2024-06-05,640462,6,2,0,1.668,6.0,4,0
2024-06-05,641712,21,4,4,8.968982666666667,21.0,12,1
2024-06-05,641745,3,0,0,0.657,3.0,3,0
2024-06-05,641755,5,2,1,0.938131,5.0,2,0
2024-06-05,641835,3,1,1,1.5161310000000001,3.0,1,0
2024-06-05,642232,13,2,2,3.877262,13.0,9,0
2024-06-05,642701,9,1,0,3.341714285714286,9.0,8,1
2024-06-05,643256,5,0,0,1.212,5.0,5,0
2024-06-05,643338,4,0,0,0.751,4.0,4,0
2024-06-05,643410,1,1,0,0.0,1.0,0,0
2024-06-05,643511,4,0,0,1.6901920000000001,4.0,3,0
2024-06-05,647336,7,2,2,2.970591931034483,7.0,2,1
2024-06-05,650895,9,1,3,4.215393000000001,9.0,5,0
2024-06-05,656222,7,0,1,4.543323,7.0,5,1
2024-06-05,656302,23,6,1,7.42079983116883,23.0,15,1
2024-06-05,656546,4,1,1,1.812881,4.0,2,1
2024-06-05,656629,1,0,0,0.8460769230769233,1.0,1,1
2024-06-05,656716,2,0,0,0.09,2.0,2,0
2024-06-05,656756,16,1,3,9.028232285714287,16.0,12,2
2024-06-05,657097,5,1,0,1.871,5.0,4,0
2024-06-05,657508,3,1,0,1.1091818181818183,3.0,2,0
2024-06-05,657697,3,1,0,1.0899999999999999,3.0,2,0
2024-06-05,660600,4,0,0,1.018,4.0,4,0
2024-06-05,663321,3,0,0,0.869,3.0,3,0
2024-06-05,663432,3,0,0,0.7702222222222223,3.0,3,1
2024-06-05,663531,15,5,3,4.089393,15.0,7,0
2024-06-05,663546,5,1,0,2.2318627450980393,5.0,4,1
2024-06-05,663855,21,7,4,6.897716,21.0,9,0
2024-06-05,663978,20,7,2,5.195262,20.0,11,0
2024-06-05,663992,3,2,0,0.135,3.0,1,0
2024-06-05,664076,5,0,0,1.4173043478260872,5.0,5,1
2024-06-05,664126,3,1,0,0.573,3.0,2,0
2024-06-05,664849,3,1,0,0.893,3.0,2,0
2024-06-05,664854,3,2,0,0.091,3.0,1,0
2024-06-05,666129,15,3,1,5.428223,15.0,10,0
2024-06-05,666214,15,2,4,5.9795240000000005,15.0,9,0
2024-06-05,666745,2,1,0,0.142,2.0,1,0
2024-06-05,666974,3,2,0,0.115,3.0,1,0
2024-06-05,667755,23,1,1,5.593889620689655,22.0,21,1
2024-06-05,668933,18,2,0,7.240980819875777,16.0,13,1
2024-06-05,668941,3,1,0,0.315,3.0,2,0
2024-06-05,669062,3,2,0,0.142,3.0,1,0
2024-06-05,669302,25,5,0,7.251373232323232,25.0,20,1
2024-06-05,669387,4,1,0,1.308,4.0,3,0
2024-06-05,669438,16,1,1,4.653403076923077,15.0,14,2
2024-06-05,669622,3,0,0,0.225,3.0,3,0
2024-06-05,669713,4,1,1,2.4035893333333327,4.0,2,1
2024-06-05,669854,24,2,2,9.323596606569902,23.0,20,2
2024-06-05,670059,1,0,0,0.041,1.0,1,0
2024-06-05,670280,3,0,0,0.814,3.0,3,0
2024-06-05,670990,4,1,0,0.17,4.0,3,0
2024-06-05,676254,4,2,1,0.924131,4.0,1,0
2024-06-05,676534,5,2,1,1.5761310000000002,4.0,1,0
2024-06-05,676684,4,2,0,0.886,4.0,2,0
2024-06-05,676702,5,0,1,1.771131,5.0,4,0
2024-06-05,676714,13,1,3,6.177220127659575,13.0,9,2
2024-06-05,676879,21,3,5,7.627438333333334,20.0,12,1
2024-06-05,677053,4,1,0,1.600434782608696,4.0,3,1
2024-06-05,677161,3,2,0,0.218,3.0,1,0
2024-06-05,678061,12,2,1,4.942651202020202,12.0,9,1
2024-06-05,678495,5,1,0,1.034,5.0,4,0
2024-06-05,680767,5,2,0,0.224,5.0,3,0
2024-06-05,680885,23,4,2,6.634391410557185,22.0,17,0
2024-06-05,681869,7,2,0,1.5686129032258065,7.0,5,1
2024-06-05,683155,20,5,0,4.207605835240274,20.0,15,3
2024-06-05,683232,5,2,0,1.057,5.0,3,0
2024-06-05,683409,2,0,0,1.136714285714286,2.0,2,1
2024-06-05,686539,5,1,1,0.9501310000000001,5.0,3,0
2024-06-05,686826,8,0,1,3.189131,8.0,7,0
2024-06-05,687863,3,1,1,1.0321310000000001,3.0,1,0
2024-06-05,690829,4,0,0,1.1260000000000001,4.0,4,0
2024-06-05,694363,3,0,1,1.561131,3.0,2,0
2024-06-05,694973,23,8,1,5.8498289472140765,23.0,14,1
2024-06-05,695243,6,1,1,2.8850632033898305,6.0,4,1
2024-06-06,518585,1,1,0,0.0,1.0,0,0
2024-06-06,519008,5,1,0,1.937027777777778,5.0,4,1
2024-06-06,519293,4,2,0,0.095,4.0,2,0
2024-06-06,543243,20,5,4,6.611143047619048,20.0,11,1
2024-06-06,543294,5,0,0,1.494,4.0,4,0
2024-06-06,543339,5,2,0,0.798,5.0,3,0
2024-06-06,554340,5,2,0,2.1535556363636363,5.0,2,1
2024-06-06,571539,6,1,0,3.8289999999999997,6.0,5,0
2024-06-06,573009,5,1,0,0.9670000000000001,5.0,4,0
2024-06-06,573186,24,2,2,9.759013292326248,24.0,18,2
2024-06-06,573204,3,2,0,0.309,3.0,1,0
2024-06-06,579328,22,6,1,5.743311952380953,22.0,15,1
2024-06-06,592155,8,3,1,1.510131,8.0,4,0
2024-06-06,592454,5,2,1,1.9951310000000002,5.0,2,0
2024-06-06,592773,3,0,0,0.36600000000000005,3.0,3,0
2024-06-06,594580,3,1,0,0.139,3.0,2,0
2024-06-06,595014,4,3,0,0.388,4.0,1,0
2024-06-06,596133,5,1,0,1.4909999999999999,5.0,4,0
2024-06-06,605121,7,1,0,2.058,7.0,6,0
2024-06-06,605130,4,2,2,1.378262,4.0,0,0
2024-06-06,605280,4,1,0,1.0590000000000002,4.0,3,0
2024-06-06,606930,3,1,0,0.178,3.0,2,0
2024-06-06,607481,3,1,0,0.41100000000000003,3.0,2,0
2024-06-06,608723,3,1,0,0.131,3.0,2,0
2024-06-06,615698,21,1,4,8.312524,21.0,16,0
2024-06-06,621111,19,3,1,7.183541714285715,19.0,15,1
2024-06-06,621294,8,1,0,3.852580888888889,8.0,6,1
2024-06-06,622251,4,0,0,1.228,4.0,4,0
2024-06-06,622253,3,1,0,0.5599999999999999,3.0,2,0
2024-06-06,623149,4,1,1,1.8823690952380947,4.0,2,1
2024-06-06,623465,7,1,0,3.805,7.0,6,1
2024-06-06,624647,3,0,1,1.9765961162790704,3.0,2,1
2024-06-06,625643,24,7,1,8.258506770259272,24.0,16,3
2024-06-06,628452,3,0,0,0.9820000000000001,3.0,3,0
2024-06-06,640451,7,0,0,3.763,7.0,7,1
2024-06-06,641154,23,4,6,8.33240903448276,23.0,12,1
2024-06-06,641656,2,0,0,0.5289999999999999,2.0,2,0
2024-06-06,641729,3,1,0,0.251,3.0,2,0
2024-06-06,641755,2,1,0,0.527,2.0,1,0
2024-06-06,647315,5,1,1,3.451464333333333,5.0,3,1
2024-06-06,656222,5,2,0,1.3741904761904764,5.0,3,1
2024-06-06,656464,5,0,0,1.8244528301886793,5.0,5,1
2024-06-06,656557,25,9,0,5.295373818181818,25.0,15,0
2024-06-06,657044,5,0,1,1.473131,4.0,4,0
2024-06-06,657508,3,1,0,0.013,3.0,2,0
2024-06-06,657612,10,0,0,2.765,10.0,10,0
2024-06-06,660853,4,0,1,1.066131,4.0,3,0
2024-06-06,660896,5,1,2,1.691262,5.0,2,0
2024-06-06,663485,5,2,0,0.839,5.0,3,0
2024-06-06,663559,22,6,2,9.37274791234347,21.0,14,3
2024-06-06,663704,3,0,0,0.253,3.0,3,0
2024-06-06,663765,26,3,3,10.32009782051282,26.0,19,2
2024-06-06,663878,3,1,0,0.48,3.0,2,0
2024-06-06,663903,21,2,1,7.917953222222222,20.0,18,1
2024-06-06,664747,4,3,1,0.689131,4.0,0,0
2024-06-06,664901,4,0,0,1.103,4.0,4,0
2024-06-06,665871,27,7,2,10.314134,25.0,17,2
2024-06-06,666204,8,3,3,2.256393,8.0,2,0
2024-06-06,667463,4,0,0,1.218,4.0,4,0
2024-06-06,668881,28,8,2,9.038181272727273,28.0,17,2
2024-06-06,669093,4,1,1,2.216706,4.0,2,1
2024-06-06,669211,8,1,1,2.434131,8.0,6,0
2024-06-06,669387,5,1,2,1.8852620000000002,5.0,2,0
2024-06-06,669461,6,1,1,1.9551310000000002,6.0,4,0
2024-06-06,669674,5,1,2,1.9322620000000001,5.0,2,0
2024-06-06,670167,2,1,0,0.184,2.0,1,0
2024-06-06,670970,5,1,1,0.724,4.0,3,0
2024-06-06,671922,5,0,0,2.009192,5.0,4,0
2024-06-06,672582,4,1,1,1.5321310000000001,4.0,2,0
2024-06-06,675627,7,3,0,1.381,7.0,4,0
2024-06-06,676440,24,7,1,7.878656333333334,24.0,15,0
2024-06-06,676664,24,8,2,5.894521,24.0,12,0
2024-06-06,677865,2,0,0,0.383,2.0,2,0
2024-06-06,677944,21,3,1,9.620243250896058,20.0,16,2
2024-06-06,680704,3,0,0,0.651,3.0,3,0
2024-06-06,680730,25,2,0,8.041161696969697,25.0,22,2
2024-06-06,680767,6,0,2,4.3322013939393935,6.0,4,2
2024-06-06,681190,27,3,0,10.024838103896105,27.0,23,3
2024-06-06,681432,3,0,1,1.828131,3.0,2,0
2024-06-06,681911,3,3,0,0.0,3.0,0,0
2024-06-06,682120,1,0,0,0.046,1.0,1,0
2024-06-06,683769,5,0,0,1.928,5.0,5,0
2024-06-06,687863,5,0,3,2.135393,5.0,2,0
2024-06-06,688297,5,3,0,0.36,5.0,2,0
2024-06-06,693312,11,3,3,3.893393,11.0,5,0
2024-06-06,693433,21,6,0,2.843,21.0,15,0
2024-06-06,694363,9,1,2,4.96571483018868,9.0,6,1
2024-06-06,700249,25,2,4,7.781237461538462,25.0,19,2
2024-06-07,458677,4,0,0,0.892,4.0,4,0
2024-06-07,458681,20,6,2,7.652110484848485,20.0,12,1
2024-06-07,502085,5,0,1,2.7710490327868857,5.0,4,1
2024-06-07,518397,3,1,0,0.175,3.0,2,0
2024-06-07,518886,3,0,0,0.134,3.0,3,0
2024-06-07,519242,27,10,1,6.50610535897436,27.0,16,2
2024-06-07,519326,5,0,1,2.8720070611205433,5.0,4,2
2024-06-07,528748,15,1,2,7.108454,15.0,11,0
2024-06-07,543339,3,1,0,0.071,3.0,2,0
2024-06-07,543859,6,2,0,1.9477575757575758,6.0,4,1
2024-06-07,547001,19,1,3,9.556561506390748,19.0,14,3
2024-06-07,547179,22,1,2,9.982017769230769,22.0,19,2
2024-06-07,547973,3,2,0,0.089,3.0,1,0
2024-06-07,552640,4,1,1,1.125131,4.0,2,0
2024-06-07,571539,6,1,1,3.410131,6.0,4,0
2024-06-07,571882,3,2,0,0.425,3.0,1,0
2024-06-07,572955,3,1,1,0.6991310000000001,3.0,1,0
2024-06-07,592767,3,0,0,0.415,3.0,3,0
2024-06-07,592773,7,0,3,2.223131,5.0,4,0
2024-06-07,593974,4,1,1,2.1373214761904764,4.0,2,1
2024-06-07,595014,2,0,1,0.911131,2.0,1,0
2024-06-07,596295,22,4,1,8.448940523809524,22.0,17,2
2024-06-07,600986,1,0,0,0.114,1.0,1,0
2024-06-07,605135,29,7,2,6.973976285714286,29.0,20,1
2024-06-07,605280,3,0,0,0.46099999999999997,3.0,3,0
2024-06-07,606965,8,2,0,2.4174482758620686,8.0,6,1
2024-06-07,607259,3,0,0,0.183,3.0,3,0
2024-06-07,607455,4,2,0,1.85,4.0,2,0
2024-06-07,608344,25,6,0,7.6117554112554116,25.0,19,2
2024-06-07,608717,10,3,2,4.150857325726905,10.0,5,3
2024-06-07,613534,6,0,0,2.073192,6.0,5,0
2024-06-07,622786,3,2,0,0.005,3.0,1,0
2024-06-07,623433,3,2,0,0.077,3.0,1,0
2024-06-07,624647,3,1,0,0.817192,3.0,1,0
2024-06-07,640448,3,2,0,0.13,3.0,1,0
2024-06-07,640451,5,0,0,2.196375,5.0,5,1
2024-06-07,640462,3,1,0,0.36800000000000005,3.0,2,0
2024-06-07,641656,7,1,2,3.1522620000000003,7.0,4,0
2024-06-07,641745,8,2,1,1.8493214761904762,8.0,5,1
2024-06-07,642028,1,0,0,0.006,1.0,1,0
2024-06-07,642048,4,1,0,1.68,4.0,3,0
2024-06-07,642520,3,2,0,0.028,3.0,1,0
2024-06-07,642546,6,3,1,0.8501310000000001,6.0,2,0
2024-06-07,642629,10,2,1,2.038131,9.0,6,0
2024-06-07,642701,3,1,1,0.695131,3.0,1,0
2024-06-07,643338,1,0,0,0.9896129032258064,1.0,1,1
2024-06-07,643377,5,1,0,2.0265087719298243,5.0,4,1
2024-06-07,643511,3,1,0,0.475,3.0,2,0
2024-06-07,650633,22,5,1,5.821537285714286,22.0,15,0
2024-06-07,650644,24,8,1,8.000724282051282,24.0,14,1
2024-06-07,656288,28,2,2,8.977012,28.0,24,0
2024-06-07,656605,26,8,2,5.699262,26.0,16,0
2024-06-07,656716,3,0,0,0.239,3.0,3,0
2024-06-07,656945,4,2,0,0.872138888888889,4.0,2,1
2024-06-07,657006,28,7,1,5.612131,27.0,20,0
2024-06-07,657097,5,0,0,1.983,5.0,5,0
2024-06-07,657277,26,6,0,7.130837037037037,26.0,20,2
2024-06-07,657571,3,1,0,0.731,3.0,2,0
2024-06-07,657746,25,8,2,6.6571562857142865,25.0,15,2
2024-06-07,660853,4,1,0,0.936,4.0,3,0
2024-06-07,663423,4,2,0,1.0734137931034482,4.0,2,1
2024-06-07,663623,24,4,2,4.872462,24.0,18,0
2024-06-07,663687,20,3,2,8.098759688751926,20.0,15,2
2024-06-07,663738,24,4,4,10.016978833333333,24.0,14,2
2024-06-07,663947,3,0,0,0.819192,3.0,2,0
2024-06-07,663992,3,1,0,0.017,3.0,2,0
2024-06-07,664285,31,8,1,7.648670130434783,31.0,22,1
2024-06-07,664747,5,1,1,2.6197024285714288,5.0,3,0
2024-06-07,664854,3,2,0,0.37,3.0,1,0
2024-06-07,666157,25,7,2,7.404073047619048,25.0,15,1
2024-06-07,666808,3,1,0,0.3,3.0,2,0
2024-06-07,666974,4,2,1,0.974131,4.0,1,0
2024-06-07,667463,5,3,0,0.587,5.0,2,0
2024-06-07,668941,4,1,0,1.2901920000000002,4.0,2,0
2024-06-07,668964,27,5,3,6.269498263157895,27.0,19,0
2024-06-07,669093,6,3,0,1.6499130434782607,6.0,3,1
2024-06-07,669711,6,1,0,2.9780952380952384,6.0,5,2
2024-06-07,670059,3,0,0,0.063,3.0,3,0
2024-06-07,670280,4,1,0,0.999,4.0,3,0
2024-06-07,670990,4,2,0,0.908,4.0,2,0
2024-06-07,671106,25,3,3,10.189338454545455,25.0,19,2
2024-06-07,671922,6,1,0,2.7668,6.0,5,2
2024-06-07,672710,8,2,0,3.215127777777779,8.0,6,1
2024-06-07,673513,3,2,0,0.332,3.0,1,0
2024-06-07,675627,3,0,0,0.012,3.0,3,0
2024-06-07,676092,3,1,1,0.797131,3.0,1,0
2024-06-07,676534,3,0,1,1.9835961162790703,3.0,2,1
2024-06-07,676684,4,2,0,0.403,4.0,2,0
2024-06-07,676979,24,10,2,7.089015904761905,23.0,10,1
2024-06-07,677053,3,0,0,0.542,3.0,3,0
2024-06-07,677960,10,3,0,3.2159629629629625,9.0,6,1
2024-06-07,681517,5,1,0,1.7695263157894738,5.0,4,0
2024-06-07,681857,24,6,1,8.340321476190477,24.0,17,1
2024-06-07,681867,20,2,1,6.933989666666667,20.0,16,1
2024-06-07,681982,4,1,1,1.662131,4.0,2,0
2024-06-07,682243,23,1,3,9.410408599343185,22.0,18,2
2024-06-07,683627,9,1,0,2.538745454545454,9.0,8,0
2024-06-07,683769,3,0,0,0.333,3.0,3,0
2024-06-07,686563,13,4,0,3.302,13.0,9,0
2024-06-07,687330,3,2,0,0.217,3.0,1,0
2024-06-07,689225,10,2,2,4.037262,10.0,6,0
2024-06-07,694297,26,5,1,10.466478787833081,26.0,20,3
2024-06-07,694361,9,1,2,4.379928666666666,9.0,6,1
2024-06-07,695243,3,2,0,0.048,3.0,1,0
2024-06-07,703231,4,0,1,1.790131,4.0,3,0
2024-06-07,808967,25,7,2,5.120262,25.0,16,0
2024-06-08,450203,23,3,0,9.504667625823451,22.0,19,2
2024-06-08,458677,2,0,0,0.072,2.0,2,0
2024-06-08,493603,2,0,0,0.568,2.0,2,0
2024-06-08,502043,26,7,2,9.170742,25.0,17,1
2024-06-08,502624,11,1,1,3.36646106993007,11.0,9,1
2024-06-08,518585,5,0,0,2.235666666666667,5.0,5,0
2024-06-08,518617,3,0,0,0.927,3.0,3,0
2024-06-08,519151,5,2,0,0.946,5.0,3,0
2024-06-08,519293,3,1,0,0.12000000000000001,3.0,2,0
2024-06-08,542881,26,3,1,10.147396566748567,26.0,21,3
2024-06-08,542888,5,1,1,1.8660721764705883,5.0,3,0
2024-06-08,543056,6,3,0,0.121,6.0,3,0
2024-06-08,543518,3,1,0,0.125,3.0,2,0
2024-06-08,543859,5,2,0,0.473,5.0,3,0
2024-06-08,552640,6,1,0,2.4749473684210526,6.0,5,1
2024-06-08,571670,3,1,0,0.263,3.0,2,0
2024-06-08,571760,23,5,1,8.001631,23.0,17,1
2024-06-08,571882,7,3,0,2.2398627450980393,7.0,4,1
2024-06-08,571946,6,2,0,1.2670000000000001,6.0,4,0
2024-06-08,592094,5,2,0,1.8706388888888887,5.0,3,1
2024-06-08,592332,32,10,1,10.400305495126513,32.0,21,3
2024-06-08,592351,9,4,1,2.147131,9.0,4,0
2024-06-08,592454,5,1,2,3.112476285714285,5.0,2,1
2024-06-08,594580,3,1,0,0.387,3.0,2,0
2024-06-08,594902,18,1,0,5.288944444444445,18.0,17,1
2024-06-08,600986,7,1,0,2.281262295081967,7.0,6,1
2024-06-08,605154,4,2,0,1.088,4.0,2,0
2024-06-08,605177,5,0,1,1.464131,5.0,4,0
2024-06-08,605288,9,2,0,2.7134347826086955,9.0,7,1
2024-06-08,605463,4,0,0,1.309,4.0,4,0
2024-06-08,606160,4,0,1,1.9435447931034482,4.0,3,1
2024-06-08,606303,3,2,0,0.0,3.0,1,0
2024-06-08,608334,5,4,0,1.1160909090909092,5.0,1,1
2024-06-08,608371,3,0,1,1.574131,3.0,2,0
2024-06-08,614179,5,0,1,2.125131,4.0,3,0
2024-06-08,621363,5,0,2,1.4202620000000001,5.0,3,0
2024-06-08,621383,5,2,0,0.27,5.0,3,0
2024-06-08,622491,22,4,1,8.143075134983789,21.0,17,2
2024-06-08,622554,4,0,1,0.9821310000000001,4.0,3,0
2024-06-08,622786,4,1,2,1.636262,4.0,1,0
2024-06-08,623211,14,0,2,4.203262,14.0,12,0
2024-06-08,624133,27,6,1,9.305910037037037,27.0,19,2
2024-06-08,640455,19,3,1,9.181032660598037,19.0,15,4
2024-06-08,641482,22,4,1,7.742742111111111,22.0,17,2
2024-06-08,641755,4,1,0,0.6950000000000001,4.0,3,0
2024-06-08,641941,5,1,0,1.201,5.0,4,0
2024-06-08,642232,9,1,1,3.9043393333333336,8.0,6,1
2024-06-08,642547,19,3,5,7.206762142857143,19.0,11,1
2024-06-08,642701,8,2,2,3.1221342222222224,8.0,4,1
2024-06-08,643256,3,1,0,0.461,3.0,2,0
2024-06-08,643410,2,0,0,0.031,2.0,2,0
2024-06-08,643511,3,0,0,0.9680000000000001,3.0,3,1
2024-06-08,650556,3,0,2,1.4352620000000003,3.0,1,0
2024-06-08,650895,3,0,1,1.115131,3.0,2,0
2024-06-08,656222,3,2,0,0.182,3.0,1,0
2024-06-08,656529,4,2,0,0.168,4.0,2,0
2024-06-08,656629,6,2,1,2.104323,6.0,2,0
2024-06-08,656641,1,1,0,0.0,1.0,0,0
2024-06-08,656730,3,0,0,0.49,3.0,3,0
2024-06-08,656887,1,0,0,0.383,1.0,1,0
2024-06-08,656896,4,0,0,1.6475263157894737,4.0,4,0
2024-06-08,656976,5,0,1,2.207123,5.0,3,0
2024-06-08,657649,6,2,0,0.3,6.0,4,0
2024-06-08,657697,7,1,1,3.418131,7.0,5,0
2024-06-08,658648,11,6,2,1.9522620000000002,11.0,3,0
2024-06-08,660600,3,1,0,0.378,3.0,2,0
2024-06-08,660896,3,1,0,1.306,3.0,2,0
2024-06-08,661395,5,1,1,1.8261310000000002,5.0,3,0
2024-06-08,663362,23,4,2,5.735186242424243,23.0,17,1
2024-06-08,663372,21,7,1,3.3192277741935485,21.0,13,0
2024-06-08,663423,5,0,1,2.045131,5.0,4,0
2024-06-08,663531,10,1,1,7.130097101694915,10.0,8,1
2024-06-08,663542,5,3,0,0.757,5.0,1,0
2024-06-08,663554,25,1,2,5.941262,25.0,22,0
2024-06-08,663568,8,3,1,1.898131,8.0,4,0
2024-06-08,663704,3,0,0,0.856,3.0,3,0
2024-06-08,664208,6,0,2,3.9430453333333335,6.0,4,1
2024-06-08,664849,4,1,0,2.933333333333333,4.0,3,1
2024-06-08,665622,24,1,5,10.946488333333335,24.0,18,1
2024-06-08,665828,3,0,2,1.510262,3.0,1,0
2024-06-08,666745,4,0,0,0.355,4.0,4,0
2024-06-08,666808,5,0,1,0.860131,4.0,3,0
2024-06-08,669022,22,7,1,7.487852411764706,22.0,13,1
2024-06-08,669062,4,2,0,0.345,4.0,2,0
2024-06-08,669194,21,1,4,10.059214831501357,21.0,16,3
2024-06-08,669276,5,2,0,1.4653478260869568,5.0,3,1
2024-06-08,669387,6,1,0,0.9901920000000001,6.0,4,0
2024-06-08,669674,4,2,1,0.7101310000000001,4.0,1,0
2024-06-08,669912,6,0,2,2.228262,6.0,4,0
2024-06-08,670059,3,1,0,0.224,3.0,2,0
2024-06-08,670167,4,0,1,1.994131,4.0,3,0
2024-06-08,670280,4,2,0,1.424111111111111,4.0,2,0
2024-06-08,671096,24,5,4,10.808274235271975,24.0,15,2
2024-06-08,671345,3,0,0,0.22,3.0,3,0
2024-06-08,671737,19,7,1,3.9776764545454544,19.0,11,0
2024-06-08,672335,4,2,0,0.638,4.0,2,0
2024-06-08,672552,14,1,2,6.342971956709957,14.0,11,2
2024-06-08,673929,3,2,0,0.008,3.0,1,0
2024-06-08,675921,19,2,3,6.692490886427299,19.0,14,1
2024-06-08,676092,4,2,0,0.9380000000000001,4.0,2,0
2024-06-08,676254,4,1,0,0.473,4.0,3,0
2024-06-08,676395,3,2,0,0.06,3.0,1,0
2024-06-08,676702,1,0,0,0.401,1.0,1,0
2024-06-08,676962,16,3,1,4.13302749122807,16.0,12,0
2024-06-08,677161,1,0,0,0.013,1.0,1,0
2024-06-08,677865,4,0,0,2.137192,4.0,3,0
2024-06-08,678061,4,1,0,1.702,4.0,3,0
2024-06-08,678226,5,2,1,1.109131,5.0,2,0
2024-06-08,678394,25,2,3,10.357268,25.0,20,1
2024-06-08,679525,22,8,0,5.2217317073170735,21.0,13,1
2024-06-08,680573,26,6,0,6.1759254079254085,25.0,20,2
2024-06-08,680694,19,9,0,1.33,19.0,10,0
2024-06-08,680767,7,2,0,4.0,7.0,5,1
2024-06-08,680897,19,5,5,5.425766111111111,19.0,9,0
2024-06-08,681911,4,1,0,0.24300000000000002,4.0,3,0
2024-06-08,682610,19,3,4,7.510798564459931,19.0,12,2
2024-06-08,682847,15,3,1,3.701131,15.0,11,1
2024-06-08,686539,6,0,1,2.4989921111111113,6.0,5,1
2024-06-08,686613,25,7,4,6.518716,25.0,13,0
2024-06-08,687330,2,1,0,0.0,2.0,1,0
2024-06-08,688297,6,1,0,0.134,5.0,4,0
2024-06-08,689147,4,3,0,0.141,4.0,1,0
2024-06-08,690829,5,0,0,2.41,5.0,5,0
2024-06-08,694813,27,6,2,8.1050650651341,26.0,18,2
2024-06-08,696136,13,2,1,3.541131,12.0,10,0
2024-06-09,434378,23,3,0,7.747060691729324,23.0,18,0
2024-06-09,445276,7,5,0,1.0590000000000002,7.0,2,0
2024-06-09,445926,7,3,2,1.9973731111111113,7.0,2,0
2024-06-09,471911,18,3,0,5.687409090909091,17.0,14,2
2024-06-09,472610,4,1,0,1.385,4.0,3,0
2024-06-09,489446,3,2,0,0.113,3.0,1,0
2024-06-09,500779,18,1,2,8.078601826086956,18.0,14,2
2024-06-09,518397,4,0,0,1.6758695652173912,3.0,4,1
2024-06-09,518617,3,1,1,0.689131,2.0,0,0
2024-06-09,519043,5,0,0,2.019,5.0,5,0
2024-06-09,519151,5,1,1,2.802992111111111,5.0,3,1
2024-06-09,519293,1,1,0,0.0,1.0,0,0
2024-06-09,519326,4,0,0,3.002575333333333,4.0,3,1
2024-06-09,543135,27,5,1,8.276266416666667,27.0,21,2
2024-06-09,543518,3,1,0,1.8390434782608696,3.0,2,1
2024-06-09,547973,4,0,0,1.8184137931034483,4.0,4,1
2024-06-09,554340,3,1,0,1.0223939393939392,3.0,2,1
2024-06-09,571656,6,0,2,1.0856428571428571,4.0,4,0
2024-06-09,571670,3,1,0,0.51,3.0,2,0
2024-06-09,571948,3,0,0,1.600875,3.0,3,0
2024-06-09,572143,9,2,0,3.013694444444445,9.0,7,1
2024-06-09,573009,4,1,0,0.8307857142857143,4.0,3,0
2024-06-09,573124,4,0,1,1.793131,4.0,3,0
2024-06-09,573204,1,0,0,0.9185384615384616,1.0,1,1
2024-06-09,592155,3,2,0,0.442,3.0,1,0
2024-06-09,592426,3,0,0,0.874,3.0,3,0
2024-06-09,592836,20,6,1,5.514797666666667,19.0,12,1
2024-06-09,593423,12,2,3,6.576393,12.0,7,0
2024-06-09,593576,3,2,0,0.083,3.0,1,0
2024-06-09,596133,6,1,0,0.74,6.0,5,0
2024-06-09,600917,3,2,0,0.098,3.0,1,0
2024-06-09,605121,7,2,0,1.1601920000000001,7.0,4,0
2024-06-09,605154,4,1,0,0.894,4.0,3,0
2024-06-09,605280,5,1,0,1.1179999999999999,5.0,4,0
2024-06-09,606160,2,0,0,0.581,1.0,1,0
2024-06-09,606930,4,1,1,0.924131,4.0,2,0
2024-06-09,607179,4,0,1,3.330951512820514,4.0,3,1
2024-06-09,607192,27,12,1,9.294635761904763,26.0,13,3
2024-06-09,607481,6,1,1,1.8501310000000002,6.0,4,0
2024-06-09,608032,3,1,0,0.735,3.0,2,0
2024-06-09,608717,3,0,0,0.539,3.0,3,0
2024-06-09,608718,3,0,0,0.217,3.0,3,0
2024-06-09,608723,4,0,0,1.1757307692307692,4.0,4,1
2024-06-09,613534,8,1,3,3.285454,7.0,3,0
2024-06-09,614179,1,0,0,0.143,1.0,1,0
2024-06-09,621237,7,2,2,2.3764540000000003,7.0,2,0
2024-06-09,621294,12,2,1,5.216707,12.0,6,0
2024-06-09,621381,5,1,1,1.1411310000000001,5.0,3,0
2024-06-09,621383,4,1,0,0.93,4.0,3,0
2024-06-09,621389,25,3,1,9.299066589743589,24.0,19,1
2024-06-09,622098,3,0,1,1.485131,2.0,1,0
2024-06-09,622251,4,0,0,0.7530000000000001,4.0,4,0
2024-06-09,622253,3,1,1,1.632131,3.0,1,0
2024-06-09,622694,7,0,0,3.157,7.0,7,1
2024-06-09,623167,18,3,2,3.8553389230769235,18.0,13,1
2024-06-09,623352,5,1,0,1.0163846153846154,5.0,4,0
2024-06-09,623433,4,1,0,1.3157631578947373,4.0,3,1
2024-06-09,628452,3,1,0,0.135,3.0,2,0
2024-06-09,640448,3,1,0,0.02,3.0,2,0
2024-06-09,640462,4,0,0,2.3116129032258064,4.0,4,1
2024-06-09,641343,4,0,1,1.3611309999999999,4.0,3,0
2024-06-09,641729,4,1,1,1.398131,4.0,2,0
2024-06-09,641745,2,1,0,0.034,2.0,1,0
2024-06-09,641793,26,3,1,9.817769876474403,26.0,22,2
2024-06-09,641927,21,5,2,6.293062,21.0,14,1
2024-06-09,642048,1,0,0,0.238,1.0,1,0
2024-06-09,642397,3,0,1,2.1481310000000002,3.0,2,0
2024-06-09,643338,4,2,0,0.507,4.0,2,0
2024-06-09,643361,3,1,0,0.875,3.0,2,0
2024-06-09,643377,4,2,1,1.0801310000000002,4.0,1,0
2024-06-09,643410,5,2,1,1.118131,5.0,2,0
2024-06-09,647315,3,3,0,0.0,3.0,0,0
2024-06-09,647336,6,2,0,1.518,6.0,4,0
2024-06-09,650556,5,1,1,1.976323,5.0,2,0
2024-06-09,650893,3,0,0,0.30200000000000005,3.0,3,0
2024-06-09,656464,5,0,0,0.503,5.0,5,0
2024-06-09,656529,3,2,0,0.061,3.0,1,0
2024-06-09,656546,4,1,0,0.262,3.0,2,0
2024-06-09,657044,5,1,0,0.897,5.0,4,0
2024-06-09,657508,5,3,0,2.928,5.0,2,1
2024-06-09,657514,10,2,2,1.26,7.0,6,0
2024-06-09,657571,3,1,1,1.599131,3.0,1,0
2024-06-09,657585,8,2,1,2.361323,7.0,3,0
2024-06-09,660896,5,0,2,1.433262,5.0,3,0
2024-06-09,661395,3,1,0,0.304,3.0,2,0
2024-06-09,661403,4,1,0,1.9378648648648644,4.0,3,1
2024-06-09,661527,3,2,0,0.505,3.0,1,0
2024-06-09,661563,23,5,1,5.268024592677346,23.0,17,2
2024-06-09,662253,3,1,0,0.327,3.0,2,0
2024-06-09,663485,5,1,0,1.893,5.0,4,0
2024-06-09,663568,7,1,0,1.984,7.0,6,0
2024-06-09,663704,6,1,2,2.477262,5.0,2,0
2024-06-09,663776,26,4,3,7.884928666666667,25.0,19,0
2024-06-09,663878,5,1,0,2.431,5.0,4,1
2024-06-09,664076,6,0,0,2.168,6.0,6,0
2024-06-09,664126,4,1,0,1.128,4.0,3,0
2024-06-09,664129,9,2,1,3.8844643333333333,9.0,6,1
2024-06-09,664208,7,0,2,3.0326967826086957,7.0,5,1
2024-06-09,664849,3,2,1,0.689131,3.0,0,0
2024-06-09,666142,22,9,1,6.89535102708888,21.0,12,3
2024-06-09,666214,3,1,0,1.5040624999999996,3.0,2,1
2024-06-09,666745,13,3,0,3.932,13.0,10,0
2024-06-09,667463,6,1,0,2.9047789725209077,6.0,5,2
2024-06-09,669060,24,4,2,8.097384636363637,24.0,16,0
2024-06-09,669211,10,3,1,2.215131,10.0,6,1
2024-06-09,669373,27,10,2,6.6425062875817,27.0,14,0
2024-06-09,669432,20,5,4,7.320322060606061,20.0,10,1
2024-06-09,669438,5,0,0,2.222923076923077,5.0,5,1
2024-06-09,669461,3,0,0,0.6789999999999999,3.0,3,0
2024-06-09,669467,18,6,1,4.390131,18.0,11,0
2024-06-09,669622,2,1,0,0.14,2.0,1,0
2024-06-09,669711,4,1,0,0.8350000000000001,4.0,3,0
2024-06-09,669923,26,4,0,6.578267676767677,25.0,22,1
2024-06-09,670102,16,3,1,3.800131,16.0,12,0
2024-06-09,670950,5,0,1,1.8501310000000002,4.0,4,0
2024-06-09,670990,7,2,1,3.384131,7.0,4,1
2024-06-09,671111,3,0,1,2.076131,3.0,2,0
2024-06-09,672335,3,1,0,0.060000000000000005,3.0,2,0
2024-06-09,672582,1,0,0,0.018,1.0,1,0
2024-06-09,673380,7,0,0,2.175409090909091,6.0,6,1
2024-06-09,673513,4,0,1,0.794131,4.0,3,0
2024-06-09,674072,13,1,2,6.269694476190476,13.0,9,1
2024-06-09,676395,6,0,0,1.51,5.0,5,0
2024-06-09,676684,1,0,0,0.128,1.0,1,0
2024-06-09,676702,5,1,0,0.793,5.0,4,0
2024-06-09,676775,22,7,2,6.740025428571429,22.0,12,0
2024-06-09,677053,5,2,0,1.425,5.0,3,0
2024-06-09,677161,8,3,2,1.864262,8.0,3,0
2024-06-09,677865,4,0,1,0.108,3.0,3,0
2024-06-09,678495,6,1,0,0.986,6.0,5,0
2024-06-09,679885,5,1,1,0.905131,5.0,3,0
2024-06-09,680570,20,6,1,4.197131,20.0,13,0
2024-06-09,680704,3,0,0,0.009000000000000001,3.0,3,0
2024-06-09,681676,6,1,1,1.7998617692307692,6.0,4,1
2024-06-09,682120,1,1,0,0.0,1.0,0,0
2024-06-09,683003,24,3,3,8.151393,24.0,18,0
2024-06-09,683409,3,1,0,0.294,3.0,2,0
2024-06-09,683769,3,2,0,0.236,3.0,1,0
2024-06-09,684007,25,7,1,7.388527321070234,25.0,17,2
2024-06-09,686580,9,3,0,0.9259999999999999,9.0,6,0
2024-06-09,686730,22,7,1,4.417323,22.0,13,0
2024-06-09,686826,3,1,0,0.357,3.0,2,0
2024-06-09,687765,25,3,0,7.238466666666667,24.0,21,1
2024-06-09,687792,20,5,3,6.221740826086957,20.0,12,1
2024-06-09,693312,4,0,1,1.724323,4.0,2,0
2024-06-09,694361,5,0,0,2.6189999999999998,5.0,5,0
2024-06-09,694462,19,1,4,6.493958782608696,18.0,13,1
2024-06-09,695243,3,1,0,0.23,3.0,2,0
2024-06-09,800049,20,2,3,6.459643000000001,20.0,15,0
2024-06-10,518886,4,2,1,0.692131,4.0,1,0
2024-06-10,519008,3,2,0,0.264,3.0,1,0
2024-06-10,543859,4,2,1,1.364394157894737,4.0,1,0
2024-06-10,592773,5,3,0,1.539,5.0,2,0
2024-06-10,595345,2,0,0,0.095,2.0,2,0
2024-06-10,605463,7,1,1,1.162131,7.0,5,0
2024-06-10,606160,6,0,0,2.8403243243243246,6.0,6,1
2024-06-10,606303,3,1,0,0.535,3.0,2,0
2024-06-10,606965,4,1,1,0.7271310000000001,4.0,2,0
2024-06-10,607067,23,4,0,6.094984182484183,23.0,19,2
2024-06-10,607074,25,3,0,5.4623458461538466,25.0,21,1
2024-06-10,607200,26,4,1,10.885697557197592,26.0,21,4
2024-06-10,607625,30,4,1,9.283515,28.0,23,0
2024-06-10,621199,4,0,1,2.2418198888888887,4.0,3,1
2024-06-10,621244,22,4,1,6.721953222222222,22.0,17,1
2024-06-10,621363,3,2,0,0.07,3.0,1,0
2024-06-10,623352,4,0,0,0.9410000000000001,4.0,4,0
2024-06-10,641656,5,3,0,0.337,5.0,2,0
2024-06-10,641712,25,1,2,7.210887,25.0,22,0
2024-06-10,643377,3,3,0,0.0,3.0,0,0
2024-06-10,647315,1,1,0,0.0,1.0,0,0
2024-06-10,650895,4,1,1,0.9051310000000001,4.0,2,0
2024-06-10,656186,3,2,0,0.187,3.0,1,0
2024-06-10,656302,28,8,1,9.658973396825397,28.0,18,3
2024-06-10,656629,8,2,1,3.429323,8.0,4,0
2024-06-10,656730,4,0,0,1.0979999999999999,4.0,4,0
2024-06-10,656794,8,1,2,2.892454,8.0,4,0
2024-06-10,660853,4,2,1,1.1729002307692307,4.0,1,0
2024-06-10,661527,1,0,0,0.196,1.0,1,0
2024-06-10,663158,3,3,0,0.0,3.0,0,0
2024-06-10,663546,2,0,0,0.8220000000000001,2.0,2,0
2024-06-10,663893,8,3,1,0.764,7.0,4,0
2024-06-10,663978,23,6,0,7.2574096109839825,23.0,17,1
2024-06-10,666808,5,3,1,0.924131,5.0,1,0
2024-06-10,666974,4,2,1,0.924131,4.0,1,0
2024-06-10,669062,5,0,0,1.226,5.0,5,0
2024-06-10,669093,1,1,0,0.0,1.0,0,0
2024-06-10,669203,27,6,1,8.56922190909091,27.0,20,2
2024-06-10,669302,26,8,0,6.882917362637363,26.0,18,3
2024-06-10,669674,4,0,0,1.1949999999999998,3.0,4,0
2024-06-10,669912,4,0,2,2.449262,4.0,2,0
2024-06-10,670970,3,2,1,0.689131,3.0,0,0
2024-06-10,671305,4,0,1,2.2173483913043475,4.0,3,1
2024-06-10,673929,6,0,2,4.619967882352941,6.0,4,1
2024-06-10,676254,4,0,0,1.207,4.0,4,0
2024-06-10,678495,1,0,0,0.385,1.0,1,0
2024-06-10,681293,24,6,3,5.727325203389831,24.0,15,1
2024-06-10,683155,24,3,2,8.98211431092437,24.0,19,3
2024-06-10,683232,7,1,0,3.8620277777777776,7.0,6,2
2024-06-10,686752,26,9,0,8.107537417461481,26.0,17,3
2024-06-10,687330,5,2,0,0.525,5.0,3,0
2024-06-10,690986,23,3,0,5.64775,23.0,20,1
2024-06-11,458677,5,2,0,0.938,5.0,3,0
2024-06-11,493603,4,1,0,0.458,4.0,3,0
2024-06-11,502624,4,0,1,1.9511310000000002,4.0,3,0
2024-06-11,518397,4,0,1,1.6388461538461536,2.0,2,1
2024-06-11,518585,4,1,1,2.8792600322580646,4.0,2,1
2024-06-11,519151,3,2,0,0.499,3.0,1,0
2024-06-11,519326,7,0,0,1.9575,7.0,7,0
2024-06-11,542888,5,1,1,2.3903233076923076,5.0,3,1
2024-06-11,544150,23,4,3,8.320297761904763,23.0,16,3
2024-06-11,547973,2,0,0,0.7991052631578949,2.0,2,0
2024-06-11,554340,4,3,0,0.19,4.0,1,0
2024-06-11,554430,24,4,1,4.491131,24.0,19,0
2024-06-11,571656,9,1,2,1.4941309999999999,7.0,6,0
2024-06-11,571670,3,0,0,0.636,3.0,3,0
2024-06-11,571882,5,4,0,0.83,5.0,1,0
2024-06-11,571945,23,6,1,5.329184111111111,23.0,15,1
2024-06-11,571946,2,0,0,0.19599999999999998,2.0,2,0
2024-06-11,572020,22,2,2,5.715858774193548,22.0,18,1
2024-06-11,572955,3,1,0,0.013,3.0,2,0
2024-06-11,573124,5,3,0,0.613,5.0,2,0
2024-06-11,573186,24,1,3,7.549393,23.0,19,0
2024-06-11,573204,4,0,1,3.9810931212121217,4.0,3,2
2024-06-11,579328,22,5,4,6.3225240000000005,22.0,13,1
2024-06-11,592094,4,2,0,0.659,4.0,2,0
2024-06-11,592155,3,0,0,1.25,3.0,3,0
2024-06-11,592426,3,1,0,0.831,3.0,2,0
2024-06-11,592773,3,0,0,0.36800000000000005,3.0,3,0
2024-06-11,592791,23,5,1,6.3549310000000006,22.0,17,2
2024-06-11,593576,6,2,1,3.368971058694057,6.0,3,2
2024-06-11,594580,5,1,1,1.100131,5.0,3,0
2024-06-11,605121,3,2,1,0.689131,3.0,0,0
2024-06-11,605154,3,1,0,1.016,3.0,2,0
2024-06-11,605177,3,1,0,0.164,3.0,2,0
2024-06-11,605463,4,1,1,0.7101310000000001,4.0,2,0
2024-06-11,606965,3,2,0,0.11,3.0,1,0
2024-06-11,607259,10,2,1,2.869250047619048,10.0,7,1
2024-06-11,607455,4,2,0,0.524,4.0,2,0
2024-06-11,608331,23,3,2,8.552582707070707,23.0,18,2
2024-06-11,608334,14,2,3,5.250585,14.0,8,0
2024-06-11,608371,4,0,0,0.541,4.0,4,0
2024-06-11,608717,3,1,0,0.379,3.0,2,0
2024-06-11,608718,4,0,0,1.3900000000000001,4.0,4,0
2024-06-11,613534,3,0,0,2.27665,3.0,3,0
2024-06-11,615698,23,5,1,6.240972142857143,23.0,15,1
2024-06-11,621107,24,3,0,6.838932203389831,24.0,21,1
2024-06-11,621237,4,1,0,0.774,4.0,3,0
2024-06-11,621381,3,3,0,0.0,3.0,0,0
2024-06-11,621383,4,1,1,1.1971310000000002,4.0,2,0
2024-06-11,622098,3,2,0,0.445,3.0,1,0
2024-06-11,622251,4,2,0,0.914,4.0,2,0
2024-06-11,622253,4,2,1,0.7251310000000001,4.0,1,0
2024-06-11,622786,5,0,2,2.395454,5.0,2,0
2024-06-11,623433,8,0,2,6.755833428571429,8.0,6,3
2024-06-11,623465,3,1,0,0.152,3.0,2,0
2024-06-11,624647,4,0,1,1.1351310000000001,4.0,3,0
2024-06-11,628317,16,5,4,4.675524,16.0,7,0
2024-06-11,640448,4,3,0,0.32,4.0,1,0
2024-06-11,640451,7,3,1,2.239131,7.0,3,0
2024-06-11,641540,18,2,3,6.878335000000001,18.0,12,0
2024-06-11,641755,5,2,0,1.5129248120300751,5.0,3,0
2024-06-11,642048,1,1,0,0.0,1.0,0,0
2024-06-11,642546,8,1,1,3.625131,8.0,6,0
2024-06-11,643256,4,0,1,3.061092538461539,4.0,3,1
2024-06-11,643338,3,0,0,1.199,3.0,3,0
2024-06-11,643410,3,1,1,1.364131,3.0,1,0
2024-06-11,646242,26,4,1,8.673674859649122,26.0,21,1
2024-06-11,650556,3,1,0,1.1212222222222223,3.0,2,1
2024-06-11,656222,5,0,0,0.397,5.0,5,0
2024-06-11,656464,2,0,0,1.1211904761904763,2.0,2,1
2024-06-11,656529,4,3,0,0.059,4.0,1,0
2024-06-11,656731,22,8,2,5.5884540000000005,22.0,11,0
2024-06-11,656756,23,3,1,8.476381344546672,23.0,19,2
2024-06-11,656887,4,1,0,0.322,4.0,3,0
2024-06-11,656945,6,3,0,0.9524347826086956,6.0,3,1
2024-06-11,657097,6,2,1,1.4511310000000002,6.0,3,0
2024-06-11,657508,3,1,0,0.8099999999999999,3.0,2,0
2024-06-11,657612,3,0,0,0.796,3.0,3,0
2024-06-11,657649,6,2,0,0.7073333333333334,6.0,4,1
2024-06-11,657697,3,0,0,0.391,3.0,3,0
2024-06-11,660600,9,1,2,2.754262,9.0,6,0
2024-06-11,660761,14,3,1,7.075531333333334,14.0,9,1
2024-06-11,660853,4,2,0,2.4046818181818184,4.0,2,1
2024-06-11,661403,6,2,0,1.923192,6.0,3,0
2024-06-11,663158,4,0,0,0.591,4.0,4,0
2024-06-11,663423,4,2,0,0.191,4.0,2,0
2024-06-11,663474,22,4,2,5.745809101449275,21.0,15,2
2024-06-11,663485,10,1,0,3.0330000000000004,9.0,9,1
2024-06-11,663546,6,1,0,0.78925,6.0,5,0
2024-06-11,663855,20,5,1,6.092299399419729,20.0,14,2
2024-06-11,663878,4,3,0,0.291,4.0,1,0
2024-06-11,663903,27,6,1,9.349955142857143,26.0,18,2
2024-06-11,663947,9,2,0,1.524,9.0,7,0
2024-06-11,664076,2,0,0,0.8540000000000001,2.0,2,0
2024-06-11,664849,3,1,0,0.409,3.0,2,0
2024-06-11,664854,7,1,2,2.768262,7.0,4,0
2024-06-11,665625,5,0,0,0.8703333333333332,5.0,5,0
2024-06-11,666200,23,4,1,7.188665,23.0,16,0
2024-06-11,666204,4,2,1,0.6991310000000001,4.0,1,0
2024-06-11,666974,1,1,0,0.0,1.0,0,0
2024-06-11,668472,4,1,0,1.017,4.0,3,0
2024-06-11,668800,6,0,1,1.3281310000000002,6.0,5,0
2024-06-11,668941,3,0,0,1.3092222222222225,3.0,3,1
2024-06-11,669276,3,2,0,0.265,3.0,1,0
2024-06-11,669622,3,0,1,0.795131,3.0,2,0
2024-06-11,669711,3,2,0,0.054,3.0,1,0
2024-06-11,669713,6,1,1,1.694131,6.0,4,0
2024-06-11,669854,22,8,1,5.697041256410256,22.0,13,3
2024-06-11,670059,5,0,0,1.8050000000000002,5.0,5,1
2024-06-11,670280,6,2,1,2.9275520526315786,6.0,2,1
2024-06-11,670950,4,0,1,1.6324553243243245,4.0,3,1
2024-06-11,670970,3,0,0,0.419,3.0,3,0
2024-06-11,671345,4,2,0,0.9646250000000001,4.0,2,0
2024-06-11,671922,2,1,0,0.061,2.0,1,0
2024-06-11,672335,4,0,0,1.145,4.0,4,0
2024-06-11,673513,4,1,1,0.7151310000000001,4.0,2,0
2024-06-11,675627,5,0,0,3.288516129032258,5.0,5,1
2024-06-11,676664,22,1,3,9.73535453846154,22.0,18,2
2024-06-11,676710,26,8,1,9.991431,26.0,17,2
2024-06-11,676760,10,3,1,3.2520770983606555,10.0,5,1
2024-06-11,677053,2,1,0,0.003,2.0,1,0
2024-06-11,678061,3,1,0,0.6883636363636364,3.0,2,0
2024-06-11,679885,4,1,0,0.641,3.0,2,0
2024-06-11,680730,22,1,3,11.81163643227868,22.0,18,3
2024-06-11,680767,4,1,1,3.303131,4.0,2,1
2024-06-11,681190,23,5,2,9.310380032786885,21.0,15,2
2024-06-11,681982,9,0,1,8.491973818428184,9.0,8,4
2024-06-11,682120,3,1,1,1.1531310000000001,3.0,1,0
2024-06-11,686826,10,1,1,5.563381000000001,10.0,8,1
2024-06-11,686973,18,3,1,5.193861769230769,18.0,14,1
2024-06-11,689225,5,1,0,1.681,5.0,4,0
2024-06-11,689672,22,4,2,5.577262,22.0,16,0
2024-06-11,690829,6,1,1,1.785131,6.0,4,0
2024-06-11,692230,19,4,1,7.402756,18.0,14,0
2024-06-11,694973,23,8,0,4.638571428571429,23.0,15,0
2024-06-12,445276,5,1,1,1.461131,5.0,3,0
2024-06-12,445926,4,1,0,1.41425,4.0,3,0
2024-06-12,489446,5,0,1,2.8126604117647056,5.0,4,1
2024-06-12,502085,3,3,0,0.0,3.0,0,0
2024-06-12,518617,3,0,0,1.066,3.0,3,0
2024-06-12,518886,3,1,0,1.038,3.0,2,0
2024-06-12,519008,4,1,0,0.48900000000000005,4.0,3,0
2024-06-12,519043,4,1,0,1.817754098360656,4.0,3,1
2024-06-12,543243,26,9,1,6.402403727272727,26.0,16,1
2024-06-12,543339,3,0,1,1.408131,3.0,2,0
2024-06-12,543351,5,3,0,1.217638888888889,5.0,2,1
2024-06-12,543518,12,2,2,3.057262,12.0,8,0
2024-06-12,547001,21,2,3,6.310393,21.0,16,0
2024-06-12,552640,4,2,0,1.4510166666666675,4.0,2,1
2024-06-12,571670,3,0,0,1.3780000000000001,3.0,3,0
2024-06-12,571948,6,2,0,1.762,6.0,4,0
2024-06-12,572143,7,0,0,3.863031039136303,7.0,7,1
2024-06-12,573009,4,1,1,1.910131,4.0,2,0
2024-06-12,573204,4,0,2,2.3805863243243244,4.0,2,1
2024-06-12,592155,3,1,0,0.046,3.0,2,0
2024-06-12,592351,14,3,1,6.255926668549906,14.0,10,3
2024-06-12,592454,3,0,1,1.526131,3.0,2,0
2024-06-12,592767,6,3,0,1.212090909090909,6.0,3,1
2024-06-12,593576,6,0,1,3.0271476666666675,6.0,5,1
2024-06-12,593974,4,0,1,2.005131,4.0,3,0
2024-06-12,594580,3,1,0,0.202,3.0,2,0
2024-06-12,595014,4,1,0,0.4883,4.0,3,0
2024-06-12,595345,6,0,0,2.553,6.0,6,0
2024-06-12,596133,5,0,1,2.248131,5.0,4,0
2024-06-12,596295,19,2,1,9.22622972922776,19.0,16,2
2024-06-12,600917,7,2,1,1.354131,6.0,3,0
2024-06-12,600986,11,1,2,3.1608074545454548,11.0,8,1
2024-06-12,601713,22,4,4,6.981912888888889,22.0,14,0
2024-06-12,605130,4,0,0,1.0430000000000001,4.0,4,0
2024-06-12,605135,24,5,4,7.320524,23.0,15,0
2024-06-12,605513,9,1,4,5.250796727272728,9.0,4,1
2024-06-12,607455,3,0,0,0.39,3.0,3,0
2024-06-12,607481,1,0,0,0.159,1.0,1,0
2024-06-12,608371,4,1,1,0.796131,4.0,2,0
2024-06-12,608638,6,1,1,1.674131,6.0,4,0
2024-06-12,608723,3,3,0,0.0,3.0,0,0
2024-06-12,614179,5,1,0,1.7333124999999998,5.0,4,0
2024-06-12,621051,3,0,1,1.229,2.0,2,0
2024-06-12,621111,23,2,1,8.967773857142857,23.0,20,2
2024-06-12,621363,4,0,0,3.2899322033898306,4.0,4,1
2024-06-12,622253,3,0,0,0.45199999999999996,3.0,3,0
2024-06-12,622554,2,1,0,0.024,2.0,1,0
2024-06-12,640448,4,1,0,0.696,4.0,3,0
2024-06-12,640451,3,1,0,0.862,3.0,2,0
2024-06-12,641154,20,5,0,6.839833333333334,20.0,15,1
2024-06-12,641656,8,2,1,3.588131,8.0,5,0
2024-06-12,641729,6,2,0,3.0313000000000003,6.0,4,1
2024-06-12,641835,4,0,0,2.589,4.0,4,1
2024-06-12,642028,5,0,0,3.169,5.0,5,0
2024-06-12,642048,1,0,0,0.072,1.0,1,0
2024-06-12,642397,5,1,0,1.7141920000000002,5.0,3,0
2024-06-12,643511,3,1,0,0.188,3.0,2,0
2024-06-12,647315,5,0,1,1.506131,5.0,4,0
2024-06-12,650633,21,12,2,3.331262,21.0,7,0
2024-06-12,650644,24,6,1,7.702446677248677,24.0,16,1
2024-06-12,650911,19,2,2,7.750262,19.0,15,1
2024-06-12,656186,6,1,2,2.641262,6.0,3,0
2024-06-12,656629,4,2,1,0.925131,4.0,1,0
2024-06-12,656641,7,1,1,1.962131,7.0,5,0
2024-06-12,656730,5,1,1,2.5654794848484848,5.0,3,1
2024-06-12,656849,24,1,2,9.680415846153846,24.0,21,1
2024-06-12,657277,24,5,0,8.442726254480286,24.0,19,3
2024-06-12,657508,4,1,1,3.1205109533799527,4.0,2,2
2024-06-12,657514,5,0,1,2.0431310000000003,5.0,4,0
2024-06-12,657571,5,1,0,1.427,5.0,4,0
2024-06-12,657585,3,2,0,0.7113043478260872,3.0,1,1
2024-06-12,660896,4,0,0,1.2342222222222223,4.0,4,1
2024-06-12,661395,3,0,1,1.1491310000000001,3.0,2,0
2024-06-12,661527,9,1,1,3.0335976666666666,9.0,7,1
2024-06-12,663158,4,1,0,1.3635000000000002,4.0,3,0
2024-06-12,663423,3,1,0,0.224,2.0,1,0
2024-06-12,663542,3,1,0,0.35,3.0,2,0
2024-06-12,663559,20,5,1,6.2951310000000005,20.0,14,0
2024-06-12,663568,3,2,0,0.201,3.0,1,0
2024-06-12,663623,25,5,1,7.586702428571429,25.0,19,0
2024-06-12,663687,20,5,1,6.6882926161616165,20.0,14,2
2024-06-12,663738,29,3,2,12.884499454545455,29.0,23,3
2024-06-12,663893,4,0,0,0.36600000000000005,4.0,4,0
2024-06-12,664076,4,1,1,2.558123,4.0,1,1
2024-06-12,664129,5,1,0,1.248,5.0,4,0
2024-06-12,664208,4,0,0,0.6880000000000001,4.0,4,0
2024-06-12,664285,21,1,1,9.28915323872679,21.0,18,3
2024-06-12,664747,3,0,0,0.02,3.0,3,0
2024-06-12,664854,4,1,0,1.467,4.0,3,0
2024-06-12,665871,22,4,2,7.5324539999999995,22.0,15,1
2024-06-12,666129,23,4,0,9.815616883116883,23.0,19,3
2024-06-12,666157,29,6,3,9.943777,29.0,18,0
2024-06-12,666204,4,3,0,0.0,3.0,0,0
2024-06-12,666214,7,1,2,2.809833428571429,7.0,4,0
2024-06-12,666808,3,1,0,0.317,3.0,2,0
2024-06-12,667755,27,5,2,8.397012,27.0,20,1
2024-06-12,668338,4,2,0,0.022,4.0,2,0
2024-06-12,668674,4,1,1,1.7805881428571428,4.0,2,1
2024-06-12,668964,20,4,1,7.020968814143775,20.0,15,2
2024-06-12,669093,5,2,1,1.0721310000000002,5.0,2,0
2024-06-12,669211,6,1,0,2.8197391304347823,6.0,5,1
2024-06-12,669387,9,3,0,1.663,9.0,6,0
2024-06-12,669438,3,1,0,0.1,3.0,2,0
2024-06-12,670167,3,1,0,0.383,3.0,2,0
2024-06-12,670950,3,3,0,0.0,3.0,0,0
2024-06-12,670990,4,0,0,0.5429999999999999,4.0,4,0
2024-06-12,672582,4,0,0,0.676,4.0,4,0
2024-06-12,673380,7,5,0,0.3,7.0,2,0
2024-06-12,673513,4,1,0,0.81,4.0,3,0
2024-06-12,673929,3,0,0,1.611,2.0,3,0
2024-06-12,676254,3,0,0,1.094,3.0,3,0
2024-06-12,676395,5,2,0,1.214,5.0,3,0
2024-06-12,676440,21,11,1,4.613654329129886,21.0,9,1
2024-06-12,676684,7,0,1,2.094131,7.0,6,0
2024-06-12,677161,4,2,1,0.755131,4.0,1,0
2024-06-12,677944,18,4,0,7.033076923076924,18.0,14,2
2024-06-12,680704,5,1,1,1.4887976666666667,5.0,3,0
2024-06-12,680885,23,3,2,7.7225953333333335,23.0,18,0
2024-06-12,681857,27,3,2,10.526475675213675,27.0,22,1
2024-06-12,681869,8,5,1,0.818131,8.0,2,0
2024-06-12,682120,2,1,0,0.169,2.0,1,0
2024-06-12,682243,24,8,2,4.0622620000000005,24.0,14,0
2024-06-12,683232,6,1,1,2.5214643333333333,6.0,4,1
2024-06-12,683409,5,0,0,2.698822222222222,5.0,5,1
2024-06-12,683627,7,0,0,1.772409090909091,7.0,7,1
2024-06-12,686539,6,0,1,3.190131,6.0,5,0
2024-06-12,686563,26,7,1,6.378131000000001,25.0,17,1
2024-06-12,686580,4,0,0,1.478869565217391,4.0,4,1
2024-06-12,687330,4,1,0,0.917,4.0,3,0
2024-06-12,693312,6,5,0,0.129,6.0,1,0
2024-06-12,695243,2,0,0,1.5417631578947373,2.0,2,1
2024-06-12,700249,24,6,0,5.272282909090909,24.0,17,1
2024-06-13,458681,20,5,3,5.022643,20.0,12,0
2024-06-13,472610,6,1,3,3.950985592592593,6.0,2,1
2024-06-13,489446,4,3,1,0.689131,4.0,0,0
2024-06-13,502085,5,3,0,1.0691920000000001,5.0,1,0
2024-06-13,519326,3,0,1,2.322131,3.0,2,0
2024-06-13,547179,25,2,1,8.217021384615386,25.0,22,2
2024-06-13,552640,4,0,0,1.6119999999999999,4.0,4,0
2024-06-13,571578,22,4,2,7.709221,22.0,14,2
2024-06-13,571882,8,1,0,4.516866666666667,8.0,7,1
2024-06-13,571946,5,0,0,0.9666666666666666,5.0,5,0
2024-06-13,572955,6,1,1,3.776540090909091,6.0,4,2
2024-06-13,595014,4,2,0,0.095,4.0,2,0
2024-06-13,596133,5,1,2,1.6892620000000003,5.0,2,0
2024-06-13,605154,3,2,0,0.006,3.0,1,0
2024-06-13,605155,5,1,0,2.237761904761905,5.0,4,1
2024-06-13,605177,3,3,0,0.0,3.0,0,0
2024-06-13,605280,5,0,0,1.3719999999999999,5.0,5,0
2024-06-13,605400,23,2,2,11.625978301623626,23.0,19,3
2024-06-13,606930,1,0,0,0.112,1.0,1,0
2024-06-13,608344,28,8,1,7.512706,28.0,19,1
2024-06-13,608723,3,0,0,0.676,3.0,3,0
2024-06-13,614179,4,3,0,1.0173333333333334,4.0,1,1
2024-06-13,621242,3,1,0,0.136,3.0,2,0
2024-06-13,621363,3,0,0,0.40299999999999997,3.0,3,0
2024-06-13,621383,3,2,0,0.397,3.0,1,0
2024-06-13,622098,4,3,0,1.8270857142857144,4.0,1,1
2024-06-13,622663,27,2,3,8.400631095238095,26.0,21,1
2024-06-13,623149,4,0,1,1.754323,4.0,2,0
2024-06-13,623465,3,1,1,1.086131,3.0,1,0
2024-06-13,625643,21,8,1,3.817597666666667,21.0,12,1
2024-06-13,628452,5,0,0,2.392192,5.0,4,0
2024-06-13,641329,6,0,0,0.78,5.0,5,0
2024-06-13,641482,27,2,2,6.933262,27.0,23,0
2024-06-13,641729,4,0,0,1.069,4.0,4,0
2024-06-13,641745,11,3,1,2.002131,11.0,7,0
2024-06-13,642232,14,3,4,4.304524,13.0,7,0
2024-06-13,642397,6,3,0,1.253192,6.0,2,0
2024-06-13,642701,2,0,0,0.09,2.0,2,0
2024-06-13,643377,4,2,0,0.733,4.0,2,0
2024-06-13,643410,6,1,1,2.451131,6.0,4,0
2024-06-13,656288,24,3,1,9.774495268907563,24.0,19,2
2024-06-13,656464,3,0,0,1.027192,3.0,2,0
2024-06-13,656546,4,2,0,0.8481920000000001,4.0,1,0
2024-06-13,656557,27,5,0,8.187692,27.0,21,1
2024-06-13,656605,28,4,0,7.041634,28.0,22,1
2024-06-13,656629,4,2,0,1.948941176470588,4.0,2,1
2024-06-13,656794,10,0,1,3.482931,10.0,9,1
2024-06-13,656887,3,1,0,0.429,3.0,2,0
2024-06-13,656945,3,1,1,2.3813809999999997,3.0,1,1
2024-06-13,657006,22,5,1,5.9331309999999995,22.0,16,0
2024-06-13,657044,3,0,0,0.928,3.0,3,0
2024-06-13,657097,2,1,0,0.084,2.0,1,0
2024-06-13,657697,4,0,0,1.062,4.0,4,0
2024-06-13,657746,25,5,1,6.707631,25.0,19,1
2024-06-13,660825,3,2,0,0.494,3.0,1,0
2024-06-13,660896,3,0,0,0.299,3.0,3,0
2024-06-13,662253,5,1,1,0.453,4.0,3,0
2024-06-13,663432,3,1,0,0.301,3.0,2,0
2024-06-13,663554,23,4,1,6.340464333333333,22.0,17,2
2024-06-13,663704,4,1,0,1.052,4.0,3,1
2024-06-13,663947,3,1,1,0.7131310000000001,3.0,1,0
2024-06-13,664126,3,0,1,1.3441310000000002,3.0,2,0
2024-06-13,665622,24,3,1,5.1091310000000005,24.0,20,0
2024-06-13,667463,5,1,1,1.651131,5.0,3,0
2024-06-13,668338,1,0,0,0.012,1.0,1,0
2024-06-13,669461,2,0,0,0.7069411764705882,2.0,2,0
2024-06-13,669622,4,0,2,1.985262,4.0,2,0
2024-06-13,670167,5,0,0,1.477,5.0,5,0
2024-06-13,670990,6,1,1,1.675131,6.0,4,0
2024-06-13,671737,27,11,2,4.289262,25.0,14,0
2024-06-13,672335,7,1,0,2.668830888888889,7.0,5,1
2024-06-13,672582,1,0,0,0.374,1.0,1,0
2024-06-13,672710,7,1,1,2.124519888888889,7.0,5,0
2024-06-13,675627,6,0,0,1.754,6.0,6,0
2024-06-13,676106,29,1,2,11.083984569134701,29.0,26,2
2024-06-13,676395,3,0,1,1.717131,3.0,2,0
2024-06-13,676534,4,1,0,0.533,4.0,3,0
2024-06-13,676702,1,1,0,0.0,1.0,0,0
2024-06-13,676979,25,13,2,6.497255548387097,25.0,10,3
2024-06-13,677865,3,1,0,0.23399999999999999,3.0,2,0
2024-06-13,679525,23,7,2,5.518942,23.0,14,1
2024-06-13,681676,4,3,1,0.689131,4.0,0,0
2024-06-13,681911,3,1,0,0.174,3.0,2,0
2024-06-13,682610,19,5,1,5.233504818181818,19.0,12,0
2024-06-13,688297,3,0,0,1.3980000000000001,3.0,3,0
2024-06-13,689147,4,2,1,2.0487976666666667,4.0,1,1
2024-06-13,694297,26,8,3,8.538254111111112,26.0,15,1
2024-06-14,445926,4,1,0,1.0150000000000001,4.0,3,0
2024-06-14,458677,4,2,1,0.7151310000000001,4.0,1,0
2024-06-14,493603,4,2,0,0.426,4.0,2,0
2024-06-14,502043,24,6,1,5.535881,24.0,17,0
2024-06-14,502624,10,3,1,3.339791377358491,10.0,6,1
2024-06-14,518397,2,0,1,0.542,1.0,1,0
2024-06-14,518585,5,1,0,2.403,5.0,4,0
2024-06-14,518617,3,0,1,1.438323,3.0,1,0
2024-06-14,518886,4,1,0,1.463,4.0,3,0
2024-06-14,519242,27,7,2,7.120377076923077,27.0,17,1
2024-06-14,519293,4,1,0,1.347,4.0,3,0
2024-06-14,542881,25,5,5,8.269655,25.0,15,0
2024-06-14,543294,15,1,0,3.05,15.0,14,0
2024-06-14,543339,3,1,0,0.599,3.0,2,0
2024-06-14,543859,5,2,1,0.981131,5.0,2,0
2024-06-14,547973,5,3,2,1.378262,5.0,0,0
2024-06-14,570632,11,2,1,2.533131,11.0,8,0
2024-06-14,571760,23,4,3,8.234012047619048,22.0,15,2
2024-06-14,571948,2,0,0,0.615,2.0,2,0
2024-06-14,573009,4,1,0,1.1179999999999999,4.0,3,0
2024-06-14,573124,5,0,1,1.430131,5.0,4,0
2024-06-14,592094,4,1,0,0.238,4.0,3,0
2024-06-14,592155,2,0,0,0.7649999999999999,2.0,2,0
2024-06-14,592332,23,6,0,6.373409090909091,23.0,17,1
2024-06-14,592426,3,0,0,0.844,3.0,3,0
2024-06-14,592454,4,2,2,1.378262,4.0,0,0
2024-06-14,592773,4,0,0,1.1007500000000001,4.0,4,1
2024-06-14,605130,3,1,1,0.7041310000000001,3.0,1,0
2024-06-14,605155,6,2,0,2.698,6.0,4,0
2024-06-14,606930,4,1,0,1.119,4.0,3,0
2024-06-14,606965,8,4,0,1.275,8.0,4,0
2024-06-14,607179,5,0,1,1.791131,5.0,4,0
2024-06-14,607259,5,1,1,1.331131,5.0,3,0
2024-06-14,608032,3,1,0,0.172,3.0,2,0
2024-06-14,608638,3,0,0,1.129,3.0,3,0
2024-06-14,608717,1,1,0,0.0,1.0,0,0
2024-06-14,613534,1,1,0,0.0,1.0,0,0
2024-06-14,621237,3,0,0,0.776,3.0,3,0
2024-06-14,621242,4,2,0,1.065,4.0,2,0
2024-06-14,621381,4,0,0,1.763966101694915,4.0,4,1
2024-06-14,622251,4,0,1,2.3289585862068964,4.0,3,1
2024-06-14,622491,23,7,1,5.778991601614086,23.0,15,2
2024-06-14,622554,3,2,0,0.079,3.0,1,0
2024-06-14,622694,9,0,1,4.548797666666666,9.0,8,2
2024-06-14,623167,20,2,2,8.993954043588595,20.0,16,1
2024-06-14,623211,14,1,2,3.9032620000000002,14.0,11,0
2024-06-14,623352,3,1,0,1.8248666666666669,3.0,2,1
2024-06-14,624133,27,6,2,9.732480963831867,27.0,19,2
2024-06-14,624647,3,0,0,1.075,3.0,3,0
2024-06-14,628452,1,0,0,0.11,1.0,1,0
2024-06-14,640455,19,7,1,5.299369095238095,19.0,11,1
2024-06-14,640462,3,1,0,0.764,3.0,2,0
2024-06-14,641312,15,1,0,7.834718263718264,15.0,14,2
2024-06-14,641793,16,2,1,8.075849166383701,16.0,13,2
2024-06-14,642547,28,6,1,10.777728630174293,28.0,19,3
2024-06-14,643256,5,0,0,3.2508335094339627,5.0,4,1
2024-06-14,643377,5,1,0,2.6224162424242423,5.0,3,1
2024-06-14,647315,2,0,0,0.158,2.0,2,0
2024-06-14,647336,13,4,1,3.7272362631578946,13.0,8,1
2024-06-14,650556,3,0,0,0.504,3.0,3,0
2024-06-14,650893,4,1,0,0.726,4.0,3,0
2024-06-14,656529,1,1,0,0.0,1.0,0,0
2024-06-14,656546,2,1,0,0.651,2.0,1,1
2024-06-14,656887,3,1,0,0.757,3.0,2,0
2024-06-14,657097,5,1,1,1.2579696969696965,4.0,3,1
2024-06-14,657508,3,1,0,0.20700000000000002,3.0,2,0
2024-06-14,657571,4,4,0,0.0,4.0,0,0
2024-06-14,661395,6,1,1,1.894131,6.0,4,0
2024-06-14,661403,3,1,0,0.14300000000000002,3.0,2,0
2024-06-14,661563,23,6,4,7.180675515151515,23.0,13,1
2024-06-14,662253,4,3,1,0.689131,4.0,0,0
2024-06-14,663362,26,2,2,8.470488195540309,26.0,20,2
2024-06-14,663372,25,8,1,10.550131,24.0,15,3
2024-06-14,663485,7,3,0,1.586192,7.0,3,0
2024-06-14,663546,3,1,0,0.37,3.0,2,0
2024-06-14,663893,4,0,0,0.857,4.0,4,0
2024-06-14,664208,7,1,0,2.378392,7.0,5,0
2024-06-14,664747,7,0,1,2.666131,7.0,6,0
2024-06-14,664854,5,2,2,1.445262,5.0,1,0
2024-06-14,666142,26,4,1,7.302847666666667,26.0,21,2
2024-06-14,666204,3,0,0,1.6840967741935484,3.0,3,1
2024-06-14,666974,4,1,1,0.9651310000000001,4.0,2,0
2024-06-14,668674,4,0,1,1.9393230000000001,4.0,2,0
2024-06-14,668881,24,5,5,8.111432777777779,24.0,14,1
2024-06-14,668941,1,0,0,1.9355,1.0,1,1
2024-06-14,669022,28,10,1,5.882323,28.0,16,0
2024-06-14,669062,3,0,0,0.212,3.0,3,0
2024-06-14,669194,24,8,1,7.279025875478927,24.0,15,2
2024-06-14,669211,9,4,0,1.0533125,9.0,5,0
2024-06-14,669276,5,1,1,2.8507370606060607,5.0,3,1
2024-06-14,669373,27,2,1,7.770102050736497,27.0,23,2
2024-06-14,669387,5,2,1,1.606131,5.0,2,0
2024-06-14,669713,4,0,0,2.165410256410256,4.0,4,1
2024-06-14,670059,4,0,1,1.4191310000000001,4.0,3,0
2024-06-14,670280,4,1,0,1.6044347826086955,4.0,3,1
2024-06-14,670970,5,0,1,1.303131,5.0,4,0
2024-06-14,671106,19,3,3,6.027095127659575,19.0,13,1
2024-06-14,671922,3,1,0,0.135,2.0,1,0
2024-06-14,672335,1,0,0,0.871,1.0,1,0
2024-06-14,672710,3,0,0,2.144820512820514,3.0,3,1
2024-06-14,675921,18,1,4,6.779524,16.0,12,0
2024-06-14,677161,6,3,0,0.784,6.0,3,1
2024-06-14,678394,23,5,3,6.768647098360656,23.0,15,2
2024-06-14,678495,12,1,1,6.513004778805281,12.0,10,3
2024-06-14,679885,4,0,0,1.119,4.0,4,0
2024-06-14,680573,20,4,4,9.325336392010506,20.0,12,3
2024-06-14,680694,19,4,1,7.962562782945736,18.0,13,3
2024-06-14,680767,6,2,0,1.4365714285714286,6.0,4,0
2024-06-14,681432,4,2,1,0.7211310000000001,4.0,1,0
2024-06-14,681676,3,0,0,1.3210000000000002,3.0,3,0
2024-06-14,681911,4,0,0,1.174,4.0,4,0
2024-06-14,682847,20,3,0,8.216155462184874,20.0,17,1
2024-06-14,683232,3,0,0,0.241,3.0,3,0
2024-06-14,683769,3,1,0,0.704,3.0,2,0
2024-06-14,686539,3,1,0,0.381,3.0,2,0
2024-06-14,686613,26,9,0,3.396,25.0,16,0
2024-06-14,686826,3,0,0,0.20700000000000002,3.0,3,0
2024-06-14,687330,5,0,0,0.7969999999999999,5.0,5,0
2024-06-14,687765,24,3,1,10.729756,24.0,20,3
2024-06-14,689147,5,2,1,2.6078317719298245,5.0,1,1
2024-06-14,689225,5,2,0,0.438,4.0,2,0
2024-06-14,690829,7,1,2,2.607262,7.0,4,0
2024-06-14,694363,3,0,0,1.008,3.0,3,0
2024-06-14,694813,26,3,2,8.485476285714286,26.0,21,1
2024-06-14,695243,6,1,1,1.6411310000000001,6.0,4,0
2024-06-14,696136,7,2,0,1.427,7.0,5,0
2024-06-15,445276,4,0,0,0.969875,4.0,4,0
2024-06-15,450203,23,8,2,7.0225892367149765,23.0,11,2
2024-06-15,471911,24,2,2,8.101915230769231,23.0,18,0
2024-06-15,472610,3,2,0,0.251,3.0,1,0
2024-06-15,500779,21,6,2,5.252223538461539,21.0,13,1
2024-06-15,518886,4,3,1,0.689131,4.0,0,0
2024-06-15,519043,4,0,0,1.03,4.0,4,0
2024-06-15,519326,4,1,0,1.3876944444444448,4.0,3,1
2024-06-15,542888,5,1,1,1.761588142857143,5.0,3,1
2024-06-15,543135,17,6,4,7.147399,17.0,7,1
2024-06-15,543518,9,2,1,2.322131,9.0,6,0
2024-06-15,571656,6,3,0,0.9199666666666665,6.0,3,0
2024-06-15,571670,3,1,0,1.2221071428571428,3.0,2,1
2024-06-15,572955,4,1,0,1.5864444444444448,4.0,3,1
2024-06-15,592426,4,0,0,1.2461920000000002,4.0,3,0
2024-06-15,592773,2,0,0,0.8290000000000001,2.0,2,0
2024-06-15,592836,25,4,2,9.745438015473887,25.0,19,2
2024-06-15,595014,6,1,3,3.320837444444445,6.0,2,1
2024-06-15,600986,10,3,1,2.893761434782609,10.0,6,1
2024-06-15,605154,3,2,0,0.021,3.0,1,0
2024-06-15,605463,4,2,0,0.6981538461538465,4.0,2,1
2024-06-15,606160,7,0,2,2.674262,7.0,5,0
2024-06-15,607074,25,7,3,9.244983990990992,25.0,15,3
2024-06-15,607200,26,6,0,4.284,26.0,20,0
2024-06-15,607455,11,2,2,2.8811764545454546,10.0,7,0
2024-06-15,607481,4,3,1,0.689131,4.0,0,0
2024-06-15,607625,25,4,1,8.483296684210526,25.0,19,1
2024-06-15,608032,3,2,0,0.018,3.0,1,0
2024-06-15,608718,3,1,0,0.451,3.0,2,0
2024-06-15,614179,9,1,0,4.713529411764706,9.0,8,1
2024-06-15,621051,3,0,0,0.019,3.0,3,0
2024-06-15,621383,5,1,0,1.979,5.0,4,0
2024-06-15,621389,25,5,1,8.078529928549335,25.0,18,2
2024-06-15,622786,7,1,2,2.7517165454545456,7.0,4,0
2024-06-15,623433,3,1,0,0.21,3.0,2,0
2024-06-15,624647,5,1,1,1.850381,5.0,3,0
2024-06-15,640448,4,0,0,1.8227142857142857,4.0,4,0
2024-06-15,640451,6,3,1,1.875131,6.0,2,0
2024-06-15,641329,3,1,0,0.213,3.0,2,0
2024-06-15,641835,3,0,0,1.396,3.0,3,0
2024-06-15,642048,1,0,0,0.052,1.0,1,0
2024-06-15,642232,3,0,0,1.293,3.0,3,0
2024-06-15,642397,4,2,1,0.979131,4.0,1,0
2024-06-15,642546,6,3,1,2.082892904761905,6.0,2,1
2024-06-15,642701,9,0,2,3.703807454545455,9.0,7,0
2024-06-15,647315,1,0,0,0.147,1.0,1,0
2024-06-15,650893,3,0,0,1.3010000000000002,3.0,3,0
2024-06-15,656222,4,0,0,1.0230000000000001,4.0,4,0
2024-06-15,656271,9,4,1,1.202131,9.0,4,0
2024-06-15,656427,19,6,1,4.192862707317073,19.0,12,1
2024-06-15,656730,5,0,1,2.263131,5.0,4,0
2024-06-15,657514,1,0,0,0.164,1.0,1,0
2024-06-15,657585,3,1,0,0.878,3.0,2,0
2024-06-15,657649,3,0,0,2.027,3.0,3,0
2024-06-15,658648,7,0,2,2.066262,7.0,5,0
2024-06-15,660825,7,0,1,3.458131,7.0,6,0
2024-06-15,660853,5,2,0,2.1218000000000004,5.0,3,2
2024-06-15,661527,5,2,0,1.35,5.0,3,0
2024-06-15,663321,14,5,0,3.52075,14.0,9,0
2024-06-15,663423,5,1,0,1.714,5.0,4,0
2024-06-15,663542,6,2,0,1.31,6.0,4,0
2024-06-15,663546,3,1,1,0.8331310000000001,3.0,1,0
2024-06-15,663568,6,1,0,1.836,6.0,5,0
2024-06-15,663776,24,5,2,8.419146538847118,23.0,17,1
2024-06-15,663878,4,1,1,0.804131,4.0,2,0
2024-06-15,664076,7,1,1,4.241149382352941,6.0,4,1
2024-06-15,664126,5,0,0,1.63,5.0,5,0
2024-06-15,664129,6,1,0,2.99568,6.0,5,2
2024-06-15,666214,3,1,0,0.212,3.0,2,0
2024-06-15,666745,9,2,0,2.582918032786886,9.0,7,1
2024-06-15,667463,4,0,0,2.5250967741935484,4.0,4,1
2024-06-15,668338,6,2,0,1.021,6.0,4,0
2024-06-15,669060,19,6,2,5.281762,19.0,11,0
2024-06-15,669432,27,3,0,7.734910263718264,27.0,23,2
2024-06-15,669438,12,2,1,6.181611952380953,12.0,9,3
2024-06-15,669461,3,1,0,0.526,3.0,2,0
2024-06-15,669467,14,4,0,3.847,14.0,10,0
2024-06-15,669622,1,0,0,0.013,1.0,1,0
2024-06-15,669674,5,1,1,1.857131,5.0,3,0
2024-06-15,669711,5,1,2,1.8052620000000001,5.0,2,0
2024-06-15,669923,23,6,2,4.070262,23.0,15,0
2024-06-15,670102,15,2,0,3.288,15.0,13,0
2024-06-15,670167,3,1,1,0.893131,3.0,1,0
2024-06-15,670950,8,1,0,1.5153636363636365,8.0,7,0
2024-06-15,670990,3,1,0,0.257,3.0,2,0
2024-06-15,671096,22,3,3,4.94461175,22.0,16,1
2024-06-15,673380,7,2,0,1.7472380952380946,7.0,5,1
2024-06-15,674072,20,3,3,8.363087285714286,19.0,14,2
2024-06-15,675627,8,3,0,2.318,8.0,5,0
2024-06-15,676254,5,1,1,2.398269888888889,5.0,3,1
2024-06-15,676684,4,0,0,0.84,4.0,4,0
2024-06-15,676760,10,3,1,3.7083361282051284,10.0,6,1
2024-06-15,676775,25,6,2,9.067084222222222,25.0,17,2
2024-06-15,677053,5,0,0,1.9493333333333331,5.0,5,0
2024-06-15,677865,6,1,0,2.3766415094339624,6.0,5,1
2024-06-15,678061,7,0,3,4.1874207777777785,7.0,4,1
2024-06-15,680570,28,6,1,9.590727774193548,28.0,21,1
2024-06-15,681293,12,2,2,6.6428231452524145,12.0,7,2
2024-06-15,681517,6,0,1,2.030131,6.0,5,0
2024-06-15,681867,17,6,2,4.151262,17.0,9,0
2024-06-15,681869,11,0,2,5.090185076923077,11.0,9,0
2024-06-15,682120,4,0,0,1.73,4.0,4,0
2024-06-15,683003,23,6,4,10.106923087353325,23.0,13,4
2024-06-15,683627,4,1,0,1.387,4.0,3,0
2024-06-15,684007,26,6,0,7.253595409090909,26.0,19,1
2024-06-15,686580,13,3,2,4.319693818181818,13.0,8,1
2024-06-15,686752,22,4,3,10.364254111111112,22.0,15,3
2024-06-15,686826,5,1,0,2.9690000000000003,5.0,4,1
2024-06-15,687792,19,13,0,1.032,19.0,6,0
2024-06-15,688297,9,0,4,4.607524000000001,9.0,5,0
2024-06-15,693312,7,1,0,1.643,7.0,6,0
2024-06-15,800049,20,4,6,7.820786,20.0,10,0
2024-06-15,808967,8,1,1,1.301131,8.0,6,0
2024-06-16,518397,4,0,1,1.1811310000000002,4.0,3,0
2024-06-16,518617,4,0,2,1.721262,4.0,2,0
2024-06-16,519008,4,1,1,0.691131,4.0,2,0
2024-06-16,519151,4,0,0,1.15,4.0,4,0
2024-06-16,519326,7,1,0,2.6756363636363636,7.0,6,0
2024-06-16,543339,3,2,0,0.036,3.0,1,0
2024-06-16,543859,3,0,0,1.4052,3.0,3,0
2024-06-16,552640,4,1,1,1.593131,4.0,2,0
2024-06-16,554340,6,0,0,2.86546511627907,6.0,6,1
2024-06-16,554430,26,4,2,13.089123444444445,26.0,19,5
2024-06-16,571882,6,1,0,1.379,6.0,5,0
2024-06-16,571945,23,5,0,3.1860000000000004,23.0,18,0
2024-06-16,573009,6,1,1,2.931552052631579,6.0,4,1
2024-06-16,573124,5,1,1,1.370131,5.0,3,0
2024-06-16,573186,24,3,4,8.217524,24.0,17,0
2024-06-16,592094,5,2,0,2.5443636363636366,5.0,3,1
2024-06-16,592426,3,0,1,1.197131,3.0,2,0
2024-06-16,592454,3,1,0,0.9020000000000001,3.0,2,0
2024-06-16,592767,8,2,0,2.213,8.0,6,0
2024-06-16,592791,26,3,2,9.478921090909092,26.0,21,2
2024-06-16,593423,21,5,3,5.4943930000000005,21.0,13,0
2024-06-16,594580,3,0,0,1.316,3.0,3,0
2024-06-16,594902,20,4,3,6.580776333333334,20.0,13,1
2024-06-16,596133,5,1,0,2.193192,5.0,3,0
2024-06-16,600917,4,1,0,2.509458333333333,4.0,3,1
2024-06-16,605121,3,2,0,0.14,3.0,1,0
2024-06-16,605130,3,2,0,0.009,3.0,1,0
2024-06-16,605288,8,1,0,1.863,8.0,7,0
2024-06-16,605513,10,4,1,1.333131,10.0,5,0
2024-06-16,606303,5,1,0,1.942,5.0,4,0
2024-06-16,607067,23,6,1,6.9875496046511625,23.0,16,1
2024-06-16,607192,24,9,1,4.010221909090909,23.0,13,1
2024-06-16,607259,5,2,0,1.014,5.0,3,0
2024-06-16,608334,10,0,1,6.001075322344323,9.0,8,3
2024-06-16,608371,6,3,1,3.1990939629629627,6.0,2,1
2024-06-16,608723,3,0,0,0.593,3.0,3,0
2024-06-16,613534,5,1,0,0.9510000000000001,5.0,4,0
2024-06-16,621107,25,7,1,6.910410365079365,25.0,17,2
2024-06-16,621244,26,1,0,9.563967252525252,26.0,24,1
2024-06-16,621363,3,0,0,0.174,3.0,3,0
2024-06-16,622098,4,1,0,2.323,4.0,3,0
2024-06-16,622251,4,3,0,0.473,4.0,1,0
2024-06-16,622554,3,3,0,0.0,3.0,0,0
2024-06-16,623149,1,0,0,0.289,1.0,1,0
2024-06-16,623352,5,2,0,1.066,5.0,3,0
2024-06-16,623465,4,0,1,1.508131,4.0,3,0
2024-06-16,624522,4,1,1,0.943131,4.0,2,0
2024-06-16,628317,20,1,2,8.778003935483872,20.0,17,1
2024-06-16,628452,5,3,1,2.128562034482759,5.0,1,1
2024-06-16,640448,4,1,0,0.869,4.0,3,0
2024-06-16,640462,4,1,0,0.597,4.0,3,0
2024-06-16,641540,21,8,3,5.075115222222223,21.0,10,2
2024-06-16,641645,3,0,0,0.147,3.0,3,0
2024-06-16,641656,4,0,1,2.4021310000000002,4.0,3,0
2024-06-16,641712,24,5,1,6.578988142857143,22.0,16,0
2024-06-16,641755,5,1,1,1.9191310000000001,5.0,3,0
2024-06-16,641771,13,3,3,5.200509666666667,13.0,7,1
2024-06-16,641927,25,8,2,6.906966013377926,25.0,15,1
2024-06-16,643338,3,1,0,0.751,3.0,2,0
2024-06-16,643377,4,1,0,1.6373939393939392,4.0,3,1
2024-06-16,643511,4,1,0,0.987,4.0,3,0
2024-06-16,656186,4,0,0,2.195192,4.0,2,0
2024-06-16,656302,21,5,3,11.071134208791207,21.0,13,4
2024-06-16,656464,3,1,0,0.359,3.0,2,0
2024-06-16,656529,3,2,0,0.887,3.0,1,0
2024-06-16,656550,9,2,0,2.089,9.0,7,0
2024-06-16,656641,4,2,0,2.445757575757576,4.0,2,2
2024-06-16,656730,5,1,1,1.4540000000000002,4.0,3,0
2024-06-16,656731,22,5,2,6.264766702194358,22.0,15,2
2024-06-16,656756,21,7,2,5.0382620000000005,21.0,12,0
2024-06-16,656887,3,0,0,1.063,3.0,3,0
2024-06-16,657044,3,1,0,1.3130000000000002,3.0,2,0
2024-06-16,657097,4,1,0,0.363,4.0,3,0
2024-06-16,657514,3,0,0,0.875,3.0,3,0
2024-06-16,657571,3,0,1,1.460131,3.0,2,0
2024-06-16,657649,3,1,0,2.1647499999999997,3.0,2,1
2024-06-16,657697,5,0,1,1.5121310000000001,5.0,4,0
2024-06-16,658648,4,1,0,1.167,4.0,3,0
2024-06-16,660600,3,0,1,2.6957698085106383,3.0,1,1
2024-06-16,660761,10,0,1,6.270623194931774,10.0,8,1
2024-06-16,660853,1,0,0,0.076,1.0,1,0
2024-06-16,660896,6,1,0,1.018,6.0,5,0
2024-06-16,661395,1,0,0,0.311,1.0,1,0
2024-06-16,663485,5,1,1,2.9350939629629624,5.0,3,1
2024-06-16,663546,3,0,0,0.662,3.0,3,0
2024-06-16,663568,7,2,0,0.673,7.0,5,0
2024-06-16,663704,1,1,0,0.0,1.0,0,0
2024-06-16,663878,1,0,0,0.102,1.0,1,0
2024-06-16,663893,3,1,0,0.5123333333333333,3.0,2,0
2024-06-16,663903,24,4,2,9.259421090909091,24.0,18,4
2024-06-16,663947,6,1,0,1.981714285714286,6.0,5,1
2024-06-16,663978,13,0,1,7.564482372723454,13.0,12,2
2024-06-16,663989,5,2,1,1.150131,5.0,2,0
2024-06-16,664126,4,2,1,0.7421310000000001,4.0,1,0
2024-06-16,664854,5,1,2,1.5332620000000001,5.0,2,0
2024-06-16,665896,8,1,1,2.7713214761904763,8.0,6,1
2024-06-16,666200,20,2,3,6.590978921325052,20.0,15,2
2024-06-16,666204,5,1,0,2.8230308555399706,5.0,4,2
2024-06-16,666808,7,0,2,5.285282,7.0,5,1
2024-06-16,666974,1,1,0,0.0,1.0,0,0
2024-06-16,668390,6,1,1,3.2275654242424245,6.0,3,1
2024-06-16,668674,5,2,0,1.5979999999999999,5.0,3,0
2024-06-16,669062,5,0,0,0.785,5.0,5,0
2024-06-16,669093,7,1,1,3.780031,7.0,5,1
2024-06-16,669203,27,7,2,6.224262,27.0,18,0
2024-06-16,669276,4,3,0,0.049,4.0,1,0
2024-06-16,669302,26,9,0,4.859625,26.0,17,0
2024-06-16,669387,5,0,0,1.036,5.0,5,0
2024-06-16,669620,8,2,0,2.958383333333333,8.0,6,1
2024-06-16,669622,4,0,0,1.025,4.0,4,0
2024-06-16,669711,8,3,1,2.178131,8.0,4,0
2024-06-16,669854,25,8,3,6.240345380952381,24.0,13,1
2024-06-16,671345,4,1,1,0.8511310000000001,4.0,2,0
2024-06-16,671922,3,2,0,0.457,3.0,1,0
2024-06-16,672335,5,1,0,2.175952153110048,5.0,4,1
2024-06-16,672582,3,1,0,0.227,3.0,2,0
2024-06-16,673513,5,1,0,0.671,5.0,4,0
2024-06-16,676254,2,2,0,0.0,2.0,0,0
2024-06-16,676395,1,1,0,0.0,1.0,0,0
2024-06-16,676596,16,2,0,3.343,16.0,14,0
2024-06-16,676664,26,1,4,11.314557720665299,26.0,21,4
2024-06-16,676710,21,9,1,5.750975444444444,21.0,11,2
2024-06-16,677161,3,2,0,0.39,3.0,1,0
2024-06-16,677865,5,2,0,1.4125,5.0,3,0
2024-06-16,679885,6,1,0,2.8499999999999996,6.0,5,0
2024-06-16,680704,5,0,2,5.007428666666666,5.0,3,2
2024-06-16,680730,25,4,0,5.8928,23.0,19,0
2024-06-16,680767,6,0,1,2.165131,6.0,5,0
2024-06-16,681676,4,0,1,1.2311310000000002,4.0,3,0
2024-06-16,683155,18,2,1,8.80255029248153,18.0,14,2
2024-06-16,683232,6,3,0,2.4977586206896554,6.0,3,1
2024-06-16,683409,4,1,0,0.76,4.0,3,0
2024-06-16,683769,2,1,1,0.689131,2.0,0,0
2024-06-16,686539,4,1,0,0.6970000000000001,4.0,3,0
2024-06-16,686973,19,4,0,5.358192,19.0,14,0
2024-06-16,687330,1,1,0,0.0,1.0,0,0
2024-06-16,689672,21,0,5,10.697335952380952,21.0,15,1
2024-06-16,690829,9,3,1,2.136323,9.0,4,0
2024-06-16,693312,9,3,0,1.87325,9.0,6,1
2024-06-16,694363,3,1,0,0.78,3.0,2,0
2024-06-16,694462,19,2,4,7.001341,18.0,11,0
2024-06-16,702352,10,4,0,2.1137575757575755,10.0,6,1
2024-06-17,445276,1,0,0,0.005,1.0,1,0
2024-06-17,445926,5,2,0,0.264,5.0,3,0
2024-06-17,472610,5,3,1,1.5441310000000001,5.0,1,0
2024-06-17,493603,7,3,0,1.092,7.0,4,0
2024-06-17,519043,4,0,1,0.876131,4.0,3,0
2024-06-17,543243,27,4,2,9.491637366568915,27.0,21,3
2024-06-17,547973,3,1,0,1.166992,3.0,1,0
2024-06-17,552640,6,0,0,2.4447857142857146,5.0,6,0
2024-06-17,571946,4,1,0,2.240666666666667,4.0,3,1
2024-06-17,571948,4,2,0,0.38,4.0,2,0
2024-06-17,572020,25,8,1,4.524579275862068,24.0,15,1
2024-06-17,579328,18,7,0,9.945313178780285,18.0,11,4
2024-06-17,592288,1,0,0,0.313,1.0,1,0
2024-06-17,592351,20,2,0,10.124851034482758,20.0,18,3
2024-06-17,593576,6,0,1,1.632131,6.0,4,0
2024-06-17,593974,3,0,0,0.449,3.0,3,0
2024-06-17,601713,30,4,1,10.448014677298312,29.0,24,2
2024-06-17,608032,3,1,0,0.422,3.0,2,0
2024-06-17,608331,23,6,3,7.174250142857143,23.0,14,0
2024-06-17,608718,8,2,0,1.784,8.0,6,0
2024-06-17,614179,3,0,0,1.201,3.0,3,0
2024-06-17,615698,26,3,3,7.581335,26.0,19,0
2024-06-17,621237,3,1,0,0.293,3.0,2,0
2024-06-17,622098,4,1,0,1.741138888888889,4.0,3,2
2024-06-17,622694,3,1,1,0.6991310000000001,3.0,1,0
2024-06-17,623211,3,2,0,0.024,3.0,1,0
2024-06-17,640462,5,0,0,1.3908461538461536,4.0,5,1
2024-06-17,641729,3,1,0,0.5609999999999999,3.0,2,0
2024-06-17,641745,7,0,1,2.327131,7.0,6,0
2024-06-17,641835,7,1,1,0.91,6.0,5,0
2024-06-17,642546,14,4,1,5.208131,14.0,9,0
2024-06-17,643410,7,3,0,3.126192,7.0,3,1
2024-06-17,650911,25,5,1,7.055131,25.0,19,0
2024-06-17,656234,5,2,1,2.0274643333333335,5.0,2,0
2024-06-17,656420,10,1,0,6.378419347319348,10.0,9,4
2024-06-17,656849,24,6,3,8.778661292682928,24.0,15,2
2024-06-17,656945,4,1,1,0.797131,3.0,1,0
2024-06-17,663855,21,4,4,7.3625240000000005,21.0,13,0
2024-06-17,664129,11,1,3,4.704262,10.0,7,0
2024-06-17,664875,7,2,1,2.0551310000000003,7.0,4,0
2024-06-17,665625,4,1,0,0.122,3.0,2,0
2024-06-17,665871,22,7,2,6.974108153846154,22.0,13,1
2024-06-17,666129,24,6,0,7.942373426573426,24.0,18,2
2024-06-17,666745,8,0,1,3.546531,8.0,7,0
2024-06-17,666808,3,1,0,0.096,3.0,2,0
2024-06-17,668390,11,1,0,4.270942,11.0,9,1
2024-06-17,668676,23,1,2,8.269095012023216,23.0,20,4
2024-06-17,668800,5,0,1,2.346131,5.0,4,0
2024-06-17,668941,4,0,1,2.7545628181818183,4.0,3,1
2024-06-17,669062,7,0,1,3.7017976666666668,7.0,6,1
2024-06-17,669713,8,1,4,4.937982333333333,8.0,3,1
2024-06-17,670059,4,1,0,0.9942857142857142,4.0,3,1
2024-06-17,670280,3,1,0,0.765,3.0,2,0
2024-06-17,670950,7,1,1,1.534131,7.0,5,0
2024-06-17,670970,6,1,0,2.7497833333333332,6.0,5,1
2024-06-17,676534,7,1,2,2.9912620000000003,7.0,4,0
2024-06-17,676684,5,0,0,2.3700624999999995,4.0,4,1
2024-06-17,677053,3,0,0,0.424,3.0,3,0
2024-06-17,678226,5,2,1,1.034,4.0,2,0
2024-06-17,678495,8,0,0,2.4130277777777778,8.0,8,1
2024-06-17,681190,25,2,2,11.551756505494506,24.0,20,3
2024-06-17,681432,3,0,1,1.019131,3.0,2,0
2024-06-17,681676,7,2,1,0.113,5.0,4,0
2024-06-17,681857,22,8,0,5.347462779156327,22.0,14,1
2024-06-17,685126,8,0,3,3.032393,8.0,5,0
2024-06-17,686539,3,1,0,0.10500000000000001,3.0,2,0
2024-06-17,686730,26,5,1,8.122150999999999,26.0,20,1
2024-06-17,692230,21,3,2,6.885442158730159,21.0,16,1
2024-06-17,694973,24,7,1,7.385922524265209,24.0,16,3
2024-06-18,445276,3,1,0,0.185,3.0,2,0
2024-06-18,458681,27,5,0,9.801662525879918,27.0,22,2
2024-06-18,489446,6,1,1,2.338131,6.0,3,0
2024-06-18,502085,7,3,0,1.357,7.0,4,0
2024-06-18,518397,1,0,0,0.4789411764705882,1.0,1,0
2024-06-18,518585,3,0,1,2.355552052631579,3.0,2,1
2024-06-18,518617,2,0,0,0.56,2.0,2,0
2024-06-18,519293,3,0,0,0.185,3.0,3,0
2024-06-18,542888,6,1,1,3.3131509999999995,6.0,4,1
2024-06-18,543351,7,1,0,2.9632142857142854,7.0,6,1
2024-06-18,543859,4,1,1,1.015131,4.0,2,0
2024-06-18,544150,23,3,5,9.620847000000001,23.0,14,0
2024-06-18,547179,23,3,1,8.45625137037037,23.0,19,2
2024-06-18,572955,4,1,0,1.2389999999999999,4.0,3,0
2024-06-18,592094,4,0,0,1.645,4.0,4,0
2024-06-18,592288,8,2,0,1.978192,8.0,5,0
2024-06-18,592426,2,0,0,0.859,2.0,2,0
2024-06-18,592773,1,1,0,0.0,1.0,0,0
2024-06-18,593974,3,1,0,1.667431818181818,3.0,2,1
2024-06-18,596133,3,0,0,2.106410256410256,3.0,3,1
2024-06-18,596295,26,3,2,10.448736145299145,26.0,21,4
2024-06-18,600917,4,1,1,2.127131,4.0,2,0
2024-06-18,605130,4,2,0,0.5465000000000001,4.0,2,0
2024-06-18,605135,26,6,2,8.06269303448276,26.0,18,1
2024-06-18,605154,1,0,0,0.29,1.0,1,0
2024-06-18,605177,3,2,0,0.082,3.0,1,0
2024-06-18,605280,5,1,0,2.743466666666667,5.0,4,1
2024-06-18,605400,22,6,1,5.906175444444445,22.0,15,1
2024-06-18,605463,3,1,0,0.347,3.0,2,0
2024-06-18,606160,3,1,0,2.061968384074942,3.0,2,1
2024-06-18,606303,4,0,1,1.648131,4.0,3,0
2024-06-18,606930,10,1,0,2.9,10.0,9,0
2024-06-18,607179,3,1,0,0.659,3.0,2,0
2024-06-18,607455,5,1,1,1.622881,5.0,3,0
2024-06-18,608334,3,1,0,0.33899999999999997,3.0,2,0
2024-06-18,608638,5,1,1,1.750131,5.0,3,0
2024-06-18,608717,3,1,0,0.491,3.0,2,0
2024-06-18,608723,1,0,0,0.052,1.0,1,0
2024-06-18,613534,4,2,0,0.269,4.0,2,0
2024-06-18,621111,21,2,1,7.844145368421052,21.0,17,2
2024-06-18,621242,3,0,0,0.226,3.0,3,0
2024-06-18,621363,3,2,0,0.005,3.0,1,0
2024-06-18,621381,3,0,0,0.453,3.0,3,0
2024-06-18,622253,4,0,0,0.238,4.0,4,0
2024-06-18,622663,28,1,1,8.913094793103449,28.0,26,2
2024-06-18,622694,3,1,0,1.795,3.0,2,0
2024-06-18,623465,1,1,0,0.0,1.0,0,0
2024-06-18,624522,3,3,0,0.0,3.0,0,0
2024-06-18,628452,3,1,0,0.395,3.0,2,0
2024-06-18,641154,20,3,1,8.90355417310364,20.0,16,3
2024-06-18,641482,23,6,0,6.1290000000000004,23.0,17,0
2024-06-18,641729,4,1,0,0.46199999999999997,4.0,3,0
2024-06-18,641755,5,1,2,3.127728666666667,5.0,2,1
2024-06-18,642048,5,1,1,1.630131,5.0,3,0
2024-06-18,642701,4,1,0,0.572,4.0,3,0
2024-06-18,643338,2,1,0,0.645,2.0,1,0
2024-06-18,643377,3,0,0,1.046,3.0,3,0
2024-06-18,643511,7,1,1,2.5950005652173913,7.0,5,1
2024-06-18,650633,24,6,3,8.966835,24.0,14,0
2024-06-18,650644,20,5,2,7.227278666666668,20.0,13,1
2024-06-18,650893,3,0,0,0.179,3.0,3,0
2024-06-18,656186,4,2,0,0.383,4.0,2,0
2024-06-18,656222,5,0,2,2.7513529090909095,5.0,3,1
2024-06-18,656288,25,4,2,8.689652522875818,24.0,18,2
2024-06-18,656529,5,0,2,2.9392620000000003,5.0,3,0
2024-06-18,656546,3,2,0,0.35,3.0,1,0
2024-06-18,656557,26,5,2,8.84029757312253,26.0,19,3
2024-06-18,656641,2,0,1,0.285,1.0,1,0
2024-06-18,656730,1,0,0,0.9947631578947372,1.0,1,1
2024-06-18,656848,7,2,1,1.781131,7.0,4,0
2024-06-18,656945,3,1,0,0.8521538461538465,3.0,2,1
2024-06-18,657006,26,8,2,6.015262,26.0,16,0
2024-06-18,657277,28,5,1,6.8553809999999995,28.0,22,2
2024-06-18,657514,3,0,0,1.0096666666666665,3.0,3,0
2024-06-18,657585,3,1,0,0.8318571428571427,3.0,2,0
2024-06-18,657697,3,1,0,0.48374999999999996,3.0,2,0
2024-06-18,658648,6,2,0,0.9779411764705882,6.0,4,0
2024-06-18,660600,7,2,1,1.875131,7.0,4,0
2024-06-18,660896,3,1,0,0.459,3.0,2,0
2024-06-18,661395,3,2,0,0.239,3.0,1,0
2024-06-18,662253,6,1,0,1.482,6.0,5,0
2024-06-18,663158,5,0,0,2.148,5.0,5,0
2024-06-18,663423,4,0,0,2.346384,4.0,2,0
2024-06-18,663432,5,0,0,2.403229037037037,5.0,4,1
2024-06-18,663474,14,0,4,7.066160363636365,14.0,10,2
2024-06-18,663554,18,3,0,6.6291379310344825,17.0,14,1
2024-06-18,663559,26,3,2,10.960029719298246,26.0,21,2
2024-06-18,663623,22,2,4,7.472035961722488,21.0,16,2
2024-06-18,663687,22,3,2,9.028524424242423,22.0,17,2
2024-06-18,663878,4,1,0,1.4849999999999999,4.0,3,0
2024-06-18,663893,5,1,0,2.6325161290322576,5.0,4,1
2024-06-18,663989,3,0,0,1.232,3.0,3,0
2024-06-18,664076,3,2,0,0.135,3.0,1,0
2024-06-18,664126,4,1,0,1.688,4.0,3,0
2024-06-18,664208,1,0,0,0.871,1.0,1,0
2024-06-18,664285,24,5,5,7.876655,24.0,14,0
2024-06-18,664747,3,1,0,0.34299999999999997,3.0,2,0
2024-06-18,666157,26,8,0,4.938061565217391,26.0,17,2
2024-06-18,667463,4,2,0,0.552,4.0,2,0
2024-06-18,668338,4,1,0,1.15,4.0,3,0
2024-06-18,668674,5,0,1,2.647131,5.0,4,0
2024-06-18,668964,24,6,2,6.0373529090909095,24.0,16,1
2024-06-18,669093,4,3,0,0.485,4.0,1,0
2024-06-18,669211,8,0,1,2.086323,8.0,6,0
2024-06-18,669387,4,0,0,1.2730000000000001,4.0,4,0
2024-06-18,669461,4,0,0,1.206,3.0,3,0
2024-06-18,669674,5,1,0,2.9424468085106383,5.0,4,1
2024-06-18,670970,3,0,0,1.137,3.0,3,0
2024-06-18,670990,6,2,1,2.363131,6.0,3,0
2024-06-18,671922,4,2,1,2.292345285714285,4.0,1,1
2024-06-18,672578,4,1,0,0.7403124999999999,4.0,3,0
2024-06-18,672710,10,4,1,2.1632421111111113,10.0,5,0
2024-06-18,673513,3,2,1,0.689131,3.0,0,0
2024-06-18,676534,3,1,0,0.16699999999999998,3.0,2,0
2024-06-18,676684,2,1,0,0.013,2.0,1,0
2024-06-18,677053,3,0,0,0.8726666666666667,3.0,3,0
2024-06-18,677161,4,1,0,0.7293,4.0,3,0
2024-06-18,677944,20,6,0,4.338421052631579,20.0,14,1
2024-06-18,679525,18,4,2,7.346063701222754,18.0,12,3
2024-06-18,679885,3,1,0,0.583,3.0,2,0
2024-06-18,680767,5,1,1,2.099925373134328,4.0,3,1
2024-06-18,680885,25,7,2,7.104646,25.0,14,0
2024-06-18,681517,5,2,0,0.931,5.0,3,0
2024-06-18,681911,3,0,1,1.187131,3.0,2,0
2024-06-18,682120,8,2,0,2.955925373134328,8.0,6,1
2024-06-18,682243,25,2,2,6.674262000000001,25.0,21,0
2024-06-18,682610,23,3,2,10.650253294298922,23.0,18,2
2024-06-18,683769,4,1,0,0.902,4.0,3,0
2024-06-18,686563,34,4,1,6.9873941578947365,33.0,28,0
2024-06-18,686580,1,0,0,0.002,1.0,1,0
2024-06-18,686826,6,1,0,0.741,6.0,5,0
2024-06-18,687330,1,0,0,0.26,1.0,1,0
2024-06-18,688297,5,0,0,0.683,4.0,4,0
2024-06-18,689147,3,1,0,0.097,3.0,2,0
2024-06-18,689225,7,2,0,0.625,7.0,5,0
2024-06-18,695243,3,1,0,0.030000000000000002,3.0,2,0
2024-06-19,455119,4,1,0,0.922,4.0,3,0
2024-06-19,472610,6,1,1,2.556131,6.0,4,0
2024-06-19,489446,3,1,0,0.535,3.0,2,0
2024-06-19,518585,3,0,1,0.9561310000000001,3.0,2,0
2024-06-19,518886,5,1,0,1.5899999999999999,5.0,4,1
2024-06-19,519008,1,0,0,0.026,1.0,1,0
2024-06-19,519151,4,1,1,1.610131,4.0,2,0
2024-06-19,542881,28,5,3,7.380982661319074,27.0,19,2
2024-06-19,543037,16,5,1,5.297814928571428,16.0,10,0
2024-06-19,543294,20,8,1,3.6897024285714286,20.0,11,1
2024-06-19,543339,4,0,0,1.2748695652173911,4.0,4,1
2024-06-19,570632,7,2,0,1.216,7.0,5,0
2024-06-19,571578,21,7,3,7.061698263157895,21.0,11,1
2024-06-19,571760,24,9,2,5.5494842222222225,23.0,12,1
2024-06-19,571882,6,0,0,0.9650000000000001,6.0,6,0
2024-06-19,573009,3,2,0,0.438,3.0,1,0
2024-06-19,573124,4,2,0,0.182,4.0,2,0
2024-06-19,592094,3,1,0,0.206,3.0,2,0
2024-06-19,592332,27,4,3,10.540740222222222,26.0,19,3
2024-06-19,592454,2,0,0,0.776,2.0,2,0
2024-06-19,592767,7,3,1,1.976131,7.0,3,0
2024-06-19,594580,1,1,0,0.0,1.0,0,0
2024-06-19,595014,4,2,0,0.398,4.0,2,0
2024-06-19,595345,3,0,1,0.905131,3.0,2,0
2024-06-19,605121,5,0,0,2.31,5.0,5,0
2024-06-19,605130,3,0,1,1.0221310000000001,3.0,2,0
2024-06-19,605155,5,0,2,1.8712620000000002,5.0,3,0
2024-06-19,605280,5,0,0,1.903,5.0,5,0
2024-06-19,605288,4,2,0,0.526,4.0,2,0
2024-06-19,607259,3,1,0,1.1366129032258063,3.0,2,1
2024-06-19,607481,7,2,0,1.363,7.0,5,0
2024-06-19,608717,2,0,0,0.28700000000000003,2.0,2,0
2024-06-19,613534,4,2,0,0.8079999999999999,4.0,2,0
2024-06-19,614179,4,0,0,1.604,4.0,4,0
2024-06-19,621051,4,0,0,2.0191560846560845,3.0,4,2
2024-06-19,621114,4,0,0,2.79221875,4.0,4,1
2024-06-19,621363,5,2,1,0.984,4.0,2,0
2024-06-19,622098,5,1,1,2.935836882352941,5.0,3,1
2024-06-19,622251,6,1,3,3.031393,6.0,2,0
2024-06-19,622253,4,1,1,1.606131,4.0,2,0
2024-06-19,622554,4,1,0,0.847,4.0,3,0
2024-06-19,623211,5,2,0,1.419192,5.0,2,0
2024-06-19,623352,4,1,0,0.895,4.0,3,0
2024-06-19,624133,23,4,0,6.330842424242425,22.0,18,1
2024-06-19,624647,6,1,0,1.066192,6.0,4,0
2024-06-19,625643,22,6,1,8.868170886039886,22.0,15,2
2024-06-19,630023,23,6,0,5.524,23.0,17,1
2024-06-19,640448,3,2,0,0.37,3.0,1,0
2024-06-19,640451,4,1,0,0.899,4.0,3,0
2024-06-19,640455,23,6,3,5.909835,23.0,13,0
2024-06-19,640462,6,3,0,1.562,6.0,3,0
2024-06-19,641329,3,0,0,1.157,3.0,3,0
2024-06-19,641771,4,1,1,0.7251310000000001,4.0,2,0
2024-06-19,641835,2,0,0,0.41000000000000003,2.0,2,0
2024-06-19,642397,4,0,1,1.690131,4.0,3,0
2024-06-19,642547,23,8,2,4.072262,23.0,13,0
2024-06-19,643410,5,0,2,2.305262,5.0,3,0
2024-06-19,647315,2,0,0,0.29400000000000004,2.0,2,0
2024-06-19,650556,3,1,0,0.20400000000000001,3.0,2,0
2024-06-19,650893,3,0,0,0.36600000000000005,3.0,3,0
2024-06-19,656186,4,0,1,2.795131,4.0,3,1
2024-06-19,656222,4,1,0,1.4175384615384616,4.0,3,1
2024-06-19,656234,5,2,1,1.6731310000000001,5.0,2,0
2024-06-19,656464,3,0,0,0.429,3.0,3,0
2024-06-19,656550,3,1,0,0.3,3.0,2,0
2024-06-19,656605,25,7,2,5.036262,25.0,16,0
2024-06-19,656730,3,1,0,0.5623888888888889,3.0,2,0
2024-06-19,656887,3,1,1,1.119131,3.0,1,0
2024-06-19,656945,4,1,0,1.065,4.0,3,0
2024-06-19,657097,4,2,0,0.578,4.0,2,0
2024-06-19,657508,6,1,1,2.641611,6.0,4,1
2024-06-19,657571,4,0,0,1.151192,4.0,3,0
2024-06-19,657746,24,5,1,5.838297666666667,24.0,18,0
2024-06-19,660825,7,3,0,1.8342424242424245,7.0,4,1
2024-06-19,660896,4,0,0,1.4129420000000001,4.0,3,0
2024-06-19,661395,3,1,0,0.367,3.0,2,0
2024-06-19,661403,3,0,0,0.317,3.0,3,0
2024-06-19,663158,3,1,0,0.381,3.0,2,0
2024-06-19,663362,28,6,2,10.303120666666667,27.0,18,1
2024-06-19,663372,25,6,2,9.029454,25.0,16,0
2024-06-19,663485,4,0,1,1.6391310000000001,3.0,2,0
2024-06-19,663542,7,1,0,2.846812252964427,7.0,6,1
2024-06-19,663546,7,2,0,1.645,6.0,5,0
2024-06-19,664208,3,1,0,0.101,3.0,2,0
2024-06-19,664948,6,1,1,2.565131,6.0,4,0
2024-06-19,665622,24,3,2,9.212591470121923,24.0,19,3
2024-06-19,665896,3,0,1,1.098131,3.0,2,0
2024-06-19,666142,26,7,4,7.441471368421053,26.0,15,1
2024-06-19,666204,3,0,0,0.62,3.0,3,0
2024-06-19,666214,3,2,0,0.002,3.0,1,0
2024-06-19,666974,4,0,1,2.816131,4.0,3,1
2024-06-19,667463,4,1,1,1.9293532222222223,4.0,2,1
2024-06-19,668338,2,0,0,2.011,2.0,2,1
2024-06-19,668881,23,9,0,6.186467333333334,23.0,12,1
2024-06-19,669062,4,2,1,1.1651310000000001,4.0,1,0
2024-06-19,669093,4,3,0,1.2699322033898306,4.0,1,1
2024-06-19,669373,23,7,2,10.408481904628333,23.0,12,3
2024-06-19,669438,13,3,0,5.195423076923077,13.0,10,2
2024-06-19,669461,14,1,1,5.813911762250454,14.0,12,3
2024-06-19,670059,3,1,0,0.075,3.0,2,0
2024-06-19,670102,3,0,0,0.544,3.0,3,0
2024-06-19,670167,7,0,2,2.985262,7.0,5,0
2024-06-19,670280,3,0,0,0.055999999999999994,3.0,3,0
2024-06-19,670990,4,0,0,1.342,4.0,4,0
2024-06-19,671737,26,3,2,10.63965312903226,26.0,21,2
2024-06-19,672335,5,0,2,1.829262,5.0,3,0
2024-06-19,675921,8,3,1,2.573131,8.0,4,0
2024-06-19,675989,6,1,1,2.227131,6.0,4,0
2024-06-19,676254,3,1,0,0.38,3.0,2,0
2024-06-19,676272,25,2,3,9.221109435185186,24.0,19,2
2024-06-19,676440,22,12,1,3.6597809999999997,22.0,9,0
2024-06-19,676760,7,2,1,2.9605249393939395,7.0,4,1
2024-06-19,676979,27,8,1,8.11690023076923,27.0,18,2
2024-06-19,678226,3,2,0,0.054,3.0,1,0
2024-06-19,678394,28,6,2,7.693646,28.0,18,1
2024-06-19,681517,8,2,0,2.77846511627907,8.0,6,1
2024-06-19,681676,4,0,0,1.095,4.0,4,0
2024-06-19,683232,7,2,0,2.243,7.0,5,0
2024-06-19,683769,3,2,0,0.044,3.0,1,0
2024-06-19,686580,8,3,0,2.09,8.0,5,0
2024-06-19,686613,24,6,0,5.004138888888889,24.0,18,1
2024-06-19,687330,4,0,0,1.024,4.0,4,0
2024-06-19,688297,5,1,0,0.576,5.0,4,0
2024-06-19,689147,6,1,0,2.853192,6.0,4,0
2024-06-19,693433,17,1,1,5.8093128181818185,17.0,15,0
2024-06-19,694297,25,0,4,9.358820924708379,25.0,21,2
2024-06-19,695243,4,2,1,0.691131,4.0,1,0
2024-06-19,700249,20,1,5,6.8767175,20.0,14,1
2024-06-19,702352,12,1,2,7.814540787878788,12.0,9,2
2024-06-20,519008,3,0,0,0.921,3.0,3,0
2024-06-20,519151,4,1,0,1.3004651162790701,4.0,3,1
2024-06-20,542888,6,2,0,0.331,6.0,4,0
2024-06-20,543339,3,1,0,0.258,3.0,2,0
2024-06-20,543351,6,2,1,4.417611,6.0,3,2
2024-06-20,543859,8,1,2,1.982262,8.0,5,0
2024-06-20,552640,5,0,0,1.51,5.0,5,0
2024-06-20,571670,3,2,0,0.013,3.0,1,0
2024-06-20,571948,6,1,1,1.7352142857142858,5.0,4,0
2024-06-20,573124,5,1,0,0.8540000000000001,5.0,4,0
2024-06-20,573204,3,1,0,0.9325499999999999,3.0,2,1
2024-06-20,592454,4,2,0,0.5529999999999999,4.0,2,0
2024-06-20,592773,4,2,1,0.783131,4.0,1,0
2024-06-20,593974,6,1,2,2.667262,6.0,3,0
2024-06-20,595014,3,0,0,1.075,3.0,3,0
2024-06-20,595345,3,0,0,1.074,3.0,3,0
2024-06-20,605121,3,1,2,1.378262,3.0,0,0
2024-06-20,605463,5,2,1,0.803131,5.0,2,0
2024-06-20,606303,3,2,0,1.8444090909090909,3.0,1,1
2024-06-20,606930,4,1,0,1.991,4.0,3,0
2024-06-20,606965,3,0,1,2.1697976666666667,3.0,2,0
2024-06-20,607179,4,0,0,1.9099253731343282,4.0,4,1
2024-06-20,607625,26,8,3,8.738299382978724,26.0,15,1
2024-06-20,608344,21,2,2,8.426660351648351,21.0,17,4
2024-06-20,608717,2,0,0,0.206,2.0,2,0
2024-06-20,621051,4,1,0,1.943,4.0,3,0
2024-06-20,621383,3,0,0,0.658,3.0,3,0
2024-06-20,621389,23,2,1,12.827309239578286,23.0,20,6
2024-06-20,622491,23,4,2,10.397920796296296,23.0,17,2
2024-06-20,623149,4,1,0,1.913,4.0,3,0
2024-06-20,623167,25,6,3,7.429393,25.0,16,1
2024-06-20,623352,3,2,0,0.54,3.0,1,0
2024-06-20,623465,3,2,0,0.137,3.0,1,0
2024-06-20,624431,7,0,1,3.7081310000000003,7.0,6,0
2024-06-20,624647,5,1,1,3.3701309999999998,5.0,3,1
2024-06-20,641329,5,1,1,2.0351310000000002,5.0,3,0
2024-06-20,641755,5,0,1,1.464,3.0,3,0
2024-06-20,641793,21,5,2,7.358908464646465,21.0,14,2
2024-06-20,642048,3,0,1,1.651131,3.0,2,0
2024-06-20,643377,4,1,0,1.25,4.0,3,0
2024-06-20,643511,3,2,0,0.005,3.0,1,0
2024-06-20,647336,4,3,0,0.882,4.0,1,0
2024-06-20,650556,3,2,0,0.029,3.0,1,0
2024-06-20,656629,4,1,0,0.8420000000000001,4.0,3,0
2024-06-20,657044,3,1,0,0.294,3.0,2,0
2024-06-20,657571,6,1,0,2.447,6.0,5,0
2024-06-20,657612,7,0,0,1.88565,7.0,7,0
2024-06-20,657649,4,1,0,0.625,4.0,3,0
2024-06-20,657697,7,2,0,2.418794871794872,7.0,5,1
2024-06-20,660853,1,0,0,0.518,1.0,1,0
2024-06-20,661403,3,1,0,0.642,3.0,2,0
2024-06-20,661563,15,1,2,8.479920666666667,15.0,11,2
2024-06-20,663423,4,2,0,1.2236304347826088,4.0,2,1
2024-06-20,663485,4,3,1,0.689131,4.0,0,0
2024-06-20,663704,5,0,2,2.5722620000000003,5.0,3,0
2024-06-20,663989,3,0,0,0.849,3.0,3,0
2024-06-20,664076,3,0,1,1.804131,3.0,2,0
2024-06-20,664126,7,1,0,1.502,7.0,6,0
2024-06-20,664854,5,2,1,1.621131,5.0,2,0
2024-06-20,664875,3,0,0,0.367,3.0,3,0
2024-06-20,667463,3,1,0,0.34600000000000003,3.0,2,0
2024-06-20,669022,27,7,2,8.046928666666666,26.0,18,0
2024-06-20,669060,23,5,2,9.893595333333334,23.0,16,1
2024-06-20,669093,6,3,1,1.614657315789474,6.0,2,0
2024-06-20,669194,24,2,0,7.1702797979797985,24.0,22,2
2024-06-20,669211,6,2,0,0.512,6.0,4,0
2024-06-20,669467,24,5,3,5.207665727272727,16.0,8,1
2024-06-20,670970,4,2,0,0.11199999999999999,4.0,2,0
2024-06-20,671106,25,2,4,11.502901309270676,25.0,18,4
2024-06-20,671922,4,2,0,0.375,4.0,2,0
2024-06-20,672582,4,1,0,1.299,4.0,3,0
2024-06-20,673513,5,0,2,3.160262,5.0,3,0
2024-06-20,676254,3,2,0,0.456,3.0,1,0
2024-06-20,676395,3,2,0,0.6972692307692306,3.0,1,0
2024-06-20,676760,6,1,1,2.353323,6.0,3,0
2024-06-20,676775,14,2,1,3.448301454545455,7.0,4,0
2024-06-20,678495,8,4,1,1.6663230000000002,8.0,2,0
2024-06-20,680572,3,0,0,0.6023636363636364,3.0,3,0
2024-06-20,680573,24,6,2,8.320552825604656,24.0,16,3
2024-06-20,681293,22,2,4,6.886242315789474,22.0,15,0
2024-06-20,681911,4,3,0,2.0,4.0,1,1
2024-06-20,682120,3,0,1,0.8451310000000001,3.0,2,0
2024-06-20,683627,10,1,1,2.440242111111111,10.0,8,0
2024-06-20,687134,4,0,1,1.9427560000000001,4.0,3,0
2024-06-20,687330,2,2,0,0.0,2.0,0,0
2024-06-20,687765,25,7,1,6.6315041459797035,25.0,17,2
2024-06-20,694813,23,7,2,4.489454,23.0,13,0
2024-06-20,800049,22,3,3,8.532393,22.0,16,1
2024-06-21,445926,3,1,0,1.129,3.0,2,0
2024-06-21,471911,21,7,0,5.4548,21.0,14,2
2024-06-21,472610,7,1,0,1.263,6.0,5,0
2024-06-21,489446,4,2,0,0.749,4.0,2,0
2024-06-21,493603,8,3,2,2.008762,8.0,3,0
2024-06-21,500779,25,8,1,8.073184111111111,25.0,15,1
2024-06-21,502085,1,1,0,0.0,1.0,0,0
2024-06-21,518585,1,1,0,0.0,1.0,0,0
2024-06-21,519043,5,0,0,3.4915714285714285,5.0,5,1
2024-06-21,519242,19,8,3,3.973393,18.0,7,1
2024-06-21,519326,5,2,0,0.347,5.0,3,0
2024-06-21,543135,23,6,1,4.986587140350877,23.0,16,2
2024-06-21,571670,3,0,0,1.153,3.0,3,0
2024-06-21,571882,6,0,0,1.7049999999999998,6.0,6,0
2024-06-21,571948,3,0,0,1.218,3.0,3,0
2024-06-21,573009,3,0,1,1.265131,3.0,2,0
2024-06-21,592155,3,1,1,0.9521310000000001,3.0,1,0
2024-06-21,592773,3,2,0,0.043,3.0,1,0
2024-06-21,592836,18,3,3,8.763361189526698,18.0,12,2
2024-06-21,594580,3,1,0,0.42900000000000005,3.0,2,0
2024-06-21,600917,7,3,1,2.3285838301886796,7.0,3,1
2024-06-21,605154,3,0,0,0.521,3.0,3,0
2024-06-21,605463,1,0,0,0.566,1.0,1,0
2024-06-21,605513,14,2,1,4.421515,14.0,9,0
2024-06-21,606160,4,0,0,4.121636062861869,4.0,4,2
2024-06-21,606965,7,1,0,4.141444444444445,7.0,6,2
2024-06-21,607067,23,0,2,9.873942596491228,23.0,20,1
2024-06-21,607074,24,3,2,12.235820405987297,24.0,19,4
2024-06-21,607200,26,3,1,7.959615597299252,26.0,22,2
2024-06-21,607259,4,1,0,1.79,4.0,3,0
2024-06-21,607455,4,1,0,0.438,3.0,3,0
2024-06-21,608032,3,2,0,0.128,3.0,1,0
2024-06-21,608723,1,0,0,0.61,1.0,1,0
2024-06-21,613534,5,0,2,2.5128983636363635,5.0,3,0
2024-06-21,621363,4,1,0,0.863,4.0,3,0
2024-06-21,621381,5,1,0,1.675192,5.0,3,0
2024-06-21,622098,4,2,0,0.221,4.0,2,0
2024-06-21,622253,7,1,0,1.947,7.0,6,0
2024-06-21,622554,4,0,0,1.7449999999999999,4.0,4,1
2024-06-21,623149,3,0,0,0.5509999999999999,3.0,3,0
2024-06-21,623211,2,2,0,0.0,2.0,0,0
2024-06-21,623433,3,1,1,0.9671310000000001,3.0,1,0
2024-06-21,623465,3,0,0,0.736,3.0,3,0
2024-06-21,641360,3,1,0,1.090192,3.0,1,0
2024-06-21,641712,19,0,2,9.872269945510329,19.0,17,3
2024-06-21,641726,12,1,0,4.225168032786886,12.0,11,1
2024-06-21,641745,6,0,1,1.6471310000000001,6.0,5,0
2024-06-21,641755,5,0,1,1.7231310000000002,5.0,4,0
2024-06-21,641835,6,0,0,1.978,6.0,6,0
2024-06-21,642232,10,2,0,3.702576,10.0,5,0
2024-06-21,650556,4,0,0,0.874,4.0,4,0
2024-06-21,656302,22,10,2,3.5752620000000004,22.0,10,0
2024-06-21,656427,24,8,2,6.724352909090909,24.0,14,1
2024-06-21,656464,3,1,2,1.378262,3.0,0,0
2024-06-21,656529,1,0,0,0.542,1.0,1,0
2024-06-21,656550,3,0,0,1.166,3.0,3,0
2024-06-21,656756,24,5,1,7.917869095238095,23.0,17,2
2024-06-21,656945,3,0,1,1.4431310000000002,3.0,2,0
2024-06-21,657044,4,0,0,1.8456603773584908,4.0,4,1
2024-06-21,657097,4,0,2,2.811710275862069,4.0,2,1
2024-06-21,657649,5,1,1,2.481131,5.0,3,0
2024-06-21,658648,11,3,2,3.676262,11.0,6,0
2024-06-21,660600,6,0,0,1.8603243243243244,6.0,6,1
2024-06-21,660853,5,2,0,0.669,5.0,3,0
2024-06-21,660896,3,2,0,0.209,3.0,1,0
2024-06-21,661395,6,1,0,3.3076704688995213,6.0,4,2
2024-06-21,662253,4,0,0,0.6920000000000001,4.0,4,0
2024-06-21,663321,10,2,1,4.699915584980237,10.0,7,1
2024-06-21,663432,6,2,0,0.128,6.0,4,0
2024-06-21,663568,9,1,1,3.606131,9.0,6,0
2024-06-21,663776,10,1,2,3.093262,10.0,7,0
2024-06-21,663903,21,4,2,5.7877665,20.0,13,0
2024-06-21,663978,22,3,3,9.120859666666666,22.0,16,1
2024-06-21,663989,6,1,0,1.3780000000000001,6.0,5,0
2024-06-21,664129,13,2,0,2.692,13.0,11,0
2024-06-21,664208,6,1,0,0.954,6.0,5,0
2024-06-21,664747,4,1,0,1.9225,4.0,3,0
2024-06-21,665625,6,1,1,1.8141310000000002,6.0,4,0
2024-06-21,668674,7,1,0,1.1179999999999999,7.0,6,0
2024-06-21,669276,3,2,0,0.015,3.0,1,0
2024-06-21,669387,9,0,0,2.628,9.0,9,0
2024-06-21,669432,23,5,1,8.062241459770116,23.0,17,3
2024-06-21,669622,3,0,0,0.75,3.0,3,0
2024-06-21,669674,4,1,1,1.6773532222222223,4.0,2,1
2024-06-21,669713,9,2,2,2.9712620000000003,9.0,5,0
2024-06-21,669923,25,5,0,9.411391429579789,25.0,20,5
2024-06-21,670102,16,4,2,3.565262,16.0,10,0
2024-06-21,670167,4,0,0,1.474,4.0,4,1
2024-06-21,670950,4,2,0,1.1099999999999999,4.0,2,0
2024-06-21,670990,4,3,0,0.720192,4.0,0,0
2024-06-21,671096,22,10,1,4.3254000476190475,22.0,11,1
2024-06-21,671345,4,1,0,1.608192,4.0,2,0
2024-06-21,672578,4,0,1,1.068131,4.0,3,0
2024-06-21,672782,20,5,3,7.571877867591425,20.0,12,2
2024-06-21,676395,4,3,0,0.058,4.0,1,0
2024-06-21,676534,1,1,0,0.0,1.0,0,0
2024-06-21,676596,1,0,0,0.168,1.0,1,0
2024-06-21,676680,6,2,0,1.4529999999999998,6.0,3,0
2024-06-21,676710,27,7,2,9.689271211965144,27.0,17,3
2024-06-21,677053,4,2,0,0.417,3.0,1,0
2024-06-21,678226,3,1,0,0.162,3.0,2,0
2024-06-21,680570,26,8,2,9.251922377358492,26.0,16,1
2024-06-21,680767,5,2,1,1.456131,4.0,1,0
2024-06-21,681432,5,1,1,1.328131,5.0,3,0
2024-06-21,681869,9,3,0,1.933413793103448,9.0,6,1
2024-06-21,681892,6,2,0,2.213421052631579,6.0,4,1
2024-06-21,682847,23,3,1,9.667391986176716,23.0,18,3
2024-06-21,683155,24,1,1,9.846809180354267,24.0,22,2
2024-06-21,683232,6,2,1,1.876131,6.0,3,0
2024-06-21,684007,21,3,1,11.767838322712272,21.0,17,6
2024-06-21,684320,9,1,3,2.9753930000000004,9.0,5,0
2024-06-21,686752,18,3,4,8.844732666666667,18.0,10,1
2024-06-21,687792,20,5,0,8.549711047619047,20.0,14,2
2024-06-21,687863,10,5,2,2.167262,10.0,3,0
2024-06-21,689017,19,2,2,4.782262,19.0,15,0
2024-06-21,689225,7,0,0,2.0414666666666665,7.0,7,0
2024-06-21,690829,6,2,0,0.9309999999999999,6.0,4,0
2024-06-21,695243,3,1,0,0.33199999999999996,3.0,2,0
2024-06-21,814005,18,2,1,5.364131,18.0,15,0
2024-06-22,445276,4,0,0,1.716763157894737,4.0,4,1
2024-06-22,445926,8,2,0,0.95,8.0,6,0
2024-06-22,450203,25,4,5,10.600136481481483,25.0,16,2
2024-06-22,455119,4,2,0,1.38,4.0,2,0
2024-06-22,458677,3,0,0,0.53,3.0,3,0
2024-06-22,502085,3,2,0,0.448,3.0,1,0
2024-06-22,519008,2,0,1,1.047131,2.0,1,0
2024-06-22,519151,3,1,0,0.9119999999999999,3.0,2,0
2024-06-22,519293,4,0,0,1.9700000000000002,4.0,4,0
2024-06-22,543518,14,0,3,6.732418333333333,14.0,10,1
2024-06-22,543859,1,1,0,0.0,1.0,0,0
2024-06-22,547973,5,1,1,1.271131,5.0,3,0
2024-06-22,554430,24,8,0,4.223192,24.0,15,0
2024-06-22,571466,7,0,0,3.2228571428571424,7.0,7,0
2024-06-22,571656,4,0,0,1.308,4.0,4,0
2024-06-22,571945,25,3,2,8.271089586206896,25.0,20,1
2024-06-22,571946,3,1,0,0.228,3.0,2,0
2024-06-22,573186,24,6,2,5.726266106280193,24.0,16,2
2024-06-22,592155,3,0,0,0.896,3.0,3,0
2024-06-22,592351,20,3,0,3.8292222222222225,20.0,17,1
2024-06-22,592426,6,0,0,3.829085106382978,6.0,6,1
2024-06-22,592791,27,10,0,6.536538461538462,27.0,17,2
2024-06-22,593423,23,4,1,6.9706604117647055,22.0,17,1
2024-06-22,593576,5,2,1,0.886131,5.0,2,0
2024-06-22,593974,4,1,0,0.244,4.0,3,0
2024-06-22,594580,3,1,0,0.063,3.0,2,0
2024-06-22,594902,22,4,2,7.9428474343434345,22.0,15,1
2024-06-22,596001,12,2,0,5.393192,12.0,9,1
2024-06-22,596133,4,2,0,0.647,4.0,2,0
2024-06-22,600986,4,0,0,2.1252222222222223,4.0,4,1
2024-06-22,601713,20,5,1,6.5151810500500495,20.0,14,2
2024-06-22,605121,4,1,1,0.915131,4.0,2,0
2024-06-22,605130,3,0,1,0.9471310000000001,3.0,2,0
2024-06-22,605154,5,1,0,2.046,5.0,4,0
2024-06-22,605155,3,2,0,0.436,3.0,1,0
2024-06-22,605288,16,2,1,3.197221909090909,16.0,13,1
2024-06-22,606930,4,2,0,2.007,4.0,2,1
2024-06-22,607192,24,10,0,4.249091129032258,24.0,13,2
2024-06-22,607481,6,0,3,3.341393,6.0,3,0
2024-06-22,608334,9,2,2,2.530262,9.0,5,0
2024-06-22,608371,3,1,0,0.272,3.0,2,0
2024-06-22,608379,19,5,1,5.573131,19.0,13,1
2024-06-22,608638,6,2,0,2.4452307692307693,6.0,4,1
2024-06-22,608717,4,0,1,0.896131,4.0,3,0
2024-06-22,614179,3,0,0,0.159,3.0,3,0
2024-06-22,615698,26,5,1,8.081312818181818,24.0,19,0
2024-06-22,621107,27,6,1,7.355597666666667,27.0,20,2
2024-06-22,621244,23,3,1,10.97390495215311,23.0,17,2
2024-06-22,623352,3,2,0,0.002,3.0,1,0
2024-06-22,623433,2,2,0,0.0,2.0,0,0
2024-06-22,628317,22,5,0,6.507138888888889,22.0,17,1
2024-06-22,640448,5,0,1,3.506131,5.0,4,0
2024-06-22,640451,5,2,2,1.728262,5.0,1,0
2024-06-22,641312,20,3,0,7.732436444444445,20.0,16,1
2024-06-22,641329,4,0,0,2.300660377358491,4.0,4,1
2024-06-22,641360,3,0,0,0.211,3.0,3,0
2024-06-22,641927,30,10,0,7.453400806090461,30.0,20,2
2024-06-22,642397,3,1,0,0.14800000000000002,3.0,2,0
2024-06-22,650893,5,1,0,1.9032222222222224,5.0,4,1
2024-06-22,656222,4,1,0,0.522,3.0,2,0
2024-06-22,656234,3,0,1,1.2901310000000001,3.0,2,0
2024-06-22,656271,4,2,0,0.497,4.0,2,0
2024-06-22,656629,5,2,1,1.6671310000000001,5.0,2,0
2024-06-22,656641,3,2,0,0.005,3.0,1,0
2024-06-22,656731,17,6,3,7.124393,17.0,8,1
2024-06-22,656794,8,2,0,2.118,8.0,6,0
2024-06-22,656848,3,1,0,0.48874999999999996,3.0,2,0
2024-06-22,656896,5,0,0,0.9279999999999999,5.0,5,0
2024-06-22,657514,1,0,0,0.097,1.0,1,0
2024-06-22,660600,4,0,1,1.2811310000000002,4.0,3,0
2024-06-22,660825,3,2,0,0.064,3.0,1,0
2024-06-22,661403,3,1,0,0.177,3.0,2,0
2024-06-22,663158,1,0,0,0.251,1.0,1,0
2024-06-22,663546,10,5,0,2.8198461538461537,10.0,5,1
2024-06-22,663855,21,1,3,12.71266129310345,21.0,16,4
2024-06-22,663878,3,2,0,0.076,3.0,1,0
2024-06-22,663893,3,1,0,0.438,3.0,2,0
2024-06-22,664076,3,2,0,0.462,3.0,1,0
2024-06-22,664849,4,0,0,0.8140000000000001,4.0,4,0
2024-06-22,664875,6,0,0,3.143918032786886,6.0,6,1
2024-06-22,665896,4,1,1,1.123131,4.0,2,0
2024-06-22,666214,5,1,0,2.7170833333333335,5.0,4,1
2024-06-22,666745,6,2,1,2.1641310000000002,6.0,3,0
2024-06-22,668676,18,1,1,9.917075140489564,18.0,16,6
2024-06-22,668941,3,1,0,1.5855714285714286,3.0,2,0
2024-06-22,668968,3,2,0,0.173,3.0,1,0
2024-06-22,669203,26,5,0,7.200383116883117,26.0,21,2
2024-06-22,669302,28,6,1,6.671628619047619,28.0,21,1
2024-06-22,669438,7,1,0,1.8466129032258065,7.0,6,1
2024-06-22,669622,1,0,0,0.336,1.0,1,0
2024-06-22,669711,5,1,0,1.8760000000000001,5.0,4,0
2024-06-22,669854,27,4,3,9.408199729939604,27.0,20,2
2024-06-22,670059,5,1,1,1.908131,5.0,3,0
2024-06-22,670970,3,0,0,0.5650000000000001,3.0,3,0
2024-06-22,671922,4,1,1,1.345131,4.0,2,0
2024-06-22,672582,6,0,1,3.860815210526316,5.0,5,1
2024-06-22,672710,3,1,0,0.127,2.0,1,0
2024-06-22,673513,4,1,0,0.533,4.0,3,0
2024-06-22,674072,19,2,2,7.535568035087719,19.0,14,2
2024-06-22,674370,24,6,3,6.794585,24.0,14,0
2024-06-22,676664,16,1,0,8.372301373134329,16.0,12,2
2024-06-22,676684,2,1,0,0.522,2.0,1,0
2024-06-22,677161,1,0,0,0.177,1.0,1,0
2024-06-22,680730,25,8,2,7.433524295081967,25.0,15,1
2024-06-22,681190,20,3,3,9.27742307518797,20.0,14,1
2024-06-22,681517,4,1,0,1.018263157894737,4.0,3,0
2024-06-22,681676,6,0,0,2.3129999999999997,6.0,6,0
2024-06-22,681911,4,1,0,0.974,4.0,3,0
2024-06-22,683003,28,8,3,6.460777,27.0,14,0
2024-06-22,683769,2,2,0,0.0,2.0,0,0
2024-06-22,686539,12,4,0,3.046,12.0,8,1
2024-06-22,689672,23,5,4,6.227524000000001,23.0,14,0
2024-06-22,692230,17,2,0,7.065,17.0,15,1
2024-06-22,702352,3,2,0,0.487,3.0,1,0
2024-06-23,445276,4,0,0,0.5579999999999999,4.0,4,0
2024-06-23,453286,16,4,0,2.2735714285714286,16.0,12,0
2024-06-23,455119,3,0,0,0.33099999999999996,3.0,3,0
2024-06-23,518397,3,1,0,1.04,3.0,2,0
2024-06-23,518617,1,1,0,0.0,1.0,0,0
2024-06-23,543243,22,8,0,3.494426136363636,22.0,14,1
2024-06-23,544150,27,3,3,10.760787252525253,25.0,21,1
2024-06-23,552640,4,0,1,1.9546694615384617,4.0,3,1
2024-06-23,570632,12,1,1,4.461394157894738,12.0,10,0
2024-06-23,571656,4,1,0,0.47700000000000004,4.0,3,0
2024-06-23,571670,4,0,1,1.2171310000000002,4.0,3,0
2024-06-23,572955,4,1,0,0.613,4.0,3,0
2024-06-23,573009,4,0,0,0.919,4.0,4,0
2024-06-23,573124,4,1,0,1.163,4.0,3,0
2024-06-23,579328,15,3,1,6.738131,15.0,11,1
2024-06-23,592094,5,1,2,1.840262,5.0,2,0
2024-06-23,592155,4,1,0,1.317,4.0,3,0
2024-06-23,592454,4,3,0,0.843,4.0,1,0
2024-06-23,605280,3,2,0,0.263,3.0,1,0
2024-06-23,606303,5,0,0,4.113485460992908,5.0,5,2
2024-06-23,607259,4,3,0,0.346,4.0,1,0
2024-06-23,607536,20,4,1,4.341791377358491,20.0,15,1
2024-06-23,608331,22,4,0,5.75965,22.0,18,0
2024-06-23,608718,10,2,0,4.0289166666666665,10.0,8,1
2024-06-23,608723,5,1,2,1.4402620000000002,4.0,2,0
2024-06-23,613534,3,1,0,0.077,2.0,1,0
2024-06-23,621237,3,2,0,0.104,3.0,1,0
2024-06-23,622098,3,1,0,0.378,3.0,2,0
2024-06-23,622253,6,1,0,1.964,6.0,5,0
2024-06-23,622663,22,10,0,3.981455157894737,22.0,11,0
2024-06-23,623211,4,0,1,1.1951310000000002,4.0,3,0
2024-06-23,624522,11,2,3,4.073393,11.0,5,0
2024-06-23,628452,3,2,0,1.3425,3.0,1,1
2024-06-23,640448,5,2,0,1.024,5.0,3,0
2024-06-23,640462,6,2,0,1.123,6.0,4,0
2024-06-23,641154,27,14,1,4.2385069590792845,27.0,12,1
2024-06-23,641482,27,7,0,4.699348565656566,27.0,19,0
2024-06-23,641729,3,2,0,0.327,3.0,1,0
2024-06-23,641745,8,1,0,3.871792,8.0,6,0
2024-06-23,641771,20,7,1,5.901054076923077,20.0,12,1
2024-06-23,642048,4,0,0,1.1079999999999999,4.0,4,0
2024-06-23,643338,5,1,0,1.416,5.0,4,0
2024-06-23,643377,4,2,0,0.824,4.0,2,0
2024-06-23,643511,1,0,0,0.088,1.0,1,0
2024-06-23,647315,5,0,1,2.117900230769231,5.0,4,0
2024-06-23,650633,27,8,1,7.692733564102563,27.0,18,1
2024-06-23,650644,18,3,1,4.549400230769231,18.0,14,0
2024-06-23,650893,5,1,1,1.268131,5.0,3,0
2024-06-23,650911,22,4,0,5.954816666666666,22.0,18,0
2024-06-23,656222,6,1,0,1.80075,6.0,5,0
2024-06-23,656529,5,0,0,2.3074651162790705,5.0,5,1
2024-06-23,656546,6,1,0,2.793,6.0,5,0
2024-06-23,656730,3,1,0,1.076192307692308,3.0,2,1
2024-06-23,656945,6,1,1,2.800131,6.0,4,0
2024-06-23,657277,28,8,2,7.477798231884059,28.0,18,1
2024-06-23,657508,3,2,0,0.094,3.0,1,0
2024-06-23,657514,3,1,0,1.685,3.0,2,1
2024-06-23,657585,4,1,0,0.837,4.0,3,0
2024-06-23,661403,5,1,1,1.609131,5.0,3,0
2024-06-23,663423,3,3,0,0.0,3.0,0,0
2024-06-23,663474,16,6,4,7.2827862950819675,16.0,6,2
2024-06-23,663542,7,2,0,1.06,7.0,5,0
2024-06-23,663623,22,10,1,4.575131,22.0,11,1
2024-06-23,663687,25,2,2,10.732288168755222,25.0,20,2
2024-06-23,663893,3,0,0,1.338666666666667,3.0,3,1
2024-06-23,663947,3,1,0,0.823,3.0,2,0
2024-06-23,663989,5,0,0,2.209,5.0,5,0
2024-06-23,664076,4,0,0,1.5992142857142857,4.0,4,0
2024-06-23,664126,3,1,0,0.17500000000000002,3.0,2,0
2024-06-23,664285,29,7,2,7.896203176470588,29.0,20,0
2024-06-23,664351,4,0,0,0.546,4.0,4,0
2024-06-23,664854,3,2,0,0.003,3.0,1,0
2024-06-23,665871,20,0,1,10.539873968506132,20.0,18,4
2024-06-23,666157,23,3,4,9.243437218390806,23.0,16,3
2024-06-23,666214,3,1,0,0.067,3.0,2,0
2024-06-23,666745,8,2,0,2.406137931034483,8.0,6,1
2024-06-23,667725,17,2,3,6.594918333333333,17.0,11,1
2024-06-23,668338,5,1,0,2.77,5.0,4,1
2024-06-23,668674,3,2,0,0.172,3.0,1,0
2024-06-23,668941,3,0,2,1.378262,3.0,1,0
2024-06-23,668964,20,3,0,4.704,20.0,17,0
2024-06-23,669211,3,1,0,0.46399999999999997,3.0,2,0
2024-06-23,669674,4,0,0,2.5417018181818176,4.0,4,2
2024-06-23,669711,4,1,0,0.93,4.0,3,0
2024-06-23,670059,7,1,1,4.420314333333334,7.0,5,1
2024-06-23,670766,11,0,2,6.127368382978723,11.0,9,1
2024-06-23,670950,7,1,0,1.601,7.0,6,0
2024-06-23,671922,1,0,0,0.0,1.0,1,0
2024-06-23,672578,5,0,0,0.375,5.0,5,0
2024-06-23,673380,5,1,0,2.521000000000001,5.0,4,1
2024-06-23,676395,3,1,1,0.912131,3.0,1,0
2024-06-23,676534,4,2,0,0.655,4.0,2,0
2024-06-23,676680,5,0,0,2.628,5.0,5,0
2024-06-23,676684,3,2,0,0.778,3.0,1,0
2024-06-23,676714,5,3,0,0.883,5.0,2,0
2024-06-23,677053,2,1,0,0.312,2.0,1,0
2024-06-23,677161,9,3,0,2.1874528301886795,9.0,6,1
2024-06-23,677944,14,2,0,4.434,14.0,12,1
2024-06-23,678495,3,1,0,0.01,3.0,2,0
2024-06-23,679525,28,4,2,10.450671090909092,28.0,22,1
2024-06-23,679885,7,0,2,3.980262,7.0,5,0
2024-06-23,681432,3,2,0,0.062,3.0,1,0
2024-06-23,681857,23,3,0,6.39275,23.0,20,1
2024-06-23,682120,3,1,0,0.22699999999999998,3.0,2,0
2024-06-23,682243,19,3,1,10.080700404186796,18.0,14,4
2024-06-23,683232,6,2,0,0.8310000000000001,6.0,4,0
2024-06-23,686563,11,1,0,5.751769218500797,11.0,10,2
2024-06-23,686580,4,1,0,1.2871920000000001,4.0,2,0
2024-06-23,686826,8,0,0,2.368192,8.0,7,0
2024-06-23,687330,3,0,1,1.316131,3.0,2,0
2024-06-23,687911,3,1,0,0.475,3.0,2,0
2024-06-23,693312,3,1,0,0.013,3.0,2,0
2024-06-23,694363,12,3,2,3.3938074545454544,12.0,7,0
2024-06-23,694973,27,8,1,6.370988142857143,27.0,18,0
2024-06-24,445276,3,1,0,1.158,3.0,2,0
2024-06-24,458677,6,2,1,1.5401310000000001,6.0,3,0
2024-06-24,458681,23,5,0,7.871799435028248,23.0,18,1
2024-06-24,502624,3,1,0,0.261,3.0,2,0
2024-06-24,518585,5,3,1,2.689131,5.0,1,1
2024-06-24,543339,4,2,0,0.98,4.0,2,0
2024-06-24,547179,20,5,1,4.547131,20.0,14,0
2024-06-24,571578,25,5,0,7.773625,25.0,20,0
2024-06-24,571882,5,0,0,0.5920000000000001,5.0,5,0
2024-06-24,572020,21,6,3,5.18660352631579,21.0,12,0
2024-06-24,592288,3,0,0,0.42000000000000004,3.0,3,0
2024-06-24,592426,6,0,2,3.376262,6.0,4,0
2024-06-24,592767,5,0,3,1.7932620000000001,4.0,2,0
2024-06-24,592773,4,2,0,0.551,4.0,2,0
2024-06-24,593974,1,0,0,0.078,1.0,1,0
2024-06-24,600917,2,0,1,0.8851310000000001,2.0,1,0
2024-06-24,605121,6,1,1,1.9997738571428574,6.0,4,0
2024-06-24,605130,3,3,0,0.0,3.0,0,0
2024-06-24,605135,27,2,1,9.771789666666667,26.0,22,3
2024-06-24,605155,3,0,0,0.89,3.0,3,0
2024-06-24,605156,19,2,2,6.5622620000000005,19.0,15,0
2024-06-24,605177,6,0,0,2.331,6.0,6,0
2024-06-24,605400,26,6,0,5.957192,26.0,19,0
2024-06-24,606303,4,0,0,1.3639999999999999,4.0,4,0
2024-06-24,606965,6,0,3,4.845622603729605,6.0,3,2
2024-06-24,607481,6,1,0,1.145,6.0,5,0
2024-06-24,608371,4,1,1,0.7391310000000001,4.0,2,0
2024-06-24,608638,3,1,0,0.6186363636363637,3.0,2,0
2024-06-24,608717,3,1,0,0.188,3.0,2,0
2024-06-24,608723,5,0,1,1.709131,5.0,4,0
2024-06-24,621051,5,0,0,2.031,5.0,5,0
2024-06-24,621363,2,2,0,0.0,2.0,0,0
2024-06-24,621383,2,0,1,0.691131,2.0,1,0
2024-06-24,623465,4,0,0,1.4600909090909093,4.0,4,1
2024-06-24,640451,7,0,2,2.786131,5.0,5,0
2024-06-24,641726,10,1,0,4.173571428571429,10.0,9,2
2024-06-24,641835,3,0,1,1.089,2.0,2,0
2024-06-24,642048,3,1,0,1.179,3.0,2,0
2024-06-24,642546,11,1,3,4.797316076923077,11.0,7,0
2024-06-24,642547,21,6,2,4.972428666666667,21.0,13,0
2024-06-24,642701,3,1,0,0.973,3.0,2,0
2024-06-24,647315,4,1,0,1.4220000000000002,4.0,3,0
2024-06-24,656288,25,5,1,6.694739225108226,25.0,19,1
2024-06-24,656557,27,7,1,8.628628555555556,27.0,17,2
2024-06-24,656629,4,1,0,1.641,4.0,3,0
2024-06-24,656641,4,0,2,3.110693818181818,4.0,2,1
2024-06-24,656730,4,2,0,0.7291920000000001,4.0,1,0
2024-06-24,657006,29,9,1,10.355027228167968,29.0,19,5
2024-06-24,657097,4,3,0,0.757,4.0,1,0
2024-06-24,657508,3,1,0,0.11699999999999999,3.0,2,0
2024-06-24,657649,6,2,3,2.480607285714286,6.0,1,0
2024-06-24,660853,4,1,0,1.6920909090909093,4.0,3,1
2024-06-24,662253,3,1,1,0.8491310000000001,3.0,1,0
2024-06-24,663158,4,0,0,1.022,4.0,4,0
2024-06-24,663362,26,8,2,6.566620666666667,26.0,15,0
2024-06-24,663423,6,3,0,0.794192,6.0,2,0
2024-06-24,663462,4,1,0,3.076,4.0,3,1
2024-06-24,663554,23,10,0,7.313281385281385,23.0,13,2
2024-06-24,663559,18,2,1,3.8713532222222224,18.0,15,1
2024-06-24,663704,3,1,0,0.358,3.0,2,0
2024-06-24,663878,4,1,0,1.6309629629629625,4.0,3,1
2024-06-24,663947,8,2,2,4.938082512820514,8.0,4,1
2024-06-24,664126,3,2,0,0.14,3.0,1,0
2024-06-24,664208,4,2,0,0.037,4.0,2,0
2024-06-24,664854,7,2,2,3.492262,7.0,3,0
2024-06-24,665622,17,4,2,6.991300153846153,17.0,10,1
2024-06-24,665625,5,1,0,2.224702127659574,5.0,4,1
2024-06-24,666142,25,11,3,6.149393,25.0,11,0
2024-06-24,668338,2,1,0,0.017,2.0,1,0
2024-06-24,668968,4,2,1,1.5013128181818183,4.0,1,0
2024-06-24,669062,3,0,1,0.869131,3.0,2,0
2024-06-24,669093,3,1,0,0.352,3.0,2,0
2024-06-24,669211,3,3,0,0.0,3.0,0,0
2024-06-24,669438,5,1,1,1.8541310000000002,5.0,3,0
2024-06-24,670103,7,1,1,1.628131,7.0,5,0
2024-06-24,670167,4,2,0,0.244,4.0,2,0
2024-06-24,670970,6,1,0,1.9460000000000002,6.0,5,0
2024-06-24,670990,3,1,0,0.32,3.0,2,0
2024-06-24,671737,22,8,4,7.579574000000001,22.0,10,3
2024-06-24,672335,5,1,1,1.260131,5.0,3,0
2024-06-24,675650,3,1,0,1.2156666666666665,3.0,2,0
2024-06-24,675921,19,8,1,4.55356414093314,19.0,10,1
2024-06-24,676395,1,1,0,0.0,1.0,0,0
2024-06-24,676440,25,7,1,4.521131,25.0,17,0
2024-06-24,676596,4,0,1,0.8961310000000001,4.0,3,0
2024-06-24,676979,21,6,0,3.884192,21.0,14,0
2024-06-24,677865,3,1,0,1.077,3.0,2,0
2024-06-24,678226,6,2,0,0.56,6.0,4,0
2024-06-24,680885,22,6,0,6.382,20.0,15,0
2024-06-24,681676,6,3,2,2.2739438181818183,6.0,1,1
2024-06-24,681911,3,1,0,0.46199999999999997,3.0,2,0
2024-06-24,682120,3,2,0,0.387,3.0,1,0
2024-06-24,682610,27,4,4,9.942459714285715,27.0,19,3
2024-06-24,683769,4,1,1,1.069131,4.0,2,0
2024-06-24,686730,26,5,1,6.560756,26.0,20,0
2024-06-24,689147,4,1,0,1.119,4.0,3,0
2024-06-24,689225,5,4,0,0.720192,5.0,0,0
2024-06-24,690829,5,2,1,1.638131,5.0,2,0
2024-06-24,693433,14,3,0,3.7800000000000002,14.0,11,0
2024-06-24,700249,24,5,1,8.4541641002331,24.0,18,3
2024-06-24,702352,8,3,2,1.691262,8.0,3,0
2024-06-25,472610,4,0,0,0.431,4.0,4,0
2024-06-25,493603,3,0,1,2.4333532222222223,3.0,2,1
2024-06-25,518397,3,0,1,0.307,2.0,2,0
2024-06-25,519008,2,0,0,0.236,2.0,2,0
2024-06-25,519151,1,0,0,0.439,1.0,1,0
2024-06-25,519293,4,0,0,0.771,4.0,4,0
2024-06-25,519326,3,1,0,0.5018999999999999,3.0,2,0
2024-06-25,542881,25,2,5,10.618422757575757,25.0,17,1
2024-06-25,543037,21,0,4,11.282978434218263,21.0,17,5
2024-06-25,543294,26,4,1,7.114092538461539,26.0,21,1
2024-06-25,543339,3,1,0,0.637,3.0,2,0
2024-06-25,543859,3,0,0,1.5391904761904762,3.0,3,1
2024-06-25,571656,5,1,0,2.3696415094339627,5.0,4,1
2024-06-25,571670,3,0,0,1.133,3.0,3,0
2024-06-25,571760,23,4,2,7.951526957264958,23.0,17,2
2024-06-25,571882,3,1,0,1.6676415094339625,3.0,2,1
2024-06-25,571946,3,1,0,0.75,3.0,2,0
2024-06-25,571948,7,2,0,1.4060000000000001,7.0,5,0
2024-06-25,573124,4,1,1,1.441131,4.0,2,0
2024-06-25,592332,26,5,1,11.027964333333333,26.0,20,3
2024-06-25,592454,4,1,0,0.525,4.0,3,0
2024-06-25,593974,3,0,0,0.45,3.0,3,0
2024-06-25,595014,5,1,0,0.714,5.0,4,0
2024-06-25,596295,24,4,0,7.258711111111111,24.0,20,2
2024-06-25,605121,1,1,0,0.0,1.0,0,0
2024-06-25,605130,3,1,1,1.033131,3.0,1,0
2024-06-25,605154,3,2,0,0.0,3.0,1,0
2024-06-25,605155,7,1,1,4.06039911594203,7.0,5,2
2024-06-25,605463,4,0,0,1.397,4.0,4,0
2024-06-25,607179,4,1,0,0.27699999999999997,4.0,3,0
2024-06-25,607455,4,0,1,1.108131,4.0,3,0
2024-06-25,607625,22,8,2,4.210262,22.0,12,1
2024-06-25,608032,4,2,0,0.641,4.0,2,0
2024-06-25,608344,23,1,0,10.829348245227417,21.0,21,5
2024-06-25,608718,3,0,0,0.14700000000000002,3.0,3,0
2024-06-25,621383,7,1,0,2.0010000000000003,7.0,6,0
2024-06-25,622253,3,1,0,0.319,3.0,2,0
2024-06-25,622491,24,4,4,8.319385823361824,24.0,16,1
2024-06-25,622554,4,1,1,0.791131,4.0,2,0
2024-06-25,623149,4,0,0,1.891,4.0,4,0
2024-06-25,623167,27,3,3,7.955627735042736,27.0,20,2
2024-06-25,623211,2,1,0,0.075,2.0,1,0
2024-06-25,623352,5,3,1,1.691238142857143,5.0,1,1
2024-06-25,623433,5,1,0,1.0697999999999999,5.0,4,1
2024-06-25,623465,3,1,0,0.179,3.0,2,0
2024-06-25,624133,26,4,0,6.459,26.0,22,0
2024-06-25,630023,20,5,3,5.566297761904762,20.0,12,1
2024-06-25,640462,4,2,0,0.378,4.0,2,0
2024-06-25,641329,6,1,0,1.423,6.0,5,0
2024-06-25,641360,8,1,0,3.024434782608696,8.0,7,1
2024-06-25,641540,9,1,0,2.411,9.0,8,0
2024-06-25,641793,19,6,1,5.698040090909091,19.0,12,2
2024-06-25,642397,3,0,0,1.458225806451613,3.0,3,1
2024-06-25,643338,3,1,0,0.506,3.0,2,0
2024-06-25,643511,3,0,0,0.497,3.0,3,0
2024-06-25,656271,5,0,3,2.2953930000000002,5.0,2,0
2024-06-25,656464,2,1,0,0.596,2.0,1,0
2024-06-25,656529,7,1,1,2.916931,7.0,5,0
2024-06-25,656605,29,6,3,8.724879871794872,29.0,19,1
2024-06-25,656794,7,1,2,3.7285120000000003,6.0,3,1
2024-06-25,656848,9,0,2,2.627262,9.0,7,0
2024-06-25,656849,23,8,5,10.01281324749164,23.0,8,2
2024-06-25,656945,4,0,0,1.424,4.0,4,0
2024-06-25,657044,3,0,0,0.676,3.0,3,0
2024-06-25,657508,3,0,0,1.8113636363636365,3.0,3,1
2024-06-25,657585,5,1,0,2.535,5.0,4,1
2024-06-25,657612,3,1,0,0.10099999999999999,3.0,2,0
2024-06-25,657746,24,5,0,7.246967532467533,24.0,19,2
2024-06-25,658648,9,0,3,3.3233930000000003,9.0,6,0
2024-06-25,660825,6,2,2,1.838262,6.0,2,0
2024-06-25,660896,6,1,1,1.8851310000000001,6.0,4,0
2024-06-25,661403,4,1,0,0.764,4.0,3,0
2024-06-25,661527,4,1,0,1.533192,4.0,2,0
2024-06-25,663158,5,1,0,1.075,5.0,4,0
2024-06-25,663432,3,1,0,0.623,3.0,2,0
2024-06-25,663485,3,0,0,0.78,3.0,3,0
2024-06-25,663546,8,2,0,1.6629999999999998,8.0,6,0
2024-06-25,663568,6,0,1,2.2371309999999998,6.0,5,0
2024-06-25,663893,5,2,2,1.4762620000000002,5.0,1,0
2024-06-25,663989,3,1,0,0.191,3.0,2,0
2024-06-25,664076,3,2,0,0.132,3.0,1,0
2024-06-25,664208,4,1,0,1.7297540983606556,4.0,3,1
2024-06-25,664849,3,1,1,1.1471310000000001,3.0,1,0
2024-06-25,664875,6,0,1,1.738131,6.0,5,0
2024-06-25,665625,4,1,0,0.839192,4.0,2,0
2024-06-25,665896,4,0,0,2.173,4.0,4,0
2024-06-25,666808,3,1,0,0.39999999999999997,3.0,2,0
2024-06-25,666974,6,0,0,1.7730000000000001,5.0,5,0
2024-06-25,668881,21,5,2,8.141998842105263,21.0,14,1
2024-06-25,669022,24,1,3,7.649561190476191,24.0,19,1
2024-06-25,669060,21,4,0,5.038857142857143,21.0,17,0
2024-06-25,669093,4,0,0,0.328,4.0,4,0
2024-06-25,669373,26,7,1,7.004771275862069,26.0,17,1
2024-06-25,669387,7,2,0,0.504,7.0,5,0
2024-06-25,669711,2,0,0,0.12000000000000001,2.0,2,0
2024-06-25,670174,26,8,1,4.552131,26.0,17,0
2024-06-25,670950,3,2,0,0.009,3.0,1,0
2024-06-25,670955,7,2,0,1.1159999999999999,7.0,5,0
2024-06-25,670990,4,0,0,1.074,3.0,3,0
2024-06-25,671106,18,5,1,9.627857376811594,18.0,12,4
2024-06-25,671345,4,0,0,1.1148571428571428,4.0,4,0
2024-06-25,671922,5,0,0,1.006,5.0,5,0
2024-06-25,672578,5,1,0,1.8800000000000001,5.0,4,0
2024-06-25,673380,9,2,0,2.8428,9.0,7,2
2024-06-25,675989,8,2,0,1.4253,8.0,6,0
2024-06-25,676254,5,2,1,0.801131,4.0,1,0
2024-06-25,676272,12,1,3,5.873355962962963,12.0,8,1
2024-06-25,676534,3,1,0,0.175,3.0,2,0
2024-06-25,676596,5,1,0,0.886,5.0,4,0
2024-06-25,678394,14,2,3,7.47832858974359,14.0,8,2
2024-06-25,678495,11,5,2,2.0042619999999998,11.0,4,0
2024-06-25,683627,5,0,1,1.626131,5.0,4,0
2024-06-25,686613,23,7,3,5.348393,23.0,13,0
2024-06-25,687765,26,6,1,9.122806845547675,26.0,18,2
2024-06-25,690829,2,0,1,0.7451310000000001,2.0,1,0
2024-06-25,691172,12,4,2,2.348262,12.0,6,0
2024-06-25,694297,26,2,2,9.180470333333332,26.0,22,2
2024-06-25,800049,20,0,1,6.800660411764706,20.0,19,1
2024-06-26,458677,6,2,0,0.29400000000000004,6.0,4,0
2024-06-26,471911,22,3,2,7.399095333333333,21.0,16,1
2024-06-26,472610,4,1,0,2.1714468085106384,4.0,3,1
2024-06-26,489446,5,2,1,0.532,4.0,2,0
2024-06-26,493603,3,1,0,0.415,3.0,2,0
2024-06-26,502043,21,4,5,7.2786550000000005,21.0,12,0
2024-06-26,502085,4,2,1,0.8871310000000001,4.0,1,0
2024-06-26,518886,4,3,1,0.689131,4.0,0,0
2024-06-26,519008,2,1,0,0.773,2.0,1,0
2024-06-26,519043,3,1,0,0.012,3.0,2,0
2024-06-26,519326,4,1,1,0.9481310000000001,4.0,2,0
2024-06-26,542888,4,0,1,2.9643532222222224,4.0,3,1
2024-06-26,543135,31,4,1,14.205323,31.0,25,1
2024-06-26,543518,4,2,0,1.1265384615384617,4.0,2,1
2024-06-26,547973,3,2,0,1.1709166666666664,3.0,1,1
2024-06-26,552640,4,0,0,1.4889696969696966,4.0,4,1
2024-06-26,572955,4,0,1,1.919131,4.0,3,0
2024-06-26,572971,21,4,1,10.404607293103448,20.0,15,2
2024-06-26,592094,4,2,1,0.7041310000000001,4.0,1,0
2024-06-26,592426,5,0,1,2.2818850983606556,4.0,3,1
2024-06-26,592767,7,2,0,2.4308,7.0,5,0
2024-06-26,592773,4,1,0,0.296,4.0,3,0
2024-06-26,595345,4,3,0,0.214,4.0,1,0
2024-06-26,596001,8,3,1,2.1695657826086956,8.0,4,1
2024-06-26,600986,8,2,1,2.026131,8.0,5,0
2024-06-26,601713,23,10,0,5.787812499999999,23.0,13,1
2024-06-26,605288,12,3,1,3.5641309999999997,12.0,8,0
2024-06-26,605513,10,2,2,3.267187373134328,10.0,6,1
2024-06-26,606149,4,0,1,1.408131,4.0,3,0
2024-06-26,606303,3,1,0,0.5660000000000001,3.0,2,0
2024-06-26,606930,7,1,0,1.7185714285714286,7.0,6,0
2024-06-26,607179,3,1,0,0.027,3.0,2,0
2024-06-26,607200,24,5,1,8.641002794871795,24.0,18,2
2024-06-26,608371,3,1,0,0.024,3.0,2,0
2024-06-26,608638,3,0,1,1.701131,3.0,2,0
2024-06-26,608723,3,0,0,0.07800000000000001,3.0,3,0
2024-06-26,613534,3,0,1,2.344323,3.0,1,0
2024-06-26,614179,3,2,0,0.224,3.0,1,0
2024-06-26,621114,5,3,1,0.8811310000000001,5.0,1,0
2024-06-26,621237,5,1,0,3.3461690476190475,5.0,4,2
2024-06-26,621363,3,1,0,0.7270000000000001,3.0,2,0
2024-06-26,621381,4,0,0,1.1271818181818183,4.0,4,0
2024-06-26,621389,7,2,0,1.595,7.0,5,0
2024-06-26,622251,2,0,0,0.4873846153846154,2.0,2,0
2024-06-26,623211,7,1,0,4.474,7.0,6,1
2024-06-26,624522,3,1,0,0.5674999999999999,3.0,2,0
2024-06-26,625643,23,5,4,9.004801777777779,23.0,14,2
2024-06-26,628452,3,2,0,0.209,3.0,1,0
2024-06-26,640455,19,3,5,7.076155,19.0,11,0
2024-06-26,641729,3,0,0,0.9081920000000001,3.0,2,0
2024-06-26,641755,4,0,0,0.883192,4.0,3,0
2024-06-26,642232,13,4,1,3.7731310000000002,13.0,8,0
2024-06-26,642397,4,2,0,0.8861920000000001,4.0,1,0
2024-06-26,643338,4,3,0,0.259,4.0,1,0
2024-06-26,643511,4,0,1,1.829131,4.0,3,0
2024-06-26,647315,1,0,0,0.321,1.0,1,0
2024-06-26,647336,12,7,2,1.868262,12.0,3,0
2024-06-26,650893,3,1,0,0.034,3.0,2,0
2024-06-26,656302,24,9,2,3.789012,23.0,12,0
2024-06-26,656546,3,0,0,0.446,3.0,3,0
2024-06-26,656550,11,2,1,3.628631,11.0,8,0
2024-06-26,656641,4,0,1,0.61,3.0,3,0
2024-06-26,656730,3,0,0,0.274,3.0,3,0
2024-06-26,657024,4,0,0,1.2862222222222224,4.0,4,1
2024-06-26,657571,1,0,0,0.066,1.0,1,0
2024-06-26,657612,8,0,0,3.051,8.0,8,0
2024-06-26,657649,4,2,1,0.063,3.0,1,0
2024-06-26,661395,2,0,0,0.459,2.0,2,0
2024-06-26,661563,22,2,4,9.807658,22.0,14,2
2024-06-26,662253,3,0,2,2.0984540000000003,3.0,0,0
2024-06-26,663372,26,2,1,7.729323,25.0,21,0
2024-06-26,663423,2,0,0,0.245,2.0,2,0
2024-06-26,663432,8,2,2,3.2746191428571434,8.0,4,1
2024-06-26,663542,3,1,0,1.0550000000000002,3.0,2,0
2024-06-26,663704,3,0,0,0.8820000000000001,3.0,3,0
2024-06-26,663903,27,5,1,9.26924327106227,27.0,21,3
2024-06-26,663947,10,1,1,4.120131,10.0,8,0
2024-06-26,664747,4,1,1,1.678131,4.0,2,0
2024-06-26,664849,4,1,1,3.445256,4.0,2,1
2024-06-26,664854,5,1,1,2.158131,5.0,3,0
2024-06-26,666214,7,1,0,2.476,7.0,6,0
2024-06-26,666808,4,1,0,1.229,4.0,3,0
2024-06-26,667463,4,1,0,0.381,4.0,3,0
2024-06-26,668674,4,1,0,0.829,4.0,3,0
2024-06-26,668933,25,3,1,10.930404955773955,25.0,21,2
2024-06-26,668941,2,0,0,0.759,2.0,2,0
2024-06-26,668968,6,1,1,2.446631,6.0,4,0
2024-06-26,669062,3,1,0,0.263,3.0,2,0
2024-06-26,669194,23,3,0,10.200652071519796,23.0,18,4
2024-06-26,669276,4,1,1,1.126131,4.0,2,0
2024-06-26,669461,20,8,1,4.3965060000000005,20.0,11,0
2024-06-26,669622,4,3,0,0.537,4.0,1,0
2024-06-26,669713,15,7,1,7.106482937984496,15.0,7,3
2024-06-26,669923,21,7,0,5.289684210526316,21.0,14,2
2024-06-26,670174,3,0,0,0.681,3.0,3,0
2024-06-26,670871,10,1,1,3.156323,10.0,7,0
2024-06-26,670970,3,0,0,1.541,3.0,3,0
2024-06-26,672335,3,0,0,0.7969999999999999,3.0,3,0
2024-06-26,672456,21,6,3,6.7404897741935486,20.0,11,1
2024-06-26,672582,2,1,0,0.615,2.0,1,0
2024-06-26,672710,14,2,2,6.332517244755245,14.0,10,2
2024-06-26,672782,14,1,3,6.400055765027322,14.0,9,2
2024-06-26,673513,3,1,0,0.17400000000000002,3.0,2,0
2024-06-26,675540,12,1,0,3.9424923076923073,12.0,11,1
2024-06-26,676680,5,0,1,2.131323,5.0,3,0
2024-06-26,676684,4,2,0,0.111,4.0,2,0
2024-06-26,676710,6,2,2,1.477262,6.0,2,0
2024-06-26,676714,5,3,1,2.533540090909091,5.0,1,1
2024-06-26,677053,4,2,0,0.956,4.0,2,0
2024-06-26,678368,18,2,0,3.8296586666666665,18.0,15,0
2024-06-26,678692,3,1,0,0.378,3.0,2,0
2024-06-26,680570,26,4,0,9.216793843317973,26.0,21,2
2024-06-26,680573,22,4,2,7.766470666666668,22.0,15,1
2024-06-26,680767,2,1,0,0.085,2.0,1,0
2024-06-26,681293,24,10,0,3.827,24.0,14,0
2024-06-26,681517,14,1,1,7.2579893333333345,14.0,12,2
2024-06-26,681869,5,2,1,1.986845285714286,5.0,2,1
2024-06-26,682847,21,7,0,5.016333333333334,21.0,14,1
2024-06-26,683155,23,8,2,5.058823,22.0,12,0
2024-06-26,684320,4,0,1,1.181131,4.0,3,0
2024-06-26,686752,19,8,2,4.179874903225806,19.0,9,1
2024-06-26,686826,5,0,1,1.9071190476190478,4.0,4,1
2024-06-26,687330,6,2,0,1.475,5.0,4,0
2024-06-26,687792,19,1,2,8.398077151515151,18.0,16,2
2024-06-26,687863,6,2,0,1.5958571428571426,6.0,4,0
2024-06-26,687911,3,2,0,0.331,3.0,1,0
2024-06-26,688297,3,2,0,0.6610454545454546,3.0,1,0
2024-06-26,689147,3,0,0,0.769,3.0,3,0
2024-06-26,693312,7,1,1,1.684131,7.0,5,0
2024-06-26,693821,22,4,0,3.696,22.0,18,0
2024-06-26,694813,30,7,0,7.207571428571429,30.0,23,0
2024-06-26,695243,4,2,0,0.241,4.0,2,0
2024-06-26,806185,22,5,3,7.200085307692308,22.0,14,1
2024-06-27,519242,24,11,1,5.327564333333333,24.0,12,1
2024-06-27,543518,7,2,2,4.113675793103448,7.0,3,2
2024-06-27,554430,27,5,2,8.682454,27.0,19,0
2024-06-27,571656,5,1,0,1.246,5.0,4,0
2024-06-27,571945,26,1,1,9.101676454545455,26.0,24,0
2024-06-27,573009,3,1,0,1.835680808080808,3.0,2,1
2024-06-27,573204,5,0,0,0.923,5.0,5,0
2024-06-27,592351,24,1,1,10.22469076845632,24.0,22,4
2024-06-27,592426,4,0,0,1.7570484848484849,4.0,4,1
2024-06-27,593576,3,2,0,0.483,3.0,1,0
2024-06-27,594580,4,2,0,0.08,4.0,2,0
2024-06-27,594902,24,5,1,6.287323000000001,24.0,17,1
2024-06-27,605121,4,1,1,0.7391310000000001,4.0,2,0
2024-06-27,605154,5,0,1,2.7596397719298245,5.0,4,1
2024-06-27,606149,5,1,0,1.111,5.0,4,0
2024-06-27,607074,27,8,1,9.855141373626374,27.0,16,2
2024-06-27,608379,25,6,2,10.361381120669057,25.0,16,2
2024-06-27,608718,7,0,0,3.1735132310578145,7.0,7,2
2024-06-27,621244,27,8,3,5.4588975,27.0,15,0
2024-06-27,621381,4,1,0,1.749192,4.0,2,0
2024-06-27,628708,5,2,0,1.665,5.0,3,0
2024-06-27,640462,4,1,0,0.40900000000000003,4.0,3,0
2024-06-27,641329,6,2,0,1.013,6.0,4,0
2024-06-27,641360,6,2,0,1.7107999999999999,6.0,3,1
2024-06-27,641771,11,3,2,2.9192620000000002,11.0,6,0
2024-06-27,642546,9,2,1,3.2607452857142856,9.0,6,1
2024-06-27,647315,4,2,1,0.9641310000000001,4.0,1,0
2024-06-27,656271,6,0,0,3.431225806451613,6.0,6,1
2024-06-27,656427,25,7,1,8.613057731078905,25.0,17,3
2024-06-27,656546,6,1,0,1.2311999999999999,6.0,5,0
2024-06-27,656629,4,1,0,0.599,4.0,3,0
2024-06-27,656756,20,1,1,8.565756,20.0,17,0
2024-06-27,656945,3,1,0,0.233,3.0,2,0
2024-06-27,663485,2,1,0,0.009,2.0,1,0
2024-06-27,663546,5,2,0,0.823,5.0,3,0
2024-06-27,663704,3,0,0,0.376,3.0,3,0
2024-06-27,663855,22,7,2,6.3809206666666665,22.0,12,2
2024-06-27,663989,3,2,0,0.063,3.0,1,0
2024-06-27,664776,6,2,0,1.766192,6.0,3,0
2024-06-27,666214,3,2,0,0.083,3.0,1,0
2024-06-27,667463,9,3,0,1.99,9.0,6,0
2024-06-27,668338,4,1,1,0.908131,4.0,2,0
2024-06-27,669062,5,2,1,1.8201310000000002,5.0,2,0
2024-06-27,669203,29,5,0,10.42446153846154,29.0,24,1
2024-06-27,669432,28,4,4,10.397033645909646,28.0,20,3
2024-06-27,669622,4,0,0,1.065875,4.0,4,0
2024-06-27,669674,6,4,1,0.774131,6.0,1,0
2024-06-27,669721,26,8,0,5.997413793103448,26.0,18,1
2024-06-27,670102,4,1,0,0.495,4.0,3,0
2024-06-27,670167,3,1,0,0.218,3.0,2,0
2024-06-27,671096,23,2,6,9.779005871794872,23.0,15,3
2024-06-27,676254,4,2,0,0.805,4.0,2,0
2024-06-27,678226,3,1,0,1.2372380952380946,3.0,2,1
2024-06-27,679885,3,0,0,0.8480000000000001,3.0,3,0
2024-06-27,681432,3,3,0,0.0,3.0,0,0
2024-06-27,681676,3,0,0,0.663,3.0,3,0
2024-06-27,681892,10,4,1,3.258323,10.0,4,0
2024-06-27,682120,3,3,0,0.0,3.0,0,0
2024-06-27,683769,3,0,0,0.216,3.0,3,0
2024-06-27,684007,25,3,2,6.340452476190476,25.0,20,1
2024-06-27,686826,13,0,1,5.1855150000000005,13.0,10,0
2024-06-27,687863,4,1,0,0.15100000000000002,4.0,3,0
2024-06-27,689225,6,2,0,1.264192,6.0,3,0
2024-06-27,690829,3,0,0,1.6534090909090908,3.0,3,1
2024-06-27,694363,10,2,1,2.6301006969696967,10.0,7,1
2024-06-27,701581,23,2,1,7.895461701754386,23.0,20,3
2024-06-27,702352,3,1,0,0.092,3.0,2,0
2024-06-28,445926,5,2,0,0.602,5.0,3,0
2024-06-28,450203,24,7,1,5.342323,24.0,15,1
2024-06-28,453286,22,4,2,6.618868060606061,22.0,16,1
2024-06-28,472610,3,0,0,0.484,3.0,3,0
2024-06-28,493603,4,1,0,0.8171920000000001,4.0,2,0
2024-06-28,500779,21,7,3,8.912393000000002,21.0,11,1
2024-06-28,502624,14,2,2,2.581262,14.0,10,0
2024-06-28,518397,5,0,1,1.317131,4.0,4,0
2024-06-28,518617,4,0,0,0.842,4.0,4,0
2024-06-28,518886,3,2,0,0.067,3.0,1,0
2024-06-28,519008,1,1,0,0.0,1.0,0,0
2024-06-28,519043,3,0,0,0.6970000000000001,3.0,3,0
2024-06-28,519326,6,2,0,0.248,6.0,4,0
2024-06-28,527048,21,4,2,10.351307454545454,21.0,15,1
2024-06-28,543339,5,0,0,2.5516428571428573,5.0,5,1
2024-06-28,543859,6,1,0,2.908822107526882,6.0,4,1
2024-06-28,544150,21,2,0,5.123642857142857,21.0,19,0
2024-06-28,552640,1,1,0,0.0,1.0,0,0
2024-06-28,571670,3,2,0,0.584,3.0,1,0
2024-06-28,571946,6,2,0,2.5108648648648644,6.0,4,1
2024-06-28,573186,22,3,3,6.702585,22.0,15,0
2024-06-28,579328,20,7,1,5.917926454545454,20.0,12,1
2024-06-28,592094,3,2,0,0.098,3.0,1,0
2024-06-28,592454,3,1,0,0.14100000000000001,3.0,2,0
2024-06-28,592773,3,0,0,0.153,3.0,3,0
2024-06-28,592791,24,5,1,7.56771162722718,24.0,17,3
2024-06-28,593423,23,5,3,8.761929322344322,23.0,14,3
2024-06-28,593974,4,0,0,2.613,4.0,4,1
2024-06-28,595014,2,0,1,1.819158777777778,2.0,1,1
2024-06-28,596133,5,2,0,2.5010833333333338,5.0,3,1
2024-06-28,600917,7,2,0,0.788,7.0,5,0
2024-06-28,601713,20,4,1,5.814953222222222,20.0,15,1
2024-06-28,605154,4,2,1,1.112131,4.0,1,0
2024-06-28,605155,3,1,0,0.23199999999999998,3.0,2,0
2024-06-28,605177,3,2,0,0.012,3.0,1,0
2024-06-28,605347,4,0,0,0.954,4.0,4,0
2024-06-28,605463,1,0,0,0.288,1.0,1,0
2024-06-28,606160,6,1,2,2.338012,6.0,3,0
2024-06-28,606930,5,0,1,3.078131000000001,5.0,4,1
2024-06-28,607067,22,8,2,7.320077034482759,22.0,10,1
2024-06-28,607179,4,1,0,0.929,4.0,3,0
2024-06-28,607259,8,0,0,2.562,8.0,8,0
2024-06-28,607455,1,0,0,0.041,1.0,1,0
2024-06-28,607481,5,3,0,0.733,5.0,2,0
2024-06-28,608032,3,0,0,0.529,3.0,3,0
2024-06-28,608638,1,0,0,0.071,1.0,1,0
2024-06-28,608717,5,2,0,1.0070000000000001,5.0,3,0
2024-06-28,608723,4,1,0,1.774,4.0,3,0
2024-06-28,621107,24,6,1,5.340323000000001,24.0,16,0
2024-06-28,621383,4,3,0,1.6141935483870968,4.0,1,1
2024-06-28,623433,5,1,0,1.9338,5.0,4,0
2024-06-28,628317,21,4,1,6.572718164750958,21.0,16,2
2024-06-28,641712,24,3,5,9.500847,24.0,15,0
2024-06-28,641726,13,3,1,3.9243230000000002,13.0,8,0
2024-06-28,641835,5,0,0,3.023,5.0,5,0
2024-06-28,641927,22,9,3,5.310726333333333,22.0,10,0
2024-06-28,642232,8,0,1,1.9371310000000002,8.0,7,0
2024-06-28,643377,7,1,2,1.6471310000000001,6.0,4,0
2024-06-28,643511,4,1,0,1.012,4.0,3,0
2024-06-28,650893,3,1,0,0.726,3.0,2,0
2024-06-28,650911,29,9,0,3.59,29.0,20,0
2024-06-28,656354,4,1,1,0.7001310000000001,4.0,2,0
2024-06-28,656464,4,2,0,0.5830000000000001,4.0,2,0
2024-06-28,656629,3,0,1,1.2571310000000002,3.0,2,0
2024-06-28,656641,3,1,1,1.0201310000000001,3.0,1,0
2024-06-28,656730,3,0,0,0.449,3.0,3,0
2024-06-28,657044,8,1,1,4.1099937450980395,8.0,6,1
2024-06-28,657097,3,1,1,1.211131,3.0,1,0
2024-06-28,657277,27,6,3,6.084262,26.0,18,0
2024-06-28,657585,5,1,0,1.566,5.0,4,0
2024-06-28,657612,4,0,0,1.438,4.0,4,0
2024-06-28,657649,4,3,0,0.5665454545454546,4.0,1,0
2024-06-28,658648,8,0,1,2.9724002307692308,8.0,7,0
2024-06-28,660896,3,2,0,0.0,3.0,1,0
2024-06-28,661395,5,1,0,0.927,4.0,4,0
2024-06-28,662253,3,0,0,0.297,3.0,3,0
2024-06-28,663474,14,3,3,6.697993707317074,13.0,8,2
2024-06-28,663485,2,0,0,0.41800000000000004,2.0,2,0
2024-06-28,663568,8,2,0,2.595192,8.0,5,0
2024-06-28,663878,6,0,1,3.7445695964912282,6.0,5,1
2024-06-28,664126,4,0,1,1.879131,4.0,3,0
2024-06-28,664351,1,1,0,0.0,1.0,0,0
2024-06-28,664854,3,1,0,0.723625,3.0,2,0
2024-06-28,664875,5,0,1,0.767,3.0,3,0
2024-06-28,665625,6,2,1,1.255131,6.0,3,0
2024-06-28,665896,5,1,0,1.4400000000000002,5.0,4,0
2024-06-28,666808,4,1,0,1.3249130434782608,4.0,3,1
2024-06-28,666974,4,1,2,1.816262,4.0,1,0
2024-06-28,667725,19,4,2,5.020837,19.0,13,1
2024-06-28,668674,4,0,0,1.480192,4.0,3,0
2024-06-28,668676,13,3,4,4.566524,13.0,6,0
2024-06-28,668941,3,0,1,0.858131,3.0,2,0
2024-06-28,669276,1,1,0,0.0,1.0,0,0
2024-06-28,669302,23,3,0,8.623025333333334,23.0,19,1
2024-06-28,669467,23,5,3,5.195585,23.0,14,0
2024-06-28,669711,8,1,1,3.425892904761905,8.0,6,1
2024-06-28,669854,26,5,3,7.450164563814867,26.0,18,2
2024-06-28,670059,4,1,1,1.2681310000000001,4.0,2,0
2024-06-28,670102,6,0,0,2.4415858585858587,6.0,6,1
2024-06-28,670766,19,1,4,5.982190666666667,19.0,14,0
2024-06-28,670950,6,0,0,1.923,6.0,6,0
2024-06-28,672335,5,1,2,2.0752620000000004,5.0,2,1
2024-06-28,672578,4,2,0,1.1120909090909092,4.0,2,1
2024-06-28,673380,9,1,1,2.371381,9.0,7,1
2024-06-28,673513,4,2,0,1.3169696969696967,4.0,2,1
2024-06-28,676092,3,0,0,0.629,3.0,3,0
2024-06-28,676534,5,0,1,1.574131,5.0,4,0
2024-06-28,676664,24,6,1,7.058106484899932,24.0,17,2
2024-06-28,676684,3,2,0,0.172,3.0,1,0
2024-06-28,676714,6,1,0,5.698071960297766,6.0,5,3
2024-06-28,677944,19,7,2,6.052826102564103,19.0,10,2
2024-06-28,679525,21,5,2,9.281520666666667,21.0,13,1
2024-06-28,679885,7,4,0,0.806,7.0,3,0
2024-06-28,680730,22,5,1,7.036578727272728,22.0,16,2
2024-06-28,681190,18,1,1,6.257131,18.0,16,0
2024-06-28,681676,5,2,0,0.444,5.0,3,0
2024-06-28,683627,7,4,0,0.945,7.0,3,0
2024-06-28,686539,8,4,0,0.42600000000000005,7.0,3,0
2024-06-28,687330,4,1,0,1.599192,4.0,2,0
2024-06-28,687911,5,0,0,2.428192,5.0,4,0
2024-06-28,689017,19,7,0,6.455248079877112,19.0,12,3
2024-06-28,689672,21,4,1,6.356092538461539,21.0,16,1
2024-06-28,695243,3,2,0,0.023,3.0,1,0
2024-06-29,458677,6,2,1,1.893131,6.0,3,0
2024-06-29,502085,1,0,0,0.265,1.0,1,0
2024-06-29,518585,1,1,0,0.0,1.0,0,0
2024-06-29,518617,4,1,2,1.4422620000000002,4.0,1,0
2024-06-29,518886,5,0,2,1.9512620000000003,5.0,3,0
2024-06-29,519151,4,1,0,0.812,4.0,3,0
2024-06-29,519293,5,0,1,2.9549515128205135,5.0,4,1
2024-06-29,542888,8,0,0,5.918781467181468,8.0,8,2
2024-06-29,543243,23,6,1,7.206323,23.0,15,0
2024-06-29,543339,6,1,1,1.9169454545454543,5.0,4,1
2024-06-29,547179,24,3,4,12.160741846153847,24.0,15,5
2024-06-29,547973,4,2,1,0.7371310000000001,4.0,1,0
2024-06-29,571882,4,3,0,0.375,4.0,1,0
2024-06-29,572955,3,2,0,0.044,3.0,1,0
2024-06-29,573124,4,0,0,1.3846304347826088,4.0,4,1
2024-06-29,593576,5,2,1,1.453131,5.0,2,0
2024-06-29,595014,4,1,0,0.6779999999999999,4.0,3,0
2024-06-29,595345,4,1,1,2.099577808510638,4.0,2,1
2024-06-29,605121,3,1,0,0.358,3.0,2,0
2024-06-29,605130,3,2,0,0.406,3.0,1,0
2024-06-29,605135,26,8,2,6.236669461538462,24.0,15,1
2024-06-29,605280,5,2,0,1.165,5.0,3,0
2024-06-29,605400,27,9,0,6.29275,27.0,18,0
2024-06-29,605463,5,1,1,1.140131,5.0,3,0
2024-06-29,606303,4,0,3,3.3763545384615385,4.0,1,1
2024-06-29,607192,17,1,2,6.295131565217392,17.0,14,1
2024-06-29,607455,4,2,1,0.782131,4.0,1,0
2024-06-29,608032,4,0,0,0.7030000000000001,3.0,3,0
2024-06-29,608331,27,4,3,9.640107285714286,27.0,20,1
2024-06-29,608334,4,1,1,0.7311310000000001,4.0,2,0
2024-06-29,608371,5,1,0,2.389190476190476,5.0,4,1
2024-06-29,608718,3,1,0,0.22399999999999998,3.0,2,0
2024-06-29,615698,24,8,0,9.41874591705069,24.0,15,3
2024-06-29,621016,5,1,0,1.9281818181818182,5.0,4,0
2024-06-29,621051,3,2,0,0.019,3.0,1,0
2024-06-29,621237,3,1,0,0.243,3.0,2,0
2024-06-29,621381,2,1,0,0.509,2.0,1,0
2024-06-29,621383,5,1,1,1.634131,5.0,3,0
2024-06-29,623149,3,1,0,0.557,3.0,2,0
2024-06-29,623352,3,2,0,0.846138888888889,3.0,1,1
2024-06-29,623433,3,1,0,0.38,3.0,2,0
2024-06-29,623465,4,1,1,0.8421310000000001,4.0,2,0
2024-06-29,628452,5,2,1,0.49,4.0,2,0
2024-06-29,640448,4,2,1,1.4195447931034482,4.0,1,1
2024-06-29,640451,3,1,0,0.68,3.0,2,0
2024-06-29,640462,4,0,1,1.2741310000000001,4.0,3,0
2024-06-29,641154,22,9,1,6.058977153846153,22.0,12,1
2024-06-29,641329,5,1,0,2.341761904761905,5.0,4,1
2024-06-29,641360,7,0,1,2.655131,7.0,6,0
2024-06-29,641482,20,5,1,8.018302645021645,20.0,14,3
2024-06-29,641540,9,1,2,2.0231310000000002,8.0,6,0
2024-06-29,641729,5,1,2,2.310395333333333,5.0,2,1
2024-06-29,642048,3,2,0,0.17,3.0,1,0
2024-06-29,642086,4,0,0,0.5860000000000001,4.0,4,0
2024-06-29,642232,3,0,0,0.983,3.0,3,0
2024-06-29,643377,3,3,0,0.0,3.0,0,0
2024-06-29,647315,2,0,0,0.598,2.0,2,0
2024-06-29,650633,22,6,1,7.630951105820105,22.0,15,1
2024-06-29,650644,25,2,4,9.573907333333334,25.0,19,1
2024-06-29,656222,5,0,1,1.529131,4.0,4,0
2024-06-29,656271,5,0,1,1.4011310000000001,5.0,4,0
2024-06-29,656288,28,4,2,8.788454,28.0,21,1
2024-06-29,656354,4,2,0,0.784192,4.0,1,0
2024-06-29,656464,7,2,0,1.257,7.0,5,0
2024-06-29,656529,3,1,0,0.912,2.0,1,0
2024-06-29,656557,23,4,1,12.191409709485578,23.0,18,3
2024-06-29,656731,25,6,3,7.7801814912280705,25.0,15,1
2024-06-29,656848,3,2,1,0.689131,3.0,0,0
2024-06-29,656945,3,2,0,0.585,3.0,1,0
2024-06-29,657006,24,5,0,4.169,24.0,19,0
2024-06-29,657097,4,0,1,1.6014643333333332,4.0,3,1
2024-06-29,657571,6,2,1,1.035131,6.0,3,0
2024-06-29,657585,3,0,2,2.131262,3.0,1,0
2024-06-29,660600,5,1,1,1.914031,5.0,3,0
2024-06-29,660825,4,2,0,0.54,4.0,2,0
2024-06-29,660853,4,1,1,0.7301310000000001,4.0,2,0
2024-06-29,660896,4,2,0,0.8939999999999999,4.0,2,0
2024-06-29,661527,3,1,0,0.11,3.0,2,0
2024-06-29,663423,6,1,0,3.2590857142857144,6.0,5,1
2024-06-29,663542,3,2,0,0.102,3.0,1,0
2024-06-29,663546,13,1,1,4.614,12.0,11,0
2024-06-29,663623,21,5,3,5.763080960687962,21.0,13,2
2024-06-29,663687,21,3,1,7.825207923076923,21.0,17,1
2024-06-29,663893,4,2,0,0.712,4.0,2,0
2024-06-29,663947,1,0,0,0.037,1.0,1,0
2024-06-29,664285,26,5,3,9.232087444444446,26.0,18,1
2024-06-29,664776,2,1,0,0.144,2.0,1,0
2024-06-29,664849,7,2,0,3.8102142857142853,6.0,5,1
2024-06-29,666142,21,6,1,8.297323,20.0,12,1
2024-06-29,666207,5,1,1,1.7634435,5.0,3,0
2024-06-29,666808,5,3,1,0.9481310000000001,5.0,1,0
2024-06-29,666974,3,1,0,0.52,3.0,2,0
2024-06-29,667463,4,0,0,1.892,4.0,4,0
2024-06-29,668678,19,7,1,3.429131,19.0,11,0
2024-06-29,668964,27,6,2,9.623716295081968,26.0,18,1
2024-06-29,668968,3,2,0,0.01,3.0,1,0
2024-06-29,669062,3,1,0,0.211,3.0,2,0
2024-06-29,669387,3,0,0,1.4243571428571429,3.0,3,1
2024-06-29,670059,3,1,0,1.866090909090909,3.0,2,1
2024-06-29,670955,8,1,0,1.299,8.0,7,0
2024-06-29,670990,6,1,0,1.0190000000000001,6.0,5,0
2024-06-29,671345,5,1,0,1.08,4.0,4,0
2024-06-29,671922,2,1,0,0.931,2.0,1,0
2024-06-29,672335,2,0,0,1.5700909090909092,2.0,2,1
2024-06-29,672578,3,1,0,0.051000000000000004,3.0,2,0
2024-06-29,672582,7,2,1,2.1029999999999998,6.0,4,0
2024-06-29,673513,4,2,0,0.567,4.0,2,0
2024-06-29,674370,18,2,3,4.340454,17.0,12,0
2024-06-29,675921,16,0,2,9.12894420338983,16.0,14,2
2024-06-29,676092,4,1,0,2.455,4.0,3,0
2024-06-29,676254,6,3,0,1.015192,6.0,2,0
2024-06-29,676440,20,3,0,4.4258,20.0,17,0
2024-06-29,676534,3,2,0,0.063,3.0,1,0
2024-06-29,676684,4,1,0,2.83292380952381,4.0,3,2
2024-06-29,677053,4,2,0,0.108,4.0,2,0
2024-06-29,677161,6,2,0,1.4440000000000002,6.0,4,0
2024-06-29,678226,2,1,0,0.141,2.0,1,0
2024-06-29,678495,7,0,1,1.3061310000000002,7.0,6,0
2024-06-29,681432,4,1,0,0.552,4.0,3,0
2024-06-29,681857,26,9,3,6.50748390909091,26.0,14,1
2024-06-29,681911,6,0,1,2.3901310000000002,6.0,5,0
2024-06-29,682243,20,6,1,4.758631,20.0,13,1
2024-06-29,682610,21,4,2,5.149482779220779,21.0,15,0
2024-06-29,683232,5,1,0,0.9,5.0,4,0
2024-06-29,683769,3,3,0,0.0,3.0,0,0
2024-06-29,686563,21,3,1,7.758079863636364,21.0,17,3
2024-06-29,686654,6,1,0,1.389,6.0,5,0
2024-06-29,686730,23,4,1,6.09915480952381,23.0,18,2
2024-06-29,687330,1,1,0,0.0,1.0,0,0
2024-06-29,687863,4,0,0,0.938,4.0,4,0
2024-06-29,689147,3,1,0,0.376,3.0,2,0
2024-06-29,689225,5,0,1,2.9301310000000003,5.0,4,0
2024-06-29,690544,14,2,2,4.374352909090909,14.0,10,1
2024-06-29,690829,3,1,0,0.367,3.0,2,0
2024-06-29,693312,1,0,0,0.9185384615384616,1.0,1,1
2024-06-29,694973,24,9,2,6.747062,24.0,13,1
2024-06-29,700249,21,3,0,5.432084987249545,21.0,17,3
2024-06-29,700669,18,4,2,5.5371081538461535,18.0,12,1
2024-06-30,445276,3,1,0,0.155,3.0,2,0
2024-06-30,455119,4,1,0,0.526,4.0,3,0
2024-06-30,458681,21,6,1,8.000074541324576,21.0,14,4
2024-06-30,493603,3,0,0,0.887,3.0,3,0
2024-06-30,518585,2,0,0,0.7030000000000001,2.0,2,0
2024-06-30,519008,4,0,1,1.733192,3.0,2,0
2024-06-30,519043,3,0,0,0.7032,3.0,3,0
2024-06-30,519151,3,0,0,0.8118,3.0,3,1
2024-06-30,519293,3,0,0,0.493,3.0,3,0
2024-06-30,542881,22,2,1,8.280131,22.0,19,1
2024-06-30,543037,20,6,1,5.526591923076924,20.0,11,1
2024-06-30,543294,19,3,1,6.6508278085106385,19.0,15,2
2024-06-30,543859,6,3,0,1.245,6.0,3,0
2024-06-30,547973,5,0,0,1.87,5.0,5,0
2024-06-30,552640,3,0,1,0.8291310000000001,3.0,2,0
2024-06-30,570632,8,2,0,1.088,8.0,6,0
2024-06-30,571578,26,5,1,10.36956187678366,26.0,20,3
2024-06-30,571656,3,1,0,0.544,3.0,2,0
2024-06-30,571760,28,10,0,7.189966294670846,28.0,17,1
2024-06-30,571946,7,0,1,5.271163277777777,7.0,5,2
2024-06-30,572020,25,4,2,11.627057827361044,25.0,19,4
2024-06-30,573009,3,1,0,0.14700000000000002,3.0,2,0
2024-06-30,573124,3,0,0,0.16299999999999998,3.0,3,0
2024-06-30,573204,3,0,2,1.8962620000000001,3.0,1,0
2024-06-30,592094,3,1,0,0.174,3.0,2,0
2024-06-30,592332,26,7,5,9.788704142857144,26.0,13,1
2024-06-30,592767,8,1,1,1.103131,8.0,6,0
2024-06-30,592773,5,0,0,2.301508771929824,5.0,5,1
2024-06-30,593974,3,0,0,1.3639999999999999,3.0,3,0
2024-06-30,594580,5,2,0,1.617,5.0,3,0
2024-06-30,595345,3,0,0,1.1139999999999999,3.0,3,0
2024-06-30,596001,7,1,1,2.148435347826087,7.0,5,1
2024-06-30,605154,3,1,0,0.175,3.0,2,0
2024-06-30,605177,4,2,0,1.2822142857142858,4.0,2,0
2024-06-30,605288,7,1,0,2.9703243243243245,7.0,6,1
2024-06-30,605347,4,0,0,0.804,4.0,4,0
2024-06-30,605463,8,1,1,1.3960000000000001,7.0,6,0
2024-06-30,607179,4,1,0,2.1921249999999994,4.0,3,1
2024-06-30,607481,3,1,0,0.6849999999999999,3.0,2,0
2024-06-30,607536,28,3,2,9.383099962962962,27.0,23,1
2024-06-30,607625,23,10,1,5.092131,23.0,12,0
2024-06-30,608334,6,1,0,1.4209999999999998,6.0,5,0
2024-06-30,608344,20,2,2,10.428051627705628,20.0,14,3
2024-06-30,608723,3,2,0,0.012,3.0,1,0
2024-06-30,613534,4,0,0,1.4601920000000002,4.0,3,0
2024-06-30,614179,5,2,0,0.827,5.0,3,0
2024-06-30,621016,3,1,0,0.128,3.0,2,0
2024-06-30,621051,4,1,2,0.7091310000000001,3.0,1,0
2024-06-30,621363,1,0,0,0.318,1.0,1,0
2024-06-30,622253,9,1,0,2.243384,9.0,6,0
2024-06-30,622491,21,3,0,6.621133333333333,20.0,18,1
2024-06-30,622554,5,1,1,1.227131,5.0,3,0
2024-06-30,622663,28,3,1,9.459478826086956,28.0,24,2
2024-06-30,623149,3,2,0,0.0,2.0,0,0
2024-06-30,623211,6,3,1,1.617131,6.0,2,0
2024-06-30,623465,5,0,1,2.1344946363636366,5.0,4,0
2024-06-30,624133,26,0,2,10.532976285714286,26.0,23,0
2024-06-30,630023,24,4,1,9.300807472049689,24.0,18,1
2024-06-30,640454,6,2,1,2.8380764545454547,6.0,3,1
2024-06-30,640462,3,2,0,0.55,3.0,1,0
2024-06-30,641755,7,1,1,2.002,6.0,5,0
2024-06-30,642397,3,2,0,0.232,3.0,1,0
2024-06-30,642547,25,8,2,4.846367555555555,25.0,15,1
2024-06-30,643338,4,0,0,2.2432380952380946,4.0,4,1
2024-06-30,643511,2,1,0,0.26,2.0,1,0
2024-06-30,647336,15,6,2,1.364131,12.0,7,0
2024-06-30,650556,6,2,2,3.1975748205128207,6.0,2,1
2024-06-30,650893,3,0,0,0.96221875,3.0,3,1
2024-06-30,656222,7,1,0,2.653,7.0,6,0
2024-06-30,656412,7,3,0,2.173,7.0,4,0
2024-06-30,656546,4,1,0,0.216,4.0,3,0
2024-06-30,656550,10,4,0,2.121,9.0,5,0
2024-06-30,656629,3,2,0,0.02,3.0,1,0
2024-06-30,656671,4,1,1,0.767131,4.0,2,0
2024-06-30,656794,5,0,2,1.935262,4.0,3,0
2024-06-30,656848,7,0,0,0.674,7.0,7,0
2024-06-30,657044,3,2,0,1.1925,3.0,1,1
2024-06-30,657508,3,0,0,1.0583636363636364,3.0,3,0
2024-06-30,657514,3,0,0,1.2469999999999999,3.0,3,0
2024-06-30,657612,4,0,0,0.736,4.0,4,0
2024-06-30,657746,27,10,0,6.684634,27.0,15,1
2024-06-30,658648,7,1,0,2.3225087719298245,7.0,6,1
2024-06-30,661395,3,1,0,0.344,3.0,2,0
2024-06-30,661403,3,0,0,0.9289999999999999,3.0,3,0
2024-06-30,661527,6,2,0,2.039,6.0,4,0
2024-06-30,663362,20,3,1,8.676226246868092,20.0,16,3
2024-06-30,663423,3,1,0,0.34299999999999997,3.0,2,0
2024-06-30,663432,3,1,0,0.297,3.0,2,0
2024-06-30,663485,3,0,0,1.3677021276595742,3.0,3,1
2024-06-30,663554,18,2,2,5.156110484848485,18.0,14,1
2024-06-30,663559,19,5,4,6.014324,19.0,10,1
2024-06-30,663568,3,0,0,0.779,3.0,3,0
2024-06-30,663704,3,0,0,1.024,3.0,3,0
2024-06-30,663878,5,3,0,2.1755,5.0,2,1
2024-06-30,663947,1,1,0,0.0,1.0,0,0
2024-06-30,663989,9,1,1,4.721054076923076,9.0,7,2
2024-06-30,664076,5,3,1,1.409323,5.0,0,0
2024-06-30,664208,3,1,0,0.29300000000000004,3.0,2,0
2024-06-30,664351,3,0,0,0.856875,3.0,3,0
2024-06-30,664747,3,1,0,0.015,3.0,2,0
2024-06-30,664854,3,2,0,0.584,3.0,1,0
2024-06-30,664875,3,0,0,1.282,3.0,3,0
2024-06-30,665622,25,5,3,6.542299037037037,24.0,17,1
2024-06-30,668881,22,6,2,5.541646,22.0,12,0
2024-06-30,668941,4,0,0,0.447,4.0,4,0
2024-06-30,669093,3,0,0,0.6859999999999999,3.0,3,0
2024-06-30,669211,4,2,0,0.448,4.0,2,0
2024-06-30,669212,4,1,0,0.9400000000000001,4.0,3,0
2024-06-30,669387,4,1,0,0.708,4.0,3,0
2024-06-30,669622,7,3,0,1.259,7.0,4,0
2024-06-30,669674,6,3,0,1.6059999999999999,6.0,3,0
2024-06-30,670036,8,1,1,4.423,7.0,6,0
2024-06-30,670102,4,0,0,1.2234666666666665,4.0,4,0
2024-06-30,670174,18,1,0,5.693192,17.0,16,0
2024-06-30,670970,5,2,2,1.4922620000000002,5.0,1,0
2024-06-30,670990,5,1,0,1.022,5.0,4,0
2024-06-30,671106,19,3,0,5.316754098360656,18.0,16,1
2024-06-30,671737,22,11,2,4.435373111111111,22.0,9,0
2024-06-30,676979,26,11,0,6.463516129032258,26.0,15,1
2024-06-30,677053,4,0,2,2.1522620000000003,3.0,2,0
2024-06-30,680767,5,2,1,1.246131,5.0,2,0
2024-06-30,680885,24,7,2,8.375583032258065,24.0,14,2
2024-06-30,681799,6,2,2,2.135262,6.0,2,0
2024-06-30,681806,6,3,1,2.2405496046511626,6.0,2,1
2024-06-30,681869,13,2,3,5.374718,13.0,8,2
2024-06-30,681892,3,0,0,0.469,3.0,3,0
2024-06-30,682120,4,0,2,1.921262,4.0,2,0
2024-06-30,683232,3,1,0,0.366,3.0,2,0
2024-06-30,686580,6,1,0,1.14175,6.0,5,0
2024-06-30,687911,6,1,1,0.9491310000000001,6.0,4,0
2024-06-30,693312,8,3,1,1.5181310000000001,8.0,4,0
2024-06-30,694297,25,8,2,5.999358774193548,24.0,14,1
2024-06-30,694363,1,0,0,0.305,1.0,1,0
2024-06-30,694738,13,3,2,4.825645333333333,13.0,8,1
2024-06-30,702352,19,3,0,6.300183333333333,19.0,16,2
2024-07-01,518617,4,0,0,0.958,4.0,4,0
2024-07-01,571670,5,2,1,1.3891310000000001,5.0,2,0
2024-07-01,571882,4,0,0,1.891,4.0,4,0
2024-07-01,571948,8,1,0,2.068,8.0,7,0
2024-07-01,596295,24,3,0,8.204702127659575,24.0,21,1
2024-07-01,606160,3,0,0,0.107,3.0,3,0
2024-07-01,606303,4,0,2,1.5840857142857148,2.0,2,1
2024-07-01,607179,2,0,0,1.1921904761904765,2.0,2,1
2024-07-01,623352,4,1,0,1.3702622950819672,4.0,3,1
2024-07-01,640448,3,1,0,0.599,3.0,2,0
2024-07-01,640451,6,0,0,5.645743534007433,6.0,5,3
2024-07-01,641755,4,1,1,0.809131,4.0,2,0
2024-07-01,642239,3,0,0,1.2580769230769233,3.0,3,1
2024-07-01,647315,5,2,0,2.0670851063829785,5.0,3,1
2024-07-01,650556,6,1,1,2.465323,6.0,3,0
2024-07-01,656730,5,0,0,1.336,5.0,5,0
2024-07-01,656849,25,2,1,8.576131,25.0,22,0
2024-07-01,657585,2,1,0,0.495,2.0,1,0
2024-07-01,664079,6,2,2,1.881262,6.0,2,0
2024-07-01,664875,4,0,0,1.8980000000000001,4.0,4,0
2024-07-01,665625,5,0,1,2.479588142857143,5.0,4,1
2024-07-01,669022,22,8,1,6.455992111111112,22.0,13,1
2024-07-01,669060,20,3,2,12.197715195240788,20.0,15,5
2024-07-01,670950,4,1,0,0.322,4.0,3,0
2024-07-01,673380,7,1,1,2.994131,7.0,5,0
2024-07-01,676395,3,2,0,0.644,3.0,1,0
2024-07-01,680767,3,1,0,0.139,3.0,2,0
2024-07-01,683627,8,2,1,2.622706,8.0,5,1
2024-07-01,684320,23,6,2,5.722108153846154,23.0,15,1
2024-07-01,686613,23,5,3,6.337269923076923,23.0,15,2
2024-07-02,445926,6,1,0,1.3613333333333333,6.0,5,1
2024-07-02,471911,22,7,1,5.048015920634921,22.0,14,1
2024-07-02,502043,20,8,1,6.604062547619048,20.0,11,2
2024-07-02,518397,2,0,0,0.8699999999999999,2.0,2,0
2024-07-02,518585,3,1,0,1.1414666666666666,3.0,2,1
2024-07-02,518886,5,2,0,1.5023840000000002,5.0,1,0
2024-07-02,519326,3,1,0,0.099,3.0,2,0
2024-07-02,543135,22,6,0,6.003705627705628,22.0,16,1
2024-07-02,543339,4,2,0,0.823,4.0,2,0
2024-07-02,571670,4,2,0,0.794,4.0,2,0
2024-07-02,571948,1,0,0,0.311,1.0,1,0
2024-07-02,572955,7,2,1,2.234131,7.0,4,0
2024-07-02,572971,21,5,2,4.572662,21.0,14,1
2024-07-02,573009,3,0,0,0.4956,3.0,3,0
2024-07-02,592094,3,1,0,0.178,3.0,2,0
2024-07-02,592454,4,2,0,1.0270000000000001,4.0,2,0
2024-07-02,594580,3,0,0,2.253125,3.0,3,1
2024-07-02,595014,5,1,1,1.700394157894737,5.0,3,0
2024-07-02,596133,6,2,0,0.6669999999999999,6.0,4,0
2024-07-02,605130,4,3,0,0.683,4.0,1,0
2024-07-02,605154,3,2,0,0.01,3.0,1,0
2024-07-02,605155,8,3,0,1.8439999999999999,8.0,5,0
2024-07-02,605347,3,0,0,0.633,3.0,3,0
2024-07-02,607259,5,0,0,1.2429999999999999,5.0,5,0
2024-07-02,607481,3,0,0,2.301,3.0,3,0
2024-07-02,608638,8,3,1,3.0661310000000004,8.0,4,1
2024-07-02,608717,6,1,2,1.5872620000000002,6.0,3,0
2024-07-02,608723,3,1,1,0.691131,3.0,1,0
2024-07-02,614179,3,0,0,1.641333333333333,3.0,3,1
2024-07-02,621053,4,1,1,2.0698254444444446,4.0,2,1
2024-07-02,621244,22,1,2,9.760474300751879,22.0,18,2
2024-07-02,621363,4,0,0,1.0230000000000001,4.0,4,0
2024-07-02,621383,3,1,0,0.666,3.0,2,0
2024-07-02,621389,9,1,1,3.1841310000000003,9.0,7,1
2024-07-02,623149,5,2,0,2.281961538461539,5.0,3,1
2024-07-02,623167,26,3,1,9.323735395604396,26.0,22,1
2024-07-02,623433,4,0,0,2.3810000000000002,4.0,4,1
2024-07-02,623465,4,1,0,2.19025,4.0,3,1
2024-07-02,625643,21,6,4,10.85276894949495,21.0,11,4
2024-07-02,628708,3,0,0,0.12200000000000001,3.0,3,0
2024-07-02,640448,3,1,0,0.71,3.0,2,0
2024-07-02,640451,5,0,0,2.1638611111111112,5.0,5,1
2024-07-02,640455,29,5,2,7.876983411764706,29.0,21,1
2024-07-02,641793,18,4,0,5.5818,18.0,14,1
2024-07-02,642239,3,1,0,0.7251920000000001,3.0,1,0
2024-07-02,642397,3,2,0,0.003,3.0,1,0
2024-07-02,642546,7,1,0,1.9489999999999998,7.0,6,0
2024-07-02,642701,5,3,2,1.378262,5.0,0,0
2024-07-02,643338,4,2,0,1.2865087719298245,4.0,2,1
2024-07-02,643377,4,1,0,0.9590000000000001,4.0,3,0
2024-07-02,643511,5,2,0,0.386,5.0,3,0
2024-07-02,656222,4,1,0,0.539,4.0,3,0
2024-07-02,656302,20,5,2,8.538112853548968,19.0,13,3
2024-07-02,656354,8,2,1,1.743131,8.0,5,0
2024-07-02,656464,4,1,0,0.569,3.0,3,0
2024-07-02,656546,3,2,0,0.588,3.0,1,0
2024-07-02,656605,25,5,0,9.066879499999999,25.0,18,1
2024-07-02,656629,3,0,0,1.122,3.0,3,0
2024-07-02,656730,4,2,0,0.895,4.0,2,0
2024-07-02,657508,3,1,0,0.913,3.0,2,0
2024-07-02,657571,5,1,0,2.4826666666666664,5.0,4,1
2024-07-02,660600,4,0,2,1.667262,4.0,2,0
2024-07-02,660853,4,1,1,1.229519888888889,4.0,2,0
2024-07-02,660896,4,1,0,0.8533333333333333,4.0,3,0
2024-07-02,661395,3,1,0,0.29200000000000004,3.0,2,0
2024-07-02,661403,3,0,0,0.353,3.0,3,0
2024-07-02,661527,6,2,0,0.8310454545454546,6.0,4,0
2024-07-02,661563,19,3,3,8.186383800348736,19.0,11,2
2024-07-02,663372,22,3,2,8.236262,22.0,17,1
2024-07-02,663542,7,1,2,2.420262,7.0,4,1
2024-07-02,663568,5,0,0,1.77,5.0,5,0
2024-07-02,663878,7,3,0,1.332,7.0,4,0
2024-07-02,663903,20,4,3,5.647393,20.0,13,0
2024-07-02,664126,3,0,0,1.106,3.0,3,0
2024-07-02,664351,7,3,1,1.480131,7.0,3,0
2024-07-02,664747,3,1,0,0.013,3.0,2,0
2024-07-02,664776,4,0,1,1.612131,4.0,3,0
2024-07-02,664854,3,1,0,0.034,3.0,2,0
2024-07-02,664875,2,1,0,0.720192,2.0,0,0
2024-07-02,665896,10,1,0,2.769192,10.0,8,0
2024-07-02,666808,3,2,0,0.19,3.0,1,0
2024-07-02,666974,2,1,0,0.064,2.0,1,0
2024-07-02,667463,3,1,0,0.41800000000000004,3.0,2,0
2024-07-02,667755,17,4,1,5.8837530000000005,17.0,11,2
2024-07-02,668674,4,1,0,0.9359999999999999,4.0,3,0
2024-07-02,668933,23,3,2,7.006900888888889,23.0,18,1
2024-07-02,668941,3,0,0,1.5159473684210527,3.0,3,1
2024-07-02,668968,5,0,1,1.095131,5.0,4,0
2024-07-02,669194,22,3,1,5.422131,22.0,18,0
2024-07-02,669276,4,0,0,0.541,3.0,4,0
2024-07-02,669373,23,7,1,6.890201134424313,23.0,15,2
2024-07-02,669713,23,7,3,7.687839808510638,23.0,13,2
2024-07-02,669923,26,5,1,5.4681310000000005,26.0,20,0
2024-07-02,670167,5,2,0,1.0230000000000001,5.0,3,0
2024-07-02,670950,4,0,0,0.827,4.0,4,0
2024-07-02,671922,4,0,0,1.565,4.0,4,0
2024-07-02,672335,3,0,0,0.29800000000000004,3.0,3,0
2024-07-02,672578,6,1,1,2.287131,6.0,4,0
2024-07-02,673380,3,1,0,0.78,3.0,2,0
2024-07-02,675650,19,4,2,3.927904857142857,19.0,13,0
2024-07-02,676092,4,0,0,0.442,4.0,4,0
2024-07-02,676130,7,1,1,1.604131,7.0,5,0
2024-07-02,676254,3,0,0,1.431,3.0,3,0
2024-07-02,676272,22,4,3,6.534303769230769,21.0,14,2
2024-07-02,676395,7,1,0,2.9000909090909093,7.0,6,1
2024-07-02,676596,4,0,0,0.823,4.0,4,0
2024-07-02,676684,4,0,2,1.6542620000000001,4.0,2,0
2024-07-02,676710,21,7,0,5.151644781144781,21.0,14,2
2024-07-02,677161,6,1,0,2.9459999999999997,6.0,5,1
2024-07-02,678368,23,8,1,7.186123424242425,23.0,14,2
2024-07-02,678495,3,0,0,0.8011923076923078,3.0,3,1
2024-07-02,679885,6,1,1,3.120131,6.0,4,1
2024-07-02,680570,24,8,4,6.642661931034483,24.0,12,1
2024-07-02,680573,23,4,2,7.146899295081967,23.0,17,2
2024-07-02,681293,21,5,4,7.787769897232505,21.0,12,3
2024-07-02,681676,4,0,0,1.35,4.0,4,0
2024-07-02,681799,4,1,0,0.45099999999999996,4.0,3,0
2024-07-02,681911,6,1,0,1.881,5.0,5,0
2024-07-02,682847,9,4,0,2.332,9.0,5,0
2024-07-02,683232,6,0,2,1.850262,6.0,4,0
2024-07-02,683769,3,1,0,1.1019999999999999,3.0,2,0
2024-07-02,686539,11,0,0,4.235861111111111,11.0,11,1
2024-07-02,687330,4,1,0,2.0990857142857147,4.0,3,1
2024-07-02,687765,23,5,1,4.828131,23.0,17,0
2024-07-02,687792,22,10,0,4.122928571428572,22.0,12,1
2024-07-02,689147,3,1,0,1.4389615384615388,3.0,2,1
2024-07-02,689225,8,1,2,4.335881047619048,7.0,4,1
2024-07-02,690544,7,1,0,2.059,7.0,6,0
2024-07-02,695243,6,2,1,1.9183810000000001,6.0,3,0
2024-07-02,806185,20,5,2,8.367741797979798,19.0,13,4
2024-07-03,455119,4,1,0,1.751,4.0,3,0
2024-07-03,458677,1,1,0,0.0,1.0,0,0
2024-07-03,489446,3,3,0,0.0,3.0,0,0
2024-07-03,493603,3,1,0,0.031,3.0,2,0
2024-07-03,518585,4,0,2,2.348262,4.0,2,0
2024-07-03,518617,4,1,1,2.0821310000000004,4.0,2,1
2024-07-03,518886,3,2,0,0.005,3.0,1,0
2024-07-03,519043,4,0,1,1.349131,4.0,3,0
2024-07-03,519242,23,9,2,4.486400888888889,23.0,12,1
2024-07-03,542888,6,0,2,2.621262,6.0,4,0
2024-07-03,543859,6,1,1,1.9251310000000001,6.0,4,0
2024-07-03,547973,8,3,1,1.100131,8.0,4,0
2024-07-03,552640,5,2,1,1.654131,5.0,2,0
2024-07-03,554430,26,7,2,6.625454,26.0,16,0
2024-07-03,571945,22,4,0,8.409729797979798,22.0,18,2
2024-07-03,573009,4,1,0,0.312,4.0,3,0
2024-07-03,573204,3,1,0,0.885,3.0,2,0
2024-07-03,579328,24,5,2,8.705219512053164,24.0,17,3
2024-07-03,592351,21,2,2,7.92174306060606,21.0,17,1
2024-07-03,592426,4,1,0,0.675,4.0,3,0
2024-07-03,592454,3,1,0,0.077,3.0,2,0
2024-07-03,596001,9,2,1,4.204637142506143,9.0,6,2
2024-07-03,600917,6,2,0,1.7082829090909093,6.0,3,1
2024-07-03,600986,4,0,1,1.009131,4.0,3,0
2024-07-03,605121,3,1,0,1.5821190476190479,3.0,2,1
2024-07-03,605280,3,3,0,0.0,3.0,0,0
2024-07-03,605463,1,0,0,0.766,1.0,1,0
2024-07-03,606149,4,1,1,2.012631,4.0,2,0
2024-07-03,606160,3,1,0,0.6,3.0,2,0
2024-07-03,606930,3,0,0,1.217,3.0,3,0
2024-07-03,607067,25,4,0,7.124666666666667,25.0,21,1
2024-07-03,607074,21,8,2,5.133281230769231,21.0,11,1
2024-07-03,607200,24,3,3,8.439143,24.0,18,0
2024-07-03,607455,3,1,1,0.368,2.0,1,0
2024-07-03,608334,8,3,0,1.177,8.0,5,0
2024-07-03,608371,4,0,1,1.566131,4.0,3,0
2024-07-03,608379,24,8,3,7.144824818181818,24.0,13,1
2024-07-03,608717,4,0,1,2.510022608391608,4.0,3,1
2024-07-03,621016,4,0,1,2.024384,3.0,1,0
2024-07-03,621051,4,0,0,1.133,4.0,4,0
2024-07-03,621237,4,1,0,1.534,4.0,3,0
2024-07-03,621345,3,1,0,0.712,3.0,2,0
2024-07-03,621381,4,2,0,1.754,4.0,2,0
2024-07-03,621383,4,1,0,0.5053333333333333,4.0,3,0
2024-07-03,622251,3,1,0,0.334,3.0,2,0
2024-07-03,623211,12,3,0,2.167119047619048,12.0,9,1
2024-07-03,628452,4,1,0,0.6399999999999999,4.0,3,0
2024-07-03,640448,3,0,0,1.4347692307692308,3.0,3,0
2024-07-03,640451,1,1,0,0.0,1.0,0,0
2024-07-03,641540,10,3,0,1.9656415094339625,10.0,7,1
2024-07-03,641712,23,4,3,10.003193,23.0,16,2
2024-07-03,641729,3,1,0,0.35400000000000004,3.0,2,0
2024-07-03,642048,5,1,0,0.077,4.0,3,0
2024-07-03,642232,11,3,1,3.2078110000000004,10.0,7,1
2024-07-03,647315,5,0,0,2.523,5.0,5,0
2024-07-03,650556,3,1,0,1.6180166666666675,3.0,2,1
2024-07-03,656412,7,1,2,2.7862620000000002,7.0,4,0
2024-07-03,656464,4,1,0,1.6705,4.0,3,0
2024-07-03,656529,5,2,1,1.8160440434782608,5.0,2,1
2024-07-03,656641,3,0,0,1.718,3.0,3,0
2024-07-03,656848,11,1,1,4.975797666666667,11.0,9,1
2024-07-03,657097,5,1,0,1.262,5.0,4,0
2024-07-03,657514,1,0,0,0.079,1.0,1,0
2024-07-03,658648,9,2,2,3.054262,9.0,5,0
2024-07-03,663158,4,2,0,0.434,4.0,2,0
2024-07-03,663423,3,0,0,0.933,3.0,3,0
2024-07-03,663546,7,4,0,0.96,7.0,3,0
2024-07-03,663567,15,2,0,2.9080000000000004,15.0,13,0
2024-07-03,663704,6,1,0,2.3673745644599307,6.0,5,1
2024-07-03,663855,24,6,2,8.943716545454546,24.0,16,2
2024-07-03,663893,2,0,0,0.992,2.0,2,0
2024-07-03,663947,5,0,0,1.826457142857143,5.0,5,1
2024-07-03,664208,3,2,0,0.266,3.0,1,0
2024-07-03,664747,3,0,1,0.8711310000000001,3.0,2,0
2024-07-03,665152,19,8,2,5.069460198198198,19.0,9,1
2024-07-03,668338,6,1,0,1.9420000000000002,6.0,5,0
2024-07-03,668909,21,2,2,7.697444274247491,21.0,17,1
2024-07-03,668941,2,0,0,1.661,2.0,2,0
2024-07-03,669093,3,2,0,0.799,3.0,1,0
2024-07-03,669211,3,1,0,1.7109629629629626,3.0,2,1
2024-07-03,669212,7,2,0,1.849,7.0,5,0
2024-07-03,669302,25,6,3,7.975753248447205,25.0,16,2
2024-07-03,669387,3,2,0,0.323,3.0,1,0
2024-07-03,669432,17,6,3,4.469393,17.0,8,0
2024-07-03,669461,6,0,0,2.388666666666667,6.0,6,1
2024-07-03,669622,3,0,0,0.338,3.0,3,0
2024-07-03,669711,4,1,0,0.513,4.0,3,0
2024-07-03,669721,25,3,1,8.76797447826087,24.0,20,2
2024-07-03,669854,22,4,2,8.115881047619048,22.0,16,1
2024-07-03,670059,6,1,0,2.962225806451613,6.0,5,1
2024-07-03,670102,11,2,2,3.965262,11.0,7,0
2024-07-03,670167,4,1,1,1.5181310000000001,4.0,2,0
2024-07-03,670955,8,2,0,2.104,8.0,6,0
2024-07-03,670970,5,1,0,0.311,5.0,4,0
2024-07-03,670990,6,0,1,3.9294643333333337,6.0,5,2
2024-07-03,671096,26,2,4,7.915620774193549,26.0,20,1
2024-07-03,672335,4,1,0,1.421,4.0,3,0
2024-07-03,672456,27,4,1,11.054318707381661,27.0,20,2
2024-07-03,672582,1,1,0,0.0,1.0,0,0
2024-07-03,673513,6,4,1,0.9469130434782608,5.0,1,1
2024-07-03,676092,3,1,0,0.4362499999999999,3.0,2,0
2024-07-03,676395,3,1,1,0.8291310000000001,3.0,1,0
2024-07-03,676534,4,0,2,1.868262,4.0,2,0
2024-07-03,677053,2,1,0,0.427,2.0,1,0
2024-07-03,678394,27,7,1,6.361811,27.0,19,1
2024-07-03,680730,23,5,0,8.518619496855345,23.0,18,4
2024-07-03,681035,24,2,2,9.301475636363637,24.0,20,1
2024-07-03,681432,3,1,0,0.813,3.0,2,0
2024-07-03,681892,8,2,0,2.872606060606061,8.0,6,1
2024-07-03,682120,3,0,1,1.2405976666666665,3.0,2,0
2024-07-03,683003,20,5,2,4.961484222222222,20.0,13,1
2024-07-03,683155,30,4,1,8.43936288405797,30.0,25,0
2024-07-03,684007,25,8,1,8.445756931445604,25.0,16,2
2024-07-03,686654,4,1,0,2.0441666666666665,4.0,3,1
2024-07-03,686752,18,0,3,8.726447511278195,18.0,15,2
2024-07-03,686826,9,1,2,3.7735262045454547,9.0,6,2
2024-07-03,687424,8,1,2,4.275262,8.0,5,0
2024-07-03,687863,3,1,0,0.199,3.0,2,0
2024-07-03,687911,3,1,0,0.067,3.0,2,0
2024-07-03,689147,4,2,0,0.24,4.0,2,0
2024-07-03,691441,15,2,3,6.939170777777778,15.0,10,2
2024-07-03,693312,4,1,1,1.692131,4.0,2,0
2024-07-03,694813,19,3,3,7.492568,19.0,13,1
2024-07-03,701581,24,6,0,9.418280607966457,24.0,18,3
2024-07-03,800049,19,4,0,5.5805384615384614,19.0,15,1
2024-07-04,445276,5,1,1,1.9933333333333334,4.0,3,1
2024-07-04,450203,24,5,2,8.20433012605042,23.0,15,2
2024-07-04,453286,25,3,1,7.798991215053763,24.0,20,1
2024-07-04,458677,4,0,0,1.1844999999999999,4.0,4,0
2024-07-04,500779,28,1,3,9.834235,27.0,23,0
2024-07-04,519043,5,0,2,1.4502620000000002,4.0,3,0
2024-07-04,519151,3,1,0,0.263,3.0,2,0
2024-07-04,519293,7,0,1,5.331039653846154,7.0,6,2
2024-07-04,519326,5,1,1,3.387631,5.0,3,1
2024-07-04,527048,26,2,1,6.977131,26.0,23,1
2024-07-04,542882,6,1,1,1.222,5.0,4,0
2024-07-04,552640,5,3,1,1.6838941578947373,5.0,1,1
2024-07-04,570632,11,1,0,2.512,9.0,10,0
2024-07-04,571882,3,2,0,0.316,3.0,1,0
2024-07-04,571946,5,1,0,2.7017007719298247,5.0,3,1
2024-07-04,573186,23,6,2,7.298298244330094,23.0,14,2
2024-07-04,592094,6,0,0,2.455,5.0,5,0
2024-07-04,592767,5,2,1,1.324131,5.0,2,0
2024-07-04,592773,3,2,0,0.589,3.0,1,0
2024-07-04,592791,25,7,0,6.76659375,25.0,18,1
2024-07-04,593423,22,4,3,9.353107178483196,22.0,15,4
2024-07-04,593576,4,2,0,1.5184310344827587,4.0,2,1
2024-07-04,594580,3,2,0,0.469,3.0,1,0
2024-07-04,594902,25,6,1,7.66832861904762,25.0,18,1
2024-07-04,598286,13,1,2,5.228845285714286,12.0,10,1
2024-07-04,600986,3,3,0,0.0,3.0,0,0
2024-07-04,601713,23,10,2,5.457152909090909,23.0,11,2
2024-07-04,605121,7,1,1,2.6997809999999998,7.0,5,0
2024-07-04,605130,3,2,0,0.297,3.0,1,0
2024-07-04,605135,27,3,4,10.586420777777779,26.0,20,1
2024-07-04,605288,4,2,0,1.3533833333333332,4.0,2,1
2024-07-04,605463,3,2,1,0.689131,3.0,0,0
2024-07-04,606303,3,1,0,0.6060000000000001,3.0,2,0
2024-07-04,607259,8,0,0,3.643,8.0,8,1
2024-07-04,607455,9,1,1,2.714,8.0,7,0
2024-07-04,607481,3,1,0,1.1131920000000002,3.0,1,0
2024-07-04,608723,1,1,0,0.0,1.0,0,0
2024-07-04,613534,4,2,0,0.362,4.0,2,0
2024-07-04,615698,22,2,4,9.06579323076923,22.0,16,0
2024-07-04,621051,4,3,0,0.720192,4.0,0,0
2024-07-04,621053,3,2,0,0.278,3.0,1,0
2024-07-04,621107,24,3,1,7.295356806451613,24.0,20,1
2024-07-04,622554,7,5,0,2.36225,7.0,2,1
2024-07-04,623352,3,0,0,1.517,3.0,3,0
2024-07-04,623433,4,2,0,1.149,4.0,2,0
2024-07-04,628317,23,3,3,8.232374459330144,23.0,17,2
2024-07-04,628708,5,1,1,1.748131,5.0,3,0
2024-07-04,640462,5,2,0,0.143,5.0,3,0
2024-07-04,641329,5,2,2,2.3062620000000003,5.0,1,1
2024-07-04,641755,7,2,1,2.3657024285714288,7.0,4,0
2024-07-04,641771,22,1,4,8.621370153846154,22.0,16,1
2024-07-04,641927,26,8,0,7.166182795698925,26.0,18,1
2024-07-04,642239,3,1,0,0.7,3.0,1,0
2024-07-04,642397,6,1,0,1.8451920000000002,6.0,4,0
2024-07-04,642701,5,1,0,1.958,5.0,4,0
2024-07-04,643338,4,0,1,2.022323,4.0,2,0
2024-07-04,643511,3,1,0,0.09,3.0,2,0
2024-07-04,650633,21,5,2,5.473299037037037,21.0,14,1
2024-07-04,650893,5,2,0,0.9881920000000001,5.0,2,0
2024-07-04,650911,22,3,3,9.367817242424243,22.0,16,2
2024-07-04,656222,4,1,0,0.41900000000000004,4.0,3,0
2024-07-04,656550,10,4,1,1.713131,10.0,5,0
2024-07-04,656945,3,3,0,0.0,3.0,0,0
2024-07-04,657044,3,0,0,0.76,3.0,3,0
2024-07-04,657277,27,6,1,7.335847666666666,26.0,19,1
2024-07-04,657514,3,0,0,1.4940000000000002,3.0,3,0
2024-07-04,657571,4,2,0,0.937,4.0,2,0
2024-07-04,657612,7,0,0,2.731,7.0,7,0
2024-07-04,662253,4,0,1,2.138131,4.0,3,0
2024-07-04,663158,4,1,1,0.8441310000000001,4.0,2,0
2024-07-04,663423,4,2,0,2.866705882352941,4.0,2,1
2024-07-04,663485,4,3,0,0.292,4.0,1,0
2024-07-04,663623,26,8,1,6.059435347826087,26.0,17,1
2024-07-04,664076,3,0,0,1.4725253333333335,3.0,2,1
2024-07-04,664126,4,1,0,2.034406779661017,4.0,3,1
2024-07-04,664285,25,4,2,10.049993707317073,25.0,19,1
2024-07-04,664776,6,2,1,1.200131,6.0,3,0
2024-07-04,665896,7,3,2,3.9186757931034486,7.0,2,1
2024-07-04,666214,13,1,3,5.955193,13.0,9,1
2024-07-04,666808,4,2,0,0.44899999999999995,4.0,2,0
2024-07-04,667463,8,0,0,3.073741935483871,7.0,7,1
2024-07-04,667725,21,3,3,7.146589078431372,21.0,15,1
2024-07-04,668674,4,1,0,0.675,4.0,3,0
2024-07-04,668678,19,4,3,6.901393,19.0,12,0
2024-07-04,668964,26,5,1,9.431921086206897,25.0,20,3
2024-07-04,668968,4,0,1,0.821131,4.0,3,0
2024-07-04,669093,6,0,0,1.406,6.0,6,0
2024-07-04,669203,22,6,1,6.573260032258064,22.0,15,1
2024-07-04,669211,6,3,0,2.1485320910973087,6.0,3,2
2024-07-04,669467,24,5,1,7.504623307692308,23.0,17,2
2024-07-04,669622,4,2,0,0.631,4.0,2,0
2024-07-04,669674,6,0,1,1.597131,5.0,4,0
2024-07-04,669711,5,0,0,1.133,5.0,5,0
2024-07-04,670059,5,3,0,0.357,5.0,2,0
2024-07-04,670950,6,4,0,1.5457307692307691,6.0,2,1
2024-07-04,670970,4,1,0,0.5,4.0,3,0
2024-07-04,672578,8,1,3,2.990393,8.0,4,0
2024-07-04,672582,8,2,0,2.0789999999999997,8.0,6,0
2024-07-04,672710,14,1,3,6.925345380952381,14.0,10,2
2024-07-04,674370,5,0,1,2.507323,5.0,3,0
2024-07-04,676534,7,1,1,1.950192,6.0,4,0
2024-07-04,676664,20,6,1,5.490515,20.0,11,0
2024-07-04,677053,4,2,1,0.039,3.0,1,0
2024-07-04,677161,8,3,1,2.468857142857143,7.0,4,1
2024-07-04,679525,17,1,3,9.738717842767297,17.0,13,3
2024-07-04,679885,11,5,0,1.744,11.0,6,0
2024-07-04,680704,4,2,0,2.1636428571428574,4.0,2,1
2024-07-04,681911,4,1,1,1.8768627073170736,4.0,2,1
2024-07-04,682243,25,6,1,8.088999035190616,24.0,17,2
2024-07-04,683627,6,0,1,2.545631,6.0,5,1
2024-07-04,683769,4,2,0,0.39599999999999996,4.0,2,0
2024-07-04,686580,4,1,2,1.443262,4.0,1,0
2024-07-04,687330,3,0,0,0.968,3.0,3,0
2024-07-04,689017,18,6,1,8.616853093498705,18.0,11,4
2024-07-04,693312,3,0,1,0.799131,3.0,2,0
2024-07-04,694363,10,2,0,2.7125,10.0,8,0
2024-07-05,445276,4,0,0,1.027,4.0,4,1
2024-07-05,445926,10,3,0,3.1482222222222225,10.0,7,1
2024-07-05,472610,3,0,0,1.105,3.0,3,1
2024-07-05,489446,3,2,0,0.45,3.0,1,0
2024-07-05,502085,6,2,0,1.2690000000000001,6.0,4,0
2024-07-05,518397,6,1,1,1.3261333333333332,5.0,4,1
2024-07-05,518617,3,0,1,2.8907725094339627,3.0,2,1
2024-07-05,518886,3,2,0,0.277,3.0,1,0
2024-07-05,519008,4,0,0,0.8109999999999999,4.0,4,0
2024-07-05,519326,3,1,0,0.595,3.0,2,0
2024-07-05,528748,7,0,0,2.044,7.0,7,0
2024-07-05,542888,5,1,1,2.5643128181818184,5.0,3,0
2024-07-05,543243,23,6,1,8.130788142857142,22.0,15,2
2024-07-05,543339,3,1,0,0.295,3.0,2,0
2024-07-05,544150,23,6,1,6.6887731052631585,23.0,16,2
2024-07-05,547179,20,4,5,5.675587203389831,20.0,11,1
2024-07-05,571578,22,3,2,5.650262000000001,22.0,17,0
2024-07-05,571656,5,3,1,1.279131,5.0,1,0
2024-07-05,571670,7,1,0,1.4476499999999999,6.0,6,0
2024-07-05,571882,4,0,1,2.386131,4.0,3,0
2024-07-05,571948,3,1,0,1.142,3.0,2,0
2024-07-05,573124,4,2,0,1.002,4.0,2,0
2024-07-05,592155,8,1,1,2.330131,8.0,6,0
2024-07-05,592332,27,10,2,7.822865174603175,27.0,15,1
2024-07-05,592454,6,1,1,2.194262295081967,5.0,4,1
2024-07-05,592773,3,1,0,0.493,3.0,2,0
2024-07-05,593974,4,1,0,1.2323333333333335,4.0,3,1
2024-07-05,595014,3,0,0,0.7053846153846154,3.0,3,0
2024-07-05,596133,8,3,0,0.7230000000000001,8.0,5,0
2024-07-05,600917,5,2,1,1.0361310000000001,5.0,2,0
2024-07-05,605154,5,1,1,3.3103532222222225,5.0,3,1
2024-07-05,605177,3,1,0,0.583,3.0,2,0
2024-07-05,605280,5,0,0,1.940383333333333,5.0,5,1
2024-07-05,605400,23,8,0,6.2886299999999995,23.0,15,2
2024-07-05,606160,3,1,0,0.08600000000000001,3.0,2,0
2024-07-05,606303,3,1,0,0.40499999999999997,3.0,2,0
2024-07-05,607192,24,7,2,5.410254982456141,24.0,15,1
2024-07-05,607536,28,5,1,9.430264333333334,28.0,22,3
2024-07-05,608331,31,4,1,13.256859231884059,31.0,25,3
2024-07-05,608334,3,0,0,1.077,3.0,3,0
2024-07-05,608638,4,1,0,0.841,4.0,3,0
2024-07-05,608718,12,4,1,3.8697463846153846,12.0,7,1
2024-07-05,608723,1,1,0,0.0,1.0,0,0
2024-07-05,613534,3,0,0,1.0663939393939392,3.0,3,1
2024-07-05,620443,1,0,0,0.245,1.0,1,0
2024-07-05,621053,4,0,0,2.5329190476190475,4.0,4,1
2024-07-05,621237,6,0,1,3.9572161063829783,6.0,5,1
2024-07-05,621383,3,1,0,0.35900000000000004,3.0,2,0
2024-07-05,622491,23,8,2,4.712480032786885,23.0,13,1
2024-07-05,622663,28,3,2,13.07562202503766,28.0,22,4
2024-07-05,623149,3,0,1,3.0487058792270534,3.0,2,2
2024-07-05,623352,2,1,0,0.315,2.0,1,0
2024-07-05,623465,3,3,0,0.0,3.0,0,0
2024-07-05,640448,5,0,0,2.182660377358491,5.0,5,1
2024-07-05,640451,7,0,0,2.048,7.0,7,0
2024-07-05,641154,24,6,2,7.923262,24.0,16,0
2024-07-05,641482,22,8,1,7.346030567099568,22.0,13,2
2024-07-05,641726,7,3,1,1.634131,7.0,3,0
2024-07-05,643511,5,0,0,1.3719999999999999,5.0,5,0
2024-07-05,647315,6,1,3,2.200393,6.0,2,0
2024-07-05,650556,6,2,1,1.405131,6.0,3,0
2024-07-05,650644,23,8,3,6.469803973084886,23.0,12,3
2024-07-05,650893,1,1,0,0.0,1.0,0,0
2024-07-05,656222,5,1,0,0.736,5.0,4,0
2024-07-05,656288,21,4,2,8.050964127659574,21.0,15,2
2024-07-05,656529,3,2,0,0.073,3.0,1,0
2024-07-05,656546,3,1,0,0.4263333333333333,3.0,2,0
2024-07-05,656557,16,1,4,5.887524,16.0,11,0
2024-07-05,656629,7,1,1,1.8341310000000002,7.0,5,0
2024-07-05,656641,4,0,2,1.477262,4.0,2,0
2024-07-05,657006,32,7,2,7.426262,32.0,23,0
2024-07-05,657097,3,2,0,0.141,3.0,1,0
2024-07-05,660853,5,1,1,1.679131,5.0,3,0
2024-07-05,660896,6,1,2,1.7912620000000001,6.0,3,0
2024-07-05,661527,5,1,0,1.1602222222222225,4.0,4,1
2024-07-05,662253,3,0,0,0.535,3.0,3,0
2024-07-05,663158,5,0,0,4.168033082706767,5.0,5,2
2024-07-05,663542,7,0,1,4.170680142857143,7.0,5,1
2024-07-05,663568,1,1,0,0.0,1.0,0,0
2024-07-05,663687,22,4,3,7.8180345094339625,22.0,15,1
2024-07-05,663773,14,4,1,4.985131,14.0,9,1
2024-07-05,663878,4,1,0,1.9778,4.0,3,1
2024-07-05,664208,4,0,0,2.0640711206896554,4.0,4,1
2024-07-05,664351,11,2,1,4.712207923076923,11.0,8,1
2024-07-05,664854,8,0,1,1.923,7.0,7,0
2024-07-05,665625,5,0,2,2.342262,4.0,2,0
2024-07-05,666142,28,8,3,8.459300142857144,28.0,17,1
2024-07-05,666808,4,1,1,1.0601310000000002,4.0,2,0
2024-07-05,666974,4,1,0,0.351,4.0,3,0
2024-07-05,668941,3,1,0,0.458,3.0,2,0
2024-07-05,668968,5,1,0,1.561,5.0,4,0
2024-07-05,669062,4,0,1,1.6321310000000002,4.0,3,0
2024-07-05,669276,4,1,0,1.411,4.0,3,0
2024-07-05,669358,25,6,1,6.192338792207792,25.0,18,0
2024-07-05,669461,4,0,0,2.4485714285714284,4.0,4,0
2024-07-05,670167,5,1,1,1.9331310000000002,5.0,3,0
2024-07-05,671345,7,1,0,2.3400000000000003,7.0,6,0
2024-07-05,671922,4,3,0,0.163,4.0,1,0
2024-07-05,676254,6,2,1,0.857131,6.0,3,0
2024-07-05,676395,4,0,0,0.42200000000000004,4.0,4,0
2024-07-05,676440,23,6,2,8.201297460992908,23.0,15,1
2024-07-05,676684,4,1,0,1.268,4.0,3,0
2024-07-05,677944,23,2,1,6.749345285714286,22.0,19,0
2024-07-05,678495,4,0,1,2.9522500476190476,4.0,3,1
2024-07-05,679156,2,1,0,0.085,2.0,1,0
2024-07-05,680704,3,0,1,0.9561310000000001,2.0,2,0
2024-07-05,680739,14,2,0,5.652309373134329,14.0,10,1
2024-07-05,680767,4,1,0,0.843,4.0,3,0
2024-07-05,681190,25,6,1,7.245049032786886,25.0,18,1
2024-07-05,681676,3,0,1,0.8331310000000001,3.0,2,0
2024-07-05,681857,21,8,2,5.961778129032258,20.0,10,1
2024-07-05,681869,15,2,1,7.128323000000001,15.0,11,1
2024-07-05,681892,7,0,1,4.058367444444444,7.0,5,1
2024-07-05,682120,4,3,1,0.689131,4.0,0,0
2024-07-05,682175,7,0,1,5.107995864864864,7.0,6,1
2024-07-05,682610,20,2,4,7.287370153846154,20.0,14,1
2024-07-05,686539,3,1,1,0.910131,3.0,1,0
2024-07-05,686580,3,1,0,0.473,3.0,2,0
2024-07-05,686654,11,1,2,6.889760459383755,11.0,8,3
2024-07-05,686730,24,3,2,10.177487937183384,24.0,19,4
2024-07-05,687911,6,0,1,2.1271310000000003,6.0,5,0
2024-07-05,688297,7,1,1,2.560131,7.0,5,0
2024-07-05,689147,4,2,0,1.119,4.0,2,0
2024-07-05,689672,24,5,2,4.765162,24.0,17,1
2024-07-05,690544,10,3,0,1.7429999999999999,10.0,7,0
2024-07-05,694973,27,8,2,8.088902275862068,27.0,16,1
2024-07-05,702352,13,2,1,4.860897666666667,13.0,10,1
2024-07-06,458677,4,2,0,0.46399999999999997,4.0,2,0
2024-07-06,458681,22,2,4,12.869173641986322,22.0,15,3
2024-07-06,489446,3,0,0,0.087,3.0,3,0
2024-07-06,502085,3,0,0,0.513,3.0,3,0
2024-07-06,502624,15,3,0,6.429962811968236,15.0,12,3
2024-07-06,518585,4,0,1,3.864518154326494,4.0,3,2
2024-07-06,519008,7,2,0,3.441777777777778,7.0,5,2
2024-07-06,528748,2,1,0,0.032,2.0,1,0
2024-07-06,542881,27,10,0,4.53,27.0,17,0
2024-07-06,543037,22,8,2,7.424185076923077,22.0,12,1
2024-07-06,543294,12,1,2,5.643454,11.0,7,0
2024-07-06,543339,4,1,1,1.266242111111111,4.0,2,0
2024-07-06,543510,5,0,0,1.5150967741935484,5.0,5,1
2024-07-06,571760,21,7,2,4.451454,21.0,11,0
2024-07-06,571946,7,3,0,0.8704999999999999,7.0,4,0
2024-07-06,572020,21,3,2,7.489525157894738,21.0,16,2
2024-07-06,573009,6,0,0,2.491,6.0,6,0
2024-07-06,573124,3,0,1,1.1971310000000002,3.0,2,0
2024-07-06,573204,3,2,0,0.898,3.0,1,0
2024-07-06,592426,4,1,0,1.7228611111111112,4.0,3,1
2024-07-06,592767,8,1,1,3.819131,7.0,5,1
2024-07-06,593974,3,0,1,1.1351310000000001,3.0,2,0
2024-07-06,594580,3,0,1,1.003131,3.0,2,0
2024-07-06,595014,3,1,0,0.62,3.0,2,0
2024-07-06,596295,27,3,0,6.916783333333333,27.0,24,1
2024-07-06,600986,4,1,2,1.705262,4.0,1,0
2024-07-06,605121,3,0,0,0.214,3.0,3,0
2024-07-06,605130,5,1,2,2.313262,5.0,2,0
2024-07-06,605155,8,0,2,3.987454,8.0,5,0
2024-07-06,605177,1,1,0,0.0,1.0,0,0
2024-07-06,605347,6,0,1,2.3051310000000003,6.0,5,0
2024-07-06,606149,13,1,1,4.2872976666666665,13.0,11,0
2024-07-06,606160,5,0,1,2.8815838301886796,5.0,4,1
2024-07-06,606930,9,1,1,2.411131,9.0,7,0
2024-07-06,607179,12,1,1,5.677074722943724,12.0,10,1
2024-07-06,607625,25,5,2,9.284967831903945,25.0,18,2
2024-07-06,608344,21,4,3,11.176168504730564,21.0,13,3
2024-07-06,608371,3,0,1,1.7011764545454546,3.0,2,0
2024-07-06,608717,5,0,1,2.7681310000000003,5.0,4,0
2024-07-06,614179,3,0,0,0.234,3.0,3,0
2024-07-06,621242,3,1,0,0.802192,3.0,1,0
2024-07-06,621345,3,1,0,0.414,3.0,2,0
2024-07-06,622250,5,1,0,1.404,5.0,4,0
2024-07-06,622253,12,1,0,4.52659375,12.0,11,1
2024-07-06,622554,4,3,0,0.157,4.0,1,0
2024-07-06,623211,7,5,1,0.936131,7.0,1,0
2024-07-06,623465,4,1,0,1.6281935483870968,4.0,3,1
2024-07-06,624133,24,7,2,9.485638476190475,23.0,14,2
2024-07-06,628452,3,2,0,0.102,3.0,1,0
2024-07-06,630023,21,5,1,6.150216714285715,21.0,15,1
2024-07-06,640462,3,2,0,0.048,3.0,1,0
2024-07-06,641729,4,2,1,0.6991310000000001,4.0,1,0
2024-07-06,641755,3,0,0,1.157,3.0,3,0
2024-07-06,642048,3,2,1,0.689131,3.0,0,0
2024-07-06,642239,3,1,1,0.7091310000000001,3.0,1,0
2024-07-06,642397,4,2,1,1.168131,4.0,1,0
2024-07-06,642546,1,0,0,0.157,1.0,1,0
2024-07-06,642547,21,4,3,7.871052532467533,21.0,13,0
2024-07-06,642701,7,2,0,1.9272380952380948,7.0,5,1
2024-07-06,643338,5,2,0,1.97975,5.0,3,1
2024-07-06,647336,14,4,1,4.648993745098039,13.0,8,1
2024-07-06,656412,6,2,0,0.7110000000000001,6.0,4,0
2024-07-06,656464,5,4,0,0.512,5.0,1,0
2024-07-06,656529,3,0,0,1.312,3.0,3,0
2024-07-06,656641,3,1,0,1.0641923076923079,3.0,2,1
2024-07-06,656671,7,4,0,1.334,7.0,3,0
2024-07-06,656849,20,5,2,6.838925793103448,20.0,13,2
2024-07-06,656924,12,2,0,3.575,12.0,10,0
2024-07-06,656945,3,1,0,0.158,3.0,2,0
2024-07-06,657044,5,0,0,1.85,5.0,5,0
2024-07-06,657508,7,0,2,2.7895953333333336,7.0,5,1
2024-07-06,657514,4,0,0,2.1645384615384615,4.0,4,1
2024-07-06,657585,6,2,2,1.9562620000000002,6.0,2,0
2024-07-06,657612,9,1,0,2.395,9.0,8,0
2024-07-06,657746,24,8,1,6.241775830188679,24.0,14,1
2024-07-06,658648,5,2,0,1.295,5.0,3,0
2024-07-06,660825,3,1,0,0.281,3.0,2,0
2024-07-06,660896,1,0,0,0.0,1.0,1,0
2024-07-06,661403,4,0,1,1.236131,4.0,3,0
2024-07-06,663362,25,6,2,5.428827217391304,25.0,17,0
2024-07-06,663423,6,0,1,2.294421052631579,5.0,5,1
2024-07-06,663432,3,2,0,0.498,3.0,1,0
2024-07-06,663485,8,2,0,1.983,8.0,6,0
2024-07-06,663542,3,0,0,2.451190476190476,3.0,3,1
2024-07-06,663546,4,1,0,1.079,4.0,3,0
2024-07-06,663559,12,2,2,4.5703691428571425,12.0,8,1
2024-07-06,663568,3,1,0,0.172,3.0,2,0
2024-07-06,663893,3,1,0,0.37,3.0,2,0
2024-07-06,663947,7,2,1,2.114131,7.0,4,0
2024-07-06,664208,3,2,1,0.689131,3.0,0,0
2024-07-06,665622,22,3,3,7.414574818181818,22.0,16,0
2024-07-06,668338,3,1,0,0.476,3.0,2,0
2024-07-06,668881,24,7,2,4.395262,24.0,15,0
2024-07-06,669022,21,5,5,8.100655,21.0,11,1
2024-07-06,669060,13,1,0,4.31921875,13.0,12,1
2024-07-06,669093,3,2,0,0.492,3.0,1,0
2024-07-06,669461,11,2,1,3.674131,11.0,8,0
2024-07-06,669674,4,2,0,1.3633000000000002,4.0,2,0
2024-07-06,669711,5,0,2,2.730000565217391,4.0,3,1
2024-07-06,670174,18,4,2,6.498389159946832,17.0,12,2
2024-07-06,670950,6,2,0,2.968866666666667,6.0,4,1
2024-07-06,670970,4,0,1,0.9691310000000001,3.0,3,0
2024-07-06,671106,21,9,4,5.107524,21.0,8,0
2024-07-06,671345,4,0,0,2.2141190476190475,4.0,4,1
2024-07-06,671737,24,5,2,6.647877384615385,23.0,16,1
2024-07-06,672391,3,2,0,0.484,3.0,1,0
2024-07-06,672552,17,3,2,7.88071483018868,17.0,12,1
2024-07-06,673380,3,1,0,0.42,3.0,2,0
2024-07-06,673513,5,1,0,1.201,5.0,4,0
2024-07-06,676092,6,1,0,1.6840000000000002,6.0,5,0
2024-07-06,676106,20,4,1,7.013569808510638,20.0,14,2
2024-07-06,676130,5,0,1,1.404131,5.0,4,0
2024-07-06,676596,6,1,0,1.163,6.0,5,0
2024-07-06,676979,21,5,3,6.843585,21.0,12,0
2024-07-06,678495,5,1,0,0.962,5.0,4,0
2024-07-06,680767,5,1,1,2.258131,5.0,3,0
2024-07-06,680885,24,6,0,7.445348275862068,24.0,18,1
2024-07-06,681799,9,0,0,3.542,9.0,9,0
2024-07-06,681911,3,1,0,0.007,3.0,2,0
2024-07-06,683769,3,2,0,0.004,3.0,1,0
2024-07-06,684320,20,6,2,3.9175953333333333,20.0,12,0
2024-07-06,686613,32,6,1,10.86719256521739,31.0,23,2
2024-07-06,686826,4,2,0,1.7469253731343282,4.0,2,1
2024-07-06,687330,6,2,0,2.2174067796610166,6.0,4,1
2024-07-06,689225,10,5,2,2.242262,10.0,3,0
2024-07-06,690829,4,2,0,0.783,4.0,2,0
2024-07-06,690986,18,2,4,8.099376380952382,17.0,11,2
2024-07-06,694297,19,6,0,7.289618539000941,19.0,13,3
2024-07-06,700249,11,1,3,5.849184706846673,11.0,7,2
2024-07-07,445276,3,1,0,0.318,3.0,2,0
2024-07-07,471911,21,4,1,9.230373424242424,21.0,16,2
2024-07-07,502043,23,8,2,6.115247714285715,23.0,13,2
2024-07-07,518397,3,0,0,0.7699230769230769,3.0,3,1
2024-07-07,518886,4,2,0,0.991,4.0,2,0
2024-07-07,519043,5,0,1,2.1613690952380944,5.0,4,1
2024-07-07,519151,4,0,1,1.071131,4.0,3,0
2024-07-07,519326,4,1,1,1.2161309999999999,4.0,2,0
2024-07-07,542888,9,1,1,3.5185156153846155,9.0,7,0
2024-07-07,543135,24,5,0,6.213287530266344,24.0,19,2
2024-07-07,543859,4,1,0,2.1630851063829786,4.0,3,1
2024-07-07,547973,7,2,3,3.8873930000000003,7.0,2,0
2024-07-07,571656,3,1,0,0.333,3.0,2,0
2024-07-07,571670,4,0,0,1.706,4.0,4,0
2024-07-07,571882,11,0,0,3.6238965517241377,11.0,11,1
2024-07-07,572955,4,2,0,1.251192,4.0,1,0
2024-07-07,572971,21,0,5,7.471440714285714,20.0,15,0
2024-07-07,573009,1,0,0,0.141,1.0,1,0
2024-07-07,592773,6,1,1,3.105750047619048,6.0,4,1
2024-07-07,593576,1,1,0,0.0,1.0,0,0
2024-07-07,594580,1,1,0,0.0,1.0,0,0
2024-07-07,596001,11,3,0,4.042458333333332,11.0,8,1
2024-07-07,596133,6,3,1,2.4199643333333336,6.0,2,1
2024-07-07,605154,4,1,0,2.2039166666666663,4.0,3,1
2024-07-07,607259,8,2,1,3.505131,8.0,5,0
2024-07-07,607455,7,1,1,1.286,6.0,5,0
2024-07-07,607481,5,0,0,1.092,5.0,5,0
2024-07-07,608032,4,1,1,1.769540090909091,4.0,2,1
2024-07-07,608638,4,0,0,1.533,4.0,4,0
2024-07-07,608723,4,1,0,0.801192,4.0,2,0
2024-07-07,614179,5,1,0,1.523,5.0,4,0
2024-07-07,621242,6,1,1,1.957131,6.0,4,0
2024-07-07,621244,28,10,1,8.541304538461539,26.0,15,2
2024-07-07,621363,4,2,0,0.049999999999999996,4.0,2,0
2024-07-07,621381,3,1,0,0.077,3.0,2,0
2024-07-07,621383,5,0,1,2.4141310000000002,5.0,4,0
2024-07-07,621389,6,0,2,4.279762,6.0,4,1
2024-07-07,622251,3,0,0,1.276,3.0,3,0
2024-07-07,623352,1,0,0,0.4118333333333333,1.0,1,0
2024-07-07,625643,23,6,3,6.453559666666667,23.0,14,0
2024-07-07,640455,22,6,3,5.811393000000001,22.0,13,0
2024-07-07,641793,21,5,1,7.605938692307692,21.0,15,2
2024-07-07,642232,12,3,2,4.1855307687687695,12.0,7,2
2024-07-07,643338,6,2,1,1.092,5.0,3,0
2024-07-07,643377,4,2,0,0.933,4.0,2,0
2024-07-07,647315,5,0,2,1.773323,4.0,2,0
2024-07-07,650556,3,1,0,0.9660000000000001,3.0,2,0
2024-07-07,650893,5,1,1,1.8534643333333334,5.0,3,1
2024-07-07,656302,26,8,1,8.70465788172043,26.0,17,3
2024-07-07,656354,7,0,1,3.615131,6.0,6,0
2024-07-07,656412,4,1,0,0.59,4.0,3,0
2024-07-07,656629,6,0,2,3.7115249393939393,4.0,4,2
2024-07-07,656730,4,3,0,0.95,4.0,1,0
2024-07-07,657097,3,1,0,0.337,3.0,2,0
2024-07-07,657585,3,1,0,0.954,3.0,2,0
2024-07-07,660853,6,0,0,2.7178,6.0,6,0
2024-07-07,661395,5,1,1,2.3011310000000003,5.0,3,0
2024-07-07,661403,5,0,0,2.3349615384615388,5.0,5,1
2024-07-07,661563,23,9,0,4.641356459330144,23.0,14,2
2024-07-07,662253,3,0,0,0.484,3.0,3,0
2024-07-07,663432,5,1,1,1.223131,5.0,3,0
2024-07-07,663460,3,2,0,0.018,3.0,1,0
2024-07-07,663546,7,1,0,3.0182857142857142,7.0,6,0
2024-07-07,663878,3,1,0,0.28800000000000003,3.0,2,0
2024-07-07,663893,1,0,0,0.075,1.0,1,0
2024-07-07,663903,27,7,2,7.790728666666667,26.0,18,0
2024-07-07,663969,15,7,0,4.09921511627907,15.0,8,2
2024-07-07,664076,7,1,1,3.041131,7.0,5,0
2024-07-07,664747,7,2,0,2.058181818181818,6.0,4,0
2024-07-07,664875,6,1,0,0.9279999999999999,6.0,5,0
2024-07-07,665625,4,3,0,0.165,4.0,1,0
2024-07-07,665795,17,4,1,6.2784365555555555,17.0,12,2
2024-07-07,666974,4,2,1,0.691131,4.0,1,0
2024-07-07,667463,3,0,1,1.376131,3.0,2,0
2024-07-07,667755,21,3,1,6.582131,21.0,17,0
2024-07-07,668674,3,1,0,0.355,3.0,2,0
2024-07-07,668933,21,2,3,7.560268000000001,21.0,16,0
2024-07-07,669062,4,1,1,0.794131,4.0,2,0
2024-07-07,669194,23,5,1,6.154577808510638,23.0,17,1
2024-07-07,669276,4,1,0,1.4740000000000002,4.0,3,0
2024-07-07,669373,25,13,0,3.694,25.0,12,0
2024-07-07,669387,4,1,0,1.184,4.0,3,0
2024-07-07,669622,4,0,1,1.4471310000000002,4.0,3,0
2024-07-07,669713,22,2,1,3.9781310000000003,22.0,19,0
2024-07-07,669923,26,8,1,8.071131,25.0,17,0
2024-07-07,670059,6,1,2,3.5852316969696965,6.0,3,1
2024-07-07,670955,4,1,0,1.4679166666666665,4.0,3,1
2024-07-07,670990,4,1,1,1.7513230000000002,4.0,1,0
2024-07-07,671922,3,1,0,0.40700000000000003,3.0,2,0
2024-07-07,672582,4,1,0,1.336192,4.0,2,0
2024-07-07,673380,4,2,0,1.204,4.0,2,0
2024-07-07,674370,6,1,2,2.050262,6.0,3,0
2024-07-07,675650,13,1,3,7.3736623059628545,13.0,9,3
2024-07-07,676092,5,1,1,1.418,4.0,3,0
2024-07-07,676254,5,0,0,0.42000000000000004,3.0,4,0
2024-07-07,676395,4,3,0,0.403,4.0,1,0
2024-07-07,676534,6,2,0,0.505,6.0,4,0
2024-07-07,676684,3,1,0,0.294,3.0,2,0
2024-07-07,676710,23,4,0,6.947303418803419,23.0,19,2
2024-07-07,677053,4,1,1,1.251131,4.0,2,0
2024-07-07,679885,3,0,0,0.6080000000000001,3.0,3,0
2024-07-07,680570,26,8,1,5.865323,26.0,16,0
2024-07-07,680573,23,4,2,4.916762,23.0,17,0
2024-07-07,680736,20,4,2,7.502879947105474,19.0,13,3
2024-07-07,681293,24,6,2,7.437454000000001,24.0,15,1
2024-07-07,681432,5,0,1,1.176131,5.0,4,0
2024-07-07,681676,6,1,0,1.456,6.0,5,0
2024-07-07,681982,7,3,0,1.9137142857142857,7.0,4,0
2024-07-07,682120,3,1,0,0.292,3.0,2,0
2024-07-07,682847,21,5,0,6.54118414918415,21.0,16,1
2024-07-07,683232,2,1,0,0.097,2.0,1,0
2024-07-07,683769,3,0,0,0.487,3.0,3,0
2024-07-07,685299,26,4,0,9.040348934084783,26.0,22,1
2024-07-07,686539,6,2,1,2.5765657826086956,6.0,3,1
2024-07-07,686563,25,3,4,6.355524000000001,25.0,18,0
2024-07-07,686580,4,1,1,0.9481310000000001,4.0,2,0
2024-07-07,686826,4,0,0,0.984,4.0,4,0
2024-07-07,687765,27,5,1,9.869415846547314,27.0,21,4
2024-07-07,687792,20,4,2,6.124373111111111,20.0,13,1
2024-07-07,687863,5,0,0,1.262181818181818,5.0,5,0
2024-07-07,687911,4,1,0,1.5646666666666667,4.0,3,0
2024-07-07,688297,6,3,0,0.908192,6.0,2,0
2024-07-07,693312,1,0,0,0.153,1.0,1,0
2024-07-07,806185,20,5,2,5.575262,20.0,13,0
2024-07-08,502085,1,1,0,0.0,1.0,0,0
2024-07-08,518585,3,1,0,0.324,3.0,2,0
2024-07-08,552640,4,1,0,0.08199999999999999,4.0,3,0
2024-07-08,570632,9,2,2,3.464262,9.0,5,0
2024-07-08,571945,25,3,0,7.16,25.0,22,0
2024-07-08,571946,3,1,0,0.6442142857142856,3.0,2,0
2024-07-08,573204,3,1,0,0.089,3.0,2,0
2024-07-08,592351,20,2,1,7.754131,20.0,17,0
2024-07-08,595345,3,1,0,1.915811047619048,3.0,1,1
2024-07-08,600917,3,2,0,0.028,3.0,1,0
2024-07-08,605121,5,0,1,3.045885098360656,5.0,4,1
2024-07-08,605130,4,0,1,2.338750047619048,4.0,3,1
2024-07-08,605154,4,1,0,1.5739999999999998,4.0,3,0
2024-07-08,605288,12,2,0,4.574918032786886,12.0,10,2
2024-07-08,606930,6,2,0,1.7768695652173911,6.0,4,1
2024-07-08,608334,14,5,0,3.9642004349816844,13.0,8,2
2024-07-08,622250,3,1,0,0.069,3.0,2,0
2024-07-08,622251,4,1,0,1.1440000000000001,4.0,3,0
2024-07-08,623149,5,1,0,2.643,5.0,4,1
2024-07-08,623167,23,4,1,8.275019888888888,23.0,18,1
2024-07-08,628452,6,0,0,0.766,5.0,6,0
2024-07-08,641703,4,0,0,0.55,4.0,4,0
2024-07-08,641729,4,1,1,1.1611310000000001,4.0,2,0
2024-07-08,641755,7,2,1,3.895631,7.0,4,2
2024-07-08,643377,5,2,1,0.8811310000000001,5.0,2,0
2024-07-08,656464,4,2,0,1.0230000000000001,4.0,2,0
2024-07-08,656529,2,1,0,0.164,2.0,1,0
2024-07-08,656550,10,0,1,2.9871309999999998,10.0,9,0
2024-07-08,656605,31,6,0,8.731934424242425,31.0,24,2
2024-07-08,656629,3,1,0,0.089,3.0,2,0
2024-07-08,657044,4,2,1,0.784131,4.0,1,0
2024-07-08,660896,4,1,0,1.427192,4.0,2,0
2024-07-08,661395,4,1,1,0.161,3.0,2,0
2024-07-08,663372,26,6,3,6.355393,25.0,16,0
2024-07-08,663947,5,0,0,2.142434782608696,5.0,5,1
2024-07-08,663978,19,3,2,6.796180032786886,19.0,14,1
2024-07-08,665896,5,0,2,1.776262,5.0,3,0
2024-07-08,668909,21,5,1,6.501303161172161,21.0,15,2
2024-07-08,668941,5,0,0,2.118,5.0,5,0
2024-07-08,668968,3,1,0,0.063,3.0,2,0
2024-07-08,669721,19,3,0,7.918192,19.0,15,1
2024-07-08,671096,25,8,2,6.121262,25.0,15,0
2024-07-08,672456,21,4,1,4.362131,21.0,16,0
2024-07-08,672851,6,1,0,2.726192,6.0,4,0
2024-07-08,673929,6,0,0,3.778,6.0,6,1
2024-07-08,679358,3,0,1,1.4211310000000001,3.0,2,0
2024-07-08,679885,7,1,0,3.702666666666667,7.0,6,1
2024-07-08,680704,3,1,0,0.8400000000000001,3.0,2,0
2024-07-08,680730,28,6,1,7.6762559999999995,28.0,21,1
2024-07-08,681035,19,3,1,5.784660411764706,19.0,15,2
2024-07-08,681892,3,0,0,0.473,3.0,3,0
2024-07-08,682120,2,0,0,0.952,2.0,2,0
2024-07-08,683627,2,1,0,0.943,2.0,1,0
2024-07-08,691172,3,0,0,0.676,3.0,3,0
2024-07-08,693821,21,1,2,7.181415846153847,21.0,18,1
2024-07-08,694363,5,0,0,1.514,5.0,5,0
2024-07-08,700270,23,5,1,6.197494636363636,23.0,17,1
2024-07-09,445926,8,3,0,2.6526694444444443,8.0,5,1
2024-07-09,453286,27,6,0,6.938178402903811,27.0,21,2
2024-07-09,458677,4,1,0,1.6560000000000001,4.0,3,1
2024-07-09,472610,8,0,2,3.3579937450980393,7.0,6,1
2024-07-09,489446,4,2,0,0.656,4.0,2,0
2024-07-09,493603,4,0,0,2.149325333333333,4.0,3,1
2024-07-09,500779,24,5,1,6.240323,24.0,17,0
2024-07-09,502085,3,1,0,0.6397777777777777,3.0,2,0
2024-07-09,518397,5,2,0,1.203,5.0,3,0
2024-07-09,518585,1,0,0,0.146,1.0,1,0
2024-07-09,519043,5,2,0,1.05,5.0,3,0
2024-07-09,519242,24,9,3,7.295393,24.0,12,0
2024-07-09,519326,6,2,1,1.3621310000000002,6.0,3,0
2024-07-09,528748,4,1,1,1.5201310000000001,4.0,2,0
2024-07-09,543859,7,1,1,1.875131,7.0,5,0
2024-07-09,554430,21,7,2,4.015262,21.0,12,0
2024-07-09,571656,7,2,1,3.574323,7.0,3,1
2024-07-09,571771,4,0,0,1.6379230769230768,4.0,4,0
2024-07-09,571948,4,1,0,1.490961538461539,4.0,3,1
2024-07-09,573009,4,1,1,1.4723643724696358,3.0,2,1
2024-07-09,579328,27,13,0,5.836964285714286,27.0,14,2
2024-07-09,592094,3,1,0,0.5930000000000001,3.0,2,0
2024-07-09,592426,3,1,0,0.46199999999999997,3.0,2,0
2024-07-09,592454,2,0,0,0.861,2.0,2,0
2024-07-09,592791,22,7,1,5.672629899486426,22.0,14,2
2024-07-09,593974,3,0,0,1.824192,3.0,2,0
2024-07-09,594902,23,4,1,5.028988142857143,23.0,18,0
2024-07-09,600917,2,0,1,0.8381310000000001,2.0,1,0
2024-07-09,600986,9,2,0,1.779,9.0,7,0
2024-07-09,605130,4,0,1,1.985131,4.0,3,0
2024-07-09,605177,5,2,2,0.7001310000000001,4.0,1,0
2024-07-09,605483,18,3,3,4.290393,18.0,12,0
2024-07-09,606303,6,1,0,3.7481305026737965,6.0,4,2
2024-07-09,607067,24,3,2,9.61812474509804,24.0,19,1
2024-07-09,607074,19,5,2,5.41653123076923,18.0,11,1
2024-07-09,607179,9,3,1,2.006131,9.0,5,0
2024-07-09,607259,5,3,0,0.5700000000000001,5.0,2,0
2024-07-09,608371,4,0,0,0.8125,4.0,4,0
2024-07-09,608718,5,1,1,1.7073230000000001,5.0,2,0
2024-07-09,613534,6,1,1,2.569515,6.0,2,0
2024-07-09,614179,5,0,1,2.5106694615384617,5.0,4,1
2024-07-09,615698,12,4,1,5.21879175,12.0,6,1
2024-07-09,621053,12,2,0,6.710880952380952,12.0,10,2
2024-07-09,621242,1,1,0,0.0,1.0,0,0
2024-07-09,621345,3,0,0,0.45199999999999996,3.0,3,0
2024-07-09,621363,4,1,1,2.2158850983606557,4.0,2,1
2024-07-09,622253,6,1,0,2.055,6.0,5,0
2024-07-09,622259,6,1,1,3.1965447931034485,6.0,4,1
2024-07-09,622554,5,2,1,1.4793230000000002,5.0,1,0
2024-07-09,623211,5,1,0,1.8732857142857142,5.0,4,0
2024-07-09,623352,4,2,1,0.976131,4.0,1,0
2024-07-09,628317,15,2,1,6.068402929824561,15.0,12,0
2024-07-09,640462,1,1,0,0.0,1.0,0,0
2024-07-09,641329,7,3,1,1.610131,7.0,3,0
2024-07-09,641343,4,0,1,1.932131,4.0,3,0
2024-07-09,642048,1,0,0,0.178,1.0,1,0
2024-07-09,642397,6,3,2,1.9842620000000002,6.0,1,0
2024-07-09,642701,9,4,1,2.524131,9.0,4,0
2024-07-09,643410,3,1,0,0.14600000000000002,3.0,2,0
2024-07-09,650556,5,1,0,1.054,5.0,4,0
2024-07-09,656354,3,0,0,0.413,3.0,3,0
2024-07-09,656848,5,0,0,3.6487153291298866,5.0,4,1
2024-07-09,657585,5,1,1,3.1395496046511626,5.0,3,1
2024-07-09,660853,2,0,0,1.906421052631579,2.0,2,1
2024-07-09,661403,5,0,0,2.439,5.0,5,0
2024-07-09,663567,14,2,2,4.893426502164503,14.0,10,2
2024-07-09,663568,4,3,0,0.282,4.0,1,0
2024-07-09,663623,29,2,2,9.46222603508772,29.0,25,2
2024-07-09,663878,4,1,1,1.505131,4.0,2,0
2024-07-09,664126,4,1,0,2.1435384615384616,4.0,3,1
2024-07-09,664776,7,5,1,0.7521310000000001,7.0,1,0
2024-07-09,664875,12,1,2,6.391523538461539,12.0,9,2
2024-07-09,665152,24,3,3,10.218317142857142,24.0,17,1
2024-07-09,666157,17,4,1,6.937243297312751,17.0,11,3
2024-07-09,666214,13,3,3,4.989193,13.0,7,1
2024-07-09,666619,3,0,0,0.396,3.0,3,0
2024-07-09,668338,4,0,0,0.937,4.0,4,0
2024-07-09,668678,24,4,1,10.005714333333334,24.0,19,3
2024-07-09,669060,4,2,0,1.0353243243243244,4.0,2,1
2024-07-09,669062,4,1,1,1.1491310000000001,4.0,2,0
2024-07-09,669211,11,4,1,3.634131,11.0,6,0
2024-07-09,669302,27,7,1,6.259353222222222,27.0,19,1
2024-07-09,669432,24,5,2,7.3877678651026395,24.0,17,1
2024-07-09,669622,3,1,0,0.5469999999999999,3.0,2,0
2024-07-09,669711,8,2,1,2.582773857142857,8.0,5,0
2024-07-09,669854,25,7,1,6.883425444444445,25.0,17,2
2024-07-09,670950,6,0,1,1.250131,5.0,4,0
2024-07-09,670990,7,3,0,1.6741920000000001,7.0,3,0
2024-07-09,671305,8,4,3,2.096393,8.0,1,0
2024-07-09,671922,4,2,0,0.728,4.0,2,0
2024-07-09,672710,12,1,1,4.279324324324325,11.0,10,1
2024-07-09,673380,3,1,0,0.873,3.0,2,0
2024-07-09,673513,6,2,0,2.7825384615384614,6.0,4,1
2024-07-09,676254,6,2,1,3.3920814573170737,6.0,3,2
2024-07-09,676272,24,2,3,10.803178714285714,24.0,19,2
2024-07-09,676596,5,0,3,2.111393,5.0,2,0
2024-07-09,676684,8,1,1,2.213,7.0,6,0
2024-07-09,677161,3,1,0,0.199,3.0,2,0
2024-07-09,678394,26,11,2,11.264900888888889,26.0,13,2
2024-07-09,678495,3,1,0,0.414,3.0,2,0
2024-07-09,680704,4,1,0,2.2104705923753665,4.0,2,1
2024-07-09,682990,25,8,2,5.550262,25.0,15,0
2024-07-09,683155,14,1,1,8.434414954022989,14.0,11,2
2024-07-09,683232,5,1,0,1.1239999999999999,5.0,4,0
2024-07-09,683769,3,0,0,0.352,3.0,3,0
2024-07-09,685801,3,1,0,0.459,3.0,2,0
2024-07-09,686752,24,7,3,6.509393,24.0,14,1
2024-07-09,687330,3,0,0,1.3559999999999999,3.0,3,0
2024-07-09,689147,3,0,0,0.593,3.0,3,0
2024-07-09,689225,10,3,1,1.216,9.0,6,0
2024-07-09,690829,7,0,0,2.532,7.0,7,0
2024-07-09,800049,25,6,2,10.778205782608696,25.0,15,3
2024-07-10,450203,24,5,0,9.493222222222222,24.0,19,3
2024-07-10,518617,2,2,0,0.0,2.0,0,0
2024-07-10,519008,4,0,0,1.9360000000000002,4.0,4,0
2024-07-10,519293,3,0,0,0.16099999999999998,3.0,3,0
2024-07-10,519326,5,1,1,1.5603230000000001,5.0,2,0
2024-07-10,527048,25,5,3,10.192643,25.0,17,2
2024-07-10,543339,3,0,0,0.144,3.0,3,0
2024-07-10,547179,23,3,4,7.866489809523809,23.0,15,1
2024-07-10,552640,4,2,0,0.9963243243243244,4.0,2,1
2024-07-10,571578,23,5,1,9.289523307692308,23.0,17,2
2024-07-10,571656,4,1,0,1.262,4.0,3,0
2024-07-10,571670,3,1,0,0.11299999999999999,3.0,2,0
2024-07-10,571882,5,0,1,2.065131,5.0,4,0
2024-07-10,572955,3,1,0,1.3739999999999999,3.0,2,0
2024-07-10,573009,4,1,0,1.038,4.0,3,0
2024-07-10,573186,21,2,2,7.819251345928926,21.0,16,2
2024-07-10,592426,12,3,0,3.143199324324325,12.0,9,1
2024-07-10,592454,4,1,1,1.674131,4.0,2,0
2024-07-10,592773,4,0,1,1.623131,4.0,3,0
2024-07-10,593423,30,7,2,10.092106955044956,28.0,19,3
2024-07-10,593576,3,1,0,0.888,3.0,2,0
2024-07-10,595014,3,2,0,0.002,3.0,1,0
2024-07-10,595345,3,0,0,0.215,3.0,3,0
2024-07-10,596133,6,1,2,2.2702620000000002,6.0,3,0
2024-07-10,601713,28,10,2,7.160908934460888,27.0,15,2
2024-07-10,605121,3,1,0,0.175,3.0,2,0
2024-07-10,605135,24,6,4,6.530324,24.0,14,1
2024-07-10,605154,4,2,0,0.23500000000000001,4.0,2,0
2024-07-10,605280,4,2,0,0.7392222222222222,4.0,2,1
2024-07-10,606149,3,1,0,0.111,3.0,2,0
2024-07-10,606930,5,0,1,2.379131,5.0,4,0
2024-07-10,607200,21,5,2,6.141896572324228,21.0,14,1
2024-07-10,607455,1,0,0,0.106,1.0,1,0
2024-07-10,607536,27,9,1,6.826577808510638,27.0,17,1
2024-07-10,608032,3,0,0,0.601,3.0,3,0
2024-07-10,608379,23,3,1,9.46069572768037,23.0,19,6
2024-07-10,608638,6,1,0,2.244638888888889,6.0,5,1
2024-07-10,608718,5,0,0,2.293,5.0,5,0
2024-07-10,608723,3,1,0,0.636,3.0,2,0
2024-07-10,613534,1,1,0,0.0,1.0,0,0
2024-07-10,621107,27,6,1,6.171789666666667,27.0,19,0
2024-07-10,621114,6,1,0,1.0010000000000001,6.0,5,0
2024-07-10,621237,4,0,0,2.5652222222222223,4.0,4,1
2024-07-10,621381,2,1,0,0.054,2.0,1,0
2024-07-10,622253,5,1,0,1.821,5.0,4,0
2024-07-10,622663,27,4,3,8.965822454545455,26.0,18,0
2024-07-10,623149,3,0,0,0.554,3.0,3,0
2024-07-10,641154,21,5,1,6.913390308807134,21.0,15,2
2024-07-10,641703,11,1,2,4.599262,11.0,8,0
2024-07-10,641729,7,0,1,2.490323,7.0,5,0
2024-07-10,641771,9,1,1,3.064323,9.0,6,0
2024-07-10,641927,22,6,1,7.330078368421053,22.0,15,2
2024-07-10,642016,8,2,1,3.009833127659574,8.0,5,1
2024-07-10,642239,3,0,0,0.612,3.0,3,0
2024-07-10,642546,2,1,0,0.736,2.0,1,0
2024-07-10,643377,4,1,1,1.017131,4.0,2,0
2024-07-10,647315,1,0,0,0.021,1.0,1,0
2024-07-10,647336,6,2,1,1.585131,6.0,3,0
2024-07-10,650633,24,9,1,5.150323,24.0,13,0
2024-07-10,650911,24,5,1,6.024131000000001,24.0,18,0
2024-07-10,655889,3,0,0,0.738,3.0,3,0
2024-07-10,656222,6,0,0,1.6960000000000002,6.0,6,0
2024-07-10,656288,21,3,2,8.425500095238094,21.0,16,1
2024-07-10,656412,5,0,2,2.452262,5.0,3,0
2024-07-10,656464,3,3,0,0.0,3.0,0,0
2024-07-10,656529,5,1,0,1.247,5.0,4,0
2024-07-10,656546,3,1,0,0.10500000000000001,3.0,2,0
2024-07-10,656629,3,3,0,0.0,3.0,0,0
2024-07-10,656641,4,2,1,0.756131,4.0,1,0
2024-07-10,656896,3,0,0,0.453,3.0,3,0
2024-07-10,656924,7,0,1,2.956268931034483,7.0,6,1
2024-07-10,657044,5,0,0,3.621243534482759,5.0,5,2
2024-07-10,657097,3,1,0,0.84,3.0,2,0
2024-07-10,657277,24,4,1,9.899375824141377,24.0,19,3
2024-07-10,657612,5,2,0,1.395,5.0,3,0
2024-07-10,660896,3,1,0,0.005,3.0,2,0
2024-07-10,661395,3,2,0,0.226,3.0,1,0
2024-07-10,662253,6,2,2,2.002262,6.0,2,0
2024-07-10,663158,4,1,1,0.776131,3.0,1,0
2024-07-10,663460,3,1,0,1.101,3.0,2,0
2024-07-10,663485,6,3,0,1.346,6.0,3,0
2024-07-10,663546,6,0,0,2.2812105263157894,6.0,6,0
2024-07-10,663704,9,2,0,2.2412857142857145,9.0,7,0
2024-07-10,663773,17,1,1,7.979403727272727,17.0,15,2
2024-07-10,663893,6,0,2,2.616262,6.0,4,0
2024-07-10,663947,5,1,0,0.654,5.0,4,0
2024-07-10,664076,4,2,0,0.45899999999999996,4.0,2,0
2024-07-10,664285,25,10,1,4.824131,25.0,14,0
2024-07-10,664849,3,0,0,1.313,3.0,3,0
2024-07-10,665896,4,1,0,0.8730000000000001,4.0,3,0
2024-07-10,667463,6,0,0,2.284413793103448,6.0,6,1
2024-07-10,668674,6,1,1,1.500131,6.0,4,0
2024-07-10,668964,28,6,1,6.298131,28.0,21,0
2024-07-10,668968,5,2,1,1.118131,5.0,2,0
2024-07-10,669093,4,2,0,0.502,4.0,2,0
2024-07-10,669203,27,5,0,6.9948461538461535,26.0,21,1
2024-07-10,669461,10,0,0,4.855,10.0,10,1
2024-07-10,669467,25,5,0,5.895333333333333,25.0,20,1
2024-07-10,669674,4,1,0,1.259,4.0,3,0
2024-07-10,670102,5,2,0,2.364998449612404,5.0,3,2
2024-07-10,670167,3,2,0,0.052,3.0,1,0
2024-07-10,670174,10,1,1,3.000131,10.0,8,0
2024-07-10,670970,4,1,1,1.6851310000000002,4.0,2,0
2024-07-10,671345,3,0,1,0.148,2.0,2,0
2024-07-10,672335,4,1,0,1.009192,4.0,2,0
2024-07-10,672391,6,4,0,0.309,6.0,2,0
2024-07-10,672582,5,1,0,0.981,5.0,4,0
2024-07-10,673929,4,0,0,1.0966129032258065,4.0,4,1
2024-07-10,676130,4,2,0,0.376,4.0,2,0
2024-07-10,676440,28,8,3,8.39544774509804,28.0,16,2
2024-07-10,676664,23,8,2,6.536671090909092,23.0,13,2
2024-07-10,677944,18,3,2,6.008949037037037,18.0,13,1
2024-07-10,679525,22,8,1,4.311921178571429,22.0,13,1
2024-07-10,679885,4,2,0,0.476,4.0,2,0
2024-07-10,680767,5,2,0,1.1923043478260873,5.0,3,1
2024-07-10,681432,4,1,0,1.358192,4.0,2,0
2024-07-10,681676,6,2,1,1.092131,6.0,3,0
2024-07-10,681857,23,3,1,6.857595285714286,23.0,19,1
2024-07-10,681911,3,1,0,0.022,3.0,2,0
2024-07-10,682243,21,1,0,5.419,21.0,20,0
2024-07-10,684007,25,6,1,6.449514333333333,25.0,18,1
2024-07-10,686539,13,5,1,5.299913657657657,13.0,7,2
2024-07-10,687863,5,0,0,1.606,5.0,5,0
2024-07-10,688297,8,1,0,2.4130000000000003,8.0,7,0
2024-07-10,689147,3,1,0,0.6619999999999999,3.0,2,0
2024-07-10,689672,22,1,1,6.924852799939192,22.0,20,2
2024-07-10,694813,21,3,0,6.495210526315789,21.0,18,0
2024-07-10,695243,4,2,0,1.089,4.0,2,0
2024-07-10,700669,13,2,0,4.96774011299435,13.0,11,2
2024-07-11,458677,3,1,0,0.8029999999999999,3.0,2,0
2024-07-11,493603,6,3,1,1.726323,6.0,1,0
2024-07-11,502624,12,5,0,2.270992,12.0,6,0
2024-07-11,518585,1,0,0,0.002,1.0,1,0
2024-07-11,519151,4,1,0,0.812,4.0,3,0
2024-07-11,543859,5,3,0,0.849,5.0,2,0
2024-07-11,544150,24,4,2,8.03450062004662,23.0,16,1
2024-07-11,547973,3,1,0,0.026000000000000002,3.0,2,0
2024-07-11,571670,2,0,0,1.346,2.0,2,0
2024-07-11,571946,6,0,0,1.127,6.0,6,0
2024-07-11,573124,3,0,1,0.7451310000000001,3.0,2,0
2024-07-11,592094,4,2,0,0.324,4.0,2,0
2024-07-11,592332,27,3,0,7.993677838827839,27.0,24,4
2024-07-11,592767,4,0,0,0.5690000000000001,4.0,4,0
2024-07-11,594580,4,1,1,0.7541310000000001,4.0,2,0
2024-07-11,595978,6,0,1,3.53146005982906,6.0,5,1
2024-07-11,596295,23,5,1,8.958135098360655,23.0,17,2
2024-07-11,605177,4,1,0,1.5230454545454546,4.0,3,0
2024-07-11,605347,5,2,1,1.6686809999999999,5.0,2,1
2024-07-11,605400,24,9,2,4.207262,24.0,13,0
2024-07-11,605463,2,1,0,0.222,2.0,1,0
2024-07-11,607455,6,2,0,1.7537307692307693,6.0,4,1
2024-07-11,608331,25,7,3,7.776393,25.0,15,1
2024-07-11,608344,18,1,0,6.981875,18.0,17,2
2024-07-11,608371,3,1,1,0.777131,3.0,1,0
2024-07-11,621237,3,1,1,1.0281310000000001,3.0,1,0
2024-07-11,621345,1,1,0,0.0,1.0,0,0
2024-07-11,621363,3,1,1,1.179131,3.0,1,0
2024-07-11,621381,4,0,1,1.770881,4.0,3,0
2024-07-11,621389,6,0,0,3.022798060606061,6.0,5,1
2024-07-11,622491,23,5,2,5.415262,23.0,16,0
2024-07-11,623149,4,1,0,0.995,4.0,3,0
2024-07-11,623352,3,2,0,0.076,3.0,1,0
2024-07-11,640448,7,1,0,3.105,7.0,6,0
2024-07-11,640451,3,2,0,0.032,3.0,1,0
2024-07-11,641482,23,4,2,9.269328125874127,23.0,16,4
2024-07-11,641755,4,1,0,0.996,4.0,3,0
2024-07-11,642232,10,1,3,3.828762,9.0,6,1
2024-07-11,643338,4,1,0,2.6305567796610165,4.0,3,1
2024-07-11,643511,5,1,0,1.603,5.0,4,0
2024-07-11,647315,3,0,0,0.672,3.0,3,0
2024-07-11,650556,5,3,0,0.994,5.0,2,0
2024-07-11,650644,28,6,2,9.065788315789474,28.0,20,0
2024-07-11,655889,2,0,1,1.144131,2.0,1,0
2024-07-11,656427,22,4,2,6.368746405458089,22.0,16,2
2024-07-11,656464,4,1,0,1.4310909090909092,4.0,3,1
2024-07-11,656546,5,1,1,2.238131,5.0,3,0
2024-07-11,656550,6,1,1,1.4229999999999998,5.0,4,0
2024-07-11,656557,22,6,3,5.517756636363637,22.0,13,0
2024-07-11,656849,25,5,3,7.2843669548872185,25.0,16,1
2024-07-11,656945,3,1,0,1.349,3.0,2,0
2024-07-11,657006,24,4,0,5.894131168831169,24.0,20,2
2024-07-11,657044,5,0,2,2.6397286666666666,5.0,3,0
2024-07-11,657508,6,0,1,3.676323,6.0,4,1
2024-07-11,657571,3,1,0,0.20500000000000002,3.0,2,0
2024-07-11,658648,13,2,2,3.6645312307692306,13.0,9,0
2024-07-11,660825,7,3,1,1.338131,7.0,3,0
2024-07-11,663542,5,1,1,1.263131,5.0,3,0
2024-07-11,663855,22,1,1,9.379481479532163,22.0,19,2
2024-07-11,664076,3,2,0,0.362,3.0,1,0
2024-07-11,664126,6,0,2,2.469262,6.0,4,0
2024-07-11,664208,3,2,0,0.004,3.0,1,0
2024-07-11,664776,4,3,0,0.926,4.0,1,0
2024-07-11,664849,5,1,1,1.986323,5.0,2,0
2024-07-11,665622,23,7,2,8.992160484848485,23.0,14,4
2024-07-11,665625,3,1,0,0.412,3.0,2,0
2024-07-11,666205,7,4,0,1.0135454545454545,7.0,3,0
2024-07-11,668881,21,10,2,4.975753666666667,21.0,9,1
2024-07-11,669022,20,4,3,7.098867363372477,20.0,13,2
2024-07-11,669358,20,5,1,10.180358800269905,20.0,14,5
2024-07-11,670046,27,4,3,12.562680086288417,27.0,20,4
2024-07-11,670059,6,3,1,1.948131,6.0,2,0
2024-07-11,671305,4,2,0,1.017,4.0,2,0
2024-07-11,673380,1,0,0,0.276,1.0,1,0
2024-07-11,675921,19,4,3,7.007724818181819,19.0,12,0
2024-07-11,676395,3,1,0,0.16,3.0,2,0
2024-07-11,677053,1,1,0,0.0,1.0,0,0
2024-07-11,678495,8,3,0,0.645,8.0,5,0
2024-07-11,680704,5,2,2,1.9402620000000002,5.0,1,0
2024-07-11,681869,7,2,0,2.915106382978723,7.0,5,1
2024-07-11,681911,3,1,0,0.702,3.0,1,0
2024-07-11,682610,30,2,2,10.41628413503909,30.0,25,2
2024-07-11,683627,7,0,0,3.60021875,7.0,7,1
2024-07-11,686799,16,1,0,8.060384,16.0,13,1
2024-07-11,687330,3,0,1,1.116131,3.0,2,0
2024-07-11,689017,20,5,1,5.603647129032259,20.0,14,1
2024-07-11,694297,20,4,0,3.981181818181818,20.0,16,0
2024-07-11,694973,23,11,1,3.244123,22.0,9,0
2024-07-11,814005,18,4,1,6.341019888888889,18.0,12,2
2024-07-12,471911,22,3,1,6.4441310000000005,22.0,18,0
2024-07-12,472610,5,0,0,0.835,5.0,5,0
2024-07-12,518397,3,0,0,1.130138888888889,3.0,3,1
2024-07-12,518617,3,0,0,1.7375294117647058,3.0,3,1
2024-07-12,519008,3,2,1,0.689131,3.0,0,0
2024-07-12,519151,3,1,0,0.4862499999999999,3.0,2,0
2024-07-12,542881,24,4,0,6.81707607994842,24.0,20,2
2024-07-12,543037,24,7,1,5.143131,24.0,16,0
2024-07-12,543243,29,6,0,9.184,28.0,23,0
2024-07-12,543294,24,3,1,7.246515615384616,24.0,20,0
2024-07-12,543339,5,2,2,2.394710275862069,5.0,1,1
2024-07-12,570632,7,0,1,2.091394157894737,7.0,6,0
2024-07-12,571760,23,5,2,5.805654344497608,23.0,16,0
2024-07-12,571882,3,0,1,1.331131,3.0,2,0
2024-07-12,571948,8,2,1,1.987131,7.0,4,0
2024-07-12,572020,20,1,4,6.459934256410257,20.0,15,1
2024-07-12,572143,4,2,0,0.685,4.0,2,0
2024-07-12,573204,4,0,1,1.6583233076923078,4.0,3,1
2024-07-12,592094,3,3,0,0.0,3.0,0,0
2024-07-12,592155,3,0,0,0.117,3.0,3,0
2024-07-12,592454,4,0,0,1.528,4.0,4,0
2024-07-12,592773,3,2,0,0.0,3.0,1,0
2024-07-12,593576,3,1,1,1.1931310000000002,3.0,1,0
2024-07-12,594835,20,4,0,6.1688,20.0,16,1
2024-07-12,595014,3,0,0,1.3591920000000002,3.0,2,0
2024-07-12,596133,3,0,0,0.773,3.0,3,0
2024-07-12,605130,5,1,1,2.561131,5.0,3,0
2024-07-12,605280,4,1,0,0.8501920000000001,4.0,2,0
2024-07-12,606149,3,0,0,1.3559999999999999,3.0,3,0
2024-07-12,606303,3,0,0,0.529,3.0,3,0
2024-07-12,607259,11,2,0,3.9224347826086956,11.0,9,1
2024-07-12,608032,4,2,0,0.513,4.0,2,0
2024-07-12,608638,6,2,1,0.539,5.0,3,0
2024-07-12,608717,5,3,1,0.943131,5.0,1,0
2024-07-12,608723,1,0,0,1.1578461538461535,1.0,1,1
2024-07-12,614179,5,0,1,3.852823307692308,5.0,4,2
2024-07-12,621114,3,2,0,0.205,3.0,1,0
2024-07-12,621242,5,1,2,1.513262,5.0,2,0
2024-07-12,621363,3,2,0,0.012,3.0,1,0
2024-07-12,622251,6,1,1,2.236131,6.0,4,0
2024-07-12,622554,4,0,0,0.954,4.0,4,0
2024-07-12,623352,3,2,0,0.003,3.0,1,0
2024-07-12,623433,3,0,0,0.995,3.0,3,0
2024-07-12,623465,4,0,0,0.7010000000000001,4.0,4,0
2024-07-12,624133,27,6,3,7.996546846153847,27.0,18,1
2024-07-12,630023,29,1,4,10.792968819548872,28.0,22,2
2024-07-12,640448,3,2,0,0.446,3.0,1,0
2024-07-12,640451,4,2,0,1.212192,4.0,1,0
2024-07-12,640455,27,9,1,9.43290916091954,27.0,17,3
2024-07-12,641329,6,1,1,2.3587168585858587,6.0,4,1
2024-07-12,641729,4,1,0,0.327,4.0,3,0
2024-07-12,642397,3,2,0,0.022,3.0,1,0
2024-07-12,642546,6,0,0,1.22,6.0,6,0
2024-07-12,642547,23,6,0,9.27828051948052,23.0,17,2
2024-07-12,643338,5,1,3,1.3832620000000002,4.0,1,0
2024-07-12,643410,3,2,0,0.053,3.0,1,0
2024-07-12,643511,4,1,0,0.444,4.0,3,0
2024-07-12,650556,6,2,1,2.4636310000000003,6.0,3,0
2024-07-12,650893,5,1,1,1.574131,5.0,3,0
2024-07-12,656848,4,1,1,0.7521310000000001,4.0,2,0
2024-07-12,657746,25,6,3,8.35505011627907,25.0,15,1
2024-07-12,660853,4,1,0,1.941684210526316,4.0,3,1
2024-07-12,662253,4,1,2,1.576262,4.0,1,0
2024-07-12,663362,26,1,1,10.53733070760234,25.0,24,3
2024-07-12,663423,5,2,0,0.297,5.0,3,0
2024-07-12,663567,14,4,2,4.230016098360656,14.0,8,1
2024-07-12,663687,16,0,6,6.784786,15.0,9,0
2024-07-12,663893,3,0,0,0.494,3.0,3,0
2024-07-12,663947,5,0,1,2.67325,4.0,4,1
2024-07-12,664208,3,1,0,2.3781612903225797,3.0,2,1
2024-07-12,664747,6,0,1,3.4384553243243245,6.0,5,1
2024-07-12,664875,1,0,0,0.498,1.0,1,0
2024-07-12,666142,25,7,1,3.754131,25.0,17,0
2024-07-12,666619,4,2,1,0.755131,4.0,1,0
2024-07-12,666808,5,1,0,0.838,4.0,3,0
2024-07-12,667463,2,0,0,0.323,2.0,2,0
2024-07-12,668674,2,0,0,1.4775263157894738,2.0,2,0
2024-07-12,668968,5,2,1,0.193,4.0,2,0
2024-07-12,669060,4,1,0,0.536,4.0,3,0
2024-07-12,669194,26,5,0,6.369,26.0,21,0
2024-07-12,669211,3,0,1,0.933131,3.0,2,0
2024-07-12,669276,4,2,0,0.56,4.0,2,0
2024-07-12,669373,22,8,1,4.47434975,22.0,13,1
2024-07-12,669387,6,2,0,0.28200000000000003,6.0,4,0
2024-07-12,669711,7,1,0,1.8078522167487687,7.0,6,2
2024-07-12,670059,4,0,1,1.538131,4.0,3,0
2024-07-12,670280,3,1,0,0.023,3.0,2,0
2024-07-12,670810,5,1,0,1.299,5.0,4,0
2024-07-12,670950,6,1,2,2.380262,6.0,3,0
2024-07-12,670990,4,3,0,0.866,4.0,1,0
2024-07-12,671131,20,6,2,6.976534727272727,20.0,12,1
2024-07-12,671345,4,0,0,1.373,4.0,4,0
2024-07-12,671737,27,8,2,4.870262,27.0,17,0
2024-07-12,672335,3,1,1,1.094131,3.0,1,0
2024-07-12,674370,9,2,0,1.139,9.0,7,0
2024-07-12,675540,6,3,0,2.214925373134328,6.0,3,1
2024-07-12,676092,3,2,0,0.24,3.0,1,0
2024-07-12,676254,7,0,0,1.473,7.0,7,0
2024-07-12,676395,6,3,1,1.7091310000000002,6.0,2,0
2024-07-12,676534,5,0,0,1.814,5.0,5,0
2024-07-12,676684,4,1,0,1.137,4.0,3,0
2024-07-12,676979,6,4,0,0.7749999999999999,6.0,2,0
2024-07-12,679885,3,1,0,0.372,3.0,2,0
2024-07-12,680885,25,3,1,5.190131,25.0,21,0
2024-07-12,681867,29,1,2,9.02686309090909,28.0,25,1
2024-07-12,681892,3,0,1,1.1571310000000001,3.0,2,0
2024-07-12,682120,4,1,2,1.4082620000000001,4.0,1,0
2024-07-12,683232,3,0,0,0.545,3.0,3,0
2024-07-12,684320,19,7,3,5.981215222222222,19.0,9,1
2024-07-12,685299,20,3,2,10.912262608058608,20.0,14,4
2024-07-12,685801,4,0,2,2.235262,4.0,2,0
2024-07-12,686563,26,4,2,8.517104105263158,26.0,20,2
2024-07-12,686613,24,5,2,7.538668285714286,24.0,16,0
2024-07-12,686730,21,9,0,3.2727692307692307,21.0,12,0
2024-07-12,686826,5,0,0,1.339,5.0,5,0
2024-07-12,688297,4,0,0,1.6989999999999998,4.0,4,0
2024-07-12,689225,4,1,0,1.998,4.0,3,0
2024-07-12,690829,4,1,0,0.7221920000000001,3.0,1,0
2024-07-12,690986,22,3,1,9.685757782608697,22.0,17,1
2024-07-12,693433,20,1,2,8.30666452631579,20.0,16,1
2024-07-12,694363,5,2,1,1.4011310000000001,5.0,2,0
2024-07-12,695243,4,2,0,0.421,4.0,2,0
2024-07-12,700249,24,6,5,8.500760263157895,24.0,13,1
2024-07-13,445926,5,0,0,3.7842727272727275,5.0,5,1
2024-07-13,458677,4,0,1,1.204131,4.0,3,0
2024-07-13,458681,24,6,2,8.128020620689655,24.0,16,3
2024-07-13,472610,3,1,0,0.314,3.0,2,0
2024-07-13,489446,4,1,1,0.447,3.0,2,0
2024-07-13,502043,23,3,2,10.400722317460318,23.0,18,3
2024-07-13,502085,7,3,0,2.9187391304347834,7.0,4,1
2024-07-13,518397,3,0,0,0.5750000000000001,3.0,3,0
2024-07-13,518585,5,1,0,0.9,5.0,4,0
2024-07-13,519008,5,1,1,2.0919696969696964,4.0,3,1
2024-07-13,542888,4,0,0,0.38,4.0,4,0
2024-07-13,543135,29,7,0,9.968192,29.0,21,1
2024-07-13,547973,4,1,0,0.353,4.0,3,0
2024-07-13,552640,4,2,0,0.7030000000000001,4.0,2,0
2024-07-13,571656,4,0,1,2.393131,4.0,3,0
2024-07-13,571670,7,2,1,2.067131,7.0,4,0
2024-07-13,571882,3,1,0,1.054,3.0,2,0
2024-07-13,571946,3,0,0,1.0781666666666667,3.0,3,0
2024-07-13,572971,16,2,0,4.5489999999999995,16.0,14,0
2024-07-13,573124,3,1,0,0.834625,3.0,2,0
2024-07-13,592767,5,1,0,1.801,5.0,4,0
2024-07-13,594580,1,1,0,0.0,1.0,0,0
2024-07-13,595014,5,1,0,2.3280000000000003,5.0,4,0
2024-07-13,596001,11,1,0,3.8818,11.0,10,1
2024-07-13,600986,5,1,2,2.266062,5.0,2,0
2024-07-13,605121,10,1,2,3.976262,10.0,7,0
2024-07-13,605177,5,0,1,2.281431,5.0,4,1
2024-07-13,605463,8,1,1,3.043988142857143,7.0,5,0
2024-07-13,606930,8,4,0,1.588,8.0,4,0
2024-07-13,607179,9,3,2,2.772262,9.0,4,0
2024-07-13,607455,4,0,0,1.2767307692307692,4.0,4,1
2024-07-13,607481,3,3,0,0.0,3.0,0,0
2024-07-13,607625,25,6,1,9.810089282458282,25.0,18,3
2024-07-13,608032,3,1,0,1.4554999999999998,3.0,2,1
2024-07-13,608371,5,3,0,1.037,5.0,2,0
2024-07-13,608718,5,1,0,1.21,5.0,4,0
2024-07-13,608723,4,1,0,1.293,4.0,3,0
2024-07-13,612434,5,1,0,2.016192,5.0,3,0
2024-07-13,613534,5,2,1,1.8376643333333338,5.0,2,1
2024-07-13,621053,5,3,1,0.807131,5.0,1,0
2024-07-13,621237,7,1,2,3.053262,7.0,4,0
2024-07-13,621244,24,0,4,11.691577111111112,24.0,19,1
2024-07-13,621383,6,2,0,1.221192,6.0,3,0
2024-07-13,623167,25,4,2,8.066750095238095,25.0,19,0
2024-07-13,623211,6,1,0,0.732,6.0,5,0
2024-07-13,623433,4,2,0,1.359,4.0,2,0
2024-07-13,623465,6,1,0,2.106,6.0,5,0
2024-07-13,623520,5,0,1,2.1685657826086957,5.0,4,1
2024-07-13,625643,26,2,0,8.418,26.0,24,0
2024-07-13,640448,4,0,1,1.441131,4.0,3,0
2024-07-13,640462,3,2,0,0.036,3.0,1,0
2024-07-13,641755,4,1,0,1.271,4.0,3,0
2024-07-13,641793,28,3,2,9.339114377358491,28.0,21,1
2024-07-13,642397,1,1,0,0.0,1.0,0,0
2024-07-13,642701,3,2,0,0.069,3.0,1,0
2024-07-13,643377,4,1,0,1.7928749999999993,4.0,3,1
2024-07-13,643410,4,3,0,0.047,4.0,1,0
2024-07-13,647315,7,0,0,2.021875,7.0,7,0
2024-07-13,656222,4,1,0,2.326409090909091,4.0,3,1
2024-07-13,656302,22,11,3,3.5413930000000002,22.0,8,0
2024-07-13,656412,8,1,1,4.901151,8.0,6,1
2024-07-13,656546,5,3,1,0.914131,5.0,1,0
2024-07-13,656730,6,2,0,3.232551773049645,5.0,4,1
2024-07-13,657097,3,0,1,1.110131,3.0,2,0
2024-07-13,657612,7,0,0,2.133,7.0,7,0
2024-07-13,657697,7,2,0,1.74,7.0,5,1
2024-07-13,660896,3,0,0,0.95325,3.0,3,0
2024-07-13,661395,3,1,0,0.504,3.0,2,0
2024-07-13,661403,4,0,0,1.577,4.0,4,0
2024-07-13,661527,5,1,2,1.4462620000000002,5.0,2,0
2024-07-13,661563,24,7,1,7.357769596491228,24.0,16,2
2024-07-13,663158,5,1,0,1.5,5.0,4,0
2024-07-13,663372,20,7,5,7.130988333333334,20.0,8,2
2024-07-13,663460,7,2,0,0.602,6.0,4,0
2024-07-13,663485,4,1,0,0.6950000000000001,4.0,3,0
2024-07-13,663546,6,1,1,3.053131,6.0,4,0
2024-07-13,663574,4,1,0,1.153,4.0,3,0
2024-07-13,663878,7,3,1,4.494767363636364,7.0,3,1
2024-07-13,663969,23,5,0,7.235758152173913,23.0,18,4
2024-07-13,664076,5,0,0,4.268425407925408,5.0,5,2
2024-07-13,664776,3,0,0,0.928,3.0,3,0
2024-07-13,664854,4,1,0,1.399,4.0,3,0
2024-07-13,664875,5,2,0,0.569,5.0,3,0
2024-07-13,665625,6,1,2,1.9122620000000001,6.0,3,0
2024-07-13,665795,17,7,0,7.741356529914531,17.0,9,3
2024-07-13,665871,15,0,2,7.076561435028248,14.0,12,2
2024-07-13,666214,3,0,1,1.412131,3.0,2,0
2024-07-13,667463,6,0,0,1.455,6.0,6,0
2024-07-13,667755,27,5,4,10.226908,26.0,15,0
2024-07-13,668338,3,1,0,0.6979411764705882,3.0,2,0
2024-07-13,668909,20,2,3,7.078837444444445,20.0,15,1
2024-07-13,668941,4,0,1,1.615131,4.0,3,0
2024-07-13,669062,5,2,0,1.298,5.0,3,0
2024-07-13,669093,4,0,0,0.48400000000000004,4.0,4,0
2024-07-13,669211,6,3,1,2.045131,6.0,2,0
2024-07-13,669461,3,2,0,0.0,3.0,1,0
2024-07-13,669622,3,1,0,0.27,3.0,2,0
2024-07-13,669713,26,4,1,9.388130575757575,26.0,20,2
2024-07-13,669923,22,7,2,5.865833428571428,22.0,13,0
2024-07-13,670102,9,1,2,4.787762000000001,9.0,6,1
2024-07-13,670955,4,1,0,0.567,4.0,3,0
2024-07-13,670970,4,2,0,1.1025384615384617,4.0,2,1
2024-07-13,670990,2,0,0,1.247357142857143,1.0,2,1
2024-07-13,671096,19,4,2,7.204119142857143,19.0,13,1
2024-07-13,671305,4,0,1,2.276323,4.0,2,0
2024-07-13,671922,4,3,0,0.4911666666666666,4.0,1,0
2024-07-13,672456,25,4,4,9.972609714285715,25.0,17,1
2024-07-13,673380,5,3,0,0.085,5.0,2,0
2024-07-13,676092,4,0,0,1.1320000000000001,4.0,4,0
2024-07-13,676130,9,5,1,1.702131,9.0,3,0
2024-07-13,676568,3,0,0,1.9929999999999999,3.0,3,0
2024-07-13,676684,4,1,1,1.1611920000000002,3.0,1,0
2024-07-13,676710,26,4,1,5.421323,26.0,20,0
2024-07-13,677053,6,2,0,3.730434782608696,6.0,4,2
2024-07-13,677161,7,2,0,1.8900000000000001,7.0,5,0
2024-07-13,678495,5,0,1,1.5241310000000001,5.0,4,0
2024-07-13,680570,24,7,1,10.128297666666667,24.0,16,4
2024-07-13,680573,21,7,1,5.249131,21.0,13,1
2024-07-13,680704,3,1,0,1.316,3.0,2,0
2024-07-13,680730,7,2,2,3.775119142857143,7.0,3,0
2024-07-13,680736,23,4,2,9.266056923371647,23.0,17,3
2024-07-13,680767,6,1,1,2.481789666666667,6.0,3,0
2024-07-13,681035,21,5,1,7.280436035714286,21.0,14,4
2024-07-13,681293,24,7,3,7.596204047619048,24.0,13,1
2024-07-13,681517,8,2,0,2.4123782991202343,8.0,6,1
2024-07-13,681799,7,3,0,1.557,7.0,4,0
2024-07-13,681869,1,1,0,0.0,1.0,0,0
2024-07-13,681911,4,2,0,2.0619886363636364,4.0,2,1
2024-07-13,682847,22,5,1,4.208131,22.0,16,0
2024-07-13,683769,5,0,0,1.297,5.0,5,0
2024-07-13,685801,3,2,0,0.188,3.0,1,0
2024-07-13,686826,3,1,0,0.643,3.0,2,0
2024-07-13,687765,21,6,5,8.945131588628763,21.0,10,3
2024-07-13,687863,8,2,1,2.168131,8.0,5,0
2024-07-13,687911,6,2,3,2.261393,6.0,1,0
2024-07-13,689147,4,2,0,1.407,4.0,2,0
2024-07-13,690829,4,3,0,0.6610454545454546,4.0,1,0
2024-07-13,693312,4,1,0,0.33799999999999997,4.0,3,0
2024-07-13,700270,22,2,2,7.400262,22.0,18,0
2024-07-13,806185,22,3,3,8.233777,22.0,14,0
2024-07-14,445276,8,3,1,2.537131,8.0,4,0
2024-07-14,453286,17,6,1,5.763599384074941,17.0,10,1
2024-07-14,458677,1,0,0,0.168,1.0,1,0
2024-07-14,489446,5,0,1,1.982131,5.0,4,0
2024-07-14,500779,25,8,1,9.369781,25.0,16,3
2024-07-14,518585,4,2,0,1.331,4.0,2,0
2024-07-14,518886,6,1,2,2.881619142857143,6.0,3,1
2024-07-14,519008,3,0,0,0.383,3.0,3,0
2024-07-14,519043,5,3,1,0.9641310000000001,5.0,1,0
2024-07-14,519242,20,4,2,6.9798377575757575,20.0,14,1
2024-07-14,519293,5,2,1,2.099131,5.0,2,0
2024-07-14,519326,6,2,0,1.17721875,6.0,4,1
2024-07-14,528748,5,1,0,1.938,5.0,4,0
2024-07-14,543859,4,3,0,0.264,4.0,1,0
2024-07-14,552640,6,0,0,5.205687263556117,6.0,6,2
2024-07-14,571945,24,2,0,9.017002943150224,23.0,21,5
2024-07-14,571948,4,0,0,1.154,4.0,4,0
2024-07-14,572955,3,1,0,0.225,3.0,2,0
2024-07-14,573009,4,1,0,0.677,4.0,3,0
2024-07-14,573204,3,1,0,0.722,3.0,2,0
2024-07-14,579328,24,6,3,9.215585,24.0,14,1
2024-07-14,592094,3,2,0,0.11,3.0,1,0
2024-07-14,592454,4,1,0,1.2779166666666664,4.0,3,1
2024-07-14,592767,4,0,0,0.877,4.0,4,0
2024-07-14,592773,1,0,1,0.689131,1.0,0,0
2024-07-14,592791,23,3,0,8.91731513566525,23.0,20,2
2024-07-14,594580,1,0,0,0.104,1.0,1,0
2024-07-14,594902,22,7,2,7.075129119617225,21.0,11,2
2024-07-14,595345,4,2,1,1.3758110000000001,4.0,1,1
2024-07-14,596117,8,0,1,3.2835657826086955,8.0,7,1
2024-07-14,596133,4,1,0,0.7170000000000001,4.0,3,0
2024-07-14,600917,6,1,0,1.5819999999999999,6.0,5,0
2024-07-14,605154,4,1,0,1.2637619047619049,4.0,3,1
2024-07-14,605177,4,2,0,0.9,4.0,2,0
2024-07-14,605280,7,1,2,2.307262,7.0,4,0
2024-07-14,605288,9,2,1,3.173524939393939,9.0,6,1
2024-07-14,605347,8,2,1,1.1791310000000002,8.0,5,0
2024-07-14,605483,21,8,0,2.289,21.0,13,0
2024-07-14,606160,5,1,1,1.3784643333333333,5.0,3,0
2024-07-14,606303,3,3,0,0.0,3.0,0,0
2024-07-14,607067,23,7,1,6.753330999999999,23.0,15,1
2024-07-14,607074,19,7,3,6.432499382978723,19.0,9,1
2024-07-14,607259,4,1,0,0.929,4.0,3,0
2024-07-14,607455,2,1,0,0.575,2.0,1,0
2024-07-14,608334,17,7,1,2.9483230000000002,17.0,8,0
2024-07-14,608371,3,0,0,0.789,2.0,3,0
2024-07-14,608566,20,3,4,7.646887636363637,20.0,13,1
2024-07-14,608723,3,1,1,1.5680005652173912,3.0,1,1
2024-07-14,614179,6,1,0,3.8466666666666667,6.0,5,1
2024-07-14,621053,3,1,0,0.387,3.0,2,0
2024-07-14,621114,3,1,1,1.043131,3.0,1,0
2024-07-14,621345,6,0,1,3.4835961162790703,6.0,5,1
2024-07-14,621363,3,0,0,0.188,3.0,3,0
2024-07-14,621381,2,1,0,0.002,2.0,1,0
2024-07-14,622250,6,1,0,0.831,6.0,5,0
2024-07-14,622251,1,1,0,0.0,1.0,0,0
2024-07-14,622554,8,1,1,4.144237382978723,8.0,6,1
2024-07-14,623149,3,1,0,0.299,3.0,2,0
2024-07-14,628317,12,5,0,1.276,11.0,6,0
2024-07-14,628452,3,1,0,1.839,3.0,2,0
2024-07-14,640462,4,1,1,0.8501310000000001,4.0,2,0
2024-07-14,641703,10,2,0,2.8755454545454544,10.0,8,0
2024-07-14,641729,5,0,0,2.7987657142857145,5.0,5,1
2024-07-14,641755,4,2,0,0.843,4.0,2,0
2024-07-14,641771,19,4,2,6.232885034482759,19.0,12,1
2024-07-14,642048,2,1,0,0.379,2.0,1,0
2024-07-14,642232,15,0,2,5.733262,15.0,13,0
2024-07-14,642239,4,1,0,0.077,4.0,3,0
2024-07-14,642701,5,1,0,1.7610000000000001,5.0,4,0
2024-07-14,643338,5,1,0,1.720625,5.0,4,1
2024-07-14,643377,3,1,0,0.023,3.0,2,0
2024-07-14,643511,3,0,0,0.7,3.0,3,0
2024-07-14,647336,1,0,0,0.0,1.0,1,0
2024-07-14,650893,2,0,0,0.398,2.0,2,0
2024-07-14,656222,4,1,1,1.652131,4.0,2,0
2024-07-14,656412,2,1,1,0.689131,2.0,0,0
2024-07-14,656464,6,2,0,3.572,6.0,4,1
2024-07-14,656605,16,3,3,6.085823095238095,16.0,9,1
2024-07-14,656629,3,1,0,0.026,3.0,2,0
2024-07-14,656641,2,1,0,0.128,2.0,1,0
2024-07-14,656848,3,1,1,0.7021310000000001,3.0,1,0
2024-07-14,656945,6,2,2,0.803131,5.0,2,0
2024-07-14,657097,4,1,1,1.004131,4.0,2,0
2024-07-14,657514,2,1,0,0.0,2.0,1,0
2024-07-14,660896,1,0,0,0.007,1.0,1,0
2024-07-14,661395,1,0,0,0.099,1.0,1,0
2024-07-14,661527,3,1,0,0.832,3.0,2,0
2024-07-14,663432,6,2,2,1.9665120000000003,6.0,2,0
2024-07-14,663568,6,0,0,4.928,6.0,6,1
2024-07-14,663574,1,0,0,0.433,1.0,1,0
2024-07-14,663623,23,3,3,10.553301417508417,23.0,17,2
2024-07-14,663704,4,0,0,0.637,3.0,3,0
2024-07-14,663893,4,1,0,0.954,3.0,3,0
2024-07-14,663903,16,3,1,9.811908777777777,16.0,12,4
2024-07-14,663947,7,2,0,1.730263157894737,7.0,5,1
2024-07-14,663978,21,6,1,7.192669461538461,21.0,14,2
2024-07-14,664126,5,0,0,1.84,5.0,5,0
2024-07-14,664208,1,1,0,0.0,1.0,0,0
2024-07-14,664747,5,1,0,0.763,5.0,4,0
2024-07-14,664776,2,1,0,0.228,2.0,1,0
2024-07-14,664849,4,2,0,0.775,4.0,2,0
2024-07-14,664875,3,2,0,0.725,3.0,1,0
2024-07-14,665152,21,4,2,6.160898976076555,20.0,14,2
2024-07-14,666157,19,4,4,5.900309714285714,19.0,11,0
2024-07-14,666205,3,1,0,0.44599999999999995,3.0,2,0
2024-07-14,666808,4,1,1,1.6592976666666666,4.0,2,0
2024-07-14,666974,5,0,1,2.2891310000000002,5.0,4,0
2024-07-14,668678,20,1,1,8.160345285714286,20.0,18,0
2024-07-14,668968,6,2,1,2.321323,6.0,2,0
2024-07-14,669093,4,2,0,2.3890000000000002,4.0,2,1
2024-07-14,669302,23,9,0,3.654861111111111,23.0,14,1
2024-07-14,669308,5,3,1,1.0641310000000002,5.0,1,0
2024-07-14,669387,6,1,2,2.457262,6.0,3,0
2024-07-14,669432,21,4,3,5.9238512375478924,21.0,14,2
2024-07-14,669461,1,1,0,0.0,1.0,0,0
2024-07-14,669622,1,0,0,0.276,1.0,1,0
2024-07-14,669674,7,2,0,2.034,7.0,5,0
2024-07-14,669854,22,5,2,6.047706444444445,22.0,15,1
2024-07-14,670059,3,2,0,0.006,3.0,1,0
2024-07-14,670167,1,0,0,0.0,0.0,0,0
2024-07-14,670950,3,0,0,0.515,3.0,3,0
2024-07-14,670990,7,1,0,2.449,6.0,6,0
2024-07-14,671345,5,1,2,1.728262,5.0,2,0
2024-07-14,671922,6,2,0,0.966,6.0,4,0
2024-07-14,672335,4,2,0,0.383,4.0,2,0
2024-07-14,672582,6,1,0,0.579,6.0,5,0
2024-07-14,672710,3,1,0,0.08600000000000001,3.0,2,0
2024-07-14,673513,3,0,0,0.031,3.0,3,0
2024-07-14,673929,8,0,1,2.802131,8.0,7,0
2024-07-14,674285,7,4,2,2.296262,7.0,1,0
2024-07-14,675650,19,2,3,9.471239153846154,19.0,14,3
2024-07-14,676254,2,0,0,0.095,2.0,2,0
2024-07-14,678394,26,3,1,10.605303294372295,25.0,21,2
2024-07-14,679885,3,1,0,0.8760000000000001,3.0,2,0
2024-07-14,680767,8,2,1,2.171168037037037,8.0,5,1
2024-07-14,681190,19,5,1,6.7259536495726495,19.0,13,2
2024-07-14,681676,5,1,1,1.799131,5.0,3,0
2024-07-14,681869,4,0,1,0.9571310000000001,4.0,3,0
2024-07-14,682990,8,0,0,2.689,8.0,8,0
2024-07-14,683155,24,5,1,4.241323,24.0,17,0
2024-07-14,683232,5,3,1,1.125131,5.0,1,0
2024-07-14,683769,4,0,0,2.0272142857142854,4.0,4,1
2024-07-14,686294,5,1,0,2.6169629629629627,5.0,4,1
2024-07-14,686539,4,1,0,1.447,4.0,3,0
2024-07-14,686752,21,4,0,5.894329931034483,21.0,16,1
2024-07-14,688297,3,1,0,0.386,3.0,2,0
2024-07-14,689147,3,0,0,1.274,3.0,3,0
2024-07-14,689225,7,0,0,3.1004666666666667,6.0,6,1
2024-07-14,693312,3,0,0,0.438,3.0,3,0
2024-07-14,694363,7,0,1,3.335863418524872,7.0,6,2
2024-07-19,493603,3,1,0,0.669,3.0,2,0
2024-07-19,519043,7,2,0,3.705765714285715,7.0,5,2
2024-07-19,519151,3,0,0,0.231,3.0,3,0
2024-07-19,527048,21,4,2,8.312907535353535,21.0,14,2
2024-07-19,542888,5,2,0,2.762684210526316,5.0,3,1
2024-07-19,543037,25,8,1,5.737811000000001,25.0,16,1
2024-07-19,543135,23,2,0,10.075464021164022,23.0,21,3
2024-07-19,543339,3,1,0,0.999,3.0,2,0
2024-07-19,571578,22,6,0,5.78,22.0,16,0
2024-07-19,571656,7,3,1,1.1440000000000001,6.0,3,0
2024-07-19,571882,3,1,1,1.603131,3.0,1,0
2024-07-19,572143,3,1,0,0.14900000000000002,3.0,2,0
2024-07-19,592351,4,0,0,1.703,4.0,4,0
2024-07-19,592426,4,2,1,2.3794643333333334,4.0,1,1
2024-07-19,592454,3,2,0,0.205,3.0,1,0
2024-07-19,593423,22,3,3,6.994720044025158,22.0,16,1
2024-07-19,601713,21,8,1,3.685544793103448,21.0,12,1
2024-07-19,605135,28,6,1,9.223628210918115,28.0,20,1
2024-07-19,605177,3,1,0,0.041999999999999996,3.0,2,0
2024-07-19,605347,5,2,1,1.3301310000000002,5.0,2,0
2024-07-19,605400,22,4,1,7.969086157894737,22.0,16,3
2024-07-19,606930,3,3,0,0.0,3.0,0,0
2024-07-19,607179,4,1,0,0.41400000000000003,4.0,3,0
2024-07-19,607455,3,2,0,0.396,3.0,1,0
2024-07-19,608379,24,7,1,5.671131,24.0,16,0
2024-07-19,608717,4,1,0,1.5740166666666675,4.0,3,1
2024-07-19,608718,2,1,0,0.089,2.0,1,0
2024-07-19,613534,2,0,1,0.907131,2.0,1,0
2024-07-19,615698,26,5,2,8.530073565217391,26.0,18,2
2024-07-19,621053,4,2,1,0.692131,4.0,1,0
2024-07-19,621107,26,5,4,9.465452961748634,25.0,17,1
2024-07-19,621114,1,1,0,0.0,1.0,0,0
2024-07-19,621237,5,1,1,1.563131,5.0,3,0
2024-07-19,622491,28,3,1,9.338037285714286,28.0,23,1
2024-07-19,622786,6,2,0,1.0939999999999999,6.0,4,0
2024-07-19,623149,5,2,0,1.754,5.0,3,0
2024-07-19,623167,24,4,5,10.642608547633742,21.0,14,4
2024-07-19,623352,3,1,0,0.308,3.0,2,0
2024-07-19,640448,2,0,1,1.125131,2.0,1,0
2024-07-19,640455,24,1,1,10.036936092592594,24.0,22,2
2024-07-19,640462,4,2,1,1.3028452857142856,4.0,1,0
2024-07-19,641645,5,0,1,1.789131,5.0,4,0
2024-07-19,641755,5,2,1,2.0151310000000002,5.0,2,0
2024-07-19,641771,13,2,0,2.8654358974358973,13.0,11,0
2024-07-19,642016,3,0,0,0.209,3.0,3,0
2024-07-19,642048,4,2,1,0.7091310000000001,4.0,1,0
2024-07-19,642232,3,0,0,0.577,3.0,3,0
2024-07-19,642397,5,0,0,1.725,5.0,5,0
2024-07-19,642546,9,3,1,3.243381,9.0,5,1
2024-07-19,642701,5,0,0,2.349192,5.0,4,0
2024-07-19,643338,3,0,0,0.774,3.0,3,0
2024-07-19,643511,4,0,0,1.6891818181818183,4.0,4,0
2024-07-19,650556,3,2,0,0.286,3.0,1,0
2024-07-19,650893,3,2,0,0.189,3.0,1,0
2024-07-19,655889,4,0,1,1.000131,4.0,3,0
2024-07-19,656222,4,2,0,0.363,4.0,2,0
2024-07-19,656288,18,3,2,5.768158103896104,18.0,13,1
2024-07-19,656354,3,0,1,1.411323,3.0,1,0
2024-07-19,656427,21,8,1,6.076068931034483,21.0,12,3
2024-07-19,656464,5,1,0,0.6799999999999999,5.0,4,0
2024-07-19,656546,3,3,0,0.0,3.0,0,0
2024-07-19,656945,4,1,0,0.781,4.0,3,0
2024-07-19,657006,25,6,2,8.981559263157894,24.0,16,0
2024-07-19,657044,4,1,0,0.7185263157894738,4.0,3,0
2024-07-19,657514,3,0,1,1.5264310344827587,2.0,2,1
2024-07-19,657571,4,1,0,0.977,4.0,3,0
2024-07-19,663362,23,5,0,6.204,22.0,18,0
2024-07-19,663568,4,0,0,1.736,4.0,4,0
2024-07-19,663574,3,2,0,0.058,3.0,1,0
2024-07-19,663947,3,0,0,0.4,3.0,3,0
2024-07-19,664076,4,1,1,1.240131,4.0,2,0
2024-07-19,664208,4,2,0,1.4085999999999999,4.0,2,0
2024-07-19,664776,3,1,0,1.1696923076923076,3.0,2,0
2024-07-19,664849,1,0,0,0.143,1.0,1,0
2024-07-19,665795,22,1,5,9.232682777777779,21.0,15,1
2024-07-19,668968,3,1,0,0.453,3.0,2,0
2024-07-19,669194,22,9,2,4.487262,22.0,11,0
2024-07-19,669203,24,6,4,8.965933090909092,24.0,14,2
2024-07-19,669211,7,3,0,1.131192,7.0,3,0
2024-07-19,669308,3,0,0,1.0225,3.0,3,0
2024-07-19,669387,5,1,0,0.933,5.0,4,0
2024-07-19,669622,3,0,0,0.9959999999999999,3.0,3,0
2024-07-19,669711,2,0,0,0.5690000000000001,2.0,2,0
2024-07-19,669713,5,1,0,0.852,5.0,4,0
2024-07-19,670059,3,2,0,0.584,3.0,1,0
2024-07-19,671305,3,1,0,0.519,3.0,2,0
2024-07-19,671345,3,0,0,0.156,3.0,3,0
2024-07-19,671922,4,2,0,0.09,4.0,2,0
2024-07-19,672710,9,1,1,3.048131,9.0,7,0
2024-07-19,673380,5,2,2,1.6762620000000001,5.0,1,0
2024-07-19,673513,3,3,0,0.0,3.0,0,0
2024-07-19,674370,3,1,0,0.106,3.0,2,0
2024-07-19,676092,3,3,0,0.0,3.0,0,0
2024-07-19,676254,7,1,2,1.858131,6.0,4,0
2024-07-19,676440,21,3,3,8.633655295081969,21.0,15,2
2024-07-19,676534,4,0,1,2.1271310000000003,4.0,3,1
2024-07-19,676664,24,4,0,10.23166213618337,24.0,20,3
2024-07-19,676684,2,0,0,1.14,2.0,2,0
2024-07-19,677053,3,0,0,1.4376603773584908,3.0,3,1
2024-07-19,677161,6,2,2,1.489262,6.0,2,0
2024-07-19,678495,5,1,0,2.828192,5.0,3,1
2024-07-19,678606,4,1,1,1.085131,4.0,2,0
2024-07-19,679525,5,1,0,1.053,5.0,4,0
2024-07-19,679885,3,0,2,1.981262,3.0,1,0
2024-07-19,680704,4,1,0,1.306,4.0,3,0
2024-07-19,680767,3,1,0,0.129,3.0,2,0
2024-07-19,681911,4,3,0,0.3776666666666666,4.0,1,0
2024-07-19,682990,3,1,0,0.5549999999999999,3.0,2,0
2024-07-19,683769,4,0,0,1.12,4.0,4,0
2024-07-19,686613,24,5,3,7.193964428571428,24.0,16,0
2024-07-19,689147,5,1,0,1.188,5.0,4,0
2024-07-19,689225,3,0,0,1.3490000000000002,3.0,3,0
2024-07-19,690986,20,6,4,5.502716,20.0,9,0
2024-07-19,693312,8,3,2,2.0882620000000003,8.0,3,0
2024-07-19,694813,21,3,0,7.272798901853123,21.0,18,1
2024-07-20,445276,6,1,1,1.097421052631579,5.0,4,1
2024-07-20,450203,23,4,1,4.7807976666666665,23.0,18,0
2024-07-20,453286,14,1,2,6.231454,14.0,10,1
2024-07-20,458677,5,0,0,1.169,5.0,5,0
2024-07-20,502043,24,6,2,7.013262,24.0,16,0
2024-07-20,518397,2,0,0,1.038,2.0,2,0
2024-07-20,518585,3,0,0,1.728192,3.0,2,0
2024-07-20,518886,5,2,1,1.353131,5.0,2,0
2024-07-20,519151,4,1,0,1.2966586666666666,4.0,2,0
2024-07-20,523260,4,1,1,1.937216714285715,4.0,2,1
2024-07-20,542888,5,2,0,1.1901920000000001,5.0,2,0
2024-07-20,543243,28,10,0,11.990995098039214,28.0,18,4
2024-07-20,543294,22,2,3,7.630158446327684,22.0,16,2
2024-07-20,543859,7,2,2,1.4462620000000002,7.0,3,0
2024-07-20,547973,3,3,0,0.0,3.0,0,0
2024-07-20,552640,5,1,0,0.883,5.0,4,0
2024-07-20,554340,3,3,0,0.0,3.0,0,0
2024-07-20,570632,15,4,5,5.794942604651163,14.0,6,1
2024-07-20,571670,9,1,1,2.346131,9.0,7,0
2024-07-20,571882,7,2,0,1.7160000000000002,7.0,5,0
2024-07-20,571946,3,0,0,0.7240000000000001,3.0,3,0
2024-07-20,572955,3,1,0,1.093,3.0,2,0
2024-07-20,579328,23,8,2,6.666454,23.0,12,0
2024-07-20,592155,4,2,1,0.696131,4.0,1,0
2024-07-20,592767,7,1,0,1.318,7.0,6,0
2024-07-20,592773,5,1,1,2.571514333333333,5.0,3,1
2024-07-20,594580,1,0,0,0.244,1.0,1,0
2024-07-20,595014,4,1,0,0.7291920000000001,4.0,2,0
2024-07-20,595345,5,0,1,0.179,3.0,4,0
2024-07-20,596001,8,1,0,3.1406806526806528,8.0,7,2
2024-07-20,600917,4,0,0,0.8471333333333332,4.0,4,1
2024-07-20,605130,3,1,0,0.481,3.0,2,0
2024-07-20,605463,1,0,0,0.009,1.0,1,0
2024-07-20,606303,4,1,0,1.2690000000000001,4.0,3,0
2024-07-20,607179,6,1,1,2.7165496046511626,6.0,4,1
2024-07-20,607455,5,0,1,4.168607190476191,5.0,4,2
2024-07-20,607481,5,3,0,0.999,5.0,2,0
2024-07-20,607536,24,4,1,7.461715415584416,23.0,18,3
2024-07-20,608638,5,0,1,1.979931,5.0,4,0
2024-07-20,608723,3,1,0,0.44999999999999996,3.0,2,0
2024-07-20,613534,4,1,1,1.368131,4.0,2,0
2024-07-20,614179,2,0,0,0.955,2.0,2,1
2024-07-20,621051,3,2,0,0.441,3.0,1,0
2024-07-20,621053,7,2,0,1.804137931034483,7.0,5,1
2024-07-20,621114,3,0,0,0.341,3.0,3,0
2024-07-20,621242,3,1,0,0.362,3.0,2,0
2024-07-20,621381,6,2,1,2.531797666666667,6.0,3,1
2024-07-20,621383,8,2,3,2.283262,7.0,3,0
2024-07-20,622251,5,0,0,3.1191071428571426,5.0,5,1
2024-07-20,622554,3,0,0,0.544,3.0,3,0
2024-07-20,622663,25,7,3,4.742585,25.0,14,0
2024-07-20,623149,4,1,0,1.9260000000000002,4.0,3,0
2024-07-20,623211,4,1,0,0.78,4.0,3,0
2024-07-20,623352,4,2,1,1.5352698888888892,4.0,1,1
2024-07-20,623465,4,1,0,2.0529661016949152,4.0,3,1
2024-07-20,628317,9,1,0,3.82959375,9.0,8,1
2024-07-20,628452,4,1,1,0.893131,4.0,2,0
2024-07-20,640448,3,1,0,0.807,3.0,2,1
2024-07-20,640451,6,2,1,3.4027525106732353,6.0,3,2
2024-07-20,641154,26,7,1,7.078435347826088,24.0,17,1
2024-07-20,641482,22,1,2,9.96274705074161,22.0,19,3
2024-07-20,641703,6,3,0,1.278,6.0,3,0
2024-07-20,641729,3,0,0,1.293,3.0,3,0
2024-07-20,642016,11,2,1,3.805515,11.0,6,0
2024-07-20,642239,1,0,0,0.4443636363636364,1.0,1,0
2024-07-20,642547,22,8,2,3.603262,22.0,12,0
2024-07-20,643377,3,0,0,1.053,3.0,2,0
2024-07-20,650556,3,2,1,0.689131,3.0,0,0
2024-07-20,650911,24,2,0,9.01309677419355,22.0,20,2
2024-07-20,656302,22,10,1,2.731131,22.0,11,0
2024-07-20,656412,6,3,0,0.38,6.0,3,0
2024-07-20,656464,3,0,0,0.08499999999999999,3.0,3,0
2024-07-20,656550,13,2,1,5.796475486215539,13.0,10,3
2024-07-20,656641,6,2,1,3.8218961515151513,6.0,3,1
2024-07-20,656671,13,2,1,5.647537779661016,13.0,10,1
2024-07-20,656730,4,1,1,0.209,3.0,2,0
2024-07-20,657024,3,0,0,0.313,3.0,3,0
2024-07-20,657044,3,0,0,0.792,3.0,3,0
2024-07-20,657097,4,2,0,1.0739999999999998,4.0,2,0
2024-07-20,657277,28,4,4,10.183465176470587,27.0,19,1
2024-07-20,658648,5,2,0,1.5911666666666666,5.0,3,0
2024-07-20,660896,4,0,0,1.429,4.0,4,0
2024-07-20,661395,3,2,0,0.046,3.0,1,0
2024-07-20,663423,5,3,0,0.6782222222222223,4.0,1,1
2024-07-20,663460,4,1,1,1.418131,4.0,2,0
2024-07-20,663485,3,0,0,1.1792692307692307,3.0,3,0
2024-07-20,663542,6,0,1,2.8466962173913046,6.0,5,0
2024-07-20,663546,3,2,0,0.607,3.0,1,0
2024-07-20,663773,4,1,1,1.379131,4.0,2,0
2024-07-20,663893,2,0,0,0.595,2.0,2,0
2024-07-20,663903,27,7,2,8.268262,27.0,18,0
2024-07-20,663947,7,3,0,1.488,7.0,4,0
2024-07-20,664285,24,6,4,7.62073452631579,24.0,14,1
2024-07-20,665625,3,1,0,0.346,3.0,2,0
2024-07-20,666157,28,8,1,7.432145222222222,28.0,18,2
2024-07-20,666974,3,1,0,1.309,3.0,2,0
2024-07-20,668338,3,1,0,0.056,3.0,2,0
2024-07-20,668678,24,4,6,7.531655565217392,24.0,14,1
2024-07-20,668909,21,5,2,8.377915230769231,21.0,12,0
2024-07-20,669022,12,2,4,5.127524,12.0,6,0
2024-07-20,669062,3,2,0,0.0,3.0,1,0
2024-07-20,669093,3,0,0,0.562,3.0,3,0
2024-07-20,669276,5,2,0,0.47300000000000003,5.0,3,0
2024-07-20,669711,8,2,2,2.971131,6.0,4,1
2024-07-20,669923,23,6,0,4.855657116279071,23.0,16,1
2024-07-20,670046,16,3,1,4.182565217391304,15.0,12,0
2024-07-20,670174,5,0,1,3.118131,5.0,4,0
2024-07-20,670280,4,1,0,2.806141414141414,4.0,3,1
2024-07-20,670950,6,0,1,3.919761434782609,6.0,5,1
2024-07-20,670990,6,1,1,1.9658,5.0,4,1
2024-07-20,671737,23,5,2,5.269525157894737,23.0,16,1
2024-07-20,672335,3,0,2,2.122262,3.0,1,0
2024-07-20,673380,5,3,0,0.587,5.0,2,0
2024-07-20,673513,3,0,0,0.14200000000000002,3.0,3,0
2024-07-20,675921,11,2,0,4.134364695340502,11.0,9,2
2024-07-20,676130,4,2,1,0.689131,3.0,1,0
2024-07-20,676395,3,1,0,0.817,3.0,2,0
2024-07-20,677053,4,2,0,0.608,4.0,2,0
2024-07-20,678394,24,7,1,9.210466714285715,24.0,16,2
2024-07-20,679885,3,2,0,0.492,3.0,1,0
2024-07-20,680570,23,8,2,5.309262,23.0,13,1
2024-07-20,680736,17,5,2,3.993262,17.0,10,1
2024-07-20,680767,3,1,0,0.481,3.0,2,0
2024-07-20,681517,7,2,0,1.7134310344827588,7.0,5,1
2024-07-20,681676,6,1,1,1.241131,5.0,4,0
2024-07-20,681857,7,0,2,2.247262,7.0,5,0
2024-07-20,682120,4,1,1,1.073131,4.0,2,0
2024-07-20,682610,21,5,3,8.577083652291106,21.0,12,2
2024-07-20,682847,25,2,2,5.757262,25.0,21,0
2024-07-20,683232,6,4,0,0.002,6.0,2,0
2024-07-20,685801,5,2,0,1.045,5.0,3,0
2024-07-20,686563,24,4,0,7.921985714285714,23.0,19,1
2024-07-20,686799,19,4,3,7.958393,18.0,11,2
2024-07-20,687330,5,0,0,2.5925499999999997,5.0,5,1
2024-07-20,687765,24,3,3,5.960393,24.0,18,0
2024-07-20,688297,3,0,1,0.691131,2.0,2,0
2024-07-20,693821,24,9,1,7.727715699453553,24.0,14,2
2024-07-21,445276,6,1,0,2.425642857142857,6.0,5,0
2024-07-21,445926,10,1,3,3.9768475454545458,10.0,6,0
2024-07-21,458677,2,0,0,1.953106382978723,2.0,2,1
2024-07-21,472610,3,1,0,0.352,3.0,2,0
2024-07-21,489446,3,2,0,0.07,3.0,1,0
2024-07-21,502085,6,2,1,2.9860764545454543,6.0,3,1
2024-07-21,502624,4,1,1,1.007131,4.0,2,0
2024-07-21,518397,3,0,0,1.3154666666666668,3.0,3,1
2024-07-21,518617,5,1,1,1.4603230000000003,5.0,2,0
2024-07-21,519008,5,0,0,0.645,5.0,5,0
2024-07-21,519326,5,0,1,1.392131,5.0,4,0
2024-07-21,523260,3,2,0,0.326,3.0,1,0
2024-07-21,528748,1,0,1,0.689131,1.0,0,0
2024-07-21,543339,2,0,0,0.456,2.0,2,0
2024-07-21,552640,4,0,0,1.233,4.0,4,0
2024-07-21,571760,20,4,3,7.074548,18.0,12,2
2024-07-21,571945,23,3,1,9.293296178571428,23.0,19,1
2024-07-21,572020,24,7,4,8.26317288337469,24.0,13,1
2024-07-21,572143,1,0,0,0.076,1.0,1,0
2024-07-21,573009,3,0,1,0.26,2.0,2,0
2024-07-21,573186,21,5,0,7.074677161862527,20.0,15,2
2024-07-21,573204,5,0,1,3.333131,5.0,4,1
2024-07-21,592094,6,1,0,4.058,6.0,5,1
2024-07-21,592332,27,5,3,8.570088021645022,27.0,19,2
2024-07-21,593576,4,1,1,0.8341310000000001,4.0,2,0
2024-07-21,594835,21,4,1,9.249314375104428,21.0,16,3
2024-07-21,594902,23,2,2,8.216735684210526,23.0,19,1
2024-07-21,596133,6,2,1,1.1879643333333334,6.0,3,0
2024-07-21,605121,5,2,0,0.451,4.0,3,0
2024-07-21,605154,7,2,0,3.374,7.0,5,0
2024-07-21,605288,10,2,1,4.044647129032258,10.0,7,1
2024-07-21,607455,4,1,0,1.700192,4.0,2,0
2024-07-21,607625,30,6,0,8.241458666666666,30.0,23,1
2024-07-21,608032,4,0,1,2.3240532222222225,4.0,3,1
2024-07-21,608334,20,3,2,6.392553666666666,20.0,15,0
2024-07-21,608371,5,2,0,0.7939999999999999,5.0,3,0
2024-07-21,614179,3,0,0,1.411,3.0,3,0
2024-07-21,621237,4,2,0,0.665,4.0,2,0
2024-07-21,621345,3,2,0,0.005,3.0,1,0
2024-07-21,621363,3,1,0,0.5469999999999999,3.0,2,0
2024-07-21,622250,7,3,0,1.415,7.0,4,0
2024-07-21,623465,6,1,2,3.347671090909091,6.0,3,1
2024-07-21,628708,4,1,0,1.698,4.0,3,0
2024-07-21,640448,3,1,0,0.795,3.0,2,0
2024-07-21,640462,4,2,0,1.13,4.0,2,0
2024-07-21,641329,4,0,0,0.197,3.0,3,0
2024-07-21,641755,4,0,0,2.576533333333334,4.0,4,1
2024-07-21,642048,3,1,1,1.7810434782608695,2.0,1,1
2024-07-21,642232,4,3,0,0.6041818181818183,4.0,1,0
2024-07-21,642239,2,1,0,0.002,2.0,1,0
2024-07-21,642701,4,2,0,1.056137931034483,4.0,2,1
2024-07-21,643338,5,0,0,1.626175,5.0,5,1
2024-07-21,643377,5,1,0,1.1203333333333334,5.0,4,0
2024-07-21,643410,3,2,0,0.003,3.0,1,0
2024-07-21,643511,4,0,0,1.383,4.0,4,0
2024-07-21,650633,23,6,1,4.243131,23.0,16,0
2024-07-21,650644,21,4,4,7.807593561219391,21.0,12,2
2024-07-21,650893,4,1,1,1.8021310000000001,4.0,2,0
2024-07-21,655889,3,1,0,0.479,3.0,2,0
2024-07-21,656222,3,0,0,0.31,3.0,3,0
2024-07-21,656730,5,1,0,1.8558460317460317,5.0,4,1
2024-07-21,656945,3,2,0,0.006,3.0,1,0
2024-07-21,657265,3,0,0,0.592,3.0,3,0
2024-07-21,657571,1,0,0,0.059,1.0,1,0
2024-07-21,657612,3,0,0,0.854,3.0,3,0
2024-07-21,657649,5,1,1,1.683131,5.0,3,0
2024-07-21,657746,25,6,0,4.53675,24.0,18,0
2024-07-21,660896,4,2,0,2.3689999999999998,4.0,2,1
2024-07-21,661403,3,0,0,0.46399999999999997,3.0,3,0
2024-07-21,661527,7,1,1,3.170331,6.0,4,0
2024-07-21,662253,3,3,0,0.0,3.0,0,0
2024-07-21,663158,4,1,0,0.9873243243243245,4.0,3,1
2024-07-21,663372,27,6,1,10.078712818181819,26.0,19,2
2024-07-21,663623,26,7,0,7.977743333333334,26.0,19,3
2024-07-21,663969,22,3,1,6.313131,22.0,18,1
2024-07-21,664076,2,1,0,0.6871538461538464,2.0,1,1
2024-07-21,664126,5,1,1,2.647019888888889,5.0,3,1
2024-07-21,664776,4,1,1,2.8131310000000003,4.0,2,1
2024-07-21,664854,5,2,1,1.836131,5.0,2,1
2024-07-21,665152,24,2,3,9.196985074592074,23.0,18,2
2024-07-21,665625,6,2,1,1.9391310000000002,6.0,3,0
2024-07-21,666619,6,0,0,2.245,6.0,6,0
2024-07-21,666808,4,2,1,0.8501310000000001,4.0,1,0
2024-07-21,668674,4,0,1,3.071323,4.0,2,0
2024-07-21,668968,3,0,1,1.390131,3.0,2,0
2024-07-21,669060,4,1,1,0.787131,4.0,2,0
2024-07-21,669093,3,1,1,0.763131,3.0,1,0
2024-07-21,669211,3,1,0,0.8109999999999999,3.0,2,0
2024-07-21,669358,18,1,5,8.506655,18.0,12,0
2024-07-21,669432,22,5,2,5.615262,22.0,15,0
2024-07-21,669854,24,5,1,10.917320025500878,24.0,18,4
2024-07-21,670955,3,1,0,0.7330000000000001,3.0,2,0
2024-07-21,671096,28,1,3,11.203568925925927,28.0,24,3
2024-07-21,671111,1,1,0,0.0,1.0,0,0
2024-07-21,671305,8,5,1,2.1191310000000003,8.0,2,0
2024-07-21,671345,2,0,1,1.2394435000000001,2.0,1,0
2024-07-21,671922,5,2,1,2.239323,5.0,1,0
2024-07-21,672456,23,3,0,9.156309523809524,23.0,20,2
2024-07-21,676092,4,2,0,1.8780166666666676,4.0,2,1
2024-07-21,676254,4,1,0,1.8871999999999998,4.0,3,1
2024-07-21,676395,4,1,1,0.7011310000000001,4.0,2,0
2024-07-21,676534,4,2,0,1.134,4.0,2,0
2024-07-21,676596,11,0,1,5.806942688311689,11.0,10,1
2024-07-21,676684,4,1,1,1.578131,4.0,2,0
2024-07-21,676710,22,2,0,9.424326591836047,22.0,20,5
2024-07-21,679885,6,0,1,1.743131,6.0,5,0
2024-07-21,680704,4,3,0,0.5442142857142857,4.0,1,0
2024-07-21,680885,25,8,0,9.162714093701997,25.0,17,3
2024-07-21,681035,21,4,2,8.06833883982684,20.0,15,2
2024-07-21,681676,3,1,0,0.5640000000000001,3.0,2,0
2024-07-21,681869,3,0,0,0.793,3.0,3,0
2024-07-21,683155,26,4,2,10.007856033598586,26.0,19,3
2024-07-21,684007,25,10,1,5.237203952380953,25.0,13,1
2024-07-21,686539,5,3,0,0.6719999999999999,5.0,2,0
2024-07-21,686826,4,0,1,1.104131,4.0,3,0
2024-07-21,687863,3,2,0,0.51,3.0,1,0
2024-07-21,689225,7,5,0,1.121,7.0,2,0
2024-07-21,689672,23,5,2,7.2454540000000005,23.0,15,0
2024-07-21,690544,3,1,0,0.314,3.0,2,0
2024-07-21,690829,5,0,2,2.172262,5.0,3,0
2024-07-21,693312,7,2,1,1.961131,7.0,4,0
2024-07-21,693433,20,5,0,4.795833333333333,20.0,15,1
2024-07-21,694297,23,7,1,3.94929249068323,23.0,15,1
2024-07-21,806185,22,12,2,2.8776256363636366,22.0,8,0
2024-07-22,471911,24,6,0,6.776939668174963,24.0,18,2
2024-07-22,472610,4,2,0,0.23,4.0,2,0
2024-07-22,489446,5,2,1,1.5735976666666667,5.0,2,1
2024-07-22,502085,3,1,0,0.5599999999999999,3.0,2,0
2024-07-22,502624,1,0,0,0.931,1.0,1,0
2024-07-22,518585,3,1,0,0.185,3.0,2,0
2024-07-22,519293,5,1,1,1.029131,5.0,3,0
2024-07-22,519326,3,2,0,0.35,3.0,1,0
2024-07-22,528748,14,3,0,3.846817,14.0,10,0
2024-07-22,542881,22,8,1,5.945323,22.0,12,0
2024-07-22,543339,4,2,1,0.761131,4.0,1,0
2024-07-22,547179,23,8,2,6.730262,22.0,12,2
2024-07-22,547973,3,1,0,0.615,3.0,2,0
2024-07-22,571946,4,1,0,1.429,4.0,3,0
2024-07-22,571948,9,2,1,2.098131,9.0,6,0
2024-07-22,592155,3,0,0,1.091,3.0,3,0
2024-07-22,592454,4,0,0,0.291,4.0,4,0
2024-07-22,592767,6,0,0,2.2359999999999998,6.0,6,0
2024-07-22,592773,3,1,2,1.378262,3.0,0,0
2024-07-22,593576,4,0,0,0.9276,4.0,4,0
2024-07-22,595014,4,2,1,0.906131,4.0,1,0
2024-07-22,596295,24,5,1,7.9624258717948715,24.0,18,2
2024-07-22,600917,6,4,0,0.221,6.0,2,0
2024-07-22,605154,6,1,1,2.1607976666666664,6.0,4,0
2024-07-22,605177,2,2,0,0.0,2.0,0,0
2024-07-22,605483,23,4,2,6.506028666666667,23.0,17,1
2024-07-22,606160,3,0,0,2.228681818181818,3.0,3,1
2024-07-22,606303,1,0,0,0.144,1.0,1,0
2024-07-22,607074,25,10,2,5.033655939393939,25.0,13,1
2024-07-22,607200,24,5,2,8.447481620088473,24.0,17,2
2024-07-22,607481,7,3,0,1.2930000000000001,7.0,4,0
2024-07-22,608032,3,1,0,0.008,3.0,2,0
2024-07-22,608638,6,0,1,3.302342538461539,6.0,5,1
2024-07-22,608717,5,0,2,3.387262,5.0,3,1
2024-07-22,612434,8,1,0,4.202299999999999,8.0,7,2
2024-07-22,613534,2,1,0,0.515,2.0,1,0
2024-07-22,621051,5,1,2,1.0173333333333334,2.0,2,1
2024-07-22,621242,6,1,1,2.333131,6.0,4,0
2024-07-22,622554,5,1,0,2.110344322344323,5.0,4,2
2024-07-22,623211,6,2,0,0.173,6.0,4,0
2024-07-22,624133,24,4,1,6.918131,23.0,18,0
2024-07-22,625643,28,5,2,10.417879,28.0,20,3
2024-07-22,628708,9,2,3,4.5492055,9.0,4,1
2024-07-22,630023,27,4,4,10.625185279661016,27.0,18,2
2024-07-22,641793,26,6,2,10.334314086078173,26.0,18,3
2024-07-22,641927,25,4,1,7.284381,25.0,20,1
2024-07-22,642232,4,2,0,1.6142622950819672,4.0,2,1
2024-07-22,642546,3,2,0,0.196,3.0,1,0
2024-07-22,643410,3,3,0,0.0,3.0,0,0
2024-07-22,656222,5,0,0,1.686,5.0,5,0
2024-07-22,656557,30,2,3,10.835218852868307,28.0,23,2
2024-07-22,656605,28,3,2,9.590333428571428,28.0,23,2
2024-07-22,656629,5,1,0,1.3432857142857144,5.0,4,0
2024-07-22,656849,23,4,4,9.27258630075188,23.0,14,2
2024-07-22,657265,4,2,0,0.8231111111111111,4.0,2,0
2024-07-22,658648,6,3,1,0.917131,6.0,2,0
2024-07-22,662253,2,0,0,1.1676129032258065,2.0,2,1
2024-07-22,663423,6,1,2,3.380262,6.0,3,0
2024-07-22,663485,7,2,0,0.458,7.0,5,0
2024-07-22,663567,2,0,0,1.3290000000000002,2.0,2,1
2024-07-22,663687,27,7,2,8.189966678362573,26.0,18,1
2024-07-22,664208,3,0,0,0.985,3.0,3,0
2024-07-22,664747,6,0,2,2.436262,6.0,4,0
2024-07-22,664776,3,0,0,0.948192,3.0,2,0
2024-07-22,664875,7,1,0,2.6270670000000003,7.0,5,0
2024-07-22,665871,17,2,6,6.233207052631579,17.0,9,1
2024-07-22,666142,26,5,2,8.390890593628594,26.0,19,1
2024-07-22,667463,5,1,0,1.5139999999999998,5.0,4,0
2024-07-22,668338,4,2,0,1.1600000000000001,4.0,2,0
2024-07-22,668674,3,1,0,0.426,3.0,2,0
2024-07-22,668881,27,7,3,7.893896111111111,27.0,16,1
2024-07-22,668964,24,6,2,7.550728666666667,24.0,16,1
2024-07-22,668968,1,1,0,0.0,1.0,0,0
2024-07-22,669062,4,1,1,1.432131,4.0,2,0
2024-07-22,669276,4,2,0,0.202,4.0,2,0
2024-07-22,669373,31,6,1,8.245054076923077,31.0,24,0
2024-07-22,669467,23,3,2,6.925887,21.0,16,1
2024-07-22,669622,3,2,0,0.061,3.0,1,0
2024-07-22,669711,4,1,1,0.465,3.0,2,0
2024-07-22,670167,4,1,0,0.9221920000000001,4.0,2,0
2024-07-22,670174,6,0,1,1.5806428571428572,5.0,5,0
2024-07-22,670280,4,1,0,0.41600000000000004,4.0,3,0
2024-07-22,676130,8,3,1,3.952258044025158,8.0,4,2
2024-07-22,676254,3,1,0,0.575,3.0,2,0
2024-07-22,676604,7,2,1,3.107131,7.0,4,1
2024-07-22,677161,7,3,0,2.403268292682927,7.0,4,1
2024-07-22,678495,2,0,0,0.516,2.0,2,0
2024-07-22,680767,7,1,0,3.3552207650273225,7.0,6,2
2024-07-22,681293,26,3,1,9.821345718614719,26.0,22,2
2024-07-22,681911,2,2,0,0.0,2.0,0,0
2024-07-22,682120,5,2,0,0.391,5.0,3,0
2024-07-22,682243,26,5,0,6.219384,26.0,19,0
2024-07-22,683232,3,1,0,0.131,3.0,2,0
2024-07-22,687330,7,2,0,3.475,7.0,5,1
2024-07-22,687863,4,0,0,2.0505,4.0,4,1
2024-07-22,687911,3,1,0,0.679,3.0,2,0
2024-07-22,687922,4,0,1,2.766323,4.0,2,0
2024-07-22,688297,5,1,0,1.566,5.0,4,0
2024-07-22,689147,4,1,1,1.498323,4.0,1,0
2024-07-22,689981,22,2,3,6.6067055,22.0,17,0
2024-07-22,690544,5,1,2,0.275,2.0,2,0
2024-07-22,695243,3,0,0,0.5469999999999999,3.0,3,0
2024-07-22,700270,19,0,1,8.548168037037039,19.0,18,2
2024-07-23,458681,22,2,3,7.579505903225806,22.0,17,2
2024-07-23,489446,2,1,0,0.014,2.0,1,0
2024-07-23,493603,3,0,0,0.9105714285714287,3.0,3,1
2024-07-23,500779,22,6,5,7.633788333333333,21.0,11,1
2024-07-23,518397,4,0,0,1.7900909090909092,4.0,4,1
2024-07-23,518617,4,1,1,1.8150005652173913,4.0,2,1
2024-07-23,519008,6,0,0,3.260961538461539,6.0,6,1
2024-07-23,542888,8,4,1,2.736892904761905,8.0,3,1
2024-07-23,543859,6,2,0,2.696594444444445,6.0,4,1
2024-07-23,544150,15,3,1,6.437131,14.0,11,1
2024-07-23,552640,2,1,0,0.055,2.0,1,0
2024-07-23,554430,26,7,2,7.250257007451565,26.0,17,5
2024-07-23,571882,5,1,0,2.8391190476190475,5.0,4,1
2024-07-23,571946,4,0,0,1.2965714285714287,4.0,4,0
2024-07-23,572143,6,3,0,1.063,6.0,3,0
2024-07-23,573009,3,0,0,1.22,3.0,3,0
2024-07-23,573124,4,1,0,1.437,4.0,3,0
2024-07-23,592094,3,1,0,0.894,3.0,2,0
2024-07-23,592351,27,5,0,4.921,26.0,21,0
2024-07-23,592426,3,2,0,0.061,3.0,1,0
2024-07-23,592791,26,3,3,8.066393,25.0,20,0
2024-07-23,595014,5,1,1,0.871131,5.0,3,0
2024-07-23,596133,6,2,1,2.927044043478261,6.0,3,1
2024-07-23,605121,3,1,0,0.8170000000000001,3.0,2,0
2024-07-23,605130,4,1,0,0.972,4.0,3,0
2024-07-23,605280,3,1,0,0.072,3.0,2,0
2024-07-23,605347,5,1,1,1.8457976666666667,5.0,3,0
2024-07-23,606160,3,0,1,0.8431310000000001,3.0,2,0
2024-07-23,606930,4,0,1,2.169131,4.0,3,0
2024-07-23,607067,21,8,2,4.716338923076924,21.0,11,1
2024-07-23,608723,4,2,0,0.51,4.0,2,0
2024-07-23,621053,4,1,0,0.807,4.0,3,0
2024-07-23,621114,1,0,0,0.229,1.0,1,0
2024-07-23,621244,22,5,6,9.94045758426369,21.0,10,3
2024-07-23,621381,3,2,0,0.059,3.0,1,0
2024-07-23,621383,8,2,1,1.5270000000000001,6.0,5,0
2024-07-23,621389,15,1,1,7.695280487922705,15.0,12,3
2024-07-23,622065,2,0,0,0.599,2.0,2,0
2024-07-23,622250,3,1,0,1.4440624999999996,3.0,2,1
2024-07-23,623465,2,0,1,1.011131,2.0,1,0
2024-07-23,640462,6,3,0,0.27199999999999996,6.0,3,0
2024-07-23,641302,12,4,0,2.4779999999999998,12.0,8,0
2024-07-23,641329,3,1,0,0.504,3.0,2,0
2024-07-23,641703,6,0,0,1.516,6.0,6,0
2024-07-23,641771,4,0,1,1.269131,4.0,3,0
2024-07-23,642100,3,0,1,0.785131,3.0,2,0
2024-07-23,642397,2,0,1,0.7431310000000001,2.0,1,0
2024-07-23,643377,4,0,0,0.802,4.0,4,0
2024-07-23,650893,3,2,0,0.235,3.0,1,0
2024-07-23,655889,5,1,0,2.7763750000000003,5.0,4,1
2024-07-23,656412,10,1,0,4.811425333333333,10.0,8,1
2024-07-23,656464,5,0,0,1.3559999999999999,5.0,5,0
2024-07-23,656546,4,2,2,1.378262,4.0,0,0
2024-07-23,656730,4,1,0,1.117,4.0,3,0
2024-07-23,656756,18,2,1,6.835266338345865,18.0,15,1
2024-07-23,656945,4,2,0,0.825192,4.0,1,0
2024-07-23,657024,4,1,1,1.2661310000000001,4.0,2,0
2024-07-23,657044,1,0,0,0.093,1.0,1,0
2024-07-23,657240,4,2,0,0.578,4.0,2,0
2024-07-23,657514,4,3,0,0.652,4.0,1,0
2024-07-23,657571,2,0,0,0.479,2.0,2,0
2024-07-23,657649,6,0,1,3.3363976666666666,6.0,5,0
2024-07-23,657697,7,1,0,1.258,7.0,6,0
2024-07-23,660896,4,1,0,0.252,4.0,3,0
2024-07-23,661395,6,0,2,3.584262,6.0,4,0
2024-07-23,661403,3,0,0,0.48200000000000004,3.0,3,0
2024-07-23,661527,10,2,0,4.0940199999999995,10.0,8,1
2024-07-23,661563,21,6,1,4.7027367931034485,21.0,13,1
2024-07-23,663158,4,2,0,0.576,4.0,2,0
2024-07-23,663432,3,0,0,0.315,3.0,3,0
2024-07-23,663460,4,1,0,1.26,4.0,3,0
2024-07-23,663542,3,1,0,0.027000000000000003,3.0,2,0
2024-07-23,663546,6,1,0,1.5330000000000001,6.0,5,0
2024-07-23,663562,14,3,1,3.463131,14.0,10,0
2024-07-23,663704,5,1,0,2.4130000000000003,5.0,4,1
2024-07-23,663773,1,0,0,0.267,1.0,1,0
2024-07-23,663855,19,7,5,7.146608904761905,19.0,6,1
2024-07-23,663878,4,0,1,1.2981310000000001,4.0,3,0
2024-07-23,663893,3,2,0,0.111,3.0,1,0
2024-07-23,663947,7,2,1,1.388131,7.0,4,0
2024-07-23,664126,3,0,0,1.7977631578947373,3.0,3,1
2024-07-23,664208,4,1,1,1.216131,4.0,2,0
2024-07-23,664854,3,3,0,0.0,3.0,0,0
2024-07-23,665625,3,1,0,0.46,3.0,2,0
2024-07-23,666214,11,3,2,2.823942,10.0,6,1
2024-07-23,667463,4,1,0,0.611,4.0,3,0
2024-07-23,667725,22,5,2,8.790262,22.0,15,0
2024-07-23,667755,29,5,3,10.280820377358491,28.0,19,2
2024-07-23,668941,3,0,0,0.972,3.0,3,0
2024-07-23,669093,4,1,0,0.8029999999999999,4.0,3,0
2024-07-23,669211,4,1,0,0.9129230769230768,4.0,3,0
2024-07-23,669302,27,8,1,8.299323000000001,26.0,17,1
2024-07-23,669387,2,1,0,0.641,2.0,1,0
2024-07-23,669674,3,0,0,0.45499999999999996,3.0,3,0
2024-07-23,669711,3,0,0,0.714,3.0,3,0
2024-07-23,670970,2,0,0,0.275,2.0,2,0
2024-07-23,671305,3,2,0,0.3,3.0,1,0
2024-07-23,671922,5,3,0,0.586,5.0,2,0
2024-07-23,672582,3,1,0,0.831,3.0,2,0
2024-07-23,672710,4,1,1,0.696131,4.0,2,0
2024-07-23,673380,5,1,1,1.9360199999999996,4.0,3,1
2024-07-23,674370,19,6,0,5.2970938518518516,19.0,12,1
2024-07-23,675540,18,1,1,7.553301116120219,18.0,16,3
2024-07-23,676395,3,0,0,0.9119999999999999,3.0,3,0
2024-07-23,676684,7,1,0,2.169,7.0,6,0
2024-07-23,676979,18,7,2,5.101262,18.0,9,0
2024-07-23,677053,3,2,0,0.191,3.0,1,0
2024-07-23,678495,7,2,1,3.029323,7.0,3,1
2024-07-23,678606,2,1,0,0.148,2.0,1,0
2024-07-23,678692,1,0,0,0.002,1.0,1,0
2024-07-23,679525,22,6,2,7.856270671328671,22.0,14,2
2024-07-23,680573,20,5,1,4.595394157894737,20.0,14,1
2024-07-23,680704,3,1,1,0.7301310000000001,3.0,1,0
2024-07-23,681190,22,1,0,4.970982905982907,21.0,21,3
2024-07-23,681676,1,0,0,0.553,1.0,1,0
2024-07-23,681867,25,4,1,6.360131,25.0,20,0
2024-07-23,681869,6,0,0,1.959,6.0,6,0
2024-07-23,681911,5,1,2,1.884262,5.0,2,0
2024-07-23,683627,15,2,4,5.922524,15.0,9,1
2024-07-23,683769,3,0,1,1.205931,3.0,2,0
2024-07-23,686826,7,3,2,1.720262,7.0,2,0
2024-07-23,687330,3,0,0,0.791,3.0,3,0
2024-07-23,687792,21,4,2,5.928396724857685,21.0,15,1
2024-07-23,689017,20,6,2,4.469019575757576,20.0,12,1
2024-07-23,690829,2,0,1,1.738872935483871,2.0,1,1
2024-07-23,694973,29,8,0,6.631785897435897,29.0,21,2
2024-07-23,814005,19,5,1,8.641163348111657,19.0,13,4
2024-07-24,445926,5,1,0,2.1630000000000003,5.0,4,0
2024-07-24,458677,3,1,0,0.45,3.0,2,0
2024-07-24,472610,4,0,0,1.534,4.0,4,0
2024-07-24,493603,1,0,0,0.268,1.0,1,0
2024-07-24,502624,9,2,1,2.695381,9.0,6,0
2024-07-24,523260,6,1,1,0.9279999999999999,5.0,4,0
2024-07-24,527048,26,2,5,8.815571666666667,25.0,18,0
2024-07-24,543037,27,4,2,11.74235290909091,27.0,21,3
2024-07-24,543135,25,10,0,4.5628,25.0,15,2
2024-07-24,545121,5,0,0,1.522,5.0,5,0
2024-07-24,547973,4,0,2,2.050262,4.0,2,0
2024-07-24,554340,5,2,1,1.7371310000000002,5.0,2,0
2024-07-24,571670,4,0,0,2.602,4.0,4,0
2024-07-24,573009,3,1,0,0.134,3.0,2,0
2024-07-24,573124,4,0,0,1.488,4.0,4,0
2024-07-24,573204,7,2,0,2.009,6.0,5,0
2024-07-24,592094,8,1,2,2.357131,7.0,5,0
2024-07-24,592155,3,1,0,0.313,3.0,2,0
2024-07-24,592662,19,8,2,4.356327818181819,19.0,7,1
2024-07-24,592779,4,1,1,1.331131,4.0,2,0
2024-07-24,593423,27,6,3,8.276748555555557,27.0,18,2
2024-07-24,593576,5,2,0,1.388,5.0,3,0
2024-07-24,594580,2,2,0,0.0,2.0,0,0
2024-07-24,595345,3,0,1,1.0481310000000001,3.0,2,0
2024-07-24,596001,11,1,1,3.137131,11.0,9,0
2024-07-24,600917,3,3,0,0.0,3.0,0,0
2024-07-24,601713,19,6,0,7.138276136363636,19.0,13,1
2024-07-24,605121,4,1,0,0.9653125,4.0,3,0
2024-07-24,605130,4,1,0,0.6689999999999999,4.0,3,0
2024-07-24,605177,3,1,0,0.21000000000000002,3.0,2,0
2024-07-24,605288,6,1,0,3.087830888888889,6.0,4,1
2024-07-24,605400,26,6,3,7.98661175,26.0,17,2
2024-07-24,605463,4,1,0,1.392,4.0,3,0
2024-07-24,606149,6,0,0,0.698,6.0,6,0
2024-07-24,606303,3,2,0,0.204,3.0,1,0
2024-07-24,606930,8,2,0,1.548,8.0,6,0
2024-07-24,607179,9,0,0,5.451408771929824,9.0,9,2
2024-07-24,607192,21,4,4,8.136955034482758,21.0,13,1
2024-07-24,607455,6,3,1,1.409323,6.0,1,0
2024-07-24,608032,3,0,0,0.835,3.0,3,0
2024-07-24,608344,3,0,0,0.266,3.0,3,0
2024-07-24,608371,3,1,0,0.064,3.0,2,0
2024-07-24,608379,20,1,1,7.7105,18.0,18,3
2024-07-24,615698,25,3,2,7.778504424242425,23.0,18,1
2024-07-24,621107,22,4,0,6.096708333333334,22.0,18,1
2024-07-24,621381,3,0,0,1.0411379310344828,3.0,3,1
2024-07-24,622065,7,2,0,1.734,7.0,5,0
2024-07-24,622491,24,7,2,7.6292021088929225,24.0,15,1
2024-07-24,623149,6,0,0,2.823,6.0,6,0
2024-07-24,623167,23,3,2,8.291566841897234,23.0,18,1
2024-07-24,623211,3,0,0,0.981,3.0,3,0
2024-07-24,640451,5,0,1,1.119192,4.0,3,0
2024-07-24,640455,22,4,4,9.956662098360656,22.0,12,2
2024-07-24,641755,3,1,0,0.13,3.0,2,0
2024-07-24,642048,4,3,0,0.506,4.0,1,0
2024-07-24,642086,3,0,0,0.536,3.0,3,0
2024-07-24,642216,16,3,2,6.903118387921023,16.0,11,3
2024-07-24,642232,3,1,0,0.363,3.0,2,0
2024-07-24,642239,7,0,0,2.27,7.0,7,0
2024-07-24,642397,3,0,0,0.780192,2.0,2,0
2024-07-24,642520,3,0,0,1.287,3.0,3,0
2024-07-24,643338,3,1,0,0.14500000000000002,3.0,2,0
2024-07-24,643410,3,1,0,0.579,3.0,2,0
2024-07-24,643511,4,0,0,1.316,4.0,4,0
2024-07-24,650556,5,1,1,1.204131,5.0,3,0
2024-07-24,650671,3,0,1,1.2519002307692308,3.0,2,0
2024-07-24,650893,4,2,1,1.008131,4.0,1,0
2024-07-24,655889,3,0,0,0.605,3.0,3,0
2024-07-24,656288,21,6,3,6.434311032786886,21.0,12,1
2024-07-24,656427,23,6,2,5.950262,23.0,15,0
2024-07-24,656546,4,2,0,0.552,4.0,2,0
2024-07-24,656550,14,5,0,3.7546465454545457,14.0,8,0
2024-07-24,656945,3,1,1,0.9571310000000001,3.0,1,0
2024-07-24,657006,24,4,3,7.136726333333334,24.0,17,0
2024-07-24,657097,4,0,1,2.192131,4.0,3,0
2024-07-24,657514,7,1,0,3.468192,7.0,5,0
2024-07-24,657571,5,1,1,3.528131,5.0,3,1
2024-07-24,657612,6,1,0,2.2348461538461533,6.0,5,1
2024-07-24,660853,3,1,0,1.164666666666667,3.0,2,1
2024-07-24,661395,3,1,0,0.281,3.0,2,0
2024-07-24,661403,4,1,1,0.911131,4.0,2,0
2024-07-24,663362,22,4,2,5.363162,22.0,16,0
2024-07-24,663423,1,0,0,0.958,1.0,1,0
2024-07-24,663432,5,0,1,1.9251310000000001,5.0,4,0
2024-07-24,663485,3,2,0,0.002,3.0,1,0
2024-07-24,663567,11,2,0,4.36,11.0,9,0
2024-07-24,663574,7,4,0,1.2329999999999999,7.0,3,0
2024-07-24,663704,8,1,1,4.256393295081967,8.0,6,1
2024-07-24,663893,3,0,1,1.367131,3.0,2,0
2024-07-24,664076,1,0,0,0.203,1.0,1,0
2024-07-24,664849,5,2,1,1.4071310000000001,5.0,2,0
2024-07-24,665795,23,6,4,6.952524,23.0,13,0
2024-07-24,666205,11,3,1,3.649131,11.0,7,0
2024-07-24,666619,4,1,0,1.419,4.0,3,0
2024-07-24,668338,4,0,0,1.478,4.0,4,0
2024-07-24,668968,4,2,0,0.722,4.0,2,0
2024-07-24,669060,13,3,0,4.361323656036321,12.0,10,2
2024-07-24,669062,5,2,0,1.5936249999999998,5.0,3,0
2024-07-24,669194,27,2,2,8.809454,27.0,22,0
2024-07-24,669211,4,1,0,0.557,4.0,3,0
2024-07-24,669276,8,2,1,1.130131,8.0,5,0
2024-07-24,669387,5,1,1,1.390131,4.0,2,0
2024-07-24,669461,17,3,3,7.228585,17.0,10,1
2024-07-24,669674,3,1,0,0.218,3.0,2,0
2024-07-24,670059,4,1,1,1.120131,4.0,2,0
2024-07-24,670810,4,0,0,0.716,4.0,4,0
2024-07-24,670990,8,1,3,3.906393,8.0,4,0
2024-07-24,671111,7,0,1,4.071131,7.0,6,0
2024-07-24,672335,6,1,1,1.566131,5.0,4,0
2024-07-24,672582,4,0,0,1.141,4.0,4,0
2024-07-24,672782,8,0,1,2.165268931034483,8.0,7,1
2024-07-24,673513,4,1,0,1.285,4.0,3,0
2024-07-24,676092,3,2,0,0.007,3.0,1,0
2024-07-24,676254,3,0,0,0.6869999999999999,3.0,3,0
2024-07-24,676440,17,4,1,2.6376573157894736,17.0,12,0
2024-07-24,676534,4,2,1,1.049131,4.0,1,0
2024-07-24,676664,29,3,0,10.676705463482753,29.0,24,3
2024-07-24,677053,3,2,0,0.006,3.0,1,0
2024-07-24,679885,4,1,1,1.0521310000000001,4.0,2,0
2024-07-24,680730,19,5,3,8.593992087353325,18.0,11,2
2024-07-24,682120,2,0,0,0.0,2.0,2,0
2024-07-24,683769,3,3,0,0.0,3.0,0,0
2024-07-24,684320,20,6,1,3.068345285714286,20.0,13,0
2024-07-24,686613,26,8,1,5.5581309999999995,26.0,17,0
2024-07-24,687863,4,2,1,1.339131,4.0,1,0
2024-07-24,687911,3,0,0,1.109,3.0,3,0
2024-07-24,688297,11,2,1,1.982131,11.0,8,0
2024-07-24,689147,4,1,2,2.0984540000000003,4.0,0,0
2024-07-24,689225,6,0,2,1.1361310000000002,5.0,4,0
2024-07-24,690544,9,0,1,5.435962985624439,9.0,8,2
2024-07-24,694363,9,0,1,6.779320716312057,9.0,8,2
2024-07-24,694646,18,3,2,7.73779331908622,18.0,13,1
2024-07-24,701581,19,7,2,5.588095333333333,19.0,10,1
2024-07-25,453286,21,9,1,4.510323307692308,21.0,11,1
2024-07-25,477132,20,6,2,5.958452476190477,20.0,12,1
2024-07-25,502085,6,2,0,0.952,6.0,4,0
2024-07-25,518397,1,1,0,0.0,1.0,0,0
2024-07-25,518886,7,0,2,3.037262,7.0,5,0
2024-07-25,519043,5,2,0,1.599192,5.0,2,0
2024-07-25,519242,24,9,1,4.697408714285715,24.0,13,1
2024-07-25,519326,5,0,0,0.356,5.0,5,0
2024-07-25,523260,5,3,1,0.976131,5.0,1,0
2024-07-25,543339,4,2,1,1.255131,4.0,1,0
2024-07-25,548389,24,3,2,5.335262,24.0,19,1
2024-07-25,571578,27,7,3,7.105393,27.0,17,0
2024-07-25,571882,3,0,0,0.323,3.0,3,0
2024-07-25,571946,4,1,1,0.8371310000000001,4.0,2,0
2024-07-25,572955,4,2,1,0.021,3.0,1,0
2024-07-25,592426,3,3,0,0.0,3.0,0,0
2024-07-25,595014,2,1,0,0.895,2.0,1,0
2024-07-25,600917,1,0,0,0.213,1.0,1,0
2024-07-25,605135,23,6,1,7.569181666666667,23.0,14,1
2024-07-25,605177,4,2,0,0.8781920000000001,4.0,1,0
2024-07-25,608638,5,0,0,1.453,5.0,5,0
2024-07-25,613534,3,1,0,0.256,3.0,2,0
2024-07-25,621051,3,1,0,0.513,3.0,2,0
2024-07-25,621053,3,2,0,0.079,3.0,1,0
2024-07-25,621114,7,1,2,2.9207286666666663,7.0,4,0
2024-07-25,621242,3,2,1,0.689131,3.0,0,0
2024-07-25,621363,4,1,1,0.7151310000000001,4.0,2,0
2024-07-25,621383,1,0,0,0.017,1.0,1,0
2024-07-25,622663,23,6,2,6.955262,23.0,15,1
2024-07-25,623465,3,1,0,0.095,3.0,2,0
2024-07-25,628452,3,2,0,0.282,3.0,1,0
2024-07-25,641703,3,1,0,1.197,3.0,2,0
2024-07-25,641729,2,1,0,0.064,2.0,1,0
2024-07-25,643511,6,0,0,3.1369753333333334,6.0,5,2
2024-07-25,656302,28,9,3,4.970393,28.0,16,0
2024-07-25,656412,6,3,0,0.606,6.0,3,0
2024-07-25,656629,5,2,1,1.550131,5.0,2,0
2024-07-25,656641,4,1,1,1.945131,4.0,2,0
2024-07-25,657097,3,2,0,0.309,3.0,1,0
2024-07-25,657265,4,0,0,1.5230000000000001,4.0,4,0
2024-07-25,657277,26,4,3,9.492393,26.0,19,0
2024-07-25,658648,7,1,0,3.428561912225705,7.0,6,1
2024-07-25,663546,5,0,0,2.161,5.0,5,0
2024-07-25,663878,9,1,1,3.5523128181818184,9.0,7,0
2024-07-25,663947,8,2,0,2.008,8.0,6,0
2024-07-25,664208,2,0,0,0.267,1.0,2,0
2024-07-25,666974,1,1,0,0.0,1.0,0,0
2024-07-25,668674,3,1,0,0.5349999999999999,3.0,2,0
2024-07-25,668909,25,9,2,9.60307477056277,25.0,14,2
2024-07-25,669203,29,5,1,7.641562818181818,29.0,23,1
2024-07-25,670046,16,1,1,8.959070806412583,16.0,14,3
2024-07-25,670950,7,0,2,3.4312620000000003,7.0,5,0
2024-07-25,670955,7,2,1,1.293131,7.0,4,0
2024-07-25,671345,3,0,0,1.407,3.0,3,0
2024-07-25,671737,21,7,1,3.4201309999999996,21.0,13,0
2024-07-25,672335,3,2,0,0.27,3.0,1,0
2024-07-25,672710,5,1,0,1.646192,5.0,3,0
2024-07-25,676130,9,4,0,0.8382631578947369,9.0,5,0
2024-07-25,676391,5,0,0,2.2600000000000002,5.0,5,0
2024-07-25,676534,3,1,0,1.259,3.0,2,0
2024-07-25,678606,4,0,0,0.513,3.0,3,0
2024-07-25,681911,4,2,0,1.732421052631579,4.0,2,1
2024-07-25,682610,23,3,2,10.974242628544582,23.0,18,5
2024-07-25,686539,10,2,0,2.143625,10.0,8,0
2024-07-25,686563,25,1,2,11.194568285714286,25.0,21,1
2024-07-25,687922,6,2,0,0.573,6.0,4,0
2024-07-25,690829,9,0,1,3.1726563333333333,9.0,7,1
2024-07-26,445276,5,2,0,2.1985087719298244,5.0,3,1
2024-07-26,445926,3,1,0,0.5609999999999999,3.0,2,0
2024-07-26,450203,17,2,1,6.9916359870129865,17.0,13,3
2024-07-26,489446,3,1,1,0.547,2.0,1,0
2024-07-26,493603,5,1,0,2.894,5.0,4,0
2024-07-26,518585,2,0,0,0.989,2.0,2,0
2024-07-26,518617,5,3,0,2.601,5.0,2,1
2024-07-26,518886,5,1,0,2.796,5.0,4,1
2024-07-26,519008,1,1,0,0.0,1.0,0,0
2024-07-26,519043,3,1,1,1.4911310000000002,3.0,1,0
2024-07-26,519151,4,1,0,0.8460000000000001,4.0,3,0
2024-07-26,519293,4,0,0,1.194,4.0,4,0
2024-07-26,543243,25,7,3,8.64917061627907,23.0,13,2
2024-07-26,543294,23,4,0,8.633425365252597,23.0,19,3
2024-07-26,552640,3,1,1,1.005131,3.0,1,0
2024-07-26,571670,3,0,0,0.243,3.0,3,0
2024-07-26,571760,23,4,1,6.8373714761904765,23.0,18,2
2024-07-26,571882,4,1,0,1.2530000000000001,4.0,3,0
2024-07-26,571948,7,2,0,2.568,7.0,5,0
2024-07-26,572143,6,1,0,2.7816376811594203,6.0,5,2
2024-07-26,573204,4,1,0,1.333,4.0,3,1
2024-07-26,579328,24,5,2,7.629376296814297,24.0,17,1
2024-07-26,592094,3,3,0,0.0,3.0,0,0
2024-07-26,592155,3,0,0,1.034,3.0,3,0
2024-07-26,592426,1,0,0,0.17,1.0,1,0
2024-07-26,592454,4,3,1,0.689131,4.0,0,0
2024-07-26,594902,24,6,2,6.358070035714285,24.0,16,1
2024-07-26,596133,7,3,1,2.872647129032258,7.0,3,1
2024-07-26,605280,4,1,0,1.2,4.0,3,0
2024-07-26,605347,4,0,1,1.0801310000000002,4.0,3,0
2024-07-26,605463,3,3,0,0.0,3.0,0,0
2024-07-26,606930,3,0,0,0.35300000000000004,3.0,3,0
2024-07-26,607259,8,2,1,1.227131,8.0,5,0
2024-07-26,607481,8,3,0,1.1159999999999999,8.0,5,0
2024-07-26,607536,21,8,1,10.346136639521768,21.0,12,4
2024-07-26,608334,21,3,3,7.344763795870796,21.0,15,2
2024-07-26,608717,4,0,0,1.6996666666666667,4.0,4,0
2024-07-26,614179,4,3,1,0.689131,4.0,0,0
2024-07-26,621112,20,2,1,6.916013070707071,20.0,17,3
2024-07-26,621237,3,2,0,0.5665454545454546,3.0,1,0
2024-07-26,621345,3,0,0,1.224192,3.0,2,0
2024-07-26,621389,12,1,2,6.484000095238095,12.0,9,1
2024-07-26,622250,7,2,1,2.7232976666666664,7.0,4,0
2024-07-26,622251,6,0,1,2.2383230000000003,6.0,4,0
2024-07-26,622554,5,1,0,1.4709999999999999,5.0,4,0
2024-07-26,622786,8,1,0,1.379,8.0,7,0
2024-07-26,623149,4,2,0,0.608,4.0,2,0
2024-07-26,623211,3,1,0,0.192,3.0,2,0
2024-07-26,640448,4,0,0,2.116925373134328,4.0,4,1
2024-07-26,641154,28,7,1,8.254009520376176,28.0,19,2
2024-07-26,641482,26,5,2,7.458454000000001,26.0,18,0
2024-07-26,641703,1,0,0,0.258,1.0,1,0
2024-07-26,641755,5,1,1,2.201931,5.0,3,1
2024-07-26,642100,3,1,1,1.170131,3.0,1,0
2024-07-26,642232,6,2,0,2.050869565217391,6.0,4,1
2024-07-26,642546,8,0,1,1.651192,7.0,6,0
2024-07-26,642547,27,4,5,11.189473439716313,26.0,18,2
2024-07-26,643338,4,2,0,0.41000000000000003,4.0,2,0
2024-07-26,647315,3,2,0,0.479,3.0,1,0
2024-07-26,650556,2,1,0,0.077,2.0,1,0
2024-07-26,650671,4,0,0,1.5030000000000001,4.0,4,0
2024-07-26,650893,5,0,0,1.38,5.0,5,0
2024-07-26,650911,29,2,2,7.643262,28.0,25,0
2024-07-26,655889,4,1,0,1.2570000000000001,4.0,3,0
2024-07-26,656354,4,1,1,1.142131,4.0,2,0
2024-07-26,656464,3,2,0,0.505,3.0,1,0
2024-07-26,656641,1,0,0,0.83,1.0,1,0
2024-07-26,656945,5,2,1,0.9761310000000001,5.0,2,0
2024-07-26,657044,5,1,0,1.5651920000000001,5.0,3,0
2024-07-26,657508,5,1,0,1.8362222222222224,5.0,4,1
2024-07-26,657514,3,0,1,1.439131,3.0,2,0
2024-07-26,657612,3,0,1,1.6681310000000003,3.0,2,0
2024-07-26,661403,4,1,0,1.082,4.0,3,0
2024-07-26,663158,6,2,0,0.858,6.0,4,0
2024-07-26,663423,4,0,1,1.738131,4.0,3,0
2024-07-26,663893,4,0,1,2.183131,4.0,3,0
2024-07-26,663903,24,5,2,5.404354,24.0,16,0
2024-07-26,664076,3,1,1,0.758131,3.0,1,0
2024-07-26,664126,3,1,0,0.379,3.0,2,0
2024-07-26,664285,25,10,2,5.656262,25.0,13,0
2024-07-26,664747,4,1,0,0.7401920000000001,4.0,2,0
2024-07-26,664854,3,1,1,0.7301310000000001,3.0,1,0
2024-07-26,664875,5,0,1,2.025131,5.0,4,0
2024-07-26,666157,27,5,1,8.32973375,27.0,19,1
2024-07-26,666214,12,3,1,4.394872765480896,12.0,8,2
2024-07-26,666808,5,0,1,2.6689143333333334,5.0,4,1
2024-07-26,667463,4,1,1,0.805131,4.0,2,0
2024-07-26,668674,4,1,0,1.982,4.0,3,0
2024-07-26,668678,27,6,3,7.647909324324325,27.0,17,2
2024-07-26,668941,6,2,0,0.5720000000000001,6.0,4,0
2024-07-26,668968,5,1,1,3.739524548387097,5.0,3,2
2024-07-26,669022,25,3,2,10.371382512820514,25.0,20,1
2024-07-26,669093,3,1,0,0.614,3.0,2,0
2024-07-26,669211,3,1,0,0.08,3.0,2,0
2024-07-26,669358,22,7,2,5.854327040650407,22.0,13,1
2024-07-26,669387,4,0,0,2.501,4.0,4,0
2024-07-26,669432,20,1,0,7.838519993540052,20.0,19,3
2024-07-26,669622,6,2,0,0.774,6.0,4,0
2024-07-26,669923,27,7,1,7.3367045785953175,27.0,19,1
2024-07-26,670174,2,0,0,0.132,2.0,2,0
2024-07-26,670810,5,0,0,1.366,5.0,5,0
2024-07-26,670970,6,1,1,3.505131,6.0,4,1
2024-07-26,671111,17,3,2,5.0326086666666665,17.0,12,1
2024-07-26,671922,5,0,0,2.017,5.0,5,0
2024-07-26,672456,24,5,1,9.115119436067815,24.0,18,2
2024-07-26,672710,4,1,0,1.112,4.0,3,0
2024-07-26,673513,4,0,0,0.465,4.0,4,0
2024-07-26,673540,20,9,1,6.621027318936877,20.0,9,2
2024-07-26,676083,9,4,0,3.3958571428571434,9.0,5,1
2024-07-26,676254,1,0,0,0.005,1.0,1,0
2024-07-26,676395,3,2,0,0.117,3.0,1,0
2024-07-26,676684,9,1,2,4.058454,9.0,5,0
2024-07-26,677161,5,0,0,4.309733333333334,5.0,5,2
2024-07-26,678226,8,2,3,2.4363930000000003,8.0,3,0
2024-07-26,678394,21,4,2,7.103437,21.0,15,1
2024-07-26,679358,8,1,1,2.6207758301886797,8.0,5,1
2024-07-26,680570,20,2,0,7.855980107526881,20.0,18,2
2024-07-26,681676,7,2,2,1.3971310000000001,6.0,3,0
2024-07-26,682847,22,4,3,7.990393,22.0,15,1
2024-07-26,683155,12,0,2,2.941650888888889,12.0,10,0
2024-07-26,683769,3,0,0,0.365,3.0,3,0
2024-07-26,687330,1,0,0,0.353,1.0,1,0
2024-07-26,689147,3,1,0,0.6759999999999999,3.0,2,0
2024-07-26,689672,10,1,2,8.708593633094827,10.0,7,4
2024-07-26,690544,4,0,0,1.028,4.0,4,0
2024-07-26,690986,23,11,2,5.3507620000000005,23.0,10,1
2024-07-26,693312,9,0,1,3.3990909090909094,7.0,7,1
2024-07-26,694363,17,3,2,5.9171247450980395,17.0,12,1
2024-07-26,694813,29,3,2,8.900754493946732,29.0,24,2
2024-07-26,800049,11,1,2,4.865089586206897,11.0,8,1
2024-07-27,445276,5,1,0,2.021606060606061,5.0,4,1
2024-07-27,471911,18,5,1,4.016141570824525,18.0,12,1
2024-07-27,502043,25,0,3,9.774832401247401,25.0,21,1
2024-07-27,502624,6,0,1,3.4826397719298243,6.0,5,1
2024-07-27,519043,5,1,2,1.4072620000000002,4.0,2,0
2024-07-27,519326,4,0,0,0.9019999999999999,4.0,4,0
2024-07-27,542881,27,10,1,6.299864333333334,27.0,16,1
2024-07-27,543063,10,0,2,4.416104,10.0,7,0
2024-07-27,543339,7,0,1,4.419073,7.0,5,1
2024-07-27,543859,6,0,1,3.718323,6.0,4,1
2024-07-27,547179,9,1,2,3.839262,9.0,6,0
2024-07-27,554340,3,2,0,0.074,3.0,1,0
2024-07-27,570632,17,2,0,4.863185897435898,17.0,15,1
2024-07-27,571656,7,1,1,1.200131,7.0,5,0
2024-07-27,573124,3,1,0,0.148,3.0,2,0
2024-07-27,573186,19,0,1,9.597131000000001,19.0,18,2
2024-07-27,592155,3,0,0,0.28300000000000003,3.0,3,0
2024-07-27,592332,34,8,3,7.542393000000001,34.0,23,0
2024-07-27,592454,4,2,0,0.704,4.0,2,0
2024-07-27,592779,5,1,1,2.5879881428571427,5.0,3,0
2024-07-27,593576,4,0,0,0.518,4.0,4,0
2024-07-27,594835,17,1,3,8.03923631797235,17.0,13,2
2024-07-27,595014,2,1,0,1.1390000000000002,2.0,1,1
2024-07-27,595345,3,1,0,1.5840444444444444,3.0,2,1
2024-07-27,595928,4,1,0,1.4195676392572945,4.0,3,2
2024-07-27,605121,7,1,1,6.088224301435407,7.0,5,3
2024-07-27,605280,7,2,1,1.393131,7.0,4,0
2024-07-27,605463,5,3,1,1.2225198888888889,5.0,1,0
2024-07-27,605483,22,15,2,3.638476285714286,22.0,5,0
2024-07-27,606149,8,4,0,1.673,8.0,4,0
2024-07-27,607200,20,4,2,8.223212,20.0,14,2
2024-07-27,607455,4,2,0,0.744,4.0,2,0
2024-07-27,607625,26,2,2,9.304164127659574,26.0,22,1
2024-07-27,608344,12,0,1,6.1598834367245665,11.0,11,3
2024-07-27,608717,1,0,0,0.4653,1.0,1,0
2024-07-27,608723,5,1,0,1.9929999999999999,5.0,4,0
2024-07-27,613534,4,1,0,1.242,4.0,3,0
2024-07-27,621051,5,2,1,1.911845285714286,5.0,2,1
2024-07-27,621053,3,1,0,0.14800000000000002,3.0,2,0
2024-07-27,621363,4,0,1,1.456131,4.0,3,0
2024-07-27,622065,4,2,1,1.101131,4.0,1,0
2024-07-27,622251,4,1,1,1.1391310000000001,4.0,2,0
2024-07-27,623211,3,2,0,0.116,3.0,1,0
2024-07-27,623352,3,0,0,0.575,3.0,3,0
2024-07-27,623465,4,0,0,2.1639999999999997,4.0,4,0
2024-07-27,628452,5,2,0,2.0947857142857145,5.0,3,0
2024-07-27,640462,4,1,1,1.152131,4.0,2,0
2024-07-27,641329,5,1,0,2.733217391304348,5.0,4,1
2024-07-27,641540,16,2,2,6.1588293234811164,16.0,12,2
2024-07-27,641729,3,1,0,0.8210000000000001,3.0,2,0
2024-07-27,641793,25,5,1,6.902989666666667,25.0,18,1
2024-07-27,642701,6,5,0,0.696,6.0,1,0
2024-07-27,643511,3,1,0,1.385409090909091,3.0,2,1
2024-07-27,650556,3,0,0,0.46099999999999997,3.0,3,0
2024-07-27,650633,23,9,2,5.241887,23.0,12,0
2024-07-27,650644,22,3,0,7.148190476190477,22.0,19,2
2024-07-27,656234,4,0,0,1.7129454545454543,4.0,4,1
2024-07-27,656731,25,4,2,7.384735995271868,24.0,18,3
2024-07-27,657240,6,0,1,1.7701310000000001,6.0,5,0
2024-07-27,657265,8,3,0,2.396421052631579,8.0,5,1
2024-07-27,657514,6,1,1,1.218131,6.0,4,0
2024-07-27,657571,3,1,1,0.691131,3.0,1,0
2024-07-27,657612,4,1,1,1.2251310000000002,4.0,2,0
2024-07-27,657649,6,1,1,1.9323483913043475,5.0,4,1
2024-07-27,657746,23,8,1,3.334131,23.0,14,0
2024-07-27,658648,5,2,0,1.1552173913043475,5.0,3,1
2024-07-27,662253,4,2,0,0.777,4.0,2,0
2024-07-27,663372,26,6,4,8.188352842105264,25.0,14,2
2024-07-27,663432,5,0,1,1.6821764545454547,5.0,4,0
2024-07-27,663436,14,3,3,5.007643,14.0,8,1
2024-07-27,663460,10,2,1,1.758,8.0,7,0
2024-07-27,663546,3,2,0,0.064,3.0,1,0
2024-07-27,663567,4,2,0,1.0870454545454546,4.0,2,1
2024-07-27,663568,8,2,0,2.975,8.0,6,0
2024-07-27,663574,4,2,1,0.7031310000000001,4.0,1,0
2024-07-27,663623,21,5,1,6.921961769230769,21.0,15,1
2024-07-27,663773,12,3,1,2.3941310000000002,12.0,8,0
2024-07-27,663969,29,4,1,7.111175444444444,29.0,24,1
2024-07-27,664079,4,1,2,1.517262,4.0,1,0
2024-07-27,664776,5,3,0,1.7154166666666666,5.0,2,1
2024-07-27,664849,8,5,0,1.5401920000000002,8.0,2,0
2024-07-27,664875,6,0,0,2.212192,6.0,5,0
2024-07-27,665152,27,7,1,7.322323307692308,27.0,19,1
2024-07-27,665625,4,0,1,3.210562818181818,4.0,3,1
2024-07-27,666619,5,1,0,3.098161696969697,5.0,3,1
2024-07-27,666808,4,1,0,1.2611919999999999,4.0,2,0
2024-07-27,669062,3,2,0,0.015,3.0,1,0
2024-07-27,669373,28,8,2,7.897671090909091,28.0,18,1
2024-07-27,669461,6,0,0,3.6958045977011498,6.0,6,2
2024-07-27,669674,3,1,0,2.029,3.0,2,1
2024-07-27,669854,20,9,3,7.93646,20.0,7,1
2024-07-27,670174,3,0,2,1.450262,3.0,1,0
2024-07-27,670810,5,0,0,3.7119999999999997,5.0,5,2
2024-07-27,671096,21,2,2,10.028752451960932,20.0,17,5
2024-07-27,671305,4,1,1,1.1174643333333334,4.0,2,0
2024-07-27,671345,4,1,0,1.046,4.0,3,0
2024-07-27,674285,6,2,0,2.205,6.0,4,0
2024-07-27,676083,4,1,1,0.779131,4.0,2,0
2024-07-27,676092,5,1,0,1.898657142857143,5.0,4,1
2024-07-27,676254,4,0,1,2.64772475,4.0,3,1
2024-07-27,676534,4,1,0,0.8620000000000001,4.0,3,0
2024-07-27,676710,23,5,0,11.237508710587658,23.0,18,6
2024-07-27,676974,16,3,2,4.265131565217391,16.0,11,2
2024-07-27,677161,2,0,0,0.793,2.0,2,1
2024-07-27,678606,6,1,1,1.956931,6.0,4,0
2024-07-27,679885,3,2,0,0.055,3.0,1,0
2024-07-27,680704,2,1,0,1.733766666666667,2.0,1,1
2024-07-27,680736,22,2,1,6.772761434782609,21.0,18,1
2024-07-27,680885,23,11,0,2.8245384615384617,23.0,12,1
2024-07-27,681869,6,2,2,1.725262,6.0,2,0
2024-07-27,682120,5,0,1,1.860631,5.0,4,1
2024-07-27,682990,20,2,1,8.60014,20.0,15,0
2024-07-27,684007,22,3,0,7.674884307692308,22.0,18,1
2024-07-27,685299,25,5,0,8.472193548387096,25.0,20,1
2024-07-27,686826,4,0,0,2.2796153846153846,4.0,4,1
2024-07-27,687330,3,0,0,1.395,3.0,3,0
2024-07-27,687765,23,3,2,5.900487806451613,23.0,18,1
2024-07-27,687863,4,1,0,0.447,4.0,3,0
2024-07-27,687911,4,2,0,1.389,4.0,2,0
2024-07-27,688297,4,1,3,2.067393,4.0,0,0
2024-07-27,689225,3,0,0,0.24600000000000002,3.0,3,0
2024-07-27,690544,3,1,1,1.277131,3.0,1,0
2024-07-27,691172,3,0,0,0.6970000000000001,3.0,3,0
2024-07-27,693433,18,3,1,4.380676454545455,18.0,14,0
2024-07-27,694297,24,4,0,7.333119047619048,24.0,20,3
2024-07-27,702352,4,0,0,1.2,4.0,4,0
2024-07-27,806185,20,8,3,5.239393,20.0,9,0
2024-07-28,472610,3,0,0,0.347,3.0,3,0
2024-07-28,493603,3,2,0,0.183,3.0,1,0
2024-07-28,518397,7,2,0,1.9161920000000001,7.0,4,0
2024-07-28,518585,6,2,2,1.6672620000000002,6.0,2,0
2024-07-28,518617,5,2,0,3.0686618181818184,5.0,3,2
2024-07-28,519008,1,0,0,0.029,1.0,1,0
2024-07-28,523260,4,1,0,1.3639473684210528,4.0,3,1
2024-07-28,542888,9,1,0,2.007,8.0,7,0
2024-07-28,544150,20,2,3,7.459393,20.0,15,0
2024-07-28,547179,15,1,0,3.699642857142857,15.0,14,0
2024-07-28,547973,3,0,0,1.063,3.0,3,0
2024-07-28,552640,3,1,0,0.8816363636363637,3.0,2,0
2024-07-28,554340,3,0,0,2.0363571428571428,3.0,3,1
2024-07-28,571670,5,1,0,1.237138888888889,5.0,4,1
2024-07-28,571882,4,0,1,1.877131,4.0,3,0
2024-07-28,571945,26,3,1,7.108345285714286,26.0,22,0
2024-07-28,571946,3,0,0,0.6849999999999999,3.0,3,0
2024-07-28,571948,3,2,0,0.085,3.0,1,0
2024-07-28,572955,3,2,0,0.069,3.0,1,0
2024-07-28,573009,3,0,0,1.9063999999999999,3.0,3,1
2024-07-28,573124,3,3,0,0.0,3.0,0,0
2024-07-28,573204,4,2,1,1.2941310000000001,4.0,1,0
2024-07-28,592155,3,0,1,1.618131,3.0,2,0
2024-07-28,592773,6,1,0,2.298555636363637,6.0,4,1
2024-07-28,593576,3,1,0,0.386,3.0,2,0
2024-07-28,596001,8,1,0,2.552,8.0,7,0
2024-07-28,596295,18,6,1,8.153628719671634,18.0,11,3
2024-07-28,605130,3,0,0,1.149,3.0,3,0
2024-07-28,605154,4,2,1,0.7151310000000001,4.0,1,0
2024-07-28,605177,5,3,1,0.733,4.0,1,0
2024-07-28,606160,6,0,2,2.1652620000000002,6.0,4,0
2024-07-28,606303,5,2,1,1.343781,5.0,2,0
2024-07-28,607074,25,7,1,8.022744905683826,25.0,17,2
2024-07-28,608371,2,1,1,0.689131,2.0,0,0
2024-07-28,608723,2,1,0,0.46,2.0,1,0
2024-07-28,621237,4,0,0,1.6156388888888888,4.0,4,1
2024-07-28,621244,28,5,0,11.545165040650408,28.0,23,3
2024-07-28,621345,4,1,1,0.987131,4.0,2,0
2024-07-28,621381,3,1,0,0.8631818181818183,3.0,2,0
2024-07-28,622065,3,1,0,0.7158,3.0,2,0
2024-07-28,622554,3,1,0,0.9529130434782608,3.0,2,1
2024-07-28,623149,5,3,0,1.6857220779220785,5.0,2,1
2024-07-28,623474,8,4,1,3.0141310000000003,8.0,3,1
2024-07-28,625643,12,2,1,3.9876694615384616,12.0,9,1
2024-07-28,628317,20,4,0,5.991224275724276,20.0,16,1
2024-07-28,640451,4,0,2,2.1522620000000003,4.0,2,0
2024-07-28,640462,3,3,0,0.0,3.0,0,0
2024-07-28,641703,3,1,0,0.909,3.0,2,0
2024-07-28,641755,5,1,1,0.802131,5.0,3,0
2024-07-28,641771,19,4,2,5.426262,19.0,13,0
2024-07-28,641927,27,11,2,4.981615846153846,27.0,14,1
2024-07-28,642207,5,1,1,1.462131,5.0,3,0
2024-07-28,642397,3,1,0,0.492,3.0,2,0
2024-07-28,642546,13,0,1,5.383539080808081,12.0,12,2
2024-07-28,642629,13,3,2,5.134197646175695,12.0,7,2
2024-07-28,643410,4,2,0,0.759,4.0,2,0
2024-07-28,647315,4,0,0,0.8140000000000001,4.0,4,0
2024-07-28,650671,3,3,0,0.0,3.0,0,0
2024-07-28,650893,6,0,0,3.18146511627907,6.0,6,1
2024-07-28,655889,4,1,0,0.9461920000000001,4.0,2,0
2024-07-28,656412,6,3,0,2.0601920000000002,6.0,2,0
2024-07-28,656464,1,0,0,0.273,1.0,1,0
2024-07-28,656546,4,1,1,0.963131,4.0,2,0
2024-07-28,656557,26,2,4,10.046081004830919,26.0,20,2
2024-07-28,656605,25,6,2,5.199262,25.0,17,0
2024-07-28,656641,7,0,1,2.374131,7.0,6,0
2024-07-28,656849,22,7,3,7.720332393939394,22.0,12,1
2024-07-28,657044,3,1,0,0.575,3.0,2,0
2024-07-28,657097,6,3,0,2.2001612903225793,6.0,3,1
2024-07-28,657571,7,2,1,1.928131,7.0,4,0
2024-07-28,660853,9,4,1,2.617131,9.0,4,0
2024-07-28,661403,3,1,0,0.32599999999999996,3.0,2,0
2024-07-28,661527,3,0,1,0.7071310000000001,3.0,2,0
2024-07-28,662253,4,0,1,1.8630005652173913,4.0,3,1
2024-07-28,663465,17,1,0,5.782,17.0,16,1
2024-07-28,663562,13,3,1,3.997131,13.0,9,0
2024-07-28,663704,7,0,0,4.699555636363636,7.0,6,1
2024-07-28,663855,9,1,0,3.260918032786886,9.0,8,1
2024-07-28,664076,4,1,0,0.508,4.0,3,0
2024-07-28,664126,4,1,0,0.8264666666666665,4.0,3,0
2024-07-28,664776,5,2,0,0.643,5.0,3,0
2024-07-28,664854,3,0,0,0.884,3.0,3,0
2024-07-28,665871,24,5,1,5.206131,23.0,18,0
2024-07-28,665896,6,2,1,2.020131,6.0,3,0
2024-07-28,666142,26,7,1,7.144797666666667,26.0,18,1
2024-07-28,666205,8,0,1,3.4361754444444443,8.0,7,1
2024-07-28,666808,5,1,0,0.909,5.0,4,0
2024-07-28,666974,6,0,0,1.534,6.0,6,0
2024-07-28,667463,4,1,0,1.057,4.0,3,0
2024-07-28,667725,20,5,2,8.692638262626263,20.0,13,2
2024-07-28,667755,15,2,2,6.224262,15.0,11,0
2024-07-28,668338,3,0,0,0.894192,3.0,2,0
2024-07-28,668881,26,5,1,6.273815,26.0,18,0
2024-07-28,668964,19,5,1,6.483040333333333,18.0,9,0
2024-07-28,669062,3,2,0,0.015,3.0,1,0
2024-07-28,669093,7,3,1,2.282131,7.0,2,0
2024-07-28,669276,8,1,0,2.283,8.0,7,0
2024-07-28,669711,11,2,2,2.8967620000000003,11.0,7,0
2024-07-28,670059,6,0,0,4.516600840336134,6.0,6,2
2024-07-28,670167,1,0,0,0.078,1.0,1,0
2024-07-28,670280,4,1,1,0.689131,3.0,2,0
2024-07-28,670955,6,4,0,0.736,6.0,2,0
2024-07-28,670970,4,1,1,1.369131,4.0,2,0
2024-07-28,671305,5,0,2,2.423887,5.0,3,0
2024-07-28,671345,3,0,1,1.833131,3.0,2,0
2024-07-28,671922,5,3,0,0.5349999999999999,5.0,2,0
2024-07-28,672335,4,0,0,0.944192,4.0,3,0
2024-07-28,672582,5,1,0,1.5750000000000002,5.0,4,0
2024-07-28,672710,4,1,0,0.644,4.0,3,0
2024-07-28,674370,21,6,4,7.776479157894737,21.0,10,1
2024-07-28,676282,18,3,3,8.154815172452407,18.0,12,2
2024-07-28,676395,4,0,1,1.257131,4.0,3,0
2024-07-28,676604,8,2,1,1.422131,8.0,5,0
2024-07-28,676979,18,3,1,4.508896714285715,18.0,14,2
2024-07-28,677053,4,1,1,1.506131,4.0,2,0
2024-07-28,678495,11,3,0,2.3555,11.0,8,0
2024-07-28,679885,5,0,2,1.766323,4.0,2,0
2024-07-28,680704,3,2,0,0.789,3.0,1,0
2024-07-28,680767,5,1,0,1.6433,5.0,4,0
2024-07-28,681190,14,2,4,5.850524,14.0,8,0
2024-07-28,681293,24,8,2,5.009773111111111,24.0,14,0
2024-07-28,681867,5,1,0,1.056,5.0,4,0
2024-07-28,681869,5,2,1,1.8061310000000002,5.0,2,0
2024-07-28,681911,5,1,0,2.0741290322580643,5.0,4,1
2024-07-28,682120,1,0,0,0.073,1.0,1,0
2024-07-28,682243,25,6,0,9.289999638332228,25.0,19,4
2024-07-28,683769,5,0,2,1.4002620000000001,5.0,3,0
2024-07-28,686826,4,0,1,2.011131,4.0,3,0
2024-07-28,687792,19,8,1,4.826812818181819,19.0,10,2
2024-07-28,687911,4,1,1,2.757464333333333,4.0,2,1
2024-07-28,687922,6,0,1,3.0684643333333335,6.0,5,0
2024-07-28,689147,5,0,0,3.009263157894737,5.0,5,0
2024-07-28,689690,8,4,1,1.312131,8.0,3,0
2024-07-28,689981,21,8,3,5.989563995670997,21.0,10,2
2024-07-28,690829,6,3,0,1.0115,6.0,3,0
2024-07-28,700270,19,7,4,4.928524,19.0,8,0
2024-07-28,702352,6,1,1,1.813131,6.0,4,0
2024-07-29,445926,6,0,1,3.2143393333333337,6.0,5,1
2024-07-29,458677,3,2,0,1.1578461538461535,3.0,1,1
2024-07-29,489446,3,1,0,0.035,3.0,2,0
2024-07-29,500779,24,5,1,6.316756,24.0,18,0
2024-07-29,502085,3,1,0,0.776,3.0,2,0
2024-07-29,518886,5,1,1,1.9244553243243245,5.0,3,1
2024-07-29,519151,7,1,2,3.828262,7.0,4,2
2024-07-29,519293,3,0,0,1.789,3.0,3,0
2024-07-29,543135,25,2,0,9.480672,25.0,22,1
2024-07-29,543859,6,0,1,2.6401310000000002,5.0,4,0
2024-07-29,547973,5,2,0,0.8,5.0,3,0
2024-07-29,554430,23,6,3,9.182663299145299,23.0,14,3
2024-07-29,571656,4,1,0,1.8974833333333336,4.0,3,1
2024-07-29,571882,3,0,0,1.195,3.0,3,0
2024-07-29,571948,3,1,1,0.8541310000000001,3.0,1,0
2024-07-29,572143,8,3,0,2.552660377358491,8.0,5,1
2024-07-29,573009,4,0,0,1.232,4.0,4,0
2024-07-29,592767,3,0,0,1.119,3.0,3,0
2024-07-29,592779,6,1,0,2.3536363636363635,6.0,5,0
2024-07-29,592791,20,4,1,6.871133564102564,20.0,15,1
2024-07-29,594580,4,1,0,1.51,4.0,3,0
2024-07-29,595345,4,1,1,1.9353230000000001,4.0,1,0
2024-07-29,596117,5,0,1,1.928281,5.0,4,0
2024-07-29,601713,27,10,1,5.138506494071147,27.0,16,1
2024-07-29,605130,4,1,2,1.475262,4.0,1,0
2024-07-29,605154,4,0,1,2.447460931034483,4.0,2,1
2024-07-29,605347,6,1,0,1.302,6.0,5,0
2024-07-29,605463,9,4,0,0.345,9.0,5,0
2024-07-29,606930,3,0,0,0.924,3.0,3,0
2024-07-29,607067,21,6,2,7.238450880969351,21.0,13,3
2024-07-29,607481,6,1,1,1.254,5.0,4,0
2024-07-29,608344,14,5,0,3.5325549450549447,14.0,9,1
2024-07-29,608371,3,1,0,0.6970000000000001,3.0,2,0
2024-07-29,608717,6,1,0,3.0613905228758176,6.0,5,2
2024-07-29,612434,12,0,2,4.540898363636364,12.0,10,0
2024-07-29,621051,5,0,0,1.572111111111111,5.0,5,0
2024-07-29,621107,28,7,0,9.938083583583584,28.0,21,3
2024-07-29,621383,4,3,0,0.495,4.0,1,0
2024-07-29,622250,3,1,0,0.269,3.0,2,0
2024-07-29,622251,7,0,3,3.370393,7.0,4,0
2024-07-29,622259,8,2,1,2.6234002307692306,8.0,5,0
2024-07-29,623167,26,2,0,8.279969696969697,26.0,24,1
2024-07-29,623352,6,2,2,3.3580620000000003,6.0,2,1
2024-07-29,628708,9,1,0,3.2605,9.0,8,1
2024-07-29,640448,6,0,0,3.9080454545454546,6.0,6,2
2024-07-29,642048,4,0,1,1.338131,4.0,3,0
2024-07-29,642100,6,3,0,2.0872499999999996,6.0,3,1
2024-07-29,642397,7,2,1,2.092345285714286,7.0,4,0
2024-07-29,643338,4,1,0,2.0510701754385963,4.0,3,1
2024-07-29,650556,6,3,1,1.827131,6.0,2,0
2024-07-29,650893,4,2,0,0.473,4.0,2,0
2024-07-29,656550,18,8,0,2.2065,18.0,10,0
2024-07-29,656756,22,1,3,7.985035857142857,22.0,18,0
2024-07-29,657024,7,1,1,4.144894157894737,7.0,5,1
2024-07-29,657097,4,1,1,1.995131,4.0,2,0
2024-07-29,658648,6,0,2,2.164262,6.0,4,0
2024-07-29,661563,23,8,3,7.996443,23.0,12,1
2024-07-29,663423,14,1,0,3.2678188888888893,13.0,12,2
2024-07-29,663485,6,1,0,0.7989999999999999,6.0,5,0
2024-07-29,663704,3,0,0,0.694,3.0,3,0
2024-07-29,663878,6,1,0,2.696054745098039,6.0,4,1
2024-07-29,663893,6,2,1,2.1961310000000003,6.0,3,0
2024-07-29,665625,2,0,0,0.214,2.0,2,0
2024-07-29,666720,9,1,0,5.222100806451612,9.0,8,2
2024-07-29,667463,2,0,0,0.319,2.0,2,0
2024-07-29,669060,4,0,0,2.153000000000001,4.0,4,1
2024-07-29,669211,4,1,0,2.4014652014652014,4.0,3,2
2024-07-29,669302,15,4,0,5.389217948717949,15.0,11,1
2024-07-29,669387,4,0,1,1.9151310000000001,3.0,2,0
2024-07-29,669467,24,5,2,6.1407620000000005,24.0,17,0
2024-07-29,670102,22,2,1,10.858360225333405,22.0,19,4
2024-07-29,670241,7,1,0,3.0011538461538465,7.0,6,1
2024-07-29,670242,6,0,0,2.6486363636363635,6.0,6,0
2024-07-29,670280,7,0,2,3.174262,7.0,5,0
2024-07-29,670950,7,1,2,1.4182620000000001,7.0,4,0
2024-07-29,671111,4,0,1,1.932131,4.0,3,0
2024-07-29,672391,10,1,0,3.429757575757576,10.0,9,1
2024-07-29,672582,5,2,0,1.459,5.0,3,0
2024-07-29,672782,9,1,0,2.0949999999999998,9.0,8,0
2024-07-29,676092,3,1,0,0.055999999999999994,3.0,2,0
2024-07-29,676130,14,2,1,4.42035130075188,14.0,11,2
2024-07-29,676395,3,0,0,0.347,3.0,3,0
2024-07-29,676440,24,2,0,11.086552668308704,24.0,22,2
2024-07-29,676614,27,5,1,10.510636140726934,27.0,20,3
2024-07-29,676684,3,0,0,0.80065,3.0,3,0
2024-07-29,677944,7,3,0,1.1401919999999999,7.0,3,0
2024-07-29,678606,5,1,1,1.519131,5.0,3,0
2024-07-29,679525,21,3,1,7.2706261111111115,21.0,15,0
2024-07-29,680573,20,2,3,9.031226333333334,20.0,15,1
2024-07-29,680730,20,3,2,6.752109368421053,20.0,15,1
2024-07-29,681517,5,1,0,1.545,5.0,4,0
2024-07-29,681676,3,0,0,0.85425,3.0,3,1
2024-07-29,683232,3,2,0,0.01,3.0,1,0
2024-07-29,683769,5,0,1,1.8578941578947372,5.0,4,1
2024-07-29,684320,9,1,4,5.039716,9.0,2,0
2024-07-29,685126,12,0,1,4.6244325873015875,12.0,11,1
2024-07-29,686730,18,4,2,5.424400888888889,18.0,12,1
2024-07-29,688297,8,0,0,3.4757049032258065,8.0,7,1
2024-07-29,689225,7,1,0,2.3585,7.0,6,0
2024-07-29,690544,4,1,0,0.616,4.0,3,0
2024-07-29,694973,25,6,3,6.233033275862069,25.0,15,1
2024-07-29,700249,26,1,5,8.819524,25.0,20,1
2024-07-30,453286,17,5,1,4.7178850983606555,17.0,11,1
2024-07-30,458677,4,1,1,1.134131,4.0,2,0
2024-07-30,458681,19,3,1,5.1751449860139855,19.0,15,2
2024-07-30,518397,4,1,1,1.355131,4.0,2,0
2024-07-30,518585,3,0,1,1.942131,3.0,2,0
2024-07-30,519326,3,1,0,0.111,3.0,2,0
2024-07-30,543859,8,3,1,1.819,7.0,4,0
2024-07-30,554340,4,1,0,1.088,4.0,3,0
2024-07-30,571578,22,3,0,7.2940000000000005,22.0,19,2
2024-07-30,571656,3,2,0,0.387,3.0,1,0
2024-07-30,571946,4,1,0,0.884,4.0,3,0
2024-07-30,572020,21,5,1,6.66273255382908,21.0,15,1
2024-07-30,573124,4,1,0,1.158111111111111,4.0,3,0
2024-07-30,573204,4,1,0,0.508,4.0,3,0
2024-07-30,592454,4,1,0,1.263192,4.0,2,0
2024-07-30,592662,21,4,3,9.560958764023212,21.0,14,3
2024-07-30,592773,4,0,1,1.171131,4.0,3,0
2024-07-30,595014,5,2,0,3.0796308243727597,5.0,3,2
2024-07-30,596133,3,0,0,1.167,3.0,3,0
2024-07-30,605121,3,0,0,1.272,3.0,3,0
2024-07-30,605135,20,3,1,7.0680925384615385,20.0,16,1
2024-07-30,605280,7,0,1,1.6030000000000002,6.0,6,0
2024-07-30,605347,5,1,0,1.723,5.0,4,0
2024-07-30,605400,27,4,3,10.512462590643276,27.0,20,2
2024-07-30,605452,24,4,2,8.445719142857143,24.0,18,1
2024-07-30,605488,18,3,1,6.694234738046943,18.0,14,2
2024-07-30,607192,27,8,1,5.950797666666667,27.0,18,1
2024-07-30,607259,16,3,0,4.279638888888889,16.0,13,1
2024-07-30,607455,3,1,0,0.24,3.0,2,0
2024-07-30,608032,3,0,0,1.3867021276595741,3.0,3,1
2024-07-30,608379,27,5,2,9.384515030303032,27.0,20,2
2024-07-30,613534,1,1,0,0.0,1.0,0,0
2024-07-30,614179,4,2,1,2.007845285714286,4.0,1,1
2024-07-30,615698,24,4,2,9.310780615384616,24.0,16,0
2024-07-30,621016,6,1,3,2.6217566363636364,6.0,2,0
2024-07-30,621053,5,1,1,2.4087976666666666,5.0,3,0
2024-07-30,621114,3,1,0,0.057999999999999996,3.0,2,0
2024-07-30,621237,1,0,0,0.079,1.0,1,0
2024-07-30,621242,4,2,0,1.0072692307692306,4.0,2,0
2024-07-30,621345,3,0,0,1.0,3.0,3,0
2024-07-30,621381,6,2,2,2.184367263157895,6.0,2,0
2024-07-30,622491,26,4,1,8.595675239879988,26.0,20,3
2024-07-30,622554,3,2,0,0.098,3.0,1,0
2024-07-30,628452,3,0,0,0.522,3.0,3,0
2024-07-30,640451,5,2,0,1.7690000000000001,5.0,3,0
2024-07-30,640455,24,11,1,3.584131,24.0,12,0
2024-07-30,641302,8,3,0,2.767083333333334,8.0,5,1
2024-07-30,641729,4,2,1,0.7071310000000001,4.0,1,0
2024-07-30,642048,5,1,0,1.0431920000000001,5.0,3,0
2024-07-30,642520,8,0,1,2.7435150000000004,8.0,5,0
2024-07-30,642701,6,2,0,1.506,6.0,4,0
2024-07-30,643377,3,1,0,0.689,3.0,2,0
2024-07-30,643410,5,0,1,0.46499999999999997,4.0,4,0
2024-07-30,647315,5,0,1,1.5801310000000002,5.0,4,0
2024-07-30,650671,4,0,0,1.8008222222222219,4.0,4,1
2024-07-30,655889,4,1,0,0.9721920000000001,4.0,2,0
2024-07-30,656234,5,1,0,3.2405714285714287,5.0,4,2
2024-07-30,656288,26,6,2,8.061326102564102,26.0,18,3
2024-07-30,656412,8,1,0,3.196192,7.0,6,0
2024-07-30,656546,8,1,0,2.90575,8.0,7,0
2024-07-30,657006,25,7,4,6.9315240000000005,24.0,14,0
2024-07-30,660896,4,2,0,0.7210000000000001,4.0,2,0
2024-07-30,661403,3,1,0,0.192,3.0,2,0
2024-07-30,661527,6,1,1,2.993131,6.0,4,0
2024-07-30,662253,3,2,0,0.081,3.0,1,0
2024-07-30,663158,3,2,0,0.006,3.0,1,0
2024-07-30,663362,18,6,1,3.308131,18.0,11,0
2024-07-30,663432,8,0,2,5.5256441510297485,8.0,6,2
2024-07-30,663559,21,3,0,7.199225806451613,21.0,18,1
2024-07-30,663567,8,3,0,1.571,8.0,5,0
2024-07-30,663568,5,0,2,1.7302620000000002,5.0,3,0
2024-07-30,663574,4,0,1,0.861131,4.0,3,0
2024-07-30,663893,4,1,0,0.9033888888888889,4.0,3,0
2024-07-30,663947,10,1,0,2.5829,10.0,9,0
2024-07-30,664076,1,1,0,0.0,1.0,0,0
2024-07-30,664079,8,2,1,1.6691310000000001,8.0,5,0
2024-07-30,664747,4,0,1,1.613131,4.0,3,0
2024-07-30,664776,2,1,0,0.06,2.0,1,0
2024-07-30,664875,7,1,1,3.0025134761904764,6.0,4,1
2024-07-30,665795,19,7,1,4.950241032786886,19.0,10,1
2024-07-30,666214,4,1,0,1.8647540983606556,4.0,3,1
2024-07-30,666974,2,1,0,0.241,2.0,1,0
2024-07-30,668909,19,8,1,5.339540090909091,19.0,10,1
2024-07-30,669060,11,3,1,3.859131,11.0,7,0
2024-07-30,669093,4,2,0,0.797,4.0,2,0
2024-07-30,669194,24,9,2,4.637262,24.0,13,0
2024-07-30,669203,28,7,3,7.153322454545455,28.0,16,0
2024-07-30,669674,3,2,0,0.4684666666666665,3.0,1,0
2024-07-30,670810,3,0,0,0.28700000000000003,3.0,3,0
2024-07-30,670970,6,1,2,1.7453532222222223,5.0,3,1
2024-07-30,670990,9,1,0,3.459384,9.0,6,0
2024-07-30,671345,5,0,0,2.587861111111111,5.0,5,1
2024-07-30,671922,3,0,1,1.243131,3.0,2,0
2024-07-30,672335,3,0,0,0.5743636363636363,3.0,3,0
2024-07-30,672851,5,0,0,1.2372173913043476,5.0,5,1
2024-07-30,673513,3,2,0,0.014,3.0,1,0
2024-07-30,674003,12,2,1,4.642717538461539,12.0,9,1
2024-07-30,674285,14,0,1,7.184131,14.0,13,1
2024-07-30,676092,3,0,0,0.595,3.0,3,0
2024-07-30,676254,3,1,0,0.261,3.0,2,0
2024-07-30,676664,24,9,1,4.677131,23.0,13,0
2024-07-30,676684,4,1,0,0.841,4.0,3,0
2024-07-30,676702,5,2,0,1.09,5.0,3,0
2024-07-30,677161,4,0,2,1.860262,4.0,2,0
2024-07-30,679885,3,1,0,0.32599999999999996,3.0,2,0
2024-07-30,680689,5,1,1,1.8594643333333334,5.0,3,0
2024-07-30,680704,3,1,0,1.186,3.0,2,0
2024-07-30,681517,4,0,0,1.428,4.0,4,0
2024-07-30,681676,3,1,0,0.283,3.0,2,0
2024-07-30,681799,10,2,0,2.959090909090909,10.0,8,1
2024-07-30,681867,9,0,0,0.5609999999999999,9.0,9,0
2024-07-30,681869,5,2,1,0.8541310000000001,5.0,2,0
2024-07-30,681911,4,0,2,0.877131,2.0,2,0
2024-07-30,682120,3,0,0,1.5230000000000001,3.0,3,0
2024-07-30,685116,13,2,1,4.740131,13.0,9,0
2024-07-30,685801,4,0,0,1.8255454545454546,4.0,4,0
2024-07-30,686539,10,2,3,5.437368333333334,10.0,4,1
2024-07-30,686563,25,2,3,6.969979538461539,25.0,20,1
2024-07-30,686613,27,8,2,10.180299652270211,27.0,17,2
2024-07-30,686642,3,0,2,1.4272620000000003,3.0,1,0
2024-07-30,686826,5,2,0,1.563,5.0,3,0
2024-07-30,687330,4,1,0,1.217,4.0,3,0
2024-07-30,687911,4,3,0,0.14,4.0,1,0
2024-07-30,688297,7,2,0,1.513,7.0,5,0
2024-07-30,689147,3,1,0,0.677,3.0,2,0
2024-07-30,690829,3,0,0,0.703,3.0,3,0
2024-07-30,693312,5,0,1,2.723131,5.0,4,0
2024-07-30,693821,25,7,1,7.536702428571429,25.0,17,1
2024-07-30,694363,4,0,0,1.8566800000000003,4.0,4,1
2024-07-30,701542,23,6,2,6.1974540000000005,23.0,14,0
2024-07-30,701581,19,6,1,7.4570801428571425,19.0,11,1
2024-07-30,702352,10,1,0,2.774192,10.0,8,0
2024-07-31,445276,4,1,1,0.9731310000000001,4.0,2,0
2024-07-31,477132,21,0,1,7.651269888888889,21.0,20,1
2024-07-31,493603,3,0,0,0.154,3.0,3,0
2024-07-31,502179,21,1,3,8.753266931623932,21.0,17,2
2024-07-31,518886,4,2,1,0.689131,4.0,1,0
2024-07-31,519008,1,1,0,0.0,1.0,0,0
2024-07-31,519043,3,2,0,0.064,3.0,1,0
2024-07-31,519151,5,0,0,2.025,5.0,5,0
2024-07-31,519242,25,6,3,6.177430037037037,25.0,16,1
2024-07-31,523260,2,0,0,0.31,2.0,2,0
2024-07-31,543294,19,4,2,5.769923111111111,19.0,13,1
2024-07-31,548389,22,0,1,8.118151910973085,22.0,21,3
2024-07-31,571760,21,2,1,5.796297666666667,20.0,18,0
2024-07-31,571882,7,0,0,2.2330769230769234,7.0,7,1
2024-07-31,571948,1,0,0,0.014,1.0,1,0
2024-07-31,572143,3,0,0,1.361,3.0,3,0
2024-07-31,572955,6,2,1,1.934131,6.0,3,0
2024-07-31,592094,3,0,0,1.043,3.0,3,0
2024-07-31,592454,3,1,1,0.771131,3.0,1,0
2024-07-31,592767,6,1,0,1.3232692307692306,6.0,5,0
2024-07-31,596001,8,2,1,3.700801454545455,8.0,5,0
2024-07-31,596133,5,0,0,2.2847833333333334,5.0,5,1
2024-07-31,600917,4,1,0,1.899,4.0,3,0
2024-07-31,605280,3,0,0,0.716,3.0,3,0
2024-07-31,606930,4,0,0,1.6179999999999999,4.0,4,0
2024-07-31,607536,25,6,0,7.912831076265147,25.0,19,2
2024-07-31,608032,3,1,0,0.708,3.0,2,0
2024-07-31,608371,3,0,1,0.7411310000000001,3.0,2,0
2024-07-31,608723,2,1,0,0.4954999999999999,2.0,1,0
2024-07-31,614179,2,0,0,1.1320000000000001,2.0,2,0
2024-07-31,621114,5,3,1,1.255131,5.0,1,0
2024-07-31,621383,3,0,0,0.375,3.0,3,0
2024-07-31,622103,4,1,1,1.142131,4.0,2,0
2024-07-31,622663,16,2,2,8.589262,16.0,12,2
2024-07-31,622786,4,1,0,1.331,4.0,3,0
2024-07-31,623149,5,0,3,3.268841275862069,5.0,2,1
2024-07-31,623211,4,2,1,0.8481310000000001,4.0,1,0
2024-07-31,623352,4,1,0,0.44899999999999995,4.0,3,0
2024-07-31,628452,3,2,0,0.178,3.0,1,0
2024-07-31,628708,4,1,1,1.258131,4.0,2,0
2024-07-31,640462,3,1,0,0.034,3.0,2,0
2024-07-31,641154,23,7,3,5.867489774193548,23.0,13,1
2024-07-31,641482,21,6,2,6.819251153476541,21.0,13,2
2024-07-31,641540,8,0,0,4.24726893939394,8.0,8,1
2024-07-31,641703,14,2,2,4.576770771929825,14.0,10,1
2024-07-31,641729,4,2,0,1.093,4.0,2,0
2024-07-31,641755,4,2,1,0.689131,3.0,1,0
2024-07-31,641771,5,1,0,1.545,5.0,4,0
2024-07-31,642048,4,0,2,1.823762,4.0,2,0
2024-07-31,642547,23,7,2,6.472733202710334,23.0,14,3
2024-07-31,643410,7,2,0,3.2901920000000002,7.0,4,0
2024-07-31,646242,1,0,0,0.5771111111111111,1.0,1,0
2024-07-31,647315,5,0,0,1.989,5.0,5,0
2024-07-31,650556,3,0,0,0.356,3.0,3,0
2024-07-31,650911,25,7,1,9.55816763003663,25.0,17,3
2024-07-31,656222,3,1,0,0.851,3.0,2,0
2024-07-31,656302,22,6,3,5.531478714285715,22.0,13,1
2024-07-31,656464,6,1,0,1.416,6.0,5,0
2024-07-31,656629,3,3,0,0.0,3.0,0,0
2024-07-31,656641,7,3,0,0.9269999999999999,7.0,4,0
2024-07-31,656731,9,2,1,2.149881,9.0,6,0
2024-07-31,657024,5,0,1,1.9535447931034482,5.0,4,1
2024-07-31,657044,3,1,1,0.075,2.0,1,0
2024-07-31,657053,8,1,2,2.176262,8.0,5,0
2024-07-31,657277,34,6,1,7.805158777777778,34.0,27,1
2024-07-31,657508,4,1,0,1.054,3.0,2,0
2024-07-31,657649,5,1,1,1.817131,5.0,3,0
2024-07-31,661395,5,2,0,1.325,5.0,3,0
2024-07-31,663460,3,2,0,0.14,3.0,1,0
2024-07-31,663485,3,0,0,0.822,3.0,3,0
2024-07-31,663765,20,3,0,6.255946098360656,20.0,16,1
2024-07-31,663773,3,1,0,0.149,3.0,2,0
2024-07-31,663903,27,4,0,5.053,25.0,22,0
2024-07-31,664208,5,0,0,1.9421920000000001,5.0,4,0
2024-07-31,664285,25,10,0,7.067437037037037,25.0,15,2
2024-07-31,664849,3,1,0,1.095,3.0,2,0
2024-07-31,665625,2,1,0,0.286,2.0,1,0
2024-07-31,665896,4,1,0,0.33599999999999997,4.0,3,0
2024-07-31,666157,28,6,0,8.899204274878604,28.0,21,3
2024-07-31,666619,2,1,0,0.235,2.0,1,0
2024-07-31,666720,9,2,2,5.650374454545455,9.0,4,1
2024-07-31,668338,6,1,1,1.425131,6.0,4,0
2024-07-31,668674,3,2,0,1.142175,3.0,1,1
2024-07-31,668678,25,6,1,6.8108941578947375,25.0,18,1
2024-07-31,668941,3,0,0,0.631,3.0,3,0
2024-07-31,668968,5,2,0,3.1651920000000002,5.0,2,1
2024-07-31,669022,24,1,1,7.025131,24.0,22,0
2024-07-31,669211,4,1,0,0.454,4.0,3,0
2024-07-31,669270,6,0,0,0.584,6.0,6,0
2024-07-31,669622,5,2,0,1.192,5.0,3,0
2024-07-31,669721,21,5,1,5.665264333333333,21.0,15,1
2024-07-31,669923,25,2,1,7.666895976958526,25.0,22,1
2024-07-31,670059,2,0,0,1.8067540983606556,2.0,2,1
2024-07-31,670174,4,1,0,1.0481920000000002,4.0,2,0
2024-07-31,670955,11,5,0,3.262,9.0,5,0
2024-07-31,670970,1,1,0,0.0,1.0,0,0
2024-07-31,671111,7,0,0,3.0663478260869566,7.0,7,1
2024-07-31,671305,3,1,0,0.159,3.0,2,0
2024-07-31,671737,20,6,1,5.562481877192982,20.0,13,1
2024-07-31,676092,6,3,0,1.668,6.0,3,0
2024-07-31,676395,1,0,0,0.233,1.0,1,0
2024-07-31,676534,3,1,0,0.16,3.0,2,0
2024-07-31,676702,4,0,1,0.753131,3.0,3,0
2024-07-31,677053,4,3,1,0.689131,4.0,0,0
2024-07-31,677161,5,1,1,1.7333230000000002,5.0,2,0
2024-07-31,677976,5,1,1,2.009131,5.0,3,0
2024-07-31,678394,28,7,2,8.885904,28.0,18,2
2024-07-31,680570,28,8,3,6.123438454545455,28.0,17,0
2024-07-31,680767,3,1,0,0.752,3.0,2,0
2024-07-31,682610,19,7,1,5.931076454545455,19.0,11,1
2024-07-31,683232,9,2,1,4.82807611627907,9.0,6,2
2024-07-31,686642,2,2,0,0.0,2.0,0,0
2024-07-31,687863,4,2,1,0.9791310000000001,4.0,1,0
2024-07-31,689672,24,0,2,7.723561635147462,24.0,22,1
2024-07-31,689690,3,3,0,0.0,3.0,0,0
2024-07-31,691172,9,1,1,3.450791377358491,9.0,7,1
2024-07-31,693312,3,1,0,0.425,3.0,2,0
2024-07-31,700241,27,3,1,9.039845285714286,27.0,23,1
2024-07-31,702795,3,0,0,0.078,3.0,3,0
2024-08-01,450203,24,6,2,8.177120666666667,24.0,15,0
2024-08-01,519293,4,2,1,0.7141310000000001,4.0,1,0
2024-08-01,519326,5,1,1,2.644723592592593,5.0,3,1
2024-08-01,543243,26,9,1,8.302206757575757,26.0,16,2
2024-08-01,544150,9,1,1,3.8713532222222224,9.0,7,1
2024-08-01,572143,4,2,1,1.130131,4.0,1,0
2024-08-01,592426,2,0,0,0.777,2.0,2,0
2024-08-01,594902,22,4,1,6.7650310000000005,22.0,17,1
2024-08-01,595928,5,0,0,1.608,5.0,5,0
2024-08-01,605347,2,1,0,0.92,2.0,1,0
2024-08-01,607625,28,3,1,6.731312818181818,28.0,24,0
2024-08-01,608334,23,8,1,6.878984538461539,23.0,13,2
2024-08-01,621345,3,2,0,0.21,3.0,1,0
2024-08-01,628452,3,1,0,0.14100000000000001,3.0,2,0
2024-08-01,641755,3,1,0,0.618,3.0,2,0
2024-08-01,642629,3,1,0,0.5589999999999999,3.0,2,0
2024-08-01,650671,3,1,0,0.878,3.0,2,0
2024-08-01,657097,6,2,0,2.164549142857143,6.0,3,1
2024-08-01,663372,26,3,1,10.333316185185184,26.0,22,3
2024-08-01,663878,7,1,0,1.855,7.0,6,0
2024-08-01,664854,6,0,0,2.7079473684210527,6.0,6,1
2024-08-01,666277,6,1,0,1.928,6.0,5,0
2024-08-01,668941,3,2,0,0.87,3.0,1,0
2024-08-01,668968,4,2,0,0.426,3.0,2,0
2024-08-01,669276,4,1,2,1.4802620000000002,4.0,1,0
2024-08-01,669432,22,3,3,11.491261484848485,22.0,16,2
2024-08-01,669724,5,0,0,4.027250082101807,5.0,5,3
2024-08-01,671922,3,1,0,0.399,3.0,2,0
2024-08-01,672456,27,3,1,8.1964435,27.0,23,0
2024-08-01,674944,7,0,0,3.5783840000000002,7.0,5,0
2024-08-01,676974,22,7,1,8.010995613880743,22.0,14,2
2024-08-01,680704,4,2,1,0.983131,4.0,1,0
2024-08-01,680767,4,1,1,1.335131,4.0,2,0
2024-08-01,682120,6,2,0,2.998830888888889,6.0,3,1
2024-08-01,683409,3,1,0,0.722,3.0,2,0
2024-08-01,684007,30,7,0,8.593520833333333,30.0,23,1
2024-08-01,690829,4,1,1,1.245131,4.0,2,0
2024-08-02,471911,18,5,4,4.984524,18.0,9,0
2024-08-02,472610,3,0,0,0.318,3.0,3,0
2024-08-02,518585,3,1,0,1.306,3.0,2,0
2024-08-02,518886,5,1,1,1.428131,5.0,3,0
2024-08-02,519008,3,1,1,0.943131,3.0,1,0
2024-08-02,519151,6,1,0,1.784192,6.0,4,0
2024-08-02,523260,4,1,0,2.0614000000000003,4.0,3,1
2024-08-02,542881,26,3,2,8.148462,26.0,21,1
2024-08-02,542888,7,2,1,1.707131,7.0,4,0
2024-08-02,543339,3,0,0,2.079419047619048,3.0,3,1
2024-08-02,543859,11,3,0,2.952192,11.0,7,0
2024-08-02,547973,4,2,0,0.9887307692307692,4.0,2,1
2024-08-02,570632,19,2,0,10.032268174962292,19.0,17,3
2024-08-02,571656,5,3,0,0.309,5.0,2,0
2024-08-02,571670,3,0,0,0.652,3.0,3,0
2024-08-02,571946,4,0,0,2.386,4.0,4,0
2024-08-02,571948,4,1,1,1.323131,4.0,2,0
2024-08-02,573186,17,3,1,6.351479538011696,17.0,13,1
2024-08-02,579328,22,11,3,4.802316076923077,22.0,8,1
2024-08-02,592155,3,1,0,1.0033333333333334,3.0,2,1
2024-08-02,592332,23,2,3,11.386416014721128,23.0,18,4
2024-08-02,592767,5,0,1,2.497131,5.0,4,0
2024-08-02,593423,24,5,0,7.303,24.0,19,1
2024-08-02,593576,5,2,1,1.722131,5.0,2,0
2024-08-02,594580,3,0,0,2.4995000000000003,3.0,3,1
2024-08-02,596117,3,0,0,0.444,3.0,3,0
2024-08-02,596295,27,6,1,6.928092538461539,27.0,20,2
2024-08-02,605121,6,0,1,2.458823,6.0,4,0
2024-08-02,605130,4,1,2,1.8012620000000001,4.0,1,0
2024-08-02,605177,6,3,0,2.1028000000000002,6.0,3,1
2024-08-02,605463,2,0,1,1.070131,2.0,1,0
2024-08-02,605483,29,11,3,4.497393,29.0,15,0
2024-08-02,606303,3,1,0,0.08399999999999999,3.0,2,0
2024-08-02,606930,5,2,1,2.865131,5.0,2,1
2024-08-02,607200,21,4,0,7.523250622787568,21.0,17,4
2024-08-02,607259,5,2,0,2.2365652173913046,5.0,3,0
2024-08-02,607455,4,1,0,0.732,4.0,3,0
2024-08-02,607481,4,2,0,0.172,4.0,2,0
2024-08-02,608371,4,1,0,0.651,4.0,3,0
2024-08-02,608717,3,0,0,0.708,3.0,3,0
2024-08-02,613534,3,1,0,0.781192,3.0,1,0
2024-08-02,614179,5,2,0,1.6640000000000001,5.0,3,0
2024-08-02,621051,7,0,2,2.4662230000000003,6.0,4,1
2024-08-02,621053,6,1,1,3.778131,6.0,4,1
2024-08-02,621112,24,6,2,7.149454,24.0,15,0
2024-08-02,621237,4,1,0,2.039866666666667,4.0,3,1
2024-08-02,621383,6,3,1,1.828131,6.0,2,0
2024-08-02,623352,4,0,1,1.424323,4.0,2,0
2024-08-02,623465,4,3,0,0.796,4.0,1,0
2024-08-02,628708,7,0,2,2.218262,7.0,5,0
2024-08-02,640462,4,0,0,2.216,4.0,4,0
2024-08-02,641540,9,1,0,2.843192,9.0,7,0
2024-08-02,641729,5,3,1,0.9901310000000001,5.0,1,0
2024-08-02,641755,3,0,0,1.8732142857142853,3.0,3,1
2024-08-02,641771,6,2,0,0.6522500000000001,6.0,4,0
2024-08-02,642397,6,0,2,2.690262,6.0,4,0
2024-08-02,642701,5,1,1,1.9595976666666668,5.0,3,0
2024-08-02,643338,3,3,0,0.0,3.0,0,0
2024-08-02,643377,3,2,0,0.016,3.0,1,0
2024-08-02,646242,7,1,1,2.6681310000000003,7.0,5,0
2024-08-02,647315,3,1,0,0.396,3.0,2,0
2024-08-02,650556,3,2,0,0.158,3.0,1,0
2024-08-02,650893,4,1,1,1.285131,4.0,2,0
2024-08-02,656222,3,1,0,0.369,3.0,2,0
2024-08-02,656464,5,1,1,2.071323,5.0,2,0
2024-08-02,656641,10,0,3,5.5564555,10.0,7,1
2024-08-02,657044,5,0,0,1.5930000000000002,5.0,5,0
2024-08-02,657097,5,1,1,1.138131,5.0,3,0
2024-08-02,657240,6,2,4,2.756524,6.0,0,0
2024-08-02,657508,7,2,0,1.5510000000000002,7.0,5,0
2024-08-02,657612,4,1,1,0.8481310000000001,4.0,2,0
2024-08-02,657649,4,0,0,0.5409999999999999,4.0,4,0
2024-08-02,657746,24,7,3,6.889995870813397,24.0,14,1
2024-08-02,658648,3,1,0,0.6883636363636364,3.0,2,0
2024-08-02,660853,7,1,0,2.192192,7.0,5,0
2024-08-02,660896,2,1,0,0.003,2.0,1,0
2024-08-02,661403,4,2,0,0.583,4.0,2,0
2024-08-02,663423,4,1,0,0.651,4.0,3,0
2024-08-02,663432,3,1,0,0.17400000000000002,3.0,2,0
2024-08-02,663436,19,5,3,8.058877848484848,19.0,11,3
2024-08-02,663623,24,4,2,7.6340512857142855,24.0,18,1
2024-08-02,663704,4,0,0,0.6719999999999999,4.0,4,0
2024-08-02,663893,6,2,0,0.9239999999999999,6.0,4,0
2024-08-02,663969,13,1,3,9.369426333333333,13.0,9,3
2024-08-02,664076,3,0,0,1.46168,3.0,3,1
2024-08-02,664208,3,1,0,0.73,3.0,2,0
2024-08-02,664776,4,2,1,0.940131,4.0,1,0
2024-08-02,665152,23,2,2,6.140728666666667,23.0,19,0
2024-08-02,665625,3,0,0,0.377,3.0,3,0
2024-08-02,665871,18,3,3,5.4383930000000005,18.0,12,0
2024-08-02,665896,4,1,0,1.0550000000000002,4.0,3,0
2024-08-02,666142,22,6,4,5.827281575757576,22.0,12,1
2024-08-02,666214,3,0,0,0.20400000000000001,3.0,3,0
2024-08-02,668338,5,1,0,0.869,5.0,4,0
2024-08-02,668674,1,0,0,0.425,1.0,1,0
2024-08-02,669093,7,2,2,3.009262,7.0,3,0
2024-08-02,669358,23,5,1,9.121031568181818,23.0,17,1
2024-08-02,669373,28,8,2,8.822512,27.0,18,1
2024-08-02,669461,1,0,0,0.267,1.0,1,0
2024-08-02,669622,3,2,0,0.158,3.0,1,0
2024-08-02,670059,5,0,0,2.249237037037037,5.0,5,1
2024-08-02,670174,3,1,0,1.0294482758620687,3.0,2,1
2024-08-02,670950,3,1,0,0.6896800000000002,3.0,2,1
2024-08-02,671096,21,8,1,6.4153532222222225,21.0,12,2
2024-08-02,671305,4,2,0,0.499,4.0,2,0
2024-08-02,671922,5,3,0,0.587,5.0,2,0
2024-08-02,672582,3,0,1,0.872131,3.0,2,0
2024-08-02,672710,7,5,0,0.77,7.0,2,0
2024-08-02,672860,2,1,0,1.807592592592593,2.0,1,1
2024-08-02,673513,3,1,0,1.195,3.0,2,0
2024-08-02,674285,4,1,1,1.718131,4.0,2,0
2024-08-02,676130,6,3,0,0.593,6.0,3,0
2024-08-02,676395,4,1,1,1.865323,4.0,1,0
2024-08-02,676534,8,1,2,3.4777421111111115,6.0,5,1
2024-08-02,676710,23,5,1,6.115589215030957,23.0,17,2
2024-08-02,677053,4,2,1,0.812131,4.0,1,0
2024-08-02,678368,18,5,2,5.671941401993355,18.0,11,1
2024-08-02,678606,4,0,1,1.727131,4.0,3,0
2024-08-02,679885,4,3,1,0.689131,4.0,0,0
2024-08-02,680767,4,1,1,0.7321310000000001,4.0,2,0
2024-08-02,680885,27,10,0,6.612503553854565,27.0,17,1
2024-08-02,681190,20,4,2,6.731555449275363,20.0,13,2
2024-08-02,681517,4,0,0,1.368,4.0,4,0
2024-08-02,682847,25,2,3,11.474095681992337,25.0,20,3
2024-08-02,683155,22,6,2,7.927632812655087,22.0,14,3
2024-08-02,683769,3,1,0,0.181,3.0,2,0
2024-08-02,685801,3,2,0,0.273,3.0,1,0
2024-08-02,687330,6,0,0,2.503,6.0,6,0
2024-08-02,689225,8,2,0,3.449,8.0,6,0
2024-08-02,689690,9,3,0,2.4982347826086957,9.0,6,1
2024-08-02,693433,26,6,0,5.399,26.0,20,0
2024-08-02,694297,22,3,1,6.153131,22.0,18,0
2024-08-02,694813,21,5,1,8.510268931034483,21.0,15,2
2024-08-03,445926,9,3,2,2.7595745000000003,9.0,4,0
2024-08-03,458677,5,2,0,2.4642954545454545,5.0,3,2
2024-08-03,489446,6,2,0,1.4458571428571427,6.0,4,0
2024-08-03,493603,4,1,1,0.907131,4.0,2,0
2024-08-03,502043,27,7,1,6.670959632478632,26.0,19,2
2024-08-03,502085,6,2,0,1.454,6.0,4,0
2024-08-03,518397,4,2,1,0.9471310000000001,4.0,1,0
2024-08-03,519043,3,0,0,1.1541666666666666,3.0,3,0
2024-08-03,519326,4,0,1,2.535953222222222,4.0,3,1
2024-08-03,527048,21,7,0,4.326841911764706,21.0,14,1
2024-08-03,547179,24,5,2,6.27200558974359,24.0,17,1
2024-08-03,547973,4,3,0,0.19,4.0,1,0
2024-08-03,554340,5,1,2,1.677262,5.0,2,0
2024-08-03,571771,4,0,0,1.056,4.0,4,0
2024-08-03,571882,7,1,0,1.697,7.0,6,0
2024-08-03,572955,5,0,1,2.8981310000000002,5.0,4,0
2024-08-03,573009,5,2,0,0.7016428571428572,4.0,2,0
2024-08-03,573124,4,1,0,0.5509999999999999,4.0,3,0
2024-08-03,592094,4,1,0,0.762,4.0,3,0
2024-08-03,592454,3,1,0,0.621,3.0,2,0
2024-08-03,592767,3,1,0,0.391,3.0,2,0
2024-08-03,592791,24,4,0,7.541192642642643,24.0,20,2
2024-08-03,593576,4,0,0,0.987,4.0,4,0
2024-08-03,595014,3,0,0,0.5800000000000001,3.0,3,0
2024-08-03,596133,4,3,1,0.689131,4.0,0,0
2024-08-03,600917,5,2,2,1.467262,5.0,1,0
2024-08-03,605154,6,0,2,4.190262000000001,6.0,4,0
2024-08-03,605177,3,0,0,0.30900000000000005,2.0,2,0
2024-08-03,605280,1,1,0,0.0,1.0,0,0
2024-08-03,605463,5,1,1,1.321131,5.0,3,0
2024-08-03,607074,21,8,2,5.089693818181818,21.0,11,1
2024-08-03,608032,8,2,2,1.516323,7.0,3,0
2024-08-03,608638,5,1,0,0.821192,5.0,3,0
2024-08-03,608723,3,2,0,0.335,3.0,1,0
2024-08-03,621107,26,3,1,5.700464333333334,25.0,21,0
2024-08-03,621114,6,1,2,2.250262,6.0,3,0
2024-08-03,621237,4,1,0,1.016,4.0,3,0
2024-08-03,621244,26,6,3,8.369577536723163,25.0,17,2
2024-08-03,621363,2,0,0,0.203,2.0,2,0
2024-08-03,621381,4,3,0,0.720192,4.0,0,0
2024-08-03,622065,1,0,0,0.117,1.0,1,0
2024-08-03,622103,6,1,1,2.315131,6.0,4,0
2024-08-03,622250,5,1,0,2.49,5.0,4,1
2024-08-03,622554,4,1,0,1.859777777777778,4.0,3,1
2024-08-03,622786,4,2,0,0.922,4.0,2,0
2024-08-03,623149,3,1,1,0.7011310000000001,3.0,1,0
2024-08-03,623211,6,2,1,3.530027551724138,6.0,3,1
2024-08-03,628317,18,4,1,7.097714670715251,18.0,13,2
2024-08-03,640448,6,1,0,1.302,6.0,5,0
2024-08-03,640451,6,0,0,3.670069999999999,6.0,6,2
2024-08-03,641793,20,3,1,7.329218719298246,20.0,16,2
2024-08-03,641927,26,7,2,8.05505868058191,26.0,16,2
2024-08-03,642048,3,0,0,1.176,3.0,3,0
2024-08-03,642701,3,0,0,1.890192,3.0,2,0
2024-08-03,643377,4,2,0,1.1280000000000001,4.0,2,0
2024-08-03,643410,5,0,0,2.271,5.0,5,0
2024-08-03,650644,20,3,1,6.363681,19.0,16,1
2024-08-03,655889,3,3,0,0.0,3.0,0,0
2024-08-03,656222,4,2,1,0.7031310000000001,4.0,1,0
2024-08-03,656427,25,7,1,6.327131,25.0,17,0
2024-08-03,656546,8,2,1,3.7385452222222226,8.0,4,1
2024-08-03,656550,22,4,1,6.875807390817469,21.0,17,2
2024-08-03,656557,25,7,2,7.892229532467533,25.0,16,1
2024-08-03,656605,15,4,2,2.687262,15.0,9,0
2024-08-03,656629,3,1,0,0.11699999999999999,3.0,2,0
2024-08-03,656756,12,3,2,4.859794967032967,12.0,7,2
2024-08-03,656849,24,4,1,6.567631,24.0,19,0
2024-08-03,656945,4,2,0,0.8069999999999999,4.0,2,0
2024-08-03,657024,3,0,0,0.29000000000000004,3.0,3,0
2024-08-03,657053,13,3,1,6.055302296296296,13.0,9,2
2024-08-03,657514,6,0,1,1.1059999999999999,5.0,5,0
2024-08-03,657571,9,2,0,2.1390000000000002,9.0,7,0
2024-08-03,658648,7,0,1,3.054131,7.0,6,0
2024-08-03,661395,3,0,0,0.385,3.0,3,0
2024-08-03,662253,4,2,1,0.7441310000000001,4.0,1,0
2024-08-03,663158,3,1,0,0.262,3.0,2,0
2024-08-03,663460,5,1,1,0.966,4.0,3,0
2024-08-03,663465,15,4,2,4.441216425612053,15.0,9,2
2024-08-03,663546,4,1,0,0.5229999999999999,4.0,3,0
2024-08-03,663567,6,0,0,2.628,6.0,6,0
2024-08-03,663574,4,0,0,1.395666666666667,4.0,4,1
2024-08-03,663704,4,0,1,1.8567384615384614,3.0,3,2
2024-08-03,663855,7,1,1,1.7972643333333331,7.0,5,1
2024-08-03,663947,9,3,0,0.738,9.0,6,0
2024-08-03,664126,3,0,0,0.20900000000000002,3.0,3,0
2024-08-03,664747,4,0,0,1.9568222222222218,4.0,4,1
2024-08-03,664776,3,0,0,2.292,3.0,3,0
2024-08-03,664849,1,0,0,0.301,1.0,1,0
2024-08-03,664854,3,0,0,0.8009999999999999,3.0,3,0
2024-08-03,666205,10,3,0,3.217,10.0,7,0
2024-08-03,666720,6,1,0,2.0060000000000002,6.0,5,0
2024-08-03,666974,3,1,0,0.389,3.0,2,0
2024-08-03,667725,16,2,4,8.686964476190477,16.0,10,2
2024-08-03,667755,25,6,2,8.075398363636364,25.0,16,0
2024-08-03,668674,3,1,0,0.015,3.0,2,0
2024-08-03,668881,21,11,1,2.753323,21.0,8,0
2024-08-03,668941,3,1,0,0.005,3.0,2,0
2024-08-03,668968,3,1,1,1.3181310000000002,3.0,1,0
2024-08-03,669060,10,0,0,3.23,10.0,10,0
2024-08-03,669276,4,2,0,0.402,4.0,2,0
2024-08-03,669622,3,0,0,0.221,3.0,3,0
2024-08-03,669674,4,1,0,0.355,4.0,3,0
2024-08-03,669854,23,7,2,8.189903509433963,23.0,14,2
2024-08-03,670280,6,2,1,1.934131,6.0,3,0
2024-08-03,670955,3,1,0,0.112,3.0,2,0
2024-08-03,671345,7,1,0,2.012,7.0,6,0
2024-08-03,672335,3,1,1,0.695131,3.0,1,0
2024-08-03,672391,4,2,0,0.981,4.0,2,0
2024-08-03,672851,4,1,0,0.765,4.0,3,0
2024-08-03,674003,16,5,1,6.231988576524159,16.0,10,2
2024-08-03,675540,16,2,1,4.997,15.0,13,0
2024-08-03,676092,4,2,1,1.008131,4.0,1,0
2024-08-03,676282,18,4,0,6.794024013722128,18.0,14,1
2024-08-03,676534,4,2,0,0.9770000000000001,4.0,2,0
2024-08-03,676614,4,0,0,1.0039411764705881,4.0,4,0
2024-08-03,676684,5,0,0,1.869,5.0,5,0
2024-08-03,676979,16,2,4,5.930630382978723,16.0,10,1
2024-08-03,677053,3,2,0,0.012,3.0,1,0
2024-08-03,677944,11,3,0,4.579341666666666,11.0,8,2
2024-08-03,680704,1,0,0,0.043,1.0,1,0
2024-08-03,681867,8,0,1,3.8873415263157893,8.0,7,0
2024-08-03,682243,20,4,1,7.509131,20.0,15,1
2024-08-03,683232,3,1,0,0.169,3.0,2,0
2024-08-03,683409,4,1,0,1.4640000000000002,4.0,3,0
2024-08-03,685299,20,4,1,2.8171310000000003,19.0,15,0
2024-08-03,686539,7,2,1,1.6411310000000001,7.0,4,0
2024-08-03,687765,25,6,3,6.533035857142857,24.0,15,0
2024-08-03,687792,20,6,1,4.621323,20.0,12,0
2024-08-03,687863,7,1,1,2.2198944285714286,7.0,4,0
2024-08-03,689147,4,0,1,1.323631,4.0,3,0
2024-08-03,690829,4,1,0,0.38599999999999995,4.0,3,0
2024-08-03,690986,18,4,1,8.263197774891774,17.0,12,3
2024-08-03,693312,7,1,0,1.7053333333333334,7.0,6,1
2024-08-03,694361,2,0,1,1.219131,2.0,1,0
2024-08-03,694363,2,0,0,1.8010000000000002,2.0,2,0
2024-08-04,493603,3,2,0,0.103,3.0,1,0
2024-08-04,500779,22,4,4,6.530849333333333,22.0,13,2
2024-08-04,518585,3,0,1,1.9817614347826087,3.0,2,1
2024-08-04,519293,4,1,0,0.901,4.0,3,0
2024-08-04,543037,23,4,0,9.320901845735028,23.0,18,2
2024-08-04,543135,23,7,1,8.745042818181817,23.0,15,3
2024-08-04,543339,3,1,0,0.47200000000000003,3.0,2,0
2024-08-04,554340,4,0,1,2.39459611627907,4.0,3,1
2024-08-04,554430,27,9,1,5.590506730994152,27.0,17,2
2024-08-04,571670,3,1,0,0.848138888888889,3.0,2,1
2024-08-04,571882,3,2,0,0.006,3.0,1,0
2024-08-04,571945,21,3,2,8.492262,21.0,16,0
2024-08-04,571946,6,0,1,2.1657673636363635,6.0,5,0
2024-08-04,571948,5,1,0,2.1750000000000003,5.0,4,0
2024-08-04,572143,3,0,1,0.7081310000000001,3.0,2,0
2024-08-04,592155,4,0,0,1.4607631578947373,4.0,4,1
2024-08-04,592426,14,5,1,3.1659221111111115,14.0,8,1
2024-08-04,592454,4,0,2,1.6132620000000002,4.0,2,0
2024-08-04,592662,19,9,1,3.7601310000000003,19.0,9,0
2024-08-04,594580,4,1,0,1.1640000000000001,4.0,3,0
2024-08-04,595014,4,1,0,0.413,4.0,3,0
2024-08-04,595345,1,1,0,0.0,1.0,0,0
2024-08-04,596133,5,0,1,1.135131,5.0,4,0
2024-08-04,601713,18,5,1,5.466400081885856,18.0,12,1
2024-08-04,605280,2,1,0,0.4789411764705882,2.0,1,0
2024-08-04,606303,3,0,1,0.8751310000000001,2.0,1,0
2024-08-04,606930,1,1,0,0.0,1.0,0,0
2024-08-04,607455,3,1,0,0.20099999999999998,3.0,2,0
2024-08-04,607481,6,0,0,1.312,5.0,5,0
2024-08-04,608331,19,6,5,7.010655,19.0,8,0
2024-08-04,608379,28,2,4,9.525036121212121,28.0,22,1
2024-08-04,608638,3,1,0,1.387961538461539,3.0,2,1
2024-08-04,608717,3,1,0,0.5760000000000001,3.0,2,0
2024-08-04,613534,4,1,1,0.784131,4.0,2,0
2024-08-04,614179,4,2,0,0.774,4.0,2,0
2024-08-04,615698,21,2,3,8.070242604382228,20.0,16,3
2024-08-04,621051,8,1,2,3.477262,8.0,5,0
2024-08-04,621053,3,2,1,0.689131,3.0,0,0
2024-08-04,621114,3,0,0,1.359,3.0,3,0
2024-08-04,621345,3,2,0,0.0,3.0,1,0
2024-08-04,622554,4,1,1,0.842131,4.0,2,0
2024-08-04,622786,3,0,0,1.035,3.0,3,0
2024-08-04,623149,4,1,0,1.7043243243243245,4.0,3,1
2024-08-04,623167,15,3,3,7.005484478696743,15.0,9,1
2024-08-04,623465,1,1,0,0.0,1.0,0,0
2024-08-04,640448,3,0,0,0.746,3.0,3,0
2024-08-04,640451,3,1,0,1.5310000000000001,3.0,2,0
2024-08-04,640462,2,1,0,0.08,2.0,1,0
2024-08-04,641302,16,5,1,4.939446040650407,16.0,10,2
2024-08-04,642048,3,0,0,3.127845562543676,3.0,3,2
2024-08-04,642207,4,1,0,1.2610000000000001,4.0,3,0
2024-08-04,642232,3,0,0,1.301,3.0,3,0
2024-08-04,642397,3,0,0,1.768,3.0,3,0
2024-08-04,642520,5,1,0,0.865,5.0,4,0
2024-08-04,642546,4,1,0,0.721,4.0,3,0
2024-08-04,642629,8,2,1,2.227131,8.0,5,0
2024-08-04,643338,6,0,1,1.755,5.0,5,1
2024-08-04,643410,5,3,0,0.893192,5.0,1,0
2024-08-04,643511,4,1,0,0.8280000000000001,4.0,3,0
2024-08-04,647315,3,1,0,1.808,3.0,2,0
2024-08-04,650893,6,1,2,2.7100275517241377,5.0,3,1
2024-08-04,655889,3,2,0,0.035,3.0,1,0
2024-08-04,656222,4,0,1,0.854131,3.0,2,0
2024-08-04,656271,6,3,0,1.4680444444444445,6.0,3,1
2024-08-04,656288,22,8,4,6.031524,22.0,10,0
2024-08-04,656412,8,3,1,2.175216714285715,8.0,4,1
2024-08-04,657006,26,6,2,5.246025157894738,26.0,18,1
2024-08-04,657044,4,0,1,2.175131,4.0,3,0
2024-08-04,657240,3,0,0,0.9179999999999999,3.0,3,0
2024-08-04,657508,4,1,0,1.292192,4.0,2,0
2024-08-04,657514,3,3,0,0.0,3.0,0,0
2024-08-04,660853,3,1,0,1.18,3.0,2,0
2024-08-04,660896,6,1,1,1.8522219090909093,6.0,4,1
2024-08-04,663362,21,7,2,4.5602540000000005,21.0,11,0
2024-08-04,663423,2,0,0,0.927,2.0,2,0
2024-08-04,663485,9,2,1,3.220403727272727,9.0,6,1
2024-08-04,663562,7,0,2,3.5922620000000003,7.0,5,0
2024-08-04,663574,3,2,0,0.47,3.0,1,0
2024-08-04,663765,5,1,0,2.450431818181818,5.0,4,1
2024-08-04,663893,3,0,3,1.378262,2.0,0,0
2024-08-04,664126,3,2,0,0.273,3.0,1,0
2024-08-04,664208,4,3,0,0.177,4.0,1,0
2024-08-04,664849,3,1,0,0.005,3.0,2,0
2024-08-04,664875,7,0,1,3.1275134761904764,7.0,5,1
2024-08-04,665625,3,0,0,1.112,3.0,3,0
2024-08-04,665795,19,8,2,3.926262,19.0,9,1
2024-08-04,665896,7,0,0,1.5910000000000002,7.0,7,0
2024-08-04,666277,3,0,0,0.869,3.0,3,0
2024-08-04,666974,4,1,0,0.764,4.0,3,0
2024-08-04,667463,5,0,0,1.7144528301886794,5.0,5,1
2024-08-04,668338,4,0,0,0.829,4.0,4,0
2024-08-04,668909,22,8,2,5.549119142857143,21.0,12,1
2024-08-04,668964,18,2,1,5.40712347311828,18.0,15,2
2024-08-04,669062,3,1,1,0.797131,3.0,1,0
2024-08-04,669093,3,1,0,0.322,3.0,2,0
2024-08-04,669194,23,7,2,5.630454,23.0,13,0
2024-08-04,669203,23,4,1,6.635002428571429,23.0,18,1
2024-08-04,669212,4,1,0,0.738,4.0,3,0
2024-08-04,669302,23,7,0,6.388269230769231,22.0,15,1
2024-08-04,669461,5,2,1,1.232131,5.0,2,0
2024-08-04,669724,8,1,0,1.0090000000000001,8.0,7,0
2024-08-04,670059,6,1,2,3.0592074545454544,5.0,3,1
2024-08-04,670102,2,0,0,0.492,1.0,2,0
2024-08-04,670174,3,1,0,0.5121666666666665,3.0,2,0
2024-08-04,670950,4,2,0,0.5147499999999999,4.0,2,0
2024-08-04,670955,6,2,0,0.81,6.0,4,0
2024-08-04,670970,6,2,0,2.1429473684210527,6.0,4,1
2024-08-04,671111,14,4,1,6.770441605731183,14.0,9,3
2024-08-04,671305,3,2,0,0.2,3.0,1,0
2024-08-04,671345,1,0,0,0.526,1.0,1,0
2024-08-04,672335,2,0,0,0.072,2.0,2,0
2024-08-04,672710,3,2,0,0.068,3.0,1,0
2024-08-04,672860,7,2,2,2.111262,7.0,3,0
2024-08-04,673513,4,2,0,0.8,4.0,2,0
2024-08-04,674370,26,6,3,6.638393,25.0,17,0
2024-08-04,676254,4,1,0,1.1411920000000002,4.0,2,0
2024-08-04,676395,5,0,0,3.888,5.0,5,1
2024-08-04,676428,11,3,0,1.943,11.0,8,0
2024-08-04,676684,4,1,0,1.246,4.0,3,0
2024-08-04,676702,3,1,0,1.225,3.0,2,0
2024-08-04,677161,4,1,0,1.0007857142857144,4.0,3,0
2024-08-04,677976,5,2,1,1.872131,5.0,2,0
2024-08-04,679156,7,1,3,3.9113183731343284,7.0,3,1
2024-08-04,679885,4,3,0,0.118,4.0,1,0
2024-08-04,680573,21,6,3,7.235662230769231,21.0,12,0
2024-08-04,680704,3,1,0,1.3599999999999999,3.0,2,0
2024-08-04,680730,22,3,3,8.690958217391305,22.0,16,0
2024-08-04,681293,24,12,2,5.720262,23.0,9,1
2024-08-04,681517,4,0,1,1.688131,4.0,3,0
2024-08-04,681676,2,0,0,1.2900909090909092,2.0,2,1
2024-08-04,681869,7,1,1,3.1319180370370368,7.0,5,1
2024-08-04,681911,3,2,0,0.005,3.0,1,0
2024-08-04,682120,4,1,0,1.165,4.0,3,0
2024-08-04,683627,6,2,0,2.177,6.0,4,1
2024-08-04,684320,19,4,1,5.811631,19.0,14,0
2024-08-04,685801,5,1,2,2.320262,5.0,2,0
2024-08-04,686642,3,0,1,1.219131,3.0,2,0
2024-08-04,686730,21,5,0,6.713596491228071,21.0,16,2
2024-08-04,687362,12,3,2,2.504262,12.0,7,0
2024-08-04,687863,1,0,0,0.016,1.0,1,0
2024-08-04,687911,5,2,1,1.781323,5.0,1,0
2024-08-04,689981,21,4,3,8.130893,21.0,14,1
2024-08-04,691172,10,3,1,4.6273230000000005,10.0,5,1
2024-08-04,694973,22,4,3,5.774393,22.0,15,0
2024-08-04,702352,4,0,0,1.1555000000000002,4.0,4,0
2024-08-05,458677,4,1,1,0.786131,4.0,2,0
2024-08-05,472610,5,2,0,1.08921875,5.0,3,1
2024-08-05,489446,9,4,1,1.9473840000000002,8.0,2,0
2024-08-05,502085,7,2,2,1.968131,6.0,3,0
2024-08-05,519151,4,1,0,1.875754098360656,4.0,3,1
2024-08-05,542888,8,4,0,0.9930370370370369,8.0,4,1
2024-08-05,543294,23,5,1,5.954134246753247,23.0,17,1
2024-08-05,543339,4,0,0,0.44599999999999995,4.0,4,0
2024-08-05,571578,25,6,1,8.7394766284153,25.0,18,2
2024-08-05,571656,6,2,1,1.517131,6.0,3,0
2024-08-05,571760,21,4,1,5.945035121212121,21.0,15,2
2024-08-05,572020,23,4,1,6.719379275862069,23.0,18,1
2024-08-05,573124,4,2,0,1.002,4.0,2,0
2024-08-05,573204,3,3,0,0.0,3.0,0,0
2024-08-05,592155,3,0,1,1.006131,3.0,2,0
2024-08-05,592773,3,1,1,1.295131,3.0,1,0
2024-08-05,596001,11,1,0,6.729192,11.0,9,1
2024-08-05,600917,3,0,1,1.597131,2.0,2,0
2024-08-05,605121,5,1,2,2.196262,5.0,2,1
2024-08-05,605130,4,0,1,3.683728254004577,4.0,3,2
2024-08-05,605177,3,2,1,0.689131,3.0,0,0
2024-08-05,605347,4,2,0,0.731,4.0,2,0
2024-08-05,605400,24,4,0,10.629619047619048,24.0,20,4
2024-08-05,606930,3,1,0,0.7201818181818183,3.0,2,0
2024-08-05,607192,23,9,0,5.174711111111111,23.0,14,1
2024-08-05,607259,20,5,0,3.937192,20.0,14,0
2024-08-05,607455,5,2,1,1.283131,5.0,2,0
2024-08-05,608371,1,0,0,0.009,1.0,1,0
2024-08-05,608717,8,2,1,1.612,7.0,5,0
2024-08-05,613534,4,2,0,1.3860000000000001,4.0,2,0
2024-08-05,621053,3,2,0,0.005,3.0,1,0
2024-08-05,621242,3,1,0,0.421,3.0,2,0
2024-08-05,621383,7,1,0,2.2089333333333334,7.0,6,1
2024-08-05,623352,4,3,1,0.689131,4.0,0,0
2024-08-05,640455,28,10,0,5.164384615384615,28.0,18,0
2024-08-05,640462,1,1,0,0.0,1.0,0,0
2024-08-05,641312,24,2,0,8.578925796783626,24.0,22,5
2024-08-05,641771,4,2,0,2.425754098360656,4.0,2,1
2024-08-05,643377,4,1,0,1.0270000000000001,4.0,3,0
2024-08-05,643511,1,0,0,0.007,1.0,1,0
2024-08-05,650556,3,1,0,0.686,3.0,2,0
2024-08-05,656464,3,1,0,0.44699999999999995,3.0,2,0
2024-08-05,656629,4,1,0,0.8340000000000001,4.0,3,0
2024-08-05,657044,4,1,0,2.304716748768473,4.0,3,1
2024-08-05,657277,24,4,3,8.792635424242425,24.0,17,1
2024-08-05,657571,3,2,0,1.3687575757575758,3.0,1,1
2024-08-05,658648,1,1,0,0.0,1.0,0,0
2024-08-05,660896,3,0,0,1.456,3.0,3,0
2024-08-05,661395,4,1,0,0.698,4.0,3,0
2024-08-05,661403,3,0,0,0.393,2.0,3,0
2024-08-05,663704,3,0,0,1.0670000000000002,3.0,3,0
2024-08-05,663878,7,2,0,2.4955749999999997,7.0,5,1
2024-08-05,663903,27,6,1,10.429791377358491,27.0,20,2
2024-08-05,666808,3,3,0,0.0,3.0,0,0
2024-08-05,668678,29,4,2,8.179675793103447,29.0,23,1
2024-08-05,669212,3,1,0,0.498,3.0,2,0
2024-08-05,669461,8,4,0,1.835,8.0,4,0
2024-08-05,669467,21,2,2,6.970262,21.0,17,0
2024-08-05,671106,21,2,2,7.89734858008658,21.0,17,2
2024-08-05,671922,6,1,1,2.476131,6.0,4,0
2024-08-05,672582,6,0,0,3.915,6.0,6,1
2024-08-05,674285,5,1,0,2.166,5.0,4,1
2024-08-05,676254,5,2,0,0.7861920000000001,5.0,2,0
2024-08-05,676664,25,5,1,4.568242111111111,25.0,19,0
2024-08-05,678606,3,2,0,0.347,3.0,1,0
2024-08-05,679885,4,2,1,0.573,3.0,1,0
2024-08-05,681066,20,3,5,6.2248470000000005,20.0,11,0
2024-08-05,681867,5,1,0,2.298,5.0,4,0
2024-08-05,682120,3,0,0,1.032192,3.0,2,0
2024-08-05,682610,22,2,3,10.139195844473797,22.0,17,3
2024-08-05,683769,3,1,0,0.6744666666666668,3.0,2,0
2024-08-05,686613,23,4,2,7.081993818181818,23.0,17,1
2024-08-05,694363,8,2,2,1.445262,8.0,4,0
2024-08-05,701581,19,9,2,3.348262,19.0,8,0
2024-08-06,445276,4,3,0,0.109,4.0,1,0
2024-08-06,445926,11,1,1,4.613131,11.0,9,0
2024-08-06,472610,4,0,0,1.174,4.0,4,0
2024-08-06,477132,20,5,0,5.099192,19.0,13,0
2024-08-06,518397,3,1,0,0.5680000000000001,3.0,2,0
2024-08-06,518585,3,2,0,0.048,3.0,1,0
2024-08-06,518886,5,1,0,1.477192,5.0,3,0
2024-08-06,519293,3,1,0,0.58975,3.0,2,0
2024-08-06,523260,1,0,0,0.375,1.0,1,0
2024-08-06,543243,27,6,1,7.166885098360656,27.0,20,1
2024-08-06,544150,18,6,2,4.286203176470588,18.0,10,0
2024-08-06,548389,22,2,1,9.796203638708333,22.0,19,3
2024-08-06,552640,3,1,0,0.9243243243243244,2.0,1,1
2024-08-06,571882,6,1,0,0.397,6.0,5,0
2024-08-06,572143,3,1,0,1.166,3.0,2,0
2024-08-06,573124,4,1,2,1.387262,4.0,1,0
2024-08-06,592094,6,1,1,2.601131,6.0,4,0
2024-08-06,592155,4,0,0,0.268,4.0,4,0
2024-08-06,592767,4,0,0,1.3425652173913045,4.0,4,0
2024-08-06,594580,3,2,0,0.093,3.0,1,0
2024-08-06,605135,25,9,2,7.3742436091954024,25.0,14,2
2024-08-06,605154,3,0,0,0.138,3.0,3,0
2024-08-06,605452,8,1,1,2.608131,8.0,6,0
2024-08-06,605488,24,3,3,9.375919782608696,24.0,17,2
2024-08-06,607067,25,9,1,5.613857890756303,25.0,15,1
2024-08-06,607481,5,1,1,1.763131,5.0,3,0
2024-08-06,607536,20,7,2,4.495262,20.0,11,0
2024-08-06,607625,27,4,4,9.793343712905452,26.0,18,3
2024-08-06,608032,4,1,0,0.9201923076923078,4.0,3,1
2024-08-06,608678,3,0,0,0.7150000000000001,3.0,3,0
2024-08-06,608723,4,1,1,1.444131,4.0,2,0
2024-08-06,621363,3,1,0,1.229,3.0,2,0
2024-08-06,621381,3,1,0,0.462,3.0,2,0
2024-08-06,622065,6,0,2,2.701262,6.0,4,0
2024-08-06,622103,8,0,1,3.0881309999999997,8.0,7,0
2024-08-06,622491,26,9,0,6.46325,26.0,17,0
2024-08-06,622663,24,5,0,6.615192,24.0,18,0
2024-08-06,623211,6,1,0,1.012,6.0,5,0
2024-08-06,623352,2,0,1,0.757131,2.0,1,0
2024-08-06,641154,22,2,1,7.922201839733743,22.0,19,3
2024-08-06,641540,20,2,3,8.773393,20.0,15,1
2024-08-06,641703,20,1,2,9.709384,20.0,16,2
2024-08-06,641729,5,0,0,2.5732622950819675,5.0,5,1
2024-08-06,641755,3,2,0,0.045,3.0,1,0
2024-08-06,641771,3,0,0,0.354,3.0,3,0
2024-08-06,641816,21,2,1,5.9783497500000005,20.0,17,1
2024-08-06,642397,6,1,1,3.894193548387097,5.0,4,1
2024-08-06,642546,3,2,0,0.225,3.0,1,0
2024-08-06,642629,4,1,0,2.0840625,4.0,3,1
2024-08-06,642701,5,0,0,2.322,5.0,5,0
2024-08-06,643338,3,1,0,0.536,3.0,2,0
2024-08-06,650893,4,2,1,0.817131,4.0,1,0
2024-08-06,650911,25,2,1,7.046131,25.0,22,0
2024-08-06,656302,4,2,0,1.0864090909090909,4.0,2,1
2024-08-06,656546,4,2,0,2.2528571428571427,4.0,2,1
2024-08-06,656945,5,2,0,0.471,5.0,3,0
2024-08-06,657514,1,0,0,0.7835652173913045,1.0,1,0
2024-08-06,660813,2,0,0,0.833,2.0,2,0
2024-08-06,663423,4,2,0,1.6054067796610165,4.0,2,1
2024-08-06,663432,4,2,0,0.698,4.0,2,0
2024-08-06,663460,6,2,0,0.386,6.0,4,0
2024-08-06,663546,11,3,0,3.8028472222222227,11.0,8,1
2024-08-06,663559,7,1,0,1.966,7.0,6,1
2024-08-06,663765,11,1,0,3.355192,11.0,9,0
2024-08-06,663773,12,3,1,5.710823934782608,12.0,8,2
2024-08-06,663897,6,0,1,2.9769314656084656,6.0,4,1
2024-08-06,663947,1,1,0,0.0,1.0,0,0
2024-08-06,664285,29,5,3,7.404294002506266,29.0,21,2
2024-08-06,664854,6,1,1,2.660131,6.0,4,0
2024-08-06,664875,5,0,0,1.659,5.0,5,1
2024-08-06,666157,24,7,3,6.568529444444445,23.0,12,1
2024-08-06,668338,3,1,0,0.302,3.0,2,0
2024-08-06,669022,27,6,2,13.046773131161236,27.0,18,5
2024-08-06,669093,3,3,0,0.0,3.0,0,0
2024-08-06,669270,7,1,0,2.277037037037037,7.0,6,1
2024-08-06,669674,4,0,1,0.489,3.0,3,0
2024-08-06,670766,17,3,0,4.043625,17.0,14,1
2024-08-06,670970,4,2,0,0.7251920000000001,4.0,1,0
2024-08-06,671305,2,1,0,0.406,2.0,1,0
2024-08-06,671345,3,2,0,0.674,3.0,1,0
2024-08-06,672335,3,1,0,0.373,3.0,2,0
2024-08-06,672456,21,8,1,8.001007210526316,21.0,11,1
2024-08-06,676395,3,1,0,0.213,3.0,2,0
2024-08-06,676684,4,2,0,0.8571920000000001,4.0,1,0
2024-08-06,676702,4,0,0,1.8179999999999998,4.0,4,1
2024-08-06,676974,24,2,3,11.413701883116884,24.0,18,4
2024-08-06,677161,3,2,0,0.267,3.0,1,0
2024-08-06,677976,14,1,1,4.086078368421052,14.0,12,1
2024-08-06,678394,22,6,3,8.397316076923078,22.0,13,2
2024-08-06,678495,15,3,1,4.404131,14.0,11,0
2024-08-06,680767,4,0,0,1.514,4.0,4,0
2024-08-06,683409,5,0,0,2.539,5.0,5,0
2024-08-06,684007,24,10,1,3.809400230769231,24.0,13,0
2024-08-06,686563,26,5,2,9.079771748917748,26.0,18,2
2024-08-06,689225,4,1,1,0.875131,4.0,2,0
2024-08-06,691172,5,1,1,1.8741310000000002,5.0,3,0
2024-08-06,693312,13,1,0,4.722192,13.0,11,0
2024-08-06,693821,21,6,2,8.774663151761517,21.0,13,2
2024-08-06,806185,14,1,3,7.444868998463901,14.0,10,2
2024-08-07,455119,3,3,0,0.0,3.0,0,0
2024-08-07,458677,4,1,0,0.6659999999999999,4.0,3,0
2024-08-07,471911,20,5,2,7.287173360996727,20.0,13,4
2024-08-07,502085,4,0,0,2.450049142857143,4.0,3,0
2024-08-07,519008,4,1,0,0.611,4.0,3,0
2024-08-07,519043,7,0,1,2.35,6.0,6,0
2024-08-07,519151,6,1,0,2.708,6.0,5,0
2024-08-07,519242,25,10,2,6.133262,25.0,13,0
2024-08-07,519293,3,0,0,0.5709411764705882,3.0,3,0
2024-08-07,519326,9,1,1,3.775891683760684,9.0,7,3
2024-08-07,523260,6,0,2,3.3590895862068963,6.0,4,1
2024-08-07,543238,7,1,1,3.1505412564102557,7.0,5,1
2024-08-07,543859,7,2,0,3.335526315789474,7.0,5,0
2024-08-07,547973,5,3,0,1.086192,5.0,1,0
2024-08-07,552640,3,0,0,0.602,3.0,3,0
2024-08-07,570632,19,0,3,8.645393,19.0,16,1
2024-08-07,571670,5,0,0,2.358,5.0,5,0
2024-08-07,572143,3,2,0,0.082,3.0,1,0
2024-08-07,572955,5,0,3,2.8033930000000002,5.0,2,0
2024-08-07,573009,2,1,0,0.123,2.0,1,0
2024-08-07,573204,6,2,0,1.811,6.0,4,0
2024-08-07,579328,23,8,3,9.331230431693989,23.0,12,2
2024-08-07,592741,4,0,0,1.6400000000000001,4.0,4,0
2024-08-07,592767,4,1,0,1.614,4.0,3,1
2024-08-07,593958,23,1,2,8.866890571428572,23.0,20,2
2024-08-07,594835,24,3,2,11.003457804195804,23.0,19,3
2024-08-07,594902,23,2,4,8.155857333333334,23.0,17,0
2024-08-07,596001,4,0,0,0.948,4.0,4,0
2024-08-07,596133,3,2,0,0.008,3.0,1,0
2024-08-07,600917,9,2,0,3.376044444444444,9.0,7,1
2024-08-07,605130,4,2,0,0.914,4.0,2,0
2024-08-07,605154,4,1,1,1.625131,4.0,2,0
2024-08-07,605177,3,2,1,0.689131,3.0,0,0
2024-08-07,605280,3,2,0,0.503,3.0,1,0
2024-08-07,605347,8,2,0,1.648,8.0,6,0
2024-08-07,605463,3,0,1,1.973131,3.0,2,0
2024-08-07,605483,23,8,1,4.6797976666666665,23.0,14,0
2024-08-07,606303,4,1,1,0.6991310000000001,4.0,2,0
2024-08-07,607200,21,6,2,6.609794828282828,21.0,13,2
2024-08-07,607481,4,3,0,0.481,4.0,1,0
2024-08-07,608334,20,1,1,7.571696217391304,20.0,18,0
2024-08-07,608638,4,1,1,0.790131,4.0,2,0
2024-08-07,608678,4,0,0,1.7069999999999999,4.0,4,0
2024-08-07,608723,5,0,0,1.043,5.0,5,0
2024-08-07,621053,3,2,0,0.102,3.0,1,0
2024-08-07,621112,26,6,2,6.6323347272727275,25.0,18,2
2024-08-07,621114,4,1,0,2.6785925925925933,4.0,3,1
2024-08-07,621237,3,0,0,0.213,3.0,3,0
2024-08-07,621242,4,2,0,0.178,4.0,2,0
2024-08-07,621345,6,1,2,2.219262,6.0,3,0
2024-08-07,621381,4,0,0,0.924192,4.0,3,0
2024-08-07,622250,2,0,0,0.558,2.0,2,0
2024-08-07,622554,4,1,0,0.7473043478260872,4.0,3,1
2024-08-07,622786,3,1,0,0.496,3.0,2,0
2024-08-07,623149,5,0,1,2.154131,5.0,4,0
2024-08-07,623352,3,1,0,0.103,3.0,2,0
2024-08-07,628708,5,1,1,1.8101310000000002,5.0,3,0
2024-08-07,640462,2,0,0,0.109,2.0,2,0
2024-08-07,641755,4,1,1,0.8651310000000001,4.0,2,0
2024-08-07,642207,4,3,0,0.9167307692307692,4.0,1,1
2024-08-07,642232,5,0,1,2.114711888888889,5.0,3,0
2024-08-07,642546,4,0,2,2.227262,4.0,2,0
2024-08-07,642547,23,6,2,8.852092065359477,23.0,15,2
2024-08-07,643410,4,2,0,1.072,4.0,2,0
2024-08-07,643511,3,1,0,0.305,3.0,2,0
2024-08-07,650556,5,1,0,1.0342,5.0,4,0
2024-08-07,650633,24,7,2,6.079619142857143,23.0,14,1
2024-08-07,650671,3,1,1,0.923131,3.0,1,0
2024-08-07,650893,4,0,1,0.7381310000000001,4.0,3,0
2024-08-07,656222,3,0,0,0.327,3.0,3,0
2024-08-07,656271,6,0,1,2.268131,6.0,5,0
2024-08-07,656464,5,1,0,1.4500000000000002,5.0,4,0
2024-08-07,656629,3,1,0,0.14100000000000001,3.0,2,0
2024-08-07,656876,6,3,0,0.313,6.0,3,0
2024-08-07,656945,4,0,3,2.150393,4.0,1,0
2024-08-07,657024,3,1,0,0.608,3.0,2,0
2024-08-07,657044,3,0,0,0.875,3.0,3,0
2024-08-07,657053,4,0,1,2.112131,4.0,3,0
2024-08-07,657240,4,1,0,1.1051920000000002,4.0,2,0
2024-08-07,657508,3,0,0,0.718,3.0,3,0
2024-08-07,657514,4,1,0,2.2786448301886795,4.0,2,1
2024-08-07,657612,6,0,0,2.4538,6.0,6,0
2024-08-07,657649,4,3,0,0.547,4.0,1,0
2024-08-07,657746,7,2,0,2.146866666666667,7.0,5,1
2024-08-07,658648,5,1,1,1.7383128181818182,5.0,3,0
2024-08-07,660853,6,0,2,2.120262,6.0,4,0
2024-08-07,661563,22,6,5,6.527655,22.0,11,0
2024-08-07,663158,5,0,1,0.7190000000000001,3.0,4,0
2024-08-07,663372,5,1,0,1.266,5.0,4,0
2024-08-07,663423,4,1,0,2.029,4.0,3,0
2024-08-07,663432,3,0,0,1.6192142857142853,3.0,3,1
2024-08-07,663436,21,4,1,5.4976563333333335,21.0,15,1
2024-08-07,663485,6,1,0,3.4492042467138533,6.0,5,2
2024-08-07,663562,16,3,0,4.086037037037037,15.0,12,1
2024-08-07,663623,23,4,1,9.408554677050365,22.0,17,3
2024-08-07,663969,23,3,1,9.816139666666666,23.0,18,1
2024-08-07,664747,2,2,0,0.0,2.0,0,0
2024-08-07,664776,5,0,0,2.949157142857143,5.0,5,2
2024-08-07,664854,5,2,1,0.8261310000000001,5.0,2,0
2024-08-07,664875,1,1,0,0.0,1.0,0,0
2024-08-07,665871,18,1,2,6.888454,18.0,14,1
2024-08-07,665896,9,2,2,3.242262,9.0,5,0
2024-08-07,666142,27,7,2,10.11892017610063,27.0,18,2
2024-08-07,666720,3,1,0,0.791,3.0,2,0
2024-08-07,666808,5,0,1,1.991323,5.0,3,0
2024-08-07,666974,5,0,0,2.938619047619048,5.0,5,1
2024-08-07,668674,5,2,0,0.674,5.0,3,0
2024-08-07,668941,4,0,0,0.868,4.0,4,0
2024-08-07,668968,5,2,2,2.365262,5.0,1,1
2024-08-07,669062,5,0,1,2.5410310000000003,5.0,4,1
2024-08-07,669093,5,3,0,1.392,5.0,2,0
2024-08-07,669212,5,1,0,1.22,5.0,4,0
2024-08-07,669373,26,9,2,6.331762,26.0,15,1
2024-08-07,669432,23,2,2,8.761487806451614,23.0,19,1
2024-08-07,669721,19,4,2,7.410989804359383,19.0,13,3
2024-08-07,669724,3,1,0,0.373,3.0,2,0
2024-08-07,669923,23,7,1,6.989345285714286,23.0,15,2
2024-08-07,670059,6,0,1,2.888131,6.0,5,0
2024-08-07,670102,19,7,1,4.843035761904762,19.0,11,2
2024-08-07,670174,10,1,1,4.850399292682927,10.0,8,1
2024-08-07,670280,6,1,1,3.5621563333333337,6.0,3,1
2024-08-07,670950,8,0,5,4.413655,8.0,3,0
2024-08-07,670970,3,1,0,0.214,3.0,2,0
2024-08-07,671096,23,7,3,9.091999060606062,23.0,13,3
2024-08-07,671345,4,1,0,2.120757575757576,4.0,3,1
2024-08-07,671737,26,3,3,11.621959134137025,26.0,20,3
2024-08-07,671922,3,1,1,1.998514333333333,3.0,1,1
2024-08-07,672335,3,1,0,0.262,3.0,2,0
2024-08-07,672710,3,1,0,0.132,3.0,2,0
2024-08-07,672851,3,0,0,0.301,3.0,3,0
2024-08-07,673513,5,1,0,1.601,5.0,4,0
2024-08-07,674285,4,0,0,0.615,4.0,4,0
2024-08-07,675627,8,1,0,4.274012512820514,8.0,6,1
2024-08-07,676092,3,0,0,0.805,3.0,3,0
2024-08-07,676130,7,2,0,1.2469999999999999,7.0,5,0
2024-08-07,676254,2,1,0,0.902,2.0,1,0
2024-08-07,676534,6,0,1,1.722323,6.0,4,0
2024-08-07,676702,8,0,1,3.5363230000000003,8.0,6,0
2024-08-07,676710,20,3,4,6.484793230769231,20.0,13,0
2024-08-07,677053,5,2,1,1.8171309999999998,5.0,2,0
2024-08-07,678368,24,4,2,7.755928666666667,23.0,17,1
2024-08-07,678606,5,0,0,2.760192,5.0,4,0
2024-08-07,679885,6,2,1,1.6451310000000001,6.0,3,0
2024-08-07,680704,4,1,1,2.2178701304347834,3.0,2,1
2024-08-07,680739,10,3,0,1.9216923076923076,10.0,7,0
2024-08-07,680767,7,1,2,3.593373111111111,7.0,4,0
2024-08-07,681676,6,0,1,3.5725881428571427,6.0,5,1
2024-08-07,681911,3,0,0,1.143,3.0,3,0
2024-08-07,682120,3,1,0,0.251,3.0,2,0
2024-08-07,683155,21,4,0,5.646723443223443,21.0,17,2
2024-08-07,683232,3,2,0,0.17,3.0,1,0
2024-08-07,683409,4,1,0,1.831,4.0,3,0
2024-08-07,683769,3,0,0,1.1280000000000001,3.0,3,0
2024-08-07,685801,4,0,0,0.29000000000000004,4.0,4,0
2024-08-07,686539,4,1,0,0.666,4.0,3,0
2024-08-07,687863,3,2,0,0.211,3.0,1,0
2024-08-07,689147,3,0,0,0.178,3.0,3,0
2024-08-07,689266,9,2,1,2.874131,9.0,6,0
2024-08-07,689690,5,3,0,1.640192,5.0,1,0
2024-08-07,694297,23,6,1,5.905931,23.0,16,1
2024-08-07,694361,3,1,0,0.119,3.0,2,0
2024-08-07,694813,20,2,1,7.937774162393163,20.0,17,2
2024-08-07,695243,3,0,0,1.218,3.0,3,0
2024-08-07,701542,24,6,3,10.661519431335385,24.0,15,3
2024-08-08,450203,18,3,1,9.514587782083709,18.0,14,4
2024-08-08,493603,5,1,1,1.660131,5.0,3,0
2024-08-08,502043,25,6,1,8.359100696969696,25.0,18,1
2024-08-08,542881,22,7,1,6.7287184665477255,22.0,14,3
2024-08-08,542888,4,0,0,1.9081904761904762,4.0,4,1
2024-08-08,547973,3,1,0,0.162,3.0,2,0
2024-08-08,554340,4,2,0,0.221,4.0,2,0
2024-08-08,571656,6,2,1,0.438,5.0,3,0
2024-08-08,571670,3,0,0,1.049,3.0,3,0
2024-08-08,571882,7,2,0,1.7919999999999998,7.0,5,0
2024-08-08,571948,8,1,1,2.933657315789474,8.0,6,0
2024-08-08,573124,3,2,0,0.061,3.0,1,0
2024-08-08,592094,4,0,0,0.927,4.0,4,0
2024-08-08,592332,30,2,3,9.6787997625459,30.0,25,3
2024-08-08,592426,9,1,3,3.639393,9.0,5,0
2024-08-08,592454,3,0,0,0.166,3.0,3,0
2024-08-08,592773,3,2,0,0.059,3.0,1,0
2024-08-08,593423,19,7,4,5.717151586206897,19.0,8,1
2024-08-08,594580,3,0,1,1.122131,3.0,2,0
2024-08-08,596295,16,1,1,8.972031000000001,16.0,14,2
2024-08-08,605218,3,0,2,1.8292620000000002,3.0,1,0
2024-08-08,606930,7,3,1,1.6585198888888888,7.0,3,0
2024-08-08,608032,5,2,0,1.338,5.0,3,0
2024-08-08,608638,3,2,0,0.265,3.0,1,0
2024-08-08,621237,5,2,2,1.4342620000000001,5.0,1,0
2024-08-08,621363,3,2,0,0.14,3.0,1,0
2024-08-08,622786,5,1,0,1.174,5.0,4,0
2024-08-08,628452,3,1,0,0.066,3.0,2,0
2024-08-08,640448,6,1,2,2.707262,6.0,3,0
2024-08-08,641329,5,2,0,0.6144999999999999,5.0,3,0
2024-08-08,641482,22,2,1,8.120488142857143,22.0,19,1
2024-08-08,642397,3,1,0,0.321,3.0,2,0
2024-08-08,642629,6,0,2,3.8284540000000002,6.0,3,0
2024-08-08,642701,3,0,0,0.615,3.0,3,0
2024-08-08,643338,5,1,0,0.803,5.0,4,0
2024-08-08,647315,3,0,0,1.6061818181818182,3.0,3,1
2024-08-08,655889,4,1,1,1.5101310000000001,4.0,2,0
2024-08-08,656222,1,0,0,0.115,1.0,1,0
2024-08-08,656546,4,2,0,0.82065,4.0,2,0
2024-08-08,656756,28,4,3,10.024622794326241,26.0,19,1
2024-08-08,656849,22,5,3,8.755347711954713,22.0,14,3
2024-08-08,657508,7,0,0,4.2490000000000006,7.0,7,0
2024-08-08,657612,6,0,0,1.4529999999999998,6.0,6,0
2024-08-08,660853,8,2,1,3.6915150000000003,8.0,3,0
2024-08-08,663158,5,2,0,0.98,5.0,3,0
2024-08-08,663465,18,3,0,6.0658,18.0,15,1
2024-08-08,663546,1,0,0,0.149,1.0,1,0
2024-08-08,663567,14,3,1,5.757464333333333,14.0,10,1
2024-08-08,663574,5,2,0,0.92,5.0,3,0
2024-08-08,663855,4,0,1,1.820131,4.0,3,0
2024-08-08,663897,10,0,0,4.124625,10.0,10,0
2024-08-08,663947,5,0,0,1.506,5.0,5,0
2024-08-08,663992,5,0,0,3.0337512864494,5.0,5,2
2024-08-08,664076,2,0,0,0.046,2.0,2,0
2024-08-08,664126,3,0,0,1.3679999999999999,3.0,3,0
2024-08-08,664776,4,1,0,1.1601920000000001,4.0,2,0
2024-08-08,664849,9,2,0,2.9973840000000003,9.0,5,0
2024-08-08,665152,23,6,5,8.954846908146529,23.0,12,2
2024-08-08,665625,4,1,1,1.2171310000000002,4.0,2,0
2024-08-08,666207,4,2,1,0.6981310000000001,4.0,1,0
2024-08-08,666808,6,0,2,1.8012620000000001,6.0,4,0
2024-08-08,667463,2,1,0,0.153,2.0,1,0
2024-08-08,667725,20,3,2,7.692241757085021,20.0,15,1
2024-08-08,668881,27,5,2,8.247646,27.0,18,0
2024-08-08,668941,5,0,0,3.0850547450980392,5.0,4,1
2024-08-08,669060,12,3,0,4.889,12.0,9,1
2024-08-08,669062,3,2,0,1.008457142857143,3.0,1,1
2024-08-08,669211,6,2,0,1.472,6.0,4,0
2024-08-08,669358,22,2,2,6.162454,22.0,17,0
2024-08-08,669622,4,2,0,0.35000000000000003,4.0,2,0
2024-08-08,669724,7,1,1,1.652131,7.0,5,0
2024-08-08,670161,14,3,2,7.866867332434359,14.0,8,3
2024-08-08,670280,6,1,2,1.826262,6.0,3,0
2024-08-08,670766,5,2,0,1.008,5.0,3,0
2024-08-08,672710,3,0,0,0.534,3.0,3,0
2024-08-08,672851,2,0,0,0.669,2.0,2,0
2024-08-08,673513,6,2,0,2.6529180327868858,6.0,4,1
2024-08-08,674285,5,2,0,0.514,5.0,3,0
2024-08-08,676254,3,1,0,0.35100000000000003,3.0,2,0
2024-08-08,676395,7,1,0,1.85,7.0,6,0
2024-08-08,676534,3,1,0,0.348,3.0,2,0
2024-08-08,676614,17,4,1,2.767131,17.0,12,0
2024-08-08,676684,5,2,1,2.331131,5.0,2,0
2024-08-08,677053,3,3,0,0.0,3.0,0,0
2024-08-08,677944,14,2,1,4.492636363636364,13.0,11,1
2024-08-08,681190,24,3,1,8.825823,24.0,19,1
2024-08-08,681517,3,0,1,1.7291310000000002,3.0,2,0
2024-08-08,682847,24,3,1,9.00662720784666,23.0,18,3
2024-08-08,683627,9,2,0,3.252192,9.0,6,0
2024-08-08,686539,1,0,0,0.064,1.0,1,0
2024-08-08,687792,16,4,4,6.479190666666668,16.0,8,1
2024-08-08,689147,7,2,2,2.998943818181818,7.0,3,1
2024-08-08,690829,5,2,1,1.4438110000000002,5.0,2,1
2024-08-08,690986,19,3,0,3.778,18.0,16,0
2024-08-08,691172,3,0,0,0.319,3.0,3,0
2024-08-08,693312,2,1,0,0.720192,2.0,0,0
2024-08-08,693433,26,7,1,4.016131,26.0,18,0
2024-08-09,445926,5,1,1,1.312131,4.0,2,0
2024-08-09,472610,4,1,0,0.859,4.0,3,0
2024-08-09,493603,4,0,2,2.437262,4.0,2,0
2024-08-09,500779,27,8,2,6.626415538461538,27.0,16,1
2024-08-09,502171,21,1,1,11.69502334108728,21.0,19,2
2024-08-09,518585,3,2,0,0.017,3.0,1,0
2024-08-09,519008,1,0,0,0.087,1.0,1,0
2024-08-09,519043,5,0,1,1.926881,4.0,4,0
2024-08-09,519151,5,0,2,1.638262,5.0,3,0
2024-08-09,519293,3,0,1,1.9143214761904763,3.0,2,1
2024-08-09,519326,3,0,0,0.358,3.0,3,0
2024-08-09,527048,26,6,2,9.833433414470402,26.0,18,4
2024-08-09,543339,5,1,1,1.708131,5.0,3,0
2024-08-09,547179,21,3,2,8.772199284701115,21.0,16,2
2024-08-09,552640,5,1,1,0.8771310000000001,5.0,3,0
2024-08-09,554430,25,8,2,6.398223538461538,25.0,15,1
2024-08-09,571945,20,3,0,7.242882599580713,20.0,17,2
2024-08-09,571946,2,0,0,0.301,2.0,2,0
2024-08-09,572955,4,3,0,0.61,4.0,1,0
2024-08-09,573204,6,2,0,0.47300000000000003,6.0,4,0
2024-08-09,592094,3,2,0,0.058,3.0,1,0
2024-08-09,592155,7,1,0,4.23326923076923,7.0,6,1
2024-08-09,592662,25,7,3,8.090478714285714,25.0,14,1
2024-08-09,592767,3,0,0,0.5197999999999999,3.0,3,0
2024-08-09,592791,24,4,0,6.501257004830918,24.0,20,2
2024-08-09,593334,15,3,2,4.254337,15.0,10,1
2024-08-09,593576,6,0,1,2.066131,6.0,5,0
2024-08-09,596001,3,0,0,0.589,3.0,3,0
2024-08-09,605121,4,1,0,0.14400000000000002,4.0,3,0
2024-08-09,605130,1,0,0,0.267,1.0,1,0
2024-08-09,605154,3,0,0,0.377,3.0,3,0
2024-08-09,605463,2,1,1,0.689131,2.0,0,0
2024-08-09,606303,3,0,0,0.631,3.0,3,0
2024-08-09,606930,7,3,0,1.1640000000000001,7.0,4,0
2024-08-09,607455,5,3,0,0.947,5.0,2,0
2024-08-09,608371,5,1,0,3.25954797979798,5.0,4,2
2024-08-09,608717,3,0,0,0.925,3.0,3,0
2024-08-09,608723,5,2,0,1.423,5.0,3,0
2024-08-09,613534,5,0,0,2.6004,5.0,5,1
2024-08-09,621107,26,7,1,5.336631,26.0,18,0
2024-08-09,621244,28,8,1,7.621768931034483,28.0,19,1
2024-08-09,621345,5,0,1,2.4894946363636365,5.0,4,0
2024-08-09,621381,3,0,0,0.972,3.0,3,0
2024-08-09,621383,3,0,0,1.3961190476190477,3.0,3,1
2024-08-09,622065,4,1,0,1.547,4.0,3,0
2024-08-09,622554,3,1,0,0.449,3.0,2,0
2024-08-09,623465,3,2,0,0.207,3.0,1,0
2024-08-09,628317,18,2,0,4.236366666666667,18.0,16,0
2024-08-09,640448,7,2,1,1.4031310000000001,7.0,4,0
2024-08-09,640462,3,2,0,0.301,3.0,1,0
2024-08-09,641755,4,1,0,0.646,4.0,3,0
2024-08-09,641771,4,0,0,1.765192,4.0,3,0
2024-08-09,641793,23,5,1,8.713337926406927,23.0,17,2
2024-08-09,641927,23,9,2,4.470262,23.0,12,0
2024-08-09,643338,3,0,0,0.7861111111111112,3.0,3,0
2024-08-09,643377,3,0,0,0.216,3.0,3,0
2024-08-09,643511,3,1,0,0.018,3.0,2,0
2024-08-09,650556,5,1,1,1.743131,5.0,3,0
2024-08-09,650644,24,5,2,7.2577057451437454,24.0,17,2
2024-08-09,650671,5,0,0,1.5070000000000001,5.0,5,0
2024-08-09,656427,27,10,1,9.224874589743589,27.0,16,2
2024-08-09,656546,1,0,0,1.692516129032258,1.0,1,1
2024-08-09,656550,24,8,3,9.129871260869566,24.0,13,2
2024-08-09,656557,25,1,3,7.130454,24.0,20,0
2024-08-09,656605,21,5,2,9.931313587301586,21.0,14,3
2024-08-09,656945,4,0,0,0.768,4.0,4,0
2024-08-09,657024,4,0,1,1.4311310000000002,4.0,3,0
2024-08-09,657053,15,6,1,4.549131,15.0,8,0
2024-08-09,657265,3,0,1,1.5391310000000002,3.0,2,0
2024-08-09,657571,3,1,1,1.198131,3.0,1,0
2024-08-09,657649,5,1,0,1.382,5.0,4,0
2024-08-09,658648,3,2,0,0.13,3.0,1,0
2024-08-09,660896,5,0,0,1.369,5.0,5,0
2024-08-09,661395,4,3,0,0.441,4.0,1,0
2024-08-09,663423,4,1,0,0.7456800000000002,4.0,3,1
2024-08-09,663485,4,2,0,0.319,4.0,2,0
2024-08-09,663704,2,2,0,0.0,2.0,0,0
2024-08-09,663773,3,1,0,0.382,3.0,2,0
2024-08-09,663992,5,1,0,2.768406779661017,5.0,4,1
2024-08-09,664854,4,0,1,1.642131,4.0,3,0
2024-08-09,664875,6,1,0,2.8590444444444447,6.0,5,2
2024-08-09,665795,27,4,3,9.217393,27.0,20,0
2024-08-09,666277,9,2,0,5.083227777777778,9.0,7,2
2024-08-09,666974,4,1,0,0.875,4.0,3,0
2024-08-09,667755,23,7,1,4.145131,23.0,15,0
2024-08-09,668338,3,2,0,0.378,3.0,1,0
2024-08-09,668674,4,1,0,0.919,4.0,3,0
2024-08-09,669194,25,9,1,6.44659611627907,25.0,15,1
2024-08-09,669212,7,1,0,1.6190000000000002,7.0,6,0
2024-08-09,669461,10,3,1,1.865131,10.0,6,0
2024-08-09,669674,6,0,1,1.593131,6.0,5,0
2024-08-09,669854,19,5,3,7.512618543478261,19.0,11,1
2024-08-09,670950,3,1,0,1.1004137931034481,3.0,2,1
2024-08-09,670955,3,2,0,0.011,3.0,1,0
2024-08-09,671305,4,2,0,0.720192,4.0,1,0
2024-08-09,671345,4,0,1,1.6323230000000002,4.0,2,0
2024-08-09,671922,1,1,0,0.0,1.0,0,0
2024-08-09,672391,4,3,0,0.27,4.0,1,0
2024-08-09,672582,6,1,2,4.360262,6.0,3,1
2024-08-09,676092,4,0,1,1.732131,4.0,3,0
2024-08-09,676282,22,2,3,7.9519867500000005,22.0,17,1
2024-08-09,676969,7,0,0,2.677,7.0,7,0
2024-08-09,676979,16,5,0,8.840462420407048,16.0,11,4
2024-08-09,677161,4,0,0,2.675,4.0,4,0
2024-08-09,679885,4,1,0,0.199,4.0,3,0
2024-08-09,680704,3,1,0,0.587,3.0,2,0
2024-08-09,680730,28,5,0,9.48195238095238,28.0,23,1
2024-08-09,680767,4,1,0,0.9860000000000001,3.0,3,0
2024-08-09,682120,4,1,1,0.7501310000000001,4.0,2,0
2024-08-09,682243,22,6,1,4.242431,22.0,15,0
2024-08-09,683232,4,1,0,2.8455161290322586,4.0,3,1
2024-08-09,683409,3,0,0,2.0023478260869565,3.0,3,1
2024-08-09,685299,21,7,0,6.887268292682927,21.0,14,2
2024-08-09,686730,27,7,4,10.497447611111111,27.0,16,2
2024-08-09,686973,24,4,0,7.095567,24.0,19,0
2024-08-09,687330,8,3,1,1.7131310000000002,8.0,4,0
2024-08-09,687765,24,2,0,7.301736842105264,24.0,22,1
2024-08-09,687863,4,1,0,1.193,4.0,3,0
2024-08-09,687911,3,1,0,0.08700000000000001,3.0,2,0
2024-08-09,689225,10,5,1,1.017131,10.0,4,0
2024-08-09,690829,1,0,0,0.526,1.0,1,0
2024-08-09,691172,3,2,0,0.249,3.0,1,0
2024-08-09,694738,6,2,0,0.599,6.0,4,0
2024-08-10,455119,4,1,0,1.022,4.0,3,0
2024-08-10,502085,3,1,0,0.256,3.0,2,0
2024-08-10,518397,3,1,0,1.248192,3.0,1,0
2024-08-10,519326,4,1,1,0.766131,3.0,2,0
2024-08-10,542888,7,0,0,2.4831818181818184,6.0,6,1
2024-08-10,543037,23,10,2,5.0702620000000005,23.0,11,0
2024-08-10,543135,17,4,2,4.807262,17.0,11,0
2024-08-10,543339,4,1,0,1.5820444444444444,4.0,3,1
2024-08-10,543518,7,0,1,3.738400230769231,7.0,6,0
2024-08-10,543859,9,1,0,4.601119047619048,9.0,8,1
2024-08-10,554340,4,0,0,0.5630000000000001,4.0,4,0
2024-08-10,571578,22,2,3,9.496869190476191,22.0,17,1
2024-08-10,571882,7,1,0,1.5305,7.0,6,0
2024-08-10,571946,4,2,0,0.904,4.0,2,0
2024-08-10,572143,4,0,0,0.7461333333333332,4.0,4,1
2024-08-10,572955,5,1,0,2.016225806451613,5.0,4,1
2024-08-10,573009,3,1,0,0.295,3.0,2,0
2024-08-10,592454,3,0,0,0.485,3.0,3,0
2024-08-10,593576,4,2,0,0.69765,4.0,2,0
2024-08-10,596133,6,0,1,4.256031,6.0,5,1
2024-08-10,600917,5,1,0,1.466,5.0,4,1
2024-08-10,605121,4,0,1,0.8631310000000001,4.0,3,0
2024-08-10,605347,5,2,1,1.113131,5.0,2,0
2024-08-10,605400,25,4,3,10.730038748987855,25.0,18,3
2024-08-10,606303,2,1,0,0.223,2.0,1,0
2024-08-10,607074,25,6,5,6.334940714285715,25.0,14,0
2024-08-10,607259,22,7,0,3.8665253333333336,22.0,14,1
2024-08-10,607481,6,1,0,2.545285714285714,6.0,5,1
2024-08-10,608331,25,9,3,5.893362696969697,25.0,13,1
2024-08-10,608379,27,6,2,11.945832975340817,27.0,18,3
2024-08-10,608678,2,1,0,0.366,2.0,1,0
2024-08-10,614179,3,2,0,0.353,3.0,1,0
2024-08-10,621051,3,0,0,1.404,3.0,3,0
2024-08-10,621053,3,0,0,1.0250000000000001,3.0,3,0
2024-08-10,621114,4,3,0,0.133,4.0,1,0
2024-08-10,621294,9,4,1,1.605,8.0,4,0
2024-08-10,621363,7,1,1,3.9146471290322578,7.0,5,1
2024-08-10,622554,4,1,1,1.367756,4.0,2,0
2024-08-10,622786,3,0,0,0.36,3.0,3,0
2024-08-10,623167,19,1,4,6.559165509433963,19.0,14,1
2024-08-10,623211,6,3,0,0.606,6.0,3,0
2024-08-10,623352,4,1,0,1.1568,4.0,3,1
2024-08-10,623465,1,1,0,0.0,1.0,0,0
2024-08-10,628452,3,1,0,0.134,3.0,2,0
2024-08-10,628708,9,2,1,5.009549604651163,9.0,6,1
2024-08-10,640455,18,3,5,6.871178809523809,18.0,10,1
2024-08-10,641302,22,3,2,7.427228101694915,22.0,17,2
2024-08-10,641712,13,1,4,5.641524,12.0,7,1
2024-08-10,641729,3,2,0,0.146,3.0,1,0
2024-08-10,641745,20,6,2,7.443309202797202,20.0,12,2
2024-08-10,641771,5,0,1,2.203131,4.0,4,0
2024-08-10,642207,3,3,0,0.0,3.0,0,0
2024-08-10,642520,8,2,1,4.15886176923077,8.0,5,2
2024-08-10,643410,5,1,0,1.506,5.0,4,0
2024-08-10,643511,3,1,0,0.828,3.0,2,0
2024-08-10,647315,1,0,0,0.386,1.0,1,0
2024-08-10,650556,6,1,0,1.273,6.0,5,0
2024-08-10,655889,2,0,0,0.7729999999999999,2.0,1,0
2024-08-10,656271,12,2,2,4.525454,12.0,7,0
2024-08-10,656288,25,0,0,8.617863147605084,24.0,25,2
2024-08-10,656412,6,1,3,2.364393,6.0,2,0
2024-08-10,656464,6,3,1,1.246131,6.0,2,0
2024-08-10,656629,4,2,0,0.925,4.0,2,0
2024-08-10,656876,7,0,0,3.185,7.0,7,0
2024-08-10,656945,4,1,0,0.683,4.0,3,0
2024-08-10,657006,27,8,2,6.260307454545455,27.0,17,0
2024-08-10,657277,27,8,1,7.147957923076923,27.0,18,1
2024-08-10,657585,3,3,0,0.0,3.0,0,0
2024-08-10,657612,3,0,0,0.885,3.0,3,0
2024-08-10,661403,3,1,0,0.355,3.0,2,0
2024-08-10,662253,3,0,0,0.8410000000000001,3.0,3,0
2024-08-10,663158,3,1,0,0.002,3.0,2,0
2024-08-10,663362,22,5,2,8.497607538461539,22.0,13,1
2024-08-10,663432,3,1,0,0.247,3.0,2,0
2024-08-10,663460,5,2,0,0.982,5.0,3,0
2024-08-10,663562,10,1,0,1.783,10.0,9,0
2024-08-10,663574,4,2,0,1.9184067796610167,4.0,2,1
2024-08-10,663893,3,0,0,0.888,3.0,3,0
2024-08-10,664076,5,3,0,1.331,5.0,2,0
2024-08-10,664126,3,1,0,0.468,3.0,2,0
2024-08-10,664208,6,2,1,2.6127024285714286,6.0,3,0
2024-08-10,664849,4,2,1,0.8591310000000001,4.0,1,0
2024-08-10,666207,6,2,1,1.8261310000000002,6.0,3,0
2024-08-10,666214,5,1,0,1.3519999999999999,5.0,4,0
2024-08-10,666745,8,3,1,2.018131,8.0,4,0
2024-08-10,666974,4,2,0,0.9520000000000001,4.0,2,0
2024-08-10,667297,3,0,0,1.405,3.0,3,0
2024-08-10,667463,4,0,0,3.0035000000000003,4.0,4,1
2024-08-10,668674,6,2,0,1.0010000000000001,6.0,4,0
2024-08-10,668678,21,3,2,6.449262,21.0,16,0
2024-08-10,668909,23,3,0,5.539,23.0,20,0
2024-08-10,668964,26,9,0,6.177349206349207,26.0,17,1
2024-08-10,668968,3,1,0,0.015,3.0,2,0
2024-08-10,669093,5,0,2,3.7742620000000002,5.0,3,0
2024-08-10,669111,5,0,2,1.4912620000000003,4.0,3,0
2024-08-10,669203,23,5,1,7.006000565217391,23.0,17,1
2024-08-10,669302,24,6,1,6.5931310000000005,24.0,17,0
2024-08-10,669467,24,4,4,7.766524,24.0,16,0
2024-08-10,669622,7,2,1,2.9890971016949153,6.0,4,1
2024-08-10,670174,11,1,0,3.9423833333333334,11.0,10,1
2024-08-10,670970,5,1,0,2.5128,5.0,4,1
2024-08-10,671922,3,1,0,0.154,3.0,2,0
2024-08-10,672335,3,0,2,1.390262,3.0,1,0
2024-08-10,672710,1,0,0,1.2136304347826088,1.0,1,1
2024-08-10,674003,20,7,0,4.752,20.0,13,0
2024-08-10,674285,7,0,1,1.872131,7.0,6,0
2024-08-10,674370,21,5,1,3.974323,21.0,14,0
2024-08-10,675627,4,1,0,0.79,4.0,3,0
2024-08-10,676254,5,2,1,1.769131,5.0,2,0
2024-08-10,676428,21,5,1,4.846131,21.0,15,0
2024-08-10,676534,4,2,1,0.6981310000000001,4.0,1,0
2024-08-10,676661,4,1,0,0.49,4.0,3,0
2024-08-10,676760,8,3,0,1.943,8.0,5,0
2024-08-10,676969,2,1,0,0.720192,2.0,0,0
2024-08-10,677161,4,1,0,2.578,4.0,3,1
2024-08-10,678606,4,1,0,0.723,4.0,3,0
2024-08-10,680573,25,7,0,5.116111059907834,25.0,18,0
2024-08-10,680739,7,2,1,1.305131,7.0,4,0
2024-08-10,681293,24,13,1,6.622933421652421,24.0,10,4
2024-08-10,681676,5,0,0,3.7134067796610166,5.0,5,1
2024-08-10,681911,6,0,1,2.979416714285714,6.0,5,1
2024-08-10,681982,14,3,2,4.555288806526806,14.0,9,1
2024-08-10,682610,21,3,0,7.0930045,21.0,17,0
2024-08-10,683409,5,0,0,3.0967709090909086,5.0,5,2
2024-08-10,683627,7,3,0,1.7778484848484848,7.0,4,1
2024-08-10,683769,3,1,0,0.331,3.0,2,0
2024-08-10,684320,23,5,1,6.462938384615385,23.0,16,1
2024-08-10,686539,6,0,0,2.932192,6.0,5,0
2024-08-10,687863,3,1,0,1.135,3.0,2,0
2024-08-10,689981,17,4,0,4.155,17.0,13,1
2024-08-10,694363,9,1,0,2.233,9.0,8,0
2024-08-10,694973,25,8,1,6.616072176470588,25.0,16,1
2024-08-10,695243,4,3,1,0.689131,4.0,0,0
2024-08-11,472610,12,1,1,4.109425862068965,11.0,10,2
2024-08-11,493603,4,2,0,1.977106382978723,4.0,2,1
2024-08-11,518876,20,2,2,6.119488381461675,20.0,16,1
2024-08-11,518886,6,2,3,1.4442620000000002,5.0,1,0
2024-08-11,523260,3,2,0,0.053,3.0,1,0
2024-08-11,544150,25,5,1,6.674561663615561,25.0,19,1
2024-08-11,547973,4,1,0,0.982,4.0,3,0
2024-08-11,571656,3,0,0,0.687,3.0,3,0
2024-08-11,571670,6,0,0,2.686,6.0,6,0
2024-08-11,571760,21,4,2,8.187727153846154,20.0,15,2
2024-08-11,572020,3,0,0,0.8,3.0,3,0
2024-08-11,573009,3,1,1,0.899131,3.0,1,0
2024-08-11,573124,3,2,0,0.123,3.0,1,0
2024-08-11,573186,20,1,3,7.8650293636363635,20.0,16,0
2024-08-11,573204,5,1,2,3.106512,5.0,2,1
2024-08-11,592094,3,2,0,0.624,3.0,1,0
2024-08-11,592155,7,3,1,1.287331,7.0,3,0
2024-08-11,592426,6,2,0,2.831457142857143,6.0,4,1
2024-08-11,592454,6,1,0,0.673,6.0,5,0
2024-08-11,592773,5,1,2,3.001023904761905,5.0,2,1
2024-08-11,594580,3,0,0,0.666,3.0,3,0
2024-08-11,600917,2,1,0,1.4533333333333334,2.0,1,1
2024-08-11,605135,23,5,2,7.811271399267399,22.0,14,2
2024-08-11,605177,3,0,0,3.4877137931034485,3.0,3,2
2024-08-11,605280,7,2,2,2.1762620000000004,6.0,2,0
2024-08-11,605452,12,3,2,2.350931,11.0,7,0
2024-08-11,605488,21,8,0,4.92089696969697,21.0,13,1
2024-08-11,606930,3,0,0,0.7829999999999999,3.0,3,0
2024-08-11,607179,6,1,4,3.3252740000000003,6.0,1,0
2024-08-11,607192,26,4,1,8.647464206203917,26.0,21,3
2024-08-11,607455,5,0,0,3.2905,5.0,5,1
2024-08-11,607536,15,1,1,7.258393295081968,15.0,13,2
2024-08-11,608371,8,2,1,2.130131,8.0,5,0
2024-08-11,608723,5,1,1,1.366131,5.0,3,0
2024-08-11,621237,6,0,0,3.151431034482759,6.0,6,1
2024-08-11,621345,5,1,0,1.638,5.0,4,0
2024-08-11,621383,3,0,1,1.324131,3.0,2,0
2024-08-11,622491,25,9,2,6.460620666666667,25.0,13,0
2024-08-11,622663,22,8,2,7.402024335216572,21.0,12,3
2024-08-11,623149,4,1,1,0.945131,4.0,2,0
2024-08-11,623465,3,1,0,0.546,3.0,2,0
2024-08-11,640462,4,2,0,0.843,4.0,2,0
2024-08-11,641540,8,1,1,3.0187673636363637,8.0,6,0
2024-08-11,641729,5,0,0,2.633,5.0,5,0
2024-08-11,641941,3,0,1,0.9671310000000001,3.0,2,0
2024-08-11,642028,8,1,1,4.781845285714286,8.0,6,1
2024-08-11,642086,4,0,1,1.0321310000000001,4.0,3,0
2024-08-11,642232,9,1,1,2.677400230769231,9.0,7,0
2024-08-11,642701,5,1,1,1.206131,5.0,3,0
2024-08-11,643410,6,2,1,4.1568688435517975,6.0,3,2
2024-08-11,650911,27,4,2,9.672928666666667,27.0,21,1
2024-08-11,655889,5,1,1,2.3131310000000003,5.0,3,0
2024-08-11,656222,6,1,1,1.988131,6.0,4,0
2024-08-11,656302,24,5,2,6.9996453333333335,23.0,17,1
2024-08-11,657024,4,2,0,0.128,4.0,2,0
2024-08-11,657508,3,0,2,1.592262,3.0,1,0
2024-08-11,657514,10,2,0,6.075548382978724,10.0,7,2
2024-08-11,657571,5,0,0,0.809,5.0,5,0
2024-08-11,660896,5,0,0,0.765,5.0,5,0
2024-08-11,661403,5,1,1,2.312131,5.0,3,0
2024-08-11,663432,6,1,2,2.200262,6.0,3,0
2024-08-11,663485,4,0,0,1.455,4.0,4,0
2024-08-11,663546,7,0,1,3.6493059999999997,7.0,6,1
2024-08-11,663559,22,2,3,8.669527081707766,20.0,16,2
2024-08-11,663567,10,3,1,2.597131,10.0,6,0
2024-08-11,663855,5,1,0,1.86,5.0,4,0
2024-08-11,663947,6,0,1,2.325131,5.0,5,0
2024-08-11,664126,4,3,0,0.856,4.0,1,0
2024-08-11,664208,6,2,0,1.628192,6.0,3,0
2024-08-11,664747,3,2,0,0.481,3.0,1,0
2024-08-11,664776,5,3,0,0.854,5.0,2,0
2024-08-11,664849,6,2,3,2.559393,6.0,1,0
2024-08-11,664875,5,0,1,4.046631,5.0,4,2
2024-08-11,666157,22,4,3,8.57150411111111,22.0,15,2
2024-08-11,666277,1,1,0,0.0,1.0,0,0
2024-08-11,667297,6,1,1,1.930054076923077,6.0,4,0
2024-08-11,669022,22,2,6,8.772786,22.0,14,0
2024-08-11,669062,6,0,2,2.960262,6.0,4,0
2024-08-11,669084,22,9,3,6.486978939393939,22.0,9,1
2024-08-11,669308,5,2,0,0.923,4.0,2,0
2024-08-11,669724,6,0,0,1.5570857142857149,6.0,6,1
2024-08-11,670036,4,0,0,0.628,4.0,4,0
2024-08-11,670280,9,1,1,3.085131,9.0,7,0
2024-08-11,670955,7,1,0,1.489,7.0,6,0
2024-08-11,671305,5,1,0,1.7021920000000001,5.0,3,0
2024-08-11,671922,4,1,0,1.2832692307692306,4.0,3,0
2024-08-11,672335,3,0,0,1.3599999999999999,3.0,3,0
2024-08-11,672456,23,2,4,9.314595103896105,23.0,17,2
2024-08-11,673513,5,2,0,1.1710967741935483,5.0,3,1
2024-08-11,675627,2,0,1,0.901131,2.0,1,0
2024-08-11,676092,3,1,0,0.524,3.0,2,0
2024-08-11,676395,5,1,0,1.211,5.0,4,0
2024-08-11,676440,23,5,0,6.3419454545454546,23.0,18,1
2024-08-11,676661,4,2,0,0.754,4.0,2,0
2024-08-11,676664,25,4,3,5.471393,25.0,18,0
2024-08-11,676684,4,1,1,1.5401310000000001,4.0,2,0
2024-08-11,676974,25,4,0,6.792524242424243,25.0,21,2
2024-08-11,677053,8,2,0,2.4503423076923077,8.0,6,1
2024-08-11,677976,13,3,2,3.347131,12.0,8,0
2024-08-11,678606,5,0,1,1.4071310000000001,5.0,4,0
2024-08-11,680704,2,0,0,1.5827021276595743,2.0,2,1
2024-08-11,680767,3,1,0,0.5760000000000001,3.0,2,0
2024-08-11,680885,25,7,2,5.691262,24.0,15,0
2024-08-11,681869,3,2,0,0.043,3.0,1,0
2024-08-11,683232,4,1,0,0.448,4.0,3,0
2024-08-11,683769,4,2,0,1.6937540983606556,4.0,2,1
2024-08-11,686539,2,2,0,0.0,2.0,0,0
2024-08-11,686613,22,9,2,4.592262,21.0,10,0
2024-08-11,686799,29,2,1,8.023827774193549,29.0,26,0
2024-08-11,687911,3,2,0,0.619,3.0,1,0
2024-08-11,689147,6,3,0,1.062,6.0,3,0
2024-08-11,690829,7,0,2,3.175262,7.0,5,0
2024-08-11,693312,2,0,0,0.854,2.0,2,0
2024-08-11,695243,3,0,0,0.134,3.0,3,0
2024-08-11,700187,4,2,1,1.019131,4.0,1,0
2024-08-11,701581,16,3,3,4.670504111111112,16.0,10,0
2024-08-11,806185,19,5,1,8.291271826873384,19.0,13,3
2024-08-12,445276,3,1,0,0.312,3.0,2,0
2024-08-12,455119,4,2,0,0.35500000000000004,4.0,2,0
2024-08-12,477132,21,6,2,6.355096448160535,21.0,13,0
2024-08-12,489446,6,3,1,1.042131,6.0,2,0
2024-08-12,502085,7,3,0,1.3639999999999999,7.0,4,0
2024-08-12,519043,5,1,1,1.4414353478260873,5.0,3,1
2024-08-12,519242,25,12,0,4.261,25.0,13,0
2024-08-12,523260,4,1,0,2.3028275862068965,4.0,3,1
2024-08-12,542888,6,2,1,1.5547976666666665,6.0,3,0
2024-08-12,543243,22,9,2,6.243532168855535,22.0,11,2
2024-08-12,543339,3,0,0,0.213,3.0,3,0
2024-08-12,573124,4,1,0,1.457,4.0,3,0
2024-08-12,594902,20,1,4,10.861899192604007,20.0,15,2
2024-08-12,596001,7,3,0,0.082,7.0,4,0
2024-08-12,605121,3,2,0,0.006,3.0,1,0
2024-08-12,605130,3,0,0,1.249192,3.0,2,0
2024-08-12,605177,4,0,4,1.378262,2.0,0,0
2024-08-12,605347,2,1,0,0.064,2.0,1,0
2024-08-12,605397,17,1,1,5.518706333333333,17.0,14,1
2024-08-12,605463,5,2,0,1.5430000000000001,5.0,3,0
2024-08-12,605483,23,11,3,4.725678714285714,23.0,9,0
2024-08-12,608678,5,1,1,1.305131,5.0,3,0
2024-08-12,621051,5,1,2,1.901262,5.0,2,0
2024-08-12,628452,6,4,0,0.727,6.0,2,0
2024-08-12,641154,26,5,0,6.517828363636363,26.0,19,0
2024-08-12,641729,4,1,0,0.7821920000000001,4.0,2,0
2024-08-12,641755,4,1,0,0.9279999999999999,4.0,3,0
2024-08-12,641816,21,7,3,4.807585,21.0,10,0
2024-08-12,642121,3,2,0,0.4443636363636364,3.0,1,0
2024-08-12,642520,3,0,0,2.0332424242424247,3.0,3,1
2024-08-12,642547,25,4,2,8.066077338345865,23.0,18,2
2024-08-12,642701,2,0,0,0.127,2.0,2,0
2024-08-12,643338,4,0,0,1.7546415094339625,4.0,4,1
2024-08-12,643377,4,1,0,0.687,4.0,3,0
2024-08-12,643511,3,1,0,0.258,3.0,2,0
2024-08-12,647315,3,0,1,1.716131,3.0,2,0
2024-08-12,650893,1,0,0,0.137,1.0,1,0
2024-08-12,656222,3,1,0,1.1789999999999998,3.0,2,0
2024-08-12,656240,3,1,0,0.217,3.0,2,0
2024-08-12,656629,4,2,1,1.043131,4.0,1,0
2024-08-12,656945,4,2,0,0.953,4.0,2,0
2024-08-12,657044,3,0,0,0.742,3.0,3,0
2024-08-12,657053,6,1,1,1.303131,6.0,4,0
2024-08-12,657240,6,1,1,1.940131,6.0,4,0
2024-08-12,657265,3,1,1,0.694131,3.0,1,0
2024-08-12,657508,3,1,0,1.2493636363636362,3.0,2,0
2024-08-12,657612,10,0,0,3.371,10.0,10,0
2024-08-12,658648,7,2,0,1.6019999999999999,7.0,5,0
2024-08-12,660853,13,1,0,6.396175697865353,13.0,12,2
2024-08-12,661403,3,2,0,0.149,3.0,1,0
2024-08-12,661563,20,3,2,7.454347714285714,20.0,15,1
2024-08-12,663158,5,0,0,1.266,4.0,4,0
2024-08-12,663542,5,0,1,2.2371309999999998,5.0,4,0
2024-08-12,663765,20,2,0,5.267,20.0,18,0
2024-08-12,663773,7,0,1,2.525988142857143,7.0,6,0
2024-08-12,663878,4,1,0,1.2580909090909094,4.0,3,1
2024-08-12,663903,25,9,2,7.8498717826086954,25.0,14,2
2024-08-12,663992,7,1,0,2.1632258064516128,7.0,6,1
2024-08-12,664285,21,9,1,2.4326309999999998,21.0,11,0
2024-08-12,668968,7,1,2,2.086262,7.0,4,0
2024-08-12,669060,6,3,0,0.679,6.0,3,0
2024-08-12,669093,5,3,1,1.340131,5.0,1,0
2024-08-12,669721,25,5,2,8.014169142857144,25.0,18,2
2024-08-12,670036,4,2,0,0.487,4.0,2,0
2024-08-12,670102,22,8,0,2.2831346153846153,22.0,14,0
2024-08-12,670174,3,0,0,0.5,3.0,3,0
2024-08-12,670950,4,2,0,0.605,4.0,2,0
2024-08-12,671096,28,6,2,8.237955616031028,27.0,18,1
2024-08-12,671737,24,6,2,7.760774668693009,24.0,15,1
2024-08-12,672391,6,2,0,0.11299999999999999,6.0,4,0
2024-08-12,672578,10,2,1,3.6442763634085216,10.0,7,1
2024-08-12,672582,3,1,0,0.028999999999999998,3.0,2,0
2024-08-12,676254,4,1,0,0.7030000000000001,4.0,3,0
2024-08-12,677161,3,1,1,0.991131,3.0,1,0
2024-08-12,678394,26,5,3,9.137799285714285,25.0,16,0
2024-08-12,678495,2,2,0,0.0,2.0,0,0
2024-08-12,679156,3,0,1,1.1411310000000001,3.0,2,0
2024-08-12,679885,3,0,0,1.065,3.0,3,0
2024-08-12,680704,4,1,1,1.0953846153846154,3.0,2,1
2024-08-12,681066,26,2,7,8.571886000000001,25.0,17,0
2024-08-12,681517,5,1,0,0.256,5.0,4,0
2024-08-12,681911,3,3,0,0.0,3.0,0,0
2024-08-12,682120,4,1,1,1.460131,4.0,2,0
2024-08-12,683627,6,1,1,2.9411310000000004,6.0,4,0
2024-08-12,684007,22,3,1,8.365273059553349,22.0,18,2
2024-08-12,687134,23,4,0,6.581416666666667,23.0,19,1
2024-08-12,687330,5,2,0,0.6910000000000001,5.0,3,0
2024-08-12,690544,2,0,0,2.28925,2.0,2,1
2024-08-12,693312,3,1,0,0.601,3.0,2,0
2024-08-12,694297,29,11,0,9.928393939393938,29.0,18,2
2024-08-13,445276,4,1,0,0.888,4.0,3,0
2024-08-13,445926,3,2,0,0.135,3.0,1,0
2024-08-13,450203,25,8,1,9.40120077777778,24.0,14,3
2024-08-13,518397,4,2,1,0.917131,4.0,1,0
2024-08-13,519008,3,0,0,0.556,3.0,3,0
2024-08-13,519151,6,1,1,2.190131,6.0,4,0
2024-08-13,519293,7,1,0,3.2006686046511623,7.0,6,1
2024-08-13,542888,3,1,0,0.42000000000000004,3.0,2,0
2024-08-13,570632,23,3,2,8.609460779661017,23.0,17,3
2024-08-13,571510,19,6,0,4.392,19.0,13,0
2024-08-13,571670,3,1,0,0.13,3.0,2,0
2024-08-13,571882,1,0,0,0.295,1.0,1,0
2024-08-13,572955,5,0,1,1.480131,5.0,4,0
2024-08-13,573009,3,1,0,0.012,3.0,2,0
2024-08-13,573204,3,1,0,0.061,3.0,2,0
2024-08-13,579328,21,5,0,5.375214285714286,21.0,16,1
2024-08-13,592094,4,2,0,0.9921920000000001,4.0,1,0
2024-08-13,592155,3,0,2,1.5772620000000002,3.0,1,0
2024-08-13,592332,27,5,2,5.543262,27.0,20,0
2024-08-13,592454,3,0,1,1.709131,3.0,2,0
2024-08-13,592767,5,1,0,2.21725,5.0,4,1
2024-08-13,592773,3,0,1,1.333131,3.0,2,0
2024-08-13,592836,19,5,3,6.887156736263736,19.0,11,2
2024-08-13,593958,22,5,1,7.516544793103448,22.0,16,1
2024-08-13,595345,4,0,0,2.429684210526316,4.0,4,1
2024-08-13,596295,25,4,1,8.541565782608696,25.0,20,1
2024-08-13,600917,6,0,0,1.3860000000000001,6.0,6,0
2024-08-13,605347,3,1,0,0.42600000000000005,3.0,2,0
2024-08-13,605452,4,1,0,0.778,4.0,3,0
2024-08-13,607067,29,4,0,14.103695073650858,29.0,25,4
2024-08-13,607200,25,2,2,8.555505282051282,25.0,20,0
2024-08-13,607625,24,4,2,7.715645333333334,24.0,18,1
2024-08-13,608032,4,0,0,3.3296923076923077,4.0,4,1
2024-08-13,608334,16,3,2,6.895099669801463,16.0,11,3
2024-08-13,608371,5,2,0,2.1347021276595743,5.0,3,1
2024-08-13,608717,8,0,1,3.3067976666666667,8.0,7,0
2024-08-13,613534,3,2,0,0.003,3.0,1,0
2024-08-13,614179,4,1,1,0.7761310000000001,4.0,2,0
2024-08-13,621053,4,2,1,1.107381,4.0,1,0
2024-08-13,621112,21,4,2,8.835217157894737,21.0,14,1
2024-08-13,621114,3,3,0,0.0,3.0,0,0
2024-08-13,621242,4,2,0,0.449,4.0,2,0
2024-08-13,621294,7,1,0,1.205,7.0,6,0
2024-08-13,621383,6,2,1,2.007131,6.0,3,0
2024-08-13,622786,3,2,0,1.0173939393939393,3.0,1,1
2024-08-13,623149,3,2,0,0.171,3.0,1,0
2024-08-13,623352,3,1,0,0.087,3.0,2,0
2024-08-13,628452,3,0,0,0.45599999999999996,3.0,3,0
2024-08-13,641329,5,1,0,1.5063125,5.0,4,0
2024-08-13,641482,24,9,0,5.688730769230769,23.0,15,1
2024-08-13,641755,3,1,0,0.8742631578947369,3.0,2,1
2024-08-13,641771,3,0,0,2.439446808510638,3.0,3,1
2024-08-13,642048,3,0,0,0.343,3.0,3,0
2024-08-13,642397,3,1,0,0.205,3.0,2,0
2024-08-13,643410,5,0,2,2.349262,5.0,3,0
2024-08-13,650556,4,2,0,0.657,4.0,2,1
2024-08-13,650633,23,10,0,4.063,23.0,13,0
2024-08-13,656464,4,2,1,0.6971310000000001,4.0,1,0
2024-08-13,656546,3,2,0,0.149,3.0,1,0
2024-08-13,656876,9,3,0,1.771,9.0,6,0
2024-08-13,656945,4,2,0,0.9430000000000001,4.0,2,0
2024-08-13,657024,5,2,1,1.8892689310344828,5.0,2,1
2024-08-13,658648,4,2,1,1.236131,4.0,1,0
2024-08-13,660844,4,0,0,1.6188,4.0,4,1
2024-08-13,661403,4,0,0,0.708,4.0,4,0
2024-08-13,663158,4,1,0,0.387,4.0,3,0
2024-08-13,663423,10,0,0,5.150204761904763,10.0,10,2
2024-08-13,663546,4,1,0,0.9850769230769232,4.0,3,1
2024-08-13,663562,4,0,1,1.636131,3.0,3,0
2024-08-13,663574,3,2,0,0.011,3.0,1,0
2024-08-13,663623,26,3,1,9.008381,25.0,22,1
2024-08-13,663704,4,2,0,1.016,4.0,2,0
2024-08-13,663855,4,1,0,0.375,4.0,3,0
2024-08-13,663878,3,1,0,0.11199999999999999,3.0,2,0
2024-08-13,664208,3,1,0,0.077,3.0,2,0
2024-08-13,664747,4,1,1,0.921131,4.0,2,0
2024-08-13,664776,4,2,1,0.7021310000000001,4.0,1,0
2024-08-13,665625,4,0,0,1.256,4.0,4,0
2024-08-13,665871,21,2,2,6.7937286666666665,21.0,17,1
2024-08-13,666214,9,3,1,1.519131,9.0,5,0
2024-08-13,668881,26,8,1,6.511960098360656,26.0,17,2
2024-08-13,669211,10,1,0,2.8695714285714287,10.0,9,0
2024-08-13,669276,3,0,0,1.6401904761904764,3.0,3,1
2024-08-13,669358,29,6,2,8.805637192604006,29.0,21,2
2024-08-13,669373,23,9,1,5.598696818181819,23.0,11,1
2024-08-13,669432,23,2,2,7.162454,23.0,18,0
2024-08-13,669461,4,0,0,1.4641920000000002,4.0,3,0
2024-08-13,669923,25,5,1,11.88249404122375,25.0,19,4
2024-08-13,670046,20,4,2,4.135462,20.0,14,0
2024-08-13,671212,23,6,3,8.125585000000001,23.0,13,0
2024-08-13,671305,5,1,0,2.0589999999999997,5.0,4,0
2024-08-13,671922,4,0,1,1.701131,4.0,3,0
2024-08-13,672710,3,1,0,0.748,3.0,2,0
2024-08-13,676130,12,3,3,3.911316076923077,12.0,6,0
2024-08-13,676395,3,2,0,0.44075,3.0,1,0
2024-08-13,676710,20,4,1,4.282464333333333,20.0,15,1
2024-08-13,677053,3,0,0,0.309,3.0,3,0
2024-08-13,678368,26,4,1,5.2925976666666665,26.0,21,1
2024-08-13,678495,4,0,0,1.6715294117647057,4.0,4,1
2024-08-13,678606,4,1,0,0.989,4.0,3,0
2024-08-13,679156,8,4,0,1.105,8.0,4,0
2024-08-13,680739,7,3,0,1.3743333333333334,7.0,4,0
2024-08-13,680767,6,1,2,3.2077620000000002,6.0,3,1
2024-08-13,682847,20,3,2,8.300720437964552,20.0,14,2
2024-08-13,683232,4,3,0,0.379,4.0,1,0
2024-08-13,683769,3,1,0,0.9099999999999999,3.0,2,0
2024-08-13,686563,23,4,3,10.154935422832981,23.0,15,3
2024-08-13,686642,6,3,0,1.9425454545454546,6.0,3,1
2024-08-13,687377,5,1,1,1.742131,5.0,3,0
2024-08-13,689017,16,2,0,3.287192,16.0,13,0
2024-08-13,689147,4,2,0,0.23199999999999998,4.0,2,0
2024-08-13,690544,4,1,0,2.0581538461538464,4.0,3,1
2024-08-13,690986,23,6,2,9.952759252747253,23.0,15,4
2024-08-13,693312,5,2,0,0.765,5.0,3,0
2024-08-13,694363,8,0,2,3.6362620000000003,8.0,6,0
2024-08-13,694738,8,3,0,2.1470000000000002,8.0,5,0
2024-08-13,694813,19,6,0,5.353525333333334,19.0,12,1
2024-08-13,700187,3,1,0,1.7064347826086956,3.0,2,1
2024-08-13,805673,20,5,0,8.006420454545454,20.0,15,2
2024-08-14,455119,1,0,0,0.59,1.0,1,0
2024-08-14,458677,5,0,0,1.3659999999999999,5.0,5,0
2024-08-14,472610,6,1,0,1.6626363636363637,6.0,5,0
2024-08-14,489446,3,1,0,0.767,3.0,2,0
2024-08-14,493603,5,0,0,1.633,5.0,5,0
2024-08-14,502043,23,6,2,9.826410068283916,23.0,15,4
2024-08-14,502085,6,1,1,2.1298571428571424,5.0,4,0
2024-08-14,502171,21,3,2,6.206973538461539,21.0,16,1
2024-08-14,518585,5,0,1,2.8444002307692307,5.0,4,0
2024-08-14,519008,1,0,0,0.067,1.0,1,0
2024-08-14,519326,5,0,1,3.1754643333333332,5.0,4,1
2024-08-14,527048,24,8,1,7.900465857142857,24.0,14,1
2024-08-14,542881,28,8,4,7.471803683284458,28.0,15,2
2024-08-14,543859,11,2,0,4.110641538461539,11.0,9,2
2024-08-14,548389,7,1,0,1.506,7.0,6,0
2024-08-14,554340,5,1,0,2.6116987500000004,5.0,4,2
2024-08-14,571656,3,0,0,0.061,3.0,3,0
2024-08-14,571946,2,1,0,0.426,2.0,1,0
2024-08-14,573124,5,0,0,3.719721122871606,5.0,5,2
2024-08-14,573262,8,0,3,4.082393,8.0,5,1
2024-08-14,592288,8,2,0,1.694,8.0,6,0
2024-08-14,592426,5,1,0,2.076406285714286,5.0,3,0
2024-08-14,592662,8,2,3,5.200027,8.0,1,1
2024-08-14,592791,25,6,2,6.172262000000001,25.0,17,0
2024-08-14,593334,7,1,0,2.303181818181818,7.0,6,1
2024-08-14,593423,24,6,3,9.374059666666668,24.0,15,0
2024-08-14,594580,3,2,0,0.13,3.0,1,0
2024-08-14,595345,3,0,1,0.772131,3.0,2,0
2024-08-14,605121,3,2,0,0.896,3.0,1,0
2024-08-14,605130,4,1,0,0.332,4.0,3,0
2024-08-14,605154,3,2,0,0.083,3.0,1,0
2024-08-14,605177,6,1,0,1.7770000000000001,6.0,5,0
2024-08-14,605463,2,1,0,0.125,2.0,1,0
2024-08-14,606303,4,0,0,1.458,4.0,4,0
2024-08-14,606930,3,0,0,0.927,3.0,3,0
2024-08-14,607455,3,1,0,0.76,3.0,2,0
2024-08-14,608032,3,2,0,0.018,3.0,1,0
2024-08-14,608678,5,0,2,3.4085953333333334,5.0,3,2
2024-08-14,614179,2,1,0,0.6876666666666665,2.0,1,0
2024-08-14,621051,3,0,0,3.7634250000000007,3.0,3,2
2024-08-14,621111,18,3,4,6.7751083434343435,18.0,11,2
2024-08-14,621237,5,0,1,3.1322219090909096,5.0,4,1
2024-08-14,621244,24,5,1,5.007961961038961,24.0,17,2
2024-08-14,621381,3,1,0,0.057,3.0,2,0
2024-08-14,622554,3,1,1,0.8241310000000001,3.0,1,0
2024-08-14,623211,1,0,0,0.337,1.0,1,0
2024-08-14,623352,6,3,0,0.10600000000000001,6.0,3,0
2024-08-14,623465,3,1,0,0.934,3.0,2,0
2024-08-14,623474,3,0,0,0.12,3.0,3,0
2024-08-14,640462,3,0,0,0.766,3.0,3,0
2024-08-14,641540,21,3,1,7.480027774193548,21.0,17,1
2024-08-14,641703,7,2,0,1.235192,6.0,4,0
2024-08-14,641771,7,2,1,2.986190476190476,6.0,4,1
2024-08-14,641793,18,3,2,5.671784826086957,18.0,13,2
2024-08-14,641941,6,1,0,1.018,6.0,5,0
2024-08-14,642207,3,1,0,0.061,3.0,2,0
2024-08-14,650556,4,0,1,2.5390925384615386,4.0,3,1
2024-08-14,650671,4,2,1,1.2411310000000002,4.0,1,0
2024-08-14,655889,3,1,0,0.586,3.0,2,0
2024-08-14,656464,5,2,1,1.728131,5.0,2,0
2024-08-14,656546,4,3,0,0.302,4.0,1,0
2024-08-14,656550,29,6,1,8.341158777777778,29.0,22,1
2024-08-14,656557,29,3,2,10.077894917748917,29.0,22,2
2024-08-14,656605,25,2,2,9.755444488479263,25.0,21,2
2024-08-14,656756,26,8,3,8.238193,26.0,15,1
2024-08-14,656849,26,4,4,7.877500190476191,26.0,18,1
2024-08-14,656924,4,0,0,1.3616800000000002,4.0,4,1
2024-08-14,657044,5,1,0,2.1698461538461533,5.0,4,1
2024-08-14,657240,6,0,1,2.402323,6.0,4,0
2024-08-14,657508,1,1,0,0.0,1.0,0,0
2024-08-14,657514,1,0,0,0.011,1.0,1,0
2024-08-14,657612,3,0,0,0.306,3.0,3,0
2024-08-14,657649,5,2,0,1.905,5.0,3,0
2024-08-14,661395,5,1,0,1.038,5.0,4,0
2024-08-14,662253,3,1,0,0.087,3.0,2,0
2024-08-14,663436,24,5,3,7.064802090909091,24.0,16,1
2024-08-14,663546,11,1,0,2.8375333333333335,11.0,10,1
2024-08-14,663567,11,1,2,2.8022620000000003,11.0,8,0
2024-08-14,663773,5,1,0,0.877,5.0,4,0
2024-08-14,663893,4,0,1,1.921131,4.0,3,0
2024-08-14,663947,3,2,0,0.016,3.0,1,0
2024-08-14,663969,25,4,1,10.482172096880133,25.0,19,3
2024-08-14,664076,5,2,1,2.8060632033898307,5.0,2,1
2024-08-14,664126,3,0,0,0.134,3.0,3,0
2024-08-14,664849,4,2,0,0.287,4.0,2,0
2024-08-14,664875,6,2,1,1.696323,6.0,2,0
2024-08-14,665152,24,3,2,8.048494142857143,24.0,19,1
2024-08-14,665795,20,2,4,9.236774,20.0,14,1
2024-08-14,666142,26,8,0,6.147875,26.0,18,1
2024-08-14,666207,7,2,2,4.666423777777778,7.0,1,1
2024-08-14,666974,3,0,0,0.824,2.0,2,0
2024-08-14,667297,5,1,1,2.379513476190476,5.0,2,1
2024-08-14,667463,6,0,0,2.1029999999999998,6.0,6,0
2024-08-14,668338,4,0,1,1.5641310000000002,4.0,3,0
2024-08-14,668674,4,0,0,0.48200000000000004,4.0,4,0
2024-08-14,668968,3,2,0,0.111,3.0,1,0
2024-08-14,669062,6,2,1,1.8622277741935485,6.0,3,0
2024-08-14,669308,3,2,0,0.101,3.0,1,0
2024-08-14,669461,7,3,0,1.937,7.0,4,0
2024-08-14,669674,4,0,0,2.059,4.0,4,0
2024-08-14,669854,20,4,0,3.4770000000000003,20.0,16,0
2024-08-14,670036,4,1,0,0.345,4.0,3,0
2024-08-14,670174,6,1,0,1.919138888888889,6.0,5,1
2024-08-14,670950,6,2,2,2.026262,6.0,2,0
2024-08-14,670955,4,2,1,0.689131,4.0,1,0
2024-08-14,670970,7,3,1,1.561131,7.0,3,0
2024-08-14,671345,3,1,0,0.11699999999999999,3.0,2,0
2024-08-14,672335,3,1,0,0.225,3.0,2,0
2024-08-14,672391,3,0,2,1.4362620000000001,3.0,1,0
2024-08-14,674285,5,2,1,1.859131,5.0,2,0
2024-08-14,675627,3,2,0,0.082,3.0,1,0
2024-08-14,676092,3,1,1,1.6423483913043477,3.0,1,1
2024-08-14,676395,4,0,2,2.1042620000000003,4.0,2,0
2024-08-14,676614,21,4,2,6.615151090909091,20.0,14,2
2024-08-14,676684,5,1,1,1.5301310000000001,5.0,3,0
2024-08-14,676969,4,1,0,0.89,4.0,3,0
2024-08-14,677161,6,1,0,1.5787499999999999,6.0,5,0
2024-08-14,680704,4,0,0,0.903,4.0,4,0
2024-08-14,681517,3,1,0,0.4823,3.0,2,0
2024-08-14,682120,4,1,0,1.7330454545454548,4.0,3,1
2024-08-14,683155,23,3,0,9.175476293103449,23.0,20,2
2024-08-14,683232,3,1,0,0.591,3.0,2,0
2024-08-14,683409,3,1,0,0.7620909090909092,3.0,2,1
2024-08-14,683627,8,0,0,4.120917520215634,8.0,8,2
2024-08-14,685299,9,0,2,4.380454,9.0,5,0
2024-08-14,686539,6,0,0,1.7510000000000001,6.0,6,0
2024-08-14,686730,15,4,0,3.808192,14.0,9,0
2024-08-14,686973,26,3,1,10.716494636363636,26.0,22,2
2024-08-14,687330,3,1,0,0.658,3.0,2,0
2024-08-14,687792,23,5,2,6.799662,23.0,16,1
2024-08-14,689225,7,2,1,1.5681310000000002,7.0,4,0
2024-08-14,693433,25,6,0,5.426,25.0,19,0
2024-08-14,694361,6,0,3,3.2253930000000004,6.0,3,0
2024-08-14,694738,8,2,0,1.569,8.0,6,0
2024-08-14,701542,22,5,0,4.07,20.0,15,1
2024-08-15,445926,8,1,0,4.269206565656566,8.0,7,2
2024-08-15,489446,5,1,2,1.4042620000000001,5.0,2,0
2024-08-15,500779,23,1,4,8.419254461538461,23.0,17,1
2024-08-15,518397,5,1,0,1.5590000000000002,5.0,4,0
2024-08-15,543339,6,0,1,2.673131,6.0,5,1
2024-08-15,554340,3,0,1,1.0281310000000001,3.0,2,0
2024-08-15,554430,22,6,0,5.458417925925926,22.0,15,2
2024-08-15,571946,4,1,0,0.043,4.0,3,0
2024-08-15,572143,1,0,0,0.22,1.0,1,0
2024-08-15,592773,4,1,1,1.527236263157895,4.0,2,0
2024-08-15,600917,5,3,2,1.378262,5.0,0,0
2024-08-15,601713,19,6,1,6.33812196978022,19.0,11,3
2024-08-15,607455,1,0,0,0.142,1.0,1,0
2024-08-15,607481,5,3,0,0.449,5.0,2,0
2024-08-15,608331,24,5,3,7.988393,24.0,16,0
2024-08-15,621053,8,2,1,2.8818110000000003,8.0,5,1
2024-08-15,621107,23,8,0,5.373216954022988,23.0,15,2
2024-08-15,621242,4,2,1,1.025131,4.0,1,0
2024-08-15,621383,5,0,0,1.849,5.0,5,0
2024-08-15,623211,6,1,2,2.7702620000000002,6.0,3,0
2024-08-15,628317,21,5,1,4.726652931034483,21.0,13,1
2024-08-15,641927,28,3,3,8.078393,28.0,22,0
2024-08-15,642207,3,2,0,0.012,3.0,1,0
2024-08-15,642397,3,1,0,1.486192,3.0,1,0
2024-08-15,643377,4,1,0,1.4425294117647056,4.0,3,1
2024-08-15,643511,1,0,0,0.105,1.0,1,0
2024-08-15,656412,7,1,4,3.129524,7.0,2,0
2024-08-15,656427,20,7,2,8.14242316116116,20.0,11,2
2024-08-15,656629,3,1,0,0.899,3.0,2,0
2024-08-15,657277,27,7,1,6.006597666666667,27.0,19,0
2024-08-15,657585,7,1,1,2.948131,7.0,5,0
2024-08-15,660896,3,1,0,0.831,3.0,2,0
2024-08-15,661395,3,2,0,0.345,3.0,1,0
2024-08-15,662253,2,1,0,1.3093833333333331,2.0,1,1
2024-08-15,663432,8,1,1,3.433708777777778,8.0,6,2
2024-08-15,663542,5,2,0,0.317,5.0,3,0
2024-08-15,663767,11,2,0,3.8093333333333335,11.0,9,1
2024-08-15,664208,6,0,2,2.134262,6.0,4,0
2024-08-15,665625,3,0,0,0.87,3.0,3,0
2024-08-15,666974,3,0,0,0.303,3.0,3,0
2024-08-15,668964,26,1,1,9.12608383018868,26.0,24,2
2024-08-15,671305,6,1,0,1.9473939393939395,6.0,5,1
2024-08-15,671345,3,1,0,0.17300000000000001,3.0,2,0
2024-08-15,672335,4,1,1,0.8321310000000001,4.0,2,0
2024-08-15,674003,26,2,2,9.85161102712169,26.0,21,4
2024-08-15,674285,9,1,0,2.138,9.0,8,0
2024-08-15,676661,4,0,0,0.945,4.0,4,0
2024-08-15,679156,3,1,0,0.28600000000000003,3.0,2,0
2024-08-15,680730,21,6,2,8.016534727272727,21.0,13,1
2024-08-15,681911,5,1,2,1.465262,5.0,2,0
2024-08-15,682243,23,9,0,2.568,23.0,14,0
2024-08-15,687377,8,1,0,3.508192,8.0,6,0
2024-08-15,687765,16,1,3,6.905668333333334,16.0,11,1
2024-08-15,689147,5,1,0,1.5108,5.0,4,0
2024-08-15,690544,3,0,0,2.115,3.0,3,0
2024-08-15,695243,8,3,1,1.924323,8.0,3,0
2024-08-15,702352,3,1,0,0.211,3.0,2,0
2024-08-16,445276,3,2,0,0.319,3.0,1,0
2024-08-16,455119,6,0,0,2.127,6.0,6,0
2024-08-16,458677,4,2,0,0.423,4.0,2,0
2024-08-16,472610,7,1,0,3.228431818181818,7.0,6,1
2024-08-16,518585,10,3,1,3.689783333333333,9.0,6,1
2024-08-16,518886,6,0,1,3.961540523809524,6.0,5,1
2024-08-16,519043,3,0,1,1.1811310000000002,3.0,2,0
2024-08-16,519326,5,1,0,2.4276304347826088,4.0,3,1
2024-08-16,523260,4,1,1,0.924131,4.0,2,0
2024-08-16,543037,23,8,2,5.801262,23.0,13,0
2024-08-16,543294,21,2,0,6.754938888888889,21.0,19,1
2024-08-16,547179,21,3,3,6.304489774193549,21.0,15,1
2024-08-16,547973,3,1,0,0.42000000000000004,3.0,2,0
2024-08-16,552640,3,0,0,2.3054651162790702,3.0,3,1
2024-08-16,571578,21,2,2,7.789262,21.0,17,0
2024-08-16,571760,20,8,1,7.272632542220848,20.0,10,2
2024-08-16,571882,4,0,1,1.434131,4.0,3,0
2024-08-16,571945,24,7,0,6.787299287125918,24.0,17,3
2024-08-16,572143,5,1,0,2.378,5.0,4,0
2024-08-16,572955,4,0,0,2.543702127659574,4.0,4,1
2024-08-16,573204,3,1,0,0.393,3.0,2,0
2024-08-16,592426,3,2,0,0.05,3.0,1,0
2024-08-16,592454,3,0,0,0.266,3.0,3,0
2024-08-16,592767,3,3,0,0.0,3.0,0,0
2024-08-16,593576,7,2,0,3.639961538461539,7.0,5,1
2024-08-16,595345,2,1,0,0.874037037037037,2.0,1,1
2024-08-16,596133,5,1,0,0.42900000000000005,5.0,4,0
2024-08-16,605121,4,1,0,0.998,4.0,3,0
2024-08-16,605130,4,1,1,1.061131,4.0,2,0
2024-08-16,605177,4,1,1,1.288131,4.0,2,0
2024-08-16,605280,3,2,0,0.591,3.0,1,0
2024-08-16,605347,3,2,0,0.059,3.0,1,0
2024-08-16,605400,28,4,2,8.150454,27.0,20,0
2024-08-16,606303,3,1,0,0.745,3.0,2,0
2024-08-16,606930,6,1,1,1.846131,6.0,4,0
2024-08-16,607259,26,4,0,8.3378221415608,24.0,22,2
2024-08-16,607455,4,1,0,2.330409090909091,4.0,3,1
2024-08-16,608032,6,2,0,1.465,6.0,4,0
2024-08-16,608371,3,0,0,0.6880000000000001,3.0,3,0
2024-08-16,608638,1,0,0,0.227,1.0,1,0
2024-08-16,608723,3,1,0,0.531,3.0,2,0
2024-08-16,615698,22,5,2,10.404087333333333,22.0,14,2
2024-08-16,621363,5,1,1,0.9483333333333333,4.0,3,0
2024-08-16,621381,3,1,0,0.72,3.0,2,0
2024-08-16,623465,4,1,1,1.247131,4.0,2,0
2024-08-16,640448,4,0,1,1.5837586206896554,3.0,3,1
2024-08-16,640455,27,4,1,7.228329863636364,27.0,22,2
2024-08-16,640462,3,1,0,0.431,3.0,2,0
2024-08-16,641329,4,1,1,0.807131,4.0,2,0
2024-08-16,641582,3,1,0,0.618,3.0,2,0
2024-08-16,641755,5,2,0,0.954,5.0,3,0
2024-08-16,641771,4,2,0,1.064138888888889,4.0,2,1
2024-08-16,642520,3,2,0,0.114,3.0,1,0
2024-08-16,643338,2,0,1,1.1811310000000002,2.0,1,0
2024-08-16,643377,3,2,0,0.6871538461538464,3.0,1,1
2024-08-16,650644,24,4,1,4.323131,24.0,19,0
2024-08-16,650893,3,1,0,0.114,3.0,2,0
2024-08-16,656271,6,2,2,1.5482620000000002,6.0,2,0
2024-08-16,656458,3,0,1,0.991131,3.0,2,0
2024-08-16,656546,2,1,0,0.014,2.0,1,0
2024-08-16,656629,3,2,0,0.267,3.0,1,0
2024-08-16,657024,3,0,0,0.24400000000000002,3.0,3,0
2024-08-16,657044,7,2,1,2.4701310000000003,7.0,4,0
2024-08-16,657053,10,3,2,3.632454,10.0,4,0
2024-08-16,657514,3,2,1,0.689131,3.0,0,0
2024-08-16,657571,3,0,2,1.5232620000000001,3.0,1,0
2024-08-16,658648,4,2,1,1.055131,4.0,1,0
2024-08-16,661395,4,2,0,0.748,4.0,2,0
2024-08-16,663362,27,6,1,12.657131,27.0,20,2
2024-08-16,663423,4,2,0,0.979,4.0,2,0
2024-08-16,663460,4,1,0,1.305,4.0,3,0
2024-08-16,663485,5,1,0,1.947,5.0,4,0
2024-08-16,663704,3,1,0,0.6080000000000001,3.0,2,0
2024-08-16,663893,4,0,0,2.623,4.0,4,1
2024-08-16,664126,6,1,0,3.4708648648648643,6.0,5,1
2024-08-16,665625,4,2,1,1.184131,4.0,1,0
2024-08-16,666277,15,2,2,7.918442311688312,15.0,10,1
2024-08-16,667297,6,0,1,1.138,5.0,5,0
2024-08-16,667755,16,5,3,4.630585,16.0,7,0
2024-08-16,668338,3,0,0,0.51,3.0,3,0
2024-08-16,668909,21,5,2,8.133454,21.0,13,1
2024-08-16,668941,3,2,0,0.487,3.0,1,0
2024-08-16,669060,4,0,0,3.556016393442623,4.0,4,2
2024-08-16,669111,6,1,0,1.106,6.0,5,0
2024-08-16,669194,24,6,0,7.224112903225807,24.0,18,1
2024-08-16,669203,25,7,3,9.57374772319009,25.0,15,3
2024-08-16,669211,7,3,0,0.954,7.0,4,0
2024-08-16,669212,5,2,0,0.39999999999999997,5.0,3,0
2024-08-16,669276,4,3,0,0.425,4.0,1,0
2024-08-16,669302,27,6,2,7.136194203389831,27.0,19,1
2024-08-16,669308,4,1,1,1.195131,4.0,2,0
2024-08-16,669461,5,1,0,1.24,5.0,4,0
2024-08-16,669674,1,1,0,0.0,1.0,0,0
2024-08-16,669724,7,2,1,1.242131,7.0,4,0
2024-08-16,670036,8,0,0,2.4534528301886795,8.0,8,1
2024-08-16,670280,5,3,0,2.0569615384615387,5.0,2,1
2024-08-16,672391,5,0,0,1.87,5.0,5,0
2024-08-16,672578,4,3,0,0.6866800000000002,4.0,1,1
2024-08-16,672710,5,0,1,2.339131,5.0,4,0
2024-08-16,673513,5,2,0,1.2919999999999998,5.0,3,0
2024-08-16,675627,3,0,2,1.9202620000000001,3.0,1,0
2024-08-16,676130,7,2,1,2.0791310000000003,7.0,4,1
2024-08-16,676395,3,1,0,0.01,3.0,2,0
2024-08-16,676428,22,5,0,5.562864864864864,22.0,17,2
2024-08-16,676979,16,9,0,3.065666666666667,16.0,7,1
2024-08-16,677161,2,0,0,1.337,2.0,2,1
2024-08-16,679885,4,2,1,1.073131,4.0,1,0
2024-08-16,680573,20,1,2,8.777544852564102,20.0,17,4
2024-08-16,680736,20,3,2,8.988595333333333,20.0,15,2
2024-08-16,680767,5,0,1,2.105131,5.0,4,0
2024-08-16,680885,22,8,2,7.1715165,22.0,11,1
2024-08-16,681293,25,5,2,7.245044657657658,25.0,18,2
2024-08-16,681676,4,1,0,0.8400000000000001,4.0,3,0
2024-08-16,681867,22,1,4,10.08630645614035,22.0,17,1
2024-08-16,681869,5,2,1,1.378131,5.0,2,0
2024-08-16,682610,19,5,3,8.706952643255297,19.0,11,2
2024-08-16,683232,2,2,0,0.0,2.0,0,0
2024-08-16,683409,5,1,2,3.0240160983606557,5.0,2,1
2024-08-16,684320,21,5,2,7.427716594433413,20.0,13,3
2024-08-16,686752,22,5,1,4.292131,22.0,16,0
2024-08-16,687330,6,0,1,2.435769888888889,6.0,5,1
2024-08-16,687863,4,2,0,0.176,4.0,2,0
2024-08-16,687911,4,0,0,1.3433333333333333,4.0,4,0
2024-08-16,689225,6,1,2,2.5752620000000004,6.0,3,0
2024-08-16,690544,3,2,1,0.689131,3.0,0,0
2024-08-16,690829,5,1,0,1.072,5.0,4,0
2024-08-16,693312,3,0,0,0.606,3.0,3,0
2024-08-16,694973,25,6,4,8.679801714285714,25.0,14,1
2024-08-17,445276,3,1,0,1.1561904761904764,3.0,2,1
2024-08-17,455119,4,0,0,0.30200000000000005,4.0,4,0
2024-08-17,502085,3,1,0,0.7589999999999999,3.0,2,0
2024-08-17,518397,4,0,1,1.690131,4.0,3,0
2024-08-17,518489,4,0,0,1.077133333333333,4.0,4,1
2024-08-17,519008,2,0,0,0.14400000000000002,2.0,2,0
2024-08-17,519242,25,10,2,7.226262,25.0,13,0
2024-08-17,542585,8,1,1,2.384323,8.0,5,0
2024-08-17,543135,27,6,0,7.5008,27.0,21,1
2024-08-17,571656,6,1,2,3.5308773846153847,6.0,3,1
2024-08-17,571670,5,0,0,1.3136666666666668,5.0,5,0
2024-08-17,571912,4,0,0,1.11575,4.0,4,0
2024-08-17,572143,5,0,0,2.176822222222222,5.0,5,1
2024-08-17,572955,4,0,0,1.2610000000000001,4.0,4,0
2024-08-17,573009,4,0,0,1.108875,4.0,4,0
2024-08-17,592094,4,2,0,0.8779999999999999,4.0,2,0
2024-08-17,592767,4,0,0,1.42,4.0,4,0
2024-08-17,593334,3,0,1,2.129515,3.0,0,0
2024-08-17,594580,6,0,1,2.667131,6.0,5,0
2024-08-17,596001,3,1,0,0.6867857142857144,3.0,2,0
2024-08-17,600917,2,0,0,0.288,2.0,2,0
2024-08-17,605135,21,5,2,8.651653489361701,21.0,14,3
2024-08-17,605347,4,3,0,1.6922499999999998,4.0,1,1
2024-08-17,605488,20,7,1,4.083464333333334,20.0,12,0
2024-08-17,606303,3,1,0,0.081,3.0,2,0
2024-08-17,607074,18,5,1,6.9446397719298245,18.0,12,1
2024-08-17,607536,25,3,3,8.376393,24.0,18,0
2024-08-17,608371,3,0,1,0.817131,3.0,2,0
2024-08-17,608379,22,9,1,5.155131,22.0,12,0
2024-08-17,608638,5,2,0,1.531714285714286,5.0,3,1
2024-08-17,608717,4,1,0,1.25,4.0,3,0
2024-08-17,622491,23,6,3,9.478692435028249,23.0,14,3
2024-08-17,622663,32,8,1,7.5473230000000004,32.0,22,0
2024-08-17,623149,5,3,0,1.042192,5.0,1,0
2024-08-17,623167,19,1,1,6.477885098360655,19.0,17,1
2024-08-17,623474,10,5,0,2.710413793103448,10.0,5,1
2024-08-17,641703,10,0,1,4.648514333333333,10.0,9,1
2024-08-17,641835,3,1,0,1.0552424242424245,3.0,2,1
2024-08-17,641941,4,1,1,1.071131,4.0,2,0
2024-08-17,642048,3,0,0,0.9111904761904762,3.0,3,1
2024-08-17,642207,3,0,0,0.39499999999999996,3.0,3,0
2024-08-17,642232,7,2,1,1.120131,7.0,4,0
2024-08-17,642397,4,1,1,1.1351310000000001,4.0,2,0
2024-08-17,642547,22,3,2,5.215262,22.0,17,0
2024-08-17,642629,8,2,1,2.489931,8.0,5,0
2024-08-17,642701,7,3,0,1.565692,7.0,3,0
2024-08-17,643410,4,1,0,1.0839999999999999,4.0,3,0
2024-08-17,647315,3,1,0,0.22399999999999998,3.0,2,0
2024-08-17,650556,4,2,1,1.484131,4.0,1,0
2024-08-17,650911,29,4,0,5.786763157894737,29.0,25,1
2024-08-17,655889,5,1,1,2.1401310000000002,5.0,2,0
2024-08-17,656288,21,3,1,9.86553504040404,21.0,17,4
2024-08-17,656302,24,5,5,9.000675,24.0,14,1
2024-08-17,656945,4,1,0,0.41,4.0,3,0
2024-08-17,657006,8,3,1,1.509131,8.0,4,0
2024-08-17,657240,4,1,0,2.033388888888889,4.0,3,0
2024-08-17,657508,8,1,1,3.738628751124438,8.0,6,2
2024-08-17,657514,3,1,0,0.363,3.0,2,0
2024-08-17,657612,5,1,1,1.4191310000000001,5.0,3,0
2024-08-17,657649,3,3,0,0.0,3.0,0,0
2024-08-17,660896,3,1,0,0.183,3.0,2,0
2024-08-17,663423,1,0,0,0.016,1.0,1,0
2024-08-17,663485,3,1,0,0.344,3.0,2,0
2024-08-17,663559,25,8,0,5.824,25.0,17,0
2024-08-17,663567,12,0,1,4.6626962173913045,12.0,11,0
2024-08-17,663574,7,1,0,2.894,7.0,6,0
2024-08-17,663855,5,0,1,1.569131,5.0,4,0
2024-08-17,663878,9,1,2,3.7038773846153847,9.0,6,1
2024-08-17,663947,10,2,0,1.437,10.0,8,0
2024-08-17,663992,4,0,0,1.4802222222222223,4.0,4,1
2024-08-17,664076,3,1,0,0.27,3.0,2,0
2024-08-17,664747,4,1,0,1.2140909090909093,4.0,3,1
2024-08-17,664776,5,2,0,0.392,5.0,3,0
2024-08-17,664854,3,1,0,0.9262142857142857,3.0,2,0
2024-08-17,664875,7,1,0,1.4322222222222223,7.0,6,1
2024-08-17,666157,17,2,2,7.336534727272728,17.0,13,1
2024-08-17,666974,4,0,0,1.6382222222222225,4.0,4,1
2024-08-17,668338,4,0,0,1.340037037037037,4.0,4,1
2024-08-17,668678,25,3,2,8.939425014492754,25.0,19,1
2024-08-17,668941,3,0,0,0.9572692307692307,3.0,3,0
2024-08-17,668968,6,2,1,1.4251310000000001,6.0,3,0
2024-08-17,669022,26,6,2,9.369012,25.0,17,0
2024-08-17,669062,4,2,1,0.752131,4.0,1,0
2024-08-17,669093,3,1,0,0.093,3.0,2,0
2024-08-17,669467,26,5,2,7.228762000000001,26.0,19,1
2024-08-17,670280,3,2,0,0.28,3.0,1,0
2024-08-17,670955,3,1,0,0.938,3.0,2,0
2024-08-17,670970,1,0,0,0.186,1.0,1,0
2024-08-17,671305,5,3,1,0.894131,5.0,1,0
2024-08-17,671345,5,1,1,2.453131,5.0,3,1
2024-08-17,671922,4,2,0,1.1928611111111111,4.0,2,1
2024-08-17,672456,19,5,2,4.186262,19.0,12,0
2024-08-17,672578,3,1,0,0.146,3.0,2,0
2024-08-17,672582,5,0,0,1.6571818181818183,5.0,5,1
2024-08-17,672851,4,1,0,0.517,4.0,3,0
2024-08-17,674370,21,6,2,4.513917462184874,21.0,13,1
2024-08-17,676272,22,1,1,10.34784034376358,22.0,20,2
2024-08-17,676440,18,7,1,5.472347475095786,18.0,10,1
2024-08-17,676534,3,1,0,0.113,3.0,2,0
2024-08-17,676969,3,1,0,0.162,3.0,2,0
2024-08-17,676974,21,3,3,8.826339098360656,21.0,14,2
2024-08-17,678394,23,6,3,4.4383930000000005,23.0,14,0
2024-08-17,678692,8,1,0,2.445,8.0,7,0
2024-08-17,679156,3,0,1,1.720131,3.0,2,0
2024-08-17,680704,3,1,0,0.515,3.0,2,0
2024-08-17,680880,3,1,0,0.9870000000000001,3.0,2,0
2024-08-17,681402,6,3,1,1.374,5.0,2,0
2024-08-17,682120,3,0,0,0.77,3.0,3,0
2024-08-17,686613,25,6,2,5.761262,25.0,17,0
2024-08-17,686642,3,1,0,0.3,3.0,2,0
2024-08-17,686747,4,1,0,0.9,4.0,3,0
2024-08-17,687863,6,2,2,2.2154438181818183,6.0,2,1
2024-08-17,687911,3,0,0,0.382,3.0,3,0
2024-08-17,693312,1,1,0,0.0,1.0,0,0
2024-08-17,694363,11,2,1,3.7238678421052636,11.0,8,1
2024-08-17,700187,3,1,0,1.6431071428571429,3.0,2,1
2024-08-17,700249,25,6,0,6.065181818181818,25.0,19,1
2024-08-17,701581,21,6,0,6.790077830188679,21.0,15,2
2024-08-17,702352,6,0,0,1.568,6.0,6,0
2024-08-17,806185,19,5,3,5.857585307692308,19.0,11,1
2024-08-18,450203,20,7,2,5.842888782608696,20.0,10,1
2024-08-18,458677,3,2,0,1.247357142857143,3.0,1,1
2024-08-18,477132,21,2,1,5.582131,20.0,17,0
2024-08-18,489446,4,2,0,2.0697666666666668,4.0,2,1
2024-08-18,502085,4,0,1,0.7461310000000001,3.0,2,0
2024-08-18,518585,4,2,0,1.077,4.0,2,0
2024-08-18,518876,26,4,2,10.366947006993007,26.0,19,3
2024-08-18,542888,3,0,0,0.388,3.0,3,0
2024-08-18,543243,24,6,3,9.458042122807017,24.0,15,2
2024-08-18,543339,4,0,0,2.1556060606060607,4.0,4,1
2024-08-18,544150,25,6,0,4.7700000000000005,25.0,19,1
2024-08-18,571670,6,0,0,0.5549999999999999,6.0,6,0
2024-08-18,571946,4,1,0,0.329,4.0,3,0
2024-08-18,573009,5,2,2,0.594,3.0,1,0
2024-08-18,573186,24,5,2,5.603262,21.0,14,0
2024-08-18,592454,3,1,0,0.539,3.0,2,0
2024-08-18,592836,20,3,3,7.909872347826087,20.0,14,2
2024-08-18,593576,5,1,0,1.8045,5.0,4,0
2024-08-18,594902,24,5,2,7.432704,24.0,16,0
2024-08-18,596133,3,1,0,1.1360000000000001,3.0,2,0
2024-08-18,605121,3,1,1,1.0921310000000002,3.0,1,0
2024-08-18,605154,5,1,1,1.8474553243243244,5.0,3,1
2024-08-18,605177,3,1,0,0.682,3.0,2,0
2024-08-18,605280,5,3,0,1.0,5.0,2,0
2024-08-18,605397,17,6,2,4.956587333333333,16.0,7,1
2024-08-18,605483,28,10,2,8.697180032786886,28.0,16,1
2024-08-18,606930,4,1,0,0.9380000000000001,4.0,3,0
2024-08-18,607067,25,5,0,4.478884,25.0,18,0
2024-08-18,608723,4,0,0,0.692,4.0,4,0
2024-08-18,621053,1,1,0,0.0,1.0,0,0
2024-08-18,621112,21,4,1,4.540131,21.0,16,0
2024-08-18,621114,3,0,1,0.8681310000000001,3.0,2,0
2024-08-18,621237,4,0,0,1.048,4.0,4,0
2024-08-18,621294,6,1,1,1.664323,6.0,3,0
2024-08-18,621363,1,0,0,0.038,1.0,1,0
2024-08-18,621381,6,1,1,2.041131,6.0,4,0
2024-08-18,621383,7,2,1,2.322131,7.0,4,0
2024-08-18,622554,5,3,0,0.9327307692307693,5.0,2,1
2024-08-18,622786,6,4,1,1.409323,6.0,0,0
2024-08-18,623211,5,0,0,1.2639999999999998,5.0,5,0
2024-08-18,623352,3,2,0,0.379,3.0,1,0
2024-08-18,623465,4,1,0,0.369,4.0,3,0
2024-08-18,628452,3,1,0,0.30100000000000005,3.0,2,0
2024-08-18,640448,3,0,0,0.46399999999999997,3.0,3,0
2024-08-18,640462,4,0,1,1.1561919999999999,3.0,2,0
2024-08-18,641154,26,3,3,10.47092986417657,26.0,19,1
2024-08-18,641302,24,5,2,9.745447858585859,23.0,17,2
2024-08-18,641729,4,2,0,0.925192,4.0,1,0
2024-08-18,641755,4,1,0,0.7400000000000001,4.0,3,0
2024-08-18,641816,14,1,0,6.372722077922079,14.0,13,1
2024-08-18,642520,14,3,1,3.7581104396135268,13.0,9,1
2024-08-18,643338,4,0,0,2.151,4.0,4,0
2024-08-18,643377,3,1,0,0.5837500000000001,3.0,2,0
2024-08-18,643410,2,0,0,0.703,2.0,2,0
2024-08-18,643511,3,1,0,0.626,3.0,2,0
2024-08-18,650556,4,2,0,2.0810067340067335,4.0,2,2
2024-08-18,650671,3,2,0,0.009,3.0,1,0
2024-08-18,650893,1,1,0,0.0,1.0,0,0
2024-08-18,656222,3,1,0,1.2979615384615388,3.0,2,1
2024-08-18,656271,3,2,0,0.025,3.0,1,0
2024-08-18,656464,5,2,0,1.151,5.0,3,0
2024-08-18,656546,5,0,0,2.1305,5.0,5,1
2024-08-18,656629,3,0,0,1.7581190476190476,3.0,3,1
2024-08-18,656876,6,2,0,1.016,6.0,4,0
2024-08-18,656924,13,1,1,6.331545222222222,13.0,10,2
2024-08-18,657240,3,0,0,0.469,3.0,3,0
2024-08-18,657514,4,1,0,0.833192,4.0,2,0
2024-08-18,657585,5,1,3,2.8343930000000004,5.0,1,0
2024-08-18,657649,3,0,0,0.207,3.0,3,0
2024-08-18,660896,7,1,0,4.394867424242424,7.0,6,2
2024-08-18,661395,2,1,0,0.211,2.0,1,0
2024-08-18,661403,3,0,0,0.96,3.0,3,0
2024-08-18,663542,3,1,0,0.328,3.0,2,0
2024-08-18,663623,26,5,1,8.70933302020202,26.0,20,2
2024-08-18,663704,3,1,0,0.276,3.0,2,0
2024-08-18,663765,23,4,1,8.90212319359875,23.0,18,2
2024-08-18,663773,7,0,2,2.1757673636363637,6.0,5,0
2024-08-18,663903,23,6,1,5.751123,23.0,15,0
2024-08-18,664076,5,0,1,1.416131,5.0,4,0
2024-08-18,664126,6,2,1,2.8404946363636365,6.0,3,1
2024-08-18,664208,5,2,0,0.725,5.0,3,0
2024-08-18,664285,23,9,1,4.020131,22.0,12,0
2024-08-18,666204,5,3,0,3.160798449612403,5.0,2,2
2024-08-18,666974,4,2,1,1.6201310000000002,4.0,1,0
2024-08-18,667463,4,0,0,1.6869999999999998,4.0,4,0
2024-08-18,668674,6,4,0,0.625,6.0,2,0
2024-08-18,668984,11,0,0,3.516,11.0,11,0
2024-08-18,669276,6,4,0,0.847,6.0,2,0
2024-08-18,669373,23,5,4,5.789524,20.0,11,0
2024-08-18,669461,3,2,0,0.379,3.0,1,0
2024-08-18,669674,5,1,3,2.1253930000000003,5.0,1,0
2024-08-18,669724,4,0,0,0.487,4.0,4,0
2024-08-18,669923,24,5,2,7.287136647092038,24.0,17,2
2024-08-18,670102,25,7,0,5.246169696969697,25.0,18,1
2024-08-18,670950,4,1,0,0.912,4.0,3,0
2024-08-18,670955,4,2,0,0.346,4.0,2,0
2024-08-18,670970,4,3,0,1.2717833333333333,4.0,1,1
2024-08-18,671096,22,4,1,5.304406779661017,21.0,17,1
2024-08-18,672335,6,0,1,2.7611310000000002,6.0,5,0
2024-08-18,672710,6,0,1,2.377942,5.0,4,0
2024-08-18,673513,5,0,0,0.9470000000000001,5.0,5,0
2024-08-18,676092,3,0,0,0.431,3.0,3,0
2024-08-18,676254,10,5,1,1.780131,10.0,4,0
2024-08-18,676534,5,2,0,1.5645333333333338,5.0,3,1
2024-08-18,676664,27,9,0,6.513820787878788,27.0,17,2
2024-08-18,676684,3,3,0,0.0,3.0,0,0
2024-08-18,676710,20,4,1,7.118552824561403,20.0,14,2
2024-08-18,677053,3,2,1,0.689131,3.0,0,0
2024-08-18,678368,23,4,2,10.84374148568844,23.0,17,3
2024-08-18,678606,3,0,0,0.7040000000000001,3.0,3,0
2024-08-18,679885,8,2,2,2.231323,6.0,3,0
2024-08-18,680767,4,0,1,1.005131,4.0,3,0
2024-08-18,681066,24,5,3,8.015611954248365,24.0,16,0
2024-08-18,681676,5,1,1,1.4231310000000001,5.0,3,0
2024-08-18,681799,10,2,2,2.6892620000000003,10.0,6,0
2024-08-18,683409,4,2,0,0.542,4.0,2,0
2024-08-18,683769,3,2,0,0.061,3.0,1,0
2024-08-18,684007,20,6,1,5.522416714285715,20.0,13,0
2024-08-18,686539,1,0,0,0.075,1.0,1,0
2024-08-18,686799,26,0,3,10.594315111111111,24.0,22,2
2024-08-18,687134,26,2,3,8.933393,26.0,21,1
2024-08-18,687330,3,1,0,0.372,3.0,2,0
2024-08-18,689225,3,1,0,0.255,3.0,2,0
2024-08-18,690544,6,0,0,2.365119047619048,6.0,6,1
2024-08-18,695243,3,2,0,0.099,3.0,1,0
2024-08-18,700187,3,0,0,0.144,3.0,3,0
2024-08-19,445276,2,1,0,1.528739130434783,2.0,1,1
2024-08-19,455119,5,3,0,0.753,5.0,2,0
2024-08-19,458677,3,1,0,1.166,3.0,2,0
2024-08-19,489446,3,2,0,0.188,3.0,1,0
2024-08-19,519043,3,2,0,0.0,3.0,1,0
2024-08-19,523260,3,1,0,0.588,3.0,2,0
2024-08-19,554340,3,0,0,2.4662500000000005,3.0,3,1
2024-08-19,570632,16,3,2,3.151262,16.0,11,0
2024-08-19,571656,3,0,1,0.8531310000000001,3.0,2,0
2024-08-19,573204,3,1,0,0.251,3.0,2,0
2024-08-19,579328,26,7,1,8.401992111111111,25.0,17,1
2024-08-19,592094,3,3,0,0.0,3.0,0,0
2024-08-19,592288,6,0,0,2.363192,6.0,5,0
2024-08-19,592332,22,5,2,8.863793234475907,22.0,15,2
2024-08-19,594580,4,2,0,0.19,4.0,2,0
2024-08-19,605463,5,1,0,0.6475263157894737,5.0,4,0
2024-08-19,607625,28,8,3,7.890761710691825,28.0,17,3
2024-08-19,608334,20,4,3,7.062154904761905,20.0,13,1
2024-08-19,608371,6,1,2,3.030262,6.0,3,0
2024-08-19,621053,3,2,0,0.073,3.0,1,0
2024-08-19,621114,6,2,0,2.1925714285714286,6.0,4,1
2024-08-19,621242,3,1,0,0.1,3.0,2,0
2024-08-19,622554,2,1,0,1.6798333333333335,2.0,1,1
2024-08-19,623149,6,0,0,1.589,6.0,6,0
2024-08-19,623352,3,0,0,0.07500000000000001,3.0,3,0
2024-08-19,623465,3,1,0,0.10200000000000001,3.0,2,0
2024-08-19,641540,18,4,1,4.8606110000000005,18.0,13,1
2024-08-19,641771,4,2,0,0.228,4.0,2,0
2024-08-19,642048,3,0,2,2.0882620000000003,3.0,1,0
2024-08-19,642701,4,3,0,0.014,4.0,1,0
2024-08-19,643511,4,1,0,1.673,4.0,3,0
2024-08-19,650633,25,6,3,9.749051066191873,25.0,15,1
2024-08-19,656222,2,1,0,0.6610454545454546,2.0,1,0
2024-08-19,656271,3,1,0,0.211,3.0,2,0
2024-08-19,656464,4,1,0,1.031,4.0,3,0
2024-08-19,656557,26,8,0,7.830192,26.0,17,0
2024-08-19,656849,27,8,1,8.298706,27.0,18,2
2024-08-19,656945,3,0,0,0.7993888888888889,3.0,3,0
2024-08-19,657024,3,1,0,1.073,3.0,2,0
2024-08-19,657044,3,2,0,0.066,3.0,1,0
2024-08-19,657571,3,2,0,0.261,3.0,1,0
2024-08-19,663158,5,0,1,1.440131,5.0,4,0
2024-08-19,663423,4,1,1,0.802131,4.0,2,0
2024-08-19,663460,4,2,0,1.7294583333333327,4.0,2,1
2024-08-19,663574,5,1,1,1.2801310000000001,5.0,3,0
2024-08-19,663855,5,0,0,2.2640000000000002,5.0,5,0
2024-08-19,663893,4,0,1,2.223131,4.0,3,0
2024-08-19,663992,4,2,0,0.296,4.0,2,0
2024-08-19,664747,4,1,0,1.2678484848484848,4.0,3,1
2024-08-19,667297,3,0,0,1.4493939393939392,3.0,3,1
2024-08-19,669062,4,1,1,0.9691310000000001,4.0,2,0
2024-08-19,669111,8,2,1,1.8842277741935485,8.0,5,1
2024-08-19,669211,6,5,0,0.802,6.0,1,0
2024-08-19,669270,3,2,0,0.047,3.0,1,0
2024-08-19,669432,22,5,3,6.898635424242425,21.0,14,1
2024-08-19,670124,23,2,4,10.910193714285715,23.0,15,3
2024-08-19,670167,3,0,0,1.212,3.0,3,0
2024-08-19,670950,8,1,0,2.780384,8.0,5,0
2024-08-19,671212,24,6,3,5.650504111111111,24.0,15,0
2024-08-19,671737,24,2,3,10.480924746031747,23.0,19,2
2024-08-19,676130,4,0,1,0.939131,4.0,3,0
2024-08-19,676969,4,0,1,1.614131,3.0,3,0
2024-08-19,680880,4,2,1,0.8491310000000001,4.0,1,0
2024-08-19,681402,5,0,0,1.146,5.0,5,0
2024-08-19,681882,4,3,0,0.014,4.0,1,0
2024-08-19,682847,24,7,1,6.329642857142857,23.0,16,2
2024-08-19,682989,11,3,1,5.022076454545454,11.0,7,1
2024-08-19,686539,3,0,0,1.254,3.0,3,0
2024-08-19,686563,26,4,1,8.786514333333333,26.0,21,1
2024-08-19,687924,18,2,1,7.67438400795756,18.0,14,3
2024-08-19,690986,24,5,2,7.106031230769231,24.0,17,0
2024-08-19,693433,24,5,2,7.144705366120219,24.0,16,1
2024-08-19,694297,26,4,2,10.057934000000001,26.0,19,1
2024-08-19,694813,24,10,2,5.308262,24.0,12,0
2024-08-19,695243,4,1,1,1.3851310000000001,4.0,2,0
2024-08-19,702352,3,0,0,0.742,3.0,3,0
2024-08-19,805673,23,1,2,7.0537541949317735,23.0,19,1
2024-08-20,445276,3,0,0,0.9074347826086956,3.0,3,1
2024-08-20,472610,4,1,0,1.039,4.0,3,0
2024-08-20,493603,3,0,0,0.331,3.0,3,0
2024-08-20,500779,24,3,2,8.17886115514593,24.0,19,3
2024-08-20,518489,5,1,0,0.755,5.0,4,0
2024-08-20,518886,2,1,0,0.4146666666666666,2.0,1,0
2024-08-20,519293,6,1,1,2.529323,5.0,3,0
2024-08-20,519326,2,0,0,0.053,2.0,2,0
2024-08-20,523260,3,1,1,1.159131,3.0,1,0
2024-08-20,527048,20,2,1,6.447964333333333,20.0,17,1
2024-08-20,542881,30,2,2,10.813189884615385,30.0,26,1
2024-08-20,542888,3,1,0,0.6789999999999999,3.0,2,0
2024-08-20,543339,3,0,0,1.599413793103448,3.0,3,1
2024-08-20,543859,7,1,2,2.4872620000000003,7.0,4,0
2024-08-20,547973,2,0,0,0.328,2.0,2,0
2024-08-20,554430,24,8,0,6.629,24.0,16,3
2024-08-20,571510,24,2,4,9.629920103896104,24.0,18,2
2024-08-20,571912,6,0,0,0.623,6.0,6,0
2024-08-20,571946,6,1,0,0.957,6.0,5,0
2024-08-20,572143,5,0,0,3.700702127659574,5.0,5,1
2024-08-20,592351,9,2,1,1.527,8.0,6,0
2024-08-20,592454,4,0,1,1.0801310000000002,4.0,3,0
2024-08-20,592662,24,9,0,4.109704121212121,24.0,14,0
2024-08-20,592767,4,3,0,0.751,4.0,1,0
2024-08-20,592773,4,1,0,0.721,4.0,3,0
2024-08-20,593423,23,3,1,5.196916714285714,23.0,19,0
2024-08-20,593958,23,5,1,6.2588497969924815,23.0,17,1
2024-08-20,595345,5,0,0,2.862363636363636,5.0,5,0
2024-08-20,596001,5,1,0,1.0073636363636365,5.0,4,0
2024-08-20,596133,4,1,0,0.303,4.0,3,0
2024-08-20,596295,26,5,2,8.303388006441223,26.0,19,2
2024-08-20,601713,23,2,3,11.513324812380608,23.0,18,5
2024-08-20,605130,5,1,1,2.745562818181818,5.0,3,1
2024-08-20,605280,4,3,1,0.689131,4.0,0,0
2024-08-20,607200,24,2,4,8.832274,24.0,18,0
2024-08-20,607455,2,1,0,0.015,2.0,1,0
2024-08-20,608717,5,0,1,2.368131,5.0,4,0
2024-08-20,608723,2,0,0,1.743,2.0,2,1
2024-08-20,621111,21,1,3,8.492143,20.0,16,0
2024-08-20,621237,6,1,4,2.882524,6.0,1,0
2024-08-20,621244,28,7,2,8.988045333333334,28.0,19,1
2024-08-20,622786,3,1,0,0.06,3.0,2,0
2024-08-20,623211,4,1,1,1.2491310000000002,4.0,2,0
2024-08-20,625643,21,10,1,5.1381310000000004,21.0,10,0
2024-08-20,628452,3,0,0,0.81,3.0,3,0
2024-08-20,640462,6,2,0,1.9901538461538464,6.0,4,1
2024-08-20,641729,3,1,0,0.549,3.0,2,0
2024-08-20,641755,4,1,0,0.85,3.0,2,0
2024-08-20,641835,3,0,0,0.6970000000000001,3.0,3,0
2024-08-20,641927,22,5,0,5.745,22.0,17,2
2024-08-20,642048,3,0,0,1.115,3.0,3,0
2024-08-20,642207,6,3,1,1.742,5.0,2,0
2024-08-20,643377,4,1,0,0.8320000000000001,4.0,3,0
2024-08-20,643410,4,2,1,0.691131,4.0,1,0
2024-08-20,643511,4,0,0,1.1909999999999998,4.0,3,0
2024-08-20,647315,6,0,0,2.619,6.0,6,0
2024-08-20,650671,3,1,0,0.378,3.0,2,0
2024-08-20,656412,7,1,1,2.137131,7.0,5,0
2024-08-20,656550,6,2,0,0.913,6.0,4,0
2024-08-20,656605,24,9,0,3.9346428571428573,24.0,15,0
2024-08-20,656945,6,0,0,2.574,6.0,6,0
2024-08-20,657044,4,1,1,1.570131,4.0,2,0
2024-08-20,657053,10,3,3,3.3183930000000004,10.0,4,0
2024-08-20,657571,5,1,1,2.060031,5.0,3,1
2024-08-20,657612,9,0,1,3.139131,9.0,8,0
2024-08-20,657649,1,1,0,0.0,1.0,0,0
2024-08-20,661403,7,0,1,0.399,6.0,6,0
2024-08-20,661563,19,3,6,7.649824095238095,19.0,10,2
2024-08-20,662253,9,1,2,4.590989666666667,8.0,5,1
2024-08-20,663158,3,1,0,0.9510000000000001,3.0,2,0
2024-08-20,663432,3,0,1,0.7141310000000001,3.0,2,0
2024-08-20,663436,19,5,2,5.080262,19.0,12,0
2024-08-20,663546,1,0,0,0.526,1.0,1,0
2024-08-20,663704,5,1,0,1.732,5.0,4,0
2024-08-20,663773,4,0,0,0.589,4.0,4,0
2024-08-20,664776,8,2,2,1.271131,7.0,4,0
2024-08-20,664849,6,0,1,2.705131,6.0,5,0
2024-08-20,665152,23,7,3,5.678406333333333,23.0,13,2
2024-08-20,665795,24,3,3,9.19421409227872,24.0,18,2
2024-08-20,665871,23,7,1,6.404345285714286,23.0,15,0
2024-08-20,666142,22,9,3,6.169152669172933,22.0,9,1
2024-08-20,666974,3,1,0,0.21600000000000003,3.0,2,0
2024-08-20,667297,3,0,0,1.6527307692307693,3.0,3,1
2024-08-20,667463,5,0,1,3.216958586206897,5.0,4,1
2024-08-20,668338,5,2,0,1.308,5.0,3,0
2024-08-20,669358,27,4,3,5.210726333333334,27.0,20,0
2024-08-20,669711,3,1,0,0.46099999999999997,3.0,2,0
2024-08-20,669854,21,6,4,8.342004,21.0,11,1
2024-08-20,670280,3,1,0,0.277,3.0,2,0
2024-08-20,670955,4,1,0,0.123,4.0,3,0
2024-08-20,671305,4,1,0,0.34199999999999997,4.0,3,0
2024-08-20,671922,4,1,1,2.3490563731343284,4.0,2,1
2024-08-20,672335,3,2,0,0.06,3.0,1,0
2024-08-20,672391,7,2,0,1.2960967741935485,7.0,5,0
2024-08-20,672582,9,2,2,3.8915778085106383,8.0,5,1
2024-08-20,673513,4,2,0,0.7080000000000001,4.0,2,0
2024-08-20,674003,26,8,0,6.513677192982456,26.0,18,0
2024-08-20,674285,2,1,0,0.107,2.0,1,0
2024-08-20,676092,5,3,0,0.1,5.0,2,0
2024-08-20,676254,3,3,0,0.0,3.0,0,0
2024-08-20,676395,4,0,0,1.459,4.0,4,0
2024-08-20,676614,19,2,3,8.09980209090909,19.0,14,1
2024-08-20,676661,1,1,0,0.0,1.0,0,0
2024-08-20,677053,4,2,1,0.774131,4.0,1,0
2024-08-20,677161,3,0,0,0.8160000000000001,3.0,3,0
2024-08-20,678606,5,1,0,1.087,5.0,4,0
2024-08-20,678692,3,1,0,0.822,3.0,2,0
2024-08-20,679885,3,1,0,0.528,3.0,2,0
2024-08-20,680704,2,0,0,0.576,2.0,2,0
2024-08-20,681402,3,1,0,0.271,3.0,2,0
2024-08-20,681517,4,0,0,0.581,4.0,4,0
2024-08-20,681869,6,0,2,2.146262,6.0,4,0
2024-08-20,681911,3,1,0,0.735,3.0,2,0
2024-08-20,682120,4,1,1,1.1173043478260873,3.0,2,1
2024-08-20,682243,19,5,2,6.205187020885547,19.0,12,2
2024-08-20,683155,27,5,1,7.318406268817204,27.0,21,3
2024-08-20,683232,5,1,0,1.7927317073170737,5.0,4,1
2024-08-20,683409,5,1,1,1.9091310000000001,5.0,3,0
2024-08-20,683769,4,0,1,1.6174435,4.0,3,0
2024-08-20,686539,3,0,0,0.518,3.0,3,0
2024-08-20,686642,5,0,2,1.217131,4.0,3,0
2024-08-20,686730,28,3,2,14.972086755584163,28.0,22,7
2024-08-20,687792,25,7,2,6.493262,25.0,16,0
2024-08-20,687863,4,2,0,1.05,4.0,2,0
2024-08-20,687911,5,1,1,2.264464333333333,5.0,3,1
2024-08-20,689147,5,2,1,1.484131,5.0,2,0
2024-08-20,690829,3,2,0,0.198,3.0,1,0
2024-08-21,434378,20,6,1,4.235083380952381,20.0,13,0
2024-08-21,455119,4,1,0,1.591,4.0,3,0
2024-08-21,456501,28,1,2,13.030588860116142,27.0,25,3
2024-08-21,472610,3,2,0,0.5442142857142857,3.0,1,0
2024-08-21,489446,3,2,0,0.247,3.0,1,0
2024-08-21,502043,22,5,2,8.728262,22.0,15,0
2024-08-21,502085,5,2,1,1.2091310000000002,5.0,2,0
2024-08-21,518585,5,0,1,2.900131,5.0,4,0
2024-08-21,518886,4,0,0,2.6690851063829784,4.0,4,1
2024-08-21,542888,1,1,0,0.0,1.0,0,0
2024-08-21,547179,27,5,2,7.827537333333334,26.0,18,1
2024-08-21,547973,3,3,0,0.0,3.0,0,0
2024-08-21,552640,4,0,1,1.904931,4.0,3,1
2024-08-21,571656,4,1,0,2.2399539047619053,4.0,2,1
2024-08-21,571670,2,0,0,1.252192,2.0,1,0
2024-08-21,571760,22,8,1,7.164754034482759,22.0,12,1
2024-08-21,573009,3,0,0,1.0979999999999999,3.0,3,0
2024-08-21,573204,3,1,0,0.6881111111111111,3.0,2,0
2024-08-21,592288,8,2,1,2.296131,8.0,5,0
2024-08-21,592426,3,1,0,0.481,3.0,2,0
2024-08-21,592791,23,5,2,9.065153764705881,23.0,16,2
2024-08-21,593334,23,4,4,6.6365240000000005,23.0,15,0
2024-08-21,594580,4,1,1,1.9151310000000001,4.0,2,0
2024-08-21,595014,6,0,0,2.13,6.0,6,0
2024-08-21,595345,3,1,0,0.19399999999999998,3.0,2,0
2024-08-21,600917,4,3,0,0.856,4.0,1,0
2024-08-21,605121,3,2,0,0.107,3.0,1,0
2024-08-21,605154,4,0,0,2.0699180327868856,4.0,4,1
2024-08-21,605177,3,1,0,0.907,3.0,2,0
2024-08-21,605400,26,5,2,8.862658103896104,26.0,19,0
2024-08-21,605452,8,2,0,2.789133333333333,8.0,6,1
2024-08-21,605463,9,1,2,3.454262,9.0,6,0
2024-08-21,606303,5,1,1,1.798131,5.0,3,0
2024-08-21,607259,22,3,3,9.229466717948718,22.0,16,3
2024-08-21,607455,5,3,1,0.8261310000000001,5.0,1,0
2024-08-21,608032,5,0,1,1.445131,5.0,4,0
2024-08-21,608331,24,4,1,6.791011952380952,24.0,19,0
2024-08-21,608344,20,2,2,6.863372032786886,20.0,15,1
2024-08-21,608638,6,1,0,1.884,6.0,5,0
2024-08-21,621242,3,2,0,0.221,3.0,1,0
2024-08-21,621381,3,1,0,0.16699999999999998,3.0,2,0
2024-08-21,622554,2,1,0,1.2899615384615388,2.0,1,1
2024-08-21,622786,6,2,2,1.5672620000000002,6.0,2,0
2024-08-21,640455,25,9,0,5.074852377358491,25.0,15,1
2024-08-21,641482,23,4,0,3.43075,23.0,19,0
2024-08-21,641729,4,0,0,2.112474125874126,4.0,4,2
2024-08-21,641771,7,4,0,0.503,7.0,3,0
2024-08-21,641835,8,1,0,3.221311047619048,8.0,6,1
2024-08-21,641941,4,1,0,0.185,4.0,3,0
2024-08-21,642207,7,2,3,3.452585,7.0,1,0
2024-08-21,642629,4,1,0,1.3649166666666663,4.0,3,1
2024-08-21,643338,3,1,0,0.266,3.0,2,0
2024-08-21,647315,7,3,0,1.1763939393939393,7.0,4,1
2024-08-21,650893,4,1,1,1.4332976666666666,4.0,2,0
2024-08-21,655889,3,1,0,0.101,3.0,2,0
2024-08-21,656427,25,5,1,7.951989666666667,25.0,18,1
2024-08-21,656464,3,2,0,0.115,3.0,1,0
2024-08-21,656546,1,0,0,0.236,1.0,1,0
2024-08-21,656730,5,0,2,2.400168037037037,4.0,3,1
2024-08-21,656756,28,4,1,7.8201017821232925,25.0,23,3
2024-08-21,656876,6,3,1,1.126131,6.0,2,0
2024-08-21,657024,7,1,2,4.082775428571429,7.0,3,1
2024-08-21,657240,3,1,0,0.819,3.0,2,0
2024-08-21,657277,27,6,0,7.785095687331537,27.0,21,1
2024-08-21,657514,1,1,0,0.0,1.0,0,0
2024-08-21,658648,8,3,0,2.030192,8.0,4,0
2024-08-21,661527,4,0,0,1.4229166666666664,4.0,4,1
2024-08-21,663362,27,3,1,11.612995724089636,27.0,22,2
2024-08-21,663423,4,1,0,1.3519999999999999,4.0,3,0
2024-08-21,663432,4,0,0,1.8287999999999998,4.0,4,0
2024-08-21,663485,4,2,0,0.595,4.0,2,0
2024-08-21,663542,5,1,0,2.3109801587301586,5.0,4,2
2024-08-21,663562,10,0,1,3.7728643333333336,9.0,8,1
2024-08-21,663574,4,2,1,0.9821310000000001,4.0,1,0
2024-08-21,663878,7,3,0,2.386347826086957,7.0,4,1
2024-08-21,663893,4,1,0,1.09,4.0,3,0
2024-08-21,663947,5,2,0,0.8084999999999999,5.0,3,0
2024-08-21,664076,3,1,0,0.133,3.0,2,0
2024-08-21,664854,3,2,0,0.268,3.0,1,0
2024-08-21,666214,3,1,0,0.4809411764705882,3.0,2,0
2024-08-21,668674,3,2,0,0.651,3.0,1,1
2024-08-21,668941,5,2,1,1.938131,5.0,2,0
2024-08-21,668964,21,5,2,7.444922377358491,20.0,13,2
2024-08-21,669062,5,1,2,1.8112620000000001,5.0,2,0
2024-08-21,669093,5,2,0,0.9440000000000001,5.0,3,0
2024-08-21,669212,8,2,0,1.601175,8.0,6,1
2024-08-21,669302,24,7,2,7.45771483018868,24.0,15,1
2024-08-21,669308,12,4,0,2.332192,12.0,7,0
2024-08-21,669372,7,3,1,1.591131,7.0,3,0
2024-08-21,669461,5,3,1,0.949,4.0,1,0
2024-08-21,669711,5,1,1,1.9711310000000002,5.0,3,0
2024-08-21,669724,5,0,0,1.3679999999999999,5.0,5,0
2024-08-21,670167,4,1,1,0.7531310000000001,4.0,2,0
2024-08-21,670174,4,0,0,1.26,4.0,4,0
2024-08-21,670280,5,1,0,1.6703125,5.0,4,0
2024-08-21,670970,3,0,0,1.3162631578947368,3.0,3,1
2024-08-21,672335,3,1,0,0.892,3.0,2,0
2024-08-21,672710,5,3,1,0.9631310000000001,5.0,1,0
2024-08-21,676105,4,0,0,1.3780000000000001,4.0,4,0
2024-08-21,676130,5,1,2,1.4462620000000002,5.0,2,0
2024-08-21,676282,20,5,3,7.580337444444444,20.0,12,2
2024-08-21,676428,15,4,0,4.079225806451613,14.0,11,1
2024-08-21,676534,7,1,0,2.101192,6.0,4,0
2024-08-21,676979,16,4,1,5.928249881118881,16.0,11,2
2024-08-21,677053,4,0,1,1.5427024285714286,4.0,3,0
2024-08-21,677161,1,0,0,0.189,1.0,1,0
2024-08-21,678692,6,1,0,2.954484949832776,6.0,5,2
2024-08-21,679885,8,4,1,2.949577808510638,8.0,3,1
2024-08-21,680573,21,7,2,5.903928666666667,21.0,12,1
2024-08-21,680730,26,6,1,5.490131,26.0,19,0
2024-08-21,680891,7,0,1,4.108714333333333,7.0,6,1
2024-08-21,681676,5,1,3,2.070393,5.0,1,0
2024-08-21,681867,19,4,1,6.186565782608696,18.0,13,1
2024-08-21,681882,7,1,2,3.0664540000000002,7.0,3,0
2024-08-21,681911,4,1,0,1.5556666666666668,4.0,3,1
2024-08-21,682610,17,3,3,6.190645380952382,16.0,10,1
2024-08-21,683627,3,0,0,1.3535384615384616,3.0,3,1
2024-08-21,684320,20,6,2,6.780396920634921,19.0,11,1
2024-08-21,685299,20,2,1,6.600399292682927,20.0,17,1
2024-08-21,686642,3,2,0,0.015,3.0,1,0
2024-08-21,686747,3,1,0,0.309,3.0,2,0
2024-08-21,686752,23,5,1,6.070781119658119,23.0,16,0
2024-08-21,687765,29,10,1,8.637389771929824,29.0,18,2
2024-08-21,687911,3,3,0,0.0,3.0,0,0
2024-08-21,689147,3,1,0,0.612,3.0,2,0
2024-08-21,689225,7,3,0,3.229181609195402,7.0,4,2
2024-08-21,693312,3,2,0,0.015,3.0,1,0
2024-08-21,700187,4,1,0,0.709,4.0,3,0
2024-08-21,702352,3,0,0,1.408,3.0,3,0
2024-08-22,458677,3,2,0,0.012,3.0,1,0
2024-08-22,519008,1,0,0,0.735,1.0,1,0
2024-08-22,543037,23,2,5,6.974655,23.0,16,0
2024-08-22,543859,3,2,0,0.062,3.0,1,0
2024-08-22,552640,3,1,0,0.188,3.0,2,0
2024-08-22,571578,22,8,1,6.5680452222222225,22.0,12,1
2024-08-22,571945,22,3,1,5.330131,22.0,18,0
2024-08-22,572955,5,2,2,1.711262,5.0,1,0
2024-08-22,596001,12,3,0,3.9636115384615387,12.0,9,1
2024-08-22,596133,3,2,1,0.689131,3.0,0,0
2024-08-22,605488,18,3,2,7.661848206896551,18.0,13,2
2024-08-22,606930,2,1,0,0.281,2.0,1,0
2024-08-22,614179,3,2,0,0.192,3.0,1,0
2024-08-22,615698,19,4,2,5.884664834008097,19.0,13,1
2024-08-22,621053,4,0,1,1.382131,4.0,3,0
2024-08-22,621114,6,2,1,2.388131,6.0,3,0
2024-08-22,621199,4,1,0,0.8231818181818182,4.0,3,0
2024-08-22,621294,9,4,1,2.105131,9.0,4,0
2024-08-22,621363,3,0,0,0.5544999999999999,3.0,3,0
2024-08-22,621383,4,1,0,1.0741538461538465,4.0,3,1
2024-08-22,622663,23,5,4,8.451524000000001,23.0,14,0
2024-08-22,623211,7,0,2,4.548262,7.0,5,1
2024-08-22,628317,26,5,2,8.80309551007423,26.0,19,1
2024-08-22,628452,3,3,0,0.0,3.0,0,0
2024-08-22,642232,17,4,0,5.228192,17.0,12,0
2024-08-22,642397,5,2,1,2.006323,5.0,1,0
2024-08-22,642547,21,2,2,7.779403883449884,21.0,16,2
2024-08-22,650911,27,8,1,5.879321476190476,27.0,18,1
2024-08-22,656271,6,1,0,1.2405,6.0,5,0
2024-08-22,656288,20,6,0,4.168279461279462,20.0,14,2
2024-08-22,656302,28,7,1,7.244131,28.0,20,0
2024-08-22,656458,5,0,0,2.337192,5.0,4,0
2024-08-22,657006,24,10,0,2.8289999999999997,24.0,14,0
2024-08-22,657508,7,0,1,1.6657142857142855,6.0,6,0
2024-08-22,657571,4,0,1,0.8541310000000001,4.0,3,0
2024-08-22,657585,3,0,1,1.622131,3.0,2,0
2024-08-22,657612,5,0,0,1.261192,5.0,4,0
2024-08-22,657649,4,1,1,1.272131,4.0,2,0
2024-08-22,663567,12,2,2,4.96392237735849,12.0,8,1
2024-08-22,663773,6,3,0,1.994,6.0,3,0
2024-08-22,663893,4,1,0,0.267,4.0,3,0
2024-08-22,663947,3,0,0,1.053,3.0,3,0
2024-08-22,663989,4,2,1,1.053131,4.0,1,0
2024-08-22,663992,5,0,2,1.9422620000000002,5.0,3,0
2024-08-22,664208,3,0,0,1.0301923076923076,3.0,3,1
2024-08-22,664849,3,2,0,0.0,2.0,0,0
2024-08-22,664854,4,0,0,1.768,4.0,4,0
2024-08-22,664875,3,1,0,0.451,3.0,2,0
2024-08-22,666157,21,9,3,5.746777,21.0,7,0
2024-08-22,666214,7,1,1,2.2433532222222223,7.0,5,1
2024-08-22,667297,9,3,1,2.4714643333333335,9.0,5,0
2024-08-22,668909,20,5,4,6.691069454545454,20.0,11,1
2024-08-22,668941,4,2,1,0.795131,4.0,1,0
2024-08-22,669060,8,0,1,2.365131,8.0,7,0
2024-08-22,669203,26,2,2,9.677262,26.0,22,0
2024-08-22,669270,5,1,0,1.7630000000000001,5.0,4,0
2024-08-22,670810,9,1,0,3.8491666666666666,9.0,8,0
2024-08-22,671305,4,2,0,0.442,4.0,2,0
2024-08-22,672851,6,1,1,3.0755961162790704,6.0,4,1
2024-08-22,674370,20,6,3,5.251393,20.0,11,0
2024-08-22,674944,3,1,0,0.522,3.0,2,0
2024-08-22,676395,4,3,0,0.087,4.0,1,0
2024-08-22,676702,3,0,0,1.4889999999999999,3.0,3,0
2024-08-22,680704,4,0,1,2.1524067796610167,3.0,3,1
2024-08-22,680880,4,1,0,1.502,4.0,3,0
2024-08-22,680885,24,9,1,4.084131,24.0,14,0
2024-08-22,680891,4,2,1,0.7211310000000001,4.0,1,0
2024-08-22,681293,22,6,1,5.78240023076923,22.0,15,0
2024-08-22,681799,4,1,0,0.9600000000000001,4.0,3,0
2024-08-22,681869,8,2,2,2.599400888888889,8.0,4,1
2024-08-22,683232,6,0,1,2.913131,6.0,5,0
2024-08-22,687330,5,2,0,0.394,5.0,3,0
2024-08-22,687362,13,3,3,5.020393,13.0,7,1
2024-08-22,694973,19,9,1,3.141131,19.0,9,0
2024-08-22,695243,4,2,0,1.084,4.0,2,0
2024-08-23,458677,5,1,0,1.437,5.0,4,0
2024-08-23,489446,3,1,0,0.059,3.0,2,0
2024-08-23,493603,11,1,1,3.535131,11.0,9,0
2024-08-23,502085,5,2,2,1.413262,5.0,1,0
2024-08-23,518489,3,1,0,0.569,3.0,2,0
2024-08-23,518585,6,1,1,1.478131,6.0,4,0
2024-08-23,518886,5,2,0,1.1280000000000001,5.0,3,0
2024-08-23,519242,28,4,1,9.179881,27.0,22,0
2024-08-23,519326,3,0,1,1.196131,3.0,2,0
2024-08-23,543135,26,5,1,5.923131,26.0,20,0
2024-08-23,543294,22,0,2,9.064478398467433,22.0,20,2
2024-08-23,547973,5,3,1,0.905131,5.0,1,0
2024-08-23,548389,16,4,2,4.670812,16.0,10,1
2024-08-23,570257,4,0,0,2.069192,4.0,3,0
2024-08-23,571656,6,2,0,1.027,6.0,4,0
2024-08-23,571670,3,1,1,0.750131,3.0,1,0
2024-08-23,571946,4,3,0,0.748,4.0,1,0
2024-08-23,572143,6,0,0,1.425,5.0,6,0
2024-08-23,573009,4,1,0,1.8619253731343282,4.0,3,1
2024-08-23,573124,3,1,1,1.1451310000000001,3.0,1,0
2024-08-23,573204,5,1,1,1.527131,5.0,3,0
2024-08-23,592094,3,3,0,0.0,3.0,0,0
2024-08-23,592288,6,0,1,3.14187111299435,6.0,5,1
2024-08-23,592767,4,0,1,1.6773230000000001,4.0,2,0
2024-08-23,592773,7,3,0,1.0779999999999998,7.0,4,0
2024-08-23,592836,18,2,1,9.018324548387097,18.0,15,2
2024-08-23,594580,3,1,0,0.06,3.0,2,0
2024-08-23,595345,5,1,1,1.409131,5.0,3,0
2024-08-23,596133,4,1,1,0.898131,4.0,2,0
2024-08-23,605121,4,1,0,1.567,4.0,3,0
2024-08-23,605135,24,6,2,6.780822794326241,24.0,15,1
2024-08-23,605177,3,2,0,0.021,3.0,1,0
2024-08-23,605280,4,1,1,1.523131,4.0,2,1
2024-08-23,605347,3,2,0,0.234,3.0,1,0
2024-08-23,605397,22,9,0,3.935895299145299,22.0,13,1
2024-08-23,605452,4,0,0,0.716,4.0,4,0
2024-08-23,605463,3,2,0,0.005,3.0,1,0
2024-08-23,606303,3,1,0,0.39899999999999997,3.0,2,0
2024-08-23,606930,6,1,0,1.6151499999999999,6.0,5,0
2024-08-23,607074,23,5,1,6.285931,23.0,17,1
2024-08-23,607536,27,3,2,9.243591411764706,27.0,22,4
2024-08-23,608379,24,5,0,9.141438157894736,24.0,19,1
2024-08-23,621112,16,1,0,7.246214285714285,16.0,15,2
2024-08-23,621237,5,0,1,2.0631310000000003,5.0,4,0
2024-08-23,621363,2,0,1,1.9763393333333337,2.0,1,1
2024-08-23,621383,3,0,0,0.46199999999999997,3.0,3,0
2024-08-23,622491,24,9,0,7.086256354995578,24.0,15,3
2024-08-23,622554,3,0,0,1.236,3.0,3,0
2024-08-23,623167,26,5,2,6.753362,26.0,19,1
2024-08-23,623465,4,1,0,0.542,4.0,3,0
2024-08-23,628452,6,1,0,0.9011920000000001,6.0,4,0
2024-08-23,641302,18,1,2,7.2589120000000005,18.0,15,0
2024-08-23,641427,8,0,0,3.235,8.0,8,0
2024-08-23,641729,3,0,0,0.419,3.0,3,0
2024-08-23,642100,3,2,0,0.7504,3.0,1,0
2024-08-23,642701,6,2,0,1.8627777777777779,6.0,4,0
2024-08-23,643338,4,1,0,0.781,4.0,3,0
2024-08-23,643511,6,0,0,4.247,6.0,6,0
2024-08-23,650556,7,0,0,3.351410256410256,7.0,7,1
2024-08-23,650644,20,3,4,7.938136030075189,20.0,13,1
2024-08-23,650671,1,1,0,0.0,1.0,0,0
2024-08-23,650893,3,2,0,0.42,3.0,1,0
2024-08-23,655889,4,0,0,1.962192,3.0,3,0
2024-08-23,656457,9,1,1,3.235131,9.0,7,0
2024-08-23,656464,3,1,0,0.231,3.0,2,0
2024-08-23,656629,3,2,0,0.112,3.0,1,0
2024-08-23,656730,3,1,0,0.164,3.0,2,0
2024-08-23,657024,3,2,0,0.084,3.0,1,0
2024-08-23,658648,3,1,0,0.8334347826086956,3.0,2,1
2024-08-23,660853,4,2,1,1.207131,4.0,1,0
2024-08-23,660896,6,0,2,2.7742819999999995,6.0,4,1
2024-08-23,662253,3,3,0,0.0,3.0,0,0
2024-08-23,663460,6,1,0,1.769642857142857,6.0,5,0
2024-08-23,663542,6,1,0,0.9862222222222223,6.0,5,1
2024-08-23,663546,5,1,1,3.7623388853046595,5.0,3,1
2024-08-23,663559,22,4,2,9.403933264367817,21.0,16,3
2024-08-23,663574,3,0,0,0.846,3.0,3,0
2024-08-23,663704,4,1,0,0.598,4.0,3,0
2024-08-23,663992,3,0,0,1.26,3.0,3,0
2024-08-23,664076,4,0,0,0.441,4.0,4,0
2024-08-23,664747,4,3,1,0.689131,4.0,0,0
2024-08-23,664776,3,2,0,0.26,3.0,1,0
2024-08-23,664849,7,1,1,1.734731,7.0,5,0
2024-08-23,666204,7,1,1,3.181903222222222,7.0,5,2
2024-08-23,667463,3,0,0,0.377,3.0,3,0
2024-08-23,668338,7,1,2,2.6602620000000003,7.0,4,0
2024-08-23,668674,4,1,0,2.064896551724138,4.0,3,1
2024-08-23,669022,24,4,0,6.337,24.0,20,1
2024-08-23,669062,2,1,0,0.631,2.0,1,0
2024-08-23,669194,24,7,1,7.833139333333333,24.0,16,2
2024-08-23,669212,4,1,1,0.804131,4.0,2,0
2024-08-23,669308,4,2,0,0.7949999999999999,4.0,2,0
2024-08-23,669467,27,5,2,6.631262,27.0,20,0
2024-08-23,670174,18,3,1,6.123353222222223,18.0,14,1
2024-08-23,670280,5,1,1,2.328131,5.0,3,1
2024-08-23,670950,11,1,3,4.670393,11.0,7,0
2024-08-23,670955,6,3,0,1.608,6.0,3,0
2024-08-23,671345,3,0,0,2.1238766233766238,3.0,3,1
2024-08-23,671922,5,1,0,1.814383333333333,5.0,4,1
2024-08-23,672456,23,4,2,7.538462,22.0,16,1
2024-08-23,672710,2,0,0,3.4283636363636365,2.0,2,2
2024-08-23,674285,5,1,0,0.701,5.0,4,0
2024-08-23,674944,3,0,0,0.603,3.0,3,0
2024-08-23,676092,4,2,1,0.673,3.0,1,0
2024-08-23,676105,4,2,0,0.295,4.0,2,0
2024-08-23,676254,6,5,0,0.098,6.0,1,0
2024-08-23,676272,25,9,0,9.058932795698926,24.0,15,2
2024-08-23,676395,1,1,0,0.0,1.0,0,0
2024-08-23,676440,27,6,1,9.784979484848485,26.0,19,1
2024-08-23,676661,4,1,0,0.863,4.0,3,0
2024-08-23,676664,21,3,1,10.591054398998299,21.0,17,4
2024-08-23,676684,5,0,0,2.287,5.0,5,0
2024-08-23,676969,5,1,0,1.5619130434782607,5.0,4,1
2024-08-23,676974,26,2,2,8.58207714138036,26.0,22,3
2024-08-23,678394,26,2,4,9.186364909090909,26.0,20,1
2024-08-23,678606,1,0,0,0.326,1.0,1,0
2024-08-23,681676,4,1,1,1.329131,4.0,2,0
2024-08-23,682120,1,0,0,0.312,1.0,1,0
2024-08-23,686539,3,0,0,0.545,3.0,3,0
2024-08-23,686613,24,6,2,6.967557986622074,24.0,16,1
2024-08-23,686642,3,1,1,1.043131,3.0,1,0
2024-08-23,686799,25,1,0,6.5271923076923075,24.0,23,1
2024-08-23,687863,4,3,1,0.689131,4.0,0,0
2024-08-23,687911,2,1,0,0.064,2.0,1,0
2024-08-23,690829,4,1,0,0.748,4.0,3,0
2024-08-23,694363,6,2,1,1.4628452857142857,6.0,3,0
2024-08-23,694738,5,1,2,1.6572620000000002,5.0,2,0
2024-08-23,700187,6,2,1,1.7531310000000002,6.0,3,0
2024-08-23,700249,24,3,2,9.256250551724138,24.0,18,2
2024-08-23,701581,16,5,2,4.463262,16.0,9,0
2024-08-23,806185,18,5,4,5.1307160000000005,18.0,8,0
2024-08-24,450203,25,6,2,8.754431696969698,25.0,17,1
2024-08-24,472610,5,1,0,1.23,5.0,4,0
2024-08-24,477132,26,5,2,8.126353222222223,24.0,18,1
2024-08-24,518489,3,0,0,0.513,3.0,3,0
2024-08-24,519008,3,0,0,0.443,2.0,2,0
2024-08-24,519293,6,2,0,1.35,6.0,4,0
2024-08-24,523260,5,0,0,1.899413793103448,5.0,5,1
2024-08-24,543243,27,7,2,9.822522683760685,26.0,17,3
2024-08-24,543391,9,2,0,0.55,9.0,7,0
2024-08-24,543859,8,2,1,3.8997300873533245,8.0,5,2
2024-08-24,544150,22,3,2,8.425158672631426,22.0,17,3
2024-08-24,570257,4,0,0,1.577,4.0,4,0
2024-08-24,571946,3,3,0,0.0,3.0,0,0
2024-08-24,572955,3,0,0,0.8792142857142856,3.0,3,0
2024-08-24,592351,15,1,2,7.084367263157895,15.0,12,1
2024-08-24,592454,4,2,0,0.201,4.0,2,0
2024-08-24,594902,27,4,1,6.432131,27.0,22,0
2024-08-24,595014,5,0,1,1.450131,5.0,4,0
2024-08-24,605130,5,1,0,0.743,5.0,4,0
2024-08-24,605154,7,1,1,3.5210612325581403,7.0,5,2
2024-08-24,605463,5,2,1,1.567131,5.0,2,0
2024-08-24,605483,15,5,6,4.641786000000001,15.0,4,0
2024-08-24,606303,3,1,0,0.7979999999999999,3.0,2,0
2024-08-24,607067,27,5,0,10.002151212121213,27.0,22,3
2024-08-24,607481,1,1,0,0.0,1.0,0,0
2024-08-24,608334,26,8,2,8.990438901793196,25.0,16,3
2024-08-24,608371,3,0,2,1.378262,3.0,1,0
2024-08-24,608638,5,1,1,1.4004435,5.0,3,0
2024-08-24,608717,6,0,0,3.811431818181818,6.0,6,1
2024-08-24,608723,4,0,0,1.4447021276595742,4.0,4,1
2024-08-24,614179,5,1,1,1.631131,5.0,3,0
2024-08-24,621294,9,1,0,3.651466666666667,9.0,8,1
2024-08-24,622554,3,1,0,0.20600000000000002,3.0,2,0
2024-08-24,623149,5,1,0,0.8180000000000001,5.0,4,0
2024-08-24,623465,4,3,0,1.6141935483870968,4.0,1,1
2024-08-24,624133,20,6,1,3.266131,18.0,12,0
2024-08-24,640462,4,2,0,0.5840000000000001,4.0,2,0
2024-08-24,641154,26,9,1,6.193973,25.0,15,0
2024-08-24,641540,4,0,0,2.182,4.0,4,0
2024-08-24,641771,7,1,0,3.462139368421053,7.0,5,1
2024-08-24,641835,4,0,0,0.648,4.0,4,0
2024-08-24,642048,3,0,0,0.065,3.0,3,0
2024-08-24,642133,3,0,0,1.153,3.0,3,0
2024-08-24,642629,12,2,1,5.838323,12.0,8,0
2024-08-24,643338,3,1,0,0.634,3.0,2,0
2024-08-24,643377,4,2,0,0.368,4.0,2,0
2024-08-24,643410,6,3,1,3.1953214761904762,6.0,2,1
2024-08-24,650633,23,7,3,6.670269210526316,23.0,12,1
2024-08-24,655889,4,2,1,0.7181310000000001,4.0,1,0
2024-08-24,656222,5,2,0,0.194,5.0,3,0
2024-08-24,656271,3,2,0,0.14,3.0,1,0
2024-08-24,656546,3,0,0,1.2617586206896554,3.0,3,1
2024-08-24,656550,5,0,0,1.56,5.0,5,0
2024-08-24,656629,5,0,1,2.4171310000000004,5.0,4,0
2024-08-24,656849,29,2,2,11.032901393939394,29.0,25,1
2024-08-24,657044,4,1,1,1.0221310000000001,4.0,2,0
2024-08-24,657053,7,0,3,3.462393,7.0,4,0
2024-08-24,657514,4,2,2,1.378262,4.0,0,0
2024-08-24,657571,4,0,0,1.357,4.0,4,0
2024-08-24,657612,6,1,1,1.394131,6.0,4,0
2024-08-24,657649,3,1,1,0.531,2.0,1,0
2024-08-24,658648,6,0,0,3.4589999999999996,6.0,6,0
2024-08-24,660644,5,1,0,2.4752857142857145,5.0,4,1
2024-08-24,661395,4,2,1,0.800131,4.0,1,0
2024-08-24,663423,5,1,1,1.2621310000000001,4.0,3,0
2024-08-24,663432,3,2,0,0.066,3.0,1,0
2024-08-24,663623,21,3,3,6.429393,21.0,15,0
2024-08-24,663765,20,3,3,8.183480719298245,20.0,14,1
2024-08-24,663855,5,1,2,2.471710275862069,5.0,2,1
2024-08-24,663903,25,5,0,8.225102870813398,25.0,20,3
2024-08-24,664076,3,0,0,1.158,3.0,3,0
2024-08-24,664285,24,8,1,6.602131,24.0,15,0
2024-08-24,666214,5,0,0,1.093,5.0,5,0
2024-08-24,666808,5,2,1,0.104,4.0,2,0
2024-08-24,666974,5,3,0,1.055133333333333,5.0,2,1
2024-08-24,668678,23,9,4,5.696424,23.0,10,0
2024-08-24,669060,6,1,0,2.406,6.0,5,0
2024-08-24,669111,7,3,1,1.648131,7.0,3,0
2024-08-24,669211,4,1,0,0.45999999999999996,4.0,3,0
2024-08-24,669270,7,0,0,2.242225806451613,7.0,7,1
2024-08-24,669276,3,0,0,1.0218571428571428,3.0,3,0
2024-08-24,669372,8,1,2,1.940131,7.0,5,0
2024-08-24,669373,22,8,0,6.029,22.0,14,0
2024-08-24,669461,4,0,0,2.068192307692308,4.0,4,1
2024-08-24,669674,3,1,0,0.294,3.0,2,0
2024-08-24,669724,9,2,1,2.905131,9.0,6,0
2024-08-24,669923,25,3,1,9.813473,25.0,20,0
2024-08-24,670102,28,12,3,5.905892749627422,28.0,12,1
2024-08-24,670810,7,1,0,2.7624067796610166,7.0,6,1
2024-08-24,670970,4,0,0,0.27899999999999997,4.0,4,0
2024-08-24,671212,24,8,4,7.407190666666668,24.0,12,1
2024-08-24,671305,9,3,1,1.321131,9.0,5,0
2024-08-24,671737,25,5,0,7.911867490325117,25.0,19,2
2024-08-24,672582,4,0,0,1.289421052631579,4.0,4,1
2024-08-24,673380,6,3,0,1.076,6.0,3,0
2024-08-24,673513,4,3,0,1.6336060606060607,4.0,1,1
2024-08-24,676254,4,2,0,0.8260000000000001,4.0,2,0
2024-08-24,676395,3,0,0,0.8813888888888889,3.0,3,0
2024-08-24,676661,3,0,0,0.645,3.0,3,0
2024-08-24,676710,20,3,2,4.965017157894738,20.0,14,2
2024-08-24,676969,2,0,1,0.808131,2.0,1,0
2024-08-24,677161,3,1,0,0.438,3.0,2,0
2024-08-24,678368,27,1,5,13.390470098360655,26.0,20,3
2024-08-24,678606,4,2,0,0.528,4.0,2,0
2024-08-24,678821,5,2,0,0.9610000000000001,5.0,3,0
2024-08-24,679156,14,3,2,4.253262,14.0,9,1
2024-08-24,680891,3,1,0,0.52,3.0,2,0
2024-08-24,681066,17,1,1,8.436267363636363,17.0,15,2
2024-08-24,681402,7,3,0,0.546,7.0,4,0
2024-08-24,681517,4,1,0,2.45,4.0,3,1
2024-08-24,681799,3,1,0,0.239,3.0,2,0
2024-08-24,681982,9,2,0,3.9485335775335777,9.0,7,2
2024-08-24,682989,4,1,0,2.011615384615385,4.0,3,1
2024-08-24,683409,4,0,0,1.282192,4.0,3,0
2024-08-24,683627,3,2,0,0.591,3.0,1,0
2024-08-24,684007,27,3,2,9.741527536723163,27.0,22,2
2024-08-24,686747,5,0,0,2.888777777777778,5.0,5,1
2024-08-24,687134,24,5,4,8.437875851851851,23.0,14,1
2024-08-24,687924,23,4,2,8.196111462365591,23.0,17,3
2024-08-24,689147,3,1,0,0.505,3.0,2,0
2024-08-24,693312,3,1,0,0.9239999999999999,3.0,2,0
2024-08-24,701542,18,6,1,7.027523263056093,18.0,10,2
2024-08-24,702352,11,2,0,4.0729186046511625,11.0,9,1
2024-08-25,445926,5,2,0,1.486,5.0,3,0
2024-08-25,500779,24,0,2,6.912008748420662,24.0,22,1
2024-08-25,518876,25,5,3,13.588355349676226,25.0,17,4
2024-08-25,519008,1,1,0,0.0,1.0,0,0
2024-08-25,519043,3,0,1,1.2099444444444445,2.0,2,1
2024-08-25,519293,8,1,0,4.318117373134328,8.0,6,1
2024-08-25,519326,5,0,1,3.5187667947434287,5.0,4,2
2024-08-25,527048,18,1,3,8.41148390909091,18.0,14,1
2024-08-25,542881,23,3,4,6.535393,22.0,16,0
2024-08-25,542888,2,0,0,0.07,2.0,2,0
2024-08-25,547973,3,2,0,0.0,2.0,0,0
2024-08-25,552640,4,0,0,1.5839999999999999,4.0,4,0
2024-08-25,570257,5,1,0,0.862,5.0,4,0
2024-08-25,571510,22,4,1,5.242360797979798,22.0,17,2
2024-08-25,572143,5,2,0,3.2953939393939393,5.0,3,2
2024-08-25,573009,3,1,0,0.712,3.0,2,0
2024-08-25,573124,5,2,0,0.427,5.0,3,0
2024-08-25,573186,23,5,3,8.216968,23.0,15,1
2024-08-25,579328,22,4,3,8.788292976241388,22.0,15,2
2024-08-25,592094,4,1,0,2.198,4.0,3,1
2024-08-25,592332,23,10,0,3.5659661016949147,23.0,13,1
2024-08-25,592426,4,1,0,1.306,4.0,3,0
2024-08-25,592454,5,1,1,0.898131,5.0,3,0
2024-08-25,592662,13,4,3,4.566585,13.0,5,0
2024-08-25,593423,25,7,2,7.067496705228032,25.0,16,1
2024-08-25,593576,4,1,0,1.5160984848484849,4.0,3,1
2024-08-25,595014,4,1,0,0.7350000000000001,4.0,3,0
2024-08-25,596133,4,2,1,0.862131,4.0,1,0
2024-08-25,596295,27,4,3,12.094611315789475,27.0,19,2
2024-08-25,600917,4,1,0,0.864,3.0,3,0
2024-08-25,605177,1,1,0,0.0,1.0,0,0
2024-08-25,606930,4,0,0,2.7481904761904756,4.0,4,1
2024-08-25,607200,23,7,3,5.496978939393939,23.0,12,1
2024-08-25,607259,13,1,0,4.798,13.0,12,0
2024-08-25,607455,4,1,0,0.905,4.0,3,0
2024-08-25,607481,6,1,0,0.862,6.0,5,0
2024-08-25,607625,27,3,1,8.659757782608695,27.0,22,2
2024-08-25,608032,3,0,0,0.534,3.0,3,0
2024-08-25,608371,4,0,0,1.2931666666666666,4.0,4,0
2024-08-25,614179,4,0,0,1.8798333333333335,4.0,4,1
2024-08-25,621053,4,1,0,0.5660000000000001,3.0,2,0
2024-08-25,621199,3,2,0,0.479,3.0,1,0
2024-08-25,621237,4,2,0,0.59965,4.0,2,0
2024-08-25,621242,2,1,0,1.517754098360656,2.0,1,1
2024-08-25,621381,3,1,0,0.414,3.0,2,0
2024-08-25,622786,7,3,1,1.984131,7.0,3,0
2024-08-25,623352,3,0,1,1.591131,3.0,2,0
2024-08-25,625643,23,7,3,6.606823434782609,23.0,13,2
2024-08-25,640448,6,2,0,1.108,6.0,4,0
2024-08-25,640462,3,3,0,0.0,3.0,0,0
2024-08-25,641658,4,0,0,1.0731920000000001,4.0,3,0
2024-08-25,641835,4,0,0,0.952,4.0,4,0
2024-08-25,641941,4,0,0,0.773,4.0,4,0
2024-08-25,642701,5,2,0,0.907,5.0,3,0
2024-08-25,643377,3,2,0,0.005,3.0,1,0
2024-08-25,643511,5,1,1,2.1721310000000003,5.0,3,0
2024-08-25,647315,3,2,0,0.172,3.0,1,0
2024-08-25,650556,3,2,0,0.147,3.0,1,0
2024-08-25,656222,4,0,2,1.630131,2.0,2,0
2024-08-25,656458,4,0,0,1.6572692307692307,4.0,4,0
2024-08-25,656557,27,2,4,11.396446769230769,26.0,19,1
2024-08-25,656876,8,3,2,2.7702620000000002,8.0,3,0
2024-08-25,656945,3,2,0,0.51,3.0,1,0
2024-08-25,657053,10,3,1,2.979631,10.0,6,0
2024-08-25,657240,8,0,0,3.47521875,7.0,7,1
2024-08-25,657514,3,2,0,0.176,3.0,1,0
2024-08-25,660853,5,2,0,1.5387833333333332,5.0,3,1
2024-08-25,661395,7,2,0,0.733,7.0,5,0
2024-08-25,661403,3,3,0,0.0,3.0,0,0
2024-08-25,662253,5,2,2,1.631262,5.0,1,0
2024-08-25,663158,3,1,0,0.615,3.0,2,0
2024-08-25,663460,2,0,0,0.178,2.0,2,0
2024-08-25,663465,23,5,0,7.773945454545454,23.0,18,2
2024-08-25,663485,7,2,0,1.746,7.0,5,0
2024-08-25,663546,12,1,0,3.887384,11.0,9,0
2024-08-25,663773,6,4,0,0.801,6.0,2,0
2024-08-25,663947,6,2,0,0.858,6.0,4,0
2024-08-25,663992,7,2,0,3.458253565217391,7.0,3,1
2024-08-25,664208,1,0,0,0.46,1.0,1,0
2024-08-25,664747,3,0,0,1.7184093913043477,3.0,2,1
2024-08-25,664776,2,0,0,0.335,2.0,2,0
2024-08-25,664854,4,0,0,1.023,4.0,4,0
2024-08-25,664875,2,1,0,0.244,2.0,1,0
2024-08-25,665152,26,5,2,9.274231348659004,26.0,19,3
2024-08-25,665871,28,3,1,9.001917566857026,27.0,23,3
2024-08-25,666171,9,4,2,2.315454,9.0,2,0
2024-08-25,667297,4,1,0,0.8591923076923078,4.0,3,1
2024-08-25,668941,3,0,1,1.618681,3.0,2,1
2024-08-25,669093,3,2,0,0.5047999999999999,3.0,1,0
2024-08-25,670036,4,1,0,1.2576190476190476,4.0,3,1
2024-08-25,670124,23,6,2,3.789262,23.0,15,0
2024-08-25,671345,3,0,1,1.381131,3.0,2,0
2024-08-25,671922,4,2,1,0.769131,4.0,1,0
2024-08-25,672335,5,1,1,0.907131,5.0,3,0
2024-08-25,672582,6,0,3,2.4803930000000003,6.0,3,0
2024-08-25,674003,24,3,2,6.470920333333333,23.0,18,1
2024-08-25,674285,6,2,1,1.0261310000000001,6.0,3,0
2024-08-25,676092,6,2,2,3.4053471063829788,6.0,2,1
2024-08-25,676105,6,1,0,4.4514688636363635,6.0,5,2
2024-08-25,676130,7,1,1,2.4271006969696964,6.0,4,1
2024-08-25,676534,5,0,1,2.5149661254480287,5.0,4,2
2024-08-25,676614,17,3,2,5.115119142857143,17.0,12,1
2024-08-25,676684,6,1,0,1.5750000000000002,6.0,5,0
2024-08-25,676879,7,2,1,1.430131,7.0,4,0
2024-08-25,679885,4,1,0,1.4287692307692306,4.0,3,0
2024-08-25,680880,4,1,1,1.2757976666666666,4.0,2,0
2024-08-25,682052,19,6,2,5.332359222222223,19.0,11,1
2024-08-25,682847,25,5,1,7.7520943650793654,25.0,17,1
2024-08-25,683155,21,5,1,3.818504818181818,21.0,14,0
2024-08-25,683769,4,0,0,1.826966101694915,4.0,4,1
2024-08-25,686539,3,1,1,0.805131,3.0,1,0
2024-08-25,686563,24,4,4,10.298282620689656,24.0,15,1
2024-08-25,686642,6,2,0,1.674,6.0,4,0
2024-08-25,686730,14,1,0,3.023,14.0,13,0
2024-08-25,687792,20,8,3,5.394585,20.0,8,0
2024-08-25,689225,6,0,1,2.478544793103448,6.0,5,1
2024-08-25,693312,3,0,0,0.947,3.0,3,0
2024-08-25,693433,25,7,0,6.344650000000001,25.0,18,1
2024-08-25,694813,26,7,2,7.3380453333333335,25.0,16,3
2024-08-25,695243,4,1,0,0.18000000000000002,4.0,3,0
2024-08-25,805673,19,7,0,3.610666666666667,19.0,12,1
2024-08-26,455119,5,0,0,1.7730000000000001,5.0,5,0
2024-08-26,502043,23,2,4,7.3578577272727275,22.0,16,1
2024-08-26,541640,6,2,0,0.5179999999999999,6.0,4,0
2024-08-26,542888,6,1,0,1.968,6.0,5,0
2024-08-26,554430,25,6,2,7.938262,25.0,17,1
2024-08-26,572955,4,0,0,1.295642857142857,4.0,4,0
2024-08-26,592288,5,1,1,1.066131,5.0,3,0
2024-08-26,592791,27,3,0,12.17623170800056,27.0,24,2
2024-08-26,593334,18,3,4,7.576893,17.0,11,1
2024-08-26,593576,1,1,0,0.0,1.0,0,0
2024-08-26,605121,4,0,0,3.24425,4.0,4,1
2024-08-26,605130,7,0,0,3.1043636363636367,7.0,7,1
2024-08-26,605280,3,0,0,0.247,2.0,2,0
2024-08-26,608032,3,0,0,0.881,3.0,3,0
2024-08-26,608331,20,7,0,3.3671052631578946,20.0,13,0
2024-08-26,608723,3,1,0,0.805,3.0,2,0
2024-08-26,621244,29,6,0,11.511723443223444,29.0,23,2
2024-08-26,621381,3,1,0,0.708,3.0,2,0
2024-08-26,621399,11,0,0,5.523448343079922,11.0,11,2
2024-08-26,623352,5,3,1,1.130131,5.0,1,0
2024-08-26,641482,26,5,2,10.155126035087719,25.0,18,3
2024-08-26,641745,23,2,2,7.4776111428571435,23.0,18,1
2024-08-26,641755,3,2,0,0.734,3.0,1,0
2024-08-26,641927,15,2,2,7.5082819999999995,15.0,11,2
2024-08-26,642133,6,0,1,2.794515,6.0,3,0
2024-08-26,643410,3,0,0,1.0872173913043477,3.0,3,1
2024-08-26,650556,3,1,0,0.16599999999999998,3.0,2,0
2024-08-26,656234,4,2,1,0.7431310000000001,4.0,1,0
2024-08-26,656240,11,3,0,2.5186415094339623,11.0,8,1
2024-08-26,656546,4,0,1,1.2201309999999999,4.0,3,0
2024-08-26,656550,10,1,0,3.2117374545454545,10.0,8,0
2024-08-26,656605,21,4,2,6.468262,21.0,15,0
2024-08-26,656945,4,0,0,0.87,4.0,4,0
2024-08-26,658648,4,0,1,1.945,3.0,3,0
2024-08-26,661403,5,1,0,2.218,5.0,4,0
2024-08-26,663158,5,0,0,2.4,5.0,5,0
2024-08-26,663372,22,2,2,8.67619420338983,22.0,18,1
2024-08-26,663423,3,2,0,0.076,3.0,1,0
2024-08-26,663432,5,0,0,3.348461111111111,5.0,5,2
2024-08-26,663436,23,4,1,6.099267363636364,23.0,18,0
2024-08-26,663460,8,1,0,2.619,8.0,7,0
2024-08-26,663704,4,1,1,0.131,3.0,2,0
2024-08-26,663738,11,1,1,2.5363532222222225,11.0,9,1
2024-08-26,663893,4,1,0,0.761,4.0,3,0
2024-08-26,663947,3,0,0,0.703,3.0,3,0
2024-08-26,664776,3,0,1,1.194131,3.0,2,0
2024-08-26,664875,4,0,0,1.452,4.0,4,0
2024-08-26,665795,23,8,2,7.129762,23.0,13,1
2024-08-26,666142,20,4,4,6.307716,20.0,11,0
2024-08-26,667463,1,0,0,0.015,1.0,1,0
2024-08-26,668338,2,1,0,0.720192,2.0,0,0
2024-08-26,668674,4,0,1,1.211131,4.0,3,0
2024-08-26,669111,5,2,1,1.0381310000000001,5.0,2,0
2024-08-26,669212,9,1,0,2.22765,9.0,8,0
2024-08-26,669276,4,2,0,0.6236428571428572,4.0,2,0
2024-08-26,669461,7,1,0,2.181,7.0,6,0
2024-08-26,669674,6,2,1,1.553131,6.0,3,0
2024-08-26,669854,25,5,2,8.523282,25.0,18,1
2024-08-26,670167,5,1,0,0.332,5.0,4,0
2024-08-26,670950,8,2,1,3.053131,8.0,5,0
2024-08-26,670970,5,1,0,0.557,5.0,4,0
2024-08-26,671106,25,1,4,12.158681575757576,25.0,20,3
2024-08-26,671111,7,1,1,1.570131,7.0,5,0
2024-08-26,671922,3,1,0,0.449,3.0,2,0
2024-08-26,672391,3,1,0,1.2810000000000001,3.0,2,0
2024-08-26,674944,6,1,0,1.738,6.0,5,0
2024-08-26,676282,5,1,0,0.302,5.0,4,0
2024-08-26,677161,11,4,2,1.876262,11.0,5,0
2024-08-26,678606,4,1,0,1.269,4.0,3,0
2024-08-26,678692,9,3,1,2.512131,9.0,5,0
2024-08-26,679525,21,2,1,6.049972142857143,21.0,16,1
2024-08-26,680704,5,2,2,1.386262,5.0,1,0
2024-08-26,680730,19,5,2,6.241149612797376,19.0,12,2
2024-08-26,680744,22,2,3,7.22548390909091,22.0,17,1
2024-08-26,680891,6,2,0,2.8126153846153845,6.0,4,1
2024-08-26,681190,25,2,2,8.735898363636364,25.0,21,0
2024-08-26,681517,3,0,0,0.955192,3.0,2,0
2024-08-26,681799,7,0,2,3.499262,7.0,5,0
2024-08-26,682120,8,1,1,5.263216714285715,8.0,6,2
2024-08-26,682243,23,10,0,4.079,23.0,13,1
2024-08-26,683409,4,2,0,0.991,4.0,2,0
2024-08-26,683769,3,0,0,3.0492004960727574,3.0,3,2
2024-08-26,686580,4,1,0,0.257,4.0,3,0
2024-08-26,686747,12,1,1,5.100381,12.0,10,1
2024-08-26,686752,28,6,1,9.754069112554113,28.0,19,3
2024-08-26,687362,7,2,0,1.8143113553113555,7.0,5,2
2024-08-26,687911,2,1,1,0.689131,2.0,0,0
2024-08-26,689147,4,1,0,1.184,4.0,3,0
2024-08-26,689225,5,0,0,1.9220277777777781,5.0,5,1
2024-08-26,690544,1,0,0,0.322,1.0,1,0
2024-08-26,694363,9,3,1,4.871409021978022,9.0,5,2
2024-08-27,434378,22,3,1,7.397092538461539,22.0,18,1
2024-08-27,445276,4,0,0,2.647000000000001,4.0,4,1
2024-08-27,445926,7,0,1,3.4458331276595744,7.0,6,1
2024-08-27,455119,3,1,0,0.28300000000000003,3.0,2,0
2024-08-27,456501,22,5,1,9.982724713894802,22.0,16,4
2024-08-27,458677,4,0,0,3.298,4.0,4,1
2024-08-27,489446,4,2,1,1.0021309999999999,4.0,1,0
2024-08-27,493603,3,1,0,0.134,3.0,2,0
2024-08-27,502085,3,2,0,0.007,3.0,1,0
2024-08-27,518489,4,0,0,0.866,4.0,4,0
2024-08-27,543037,23,7,1,8.141910456729457,23.0,15,3
2024-08-27,543238,9,1,0,3.565175,9.0,8,1
2024-08-27,547179,7,1,1,1.885131,7.0,5,0
2024-08-27,548389,1,0,0,0.057,1.0,1,0
2024-08-27,552640,4,1,0,1.8099411764705882,4.0,3,0
2024-08-27,571578,22,6,2,6.402262,22.0,14,0
2024-08-27,571656,6,3,1,1.723131,6.0,2,0
2024-08-27,571760,21,2,1,6.240131,20.0,18,1
2024-08-27,571945,23,3,1,8.314350362377635,23.0,19,2
2024-08-27,571946,5,1,0,1.1881920000000001,5.0,3,0
2024-08-27,572955,6,1,0,2.297,6.0,5,0
2024-08-27,573204,2,0,1,0.878131,2.0,1,0
2024-08-27,592094,4,3,0,0.7304137931034481,4.0,1,1
2024-08-27,594580,3,0,2,0.771131,2.0,1,0
2024-08-27,596001,12,3,0,1.254,12.0,9,0
2024-08-27,600917,5,3,0,0.6649999999999999,5.0,2,0
2024-08-27,605130,5,1,1,2.564323,5.0,2,0
2024-08-27,605400,26,6,1,6.623906743707094,26.0,19,0
2024-08-27,605452,7,1,0,0.988,7.0,6,0
2024-08-27,605463,4,2,0,1.431761904761905,4.0,2,1
2024-08-27,605488,17,9,2,3.0515863243243246,17.0,6,1
2024-08-27,606303,5,1,0,2.134181818181818,5.0,4,0
2024-08-27,606930,4,0,0,0.867,4.0,4,0
2024-08-27,608344,19,3,2,6.529022683760684,19.0,14,2
2024-08-27,608638,5,1,0,2.5104067796610168,5.0,4,1
2024-08-27,608717,3,0,0,1.251421052631579,3.0,3,1
2024-08-27,614179,5,2,0,1.534,5.0,3,0
2024-08-27,615698,27,2,5,11.883009271419636,27.0,20,2
2024-08-27,621053,6,0,3,2.9833930000000004,6.0,3,0
2024-08-27,621199,5,0,0,1.4230714285714285,5.0,5,0
2024-08-27,621294,6,1,2,3.8571857073170737,6.0,2,1
2024-08-27,621363,3,2,0,0.084,3.0,1,0
2024-08-27,621383,3,0,0,0.287,3.0,3,0
2024-08-27,622554,5,1,1,2.0631310000000003,5.0,3,0
2024-08-27,623167,28,4,2,7.584943818181818,28.0,22,1
2024-08-27,624522,5,3,1,1.433131,5.0,1,0
2024-08-27,628452,5,2,0,0.32,5.0,3,0
2024-08-27,640448,7,0,0,2.6108000000000002,7.0,7,0
2024-08-27,640455,25,11,0,5.92215,25.0,13,1
2024-08-27,641360,3,1,0,0.211,3.0,2,0
2024-08-27,641729,7,2,0,1.6035499999999998,7.0,5,1
2024-08-27,641755,4,0,1,3.9812722529550832,4.0,3,2
2024-08-27,641771,3,2,0,0.101,3.0,1,0
2024-08-27,641835,5,1,0,0.921,5.0,4,0
2024-08-27,642701,3,1,0,0.119,3.0,2,0
2024-08-27,642834,15,3,0,4.797149068322982,15.0,12,2
2024-08-27,643377,3,1,0,0.32,3.0,2,0
2024-08-27,643511,5,2,0,1.499133333333333,5.0,3,1
2024-08-27,655889,4,1,0,0.631,4.0,3,0
2024-08-27,656222,3,1,0,1.04,3.0,2,0
2024-08-27,656271,3,3,0,0.0,3.0,0,0
2024-08-27,656302,24,4,4,8.590787157894738,24.0,16,0
2024-08-27,656427,25,5,2,7.995799080405933,25.0,18,2
2024-08-27,656629,4,2,1,1.6912381428571428,4.0,1,1
2024-08-27,656756,21,2,1,7.816323,21.0,17,0
2024-08-27,656945,3,0,0,0.9740000000000001,3.0,3,0
2024-08-27,657006,23,6,2,6.527262,23.0,15,0
2024-08-27,657024,3,3,0,0.0,3.0,0,0
2024-08-27,657277,23,4,3,12.227143,23.0,16,3
2024-08-27,657508,5,1,0,0.331,5.0,4,0
2024-08-27,657514,8,1,0,2.7201818181818185,7.0,6,0
2024-08-27,657571,9,3,0,2.543,9.0,6,0
2024-08-27,657585,3,0,0,0.35700000000000004,3.0,3,0
2024-08-27,657612,3,0,0,0.432,3.0,3,0
2024-08-27,657649,1,1,0,0.0,1.0,0,0
2024-08-27,658648,3,0,0,1.3991920000000002,3.0,2,0
2024-08-27,660896,2,1,0,0.933,2.0,1,0
2024-08-27,661395,6,1,0,2.4596388888888887,6.0,5,1
2024-08-27,663485,3,0,0,1.7801111111111114,3.0,3,1
2024-08-27,663542,3,1,0,0.381,3.0,2,0
2024-08-27,663574,6,2,1,1.4160721764705881,6.0,3,0
2024-08-27,663704,6,4,0,0.8109999999999999,6.0,2,0
2024-08-27,663773,4,0,0,2.480666666666666,4.0,4,1
2024-08-27,663878,7,3,0,2.2387540983606558,7.0,4,1
2024-08-27,664076,5,1,1,1.484131,5.0,3,0
2024-08-27,664208,3,0,0,0.5700000000000001,3.0,3,0
2024-08-27,664849,1,1,0,0.0,1.0,0,0
2024-08-27,664875,4,1,0,0.765,4.0,3,0
2024-08-27,666171,3,2,0,0.219,3.0,1,0
2024-08-27,666277,3,1,0,0.488,3.0,2,0
2024-08-27,666808,6,2,2,1.5892620000000002,6.0,2,0
2024-08-27,666974,3,2,0,0.342,3.0,1,0
2024-08-27,667297,7,3,0,1.004,7.0,4,0
2024-08-27,667463,7,0,1,3.336031,7.0,6,0
2024-08-27,668909,20,6,2,4.948437,20.0,12,1
2024-08-27,668943,3,2,0,0.007,3.0,1,0
2024-08-27,668964,19,4,1,7.497447666666667,19.0,14,3
2024-08-27,668984,10,3,1,4.39613504040404,10.0,6,1
2024-08-27,669093,3,0,0,0.647,3.0,3,0
2024-08-27,669276,1,1,0,0.0,1.0,0,0
2024-08-27,669302,22,10,0,3.2993333333333332,22.0,12,0
2024-08-27,669387,8,3,2,1.760262,8.0,3,0
2024-08-27,669674,3,0,0,0.62,3.0,3,0
2024-08-27,669711,6,0,0,1.6179999999999999,6.0,6,0
2024-08-27,669724,8,2,0,1.251,8.0,6,0
2024-08-27,670036,3,1,0,0.019,3.0,2,0
2024-08-27,670167,3,1,0,0.012,3.0,2,0
2024-08-27,670280,3,0,0,0.295,3.0,3,0
2024-08-27,670955,5,3,1,1.585131,5.0,1,0
2024-08-27,671305,2,1,0,0.002,2.0,1,0
2024-08-27,671345,1,0,0,0.313,1.0,1,0
2024-08-27,672335,4,1,0,0.853263157894737,4.0,3,1
2024-08-27,672578,10,2,1,3.586914333333333,10.0,7,1
2024-08-27,672860,4,3,0,0.341,4.0,1,0
2024-08-27,673513,4,1,1,0.789131,4.0,2,0
2024-08-27,674285,3,1,1,1.125131,3.0,1,0
2024-08-27,676092,5,2,0,2.0069999999999997,5.0,3,2
2024-08-27,676254,4,1,0,1.2229999999999999,4.0,3,0
2024-08-27,676428,21,4,2,6.116858774193548,21.0,15,2
2024-08-27,676534,3,3,0,0.0,3.0,0,0
2024-08-27,676617,4,0,0,0.988,4.0,4,0
2024-08-27,676961,10,0,1,5.451727774193548,10.0,9,2
2024-08-27,678606,1,0,0,0.289,1.0,1,0
2024-08-27,678821,3,1,0,0.754,3.0,2,0
2024-08-27,680573,20,3,3,7.277543228194727,20.0,14,1
2024-08-27,680704,3,1,0,0.645,3.0,2,0
2024-08-27,680880,4,0,0,1.104,4.0,4,0
2024-08-27,680885,22,8,3,6.141958217391305,22.0,11,0
2024-08-27,681867,18,0,3,9.772723127946128,18.0,13,2
2024-08-27,681911,5,2,2,1.380262,5.0,1,0
2024-08-27,682610,13,0,1,8.352656333333334,13.0,11,3
2024-08-27,683003,19,4,3,9.426592699423384,19.0,12,3
2024-08-27,683409,4,1,0,1.259638888888889,4.0,3,1
2024-08-27,684320,24,3,1,7.884458188940092,24.0,20,1
2024-08-27,686642,3,2,0,0.505,3.0,1,0
2024-08-27,687330,1,1,0,0.0,1.0,0,0
2024-08-27,687765,23,3,3,6.394393,23.0,17,0
2024-08-27,687863,1,1,0,0.0,1.0,0,0
2024-08-27,694037,5,1,1,2.249131,5.0,3,0
2024-08-27,694297,24,6,1,7.077946019762845,24.0,17,2
2024-08-27,694738,4,1,2,1.858262,4.0,1,0
2024-08-27,695243,7,2,0,2.218,7.0,5,0
2024-08-27,700187,3,1,0,0.007,3.0,2,0
2024-08-28,445276,3,1,0,0.22699999999999998,3.0,2,0
2024-08-28,518489,3,1,0,1.075,3.0,2,0
2024-08-28,518585,11,6,0,1.416660377358491,10.0,4,1
2024-08-28,518886,3,0,0,0.814,3.0,3,0
2024-08-28,519008,3,0,0,0.465,3.0,3,0
2024-08-28,519242,24,6,1,7.0120440434782605,24.0,17,1
2024-08-28,519326,3,1,1,0.8501310000000001,3.0,1,0
2024-08-28,543294,16,2,3,8.45836083625731,16.0,11,4
2024-08-28,543391,12,2,1,5.750131,12.0,9,1
2024-08-28,543859,5,3,0,1.163,5.0,2,0
2024-08-28,547973,7,1,1,2.103131,7.0,5,0
2024-08-28,552640,2,0,0,0.22499999999999998,2.0,2,0
2024-08-28,570632,15,2,1,3.8843690952380947,15.0,12,1
2024-08-28,573204,3,1,0,1.209,3.0,2,0
2024-08-28,592094,4,1,0,0.597,4.0,3,0
2024-08-28,592288,4,1,0,1.593,4.0,3,0
2024-08-28,592426,4,2,1,0.9861310000000001,4.0,1,0
2024-08-28,592767,9,5,0,1.4300000000000002,8.0,4,0
2024-08-28,592836,28,0,1,8.091131,28.0,27,0
2024-08-28,593958,22,5,1,8.312347666666668,22.0,16,3
2024-08-28,594580,4,1,0,2.280675373134328,4.0,3,1
2024-08-28,596133,4,0,1,2.4193214761904764,4.0,3,1
2024-08-28,605121,7,0,1,2.883464333333333,7.0,6,1
2024-08-28,605135,27,9,1,7.034123,27.0,16,1
2024-08-28,605177,5,0,1,2.6617976666666667,5.0,4,0
2024-08-28,605397,25,3,1,8.650883083333333,25.0,21,2
2024-08-28,606303,1,1,0,0.0,1.0,0,0
2024-08-28,606930,3,1,1,0.7501310000000001,3.0,1,0
2024-08-28,607074,25,8,2,7.661079972831765,25.0,15,2
2024-08-28,607455,5,1,0,1.142,5.0,4,0
2024-08-28,607536,25,5,1,6.533184418803419,25.0,19,2
2024-08-28,608379,29,7,0,8.709698685314686,28.0,20,2
2024-08-28,608717,6,0,1,2.9591691538461538,6.0,4,1
2024-08-28,608723,4,3,0,0.005,4.0,1,0
2024-08-28,621053,3,1,0,0.15,3.0,2,0
2024-08-28,621111,23,4,1,7.089073,23.0,17,1
2024-08-28,621114,1,0,0,0.182,1.0,1,0
2024-08-28,621242,4,0,2,2.641262,4.0,2,1
2024-08-28,622491,24,4,2,7.762728666666667,24.0,18,0
2024-08-28,622663,23,9,1,9.335131,23.0,13,2
2024-08-28,623211,4,0,1,1.279131,4.0,3,0
2024-08-28,623465,3,2,0,0.081,3.0,1,0
2024-08-28,628317,19,5,2,6.006447185185185,19.0,12,1
2024-08-28,628452,4,0,0,1.304,4.0,4,1
2024-08-28,640448,5,1,1,1.893131,5.0,3,0
2024-08-28,641302,19,4,1,6.662262782945737,19.0,14,2
2024-08-28,641582,9,1,1,3.705756258799172,9.0,7,2
2024-08-28,641729,4,3,1,0.689131,4.0,0,0
2024-08-28,641941,7,1,0,2.4911904761904764,7.0,6,1
2024-08-28,642207,3,1,0,0.7360909090909092,3.0,2,1
2024-08-28,642215,4,0,0,1.053,4.0,4,0
2024-08-28,642397,3,1,0,0.541,3.0,2,0
2024-08-28,642547,22,8,3,3.7223930000000003,22.0,11,0
2024-08-28,642701,1,0,0,0.624,1.0,1,0
2024-08-28,650671,3,0,1,0.9901310000000001,3.0,2,0
2024-08-28,656222,4,0,0,2.4130000000000003,4.0,4,0
2024-08-28,656271,3,2,0,0.299,3.0,1,0
2024-08-28,656288,22,4,4,8.945346222222222,22.0,14,1
2024-08-28,656464,5,2,0,0.742,5.0,3,0
2024-08-28,656629,3,2,0,0.012,3.0,1,0
2024-08-28,656730,4,0,0,1.0312631578947369,4.0,4,1
2024-08-28,656876,7,2,0,1.465,7.0,5,0
2024-08-28,657044,4,1,0,1.2222222222222223,4.0,3,1
2024-08-28,657585,1,1,0,0.0,1.0,0,0
2024-08-28,657649,5,2,0,2.7697586206896556,5.0,3,1
2024-08-28,660896,4,0,0,0.647,4.0,4,0
2024-08-28,661403,4,1,0,1.209,4.0,3,0
2024-08-28,662253,3,2,0,0.024,3.0,1,0
2024-08-28,663158,5,1,0,1.4960000000000002,5.0,4,0
2024-08-28,663546,1,0,0,0.008,1.0,1,0
2024-08-28,663893,6,1,0,2.379660377358491,5.0,4,1
2024-08-28,664208,3,1,1,0.915131,3.0,1,0
2024-08-28,664747,3,0,0,0.037,3.0,3,0
2024-08-28,664776,4,2,0,0.747,4.0,2,0
2024-08-28,664849,3,0,1,1.128131,3.0,2,0
2024-08-28,664854,4,2,0,0.812,3.0,2,0
2024-08-28,666277,4,2,0,0.638,4.0,2,0
2024-08-28,667478,2,0,0,0.41200000000000003,2.0,2,0
2024-08-28,668338,3,2,0,0.0,3.0,1,0
2024-08-28,668674,6,1,0,1.6580000000000001,6.0,5,0
2024-08-28,668941,4,1,0,1.3066129032258065,4.0,3,1
2024-08-28,669022,26,6,1,6.636680142857143,26.0,18,1
2024-08-28,669062,3,2,1,0.689131,3.0,0,0
2024-08-28,669203,22,4,0,7.534000000000001,22.0,18,2
2024-08-28,669211,3,1,0,1.6145294117647058,3.0,2,1
2024-08-28,669212,5,2,0,1.161,5.0,3,0
2024-08-28,669308,5,2,2,1.532262,5.0,1,0
2024-08-28,669438,8,2,1,3.357131,7.0,4,0
2024-08-28,669461,3,1,1,0.7481310000000001,3.0,1,0
2024-08-28,669467,27,3,2,7.638131565217392,27.0,22,1
2024-08-28,670280,7,0,2,2.469131,6.0,5,0
2024-08-28,671111,12,2,0,5.94539247311828,12.0,10,2
2024-08-28,671305,4,0,0,2.262785714285714,4.0,4,0
2024-08-28,671345,3,2,0,0.092,3.0,1,0
2024-08-28,674370,21,5,0,3.2720000000000002,21.0,16,1
2024-08-28,675650,10,2,1,7.593671131868133,10.0,6,4
2024-08-28,676092,3,1,0,0.78,3.0,2,0
2024-08-28,676105,7,5,1,1.3341310000000002,7.0,1,0
2024-08-28,676440,25,6,2,7.052624637362638,25.0,17,1
2024-08-28,676661,2,0,0,0.423,2.0,2,0
2024-08-28,676974,24,6,4,7.331630382978723,23.0,13,2
2024-08-28,678394,26,9,1,2.916131,26.0,16,0
2024-08-28,678606,3,1,0,0.308,3.0,2,0
2024-08-28,678692,4,1,1,1.582881,4.0,2,0
2024-08-28,679885,3,1,0,0.7582499999999999,3.0,2,0
2024-08-28,681293,29,11,4,6.936190666666667,29.0,14,0
2024-08-28,681402,5,2,0,0.513,5.0,3,0
2024-08-28,681799,9,1,1,4.335732090909091,9.0,6,1
2024-08-28,681810,6,0,1,1.384131,6.0,5,0
2024-08-28,681911,1,0,0,0.021,1.0,1,0
2024-08-28,681982,1,0,0,0.0,1.0,1,0
2024-08-28,682120,3,1,0,0.997,3.0,2,0
2024-08-28,683004,21,4,2,7.224373111111111,21.0,14,0
2024-08-28,683627,4,0,0,1.747,3.0,3,0
2024-08-28,683769,3,0,0,0.656,3.0,3,0
2024-08-28,685116,8,1,2,2.643262,8.0,5,0
2024-08-28,687330,6,1,0,2.026393939393939,6.0,5,1
2024-08-28,687863,8,3,1,2.042131,8.0,4,0
2024-08-28,687911,5,1,0,1.446192,5.0,3,0
2024-08-28,689225,6,2,0,0.723,5.0,3,0
2024-08-28,690986,21,7,3,6.736919315789474,21.0,11,1
2024-08-28,693312,9,1,3,5.731393000000001,9.0,5,1
2024-08-28,694037,6,1,3,2.357393,6.0,2,0
2024-08-28,694363,6,0,0,1.7850000000000001,6.0,6,0
2024-08-28,694973,21,6,1,6.044131,21.0,14,0
2024-08-28,695243,5,2,1,1.2641310000000001,5.0,2,0
2024-08-28,701581,21,7,1,6.289216714285715,21.0,13,1
2024-08-28,702352,3,0,0,1.445,3.0,3,0
2024-08-29,448179,4,2,0,0.899,4.0,2,0
2024-08-29,450203,27,7,4,7.743766,27.0,15,0
2024-08-29,489446,4,1,0,1.3660444444444444,4.0,3,1
2024-08-29,502085,5,0,1,2.5951310000000003,5.0,4,0
2024-08-29,519008,2,0,0,1.227192,2.0,1,0
2024-08-29,519151,3,1,0,0.221,3.0,2,0
2024-08-29,543135,23,10,2,4.578619142857143,23.0,11,0
2024-08-29,543243,21,4,0,6.901666666666667,21.0,17,1
2024-08-29,543339,5,0,2,2.856976285714286,5.0,3,1
2024-08-29,572143,6,0,0,1.213,6.0,6,0
2024-08-29,595014,4,3,0,0.266,4.0,1,0
2024-08-29,605335,9,0,1,1.992131,9.0,8,0
2024-08-29,607455,4,1,0,1.295,4.0,3,0
2024-08-29,607481,3,0,1,0.7431310000000001,2.0,2,0
2024-08-29,621199,9,2,3,3.781393,9.0,4,1
2024-08-29,621242,3,2,0,0.023,3.0,1,0
2024-08-29,621381,4,2,0,1.7256130526315792,4.0,1,1
2024-08-29,622786,9,3,0,1.707,9.0,6,0
2024-08-29,623352,3,1,0,0.239,3.0,2,0
2024-08-29,623465,4,2,0,0.825192,4.0,1,0
2024-08-29,640462,2,1,0,0.076,2.0,1,0
2024-08-29,641941,3,1,0,0.754,3.0,2,0
2024-08-29,642397,3,1,0,0.01,3.0,2,0
2024-08-29,643338,4,0,0,1.280192,4.0,3,0
2024-08-29,650556,3,1,0,0.167,3.0,2,0
2024-08-29,650633,24,3,4,7.788214678321679,23.0,17,3
2024-08-29,650644,25,7,2,5.972185076923077,25.0,16,1
2024-08-29,650671,5,2,2,2.135262,5.0,1,0
2024-08-29,650893,4,1,0,1.327,4.0,3,0
2024-08-29,650911,26,8,1,9.039958586206897,25.0,17,3
2024-08-29,656234,10,1,1,4.321797666666667,9.0,7,0
2024-08-29,656546,3,1,0,0.41400000000000003,3.0,2,0
2024-08-29,656550,7,1,1,4.018785761904762,7.0,5,1
2024-08-29,656849,26,4,2,7.408381047619048,26.0,20,1
2024-08-29,657044,3,1,0,0.781,3.0,2,0
2024-08-29,660853,5,1,0,1.960092,5.0,3,0
2024-08-29,663460,3,2,0,0.087,3.0,1,0
2024-08-29,663546,7,2,1,2.062131,7.0,4,0
2024-08-29,663562,10,3,1,4.595216714285715,10.0,6,1
2024-08-29,663574,5,4,0,0.085,5.0,1,0
2024-08-29,663687,7,0,1,2.392131,7.0,6,0
2024-08-29,663773,3,0,0,1.159,3.0,3,0
2024-08-29,663903,24,6,1,5.663131,24.0,17,0
2024-08-29,664747,4,0,1,3.5104037272727275,4.0,3,2
2024-08-29,664854,3,0,0,0.557,3.0,3,0
2024-08-29,664875,6,0,1,2.803131,6.0,5,0
2024-08-29,666214,7,3,0,0.551,7.0,4,0
2024-08-29,668674,4,0,1,3.2997976666666666,4.0,3,1
2024-08-29,669194,25,4,0,11.323094630515683,25.0,21,4
2024-08-29,669211,2,0,0,0.222,2.0,2,0
2024-08-29,669372,21,4,1,6.308983377358491,21.0,15,2
2024-08-29,669461,3,2,0,0.116,3.0,1,0
2024-08-29,669711,4,0,1,2.018131,4.0,3,0
2024-08-29,670102,22,5,0,4.053,22.0,17,0
2024-08-29,670167,4,0,2,1.301131,3.0,2,0
2024-08-29,670970,6,2,0,2.05,6.0,4,0
2024-08-29,671212,5,0,3,2.801585,5.0,1,0
2024-08-29,672456,21,5,3,7.5430212051282055,21.0,13,1
2024-08-29,672710,5,1,0,1.339192,5.0,3,0
2024-08-29,672860,6,2,1,1.297131,6.0,3,0
2024-08-29,673513,6,1,0,0.9682105263157895,6.0,5,0
2024-08-29,674444,1,1,0,0.0,1.0,0,0
2024-08-29,674944,3,0,0,0.5905,3.0,3,0
2024-08-29,676130,4,0,1,1.3857024285714288,3.0,2,0
2024-08-29,676272,20,3,3,7.786324130434783,20.0,13,1
2024-08-29,676534,4,1,1,1.091131,4.0,2,0
2024-08-29,676684,4,1,0,0.9169999999999999,4.0,3,0
2024-08-29,676710,28,3,2,6.495455548387097,28.0,23,2
2024-08-29,676879,6,3,0,0.15200000000000002,5.0,2,0
2024-08-29,678368,21,4,2,11.679151599729257,21.0,15,5
2024-08-29,679885,5,2,0,1.603,5.0,3,0
2024-08-29,680880,5,0,2,1.882262,5.0,3,0
2024-08-29,680897,22,3,1,6.747122300366301,22.0,18,2
2024-08-29,681676,5,1,2,1.5992620000000002,5.0,2,0
2024-08-29,686539,8,2,1,2.453131,7.0,4,0
2024-08-29,686613,25,4,2,5.199443818181818,24.0,18,0
2024-08-29,686642,4,1,0,1.553,4.0,3,0
2024-08-29,686799,22,4,0,7.1610907500000005,22.0,17,2
2024-08-29,687134,24,3,1,9.163050661227661,24.0,19,3
2024-08-29,687924,22,1,1,9.239927801705758,22.0,20,4
2024-08-29,689147,4,2,0,0.051,4.0,2,0
2024-08-29,690829,5,2,0,0.478,5.0,3,0
2024-08-29,694738,12,4,3,2.821393,12.0,5,0
2024-08-29,700249,21,3,1,8.046131,21.0,17,1
2024-08-29,806185,19,6,4,7.134199438596491,19.0,9,1
2024-08-30,445276,5,2,0,1.17,5.0,3,0
2024-08-30,455119,3,1,0,0.546,3.0,2,0
2024-08-30,458677,3,1,0,0.828,3.0,2,0
2024-08-30,477132,7,0,1,5.048156333333334,7.0,5,1
2024-08-30,493603,2,2,0,0.0,2.0,0,0
2024-08-30,518489,3,0,0,1.2466800000000002,3.0,3,1
2024-08-30,519326,4,2,0,0.249,4.0,2,0
2024-08-30,523260,11,1,2,6.221646000000001,11.0,6,0
2024-08-30,527048,24,4,3,8.929312047619048,24.0,17,2
2024-08-30,541640,13,4,4,5.824120609962904,12.0,5,2
2024-08-30,543339,3,1,0,1.799225806451613,3.0,2,1
2024-08-30,544150,27,4,0,8.186222222222222,27.0,23,1
2024-08-30,548389,4,0,1,1.557131,4.0,3,0
2024-08-30,571656,4,0,0,0.494,4.0,4,0
2024-08-30,571670,3,0,0,1.197,3.0,3,0
2024-08-30,571912,8,0,0,5.4528125,8.0,8,2
2024-08-30,571946,5,2,0,1.2250000000000003,5.0,3,1
2024-08-30,572955,5,2,1,2.136631,5.0,2,1
2024-08-30,573009,4,1,2,0.813131,3.0,1,0
2024-08-30,573186,27,5,0,9.105904761904762,27.0,22,1
2024-08-30,592332,24,4,4,8.856990666666666,23.0,16,0
2024-08-30,592351,20,5,2,7.118824678062678,20.0,13,3
2024-08-30,592454,1,0,0,0.342,1.0,1,0
2024-08-30,592767,3,1,1,1.0561310000000002,3.0,1,0
2024-08-30,593334,16,4,1,5.0901309999999995,16.0,10,0
2024-08-30,594580,5,0,2,2.0242620000000002,5.0,3,0
2024-08-30,594902,24,3,1,9.241777984126983,24.0,20,4
2024-08-30,595014,4,1,0,1.7280454545454547,4.0,3,1
2024-08-30,596295,25,4,1,9.22237135964036,25.0,20,2
2024-08-30,605280,3,0,0,1.18,3.0,3,0
2024-08-30,605452,7,3,0,0.704,7.0,4,0
2024-08-30,605483,26,8,1,5.858078368421053,26.0,17,1
2024-08-30,606303,4,2,0,0.958,4.0,2,0
2024-08-30,607067,20,5,0,7.569283176470588,19.0,13,1
2024-08-30,607200,21,8,1,5.795779275862069,21.0,12,3
2024-08-30,607259,23,3,1,10.901903908811619,23.0,19,4
2024-08-30,607455,7,1,0,3.4264583333333327,7.0,6,1
2024-08-30,607625,28,9,1,7.306218482219062,28.0,18,3
2024-08-30,608638,2,0,0,1.298,2.0,2,0
2024-08-30,608723,3,0,0,0.195,3.0,3,0
2024-08-30,614179,4,1,1,1.650131,4.0,2,0
2024-08-30,621242,3,2,0,0.537,3.0,1,0
2024-08-30,621383,3,2,0,0.265,3.0,1,0
2024-08-30,622554,5,2,0,2.248,5.0,3,1
2024-08-30,623149,7,1,0,2.2249152173913043,7.0,6,1
2024-08-30,623352,5,2,0,1.304181818181818,5.0,3,1
2024-08-30,624133,18,6,1,5.832091446247465,18.0,11,2
2024-08-30,624522,1,1,0,0.0,1.0,0,0
2024-08-30,625643,23,6,1,5.627071476190476,23.0,16,1
2024-08-30,628708,8,0,1,3.2841764545454546,8.0,7,1
2024-08-30,641154,27,3,0,6.940101052631579,27.0,24,2
2024-08-30,641540,16,0,0,8.167765378387331,16.0,15,3
2024-08-30,641729,5,0,0,1.785,5.0,5,0
2024-08-30,641941,3,1,0,0.485,3.0,2,0
2024-08-30,642207,4,1,1,0.7351310000000001,4.0,2,0
2024-08-30,643377,1,1,0,0.0,1.0,0,0
2024-08-30,643511,3,0,0,0.33699999999999997,3.0,3,0
2024-08-30,647315,3,0,0,0.8011333333333331,3.0,3,1
2024-08-30,650556,4,0,0,0.767,4.0,4,0
2024-08-30,655889,3,1,0,0.882,3.0,2,0
2024-08-30,656464,4,0,0,1.7842692307692305,4.0,4,1
2024-08-30,656557,24,6,2,8.773515658119658,24.0,14,2
2024-08-30,656629,5,1,1,2.132131,5.0,3,0
2024-08-30,656730,4,1,0,0.606,4.0,3,0
2024-08-30,656731,23,6,1,6.828323,23.0,15,0
2024-08-30,656945,1,1,0,0.0,1.0,0,0
2024-08-30,657053,17,3,1,6.567857315789474,17.0,13,1
2024-08-30,657508,9,2,2,4.913922377358491,9.0,5,1
2024-08-30,657514,7,3,1,2.6442277741935483,7.0,3,0
2024-08-30,657585,3,1,0,0.421,3.0,2,0
2024-08-30,657649,4,0,1,1.912540090909091,3.0,2,1
2024-08-30,658648,2,1,0,0.143,2.0,1,0
2024-08-30,661395,3,0,0,0.936,3.0,3,0
2024-08-30,661403,4,1,0,1.5905087719298243,4.0,3,1
2024-08-30,663423,5,1,0,1.5531920000000001,5.0,3,0
2024-08-30,663432,3,2,0,0.005,3.0,1,0
2024-08-30,663542,7,0,1,1.757131,7.0,6,0
2024-08-30,663554,25,4,1,7.60872796969697,25.0,20,1
2024-08-30,663559,20,2,1,5.587702428571428,19.0,17,0
2024-08-30,663623,25,6,2,9.606692095238095,25.0,16,3
2024-08-30,663704,4,0,0,0.9189999999999999,4.0,4,0
2024-08-30,663738,1,1,0,0.0,1.0,0,0
2024-08-30,663878,6,2,0,1.169,6.0,4,0
2024-08-30,663893,4,2,1,0.8431310000000001,4.0,1,0
2024-08-30,663947,4,1,0,2.882,4.0,3,1
2024-08-30,663992,7,0,1,2.6481310000000002,7.0,6,0
2024-08-30,664076,8,1,1,4.093442047619048,8.0,5,1
2024-08-30,664208,3,1,0,0.005,3.0,2,0
2024-08-30,664285,24,7,3,5.805585,24.0,13,0
2024-08-30,664747,4,1,0,1.315,4.0,3,0
2024-08-30,664776,3,1,0,1.194904761904762,3.0,2,1
2024-08-30,666171,6,1,1,0.8871310000000001,6.0,4,0
2024-08-30,666277,3,1,0,1.088,3.0,2,0
2024-08-30,667463,6,2,1,1.2091310000000002,6.0,3,0
2024-08-30,668338,4,0,1,2.593931,4.0,3,1
2024-08-30,668678,24,7,2,8.712501101449275,24.0,14,2
2024-08-30,668943,3,0,1,1.196131,3.0,2,0
2024-08-30,669084,24,5,1,6.386670898989899,24.0,18,2
2024-08-30,669093,6,1,2,2.674262,6.0,3,0
2024-08-30,669276,3,2,0,0.017,3.0,1,0
2024-08-30,669308,8,5,1,1.4671310000000002,8.0,2,0
2024-08-30,669387,7,2,0,4.270961538461539,7.0,5,2
2024-08-30,669724,3,0,0,1.062,3.0,3,0
2024-08-30,669923,24,2,1,7.927963875253778,24.0,20,4
2024-08-30,670124,21,8,2,5.344089586206897,21.0,11,1
2024-08-30,670970,3,2,0,0.315,3.0,1,0
2024-08-30,671305,5,2,0,0.496,5.0,3,0
2024-08-30,671737,17,2,2,9.863726285714286,17.0,13,2
2024-08-30,671922,5,1,0,1.233,5.0,4,1
2024-08-30,672335,3,0,0,0.434,3.0,3,0
2024-08-30,672578,4,0,0,1.349,4.0,4,0
2024-08-30,674285,3,1,1,0.7061310000000001,3.0,1,0
2024-08-30,674944,3,1,0,0.20199999999999999,3.0,2,0
2024-08-30,676105,4,0,0,0.645,4.0,4,0
2024-08-30,676254,3,2,0,0.179,3.0,1,0
2024-08-30,676395,1,1,0,0.0,1.0,0,0
2024-08-30,676617,5,3,0,1.9164186046511624,5.0,2,1
2024-08-30,676661,6,1,1,2.757403727272727,6.0,4,1
2024-08-30,676664,28,4,2,7.776206113263785,28.0,22,2
2024-08-30,678020,1,0,0,0.191,1.0,1,0
2024-08-30,678821,1,0,0,0.513,1.0,1,0
2024-08-30,679156,3,1,0,1.0310000000000001,3.0,2,0
2024-08-30,681911,4,1,0,0.583,4.0,3,0
2024-08-30,681982,3,2,0,0.005,3.0,1,0
2024-08-30,682120,3,0,0,0.538,3.0,3,0
2024-08-30,682989,6,1,3,2.255393,6.0,2,0
2024-08-30,683409,8,2,0,1.884,8.0,6,0
2024-08-30,683769,5,0,1,2.176323,5.0,3,0
2024-08-30,684007,23,8,1,6.84359975,23.0,14,2
2024-08-30,686563,23,3,4,5.963099,23.0,16,1
2024-08-30,686580,2,1,0,0.171,2.0,1,0
2024-08-30,686730,9,3,0,5.158502064119455,9.0,6,2
2024-08-30,686747,3,2,0,0.072,3.0,1,0
2024-08-30,687377,4,1,0,0.551,4.0,3,0
2024-08-30,691172,9,3,1,3.0738617692307693,9.0,5,1
2024-08-30,691951,27,3,2,9.561824321678323,27.0,20,2
2024-08-30,695076,18,6,4,4.824524,18.0,8,0
2024-08-30,700187,3,1,0,0.76,3.0,2,0
2024-08-31,445926,3,1,0,0.3983846153846154,3.0,2,0
2024-08-31,448179,3,1,0,1.2931904761904762,3.0,2,1
2024-08-31,458677,6,0,1,2.9713932950819673,6.0,5,1
2024-08-31,489446,5,1,1,1.185131,5.0,3,0
2024-08-31,500779,23,6,3,6.602393,23.0,14,0
2024-08-31,502043,27,6,0,7.0704090909090915,27.0,21,1
2024-08-31,502085,3,1,0,0.248,3.0,2,0
2024-08-31,518585,9,5,1,1.204131,9.0,3,0
2024-08-31,518876,27,1,1,13.561029558338214,27.0,25,5
2024-08-31,518886,5,1,0,1.8980000000000001,5.0,4,0
2024-08-31,519151,4,1,0,0.71,4.0,3,0
2024-08-31,542881,21,3,3,7.7215696280107045,21.0,15,1
2024-08-31,543859,8,0,2,4.616131565217391,8.0,6,1
2024-08-31,547973,3,2,0,0.017,3.0,1,0
2024-08-31,552640,2,0,0,1.3558000000000001,2.0,2,1
2024-08-31,554430,26,7,0,5.423238095238094,26.0,19,1
2024-08-31,571510,21,8,0,3.879,21.0,13,0
2024-08-31,571527,14,1,2,4.208807454545455,14.0,11,0
2024-08-31,571656,6,3,1,2.772885098360656,6.0,2,1
2024-08-31,571657,11,0,1,5.139664333333334,11.0,10,1
2024-08-31,572143,3,1,0,0.23199999999999998,3.0,2,0
2024-08-31,573009,3,1,0,1.419638888888889,3.0,2,1
2024-08-31,573124,4,0,0,1.5013846153846155,4.0,4,0
2024-08-31,573204,4,1,0,0.591,4.0,3,0
2024-08-31,579328,26,12,0,4.899,26.0,14,0
2024-08-31,592773,3,1,0,0.498,3.0,2,0
2024-08-31,593423,27,4,3,10.607749045081967,25.0,19,2
2024-08-31,593576,4,0,0,1.8259615384615384,4.0,4,1
2024-08-31,596133,3,0,0,0.118,3.0,3,0
2024-08-31,601713,25,6,1,4.653131,25.0,18,0
2024-08-31,605121,5,1,1,1.994131,5.0,3,0
2024-08-31,605347,4,1,1,1.3645976666666666,4.0,2,0
2024-08-31,606930,2,0,0,0.252,2.0,2,0
2024-08-31,608032,4,2,0,0.54,4.0,2,0
2024-08-31,608331,28,4,4,12.595247100570928,28.0,20,4
2024-08-31,608638,3,0,1,1.310131,3.0,2,0
2024-08-31,608717,4,0,0,1.097,4.0,4,0
2024-08-31,621053,8,3,1,1.8203230000000001,8.0,3,0
2024-08-31,621114,4,1,0,1.5559999999999998,4.0,3,0
2024-08-31,621244,22,5,1,4.446312818181818,22.0,16,0
2024-08-31,622786,4,2,0,2.203666666666667,4.0,2,1
2024-08-31,623211,4,0,0,1.6741920000000001,4.0,3,0
2024-08-31,623465,3,0,0,0.6759999999999999,3.0,3,0
2024-08-31,640462,4,2,0,1.008,4.0,2,0
2024-08-31,641703,8,2,2,1.966262,7.0,4,0
2024-08-31,641755,5,3,1,1.409323,5.0,0,0
2024-08-31,641771,3,1,0,0.345,3.0,2,0
2024-08-31,641835,3,0,0,1.0455714285714286,3.0,3,1
2024-08-31,642207,6,2,2,2.490454,6.0,1,0
2024-08-31,642397,3,1,0,0.381,3.0,2,0
2024-08-31,642701,4,2,0,0.6482,4.0,2,0
2024-08-31,643410,8,3,0,2.143,8.0,5,0
2024-08-31,650671,4,0,1,1.8123230000000001,3.0,2,0
2024-08-31,656222,3,0,1,2.440131,3.0,2,0
2024-08-31,656240,13,3,1,5.495056373134328,13.0,9,1
2024-08-31,656271,5,2,0,0.301,5.0,3,0
2024-08-31,656464,3,0,2,1.9285745,3.0,1,0
2024-08-31,656546,4,2,0,1.284,4.0,2,0
2024-08-31,656876,10,0,1,3.373131,10.0,9,0
2024-08-31,657024,3,1,0,0.6819999999999999,3.0,2,0
2024-08-31,657044,6,1,0,2.4170000000000003,5.0,5,0
2024-08-31,657612,3,1,0,0.719,3.0,2,0
2024-08-31,658648,5,0,1,2.245131,5.0,4,0
2024-08-31,660853,5,2,2,2.299262,5.0,1,0
2024-08-31,662253,3,1,0,1.6634210526315787,3.0,2,1
2024-08-31,663372,21,6,1,8.376068618993783,21.0,13,2
2024-08-31,663432,3,2,0,0.0,3.0,1,0
2024-08-31,663436,21,6,1,7.996371474066523,21.0,14,2
2024-08-31,663574,7,5,1,1.046131,7.0,1,0
2024-08-31,663947,4,0,1,1.232131,4.0,3,0
2024-08-31,664208,3,0,0,1.073,3.0,3,0
2024-08-31,664854,5,2,1,1.237,4.0,2,1
2024-08-31,665152,17,3,1,4.179131,17.0,13,0
2024-08-31,665795,24,3,2,7.757837,24.0,19,1
2024-08-31,665871,25,4,2,8.66919206993007,25.0,19,0
2024-08-31,666142,22,10,2,4.890837333333333,22.0,9,1
2024-08-31,666808,3,2,0,0.12,3.0,1,0
2024-08-31,666974,2,1,0,0.223,2.0,1,0
2024-08-31,667297,3,1,0,1.044,3.0,2,0
2024-08-31,668338,4,2,0,1.1306500000000002,4.0,2,0
2024-08-31,669062,3,3,0,0.0,3.0,0,0
2024-08-31,669111,3,0,0,0.58,3.0,3,0
2024-08-31,669211,4,2,1,0.917131,4.0,1,0
2024-08-31,669212,7,1,1,1.8820000000000001,6.0,5,0
2024-08-31,669358,20,5,3,5.774806793103449,20.0,12,1
2024-08-31,669373,27,8,0,5.108692307692308,27.0,19,1
2024-08-31,669461,6,0,0,2.562,6.0,6,0
2024-08-31,669711,3,0,0,1.9347777777777777,3.0,3,0
2024-08-31,672335,3,0,2,1.671262,3.0,1,0
2024-08-31,672710,8,0,2,2.6629286666666667,8.0,6,0
2024-08-31,674003,25,8,0,6.417346153846154,25.0,17,3
2024-08-31,674285,4,0,0,1.988092,4.0,3,0
2024-08-31,674444,6,1,0,0.537,6.0,5,0
2024-08-31,675540,2,0,0,0.098,2.0,2,0
2024-08-31,676092,3,0,0,1.0510000000000002,2.0,2,0
2024-08-31,676105,4,1,0,0.636,4.0,3,0
2024-08-31,676130,6,0,0,2.094,6.0,6,0
2024-08-31,676395,7,0,0,0.996,6.0,6,0
2024-08-31,676508,3,0,0,0.695,3.0,3,0
2024-08-31,676534,3,2,0,0.7980967741935484,3.0,1,0
2024-08-31,676879,8,3,1,1.238131,8.0,4,0
2024-08-31,678020,3,1,0,0.846,3.0,2,0
2024-08-31,678821,5,0,1,0.8711310000000001,5.0,4,0
2024-08-31,679885,3,0,0,2.054,3.0,3,1
2024-08-31,680704,5,2,2,1.861262,5.0,1,0
2024-08-31,680880,4,0,0,0.246,4.0,4,0
2024-08-31,681190,28,3,4,13.3432811102617,27.0,21,3
2024-08-31,681402,6,2,0,2.5709999999999997,6.0,4,0
2024-08-31,682120,1,0,0,0.338,1.0,1,0
2024-08-31,682847,21,5,3,4.799393,21.0,13,0
2024-08-31,683155,24,7,0,5.525255263157895,24.0,17,0
2024-08-31,685801,6,1,0,2.0651538461538466,6.0,5,1
2024-08-31,686747,1,0,0,0.801,1.0,1,0
2024-08-31,687330,4,0,0,1.1450454545454547,4.0,4,0
2024-08-31,687792,19,5,2,5.767595333333333,19.0,12,0
2024-08-31,687863,5,2,1,1.714131,5.0,2,0
2024-08-31,689690,14,1,0,3.239192,14.0,12,0
2024-08-31,690829,5,1,0,1.591192,5.0,3,0
2024-08-31,693433,24,3,0,8.18878216374269,24.0,21,4
2024-08-31,694813,21,4,1,7.0891934999999995,21.0,16,2
2024-08-31,696131,18,6,0,5.2762,18.0,12,1
2024-08-31,701542,19,3,3,5.907615222222223,19.0,13,1
2024-08-31,702352,5,0,1,1.234131,5.0,4,0
2024-08-31,805673,17,5,0,7.448621905515271,17.0,11,3
2024-09-01,448179,5,2,1,2.467961888888889,5.0,1,1
2024-09-01,502085,4,1,0,2.2839696969696965,4.0,3,1
2024-09-01,502171,20,6,0,3.54,20.0,14,0
2024-09-01,519008,3,1,0,0.132,3.0,2,0
2024-09-01,542888,3,0,1,1.602131,3.0,2,0
2024-09-01,548389,6,1,1,2.5585881428571433,6.0,4,1
2024-09-01,552640,3,1,0,0.5495000000000001,3.0,2,0
2024-09-01,570632,21,2,1,6.577131,21.0,18,0
2024-09-01,571670,7,3,0,1.789625,7.0,4,0
2024-09-01,571771,7,0,0,4.160571428571429,7.0,7,1
2024-09-01,571945,19,5,0,6.445785714285714,19.0,14,2
2024-09-01,572955,3,0,0,0.149,3.0,3,0
2024-09-01,573009,1,1,0,0.0,1.0,0,0
2024-09-01,592094,3,0,0,0.840192,3.0,2,0
2024-09-01,592288,3,0,1,1.2491310000000002,3.0,2,0
2024-09-01,592454,4,0,0,1.9522222222222223,4.0,4,1
2024-09-01,593576,4,1,0,2.5830857142857147,4.0,3,1
2024-09-01,596001,14,1,0,4.455192,14.0,12,0
2024-09-01,600917,4,1,0,1.201,4.0,3,0
2024-09-01,605121,6,1,2,2.7603809999999998,5.0,3,1
2024-09-01,605177,4,0,0,2.114,4.0,4,0
2024-09-01,605400,23,9,1,4.89708888530466,23.0,13,1
2024-09-01,605463,6,2,1,2.731131,6.0,3,0
2024-09-01,606930,5,1,0,2.836783333333333,5.0,4,1
2024-09-01,607481,3,0,1,1.838221909090909,3.0,2,1
2024-09-01,608032,6,2,0,0.543,6.0,4,0
2024-09-01,608717,3,0,1,1.305131,3.0,2,0
2024-09-01,608718,9,0,0,2.1356666666666664,9.0,9,0
2024-09-01,621107,25,9,1,6.033100696969697,25.0,15,1
2024-09-01,621199,4,0,1,1.258131,4.0,3,0
2024-09-01,621242,3,3,0,0.0,3.0,0,0
2024-09-01,621366,4,0,1,3.0464643333333337,4.0,3,1
2024-09-01,621381,6,0,2,2.292262,6.0,4,0
2024-09-01,621389,19,1,2,7.349138210526316,19.0,15,1
2024-09-01,623149,3,0,0,0.7020000000000001,3.0,3,0
2024-09-01,624522,7,1,1,2.0326310000000003,7.0,5,1
2024-09-01,628452,7,3,1,1.247131,7.0,3,0
2024-09-01,640455,24,5,2,6.778592888888889,24.0,16,1
2024-09-01,641360,6,1,0,1.508,6.0,5,0
2024-09-01,641482,21,2,1,8.267394157894737,21.0,18,0
2024-09-01,641729,3,3,0,0.0,3.0,0,0
2024-09-01,641835,3,0,0,0.8531666666666666,3.0,3,0
2024-09-01,641927,23,8,3,5.118806702239789,23.0,12,1
2024-09-01,642121,12,1,3,2.5242620000000002,10.0,8,0
2024-09-01,642232,8,0,0,2.9266586666666665,8.0,7,0
2024-09-01,642397,5,2,0,0.795,5.0,3,0
2024-09-01,643338,6,1,0,1.296,6.0,5,1
2024-09-01,643377,7,0,2,3.446454,7.0,4,0
2024-09-01,647315,3,0,1,1.594131,3.0,2,0
2024-09-01,650556,4,0,0,1.7259696969696967,4.0,4,1
2024-09-01,655889,5,0,1,2.230131,5.0,4,0
2024-09-01,656234,7,2,1,1.359131,7.0,4,0
2024-09-01,656271,5,1,1,2.185131,5.0,3,0
2024-09-01,656302,20,4,3,4.7813930000000004,20.0,13,0
2024-09-01,656546,4,2,0,0.8400000000000001,4.0,2,0
2024-09-01,656550,1,0,0,0.601,1.0,1,0
2024-09-01,656605,27,7,0,9.924018315789473,27.0,19,2
2024-09-01,656945,5,2,1,0.631,4.0,2,0
2024-09-01,657277,26,4,0,8.346,26.0,22,1
2024-09-01,657508,3,2,0,0.031,3.0,1,0
2024-09-01,657514,2,1,0,0.107,2.0,1,0
2024-09-01,657585,3,1,0,0.241,3.0,2,0
2024-09-01,657649,4,0,0,0.9361379310344828,4.0,4,1
2024-09-01,660825,3,2,0,0.42,3.0,1,0
2024-09-01,661395,4,1,0,0.7411920000000001,3.0,1,0
2024-09-01,663158,5,1,1,1.370131,5.0,3,0
2024-09-01,663423,4,2,0,0.479,4.0,2,0
2024-09-01,663485,4,0,0,1.384,4.0,4,0
2024-09-01,663767,6,2,0,0.601,6.0,4,0
2024-09-01,663893,4,1,1,0.804131,4.0,2,0
2024-09-01,663992,5,0,2,2.108262,5.0,3,0
2024-09-01,664123,4,0,0,3.124754098360656,4.0,4,1
2024-09-01,664747,3,0,0,0.061,3.0,3,0
2024-09-01,664776,4,1,1,1.180131,4.0,2,0
2024-09-01,664875,4,0,0,1.5795714285714286,4.0,4,0
2024-09-01,666808,5,1,1,1.2271310000000002,4.0,3,0
2024-09-01,667297,1,1,0,0.0,1.0,0,0
2024-09-01,667463,6,0,2,2.452131,5.0,4,0
2024-09-01,668941,6,3,1,2.4228128181818183,6.0,2,2
2024-09-01,668943,4,2,0,0.88,4.0,2,0
2024-09-01,668964,28,7,4,11.01860542999007,28.0,17,2
2024-09-01,669060,13,2,0,4.163676691729323,13.0,11,1
2024-09-01,669062,4,2,0,0.7679999999999999,4.0,2,0
2024-09-01,669093,4,1,1,0.944131,4.0,2,0
2024-09-01,669111,3,2,0,0.029,3.0,1,0
2024-09-01,669276,1,1,0,0.0,1.0,0,0
2024-09-01,669674,4,1,0,1.751822222222222,4.0,3,1
2024-09-01,669854,21,3,4,5.679524000000001,21.0,14,0
2024-09-01,670036,5,2,0,1.359,5.0,3,0
2024-09-01,670167,5,0,0,2.620333333333333,5.0,5,1
2024-09-01,670280,4,0,1,1.1411310000000001,4.0,3,0
2024-09-01,670766,20,2,1,9.071540333333335,19.0,13,1
2024-09-01,670955,4,2,0,0.16,4.0,2,0
2024-09-01,671305,3,3,0,0.0,3.0,0,0
2024-09-01,671345,3,1,0,0.5660000000000001,3.0,2,0
2024-09-01,671922,4,1,1,1.0101310000000001,4.0,2,0
2024-09-01,672391,3,0,0,0.117,3.0,3,0
2024-09-01,672578,3,3,0,0.0,3.0,0,0
2024-09-01,672860,7,5,1,0.915131,7.0,1,0
2024-09-01,675540,5,2,0,0.6996666666666667,5.0,3,0
2024-09-01,675627,7,1,0,1.162,7.0,6,0
2024-09-01,676428,20,5,0,4.757434782608696,20.0,15,1
2024-09-01,676534,3,3,0,0.0,3.0,0,0
2024-09-01,676617,3,0,0,0.948,3.0,3,0
2024-09-01,676684,5,1,0,0.7809999999999999,5.0,4,0
2024-09-01,676760,6,2,0,2.43625,6.0,4,1
2024-09-01,676979,13,8,0,2.0906129032258063,13.0,5,1
2024-09-01,677161,4,1,0,2.798333333333333,4.0,3,1
2024-09-01,678606,4,1,0,0.665,4.0,3,0
2024-09-01,679156,6,1,1,1.560131,6.0,4,0
2024-09-01,679525,19,5,1,6.241024292682927,19.0,13,1
2024-09-01,680730,27,8,1,6.650844438735178,27.0,18,2
2024-09-01,680736,29,2,2,13.771985274853801,29.0,25,3
2024-09-01,680885,22,2,1,6.307131,22.0,19,0
2024-09-01,681402,2,1,0,0.166,2.0,1,0
2024-09-01,681676,3,2,0,0.049,3.0,1,0
2024-09-01,681799,3,1,0,0.741,3.0,2,0
2024-09-01,681867,12,5,0,2.482,12.0,7,0
2024-09-01,682120,4,2,0,0.7891920000000001,4.0,1,0
2024-09-01,682227,14,5,0,4.271879020979021,13.0,8,1
2024-09-01,682243,22,4,3,7.551619920634921,22.0,14,2
2024-09-01,683627,8,2,0,2.052,8.0,6,0
2024-09-01,683769,3,1,0,0.14300000000000002,3.0,2,0
2024-09-01,684320,13,3,2,3.6602620000000003,13.0,8,0
2024-09-01,686752,17,4,4,6.693357333333334,17.0,9,1
2024-09-01,687145,2,1,1,0.689131,2.0,0,0
2024-09-01,687377,6,0,1,2.887131,6.0,5,0
2024-09-01,687765,22,5,3,7.334351333333333,21.0,13,0
2024-09-01,689147,3,1,1,0.815131,3.0,1,0
2024-09-01,689225,6,1,2,2.184262,6.0,3,0
2024-09-01,690829,3,1,0,0.518,3.0,2,0
2024-09-01,693312,4,0,1,2.380131,4.0,3,0
2024-09-01,694297,27,10,2,8.123571523809524,27.0,15,2
2024-09-01,694350,7,1,2,3.5322620000000002,7.0,4,1
2024-09-01,694363,8,1,0,1.184,8.0,7,0
2024-09-01,694738,3,0,0,1.3174545454545457,3.0,3,0
2024-09-01,695243,9,1,1,2.5832848461538465,9.0,7,1
2024-09-01,696136,18,0,0,5.0716,18.0,18,0
2024-09-01,700187,4,1,1,0.9881310000000001,4.0,2,0
2024-09-01,702674,23,4,4,6.4795240000000005,23.0,15,1
2024-09-02,434378,26,3,4,8.93197683018868,26.0,19,1
2024-09-02,458677,1,0,0,0.614,1.0,1,0
2024-09-02,502624,19,5,1,7.302723,19.0,12,1
2024-09-02,518489,3,0,0,1.1099999999999999,3.0,3,0
2024-09-02,519008,3,0,1,1.494131,3.0,2,0
2024-09-02,542888,5,0,1,1.051131,4.0,4,0
2024-09-02,543037,23,9,1,3.995131,23.0,13,0
2024-09-02,547973,4,0,1,1.4452848461538466,4.0,3,1
2024-09-02,592094,4,0,0,0.729,4.0,4,0
2024-09-02,592791,26,3,1,4.744131,26.0,22,0
2024-09-02,593958,20,1,2,8.772349335359676,20.0,17,3
2024-09-02,594580,4,1,0,1.3523939393939393,4.0,3,1
2024-09-02,596133,5,1,0,2.731105263157895,5.0,4,1
2024-09-02,605280,4,0,1,1.626131,4.0,3,0
2024-09-02,605347,7,2,0,3.346113440860216,7.0,5,1
2024-09-02,605397,23,8,2,5.685238708074534,23.0,13,3
2024-09-02,605452,7,4,1,1.099131,7.0,2,0
2024-09-02,607455,4,0,0,0.8580000000000001,3.0,3,0
2024-09-02,608344,10,2,0,2.779,10.0,8,0
2024-09-02,608379,20,3,1,5.927763768361582,20.0,16,1
2024-09-02,608638,3,2,0,0.542,3.0,1,0
2024-09-02,608723,1,0,0,1.807592592592593,1.0,1,1
2024-09-02,621053,3,3,0,0.0,3.0,0,0
2024-09-02,622663,26,5,2,6.981262,26.0,19,0
2024-09-02,623149,4,3,0,0.002,4.0,1,0
2024-09-02,623167,20,5,2,8.705128666666667,20.0,13,1
2024-09-02,641703,6,1,1,2.7851764545454545,6.0,4,0
2024-09-02,641771,6,1,2,3.871262,6.0,3,0
2024-09-02,641793,22,2,4,10.093087636363636,22.0,16,1
2024-09-02,641941,8,3,0,2.836133333333333,8.0,5,1
2024-09-02,642547,24,3,2,9.13997895402299,23.0,18,2
2024-09-02,642701,3,1,0,0.64,3.0,2,0
2024-09-02,643377,4,2,0,0.33799999999999997,4.0,2,0
2024-09-02,655889,3,1,0,0.073,3.0,2,0
2024-09-02,656222,2,1,0,0.446,2.0,1,0
2024-09-02,656427,23,7,3,6.841393,22.0,13,0
2024-09-02,656756,11,1,1,3.251625,10.0,9,0
2024-09-02,656848,4,2,0,2.006,4.0,2,1
2024-09-02,656945,4,2,0,0.8250000000000001,4.0,2,1
2024-09-02,657053,17,3,2,6.468456444444445,17.0,12,1
2024-09-02,657571,10,4,1,2.129131,10.0,5,0
2024-09-02,657612,5,2,0,0.789,5.0,3,0
2024-09-02,660853,2,1,1,0.689131,2.0,0,0
2024-09-02,660896,6,3,0,1.572,6.0,3,0
2024-09-02,661395,3,1,0,0.812,3.0,2,0
2024-09-02,661403,3,0,0,1.2871071428571428,3.0,3,1
2024-09-02,663158,3,0,0,1.319,3.0,3,0
2024-09-02,663460,5,0,0,1.6949615384615386,5.0,5,1
2024-09-02,663485,4,2,0,0.44499999999999995,4.0,2,0
2024-09-02,663542,7,2,2,1.937262,7.0,3,0
2024-09-02,663738,4,1,0,1.0490000000000002,4.0,3,0
2024-09-02,663947,7,1,0,1.402,7.0,6,0
2024-09-02,664076,4,1,0,1.8641379310344828,4.0,3,1
2024-09-02,664208,3,2,0,0.078,3.0,1,0
2024-09-02,664849,5,2,1,1.617323,5.0,1,0
2024-09-02,666215,5,3,1,1.585131,5.0,1,0
2024-09-02,668909,24,6,2,5.202583428571429,24.0,16,1
2024-09-02,669203,20,4,1,5.160131,20.0,15,0
2024-09-02,669211,3,0,0,0.8690000000000001,3.0,3,0
2024-09-02,669302,23,9,1,8.118941240792799,23.0,13,4
2024-09-02,669467,24,3,5,9.450878550724637,24.0,16,2
2024-09-02,669724,5,2,0,0.857,5.0,3,0
2024-09-02,670174,10,4,1,1.513131,10.0,5,0
2024-09-02,671305,5,2,2,1.403262,5.0,1,0
2024-09-02,671345,4,0,0,0.462,4.0,4,0
2024-09-02,671922,4,0,0,2.3251379310344826,4.0,4,1
2024-09-02,672391,2,0,0,0.832,2.0,2,0
2024-09-02,672578,4,1,0,1.646504807692308,4.0,3,1
2024-09-02,674370,23,4,1,7.602792818181818,23.0,18,2
2024-09-02,674444,3,0,0,1.404625,3.0,3,0
2024-09-02,676092,4,1,1,0.807131,4.0,2,0
2024-09-02,676617,7,1,3,4.968354538461539,7.0,3,1
2024-09-02,677944,11,0,1,7.1978368823529415,11.0,10,1
2024-09-02,678394,23,4,1,8.030823,23.0,17,0
2024-09-02,678692,3,0,0,1.18075,3.0,3,0
2024-09-02,680573,19,2,2,5.9852620000000005,19.0,15,0
2024-09-02,680744,16,1,0,4.722321428571429,16.0,15,1
2024-09-02,680880,4,2,1,0.820131,4.0,1,0
2024-09-02,681517,7,4,0,1.064,7.0,3,0
2024-09-02,681911,1,1,0,0.0,1.0,0,0
2024-09-02,683003,25,4,1,6.7973230000000004,25.0,19,0
2024-09-02,683004,21,2,0,7.231466666666667,21.0,19,1
2024-09-02,685801,4,0,0,1.161,4.0,4,0
2024-09-02,686642,8,1,1,2.428192,7.0,5,0
2024-09-02,686730,12,2,3,3.615393,12.0,7,0
2024-09-02,687330,7,1,0,0.788,6.0,5,0
2024-09-02,687924,13,2,2,2.808131,12.0,9,0
2024-09-03,455119,7,2,0,4.3982222222222225,7.0,5,1
2024-09-03,518489,3,0,0,0.5599999999999999,3.0,3,0
2024-09-03,518886,5,0,1,2.741131,5.0,4,0
2024-09-03,519242,27,9,0,8.12005606060606,27.0,18,3
2024-09-03,519326,3,1,0,0.075,3.0,2,0
2024-09-03,543294,21,5,1,6.2921309999999995,20.0,14,0
2024-09-03,543339,3,2,0,0.233,3.0,1,0
2024-09-03,543859,5,2,0,1.448192,5.0,2,0
2024-09-03,552640,3,1,0,0.871,3.0,2,0
2024-09-03,571578,26,8,3,7.582469923076923,26.0,15,1
2024-09-03,571760,20,8,1,5.652323,20.0,10,1
2024-09-03,571882,4,0,1,2.086131,4.0,3,0
2024-09-03,571927,18,7,1,2.993845285714286,18.0,10,1
2024-09-03,572143,2,0,0,0.07200000000000001,2.0,2,0
2024-09-03,573204,3,2,0,0.47,3.0,1,0
2024-09-03,592454,5,1,0,0.867,5.0,4,0
2024-09-03,592767,3,1,0,0.52,3.0,2,0
2024-09-03,592773,3,2,0,0.6866800000000002,3.0,1,1
2024-09-03,592836,12,0,0,5.6788542510121465,12.0,12,2
2024-09-03,595014,3,1,0,0.367,3.0,2,0
2024-09-03,600917,5,2,0,1.6500000000000001,5.0,3,0
2024-09-03,605130,4,0,0,1.4401920000000001,4.0,3,0
2024-09-03,605135,27,7,2,10.925036038461538,27.0,18,2
2024-09-03,605177,4,0,1,1.114131,4.0,3,0
2024-09-03,605280,5,0,2,4.239762,5.0,3,1
2024-09-03,605488,24,4,2,7.267976285714286,24.0,18,1
2024-09-03,606303,4,0,1,1.357131,3.0,3,0
2024-09-03,607074,22,11,2,4.70047780952381,22.0,8,2
2024-09-03,607536,20,5,0,4.9705,20.0,15,0
2024-09-03,608717,3,1,0,0.516,3.0,2,0
2024-09-03,614179,4,1,1,0.7051310000000001,4.0,2,0
2024-09-03,621111,21,6,2,7.41471483018868,21.0,13,2
2024-09-03,621114,2,0,0,1.175,2.0,2,0
2024-09-03,621237,4,1,1,1.435131,4.0,2,0
2024-09-03,621381,4,2,0,1.3153833333333331,4.0,2,1
2024-09-03,621383,6,3,0,1.171,6.0,3,0
2024-09-03,622491,25,5,1,8.605317202450031,25.0,19,3
2024-09-03,623465,3,0,0,0.366,3.0,3,0
2024-09-03,628452,3,1,0,0.331,3.0,2,0
2024-09-03,640462,1,1,0,0.0,1.0,0,0
2024-09-03,641582,7,0,0,2.255638888888889,7.0,7,1
2024-09-03,641729,4,3,1,0.689131,4.0,0,0
2024-09-03,642207,3,2,0,0.225,3.0,1,0
2024-09-03,642520,3,1,0,0.912,2.0,1,0
2024-09-03,643338,5,2,0,3.30175,5.0,3,1
2024-09-03,647315,3,1,0,1.1761920000000001,3.0,1,0
2024-09-03,650644,21,7,0,7.0296416945373466,21.0,14,2
2024-09-03,650671,4,2,1,0.689131,4.0,1,0
2024-09-03,650893,7,0,2,4.025307454545454,7.0,5,0
2024-09-03,650895,3,1,0,0.012,3.0,2,0
2024-09-03,656271,2,1,0,0.622,2.0,1,0
2024-09-03,656629,3,0,0,0.317,3.0,3,0
2024-09-03,656730,3,0,0,0.875,3.0,3,0
2024-09-03,656849,25,11,1,5.519131,25.0,13,0
2024-09-03,656876,6,3,0,0.785,6.0,3,0
2024-09-03,657024,3,0,2,1.6492620000000002,3.0,1,0
2024-09-03,657044,7,2,1,2.899369095238095,7.0,4,1
2024-09-03,657585,3,0,0,0.16,3.0,3,0
2024-09-03,657612,2,1,0,0.8269,2.0,1,1
2024-09-03,657649,4,1,0,0.7989999999999999,4.0,3,0
2024-09-03,658648,5,2,0,2.385966101694915,5.0,3,1
2024-09-03,660853,4,0,0,0.858,4.0,4,0
2024-09-03,663423,4,1,1,1.251131,4.0,2,0
2024-09-03,663546,6,2,0,0.374,6.0,4,0
2024-09-03,663687,10,3,2,1.990262,9.0,5,0
2024-09-03,663704,3,1,1,1.484131,3.0,1,0
2024-09-03,663738,1,0,0,0.0,0.0,0,0
2024-09-03,663893,3,1,0,1.059,3.0,2,0
2024-09-03,663903,24,3,2,7.838287333333334,24.0,18,1
2024-09-03,663941,15,4,2,3.809706444444445,15.0,9,1
2024-09-03,663969,10,1,0,5.166407181571816,10.0,9,2
2024-09-03,664076,1,0,0,0.141,1.0,1,0
2024-09-03,664776,4,1,1,1.320131,4.0,2,0
2024-09-03,664854,7,4,0,0.732,7.0,3,0
2024-09-03,664875,5,0,2,2.396373111111111,5.0,3,0
2024-09-03,665625,5,2,1,1.343131,5.0,2,0
2024-09-03,666277,5,2,1,0.8371310000000001,5.0,2,0
2024-09-03,668338,6,0,1,2.8074553243243243,5.0,5,1
2024-09-03,668674,5,2,0,1.604192,5.0,2,0
2024-09-03,668941,4,1,0,1.572192,4.0,2,0
2024-09-03,669062,5,2,0,1.294,5.0,3,0
2024-09-03,669194,26,9,2,6.960098363636364,26.0,15,1
2024-09-03,669372,22,7,1,5.822756,22.0,14,0
2024-09-03,669387,7,2,0,0.651,7.0,5,0
2024-09-03,669461,8,2,2,1.151131,6.0,4,0
2024-09-03,669674,6,0,0,3.2406010909090908,6.0,5,1
2024-09-03,670059,3,1,0,0.191,3.0,2,0
2024-09-03,670280,3,1,0,0.275,3.0,2,0
2024-09-03,670955,4,2,0,1.452,4.0,2,0
2024-09-03,672282,23,10,2,6.123262,23.0,11,1
2024-09-03,672710,5,0,1,2.561272727272727,4.0,4,1
2024-09-03,676105,9,1,3,3.9865850000000003,9.0,4,0
2024-09-03,676130,5,2,2,1.383262,5.0,1,0
2024-09-03,676395,3,3,0,0.0,3.0,0,0
2024-09-03,676440,24,6,3,8.487051666666666,24.0,14,0
2024-09-03,676710,20,8,2,3.884262,20.0,10,1
2024-09-03,676879,8,1,0,2.1434666666666664,8.0,7,0
2024-09-03,676974,26,5,1,7.60667861904762,26.0,20,2
2024-09-03,678606,4,2,0,0.988,4.0,2,0
2024-09-03,679156,2,0,1,0.689131,2.0,1,0
2024-09-03,679885,8,3,1,1.866,7.0,4,0
2024-09-03,680704,3,0,0,0.363,3.0,3,0
2024-09-03,680897,16,2,6,6.485786,16.0,8,2
2024-09-03,681676,5,2,0,0.851,5.0,3,0
2024-09-03,681799,7,3,0,1.706,7.0,4,1
2024-09-03,681982,5,2,0,1.004,5.0,3,0
2024-09-03,683409,1,0,0,0.2,1.0,1,0
2024-09-03,683568,6,1,2,2.927454307692308,6.0,3,1
2024-09-03,685116,5,0,0,0.769,5.0,5,0
2024-09-03,686580,5,0,0,2.2718222222222217,5.0,5,1
2024-09-03,687424,4,1,0,0.567,4.0,3,0
2024-09-03,689147,4,0,0,1.5490000000000002,4.0,4,1
2024-09-03,690829,3,2,0,0.01,3.0,1,0
2024-09-03,690986,16,3,1,6.463076454545455,16.0,12,1
2024-09-03,694363,10,5,1,1.351131,10.0,4,0
2024-09-03,694973,23,6,4,7.343662888888889,23.0,13,1
2024-09-03,700187,3,2,0,0.104,3.0,1,0
2024-09-03,700249,27,10,0,6.298917366946779,27.0,17,1
2024-09-03,701581,21,7,1,3.952236263157895,21.0,13,0
2024-09-04,445276,5,1,3,2.6093930000000003,5.0,1,0
2024-09-04,448179,3,0,2,1.3832620000000002,3.0,1,0
2024-09-04,450203,23,8,3,7.1883930000000005,22.0,11,0
2024-09-04,489446,1,0,0,0.7685714285714287,1.0,1,1
2024-09-04,506433,14,4,2,5.071827217391305,14.0,8,0
2024-09-04,519151,3,1,0,0.121,3.0,2,0
2024-09-04,519326,5,1,0,0.35700000000000004,5.0,4,0
2024-09-04,543135,28,6,3,7.751890619047619,28.0,19,1
2024-09-04,543243,26,7,1,4.744131,26.0,18,0
2024-09-04,543859,7,1,0,2.39,7.0,6,0
2024-09-04,544150,22,2,2,8.430690282828284,22.0,18,3
2024-09-04,548389,15,1,1,5.689026238095238,15.0,13,2
2024-09-04,552640,6,2,1,0.6719999999999999,5.0,3,0
2024-09-04,571882,2,0,0,0.8440000000000001,2.0,2,0
2024-09-04,571946,6,1,2,2.4152620000000002,6.0,3,1
2024-09-04,571948,2,1,0,0.22,2.0,1,0
2024-09-04,572143,4,0,0,0.83,4.0,4,0
2024-09-04,572955,3,2,0,0.7685714285714287,3.0,1,1
2024-09-04,573124,5,0,1,1.126131,5.0,4,0
2024-09-04,573186,21,3,1,7.683131,21.0,17,1
2024-09-04,592094,3,1,0,0.7579999999999999,3.0,2,0
2024-09-04,593334,18,3,1,8.106994636363636,18.0,14,2
2024-09-04,593576,3,2,0,0.204,3.0,1,0
2024-09-04,593974,4,2,0,0.753,4.0,2,0
2024-09-04,594902,20,3,1,8.278614974358973,20.0,16,1
2024-09-04,605121,5,2,1,1.2841310000000001,5.0,2,0
2024-09-04,605463,11,1,1,4.220131,11.0,9,1
2024-09-04,606303,3,0,1,0.864,2.0,2,0
2024-09-04,606930,5,1,1,1.2641310000000001,5.0,3,0
2024-09-04,607067,19,4,2,6.634454,19.0,12,0
2024-09-04,607259,26,7,3,7.366393,26.0,16,0
2024-09-04,607625,25,4,1,5.605131,24.0,19,0
2024-09-04,608032,4,2,1,0.8321310000000001,4.0,1,0
2024-09-04,608638,4,0,1,1.586131,4.0,3,0
2024-09-04,608718,13,6,0,2.3232222222222223,13.0,7,1
2024-09-04,621114,5,1,0,1.7784067796610166,5.0,4,1
2024-09-04,621199,4,0,0,1.744,4.0,4,0
2024-09-04,621242,4,2,1,0.6981310000000001,4.0,1,0
2024-09-04,621366,3,1,0,0.861,3.0,2,0
2024-09-04,622065,4,0,1,1.615131,4.0,3,0
2024-09-04,622786,3,2,0,0.056,3.0,1,0
2024-09-04,623211,5,1,1,1.545131,5.0,3,0
2024-09-04,628452,4,2,1,1.163131,4.0,1,0
2024-09-04,640448,6,2,0,1.0699999999999998,6.0,4,0
2024-09-04,640462,3,3,0,0.0,3.0,0,0
2024-09-04,641302,19,2,0,9.168580136782634,19.0,17,3
2024-09-04,641360,3,0,0,0.233,3.0,3,0
2024-09-04,641729,3,2,0,0.208,3.0,1,0
2024-09-04,641835,4,1,1,1.704131,4.0,2,0
2024-09-04,642048,1,1,0,0.0,1.0,0,0
2024-09-04,642121,7,1,0,2.2302424242424244,7.0,6,1
2024-09-04,642133,6,0,0,3.0751052631578952,6.0,6,0
2024-09-04,642207,3,2,0,0.187,3.0,1,0
2024-09-04,642397,4,0,0,2.253963768115942,4.0,4,1
2024-09-04,643410,3,1,0,0.673,3.0,2,0
2024-09-04,646242,3,2,0,0.056,3.0,1,0
2024-09-04,650911,27,7,0,6.588857142857143,27.0,20,0
2024-09-04,656222,9,1,0,3.901192,9.0,7,0
2024-09-04,656234,5,0,1,2.484131,5.0,4,0
2024-09-04,656240,11,3,2,3.203262,11.0,6,0
2024-09-04,656288,26,7,4,6.023524,26.0,15,0
2024-09-04,656464,5,2,0,2.874681818181818,5.0,3,1
2024-09-04,656546,3,1,0,1.0052105263157896,3.0,2,0
2024-09-04,656557,21,7,1,7.137335385964913,21.0,13,2
2024-09-04,656731,18,3,1,7.394014207070707,17.0,13,2
2024-09-04,656848,8,1,1,3.735631,8.0,6,0
2024-09-04,656945,4,1,0,1.6844666666666668,4.0,3,0
2024-09-04,657508,3,0,2,2.074262,3.0,1,0
2024-09-04,658648,3,2,0,0.39,3.0,1,0
2024-09-04,660825,3,2,0,0.169,3.0,1,0
2024-09-04,663158,4,0,1,1.011131,4.0,3,0
2024-09-04,663460,4,3,0,0.888,4.0,1,0
2024-09-04,663878,3,0,0,0.126,3.0,3,0
2024-09-04,663893,4,0,1,1.8463230000000002,4.0,2,0
2024-09-04,663992,4,2,1,1.0221310000000001,4.0,1,0
2024-09-04,664123,5,2,1,1.099131,5.0,2,0
2024-09-04,664208,3,0,0,1.482,3.0,3,0
2024-09-04,664849,3,1,0,0.244,3.0,2,0
2024-09-04,666215,10,2,1,2.771131,10.0,7,0
2024-09-04,666808,5,1,1,2.228931,5.0,3,1
2024-09-04,667297,4,1,1,1.243131,3.0,2,0
2024-09-04,668674,3,1,0,0.063,3.0,2,0
2024-09-04,668678,21,8,4,5.520165509433962,21.0,9,1
2024-09-04,668941,3,0,0,2.621,3.0,3,1
2024-09-04,668943,4,0,1,1.6431310000000001,4.0,3,0
2024-09-04,669022,20,9,1,3.204131,20.0,10,0
2024-09-04,669084,15,6,2,3.56348075,15.0,7,1
2024-09-04,669093,4,1,1,1.4024643333333333,4.0,2,0
2024-09-04,669111,3,2,0,0.446,3.0,1,0
2024-09-04,669211,3,1,0,1.458,3.0,2,0
2024-09-04,669212,7,4,0,1.5110000000000001,7.0,3,0
2024-09-04,669276,4,2,1,0.8801310000000001,4.0,1,0
2024-09-04,669711,1,0,0,1.0145,1.0,1,1
2024-09-04,669923,24,9,0,4.4649230769230766,23.0,14,1
2024-09-04,670036,6,1,3,2.7993930000000002,6.0,2,0
2024-09-04,670102,24,6,0,8.019344380952381,24.0,17,1
2024-09-04,670970,4,2,1,0.7181310000000001,4.0,1,0
2024-09-04,671345,4,1,1,0.437,3.0,2,0
2024-09-04,672335,7,1,2,2.775262,7.0,4,0
2024-09-04,672391,5,1,0,0.519,5.0,4,0
2024-09-04,672456,22,2,2,8.143306444444445,22.0,18,1
2024-09-04,673513,6,1,1,1.714331,6.0,4,0
2024-09-04,674944,3,0,1,1.204131,3.0,2,0
2024-09-04,675627,8,1,0,2.05,8.0,7,0
2024-09-04,676083,8,0,2,5.83742329032258,8.0,6,2
2024-09-04,676272,23,8,3,9.641800384615385,23.0,11,3
2024-09-04,676534,5,1,1,1.5141310000000001,5.0,3,0
2024-09-04,676664,25,5,1,7.025548806451614,25.0,18,2
2024-09-04,676684,6,3,0,0.16799999999999998,6.0,3,0
2024-09-04,676760,6,1,1,1.7821310000000001,6.0,4,0
2024-09-04,677161,3,1,0,0.496,3.0,2,0
2024-09-04,678020,4,2,0,1.373115076923077,4.0,1,1
2024-09-04,678368,22,1,2,4.684262,22.0,19,0
2024-09-04,678606,4,1,0,1.383,4.0,3,0
2024-09-04,678692,4,0,0,1.736,4.0,4,0
2024-09-04,678821,5,2,1,1.695131,5.0,2,0
2024-09-04,679156,3,0,0,1.283,3.0,3,0
2024-09-04,679885,6,1,1,1.960131,6.0,4,0
2024-09-04,681293,11,0,3,6.6963930000000005,11.0,8,1
2024-09-04,681402,4,3,1,0.689131,4.0,0,0
2024-09-04,681676,4,3,1,0.0,3.0,0,0
2024-09-04,681870,5,2,0,0.9650000000000001,5.0,3,0
2024-09-04,681982,3,0,0,2.6373571428571427,3.0,3,1
2024-09-04,684007,25,7,2,4.0222620000000004,25.0,16,0
2024-09-04,685801,5,3,0,1.533,5.0,2,0
2024-09-04,686539,3,1,0,0.431,3.0,2,0
2024-09-04,686563,21,4,1,7.027339713272543,20.0,15,2
2024-09-04,686580,4,0,0,1.042,4.0,4,0
2024-09-04,686642,5,1,0,0.801,5.0,4,0
2024-09-04,686973,15,1,1,5.442100696969697,15.0,13,1
2024-09-04,687134,25,2,6,11.771741627705628,25.0,17,3
2024-09-04,687330,4,2,1,1.0321310000000001,4.0,1,0
2024-09-04,687863,3,0,0,0.224,3.0,3,0
2024-09-04,689225,6,0,2,3.4734842222222224,5.0,4,1
2024-09-04,693312,7,1,2,3.3682235384615384,7.0,4,1
2024-09-04,702352,14,3,1,3.9005628181818177,14.0,10,1
2024-09-04,806185,18,4,5,7.14889525974026,17.0,9,0
2024-09-05,489446,3,3,0,0.0,3.0,0,0
2024-09-05,502085,4,3,0,0.727,4.0,1,0
2024-09-05,518397,4,1,0,0.9359999999999999,4.0,3,0
2024-09-05,518876,27,8,0,8.419,27.0,19,0
2024-09-05,519008,4,0,1,1.864607843137255,3.0,3,1
2024-09-05,527048,24,5,1,5.980131,24.0,18,0
2024-09-05,547973,2,1,0,0.248,2.0,1,0
2024-09-05,573009,3,0,0,1.224,3.0,3,0
2024-09-05,592094,2,1,0,0.058,2.0,1,0
2024-09-05,592426,4,0,2,2.396609826086957,4.0,2,1
2024-09-05,596295,28,6,0,6.053333333333333,28.0,22,0
2024-09-05,600917,4,1,1,1.550131,4.0,2,0
2024-09-05,605154,3,2,0,0.757,3.0,1,0
2024-09-05,605483,8,2,2,2.8622620000000003,8.0,4,0
2024-09-05,607481,6,3,1,1.5601310000000002,6.0,2,0
2024-09-05,608723,4,2,0,0.781,4.0,2,0
2024-09-05,614179,3,2,0,0.621,3.0,1,0
2024-09-05,621053,5,1,1,3.3930833809523815,5.0,3,1
2024-09-05,621381,3,1,0,0.840625,3.0,2,0
2024-09-05,624133,19,4,2,4.933262,19.0,13,0
2024-09-05,625643,23,11,0,6.456329738058551,23.0,12,2
2024-09-05,628317,5,1,0,0.8170000000000001,5.0,4,0
2024-09-05,641154,28,9,1,7.260889620689656,28.0,18,1
2024-09-05,641755,3,2,0,0.492,3.0,1,0
2024-09-05,642701,5,1,1,1.247131,5.0,3,0
2024-09-05,643377,5,2,0,1.4159615384615385,5.0,3,1
2024-09-05,643511,4,1,0,1.105192,4.0,2,0
2024-09-05,650556,5,1,0,2.9226603773584907,5.0,4,1
2024-09-05,656464,4,1,0,1.6402692307692306,4.0,3,0
2024-09-05,656945,4,1,0,0.9019999999999999,4.0,3,0
2024-09-05,657571,4,1,1,1.059131,4.0,2,0
2024-09-05,661395,3,2,0,0.096,3.0,1,0
2024-09-05,662253,5,2,1,2.8756604117647067,5.0,2,1
2024-09-05,663158,6,1,2,2.9825663478260873,6.0,3,1
2024-09-05,663432,4,0,1,1.4111310000000001,4.0,3,0
2024-09-05,663554,22,2,1,9.8102222004662,21.0,18,1
2024-09-05,663559,23,3,2,7.959226624676446,21.0,17,1
2024-09-05,663574,5,1,1,0.8351310000000001,5.0,3,0
2024-09-05,663623,24,4,3,7.786287230769231,24.0,17,0
2024-09-05,663947,4,0,0,0.444,4.0,4,0
2024-09-05,664747,3,1,0,0.06,3.0,2,0
2024-09-05,666171,8,2,0,1.525,8.0,6,0
2024-09-05,666214,5,1,2,2.837454,5.0,1,0
2024-09-05,666808,3,1,0,0.566,2.0,2,0
2024-09-05,669062,3,2,0,0.173,3.0,1,0
2024-09-05,669093,1,0,0,0.444,1.0,1,0
2024-09-05,669387,3,0,0,0.636,3.0,3,0
2024-09-05,670124,25,6,5,11.567684166666666,25.0,14,2
2024-09-05,671305,5,2,1,1.199131,4.0,1,0
2024-09-05,671737,27,10,1,7.3843937450980395,27.0,16,1
2024-09-05,674003,22,4,2,4.527262,22.0,16,0
2024-09-05,674285,3,0,2,1.865262,3.0,1,0
2024-09-05,675540,3,1,0,0.041,3.0,2,0
2024-09-05,676092,4,1,1,0.761131,4.0,2,0
2024-09-05,676254,5,3,1,0.8591310000000001,5.0,1,0
2024-09-05,676568,3,0,0,0.658,3.0,3,0
2024-09-05,676661,6,0,0,2.121,6.0,6,0
2024-09-05,680880,5,1,0,1.5791920000000002,5.0,3,0
2024-09-05,682254,4,1,1,1.089131,4.0,2,0
2024-09-05,683155,20,3,0,8.354025333333334,20.0,16,3
2024-09-05,685107,7,1,1,3.0807244343434346,7.0,5,1
2024-09-05,686613,23,6,1,5.485131,23.0,16,0
2024-09-05,686747,6,2,2,1.8153230000000002,5.0,1,0
2024-09-05,686799,26,0,1,12.419061572403207,26.0,24,2
2024-09-05,687330,4,0,0,0.9119999999999999,3.0,3,0
2024-09-05,687424,3,0,0,0.495,3.0,3,0
2024-09-05,689147,5,2,0,1.354,5.0,3,0
2024-09-05,693312,4,0,0,1.427,4.0,4,0
2024-09-05,693433,23,6,0,7.133007496251874,23.0,17,2
2024-09-05,694350,3,1,1,0.777131,3.0,1,0
2024-09-05,694738,15,5,2,3.8172620000000004,15.0,8,0
2024-09-05,695076,26,3,4,8.882934256410255,26.0,19,1
2024-09-05,700187,3,0,0,0.327,3.0,3,0
2024-09-06,458677,1,0,0,1.8420851063829784,1.0,1,1
2024-09-06,518397,5,0,1,0.998,4.0,4,0
2024-09-06,518489,3,1,0,0.333,3.0,2,0
2024-09-06,518585,5,3,0,2.4844583333333325,5.0,2,1
2024-09-06,519008,2,0,0,1.056107142857143,2.0,2,1
2024-09-06,519326,3,2,0,0.005,3.0,1,0
2024-09-06,542888,3,1,1,1.309131,3.0,1,0
2024-09-06,543339,3,0,0,0.8595714285714287,3.0,3,1
2024-09-06,554430,21,7,1,2.959131,21.0,13,0
2024-09-06,570632,23,3,2,7.260172319410319,23.0,18,1
2024-09-06,571510,22,6,0,5.914842,22.0,15,2
2024-09-06,571656,4,1,0,2.505,4.0,3,0
2024-09-06,571946,4,0,0,2.4512622950819676,4.0,4,1
2024-09-06,573009,1,0,0,0.207,1.0,1,0
2024-09-06,573204,4,0,0,0.938,4.0,4,0
2024-09-06,592332,26,5,3,10.171345047952048,26.0,18,2
2024-09-06,592454,3,2,0,0.292,3.0,1,0
2024-09-06,593423,23,10,3,5.979077210526317,23.0,10,1
2024-09-06,593576,4,0,1,0.7511310000000001,4.0,3,0
2024-09-06,596133,4,2,1,0.7351310000000001,4.0,1,0
2024-09-06,601713,25,6,3,8.5682555,25.0,16,1
2024-09-06,607200,22,1,3,8.850362777777779,22.0,17,0
2024-09-06,607455,6,1,2,1.872791377358491,5.0,3,1
2024-09-06,608331,29,8,1,6.964323,29.0,19,0
2024-09-06,621053,3,2,0,0.007,3.0,1,0
2024-09-06,621237,4,3,0,0.707,4.0,1,0
2024-09-06,621242,3,3,0,0.0,3.0,0,0
2024-09-06,622259,5,0,0,2.175,5.0,5,0
2024-09-06,622554,6,2,0,1.2052631578947368,6.0,4,1
2024-09-06,624522,7,1,1,3.225631,7.0,5,1
2024-09-06,628452,5,3,0,1.37,5.0,2,0
2024-09-06,640455,24,9,2,7.669952284734134,24.0,12,2
2024-09-06,641582,3,0,1,2.3140939629629624,3.0,2,1
2024-09-06,641729,3,0,0,0.936,3.0,3,0
2024-09-06,641755,3,0,1,0.783131,3.0,2,0
2024-09-06,641941,5,2,0,1.867,5.0,3,0
2024-09-06,642520,11,1,1,4.330269888888889,11.0,9,1
2024-09-06,650633,25,8,1,6.807885098360655,25.0,16,1
2024-09-06,650671,4,2,1,0.9561310000000001,4.0,1,0
2024-09-06,655889,4,0,0,0.33799999999999997,4.0,4,0
2024-09-06,656271,3,1,0,0.392,3.0,2,0
2024-09-06,656756,14,3,1,5.523156641025641,14.0,10,1
2024-09-06,656793,11,3,2,3.397454,11.0,5,0
2024-09-06,657024,4,2,0,0.851,4.0,2,0
2024-09-06,657508,4,2,0,0.6599999999999999,4.0,2,0
2024-09-06,657514,3,1,0,0.7799999999999999,3.0,2,0
2024-09-06,657585,4,3,0,0.238,4.0,1,0
2024-09-06,661403,3,1,0,0.532,3.0,2,0
2024-09-06,661563,21,7,2,4.179209368421053,21.0,12,1
2024-09-06,663321,3,1,0,0.06,3.0,2,0
2024-09-06,663372,23,6,3,6.719393,23.0,14,0
2024-09-06,663423,4,1,1,1.200131,4.0,2,0
2024-09-06,663436,24,3,1,10.149213142506143,24.0,17,3
2024-09-06,663546,6,2,0,1.327,6.0,4,0
2024-09-06,663574,3,2,0,0.451,3.0,1,0
2024-09-06,663687,7,3,1,1.8461310000000002,7.0,3,0
2024-09-06,663704,3,2,0,0.246,3.0,1,0
2024-09-06,663773,4,2,0,0.833,4.0,2,0
2024-09-06,663947,4,3,0,0.136,4.0,1,0
2024-09-06,663992,4,0,0,0.333,4.0,4,0
2024-09-06,664285,25,7,3,5.259393,24.0,15,1
2024-09-06,664747,4,1,0,0.8661920000000001,4.0,2,0
2024-09-06,664776,4,2,1,0.8271310000000001,4.0,1,0
2024-09-06,665152,23,7,3,6.272585,23.0,12,0
2024-09-06,666142,22,7,1,4.723988142857142,22.0,14,0
2024-09-06,666974,3,2,0,0.002,3.0,1,0
2024-09-06,667297,3,1,0,0.21000000000000002,3.0,2,0
2024-09-06,667463,3,0,0,0.318,3.0,3,0
2024-09-06,669093,3,1,0,0.24000000000000002,3.0,2,0
2024-09-06,669358,22,5,3,6.17761175,22.0,14,1
2024-09-06,669373,24,7,0,5.88043961352657,24.0,17,2
2024-09-06,669461,5,0,0,2.4817540983606556,5.0,5,1
2024-09-06,669674,3,1,0,0.179,3.0,2,0
2024-09-06,669724,3,0,0,0.788,3.0,3,0
2024-09-06,670167,3,1,0,0.238,3.0,2,0
2024-09-06,670174,3,0,0,0.943,3.0,3,0
2024-09-06,670970,2,0,0,0.057999999999999996,2.0,2,0
2024-09-06,671305,2,1,1,0.689131,2.0,0,0
2024-09-06,671345,2,0,0,0.781,2.0,2,0
2024-09-06,671922,4,1,0,0.269,4.0,3,0
2024-09-06,672335,3,1,0,0.311,3.0,2,0
2024-09-06,672860,3,1,0,0.062,3.0,2,0
2024-09-06,674944,3,0,0,0.342,3.0,3,0
2024-09-06,675540,8,2,1,5.3547829230769235,8.0,5,3
2024-09-06,676092,4,1,0,1.317,4.0,3,0
2024-09-06,676130,3,0,0,0.121,3.0,3,0
2024-09-06,676617,3,0,0,0.806192,3.0,2,0
2024-09-06,676684,4,1,0,1.156,4.0,3,0
2024-09-06,676879,10,4,0,1.384,10.0,6,0
2024-09-06,677161,4,0,0,0.845,4.0,4,0
2024-09-06,678020,5,0,0,1.374,5.0,5,0
2024-09-06,678692,6,1,0,2.4744583333333328,6.0,5,1
2024-09-06,679156,3,0,0,0.7450000000000001,3.0,3,0
2024-09-06,680880,8,1,2,3.321262,8.0,5,0
2024-09-06,681517,9,2,1,2.552242111111111,9.0,6,0
2024-09-06,681676,2,2,0,0.0,2.0,0,0
2024-09-06,681810,7,1,0,3.310090909090909,7.0,6,1
2024-09-06,682073,10,0,1,3.671123,10.0,8,0
2024-09-06,682227,17,1,1,4.3955150000000005,17.0,13,0
2024-09-06,682243,22,4,2,7.054131565217391,21.0,15,1
2024-09-06,683409,3,1,1,1.081131,3.0,1,0
2024-09-06,683769,5,0,1,1.921,4.0,4,0
2024-09-06,685107,8,2,0,1.838,8.0,6,0
2024-09-06,685116,16,1,0,6.237125806451613,16.0,15,1
2024-09-06,686642,3,1,0,1.205,3.0,2,0
2024-09-06,687424,7,2,0,2.823,7.0,5,0
2024-09-06,687765,21,6,0,6.292657142857143,21.0,15,1
2024-09-06,689017,22,8,1,5.508227774193549,22.0,13,0
2024-09-06,689225,7,1,1,1.488131,7.0,5,0
2024-09-06,691951,24,7,3,4.868418252525252,24.0,14,0
2024-09-06,694297,23,5,2,10.745644476190478,23.0,15,2
2024-09-06,695243,7,4,0,0.999,7.0,3,0
2024-09-06,696131,21,6,1,5.256264333333333,21.0,14,1
2024-09-06,696136,22,4,4,8.779524,22.0,14,0
2024-09-06,700187,4,0,0,1.8300166666666675,4.0,4,1
2024-09-06,805673,25,4,1,11.215951305159908,25.0,20,3
2024-09-07,445276,3,1,0,0.07100000000000001,3.0,2,0
2024-09-07,445926,3,0,0,0.758,3.0,3,0
2024-09-07,489446,3,1,0,0.187,3.0,2,0
2024-09-07,493603,1,1,0,0.0,1.0,0,0
2024-09-07,500779,25,6,2,5.000262,25.0,17,0
2024-09-07,502043,26,9,3,4.3693930000000005,26.0,14,0
2024-09-07,502085,3,1,1,0.9711310000000001,3.0,1,0
2024-09-07,518489,4,0,0,1.648,4.0,4,0
2024-09-07,518886,5,1,1,1.307131,5.0,3,0
2024-09-07,519008,4,0,1,1.997131,4.0,3,0
2024-09-07,519326,4,0,0,1.216,4.0,4,0
2024-09-07,542881,19,7,2,4.019262,19.0,10,0
2024-09-07,542888,4,1,0,0.9470000000000001,4.0,3,0
2024-09-07,547973,7,2,1,3.520131,7.0,4,0
2024-09-07,552640,5,1,1,1.396131,5.0,3,0
2024-09-07,571670,9,1,0,4.1544583333333325,9.0,8,1
2024-09-07,571882,6,3,0,0.372,6.0,3,0
2024-09-07,572143,4,1,1,1.776131,4.0,2,0
2024-09-07,573009,2,1,0,0.223,2.0,1,0
2024-09-07,579328,26,6,0,7.341856071964019,26.0,20,3
2024-09-07,592426,1,1,0,0.0,1.0,0,0
2024-09-07,592767,5,1,2,1.4742620000000002,5.0,2,0
2024-09-07,592836,12,2,2,5.368084884012539,12.0,8,2
2024-09-07,593958,23,1,3,9.874627124542124,23.0,18,2
2024-09-07,593974,3,0,0,1.025192,3.0,2,0
2024-09-07,594580,3,0,1,2.514184111111111,3.0,1,1
2024-09-07,595014,5,3,0,0.9201499999999998,5.0,2,0
2024-09-07,596001,17,5,1,6.017363804232804,17.0,11,2
2024-09-07,600917,2,1,0,0.192,2.0,1,0
2024-09-07,605121,4,3,1,0.689131,4.0,0,0
2024-09-07,605130,6,2,0,1.4872142857142858,6.0,4,0
2024-09-07,605154,4,1,0,0.8,4.0,3,0
2024-09-07,605177,3,0,1,1.7411310000000002,3.0,2,0
2024-09-07,605400,25,5,2,9.89033527586207,25.0,18,2
2024-09-07,606930,6,1,1,4.083131,6.0,4,1
2024-09-07,607481,3,1,0,0.224,3.0,2,0
2024-09-07,614179,1,0,0,0.005,1.0,1,0
2024-09-07,621107,26,4,1,10.908141526315791,26.0,21,3
2024-09-07,621114,4,2,1,0.898131,4.0,1,0
2024-09-07,621199,5,1,1,0.739,4.0,3,0
2024-09-07,621242,5,1,0,1.0871920000000002,5.0,3,0
2024-09-07,621244,23,5,1,5.3961310000000005,23.0,17,0
2024-09-07,621366,5,2,0,2.108268292682927,5.0,3,1
2024-09-07,621383,5,2,0,1.397,5.0,3,0
2024-09-07,621389,16,1,0,9.02605536576418,16.0,15,4
2024-09-07,622786,3,0,0,0.9456,3.0,3,0
2024-09-07,640448,9,2,1,1.986131,9.0,6,0
2024-09-07,641482,14,3,1,2.174131,14.0,10,0
2024-09-07,641703,7,0,0,2.144,7.0,7,0
2024-09-07,641771,3,3,0,0.0,3.0,0,0
2024-09-07,641927,23,7,0,3.1786267826086956,23.0,15,1
2024-09-07,642207,3,3,0,0.0,3.0,0,0
2024-09-07,642397,3,1,1,1.3932643333333332,3.0,1,1
2024-09-07,642701,3,0,0,0.526,3.0,3,0
2024-09-07,643377,4,0,0,2.158,4.0,4,1
2024-09-07,643511,3,0,0,0.9246666666666665,3.0,3,0
2024-09-07,650556,1,0,0,0.4942,1.0,1,0
2024-09-07,650893,3,0,1,0.8031310000000002,3.0,2,0
2024-09-07,656222,4,1,0,0.33899999999999997,4.0,3,0
2024-09-07,656234,6,1,1,1.307131,6.0,4,0
2024-09-07,656302,25,4,2,9.854440821178821,25.0,19,2
2024-09-07,656550,7,0,0,3.869,7.0,7,0
2024-09-07,656605,26,8,0,7.503818794258374,26.0,17,1
2024-09-07,656629,4,0,0,1.024,4.0,4,0
2024-09-07,656876,5,2,0,0.8273636363636364,5.0,3,0
2024-09-07,657277,27,3,2,10.310131565217391,26.0,22,1
2024-09-07,657376,18,2,1,5.1683128181818185,16.0,13,0
2024-09-07,657514,2,1,0,0.003,2.0,1,0
2024-09-07,657571,5,0,0,2.155192,5.0,4,0
2024-09-07,657649,8,2,0,2.9250000000000003,8.0,6,1
2024-09-07,658648,7,1,0,3.557,7.0,6,1
2024-09-07,660853,8,0,1,3.3764309999999997,8.0,7,1
2024-09-07,661395,4,1,0,2.225192,4.0,2,0
2024-09-07,663432,5,2,0,1.4041904761904764,4.0,2,1
2024-09-07,663738,10,4,0,1.999,10.0,6,0
2024-09-07,663767,9,2,1,2.8524643333333333,9.0,6,0
2024-09-07,663773,4,0,0,1.34,4.0,4,0
2024-09-07,663893,2,0,0,0.176,2.0,2,0
2024-09-07,664849,3,2,0,0.11,3.0,1,0
2024-09-07,664854,4,3,0,0.632,4.0,1,0
2024-09-07,665871,24,5,3,8.132176333333335,24.0,16,2
2024-09-07,666808,3,2,0,0.056,3.0,1,0
2024-09-07,666818,6,0,0,3.121,6.0,6,0
2024-09-07,668338,4,0,1,2.833815210526316,4.0,3,1
2024-09-07,668674,3,1,0,0.362,3.0,2,0
2024-09-07,668909,7,0,3,2.998393,7.0,4,0
2024-09-07,668941,2,0,1,0.7461310000000001,2.0,1,0
2024-09-07,668964,23,11,1,4.657381,23.0,11,1
2024-09-07,669111,6,1,0,1.412,6.0,5,0
2024-09-07,669212,3,1,0,0.386,3.0,2,0
2024-09-07,669302,27,10,1,5.979595727272727,27.0,15,1
2024-09-07,669620,22,6,1,5.7845976666666665,22.0,15,0
2024-09-07,669622,6,1,0,2.392,6.0,5,0
2024-09-07,669724,3,1,0,0.558,3.0,2,0
2024-09-07,669854,8,5,1,0.925131,8.0,2,0
2024-09-07,670036,4,2,1,0.7131310000000001,4.0,1,0
2024-09-07,670059,3,0,2,1.4042620000000001,3.0,1,0
2024-09-07,670280,6,0,3,2.5280094747474746,5.0,3,0
2024-09-07,670766,20,4,0,4.452409226190476,19.0,15,2
2024-09-07,671305,3,1,1,0.909131,3.0,1,0
2024-09-07,671345,3,1,0,0.958,3.0,2,0
2024-09-07,672710,6,0,0,2.25755,6.0,6,1
2024-09-07,673513,5,2,1,2.144403727272727,5.0,2,1
2024-09-07,674370,8,3,1,1.7440005652173913,8.0,4,1
2024-09-07,674944,5,1,0,0.766,5.0,4,0
2024-09-07,675627,5,0,0,1.997421052631579,5.0,4,1
2024-09-07,676105,7,1,0,3.070421052631579,6.0,5,1
2024-09-07,676254,4,0,0,1.2717142857142858,4.0,4,0
2024-09-07,676395,9,2,0,3.152,9.0,7,0
2024-09-07,676428,20,3,1,4.427242111111111,20.0,16,0
2024-09-07,676568,3,0,0,0.692,3.0,3,0
2024-09-07,676979,12,3,1,6.882075444444445,12.0,8,2
2024-09-07,677944,7,3,0,1.1054528301886795,7.0,4,1
2024-09-07,677955,3,0,0,0.778,3.0,3,0
2024-09-07,678606,7,1,1,2.839131,7.0,5,0
2024-09-07,678821,2,1,0,0.218,2.0,1,0
2024-09-07,679525,21,5,0,7.222518387351779,21.0,14,2
2024-09-07,680730,19,5,4,8.349756142857142,19.0,10,2
2024-09-07,680736,11,2,3,3.920585,11.0,5,0
2024-09-07,680885,24,3,0,11.924038031519476,24.0,21,4
2024-09-07,681402,5,0,0,2.777,5.0,5,0
2024-09-07,681867,22,0,2,8.053680604651163,22.0,20,1
2024-09-07,681870,8,3,0,1.0419999999999998,8.0,5,0
2024-09-07,681911,3,2,0,0.083,3.0,1,0
2024-09-07,682120,3,1,0,0.29200000000000004,3.0,2,0
2024-09-07,682254,4,2,1,1.236131,4.0,1,0
2024-09-07,682847,25,2,2,11.726730893494285,25.0,20,3
2024-09-07,682989,6,0,2,3.7612620000000003,6.0,4,0
2024-09-07,683004,20,6,2,5.012185707317074,20.0,11,1
2024-09-07,683568,4,2,1,0.945131,4.0,1,0
2024-09-07,685801,3,2,0,0.5585263157894738,3.0,1,0
2024-09-07,686539,3,1,0,0.17300000000000001,3.0,2,0
2024-09-07,686580,3,2,0,0.318,3.0,1,0
2024-09-07,686730,15,4,1,3.7482167142857152,15.0,10,1
2024-09-07,686752,25,4,2,7.457332707070707,25.0,18,2
2024-09-07,687792,18,5,3,4.264393,18.0,10,0
2024-09-07,693312,4,1,1,1.243131,4.0,2,0
2024-09-08,434378,19,0,1,8.464461157894737,19.0,17,2
2024-09-08,445926,4,0,0,0.59,4.0,4,0
2024-09-08,458677,3,0,0,1.7517586206896556,3.0,3,1
2024-09-08,489446,4,0,1,0.798131,4.0,3,0
2024-09-08,502085,5,2,0,0.9559230769230769,5.0,3,1
2024-09-08,518397,3,1,0,0.732,3.0,2,0
2024-09-08,519242,23,7,1,5.197041315789474,23.0,13,0
2024-09-08,543037,23,7,1,4.611131,23.0,15,0
2024-09-08,543238,6,2,0,3.4990263157894734,6.0,4,1
2024-09-08,548389,8,2,0,5.005571428571429,8.0,6,1
2024-09-08,571578,29,5,0,11.225498746867167,28.0,23,4
2024-09-08,571656,3,2,0,0.013,3.0,1,0
2024-09-08,571760,23,8,1,6.814035411764706,23.0,14,1
2024-09-08,571927,14,4,1,3.004565782608696,14.0,9,1
2024-09-08,571945,15,3,0,7.362409090909091,15.0,12,2
2024-09-08,571948,2,1,0,0.939409090909091,2.0,1,1
2024-09-08,572955,1,0,0,0.237,1.0,1,0
2024-09-08,573124,4,0,2,2.526262,4.0,2,0
2024-09-08,592094,3,2,0,0.013,3.0,1,0
2024-09-08,592791,25,6,1,7.486846909090909,25.0,18,1
2024-09-08,593576,5,1,0,1.341,5.0,4,0
2024-09-08,596117,3,0,0,1.2429999999999999,3.0,3,0
2024-09-08,600917,3,0,0,0.579,3.0,3,0
2024-09-08,605121,4,2,0,1.2835263157894738,4.0,2,0
2024-09-08,605280,3,2,0,0.109,3.0,1,0
2024-09-08,605397,22,7,1,8.029603222222223,22.0,14,2
2024-09-08,605452,12,1,0,3.38075,12.0,11,0
2024-09-08,607536,22,4,0,3.7399999999999998,22.0,18,0
2024-09-08,608379,23,7,1,5.678462609195402,23.0,15,2
2024-09-08,608638,4,2,0,0.179,4.0,2,0
2024-09-08,621199,5,2,0,0.777,5.0,3,0
2024-09-08,621237,3,0,0,1.052,3.0,3,0
2024-09-08,621383,3,2,0,0.134,3.0,1,0
2024-09-08,622065,1,0,0,0.012,1.0,1,0
2024-09-08,622491,15,3,1,5.168585545454546,15.0,11,0
2024-09-08,622663,25,8,2,5.512262,25.0,15,0
2024-09-08,623149,5,2,0,1.0946,5.0,3,0
2024-09-08,623167,22,6,1,8.049712684567552,22.0,15,3
2024-09-08,623352,4,0,1,2.753381,4.0,3,1
2024-09-08,623465,5,1,1,2.625131,5.0,3,0
2024-09-08,628317,9,2,0,2.771,9.0,7,0
2024-09-08,628452,9,1,1,0.931,7.0,7,0
2024-09-08,640462,7,2,0,0.886,7.0,5,0
2024-09-08,641729,6,2,1,2.601914333333333,6.0,3,1
2024-09-08,641755,3,1,0,0.109,3.0,2,0
2024-09-08,641793,20,4,1,5.310341526315789,20.0,15,0
2024-09-08,641941,1,1,0,0.0,1.0,0,0
2024-09-08,642048,7,2,1,1.380131,7.0,4,0
2024-09-08,642547,23,4,2,7.143684769230769,23.0,16,1
2024-09-08,642834,6,1,1,1.865131,6.0,4,0
2024-09-08,643338,4,0,0,1.468,4.0,4,0
2024-09-08,643511,3,1,0,0.307,3.0,2,0
2024-09-08,647315,9,0,2,1.884,7.0,7,0
2024-09-08,650893,1,0,0,0.317,1.0,1,0
2024-09-08,656222,3,1,0,0.44399999999999995,3.0,2,0
2024-09-08,656232,6,0,1,2.651478826086957,6.0,5,1
2024-09-08,656240,5,1,0,1.41925,5.0,4,1
2024-09-08,656271,3,1,0,0.517,3.0,2,0
2024-09-08,656427,25,6,0,5.617,25.0,19,0
2024-09-08,656464,1,1,0,0.0,1.0,0,0
2024-09-08,656629,2,1,0,0.01,2.0,1,0
2024-09-08,656945,3,1,0,1.6059454545454543,3.0,2,1
2024-09-08,657024,3,1,0,0.424,3.0,2,0
2024-09-08,657044,6,3,0,1.865,6.0,3,0
2024-09-08,657571,5,1,1,2.209131,5.0,3,0
2024-09-08,657585,4,3,0,0.275,4.0,1,0
2024-09-08,660825,5,1,1,2.406894157894737,5.0,3,1
2024-09-08,660896,3,1,0,0.359,3.0,2,0
2024-09-08,663321,5,2,0,1.682,4.0,2,0
2024-09-08,663423,7,2,0,1.231,7.0,5,0
2024-09-08,663460,3,1,0,0.471,3.0,2,0
2024-09-08,663485,6,1,0,1.4409666666666667,6.0,5,0
2024-09-08,663574,6,2,1,2.143131,6.0,3,0
2024-09-08,663687,5,0,2,1.8312620000000002,5.0,3,0
2024-09-08,663878,6,2,0,2.0591818181818184,6.0,4,1
2024-09-08,663893,3,0,0,0.813,3.0,3,0
2024-09-08,663947,2,0,0,0.44099999999999995,2.0,2,0
2024-09-08,663992,4,1,0,0.76,4.0,3,0
2024-09-08,664076,3,1,1,0.9981310000000001,3.0,1,0
2024-09-08,664208,5,1,0,1.818192,5.0,3,0
2024-09-08,664747,3,2,0,0.079,3.0,1,0
2024-09-08,664776,4,1,1,0.781131,4.0,2,0
2024-09-08,665625,4,0,0,1.962619047619048,4.0,4,1
2024-09-08,665795,24,6,1,6.131353222222223,24.0,17,0
2024-09-08,666171,9,2,0,2.232192,9.0,6,0
2024-09-08,666808,4,0,1,2.4554788260869564,4.0,3,1
2024-09-08,667297,4,0,0,0.9810000000000001,4.0,4,0
2024-09-08,668674,4,1,0,1.243,4.0,3,0
2024-09-08,668943,8,0,0,3.381181818181818,8.0,8,1
2024-09-08,668968,6,1,2,2.4079927692307694,5.0,2,1
2024-09-08,669062,6,0,1,2.524131,6.0,5,0
2024-09-08,669194,23,4,2,7.621262,23.0,16,0
2024-09-08,669199,3,3,0,0.0,3.0,0,0
2024-09-08,669203,26,3,2,10.780725304467477,26.0,21,4
2024-09-08,669211,5,3,0,0.576,5.0,2,0
2024-09-08,669276,4,2,0,1.794,4.0,2,0
2024-09-08,669372,24,5,1,11.361372221276808,24.0,17,4
2024-09-08,669387,5,0,0,2.013,5.0,5,0
2024-09-08,669711,5,2,0,0.879,5.0,3,0
2024-09-08,670955,7,4,1,1.543131,7.0,2,0
2024-09-08,671922,3,1,0,0.369,3.0,2,0
2024-09-08,672391,8,2,1,3.847417764705882,8.0,5,1
2024-09-08,672860,5,1,0,0.26799999999999996,5.0,4,0
2024-09-08,674285,4,1,0,1.346,4.0,3,0
2024-09-08,676254,4,0,0,0.622,4.0,4,0
2024-09-08,676440,21,4,3,8.42184127586207,21.0,14,2
2024-09-08,676617,7,2,2,2.2982620000000002,7.0,3,0
2024-09-08,676661,9,2,1,3.9101509999999995,9.0,6,1
2024-09-08,677161,7,1,1,2.8,6.0,5,0
2024-09-08,678020,3,1,0,0.083,3.0,2,0
2024-09-08,680573,19,2,3,6.0550368517107245,19.0,14,1
2024-09-08,680704,2,2,0,0.0,2.0,0,0
2024-09-08,680744,22,7,1,5.343323,22.0,13,0
2024-09-08,680880,2,1,0,0.505,2.0,1,0
2024-09-08,682120,3,0,0,0.623,3.0,3,0
2024-09-08,683003,25,9,0,5.38486556036556,25.0,16,1
2024-09-08,683409,3,1,0,0.218,3.0,2,0
2024-09-08,684320,17,6,1,5.753389706467662,17.0,10,2
2024-09-08,686580,3,1,0,0.255,3.0,2,0
2024-09-08,686642,2,0,0,0.307,2.0,2,0
2024-09-08,686751,18,0,3,9.100478106382978,18.0,15,1
2024-09-08,687330,2,1,0,0.484,2.0,1,0
2024-09-08,687863,4,1,1,0.793131,4.0,2,0
2024-09-08,687924,19,2,2,4.274454,19.0,14,0
2024-09-08,688297,9,4,1,2.3473230000000003,9.0,3,0
2024-09-08,689225,5,2,2,1.4762620000000002,5.0,1,0
2024-09-08,689690,10,4,1,2.1056962173913045,10.0,5,0
2024-09-08,690916,22,2,1,5.608131,22.0,19,0
2024-09-08,692285,2,0,0,1.1547317073170735,2.0,2,1
2024-09-08,694350,4,0,0,1.236,4.0,4,0
2024-09-08,702352,18,3,1,5.569831000000001,18.0,14,1
2024-09-08,702674,11,1,1,7.542617013986014,11.0,9,3
2024-09-09,450203,28,7,2,7.8064540000000004,28.0,18,1
2024-09-09,518585,3,2,0,0.13,3.0,1,0
2024-09-09,518886,6,3,1,1.9053532222222225,6.0,2,1
2024-09-09,542888,3,1,0,0.807,3.0,2,0
2024-09-09,543294,21,2,4,6.445524,21.0,15,0
2024-09-09,543859,7,3,1,1.616131,7.0,3,0
2024-09-09,547973,6,2,1,1.8341310000000002,6.0,3,0
2024-09-09,572143,6,0,0,2.680192,6.0,5,0
2024-09-09,592767,4,1,1,2.044269888888889,4.0,2,1
2024-09-09,592773,3,3,0,0.0,3.0,0,0
2024-09-09,596133,5,2,1,1.011131,5.0,2,0
2024-09-09,598286,11,1,0,4.5129,11.0,10,0
2024-09-09,607074,26,9,1,7.690444131313131,26.0,16,2
2024-09-09,607259,24,5,1,4.634242111111111,24.0,18,0
2024-09-09,607455,5,0,0,1.3840000000000001,5.0,5,0
2024-09-09,607481,4,2,0,0.136,3.0,1,0
2024-09-09,608032,5,0,0,2.8334137931034484,5.0,5,1
2024-09-09,608344,5,3,0,1.9180833333333336,5.0,2,1
2024-09-09,608717,7,1,1,3.1636397719298244,7.0,5,1
2024-09-09,621111,23,4,1,8.507131000000001,23.0,18,1
2024-09-09,621114,7,3,0,1.332192,7.0,3,0
2024-09-09,621242,4,1,0,0.8934666666666664,4.0,3,0
2024-09-09,624522,6,1,0,2.1029999999999998,6.0,5,0
2024-09-09,641302,14,1,0,4.30545,14.0,13,1
2024-09-09,641582,5,1,1,1.9511310000000002,5.0,3,0
2024-09-09,641656,3,1,0,0.499,3.0,2,0
2024-09-09,642121,5,0,2,2.385262,5.0,3,0
2024-09-09,642232,15,2,2,3.7336460000000002,14.0,8,0
2024-09-09,642397,4,2,0,0.411,4.0,2,0
2024-09-09,642701,3,2,0,0.069,3.0,1,0
2024-09-09,650911,23,4,1,4.517131,23.0,18,0
2024-09-09,655889,4,1,0,1.3325749999999998,4.0,3,1
2024-09-09,656240,5,0,0,1.576192,5.0,4,0
2024-09-09,656546,5,2,0,1.6210454545454547,5.0,3,0
2024-09-09,656550,6,3,0,0.873,6.0,3,0
2024-09-09,656731,21,9,2,4.166338923076923,21.0,10,1
2024-09-09,657024,3,0,0,1.3159999999999998,3.0,3,0
2024-09-09,657508,4,1,0,0.509,4.0,3,0
2024-09-09,657514,3,0,0,1.3286666666666669,3.0,3,1
2024-09-09,660761,10,4,1,1.386131,10.0,5,0
2024-09-09,660853,5,1,0,1.7407833333333331,5.0,4,1
2024-09-09,661403,4,2,0,0.183,4.0,2,0
2024-09-09,663704,4,0,1,3.1783532222222224,4.0,3,1
2024-09-09,663903,22,3,3,9.044697347826087,22.0,16,1
2024-09-09,664076,5,1,1,2.7928254444444445,5.0,3,1
2024-09-09,664747,3,0,0,0.503,3.0,3,0
2024-09-09,664776,3,2,1,0.689131,3.0,0,0
2024-09-09,664849,3,0,0,1.528192,3.0,2,0
2024-09-09,666818,4,2,0,0.6920000000000001,4.0,2,0
2024-09-09,667297,6,2,2,1.833262,6.0,2,0
2024-09-09,668338,4,1,0,1.597,4.0,3,0
2024-09-09,669199,2,1,0,1.1427317073170735,2.0,1,1
2024-09-09,669674,5,2,1,0.923131,5.0,2,0
2024-09-09,670059,3,1,0,0.43,3.0,2,0
2024-09-09,670174,12,3,1,3.914097101694915,12.0,8,1
2024-09-09,672282,24,8,2,7.282492769230769,24.0,14,1
2024-09-09,672578,3,0,1,0.755131,3.0,2,0
2024-09-09,675627,3,2,0,0.6752631578947369,3.0,1,0
2024-09-09,676130,4,1,0,1.251192,4.0,2,0
2024-09-09,676282,23,10,0,3.0189999999999997,23.0,13,0
2024-09-09,678368,25,2,1,7.721216714285715,25.0,22,2
2024-09-09,678394,26,5,5,9.767809962962962,26.0,15,1
2024-09-09,678692,9,1,0,4.179605793103448,9.0,7,1
2024-09-09,680704,3,1,0,2.038175,3.0,2,1
2024-09-09,680897,14,2,4,4.486524,14.0,8,0
2024-09-09,681799,3,1,0,1.124,3.0,2,0
2024-09-09,682254,4,1,2,1.695262,4.0,1,0
2024-09-09,683568,6,1,3,2.453393,6.0,2,0
2024-09-09,683769,2,1,0,0.022,2.0,1,0
2024-09-09,685107,3,2,0,0.599,3.0,1,0
2024-09-09,687330,2,0,0,0.45199999999999996,2.0,2,0
2024-09-09,689147,3,1,0,0.823,3.0,2,0
2024-09-09,694363,13,5,0,4.551383333333333,13.0,8,1
2024-09-09,694973,24,9,1,5.555478826086957,24.0,14,1
2024-09-09,700249,21,5,2,8.824262000000001,21.0,14,2
2024-09-09,701581,18,4,3,6.852893,18.0,11,1
2024-09-10,445926,10,3,0,2.5943636363636364,10.0,7,0
2024-09-10,458677,5,2,1,1.023131,5.0,2,0
2024-09-10,493603,4,1,1,1.6282219090909091,4.0,2,1
2024-09-10,506433,20,5,0,6.901366017316018,20.0,15,3
2024-09-10,518397,5,1,0,1.575,5.0,4,0
2024-09-10,518489,4,1,0,0.9119999999999999,3.0,3,0
2024-09-10,519008,2,0,0,0.8631111111111112,2.0,2,0
2024-09-10,519151,4,1,0,0.871,4.0,3,0
2024-09-10,543135,23,6,1,10.174584077137288,23.0,16,5
2024-09-10,544150,24,8,2,5.749080875688591,24.0,14,2
2024-09-10,545121,4,0,0,2.3131364444444444,4.0,3,1
2024-09-10,547973,6,2,0,1.272,6.0,4,0
2024-09-10,573124,5,1,2,2.296262,5.0,2,0
2024-09-10,573186,24,4,2,7.634262,24.0,17,0
2024-09-10,592094,5,1,2,2.304262,5.0,2,0
2024-09-10,592426,8,3,1,1.769131,8.0,4,0
2024-09-10,593576,4,0,0,0.886,3.0,4,0
2024-09-10,594902,7,2,0,1.145,7.0,5,0
2024-09-10,595014,4,0,0,0.8509230769230768,4.0,4,0
2024-09-10,605135,26,8,1,7.832515,26.0,15,0
2024-09-10,605154,11,2,2,2.7902620000000002,11.0,7,1
2024-09-10,606930,4,1,0,2.025138888888889,4.0,3,1
2024-09-10,607625,24,10,0,3.937119047619048,24.0,14,1
2024-09-10,608638,3,0,1,1.1851310000000002,3.0,2,0
2024-09-10,608718,3,0,0,1.0330000000000001,3.0,3,0
2024-09-10,608723,6,2,2,2.1602620000000003,6.0,2,0
2024-09-10,621053,4,0,1,2.983204446327683,4.0,3,1
2024-09-10,621237,3,2,0,0.467,3.0,1,0
2024-09-10,621366,2,1,0,0.485,2.0,1,0
2024-09-10,621381,3,0,0,0.128,3.0,3,0
2024-09-10,621383,6,0,2,3.183262,6.0,4,1
2024-09-10,622065,3,1,0,0.33999999999999997,3.0,2,0
2024-09-10,622554,4,2,0,0.8160000000000001,4.0,2,0
2024-09-10,623211,8,1,1,3.6816397719298246,8.0,6,1
2024-09-10,623352,4,1,1,0.8741310000000001,4.0,2,0
2024-09-10,623465,8,1,1,1.633,7.0,6,0
2024-09-10,624133,29,2,2,13.118455548387097,29.0,25,1
2024-09-10,625643,5,1,0,1.845192,5.0,3,0
2024-09-10,640462,3,3,0,0.0,3.0,0,0
2024-09-10,641154,30,10,1,9.814464082091481,30.0,19,3
2024-09-10,641835,7,2,0,1.598,7.0,5,0
2024-09-10,641941,6,3,1,1.5581310000000002,6.0,2,0
2024-09-10,642048,1,0,0,0.056,1.0,1,0
2024-09-10,642207,5,2,1,0.8501310000000001,5.0,2,0
2024-09-10,642520,1,1,0,0.0,1.0,0,0
2024-09-10,642701,5,1,1,1.7801310000000001,5.0,3,0
2024-09-10,643338,3,1,0,0.9279999999999999,3.0,2,0
2024-09-10,643410,7,2,0,2.1227021276595743,7.0,5,1
2024-09-10,647315,2,1,0,0.7304545454545456,2.0,1,0
2024-09-10,650556,6,5,0,0.0,5.0,1,0
2024-09-10,650644,20,2,1,6.112069164294722,20.0,17,3
2024-09-10,650893,3,1,0,0.016,3.0,2,0
2024-09-10,655889,3,0,0,0.9590000000000001,3.0,3,0
2024-09-10,656288,29,4,3,10.999890722567288,29.0,22,3
2024-09-10,656464,5,1,1,1.077131,5.0,3,0
2024-09-10,656730,3,1,0,0.21,3.0,2,0
2024-09-10,656849,24,2,2,9.040882571428572,24.0,19,2
2024-09-10,656945,5,1,2,1.712262,5.0,2,0
2024-09-10,657044,3,0,0,0.386,3.0,3,0
2024-09-10,657514,4,0,1,0.915,3.0,3,0
2024-09-10,658648,8,0,0,2.295,8.0,8,0
2024-09-10,660813,5,0,0,3.0140000000000002,5.0,5,0
2024-09-10,660825,8,3,0,1.342,8.0,5,0
2024-09-10,663158,5,2,0,1.439,5.0,3,0
2024-09-10,663432,7,1,1,3.566131,7.0,5,0
2024-09-10,663460,3,2,0,0.06,3.0,1,0
2024-09-10,663546,4,1,0,0.8400000000000001,4.0,3,0
2024-09-10,663574,3,1,0,0.612,3.0,2,0
2024-09-10,663687,7,3,0,0.8452999999999999,7.0,4,0
2024-09-10,663878,4,0,0,1.736,4.0,4,0
2024-09-10,663893,3,0,1,1.202131,3.0,2,0
2024-09-10,663941,8,1,0,3.9157275862068968,8.0,7,2
2024-09-10,663992,5,1,1,2.409131,5.0,3,0
2024-09-10,664875,2,0,0,0.8680000000000001,2.0,2,0
2024-09-10,666214,10,3,0,2.303,10.0,7,0
2024-09-10,666277,12,4,1,3.486048454545455,12.0,6,1
2024-09-10,666974,4,2,1,1.299131,4.0,1,0
2024-09-10,667463,6,2,0,0.42900000000000005,6.0,4,0
2024-09-10,668678,19,7,2,4.525454307692308,19.0,10,1
2024-09-10,669022,23,3,3,9.349384747474748,23.0,15,3
2024-09-10,669084,5,1,1,1.037131,5.0,3,0
2024-09-10,669093,3,0,0,0.43300000000000005,3.0,3,0
2024-09-10,669212,7,1,1,1.8241310000000002,7.0,5,0
2024-09-10,669387,6,1,0,0.591,6.0,5,0
2024-09-10,669467,25,6,5,8.526655,25.0,14,0
2024-09-10,669923,22,4,1,8.895820393939394,22.0,17,2
2024-09-10,670036,7,2,0,2.027625,7.0,5,0
2024-09-10,670124,25,2,3,8.795604229946523,23.0,18,2
2024-09-10,670167,3,2,0,0.013,3.0,1,0
2024-09-10,670280,3,1,0,0.542,3.0,2,0
2024-09-10,670871,4,0,0,1.0826500000000001,4.0,4,0
2024-09-10,670955,6,1,0,3.495922769230769,6.0,4,1
2024-09-10,671305,4,2,0,1.2055384615384617,4.0,2,1
2024-09-10,671737,26,6,2,10.47694315942029,26.0,18,4
2024-09-10,671922,3,1,0,0.515,3.0,2,0
2024-09-10,672335,5,1,0,0.8069999999999999,5.0,4,0
2024-09-10,672391,1,0,0,0.364,1.0,1,0
2024-09-10,672456,27,5,0,6.064,27.0,22,0
2024-09-10,672710,5,1,1,1.337131,5.0,3,0
2024-09-10,676664,24,1,2,8.776444337662337,24.0,21,2
2024-09-10,676710,27,6,1,8.00599374509804,27.0,20,1
2024-09-10,677161,5,2,2,1.4232620000000002,5.0,1,0
2024-09-10,677955,3,0,0,0.574,2.0,2,0
2024-09-10,679156,6,0,1,2.485323,6.0,4,0
2024-09-10,679885,3,2,0,0.39,3.0,1,0
2024-09-10,680732,14,3,1,3.796131,14.0,10,0
2024-09-10,680767,3,2,0,0.142,3.0,1,0
2024-09-10,681293,27,7,1,7.915564333333334,27.0,19,1
2024-09-10,681402,3,1,0,1.071409090909091,3.0,2,1
2024-09-10,681676,3,0,1,0.816131,3.0,2,0
2024-09-10,681870,4,1,1,1.496131,4.0,2,0
2024-09-10,681911,5,0,1,1.235131,5.0,4,0
2024-09-10,682120,3,0,1,0.8571310000000001,3.0,2,0
2024-09-10,683627,11,2,2,5.142381047619048,11.0,7,1
2024-09-10,683769,3,1,0,0.733,3.0,2,0
2024-09-10,684007,26,4,0,9.594138823012736,26.0,22,4
2024-09-10,685801,1,1,0,0.0,1.0,0,0
2024-09-10,686563,22,4,1,7.653656,22.0,17,0
2024-09-10,686747,7,2,0,2.1047619047619053,7.0,5,1
2024-09-10,686973,8,3,1,2.628131,8.0,4,0
2024-09-10,687134,21,4,5,9.810464116809117,21.0,12,2
2024-09-10,687863,4,0,1,1.8034643333333333,4.0,3,0
2024-09-10,688297,5,2,0,0.193,5.0,3,0
2024-09-10,689147,2,1,0,0.228,2.0,1,0
2024-09-10,692285,5,2,0,0.692,5.0,3,0
2024-09-10,693312,8,0,3,5.493931461538462,8.0,5,1
2024-09-10,694350,4,1,0,1.831175,4.0,3,1
2024-09-10,694738,19,3,0,4.819,19.0,16,0
2024-09-10,695076,19,3,0,6.028730769230769,18.0,15,1
2024-09-10,695243,3,0,0,1.041,3.0,3,0
2024-09-10,808967,15,8,0,3.339,15.0,7,0
2024-09-11,445276,3,0,0,1.0899999999999999,3.0,3,0
2024-09-11,455119,4,1,0,1.15,4.0,3,0
2024-09-11,458677,2,0,0,0.61,2.0,2,0
2024-09-11,458681,21,7,1,6.033131,21.0,13,0
2024-09-11,502624,12,2,1,3.649176454545455,12.0,9,0
2024-09-11,518585,6,4,0,1.4850000000000003,6.0,2,1
2024-09-11,518876,18,3,2,7.033052954415955,18.0,13,2
2024-09-11,519008,1,1,0,0.0,1.0,0,0
2024-09-11,519326,2,0,0,0.8772222222222223,2.0,2,1
2024-09-11,542888,6,0,1,2.7404553243243246,6.0,5,1
2024-09-11,543339,5,1,2,2.231262,5.0,2,0
2024-09-11,552640,3,2,0,0.394,3.0,1,0
2024-09-11,554430,26,9,3,8.18015812605042,26.0,14,3
2024-09-11,571510,23,9,2,5.534454,23.0,11,0
2024-09-11,571656,5,1,1,3.097623034482759,4.0,2,1
2024-09-11,571670,4,0,1,1.6611310000000001,4.0,3,0
2024-09-11,571882,5,1,0,2.0940000000000003,5.0,4,0
2024-09-11,571948,4,2,0,0.296,4.0,2,0
2024-09-11,573204,4,2,1,1.186131,4.0,1,0
2024-09-11,592454,3,1,0,0.628,3.0,2,0
2024-09-11,592773,5,0,1,1.527131,5.0,4,0
2024-09-11,593974,3,0,0,0.46799999999999997,3.0,3,0
2024-09-11,595014,3,1,0,0.447,3.0,2,0
2024-09-11,596133,5,3,0,0.183,5.0,2,0
2024-09-11,601713,23,9,1,4.134131,23.0,13,0
2024-09-11,605121,4,0,0,1.3110000000000002,4.0,4,0
2024-09-11,605280,5,1,0,1.58,5.0,4,0
2024-09-11,605463,4,0,1,1.995323,4.0,2,0
2024-09-11,605483,21,8,2,4.953671090909091,21.0,11,1
2024-09-11,607067,23,1,1,8.585768271330819,23.0,21,3
2024-09-11,607481,1,1,0,0.0,1.0,0,0
2024-09-11,608032,3,0,0,1.433,3.0,3,0
2024-09-11,608331,27,6,0,9.771650333333334,27.0,20,2
2024-09-11,608718,1,0,0,0.028,1.0,1,0
2024-09-11,621053,6,0,0,2.071,6.0,6,0
2024-09-11,621237,3,1,0,0.039,3.0,2,0
2024-09-11,621242,1,0,0,0.01,1.0,1,0
2024-09-11,621381,3,0,0,0.179,3.0,3,0
2024-09-11,622259,5,0,0,1.868,5.0,5,0
2024-09-11,622554,4,2,0,1.2427857142857144,4.0,2,0
2024-09-11,623465,3,1,0,1.2309166666666664,3.0,2,1
2024-09-11,624522,4,0,1,0.912131,4.0,3,0
2024-09-11,640448,3,1,0,0.251,3.0,2,0
2024-09-11,640455,27,8,4,7.257524,27.0,15,0
2024-09-11,641343,6,1,0,3.0072351282051293,6.0,5,3
2024-09-11,641582,3,1,2,1.378262,3.0,0,0
2024-09-11,641771,8,2,0,2.372333333333333,8.0,6,0
2024-09-11,642834,12,0,1,5.272793309409889,12.0,9,1
2024-09-11,643338,6,0,3,2.2103930000000003,6.0,3,0
2024-09-11,643377,6,3,1,1.063131,6.0,2,0
2024-09-11,650633,22,6,2,6.561254,22.0,13,0
2024-09-11,650671,4,0,0,1.2734666666666665,4.0,4,0
2024-09-11,650893,4,0,1,3.8310005652173915,4.0,3,2
2024-09-11,656222,2,0,0,0.169,2.0,2,0
2024-09-11,656234,8,4,0,1.627,8.0,4,0
2024-09-11,656271,6,2,1,1.3896666666666666,5.0,3,0
2024-09-11,656464,1,0,0,0.017,1.0,1,0
2024-09-11,656629,5,1,3,2.0843930000000004,5.0,1,0
2024-09-11,656756,11,0,1,3.8981310000000002,11.0,10,0
2024-09-11,656876,8,1,1,1.8871310000000001,8.0,6,0
2024-09-11,657571,7,3,0,0.96,7.0,4,0
2024-09-11,657585,4,1,0,1.6020967741935483,4.0,3,0
2024-09-11,657612,4,0,0,1.815,4.0,4,0
2024-09-11,660896,5,0,0,2.442739130434783,4.0,4,1
2024-09-11,661395,6,2,0,2.427,6.0,4,0
2024-09-11,661403,4,2,0,0.713,4.0,2,0
2024-09-11,661563,22,5,2,8.812306767090138,22.0,15,3
2024-09-11,662253,3,2,0,0.051,3.0,1,0
2024-09-11,663436,16,4,1,3.829612389578164,15.0,10,0
2024-09-11,663460,6,0,1,1.051,4.0,5,0
2024-09-11,663485,3,2,1,0.689131,3.0,0,0
2024-09-11,663546,7,1,1,2.2973483913043475,7.0,5,1
2024-09-11,663554,21,7,0,8.058014727272727,21.0,13,2
2024-09-11,663559,25,5,3,6.994710016317017,25.0,17,2
2024-09-11,663623,21,5,1,5.080481,21.0,15,3
2024-09-11,663773,4,1,0,1.0562424242424244,4.0,3,1
2024-09-11,663947,7,1,0,1.187,7.0,6,0
2024-09-11,664776,5,1,2,1.7062620000000002,5.0,2,0
2024-09-11,664849,1,0,0,0.317,1.0,1,0
2024-09-11,664854,3,1,0,0.34,3.0,2,0
2024-09-11,665152,28,7,2,5.896887,28.0,19,0
2024-09-11,665625,10,2,2,3.502062,10.0,6,0
2024-09-11,666142,23,7,3,6.010803256410256,23.0,13,1
2024-09-11,666974,1,0,0,0.005,1.0,1,0
2024-09-11,668338,3,1,0,0.154,3.0,2,0
2024-09-11,668674,7,2,0,1.385,7.0,5,0
2024-09-11,668941,2,1,0,0.342,2.0,1,0
2024-09-11,669111,1,0,0,0.953,1.0,1,0
2024-09-11,669199,1,0,0,0.217,1.0,1,0
2024-09-11,669211,3,1,0,1.7227142857142859,3.0,2,1
2024-09-11,669358,20,4,1,3.9712976666666666,20.0,15,0
2024-09-11,669391,9,0,0,4.318,9.0,9,0
2024-09-11,669461,4,0,0,1.084,4.0,4,0
2024-09-11,669674,4,0,1,1.962131,4.0,3,0
2024-09-11,669711,4,0,0,1.7940909090909092,4.0,4,1
2024-09-11,670059,3,0,0,0.8361920000000002,3.0,2,0
2024-09-11,670102,28,1,1,7.320199210526316,28.0,24,2
2024-09-11,670280,5,2,0,1.266,5.0,3,0
2024-09-11,670970,5,0,2,2.462262,5.0,3,0
2024-09-11,671345,4,2,1,0.927131,4.0,1,0
2024-09-11,671922,4,2,0,0.33299999999999996,4.0,2,0
2024-09-11,672335,4,0,1,1.166131,4.0,3,0
2024-09-11,672391,3,0,0,0.22,3.0,3,0
2024-09-11,672860,4,1,1,0.7481310000000001,4.0,2,0
2024-09-11,674003,20,4,0,10.219136965811966,20.0,16,4
2024-09-11,675540,16,3,0,4.362126794258374,16.0,13,1
2024-09-11,676092,4,1,0,0.791,4.0,3,0
2024-09-11,676272,22,2,4,10.335052942340115,22.0,16,2
2024-09-11,676684,4,1,0,1.2711379310344828,4.0,3,1
2024-09-11,677944,6,0,1,1.710131,6.0,5,0
2024-09-11,678226,7,3,0,1.198,7.0,4,0
2024-09-11,678606,5,1,0,1.305,5.0,4,0
2024-09-11,678821,5,2,1,0.760131,4.0,2,0
2024-09-11,680704,6,2,1,1.1351310000000001,6.0,3,0
2024-09-11,681799,3,2,0,0.3,3.0,1,0
2024-09-11,681810,11,2,2,3.3152619999999997,11.0,7,0
2024-09-11,681911,4,0,1,0.7411310000000001,4.0,3,0
2024-09-11,682227,19,5,2,6.327770771929824,19.0,12,1
2024-09-11,683155,27,2,1,9.39686176923077,27.0,24,1
2024-09-11,683409,6,1,0,0.855,6.0,5,0
2024-09-11,683769,3,3,0,0.0,3.0,0,0
2024-09-11,685299,19,1,0,9.76559696969697,19.0,18,1
2024-09-11,686539,3,0,0,1.1280000000000001,3.0,3,0
2024-09-11,686580,4,0,0,2.9967540983606558,4.0,4,1
2024-09-11,686613,26,7,1,7.668872935483871,26.0,18,1
2024-09-11,686642,5,2,0,0.766,5.0,3,0
2024-09-11,686799,25,3,1,10.98990893939394,25.0,19,2
2024-09-11,687330,4,0,0,1.7161920000000002,4.0,3,0
2024-09-11,693433,23,5,1,6.307131,23.0,17,2
2024-09-11,695243,3,0,0,0.362,3.0,3,0
2024-09-11,696136,21,2,4,10.041205782945736,21.0,15,3
2024-09-11,700187,2,1,0,0.605,2.0,1,0
2024-09-11,805673,17,5,2,6.3111892727272725,17.0,10,2
2024-09-12,445276,3,1,0,0.334,3.0,2,0
2024-09-12,455119,3,2,0,0.492,3.0,1,0
2024-09-12,489446,4,2,0,0.265,4.0,2,0
2024-09-12,502085,3,2,0,0.147,3.0,1,0
2024-09-12,519008,3,0,0,1.326,3.0,3,0
2024-09-12,519151,5,2,1,3.141131,5.0,2,1
2024-09-12,543243,22,9,2,5.162262,22.0,11,0
2024-09-12,552640,6,2,1,1.454131,6.0,3,0
2024-09-12,571882,6,0,1,2.874131,6.0,5,0
2024-09-12,592155,3,0,2,1.8632620000000002,3.0,1,0
2024-09-12,592454,6,1,1,1.656631,6.0,4,0
2024-09-12,593423,22,8,2,4.995497930735931,22.0,12,1
2024-09-12,596001,18,3,0,4.792883333333333,18.0,15,1
2024-09-12,605177,7,3,1,2.1392976666666668,7.0,3,0
2024-09-12,605280,2,0,0,0.306,2.0,2,0
2024-09-12,608723,3,0,0,0.068,3.0,3,0
2024-09-12,622786,6,2,0,1.314,6.0,4,0
2024-09-12,623352,4,2,0,1.260037037037037,4.0,2,1
2024-09-12,641482,20,9,3,5.858067603174604,20.0,8,0
2024-09-12,641656,5,3,0,0.248,5.0,2,0
2024-09-12,641755,5,2,1,0.935131,5.0,2,0
2024-09-12,642048,2,0,0,0.466,2.0,2,0
2024-09-12,642121,9,4,1,1.756131,9.0,4,0
2024-09-12,642207,5,2,0,1.6139999999999999,5.0,3,0
2024-09-12,642520,3,1,1,1.456131,3.0,1,0
2024-09-12,650556,1,0,0,0.361,1.0,1,0
2024-09-12,655889,4,2,0,1.197,4.0,2,0
2024-09-12,656730,3,3,0,0.0,3.0,0,0
2024-09-12,657612,4,1,0,0.8270000000000001,4.0,3,0
2024-09-12,658648,6,0,1,1.904131,6.0,5,0
2024-09-12,663372,22,6,2,6.4219634341590615,22.0,14,1
2024-09-12,663432,2,0,0,0.507,2.0,2,0
2024-09-12,663992,3,0,0,0.636,3.0,3,0
2024-09-12,664076,4,0,1,1.091131,4.0,3,0
2024-09-12,664285,26,6,1,6.369130999999999,26.0,19,0
2024-09-12,666808,4,1,1,0.807131,4.0,2,0
2024-09-12,668909,24,5,2,10.14391576984127,24.0,17,3
2024-09-12,668941,6,0,0,2.6803636363636363,6.0,6,0
2024-09-12,668984,2,0,0,0.43299999999999994,2.0,2,0
2024-09-12,669062,4,1,0,0.8260000000000001,4.0,3,0
2024-09-12,669373,22,6,0,6.99336936222692,22.0,16,2
2024-09-12,669622,1,1,0,0.0,1.0,0,0
2024-09-12,669724,4,2,0,1.431,4.0,2,0
2024-09-12,670036,4,1,1,0.7131310000000001,4.0,2,0
2024-09-12,670174,1,0,0,0.518,1.0,1,0
2024-09-12,670766,23,1,2,8.929787806451612,23.0,20,1
2024-09-12,671345,5,0,0,2.1603636363636363,5.0,5,0
2024-09-12,674944,5,2,0,0.314,5.0,3,0
2024-09-12,676092,5,0,0,2.718999042145594,5.0,5,2
2024-09-12,676395,2,1,0,0.069,2.0,1,0
2024-09-12,676879,5,2,0,1.6741904761904762,5.0,3,1
2024-09-12,677161,1,0,0,0.728,1.0,1,0
2024-09-12,677958,17,7,2,3.9998810476190476,16.0,8,1
2024-09-12,678020,3,1,0,0.066,3.0,2,0
2024-09-12,678821,1,1,0,0.0,1.0,0,0
2024-09-12,680730,25,5,0,6.202300974358974,25.0,19,2
2024-09-12,680767,3,1,1,0.7431310000000001,3.0,1,0
2024-09-12,680880,6,0,1,2.454,5.0,5,0
2024-09-12,681867,23,4,3,10.056914380764164,23.0,15,3
2024-09-12,681870,5,2,0,0.315,5.0,3,0
2024-09-12,682243,23,7,1,6.426373424242424,22.0,14,1
2024-09-12,682254,3,2,0,0.156,3.0,1,0
2024-09-12,685107,5,3,0,0.35900000000000004,5.0,2,0
2024-09-12,686580,4,1,0,1.957,4.0,3,0
2024-09-12,686730,18,4,3,8.640938852335758,18.0,11,3
2024-09-12,686747,3,0,0,0.675,2.0,3,0
2024-09-12,686752,12,1,2,4.6632620000000005,12.0,9,0
2024-09-12,687765,28,2,0,8.91718824602122,27.0,26,3
2024-09-12,689958,4,0,1,1.5425156153846156,4.0,3,0
2024-09-12,700187,4,0,0,0.8111538461538464,4.0,4,1
2024-09-12,702352,8,1,0,2.3274102564102557,8.0,7,1
2024-09-12,806185,17,4,1,4.852131,17.0,12,0
2024-09-13,500779,23,4,0,6.45555,23.0,19,1
2024-09-13,502085,6,0,1,4.001731,6.0,5,1
2024-09-13,543339,4,1,1,0.7271310000000001,4.0,2,0
2024-09-13,543859,7,1,0,1.891,7.0,6,0
2024-09-13,570632,10,2,1,4.788023771929825,10.0,5,1
2024-09-13,571656,3,0,0,1.46,3.0,3,0
2024-09-13,572955,3,0,0,0.363,3.0,3,0
2024-09-13,573009,4,1,1,1.227131,4.0,2,0
2024-09-13,573124,3,0,0,1.016,3.0,3,0
2024-09-13,579328,26,6,2,7.029278666666668,26.0,18,1
2024-09-13,592094,3,0,0,1.2890000000000001,3.0,3,0
2024-09-13,592155,3,1,1,1.902761434782609,3.0,1,1
2024-09-13,592332,31,3,2,13.077330181818182,31.0,26,1
2024-09-13,592767,4,1,1,1.8101310000000002,4.0,2,0
2024-09-13,593958,22,7,3,7.270627821812596,20.0,12,2
2024-09-13,594798,16,4,0,3.813382476190476,16.0,11,1
2024-09-13,596133,7,5,0,0.727,7.0,2,0
2024-09-13,596295,27,4,1,8.399676454545455,27.0,22,1
2024-09-13,600917,2,1,0,0.876,2.0,1,0
2024-09-13,605121,3,2,0,0.561,3.0,1,0
2024-09-13,605400,21,7,2,6.171888794258374,21.0,12,0
2024-09-13,606303,3,2,0,0.108,3.0,1,0
2024-09-13,607200,20,3,1,6.793702428571429,20.0,16,1
2024-09-13,608638,3,3,0,0.0,3.0,0,0
2024-09-13,608717,7,0,0,2.621192,7.0,6,0
2024-09-13,608723,4,1,2,2.092262,4.0,1,0
2024-09-13,614179,3,1,0,1.258,3.0,2,0
2024-09-13,621053,3,2,0,0.26,3.0,1,0
2024-09-13,621107,25,3,1,8.275988142857143,25.0,21,1
2024-09-13,621199,2,1,1,0.689131,2.0,0,0
2024-09-13,621366,3,1,0,0.148,3.0,2,0
2024-09-13,622065,8,2,3,3.1930730000000005,8.0,3,1
2024-09-13,623352,3,2,0,0.016,3.0,1,0
2024-09-13,628452,3,1,0,0.236,3.0,2,0
2024-09-13,640448,4,0,0,1.3960000000000001,4.0,4,0
2024-09-13,640462,6,1,2,1.265131,5.0,3,0
2024-09-13,641703,8,1,0,1.81,8.0,7,0
2024-09-13,641729,3,2,0,0.251,3.0,1,0
2024-09-13,641793,20,5,0,3.524,20.0,15,0
2024-09-13,641927,27,6,2,5.824137,26.0,19,0
2024-09-13,641941,3,1,0,1.273185185185185,3.0,2,1
2024-09-13,642048,2,0,0,0.5660000000000001,2.0,2,0
2024-09-13,642207,3,1,0,0.48479999999999995,3.0,2,0
2024-09-13,642397,4,1,0,0.6890000000000001,3.0,2,0
2024-09-13,642547,23,5,4,9.529857333333334,23.0,14,1
2024-09-13,643410,7,2,0,2.599413793103448,7.0,5,1
2024-09-13,650556,3,2,0,0.399,3.0,1,0
2024-09-13,650893,5,1,0,1.9470199999999995,5.0,4,1
2024-09-13,656271,6,0,1,2.582666666666667,5.0,5,1
2024-09-13,656302,23,10,2,5.893262,23.0,11,0
2024-09-13,656457,2,0,0,1.3588,2.0,2,1
2024-09-13,656730,3,0,1,0.814131,3.0,2,0
2024-09-13,656848,4,0,0,1.225,4.0,4,0
2024-09-13,656945,3,2,0,0.339,3.0,1,0
2024-09-13,657024,3,1,0,0.45199999999999996,3.0,2,0
2024-09-13,657044,3,2,0,0.379,3.0,1,0
2024-09-13,657277,21,4,1,7.2151309999999995,20.0,15,1
2024-09-13,657376,22,5,1,6.981582366120219,22.0,16,2
2024-09-13,657649,3,1,0,0.575,3.0,2,0
2024-09-13,660761,15,5,0,5.058,15.0,10,0
2024-09-13,660813,4,1,1,1.000131,4.0,2,0
2024-09-13,660896,3,0,1,2.6022143333333334,3.0,2,1
2024-09-13,662253,3,1,0,0.294,3.0,2,0
2024-09-13,663423,3,0,0,0.423,3.0,3,0
2024-09-13,663574,1,0,0,0.329,1.0,1,0
2024-09-13,663738,4,2,0,0.588,4.0,2,0
2024-09-13,663878,4,0,0,2.2242499999999996,4.0,4,1
2024-09-13,663893,3,1,0,0.259,3.0,2,0
2024-09-13,663941,11,4,0,2.179192,11.0,6,0
2024-09-13,663947,4,2,0,0.5790000000000001,4.0,2,0
2024-09-13,664208,3,1,0,0.325,3.0,2,0
2024-09-13,664747,3,1,0,0.506,3.0,2,0
2024-09-13,665019,6,0,1,3.270631,6.0,5,1
2024-09-13,665795,23,9,1,4.039100777777778,22.0,11,0
2024-09-13,665871,26,5,3,12.14885398901099,26.0,18,3
2024-09-13,666171,3,0,0,0.717,3.0,3,0
2024-09-13,666214,8,2,1,1.8871310000000001,8.0,5,0
2024-09-13,666808,5,2,0,1.8988461538461534,5.0,3,1
2024-09-13,667297,4,0,0,1.6329166666666663,4.0,4,1
2024-09-13,667463,4,0,0,3.403652271704903,4.0,4,1
2024-09-13,668943,3,0,0,0.482,3.0,3,0
2024-09-13,669093,3,0,0,0.47900000000000004,3.0,3,0
2024-09-13,669212,6,1,0,1.4054,6.0,5,0
2024-09-13,669461,11,3,1,2.403131,11.0,7,0
2024-09-13,669620,21,2,1,5.263731,21.0,18,0
2024-09-13,669711,3,0,0,0.983,2.0,2,0
2024-09-13,669724,3,2,0,0.173,3.0,1,0
2024-09-13,670955,5,2,0,0.346,5.0,3,0
2024-09-13,671305,5,3,0,0.301,5.0,2,0
2024-09-13,672578,6,1,1,2.067894157894737,6.0,4,1
2024-09-13,672860,6,1,0,1.622,6.0,5,0
2024-09-13,674285,3,0,0,0.62,3.0,3,0
2024-09-13,675627,7,1,0,2.066606060606061,7.0,6,1
2024-09-13,676106,24,5,1,8.132365,24.0,16,1
2024-09-13,676428,18,8,1,2.316131,18.0,9,0
2024-09-13,676440,25,9,0,8.26795941442668,25.0,16,4
2024-09-13,676661,11,1,0,5.151,11.0,10,0
2024-09-13,676979,15,4,0,4.468459662670189,15.0,11,3
2024-09-13,677161,3,0,2,1.808262,3.0,1,0
2024-09-13,677955,3,0,0,0.719,3.0,3,0
2024-09-13,678020,3,1,0,0.33099999999999996,3.0,2,0
2024-09-13,678606,8,1,0,1.8090000000000002,8.0,7,0
2024-09-13,679156,5,0,0,1.856,5.0,5,0
2024-09-13,679525,23,11,2,7.382993707317073,23.0,10,1
2024-09-13,679885,3,1,0,0.368,3.0,2,0
2024-09-13,680767,6,0,1,5.163131,6.0,5,1
2024-09-13,680885,23,6,1,5.995485545454545,23.0,16,2
2024-09-13,681402,6,1,0,2.01,6.0,5,0
2024-09-13,681676,7,1,1,1.5933043478260873,6.0,5,1
2024-09-13,681799,4,0,0,1.4682380952380947,4.0,4,1
2024-09-13,681810,2,1,0,0.207,2.0,1,0
2024-09-13,682254,3,1,0,2.029446808510638,3.0,2,1
2024-09-13,682847,20,5,2,7.981892434782609,20.0,13,2
2024-09-13,685107,5,0,0,2.813754098360656,5.0,5,1
2024-09-13,686580,5,2,0,1.31,5.0,3,0
2024-09-13,686642,5,2,1,1.3911310000000001,5.0,2,0
2024-09-13,687330,4,1,1,0.8791310000000001,4.0,2,0
2024-09-13,687792,20,5,1,5.992499713450293,20.0,14,3
2024-09-13,687924,24,4,2,6.605702275862068,24.0,17,1
2024-09-13,689017,15,2,2,9.234811523264684,15.0,11,5
2024-09-13,689225,4,1,0,0.7103636363636364,4.0,3,0
2024-09-13,689958,3,1,0,0.364,3.0,2,0
2024-09-13,690916,20,2,3,7.066978714285715,20.0,15,0
2024-09-13,691951,16,0,5,7.747751774193548,16.0,11,0
2024-09-13,692285,3,2,0,0.4233333333333333,3.0,1,0
2024-09-13,693312,7,2,0,2.364932203389831,7.0,5,1
2024-09-13,695243,4,2,0,0.743,4.0,2,0
2024-09-14,434378,21,2,2,5.0992619999999995,21.0,17,1
2024-09-14,453286,19,2,2,9.473367263157895,19.0,15,2
2024-09-14,500743,4,0,0,1.68168,4.0,4,1
2024-09-14,502043,23,1,3,8.2960056984127,23.0,19,1
2024-09-14,518397,3,1,0,0.5760000000000001,3.0,2,0
2024-09-14,518489,3,0,0,1.8752222222222223,3.0,3,1
2024-09-14,519151,5,0,0,2.13875,5.0,5,0
2024-09-14,519242,23,6,2,6.936946464184464,23.0,15,2
2024-09-14,519326,3,0,0,0.885,3.0,3,0
2024-09-14,542881,25,4,3,8.964393000000001,25.0,18,1
2024-09-14,543037,22,2,3,8.377371333333334,21.0,14,1
2024-09-14,571578,23,6,1,5.584131,22.0,15,0
2024-09-14,571657,3,0,0,0.42,3.0,3,0
2024-09-14,571670,13,1,2,8.556440843535238,12.0,9,4
2024-09-14,571771,3,0,0,0.5156666666666666,3.0,3,0
2024-09-14,571882,4,2,0,0.648,4.0,2,0
2024-09-14,571946,4,0,0,2.395,4.0,4,0
2024-09-14,571948,7,1,0,1.666,7.0,6,0
2024-09-14,573204,6,0,1,2.230131,6.0,5,0
2024-09-14,592426,4,0,1,0.951131,4.0,3,0
2024-09-14,592767,3,0,1,0.795923076923077,2.0,2,1
2024-09-14,592773,5,2,0,1.436,5.0,3,1
2024-09-14,592791,24,6,1,10.280320290905689,24.0,17,3
2024-09-14,592836,11,0,0,4.196916666666667,11.0,11,1
2024-09-14,593576,3,1,0,0.527,3.0,2,0
2024-09-14,600917,5,0,2,1.815131,4.0,3,0
2024-09-14,605121,4,0,2,2.380262,4.0,2,0
2024-09-14,605397,22,8,0,5.141192,22.0,13,0
2024-09-14,605463,4,0,2,2.107454,4.0,1,0
2024-09-14,607259,22,6,0,3.398192,22.0,15,0
2024-09-14,607481,4,1,0,0.615,4.0,3,0
2024-09-14,607536,29,3,1,9.812704216374268,29.0,25,3
2024-09-14,608032,4,0,0,1.61,4.0,4,0
2024-09-14,608379,22,8,3,4.680193,22.0,11,0
2024-09-14,608718,11,2,0,4.718061565217392,11.0,8,1
2024-09-14,621114,3,1,0,0.109,3.0,2,0
2024-09-14,621244,25,4,2,8.221580604651162,25.0,19,1
2024-09-14,622268,5,0,0,0.996,5.0,5,0
2024-09-14,622554,7,1,0,3.5763277777777778,7.0,6,2
2024-09-14,622663,22,5,1,6.5493143962408755,22.0,16,2
2024-09-14,623167,22,8,2,6.299262,22.0,12,0
2024-09-14,623465,6,0,2,4.071664564102564,6.0,4,1
2024-09-14,628317,9,2,1,4.562823,9.0,5,1
2024-09-14,640448,3,1,0,1.123,3.0,2,0
2024-09-14,641302,20,2,2,5.124381,19.0,16,0
2024-09-14,641755,3,2,0,0.011,3.0,1,0
2024-09-14,641771,7,1,2,3.176454,7.0,3,0
2024-09-14,641835,13,2,0,4.2645294117647055,13.0,11,1
2024-09-14,656222,3,0,0,0.652,3.0,3,0
2024-09-14,656234,3,1,0,1.333,3.0,2,0
2024-09-14,656240,12,1,0,4.4703333333333335,12.0,11,1
2024-09-14,656427,18,4,4,7.5240698937198065,18.0,10,1
2024-09-14,656546,4,0,0,3.2235886666666667,4.0,3,2
2024-09-14,656550,4,0,0,2.055625,4.0,4,0
2024-09-14,656605,26,6,1,9.537980619099356,26.0,18,2
2024-09-14,656876,7,2,0,1.573,7.0,5,0
2024-09-14,657508,6,4,0,0.8959230769230768,6.0,2,0
2024-09-14,657585,4,2,1,1.6153532222222224,4.0,1,1
2024-09-14,657612,4,1,1,1.099131,4.0,2,0
2024-09-14,660600,8,0,0,2.5090000000000003,8.0,8,0
2024-09-14,660853,7,1,0,1.6173333333333333,7.0,6,0
2024-09-14,662253,3,0,0,0.632,3.0,3,0
2024-09-14,663460,2,2,0,0.0,2.0,0,0
2024-09-14,663465,17,3,3,5.972143,17.0,11,0
2024-09-14,663546,13,1,2,4.216262,13.0,10,0
2024-09-14,663687,1,0,0,0.5046428571428572,1.0,1,0
2024-09-14,663704,4,0,1,1.9951310000000002,4.0,3,0
2024-09-14,663855,9,1,1,3.1385447931034482,9.0,7,1
2024-09-14,663878,4,1,0,1.3306730769230768,4.0,3,1
2024-09-14,664849,3,0,0,1.621,2.0,3,0
2024-09-14,666171,3,2,0,0.132,3.0,1,0
2024-09-14,666205,9,0,0,2.6832000000000003,9.0,9,0
2024-09-14,666277,4,1,0,1.056137931034483,4.0,3,1
2024-09-14,666818,4,0,0,2.067640476190476,4.0,4,1
2024-09-14,668338,3,0,0,0.524,3.0,3,0
2024-09-14,668674,4,2,0,0.435,4.0,2,0
2024-09-14,668964,26,3,0,8.966833333333334,25.0,22,0
2024-09-14,669062,2,1,0,0.11,2.0,1,0
2024-09-14,669203,23,7,1,3.580131,23.0,15,0
2024-09-14,669302,25,7,1,5.580306,25.0,17,1
2024-09-14,669372,20,3,0,7.1535,20.0,17,1
2024-09-14,669387,5,1,0,1.158,5.0,4,0
2024-09-14,669674,4,0,0,1.597,4.0,4,0
2024-09-14,669711,3,1,0,0.378,3.0,2,0
2024-09-14,670167,5,1,1,2.458131,5.0,3,0
2024-09-14,670174,5,1,1,1.757131,5.0,3,1
2024-09-14,670280,5,1,3,1.479262,4.0,1,0
2024-09-14,670871,9,4,1,1.8816388888888889,8.0,4,1
2024-09-14,670970,3,1,0,0.766,3.0,2,0
2024-09-14,671922,4,3,0,1.1709166666666664,4.0,1,1
2024-09-14,672335,4,0,0,1.624,4.0,4,0
2024-09-14,672391,3,2,0,0.048,3.0,1,0
2024-09-14,674944,5,0,0,1.234,5.0,5,0
2024-09-14,676092,3,0,0,1.003,3.0,3,0
2024-09-14,676282,18,6,1,4.618131,18.0,11,0
2024-09-14,676395,4,2,0,0.7240000000000001,4.0,2,0
2024-09-14,676617,11,3,1,3.315131,11.0,7,0
2024-09-14,676714,5,1,1,0.9711310000000001,5.0,3,0
2024-09-14,677955,6,1,0,1.6971920000000003,5.0,3,0
2024-09-14,678368,23,4,1,6.942935385964912,23.0,18,2
2024-09-14,678394,21,2,2,7.585593168831169,21.0,17,1
2024-09-14,678821,2,0,0,0.6336428571428572,2.0,2,0
2024-09-14,680573,15,3,3,6.559393,15.0,9,0
2024-09-14,680704,4,1,1,1.593131,4.0,2,0
2024-09-14,680744,14,2,1,5.881323307692308,14.0,11,1
2024-09-14,680880,6,1,1,2.355131,6.0,4,0
2024-09-14,681402,4,0,0,1.2930000000000001,4.0,4,0
2024-09-14,681676,4,0,0,1.372,4.0,4,0
2024-09-14,681911,6,2,0,1.2306304347826087,6.0,4,1
2024-09-14,682120,4,2,0,0.313,4.0,2,0
2024-09-14,683004,16,6,2,6.130262,16.0,8,1
2024-09-14,683068,4,2,1,0.6971310000000001,4.0,1,0
2024-09-14,683769,5,0,0,2.2149454545454543,5.0,5,1
2024-09-14,685801,6,2,0,3.764409090909092,6.0,4,2
2024-09-14,686973,9,2,1,3.4097952468239567,9.0,6,1
2024-09-14,687863,5,2,1,1.8197463846153847,5.0,2,1
2024-09-14,689147,3,1,0,1.3399999999999999,3.0,2,1
2024-09-14,689225,4,1,2,1.881262,4.0,1,0
2024-09-14,689690,8,1,0,4.446,8.0,7,0
2024-09-14,690544,4,0,1,1.547131,4.0,3,0
2024-09-14,694297,15,0,3,7.588150178014767,14.0,11,2
2024-09-14,696131,19,2,1,8.26264588095238,19.0,16,2
2024-09-14,700187,4,2,0,0.878,4.0,2,0
2024-09-14,700270,17,2,1,7.195113795698925,17.0,14,1
2024-09-15,450203,23,6,2,5.3547286666666665,23.0,15,1
2024-09-15,458677,5,0,1,2.246131,5.0,4,0
2024-09-15,519008,5,1,1,1.7941310000000001,5.0,3,0
2024-09-15,519326,3,2,0,0.014,3.0,1,0
2024-09-15,527048,18,2,1,5.471769888888889,18.0,15,1
2024-09-15,543294,23,7,3,6.660200602339182,23.0,13,2
2024-09-15,547973,3,1,0,0.344,3.0,2,0
2024-09-15,552640,5,1,1,1.87,4.0,3,0
2024-09-15,571760,23,3,1,11.15448429032258,23.0,18,1
2024-09-15,571882,3,2,0,0.195,3.0,1,0
2024-09-15,571927,8,3,1,1.236,7.0,4,0
2024-09-15,571945,17,4,0,5.178554745098039,17.0,12,1
2024-09-15,573009,1,1,0,0.0,1.0,0,0
2024-09-15,573124,3,1,0,0.02,3.0,2,0
2024-09-15,592094,3,1,0,0.6468571428571429,3.0,2,0
2024-09-15,592454,1,0,0,0.393,1.0,1,0
2024-09-15,593576,3,1,0,0.14500000000000002,3.0,2,0
2024-09-15,594902,20,2,1,6.129238142857143,19.0,16,1
2024-09-15,595014,3,0,0,0.813,3.0,3,0
2024-09-15,605154,3,1,0,3.0191905901116427,3.0,2,2
2024-09-15,605280,3,1,0,1.1013333333333333,3.0,2,0
2024-09-15,605452,10,4,3,3.2791930000000002,10.0,3,0
2024-09-15,606303,1,0,0,0.203,1.0,1,0
2024-09-15,607074,24,5,2,7.852668779661017,24.0,17,3
2024-09-15,608334,5,0,0,2.4379999999999997,5.0,4,0
2024-09-15,614179,3,1,0,0.223,3.0,2,0
2024-09-15,615698,17,2,6,7.611536,17.0,9,0
2024-09-15,621053,3,0,0,0.8231538461538465,3.0,3,1
2024-09-15,621111,26,5,5,7.990959347826087,26.0,15,1
2024-09-15,621242,4,2,0,1.5350000000000001,4.0,2,0
2024-09-15,623352,3,1,0,0.393,3.0,2,0
2024-09-15,624522,6,0,2,2.7902620000000002,6.0,4,0
2024-09-15,628452,7,1,1,3.1485166666666675,6.0,5,2
2024-09-15,640462,3,1,0,0.256,3.0,2,0
2024-09-15,641656,3,2,0,0.067,3.0,1,0
2024-09-15,641729,5,1,1,1.150131,5.0,3,0
2024-09-15,642121,7,0,0,2.8815,7.0,7,0
2024-09-15,642232,6,1,0,2.9233157894736843,6.0,5,1
2024-09-15,642397,4,1,0,1.3521071428571427,4.0,3,1
2024-09-15,642520,12,2,0,6.607757217391304,12.0,9,1
2024-09-15,642701,5,0,0,1.509,5.0,5,0
2024-09-15,643338,5,1,0,1.1219999999999999,5.0,4,0
2024-09-15,643511,4,1,0,1.5387833333333334,4.0,3,1
2024-09-15,647315,1,0,0,0.216,1.0,1,0
2024-09-15,650893,3,0,1,1.029131,3.0,2,0
2024-09-15,650911,27,7,1,8.87230245713612,27.0,19,3
2024-09-15,656234,8,0,2,5.444675793103448,8.0,6,2
2024-09-15,656464,7,2,1,3.261399292682927,7.0,4,1
2024-09-15,656629,5,2,1,1.838540090909091,5.0,2,1
2024-09-15,656730,4,1,1,0.8301310000000001,4.0,2,0
2024-09-15,656849,28,6,1,6.977284846153847,27.0,21,1
2024-09-15,656945,4,1,1,0.7031310000000001,3.0,1,0
2024-09-15,657024,3,1,1,0.7201310000000001,3.0,1,0
2024-09-15,657044,5,1,1,1.589131,5.0,3,0
2024-09-15,657097,5,0,1,1.7741310000000001,5.0,4,0
2024-09-15,657571,4,1,1,2.3103230000000003,4.0,1,0
2024-09-15,657612,3,0,0,1.03,3.0,3,0
2024-09-15,657649,8,0,0,3.986906285714286,8.0,7,1
2024-09-15,660813,3,1,0,0.857,3.0,2,0
2024-09-15,660825,3,2,0,0.079,3.0,1,0
2024-09-15,660896,7,4,0,0.471,7.0,3,0
2024-09-15,661403,3,1,0,0.21600000000000003,3.0,2,0
2024-09-15,663158,4,0,0,1.6383333333333332,4.0,4,1
2024-09-15,663423,3,1,0,0.5922,3.0,2,0
2024-09-15,663485,7,3,1,2.069131,7.0,3,0
2024-09-15,663574,4,1,0,1.7269999999999999,4.0,3,0
2024-09-15,663738,8,3,2,1.8717620000000001,8.0,3,0
2024-09-15,663903,25,6,4,8.949990666666666,25.0,15,0
2024-09-15,663947,6,1,1,1.847131,6.0,4,0
2024-09-15,663992,4,2,0,1.49,4.0,2,0
2024-09-15,664208,1,0,0,0.0,1.0,1,0
2024-09-15,664776,3,1,1,1.409323,3.0,0,0
2024-09-15,664875,9,2,3,5.6655468461538465,9.0,4,2
2024-09-15,666808,5,1,0,1.0804999999999998,5.0,4,0
2024-09-15,668338,3,2,0,0.062,3.0,1,0
2024-09-15,668678,23,7,2,6.321381047619048,23.0,14,2
2024-09-15,668941,1,0,0,0.218,1.0,1,0
2024-09-15,668943,4,3,0,0.007,4.0,1,0
2024-09-15,668984,7,1,0,1.9481920000000001,7.0,5,0
2024-09-15,669022,23,5,2,6.351922377358491,22.0,15,1
2024-09-15,669062,1,1,0,0.0,1.0,0,0
2024-09-15,669084,18,4,3,6.9725850000000005,18.0,10,0
2024-09-15,669093,4,2,0,0.22899999999999998,4.0,2,0
2024-09-15,669199,4,1,1,1.254131,4.0,2,0
2024-09-15,669211,4,3,0,0.515,4.0,1,0
2024-09-15,669276,5,1,1,1.759131,5.0,3,0
2024-09-15,669387,3,0,0,0.271,3.0,3,0
2024-09-15,669622,4,0,0,0.849,3.0,3,0
2024-09-15,669711,4,1,0,0.9410000000000001,4.0,3,0
2024-09-15,669854,23,5,2,7.268500095238095,23.0,16,2
2024-09-15,669923,21,3,0,2.491,21.0,18,0
2024-09-15,670036,6,1,0,1.875192,6.0,4,0
2024-09-15,670059,6,1,2,3.0334540000000003,6.0,2,0
2024-09-15,670124,21,2,2,7.123262,21.0,17,1
2024-09-15,670280,3,1,0,1.22,3.0,2,0
2024-09-15,670970,3,0,0,1.305090909090909,3.0,3,1
2024-09-15,671345,4,2,0,0.41800000000000004,4.0,2,0
2024-09-15,671737,21,6,3,5.639693,21.0,12,0
2024-09-15,671922,3,2,0,0.016,3.0,1,0
2024-09-15,672391,5,1,0,3.2951612903225795,5.0,4,1
2024-09-15,672456,20,1,1,7.159131,20.0,18,0
2024-09-15,672578,4,1,0,1.3777142857142857,4.0,3,0
2024-09-15,672710,10,1,2,1.744131,9.0,7,0
2024-09-15,672860,4,2,0,0.46499999999999997,4.0,2,0
2024-09-15,674285,3,1,0,2.037225806451613,3.0,2,1
2024-09-15,676105,9,6,1,2.393316185185185,9.0,2,1
2024-09-15,676254,4,0,1,0.819131,4.0,3,0
2024-09-15,676395,2,1,0,0.006,2.0,1,0
2024-09-15,676664,26,4,1,7.8701663773584905,26.0,21,3
2024-09-15,676684,6,0,1,2.5533415263157897,6.0,5,0
2024-09-15,676710,21,7,2,8.092845333333333,21.0,12,2
2024-09-15,676879,8,1,0,3.251754098360656,8.0,7,1
2024-09-15,678606,5,0,0,1.281,5.0,5,0
2024-09-15,678692,6,0,0,1.7461920000000002,6.0,5,0
2024-09-15,679885,8,2,2,1.828131,7.0,4,0
2024-09-15,680732,22,5,2,9.561625636363637,22.0,15,2
2024-09-15,681799,5,2,1,1.252131,5.0,2,0
2024-09-15,682120,3,2,0,0.233,3.0,1,0
2024-09-15,682254,1,1,0,0.0,1.0,0,0
2024-09-15,683003,20,5,3,8.556618806451613,20.0,12,1
2024-09-15,683068,2,1,0,0.277,2.0,1,0
2024-09-15,683409,6,3,0,1.225,6.0,3,0
2024-09-15,683769,3,2,0,0.086,3.0,1,0
2024-09-15,684320,17,2,1,5.237833127659574,17.0,14,1
2024-09-15,686539,5,1,1,3.007815210526316,5.0,3,1
2024-09-15,686642,4,1,0,1.858333333333333,4.0,3,1
2024-09-15,686796,1,1,0,0.0,1.0,0,0
2024-09-15,689147,4,2,0,0.508,4.0,2,0
2024-09-15,690544,3,0,1,1.3421310000000002,3.0,2,0
2024-09-15,692285,7,3,1,1.434131,7.0,3,0
2024-09-15,694363,6,2,0,0.8260000000000001,6.0,4,0
2024-09-15,694738,18,4,2,4.755262,18.0,12,0
2024-09-15,695076,22,5,1,7.5153810000000005,22.0,16,1
2024-09-15,700249,19,8,2,5.271534727272727,19.0,9,1
2024-09-15,701581,18,4,3,6.7968577272727275,18.0,10,1
2024-09-15,702352,4,0,0,1.187,3.0,4,0
2024-09-15,702674,18,3,2,6.558787333333333,18.0,12,1
2024-09-16,506433,23,3,2,5.306262,23.0,18,0
2024-09-16,518876,22,5,2,6.458653935483871,22.0,15,1
2024-09-16,543339,4,1,1,1.388131,4.0,2,0
2024-09-16,552640,3,1,0,0.793,3.0,2,0
2024-09-16,571510,16,5,3,5.770393,16.0,8,0
2024-09-16,571882,4,1,1,1.0721310000000002,4.0,2,0
2024-09-16,571948,6,1,0,1.528192,6.0,4,0
2024-09-16,573204,2,0,1,0.691131,2.0,1,0
2024-09-16,592094,4,0,0,0.6789999999999999,4.0,4,0
2024-09-16,592426,7,2,1,1.705131,7.0,4,0
2024-09-16,595014,3,1,0,0.096,3.0,2,0
2024-09-16,605121,3,2,0,0.621,3.0,1,0
2024-09-16,605463,5,1,0,2.9267540983606555,5.0,4,1
2024-09-16,606930,3,0,1,1.3462142857142858,2.0,2,0
2024-09-16,607067,10,1,0,2.2296,10.0,9,0
2024-09-16,607481,5,0,0,1.6843333333333332,5.0,5,0
2024-09-16,607625,24,4,2,8.104922377358491,24.0,18,1
2024-09-16,608331,23,7,3,6.716585,23.0,12,0
2024-09-16,621237,6,2,1,2.467131,6.0,3,0
2024-09-16,621242,4,1,0,0.752,4.0,3,0
2024-09-16,621366,3,0,2,1.631262,3.0,1,0
2024-09-16,621383,5,0,1,1.315131,5.0,4,0
2024-09-16,622259,9,1,1,3.032131,9.0,7,0
2024-09-16,622608,15,2,2,6.673262,14.0,10,1
2024-09-16,623465,3,0,0,0.533,3.0,3,0
2024-09-16,624133,22,5,3,6.4703930000000005,21.0,13,0
2024-09-16,640455,25,6,1,5.394131,25.0,18,0
2024-09-16,640462,3,1,0,0.101,3.0,2,0
2024-09-16,641154,28,4,2,10.481187137829911,28.0,21,1
2024-09-16,641703,7,0,1,3.336930047619048,7.0,6,2
2024-09-16,641771,4,1,0,0.76,4.0,3,0
2024-09-16,643377,6,3,0,2.479125,6.0,3,1
2024-09-16,650644,20,6,1,5.5354643333333335,20.0,13,0
2024-09-16,650671,6,1,2,3.0665905024154587,6.0,3,1
2024-09-16,656222,5,0,0,1.3,5.0,5,0
2024-09-16,656232,14,1,0,5.454666666666667,14.0,13,1
2024-09-16,656457,4,0,0,1.071,4.0,4,0
2024-09-16,656464,3,0,0,0.8371538461538465,3.0,3,1
2024-09-16,656945,6,1,0,2.237,5.0,3,0
2024-09-16,657044,4,0,1,1.076,3.0,3,0
2024-09-16,657571,2,0,0,0.739,2.0,2,0
2024-09-16,657585,3,0,0,0.44899999999999995,2.0,3,0
2024-09-16,658648,6,0,1,1.9231310000000001,6.0,5,0
2024-09-16,661403,3,2,0,0.116,3.0,1,0
2024-09-16,663158,3,0,0,0.192,3.0,3,0
2024-09-16,663623,26,5,1,7.442379275862069,26.0,20,1
2024-09-16,663687,14,3,1,5.960664333333334,14.0,10,1
2024-09-16,663704,3,1,0,0.63,3.0,2,0
2024-09-16,666171,3,0,0,0.484,3.0,3,0
2024-09-16,669212,5,1,0,0.40900000000000003,5.0,4,0
2024-09-16,669467,26,9,1,5.478131,26.0,16,0
2024-09-16,669674,5,1,0,2.3685,5.0,4,0
2024-09-16,669724,10,3,0,2.8536363636363635,10.0,7,0
2024-09-16,670059,4,1,0,0.675,4.0,3,0
2024-09-16,670167,3,2,0,0.707,3.0,1,0
2024-09-16,670871,6,3,0,1.0673478260869567,6.0,3,1
2024-09-16,671345,3,1,0,0.8883333333333333,3.0,2,0
2024-09-16,672282,26,6,3,10.564479218526943,26.0,17,4
2024-09-16,672578,4,1,0,1.3279999999999998,4.0,3,0
2024-09-16,672582,5,2,1,1.4271310000000001,5.0,2,0
2024-09-16,674944,5,1,0,0.737,5.0,4,0
2024-09-16,676130,3,3,0,0.0,3.0,0,0
2024-09-16,676684,3,0,0,1.6054,3.0,3,0
2024-09-16,678020,7,2,0,1.963,7.0,5,0
2024-09-16,678226,4,0,3,2.1983930000000003,4.0,1,0
2024-09-16,678606,3,1,0,0.271,3.0,2,0
2024-09-16,678821,4,0,1,1.655131,4.0,3,0
2024-09-16,680891,5,1,0,1.466,5.0,4,0
2024-09-16,681293,22,3,1,8.283897666666666,22.0,18,1
2024-09-16,681676,3,2,0,0.067,3.0,1,0
2024-09-16,681857,12,3,1,4.256506,12.0,8,1
2024-09-16,681870,7,3,1,2.215131,7.0,3,0
2024-09-16,683155,12,1,0,4.921,12.0,11,0
2024-09-16,683627,8,2,0,2.5442857142857145,8.0,6,0
2024-09-16,684007,26,11,3,6.880678714285715,26.0,12,2
2024-09-16,686563,25,7,2,6.911420374269007,25.0,15,1
2024-09-16,686642,2,1,0,0.138,2.0,1,0
2024-09-16,687911,6,2,1,1.5841310000000002,6.0,3,0
2024-09-16,689225,4,1,1,1.8181310000000002,4.0,2,0
2024-09-16,689958,3,1,0,0.136,3.0,2,0
2024-09-16,693312,1,0,1,0.689131,1.0,0,0
2024-09-16,694973,22,7,1,3.802131,22.0,14,0
2024-09-16,808967,17,3,2,7.667920119658121,17.0,12,3
2024-09-17,445926,8,2,0,3.083,8.0,6,0
2024-09-17,458681,23,5,2,9.56987320640366,23.0,16,3
2024-09-17,489446,5,0,2,1.7642620000000002,5.0,3,0
2024-09-17,493603,6,1,1,2.1253230000000003,6.0,3,0
2024-09-17,502085,6,0,0,2.542992,6.0,5,0
2024-09-17,518397,4,2,0,0.857,4.0,2,0
2024-09-17,518489,6,2,1,3.117131,6.0,3,1
2024-09-17,518585,9,4,3,2.245393,9.0,2,0
2024-09-17,518886,8,2,2,3.518347714285715,7.0,4,1
2024-09-17,519008,1,1,0,0.0,1.0,0,0
2024-09-17,519151,3,1,0,1.089,3.0,2,0
2024-09-17,519326,5,2,0,1.686,5.0,3,0
2024-09-17,542888,4,1,0,2.286,4.0,3,0
2024-09-17,543135,26,4,2,10.151922774818402,26.0,20,2
2024-09-17,543339,5,0,0,3.3883795698924732,5.0,5,2
2024-09-17,543518,7,1,2,2.2642620000000004,7.0,4,0
2024-09-17,544150,18,3,2,6.808595333333333,18.0,13,1
2024-09-17,554430,24,6,0,3.761,24.0,18,0
2024-09-17,571656,3,2,0,0.39,3.0,1,0
2024-09-17,571946,7,0,2,2.202262,7.0,5,0
2024-09-17,572143,6,3,0,0.224,6.0,3,0
2024-09-17,572955,7,1,1,2.5462079230769232,7.0,5,1
2024-09-17,573009,2,0,0,0.863,2.0,2,0
2024-09-17,573186,14,3,0,4.607962962962962,14.0,11,1
2024-09-17,592094,6,2,2,1.553131,5.0,2,0
2024-09-17,593423,25,10,2,7.870243481481482,24.0,12,3
2024-09-17,593576,5,1,1,1.905323,5.0,2,0
2024-09-17,600917,3,0,0,1.312027777777778,3.0,3,1
2024-09-17,601713,19,6,0,5.524738888888889,18.0,12,3
2024-09-17,605135,23,2,3,8.905093771929824,23.0,17,1
2024-09-17,605483,21,12,2,2.678262,21.0,7,0
2024-09-17,606303,3,3,0,0.0,3.0,0,0
2024-09-17,608344,1,0,0,0.182,1.0,1,0
2024-09-17,608718,2,0,0,0.907,2.0,2,0
2024-09-17,608723,6,0,2,2.7212620000000003,6.0,4,0
2024-09-17,621053,4,2,0,0.586,4.0,2,0
2024-09-17,621114,4,2,1,1.618131,4.0,1,0
2024-09-17,621199,2,0,0,0.775,2.0,2,0
2024-09-17,621381,4,2,0,0.24300000000000002,4.0,2,0
2024-09-17,622065,4,1,0,1.5314528301886794,4.0,3,1
2024-09-17,622786,6,1,0,1.3,5.0,4,0
2024-09-17,623211,3,1,0,0.303,3.0,2,0
2024-09-17,623352,4,2,0,0.435,4.0,2,0
2024-09-17,641835,4,1,1,0.8741310000000001,4.0,2,0
2024-09-17,641941,4,1,0,2.4215294117647055,4.0,3,1
2024-09-17,642701,5,1,1,1.284131,5.0,3,0
2024-09-17,643377,3,1,0,0.297,3.0,2,0
2024-09-17,643511,4,1,0,0.5820000000000001,4.0,3,0
2024-09-17,646242,10,1,1,2.531464333333333,10.0,8,0
2024-09-17,647315,3,0,1,0.858131,3.0,2,0
2024-09-17,650556,4,1,1,0.8691310000000001,4.0,2,0
2024-09-17,650633,27,7,1,6.860639771929825,27.0,19,1
2024-09-17,656271,3,1,0,0.957,3.0,2,0
2024-09-17,656288,21,6,2,3.7565953333333333,21.0,13,0
2024-09-17,656546,3,1,0,0.096,3.0,2,0
2024-09-17,656550,19,2,2,5.813352909090909,19.0,15,1
2024-09-17,656731,23,4,2,3.618262,20.0,14,0
2024-09-17,656756,22,4,2,5.824381047619048,21.0,16,1
2024-09-17,657024,1,1,0,0.0,1.0,0,0
2024-09-17,660600,5,0,1,3.4710476666666663,5.0,4,1
2024-09-17,660813,3,2,0,0.008,3.0,1,0
2024-09-17,660844,5,0,0,1.855,5.0,5,0
2024-09-17,660853,5,1,1,2.767131,5.0,3,1
2024-09-17,661395,6,2,1,1.4151310000000001,6.0,3,0
2024-09-17,661563,22,5,3,8.518355416024653,22.0,13,1
2024-09-17,663158,4,1,0,0.576,4.0,3,0
2024-09-17,663372,27,2,2,7.299024512820514,26.0,22,1
2024-09-17,663432,3,3,0,0.0,3.0,0,0
2024-09-17,663436,22,4,2,5.305262,22.0,16,0
2024-09-17,663460,3,2,0,0.075,3.0,1,0
2024-09-17,663485,3,1,0,0.163,3.0,2,0
2024-09-17,663546,3,1,0,0.923,3.0,2,0
2024-09-17,663554,21,3,4,7.648714476190476,21.0,14,1
2024-09-17,663559,23,3,2,6.322626210526316,23.0,17,2
2024-09-17,663893,4,0,0,1.798027777777778,4.0,4,1
2024-09-17,663941,5,1,0,1.508,5.0,4,0
2024-09-17,663947,6,2,0,0.413,6.0,4,0
2024-09-17,664076,5,2,0,2.1814175824175823,5.0,3,2
2024-09-17,664747,4,2,0,0.744,4.0,2,0
2024-09-17,664854,4,2,0,1.609105263157895,4.0,2,0
2024-09-17,666142,27,6,4,8.481242315789475,27.0,16,0
2024-09-17,666818,8,3,3,4.336726333333333,8.0,2,1
2024-09-17,667297,7,1,1,3.6468941578947374,6.0,4,1
2024-09-17,668674,9,2,1,3.2625838301886794,9.0,6,1
2024-09-17,668909,22,7,2,6.2802620000000005,22.0,13,0
2024-09-17,668943,3,0,0,0.569,3.0,3,0
2024-09-17,669062,1,0,0,0.057,1.0,1,0
2024-09-17,669093,2,1,0,0.026,2.0,1,0
2024-09-17,669199,5,1,1,1.660131,5.0,3,0
2024-09-17,669211,8,3,1,1.504131,8.0,4,0
2024-09-17,669212,6,1,1,2.8475976666666667,6.0,4,1
2024-09-17,669276,3,2,0,0.072,3.0,1,0
2024-09-17,669358,24,6,1,8.362736871212121,24.0,17,4
2024-09-17,669387,4,2,0,0.728388888888889,4.0,2,0
2024-09-17,669461,5,1,0,0.6200000000000001,5.0,4,0
2024-09-17,669622,5,1,1,1.450131,5.0,3,0
2024-09-17,670036,4,2,1,0.794131,4.0,1,0
2024-09-17,670174,16,4,1,4.971131,16.0,11,0
2024-09-17,670766,18,4,1,6.4975995314685315,18.0,13,1
2024-09-17,670970,3,0,0,1.459,3.0,3,0
2024-09-17,671109,9,1,1,2.858323,9.0,6,0
2024-09-17,671305,4,0,1,1.008131,4.0,3,0
2024-09-17,671345,3,0,0,0.9663043478260872,3.0,3,1
2024-09-17,672582,1,1,0,0.0,1.0,0,0
2024-09-17,674285,6,1,0,2.368,6.0,5,1
2024-09-17,675627,9,0,1,5.271583816309374,9.0,8,3
2024-09-17,676272,14,2,1,5.093131,13.0,10,0
2024-09-17,676879,7,3,0,1.927,7.0,4,0
2024-09-17,677955,4,2,0,1.1424347826086958,4.0,2,1
2024-09-17,678692,3,0,0,0.345,3.0,3,0
2024-09-17,678821,2,0,1,0.7051310000000001,2.0,1,0
2024-09-17,680704,5,1,0,2.0507540983606556,5.0,4,1
2024-09-17,680730,19,1,2,7.8781585517241375,19.0,16,1
2024-09-17,680891,3,1,0,0.428,3.0,2,0
2024-09-17,681676,4,2,0,1.759730769230769,4.0,2,1
2024-09-17,681911,5,1,1,1.320131,5.0,3,0
2024-09-17,682120,1,0,0,0.124,1.0,1,0
2024-09-17,682227,9,1,2,4.566207454545454,9.0,6,1
2024-09-17,683409,4,2,1,0.696131,4.0,1,0
2024-09-17,685107,5,2,0,0.5740000000000001,5.0,3,0
2024-09-17,686539,3,0,0,0.346,3.0,3,0
2024-09-17,686613,24,3,1,7.8388023338246136,24.0,20,2
2024-09-17,686730,15,0,1,7.702397410774411,15.0,13,2
2024-09-17,686747,6,1,1,3.436914333333333,6.0,4,1
2024-09-17,686796,11,4,1,4.534772509433962,11.0,6,1
2024-09-17,687330,3,0,0,1.2319444444444445,3.0,3,1
2024-09-17,687765,22,6,1,6.857284082549635,22.0,15,3
2024-09-17,689225,3,3,0,0.0,3.0,0,0
2024-09-17,689958,4,1,1,1.267131,4.0,2,0
2024-09-17,690544,3,0,1,2.406540090909091,3.0,2,1
2024-09-17,693433,24,7,1,9.328099851395198,23.0,15,2
2024-09-17,694037,6,2,0,1.432,6.0,4,0
2024-09-17,694350,6,0,0,2.85868115942029,6.0,6,1
2024-09-17,695243,4,2,0,1.0252173913043476,4.0,2,1
2024-09-17,696136,23,4,2,11.243740087324861,23.0,17,4
2024-09-17,805673,19,5,1,6.993784846153847,19.0,13,1
2024-09-18,445276,5,2,2,1.386262,5.0,1,0
2024-09-18,455119,3,1,0,0.657,3.0,2,0
2024-09-18,458677,4,0,0,2.2617540983606563,4.0,4,1
2024-09-18,489446,3,2,0,0.007,3.0,1,0
2024-09-18,500779,24,4,2,6.213504424242425,24.0,18,1
2024-09-18,502085,3,1,0,0.075,3.0,2,0
2024-09-18,523260,3,0,0,1.35121875,3.0,3,1
2024-09-18,543243,26,8,0,7.248434424242425,26.0,17,1
2024-09-18,543859,1,0,0,0.068,1.0,1,0
2024-09-18,573009,5,0,0,2.194,5.0,5,0
2024-09-18,592454,3,1,1,0.762131,3.0,1,0
2024-09-18,592767,4,0,0,1.263,3.0,4,0
2024-09-18,593958,25,11,1,5.403131,25.0,13,0
2024-09-18,595014,4,0,0,0.531,3.0,3,0
2024-09-18,596001,20,6,0,3.916,20.0,14,0
2024-09-18,596133,6,4,1,1.2617976666666668,6.0,1,0
2024-09-18,596295,14,1,1,9.650605842767296,14.0,12,3
2024-09-18,605121,4,1,1,1.332131,4.0,2,0
2024-09-18,605280,4,1,1,2.0577614347826088,4.0,2,1
2024-09-18,605347,3,2,0,0.012,3.0,1,0
2024-09-18,605400,25,9,1,5.576871775401069,25.0,15,2
2024-09-18,605452,4,1,1,2.266811,4.0,2,1
2024-09-18,606930,8,2,1,3.9496397719298244,8.0,5,1
2024-09-18,607481,4,0,1,2.171131,4.0,3,0
2024-09-18,608032,5,1,2,1.557131,4.0,2,0
2024-09-18,608334,3,0,1,1.111131,2.0,2,0
2024-09-18,621053,3,0,1,0.898131,3.0,2,0
2024-09-18,621199,4,2,0,0.481,4.0,2,0
2024-09-18,621366,5,1,1,2.137131,5.0,3,0
2024-09-18,623211,3,1,0,0.733,3.0,2,0
2024-09-18,624522,4,1,1,0.9601310000000001,4.0,2,0
2024-09-18,641482,24,6,3,6.127893,24.0,15,1
2024-09-18,641656,3,2,0,0.896,3.0,1,0
2024-09-18,641703,5,0,0,1.4013636363636364,5.0,5,0
2024-09-18,641729,3,2,0,0.6137142857142857,3.0,1,0
2024-09-18,641755,4,0,1,1.658131,4.0,3,0
2024-09-18,641771,9,1,2,3.5814540000000004,8.0,4,0
2024-09-18,641927,25,12,0,5.999933333333334,25.0,13,2
2024-09-18,642207,3,3,0,0.0,3.0,0,0
2024-09-18,642232,6,4,0,0.152,6.0,2,0
2024-09-18,642397,4,1,0,1.776,4.0,3,0
2024-09-18,642547,19,9,2,4.634506318181818,19.0,8,1
2024-09-18,643511,3,1,0,0.14300000000000002,3.0,2,0
2024-09-18,650671,5,3,2,1.378262,5.0,0,0
2024-09-18,656222,7,0,2,2.942262,7.0,5,0
2024-09-18,656271,4,0,2,1.7752620000000001,4.0,2,0
2024-09-18,656302,28,5,0,5.798883333333333,28.0,23,1
2024-09-18,656557,16,4,0,3.227192,16.0,11,0
2024-09-18,656629,4,0,1,1.0181310000000001,4.0,3,0
2024-09-18,656657,3,0,0,1.574,3.0,3,0
2024-09-18,656730,4,1,0,1.5779999999999998,4.0,3,0
2024-09-18,656848,6,1,1,1.51,5.0,4,0
2024-09-18,656876,8,2,1,1.867931,8.0,5,0
2024-09-18,656945,2,1,0,0.013,2.0,1,0
2024-09-18,657006,12,1,3,3.802393,12.0,8,0
2024-09-18,657044,2,0,0,0.334,2.0,2,0
2024-09-18,657097,4,0,1,0.8361310000000001,4.0,3,0
2024-09-18,657508,5,2,0,0.955192,5.0,2,0
2024-09-18,657649,4,2,0,0.339,4.0,2,0
2024-09-18,660853,7,2,2,2.2444725263157896,7.0,3,0
2024-09-18,661395,3,1,0,0.183,3.0,2,0
2024-09-18,661403,3,1,0,0.5,3.0,2,0
2024-09-18,662253,4,1,1,0.935131,4.0,2,0
2024-09-18,663546,6,1,1,2.513523,6.0,3,0
2024-09-18,663574,7,2,1,4.571499794326241,7.0,4,2
2024-09-18,663738,12,4,0,2.5100967741935483,12.0,8,0
2024-09-18,663765,22,5,0,8.096259138516311,22.0,17,2
2024-09-18,663878,9,1,0,3.008,7.0,6,0
2024-09-18,663992,1,0,0,0.301,1.0,1,0
2024-09-18,664208,5,1,1,1.6151309999999999,5.0,3,0
2024-09-18,664285,28,6,2,7.845115174603174,26.0,19,3
2024-09-18,664875,3,1,0,1.0070000000000001,3.0,2,0
2024-09-18,665152,25,7,0,7.639311764705882,25.0,18,2
2024-09-18,666171,3,0,0,0.216,3.0,3,0
2024-09-18,666214,1,1,0,0.0,1.0,0,0
2024-09-18,668338,3,2,0,0.096,3.0,1,0
2024-09-18,668984,7,2,0,1.053,7.0,5,0
2024-09-18,669062,3,1,0,0.431,3.0,2,0
2024-09-18,669276,3,1,0,0.361,3.0,2,0
2024-09-18,669373,21,7,1,5.173171484848485,21.0,12,1
2024-09-18,669461,3,0,0,3.060948562861869,3.0,3,2
2024-09-18,669620,22,5,2,5.278262,22.0,15,0
2024-09-18,669674,3,2,0,0.365,3.0,1,0
2024-09-18,669724,9,3,0,2.255,9.0,6,0
2024-09-18,670046,5,1,0,1.079,5.0,4,0
2024-09-18,670059,4,1,0,1.024,4.0,3,0
2024-09-18,670102,25,6,1,7.90655323715415,25.0,17,1
2024-09-18,670167,4,1,1,1.043131,4.0,2,0
2024-09-18,670280,4,0,1,1.4534643333333332,4.0,3,1
2024-09-18,670871,3,1,1,0.06,2.0,1,0
2024-09-18,671305,3,2,0,0.518,3.0,1,0
2024-09-18,671922,5,2,0,0.821,5.0,3,0
2024-09-18,672391,3,0,0,2.6791838383838384,3.0,3,1
2024-09-18,672578,4,1,2,1.4462620000000002,4.0,1,0
2024-09-18,672860,8,4,0,1.135,8.0,4,0
2024-09-18,674003,26,6,0,6.246242424242424,26.0,20,1
2024-09-18,674944,4,0,1,1.4471310000000002,4.0,3,0
2024-09-18,675540,8,3,0,2.9483333333333333,8.0,5,1
2024-09-18,676092,7,3,0,1.259,7.0,4,0
2024-09-18,676105,12,3,1,3.499131,12.0,8,0
2024-09-18,676254,3,1,0,0.494,3.0,2,0
2024-09-18,676440,28,5,1,6.725368454545455,27.0,20,0
2024-09-18,676684,2,1,0,0.083,2.0,1,0
2024-09-18,677960,22,5,0,8.813375925925927,22.0,17,3
2024-09-18,678692,4,1,1,1.736131,4.0,2,0
2024-09-18,679525,18,5,3,8.510442142857142,18.0,9,1
2024-09-18,679885,4,0,1,1.715131,4.0,3,0
2024-09-18,680767,5,1,2,1.763262,5.0,2,0
2024-09-18,680880,4,1,0,0.8356666666666666,4.0,3,0
2024-09-18,680885,25,5,2,8.463454,24.0,17,0
2024-09-18,681402,7,4,1,0.812131,7.0,2,0
2024-09-18,681799,5,0,0,1.736761904761905,5.0,5,1
2024-09-18,681867,3,2,0,0.062,3.0,1,0
2024-09-18,682243,23,8,4,6.0103930000000005,22.0,11,1
2024-09-18,683068,4,0,0,1.244,4.0,4,0
2024-09-18,683568,2,0,0,0.092,2.0,2,0
2024-09-18,683627,6,2,0,1.078,6.0,4,0
2024-09-18,683769,5,1,0,1.893192,5.0,3,0
2024-09-18,685801,3,0,0,1.6275714285714287,3.0,3,1
2024-09-18,686580,5,2,0,0.86,5.0,3,0
2024-09-18,686642,5,1,1,1.4981309999999999,5.0,3,0
2024-09-18,686747,7,2,0,1.5699999999999998,7.0,5,0
2024-09-18,686752,20,12,0,3.1313211752786216,20.0,8,2
2024-09-18,686799,26,5,0,5.1460357142857145,26.0,21,0
2024-09-18,686973,3,1,0,1.1801923076923078,3.0,2,1
2024-09-18,687792,19,5,3,5.908893,19.0,11,1
2024-09-18,687911,4,2,0,0.948,4.0,2,0
2024-09-18,689017,19,7,2,3.430262,19.0,10,0
2024-09-18,689147,3,2,0,0.246,3.0,1,0
2024-09-18,694350,4,1,0,1.5364347826086957,4.0,3,1
2024-09-18,694363,10,1,0,1.591,10.0,9,0
2024-09-18,695243,3,1,1,1.192131,3.0,1,0
2024-09-18,700187,3,3,0,0.0,3.0,0,0
2024-09-18,700241,10,4,0,1.459,10.0,6,0
2024-09-18,806185,23,3,2,8.008131565217392,23.0,18,1
2024-09-19,519242,21,6,2,6.086124745098039,21.0,13,1
2024-09-19,519326,4,1,0,0.301,4.0,3,0
2024-09-19,542888,4,0,0,2.3920000000000003,4.0,4,0
2024-09-19,547973,4,0,0,0.683,4.0,4,0
2024-09-19,552640,4,1,0,1.295666666666667,4.0,3,1
2024-09-19,571578,22,4,1,7.575361769230769,21.0,16,1
2024-09-19,571882,5,0,0,0.728,5.0,5,0
2024-09-19,571948,6,2,0,1.081,6.0,4,0
2024-09-19,573124,4,1,0,0.253,4.0,3,0
2024-09-19,573204,3,1,1,0.847,2.0,1,0
2024-09-19,579328,24,9,1,5.341993745098039,24.0,14,1
2024-09-19,592332,16,6,1,4.060355747474747,16.0,9,1
2024-09-19,592426,9,4,1,1.439131,9.0,4,0
2024-09-19,592767,3,1,0,1.9327540983606557,3.0,2,1
2024-09-19,592773,4,2,1,1.2571310000000002,4.0,1,0
2024-09-19,592836,19,2,3,11.420328589743589,19.0,13,4
2024-09-19,593576,3,1,0,0.301,3.0,2,0
2024-09-19,605154,5,3,0,0.304,5.0,2,0
2024-09-19,605177,3,2,1,0.689131,3.0,0,0
2024-09-19,605280,4,0,1,1.260131,3.0,3,0
2024-09-19,605335,23,5,1,7.845306357661207,23.0,17,3
2024-09-19,605347,3,1,0,0.8866800000000001,3.0,2,1
2024-09-19,605452,5,0,0,2.515862745098039,5.0,5,1
2024-09-19,607200,23,3,1,6.571131,23.0,19,0
2024-09-19,608344,9,2,0,1.83,9.0,7,0
2024-09-19,608638,2,0,0,0.319,2.0,2,0
2024-09-19,614179,5,0,2,2.700262,5.0,3,0
2024-09-19,621107,24,5,1,8.148103222222222,23.0,17,2
2024-09-19,621237,5,0,1,2.201131,5.0,4,0
2024-09-19,621242,3,2,0,0.267,3.0,1,0
2024-09-19,621383,4,1,0,0.48,4.0,3,0
2024-09-19,622253,3,2,0,0.147,3.0,1,0
2024-09-19,622554,4,0,2,2.073525157894737,4.0,2,0
2024-09-19,622663,24,7,2,6.808262,24.0,15,1
2024-09-19,623352,3,1,0,0.759,3.0,2,0
2024-09-19,623465,5,1,1,1.4591310000000002,5.0,3,0
2024-09-19,640462,3,2,0,0.433,3.0,1,0
2024-09-19,640902,1,0,0,0.725,1.0,1,0
2024-09-19,641793,22,7,0,3.3737317073170736,22.0,15,1
2024-09-19,642397,1,0,0,0.062,1.0,1,0
2024-09-19,642520,4,0,0,2.1270000000000002,4.0,4,1
2024-09-19,642701,3,1,0,0.07700000000000001,3.0,2,0
2024-09-19,643338,4,1,0,0.865,4.0,3,0
2024-09-19,643377,3,2,0,0.285,3.0,1,0
2024-09-19,650556,4,0,0,1.01,4.0,4,0
2024-09-19,650893,3,1,0,1.369,3.0,2,0
2024-09-19,656427,25,5,2,8.872007564892623,25.0,18,1
2024-09-19,656657,9,4,0,1.541,9.0,5,0
2024-09-19,657024,3,0,0,0.913,3.0,3,0
2024-09-19,657277,21,8,2,5.569833428571429,21.0,11,0
2024-09-19,657376,26,7,3,8.178585,26.0,15,0
2024-09-19,657508,7,3,0,2.4438,7.0,4,1
2024-09-19,657585,3,1,0,0.365,3.0,2,0
2024-09-19,657612,6,1,2,0.9551310000000001,4.0,3,0
2024-09-19,660600,5,2,1,0.806131,5.0,2,0
2024-09-19,660644,11,0,3,7.723585,11.0,7,1
2024-09-19,660761,21,5,2,7.361400888888889,21.0,14,2
2024-09-19,661403,3,0,0,0.5760000000000001,3.0,3,0
2024-09-19,662253,3,3,0,0.0,3.0,0,0
2024-09-19,663423,3,1,0,0.14500000000000002,3.0,2,0
2024-09-19,663465,9,2,2,2.9272620000000003,9.0,5,0
2024-09-19,663485,4,0,1,1.5221310000000001,4.0,3,0
2024-09-19,664076,3,2,0,0.016,3.0,1,0
2024-09-19,664776,2,1,0,0.720192,2.0,0,0
2024-09-19,664849,4,0,0,3.0355163243243246,4.0,3,1
2024-09-19,665795,17,3,5,8.334347000000001,17.0,8,1
2024-09-19,665871,23,5,1,6.086072176470588,22.0,16,1
2024-09-19,666277,12,0,2,5.9822619999999995,12.0,10,1
2024-09-19,666974,3,2,0,0.641,3.0,1,0
2024-09-19,667463,4,0,1,1.305131,4.0,3,0
2024-09-19,668941,3,0,1,0.9591310000000001,3.0,2,0
2024-09-19,668943,8,0,4,1.973262,5.0,3,0
2024-09-19,668964,20,5,3,5.322170777777778,19.0,12,1
2024-09-19,669212,5,0,1,1.895323,4.0,3,0
2024-09-19,669302,25,9,2,8.014720333333333,25.0,14,1
2024-09-19,669387,4,1,1,0.873131,4.0,2,0
2024-09-19,669711,4,1,0,1.204214285714286,4.0,3,0
2024-09-19,670036,5,2,0,2.837634615384616,5.0,3,1
2024-09-19,670871,3,0,0,0.498,3.0,3,0
2024-09-19,670955,3,2,0,0.0,3.0,1,0
2024-09-19,672335,5,2,1,2.242131,5.0,2,0
2024-09-19,676254,4,2,0,1.0736363636363637,4.0,2,0
2024-09-19,676282,19,6,3,5.153526333333334,19.0,10,1
2024-09-19,676395,6,1,0,2.581,6.0,5,0
2024-09-19,676879,3,2,0,0.5771111111111111,3.0,1,0
2024-09-19,677958,17,5,4,5.243016,17.0,7,0
2024-09-19,678226,4,1,0,1.334,4.0,3,0
2024-09-19,678394,24,7,2,8.379539714285714,24.0,14,1
2024-09-19,678606,4,1,0,0.314,4.0,3,0
2024-09-19,679156,11,3,1,4.273131,10.0,6,1
2024-09-19,679885,3,1,0,0.312,3.0,2,0
2024-09-19,680573,19,6,1,5.168394440860215,19.0,12,1
2024-09-19,680704,3,2,1,0.689131,3.0,0,0
2024-09-19,681676,3,0,0,1.3679999999999999,3.0,3,0
2024-09-19,681799,3,1,1,0.7061310000000001,3.0,1,0
2024-09-19,682120,4,4,0,0.0,4.0,0,0
2024-09-19,682847,24,7,2,6.873262,24.0,15,0
2024-09-19,683068,1,0,0,0.53,1.0,1,0
2024-09-19,683769,3,1,0,0.16299999999999998,3.0,2,0
2024-09-19,685107,5,0,0,1.6157692307692306,5.0,5,0
2024-09-19,686580,4,2,0,0.783,4.0,2,0
2024-09-19,686973,4,1,1,0.8751310000000001,4.0,2,0
2024-09-19,687863,5,0,1,2.6212340303030306,5.0,4,0
2024-09-19,687924,21,4,2,8.383374260869566,21.0,13,1
2024-09-19,689958,2,1,0,0.191,2.0,1,0
2024-09-19,691172,4,1,0,1.4609322033898307,4.0,3,1
2024-09-19,694297,23,12,0,3.921761904761905,23.0,11,1
2024-09-19,700187,4,1,1,2.157131,4.0,2,1
2024-09-19,702352,10,2,1,1.6173125,9.0,7,0
2024-09-20,434378,24,4,1,7.3206355,24.0,18,0
2024-09-20,445276,3,0,0,0.313,3.0,3,0
2024-09-20,450203,27,3,4,9.666024,27.0,20,0
2024-09-20,455119,5,1,0,1.136,5.0,4,0
2024-09-20,493603,4,1,1,1.3234666666666668,3.0,2,1
2024-09-20,502043,27,2,3,11.046958811965812,27.0,22,2
2024-09-20,518397,3,1,0,0.7501923076923078,3.0,2,1
2024-09-20,518489,3,1,0,0.5789411764705882,3.0,2,0
2024-09-20,519008,4,0,0,2.4312,3.0,4,1
2024-09-20,519151,3,2,0,0.124,3.0,1,0
2024-09-20,523260,7,2,2,3.921912333333333,7.0,2,1
2024-09-20,542881,18,4,0,8.806019832292597,18.0,13,2
2024-09-20,543037,29,7,1,5.331464333333333,29.0,21,1
2024-09-20,543056,5,2,0,1.70475,5.0,3,0
2024-09-20,543339,5,2,0,1.4960166666666677,5.0,3,1
2024-09-20,543859,2,1,1,0.689131,2.0,0,0
2024-09-20,571927,11,1,1,5.367454671497585,11.0,9,2
2024-09-20,572955,1,1,0,0.0,1.0,0,0
2024-09-20,573204,3,1,0,0.7885499999999999,3.0,2,1
2024-09-20,592094,3,1,0,0.037,3.0,2,0
2024-09-20,592791,23,4,2,5.991204,23.0,16,0
2024-09-20,592866,18,7,0,4.251850872554204,18.0,11,2
2024-09-20,593576,7,3,0,2.294769230769231,7.0,4,0
2024-09-20,594798,13,5,1,3.2415614347826085,13.0,7,1
2024-09-20,594902,19,2,1,4.698767363636364,19.0,16,0
2024-09-20,595014,3,2,0,0.542,3.0,1,0
2024-09-20,596133,4,3,0,0.616,4.0,1,0
2024-09-20,605121,1,0,0,0.713,1.0,1,0
2024-09-20,605397,23,9,0,4.119,23.0,14,0
2024-09-20,606303,4,1,1,1.089131,4.0,2,0
2024-09-20,607067,17,4,1,5.214547666666666,17.0,12,0
2024-09-20,607259,20,9,0,3.232448275862069,20.0,11,1
2024-09-20,607536,25,2,0,10.843772727272727,25.0,23,4
2024-09-20,608371,4,1,1,1.1575976666666665,3.0,1,0
2024-09-20,608379,23,5,1,5.102556287356323,22.0,16,2
2024-09-20,608638,3,0,0,1.053,3.0,3,0
2024-09-20,608718,6,0,1,3.2547725094339626,6.0,5,1
2024-09-20,621053,3,1,0,0.348,3.0,2,0
2024-09-20,621114,3,2,0,0.142,3.0,1,0
2024-09-20,621244,24,6,1,7.355851310391363,24.0,17,3
2024-09-20,621363,1,1,0,0.0,1.0,0,0
2024-09-20,621381,3,2,0,0.114,3.0,1,0
2024-09-20,622065,7,1,0,2.2532,7.0,6,0
2024-09-20,622786,3,0,0,1.5154666666666667,3.0,3,1
2024-09-20,623211,8,1,2,3.424262,8.0,5,0
2024-09-20,623352,3,2,0,0.002,3.0,1,0
2024-09-20,623465,3,1,0,0.687,3.0,2,0
2024-09-20,628317,7,5,0,0.47200000000000003,7.0,2,0
2024-09-20,640462,4,3,0,0.131,4.0,1,0
2024-09-20,641302,17,6,1,3.991715,17.0,8,0
2024-09-20,641427,9,2,0,3.48,9.0,7,0
2024-09-20,641729,3,3,0,0.0,3.0,0,0
2024-09-20,641771,4,0,0,1.213,4.0,4,0
2024-09-20,643361,8,2,0,1.9839696969696965,8.0,6,1
2024-09-20,643377,3,1,0,0.543,3.0,2,0
2024-09-20,643511,4,0,0,2.026,4.0,4,0
2024-09-20,647315,3,1,0,0.834,3.0,2,0
2024-09-20,650911,22,7,5,6.485516111111111,22.0,10,1
2024-09-20,655889,5,0,0,2.368,5.0,5,0
2024-09-20,656240,4,2,1,0.089,3.0,1,0
2024-09-20,656271,3,0,0,0.7070000000000001,3.0,3,0
2024-09-20,656457,4,0,0,0.881,4.0,4,0
2024-09-20,656464,5,1,0,0.774,5.0,4,0
2024-09-20,656546,3,2,0,0.089,3.0,1,0
2024-09-20,656605,22,1,5,12.813953809056155,22.0,16,3
2024-09-20,656629,4,1,0,1.376714285714286,4.0,3,1
2024-09-20,656849,19,4,0,7.165522368421053,19.0,15,2
2024-09-20,656945,4,1,0,1.008,4.0,3,0
2024-09-20,657044,3,0,0,1.6399999999999997,3.0,3,1
2024-09-20,657097,6,0,1,1.9173310000000001,6.0,5,0
2024-09-20,657193,5,1,0,1.7197669999999998,5.0,3,1
2024-09-20,657649,5,1,3,1.498262,4.0,1,0
2024-09-20,658648,7,1,1,3.171131,7.0,5,0
2024-09-20,660813,6,3,0,0.375,6.0,3,0
2024-09-20,660825,5,0,0,1.392,5.0,5,0
2024-09-20,661395,6,2,0,2.115192,6.0,3,0
2024-09-20,663158,5,1,1,2.466321476190476,5.0,3,1
2024-09-20,663423,5,1,1,1.214131,5.0,3,0
2024-09-20,663432,4,0,1,0.900131,4.0,3,0
2024-09-20,663485,4,3,0,0.6107777777777776,4.0,1,0
2024-09-20,663546,1,0,0,0.072,1.0,1,0
2024-09-20,663878,5,1,1,2.000131,5.0,3,0
2024-09-20,663947,5,1,0,2.4509999999999996,5.0,4,1
2024-09-20,664849,5,1,0,3.186,5.0,4,1
2024-09-20,666214,11,3,1,1.3851310000000001,11.0,7,0
2024-09-20,666808,6,2,2,1.507262,6.0,2,0
2024-09-20,668338,5,0,0,2.4758846153846155,5.0,5,1
2024-09-20,668678,23,5,1,8.849171705128207,23.0,17,3
2024-09-20,669062,4,2,1,1.042131,4.0,1,0
2024-09-20,669084,9,1,0,3.4969172510518938,9.0,8,2
2024-09-20,669199,4,0,1,3.0719143333333334,4.0,3,1
2024-09-20,669203,27,8,3,6.444526333333333,26.0,15,1
2024-09-20,669276,4,1,1,0.89,3.0,2,0
2024-09-20,669372,18,4,1,5.352131,18.0,13,0
2024-09-20,669622,3,0,0,0.8360000000000001,3.0,3,0
2024-09-20,669711,4,2,1,0.6981310000000001,4.0,1,0
2024-09-20,669923,22,4,0,5.434122994652406,22.0,18,1
2024-09-20,670036,5,0,1,2.9826694615384617,5.0,4,1
2024-09-20,670046,7,0,1,2.923131,7.0,6,0
2024-09-20,670167,3,2,0,0.048,3.0,1,0
2024-09-20,670174,4,0,0,0.773,4.0,4,0
2024-09-20,670955,3,0,1,0.9741310000000001,3.0,2,0
2024-09-20,670970,3,1,0,0.436,3.0,2,0
2024-09-20,671305,4,1,1,0.9511310000000001,4.0,2,0
2024-09-20,672391,3,1,0,0.5409999999999999,3.0,2,0
2024-09-20,672456,22,7,1,11.549589381196663,22.0,14,6
2024-09-20,672582,5,3,0,0.451,5.0,2,0
2024-09-20,672710,12,2,0,4.026761904761905,12.0,10,1
2024-09-20,672860,5,1,2,1.880262,5.0,2,0
2024-09-20,674285,6,0,1,1.809131,6.0,5,0
2024-09-20,674444,4,1,0,0.938,4.0,3,0
2024-09-20,676395,3,0,0,0.499,3.0,3,0
2024-09-20,676755,6,2,0,1.141,6.0,4,0
2024-09-20,676979,13,8,0,0.94,13.0,5,0
2024-09-20,677955,6,0,1,1.550131,6.0,5,0
2024-09-20,678368,24,3,1,9.373094770867848,24.0,20,3
2024-09-20,678692,4,2,1,0.867,3.0,1,0
2024-09-20,679885,5,2,0,0.874,5.0,3,0
2024-09-20,680767,3,0,0,0.771,3.0,3,0
2024-09-20,680880,2,1,0,0.066,2.0,1,0
2024-09-20,681402,7,1,0,1.343,7.0,6,0
2024-09-20,681867,7,1,1,2.3170721764705884,7.0,5,0
2024-09-20,681870,9,2,1,2.362131,9.0,6,0
2024-09-20,681911,4,3,0,1.0021071428571429,4.0,1,1
2024-09-20,683004,25,5,2,9.650965022875818,24.0,17,2
2024-09-20,683568,4,0,1,1.6371310000000001,4.0,3,0
2024-09-20,685801,3,2,0,0.192,3.0,1,0
2024-09-20,686539,4,2,0,0.307,4.0,2,0
2024-09-20,686642,4,0,0,2.641,4.0,4,0
2024-09-20,686747,1,0,0,0.076,1.0,1,0
2024-09-20,686973,5,2,1,0.296,3.0,2,0
2024-09-20,687330,6,2,0,1.152,6.0,4,0
2024-09-20,687863,3,2,0,0.225,3.0,1,0
2024-09-20,687911,2,0,0,0.9209999999999999,2.0,2,0
2024-09-20,689147,4,1,0,1.187192,4.0,2,0
2024-09-20,690916,21,3,1,6.805067363636364,21.0,17,0
2024-09-20,692285,5,0,0,1.9051923076923079,5.0,5,1
2024-09-20,695243,4,1,1,0.7031310000000001,4.0,2,0
2024-09-20,696131,22,4,1,6.254131,21.0,17,1
2024-09-20,701581,21,6,3,7.1510180000000005,21.0,12,0
2024-09-21,458677,5,1,1,2.5532079230769233,5.0,3,1
2024-09-21,502085,4,0,1,1.626131,4.0,3,0
2024-09-21,518876,16,6,0,2.738,16.0,10,0
2024-09-21,527048,22,6,3,5.367585,22.0,12,0
2024-09-21,543294,25,2,1,7.149238142857143,24.0,21,1
2024-09-21,543339,5,2,0,0.9602692307692307,5.0,3,0
2024-09-21,552640,5,1,0,1.278,5.0,4,0
2024-09-21,571510,19,6,3,5.2569253886639675,19.0,10,1
2024-09-21,571656,3,1,0,0.589,3.0,2,0
2024-09-21,571945,22,4,0,6.907113636363636,22.0,18,2
2024-09-21,571948,5,2,0,0.766,5.0,3,0
2024-09-21,572955,3,2,0,0.306,3.0,1,0
2024-09-21,573009,6,4,0,0.597,6.0,2,0
2024-09-21,592094,5,0,2,3.0084540000000004,5.0,2,0
2024-09-21,600917,9,2,0,2.551,9.0,7,0
2024-09-21,605177,8,0,2,2.968262,8.0,6,0
2024-09-21,605452,8,2,1,2.956056373134328,8.0,5,1
2024-09-21,607074,23,4,1,6.043227774193548,22.0,17,1
2024-09-21,608331,24,6,1,6.367392904761905,24.0,17,1
2024-09-21,608334,15,1,1,5.9201310000000005,15.0,13,0
2024-09-21,608723,5,1,0,1.494409090909091,5.0,4,1
2024-09-21,614179,5,0,1,1.055131,5.0,4,0
2024-09-21,615698,24,5,4,9.728757333333334,24.0,15,2
2024-09-21,621111,24,9,1,6.593251321678322,24.0,13,1
2024-09-21,621199,4,0,0,1.408,4.0,4,0
2024-09-21,621237,1,1,0,0.0,1.0,0,0
2024-09-21,621242,4,2,0,0.402,4.0,2,0
2024-09-21,621366,4,1,0,0.481,4.0,3,0
2024-09-21,621383,6,1,2,2.008262,6.0,3,0
2024-09-21,622253,3,0,0,0.899,3.0,3,1
2024-09-21,622259,6,1,1,1.944131,5.0,4,0
2024-09-21,622554,3,0,1,1.124131,3.0,2,0
2024-09-21,623167,25,3,2,10.362206478216818,25.0,20,4
2024-09-21,624133,23,4,3,8.867968757575758,23.0,16,2
2024-09-21,624522,3,1,0,0.9574666666666667,3.0,2,1
2024-09-21,628452,4,0,1,1.204131,4.0,3,0
2024-09-21,640448,4,0,0,1.645,4.0,4,0
2024-09-21,640455,24,6,0,6.820741863060097,24.0,18,3
2024-09-21,640462,3,2,0,0.315,3.0,1,0
2024-09-21,641329,3,1,0,0.184,3.0,2,0
2024-09-21,641427,4,1,0,2.6516555924695466,4.0,3,2
2024-09-21,641540,19,5,1,5.419514333333334,19.0,13,1
2024-09-21,641703,7,1,1,1.6571310000000001,7.0,5,0
2024-09-21,641729,4,2,0,1.4701052631578948,4.0,2,0
2024-09-21,641835,3,1,0,0.075,3.0,2,0
2024-09-21,642048,2,0,0,0.595,2.0,2,0
2024-09-21,642397,1,0,0,0.363,1.0,1,0
2024-09-21,642520,2,1,0,0.915,2.0,1,0
2024-09-21,643361,2,0,0,0.754,2.0,2,0
2024-09-21,643410,6,3,0,0.25,6.0,3,0
2024-09-21,647336,8,3,1,2.162144157894737,8.0,4,1
2024-09-21,650644,20,2,3,6.964051666666667,20.0,14,0
2024-09-21,650893,2,1,0,0.145,2.0,1,0
2024-09-21,655889,1,0,0,0.058,1.0,1,0
2024-09-21,656222,6,1,0,2.349192,6.0,4,0
2024-09-21,656232,11,1,4,6.061720078431373,11.0,6,1
2024-09-21,656464,3,1,0,0.47500000000000003,3.0,2,0
2024-09-21,656730,5,1,2,1.9362620000000001,5.0,2,0
2024-09-21,656848,7,2,0,1.3679999999999999,7.0,5,0
2024-09-21,656876,6,3,0,0.284,6.0,3,0
2024-09-21,656945,6,3,1,1.773131,6.0,2,0
2024-09-21,657571,3,3,0,0.0,3.0,0,0
2024-09-21,657585,3,0,0,0.605,3.0,3,0
2024-09-21,660825,5,1,0,0.966,5.0,4,0
2024-09-21,660853,5,0,0,2.0724583333333326,5.0,5,1
2024-09-21,661527,7,2,0,3.3491920000000004,7.0,4,0
2024-09-21,663687,11,1,0,4.449992,11.0,9,0
2024-09-21,663738,5,3,0,0.665,5.0,2,0
2024-09-21,663773,2,1,0,0.193,2.0,1,0
2024-09-21,663893,4,1,1,0.9721310000000001,4.0,2,0
2024-09-21,663903,24,6,1,11.278548966556436,24.0,17,2
2024-09-21,663941,6,1,0,0.22999999999999998,6.0,5,0
2024-09-21,664076,5,1,1,0.9591310000000001,5.0,3,0
2024-09-21,664854,3,3,0,0.0,3.0,0,0
2024-09-21,666974,5,2,0,1.043,5.0,3,0
2024-09-21,667297,5,1,0,0.736,5.0,4,0
2024-09-21,668941,5,0,1,3.035238142857143,5.0,4,1
2024-09-21,668943,7,0,1,5.681634496503497,7.0,6,3
2024-09-21,669022,24,9,3,6.951362777777778,24.0,11,1
2024-09-21,669093,3,2,0,0.89,3.0,1,0
2024-09-21,669199,6,1,0,3.400451449275363,6.0,5,2
2024-09-21,669211,5,1,0,1.537,5.0,4,0
2024-09-21,669212,5,0,0,1.672,4.0,4,0
2024-09-21,669461,3,1,0,0.06799999999999999,3.0,2,0
2024-09-21,669713,6,4,0,0.631,6.0,2,0
2024-09-21,669854,27,9,2,9.538910058837715,27.0,16,3
2024-09-21,670124,27,7,2,7.630443818181819,27.0,18,0
2024-09-21,670280,4,0,1,1.712281,4.0,3,0
2024-09-21,670871,4,0,1,1.335131,4.0,3,0
2024-09-21,671345,4,0,1,2.327131,4.0,3,0
2024-09-21,671737,23,4,2,6.979262,23.0,17,0
2024-09-21,672282,17,3,3,8.126165727272728,17.0,11,2
2024-09-21,672335,3,0,0,0.882,3.0,3,0
2024-09-21,672391,3,2,0,0.204,3.0,1,0
2024-09-21,672578,5,0,0,2.7391364444444446,5.0,4,1
2024-09-21,674444,4,1,0,0.315,4.0,3,0
2024-09-21,674944,6,1,0,1.103,6.0,5,0
2024-09-21,675540,1,1,0,0.0,1.0,0,0
2024-09-21,676092,5,0,1,4.009577127946128,5.0,4,2
2024-09-21,676106,20,3,0,7.144218482647296,20.0,17,2
2024-09-21,676428,13,0,1,5.101131,13.0,12,0
2024-09-21,676664,25,6,2,10.634262000000001,25.0,17,3
2024-09-21,676684,2,0,0,0.668,2.0,2,0
2024-09-21,678020,6,1,2,1.970262,6.0,3,0
2024-09-21,678606,3,0,0,1.013,3.0,3,0
2024-09-21,678821,4,1,0,1.557384,4.0,1,0
2024-09-21,679156,5,2,0,2.637112765027322,5.0,2,1
2024-09-21,680704,7,0,0,3.239946098360656,7.0,6,1
2024-09-21,680767,5,1,0,0.903,5.0,4,0
2024-09-21,681857,12,3,1,3.017573,12.0,7,0
2024-09-21,681911,2,2,0,0.0,2.0,0,0
2024-09-21,682120,3,2,0,0.011,3.0,1,0
2024-09-21,682254,4,1,0,2.507357142857143,4.0,3,1
2024-09-21,683003,24,5,3,9.83316826496492,24.0,16,3
2024-09-21,683021,5,0,0,2.407192,5.0,4,0
2024-09-21,683409,3,1,1,0.787131,3.0,1,0
2024-09-21,684320,19,3,3,5.722740826086957,18.0,12,1
2024-09-21,685107,2,0,0,1.567,2.0,2,0
2024-09-21,689147,6,2,1,2.422323,6.0,2,0
2024-09-21,689225,7,1,1,1.156131,7.0,5,0
2024-09-21,689958,3,2,0,0.205,3.0,1,0
2024-09-21,691172,4,2,1,0.8671310000000001,4.0,1,0
2024-09-21,694738,21,3,3,6.075393,21.0,15,0
2024-09-21,695076,23,4,2,7.533262,23.0,17,0
2024-09-21,700187,6,2,3,2.8153930000000003,6.0,1,0
2024-09-21,700249,20,7,3,5.460693,20.0,10,0
2024-09-21,702352,8,2,0,2.2702424242424244,8.0,6,1
2024-09-22,445276,3,1,0,0.28200000000000003,3.0,2,0
2024-09-22,472610,3,1,0,0.5802142857142857,3.0,2,0
2024-09-22,489446,3,1,0,0.16899999999999998,3.0,2,0
2024-09-22,502085,3,1,0,0.384,3.0,2,0
2024-09-22,506433,22,9,0,4.48388888888889,22.0,13,2
2024-09-22,518397,7,2,3,2.179262,6.0,2,0
2024-09-22,518489,4,3,0,0.616,4.0,1,0
2024-09-22,518585,8,4,0,3.1315161290322586,8.0,4,1
2024-09-22,519008,3,0,0,1.826192,3.0,2,0
2024-09-22,519326,5,0,1,1.257131,5.0,4,0
2024-09-22,523260,3,2,0,0.119,3.0,1,0
2024-09-22,543056,3,2,1,0.689131,3.0,0,0
2024-09-22,543859,8,1,0,4.339615384615384,8.0,7,1
2024-09-22,544150,21,6,1,7.091644627275597,21.0,14,2
2024-09-22,547973,3,2,0,0.178,3.0,1,0
2024-09-22,552640,4,0,0,0.742,4.0,4,0
2024-09-22,554430,28,8,1,6.367769157894737,27.0,18,2
2024-09-22,571656,4,2,1,1.651131,4.0,1,0
2024-09-22,571760,27,4,1,11.43853149122807,27.0,20,2
2024-09-22,572955,3,2,0,0.406,3.0,1,0
2024-09-22,573009,5,0,1,2.282131,5.0,4,0
2024-09-22,573204,4,1,1,1.480131,4.0,2,0
2024-09-22,593423,17,4,2,9.216314380952381,17.0,10,3
2024-09-22,593576,4,1,0,2.027,4.0,3,0
2024-09-22,595014,3,3,0,0.0,3.0,0,0
2024-09-22,596133,5,3,0,0.019999999999999997,5.0,2,0
2024-09-22,601713,23,4,3,7.595654522790935,23.0,16,1
2024-09-22,605280,3,1,1,1.320131,3.0,1,0
2024-09-22,605483,21,9,1,4.389533564102564,21.0,11,1
2024-09-22,606303,4,2,0,1.026,4.0,2,0
2024-09-22,606930,5,1,1,1.755131,5.0,3,0
2024-09-22,607481,4,1,0,1.46,4.0,3,0
2024-09-22,607625,25,5,0,7.786181577480491,25.0,20,3
2024-09-22,608344,7,0,2,6.088920666666667,7.0,4,2
2024-09-22,608371,3,1,1,0.924131,3.0,1,0
2024-09-22,608638,5,1,1,2.3501934999999996,5.0,3,1
2024-09-22,608718,6,1,1,2.945131,6.0,4,0
2024-09-22,621114,5,3,0,0.8150000000000001,5.0,2,1
2024-09-22,621242,9,4,2,2.502262,9.0,3,0
2024-09-22,621363,4,1,0,0.713,4.0,3,0
2024-09-22,621381,3,2,0,0.51,3.0,1,0
2024-09-22,622259,3,1,0,0.44,3.0,2,0
2024-09-22,622608,19,2,2,6.908347714285714,19.0,15,1
2024-09-22,622786,3,1,0,1.7051612903225795,3.0,2,1
2024-09-22,623352,6,0,2,3.452262,6.0,4,0
2024-09-22,628452,8,2,0,2.720105263157895,8.0,6,0
2024-09-22,641154,22,3,1,10.055245718614719,22.0,18,2
2024-09-22,641656,3,0,0,1.246,3.0,3,0
2024-09-22,642207,4,2,1,0.6981310000000001,4.0,1,0
2024-09-22,642232,15,5,1,3.582131,15.0,9,0
2024-09-22,642701,3,1,0,0.052000000000000005,3.0,2,0
2024-09-22,643511,6,0,1,1.406192,5.0,4,0
2024-09-22,647315,3,1,0,1.9847058823529409,3.0,2,1
2024-09-22,650556,6,0,0,2.8576510006688274,6.0,6,1
2024-09-22,650671,6,1,1,3.1881310000000003,6.0,4,0
2024-09-22,650893,4,1,0,1.9620000000000002,4.0,3,1
2024-09-22,656240,3,0,0,0.736,3.0,3,0
2024-09-22,656271,2,0,0,0.978,2.0,2,0
2024-09-22,656288,22,3,3,8.786327040650407,21.0,16,2
2024-09-22,656550,16,5,1,5.899558106227106,16.0,10,3
2024-09-22,656731,18,6,2,7.383671090909091,18.0,10,1
2024-09-22,656756,21,6,2,5.867262,21.0,13,0
2024-09-22,657024,4,2,0,1.5960624999999997,4.0,2,1
2024-09-22,657044,5,0,0,3.0298611111111113,5.0,5,2
2024-09-22,657508,6,0,0,2.065,6.0,6,0
2024-09-22,657612,3,1,0,0.65,3.0,2,0
2024-09-22,657649,5,0,1,1.603131,5.0,4,0
2024-09-22,661563,24,5,3,6.938254111111111,24.0,16,1
2024-09-22,662253,4,1,0,1.8250000000000002,4.0,3,0
2024-09-22,663158,4,2,0,0.198,3.0,1,0
2024-09-22,663423,3,2,0,0.273,3.0,1,0
2024-09-22,663432,4,1,0,1.05,4.0,3,0
2024-09-22,663460,7,3,1,1.4622976666666667,7.0,3,0
2024-09-22,663485,4,0,0,1.6401919999999999,4.0,3,0
2024-09-22,663546,3,3,0,0.0,3.0,0,0
2024-09-22,663574,3,2,0,0.01,3.0,1,0
2024-09-22,663623,18,3,4,9.577490721181483,18.0,11,3
2024-09-22,663947,7,4,1,1.074131,7.0,2,0
2024-09-22,663992,4,2,0,1.3239999999999998,4.0,2,0
2024-09-22,664208,6,0,0,2.2281923076923076,6.0,6,1
2024-09-22,664747,5,1,2,1.9672620000000003,5.0,2,0
2024-09-22,664854,3,0,0,0.7332857142857143,3.0,3,0
2024-09-22,666171,7,1,1,2.093,6.0,5,0
2024-09-22,666205,8,0,1,2.3428,7.0,7,1
2024-09-22,666974,4,0,1,1.023131,4.0,3,0
2024-09-22,668881,12,4,1,3.755131,12.0,7,1
2024-09-22,668909,22,3,2,5.292262,22.0,17,0
2024-09-22,669084,8,3,1,1.621131,8.0,3,0
2024-09-22,669093,3,2,0,0.057,3.0,1,0
2024-09-22,669211,3,2,0,0.0,3.0,1,0
2024-09-22,669276,5,2,0,3.840214285714285,5.0,3,2
2024-09-22,669358,24,6,1,5.993323,24.0,16,0
2024-09-22,669387,3,0,1,0.907131,3.0,2,0
2024-09-22,669467,23,4,2,5.462373111111111,22.0,17,0
2024-09-22,669622,3,1,1,0.8861310000000001,3.0,1,0
2024-09-22,669711,3,0,0,1.013,3.0,3,0
2024-09-22,669724,6,1,2,2.538262,6.0,3,0
2024-09-22,670036,5,1,0,1.617,5.0,4,0
2024-09-22,670059,4,1,0,0.6970000000000001,3.0,2,0
2024-09-22,670174,5,1,1,1.7397559999999999,5.0,3,0
2024-09-22,670766,17,5,1,6.700450777777778,17.0,10,2
2024-09-22,670871,1,1,0,0.0,1.0,0,0
2024-09-22,670955,6,1,1,2.326131,6.0,4,0
2024-09-22,670970,3,2,0,0.933,3.0,1,0
2024-09-22,671305,3,0,1,1.381131,3.0,2,0
2024-09-22,671345,3,1,0,0.511,3.0,2,0
2024-09-22,672335,5,1,0,1.197192,5.0,3,0
2024-09-22,672860,5,0,1,1.117131,5.0,4,0
2024-09-22,674285,4,1,0,0.653,3.0,2,0
2024-09-22,674944,3,0,0,1.5559166666666664,3.0,3,1
2024-09-22,675540,4,0,0,1.7736190476190477,4.0,4,1
2024-09-22,676105,5,1,1,2.295131,5.0,3,0
2024-09-22,676130,3,2,0,0.234,3.0,1,0
2024-09-22,676254,4,1,0,0.834192,4.0,2,0
2024-09-22,676508,13,5,2,3.733012,13.0,6,0
2024-09-22,676684,5,1,0,2.1147142857142858,5.0,4,1
2024-09-22,676710,32,7,0,8.705192,32.0,24,0
2024-09-22,676879,6,4,1,1.160131,6.0,1,0
2024-09-22,677955,5,1,1,1.410731,5.0,3,0
2024-09-22,678020,2,0,0,2.595285714285714,2.0,2,1
2024-09-22,678226,2,1,0,0.705,2.0,1,0
2024-09-22,678821,2,1,0,0.79,2.0,1,0
2024-09-22,679885,4,1,0,1.308,4.0,3,0
2024-09-22,680732,21,8,1,5.388229290598291,21.0,12,2
2024-09-22,680744,13,3,2,6.072816112554113,13.0,8,2
2024-09-22,680880,2,1,0,0.111,2.0,1,0
2024-09-22,681293,22,6,0,6.029155462184874,22.0,16,0
2024-09-22,681402,1,0,0,0.09,1.0,1,0
2024-09-22,681799,5,1,0,1.7309999999999999,5.0,4,0
2024-09-22,682120,4,1,0,1.056192,4.0,2,0
2024-09-22,683155,21,1,1,10.844765987249545,21.0,18,5
2024-09-22,683409,5,0,2,1.820262,5.0,3,0
2024-09-22,683769,4,0,0,0.767,4.0,4,0
2024-09-22,684007,26,4,0,7.1486,26.0,22,0
2024-09-22,685801,1,1,0,0.0,1.0,0,0
2024-09-22,686539,6,2,0,0.533,6.0,4,0
2024-09-22,686642,4,0,0,2.1106153846153846,4.0,4,1
2024-09-22,686747,3,2,0,0.033,3.0,1,0
2024-09-22,687330,2,1,0,0.886,2.0,1,0
2024-09-22,687396,13,5,2,4.6283210909090915,13.0,6,1
2024-09-22,687911,2,1,0,0.184,2.0,1,0
2024-09-22,689958,3,0,2,1.390262,3.0,1,0
2024-09-22,693433,25,4,1,8.131264333333334,25.0,20,1
2024-09-22,694973,18,9,0,3.391192,18.0,8,0
2024-09-22,700270,8,2,1,2.8787976666666664,8.0,5,0
2024-09-22,805673,18,6,2,5.916106854070661,18.0,10,2
2024-09-22,808967,17,4,3,5.700656157894737,17.0,10,1
2024-09-23,455119,4,0,0,1.492,4.0,4,0
2024-09-23,543518,9,4,0,2.119666666666667,9.0,5,1
2024-09-23,593958,24,8,3,11.365928621662853,24.0,13,3
2024-09-23,605135,24,2,7,9.495917,23.0,14,0
2024-09-23,605400,27,7,2,7.859056670846395,26.0,17,1
2024-09-23,608032,5,1,1,2.2239310000000003,5.0,3,1
2024-09-23,621381,3,1,0,0.571,3.0,2,0
2024-09-23,622253,5,0,2,1.5202620000000002,4.0,2,0
2024-09-23,647315,2,0,1,0.7581310000000001,2.0,1,0
2024-09-23,656546,4,1,1,0.8841310000000001,4.0,2,0
2024-09-23,656557,17,0,1,3.913881,17.0,16,0
2024-09-23,657024,3,1,0,0.536,3.0,2,0
2024-09-23,657571,3,1,0,1.3570000000000002,3.0,2,0
2024-09-23,660825,3,0,0,0.314,3.0,3,0
2024-09-23,661527,7,0,0,3.2527474358974366,7.0,7,2
2024-09-23,663878,4,0,1,1.871131,4.0,3,0
2024-09-23,663893,3,0,0,0.934,3.0,3,0
2024-09-23,666808,4,1,1,0.815131,4.0,2,0
2024-09-23,667297,4,1,0,1.532761904761905,4.0,3,1
2024-09-23,668873,28,3,4,11.43399773137144,27.0,21,3
2024-09-23,668970,6,1,0,0.955,5.0,5,0
2024-09-23,669062,5,2,0,1.779,5.0,3,0
2024-09-23,669711,4,0,0,1.405,4.0,4,0
2024-09-23,672391,3,0,1,1.4021310000000002,3.0,2,0
2024-09-23,676254,3,0,0,0.504,3.0,3,0
2024-09-23,676714,4,1,1,0.979131,4.0,2,0
2024-09-23,682243,25,5,2,6.908565105590061,25.0,18,1
2024-09-23,683068,3,0,0,0.999,3.0,3,0
2024-09-23,686613,23,8,3,5.849393,23.0,12,0
2024-09-23,686796,3,1,0,0.8340000000000001,3.0,2,0
2024-09-23,687911,6,0,0,1.869,6.0,6,0
2024-09-23,692285,4,1,0,0.137,4.0,3,0
2024-09-23,700187,5,0,0,1.4560769230769233,5.0,5,1
2024-09-23,702352,4,2,0,0.711,4.0,2,0
2024-09-23,806185,22,6,2,8.45229490909091,22.0,13,2
2024-09-24,455119,3,1,1,0.892131,3.0,1,0
2024-09-24,458677,5,1,0,1.1460000000000001,5.0,4,0
2024-09-24,472610,3,0,0,0.349,3.0,3,0
2024-09-24,493603,4,0,1,1.874131,4.0,3,0
2024-09-24,502085,4,1,1,1.1451310000000001,4.0,2,0
2024-09-24,518397,4,1,0,1.4490000000000003,4.0,3,1
2024-09-24,519008,1,0,0,0.077,1.0,1,0
2024-09-24,519151,4,0,1,1.110131,4.0,3,0
2024-09-24,519326,4,0,1,1.859131,4.0,3,0
2024-09-24,543135,28,7,3,7.689771787878788,28.0,18,1
2024-09-24,543339,4,1,0,0.8069999999999999,4.0,3,0
2024-09-24,543859,5,1,1,1.694131,5.0,3,1
2024-09-24,552640,3,1,0,0.174,3.0,2,0
2024-09-24,571882,8,3,1,2.6761310000000003,8.0,4,0
2024-09-24,571948,3,1,0,0.964,3.0,2,0
2024-09-24,573204,1,1,0,0.0,1.0,0,0
2024-09-24,592094,4,0,0,1.403,4.0,4,0
2024-09-24,592454,3,0,1,1.456931,3.0,2,0
2024-09-24,592767,5,1,1,1.630131,5.0,3,0
2024-09-24,592773,4,1,0,2.322741935483871,4.0,3,1
2024-09-24,592836,12,1,3,5.5473930000000005,12.0,8,0
2024-09-24,605121,4,1,1,1.4241764545454547,4.0,2,0
2024-09-24,605452,5,1,1,1.7331310000000002,5.0,3,0
2024-09-24,606303,4,0,0,1.0992142857142857,4.0,4,0
2024-09-24,607067,6,2,0,1.086,6.0,4,0
2024-09-24,608344,5,0,2,1.756262,5.0,3,0
2024-09-24,608371,5,0,1,1.7452689310344829,5.0,4,1
2024-09-24,621053,3,2,0,0.058,3.0,1,0
2024-09-24,621114,3,1,0,1.342,3.0,2,0
2024-09-24,621363,3,0,0,0.249,3.0,3,0
2024-09-24,621383,8,1,0,2.770192,8.0,6,1
2024-09-24,622250,3,1,0,1.389,3.0,2,0
2024-09-24,622554,2,0,0,0.109,2.0,2,0
2024-09-24,622663,20,5,1,6.173797666666667,20.0,14,1
2024-09-24,622786,5,1,0,0.044,5.0,4,0
2024-09-24,623211,4,1,0,0.7879999999999999,4.0,3,0
2024-09-24,623352,4,3,0,0.674,4.0,1,0
2024-09-24,628452,3,0,0,0.226,3.0,3,0
2024-09-24,640448,5,2,1,1.076131,5.0,2,0
2024-09-24,641656,5,1,0,2.263,5.0,4,1
2024-09-24,641703,7,0,0,2.5945454545454547,7.0,7,0
2024-09-24,641729,4,2,0,0.846,4.0,2,0
2024-09-24,641835,7,1,1,3.238931,7.0,5,1
2024-09-24,641927,26,7,2,6.766726727272728,25.0,15,1
2024-09-24,641941,4,0,1,1.831131,4.0,3,0
2024-09-24,642397,4,1,1,1.0241310000000001,4.0,2,0
2024-09-24,643338,4,0,0,1.231,4.0,4,0
2024-09-24,643410,2,0,1,1.199131,2.0,1,0
2024-09-24,650556,4,1,0,0.40599999999999997,4.0,3,0
2024-09-24,650633,21,3,2,8.844900633825944,20.0,14,2
2024-09-24,650893,5,1,0,2.497,5.0,4,0
2024-09-24,656234,5,1,0,0.9909999999999999,5.0,4,0
2024-09-24,656240,5,0,1,1.537131,5.0,4,0
2024-09-24,656271,4,0,0,0.8989999999999999,4.0,4,0
2024-09-24,656457,10,2,0,3.7901920000000002,10.0,7,0
2024-09-24,656730,1,0,0,0.203,1.0,1,0
2024-09-24,656945,3,1,0,1.0979999999999999,3.0,2,0
2024-09-24,657006,16,3,0,3.063434782608696,16.0,13,1
2024-09-24,657097,1,1,0,0.0,1.0,0,0
2024-09-24,657277,22,3,1,4.646250047619048,21.0,17,1
2024-09-24,657376,21,7,1,4.9229946363636365,21.0,13,0
2024-09-24,660600,3,2,0,0.062,3.0,1,0
2024-09-24,660813,3,0,0,0.7599999999999999,3.0,3,0
2024-09-24,661403,3,1,0,0.217,3.0,2,0
2024-09-24,662253,4,1,0,0.734,3.0,2,0
2024-09-24,663158,4,0,0,2.089,4.0,4,0
2024-09-24,663372,24,6,1,8.022423857142858,24.0,17,0
2024-09-24,663423,3,1,0,0.641,3.0,2,0
2024-09-24,663460,4,0,0,1.387,4.0,4,0
2024-09-24,663465,18,5,1,4.321611,18.0,12,1
2024-09-24,663559,23,5,1,6.7365778085106385,23.0,16,1
2024-09-24,663767,4,0,2,1.588262,4.0,2,0
2024-09-24,663941,4,0,0,2.815212307692307,4.0,4,2
2024-09-24,664139,5,1,0,3.024,5.0,4,0
2024-09-24,664285,26,4,2,9.74858979406973,26.0,20,3
2024-09-24,664849,3,1,0,0.5630000000000001,3.0,2,0
2024-09-24,665152,19,3,2,6.870050819875776,18.0,13,2
2024-09-24,666142,23,6,3,5.680262565217391,23.0,14,1
2024-09-24,666214,5,2,0,0.41400000000000003,5.0,3,0
2024-09-24,666974,3,0,0,2.1184528301886796,3.0,3,1
2024-09-24,667297,6,1,1,2.1170909090909094,5.0,4,1
2024-09-24,667463,4,2,0,0.433,4.0,2,0
2024-09-24,668338,2,0,0,0.513,2.0,2,0
2024-09-24,668674,3,2,0,0.182,3.0,1,0
2024-09-24,668964,18,2,0,5.125136645962733,18.0,16,0
2024-09-24,669093,1,0,0,0.014,1.0,1,0
2024-09-24,669199,5,2,0,1.002,5.0,3,0
2024-09-24,669211,3,0,1,0.777131,3.0,2,0
2024-09-24,669302,24,6,1,7.317493745098039,23.0,17,2
2024-09-24,669373,23,7,1,3.8851310000000003,23.0,15,0
2024-09-24,669461,4,0,0,1.419,4.0,4,0
2024-09-24,669622,5,1,1,2.466131,5.0,3,0
2024-09-24,669674,3,1,0,0.233,3.0,2,0
2024-09-24,669713,8,4,0,2.126000000000001,8.0,4,1
2024-09-24,670102,18,4,1,3.315669461538462,18.0,13,1
2024-09-24,670280,3,0,0,0.072,3.0,3,0
2024-09-24,670970,4,1,1,1.497131,4.0,2,0
2024-09-24,672335,4,0,0,0.484,4.0,4,0
2024-09-24,672582,3,0,0,0.5509999999999999,2.0,2,0
2024-09-24,672860,4,2,1,1.8313214761904764,4.0,1,1
2024-09-24,676440,26,7,2,7.0310903636363635,26.0,16,0
2024-09-24,676714,6,1,1,3.1745620344827588,6.0,4,1
2024-09-24,676755,10,1,4,4.962716,10.0,4,0
2024-09-24,677960,23,2,2,7.953454000000001,23.0,18,1
2024-09-24,678394,16,4,2,4.7777196576576575,16.0,10,2
2024-09-24,678606,6,2,0,1.1766666666666665,6.0,4,0
2024-09-24,680730,22,5,2,6.143262,22.0,15,0
2024-09-24,680767,6,2,1,1.378131,6.0,3,0
2024-09-24,680880,3,1,0,0.251,3.0,2,0
2024-09-24,680885,26,4,1,7.480397666666667,26.0,21,0
2024-09-24,681402,5,1,1,1.6841310000000003,5.0,3,0
2024-09-24,681676,4,2,0,0.499,4.0,2,0
2024-09-24,681810,8,2,1,1.427131,8.0,5,0
2024-09-24,682254,6,6,0,0.0,6.0,0,0
2024-09-24,683068,3,0,1,1.093131,3.0,2,0
2024-09-24,683409,6,1,1,2.495131,6.0,4,0
2024-09-24,683618,4,2,0,0.577,4.0,2,0
2024-09-24,683769,3,0,0,0.917,3.0,3,0
2024-09-24,686563,21,7,1,3.710131,21.0,13,0
2024-09-24,686580,5,1,0,1.0722142857142858,5.0,4,0
2024-09-24,686730,18,2,2,7.707976685314685,18.0,14,1
2024-09-24,686752,22,6,4,5.940524,22.0,12,0
2024-09-24,686796,12,1,0,5.758835061137693,12.0,11,3
2024-09-24,686799,23,4,0,5.574333333333334,23.0,19,1
2024-09-24,687765,24,2,2,9.665783931034483,24.0,18,2
2024-09-24,687922,7,1,2,2.907003935483871,7.0,4,1
2024-09-24,689017,18,4,1,6.280718752525253,18.0,13,1
2024-09-24,689225,7,3,0,0.313,7.0,4,0
2024-09-24,691172,4,3,0,0.244,4.0,1,0
2024-09-24,692285,3,0,1,1.783131,3.0,2,0
2024-09-24,694297,16,4,2,9.438963166645417,16.0,10,4
2024-09-24,695243,5,2,0,0.643,5.0,3,0
2024-09-24,700241,20,5,1,5.686434111111112,20.0,13,1
2024-09-24,700270,11,1,2,4.215262,11.0,8,0
2024-09-25,543056,3,0,0,1.9100967741935484,3.0,3,1
2024-09-25,547001,14,3,1,4.807131,14.0,10,0
2024-09-25,547179,8,2,1,2.0526573157894736,8.0,5,0
2024-09-25,547973,3,1,0,0.5760000000000001,3.0,2,0
2024-09-25,552640,5,1,0,1.2830000000000001,5.0,4,0
2024-09-25,571656,3,1,0,0.301,3.0,2,0
2024-09-25,573124,3,1,0,0.399,3.0,2,0
2024-09-25,573186,19,1,0,7.998869565217391,19.0,18,1
2024-09-25,579328,24,8,1,5.256024793103448,24.0,15,2
2024-09-25,592332,25,3,3,5.758393,25.0,19,0
2024-09-25,593576,6,2,0,2.182431034482759,6.0,4,1
2024-09-25,593974,1,0,0,0.616,1.0,1,0
2024-09-25,595014,3,2,0,0.204,3.0,1,0
2024-09-25,596001,18,3,1,5.600888178014767,18.0,14,2
2024-09-25,596295,22,3,0,6.143330065359477,22.0,19,0
2024-09-25,600917,6,1,0,1.592192,6.0,4,0
2024-09-25,605121,6,0,1,2.943131,6.0,5,0
2024-09-25,605177,5,1,0,1.605,5.0,4,0
2024-09-25,606930,3,0,0,1.104,3.0,3,0
2024-09-25,607200,24,10,1,6.427658777777777,24.0,13,1
2024-09-25,608032,5,0,0,1.9115749999999998,5.0,5,1
2024-09-25,608638,3,0,0,0.322,3.0,3,0
2024-09-25,614179,5,1,0,0.65675,5.0,4,0
2024-09-25,621107,22,1,5,12.107874941348975,22.0,16,3
2024-09-25,621199,5,1,0,3.648333333333333,5.0,4,1
2024-09-25,623437,3,1,0,0.08,3.0,2,0
2024-09-25,623465,3,1,0,0.19,3.0,2,0
2024-09-25,624522,6,1,0,2.6145714285714288,6.0,5,1
2024-09-25,640462,3,2,0,0.099,3.0,1,0
2024-09-25,641793,21,7,0,9.771070584487976,21.0,14,5
2024-09-25,641941,6,1,0,3.7085161290322577,6.0,5,1
2024-09-25,642048,1,0,0,0.308,1.0,1,0
2024-09-25,642100,3,1,0,0.243,3.0,2,0
2024-09-25,642397,3,2,0,0.203,3.0,1,0
2024-09-25,642547,20,7,2,5.007262,20.0,11,0
2024-09-25,642701,3,0,0,0.507,3.0,3,0
2024-09-25,643338,4,1,0,0.9450000000000001,4.0,3,0
2024-09-25,643377,5,2,0,1.05125,5.0,3,0
2024-09-25,643410,4,3,0,0.899,4.0,1,0
2024-09-25,647336,9,5,1,1.5841310000000002,9.0,3,0
2024-09-25,650671,2,1,0,0.869,2.0,1,0
2024-09-25,650911,22,4,1,6.548131,22.0,17,0
2024-09-25,655889,5,0,0,3.1406842105263157,5.0,5,1
2024-09-25,656271,3,1,0,0.269,3.0,2,0
2024-09-25,656302,23,4,3,8.482267493927125,23.0,16,1
2024-09-25,656427,21,5,3,9.614560832167832,21.0,13,3
2024-09-25,656464,3,2,0,0.648,3.0,1,0
2024-09-25,656546,3,2,0,0.584,3.0,1,0
2024-09-25,656629,4,1,1,0.9471310000000001,4.0,2,0
2024-09-25,656848,4,0,0,1.8810000000000002,4.0,4,0
2024-09-25,656876,9,4,0,2.6211499999999996,9.0,5,0
2024-09-25,657024,3,1,0,0.8968571428571428,3.0,2,0
2024-09-25,657097,6,1,0,1.145,6.0,5,0
2024-09-25,657571,3,1,0,0.264,3.0,2,0
2024-09-25,660761,22,5,2,6.530949037037037,22.0,15,1
2024-09-25,660853,4,0,1,1.5461310000000001,4.0,3,0
2024-09-25,660896,5,3,0,0.249,5.0,2,0
2024-09-25,661395,3,1,0,0.742,3.0,2,0
2024-09-25,661403,6,1,2,2.9552620000000003,6.0,3,0
2024-09-25,663432,3,2,0,0.076,3.0,1,0
2024-09-25,663436,18,4,5,5.481847,18.0,8,0
2024-09-25,663485,3,3,0,0.0,3.0,0,0
2024-09-25,663546,6,0,0,2.2150000000000003,6.0,6,0
2024-09-25,663574,4,2,0,0.428,4.0,2,0
2024-09-25,663687,7,5,1,0.8381310000000001,7.0,1,0
2024-09-25,663738,12,2,2,3.569262,12.0,8,0
2024-09-25,663767,3,1,0,0.8480000000000001,3.0,2,0
2024-09-25,663773,5,0,1,2.1521310000000002,5.0,4,0
2024-09-25,663878,4,2,0,0.28200000000000003,4.0,2,0
2024-09-25,663893,4,1,0,0.834,4.0,3,0
2024-09-25,663947,4,1,0,0.298,4.0,3,0
2024-09-25,663992,3,0,1,0.8531310000000001,3.0,2,0
2024-09-25,664854,1,0,0,0.347,1.0,1,0
2024-09-25,665795,22,5,1,8.093348391304348,22.0,16,2
2024-09-25,665871,24,3,3,12.987740843832219,24.0,18,4
2024-09-25,666171,4,1,0,0.51,4.0,3,0
2024-09-25,666808,3,2,0,0.092,3.0,1,0
2024-09-25,668674,3,1,0,0.915,3.0,2,0
2024-09-25,668678,22,11,2,4.970262,22.0,9,1
2024-09-25,668943,4,2,1,1.0261310000000001,4.0,1,0
2024-09-25,669062,5,1,1,1.416131,5.0,3,0
2024-09-25,669084,4,1,0,0.42400000000000004,4.0,3,0
2024-09-25,669093,4,1,2,1.517262,4.0,1,0
2024-09-25,669211,2,0,0,0.10200000000000001,2.0,2,0
2024-09-25,669212,6,2,0,0.307,6.0,4,0
2024-09-25,669461,3,0,1,1.3747976666666668,3.0,2,0
2024-09-25,669620,16,3,1,6.831970743589744,16.0,12,3
2024-09-25,669674,3,0,0,1.4460000000000002,3.0,3,0
2024-09-25,669711,1,0,0,0.057,1.0,1,0
2024-09-25,669724,5,0,1,2.1681310000000003,5.0,4,0
2024-09-25,669923,24,6,1,6.06248111965812,24.0,16,0
2024-09-25,670036,9,2,0,1.446,9.0,7,0
2024-09-25,670167,5,2,2,2.5918924347826087,5.0,1,1
2024-09-25,670174,9,3,0,2.316875,9.0,6,0
2024-09-25,670871,4,0,0,1.309,4.0,4,0
2024-09-25,670970,3,0,0,1.033,3.0,3,0
2024-09-25,671212,13,5,2,2.6562620000000003,13.0,6,0
2024-09-25,671922,3,2,0,0.108,3.0,1,0
2024-09-25,672456,14,2,2,5.83661806060606,14.0,10,1
2024-09-25,672582,3,0,0,1.0899999999999999,3.0,3,0
2024-09-25,674003,21,4,3,7.181393,21.0,14,0
2024-09-25,674285,3,0,0,2.031,3.0,3,0
2024-09-25,674944,6,3,0,1.1550000000000002,6.0,3,0
2024-09-25,676092,3,1,1,0.899131,3.0,1,0
2024-09-25,676105,8,4,0,1.53268,7.0,3,1
2024-09-25,676395,3,1,0,0.084,3.0,2,0
2024-09-25,676684,4,1,0,1.655,4.0,3,0
2024-09-25,676879,5,3,0,0.46499999999999997,5.0,2,0
2024-09-25,677955,8,0,1,2.740323,8.0,6,0
2024-09-25,679885,7,2,1,2.040131,7.0,4,1
2024-09-25,680573,10,2,1,3.102131,10.0,7,0
2024-09-25,680880,3,1,0,0.649,3.0,2,0
2024-09-25,681799,5,2,0,2.417869565217391,5.0,3,1
2024-09-25,681869,8,2,0,2.008434782608696,8.0,6,1
2024-09-25,681870,4,3,0,0.059,4.0,1,0
2024-09-25,681911,5,0,2,2.414262,4.0,2,0
2024-09-25,682120,4,0,0,0.908,4.0,4,0
2024-09-25,682847,26,5,1,7.6999935,26.0,20,1
2024-09-25,683769,5,0,0,2.22968,5.0,5,1
2024-09-25,686539,7,1,2,1.9211310000000001,5.0,4,0
2024-09-25,686642,3,1,0,0.29000000000000004,3.0,2,0
2024-09-25,686747,3,0,0,0.12,3.0,3,0
2024-09-25,686973,10,4,0,2.037,10.0,6,0
2024-09-25,687424,3,0,0,1.26,3.0,3,0
2024-09-25,687792,21,3,3,5.398193,21.0,15,0
2024-09-25,689147,4,0,1,1.383131,4.0,3,0
2024-09-25,689958,5,0,0,1.2984545454545455,5.0,5,0
2024-09-25,690916,22,2,2,6.741889777777779,20.0,18,1
2024-09-25,690925,8,2,1,3.090131,8.0,5,0
2024-09-25,694363,3,0,1,0.997131,3.0,2,0
2024-09-25,695549,4,0,0,1.342,4.0,4,0
2024-09-25,696131,17,3,5,6.347155000000001,17.0,9,0
2024-09-25,702352,6,1,1,3.6435520526315788,6.0,4,1
2024-09-26,502043,20,5,3,8.277727134615386,20.0,12,4
2024-09-26,519008,2,1,0,0.041,2.0,1,0
2024-09-26,542881,22,2,3,8.768019782608695,22.0,16,1
2024-09-26,543037,23,5,1,6.785416714285715,23.0,17,1
2024-09-26,543859,4,2,0,0.097,4.0,2,0
2024-09-26,571578,23,3,1,7.164808655677657,23.0,19,1
2024-09-26,571882,6,1,0,1.078,6.0,5,0
2024-09-26,571927,8,1,0,1.6199999999999999,7.0,7,0
2024-09-26,573204,3,0,1,0.8401310000000001,3.0,2,0
2024-09-26,592454,3,1,0,0.808,3.0,2,0
2024-09-26,595014,4,0,1,1.351131,4.0,3,0
2024-09-26,605280,3,1,0,0.523,3.0,2,0
2024-09-26,605397,25,6,1,6.635284846153846,25.0,18,2
2024-09-26,606303,1,0,0,0.272,1.0,1,0
2024-09-26,606930,1,0,0,0.206,1.0,1,0
2024-09-26,607455,4,0,0,0.545,4.0,4,0
2024-09-26,607536,23,4,1,12.212863632864213,23.0,18,5
2024-09-26,608334,6,1,0,2.375,6.0,5,0
2024-09-26,608379,22,2,1,7.07792796969697,21.0,19,1
2024-09-26,621053,3,1,0,0.8756363636363637,3.0,2,0
2024-09-26,621111,20,1,1,5.413131,20.0,18,0
2024-09-26,621199,5,0,0,1.4344090909090912,5.0,5,1
2024-09-26,621366,3,0,0,1.7480769230769233,2.0,3,1
2024-09-26,622786,9,1,1,2.341659649122807,8.0,7,1
2024-09-26,623167,23,7,1,4.761131,23.0,15,0
2024-09-26,623437,2,1,0,0.87,2.0,1,0
2024-09-26,623465,4,0,0,1.459,3.0,4,0
2024-09-26,640448,7,0,3,2.8553930000000003,6.0,4,0
2024-09-26,641302,19,6,0,1.847,19.0,13,0
2024-09-26,641329,8,4,1,2.774131,8.0,3,1
2024-09-26,642207,4,1,0,1.1972142857142856,4.0,3,0
2024-09-26,643377,4,2,0,1.575,4.0,2,1
2024-09-26,650644,23,5,1,5.632236263157894,23.0,17,0
2024-09-26,656222,5,0,0,0.8049999999999999,5.0,5,0
2024-09-26,656234,6,2,0,0.735,6.0,4,0
2024-09-26,656240,9,3,2,2.4356809999999998,8.0,4,1
2024-09-26,656605,22,6,2,7.754762,21.0,14,1
2024-09-26,656629,4,1,0,1.026,4.0,3,0
2024-09-26,656848,5,0,2,2.9696806046511623,5.0,3,1
2024-09-26,656945,7,0,1,2.9770000000000003,6.0,5,0
2024-09-26,657612,6,0,0,2.3190444444444442,6.0,6,1
2024-09-26,657649,3,0,1,0.806131,3.0,2,0
2024-09-26,660896,4,1,1,0.927131,4.0,2,0
2024-09-26,661395,7,4,1,1.171131,7.0,2,0
2024-09-26,663460,4,2,0,0.276,4.0,2,0
2024-09-26,663485,4,2,0,1.117,4.0,2,0
2024-09-26,663554,9,4,0,2.323,9.0,5,0
2024-09-26,663773,4,0,0,2.973888888888889,4.0,4,1
2024-09-26,664076,6,0,1,2.256131,6.0,5,0
2024-09-26,666974,4,1,2,2.259262,4.0,1,1
2024-09-26,667463,3,0,0,1.052,3.0,3,0
2024-09-26,668674,3,1,0,0.693,3.0,2,0
2024-09-26,669199,4,0,0,1.01,4.0,4,0
2024-09-26,669203,17,9,1,3.0233690952380945,17.0,7,1
2024-09-26,669372,22,2,2,7.099262,22.0,18,0
2024-09-26,669387,5,2,0,1.359,5.0,3,0
2024-09-26,669622,3,2,1,0.689131,3.0,0,0
2024-09-26,670046,13,4,0,4.348452380952381,13.0,9,1
2024-09-26,670059,3,0,0,0.6,3.0,3,0
2024-09-26,670167,3,0,0,0.397,3.0,3,0
2024-09-26,670280,4,1,0,0.42900000000000005,4.0,3,0
2024-09-26,670766,3,0,0,0.511,3.0,3,0
2024-09-26,671305,3,0,1,0.7411310000000001,3.0,2,0
2024-09-26,671345,3,2,0,0.6137142857142857,3.0,1,0
2024-09-26,672335,3,0,1,1.692881,3.0,2,1
2024-09-26,672582,3,1,0,0.267,3.0,2,0
2024-09-26,673513,3,1,1,0.046,2.0,1,0
2024-09-26,677958,21,2,0,6.021,21.0,19,0
2024-09-26,678020,4,1,0,0.782,4.0,3,0
2024-09-26,678368,21,2,1,7.204703000843348,21.0,18,2
2024-09-26,678606,3,0,0,0.586,3.0,3,0
2024-09-26,680767,3,1,1,1.0441310000000001,3.0,1,0
2024-09-26,681402,2,1,0,0.4,2.0,1,0
2024-09-26,681517,3,0,0,1.9660909090909091,3.0,3,1
2024-09-26,681676,7,2,1,3.139131,7.0,4,0
2024-09-26,681857,16,3,0,4.6890857142857145,16.0,13,1
2024-09-26,683004,15,1,3,5.432393,14.0,11,0
2024-09-26,683232,4,1,1,2.0688627073170736,4.0,2,1
2024-09-26,683409,5,1,0,2.7068275862068965,5.0,4,1
2024-09-26,683568,8,2,1,1.664131,8.0,5,0
2024-09-26,685107,3,1,0,0.521,3.0,2,0
2024-09-26,685801,6,2,1,2.043054076923077,6.0,3,0
2024-09-26,687330,3,2,0,0.506,3.0,1,0
2024-09-26,687424,8,0,2,0.835,6.0,6,0
2024-09-26,689225,6,0,0,0.652,6.0,6,0
2024-09-26,695243,4,2,0,0.661,4.0,2,0
2024-09-26,701581,21,5,1,6.213428369297369,21.0,15,2
2024-09-27,472610,3,0,0,0.22100000000000003,3.0,3,0
2024-09-27,489446,4,0,1,1.6451310000000001,4.0,3,0
2024-09-27,493603,5,3,1,0.766131,5.0,1,0
2024-09-27,502085,4,2,1,1.328131,4.0,1,0
2024-09-27,506433,23,4,3,9.874296999999999,23.0,14,2
2024-09-27,518397,3,1,0,0.28,3.0,2,0
2024-09-27,518489,5,2,1,1.1731310000000001,5.0,2,0
2024-09-27,518876,27,8,1,8.598599923076923,27.0,17,1
2024-09-27,523260,4,1,0,0.772,4.0,3,0
2024-09-27,543056,4,0,1,1.662131,3.0,2,0
2024-09-27,543339,5,2,1,0.8251310000000001,5.0,2,0
2024-09-27,543859,3,2,0,0.01,3.0,1,0
2024-09-27,547973,3,2,0,0.177,3.0,1,0
2024-09-27,552640,3,1,0,0.29400000000000004,3.0,2,0
2024-09-27,571945,24,4,1,10.65882288293825,24.0,18,3
2024-09-27,571948,6,1,0,2.4105556363636365,6.0,4,0
2024-09-27,573009,1,0,0,0.123,1.0,1,0
2024-09-27,573124,7,0,1,2.382131,7.0,6,0
2024-09-27,573204,5,0,0,1.048625,5.0,5,0
2024-09-27,592094,5,1,0,0.866,5.0,4,0
2024-09-27,592454,4,2,0,2.3911612903225796,4.0,2,1
2024-09-27,592791,25,2,2,9.202147281385281,25.0,21,1
2024-09-27,592866,19,5,2,3.643262,18.0,11,0
2024-09-27,593423,17,6,3,7.3378372417154,17.0,7,2
2024-09-27,594798,15,5,0,3.907638888888889,15.0,10,1
2024-09-27,600917,1,0,0,0.191,1.0,1,0
2024-09-27,601713,24,6,1,6.323892538461538,24.0,17,1
2024-09-27,605177,3,0,1,1.1751310000000001,3.0,2,0
2024-09-27,605280,3,0,0,0.877,3.0,3,0
2024-09-27,605452,11,3,1,1.688131,11.0,7,0
2024-09-27,607074,22,5,4,9.291143047619048,21.0,12,4
2024-09-27,607259,27,3,0,8.608864285714287,26.0,24,1
2024-09-27,608331,30,9,2,7.125262,30.0,19,0
2024-09-27,614179,5,0,0,1.4832631578947368,5.0,5,1
2024-09-27,615698,18,0,2,9.424262,18.0,16,2
2024-09-27,621114,4,2,0,0.730263157894737,4.0,2,0
2024-09-27,621237,3,0,0,1.191,3.0,3,0
2024-09-27,621244,18,4,3,5.917393000000001,17.0,11,1
2024-09-27,621363,6,0,0,1.89,6.0,6,0
2024-09-27,621381,4,1,0,1.545,4.0,3,1
2024-09-27,621383,7,0,1,3.715131,7.0,6,0
2024-09-27,622065,4,2,0,1.8074999999999999,4.0,2,1
2024-09-27,622554,6,0,1,2.8371310000000003,6.0,5,0
2024-09-27,623168,4,0,0,0.9550000000000001,4.0,4,0
2024-09-27,623352,6,1,1,2.094131,6.0,4,0
2024-09-27,624133,15,2,2,7.175262,14.0,11,1
2024-09-27,628452,1,0,0,0.3776666666666666,1.0,1,0
2024-09-27,640455,21,1,2,6.891650888888889,21.0,18,0
2024-09-27,640462,5,0,1,2.298131,5.0,4,0
2024-09-27,641154,27,8,3,8.92776243793911,27.0,16,2
2024-09-27,641312,9,1,0,2.611,9.0,8,0
2024-09-27,641656,2,1,0,0.484,2.0,1,0
2024-09-27,642016,4,2,0,0.901,4.0,2,0
2024-09-27,642048,3,2,0,0.009,3.0,1,0
2024-09-27,642100,4,2,1,0.7551310000000001,4.0,1,0
2024-09-27,642701,3,1,0,0.104,3.0,2,0
2024-09-27,650556,2,2,0,0.0,2.0,0,0
2024-09-27,655889,3,2,0,0.047,3.0,1,0
2024-09-27,656457,9,1,1,3.6111310000000003,9.0,7,0
2024-09-27,656464,4,1,0,1.0334666666666665,4.0,3,0
2024-09-27,656730,5,1,0,0.7040000000000001,5.0,4,0
2024-09-27,657044,3,0,0,2.0151052631578947,3.0,3,1
2024-09-27,657097,4,2,0,0.891,4.0,2,0
2024-09-27,657508,7,1,3,4.114268,7.0,3,1
2024-09-27,658648,7,2,1,1.6961309999999998,7.0,4,0
2024-09-27,660853,1,0,0,0.79,1.0,1,0
2024-09-27,663158,4,1,1,1.488131,4.0,2,0
2024-09-27,663432,4,1,0,1.8058461538461534,4.0,3,1
2024-09-27,663687,3,1,0,0.066,3.0,2,0
2024-09-27,663903,26,5,3,9.385251498023715,26.0,18,2
2024-09-27,663947,4,1,1,0.9651310000000001,4.0,2,0
2024-09-27,664123,5,0,1,1.848131,5.0,4,0
2024-09-27,664849,4,0,2,2.617062,4.0,2,1
2024-09-27,664854,4,2,0,0.32,4.0,2,0
2024-09-27,664875,3,2,0,0.219,3.0,1,0
2024-09-27,666214,5,0,1,1.9611310000000002,5.0,4,0
2024-09-27,666619,4,0,0,0.21999999999999997,4.0,4,0
2024-09-27,666808,3,0,0,0.479,3.0,3,0
2024-09-27,667463,4,0,2,1.7202620000000002,4.0,2,0
2024-09-27,668338,4,1,0,0.912192,4.0,2,0
2024-09-27,668943,3,2,0,0.16,3.0,1,0
2024-09-27,669093,4,1,0,0.946,4.0,3,0
2024-09-27,669212,5,0,1,3.150131,5.0,4,1
2024-09-27,669387,3,2,0,0.208,3.0,1,0
2024-09-27,669461,4,1,0,0.375,4.0,3,0
2024-09-27,669724,7,0,0,2.498,7.0,7,0
2024-09-27,669854,17,3,2,4.736016098360656,17.0,12,1
2024-09-27,670036,5,2,0,1.842,5.0,3,0
2024-09-27,670059,2,0,0,0.003,2.0,2,0
2024-09-27,670124,25,3,2,7.308752990990992,25.0,20,2
2024-09-27,670871,4,0,0,1.524666666666667,4.0,4,1
2024-09-27,670955,4,1,0,1.008,4.0,3,0
2024-09-27,670970,3,0,0,2.6181188811188805,3.0,3,2
2024-09-27,671345,1,0,0,0.147,1.0,1,0
2024-09-27,671737,22,7,1,5.242573,22.0,13,1
2024-09-27,672282,24,12,1,7.354401498084291,24.0,11,2
2024-09-27,672578,7,2,1,1.6284167142857144,7.0,4,0
2024-09-27,672710,7,0,0,3.554333333333333,7.0,7,1
2024-09-27,672860,5,0,1,0.52,4.0,4,0
2024-09-27,674285,3,1,0,0.606,3.0,2,0
2024-09-27,676130,4,2,0,0.222,4.0,2,0
2024-09-27,676282,20,7,2,5.885770771929824,20.0,11,1
2024-09-27,676395,3,1,0,0.444,3.0,2,0
2024-09-27,676428,14,1,0,2.3271818181818182,14.0,13,0
2024-09-27,676508,21,7,2,6.4484842222222225,21.0,12,1
2024-09-27,676664,25,4,3,9.28457504087346,25.0,18,2
2024-09-27,676684,5,2,0,0.9099999999999999,5.0,3,0
2024-09-27,676969,7,1,2,3.499887,7.0,4,0
2024-09-27,676979,16,6,1,3.718131,16.0,9,0
2024-09-27,677955,7,2,1,1.4124643333333333,7.0,4,0
2024-09-27,678495,3,0,0,0.45,3.0,3,0
2024-09-27,678821,5,2,0,1.182,5.0,3,0
2024-09-27,680704,7,1,0,2.672,7.0,6,0
2024-09-27,681293,11,4,3,4.309114411764706,11.0,3,1
2024-09-27,681810,8,1,1,4.660862707317073,8.0,6,1
2024-09-27,681870,5,3,1,0.776131,5.0,1,0
2024-09-27,681892,8,1,0,2.588,8.0,7,0
2024-09-27,683003,20,7,2,5.124131,19.0,11,0
2024-09-27,683068,3,0,2,2.0984540000000003,3.0,0,0
2024-09-27,683618,6,1,1,1.003131,6.0,4,0
2024-09-27,683627,11,2,0,6.507,11.0,9,2
2024-09-27,685107,4,1,1,2.2093230000000004,4.0,1,0
2024-09-27,686642,6,0,2,3.0990563731343284,5.0,4,1
2024-09-27,686747,4,0,1,1.337131,4.0,3,0
2024-09-27,687863,3,1,0,0.444,3.0,2,0
2024-09-27,687922,15,1,2,5.642478666666666,15.0,12,1
2024-09-27,692285,5,1,0,1.532,4.0,3,0
2024-09-27,693433,19,8,1,3.548242111111111,19.0,10,0
2024-09-27,694363,10,4,3,2.7993930000000002,10.0,3,0
2024-09-27,694738,22,4,2,7.498719142857143,22.0,16,1
2024-09-27,700187,4,2,0,1.1662,4.0,2,1
2024-09-27,700249,20,2,1,4.6781310000000005,20.0,17,0
2024-09-28,434378,25,5,0,5.8069411764705885,25.0,20,0
2024-09-28,458677,3,0,1,1.557,2.0,2,0
2024-09-28,472610,6,1,0,1.516,6.0,5,0
2024-09-28,489446,3,1,0,0.599,3.0,2,0
2024-09-28,500779,20,9,2,5.851625636363637,19.0,9,0
2024-09-28,518397,3,0,1,0.111,2.0,2,0
2024-09-28,519008,4,2,1,0.820131,4.0,1,0
2024-09-28,519151,4,0,0,0.9590000000000001,4.0,4,0
2024-09-28,519326,4,0,1,2.8288128181818184,4.0,3,1
2024-09-28,543294,26,2,2,6.786088923076924,26.0,22,1
2024-09-28,543518,3,0,0,2.0785,3.0,3,1
2024-09-28,547179,8,3,0,2.344739130434783,8.0,5,1
2024-09-28,547973,2,1,0,0.221,2.0,1,0
2024-09-28,548389,4,0,1,1.4981309999999999,4.0,3,0
2024-09-28,554430,23,11,2,5.234019575757576,23.0,10,1
2024-09-28,571656,4,0,0,0.9049999999999999,4.0,4,0
2024-09-28,571657,5,0,0,1.467,5.0,5,0
2024-09-28,571760,22,3,0,8.448692043588595,22.0,19,3
2024-09-28,571882,3,1,1,0.8261310000000001,3.0,1,0
2024-09-28,572955,3,1,1,1.7064643333333334,3.0,1,1
2024-09-28,573009,2,1,0,0.028,2.0,1,0
2024-09-28,592773,3,2,0,0.14,3.0,1,0
2024-09-28,593576,4,2,0,0.223,4.0,2,0
2024-09-28,593958,20,3,2,5.666262000000001,20.0,15,0
2024-09-28,593974,4,0,1,1.475131,4.0,3,0
2024-09-28,594902,23,4,4,7.780716,23.0,14,0
2024-09-28,606303,3,3,0,0.0,3.0,0,0
2024-09-28,607625,8,3,1,2.210131,8.0,4,0
2024-09-28,608371,5,0,0,0.784192,5.0,4,0
2024-09-28,608638,3,0,0,1.2141920000000002,3.0,2,0
2024-09-28,608723,4,2,0,1.4340000000000002,4.0,2,0
2024-09-28,621053,6,1,1,1.603,5.0,4,0
2024-09-28,621199,5,2,0,1.6276129032258064,5.0,3,1
2024-09-28,621366,5,0,0,2.015192,5.0,4,0
2024-09-28,622608,21,3,4,10.094155746031747,21.0,14,4
2024-09-28,623437,3,0,0,0.318,3.0,3,0
2024-09-28,625643,19,9,0,2.92475,19.0,10,0
2024-09-28,628452,3,2,0,0.171,3.0,1,0
2024-09-28,640448,4,1,0,1.8984468085106383,4.0,3,1
2024-09-28,640462,4,0,0,3.8404482758620695,4.0,4,2
2024-09-28,641540,3,1,0,0.10099999999999999,3.0,2,0
2024-09-28,641729,6,1,2,1.846262,6.0,3,0
2024-09-28,642048,1,1,0,0.0,1.0,0,0
2024-09-28,642207,4,0,1,1.373131,4.0,3,0
2024-09-28,642520,10,2,2,2.2052620000000003,10.0,6,0
2024-09-28,642701,5,2,1,1.714131,5.0,2,0
2024-09-28,643511,5,1,1,1.227131,5.0,3,0
2024-09-28,647336,9,5,0,0.222,9.0,4,0
2024-09-28,650671,5,1,3,2.787585,5.0,0,0
2024-09-28,650893,6,0,0,2.453431034482759,6.0,6,1
2024-09-28,650895,10,2,1,2.9671309999999997,10.0,7,0
2024-09-28,656222,4,1,1,1.203131,4.0,2,0
2024-09-28,656234,5,0,0,2.489959,5.0,3,1
2024-09-28,656271,6,2,0,2.427,6.0,4,0
2024-09-28,656288,20,4,2,6.552137,20.0,14,0
2024-09-28,656353,19,1,2,4.891262,19.0,16,0
2024-09-28,656464,3,1,0,0.7110000000000001,3.0,2,0
2024-09-28,656546,7,2,0,2.622,7.0,5,0
2024-09-28,656876,8,2,0,1.401,8.0,6,0
2024-09-28,657024,5,2,0,1.2,5.0,3,0
2024-09-28,657044,3,1,0,0.41700000000000004,3.0,2,0
2024-09-28,657585,7,2,2,2.8782620000000003,7.0,3,0
2024-09-28,657612,3,1,0,0.138,3.0,2,0
2024-09-28,657649,4,2,0,0.9259999999999999,4.0,2,0
2024-09-28,660825,3,1,0,0.116,3.0,2,0
2024-09-28,661403,3,0,0,0.434,3.0,3,0
2024-09-28,661563,24,5,1,9.18300592925863,24.0,18,3
2024-09-28,663423,3,2,0,0.007,3.0,1,0
2024-09-28,663546,6,1,0,3.072,6.0,5,0
2024-09-28,663574,4,0,0,1.085,4.0,4,0
2024-09-28,663738,9,3,2,2.797595333333333,9.0,4,0
2024-09-28,663767,3,1,0,0.867,3.0,2,0
2024-09-28,663773,3,1,0,0.646,3.0,2,0
2024-09-28,663893,4,1,0,1.9680769230769233,4.0,3,1
2024-09-28,663941,18,3,2,5.905693034482759,18.0,13,1
2024-09-28,664208,5,4,0,0.081,5.0,1,0
2024-09-28,664747,5,0,1,1.741131,5.0,4,0
2024-09-28,664849,2,1,0,0.275,2.0,1,0
2024-09-28,664875,11,1,2,6.080262,11.0,8,0
2024-09-28,666171,6,3,2,1.417262,6.0,1,0
2024-09-28,666808,4,2,0,0.956,4.0,2,0
2024-09-28,666974,3,1,0,0.264,3.0,2,0
2024-09-28,668338,2,0,0,0.89,2.0,2,0
2024-09-28,668943,4,0,0,0.996,4.0,4,0
2024-09-28,668964,14,5,0,3.3575384615384616,14.0,9,1
2024-09-28,669022,21,9,1,4.128131,21.0,11,0
2024-09-28,669062,4,0,2,2.8414842222222223,4.0,2,1
2024-09-28,669211,5,1,0,1.0368,5.0,4,0
2024-09-28,669358,23,7,1,5.280196818181818,23.0,13,1
2024-09-28,669461,5,2,0,0.71,5.0,3,0
2024-09-28,669467,21,4,0,4.699,21.0,17,0
2024-09-28,669674,6,3,1,2.682562818181818,6.0,2,1
2024-09-28,669711,6,2,0,1.307,6.0,4,0
2024-09-28,670167,3,0,0,0.37000000000000005,3.0,3,0
2024-09-28,670280,4,2,1,0.939131,4.0,1,0
2024-09-28,670766,15,4,1,3.600131,15.0,10,0
2024-09-28,671922,4,1,0,1.1331923076923078,4.0,3,1
2024-09-28,672335,3,1,0,0.41600000000000004,3.0,2,0
2024-09-28,673513,4,2,0,0.836,4.0,2,0
2024-09-28,674944,3,1,0,0.134,3.0,2,0
2024-09-28,675540,17,1,1,4.513773857142858,17.0,15,0
2024-09-28,676092,6,2,0,3.0987021276595743,6.0,4,1
2024-09-28,676105,9,2,2,4.363582512820514,9.0,5,1
2024-09-28,676106,24,3,4,8.753035752136753,24.0,17,2
2024-09-28,676254,5,0,1,2.4653734242424243,5.0,4,1
2024-09-28,676710,22,6,4,7.752882333333334,22.0,12,1
2024-09-28,676879,3,0,0,0.699,3.0,3,0
2024-09-28,678606,6,1,0,2.3433738181818184,6.0,4,1
2024-09-28,679885,4,1,0,0.592,4.0,3,0
2024-09-28,680732,19,6,3,4.921393,19.0,10,0
2024-09-28,680736,14,4,2,4.483262,14.0,8,0
2024-09-28,680744,14,2,1,3.6297976666666667,14.0,11,1
2024-09-28,681190,23,4,1,6.0502650000000004,23.0,15,0
2024-09-28,681347,15,2,3,5.405750142857143,14.0,9,1
2024-09-28,681402,4,0,0,1.7400444444444445,4.0,4,1
2024-09-28,681517,4,1,0,1.5666304347826088,4.0,3,1
2024-09-28,681869,3,2,0,0.013,3.0,1,0
2024-09-28,682120,4,2,0,1.208,4.0,2,0
2024-09-28,683155,23,2,2,8.447704,23.0,18,2
2024-09-28,683232,3,1,0,0.187,3.0,2,0
2024-09-28,683409,7,2,1,1.861131,7.0,4,0
2024-09-28,683769,3,1,0,0.009000000000000001,3.0,2,0
2024-09-28,684320,21,5,2,4.367262,21.0,14,0
2024-09-28,686973,10,3,0,3.1817586206896555,10.0,7,1
2024-09-28,687330,3,0,0,0.51,3.0,3,0
2024-09-28,687798,3,0,0,1.333,3.0,3,0
2024-09-28,687847,4,1,0,1.272,4.0,3,0
2024-09-28,687863,3,1,0,0.764,3.0,2,0
2024-09-28,688297,6,0,2,3.1773074545454545,6.0,4,0
2024-09-28,689147,5,1,1,2.016131,5.0,3,0
2024-09-28,689225,7,1,0,1.1813043478260872,7.0,6,1
2024-09-28,689958,5,0,1,2.3451310000000003,5.0,4,0
2024-09-28,690925,4,3,0,0.005,4.0,1,0
2024-09-28,694973,6,3,0,0.183,6.0,3,0
2024-09-28,695076,22,1,3,6.929393,21.0,17,0
2024-09-28,695243,5,3,0,2.3213157894736844,5.0,2,1
2024-09-28,695549,12,2,1,3.067131,12.0,8,0
2024-09-28,701542,6,3,1,2.6941310000000005,6.0,2,1
2024-09-28,702352,4,2,0,0.561,4.0,2,0
2024-09-28,805673,19,5,3,9.157802090909092,19.0,11,2
2024-09-28,808967,18,6,0,4.715418604651163,17.0,12,1
2024-09-29,450203,18,3,2,5.700752043290044,18.0,13,3
2024-09-29,455119,5,1,0,1.437192,5.0,3,0
2024-09-29,502085,5,1,1,1.043131,5.0,3,0
2024-09-29,518585,7,2,2,2.2252620000000003,7.0,3,0
2024-09-29,527048,20,3,2,9.929577789473685,19.0,15,2
2024-09-29,543135,27,5,1,6.903220701149426,26.0,19,2
2024-09-29,544150,22,4,1,6.081259275862069,22.0,17,2
2024-09-29,571656,4,0,1,1.215131,4.0,3,0
2024-09-29,571882,1,1,0,0.0,1.0,0,0
2024-09-29,571927,4,0,0,1.1,4.0,4,0
2024-09-29,571948,4,0,0,1.474,4.0,4,0
2024-09-29,573009,2,1,0,0.115,2.0,1,0
2024-09-29,573124,2,1,0,0.324,2.0,1,0
2024-09-29,592426,1,1,0,0.0,1.0,0,0
2024-09-29,592767,3,1,0,0.507,3.0,2,0
2024-09-29,596133,4,2,0,1.4896944444444447,4.0,2,1
2024-09-29,600917,3,2,0,0.055,3.0,1,0
2024-09-29,605280,3,1,0,0.502,3.0,2,0
2024-09-29,605400,23,7,0,6.7394392059553345,23.0,16,1
2024-09-29,607067,31,5,3,11.36005859770115,29.0,22,1
2024-09-29,607455,3,0,0,0.5545,3.0,3,0
2024-09-29,608334,3,0,1,0.089,2.0,2,0
2024-09-29,608718,5,0,0,1.019,5.0,5,0
2024-09-29,614179,6,2,1,2.318881,6.0,3,0
2024-09-29,621114,6,1,0,1.371,6.0,5,0
2024-09-29,621237,3,1,0,0.517,3.0,2,0
2024-09-29,621242,4,3,1,0.689131,4.0,0,0
2024-09-29,621381,4,2,0,0.7561920000000001,4.0,1,0
2024-09-29,621383,3,2,0,0.4233333333333333,3.0,1,0
2024-09-29,622253,6,2,1,1.785131,6.0,3,0
2024-09-29,622554,4,2,1,1.279131,4.0,1,0
2024-09-29,623465,3,2,0,0.289,3.0,1,0
2024-09-29,624522,1,0,1,0.689131,1.0,0,0
2024-09-29,628317,21,5,1,6.421803000000001,21.0,14,1
2024-09-29,641656,3,1,0,0.153,3.0,2,0
2024-09-29,641835,3,1,0,0.248,2.0,1,0
2024-09-29,641927,20,4,0,7.086350000000001,20.0,16,1
2024-09-29,642100,7,2,1,2.123131,7.0,4,0
2024-09-29,642232,14,3,0,4.509,14.0,11,0
2024-09-29,642397,1,0,0,0.098,1.0,1,0
2024-09-29,643410,6,3,2,2.041262,6.0,1,0
2024-09-29,656240,4,1,1,1.780131,4.0,2,0
2024-09-29,656550,5,2,0,0.099,5.0,3,0
2024-09-29,656629,3,2,0,0.236,3.0,1,0
2024-09-29,656849,24,8,3,4.753193,24.0,13,0
2024-09-29,657097,4,1,0,0.5720000000000001,4.0,3,0
2024-09-29,657376,20,5,4,6.906479428571429,20.0,9,0
2024-09-29,660825,1,0,0,0.616,1.0,1,0
2024-09-29,660853,4,0,0,2.4306603773584907,4.0,4,1
2024-09-29,660896,3,2,0,0.044,3.0,1,0
2024-09-29,663362,22,3,0,9.374538425612053,22.0,17,3
2024-09-29,663372,21,3,2,4.049262000000001,21.0,16,0
2024-09-29,663460,4,1,0,1.238,4.0,3,0
2024-09-29,663485,3,1,1,1.230131,3.0,1,0
2024-09-29,663554,9,0,2,3.494262,9.0,7,0
2024-09-29,663559,14,0,3,6.611845830188679,14.0,11,1
2024-09-29,663574,3,1,0,0.009000000000000001,3.0,2,0
2024-09-29,663623,21,3,3,7.131500142857143,21.0,15,1
2024-09-29,663878,5,1,0,1.4280000000000002,5.0,4,0
2024-09-29,663992,3,0,0,0.883,3.0,3,0
2024-09-29,664139,5,0,1,2.452845285714286,5.0,4,0
2024-09-29,664208,5,1,0,1.2605,5.0,4,0
2024-09-29,666205,7,1,0,2.041,7.0,6,0
2024-09-29,666214,5,1,1,0.994131,5.0,3,0
2024-09-29,666619,3,1,0,0.066,3.0,2,0
2024-09-29,668873,20,4,2,6.677507299647473,20.0,14,2
2024-09-29,668881,16,3,3,5.473005903225807,15.0,10,1
2024-09-29,669084,8,1,0,1.528,8.0,7,0
2024-09-29,669194,9,1,0,1.648,9.0,8,0
2024-09-29,669199,6,2,1,1.585131,6.0,3,0
2024-09-29,669276,3,3,0,0.0,3.0,0,0
2024-09-29,669302,18,7,0,2.42,18.0,11,0
2024-09-29,669387,4,1,2,1.7812620000000001,4.0,1,0
2024-09-29,669622,5,2,1,0.9891310000000001,5.0,2,0
2024-09-29,669713,6,1,0,0.9410000000000001,6.0,5,0
2024-09-29,670059,4,3,0,0.720192,4.0,0,0
2024-09-29,670167,2,2,0,0.0,2.0,0,0
2024-09-29,670174,5,2,0,0.536,5.0,3,0
2024-09-29,670871,5,0,0,2.1304310344827586,5.0,5,1
2024-09-29,671131,10,2,0,2.691192,10.0,7,0
2024-09-29,671212,8,2,2,2.850454,8.0,3,0
2024-09-29,672456,15,2,1,4.046131,15.0,12,0
2024-09-29,672578,6,1,1,1.535131,6.0,4,0
2024-09-29,672582,5,1,1,1.226131,5.0,3,0
2024-09-29,672710,5,0,1,2.3755447931034483,5.0,4,1
2024-09-29,672860,6,0,3,2.376393,6.0,3,0
2024-09-29,673513,1,0,0,0.007,1.0,1,0
2024-09-29,676755,7,3,1,2.1765838301886795,7.0,3,1
2024-09-29,676969,4,0,0,0.43300000000000005,4.0,4,0
2024-09-29,677960,24,6,2,5.442262,24.0,16,0
2024-09-29,677976,8,0,0,2.9182083333333333,8.0,8,1
2024-09-29,678020,5,3,0,0.35100000000000003,5.0,2,0
2024-09-29,678226,6,5,1,0.689131,6.0,0,0
2024-09-29,678495,8,1,2,2.529262,7.0,4,0
2024-09-29,678821,3,1,0,1.006,3.0,2,0
2024-09-29,679525,22,2,0,6.081137454545454,21.0,17,1
2024-09-29,680767,4,0,0,2.1824482758620687,4.0,4,2
2024-09-29,681402,3,0,0,0.089,3.0,3,0
2024-09-29,681799,6,0,1,2.086131,6.0,5,0
2024-09-29,681882,4,1,0,1.2320000000000002,4.0,3,0
2024-09-29,681911,5,2,1,1.427131,5.0,2,0
2024-09-29,682254,8,2,1,2.205131,8.0,5,0
2024-09-29,682990,20,2,1,5.117323,20.0,16,0
2024-09-29,683618,4,2,1,0.787131,4.0,1,0
2024-09-29,685126,6,2,0,1.1880000000000002,6.0,4,0
2024-09-29,685801,4,2,0,1.094714285714286,4.0,2,1
2024-09-29,686563,21,3,3,7.485698194805194,21.0,15,1
2024-09-29,686580,4,0,0,1.456,4.0,4,0
2024-09-29,686642,4,1,1,0.7041310000000001,4.0,2,0
2024-09-29,686747,6,0,0,2.14325,6.0,6,1
2024-09-29,686752,18,5,2,4.917338923076923,18.0,11,1
2024-09-29,686790,10,1,1,2.0311310000000002,10.0,8,0
2024-09-29,686799,29,1,1,8.402456333333333,28.0,25,1
2024-09-29,687765,21,5,0,8.552999749627421,21.0,15,2
2024-09-29,689017,17,4,0,5.3998,17.0,13,1
2024-09-29,692285,3,0,0,0.127,3.0,3,0
2024-09-29,694297,20,9,1,3.360131,20.0,10,0
2024-09-29,700187,6,2,0,1.844,6.0,4,0
2024-09-29,700241,29,6,0,9.292238095238094,29.0,23,1
2024-09-29,806185,20,11,3,5.178124707317074,20.0,6,1
2024-09-30,493603,6,2,0,0.7233846153846154,6.0,4,0
2024-09-30,572955,5,1,0,2.083105263157895,5.0,4,1
2024-09-30,607481,3,1,1,0.694131,3.0,1,0
2024-09-30,621242,9,2,1,3.446207923076923,9.0,6,1
2024-09-30,623211,8,1,2,3.562262,8.0,5,0
2024-09-30,625643,3,2,0,0.129,3.0,1,0
2024-09-30,628452,6,0,0,2.456090909090909,6.0,6,1
2024-09-30,641729,6,0,0,1.408,6.0,6,0
2024-09-30,656550,14,7,1,1.7781310000000001,14.0,6,0
2024-09-30,656731,26,8,2,9.847298808765622,26.0,16,3
2024-09-30,664192,25,5,4,7.292490666666667,25.0,16,1
2024-09-30,664208,3,0,0,1.7581920000000002,3.0,2,0
2024-09-30,669276,2,0,0,0.937,2.0,2,0
2024-09-30,678226,6,2,0,0.9521920000000001,6.0,3,0
2024-09-30,680885,25,5,0,6.508076923076923,25.0,20,1
